timestamp_utc,timestamp_local,date_local,hour_local,minute_local,quarter_hour_local,weekday_local,month_local,ida2_price_eur_mwh,da_price_eur_mwh,ida2_minus_da_spread_eur_mwh_rolling_mean_3d_same_local_qh,ida2_minus_da_spread_eur_mwh_rolling_median_28d_same_local_qh,ida2_minus_da_spread_eur_mwh_rolling_median_7d_same_local_qh,wind_onshore_da_forecast_error_mw_lag_2d_same_local_qh,wind_onshore_id_forecast_error_mw_lag_2d_same_local_qh,load_da_forecast_error_mw_lag_2d_same_local_qh,ida2_minus_da_spread_eur_mwh_lag_1d_same_local_qh,residual_load_forecast_da_mw,wind_onshore_da_forecast_error_mw_rolling_median_3d_same_local_qh,da_price_eur_mwh_regime_mean_shift_7d_vs_28d_z,renewable_total_forecast_id_mw_lag_14d_same_local_qh,wind_onshore_forecast_revision_id_minus_da_mw_lag_1d_same_local_qh,weekday_sin,da_price_eur_mwh_lag_1d_same_local_qh,wind_total_forecast_da_mw,renewable_total_forecast_da_mw,da_price_eur_mwh_rolling_std_3d_same_local_qh,ida2_minus_da_spread_eur_mwh
2026-05-16 12:00:00+00:00,2026-05-16 14:00:00+02:00,2026-05-16,14,0,0,5,5,-0.03,-2.06,,,,,,,,-3583.2377570000026,1843.900950000001,0.5120305799309766,52317.703981,860.0674100000006,-0.9749279121818236,43.11,17047.32007,52885.065950000004,32.96026749486784,2.0300000000000002
2026-05-16 12:15:00+00:00,2026-05-16 14:15:00+02:00,2026-05-16,14,15,1,5,5,0.0,-2.02,,,,,,,,-3722.1347749999986,1802.322180000001,0.4516868542131635,51689.22147,898.6879500000005,-0.9749279121818236,43.11,17154.45136,52669.97372,33.74824588034165,2.02
2026-05-16 12:30:00+00:00,2026-05-16 14:30:00+02:00,2026-05-16,14,30,2,5,5,-0.07,0.0,,,,,,,,-3906.8905749999976,1535.3032700000003,0.4205348442010795,50911.064229999996,929.2086300000001,-0.9749279121818236,43.11,17235.585590000002,52383.48001,32.626477488894324,-0.07
2026-05-16 12:45:00+00:00,2026-05-16 14:45:00+02:00,2026-05-16,14,45,3,5,5,-0.3,2.72,,,,,,,,-3557.685584000006,1622.76276,0.4390749485642846,49911.06154,958.6469500000003,-0.9749279121818236,43.11,17319.33508,51964.254100000006,30.784348295846087,-3.02
2026-05-16 13:00:00+00:00,2026-05-16 15:00:00+02:00,2026-05-16,15,0,0,5,5,-0.81,-1.6,,,,,,,,-3327.559177000003,1761.7380599999992,0.45225692325818667,48862.654259999996,992.7385899999999,-0.9749279121818236,53.75,17343.39729,51409.54002,39.94377590230364,0.79
2026-05-16 13:15:00+00:00,2026-05-16 15:15:00+02:00,2026-05-16,15,15,1,5,5,-0.82,-1.05,,,,,,,,-3001.6499209999965,1404.8506600000005,0.44267236442186336,47785.289639999995,1030.9944400000004,-0.9749279121818236,53.75,17388.49407,50740.95667,39.22798278440206,0.2300000000000001
2026-05-16 13:30:00+00:00,2026-05-16 15:30:00+02:00,2026-05-16,15,30,2,5,5,-0.82,6.4,,,,,,,,-2705.5590840000004,1424.7334699999983,0.41678093762705043,46639.286889999996,1066.5255200000001,-0.9749279121818236,53.75,17451.94554,49986.77741,34.51813484725515,-7.220000000000001
2026-05-16 13:45:00+00:00,2026-05-16 15:45:00+02:00,2026-05-16,15,45,3,5,5,3.32,14.08,,,,,,,,-2157.9589290000004,1284.3362700000002,0.4460039011193076,45523.092710000004,1103.2935199999993,-0.9749279121818236,53.75,17526.89137,49094.04888,19.706761107127143,-10.76
2026-05-16 14:00:00+00:00,2026-05-16 16:00:00+02:00,2026-05-16,16,0,0,5,5,0.0,-7.57,,,,,,,,-984.2676479999936,1203.6974149999987,0.3958984277144405,45393.55347,1126.3007699999998,-0.9749279121818236,81.59,17582.00071,48045.31464,42.718785485232445,7.57
2026-05-16 14:15:00+00:00,2026-05-16 16:15:00+02:00,2026-05-16,16,15,1,5,5,0.0,7.3,,,,,,,,128.74196500000107,1279.3609150000016,0.43670396862298094,43697.94119,1117.7895899999994,-0.9749279121818236,81.59,17632.98416,46832.95606,17.988488911891658,-7.3
2026-05-16 14:30:00+00:00,2026-05-16 16:30:00+02:00,2026-05-16,16,30,2,5,5,6.0,0.25,,,,,,,,1514.2054290000015,1339.2113600000016,0.5042386188064273,41800.826,1097.7474900000007,-0.9749279121818236,81.59,17662.12398,45392.84843,5.365159208568213,5.75
2026-05-16 14:45:00+00:00,2026-05-16 16:45:00+02:00,2026-05-16,16,45,3,5,5,21.93,19.04,,,,,,,,2958.3208689999956,1462.1653900000006,0.49189874271870887,39675.959350000005,1077.2263900000007,-0.9749279121818236,81.59,17671.55915,43797.15587,12.065514217522928,2.8900000000000006
2026-05-16 15:00:00+00:00,2026-05-16 17:00:00+02:00,2026-05-16,17,0,0,5,5,15.93,6.31,,,,,,,,5375.067753000003,1308.143885,0.556250861740892,37461.14787,1063.3362100000004,-0.9749279121818236,107.53,17654.75135,42123.755999999994,27.276869932846168,9.620000000000001
2026-05-16 15:15:00+00:00,2026-05-16 17:15:00+02:00,2026-05-16,17,15,1,5,5,41.15,54.0,,,,,,,,7219.188337,893.4773949999994,0.5399835837313084,34964.749299999996,1026.6797799999995,-0.9749279121818236,107.53,17294.43119,40022.20354,11.206801506236925,-12.850000000000001
2026-05-16 15:30:00+00:00,2026-05-16 17:30:00+02:00,2026-05-16,17,30,2,5,5,83.2,86.33,,,,,,,,9352.594523,761.3630400000002,0.5343695055961217,32144.465799999998,988.9660199999998,-0.9749279121818236,107.53,17062.05767,37988.32227,9.475779651308262,-3.1299999999999955
2026-05-16 15:45:00+00:00,2026-05-16 17:45:00+02:00,2026-05-16,17,45,3,5,5,99.94,106.5,,,,,,,,12046.404692999997,760.58869,0.3936076883690172,29231.53234,951.1927900000001,-0.9749279121818236,107.53,16629.64577,35617.30266,2.248288237729258,-6.560000000000002
2026-05-16 16:00:00+00:00,2026-05-16 18:00:00+02:00,2026-05-16,18,0,0,5,5,74.64,71.46,,,,,,,,15198.997877999995,961.9978250000004,0.44891559610475584,26198.86031,907.1687199999997,-0.9749279121818236,126.02,16107.12961,33011.808560000005,14.251404609137598,3.180000000000007
2026-05-16 16:15:00+00:00,2026-05-16 18:15:00+02:00,2026-05-16,18,15,1,5,5,92.3,97.4,,,,,,,,18405.441194000003,1075.848845,0.30598216983580157,23021.01072,897.7376599999998,-0.9749279121818236,126.02,15476.27851,30139.06896,9.796398998273588,-5.1000000000000085
2026-05-16 16:30:00+00:00,2026-05-16 18:30:00+02:00,2026-05-16,18,30,2,5,5,109.03,114.52,,,,,,,,21070.964100999998,973.3828600000002,0.2660580129002336,19937.15416,880.1758900000004,-0.9749279121818236,126.02,14963.53892,27355.48328,3.9370166369905566,-5.489999999999995
2026-05-16 16:45:00+00:00,2026-05-16 18:45:00+02:00,2026-05-16,18,45,3,5,5,116.1,143.9,,,,,,,,24367.352606999997,952.2718800000002,0.12586741962379894,17111.174030000002,855.1253100000004,-0.9749279121818236,126.02,14302.44611,24508.71354,14.799247728627623,-27.80000000000001
2026-05-16 17:00:00+00:00,2026-05-16 19:00:00+02:00,2026-05-16,19,0,0,5,5,107.88,97.4,,,,,,,,25613.807088,836.0654199999999,0.025979649119701655,14601.647270000001,822.9379399999998,-0.9749279121818236,140.34,13600.453529999999,21802.546499999997,14.043614207175505,10.47999999999999
2026-05-16 17:15:00+00:00,2026-05-16 19:15:00+02:00,2026-05-16,19,15,1,5,5,114.74,118.6,,,,,,,,30279.624720000003,372.9694849999996,-0.08985746151158329,12614.74358,720.9538899999998,-0.9749279121818236,140.34,12867.1571,19246.94009,8.889883763767951,-3.8599999999999994
2026-05-16 17:30:00+00:00,2026-05-16 19:30:00+02:00,2026-05-16,19,30,2,5,5,128.15,132.0,,,,,,,,32600.892458000002,224.4279800000004,-0.07134865407195397,10967.36622,620.6993300000004,-0.9749279121818236,140.34,12116.011149999998,16882.801059999998,6.313137096563047,-3.8499999999999943
2026-05-16 17:45:00+00:00,2026-05-16 19:45:00+02:00,2026-05-16,19,45,3,5,5,138.11,168.59,,,,,,,,34737.325233,134.44027500000038,-0.13746741344145255,9671.81715,529.4969000000001,-0.9749279121818236,140.34,11453.255439999999,14845.964189999999,16.364016418145678,-30.47999999999999
2026-05-16 18:00:00+00:00,2026-05-16 20:00:00+02:00,2026-05-16,20,0,0,5,5,129.5,132.86,,,,,,,,36289.1726,86.16230499999938,-0.20535781583228474,8707.38231,440.91265999999996,-0.9749279121818236,152.44,10837.0248,13111.27573,12.581674504347085,-3.3600000000000136
2026-05-16 18:15:00+00:00,2026-05-16 20:15:00+02:00,2026-05-16,20,15,1,5,5,134.82,141.54,,,,,,,,37353.143359,105.19785500000035,-0.1970712741023092,8192.44281,361.0879100000002,-0.9749279121818236,152.44,10328.55391,11712.4464,13.077516328925945,-6.719999999999999
2026-05-16 18:30:00+00:00,2026-05-16 20:30:00+02:00,2026-05-16,20,30,2,5,5,140.82,141.44,,,,,,,,38134.610285,-96.91837000000032,-0.14976348682586044,8115.740400000001,296.9626899999994,-0.9749279121818236,152.44,9967.1855,10686.301089999999,10.220065231363366,-0.6200000000000045
2026-05-16 18:45:00+00:00,2026-05-16 20:45:00+02:00,2026-05-16,20,45,3,5,5,145.68,148.6,,,,,,,,38550.112485,-59.5785249999999,-0.0871852186210271,8214.6494,237.7582199999997,-0.9749279121818236,152.44,9617.29502,9893.0288,10.22961061494218,-2.9199999999999875
2026-05-16 19:00:00+00:00,2026-05-16 21:00:00+02:00,2026-05-16,21,0,0,5,5,141.9,154.3,,,,,,,,38835.603858,207.64202500000056,0.003637471736114585,8353.56382,188.01317000000017,-0.9749279121818236,153.22,9258.77982,9324.29844,10.006083149764892,-12.400000000000006
2026-05-16 19:15:00+00:00,2026-05-16 21:15:00+02:00,2026-05-16,21,15,1,5,5,139.12,147.75,,,,,,,,38666.018684,412.7705299999998,0.24798034362178753,8535.91074,172.45405000000028,-0.9749279121818236,153.22,9040.521639999999,9063.593659999999,5.946295765712453,-8.629999999999995
2026-05-16 19:30:00+00:00,2026-05-16 21:30:00+02:00,2026-05-16,21,30,2,5,5,135.95,141.88,,,,,,,,38467.977617,288.2665750000001,0.26036603178776013,8740.73504,166.23869000000013,-0.9749279121818236,153.22,8902.22189,8902.22189,3.4363401073433666,-5.930000000000007
2026-05-16 19:45:00+00:00,2026-05-16 21:45:00+02:00,2026-05-16,21,45,3,5,5,131.08,134.5,,,,,,,,38210.033203,58.80267000000049,0.2923625454284264,8954.16652,169.49845000000005,-0.9749279121818236,153.22,8806.72095,8806.72095,5.058303404633523,-3.4199999999999875
2026-05-16 20:00:00+00:00,2026-05-16 22:00:00+02:00,2026-05-16,22,0,0,5,5,141.75,150.0,,,,,,,,37885.955224000005,51.31944499999963,0.45552683982137226,9059.29208,178.03691999999955,-0.9749279121818236,142.64,8737.89315,8737.89315,15.420612828287545,-8.25
2026-05-16 20:15:00+00:00,2026-05-16 22:15:00+02:00,2026-05-16,22,15,1,5,5,135.73,140.87,,,,,,,,37283.330104,172.44078000000036,0.49805761853556063,9201.071759999999,214.10525000000052,-0.9749279121818236,142.64,8777.452140000001,8777.452140000001,5.166684946199986,-5.140000000000015
2026-05-16 20:30:00+00:00,2026-05-16 22:30:00+02:00,2026-05-16,22,30,2,5,5,131.57,134.31,,,,,,,,36684.847182,163.94258500000024,0.44389211550421037,9346.86183,249.83136999999988,-0.9749279121818236,142.64,8810.686959999999,8810.686959999999,2.489705471193734,-2.740000000000009
2026-05-16 20:45:00+00:00,2026-05-16 22:45:00+02:00,2026-05-16,22,45,3,5,5,128.08,126.96,,,,,,,,36028.852627,74.75402000000031,0.5450883440279349,9466.27155,297.2226100000007,-0.9749279121818236,142.64,8882.86385,8882.86385,1.4893734700475114,1.1200000000000188
2026-05-16 21:00:00+00:00,2026-05-16 23:00:00+02:00,2026-05-16,23,0,0,5,5,133.13,138.09,,,,,,,,35368.641377,-3.153225000000475,0.3995898466653904,9580.53815,338.2959000000001,-0.9749279121818236,133.56,8938.84564,8938.84564,10.280549596204473,-4.960000000000008
2026-05-16 21:15:00+00:00,2026-05-16 23:15:00+02:00,2026-05-16,23,15,1,5,5,127.5,133.6,,,,,,,,34728.250435,86.47340000000031,0.44151208710638384,9610.75288,348.70885,-0.9749279121818236,133.56,9003.76068,9003.76068,6.972596360039101,-6.099999999999994
2026-05-16 21:30:00+00:00,2026-05-16 23:30:00+02:00,2026-05-16,23,30,2,5,5,125.84,131.45,,,,,,,,34255.648702,-2.0818600000002334,0.5108937729075484,9647.93197,362.57019000000037,-0.9749279121818236,133.56,9071.755159999999,9071.755159999999,5.638324219127609,-5.609999999999985
2026-05-16 21:45:00+00:00,2026-05-16 23:45:00+02:00,2026-05-16,23,45,3,5,5,118.11,119.38,,,,,,,,33801.126415,-84.40093999999954,0.5599263232347828,9676.4714,378.90401999999995,-0.9749279121818236,133.56,9139.80738,9139.80738,4.881710765707022,-1.269999999999996
2026-05-19 22:00:00+00:00,2026-05-20 00:00:00+02:00,2026-05-20,0,0,0,2,5,119.15,135.39,,,,,,,,31914.036739000003,,0.9560733872698771,12124.967830000001,606.69983,0.9749279121818236,159.63,14132.38383,14132.38383,10.916191338250327,-16.23999999999998
2026-05-19 22:15:00+00:00,2026-05-20 00:15:00+02:00,2026-05-20,0,15,1,2,5,116.66,123.98,,,,,,,,31195.807063,,1.006611686455794,12444.222880000001,605.3628600000002,0.9749279121818236,148.6,14368.10836,14368.10836,11.602139170570625,-7.320000000000007
2026-05-19 22:30:00+00:00,2026-05-20 00:30:00+02:00,2026-05-20,0,30,2,2,5,115.08,119.5,,,,,,,,30884.386721999996,,0.9198270134650194,12267.02983,607.9664099999995,0.9749279121818236,149.77,14606.95244,14606.95244,14.861165275081726,-4.420000000000002
2026-05-19 22:45:00+00:00,2026-05-20 00:45:00+02:00,2026-05-20,0,45,3,2,5,109.59,112.96,,,,,,,,30235.557404,,0.8111644019941643,12465.330590000001,603.6656800000001,0.9749279121818236,139.75,14828.56273,14828.56273,10.969726523480814,-3.3699999999999903
2026-05-19 23:00:00+00:00,2026-05-20 01:00:00+02:00,2026-05-20,1,0,0,2,5,117.08,120.11,,,,,,,,29583.691445,,0.9515975926136604,12637.88184,556.4851899999999,0.9749279121818236,144.14,15058.182649999999,15058.182649999999,10.789357410583772,-3.030000000000001
2026-05-19 23:15:00+00:00,2026-05-20 01:15:00+02:00,2026-05-20,1,15,1,2,5,110.19,118.61,,,,,,,,29067.579183,,1.0295629935127675,12802.30315,597.75286,0.9749279121818236,140.39,15268.55868,15268.55868,10.238087386486319,-8.420000000000002
2026-05-19 23:30:00+00:00,2026-05-20 01:30:00+02:00,2026-05-20,1,30,2,2,5,106.05,113.69,,,,,,,,28642.387897,,0.923197747053323,12963.199270000001,612.34717,0.9749279121818236,136.65,15448.65868,15448.65868,9.485337808076928,-7.640000000000001
2026-05-19 23:45:00+00:00,2026-05-20 01:45:00+02:00,2026-05-20,1,45,3,2,5,101.88,107.34,,,,,,,,28290.953767000003,,0.892103820641426,13255.85121,712.2064499999997,0.9749279121818236,135.66,15621.38438,15621.38438,11.209390408639758,-5.460000000000008
2026-05-20 00:00:00+00:00,2026-05-20 02:00:00+02:00,2026-05-20,2,0,0,2,5,105.97,111.62,,,,,,,,27868.172889,,0.7959859406564137,13613.48552,669.84854,0.9749279121818236,139.6,15781.12449,15781.12449,12.105193100484357,-5.650000000000006
2026-05-20 00:15:00+00:00,2026-05-20 02:15:00+02:00,2026-05-20,2,15,1,2,5,102.2,109.0,,,,,,,,27602.983201000003,,0.8801148691568985,14014.73638,599.5769700000001,0.9749279121818236,133.34,15917.39643,15917.39643,9.57408133103923,-6.799999999999997
2026-05-20 00:30:00+00:00,2026-05-20 02:30:00+02:00,2026-05-20,2,30,2,2,5,102.03,109.2,,,,,,,,27573.179292,,0.8084161082038199,14307.676019999999,564.9628500000003,0.9749279121818236,133.84,16040.56136,16040.56136,9.332638069342467,-7.170000000000002
2026-05-20 00:45:00+00:00,2026-05-20 02:45:00+02:00,2026-05-20,2,45,3,2,5,106.28,103.06,,,,,,,,27355.390418,,0.8664823995641256,14650.96658,580.3454399999996,0.9749279121818236,132.9,16160.29031,16160.29031,10.603887651862978,3.219999999999999
2026-05-20 01:00:00+00:00,2026-05-20 03:00:00+02:00,2026-05-20,3,0,0,2,5,106.09,103.1,,,,,,,,27018.906088999996,,0.9429276425708663,14731.12397,588.55919,0.9749279121818236,136.2,16278.04185,16278.04185,9.775643201343549,2.990000000000009
2026-05-20 01:15:00+00:00,2026-05-20 03:15:00+02:00,2026-05-20,3,15,1,2,5,105.93,102.9,,,,,,,,26614.343397999997,,0.860908603096789,14834.24509,654.5308299999997,0.9749279121818236,135.8,16360.78181,16360.78181,11.3526090980585,3.030000000000001
2026-05-20 01:30:00+00:00,2026-05-20 03:30:00+02:00,2026-05-20,3,30,2,2,5,106.55,109.73,,,,,,,,26872.58932,,0.8624063108249627,14878.56292,741.34562,0.9749279121818236,135.0,16438.247320000002,16438.247320000002,10.55062241449774,-3.180000000000007
2026-05-20 01:45:00+00:00,2026-05-20 03:45:00+02:00,2026-05-20,3,45,3,2,5,105.31,108.23,,,,,,,,27230.579784,,0.8683197156244961,15090.51795,835.7014300000001,0.9749279121818236,140.24,16515.35892,16515.35892,14.454338449060973,-2.9200000000000017
2026-05-20 02:00:00+00:00,2026-05-20 04:00:00+02:00,2026-05-20,4,0,0,2,5,106.63,99.24,,,,,,,,27558.531159,,0.8933512491705301,15299.06734,829.72264,0.9749279121818236,135.64,16584.026530000003,16584.026530000003,12.714693599663612,7.390000000000001
2026-05-20 02:15:00+00:00,2026-05-20 04:15:00+02:00,2026-05-20,4,15,1,2,5,107.16,109.13,,,,,,,,27971.859623999997,,0.8898381817773945,15658.595389999999,804.9281499999997,0.9749279121818236,136.8,16590.35104,16590.35104,10.597608220725323,-1.9699999999999989
2026-05-20 02:30:00+00:00,2026-05-20 04:30:00+02:00,2026-05-20,4,30,2,2,5,108.98,111.44,,,,,,,,28557.288955000004,,0.7888468412000599,16063.43276,703.8376499999999,0.9749279121818236,143.79,16572.734519999998,16572.734519999998,18.046014333733527,-2.4599999999999937
2026-05-20 02:45:00+00:00,2026-05-20 04:45:00+02:00,2026-05-20,4,45,3,2,5,106.87,112.38,,,,,,,,29521.394043999997,,0.666657493854111,16427.3047,654.7755299999999,0.9749279121818236,144.82,16570.01641,16570.01641,14.417546023278371,-5.509999999999991
2026-05-20 03:00:00+00:00,2026-05-20 05:00:00+02:00,2026-05-20,5,0,0,2,5,104.5,111.67,,,,,,,,30597.617454,,0.6380263607237198,16732.20183,621.5918800000004,0.9749279121818236,139.99,16559.03905,16572.7653,16.396231274289722,-7.170000000000002
2026-05-20 03:15:00+00:00,2026-05-20 05:15:00+02:00,2026-05-20,5,15,1,2,5,106.51,115.0,,,,,,,,31191.981134999998,,0.5146291134980348,16855.239609999997,648.9726599999999,0.9749279121818236,146.27,16451.52056,16518.97259,20.213784900408864,-8.489999999999995
2026-05-20 03:30:00+00:00,2026-05-20 05:30:00+02:00,2026-05-20,5,30,2,2,5,111.64,119.34,,,,,,,,30744.23766,,0.4826158514267291,16889.88476,700.64102,0.9749279121818236,148.73,16342.299630000001,16546.78622,22.857701838403095,-7.700000000000003
2026-05-20 03:45:00+00:00,2026-05-20 05:45:00+02:00,2026-05-20,5,45,3,2,5,121.55,130.19,,,,,,,,32869.220699,,0.3900028429263503,17032.695040000002,625.4954400000001,0.9749279121818236,153.92,16222.592690000001,16686.127470000003,28.308728924721123,-8.64
2026-05-20 04:00:00+00:00,2026-05-20 06:00:00+02:00,2026-05-20,6,0,0,2,5,125.91,127.9,,,,,,,,35169.42167699999,,0.27666370089813996,17903.28078,546.53127,0.9749279121818236,159.86,16231.031710000001,17133.74821,23.154723780113066,-1.990000000000009
2026-05-20 04:15:00+00:00,2026-05-20 06:15:00+02:00,2026-05-20,6,15,1,2,5,130.93,126.8,,,,,,,,35366.085704,,0.12099279019527512,18412.180229999998,439.7113199999999,0.9749279121818236,162.1,16028.244139999999,17541.755119999998,22.88067525227365,4.13000000000001
2026-05-20 04:30:00+00:00,2026-05-20 06:30:00+02:00,2026-05-20,6,30,2,2,5,132.19,139.3,,,,,,,,36418.090501,,0.155899305298974,19074.62201,329.08646999999996,0.9749279121818236,165.39,15815.74008,18095.26264,29.05448387656057,-7.110000000000014
2026-05-20 04:45:00+00:00,2026-05-20 06:45:00+02:00,2026-05-20,6,45,3,2,5,130.97,134.01,,,,,,,,37301.509284,,-0.00043462384710924064,19673.87078,271.03575,0.9749279121818236,155.13,15593.86637,18788.39161,33.15000201106058,-3.039999999999992
2026-05-20 05:00:00+00:00,2026-05-20 07:00:00+02:00,2026-05-20,7,0,0,2,5,136.43,138.23,,,,,,,,38282.69792,,0.22414418470429326,20575.71343,295.47220000000016,0.9749279121818236,174.6,15349.57453,19592.98983,32.13877149695346,-1.799999999999983
2026-05-20 05:15:00+00:00,2026-05-20 07:15:00+02:00,2026-05-20,7,15,1,2,5,132.82,131.6,,,,,,,,38479.741816,,0.10051651586418524,21464.95459,281.35715000000005,0.9749279121818236,161.1,15098.53089,20518.03089,36.39748113995473,1.2199999999999989
2026-05-20 05:30:00+00:00,2026-05-20 07:30:00+02:00,2026-05-20,7,30,2,2,5,130.01,132.67,,,,,,,,38495.31146,,0.08555925838819299,22455.95698,221.27849000000015,0.9749279121818236,150.56,14829.16966,21521.58684,39.33296454629421,-2.6599999999999966
2026-05-20 05:45:00+00:00,2026-05-20 07:45:00+02:00,2026-05-20,7,45,3,2,5,124.91,125.97,,,,,,,,38075.440074,,0.021300988726484532,23498.46889,152.3828699999999,0.9749279121818236,143.11,14550.02408,22584.10287,45.76668038358688,-1.0600000000000023
2026-05-20 06:00:00+00:00,2026-05-20 08:00:00+02:00,2026-05-20,8,0,0,2,5,137.81,137.22,,,,,,,,37609.014948000004,,0.29166224860113144,24607.989279999998,71.39902000000006,0.9749279121818236,167.22,14257.0627,23680.13222,47.04504366384792,0.5900000000000034
2026-05-20 06:15:00+00:00,2026-05-20 08:15:00+02:00,2026-05-20,8,15,1,2,5,130.0,126.3,,,,,,,,36850.89952199999,,0.26329823230480426,25742.44728,64.18589999999995,0.9749279121818236,140.35,14007.30106,24891.79347,50.153007221236386,3.700000000000003
2026-05-20 06:30:00+00:00,2026-05-20 08:30:00+02:00,2026-05-20,8,30,2,2,5,115.0,118.13,,,,,,,,35537.166902000004,,0.14861173541327116,27005.89299,82.58771000000002,0.9749279121818236,133.5,13781.653479999999,26206.066469999998,48.60154730047162,-3.1299999999999955
2026-05-20 06:45:00+00:00,2026-05-20 08:45:00+02:00,2026-05-20,8,45,3,2,5,108.08,109.2,,,,,,,,34182.829111,,0.044969874215830756,28256.05902,95.2642800000001,0.9749279121818236,108.46,13572.07477,27559.24304,45.314591836773886,-1.1200000000000045
2026-05-20 07:00:00+00:00,2026-05-20 09:00:00+02:00,2026-05-20,9,0,0,2,5,122.93,120.27,,,,,,,,32882.304449,,0.36735611589691636,29185.958250000003,82.26087000000007,0.9749279121818236,126.01,13510.74404,29034.74082,55.36877007844664,2.660000000000011
2026-05-20 07:15:00+00:00,2026-05-20 09:15:00+02:00,2026-05-20,9,15,1,2,5,111.15,106.3,,,,,,,,31498.532631000002,,0.3989341513678303,30351.509469999997,58.488200000000006,0.9749279121818236,116.24,13521.22501,30590.75496,48.071742566015054,4.8500000000000085
2026-05-20 07:30:00+00:00,2026-05-20 09:30:00+02:00,2026-05-20,9,30,2,2,5,108.98,107.96,,,,,,,,30469.043534999997,,0.24470511150925012,31451.024380000003,38.27315999999996,0.9749279121818236,111.2,13551.65162,32109.747040000002,48.48384370076141,1.0200000000000102
2026-05-20 07:45:00+00:00,2026-05-20 09:45:00+02:00,2026-05-20,9,45,3,2,5,95.85,97.34,,,,,,,,28950.886486000003,,0.11519139227712358,32458.08416,14.46367999999984,0.9749279121818236,91.44,13651.40612,33581.63032,55.87020881769835,-1.490000000000009
2026-05-20 08:00:00+00:00,2026-05-20 10:00:00+02:00,2026-05-20,10,0,0,2,5,94.72,95.27,,,,,,,,27119.382444999996,,0.46597738961420376,33320.87173,-11.5145500000001,0.9749279121818236,104.17,13794.797129999999,34972.74554,54.64025652697064,-0.5499999999999972
2026-05-20 08:15:00+00:00,2026-05-20 10:15:00+02:00,2026-05-20,10,15,1,2,5,84.03,92.0,,,,,,,,26725.884158999994,,0.3084149444805532,34096.78024,-23.930689999999913,0.9749279121818236,98.53,13899.24701,36224.22714,57.430537463384724,-7.969999999999999
2026-05-20 08:30:00+00:00,2026-05-20 10:30:00+02:00,2026-05-20,10,30,2,2,5,79.01,79.37,,,,,,,,25394.958309999995,,0.3567636986943511,34772.37757,-28.902779999999893,0.9749279121818236,90.03,13991.59499,37338.84047,48.35240049194271,-0.35999999999999943
2026-05-20 08:45:00+00:00,2026-05-20 10:45:00+02:00,2026-05-20,10,45,3,2,5,69.44,65.01,,,,,,,,24202.386250999996,,0.3515367816040781,35354.20022,-31.81806000000006,0.9749279121818236,84.33,14081.95273,38367.053830000004,49.19746572063695,4.429999999999993
2026-05-20 09:00:00+00:00,2026-05-20 11:00:00+02:00,2026-05-20,11,0,0,2,5,76.48,88.32,,,,,,,,23617.949590999997,,0.5039791325141298,35856.348640000004,-45.054259999999886,0.9749279121818236,91.9,14164.952879999999,39298.48296,48.00775388760979,-11.83999999999999
2026-05-20 09:15:00+00:00,2026-05-20 11:15:00+02:00,2026-05-20,11,15,1,2,5,66.71,73.8,,,,,,,,23138.980854,,0.46405746888188726,36304.551250000004,-28.294459999999845,0.9749279121818236,87.07,14185.188699999999,40129.37253,54.38317662660016,-7.090000000000003
2026-05-20 09:30:00+00:00,2026-05-20 11:30:00+02:00,2026-05-20,11,30,2,2,5,60.6,62.64,,,,,,,,21870.203752,,0.4398312218720684,36691.00561,-16.21855000000005,0.9749279121818236,84.0,14203.52391,40865.38022,51.26451826881155,-2.039999999999999
2026-05-20 09:45:00+00:00,2026-05-20 11:45:00+02:00,2026-05-20,11,45,3,2,5,48.93,58.73,,,,,,,,21201.370987000002,,0.417782406978041,37024.20876,-13.991489999999885,0.9749279121818236,73.3,14209.273019999999,41534.4355,46.412327385440555,-9.799999999999997
2026-05-20 10:00:00+00:00,2026-05-20 12:00:00+02:00,2026-05-20,12,0,0,2,5,57.66,64.06,,,,,,,,20253.858763000004,,0.5178398124794872,37282.46508,-17.14003999999977,0.9749279121818236,76.65,14261.04473,42151.222499999996,51.29407015760528,-6.400000000000006
2026-05-20 10:15:00+00:00,2026-05-20 12:15:00+02:00,2026-05-20,12,15,1,2,5,46.06,51.39,,,,,,,,19450.959252,,0.502333175872655,37523.99134,-15.016389999999774,0.9749279121818236,76.21,14344.298420000001,42744.64712,47.00969509934463,-5.329999999999998
2026-05-20 10:30:00+00:00,2026-05-20 12:30:00+02:00,2026-05-20,12,30,2,2,5,34.67,59.12,,,,,,,,18514.621311000003,,0.4527570127150789,37662.34926,-19.83288999999968,0.9749279121818236,63.34,14428.68095,43263.20084,42.137187060046585,-24.449999999999996
2026-05-20 10:45:00+00:00,2026-05-20 12:45:00+02:00,2026-05-20,12,45,3,2,5,31.1,53.8,,,,,,,,18599.955116999998,,0.4313216057145311,37653.63958,-24.89217000000008,0.9749279121818236,69.39,14515.685080000001,43689.18938,46.026953335336906,-22.699999999999996
2026-05-20 11:00:00+00:00,2026-05-20 13:00:00+02:00,2026-05-20,13,0,0,2,5,36.44,60.01,,,,,,,,16477.920364999998,,0.5453294821414439,37498.32541,-34.44441000000006,0.9749279121818236,74.12,14607.1528,44034.46605,48.76347437717447,-23.57
2026-05-20 11:15:00+00:00,2026-05-20 13:15:00+02:00,2026-05-20,13,15,1,2,5,29.44,48.98,,,,,,,,15906.446856000002,,0.4770537597689073,37272.187260000006,-44.27768999999989,0.9749279121818236,73.65,14703.365,44334.22994,49.991058200441906,-19.539999999999996
2026-05-20 11:30:00+00:00,2026-05-20 13:30:00+02:00,2026-05-20,13,30,2,2,5,22.01,42.01,,,,,,,,15185.245577000002,,0.5497597799528874,36865.61053,-57.0664399999996,0.9749279121818236,74.02,14841.29154,44585.11963,49.85947051463715,-19.999999999999996
2026-05-20 11:45:00+00:00,2026-05-20 13:45:00+02:00,2026-05-20,13,45,3,2,5,15.72,44.19,,,,,,,,13734.487007999996,,0.5273085691132562,36373.841929999995,-54.73048000000017,0.9749279121818236,73.16,14980.00149,44778.39085,47.640581790458214,-28.47
2026-05-20 12:00:00+00:00,2026-05-20 14:00:00+02:00,2026-05-20,14,0,0,2,5,17.67,27.36,,,,,,,,14250.244784000002,,0.5268489663841515,35578.95654,-133.7489099999998,0.9749279121818236,75.76,15137.82856,44945.13652,46.69314332247563,-9.689999999999998
2026-05-20 12:15:00+00:00,2026-05-20 14:15:00+02:00,2026-05-20,14,15,1,2,5,19.8,30.07,,,,,,,,13315.234324000005,,0.4880716753561199,35022.6056,-137.67324999999983,0.9749279121818236,78.01,15289.40124,45048.854569999996,49.650853299146135,-10.27
2026-05-20 12:30:00+00:00,2026-05-20 14:30:00+02:00,2026-05-20,14,30,2,2,5,21.42,35.95,,,,,,,,13649.314776,,0.4558216211833118,34358.98852,-124.82273000000032,0.9749279121818236,77.15,15402.77781,45032.73849,43.130528631121486,-14.530000000000001
2026-05-20 12:45:00+00:00,2026-05-20 14:45:00+02:00,2026-05-20,14,45,3,2,5,23.21,40.67,,,,,,,,13227.133343000001,,0.4822816185392396,33662.99608,-105.14462000000003,0.9749279121818236,81.0,15501.06703,44880.26913,48.12586241651462,-17.46
2026-05-20 13:00:00+00:00,2026-05-20 15:00:00+02:00,2026-05-20,15,0,0,2,5,24.99,31.59,,,,,,,,13734.937542,,0.464478788661494,32945.921109999996,-105.93525000000045,0.9749279121818236,77.67,15571.077249999998,44602.61821,46.806534088024975,-6.600000000000001
2026-05-20 13:15:00+00:00,2026-05-20 15:15:00+02:00,2026-05-20,15,15,1,2,5,29.14,38.78,,,,,,,,13414.119594999996,,0.48470959375850664,32250.60903,-117.51035000000047,0.9749279121818236,84.7,15624.48544,44184.31175,48.90297162068309,-9.64
2026-05-20 13:30:00+00:00,2026-05-20 15:30:00+02:00,2026-05-20,15,30,2,2,5,33.2,48.84,,,,,,,,14416.452889,,0.48723575972487765,31399.3931,-129.3467499999997,0.9749279121818236,95.14,15679.26075,43604.98893,48.608764984653625,-15.64
2026-05-20 13:45:00+00:00,2026-05-20 15:45:00+02:00,2026-05-20,15,45,3,2,5,45.11,63.43,,,,,,,,14679.695683000005,,0.5731448712205187,30470.23235,-155.34563999999955,0.9749279121818236,96.66,15718.69518,42865.4134,45.11814749447682,-18.32
2026-05-20 14:00:00+00:00,2026-05-20 16:00:00+02:00,2026-05-20,16,0,0,2,5,15.61,50.8,,,,,,,,16108.030939999997,,0.3943863289919081,29486.30363,-173.34166000000005,0.9749279121818236,89.48,15731.491719999998,41948.61869,48.78705395218391,-35.19
2026-05-20 14:15:00+00:00,2026-05-20 16:15:00+02:00,2026-05-20,16,15,1,2,5,46.88,55.4,,,,,,,,17109.376865,,0.5469452731880534,28489.233439999996,-182.36580999999933,0.9749279121818236,98.42,15624.41398,40801.45379,44.6693366117435,-8.519999999999996
2026-05-20 14:30:00+00:00,2026-05-20 16:30:00+02:00,2026-05-20,16,30,2,2,5,67.74,84.72,,,,,,,,18875.250677000004,,0.6398025984446088,27449.803079999998,-193.5010199999997,0.9749279121818236,108.4,15496.56725,39472.628339999996,26.26448806531891,-16.980000000000004
2026-05-20 14:45:00+00:00,2026-05-20 16:45:00+02:00,2026-05-20,16,45,3,2,5,79.99,97.31,,,,,,,,20310.163246000004,,0.7395152852035117,26360.96015,-208.19474999999966,0.9749279121818236,115.26,15360.56042,37992.93829,18.366545674130467,-17.320000000000007
2026-05-20 15:00:00+00:00,2026-05-20 17:00:00+02:00,2026-05-20,17,0,0,2,5,68.96,72.69,,,,,,,,21588.358637000005,,0.32340350798022277,25280.161739999996,-228.21806000000015,0.9749279121818236,105.06,15201.00894,36439.05712,21.564629218546905,-3.730000000000004
2026-05-20 15:15:00+00:00,2026-05-20 17:15:00+02:00,2026-05-20,17,15,1,2,5,89.61,86.05,,,,,,,,24284.786494,,0.63762868472324,24169.123440000003,-218.25953000000027,0.9749279121818236,119.99,14855.850989999999,34640.44867,12.245885023149121,3.5600000000000023
2026-05-20 15:30:00+00:00,2026-05-20 17:30:00+02:00,2026-05-20,17,30,2,2,5,96.75,106.91,,,,,,,,25636.043121000006,,0.713076877516251,23063.907030000002,-211.74924999999985,0.9749279121818236,136.59,14512.436829999999,32759.571399999997,13.192476391241343,-10.159999999999997
2026-05-20 15:45:00+00:00,2026-05-20 17:45:00+02:00,2026-05-20,17,45,3,2,5,111.88,117.0,,,,,,,,27389.723302000002,,0.7351052261315044,21944.53484,-209.86087999999927,0.9749279121818236,147.29,14129.33382,30773.29772,11.572151917422223,-5.1200000000000045
2026-05-20 16:00:00+00:00,2026-05-20 18:00:00+02:00,2026-05-20,18,0,0,2,5,98.73,105.75,,,,,,,,29204.901234999998,,0.29852131232133294,20869.37654,-221.31271000000015,0.9749279121818236,129.21,13722.9568,28686.1016,15.296994258132836,-7.019999999999996
2026-05-20 16:15:00+00:00,2026-05-20 18:15:00+02:00,2026-05-20,18,15,1,2,5,119.13,109.3,,,,,,,,31442.064036999996,,0.4035430466910326,19780.59904,-257.5974500000002,0.9749279121818236,138.66,13201.36116,26384.00114,12.784064298964035,9.829999999999998
2026-05-20 16:30:00+00:00,2026-05-20 18:30:00+02:00,2026-05-20,18,30,2,2,5,130.38,140.03,,,,,,,,34162.683168999996,,0.5627776929624473,18749.98042,-300.87000999999964,0.9749279121818236,150.0,12648.27009,24010.6623,8.893150922663924,-9.650000000000006
2026-05-20 16:45:00+00:00,2026-05-20 18:45:00+02:00,2026-05-20,18,45,3,2,5,143.5,149.18,,,,,,,,36848.740273999996,,0.6481208255329232,17795.64475,-342.4557599999998,0.9749279121818236,168.9,12098.5789,21660.57314,14.74546144863929,-5.680000000000007
2026-05-20 17:00:00+00:00,2026-05-20 19:00:00+02:00,2026-05-20,19,0,0,2,5,118.69,126.12,,,,,,,,38698.717507999994,,0.060381350236092174,16883.93579,-378.71370000000024,0.9749279121818236,148.84,11561.729070000001,19407.696150000003,11.036226710247641,-7.430000000000007
2026-05-20 17:15:00+00:00,2026-05-20 19:15:00+02:00,2026-05-20,19,15,1,2,5,133.98,142.93,,,,,,,,40943.327351,,0.1519340367579083,16058.97834,-397.5491400000001,0.9749279121818236,159.35,11066.24676,17279.19797,13.468507712437615,-8.950000000000017
2026-05-20 17:30:00+00:00,2026-05-20 19:30:00+02:00,2026-05-20,19,30,2,2,5,144.6,153.0,,,,,,,,42979.852367,,0.3263320812382723,15318.85687,-416.2372699999996,0.9749279121818236,172.48,10575.929390000001,15291.663510000002,24.017993948982422,-8.400000000000006
2026-05-20 17:45:00+00:00,2026-05-20 19:45:00+02:00,2026-05-20,19,45,3,2,5,163.25,166.54,,,,,,,,44364.278026,,0.6290718791832194,14720.281959999998,-433.5452500000001,0.9749279121818236,212.7,10163.01499,13561.23,26.789229178907352,-3.289999999999992
2026-05-20 18:00:00+00:00,2026-05-20 20:00:00+02:00,2026-05-20,20,0,0,2,5,150.42,164.25,,,,,,,,44920.313975000005,,0.30303812798797697,14269.718859999999,-454.92692999999963,0.9749279121818236,180.22,9777.57852,12084.4229,42.669689866851996,-13.830000000000013
2026-05-20 18:15:00+00:00,2026-05-20 20:15:00+02:00,2026-05-20,20,15,1,2,5,154.26,165.77,,,,,,,,45598.222343,,0.40147577050753724,13994.11106,-479.15644000000066,0.9749279121818236,189.35,9462.15262,10897.67554,39.29576440279508,-11.51000000000002
2026-05-20 18:30:00+00:00,2026-05-20 20:30:00+02:00,2026-05-20,20,30,2,2,5,163.33,172.76,,,,,,,,46345.197834000006,,0.49317728361732033,13863.63255,-506.13346999999976,0.9749279121818236,199.99,9266.18174,10049.75934,42.67907488844328,-9.429999999999978
2026-05-20 18:45:00+00:00,2026-05-20 20:45:00+02:00,2026-05-20,20,45,3,2,5,172.0,169.41,,,,,,,,46580.151889,,0.479604783422007,13806.59471,-529.7053899999992,0.9749279121818236,173.68,9080.02874,9400.64663,48.81093832328986,2.5900000000000034
2026-05-20 19:00:00+00:00,2026-05-20 21:00:00+02:00,2026-05-20,21,0,0,2,5,171.86,166.41,,,,,,,,46082.964255,,0.5685272404520857,13742.62961,-555.3537800000004,0.9749279121818236,191.4,8942.67733,9028.07162,21.70413094321067,5.450000000000017
2026-05-20 19:15:00+00:00,2026-05-20 21:15:00+02:00,2026-05-20,21,15,1,2,5,159.36,160.0,,,,,,,,45522.515689,,0.7836735840367577,13619.184420000001,-557.9080599999998,0.9749279121818236,172.2,8947.42007,8977.86831,14.031097604963353,-0.6399999999999864
2026-05-20 19:30:00+00:00,2026-05-20 21:30:00+02:00,2026-05-20,21,30,2,2,5,151.89,157.28,,,,,,,,44695.094346,,0.747727179163336,13535.5834,-543.6159600000001,0.9749279121818236,161.52,8980.794979999999,8996.34788,11.01168924370883,-5.390000000000015
2026-05-20 19:45:00+00:00,2026-05-20 21:45:00+02:00,2026-05-20,21,45,3,2,5,140.89,154.56,,,,,,,,43855.496570999996,,0.6337910852050572,13466.77259,-514.4777599999998,0.9749279121818236,153.68,9038.82876,9038.82876,9.519124609612208,-13.670000000000016
2026-05-20 20:00:00+00:00,2026-05-20 22:00:00+02:00,2026-05-20,22,0,0,2,5,156.97,160.2,,,,,,,,42984.23033399999,,1.0270437639950194,13264.01284,-488.15164000000004,0.9749279121818236,155.95,9147.81926,9147.81926,14.316460223577598,-3.2299999999999898
2026-05-20 20:15:00+00:00,2026-05-20 22:15:00+02:00,2026-05-20,22,15,1,2,5,149.9,150.93,,,,,,,,41764.193848999996,,0.987982954109373,13120.40999,-468.0145700000003,0.9749279121818236,150.89,9380.75278,9380.75278,5.646426598592369,-1.0300000000000011
2026-05-20 20:30:00+00:00,2026-05-20 22:30:00+02:00,2026-05-20,22,30,2,2,5,141.77,144.45,,,,,,,,40335.056983999995,,0.765280010126771,12972.64036,-451.38021000000026,0.9749279121818236,141.38,9615.03801,9615.03801,7.665418014256797,-2.6799999999999784
2026-05-20 20:45:00+00:00,2026-05-20 22:45:00+02:00,2026-05-20,22,45,3,2,5,132.01,136.56,,,,,,,,39344.34088,,0.7397116435250201,12820.96746,-434.2965400000003,0.9749279121818236,128.77,9885.26446,9885.26446,10.324797011722826,-4.550000000000011
2026-05-20 21:00:00+00:00,2026-05-20 23:00:00+02:00,2026-05-20,23,0,0,2,5,142.86,140.57,,,,,,,,37918.944632,,0.9668790911721783,12657.28925,-411.0217899999998,0.9749279121818236,140.89,10156.69255,10156.69255,8.922787307414376,2.2900000000000205
2026-05-20 21:15:00+00:00,2026-05-20 23:15:00+02:00,2026-05-20,23,15,1,2,5,137.35,137.9,,,,,,,,36877.34121,,0.954173880431568,12459.68475,-396.9073499999995,0.9749279121818236,133.99,10498.10224,10498.10224,7.4824884452546465,-0.5500000000000114
2026-05-20 21:30:00+00:00,2026-05-20 23:30:00+02:00,2026-05-20,23,30,2,2,5,132.9,134.52,,,,,,,,35965.816812,,0.9444842258787235,12262.34421,-378.74063000000024,0.9749279121818236,129.39,10845.99899,10845.99899,7.455045271492404,-1.6200000000000045
2026-05-20 21:45:00+00:00,2026-05-20 23:45:00+02:00,2026-05-20,23,45,3,2,5,129.49,131.09,,,,,,,,34939.693010999996,,0.8725502110094044,12058.47566,-361.86846999999943,0.9749279121818236,123.62,11198.7136,11198.7136,8.46844338313441,-1.5999999999999943
2026-05-29 22:00:00+00:00,2026-05-30 00:00:00+02:00,2026-05-30,0,0,0,5,5,127.94,145.0,,,,,,,,32274.889117,,0.8161692989205808,13522.08681,-102.73890999999958,-0.9749279121818236,162.14,12584.57116,12584.57116,13.173979403858654,-17.060000000000002
2026-05-29 22:15:00+00:00,2026-05-30 00:15:00+02:00,2026-05-30,0,15,1,5,5,127.03,136.85,,,,,,,,31518.068064,,0.7022494523232159,13745.01107,-75.32900999999993,-0.9749279121818236,151.73,12777.095379999999,12777.095379999999,10.372603337636807,-9.819999999999993
2026-05-29 22:30:00+00:00,2026-05-30 00:30:00+02:00,2026-05-30,0,30,2,5,5,122.51,132.43,,,,,,,,30869.848400999996,,0.7266342230750605,13944.79404,-71.81002000000035,-0.9749279121818236,137.0,12948.52818,12948.52818,3.198942533602955,-9.920000000000002
2026-05-29 22:45:00+00:00,2026-05-30 00:45:00+02:00,2026-05-30,0,45,3,5,5,116.92,127.78,,,,,,,,30215.987846000004,,0.8373203554657324,14317.77431,-83.39756999999963,-0.9749279121818236,126.9,13146.49194,13146.49194,2.190365266332942,-10.86
2026-05-29 23:00:00+00:00,2026-05-30 01:00:00+02:00,2026-05-30,1,0,0,5,5,123.29,135.0,,,,,,,,29515.005443000002,,0.7381879540498295,14395.077580000001,-106.60553000000027,-0.9749279121818236,144.99,13306.04086,13306.04086,6.046627159002671,-11.709999999999994
2026-05-29 23:15:00+00:00,2026-05-30 01:15:00+02:00,2026-05-30,1,15,1,5,5,120.51,129.2,,,,,,,,29004.334661,,0.8528731161841514,14657.74266,-88.43152999999984,-0.9749279121818236,137.01,13269.21997,13269.21997,5.101440972901496,-8.689999999999984
2026-05-29 23:30:00+00:00,2026-05-30 01:30:00+02:00,2026-05-30,1,30,2,5,5,117.89,126.54,,,,,,,,28656.808952000003,,0.85436837144156,14718.11601,-135.9130799999998,-0.9749279121818236,129.76,13243.00635,13243.00635,1.4653441006585088,-8.650000000000006
2026-05-29 23:45:00+00:00,2026-05-30 01:45:00+02:00,2026-05-30,1,45,3,5,5,115.51,124.67,,,,,,,,28328.499811,,0.7114169157872984,14965.11619,-169.53668000000016,-0.9749279121818236,141.3,13229.38429,13229.38429,11.695645913471585,-9.159999999999997
2026-05-30 00:00:00+00:00,2026-05-30 02:00:00+02:00,2026-05-30,2,0,0,5,5,119.08,125.01,,,,,,,,28090.202277999997,,0.6253455770468389,15401.99328,-169.86918000000014,-0.9749279121818236,127.91,13205.17319,13205.17319,4.443523376782722,-5.930000000000007
2026-05-30 00:15:00+00:00,2026-05-30 02:15:00+02:00,2026-05-30,2,15,1,5,5,116.78,123.65,,,,,,,,27838.718345,,0.8593376606751324,15780.7294,-184.3084399999998,-0.9749279121818236,137.94,13191.61917,13191.61917,10.702340865437815,-6.8700000000000045
2026-05-30 00:30:00+00:00,2026-05-30 02:30:00+02:00,2026-05-30,2,30,2,5,5,117.45,127.98,,,,,,,,27646.204443000002,,0.914181152590782,15742.088240000001,-214.03886999999986,-0.9749279121818236,137.02,13137.087220000001,13137.087220000001,6.554054724621664,-10.530000000000001
2026-05-30 00:45:00+00:00,2026-05-30 02:45:00+02:00,2026-05-30,2,45,3,5,5,114.7,126.77,,,,,,,,27565.750819999997,,0.7920853965051086,15780.916540000002,-224.8375799999999,-0.9749279121818236,126.56,13064.172320000001,13064.172320000001,4.1463879863481745,-12.069999999999993
2026-05-30 01:00:00+00:00,2026-05-30 03:00:00+02:00,2026-05-30,3,0,0,5,5,116.1,125.8,,,,,,,,27546.678053000003,,0.7035906712971235,15561.652280000002,-34.82215999999971,-0.9749279121818236,128.05,13016.80747,13016.80747,4.389502629377079,-9.700000000000003
2026-05-30 01:15:00+00:00,2026-05-30 03:15:00+02:00,2026-05-30,3,15,1,5,5,115.03,123.6,,,,,,,,27464.633167,,0.7592614088043247,15759.46043,-29.84569999999985,-0.9749279121818236,127.0,13019.488360000001,13019.488360000001,4.74337784003341,-8.569999999999993
2026-05-30 01:30:00+00:00,2026-05-30 03:30:00+02:00,2026-05-30,3,30,2,5,5,116.71,123.82,,,,,,,,27347.66003,,0.7179239626540737,16118.738700000002,6.292830000000322,-0.9749279121818236,126.0,13025.82799,13025.82799,4.522156565176512,-7.109999999999999
2026-05-30 01:45:00+00:00,2026-05-30 03:45:00+02:00,2026-05-30,3,45,3,5,5,115.99,122.0,,,,,,,,27279.198544,,0.6852164512705942,16346.91892,31.145880000000034,-0.9749279121818236,120.68,13020.52214,13020.52214,6.473916897829461,-6.010000000000005
2026-05-30 02:00:00+00:00,2026-05-30 04:00:00+02:00,2026-05-30,4,0,0,5,5,118.16,122.77,,,,,,,,27398.467193999997,,0.6921475034994504,16588.84815,43.39498999999978,-0.9749279121818236,124.3,13009.315770000001,13009.315770000001,5.184499332946938,-4.609999999999999
2026-05-30 02:15:00+00:00,2026-05-30 04:15:00+02:00,2026-05-30,4,15,1,5,5,119.9,123.34,,,,,,,,27461.498378999997,,0.6203689607135701,16657.31557,32.6878099999999,-0.9749279121818236,132.89,12885.335130000001,12885.335130000001,9.240477981864302,-3.4399999999999977
2026-05-30 02:30:00+00:00,2026-05-30 04:30:00+02:00,2026-05-30,4,30,2,5,5,122.32,124.7,,,,,,,,27689.746655999996,,0.7548343166569399,16970.02602,21.038520000000062,-0.9749279121818236,125.4,12760.022400000002,12760.022400000002,5.636497139179844,-2.3800000000000097
2026-05-30 02:45:00+00:00,2026-05-30 04:45:00+02:00,2026-05-30,4,45,3,5,5,121.49,128.07,,,,,,,,27836.735591999997,,0.4896904575233602,16961.14203,39.163309999999456,-0.9749279121818236,126.07,12631.28234,12636.52734,3.1453510667887485,-6.579999999999998
2026-05-30 03:00:00+00:00,2026-05-30 05:00:00+02:00,2026-05-30,5,0,0,5,5,124.81,128.62,,,,,,,,28161.461195,,0.4976151563817838,17027.485019999996,59.14762999999948,-0.9749279121818236,125.07,12484.90835,12572.35453,7.803719198775025,-3.8100000000000023
2026-05-30 03:15:00+00:00,2026-05-30 05:15:00+02:00,2026-05-30,5,15,1,5,5,122.98,125.87,,,,,,,,28038.227163999996,,0.3221548752540976,16852.124350000002,119.42065000000002,-0.9749279121818236,124.7,12213.43257,12501.1921,8.92261732901267,-2.8900000000000006
2026-05-30 03:30:00+00:00,2026-05-30 05:30:00+02:00,2026-05-30,5,30,2,5,5,122.13,124.0,,,,,,,,28108.840712000005,,0.40492825171126007,17255.64734,161.71026999999958,-0.9749279121818236,131.06,11953.92955,12579.23854,6.365330575338201,-1.8700000000000045
2026-05-30 03:45:00+00:00,2026-05-30 05:45:00+02:00,2026-05-30,5,45,3,5,5,120.51,120.55,,,,,,,,28926.40597,,0.2880389664365783,17748.57049,308.8327499999996,-0.9749279121818236,127.81,11687.433700000001,12872.585410000002,5.336378297435565,-0.03999999999999204
2026-05-30 04:00:00+00:00,2026-05-30 06:00:00+02:00,2026-05-30,6,0,0,5,5,122.36,123.2,,,,,,,,29466.160390999998,,0.07860661833183333,19050.854709999996,479.8865000000005,-0.9749279121818236,131.65,11477.66101,13491.62975,10.742021845692312,-0.8400000000000034
2026-05-30 04:15:00+00:00,2026-05-30 06:15:00+02:00,2026-05-30,6,15,1,5,5,116.59,121.7,,,,,,,,27742.783585,,0.0911448331834864,19802.18826,484.11474999999973,-0.9749279121818236,137.04,11068.46408,14160.41215,7.835268555278838,-5.109999999999999
2026-05-30 04:30:00+00:00,2026-05-30 06:30:00+02:00,2026-05-30,6,30,2,5,5,110.71,116.6,,,,,,,,27330.423918999997,,0.011297467935844433,20807.13179,662.23506,-0.9749279121818236,146.11,10675.63996,15062.289990000001,1.4043266476570158,-5.890000000000001
2026-05-30 04:45:00+00:00,2026-05-30 06:45:00+02:00,2026-05-30,6,45,3,5,5,107.94,112.47,,,,,,,,26924.508142000002,,-0.22588892305966768,21810.64439,789.4262399999998,-0.9749279121818236,126.36,10291.00641,16183.28844,10.285966167550182,-4.530000000000001
2026-05-30 05:00:00+00:00,2026-05-30 07:00:00+02:00,2026-05-30,7,0,0,5,5,118.38,120.53,,,,,,,,26318.488966999998,,0.062358353377515024,22382.63624,838.7892600000005,-0.9749279121818236,145.01,9908.56106,17515.68144,4.439834831769196,-2.1500000000000057
2026-05-30 05:15:00+00:00,2026-05-30 07:15:00+02:00,2026-05-30,7,15,1,5,5,113.6,110.13,,,,,,,,25541.535860999997,,-0.2535256769581897,23878.84472,819.2468200000003,-0.9749279121818236,135.64,9491.10063,19030.681770000003,7.662469140777114,3.469999999999999
2026-05-30 05:30:00+00:00,2026-05-30 07:30:00+02:00,2026-05-30,7,30,2,5,5,105.8,108.48,,,,,,,,24780.923011,,-0.3383505399214508,25472.851370000004,712.2949600000002,-0.9749279121818236,124.97,9071.0105,20749.34089,8.711033233781079,-2.680000000000007
2026-05-30 05:45:00+00:00,2026-05-30 07:45:00+02:00,2026-05-30,7,45,3,5,5,92.0,98.38,,,,,,,,23721.393691999998,,-0.5988508546495224,27172.43382,617.7655500000001,-0.9749279121818236,111.95,8669.8616,22670.35338,3.460409417010129,-6.3799999999999955
2026-05-30 06:00:00+00:00,2026-05-30 08:00:00+02:00,2026-05-30,8,0,0,5,5,109.7,110.0,,,,,,,,22039.483901000003,,-0.21050031929294827,29273.48177,498.57665,-0.9749279121818236,132.23,8323.88278,24785.59965,7.45225469237489,-0.29999999999999716
2026-05-30 06:15:00+00:00,2026-05-30 08:15:00+02:00,2026-05-30,8,15,1,5,5,95.08,92.49,,,,,,,,20459.475089,,-0.2618019408033159,31611.43254,404.28368000000046,-0.9749279121818236,111.68,8132.21797,27190.517959999997,8.192185300641965,2.5900000000000034
2026-05-30 06:30:00+00:00,2026-05-30 08:30:00+02:00,2026-05-30,8,30,2,5,5,79.23,72.29,,,,,,,,18782.542404,,-0.607430528960932,34020.66106,314.9652199999996,-0.9749279121818236,105.31,7885.88517,29614.664149999997,11.395017917200343,6.939999999999998
2026-05-30 06:45:00+00:00,2026-05-30 08:45:00+02:00,2026-05-30,8,45,3,5,5,56.12,56.27,,,,,,,,17084.2321,,-0.8265596697523456,36482.81097,257.53592000000026,-0.9749279121818236,91.51,7676.31345,32055.8511,14.3290485843761,-0.15000000000000568
2026-05-30 07:00:00+00:00,2026-05-30 09:00:00+02:00,2026-05-30,9,0,0,5,5,68.27,75.59,,,,,,,,14629.005074,,-0.36719762911834314,38759.82729,248.32114999999976,-0.9749279121818236,112.04,7473.03378,34386.18251,13.955286931239435,-7.320000000000007
2026-05-30 07:15:00+00:00,2026-05-30 09:15:00+02:00,2026-05-30,9,15,1,5,5,45.96,53.4,,,,,,,,12661.77723,,-0.6766481025282967,40811.63607,228.6527299999998,-0.9749279121818236,82.85,7483.74122,36851.54649,14.68388232041783,-7.439999999999998
2026-05-30 07:30:00+00:00,2026-05-30 09:30:00+02:00,2026-05-30,9,30,2,5,5,24.32,16.59,,,,,,,,11043.506733000002,,-0.8716856898760824,42612.9164,207.16627999999992,-0.9749279121818236,61.63,7441.63734,39130.04612,27.79698784640489,7.73
2026-05-30 07:45:00+00:00,2026-05-30 09:45:00+02:00,2026-05-30,9,45,3,5,5,16.79,15.4,,,,,,,,9602.265659999997,,-0.9937074308143936,44285.23579,189.16586000000007,-0.9749279121818236,37.52,7313.89301,41151.14678,12.957902350812168,1.3899999999999988
2026-05-30 08:00:00+00:00,2026-05-30 10:00:00+02:00,2026-05-30,10,0,0,5,5,18.0,19.8,,,,,,,,7593.768126999996,,-0.7759864152627604,45904.2859,181.40929000000006,-0.9749279121818236,19.53,7216.74575,43032.946370000005,20.316498221883794,-1.8000000000000007
2026-05-30 08:15:00+00:00,2026-05-30 10:15:00+02:00,2026-05-30,10,15,1,5,5,11.99,1.75,,,,,,,,6140.279399999999,,-0.8457202522293238,47177.52312,197.56586000000016,-0.9749279121818236,13.72,7256.76668,44848.01757,1.7581903574989304,10.24
2026-05-30 08:30:00+00:00,2026-05-30 10:30:00+02:00,2026-05-30,10,30,2,5,5,1.96,4.01,,,,,,,,4743.859285000006,,-0.9688666941457952,48401.81894,214.4681300000002,-0.9749279121818236,7.92,7294.73102,46484.95993,3.904885828451755,-2.05
2026-05-30 08:45:00+00:00,2026-05-30 10:45:00+02:00,2026-05-30,10,45,3,5,5,0.0,-5.7,,,,,,,,3461.6398199999967,,-1.0218833329823538,48920.239910000004,233.2484199999999,-0.9749279121818236,3.85,7314.50467,47921.29639,7.296275305473394,5.7
2026-05-30 09:00:00+00:00,2026-05-30 11:00:00+02:00,2026-05-30,11,0,0,5,5,0.0,2.21,,,,,,,,2118.0979730000035,,-0.9496020960322042,49753.31495,243.77840000000015,-0.9749279121818236,0.19,7332.53456,49104.36152,5.301216841438244,-2.21
2026-05-30 09:15:00+00:00,2026-05-30 11:15:00+02:00,2026-05-30,11,15,1,5,5,-1.11,2.59,,,,,,,,736.1174540000065,,-1.0472997569837867,50327.721,205.7225400000002,-0.9749279121818236,2.74,7503.21593,50306.32992,2.888113571172004,-3.7
2026-05-30 09:30:00+00:00,2026-05-30 11:30:00+02:00,2026-05-30,11,30,2,5,5,0.79,-0.01,,,,,,,,-490.8694400000022,,-0.908755107014005,50745.93266,167.4769699999997,-0.9749279121818236,1.24,7650.46622,51207.394830000005,1.4680940024280171,0.8
2026-05-30 09:45:00+00:00,2026-05-30 11:45:00+02:00,2026-05-30,11,45,3,5,5,0.0,-6.3,,,,,,,,-1303.4449440000026,,-1.0142699121265872,51110.14016,128.50115000000005,-0.9749279121818236,0.21,7827.2184799999995,52109.89753,3.040246700510417,6.3
2026-05-30 10:00:00+00:00,2026-05-30 12:00:00+02:00,2026-05-30,12,0,0,5,5,-0.01,4.3,,,,,,,,-2641.0361709999997,,-0.8096004335270958,51501.327359999996,100.76522000000023,-0.9749279121818236,1.04,7984.60602,52834.2382,5.2292542489350575,-4.31
2026-05-30 10:15:00+00:00,2026-05-30 12:15:00+02:00,2026-05-30,12,15,1,5,5,-0.56,-4.61,,,,,,,,-3642.511262999993,,-0.8230957343685114,51781.29709,113.12599999999975,-0.9749279121818236,0.21,8213.9068,53540.06548999999,0.4990323970960605,4.050000000000001
2026-05-30 10:30:00+00:00,2026-05-30 12:30:00+02:00,2026-05-30,12,30,2,5,5,-3.98,-7.33,,,,,,,,-4239.582629000004,,-0.8063599053814832,51966.20382,114.5276600000002,-0.9749279121818236,0.79,8453.63414,54134.723900000005,2.1312515884714376,3.35
2026-05-30 10:45:00+00:00,2026-05-30 12:45:00+02:00,2026-05-30,12,45,3,5,5,-4.54,-10.17,,,,,,,,-4799.9244460000045,,-0.7262595820760965,52096.3373,124.90763000000015,-0.9749279121818236,0.76,8700.886190000001,54582.068490000005,4.77217281050036,5.63
2026-05-30 11:00:00+00:00,2026-05-30 13:00:00+02:00,2026-05-30,13,0,0,5,5,-5.5,-6.6,,,,,,,,-5661.885934999998,,-0.6474276582300331,52056.84646,133.92358999999988,-0.9749279121818236,-0.09,8924.17093,54859.34359,0.6543189844009126,1.0999999999999996
2026-05-30 11:15:00+00:00,2026-05-30 13:15:00+02:00,2026-05-30,13,15,1,5,5,-6.1,-11.03,,,,,,,,-6024.6905740000075,,-0.7213048886226706,52145.68201,112.66372000000001,-0.9749279121818236,0.21,9040.77083,54897.072850000004,0.47479820269605316,4.93
2026-05-30 11:30:00+00:00,2026-05-30 13:30:00+02:00,2026-05-30,13,30,2,5,5,-6.61,-1.44,,,,,,,,-6005.402575,,-0.5866819457989858,52075.79616,86.33702999999969,-0.9749279121818236,-0.01,9202.95795,54736.20697,1.9105583825910115,-5.17
2026-05-30 11:45:00+00:00,2026-05-30 13:45:00+02:00,2026-05-30,13,45,3,5,5,-6.61,-2.03,,,,,,,,-6189.543409999998,,-0.5966998408056969,52084.04442,57.91350999999986,-0.9749279121818236,1.47,9425.37464,54556.70356,2.5326929015053583,-4.58
2026-05-30 12:00:00+00:00,2026-05-30 14:00:00+02:00,2026-05-30,14,0,0,5,5,-5.1,-1.08,,,,,,,,-6179.716971999995,,-0.8226427118349278,52135.87638,3.1826900000000933,-0.9749279121818236,-0.21,9675.16621,54244.88939,1.7202422309728131,-4.02
2026-05-30 12:15:00+00:00,2026-05-30 14:15:00+02:00,2026-05-30,14,15,1,5,5,-5.0,-9.42,,,,,,,,-5978.762709000002,,-0.758281709825093,51957.2378,34.28791999999976,-0.9749279121818236,-0.09,9860.997029999999,53800.95676,1.1750319144586303,4.42
2026-05-30 12:30:00+00:00,2026-05-30 14:30:00+02:00,2026-05-30,14,30,2,5,5,-5.5,-7.4,,,,,,,,-5826.165756999995,,-0.8327501022246409,51236.20195,74.33607000000029,-0.9749279121818236,0.0,10026.05824,53239.147919999996,0.8879189152183842,1.9000000000000004
2026-05-30 12:45:00+00:00,2026-05-30 14:45:00+02:00,2026-05-30,14,45,3,5,5,-5.11,-0.2,,,,,,,,-5301.752701999998,,-0.8050172485283608,50839.01088,121.42729000000008,-0.9749279121818236,0.3,10194.27947,52507.9344,1.1809459485073692,-4.91
2026-05-30 13:00:00+00:00,2026-05-30 15:00:00+02:00,2026-05-30,15,0,0,5,5,-3.26,-13.41,,,,,,,,-4520.039227999994,,-0.8699033761593561,50304.08271,157.98741999999993,-0.9749279121818236,0.84,10352.828109999999,51682.67064,1.4988995964224299,10.15
2026-05-30 13:15:00+00:00,2026-05-30 15:15:00+02:00,2026-05-30,15,15,1,5,5,-1.35,-5.92,,,,,,,,-3687.8515439999974,,-0.9394338383633384,49667.89235,149.76298999999972,-0.9749279121818236,5.36,10407.29391,50744.52981,3.8124314201521434,4.57
2026-05-30 13:30:00+00:00,2026-05-30 15:30:00+02:00,2026-05-30,15,30,2,5,5,-0.01,2.07,,,,,,,,-2935.672406999998,,-1.0103719848166535,48560.64938,149.1243800000002,-0.9749279121818236,9.1,10533.45903,49726.986939999995,5.726185466780094,-2.0799999999999996
2026-05-30 13:45:00+00:00,2026-05-30 15:45:00+02:00,2026-05-30,15,45,3,5,5,-5.0,5.0,,,,,,,,-1557.9963789999965,,-0.954382009916263,47657.50819,126.70241000000033,-0.9749279121818236,25.59,10663.521420000001,48521.60311,14.100057919505561,-10.0
2026-05-30 14:00:00+00:00,2026-05-30 16:00:00+02:00,2026-05-30,16,0,0,5,5,-4.59,-8.5,,,,,,,,-38.86178099999961,,-0.898614738776113,46666.87372,107.49895000000015,-0.9749279121818236,5.27,10770.55279,47133.8454,14.71583614115505,3.91
2026-05-30 14:15:00+00:00,2026-05-30 16:15:00+02:00,2026-05-30,16,15,1,5,5,0.02,0.47,,,,,,,,1168.0207440000013,,-1.058138404968619,45523.34934,-9.370049999999537,-0.9749279121818236,29.31,10873.4046,45593.7319,15.303336237562512,-0.44999999999999996
2026-05-30 14:30:00+00:00,2026-05-30 16:30:00+02:00,2026-05-30,16,30,2,5,5,1.51,9.43,,,,,,,,2902.614830000006,,-0.9064155279854776,44262.65546,-141.45708999999988,-0.9749279121818236,70.0,10987.53027,44005.539749999996,36.40448369821088,-7.92
2026-05-30 14:45:00+00:00,2026-05-30 16:45:00+02:00,2026-05-30,16,45,3,5,5,16.6,11.52,,,,,,,,3910.7013369999986,,-0.903187007772273,42827.09742,-302.6647300000004,-0.9749279121818236,101.86,11087.45545,42254.51268,47.81942596895013,5.080000000000002
2026-05-30 15:00:00+00:00,2026-05-30 17:00:00+02:00,2026-05-30,17,0,0,5,5,16.5,8.44,,,,,,,,6368.683318000003,,-1.141169956521939,41221.82766,-444.4506999999994,-0.9749279121818236,69.99,11150.128069999999,40334.13972,38.00613678517462,8.06
2026-05-30 15:15:00+00:00,2026-05-30 17:15:00+02:00,2026-05-30,17,15,1,5,5,45.71,49.08,,,,,,,,8312.225182999995,,-0.9760241806220348,39162.3239,-443.6927800000003,-0.9749279121818236,90.63,11147.46166,38203.096130000005,50.00495875410973,-3.3699999999999974
2026-05-30 15:30:00+00:00,2026-05-30 17:30:00+02:00,2026-05-30,17,30,2,5,5,80.63,87.48,,,,,,,,11181.962748000005,,-0.81156226172699,36982.45706,-396.1109999999999,-0.9749279121818236,108.75,10926.47618,35741.8624,39.65986048050969,-6.8500000000000085
2026-05-30 15:45:00+00:00,2026-05-30 17:45:00+02:00,2026-05-30,17,45,3,5,5,95.6,89.99,,,,,,,,14175.629229999999,,-0.5670612125210697,34600.266789999994,-332.8831399999999,-0.9749279121818236,134.62,10689.118429999999,33124.82238,49.04708486070547,5.609999999999999
2026-05-30 16:00:00+00:00,2026-05-30 18:00:00+02:00,2026-05-30,18,0,0,5,5,76.91,82.2,,,,,,,,17091.502667,,-1.0769584177158034,31675.93795,-254.05687000000034,-0.9749279121818236,112.36,10431.572259999999,30397.41136,42.0000646824899,-5.290000000000006
2026-05-30 16:15:00+00:00,2026-05-30 18:15:00+02:00,2026-05-30,18,15,1,5,5,93.26,102.19,,,,,,,,20269.576801,,-0.8381341997609818,28945.901980000002,-212.71504000000004,-0.9749279121818236,121.68,10054.367740000002,27473.63043,19.27185253160777,-8.929999999999993
2026-05-30 16:30:00+00:00,2026-05-30 18:30:00+02:00,2026-05-30,18,30,2,5,5,109.03,119.58,,,,,,,,23426.594305000002,,-0.10225754778798746,26155.14224,-163.10783999999967,-0.9749279121818236,145.24,9676.03616,24555.36334,14.406402511844382,-10.549999999999997
2026-05-30 16:45:00+00:00,2026-05-30 18:45:00+02:00,2026-05-30,18,45,3,5,5,124.42,147.61,,,,,,,,26699.267127,,0.16268213746093985,23499.686459999997,-119.00264999999945,-0.9749279121818236,161.28,9289.6896,21745.50247,11.686515020882165,-23.190000000000012
2026-05-30 17:00:00+00:00,2026-05-30 19:00:00+02:00,2026-05-30,19,0,0,5,5,117.09,125.3,,,,,,,,30003.288543000002,,-0.3982037162743639,20892.58505,-59.620240000000194,-0.9749279121818236,146.17,8897.95058,19120.2673,21.89737503294205,-8.209999999999994
2026-05-30 17:15:00+00:00,2026-05-30 19:15:00+02:00,2026-05-30,19,15,1,5,5,128.0,136.99,,,,,,,,32430.348079,,0.027064536256114193,18486.37199,218.58403999999973,-0.9749279121818236,184.45,8509.04321,16708.52812,27.706887230434255,-8.990000000000009
2026-05-30 17:30:00+00:00,2026-05-30 19:30:00+02:00,2026-05-30,19,30,2,5,5,139.97,157.9,,,,,,,,34439.409585,,0.39596031378940333,16163.552670000001,475.77125999999953,-0.9749279121818236,199.99,8118.12845,14542.49307,30.131274450312187,-17.930000000000007
2026-05-30 17:45:00+00:00,2026-05-30 19:45:00+02:00,2026-05-30,19,45,3,5,5,153.97,185.9,,,,,,,,36142.5168,,0.7083806942770977,14154.50145,728.66932,-0.9749279121818236,205.59,7721.33669,12600.680400000001,96.9024279021602,-31.930000000000007
2026-05-30 18:00:00+00:00,2026-05-30 20:00:00+02:00,2026-05-30,20,0,0,5,5,143.14,162.36,,,,,,,,37711.368172,,0.3117362053027329,12463.41303,1005.4285300000001,-0.9749279121818236,215.0,7326.73206,10883.413400000001,49.74449416769654,-19.220000000000027
2026-05-30 18:15:00+00:00,2026-05-30 20:15:00+02:00,2026-05-30,20,15,1,5,5,152.39,155.2,,,,,,,,38552.856872000004,,0.328352515703843,11080.19938,1080.3480600000003,-0.9749279121818236,221.03,7107.1237,9531.65192,68.16839027975715,-2.8100000000000023
2026-05-30 18:30:00+00:00,2026-05-30 20:30:00+02:00,2026-05-30,20,30,2,5,5,158.04,168.14,,,,,,,,39394.300902999996,,0.5464645566356929,10129.294750000001,1164.7657600000002,-0.9749279121818236,251.66,6868.08105,8345.0966,156.2826286998443,-10.099999999999994
2026-05-30 18:45:00+00:00,2026-05-30 20:45:00+02:00,2026-05-30,20,45,3,5,5,166.42,181.06,,,,,,,,39987.003708000004,,0.6881895700137396,9320.2741,1273.2546899999998,-0.9749279121818236,250.01,6577.22181,7314.47612,79.48676703284232,-14.640000000000015
2026-05-30 19:00:00+00:00,2026-05-30 21:00:00+02:00,2026-05-30,21,0,0,5,5,165.88,182.8,,,,,,,,40259.491658,,0.8600633881414592,8892.491240000001,1218.88674,-0.9749279121818236,205.04,6336.178269999999,6608.145809999999,64.6087086493254,-16.920000000000016
2026-05-30 19:15:00+00:00,2026-05-30 21:15:00+02:00,2026-05-30,21,15,1,5,5,162.53,170.38,,,,,,,,40148.10055,,0.6149115324936376,8654.94921,1032.5698599999996,-0.9749279121818236,200.75,6289.4958400000005,6372.181570000001,56.303771040076576,-7.849999999999994
2026-05-30 19:30:00+00:00,2026-05-30 21:30:00+02:00,2026-05-30,21,30,2,5,5,162.49,169.3,,,,,,,,39830.779407999995,,0.757507092522268,8510.428179999999,864.05818,-0.9749279121818236,192.35,6302.46262,6332.744290000001,110.27259602155651,-6.810000000000002
2026-05-30 19:45:00+00:00,2026-05-30 21:45:00+02:00,2026-05-30,21,45,3,5,5,152.23,156.1,,,,,,,,39512.629713,,0.9268390777893366,8433.31123,714.1280399999996,-0.9749279121818236,193.31,6335.8467,6345.66677,40.09412966175104,-3.8700000000000045
2026-05-30 20:00:00+00:00,2026-05-30 22:00:00+02:00,2026-05-30,22,0,0,5,5,165.12,169.04,,,,,,,,39015.626997,,0.7305698328291893,8371.67235,481.6155299999991,-0.9749279121818236,179.04,6339.2635,6339.2635,30.11095204959949,-3.9199999999999875
2026-05-30 20:15:00+00:00,2026-05-30 22:15:00+02:00,2026-05-30,22,15,1,5,5,157.57,157.79,,,,,,,,38592.621202,,0.7106093946428202,8429.41721,248.02574000000095,-0.9749279121818236,164.99,6353.39918,6353.39918,35.616416158844004,-0.21999999999999886
2026-05-30 20:30:00+00:00,2026-05-30 22:30:00+02:00,2026-05-30,22,30,2,5,5,157.29,152.49,,,,,,,,38100.080638,,0.7298548962423981,8483.672040000001,48.86767999999938,-0.9749279121818236,156.22,6364.74534,6364.74534,24.866365503090623,4.799999999999983
2026-05-30 20:45:00+00:00,2026-05-30 22:45:00+02:00,2026-05-30,22,45,3,5,5,144.0,147.18,,,,,,,,37454.071973000006,,0.679403376882303,8567.6789,-141.62291000000005,-0.9749279121818236,140.96,6372.42464,6372.42464,28.080085469954522,-3.180000000000007
2026-05-30 21:00:00+00:00,2026-05-30 23:00:00+02:00,2026-05-30,23,0,0,5,5,156.98,150.13,,,,,,,,36835.583312999996,,0.7676088936629355,8652.823,-293.8587000000007,-0.9749279121818236,145.67,6367.82063,6367.82063,14.681018357049444,6.849999999999994
2026-05-30 21:15:00+00:00,2026-05-30 23:15:00+02:00,2026-05-30,23,15,1,5,5,146.53,142.71,,,,,,,,36372.928015,,0.532861456682692,8728.01735,-260.7897300000004,-0.9749279121818236,142.53,6272.01933,6272.01933,14.981242716589742,3.819999999999993
2026-05-30 21:30:00+00:00,2026-05-30 23:30:00+02:00,2026-05-30,23,30,2,5,5,143.46,140.61,,,,,,,,35925.81365800001,,0.3899017847443547,8807.83019,-258.42321999999876,-0.9749279121818236,142.76,6170.745669999999,6170.745669999999,12.5750957584161,2.8499999999999943
2026-05-30 21:45:00+00:00,2026-05-30 23:45:00+02:00,2026-05-30,23,45,3,5,5,141.41,138.71,,,,,,,,35460.951043,,0.5062120679888311,8890.45269,-273.6843999999983,-0.9749279121818236,134.31,6067.932150000001,6067.932150000001,7.5767033288464445,2.6999999999999886
2026-05-30 22:00:00+00:00,2026-05-31 00:00:00+02:00,2026-05-31,0,0,0,6,5,139.98,146.56,,,,,,,-17.060000000000002,35814.696467999995,,0.676604693337344,10997.55169,4887.803830000001,-0.7818314824680299,145.0,5857.92313,5857.92313,12.171491280856172,-6.5800000000000125
2026-05-30 22:15:00+00:00,2026-05-31 00:15:00+02:00,2026-05-31,0,15,1,6,5,138.77,139.0,,,,,,,-9.819999999999993,35449.659487,,0.5726278032268264,11066.07773,4371.92418,-0.7818314824680299,136.85,5694.25591,5694.25591,10.068487142231813,-0.22999999999998977
2026-05-30 22:30:00+00:00,2026-05-31 00:30:00+02:00,2026-05-31,0,30,2,6,5,133.24,134.18,,,,,,,-9.920000000000002,35135.36613,,0.6587156442655224,10966.00891,3963.3538499999995,-0.7818314824680299,132.43,5530.10536,5530.10536,3.292147222299484,-0.9399999999999977
2026-05-30 22:45:00+00:00,2026-05-31 00:45:00+02:00,2026-05-31,0,45,3,6,5,128.0,129.2,,,,,,,-10.86,34859.235941,,0.655919877670747,11020.19485,4007.63487,-0.7818314824680299,127.78,5369.98409,5369.98409,2.186694613632985,-1.1999999999999886
2026-05-30 23:00:00+00:00,2026-05-31 01:00:00+02:00,2026-05-31,1,0,0,6,5,135.89,132.55,,,,,,,-11.709999999999994,34561.278567,,0.6566869632290733,11044.40295,4004.4450500000003,-0.7818314824680299,135.0,5233.09516,5233.09516,5.501820910691509,3.339999999999975
2026-05-30 23:15:00+00:00,2026-05-31 01:15:00+02:00,2026-05-31,1,15,1,6,5,132.25,133.05,,,,,,,-8.689999999999984,34283.922417,,0.7453041214766774,11089.361980000001,4179.598330000001,-0.7818314824680299,129.2,5093.20594,5093.20594,4.80687355079491,-0.8000000000000114
2026-05-30 23:30:00+00:00,2026-05-31 01:30:00+02:00,2026-05-31,1,30,2,6,5,129.24,128.09,,,,,,,-8.650000000000006,34095.416477000006,,0.7664670860338981,10978.81949,4218.7758300000005,-0.7818314824680299,126.54,4950.71992,4950.71992,1.6192899678566788,1.1500000000000057
2026-05-30 23:45:00+00:00,2026-05-31 01:45:00+02:00,2026-05-31,1,45,3,6,5,124.74,126.17,,,,,,,-9.159999999999997,33942.389797,,0.6938207684197661,10949.52796,4487.451229999999,-0.7818314824680299,124.67,4812.96943,4812.96943,9.313035666918942,-1.4300000000000068
2026-05-31 00:00:00+00:00,2026-05-31 02:00:00+02:00,2026-05-31,2,0,0,6,5,129.47,129.29,,,,,,,-5.930000000000007,33798.548181,,0.5924143406856338,10875.67998,4653.302659999999,-0.7818314824680299,125.01,4712.73655,4712.73655,1.7254854389458452,0.18000000000000682
2026-05-31 00:15:00+00:00,2026-05-31 02:15:00+02:00,2026-05-31,2,15,1,6,5,128.55,128.47,,,,,,,-6.8700000000000045,33495.199366,,0.7039566506153913,10670.60329,4478.08555,-0.7818314824680299,123.65,4610.83923,4610.83923,7.69857779073642,0.0800000000000125
2026-05-31 00:30:00+00:00,2026-05-31 02:30:00+02:00,2026-05-31,2,30,2,6,5,128.74,128.65,,,,,,,-10.530000000000001,33458.46918,,0.8484031182535962,10475.52057,4070.9633999999987,-0.7818314824680299,127.98,4499.6105800000005,4499.6105800000005,6.343902584372132,0.09000000000000341
2026-05-31 00:45:00+00:00,2026-05-31 02:45:00+02:00,2026-05-31,2,45,3,6,5,125.44,122.5,,,,,,,-12.069999999999993,33468.235573000005,,0.7115148998376911,10192.77734,3919.37925,-0.7818314824680299,126.77,4395.1377999999995,4395.1377999999995,1.680486040802675,2.9399999999999977
2026-05-31 01:00:00+00:00,2026-05-31 03:00:00+02:00,2026-05-31,3,0,0,6,5,126.45,127.79,,,,,,,-9.700000000000003,33558.765350999995,,0.5943367606867835,10508.85955,3593.571819999999,-0.7818314824680299,125.8,4293.44518,4293.44518,2.4424646022629504,-1.3400000000000034
2026-05-31 01:15:00+00:00,2026-05-31 03:15:00+02:00,2026-05-31,3,15,1,6,5,125.47,121.7,,,,,,,-8.569999999999993,33525.869867,,0.6790340549309305,10403.260020000002,3311.6369699999996,-0.7818314824680299,123.6,4181.75952,4181.75952,2.001574380328222,3.769999999999996
2026-05-31 01:30:00+00:00,2026-05-31 03:30:00+02:00,2026-05-31,3,30,2,6,5,125.97,127.79,,,,,,,-7.109999999999999,33546.701393999996,,0.599150765621883,10295.737700000001,2954.7914500000006,-0.7818314824680299,123.82,4075.13463,4075.13463,1.7448877709761388,-1.8200000000000074
2026-05-31 01:45:00+00:00,2026-05-31 03:45:00+02:00,2026-05-31,3,45,3,6,5,124.91,126.57,,,,,,,-6.010000000000005,33738.1853,,0.5432363686235039,10336.99177,2557.9675499999994,-0.7818314824680299,122.0,3966.6898499999998,3966.6898499999998,3.639908423756765,-1.6599999999999966
2026-05-31 02:00:00+00:00,2026-05-31 04:00:00+02:00,2026-05-31,4,0,0,6,5,129.98,127.8,,,,,,,-4.609999999999999,33929.880501,,0.5991322527561499,10154.68433,2271.4223199999997,-0.7818314824680299,122.77,3857.6292,3857.6292,1.6616959208371511,2.1799999999999926
2026-05-31 02:15:00+00:00,2026-05-31 04:15:00+02:00,2026-05-31,4,15,1,6,5,129.68,126.6,,,,,,,-3.4399999999999977,34068.978459,,0.6324323166269186,10152.95524,2398.996799999999,-0.7818314824680299,123.34,3804.1668,3804.1668,4.775838495313453,3.0800000000000125
2026-05-31 02:30:00+00:00,2026-05-31 04:30:00+02:00,2026-05-31,4,30,2,6,5,125.74,127.8,,,,,,,-2.3800000000000097,34197.416183,,0.6798440938130412,10181.45298,2231.4167199999993,-0.7818314824680299,124.7,3747.06546,3747.06546,3.3439049029513295,-2.0600000000000023
2026-05-31 02:45:00+00:00,2026-05-31 04:45:00+02:00,2026-05-31,4,45,3,6,5,126.6,124.6,,,,,,,-6.579999999999998,34348.453414,,0.5559269479020976,10294.04338,2199.6403600000012,-0.7818314824680299,128.07,3690.13176,3696.07601,1.2714296415255288,2.0
2026-05-31 03:00:00+00:00,2026-05-31 05:00:00+02:00,2026-05-31,5,0,0,6,5,130.22,128.99,,,,,,,-3.8100000000000023,34687.012478,,0.45713643627085304,10447.6666,2227.2868,-0.7818314824680299,128.62,3630.78428,3723.30926,3.058926827063442,1.2299999999999898
2026-05-31 03:15:00+00:00,2026-05-31 05:15:00+02:00,2026-05-31,5,15,1,6,5,127.98,126.7,,,,,,,-2.8900000000000006,34251.022302000005,,0.33281412257942594,10642.08191,2365.09887,-0.7818314824680299,125.87,3517.50067,3834.98119,5.530289323353456,1.2800000000000011
2026-05-31 03:30:00+00:00,2026-05-31 05:30:00+02:00,2026-05-31,5,30,2,6,5,124.37,122.76,,,,,,,-1.8700000000000045,33871.678224,,0.430462956388052,10925.83555,2520.29521,-0.7818314824680299,124.0,3412.4171100000003,4124.32257,7.235705448215508,1.6099999999999994
2026-05-31 03:45:00+00:00,2026-05-31 05:45:00+02:00,2026-05-31,5,45,3,6,5,119.19,117.0,,,,,,,-0.03999999999999204,34536.173312,,0.3356874199293413,11551.336990000002,2719.3685800000003,-0.7818314824680299,120.55,3311.88663,4636.17877,8.540546430606236,2.1899999999999977
2026-05-31 04:00:00+00:00,2026-05-31 06:00:00+02:00,2026-05-31,6,0,0,6,5,126.6,121.1,,,,,,,-0.8400000000000034,34858.052174,,0.047830823496882856,12339.766430000001,3426.8458200000005,-0.7818314824680299,123.2,3220.95954,5433.70792,13.229929453074593,5.5
2026-05-31 04:15:00+00:00,2026-05-31 06:15:00+02:00,2026-05-31,6,15,1,6,5,119.04,121.33,,,,,,,-5.109999999999999,33153.743394000005,,0.04749870271713834,13491.342270000001,3285.5276699999995,-0.7818314824680299,121.7,3174.56632,6523.73398,14.709569447585453,-2.289999999999992
2026-05-31 04:30:00+00:00,2026-05-31 06:30:00+02:00,2026-05-31,6,30,2,6,5,114.48,112.08,,,,,,,-5.890000000000001,32781.006564,,0.0035867028406066054,14757.144810000002,3023.1579600000005,-0.7818314824680299,116.6,3129.1397300000003,7814.597380000001,17.868100999639438,2.4000000000000057
2026-05-31 04:45:00+00:00,2026-05-31 06:45:00+02:00,2026-05-31,6,45,3,6,5,107.67,105.07,,,,,,,-4.530000000000001,31351.585327999997,,-0.27108385759200987,16419.97648,2900.3631400000004,-0.7818314824680299,112.47,3088.51256,9319.784360000001,16.952239773355085,2.6000000000000085
2026-05-31 05:00:00+00:00,2026-05-31 07:00:00+02:00,2026-05-31,7,0,0,6,5,112.72,111.87,,,,,,,-2.1500000000000057,30312.586719000003,,-0.015241469978996044,18559.73737,2748.603620000001,-0.7818314824680299,120.53,3033.9772500000004,11034.970010000001,16.795427949298,0.8499999999999943
2026-05-31 05:15:00+00:00,2026-05-31 07:15:00+02:00,2026-05-31,7,15,1,6,5,103.53,111.04,,,,,,,3.469999999999999,29159.678144999998,,-0.26277489453348185,20773.63254,2548.9762999999994,-0.7818314824680299,110.13,2889.20086,12860.716260000001,18.215796258559884,-7.510000000000005
2026-05-31 05:30:00+00:00,2026-05-31 07:30:00+02:00,2026-05-31,7,30,2,6,5,98.65,100.3,,,,,,,-2.680000000000007,27918.989298999997,,-0.3264249799410475,22907.87393,2396.6655199999996,-0.7818314824680299,108.48,2743.13095,14830.016090000001,16.04210397672452,-1.6499999999999915
2026-05-31 05:45:00+00:00,2026-05-31 07:45:00+02:00,2026-05-31,7,45,3,6,5,86.1,85.41,,,,,,,-6.3799999999999955,26387.373248000004,,-0.5493609068916511,25139.34938,2316.67828,-0.7818314824680299,98.38,2593.99259,16883.163529999998,9.970919382551067,0.6899999999999977
2026-05-31 06:00:00+00:00,2026-05-31 08:00:00+02:00,2026-05-31,8,0,0,6,5,103.6,106.1,,,,,,,-0.29999999999999716,24886.763002,,-0.21533798850448857,27433.218249999998,2266.224320000001,-0.7818314824680299,110.0,2513.74288,19023.721940000003,17.217532730718403,-2.5
2026-05-31 06:15:00+00:00,2026-05-31 08:15:00+02:00,2026-05-31,8,15,1,6,5,89.1,87.3,,,,,,,2.5900000000000034,23692.532001999996,,-0.2848707478832373,29779.14243,2275.7306100000005,-0.7818314824680299,92.49,2423.45631,21152.77082,17.779179771108144,1.7999999999999972
2026-05-31 06:30:00+00:00,2026-05-31 08:30:00+02:00,2026-05-31,8,30,2,6,5,76.64,75.22,,,,,,,6.939999999999998,22346.287491000003,,-0.6088686507744212,32112.542090000003,2243.8026899999995,-0.7818314824680299,72.29,2324.3948,23281.638619999998,24.75145719615945,1.4200000000000017
2026-05-31 06:45:00+00:00,2026-05-31 08:45:00+02:00,2026-05-31,8,45,3,6,5,64.95,60.1,,,,,,,-0.15000000000000568,20648.866806,,-0.8151734654700282,34281.37423,2253.7818100000004,-0.7818314824680299,56.27,2218.59338,25347.60126,22.150663646944643,4.850000000000001
2026-05-31 07:00:00+00:00,2026-05-31 09:00:00+02:00,2026-05-31,9,0,0,6,5,76.6,77.89,,,,,,,-7.320000000000007,18962.595578999997,,-0.32623798668449505,36567.02868,2260.8354400000007,-0.7818314824680299,75.59,2106.3143800000003,27236.23,22.22605902988394,-1.2900000000000063
2026-05-31 07:15:00+00:00,2026-05-31 09:15:00+02:00,2026-05-31,9,15,1,6,5,55.0,35.0,,,,,,,-7.439999999999998,17623.807144,,-0.5997272579419802,38685.75603,2217.7668300000005,-0.7818314824680299,53.4,2147.09367,29170.18095,20.356455978383796,20.0
2026-05-31 07:30:00+00:00,2026-05-31 09:30:00+02:00,2026-05-31,9,30,2,6,5,37.18,23.87,,,,,,,7.73,16405.060654,,-0.8487138957780892,40557.20559,2129.4753599999995,-0.7818314824680299,16.59,2179.71884,31036.28613,28.186644591600132,13.309999999999999
2026-05-31 07:45:00+00:00,2026-05-31 09:45:00+02:00,2026-05-31,9,45,3,6,5,18.1,23.9,,,,,,,1.3899999999999988,15308.079701000002,,-0.9295762549205178,42202.01784,2097.4192699999994,-0.7818314824680299,15.4,2212.42149,32719.34285,17.522389486972955,-5.799999999999997
2026-05-31 08:00:00+00:00,2026-05-31 10:00:00+02:00,2026-05-31,10,0,0,6,5,22.33,26.2,,,,,,,-1.8000000000000007,14374.565953000005,,-0.7440492560662858,43508.87629,2072.8802799999994,-0.7818314824680299,19.8,2251.52656,34201.7426,18.316934787234683,-3.870000000000001
2026-05-31 08:15:00+00:00,2026-05-31 10:15:00+02:00,2026-05-31,10,15,1,6,5,2.44,4.06,,,,,,,10.24,13376.319691999997,,-0.8431053985304169,44567.939190000005,2028.2688000000007,-0.7818314824680299,1.75,2274.87992,35465.12356,8.030904888815439,-1.6199999999999997
2026-05-31 08:30:00+00:00,2026-05-31 10:30:00+02:00,2026-05-31,10,30,2,6,5,0.0,7.3,,,,,,,-2.05,12462.609471000003,,-0.9723608883235972,45340.56262,1988.3033899999991,-0.7818314824680299,4.01,2280.3572599999998,36535.55269,1.96571445872562,-7.3
2026-05-31 08:45:00+00:00,2026-05-31 10:45:00+02:00,2026-05-31,10,45,3,6,5,-0.01,0.0,,,,,,,5.7,11788.886481999994,,-1.052097209596426,45960.5216,1956.5378499999997,-0.7818314824680299,-5.7,2271.9696200000003,37495.487940000006,9.902062074803474,-0.01
2026-05-31 09:00:00+00:00,2026-05-31 11:00:00+02:00,2026-05-31,11,0,0,6,5,0.93,9.2,,,,,,,-2.21,11133.115774000005,,-0.9551613106581021,46436.79254,1936.5575200000003,-0.7818314824680299,2.21,2259.1967799999998,38259.37138,1.031164390360378,-8.27
2026-05-31 09:15:00+00:00,2026-05-31 11:15:00+02:00,2026-05-31,11,15,1,6,5,-0.07,3.26,,,,,,,-3.7,10324.423010000006,,-1.0604400344886258,46814.25104,1841.2521900000002,-0.7818314824680299,2.59,2377.89917,38992.829509999996,1.1369696565818188,-3.3299999999999996
2026-05-31 09:30:00+00:00,2026-05-31 11:30:00+02:00,2026-05-31,11,30,2,6,5,-0.01,3.4,,,,,,,0.8,9904.204535000004,,-0.8983751428319499,47010.210680000004,1755.5468499999997,-0.7818314824680299,-0.01,2501.9871399999997,39536.965469999996,1.4441721965536005,-3.4099999999999997
2026-05-31 09:45:00+00:00,2026-05-31 11:45:00+02:00,2026-05-31,11,45,3,6,5,-0.01,-3.29,,,,,,,6.3,9380.754611000004,,-1.0631079687299758,47114.88533999999,1671.9035599999997,-0.7818314824680299,-6.3,2624.66633,39931.87106,3.4451463442497916,3.2800000000000002
2026-05-31 10:00:00+00:00,2026-05-31 12:00:00+02:00,2026-05-31,12,0,0,6,5,0.1,10.43,,,,,,,-4.31,8998.124474999997,,-0.7785603298861972,47124.493619999994,1597.0333200000005,-0.7818314824680299,4.3,2743.62118,40281.75974,2.23161376586664,-10.33
2026-05-31 10:15:00+00:00,2026-05-31 12:15:00+02:00,2026-05-31,12,15,1,6,5,0.0,1.8,,,,,,,4.050000000000001,8321.536367,,-0.8254112313891333,46814.64976,1502.5087899999999,-0.7818314824680299,-4.61,2888.06234,40569.59478,2.724230778284306,-1.8
2026-05-31 10:30:00+00:00,2026-05-31 12:30:00+02:00,2026-05-31,12,30,2,6,5,3.79,-0.01,,,,,,,3.35,8078.743283000003,,-0.8123952282125365,46409.25887,1411.8029099999994,-0.7818314824680299,-7.33,3030.5150900000003,40864.45974,5.208112261977675,3.8
2026-05-31 10:45:00+00:00,2026-05-31 12:45:00+02:00,2026-05-31,12,45,3,6,5,1.19,-4.11,,,,,,,5.63,7599.749920000002,,-0.8842768997347878,46048.63696,1313.8588599999994,-0.7818314824680299,-10.17,3180.23345,41205.38189,6.727324876943695,5.300000000000001
2026-05-31 11:00:00+00:00,2026-05-31 13:00:00+02:00,2026-05-31,13,0,0,6,5,0.07,-0.03,,,,,,,1.0999999999999996,7016.569447000002,,-0.7570263180546251,45566.36413,1249.4429099999998,-0.7818314824680299,-6.6,3327.5703,41304.21454,3.468462675789859,0.1
2026-05-31 11:15:00+00:00,2026-05-31 13:15:00+02:00,2026-05-31,13,15,1,6,5,0.0,0.73,,,,,,,4.93,7208.128565999999,,-0.7171655257688982,44991.22719,1195.7576600000011,-0.7818314824680299,-11.03,3476.27715,41264.63994,6.4268499282268055,-0.73
2026-05-31 11:30:00+00:00,2026-05-31 13:30:00+02:00,2026-05-31,13,30,2,6,5,0.0,3.03,,,,,,,-5.17,6923.855527,,-0.7703661583708238,44264.66465,1108.6904399999994,-0.7818314824680299,-1.44,3626.07008,41212.05842,1.6340848611038667,-3.03
2026-05-31 11:45:00+00:00,2026-05-31 13:45:00+02:00,2026-05-31,13,45,3,6,5,0.0,3.07,,,,,,,-4.58,6478.603029000005,,-0.8222645025302648,43506.044819999996,981.1184499999999,-0.7818314824680299,-2.03,3768.66413,41030.734449999996,1.7559422921427856,-3.07
2026-05-31 12:00:00+00:00,2026-05-31 14:00:00+02:00,2026-05-31,14,0,0,6,5,0.01,-4.11,,,,,,,-4.02,6588.362563000002,,-0.9181551679341134,42945.81464,727.4688399999995,-0.7818314824680299,-1.08,3955.95591,40750.67454,0.565184335613365,4.12
2026-05-31 12:15:00+00:00,2026-05-31 14:15:00+02:00,2026-05-31,14,15,1,6,5,0.05,1.7,,,,,,,4.42,6361.387581000003,,-0.8624763184083784,42112.48605,644.5726100000011,-0.7818314824680299,-9.42,4167.4785,40376.82511,5.750863703247513,-1.65
2026-05-31 12:30:00+00:00,2026-05-31 14:30:00+02:00,2026-05-31,14,30,2,6,5,1.03,3.67,,,,,,,1.9000000000000004,6732.539694000006,,-0.7799477336634844,41240.50065,578.8748099999993,-0.7818314824680299,-7.4,4387.12835,39957.746289999995,4.221389976457559,-2.6399999999999997
2026-05-31 12:45:00+00:00,2026-05-31 14:45:00+02:00,2026-05-31,14,45,3,6,5,2.91,6.9,,,,,,,-4.91,6984.063913000005,,-0.7191668451744162,40306.675579999996,514.8574100000005,-0.7818314824680299,-0.2,4612.98212,39356.03943,0.27537852729646595,-3.99
2026-05-31 13:00:00+00:00,2026-05-31 15:00:00+02:00,2026-05-31,15,0,0,6,5,0.05,-7.79,,,,,,,10.15,7786.670493999998,,-1.0078772068766435,39293.34525,492.53917,-0.7818314824680299,-13.41,4836.840380000001,38583.39119,7.598848597001938,7.84
2026-05-31 13:15:00+00:00,2026-05-31 15:15:00+02:00,2026-05-31,15,15,1,6,5,0.0,2.4,,,,,,,4.57,8314.763146999998,,-1.0341637355142954,38169.64765,536.8298299999988,-0.7818314824680299,-5.92,5107.51625,37799.70207,5.642484677282152,-2.4
2026-05-31 13:30:00+00:00,2026-05-31 15:30:00+02:00,2026-05-31,15,30,2,6,5,0.01,8.9,,,,,,,-2.0799999999999996,8650.085209999997,,-0.9662024530985277,36957.23181,549.4990899999993,-0.7818314824680299,2.07,5424.5345,36909.80819,4.456482170198456,-8.89
2026-05-31 13:45:00+00:00,2026-05-31 15:45:00+02:00,2026-05-31,15,45,3,6,5,5.21,12.75,,,,,,,-10.0,9525.346467999996,,-0.9411149896989764,35629.80645,591.9597799999992,-0.7818314824680299,5.0,5772.24297,35790.98653,12.082674924593896,-7.54
2026-05-31 14:00:00+00:00,2026-05-31 16:00:00+02:00,2026-05-31,16,0,0,6,5,8.01,-0.23,,,,,,,3.91,11221.612679999998,,-0.994912768723772,34125.1838,675.9735700000001,-0.7818314824680299,-8.5,6175.52075,34699.550350000005,17.58949402342184,8.24
2026-05-31 14:15:00+00:00,2026-05-31 16:15:00+02:00,2026-05-31,16,15,1,6,5,34.73,28.1,,,,,,,-0.44999999999999996,12558.321517000004,,-1.0571733416562004,32531.14813,730.2630399999998,-0.7818314824680299,0.47,6643.65263,33501.24288,14.693777594611062,6.6299999999999955
2026-05-31 14:30:00+00:00,2026-05-31 16:30:00+02:00,2026-05-31,16,30,2,6,5,63.06,63.88,,,,,,,-7.92,13908.229749999999,,-0.9185349195438388,30876.99094,824.5611000000008,-0.7818314824680299,9.43,6983.23406,32082.67647,31.145773924134566,-0.8200000000000003
2026-05-31 14:45:00+00:00,2026-05-31 16:45:00+02:00,2026-05-31,16,45,3,6,5,80.2,38.56,,,,,,,5.080000000000002,15636.252536,,-0.8559459310026379,29148.73431,902.7932999999994,-0.7818314824680299,11.52,7256.72472,30526.30631,45.21065176850734,41.64
2026-05-31 15:00:00+00:00,2026-05-31 17:00:00+02:00,2026-05-31,17,0,0,6,5,59.66,65.94,,,,,,,8.06,18092.738012999995,,-1.15686876346189,27318.18216,1020.8938000000016,-0.7818314824680299,8.44,7522.7299,28921.679750000003,34.29542292104594,-6.280000000000001
2026-05-31 15:15:00+00:00,2026-05-31 17:15:00+02:00,2026-05-31,17,15,1,6,5,78.38,89.41,,,,,,,-3.3699999999999974,19693.117042000005,,-0.9035992222972428,25450.41603,1053.09634,-0.7818314824680299,49.08,7718.84524,27171.798049999998,24.565008311285812,-11.030000000000001
2026-05-31 15:30:00+00:00,2026-05-31 17:30:00+02:00,2026-05-31,17,30,2,6,5,103.95,104.0,,,,,,,-6.8500000000000085,21315.068155,,-0.8028525281755031,23512.48978,1116.6585099999993,-0.7818314824680299,87.48,7905.05337,25423.06284,14.423075261543573,-0.04999999999999716
2026-05-31 15:45:00+00:00,2026-05-31 17:45:00+02:00,2026-05-31,17,45,3,6,5,120.0,120.57,,,,,,,5.609999999999999,23381.535672999995,,-0.5714157389138113,21500.402929999997,1145.3129499999995,-0.7818314824680299,89.99,8083.449570000001,23688.51117,28.503151287765327,-0.5699999999999932
2026-05-31 16:00:00+00:00,2026-05-31 18:00:00+02:00,2026-05-31,18,0,0,6,5,105.4,92.1,,,,,,,-5.290000000000006,25896.582455000003,,-1.0859554708385968,19434.4746,1167.45197,-0.7818314824680299,82.2,8256.84264,21992.08455,16.85745829002724,13.300000000000011
2026-05-31 16:15:00+00:00,2026-05-31 18:15:00+02:00,2026-05-31,18,15,1,6,5,116.67,119.02,,,,,,,-8.929999999999993,27768.076460000004,,-0.8906732450841857,17436.5523,1182.70838,-0.7818314824680299,102.19,8309.87974,20234.758159999998,14.857385368901157,-2.3499999999999943
2026-05-31 16:30:00+00:00,2026-05-31 18:30:00+02:00,2026-05-31,18,30,2,6,5,132.42,136.47,,,,,,,-10.549999999999997,29878.800915,,-0.28859062157664606,15443.43551,1187.133890000001,-0.7818314824680299,119.58,8352.908889999999,18554.18604,15.437439338610412,-4.050000000000011
2026-05-31 16:45:00+00:00,2026-05-31 18:45:00+02:00,2026-05-31,18,45,3,6,5,141.94,149.57,,,,,,,-23.190000000000012,31996.274447999996,,0.11140263941461283,13507.742310000001,1189.6303499999995,-0.7818314824680299,147.61,8389.73162,16982.186970000002,9.273307572452513,-7.6299999999999955
2026-05-31 17:00:00+00:00,2026-05-31 19:00:00+02:00,2026-05-31,19,0,0,6,5,131.03,131.77,,,,,,,-8.209999999999994,34044.484851,,-0.3694361175552509,11693.56785,1177.9100099999996,-0.7818314824680299,125.3,8416.44875,15497.69421,15.029614100168459,-0.7400000000000091
2026-05-31 17:15:00+00:00,2026-05-31 19:15:00+02:00,2026-05-31,19,15,1,6,5,137.4,137.98,,,,,,,-8.990000000000009,35819.508268000005,,0.0407981028609592,10061.4288,1115.2545799999998,-0.7818314824680299,136.99,8384.85472,14064.216499999999,24.818318503342176,-0.5799999999999841
2026-05-31 17:30:00+00:00,2026-05-31 19:30:00+02:00,2026-05-31,19,30,2,6,5,145.7,160.81,,,,,,,-17.930000000000007,37219.508458,,0.3859425968559947,8588.48691,1040.5039199999992,-0.7818314824680299,157.9,8357.815560000001,12763.79435,25.58296373240152,-15.110000000000014
2026-05-31 17:45:00+00:00,2026-05-31 19:45:00+02:00,2026-05-31,19,45,3,6,5,151.43,150.51,,,,,,,-31.930000000000007,38223.342942999996,,0.7174128937098451,7347.62624,974.9252999999999,-0.7818314824680299,185.9,8334.7468,11630.36908,84.3414277406623,0.9200000000000159
2026-05-31 18:00:00+00:00,2026-05-31 20:00:00+02:00,2026-05-31,20,0,0,6,5,144.69,144.07,,,,,,,-19.220000000000027,39117.16125800001,,0.34653064285311364,6361.540279999999,900.2262699999992,-0.7818314824680299,162.36,8318.008489999998,10670.337999999998,47.15098019483081,0.6200000000000045
2026-05-31 18:15:00+00:00,2026-05-31 20:15:00+02:00,2026-05-31,20,15,1,6,5,147.0,147.98,,,,,,,-2.8100000000000023,39860.74852,,0.2953255380058609,5669.58813,876.43973,-0.7818314824680299,155.2,8347.09073,9922.35129,71.63642858211148,-0.9799999999999898
2026-05-31 18:30:00+00:00,2026-05-31 20:30:00+02:00,2026-05-31,20,30,2,6,5,155.98,157.35,,,,,,,-10.099999999999994,39994.055227000004,,0.49641158581727285,5272.6819399999995,839.6196399999999,-0.7818314824680299,168.14,8384.49597,9340.97532,154.92731725984737,-1.3700000000000045
2026-05-31 18:45:00+00:00,2026-05-31 20:45:00+02:00,2026-05-31,20,45,3,6,5,158.45,179.6,,,,,,,-14.640000000000015,39849.344431000005,,0.6486459758217706,5050.30643,802.2944299999999,-0.7818314824680299,181.06,8414.048799999999,8909.423319999998,79.74861524398622,-21.150000000000006
2026-05-31 19:00:00+00:00,2026-05-31 21:00:00+02:00,2026-05-31,21,0,0,6,5,155.74,158.51,,,,,,,-16.920000000000016,39992.702862,,0.8930969711711054,4977.64781,729.8302700000004,-0.7818314824680299,182.8,8449.48469,8650.76786,63.4797230092682,-2.769999999999982
2026-05-31 19:15:00+00:00,2026-05-31 21:15:00+02:00,2026-05-31,21,15,1,6,5,154.65,178.84,,,,,,,-7.849999999999994,39715.977457,,0.5947007630377897,5072.46485,618.3397699999996,-0.7818314824680299,170.38,8475.08201,8538.42243,54.3648933902511,-24.189999999999998
2026-05-31 19:30:00+00:00,2026-05-31 21:30:00+02:00,2026-05-31,21,30,2,6,5,150.42,167.4,,,,,,,-6.810000000000002,39314.652996,,0.6857411844202119,5248.050160000001,507.36664999999994,-0.7818314824680299,169.3,8496.53812,8518.74276,105.12539670951736,-16.980000000000018
2026-05-31 19:45:00+00:00,2026-05-31 21:45:00+02:00,2026-05-31,21,45,3,6,5,147.35,154.8,,,,,,,-3.8700000000000045,38960.557126,,0.7434517108447948,5485.563749999999,396.7367899999999,-0.7818314824680299,156.1,8525.21733,8535.03455,44.18476471967806,-7.450000000000017
2026-05-31 20:00:00+00:00,2026-05-31 22:00:00+02:00,2026-05-31,22,0,0,6,5,159.14,162.16,,,,,,,-3.9199999999999875,38646.804043,,0.6866364427031697,5729.39051,304.1858600000005,-0.7818314824680299,169.04,8478.6394,8478.6394,24.267103246987404,-3.0200000000000102
2026-05-31 20:15:00+00:00,2026-05-31 22:15:00+02:00,2026-05-31,22,15,1,6,5,153.45,154.86,,,,,,,-0.21999999999999886,38271.881986,,0.65876140750846,5991.397870000001,235.4060899999995,-0.7818314824680299,157.79,8487.63622,8487.63622,32.41092459855624,-1.410000000000025
2026-05-31 20:30:00+00:00,2026-05-31 22:30:00+02:00,2026-05-31,22,30,2,6,5,150.0,150.94,,,,,,,4.799999999999983,37852.999954,,0.7792867718400301,6254.75683,172.31692999999996,-0.7818314824680299,152.49,8496.92226,8496.92226,20.663983965665864,-0.9399999999999977
2026-05-31 20:45:00+00:00,2026-05-31 22:45:00+02:00,2026-05-31,22,45,3,6,5,138.1,144.55,,,,,,,-3.180000000000007,37266.840744999994,,0.7104964821586149,6531.2675899999995,124.83820000000014,-0.7818314824680299,147.18,8500.09015,8500.09015,23.83471697615237,-6.450000000000017
2026-05-31 21:00:00+00:00,2026-05-31 23:00:00+02:00,2026-05-31,23,0,0,6,5,151.6,151.52,,,,,,,6.849999999999994,36628.101333000006,,0.6979425874111066,6789.47867,86.35178999999971,-0.7818314824680299,150.13,8484.13144,8484.13144,12.952846534000027,0.07999999999998408
2026-05-31 21:15:00+00:00,2026-05-31 23:15:00+02:00,2026-05-31,23,15,1,6,5,144.63,146.95,,,,,,,3.819999999999993,36116.024786999995,,0.43103548269547975,6968.768230000001,90.81734999999935,-0.7818314824680299,142.71,8438.69075,8438.69075,12.92141246149355,-2.319999999999993
2026-05-31 21:30:00+00:00,2026-05-31 23:30:00+02:00,2026-05-31,23,30,2,6,5,142.8,142.99,,,,,,,2.8499999999999943,35621.564793,,0.3424081753116738,7145.311,97.24166000000059,-0.7818314824680299,140.61,8388.35903,8388.35903,8.002439211473883,-0.18999999999999773
2026-05-31 21:45:00+00:00,2026-05-31 23:45:00+02:00,2026-05-31,23,45,3,6,5,137.65,139.93,,,,,,,2.6999999999999886,35115.32702,,0.44431554681799207,7321.21891,103.15538000000015,-0.7818314824680299,138.71,8325.19406,8325.19406,4.79016005299957,-2.280000000000001
2026-05-31 22:00:00+00:00,2026-06-01 00:00:00+02:00,2026-06-01,0,0,0,0,6,152.22,151.03,-11.820000000000007,,,,,,-6.5800000000000125,34118.144796,,0.5652190811314679,6306.24051,-2059.8422,0.0,146.56,7850.566989999999,7850.566989999999,9.477601665679435,1.1899999999999977
2026-05-31 22:15:00+00:00,2026-06-01 00:15:00+02:00,2026-06-01,0,15,1,0,6,148.09,141.16,-5.0249999999999915,,,,,,-0.22999999999998977,33864.440117,,0.5683530805918741,6332.8969,-1954.60027,0.0,139.0,7731.00636,7731.00636,8.042489249808575,6.930000000000007
2026-05-31 22:30:00+00:00,2026-06-01 00:30:00+02:00,2026-06-01,0,30,2,0,6,141.95,134.7,-5.43,,,,,,-0.9399999999999977,33689.925145,,0.5819722416742911,6293.7168599999995,-1759.4706500000002,0.0,134.18,7611.78088,7611.78088,2.3057825858683816,7.25
2026-05-31 22:45:00+00:00,2026-06-01 00:45:00+02:00,2026-06-01,0,45,3,0,6,133.33,133.19,-6.029999999999994,,,,,,-1.1999999999999886,33494.196996,,0.5302078362217222,6358.45318,-1644.9960700000001,0.0,129.2,7497.40905,7497.40905,1.1605171260944054,0.14000000000001478
2026-05-31 23:00:00+00:00,2026-06-01 01:00:00+02:00,2026-06-01,1,0,0,0,6,144.9,138.53,-4.185000000000009,,,,,,3.339999999999975,33209.144375,,0.559821695326892,6465.97929,-1572.4927200000002,0.0,132.55,7406.02445,7406.02445,6.589843194896343,6.3700000000000045
2026-05-31 23:15:00+00:00,2026-06-01 01:15:00+02:00,2026-06-01,1,15,1,0,6,136.72,128.04,-4.744999999999997,,,,,,-0.8000000000000114,32811.048502000005,,0.7592959107268419,6439.94106,-1502.8014699999999,0.0,133.05,7357.0142399999995,7357.0142399999995,3.9051291058468616,8.680000000000007
2026-05-31 23:30:00+00:00,2026-06-01 01:30:00+02:00,2026-06-01,1,30,2,0,6,129.24,131.1,-3.75,,,,,,1.1500000000000057,32646.319938999997,,0.740553780986964,6509.413189999999,-1435.7840199999996,0.0,128.09,7313.0988800000005,7313.0988800000005,1.6103726276863168,-1.8599999999999852
2026-05-31 23:45:00+00:00,2026-06-01 01:45:00+02:00,2026-06-01,1,45,3,0,6,124.69,127.7,-5.295000000000002,,,,,,-1.4300000000000068,32590.343235999997,,0.7533546767014715,6534.16899,-1418.6066499999997,0.0,126.17,7270.46468,7270.46468,9.198947403551356,-3.010000000000005
2026-06-01 00:00:00+00:00,2026-06-01 02:00:00+02:00,2026-06-01,2,0,0,0,6,127.65,121.29,-2.874999999999993,,,,,,0.18000000000000682,32481.514435999998,,0.3743476938534048,6705.40106,-1361.94695,0.0,129.29,7232.05242,7232.05242,2.1845213053086363,6.359999999999999
2026-06-01 00:15:00+00:00,2026-06-01 02:15:00+02:00,2026-06-01,2,15,1,0,6,129.57,125.7,-3.394999999999996,,,,,,0.0800000000000125,32528.043826,,0.7322411162658692,6862.03201,-1288.2233999999999,0.0,128.47,7205.15066,7205.15066,7.27000000000137,3.8699999999999903
2026-06-01 00:30:00+00:00,2026-06-01 02:30:00+02:00,2026-06-01,2,30,2,0,6,127.8,124.02,-5.219999999999999,,,,,,0.09000000000000341,32549.178089,,0.8957740096147607,6908.445470000001,-1215.6753700000004,0.0,128.65,7171.96278,7171.96278,5.036986532971484,3.780000000000001
2026-06-01 00:45:00+00:00,2026-06-01 02:45:00+02:00,2026-06-01,2,45,3,0,6,126.86,126.46,-4.564999999999998,,,,,,2.9399999999999977,32558.245684,,0.7290187834146377,7024.2848699999995,-1142.0565199999996,0.0,122.5,7143.04326,7143.04326,2.406955199693719,0.4000000000000057
2026-06-01 01:00:00+00:00,2026-06-01 03:00:00+02:00,2026-06-01,3,0,0,0,6,127.59,122.93,-5.520000000000003,,,,,,-1.3400000000000034,32719.331401,,0.5467324935071871,6992.87815,-680.1989399999998,0.0,127.79,7102.940970000001,7102.940970000001,1.2308669031649824,4.659999999999997
2026-06-01 01:15:00+00:00,2026-06-01 03:15:00+02:00,2026-06-01,3,15,1,0,6,126.28,120.14,-2.3999999999999986,,,,,,3.769999999999996,32773.929827,,0.5840847668117057,7040.66733,-523.97199,0.0,121.7,7051.53788,7051.53788,2.685144316417026,6.140000000000001
2026-06-01 01:30:00+00:00,2026-06-01 03:30:00+02:00,2026-06-01,3,30,2,0,6,125.42,124.33,-4.465000000000003,,,,,,-1.8200000000000074,33160.273461,,0.566259937806286,6966.7234499999995,-458.05764,0.0,127.79,7000.47135,7000.47135,1.9881901317451314,1.0900000000000034
2026-06-01 01:45:00+00:00,2026-06-01 03:45:00+02:00,2026-06-01,3,45,3,0,6,125.92,117.74,-3.835000000000001,,,,,,-1.6599999999999966,33497.522982,,0.5800673739203113,6976.60112,-460.3745899999999,0.0,126.57,6955.31247,6955.31247,3.090830524848518,8.180000000000007
2026-06-01 02:00:00+00:00,2026-06-01 04:00:00+02:00,2026-06-01,4,0,0,0,6,126.46,126.2,-1.2150000000000034,,,,,,2.1799999999999926,34030.616263,,0.6401154723085701,6918.82628,-439.3440700000001,0.0,127.8,6913.12411,6913.12411,2.578494392727416,0.2599999999999909
2026-06-01 02:15:00+00:00,2026-06-01 04:15:00+02:00,2026-06-01,4,15,1,0,6,125.46,121.49,-0.1799999999999926,,,,,,3.0800000000000125,34421.475353999995,,0.6500837597374601,6897.72032,-412.36875999999984,0.0,126.6,6850.168659999999,6850.168659999999,4.85445156531453,3.969999999999999
2026-06-01 02:30:00+00:00,2026-06-01 04:30:00+02:00,2026-06-01,4,30,2,0,6,126.39,125.99,-2.220000000000006,,,,,,-2.0600000000000023,35096.553033000004,,0.693632596475966,6945.6057900000005,-369.5788799999996,0.0,127.8,6786.61885,6786.61885,1.6258331197621867,0.4000000000000057
2026-06-01 02:45:00+00:00,2026-06-01 04:45:00+02:00,2026-06-01,4,45,3,0,6,129.69,129.7,-2.289999999999999,,,,,,2.0,35903.377596,,0.5171918997921099,6958.38731,-319.9407900000001,0.0,124.6,6732.824790000001,6739.86404,1.7417328536114032,-0.009999999999990905
2026-06-01 03:00:00+00:00,2026-06-01 05:00:00+02:00,2026-06-01,5,0,0,0,6,128.47,124.65,-1.2900000000000063,,,,,,1.2299999999999898,37176.013460999995,,0.49384667943374116,7002.09594,-283.1709599999999,0.0,128.99,6651.65546,6728.43753,2.1643243749483,3.819999999999993
2026-06-01 03:15:00+00:00,2026-06-01 05:15:00+02:00,2026-06-01,5,15,1,0,6,133.34,130.16,-0.8049999999999997,,,,,,1.2800000000000011,37986.402875,,0.35902539386167037,7059.1495700000005,-175.14945999999964,0.0,126.7,6492.92584,6772.77117,1.0048051220662642,3.180000000000007
2026-06-01 03:30:00+00:00,2026-06-01 05:30:00+02:00,2026-06-01,5,30,2,0,6,140.65,138.23,-0.13000000000000256,,,,,,1.6099999999999994,39946.393087000004,,0.48773400577801396,7378.237299999999,-77.91391000000021,0.0,122.76,6328.32536,6920.45323,4.477186616615862,2.420000000000016
2026-06-01 03:45:00+00:00,2026-06-01 05:45:00+02:00,2026-06-01,5,45,3,0,6,147.47,147.33,1.0749999999999886,,,,,,2.1899999999999977,42026.545612,,0.2842651707332677,7886.985180000001,35.7191499999999,0.0,117.0,6158.89978,7270.91763,5.510084693844559,0.13999999999998636
2026-06-01 04:00:00+00:00,2026-06-01 06:00:00+02:00,2026-06-01,6,0,0,0,6,152.84,164.99,2.3300000000000054,,,,,,5.5,44693.028315999996,,0.011813379649427528,9096.41919,-94.21041999999989,0.0,121.1,5995.85909,7902.78829,5.584427753434544,-12.150000000000006
2026-06-01 04:15:00+00:00,2026-06-01 06:15:00+02:00,2026-06-01,6,15,1,0,6,155.0,172.17,-3.6999999999999957,,,,,,-2.289999999999992,43911.683607,,0.05094969431278929,10107.662779999999,-47.760789999999815,0.0,121.33,5681.46139,8605.41322,8.965271886563318,-17.169999999999987
2026-06-01 04:30:00+00:00,2026-06-01 06:30:00+02:00,2026-06-01,6,30,2,0,6,151.7,156.1,-1.7449999999999974,,,,,,2.4000000000000057,44159.963260000004,,-0.01144687377172461,11389.81614,-13.313830000000053,0.0,112.08,5364.90098,9498.97717,18.48112280138784,-4.400000000000006
2026-06-01 04:45:00+00:00,2026-06-01 06:45:00+02:00,2026-06-01,6,45,3,0,6,150.47,158.1,-0.9649999999999963,,,,,,2.6000000000000085,44501.712448,,-0.2469218935165436,12878.77597,33.02646000000004,0.0,105.07,5046.74579,10601.5259,10.808609222898477,-7.6299999999999955
2026-06-01 05:00:00+00:00,2026-06-01 07:00:00+02:00,2026-06-01,7,0,0,0,6,174.83,175.0,-0.6500000000000057,,,,,,0.8499999999999943,44690.072051,,-0.0669596548690112,14676.08888,107.61310000000003,0.0,111.87,4722.85258,11908.9756,17.18781351229405,-0.1699999999999875
2026-06-01 05:15:00+00:00,2026-06-01 07:15:00+02:00,2026-06-01,7,15,1,0,6,159.07,161.15,-2.020000000000003,,,,,,-7.510000000000005,44369.56303,,-0.24385551240193848,16535.85587,211.64841000000024,0.0,111.04,4318.54307,13373.51498,14.472665039078622,-2.0800000000000125
2026-06-01 05:30:00+00:00,2026-06-01 07:30:00+02:00,2026-06-01,7,30,2,0,6,151.76,169.9,-2.1650000000000276,,,,,,-1.6499999999999915,43443.363789,,-0.21962570980500343,18382.1148,264.68330000000014,0.0,100.3,3910.75527,15044.93417,12.566101225123319,-18.140000000000015
2026-06-01 05:45:00+00:00,2026-06-01 07:45:00+02:00,2026-06-01,7,45,3,0,6,144.53,149.78,-2.844999999999999,,,,,,0.6899999999999977,42060.640938,,-0.4341862033553739,20291.2169,322.4300800000001,0.0,85.41,3485.4691599999996,16836.52259,13.271130321114315,-5.25
2026-06-01 06:00:00+00:00,2026-06-01 08:00:00+02:00,2026-06-01,8,0,0,0,6,165.0,175.0,-1.3999999999999986,,,,,,-2.5,41091.171899,,-0.06227670958522362,22065.818330000002,283.4661500000002,0.0,106.1,3174.47092,18851.53961,14.09586109466283,-10.0
2026-06-01 06:15:00+00:00,2026-06-01 08:15:00+02:00,2026-06-01,8,15,1,0,6,156.0,165.41,2.1950000000000003,,,,,,1.7999999999999972,39607.46101100001,,-0.19500675299017103,23984.36041,218.61342999999988,0.0,87.3,3024.54554,21141.644389999998,12.842485481143118,-9.409999999999997
2026-06-01 06:30:00+00:00,2026-06-01 08:30:00+02:00,2026-06-01,8,30,2,0,6,139.45,149.99,4.18,,,,,,1.4200000000000017,37540.88837100001,,-0.4751210531687179,25785.34431,165.8387899999998,0.0,75.22,2894.97528,23478.467269999997,18.27709586704923,-10.54000000000002
2026-06-01 06:45:00+00:00,2026-06-01 08:45:00+02:00,2026-06-01,8,45,3,0,6,122.19,123.24,2.349999999999998,,,,,,4.850000000000001,35125.326504,,-0.720310222107191,27570.89002,130.54948999999988,0.0,60.1,2772.06553,25802.80099,19.335263984062966,-1.0499999999999972
2026-06-01 07:00:00+00:00,2026-06-01 09:00:00+02:00,2026-06-01,9,0,0,0,6,150.28,162.51,-4.305,,,,,,-1.2900000000000063,32746.297863000003,,-0.1290214871543032,29493.47509,110.44699000000014,0.0,77.89,2660.91529,28070.44271,20.412884003325207,-12.22999999999999
2026-06-01 07:15:00+00:00,2026-06-01 09:15:00+02:00,2026-06-01,9,15,1,0,6,130.15,138.13,6.280000000000001,,,,,,20.0,30330.290646999998,,-0.4970999931295554,31361.899080000003,86.27978999999982,0.0,35.0,2648.35381,30384.641760000002,24.13671131975522,-7.97999999999999
2026-06-01 07:30:00+00:00,2026-06-01 09:30:00+02:00,2026-06-01,9,30,2,0,6,117.52,119.4,10.52,,,,,,13.309999999999999,28551.498716999995,,-0.7745761732523962,33147.52594,71.85195999999996,0.0,23.87,2628.48898,32570.794130000002,24.177874182811077,-1.8800000000000097
2026-06-01 07:45:00+00:00,2026-06-01 09:45:00+02:00,2026-06-01,9,45,3,0,6,106.05,111.42,-2.2050000000000063,,,,,,-5.799999999999997,26819.341401000005,,-0.8584554443797012,34824.06345,56.80810999999994,0.0,23.9,2609.60203,34578.5439,11.158321259632679,-5.3700000000000045
2026-06-01 08:00:00+00:00,2026-06-01 10:00:00+02:00,2026-06-01,10,0,0,0,6,119.02,123.8,-2.8349999999999653,,,,,,-3.870000000000001,25098.839017,,-0.7313970947157012,36346.974949999996,51.29823000000033,0.0,26.2,2608.18163,36367.72969,3.7753984336939026,-4.780000000000001
2026-06-01 08:15:00+00:00,2026-06-01 10:15:00+02:00,2026-06-01,10,15,1,0,6,111.62,115.9,4.3100000000000005,,,,,,-1.6199999999999997,23126.921924000002,,-0.8333313128214995,37763.98326,132.57249000000002,0.0,4.06,2643.79384,38018.268489999995,6.349968503848168,-4.280000000000001
2026-06-01 08:30:00+00:00,2026-06-01 10:30:00+02:00,2026-06-01,10,30,2,0,6,110.2,100.79,-4.675000000000003,,,,,,-7.3,22306.370423000008,,-0.950995427594158,38938.79554,206.83473000000004,0.0,7.3,2676.32599,39521.185829999995,2.1014518790373273,9.409999999999997
2026-06-01 08:45:00+00:00,2026-06-01 10:45:00+02:00,2026-06-01,10,45,3,0,6,107.17,111.14,2.8450000000000037,,,,,,-0.01,20740.872987000002,,-0.9490104332763414,39872.36321,266.40013,0.0,0.0,2706.27688,40840.214089999994,4.80477193353257,-3.969999999999999
2026-06-01 09:00:00+00:00,2026-06-01 11:00:00+02:00,2026-06-01,11,0,0,0,6,106.33,102.05,-5.239999999999997,,,,,,-8.27,19213.597701,,-0.9181522904472719,40576.211370000005,332.3132700000001,0.0,9.2,2732.93211,41999.76069,4.727941765005337,4.280000000000001
2026-06-01 09:15:00+00:00,2026-06-01 11:15:00+02:00,2026-06-01,11,15,1,0,6,106.6,101.28,-3.514999999999996,,,,,,-3.3299999999999996,18466.784484999996,,-0.8072736476119934,41141.138300000006,406.77120000000014,0.0,3.26,2795.87505,43064.244020000006,0.3516153200888681,5.319999999999993
2026-06-01 09:30:00+00:00,2026-06-01 11:30:00+02:00,2026-06-01,11,30,2,0,6,103.01,82.54,-1.3049999999999926,,,,,,-3.4099999999999997,17729.478816000003,,-0.8542245352101471,41538.49291,491.8230400000002,0.0,3.4,2861.71604,43995.59273,1.7251183534176706,20.47
2026-06-01 09:45:00+00:00,2026-06-01 11:45:00+02:00,2026-06-01,11,45,3,0,6,97.11,80.0,4.789999999999993,,,,,,3.2800000000000002,16941.063056000006,,-0.8885247209782711,41827.6265,573.01757,0.0,-3.29,2926.99084,44777.69957,3.2580720270273114,17.11
2026-06-01 10:00:00+00:00,2026-06-01 12:00:00+02:00,2026-06-01,12,0,0,0,6,100.61,100.01,-7.319999999999986,,,,,,-10.33,15848.326804999997,,-0.725116272885228,41978.88411,670.6724100000001,0.0,10.43,2995.05425,45380.42684,4.7675395471184645,0.5999999999999943
2026-06-01 10:15:00+00:00,2026-06-01 12:15:00+02:00,2026-06-01,12,15,1,0,6,96.13,93.33,1.1250000000000004,,,,,,-1.8,15695.685694,,-0.7558169705712361,41936.46701,805.8509400000003,0.0,1.8,3065.81149,45838.82103,3.337878567795941,2.799999999999997
2026-06-01 10:30:00+00:00,2026-06-01 12:30:00+02:00,2026-06-01,12,30,2,0,6,95.58,91.81,3.575,,,,,,3.8,15334.464549999997,,-0.7081523885601145,41852.91897,933.01971,0.0,-0.01,3141.93285,46124.08741,4.4750567966632895,3.769999999999996
2026-06-01 10:45:00+00:00,2026-06-01 12:45:00+02:00,2026-06-01,12,45,3,0,6,91.08,87.18,5.465000000000014,,,,,,5.300000000000001,14802.365297999997,,-0.7351439488961022,41759.998439999996,1046.3422499999997,0.0,-4.11,3218.11641,46279.406480000005,5.475786092724837,3.8999999999999915
2026-06-01 11:00:00+00:00,2026-06-01 13:00:00+02:00,2026-06-01,13,0,0,0,6,95.3,92.62,0.5999999999999999,,,,,,0.1,14230.080191000001,,-0.676905203610844,41627.4687,1187.05064,0.0,-0.03,3284.176,46285.30063,3.7759899364291263,2.6799999999999926
2026-06-01 11:15:00+00:00,2026-06-01 13:15:00+02:00,2026-06-01,13,15,1,0,6,94.14,92.21,2.0999999999999996,,,,,,-0.73,14102.773151999994,,-0.5993385045241116,41459.40735,1293.9959599999997,0.0,0.73,3314.20941,46145.279160000006,6.644616868810595,1.9300000000000068
2026-06-01 11:30:00+00:00,2026-06-01 13:30:00+02:00,2026-06-01,13,30,2,0,6,91.99,88.45,-4.1,,,,,,-3.03,13927.524630999993,,-0.6102278758314722,41185.932830000005,1389.9149100000004,0.0,3.03,3358.8837999999996,46037.315520000004,2.2828125926779395,3.539999999999992
2026-06-01 11:45:00+00:00,2026-06-01 13:45:00+02:00,2026-06-01,13,45,3,0,6,88.44,48.23,-3.825,,,,,,-3.07,13441.898387000001,,-0.6562015840976821,40879.06914,1464.2956400000003,0.0,3.07,3418.12101,45834.90544,2.608320021265743,40.21
2026-06-01 12:00:00+00:00,2026-06-01 14:00:00+02:00,2026-06-01,14,0,0,0,6,92.23,50.2,0.050000000000000266,,,,,,4.12,13717.597303999995,,-0.7064761213011003,40031.325319999996,1373.0105600000002,0.0,-4.11,3471.73464,45557.224420000006,2.047266470171525,42.03
2026-06-01 12:15:00+00:00,2026-06-01 14:15:00+02:00,2026-06-01,14,15,1,0,6,93.07,86.95,1.385,,,,,,-1.65,13796.585405000005,,-0.7237275239552614,39400.3781,1365.03125,0.0,1.7,3458.88792,45123.25442,5.970865375582479,6.11999999999999
2026-06-01 12:30:00+00:00,2026-06-01 14:30:00+02:00,2026-06-01,14,30,2,0,6,92.78,57.24,-0.36999999999997124,,,,,,-2.6399999999999997,13912.709113999997,,-0.6673948978539874,38650.82652,1346.0065699999996,0.0,3.67,3434.9035700000004,44561.83056,5.63876168438923,35.54
2026-06-01 12:45:00+00:00,2026-06-01 14:45:00+02:00,2026-06-01,14,45,3,0,6,95.16,62.24,-4.45,,,,,,-3.99,14581.312945999998,,-0.6561985784226868,37764.55046,1317.1786700000002,0.0,6.9,3400.55137,43785.87761,3.9627431576240184,32.919999999999995
2026-06-01 13:00:00+00:00,2026-06-01 15:00:00+02:00,2026-06-01,15,0,0,0,6,92.86,86.0,8.995000000000001,,,,,,7.84,15600.704156,,-0.9067213673983573,36779.82106,1302.6868599999998,0.0,-7.79,3356.06749,42780.30691,7.177787495704592,6.859999999999999
2026-06-01 13:15:00+00:00,2026-06-01 15:15:00+02:00,2026-06-01,15,15,1,0,6,95.12,92.59,1.0850000000000002,,,,,,-2.4,16954.936878,,-0.8282559258665072,35735.29734,1227.75547,0.0,2.4,3236.86155,41583.62672,5.8483957914426,2.530000000000001
2026-06-01 13:30:00+00:00,2026-06-01 15:30:00+02:00,2026-06-01,15,30,2,0,6,101.03,84.99,-5.485,,,,,,-8.89,17708.744136,,-0.9260576942500006,34568.59112,1170.2809900000002,0.0,8.9,3116.00899,40281.36464,4.002286846287144,16.040000000000006
2026-06-01 13:45:00+00:00,2026-06-01 15:45:00+02:00,2026-06-01,15,45,3,0,6,110.07,94.99,-8.77,,,,,,-7.54,19185.780814000005,,-0.8353245274893096,33339.25514,1113.6681399999998,0.0,12.75,2995.64221,38861.147659999995,10.399328503966409,15.079999999999998
2026-06-01 14:00:00+00:00,2026-06-01 16:00:00+02:00,2026-06-01,16,0,0,0,6,95.11,86.17,6.074999999999993,,,,,,8.24,21112.773729,,-0.9137046159164043,32052.25402,1069.0500899999997,0.0,-0.23,2874.68795,37294.200899999996,6.9312793431897735,8.939999999999998
2026-06-01 14:15:00+00:00,2026-06-01 16:15:00+02:00,2026-06-01,16,15,1,0,6,100.48,93.48,3.0899999999999976,,,,,,6.6299999999999955,22495.635796999995,,-0.9660747013525,30630.3833,1050.3658800000003,0.0,28.1,2725.9290300000002,35601.16773,16.312707725366423,7.0
2026-06-01 14:30:00+00:00,2026-06-01 16:30:00+02:00,2026-06-01,16,30,2,0,6,111.34,111.32,-4.370000000000014,,,,,,-0.8200000000000003,24268.562253000004,,-0.7853800190259221,29065.91609,1011.7221499999996,0.0,63.88,2581.0836499999996,33823.779389999996,33.34411942157067,0.020000000000010232
2026-06-01 14:45:00+00:00,2026-06-01 16:45:00+02:00,2026-06-01,16,45,3,0,6,123.79,127.1,23.35999999999997,,,,,,41.64,25975.655630999998,,-0.7896607634890571,27412.62521,952.1832799999993,0.0,38.56,2433.2849,31882.90471,46.366955187215325,-3.309999999999988
2026-06-01 15:00:00+00:00,2026-06-01 17:00:00+02:00,2026-06-01,17,0,0,0,6,103.99,105.54,0.8899999999999926,,,,,,-6.280000000000001,28452.519131000005,,-0.9401788342241079,25733.755230000002,882.7532099999999,0.0,65.94,2286.8270700000003,29757.809409999998,34.4263828093136,-1.5500000000000114
2026-06-01 15:15:00+00:00,2026-06-01 17:15:00+02:00,2026-06-01,17,15,1,0,6,112.89,118.45,-7.199999999999999,,,,,,-11.030000000000001,30934.829790000003,,-0.6891357075731744,24007.984559999997,766.04439,0.0,89.41,2150.13629,27519.63942,23.644589937944396,-5.560000000000002
2026-06-01 15:30:00+00:00,2026-06-01 17:30:00+02:00,2026-06-01,17,30,2,0,6,127.81,131.0,-3.450000000000003,,,,,,-0.04999999999999716,33535.465027,,-0.4366937463964067,22211.62923,654.0561700000007,0.0,104.0,2016.33176,25202.29646,11.164570450021191,-3.1899999999999977
2026-06-01 15:45:00+00:00,2026-06-01 17:45:00+02:00,2026-06-01,17,45,3,0,6,144.0,155.93,2.520000000000003,,,,,,-0.5699999999999932,36179.406124999994,,-0.30606167513555044,20376.6046,534.7290199999989,0.0,120.57,1879.77286,22834.06894,22.819493859415637,-11.930000000000007
2026-06-01 16:00:00+00:00,2026-06-01 18:00:00+02:00,2026-06-01,18,0,0,0,6,115.99,112.73,4.005000000000003,,,,,,13.300000000000011,38502.179518000004,,-0.7353417919459456,18497.639760000002,451.4554900000003,0.0,92.1,1746.4283100000002,20457.10073,15.373696150676944,3.259999999999991
2026-06-01 16:15:00+00:00,2026-06-01 18:15:00+02:00,2026-06-01,18,15,1,0,6,129.03,141.44,-5.6399999999999935,,,,,,-2.3499999999999943,41259.327664,,-0.7043728827239019,16568.26248,427.3653599999998,0.0,119.02,1640.5947199999998,18079.302600000003,10.568700645461057,-12.409999999999997
2026-06-01 16:30:00+00:00,2026-06-01 18:30:00+02:00,2026-06-01,18,30,2,0,6,149.08,147.76,-7.300000000000004,,,,,,-4.050000000000011,43268.969918,,-0.31189374210590654,14638.451249999998,408.9789099999998,0.0,136.47,1528.28839,15695.17202,13.042370694520088,1.3200000000000216
2026-06-01 16:45:00+00:00,2026-06-01 18:45:00+02:00,2026-06-01,18,45,3,0,6,172.47,175.29,-15.410000000000004,,,,,,-7.6299999999999955,45391.224045999996,,0.17862327712162882,12779.306660000002,399.6606899999988,0.0,149.57,1417.10158,13399.853860000001,7.39182656722741,-2.819999999999993
2026-06-01 17:00:00+00:00,2026-06-01 19:00:00+02:00,2026-06-01,19,0,0,0,6,146.09,199.99,-4.475000000000001,,,,,,-0.7400000000000091,47423.027903,,-0.2605064983955996,11063.62364,389.69948999999906,0.0,131.77,1304.27676,11233.03376,10.683147164263525,-53.900000000000006
2026-06-01 17:15:00+00:00,2026-06-01 19:15:00+02:00,2026-06-01,19,15,1,0,6,170.0,219.9,-4.784999999999997,,,,,,-0.5799999999999841,49408.575764,,0.11154638659538707,9535.72281,380.3998700000011,0.0,137.98,1230.60905,9260.22948,27.11977322914015,-49.900000000000006
2026-06-01 17:30:00+00:00,2026-06-01 19:30:00+02:00,2026-06-01,19,30,2,0,6,209.81,230.0,-16.519999999999996,,,,,,-15.110000000000014,51082.943665,,0.5101009065475707,8189.68665,368.83046999999897,0.0,160.81,1152.24695,7498.18466,23.505703563178525,-20.189999999999998
2026-06-01 17:45:00+00:00,2026-06-01 19:45:00+02:00,2026-06-01,19,45,3,0,6,307.6,290.0,-15.504999999999995,,,,,,0.9200000000000159,52546.358785000004,,0.6407808148506853,7064.2521,353.8951799999995,0.0,150.51,1076.1061399999999,5931.89049,27.910435921593095,17.600000000000023
2026-06-01 18:00:00+00:00,2026-06-01 20:00:00+02:00,2026-06-01,20,0,0,0,6,255.99,294.5,-9.300000000000011,,,,,,0.6200000000000045,53211.611326,,0.3632776833728352,6161.9361,338.23840999999993,0.0,144.07,1002.21086,4539.4696,36.82516938182366,-38.50999999999999
2026-06-01 18:15:00+00:00,2026-06-01 20:15:00+02:00,2026-06-01,20,15,1,0,6,309.93,338.27,-1.894999999999996,,,,,,-0.9799999999999898,54076.494984,,0.2639359146456535,5490.1327,310.38366999999926,0.0,147.98,1021.12601,3413.61654,40.253405238977244,-28.339999999999975
2026-06-01 18:30:00+00:00,2026-06-01 20:30:00+02:00,2026-06-01,20,30,2,0,6,346.69,380.0,-5.734999999999985,,,,,,-1.3700000000000045,54474.735922,,0.48316837294252885,5064.684670000001,279.5580399999999,0.0,157.35,1039.70111,2485.26528,51.61781120246519,-33.31
2026-06-01 18:45:00+00:00,2026-06-01 20:45:00+02:00,2026-06-01,20,45,3,0,6,387.91,459.64,-17.89500000000001,,,,,,-21.150000000000006,54528.51415,,0.6733910976231652,4800.852200000001,259.0651200000011,0.0,179.6,1045.77836,1755.27418,40.23638941720972,-71.72999999999996
2026-06-01 19:00:00+00:00,2026-06-01 21:00:00+02:00,2026-06-01,21,0,0,0,6,380.0,317.2,-9.844999999999999,,,,,,-2.769999999999982,54186.70713,,0.8410734629637872,4696.83285,230.74371000000065,0.0,158.51,1078.32157,1339.93444,23.272525289133604,62.80000000000001
2026-06-01 19:15:00+00:00,2026-06-01 21:15:00+02:00,2026-06-01,21,15,1,0,6,334.8,387.44,-16.019999999999968,,,,,,-24.189999999999998,53584.777423,,0.6344444370946851,4694.94266,164.91942000000017,0.0,178.84,1171.58428,1249.14309,15.673526512350309,-52.639999999999986
2026-06-01 19:30:00+00:00,2026-06-01 21:30:00+02:00,2026-06-01,21,30,2,0,6,278.9,285.0,-11.89500000000001,,,,,,-16.980000000000018,52643.364958,,0.7129842513353976,4730.96097,92.19271000000117,0.0,167.4,1299.00389,1327.38398,13.888934444370303,-6.100000000000023
2026-06-01 19:45:00+00:00,2026-06-01 21:45:00+02:00,2026-06-01,21,45,3,0,6,231.33,399.01,-5.660000000000011,,,,,,-7.450000000000017,51948.023722,,0.754717242531968,4804.5076,18.6859000000004,0.0,154.8,1426.71726,1442.14671,21.868143496876577,-167.67999999999998
2026-06-01 20:00:00+00:00,2026-06-01 22:00:00+02:00,2026-06-01,22,0,0,0,6,267.11,237.4,-3.469999999999999,,,,,,-3.0200000000000102,50784.020640999996,,0.6876061047189324,4778.63667,-31.21774000000005,0.0,162.16,1580.55477,1580.55477,8.487920829033895,29.710000000000008
2026-06-01 20:15:00+00:00,2026-06-01 22:15:00+02:00,2026-06-01,22,15,1,0,6,212.74,250.0,-0.8150000000000119,,,,,,-1.410000000000025,49788.178131,,0.7103134254918319,4758.336670000001,-46.98737000000074,0.0,154.86,1852.08465,1852.08465,5.212833522499203,-37.25999999999999
2026-06-01 20:30:00+00:00,2026-06-01 22:30:00+02:00,2026-06-01,22,30,2,0,6,176.34,186.32,1.9299999999999926,,,,,,-0.9399999999999977,48749.421699,,0.860223522731466,4741.69411,-57.55546999999933,0.0,150.94,2119.3362500000003,2119.3362500000003,2.7139700317603546,-9.97999999999999
2026-06-01 20:45:00+00:00,2026-06-01 22:45:00+02:00,2026-06-01,22,45,3,0,6,159.91,241.08,-4.815000000000012,,,,,,-6.450000000000017,48047.75011,,0.7423176796417749,4712.51923,-65.62716999999975,0.0,144.55,2392.12653,2392.12653,3.122322853253363,-81.17000000000002
2026-06-01 21:00:00+00:00,2026-06-01 23:00:00+02:00,2026-06-01,23,0,0,0,6,169.42,166.1,3.464999999999989,,,,,,0.07999999999998408,46962.341705,,0.7350815357652426,4677.77159,-66.5245300000006,0.0,151.52,2676.71168,2676.71168,3.0563104118127096,3.319999999999993
2026-06-01 21:15:00+00:00,2026-06-01 23:15:00+02:00,2026-06-01,23,15,1,0,6,161.5,160.6,0.75,,,,,,-2.319999999999993,46135.355802000005,,0.501727502746914,4562.05337,-74.18652999999995,0.0,146.95,3004.0809099999997,3004.0809099999997,2.5015461885343475,0.9000000000000057
2026-06-01 21:30:00+00:00,2026-06-01 23:30:00+02:00,2026-06-01,23,30,2,0,6,152.98,155.88,1.3299999999999983,,,,,,-0.18999999999999773,45224.972918,,0.4401486871031758,4445.90567,-71.61136000000079,0.0,142.99,3335.86204,3335.86204,1.3127452151889507,-2.9000000000000057
2026-06-01 21:45:00+00:00,2026-06-01 23:45:00+02:00,2026-06-01,23,45,3,0,6,143.77,147.08,0.20999999999998664,,,,,,-2.280000000000001,44148.825346,,0.5303375827894601,4335.85234,-65.83645999999953,0.0,139.93,3676.86937,3676.86937,2.9561461398279096,-3.3100000000000023
2026-06-01 22:00:00+00:00,2026-06-02 00:00:00+02:00,2026-06-02,0,0,0,1,6,145.55,151.73,-7.483333333333339,,-6.5800000000000125,,,,1.1899999999999977,41601.856176,,0.6455973940132592,4998.21044,-1664.0196499999993,0.7818314824680298,151.03,5072.471869999999,5072.471869999999,3.1298402515078165,-6.179999999999978
2026-06-01 22:15:00+00:00,2026-06-02 00:15:00+02:00,2026-06-02,0,15,1,1,6,142.79,146.61,-1.039999999999992,,-0.22999999999998977,,,,6.930000000000007,40523.343475,,0.6345093934158608,4821.68713,-1497.2771000000002,0.7818314824680298,141.16,5551.91186,5551.91186,2.1550019334765986,-3.8200000000000216
2026-06-01 22:30:00+00:00,2026-06-02 00:30:00+02:00,2026-06-02,0,30,2,1,6,138.35,142.03,-1.2033333333333331,,-0.9399999999999977,,,,7.25,39490.038725,,0.5642067790633813,4666.488979999999,-1528.9748,0.7818314824680298,134.7,6027.14194,6027.14194,1.1892434569762345,-3.680000000000007
2026-06-01 22:45:00+00:00,2026-06-02 00:45:00+02:00,2026-06-02,0,45,3,1,6,127.78,132.36,-3.9733333333333243,,-1.1999999999999886,,,,0.14000000000001478,38478.538781999996,,0.5785441268820553,4504.82715,-1347.46897,0.7818314824680298,133.19,6509.84513,6509.84513,2.804894531580606,-4.5800000000000125
2026-06-01 23:00:00+00:00,2026-06-02 01:00:00+02:00,2026-06-02,1,0,0,1,6,144.0,144.81,-0.6666666666666714,,3.339999999999975,,,,6.3700000000000045,37473.490464,,0.5738003424867154,4318.07251,-1317.66349,0.7818314824680298,138.53,7002.26828,7002.26828,3.006210238820139,-0.8100000000000023
2026-06-01 23:15:00+00:00,2026-06-02 01:15:00+02:00,2026-06-02,1,15,1,1,6,134.5,132.47,-0.269999999999996,,-0.8000000000000114,,,,8.680000000000007,36739.573282,,0.6542802642506902,4232.95868,-1245.97919,0.7818314824680298,128.04,7469.842549999999,7469.842549999999,2.6226004906068248,2.030000000000001
2026-06-01 23:30:00+00:00,2026-06-02 01:30:00+02:00,2026-06-02,1,30,2,1,6,126.09,127.61,-3.119999999999995,,-1.8599999999999852,,,,-1.8599999999999852,35962.702743,,0.6682759507923386,4137.48355,-1287.3974500000004,0.7818314824680298,131.1,7951.1997200000005,7951.1997200000005,2.318627467562427,-1.519999999999996
2026-06-01 23:45:00+00:00,2026-06-02 01:45:00+02:00,2026-06-02,1,45,3,1,6,118.97,127.1,-4.533333333333336,,-3.010000000000005,,,,-3.010000000000005,35289.349815,,0.6929350064064825,4132.91746,-1364.8771900000002,0.7818314824680298,127.7,8431.6809,8431.6809,1.515024752263539,-8.129999999999995
2026-06-02 00:00:00+00:00,2026-06-02 02:00:00+02:00,2026-06-02,2,0,0,1,6,130.08,130.01,0.2033333333333379,,0.18000000000000682,,,,6.359999999999999,34629.83523700001,,0.26896794158116377,4014.9544,-1395.6735099999996,0.7818314824680298,121.29,8868.71283,8868.71283,4.003265333867821,0.0700000000000216
2026-06-02 00:15:00+00:00,2026-06-02 02:15:00+02:00,2026-06-02,2,15,1,1,6,124.15,124.98,-0.9733333333333339,,0.0800000000000125,,,,3.8699999999999903,34174.680951999995,,0.6911027870071333,3911.6634299999996,-1460.6521400000001,0.7818314824680298,125.7,9210.18736,9210.18736,2.4189460514902814,-0.8299999999999983
2026-06-02 00:30:00+00:00,2026-06-02 02:30:00+02:00,2026-06-02,2,30,2,1,6,122.58,124.61,-2.219999999999999,,0.09000000000000341,,,,3.780000000000001,33797.61805,,0.8686251775997281,3814.61141,-1650.4820599999994,0.7818314824680298,124.02,9546.61129,9546.61129,2.5022456580716104,-2.030000000000001
2026-06-02 00:45:00+00:00,2026-06-02 02:45:00+02:00,2026-06-02,2,45,3,1,6,119.18,122.41,-2.9099999999999966,,0.4000000000000057,,,,0.4000000000000057,33400.527116,,0.6021127574315176,3758.42094,-1638.7365200000004,0.7818314824680298,126.46,9880.51106,9880.51106,2.380847188152279,-3.2299999999999898
2026-06-02 01:00:00+00:00,2026-06-02 03:00:00+02:00,2026-06-02,3,0,0,1,6,121.36,124.34,-2.12666666666667,,-1.3400000000000034,,,,4.659999999999997,33049.504007999996,,0.5265848884537846,3681.78086,-1235.4954000000007,0.7818314824680298,122.93,10198.11288,10198.11288,2.4432423812032082,-2.980000000000004
2026-06-02 01:15:00+00:00,2026-06-02 03:15:00+02:00,2026-06-02,3,15,1,1,6,119.96,122.99,0.4466666666666678,,3.769999999999996,,,,6.140000000000001,32930.92621,,0.49171484316487557,3653.65816,-1275.1487399999996,0.7818314824680298,120.14,10410.13057,10410.13057,1.732781963583535,-3.030000000000001
2026-06-02 01:30:00+00:00,2026-06-02 03:30:00+02:00,2026-06-02,3,30,2,1,6,119.11,120.2,-2.6133333333333346,,-1.8200000000000074,,,,1.0900000000000034,32925.516277999996,,0.4751121024409472,3650.26583,-1207.2424099999998,0.7818314824680298,124.33,10615.72256,10615.72256,2.1599614194013177,-1.0900000000000034
2026-06-02 01:45:00+00:00,2026-06-02 03:45:00+02:00,2026-06-02,3,45,3,1,6,117.55,119.06,0.1700000000000017,,-1.6599999999999966,,,,8.180000000000007,32869.31227,,0.37651884910658795,3644.00711,-1194.4691899999998,0.7818314824680298,117.74,10802.78329,10802.78329,4.415906852882572,-1.5100000000000051
2026-06-02 02:00:00+00:00,2026-06-02 04:00:00+02:00,2026-06-02,4,0,0,1,6,118.03,122.41,-0.7233333333333386,,0.2599999999999909,,,,0.2599999999999909,33051.440552,,0.5563172977470319,3542.76916,-1115.7079399999993,0.7818314824680298,126.2,10996.01456,10996.01456,2.569883265830043,-4.3799999999999955
2026-06-02 02:15:00+00:00,2026-06-02 04:15:00+02:00,2026-06-02,4,15,1,1,6,118.81,119.01,1.2033333333333378,,3.0800000000000125,,,,3.969999999999999,33105.859981,,0.4997086227152616,3459.2403999999997,-1072.1193599999997,0.7818314824680298,121.49,11157.89022,11157.89022,2.5872185837277253,-0.20000000000000284
2026-06-02 02:30:00+00:00,2026-06-02 04:30:00+02:00,2026-06-02,4,30,2,1,6,120.82,120.72,-1.3466666666666687,,-2.0600000000000023,,,,0.4000000000000057,33512.080397,,0.49401377498263466,3294.05659,-1102.4789300000002,0.7818314824680298,125.99,11315.63362,11315.63362,1.557251852885583,0.09999999999999432
2026-06-02 02:45:00+00:00,2026-06-02 04:45:00+02:00,2026-06-02,4,45,3,1,6,123.95,123.97,-1.5299999999999965,,-0.009999999999990905,,,,-0.009999999999990905,33926.529407,,0.43912935792166236,3190.56174,-1068.6406500000003,0.7818314824680298,129.7,11475.64928,11485.328529999999,2.604732871783534,-0.01999999999999602
2026-06-02 03:00:00+00:00,2026-06-02 05:00:00+02:00,2026-06-02,5,0,0,1,6,119.22,121.56,0.4133333333333269,,1.2299999999999898,,,,3.819999999999993,34850.573748,,0.39697900773389416,3111.4632800000004,-1036.6235900000001,0.7818314824680298,124.65,11623.212019999999,11721.822279999998,2.4060133000454003,-2.3400000000000034
2026-06-02 03:15:00+00:00,2026-06-02 05:15:00+02:00,2026-06-02,5,15,1,1,6,122.53,122.36,0.5233333333333358,,1.2800000000000011,,,,3.180000000000007,34700.655524,,0.30280710211563633,3162.49332,-971.9945100000004,0.7818314824680298,130.16,11747.600299999998,12086.494689999998,2.275397401187442,0.1700000000000017
2026-06-02 03:30:00+00:00,2026-06-02 05:30:00+02:00,2026-06-02,5,30,2,1,6,124.25,125.0,0.7200000000000036,,1.6099999999999994,,,,2.420000000000016,33599.944180000006,,0.5165811611650202,3371.4127399999998,-916.8210799999997,0.7818314824680298,138.23,11869.770349999999,12626.304709999999,8.59603978585506,-0.75
2026-06-02 03:45:00+00:00,2026-06-02 05:45:00+02:00,2026-06-02,5,45,3,1,6,128.14,127.94,0.7633333333333212,,0.13999999999998636,,,,0.13999999999998636,35851.140529,,0.3225094262847218,3728.72978,-838.4313099999999,0.7818314824680298,147.33,11996.761629999999,13388.51464,16.581514808163373,0.19999999999998863
2026-06-02 04:00:00+00:00,2026-06-02 06:00:00+02:00,2026-06-02,6,0,0,1,6,127.73,128.96,-2.496666666666665,,-0.8400000000000034,,,,-12.150000000000006,36515.674685,,0.18770183846883354,4436.23784,-653.9981900000002,0.7818314824680298,164.99,12227.486069999999,14507.112579999999,24.75596291805265,-1.230000000000004
2026-06-02 04:15:00+00:00,2026-06-02 06:15:00+02:00,2026-06-02,6,15,1,1,6,135.47,144.0,-8.189999999999992,,-5.109999999999999,,,,-17.169999999999987,35981.647522,,0.26533697080409885,5393.229289999999,-604.8450300000004,0.7818314824680298,172.17,12224.796540000001,15622.18404,29.246263009143682,-8.530000000000001
2026-06-02 04:30:00+00:00,2026-06-02 06:30:00+02:00,2026-06-02,6,30,2,1,6,133.4,134.0,-2.6300000000000003,,-4.400000000000006,,,,-4.400000000000006,36593.164124,,0.18193288393651522,6553.154049999999,-570.5734000000002,0.7818314824680298,156.1,12229.73345,16936.16874,24.21583779265088,-0.5999999999999943
2026-06-02 04:45:00+00:00,2026-06-02 06:45:00+02:00,2026-06-02,6,45,3,1,6,124.0,139.46,-3.1866666666666625,,-4.530000000000001,,,,-7.6299999999999955,36282.153019,,-0.002382422592870666,7990.964599999999,-469.12772999999925,0.7818314824680298,158.1,12234.63544,18458.78589,28.720021471672386,-15.460000000000008
2026-06-02 05:00:00+00:00,2026-06-02 07:00:00+02:00,2026-06-02,7,0,0,1,6,141.92,148.1,-0.4899999999999996,,-0.1699999999999875,,,,-0.1699999999999875,35509.311468,,0.10754537992482875,9810.53203,-449.43219,0.7818314824680298,175.0,12191.09819,20159.25976,34.22322164846644,-6.180000000000007
2026-06-02 05:15:00+00:00,2026-06-02 07:15:00+02:00,2026-06-02,7,15,1,1,6,137.12,142.56,-2.0400000000000063,,-2.0800000000000125,,,,-2.0800000000000125,35493.704486999995,,0.05255047619146082,11701.2046,-484.7945300000001,0.7818314824680298,161.15,11847.46436,21764.58886,29.197261857921408,-5.439999999999998
2026-06-02 05:30:00+00:00,2026-06-02 07:30:00+02:00,2026-06-02,7,30,2,1,6,128.19,130.42,-7.490000000000023,,-2.680000000000007,,,,-18.140000000000015,34989.591085,,0.15243225899221557,13925.29087,-544.5772099999999,0.7818314824680298,169.9,11449.58699,23466.285340000002,38.04271458943715,-2.2299999999999898
2026-06-02 05:45:00+00:00,2026-06-02 07:45:00+02:00,2026-06-02,7,45,3,1,6,120.02,122.3,-3.646666666666666,,-5.25,,,,-5.25,33773.099455,,-0.09930134951292101,16377.73064,-548.9922899999997,0.7818314824680298,149.78,11063.395349999999,25293.54639,34.04330036879502,-2.280000000000001
2026-06-02 06:00:00+00:00,2026-06-02 08:00:00+02:00,2026-06-02,8,0,0,1,6,137.45,144.02,-4.266666666666666,,-2.5,,,,-10.0,32708.952321000004,,0.35219400154426145,18772.32453,-578.1716300000003,0.7818314824680298,175.0,10586.29819,27100.412019999996,38.70275614647308,-6.570000000000022
2026-06-02 06:15:00+00:00,2026-06-02 08:15:00+02:00,2026-06-02,8,15,1,1,6,129.86,137.44,-1.673333333333332,,1.7999999999999972,,,,-9.409999999999997,31648.894659999998,,0.0680861406403716,21393.143760000003,-518.99584,0.7818314824680298,165.41,9909.77994,28756.06177,43.67576482825898,-7.579999999999984
2026-06-02 06:30:00+00:00,2026-06-02 08:30:00+02:00,2026-06-02,8,30,2,1,6,119.53,127.53,-0.7266666666666737,,1.4200000000000017,,,,-10.54000000000002,30344.045054999995,,-0.02541041472806464,23968.73009,-497.30411000000004,0.7818314824680298,149.99,9224.01332,30392.14222,44.03867202054705,-8.0
2026-06-02 06:45:00+00:00,2026-06-02 08:45:00+02:00,2026-06-02,8,45,3,1,6,108.29,108.36,1.2166666666666661,,-0.15000000000000568,,,,-1.0499999999999972,28723.826757000003,,-0.268317052543516,26445.34472,-454.36268999999993,0.7818314824680298,123.24,8518.40567,31966.35937,37.60830892236546,-0.06999999999999318
2026-06-02 07:00:00+00:00,2026-06-02 09:00:00+02:00,2026-06-02,9,0,0,1,6,121.98,121.93,-6.946666666666663,,-7.320000000000007,,,,-12.22999999999999,26826.885782999998,,0.29638971436965966,28851.38339,-436.79228999999987,0.7818314824680298,162.51,7859.798130000001,33492.24955,49.53268415904682,0.04999999999999716
2026-06-02 07:15:00+00:00,2026-06-02 09:15:00+02:00,2026-06-02,9,15,1,1,6,106.99,121.27,1.5266666666666708,,-7.439999999999998,,,,-7.97999999999999,25193.109405999996,,-0.09740137047068366,31213.09442,-455.3987000000002,0.7818314824680298,138.13,7625.415300000001,35352.39615,55.00534792181463,-14.280000000000001
2026-06-02 07:30:00+00:00,2026-06-02 09:30:00+02:00,2026-06-02,9,30,2,1,6,96.01,97.54,6.386666666666663,,7.73,,,,-1.8800000000000097,24087.295033999995,,-0.4009057967936412,33410.65876,-468.72468000000026,0.7818314824680298,119.4,7385.77422,37061.082200000004,57.371414775419154,-1.5300000000000011
2026-06-02 07:45:00+00:00,2026-06-02 09:45:00+02:00,2026-06-02,9,45,3,1,6,90.88,94.08,-3.2600000000000056,,-5.3700000000000045,,,,-5.3700000000000045,22703.668490000004,,-0.47054154558795946,35414.6297,-480.34483,0.7818314824680298,111.42,7097.97196,38503.31155,53.15361511694068,-3.200000000000003
2026-06-02 08:00:00+00:00,2026-06-02 10:00:00+02:00,2026-06-02,10,0,0,1,6,102.01,98.93,-3.4833333333333107,,-3.870000000000001,,,,-4.780000000000001,21798.606806999996,,-0.4096120045293405,37087.781919999994,-495.3525099999997,0.7818314824680298,123.8,6890.26527,39780.49051,58.28481792027678,3.0799999999999983
2026-06-02 08:15:00+00:00,2026-06-02 10:15:00+02:00,2026-06-02,10,15,1,1,6,92.01,93.24,1.4466666666666665,,-1.6199999999999997,,,,-4.280000000000001,20542.001233999996,,-0.4880606447688641,38570.33755,-521.1796999999999,0.7818314824680298,115.9,6971.35779,41165.162580000004,65.24791720813688,-1.2299999999999898
2026-06-02 08:30:00+00:00,2026-06-02 10:30:00+02:00,2026-06-02,10,30,2,1,6,87.21,93.4,0.019999999999996614,,-2.05,,,,9.409999999999997,18950.073357999994,,-0.595953669925054,39778.99615,-551.43082,0.7818314824680298,100.79,7056.29812,42383.13857,54.95084561072043,-6.190000000000012
2026-06-02 08:45:00+00:00,2026-06-02 10:45:00+02:00,2026-06-02,10,45,3,1,6,79.2,84.3,0.5733333333333362,,-0.01,,,,-3.969999999999999,18055.826412000002,,-0.5240916193889905,40739.21958,-578.1641999999997,0.7818314824680298,111.14,7150.772,43446.69678,65.87383800366618,-5.099999999999994
2026-06-02 09:00:00+00:00,2026-06-02 11:00:00+02:00,2026-06-02,11,0,0,1,6,85.79,89.82,-2.066666666666664,,-2.21,,,,4.280000000000001,16789.233477999995,,-0.5357114541637165,41539.91681,-605.15859,0.7818314824680298,102.05,7253.12028,44353.715130000004,55.73450188168873,-4.029999999999987
2026-06-02 09:15:00+00:00,2026-06-02 11:15:00+02:00,2026-06-02,11,15,1,1,6,81.16,94.91,-0.5699999999999997,,-3.3299999999999996,,,,5.319999999999993,15799.471456,,-0.3121600797138128,42214.83017,-629.51531,0.7818314824680298,101.28,7436.13497,45117.26158,56.78627386965966,-13.75
2026-06-02 09:30:00+00:00,2026-06-02 11:30:00+02:00,2026-06-02,11,30,2,1,6,78.79,83.54,5.953333333333338,,0.8,,,,20.47,15318.661281999994,,-0.5687329148125058,42769.41283,-653.0197999999998,0.7818314824680298,82.54,7608.68963,45772.16894,46.707012678326,-4.75
2026-06-02 09:45:00+00:00,2026-06-02 11:45:00+02:00,2026-06-02,11,45,3,1,6,76.61,81.12,8.896666666666661,,6.3,,,,17.11,14496.008661,,-0.39482715743152147,43208.761320000005,-685.17545,0.7818314824680298,80.0,7791.08601,46315.33708,48.97954368917673,-4.510000000000005
2026-06-02 10:00:00+00:00,2026-06-02 12:00:00+02:00,2026-06-02,12,0,0,1,6,71.22,86.33,-4.679999999999992,,-4.31,,,,0.5999999999999943,14236.817208999993,,-0.3758595995420339,43467.2647,-720.4085299999999,0.7818314824680298,100.01,7995.0687,46733.772450000004,53.57635890328248,-15.11
2026-06-02 10:15:00+00:00,2026-06-02 12:15:00+02:00,2026-06-02,12,15,1,1,6,72.01,82.43,1.6833333333333327,,2.799999999999997,,,,2.799999999999997,13703.646672000003,,-0.42418078326896036,43545.172430000006,-729.8647699999999,0.7818314824680298,93.33,8169.491120000001,46958.18069,54.78909958498451,-10.420000000000002
2026-06-02 10:30:00+00:00,2026-06-02 12:30:00+02:00,2026-06-02,12,30,2,1,6,71.15,79.41,3.639999999999999,,3.769999999999996,,,,3.769999999999996,13882.011722000003,,-0.38448922044200284,43597.01814,-746.8122700000004,0.7818314824680298,91.81,8330.85047,47062.447029999996,55.24677124804091,-8.259999999999991
2026-06-02 10:45:00+00:00,2026-06-02 12:45:00+02:00,2026-06-02,12,45,3,1,6,74.85,73.95,4.94333333333334,,5.300000000000001,,,,3.8999999999999915,13788.851025000004,,-0.41502274634789327,43504.03574,-764.56131,0.7818314824680298,87.18,8485.037910000001,46993.25464,54.5399092408481,0.8999999999999915
2026-06-02 11:00:00+00:00,2026-06-02 13:00:00+02:00,2026-06-02,13,0,0,1,6,76.03,80.09,1.2933333333333308,,1.0999999999999996,,,,2.6799999999999926,13486.709580999996,,-0.33271300835749196,43337.4071,-769.1304599999999,0.7818314824680298,92.62,8631.15387,46790.78861,55.485427215921746,-4.060000000000002
2026-06-02 11:15:00+00:00,2026-06-02 13:15:00+02:00,2026-06-02,13,15,1,1,6,80.01,85.6,2.0433333333333352,,1.9300000000000068,,,,1.9300000000000068,14257.404664000002,,-0.2703801055278985,43095.8591,-746.3374600000002,0.7818314824680298,92.21,8503.31099,46145.87947,56.51752766472798,-5.589999999999989
2026-06-02 11:30:00+00:00,2026-06-02 13:30:00+02:00,2026-06-02,13,30,2,1,6,82.15,86.52,-1.5533333333333357,,-3.03,,,,3.539999999999992,14633.615418999994,,-0.2646659426766927,42771.81468,-733.31918,0.7818314824680298,88.45,8468.73343,45493.02305,50.65696628631939,-4.36999999999999
2026-06-02 11:45:00+00:00,2026-06-02 13:45:00+02:00,2026-06-02,13,45,3,1,6,83.43,86.69,10.853333333333333,,-3.07,,,,40.21,14919.225833999997,,-0.3975650106424879,42409.78227,-740.9607699999997,0.7818314824680298,48.23,8457.34739,44736.15971,27.66316202702317,-3.259999999999991
2026-06-02 12:00:00+00:00,2026-06-02 14:00:00+02:00,2026-06-02,14,0,0,1,6,80.08,84.91,14.043333333333335,,4.12,,,,42.03,15095.885395999998,,-0.1304505061640636,42089.8378,-834.9257000000002,0.7818314824680298,50.2,8455.59843,44001.53136,30.51883407558736,-4.829999999999998
2026-06-02 12:15:00+00:00,2026-06-02 14:15:00+02:00,2026-06-02,14,15,1,1,6,83.88,89.21,2.96333333333333,,4.42,,,,6.11999999999999,15737.750655000003,,-0.371934783458073,41487.882269999995,-816.1308300000001,0.7818314824680298,86.95,8346.96561,43077.05403,52.72316663479154,-5.329999999999998
2026-06-02 12:30:00+00:00,2026-06-02 14:30:00+02:00,2026-06-02,14,30,2,1,6,85.52,92.5,11.600000000000017,,1.9000000000000004,,,,35.54,16290.578467,,-0.41040481765829556,40749.46384,-787.7880300000002,0.7818314824680298,57.24,8209.29745,42079.4367,34.57026516145533,-6.980000000000004
2026-06-02 12:45:00+00:00,2026-06-02 14:45:00+02:00,2026-06-02,14,45,3,1,6,96.0,96.51,8.006666666666666,,-3.99,,,,32.919999999999995,17054.729310000002,,-0.38534630921081475,39883.459140000006,-755.8271200000004,0.7818314824680298,62.24,8053.7513,40917.11679,34.184985008040634,-0.5100000000000051
2026-06-02 13:00:00+00:00,2026-06-02 15:00:00+02:00,2026-06-02,15,0,0,1,6,85.33,91.88,8.283333333333333,,7.84,,,,6.859999999999999,18517.483117000003,,-0.4042016286018958,38982.167349999996,-720.3302800000001,0.7818314824680298,86.0,7890.37194,39563.65491,55.84278019583318,-6.549999999999997
2026-06-02 13:15:00+00:00,2026-06-02 15:15:00+02:00,2026-06-02,15,15,1,1,6,94.04,96.5,1.566666666666667,,2.530000000000001,,,,2.530000000000001,19899.16979,,-0.35083292331858723,37953.31559,-664.9038,0.7818314824680298,92.59,7870.678629999999,38290.85504,54.63161264323082,-2.4599999999999937
2026-06-02 13:30:00+00:00,2026-06-02 15:30:00+02:00,2026-06-02,15,30,2,1,6,99.31,101.83,1.690000000000002,,-2.0799999999999996,,,,16.040000000000006,20182.870189,,-0.3909196531871728,36803.78914,-601.3031099999998,0.7818314824680298,84.99,7855.19379,36928.00698,46.02909116345111,-2.519999999999996
2026-06-02 13:45:00+00:00,2026-06-02 15:45:00+02:00,2026-06-02,15,45,3,1,6,111.28,108.74,-0.8200000000000003,,-7.54,,,,15.079999999999998,21717.750181999996,,-0.5136466357146502,35567.03401,-533.8665000000001,0.7818314824680298,94.99,7853.617880000001,35480.05243,49.869296165075944,2.5400000000000063
2026-06-02 14:00:00+00:00,2026-06-02 16:00:00+02:00,2026-06-02,16,0,0,1,6,94.18,110.0,7.029999999999994,,8.24,,,,8.939999999999998,23798.539188999996,,-0.5570958738114501,34175.88726,-463.1696400000001,0.7818314824680298,86.17,7884.052680000001,33974.579150000005,52.43370703405701,-15.819999999999993
2026-06-02 14:15:00+00:00,2026-06-02 16:15:00+02:00,2026-06-02,16,15,1,1,6,103.89,111.4,4.393333333333332,,6.6299999999999955,,,,7.0,25091.512043000002,,-0.6189222740195268,32709.57686,-405.63518,0.7818314824680298,93.48,7975.4991,32472.10095,47.76473838861924,-7.510000000000005
2026-06-02 14:30:00+00:00,2026-06-02 16:30:00+02:00,2026-06-02,16,30,2,1,6,111.35,114.32,-2.906666666666673,,-0.8200000000000003,,,,0.020000000000010232,26524.407161999996,,-0.40217416893056845,31202.02967,-343.98105999999984,0.7818314824680298,111.32,8063.89113,30948.01191,50.98517464256931,-2.969999999999999
2026-06-02 14:45:00+00:00,2026-06-02 16:45:00+02:00,2026-06-02,16,45,3,1,6,125.53,126.08,14.469999999999985,,5.080000000000002,,,,-3.309999999999988,28202.44,,-0.4155255302677457,29572.24474,-283.6378199999999,0.7818314824680298,127.1,8151.89138,29356.454110000002,60.45553407257191,-0.5499999999999972
2026-06-02 15:00:00+00:00,2026-06-02 17:00:00+02:00,2026-06-02,17,0,0,1,6,115.3,120.58,0.07666666666665793,,-1.5500000000000114,,,,-1.5500000000000114,30320.623461000003,,-0.5800034362837572,27851.688,-221.89094,0.7818314824680298,105.54,8237.67349,27720.008219999996,48.824208476261084,-5.280000000000001
2026-06-02 15:15:00+00:00,2026-06-02 17:15:00+02:00,2026-06-02,17,15,1,1,6,124.18,121.42,-6.653333333333333,,-5.560000000000002,,,,-5.560000000000002,31942.991713000003,,-0.23759695861540622,25981.76894,-196.0345400000001,0.7818314824680298,118.45,8407.74732,26173.46776,34.837784564084096,2.760000000000005
2026-06-02 15:30:00+00:00,2026-06-02 17:30:00+02:00,2026-06-02,17,30,2,1,6,132.64,134.06,-3.3633333333333346,,-3.1899999999999977,,,,-3.1899999999999977,33560.353678,,0.0457255875135885,24002.61859,-166.61744,0.7818314824680298,131.0,8587.11993,24596.99724,21.96929979160649,-1.420000000000016
2026-06-02 15:45:00+00:00,2026-06-02 17:45:00+02:00,2026-06-02,17,45,3,1,6,140.08,147.2,-2.296666666666667,,-0.5699999999999932,,,,-11.930000000000007,35253.40543,,0.21707263306957114,21970.99361,-141.27861000000007,0.7818314824680298,155.93,8760.69046,23038.39706,32.998862606660225,-7.119999999999976
2026-06-02 16:00:00+00:00,2026-06-02 18:00:00+02:00,2026-06-02,18,0,0,1,6,129.71,135.46,3.7566666666666655,,3.259999999999991,,,,3.259999999999991,37670.344668,,-0.47238153639091224,19968.71107,-126.57640000000015,0.7818314824680298,112.73,8940.28483,21519.935550000002,15.576091722037951,-5.75
2026-06-02 16:15:00+00:00,2026-06-02 18:15:00+02:00,2026-06-02,18,15,1,1,6,139.19,137.69,-7.896666666666661,,-8.929999999999993,,,,-12.409999999999997,39024.072204,,-0.42296335807948765,18040.95151,-137.5997699999998,0.7818314824680298,141.44,9253.104940000001,20216.36807,19.691232397525877,1.5
2026-06-02 16:30:00+00:00,2026-06-02 18:30:00+02:00,2026-06-02,18,30,2,1,6,152.0,148.72,-4.426666666666662,,-4.050000000000011,,,,1.3200000000000216,40040.884261,,-0.23651282289557019,16195.31982,-147.5039099999999,0.7818314824680298,147.76,9557.72596,18971.98726,14.182433970700377,3.280000000000001
2026-06-02 16:45:00+00:00,2026-06-02 18:45:00+02:00,2026-06-02,18,45,3,1,6,162.95,170.0,-11.213333333333333,,-7.6299999999999955,,,,-2.819999999999993,41400.415976,,0.264207419297439,14446.72569,-160.90478999999993,0.7818314824680298,175.29,9860.444290000001,17801.55674,15.446371742256206,-7.050000000000011
2026-06-02 17:00:00+00:00,2026-06-02 19:00:00+02:00,2026-06-02,19,0,0,1,6,152.2,154.42,-20.950000000000003,,-8.209999999999994,,,,-53.900000000000006,42582.333465,,0.25994958979213045,12811.37739,-175.61690999999996,0.7818314824680298,199.99,10156.39744,16735.06823,41.38120628175697,-2.219999999999999
2026-06-02 17:15:00+00:00,2026-06-02 19:15:00+02:00,2026-06-02,19,15,1,1,6,154.73,161.7,-19.823333333333334,,-8.990000000000009,,,,-49.900000000000006,43222.89021299999,,0.5616844914036074,11418.68858,-159.04968999999994,0.7818314824680298,219.9,10460.807260000001,15774.349740000001,47.58489711382528,-6.969999999999999
2026-06-02 17:30:00+00:00,2026-06-02 19:30:00+02:00,2026-06-02,19,30,2,1,6,166.49,175.18,-17.74333333333333,,-17.930000000000007,,,,-20.189999999999998,44106.701559,,0.9201170016583875,10229.24293,-137.14594999999997,0.7818314824680298,230.0,10764.03243,14928.6852,40.81285377590456,-8.689999999999998
2026-06-02 17:45:00+00:00,2026-06-02 19:45:00+02:00,2026-06-02,19,45,3,1,6,173.58,212.5,-4.469999999999989,,0.9200000000000159,,,,17.600000000000023,44693.238091,,0.8457108907989336,9290.95227,-118.41796999999997,0.7818314824680298,290.0,11059.16271,14214.19457,72.51059945506834,-38.91999999999999
2026-06-02 18:00:00+00:00,2026-06-02 20:00:00+02:00,2026-06-02,20,0,0,1,6,162.59,168.46,-19.036666666666672,,-19.220000000000027,,,,-38.50999999999999,44872.709491,,0.7455223202111907,8601.29193,-99.87058999999999,0.7818314824680298,294.5,11349.190209999999,13609.824289999999,82.08195965009605,-5.8700000000000045
2026-06-02 18:15:00+00:00,2026-06-02 20:15:00+02:00,2026-06-02,20,15,1,1,6,160.11,181.47,-10.709999999999988,,-2.8100000000000023,,,,-28.339999999999975,44787.747239,,0.6236157530636572,8232.56433,-81.03903000000003,0.7818314824680298,338.27,11771.13807,13287.911740000001,107.84018839622499,-21.359999999999985
2026-06-02 18:30:00+00:00,2026-06-02 20:30:00+02:00,2026-06-02,20,30,2,1,6,158.94,164.29,-14.926666666666657,,-10.099999999999994,,,,-33.31,44354.615956,,0.7313910345594539,8136.222739999999,-66.05028000000004,0.7818314824680298,380.0,12171.674289999999,13110.219469999998,125.54820203146427,-5.349999999999994
2026-06-02 18:45:00+00:00,2026-06-02 20:45:00+02:00,2026-06-02,20,45,3,1,6,154.89,192.73,-35.839999999999996,,-21.150000000000006,,,,-71.72999999999996,43871.361109,,0.9157787277051994,8217.768900000001,-60.303159999999934,0.7818314824680298,459.64,12553.064999999999,13058.329609999999,161.26135598255817,-37.84
2026-06-02 19:00:00+00:00,2026-06-02 21:00:00+02:00,2026-06-02,21,0,0,1,6,160.99,180.47,14.370000000000005,,-2.769999999999982,,,,62.80000000000001,43152.223562,,0.971226343250115,8459.46622,-67.17271000000005,0.7818314824680298,317.2,12960.51834,13175.64153,85.47502578726375,-19.47999999999999
2026-06-02 19:15:00+00:00,2026-06-02 21:15:00+02:00,2026-06-02,21,15,1,1,6,149.38,165.01,-28.22666666666664,,-24.189999999999998,,,,-52.639999999999986,42174.106440999996,,0.8114992850347399,8874.40759,-71.91578000000004,0.7818314824680298,387.44,13453.1278,13530.02793,122.95024413694094,-15.629999999999995
2026-06-02 19:30:00+00:00,2026-06-02 21:30:00+02:00,2026-06-02,21,30,2,1,6,141.16,165.34,-9.963333333333347,,-6.810000000000002,,,,-6.100000000000023,40956.630076999994,,0.9172625830252228,9351.36185,-74.29971,0.7818314824680298,285.0,13978.215110000001,14012.614720000001,67.3546088499768,-24.180000000000007
2026-06-02 19:45:00+00:00,2026-06-02 21:45:00+02:00,2026-06-02,21,45,3,1,6,128.07,150.01,-59.666666666666664,,-7.450000000000017,,,,-167.67999999999998,39699.867395,,0.8380211060038444,9848.160240000001,-69.82852000000003,0.7818314824680298,399.01,14507.51882,14525.07037,140.6209338375097,-21.939999999999998
2026-06-02 20:00:00+00:00,2026-06-02 22:00:00+02:00,2026-06-02,22,0,0,1,6,144.64,162.71,7.590000000000003,,-3.0200000000000102,,,,29.710000000000008,38346.402332,,0.7544239948158799,10279.66675,-63.32684999999992,0.7818314824680298,237.4,14835.66478,14835.66478,41.59623700929304,-18.07000000000002
2026-06-02 20:15:00+00:00,2026-06-02 22:15:00+02:00,2026-06-02,22,15,1,1,6,136.01,144.7,-12.963333333333338,,-1.410000000000025,,,,-37.25999999999999,37088.944139,,0.8130673411652906,10742.60196,-56.20607999999993,0.7818314824680298,250.0,15194.11843,15194.11843,54.10312467870935,-8.689999999999998
2026-06-02 20:30:00+00:00,2026-06-02 22:30:00+02:00,2026-06-02,22,30,2,1,6,131.49,137.94,-2.0400000000000014,,-0.9399999999999977,,,,-9.97999999999999,35960.910204,,0.8946309655422434,11201.01874,-50.82043999999996,0.7818314824680298,186.32,15549.433,15549.433,19.99423166815773,-6.449999999999989
2026-06-02 20:45:00+00:00,2026-06-02 22:45:00+02:00,2026-06-02,22,45,3,1,6,127.28,125.0,-30.26666666666668,,-6.450000000000017,,,,-81.17000000000002,34976.265448000006,,0.7390669850696068,11657.9911,-39.22145999999998,0.7818314824680298,241.08,15895.68457,15895.68457,54.98813174979938,2.280000000000001
2026-06-02 21:00:00+00:00,2026-06-02 23:00:00+02:00,2026-06-02,23,0,0,1,6,135.54,139.7,3.416666666666657,,3.319999999999993,,,,3.319999999999993,33894.807818999994,,0.778077191745639,12095.24604,-23.020649999999932,0.7818314824680298,166.1,16206.999749999999,16206.999749999999,8.846368369752442,-4.159999999999997
2026-06-02 21:15:00+00:00,2026-06-02 23:15:00+02:00,2026-06-02,23,15,1,1,6,121.17,120.01,0.8000000000000019,,0.9000000000000057,,,,0.9000000000000057,33381.668653999994,,0.5784105398203838,12442.347240000001,39.11292000000003,0.7818314824680298,160.6,16310.84733,16310.84733,9.348370624519237,1.1599999999999966
2026-06-02 21:30:00+00:00,2026-06-02 23:30:00+02:00,2026-06-02,23,30,2,1,6,116.29,125.5,-0.08000000000000303,,-0.18999999999999773,,,,-2.9000000000000057,32598.950743999998,,0.5038939325565678,12798.31359,102.13661000000002,0.7818314824680298,155.88,16416.93504,16416.93504,8.215730845964629,-9.209999999999994
2026-06-02 21:45:00+00:00,2026-06-02 23:45:00+02:00,2026-06-02,23,45,3,1,6,112.9,113.04,-0.963333333333343,,-2.280000000000001,,,,-3.3100000000000023,31738.790415999996,,0.6539277822858951,13158.021809999998,164.69909999999982,0.7818314824680298,147.08,16526.86241,16526.86241,4.521574209647918,-0.14000000000000057
2026-06-02 22:00:00+00:00,2026-06-03 00:00:00+02:00,2026-06-03,0,0,0,2,6,123.3,119.1,-3.8566666666666642,,-6.3799999999999955,,,,-6.179999999999978,27984.796302999996,,0.6043863589465602,13997.532430000001,20.351760000000013,0.9749279121818236,151.73,19528.222,19528.222,2.8047519200974733,4.200000000000003
2026-06-02 22:15:00+00:00,2026-06-03 00:15:00+02:00,2026-06-03,0,15,1,2,6,126.8,118.8,0.9599999999999985,,-2.0250000000000057,,,,-3.8200000000000216,27570.804776000004,,0.6427155515327619,14067.318609999998,81.96245999999974,0.9749279121818236,146.61,19452.19373,19452.19373,3.9217385600377423,8.0
2026-06-02 22:30:00+00:00,2026-06-03 00:30:00+02:00,2026-06-03,0,30,2,2,6,122.34,115.01,0.8766666666666652,,-2.3100000000000023,,,,-3.680000000000007,27638.941919000004,,0.5451262602063179,14212.659819999999,224.94268999999986,0.9749279121818236,142.03,19372.22326,19372.22326,4.389794983818688,7.329999999999998
2026-06-02 22:45:00+00:00,2026-06-03 00:45:00+02:00,2026-06-03,0,45,3,2,6,126.55,112.99,-1.8799999999999955,,-2.8900000000000006,,,,-4.5800000000000125,27132.988634999998,,0.46666414269714424,14333.69543,350.1148199999998,0.9749279121818236,132.36,19302.12753,19302.12753,2.105334494395161,13.560000000000002
2026-06-02 23:00:00+00:00,2026-06-03 01:00:00+02:00,2026-06-03,1,0,0,2,6,121.0,115.01,2.9666666666666592,,1.2649999999999864,,,,-0.8100000000000023,26829.817946000003,,0.8438657067888887,14496.15188,370.9223899999997,0.9749279121818236,144.81,19228.57303,19228.57303,6.130611714991317,5.989999999999995
2026-06-02 23:15:00+00:00,2026-06-03 01:15:00+02:00,2026-06-03,1,15,1,2,6,124.93,114.25,3.3033333333333323,,0.6149999999999949,,,,2.030000000000001,26642.254259,,0.5901688416882263,14653.76643,387.6669200000006,0.9749279121818236,132.47,19132.01702,19132.01702,2.7404804931492595,10.680000000000007
2026-06-02 23:30:00+00:00,2026-06-03 01:30:00+02:00,2026-06-03,1,30,2,2,6,119.14,111.1,-0.7433333333333252,,-1.6899999999999906,,,,-1.519999999999996,26395.04501,,0.5825131660531603,14573.52205,448.8152,0.9749279121818236,127.61,19017.66852,19017.66852,1.891674743008212,8.040000000000006
2026-06-02 23:45:00+00:00,2026-06-03 01:45:00+02:00,2026-06-03,1,45,3,2,6,117.63,110.01,-4.190000000000002,,-5.57,,,,-8.129999999999995,26345.059028,,0.6235829977848594,14462.49582,476.2540600000002,0.9749279121818236,127.1,18893.91241,18893.91241,0.7709085548695831,7.61999999999999
2026-06-03 00:00:00+00:00,2026-06-03 02:00:00+02:00,2026-06-03,2,0,0,2,6,121.6,107.91,2.2033333333333474,,0.1250000000000142,,,,0.0700000000000216,26240.607962000002,,0.3967828576247855,14370.86784,523.0207200000004,0.9749279121818236,130.01,18747.49463,18747.49463,4.840055096106599,13.689999999999998
2026-06-03 00:15:00+00:00,2026-06-03 02:15:00+02:00,2026-06-03,2,15,1,2,6,117.56,107.68,1.0400000000000016,,-0.3749999999999929,,,,-0.8299999999999983,26173.341637999998,,0.5750115983234205,14379.787229999998,467.35941,0.9749279121818236,124.98,18607.52852,18607.52852,1.8426158941444417,9.879999999999995
2026-06-03 00:30:00+00:00,2026-06-03 02:30:00+02:00,2026-06-03,2,30,2,2,6,116.38,107.76,0.6133333333333345,,-0.9699999999999989,,,,-2.030000000000001,26454.015748,,0.7916551197250327,14349.728579999999,457.6454300000005,0.9749279121818236,124.61,18473.54052,18473.54052,2.520138885062771,8.61999999999999
2026-06-03 00:45:00+00:00,2026-06-03 02:45:00+02:00,2026-06-03,2,45,3,2,6,115.36,103.25,0.03666666666667121,,-1.414999999999992,,,,-3.2299999999999898,26520.261452000002,,0.499976537073209,14190.177310000001,542.5794599999999,0.9749279121818236,122.41,18334.78988,18334.78988,2.3127256646647885,12.11
2026-06-03 01:00:00+00:00,2026-06-03 03:00:00+02:00,2026-06-03,3,0,0,2,6,114.34,105.23,0.11333333333332973,,-2.1600000000000037,,,,-2.980000000000004,26478.067504000002,,0.5388350853750843,13674.84901,409.50188999999955,0.9749279121818236,124.34,18184.43407,18184.43407,2.5003399768780183,9.11
2026-06-03 01:15:00+00:00,2026-06-03 03:15:00+02:00,2026-06-03,3,15,1,2,6,113.09,104.3,2.2933333333333317,,0.36999999999999744,,,,-3.030000000000001,26328.646088000005,,0.4547926182195023,13875.55506,517.6936799999994,0.9749279121818236,122.99,18073.440469999998,18073.440469999998,1.4271299870674419,8.790000000000006
2026-06-03 01:30:00+00:00,2026-06-03 03:30:00+02:00,2026-06-03,3,30,2,2,6,112.21,106.73,-0.6066666666666691,,-1.4550000000000054,,,,-1.0900000000000034,26536.924767999997,,0.43324758460409285,13998.54982,433.2354400000004,0.9749279121818236,120.2,17956.145790000002,17956.145790000002,3.799925437860899,5.47999999999999
2026-06-03 01:45:00+00:00,2026-06-03 03:45:00+02:00,2026-06-03,3,45,3,2,6,113.72,108.34,1.6700000000000017,,-1.5850000000000009,,,,-1.5100000000000051,26868.594536000004,,0.2994591175586351,14129.20999,477.7742100000005,0.9749279121818236,119.06,17849.50597,17849.50597,4.7629017765785475,5.3799999999999955
2026-06-03 02:00:00+00:00,2026-06-03 04:00:00+02:00,2026-06-03,4,0,0,2,6,112.77,105.01,-0.6466666666666706,,-2.0600000000000023,,,,-4.3799999999999955,27362.655744000003,,0.5219306248096457,14207.37904,398.1057700000001,0.9749279121818236,122.41,17754.02519,17754.02519,2.7681582324703364,7.759999999999991
2026-06-03 02:15:00+00:00,2026-06-03 04:15:00+02:00,2026-06-03,4,15,1,2,6,116.24,106.42,2.2833333333333363,,1.4400000000000048,,,,-0.20000000000000284,27786.388624,,0.4096404092496417,14275.88771,390.2925400000004,0.9749279121818236,119.01,17728.737289999997,17728.737289999997,3.8701981000098593,9.819999999999993
2026-06-03 02:30:00+00:00,2026-06-03 04:30:00+02:00,2026-06-03,4,30,2,2,6,122.22,107.68,-0.5200000000000008,,-0.980000000000004,,,,0.09999999999999432,28322.011915,,0.4075328997084231,14379.1198,295.2578399999984,0.9749279121818236,120.72,17702.74392,17702.75392,3.6782106156820333,14.539999999999992
2026-06-03 02:45:00+00:00,2026-06-03 04:45:00+02:00,2026-06-03,4,45,3,2,6,120.77,108.14,0.6566666666666711,,-0.014999999999993463,,,,-0.01999999999999602,29117.838495999997,,0.43155650078119573,14362.18418,240.4043500000007,0.9749279121818236,123.97,17685.68902,17692.06302,3.1421807713777254,12.629999999999995
2026-06-03 03:00:00+00:00,2026-06-03 05:00:00+02:00,2026-06-03,5,0,0,2,6,115.75,108.29,0.9033333333333265,,-0.5550000000000068,,,,-2.3400000000000034,30015.700855999996,,0.3980247635725621,14330.488399999998,198.8709400000007,0.9749279121818236,121.56,17665.620450000002,17726.581290000002,3.7324835342342038,7.459999999999994
2026-06-03 03:15:00+00:00,2026-06-03 05:15:00+02:00,2026-06-03,5,15,1,2,6,120.99,109.84,1.5433333333333366,,0.7250000000000014,,,,0.1700000000000017,30167.087364000003,,0.28713299972136747,14404.82972,223.31975000000057,0.9749279121818236,122.36,17599.57059,17792.39661,3.9082647470879683,11.149999999999991
2026-06-03 03:30:00+00:00,2026-06-03 05:30:00+02:00,2026-06-03,5,30,2,2,6,122.73,113.69,1.0933333333333384,,0.4299999999999997,,,,-0.75,30366.358902999997,,0.3650340395834696,14593.834799999999,161.18968000000132,0.9749279121818236,125.0,17535.41521,17959.01639,8.360336915061275,9.040000000000006
2026-06-03 03:45:00+00:00,2026-06-03 05:45:00+02:00,2026-06-03,5,45,3,2,6,126.37,121.28,0.8433333333333147,,0.1699999999999875,,,,0.19999999999998863,31640.727152999996,,0.22688563699768088,14853.26967,163.9939200000008,0.9749279121818236,127.94,17475.797160000002,18292.880670000002,15.35992947032445,5.090000000000003
2026-06-03 04:00:00+00:00,2026-06-03 06:00:00+02:00,2026-06-03,6,0,0,2,6,132.27,127.34,-2.626666666666665,,-1.0350000000000037,,,,-1.230000000000004,33469.848942,,0.2185789423301826,15782.04335,254.78364000000147,0.9749279121818236,128.96,17568.95671,18978.31021,23.403249774336853,4.930000000000007
2026-06-03 04:15:00+00:00,2026-06-03 06:15:00+02:00,2026-06-03,6,15,1,2,6,139.15,131.5,-9.329999999999993,,-6.82,,,,-8.530000000000001,34082.759253000004,,0.37147059980740554,16189.877480000001,52.43234999999913,0.9749279121818236,144.0,17426.98369,19637.02119,25.46953539688822,7.650000000000006
2026-06-03 04:30:00+00:00,2026-06-03 06:30:00+02:00,2026-06-03,6,30,2,2,6,138.91,132.23,-0.8666666666666648,,-2.5,,,,-0.5999999999999943,34924.341741,,0.22851492092520131,16874.4466,23.869979999999487,0.9749279121818236,134.0,17295.25605,20475.95414,22.010061335670585,6.680000000000007
2026-06-03 04:45:00+00:00,2026-06-03 06:45:00+02:00,2026-06-03,6,45,3,2,6,139.03,136.28,-6.829999999999998,,-6.079999999999998,,,,-15.460000000000008,35440.577062000004,,0.06428065628136038,17725.762759999998,-21.964069999999992,0.9749279121818236,139.46,17160.77916,21443.78213,26.901990632664845,2.75
2026-06-03 05:00:00+00:00,2026-06-03 07:00:00+02:00,2026-06-03,7,0,0,2,6,152.5,137.94,-1.8333333333333333,,-1.1599999999999966,,,,-6.180000000000007,35995.218024,,0.11502477669309338,18745.51799,-56.57866000000104,0.9749279121818236,148.1,17024.2128,22534.654590000002,31.67969854654648,14.560000000000002
2026-06-03 05:15:00+00:00,2026-06-03 07:15:00+02:00,2026-06-03,7,15,1,2,6,144.02,135.01,-5.010000000000005,,-3.760000000000005,,,,-5.439999999999998,35723.61744,,0.10047305983133276,19763.04318,-180.0010000000002,0.9749279121818236,142.56,17083.41824,23933.52648,25.331504100625917,9.01000000000002
2026-06-03 05:30:00+00:00,2026-06-03 07:30:00+02:00,2026-06-03,7,30,2,2,6,137.19,134.02,-7.340000000000018,,-2.4549999999999983,,,,-2.2299999999999898,35063.847903999995,,0.09734874467731953,20523.110269999997,-240.1924600000002,0.9749279121818236,130.42,17103.80785,25390.581980000003,34.90473893327435,3.1699999999999875
2026-06-03 05:45:00+00:00,2026-06-03 07:45:00+02:00,2026-06-03,7,45,3,2,6,129.06,126.0,-2.280000000000001,,-3.7650000000000006,,,,-2.280000000000001,34282.393772,,-0.0528350858844951,21762.153420000002,-362.77945999999974,0.9749279121818236,122.3,17118.89115,26926.85,32.29943085153874,3.0600000000000023
2026-06-03 06:00:00+00:00,2026-06-03 08:00:00+02:00,2026-06-03,8,0,0,2,6,154.02,140.0,-6.356666666666674,,-4.535000000000011,,,,-6.570000000000022,33251.403193,,0.31961157563349124,22909.6576,-427.8123400000004,0.9749279121818236,144.02,17077.00772,28490.563970000003,34.50820385550888,14.02000000000001
2026-06-03 06:15:00+00:00,2026-06-03 08:15:00+02:00,2026-06-03,8,15,1,2,6,137.99,127.0,-5.063333333333328,,-2.8899999999999935,,,,-7.579999999999984,32021.402498000003,,0.12791670890926202,24189.283730000003,-409.9320600000001,0.9749279121818236,137.44,17152.19599,30261.92372,39.57590302191551,10.990000000000009
2026-06-03 06:30:00+00:00,2026-06-03 08:30:00+02:00,2026-06-03,8,30,2,2,6,131.8,119.0,-5.706666666666673,,-3.289999999999999,,,,-8.0,29929.604895999997,,0.07279349275602574,25443.319320000002,-381.05710999999974,0.9749279121818236,127.53,17230.259570000002,32073.323190000003,38.365219926386274,12.800000000000011
2026-06-03 06:45:00+00:00,2026-06-03 08:45:00+02:00,2026-06-03,8,45,3,2,6,119.41,113.31,1.243333333333337,,-0.10999999999999943,,,,-0.06999999999999318,27804.994988000006,,-0.1649363949211736,26852.9763,-300.2841499999995,0.9749279121818236,108.36,17340.36372,33932.864499999996,33.007831393980055,6.099999999999994
2026-06-03 07:00:00+00:00,2026-06-03 09:00:00+02:00,2026-06-03,9,0,0,2,6,123.02,133.27,-4.489999999999995,,-4.305000000000007,,,,0.04999999999999716,26100.104756,,0.2672328227944953,28488.01895,-137.81113000000005,0.9749279121818236,121.93,17444.6974,35731.94648,42.32178792694412,-10.250000000000014
2026-06-03 07:15:00+00:00,2026-06-03 09:15:00+02:00,2026-06-03,9,15,1,2,6,117.56,108.8,-0.7533333333333303,,-7.709999999999994,,,,-14.280000000000001,24697.50181,,0.010108991119616328,30086.225319999998,-8.410579999999754,0.9749279121818236,121.27,17416.22973,37373.879669999995,55.321137310554484,8.760000000000005
2026-06-03 07:30:00+00:00,2026-06-03 09:30:00+02:00,2026-06-03,9,30,2,2,6,111.19,106.27,3.299999999999996,,3.0999999999999996,,,,-1.5300000000000011,23978.357529,,-0.30003818584192815,31297.33091,126.54831999999988,0.9749279121818236,97.54,17383.81223,38959.29404,50.05182214465184,4.920000000000002
2026-06-03 07:45:00+00:00,2026-06-03 09:45:00+02:00,2026-06-03,9,45,3,2,6,96.9,92.16,-4.790000000000006,,-4.285000000000004,,,,-3.200000000000003,22694.485801000003,,-0.22362494142420392,32873.33407,260.9535700000006,0.9749279121818236,94.08,17357.70528,40441.44094,46.342310401330096,4.740000000000009
2026-06-03 08:00:00+00:00,2026-06-03 10:00:00+02:00,2026-06-03,10,0,0,2,6,107.01,103.2,-1.8566666666666443,,-2.835000000000001,,,,3.0799999999999983,21375.738600000004,,-0.3197363754631467,34521.09986,402.23165999999947,0.9749279121818236,98.93,17316.33444,41831.37998,50.71806022841528,3.8100000000000023
2026-06-03 08:15:00+00:00,2026-06-03 10:15:00+02:00,2026-06-03,10,15,1,2,6,89.45,94.48,-2.3766666666666634,,-1.4249999999999947,,,,-1.2299999999999898,20992.339401999998,,-0.3432480130791111,35919.669259999995,480.1989400000002,0.9749279121818236,93.24,17263.03656,43152.47404,59.125197110311916,-5.030000000000001
2026-06-03 08:30:00+00:00,2026-06-03 10:30:00+02:00,2026-06-03,10,30,2,2,6,89.0,73.0,-1.3600000000000074,,-4.120000000000006,,,,-6.190000000000012,19107.193385,,-0.3699954065819158,37132.56337,547.4169400000001,0.9749279121818236,93.4,17211.45903,44363.44885,51.97467684683785,16.0
2026-06-03 08:45:00+00:00,2026-06-03 10:45:00+02:00,2026-06-03,10,45,3,2,6,85.76,65.11,-3.026666666666662,,-1.9899999999999993,,,,-5.099999999999994,17926.010267999998,,-0.26954487002849153,38251.264599999995,634.4598900000001,0.9749279121818236,84.3,17169.09687,45497.49293,57.992780010387904,20.650000000000006
2026-06-03 09:00:00+00:00,2026-06-03 11:00:00+02:00,2026-06-03,11,0,0,2,6,84.02,89.95,-2.6733333333333262,,-3.1199999999999934,,,,-4.029999999999987,17301.016351,,-0.2782824658639498,39295.1896,737.3278600000003,0.9749279121818236,89.82,17129.0366,46513.46022,50.448455212556425,-5.930000000000007
2026-06-03 09:15:00+00:00,2026-06-03 11:15:00+02:00,2026-06-03,11,15,1,2,6,82.36,57.14,-3.9199999999999995,,-3.5149999999999997,,,,-13.75,16367.670274999997,,-0.08053898463611373,40325.071840000004,789.4799000000003,0.9749279121818236,94.91,17074.78285,47400.523,54.84557077224493,25.22
2026-06-03 09:30:00+00:00,2026-06-03 11:30:00+02:00,2026-06-03,11,30,2,2,6,89.17,42.56,4.103333333333338,,-1.3049999999999997,,,,-4.75,14960.440883000003,,-0.28373135491896523,41171.79338,845.6590700000006,0.9749279121818236,83.54,17021.462059999998,48179.34639,45.98289392081921,46.61
2026-06-03 09:45:00+00:00,2026-06-03 11:45:00+02:00,2026-06-03,11,45,3,2,6,67.49,27.98,5.293333333333326,,4.79,,,,-4.510000000000005,14296.351118999999,,-0.16309772122403576,42046.88057,894.2925800000003,0.9749279121818236,81.12,16975.336450000003,48878.41823,48.41405890854411,39.50999999999999
2026-06-03 10:00:00+00:00,2026-06-03 12:00:00+02:00,2026-06-03,12,0,0,2,6,76.09,33.44,-8.279999999999992,,-7.32,,,,-15.11,13130.702785000001,,-0.08375921934875125,42920.35364,933.2714699999997,0.9749279121818236,86.33,16937.38551,49502.80081,48.25717356000038,42.650000000000006
2026-06-03 10:15:00+00:00,2026-06-03 12:15:00+02:00,2026-06-03,12,15,1,2,6,61.32,27.25,-3.140000000000002,,0.49999999999999856,,,,-10.420000000000002,12917.112694000003,,-0.14488256265930002,43618.08161,958.8576299999995,0.9749279121818236,82.43,16968.58146,50110.64118,49.996246192422774,34.07
2026-06-03 10:30:00+00:00,2026-06-03 12:30:00+02:00,2026-06-03,12,30,2,2,6,50.61,52.37,-0.22999999999999807,,3.559999999999998,,,,-8.259999999999991,12102.915846999997,,-0.11932570103644324,44215.50883,1014.8844500000005,0.9749279121818236,79.41,16997.78026,50718.58709,49.82002408670657,-1.759999999999998
2026-06-03 10:45:00+00:00,2026-06-03 12:45:00+02:00,2026-06-03,12,45,3,2,6,40.66,18.7,3.3666666666666707,,4.599999999999996,,,,0.8999999999999915,12398.894822000002,,-0.15726609572402983,44712.403040000005,1073.3660799999998,0.9749279121818236,73.95,17032.48156,51221.46931,49.33264740514083,21.959999999999997
2026-06-03 11:00:00+00:00,2026-06-03 13:00:00+02:00,2026-06-03,13,0,0,2,6,51.86,50.09,-0.42666666666666986,,0.5999999999999999,,,,-4.060000000000002,10504.249429999996,,-0.07044655185682075,45339.2563,1126.9420099999998,0.9749279121818236,80.09,17047.967220000002,51613.13644,50.266353557822534,1.769999999999996
2026-06-03 11:15:00+00:00,2026-06-03 13:15:00+02:00,2026-06-03,13,15,1,2,6,45.35,40.0,-1.4633333333333276,,0.6000000000000034,,,,-5.589999999999989,10200.290180999997,,-0.013407644529494714,45739.99816,1203.3543299999992,0.9749279121818236,85.6,17053.70658,51834.85985,51.01502948478324,5.350000000000001
2026-06-03 11:30:00+00:00,2026-06-03 13:30:00+02:00,2026-06-03,13,30,2,2,6,35.44,35.35,-1.286666666666666,,-3.699999999999995,,,,-4.36999999999999,9777.327955999994,,0.009186970693591008,46044.12336,1276.948910000001,0.9749279121818236,86.52,17068.389880000002,51953.124970000004,48.76966509351185,0.0899999999999963
2026-06-03 11:45:00+00:00,2026-06-03 13:45:00+02:00,2026-06-03,13,45,3,2,6,22.67,15.0,11.293333333333337,,-3.1649999999999956,,,,-3.259999999999991,8394.843705000007,,-0.048977702752264395,46326.87478,1303.24615,0.9749279121818236,86.69,17090.25568,51982.074609999996,41.85471219986274,7.670000000000002
2026-06-03 12:00:00+00:00,2026-06-03 14:00:00+02:00,2026-06-03,14,0,0,2,6,27.76,29.21,13.773333333333335,,0.050000000000000266,,,,-4.829999999999998,9053.261663000005,,0.06060832953761206,46244.92168,826.0585700000001,0.9749279121818236,84.91,17160.2663,52008.51914999999,44.86817840444661,-1.4499999999999993
2026-06-03 12:15:00+00:00,2026-06-03 14:15:00+02:00,2026-06-03,14,15,1,2,6,33.04,36.06,-0.28666666666666946,,1.385,,,,-5.329999999999998,8503.188268999998,,-0.010864837333427323,46342.839210000006,863.0151600000008,0.9749279121818236,89.21,17193.44125,51912.79484,49.88431650662689,-3.020000000000003
2026-06-03 12:30:00+00:00,2026-06-03 14:30:00+02:00,2026-06-03,14,30,2,2,6,32.53,37.88,8.640000000000017,,-0.36999999999999966,,,,-6.980000000000004,8494.177861999997,,-0.054917034031840194,46231.17794,906.7399100000002,0.9749279121818236,92.5,17208.03422,51693.6797,44.72840521786267,-5.350000000000001
2026-06-03 12:45:00+00:00,2026-06-03 14:45:00+02:00,2026-06-03,14,45,3,2,6,36.31,49.02,9.473333333333331,,-2.2500000000000027,,,,-0.5100000000000051,8153.414865999999,,-0.07014352696063983,45857.22519,953.2257799999998,0.9749279121818236,96.51,17214.30461,51298.87968,45.21596436363264,-12.71
2026-06-03 13:00:00+00:00,2026-06-03 15:00:00+02:00,2026-06-03,15,0,0,2,6,0.79,29.38,2.7166666666666672,,7.35,,,,-6.549999999999997,9011.012945999995,,-0.09848680952173239,45410.08102,1008.7727800000002,0.9749279121818236,91.88,17227.53771,50717.00972,55.924424300420334,-28.59
2026-06-03 13:15:00+00:00,2026-06-03 15:15:00+02:00,2026-06-03,15,15,1,2,6,19.0,44.81,-0.7766666666666642,,0.06500000000000061,,,,-2.4599999999999937,8653.393789999995,,-0.06455303473521307,44887.0807,1058.5828900000006,0.9749279121818236,96.5,17198.38044,50028.19189,53.23584976310608,-25.810000000000002
2026-06-03 13:30:00+00:00,2026-06-03 15:30:00+02:00,2026-06-03,15,30,2,2,6,30.77,48.75,1.5433333333333366,,-2.299999999999998,,,,-2.519999999999996,9689.945791999999,,-0.09470493375667245,44443.53188,1103.60037,0.9749279121818236,101.83,17167.89536,49222.4051,49.513059893324666,-17.98
2026-06-03 13:45:00+00:00,2026-06-03 15:45:00+02:00,2026-06-03,15,45,3,2,6,29.16,65.46,3.3600000000000017,,-2.499999999999997,,,,2.5400000000000063,10750.004001000001,,-0.15908220645856327,43669.293390000006,1148.2916299999997,0.9749279121818236,108.74,17133.02994,48274.6075,51.907867419111284,-36.3
2026-06-03 14:00:00+00:00,2026-06-03 16:00:00+02:00,2026-06-03,16,0,0,2,6,32.34,39.19,0.4533333333333302,,6.075,,,,-15.819999999999993,12196.719098000001,,-0.21922432322833224,42728.89228,1176.2054699999999,0.9749279121818236,110.0,17094.77005,47128.05599,57.99925545499101,-6.849999999999994
2026-06-03 14:15:00+00:00,2026-06-03 16:15:00+02:00,2026-06-03,16,15,1,2,6,43.89,54.55,2.0399999999999965,,3.0899999999999976,,,,-7.510000000000005,13270.524058999996,,-0.24842496467791989,41532.630189999996,1302.6935700000004,0.9749279121818236,111.4,16886.320460000003,45675.49762,43.845487795210076,-10.659999999999997
2026-06-03 14:30:00+00:00,2026-06-03 16:30:00+02:00,2026-06-03,16,30,2,2,6,55.17,84.14,-1.2566666666666724,,-1.8949999999999996,,,,-2.969999999999999,14855.355712000004,,-0.04752571561689638,40170.59906,1434.5323000000008,0.9749279121818236,114.32,16663.79208,44116.926269999996,28.295309387481137,-28.97
2026-06-03 14:45:00+00:00,2026-06-03 16:45:00+02:00,2026-06-03,16,45,3,2,6,91.47,107.76,12.59333333333332,,2.2650000000000023,,,,-0.5499999999999972,16547.275454999995,,-0.04972389429211364,38670.10141,1556.0434300000006,0.9749279121818236,126.08,16426.487,42389.84064,50.82670295556507,-16.290000000000006
2026-06-03 15:00:00+00:00,2026-06-03 17:00:00+02:00,2026-06-03,17,0,0,2,6,70.03,67.87,-4.370000000000009,,-3.4150000000000063,,,,-5.280000000000001,18095.583124000004,,-0.18227047462133458,37097.69613,1690.5317800000003,0.9749279121818236,120.58,16364.04235,40715.850699999995,28.22496294653738,2.1599999999999966
2026-06-03 15:15:00+00:00,2026-06-03 17:15:00+02:00,2026-06-03,17,15,1,2,6,79.84,95.07,-4.609999999999999,,-4.465,,,,2.760000000000005,20407.120345000003,,-0.09164425266309478,35311.999630000006,1770.9492600000003,0.9749279121818236,121.42,16146.07926,38790.4087,17.686070790319395,-15.22999999999999
2026-06-03 15:30:00+00:00,2026-06-03 17:30:00+02:00,2026-06-03,17,30,2,2,6,90.02,106.37,-1.553333333333337,,-2.305000000000007,,,,-1.420000000000016,22122.165403,,0.07610524284304732,33475.67907,1851.0711100000008,0.9749279121818236,134.06,15988.598520000001,36813.17248,16.54270836350977,-16.35000000000001
2026-06-03 15:45:00+00:00,2026-06-03 17:45:00+02:00,2026-06-03,17,45,3,2,6,110.19,117.41,-6.539999999999992,,-3.8449999999999847,,,,-7.119999999999976,24183.299865000008,,0.24470548462555297,31521.796499999997,1939.7562400000006,0.9749279121818236,147.2,15739.4081,34663.075639999995,18.419642595154485,-7.219999999999999
2026-06-03 16:00:00+00:00,2026-06-03 18:00:00+02:00,2026-06-03,18,0,0,2,6,107.06,103.26,3.603333333333334,,-1.0150000000000077,,,,-5.75,26555.920157,,-0.26241022910825035,29098.30875,2001.958279999999,0.9749279121818236,135.46,15459.13643,32399.3327,21.688473897441778,3.799999999999997
2026-06-03 16:15:00+00:00,2026-06-03 18:15:00+02:00,2026-06-03,18,15,1,2,6,118.51,124.99,-4.419999999999997,,-5.6399999999999935,,,,1.5,28746.714104,,0.0950243161483741,26773.317150000003,1841.6240399999997,0.9749279121818236,137.69,15162.599729999998,30098.13871,12.008939725611894,-6.47999999999999
2026-06-03 16:30:00+00:00,2026-06-03 18:30:00+02:00,2026-06-03,18,30,2,2,6,122.31,130.81,0.18333333333333712,,-1.3649999999999949,,,,3.280000000000001,31259.581577,,0.2894676570186441,24427.16816,1680.7307400000009,0.9749279121818236,148.72,14831.13326,27718.72654,6.812344187816359,-8.5
2026-06-03 16:45:00+00:00,2026-06-03 18:45:00+02:00,2026-06-03,18,45,3,2,6,140.88,150.9,-5.833333333333333,,-7.340000000000003,,,,-7.050000000000011,33800.53351,,0.6621434972271188,22112.759360000004,1529.4407599999995,0.9749279121818236,170.0,14490.62835,25380.556230000002,13.582386879091176,-10.02000000000001
2026-06-03 17:00:00+00:00,2026-06-03 19:00:00+02:00,2026-06-03,19,0,0,2,6,122.95,132.76,-18.953333333333337,,-5.214999999999996,,,,-2.219999999999999,35881.448288,,0.4623697557797265,19835.24512,1413.4626499999995,0.9749279121818236,154.42,14142.15134,23142.43818,34.74578103885411,-9.809999999999988
2026-06-03 17:15:00+00:00,2026-06-03 19:15:00+02:00,2026-06-03,19,15,1,2,6,137.81,146.82,-19.149999999999995,,-7.980000000000004,,,,-6.969999999999999,37701.077245,,0.6399265480374522,17695.908020000003,1466.4348199999986,0.9749279121818236,161.7,13829.23487,21078.19891,42.15203593343208,-9.009999999999991
2026-06-03 17:30:00+00:00,2026-06-03 19:30:00+02:00,2026-06-03,19,30,2,2,6,144.68,141.58,-14.663333333333327,,-16.52000000000001,,,,-8.689999999999998,39583.749086,,0.8307635792047626,15660.88491,1505.67281,0.9749279121818236,175.18,13521.976499999999,19197.997479999998,36.512521596479374,3.0999999999999943
2026-06-03 17:45:00+00:00,2026-06-03 19:45:00+02:00,2026-06-03,19,45,3,2,6,164.99,175.0,-6.799999999999983,,-15.504999999999995,,,,-38.91999999999999,41376.498237,,0.6587191697735714,13865.55596,1555.6223699999991,0.9749279121818236,212.5,13223.23001,17526.98831,69.88856630379554,-10.009999999999991
2026-06-03 18:00:00+00:00,2026-06-03 20:00:00+02:00,2026-06-03,20,0,0,2,6,146.23,152.9,-14.586666666666664,,-12.545000000000016,,,,-5.8700000000000045,42441.143714000005,,0.6518132393836581,12243.57617,1582.5145000000011,0.9749279121818236,168.46,13012.99752,16121.075820000002,80.73633898891705,-6.670000000000016
2026-06-03 18:15:00+00:00,2026-06-03 20:15:00+02:00,2026-06-03,20,15,1,2,6,147.1,154.91,-16.893333333333317,,-12.084999999999994,,,,-21.359999999999985,42499.159917,,0.7654044083905203,11057.70856,1652.1059399999995,0.9749279121818236,181.47,13290.68517,15377.77114,101.5858456347797,-7.810000000000002
2026-06-03 18:30:00+00:00,2026-06-03 20:30:00+02:00,2026-06-03,20,30,2,2,6,151.4,145.29,-13.343333333333325,,-7.724999999999994,,,,-5.349999999999994,42881.40981,,0.7839616207268717,10192.59793,1724.6446699999997,0.9749279121818236,164.29,13578.293539999999,14837.9582,126.59119914117268,6.110000000000014
2026-06-03 18:45:00+00:00,2026-06-03 20:45:00+02:00,2026-06-03,20,45,3,2,6,147.9,162.09,-43.57333333333332,,-29.495000000000005,,,,-37.84,42526.826838,,0.8556382431703891,9521.01002,1799.6988300000012,0.9749279121818236,192.73,13850.84115,14497.00881,158.0272901537369,-14.189999999999998
2026-06-03 19:00:00+00:00,2026-06-03 21:00:00+02:00,2026-06-03,21,0,0,2,6,151.53,160.52,13.51666666666668,,-9.844999999999999,,,,-19.47999999999999,41669.989298,,0.8180017235179547,9186.933130000001,1824.4525400000002,0.9749279121818236,180.47,14376.72401,14622.01648,85.98434993260926,-8.990000000000009
2026-06-03 19:15:00+00:00,2026-06-03 21:15:00+02:00,2026-06-03,21,15,1,2,6,143.84,150.01,-30.819999999999975,,-19.909999999999997,,,,-15.629999999999995,40221.662145,,0.8851142624402946,9083.488489999998,1795.01138,0.9749279121818236,165.01,15437.28354,15510.56009,124.61964385013054,-6.1699999999999875
2026-06-03 19:30:00+00:00,2026-06-03 21:30:00+02:00,2026-06-03,21,30,2,2,6,134.36,143.11,-15.75333333333335,,-11.89500000000001,,,,-24.180000000000007,38295.040236999994,,0.8822886602170328,9055.02056,1750.2589200000002,0.9749279121818236,165.34,16515.39461,16541.52494,68.49880680226023,-8.75
2026-06-03 19:45:00+00:00,2026-06-03 21:45:00+02:00,2026-06-03,21,45,3,2,6,115.95,132.75,-65.69,,-14.695000000000007,,,,-21.939999999999998,36527.346685,,0.8232671105625924,9049.40762,1698.3285800000012,0.9749279121818236,150.01,17609.13306,17622.06844,142.39760543398646,-16.799999999999997
2026-06-03 20:00:00+00:00,2026-06-03 22:00:00+02:00,2026-06-03,22,0,0,2,6,135.5,139.12,2.8733333333333255,,-3.469999999999999,,,,-18.07000000000002,34922.996053,,0.9098386488840613,9086.57548,1643.2725900000005,0.9749279121818236,162.71,18566.689319999998,18566.689319999998,43.281936570967794,-3.6200000000000045
2026-06-03 20:15:00+00:00,2026-06-03 22:15:00+02:00,2026-06-03,22,15,1,2,6,125.83,127.45,-15.78666666666667,,-5.050000000000011,,,,-8.689999999999998,32990.609318999996,,0.9018142335745838,9258.17003,1641.1761100000003,0.9749279121818236,144.7,19815.04286,19815.04286,58.08461528953515,-1.6200000000000045
2026-06-03 20:30:00+00:00,2026-06-03 22:30:00+02:00,2026-06-03,22,30,2,2,6,91.04,117.73,-5.789999999999992,,-3.694999999999993,,,,-6.449999999999989,30598.937906000003,,0.8007829356372128,9431.08346,1640.734989999999,0.9749279121818236,137.94,21077.33684,21077.33684,25.037867321318743,-26.689999999999998
2026-06-03 20:45:00+00:00,2026-06-03 22:45:00+02:00,2026-06-03,22,45,3,2,6,95.5,111.2,-28.446666666666676,,-4.815000000000012,,,,2.280000000000001,28922.868862000003,,0.6927429794372778,9638.637,1649.7232299999996,0.9749279121818236,125.0,22309.39419,22309.39419,62.14875944055488,-15.700000000000003
2026-06-03 21:00:00+00:00,2026-06-03 23:00:00+02:00,2026-06-03,23,0,0,2,6,86.69,115.97,-0.2533333333333398,,1.6999999999999886,,,,-4.159999999999997,26557.565817000002,,0.7402537203637918,9862.78666,1676.6826100000017,0.9749279121818236,139.7,23444.47283,23444.47283,13.224023593446224,-29.28
2026-06-03 21:15:00+00:00,2026-06-03 23:15:00+02:00,2026-06-03,23,15,1,2,6,109.5,108.8,-0.08666666666666363,,1.0300000000000011,,,,1.1599999999999966,24843.835900000002,,0.6724425467478263,10150.82782,1583.902689999999,0.9749279121818236,120.01,24331.12727,24331.12727,20.654435359022436,0.7000000000000028
2026-06-03 21:30:00+00:00,2026-06-03 23:30:00+02:00,2026-06-03,23,30,2,2,6,108.63,100.3,-4.099999999999999,,-1.5450000000000017,,,,-9.209999999999994,23263.249571,,0.769428007511741,10450.377700000001,1485.4883199999986,0.9749279121818236,125.5,25209.71445,25209.71445,15.247932100233621,8.329999999999998
2026-06-03 21:45:00+00:00,2026-06-03 23:45:00+02:00,2026-06-03,23,45,3,2,6,92.78,82.41,-1.9100000000000061,,-1.2100000000000009,,,,-0.14000000000000057,21512.735466000002,,0.637639384634785,10756.95546,1393.5084199999983,0.9749279121818236,113.04,26070.6476,26070.6476,17.948612759765552,10.370000000000005
2026-06-03 22:00:00+00:00,2026-06-04 00:00:00+02:00,2026-06-04,0,0,0,3,6,80.45,100.55,-0.2633333333333259,,-6.179999999999978,,,,4.200000000000003,17089.783373,,0.3960333811118484,10330.86078,-309.2525999999998,0.43388373911755823,119.1,29498.52048,29498.52048,18.64015289636764,-20.099999999999994
2026-06-03 22:15:00+00:00,2026-06-04 00:15:00+02:00,2026-06-04,0,15,1,3,6,68.51,90.2,3.7033333333333283,,-0.22999999999998977,,,,8.0,15561.706742999999,,0.452376721358537,10671.33844,-223.2283499999976,0.43388373911755823,118.8,30062.21044,30062.21044,14.736961468813337,-21.689999999999998
2026-06-03 22:30:00+00:00,2026-06-04 00:30:00+02:00,2026-06-04,0,30,2,3,6,58.22,84.99,3.6333333333333306,,-0.9399999999999977,,,,7.329999999999998,14319.932587,,0.31254724673470896,11091.364080000001,-55.80446999999913,0.43388373911755823,115.01,30611.61166,30611.61166,13.973220816975664,-26.769999999999996
2026-06-03 22:45:00+00:00,2026-06-04 00:45:00+02:00,2026-06-04,0,45,3,3,6,40.82,79.99,3.0400000000000014,,-1.1999999999999886,,,,13.560000000000002,13087.668895000003,,0.2135163294356245,11261.08993,-105.77760000000126,0.43388373911755823,112.99,31146.17508,31146.17508,11.430411191202149,-39.169999999999995
2026-06-03 23:00:00+00:00,2026-06-04 01:00:00+02:00,2026-06-04,1,0,0,3,6,63.42,80.46,3.849999999999999,,3.339999999999975,,,,5.989999999999995,12141.595181999997,,0.6258496905183452,11358.38995,-302.2643199999984,0.43388373911755823,115.01,31597.64011,31597.64011,15.709173540747425,-17.039999999999992
2026-06-03 23:15:00+00:00,2026-06-04 01:15:00+02:00,2026-06-04,1,15,1,3,6,58.33,79.81,7.130000000000005,,2.030000000000001,,,,10.680000000000007,11496.095383,,0.39448718582464626,11532.08174,-614.7346600000001,0.43388373911755823,114.25,31876.6129,31876.6129,9.502257626479896,-21.480000000000004
2026-06-03 23:30:00+00:00,2026-06-04 01:30:00+02:00,2026-06-04,1,30,2,3,6,43.03,73.25,1.5533333333333417,,-1.519999999999996,,,,8.040000000000006,10915.798412,,0.3404348844472634,11705.02587,-575.5702999999994,0.43388373911755823,111.1,32150.8354,32150.8354,10.68300987549849,-30.22
2026-06-03 23:45:00+00:00,2026-06-04 01:45:00+02:00,2026-06-04,1,45,3,3,6,38.02,69.09,-1.1733333333333367,,-3.010000000000005,,,,7.61999999999999,10487.762973,,0.5123614658630652,11880.386629999999,-838.2941100000007,0.43388373911755823,110.01,32386.30286,32386.30286,10.044602198858106,-31.07
2026-06-04 00:00:00+00:00,2026-06-04 02:00:00+02:00,2026-06-04,2,0,0,3,6,42.02,69.99,6.706666666666678,,0.18000000000000682,,,,13.689999999999998,10114.767313000004,,0.24174028764424976,12013.414509999999,-1003.6543299999994,0.43388373911755823,107.91,32477.50322,32477.50322,11.131582696694528,-27.96999999999999
2026-06-04 00:15:00+00:00,2026-06-04 02:15:00+02:00,2026-06-04,2,15,1,3,6,43.49,68.7,4.306666666666662,,0.0800000000000125,,,,9.879999999999995,9835.568279,,0.4529670648739649,12008.08619,-1290.5882600000004,0.43388373911755823,107.68,32496.605369999997,32496.605369999997,10.202359204289698,-25.21
2026-06-04 00:30:00+00:00,2026-06-04 02:30:00+02:00,2026-06-04,2,30,2,3,6,38.02,63.57,3.4566666666666634,,0.09000000000000341,,,,8.61999999999999,9632.349363000001,,0.4047033799969871,11953.56645,-1280.56509,0.43388373911755823,107.76,32543.57615,32543.57615,9.562585075874724,-25.549999999999997
2026-06-04 00:45:00+00:00,2026-06-04 02:45:00+02:00,2026-06-04,2,45,3,3,6,33.11,65.83,3.0933333333333386,,0.4000000000000057,,,,12.11,9591.33527,,0.297663239963862,12076.49695,-1298.4572599999992,0.43388373911755823,103.25,32524.315619999998,32524.315619999998,12.397662414073558,-32.72
2026-06-04 01:00:00+00:00,2026-06-04 03:00:00+02:00,2026-06-04,3,0,0,3,6,39.47,66.4,3.596666666666664,,-1.3400000000000034,,,,9.11,9508.167722999999,,0.3487592207674284,12021.783089999999,-1224.7857199999999,0.43388373911755823,105.23,32537.77457,32537.77457,10.649492945674792,-26.930000000000007
2026-06-04 01:15:00+00:00,2026-06-04 03:15:00+02:00,2026-06-04,3,15,1,3,6,36.01,65.0,3.9666666666666686,,3.769999999999996,,,,8.790000000000006,9392.575679999998,,0.25026324700658964,12102.63925,-1178.9225999999999,0.43388373911755823,104.3,32369.38617,32369.38617,10.069294910766502,-28.990000000000002
2026-06-04 01:30:00+00:00,2026-06-04 03:30:00+02:00,2026-06-04,3,30,2,3,6,35.02,66.98,1.8266666666666633,,-1.0900000000000034,,,,5.47999999999999,9465.887201000001,,0.25163451377950274,12058.99466,-1022.3360300000004,0.43388373911755823,106.73,32193.77651,32193.77651,9.203783642247547,-31.96
2026-06-04 01:45:00+00:00,2026-06-04 03:45:00+02:00,2026-06-04,3,45,3,3,6,35.33,68.69,4.016666666666666,,-1.5100000000000051,,,,5.3799999999999955,9586.751133999998,,0.20640979995535147,12081.81366,-944.973680000001,0.43388373911755823,108.34,32005.3799,32005.3799,5.8455225030217886,-33.36
2026-06-04 02:00:00+00:00,2026-06-04 04:00:00+02:00,2026-06-04,4,0,0,3,6,37.01,66.49,1.2133333333333287,,0.2599999999999909,,,,7.759999999999991,9824.994106999999,,0.371525855030093,12038.75719,-735.2594900000004,0.43388373911755823,105.01,31818.05513,31818.05513,11.300001474925917,-29.479999999999997
2026-06-04 02:15:00+00:00,2026-06-04 04:15:00+02:00,2026-06-04,4,15,1,3,6,35.01,66.2,4.529999999999997,,3.0800000000000125,,,,9.819999999999993,10086.159107,,0.28377562622033675,11794.97427,-681.3394099999987,0.43388373911755823,106.42,31567.402970000003,31567.402970000003,8.080464095581956,-31.190000000000005
2026-06-04 02:30:00+00:00,2026-06-04 04:30:00+02:00,2026-06-04,4,30,2,3,6,33.4,66.17,5.013333333333331,,0.09999999999999432,,,,14.539999999999992,10383.503529999998,,0.24289705114210042,11562.34075,-456.93851000000177,0.43388373911755823,107.68,31347.41081,31347.43081,9.425767873228407,-32.77
2026-06-04 02:45:00+00:00,2026-06-04 04:45:00+02:00,2026-06-04,4,45,3,3,6,38.01,70.0,4.200000000000003,,-0.009999999999990905,,,,12.629999999999995,10677.276003000003,,0.22141569478653947,11441.27934,-281.5457900000001,0.43388373911755823,108.14,31118.218399999998,31135.759649999996,11.167328836089114,-31.990000000000002
2026-06-04 03:00:00+00:00,2026-06-04 05:00:00+02:00,2026-06-04,5,0,0,3,6,26.43,64.12,2.9799999999999947,,1.2299999999999898,,,,7.459999999999994,11296.956854,,0.2887001397639122,11316.11838,-201.79853999999978,0.43388373911755823,108.29,30875.29782,30963.22809,8.691860176816672,-37.690000000000005
2026-06-04 03:15:00+00:00,2026-06-04 05:15:00+02:00,2026-06-04,5,15,1,3,6,28.23,68.59,4.833333333333333,,1.2800000000000011,,,,11.149999999999991,11205.012346,,0.19820620210674095,11207.445230000001,-110.43487999999888,0.43388373911755823,109.84,30604.11876,30882.01916,10.250957678838132,-40.36
2026-06-04 03:30:00+00:00,2026-06-04 05:30:00+02:00,2026-06-04,5,30,2,3,6,28.82,73.07,3.5700000000000074,,1.6099999999999994,,,,9.040000000000006,11293.836372000005,,0.21936430092924583,11144.29566,-91.71430999999939,0.43388373911755823,113.69,30324.38839,30942.34497,12.282511958064763,-44.24999999999999
2026-06-04 03:45:00+00:00,2026-06-04 05:45:00+02:00,2026-06-04,5,45,3,3,6,33.01,72.0,1.8099999999999834,,0.19999999999998863,,,,5.090000000000003,12177.352507000003,,0.1331645022717808,11369.443739999999,-37.22033999999985,0.43388373911755823,121.28,30051.64169,31191.90999,13.53347824224584,-38.99
2026-06-04 04:00:00+00:00,2026-06-04 06:00:00+02:00,2026-06-04,6,0,0,3,6,43.14,80.0,-2.816666666666663,,-0.8400000000000034,,,,4.930000000000007,12223.985872000005,,0.20787611225607183,12352.64848,-311.8869400000003,0.43388373911755823,127.34,30258.404029999998,32133.927239999997,21.28500176180397,-36.86
2026-06-04 04:15:00+00:00,2026-06-04 06:15:00+02:00,2026-06-04,6,15,1,3,6,49.14,85.09,-6.016666666666661,,-5.109999999999999,,,,7.650000000000006,11438.036468000006,,0.3146736820483379,13020.0576,-303.0594699999983,0.43388373911755823,131.5,29849.008439999998,32661.313459999998,20.832057827620936,-35.95
2026-06-04 04:30:00+00:00,2026-06-04 06:30:00+02:00,2026-06-04,6,30,2,3,6,51.43,74.77,0.5600000000000023,,-0.5999999999999943,,,,6.680000000000007,11397.523644,,0.10783864014517967,13743.9028,-232.9465799999998,0.43388373911755823,132.23,29434.343500000003,33362.80072,13.299873432981137,-23.339999999999996
2026-06-04 04:45:00+00:00,2026-06-04 06:45:00+02:00,2026-06-04,6,45,3,3,6,52.29,88.47,-6.780000000000001,,-4.530000000000001,,,,2.75,10659.762439999999,,0.0907643122886802,14816.58669,-328.4629299999997,0.43388373911755823,136.28,28999.33881,34229.1717,11.787524478588251,-36.18
2026-06-04 05:00:00+00:00,2026-06-04 07:00:00+02:00,2026-06-04,7,0,0,3,6,72.92,89.02,2.7366666666666695,,-0.1699999999999875,,,,14.560000000000002,10565.478405999995,,0.07351831391902465,15987.0367,-536.9043199999996,0.43388373911755823,137.94,28499.518350000002,35218.56416,19.149757178618664,-16.099999999999994
2026-06-04 05:15:00+00:00,2026-06-04 07:15:00+02:00,2026-06-04,7,15,1,3,6,68.0,79.26,0.4966666666666697,,-2.0800000000000125,,,,9.01000000000002,10200.517114000002,,0.14115123340024485,17087.776729999998,-681.8127299999996,0.43388373911755823,135.01,27938.747409999996,36310.23298,13.452943915739212,-11.260000000000005
2026-06-04 05:30:00+00:00,2026-06-04 07:30:00+02:00,2026-06-04,7,30,2,3,6,62.34,76.4,-5.733333333333358,,-2.2299999999999898,,,,3.1699999999999875,9746.121534999998,,0.1540240910490939,18399.426079999997,-879.5282700000007,0.43388373911755823,134.02,27338.681549999998,37459.6904,21.82889827728449,-14.060000000000002
2026-06-04 05:45:00+00:00,2026-06-04 07:45:00+02:00,2026-06-04,7,45,3,3,6,55.33,78.73,-1.4899999999999995,,-2.280000000000001,,,,3.0600000000000023,9429.202575999996,,0.043281767000074356,20120.98213,-793.9259099999999,0.43388373911755823,126.0,26655.06712,38575.94662,14.912683639550984,-23.400000000000006
2026-06-04 06:00:00+00:00,2026-06-04 08:00:00+02:00,2026-06-04,8,0,0,3,6,79.99,102.37,-0.8500000000000038,,-2.5,,,,14.02000000000001,9119.325467000002,,0.29205481304368497,22061.45285,-780.5468500000006,0.43388373911755823,140.0,26040.09301,39780.98268,19.15254900354925,-22.38000000000001
2026-06-04 06:15:00+00:00,2026-06-04 08:15:00+02:00,2026-06-04,8,15,1,3,6,63.69,70.01,-1.9999999999999905,,1.7999999999999972,,,,10.990000000000009,8213.443199999994,,0.17333911041575348,24254.13416,-762.7772999999997,0.43388373911755823,127.0,25801.40882,41369.3337,19.86052449794325,-6.320000000000007
2026-06-04 06:30:00+00:00,2026-06-04 08:30:00+02:00,2026-06-04,8,30,2,3,6,54.37,60.27,-1.9133333333333364,,1.4200000000000017,,,,12.800000000000011,7281.99663300001,,0.1847665866709598,26473.04149,-688.2230899999995,0.43388373911755823,119.0,25570.692189999998,42940.37871999999,16.008292642668824,-5.900000000000006
2026-06-04 06:45:00+00:00,2026-06-04 08:45:00+02:00,2026-06-04,8,45,3,3,6,26.18,45.82,1.6600000000000013,,-0.06999999999999318,,,,6.099999999999994,6246.771099000005,,0.03502996739803832,28671.09222,-622.4275600000001,0.43388373911755823,113.31,25567.74788,44704.741599999994,7.5776183593586985,-19.64
2026-06-04 07:00:00+00:00,2026-06-04 09:00:00+02:00,2026-06-04,9,0,0,3,6,50.24,49.99,-7.476666666666664,,-7.320000000000007,,,,-10.250000000000014,4810.772043999998,,0.3954726484858431,30808.35686,-449.5772300000008,0.43388373911755823,133.27,25648.59426,46455.61308,20.93764392985148,0.25
2026-06-04 07:15:00+00:00,2026-06-04 09:15:00+02:00,2026-06-04,9,15,1,3,6,21.95,34.99,-4.499999999999996,,-7.439999999999998,,,,8.760000000000005,3727.454408999998,,0.1779439101739768,33054.81685,-383.6559300000008,0.43388373911755823,108.8,25868.23242,48241.68453,14.719654660800902,-13.040000000000003
2026-06-04 07:30:00+00:00,2026-06-04 09:30:00+02:00,2026-06-04,9,30,2,3,6,7.73,20.54,0.5033333333333303,,4.920000000000002,,,,4.920000000000002,2583.591570999997,,-0.0015190808181126537,35168.40601,-321.23983000000044,0.43388373911755823,106.27,26112.96707,49905.90928,11.00355548598738,-12.809999999999999
2026-06-04 07:45:00+00:00,2026-06-04 09:45:00+02:00,2026-06-04,9,45,3,3,6,0.84,9.76,-1.2766666666666708,,-3.200000000000003,,,,4.740000000000009,1575.4755280000027,,0.006535631829692536,37071.94971,-241.9794499999989,0.43388373911755823,92.16,26225.64416,51214.96251,10.609033886264994,-8.92
2026-06-04 08:00:00+00:00,2026-06-04 10:00:00+02:00,2026-06-04,10,0,0,3,6,12.97,14.14,0.7033333333333568,,-1.8000000000000007,,,,3.8100000000000023,740.7293549999958,,-0.029633381131924253,38743.70346,-164.875759999999,0.43388373911755823,103.2,26210.89446,52246.4127,13.29855756588544,-1.17
2026-06-04 08:15:00+00:00,2026-06-04 10:15:00+02:00,2026-06-04,10,15,1,3,6,-0.02,5.0,-3.5133333333333305,,-1.6199999999999997,,,,-5.030000000000001,-70.9563049999997,,-0.0871920961365353,40257.27499,-121.94182,0.43388373911755823,94.48,26195.0426,53184.16127,12.739895342319546,-5.02
2026-06-04 08:30:00+00:00,2026-06-04 10:30:00+02:00,2026-06-04,10,30,2,3,6,-6.0,0.02,6.406666666666659,,-2.05,,,,16.0,-488.42832500000804,,-0.1147816497430455,41591.09176,-77.58835999999974,0.43388373911755823,73.0,26188.99003,53943.955700000006,14.393610851110799,-6.02
2026-06-04 08:45:00+00:00,2026-06-04 10:45:00+02:00,2026-06-04,10,45,3,3,6,-9.97,0.0,3.8600000000000065,,-0.01,,,,20.650000000000006,-790.7407410000014,,-0.04147061327914391,42717.365399999995,-39.67949000000044,0.43388373911755823,65.11,26174.49353,54516.9339,23.120707169113757,-9.97
2026-06-04 09:00:00+00:00,2026-06-04 11:00:00+02:00,2026-06-04,11,0,0,3,6,-0.5,4.26,-1.8933333333333289,,-4.029999999999987,,,,-5.930000000000007,-1345.5505589999957,,-0.01957044604004803,43641.64277,-0.20305000000007567,0.43388373911755823,89.95,26170.35369,54947.94547,7.023766795672529,-4.76
2026-06-04 09:15:00+00:00,2026-06-04 11:15:00+02:00,2026-06-04,11,15,1,3,6,-6.0,1.75,5.596666666666667,,-3.3299999999999996,,,,25.22,-1376.1489229999934,,0.07855664485829636,44525.6658,49.982379999999466,0.43388373911755823,57.14,26102.803399999997,55217.435549999995,23.858923557724268,-7.75
2026-06-04 09:30:00+00:00,2026-06-04 11:30:00+02:00,2026-06-04,11,30,2,3,6,-4.72,0.46,20.77666666666667,,0.8,,,,46.61,-1625.0235649999959,,-0.09871793282682584,45178.07821000001,93.3625600000014,0.43388373911755823,42.56,26079.78891,55485.53952,23.376486761986182,-5.18
2026-06-04 09:45:00+00:00,2026-06-04 11:45:00+02:00,2026-06-04,11,45,3,3,6,2.32,-0.01,17.36999999999999,,6.3,,,,39.50999999999999,-1860.746668000007,,-0.020492414996653118,45665.9045,135.87646999999924,0.43388373911755823,27.98,26060.18057,55787.942800000004,30.36224190229231,2.3299999999999996
2026-06-04 10:00:00+00:00,2026-06-04 12:00:00+02:00,2026-06-04,12,0,0,3,6,0.0,5.6,9.38000000000001,,-4.31,,,,42.650000000000006,-2423.273316000006,,0.04618738352775873,46044.8612,202.92417999999998,0.43388373911755823,33.44,26126.27589,56053.03878,35.15693246004264,-5.6
2026-06-04 10:15:00+00:00,2026-06-04 12:15:00+02:00,2026-06-04,12,15,1,3,6,-0.01,-1.82,8.816666666666665,,2.799999999999997,,,,34.07,-2782.795438000001,,0.0015684783015649131,46342.53468,228.31316999999945,0.43388373911755823,27.25,26157.107930000002,56077.0968,35.4264703294022,1.81
2026-06-04 10:30:00+00:00,2026-06-04 12:30:00+02:00,2026-06-04,12,30,2,3,6,0.0,2.5,-2.083333333333331,,3.35,,,,-1.759999999999998,-2929.1787079999995,,0.08960944977777939,46546.50642,278.64096000000063,0.43388373911755823,52.37,26222.82404,56098.12982,20.16777627801392,-2.5
2026-06-04 10:45:00+00:00,2026-06-04 12:45:00+02:00,2026-06-04,12,45,3,3,6,4.99,-3.4,8.920000000000003,,5.300000000000001,,,,21.959999999999997,-3111.6153019999983,,-0.014965636973197485,46650.86351,290.31125000000065,0.43388373911755823,18.7,26308.23769,56016.21009,36.32516528982741,8.39
2026-06-04 11:00:00+00:00,2026-06-04 13:00:00+02:00,2026-06-04,13,0,0,3,6,5.0,0.4,0.12999999999999545,,1.0999999999999996,,,,1.769999999999996,-3462.8439449999933,,0.12144211420462475,46736.8594,292.08010999999897,0.43388373911755823,50.09,26417.366289999998,55874.814979999996,21.854830892353114,4.6
2026-06-04 11:15:00+00:00,2026-06-04 13:15:00+02:00,2026-06-04,13,15,1,3,6,3.07,-0.05,0.5633333333333396,,1.9300000000000068,,,,5.350000000000001,-3302.983288999996,,0.1409408962311526,46595.9233,275.4462800000001,0.43388373911755823,40.0,26559.019089999998,55631.279429999995,28.42808529136826,3.1199999999999997
2026-06-04 11:30:00+00:00,2026-06-04 13:30:00+02:00,2026-06-04,13,30,2,3,6,1.99,0.5,-0.24666666666666717,,-3.03,,,,0.0899999999999963,-3360.2485219999944,,0.16409777804415646,46312.794089999996,258.2530999999999,0.43388373911755823,35.35,26786.06066,55363.011029999994,30.115621084967046,1.49
2026-06-04 11:45:00+00:00,2026-06-04 13:45:00+02:00,2026-06-04,13,45,3,3,6,4.94,-0.08,14.873333333333337,,-3.07,,,,7.670000000000002,-3620.6506130000053,,0.06721209257444388,46020.6986,222.82572000000073,0.43388373911755823,15.0,27163.3398,55127.68637,35.876781256591826,5.0200000000000005
2026-06-04 12:00:00+00:00,2026-06-04 14:00:00+02:00,2026-06-04,14,0,0,3,6,3.95,-5.01,11.916666666666666,,-1.4499999999999993,,,,-1.4499999999999993,-3523.6786990000037,,0.16827179310534496,45531.95683,-110.76246999999967,0.43388373911755823,29.21,27684.73388,55026.792140000005,28.130215664535097,8.96
2026-06-04 12:15:00+00:00,2026-06-04 14:15:00+02:00,2026-06-04,14,15,1,3,6,3.0,-0.01,-0.7433333333333372,,-1.65,,,,-3.020000000000003,-3457.907456000001,,0.14843792949164702,45038.546050000004,-159.72398000000067,0.43388373911755823,36.06,27984.06459,54627.68039,30.055011229410557,3.01
2026-06-04 12:30:00+00:00,2026-06-04 14:30:00+02:00,2026-06-04,14,30,2,3,6,6.37,-0.04,7.736666666666682,,-2.6399999999999997,,,,-5.350000000000001,-3010.6804429999975,,0.11157844780102065,44389.596320000004,-210.89862999999968,0.43388373911755823,37.88,28135.912829999997,54053.684219999996,27.693024392434797,6.41
2026-06-04 12:45:00+00:00,2026-06-04 14:45:00+02:00,2026-06-04,14,45,3,3,6,3.99,-0.01,6.566666666666663,,-3.99,,,,-12.71,-2543.9355820000055,,0.13065671205787377,43561.6192,-264.8713800000005,0.43388373911755823,49.02,28267.36377,53231.494340000005,24.510206717473775,4.0
2026-06-04 13:00:00+00:00,2026-06-04 15:00:00+02:00,2026-06-04,15,0,0,3,6,4.0,-3.89,-9.426666666666666,,6.859999999999999,,,,-28.59,-1281.3275099999955,,0.04223341674222559,42639.617190000004,-325.57214999999997,0.43388373911755823,29.38,28372.31191,52228.44287,34.512434474163584,7.890000000000001
2026-06-04 13:15:00+00:00,2026-06-04 15:15:00+02:00,2026-06-04,15,15,1,3,6,3.99,0.0,-8.579999999999998,,-2.4,,,,-25.810000000000002,-494.3409890000039,,0.10599949581339026,41602.53681,-381.8824199999999,0.43388373911755823,44.81,28481.77272,51275.105800000005,28.780990833071204,3.99
2026-06-04 13:30:00+00:00,2026-06-04 15:30:00+02:00,2026-06-04,15,30,2,3,6,6.43,11.8,-1.4866666666666635,,-2.519999999999996,,,,-17.98,-6.503471000003628,,0.09288169530548092,40472.14358,-435.9126500000002,0.43388373911755823,48.75,28601.238260000002,50267.35212,27.124434249091497,-5.370000000000001
2026-06-04 13:45:00+00:00,2026-06-04 15:45:00+02:00,2026-06-04,15,45,3,3,6,9.51,6.45,-6.226666666666664,,-7.54,,,,-36.3,674.5483929999973,,0.08817688203162007,39301.7573,-478.62981000000036,0.43388373911755823,65.46,28729.51543,49212.34251,22.11425558322105,3.0599999999999996
2026-06-04 14:00:00+00:00,2026-06-04 16:00:00+02:00,2026-06-04,16,0,0,3,6,10.39,6.3,-4.576666666666668,,3.91,,,,-6.849999999999994,2074.9815089999975,,-0.038728858400643114,37993.80965,-530.9706999999999,0.43388373911755823,39.19,28822.56164,48084.43221,36.0301850305171,4.090000000000001
2026-06-04 14:15:00+00:00,2026-06-04 16:15:00+02:00,2026-06-04,16,15,1,3,6,17.31,14.67,-3.723333333333334,,-0.44999999999999996,,,,-10.659999999999997,3131.1660989999946,,-0.016395782152107824,36565.071169999996,-482.0017400000015,0.43388373911755823,54.55,28834.49711,46888.04613,29.064852198716785,2.639999999999999
2026-06-04 14:30:00+00:00,2026-06-04 16:30:00+02:00,2026-06-04,16,30,2,3,6,34.25,34.98,-10.640000000000006,,-2.969999999999999,,,,-28.97,4905.091027000002,,0.257820860603719,35028.45559,-421.42629000000125,0.43388373911755823,84.14,28789.34923,45705.12425,16.626208226770828,-0.7299999999999969
2026-06-04 14:45:00+00:00,2026-06-04 16:45:00+02:00,2026-06-04,16,45,3,3,6,50.89,24.99,-6.716666666666683,,-0.5499999999999972,,,,-16.290000000000006,6034.569424000001,,0.25576309593122903,33356.02729,-345.87684999999874,0.43388373911755823,107.76,28691.8185,44399.98382,10.883461459170688,25.900000000000002
2026-06-04 15:00:00+00:00,2026-06-04 17:00:00+02:00,2026-06-04,17,0,0,3,6,21.05,37.06,-1.5566666666666766,,-1.5500000000000114,,,,2.1599999999999966,8401.053391000001,,0.09487595164601019,31593.09607,-260.6836800000001,0.43388373911755823,67.87,28565.04869,43058.91441,27.152576918837884,-16.01
2026-06-04 15:15:00+00:00,2026-06-04 17:15:00+02:00,2026-06-04,17,15,1,3,6,28.03,62.0,-6.009999999999995,,-5.560000000000002,,,,-15.22999999999999,9552.607212000003,,0.2914231738102553,29635.26472,-135.4291400000002,0.43388373911755823,95.07,28366.279430000002,41647.65504,14.43241606015851,-33.97
2026-06-04 15:30:00+00:00,2026-06-04 17:30:00+02:00,2026-06-04,17,30,2,3,6,65.63,84.13,-6.986666666666674,,-3.1899999999999977,,,,-16.35000000000001,11017.698700999994,,0.36409761968876236,27588.868159999998,12.21791999999914,0.43388373911755823,106.37,28173.938130000002,40215.499760000006,15.180780612344522,-18.5
2026-06-04 15:45:00+00:00,2026-06-04 17:45:00+02:00,2026-06-04,17,45,3,3,6,87.48,98.73,-8.75666666666666,,-7.119999999999976,,,,-7.219999999999999,12427.377740000004,,0.5287980892723413,25474.66333,173.77657999999974,0.43388373911755823,117.41,28081.83761,38874.08285,20.1967299333307,-11.25
2026-06-04 16:00:00+00:00,2026-06-04 18:00:00+02:00,2026-06-04,18,0,0,3,6,69.39,74.4,0.4366666666666627,,3.259999999999991,,,,3.799999999999997,15047.217544,,0.10469735301899775,23315.781329999998,353.6288399999994,0.43388373911755823,103.26,27913.37215,37519.21389,16.548785453924243,-5.010000000000005
2026-06-04 16:15:00+00:00,2026-06-04 18:15:00+02:00,2026-06-04,18,15,1,3,6,80.24,91.71,-5.796666666666662,,-6.47999999999999,,,,-6.47999999999999,16240.121612000003,,0.3889218394497375,21020.5122,413.3171600000005,0.43388373911755823,124.99,27811.09374,36270.94018,8.62124314315405,-11.469999999999999
2026-06-04 16:30:00+00:00,2026-06-04 18:30:00+02:00,2026-06-04,18,30,2,3,6,92.89,102.14,-1.2999999999999925,,-4.050000000000011,,,,-8.5,17113.284266000002,,0.4076935170989563,18717.43424,478.91365999999834,0.43388373911755823,130.81,27709.823389999998,35077.201519999995,10.074656321678779,-9.25
2026-06-04 16:45:00+00:00,2026-06-04 18:45:00+02:00,2026-06-04,18,45,3,3,6,104.1,117.29,-6.630000000000005,,-7.6299999999999955,,,,-10.02000000000001,18029.321589,,0.6988312321825723,16447.85466,538.6004499999999,0.43388373911755823,150.9,27601.61771,33939.25286,12.830083138207174,-13.190000000000012
2026-06-04 17:00:00+00:00,2026-06-04 19:00:00+02:00,2026-06-04,19,0,0,3,6,95.04,110.05,-21.976666666666663,,-8.209999999999994,,,,-9.809999999999988,19350.345246999997,,0.667668571648826,14270.60261,585.4855499999994,0.43388373911755823,132.76,27477.37698,32819.6872,34.316306619448355,-15.009999999999991
2026-06-04 17:15:00+00:00,2026-06-04 19:15:00+02:00,2026-06-04,19,15,1,3,6,101.23,110.54,-21.959999999999997,,-8.990000000000009,,,,-9.009999999999991,20464.622738,,0.7603573692925905,12256.349619999999,645.6893600000003,0.43388373911755823,146.82,27388.52491,31770.527430000002,38.6206783990134,-9.310000000000002
2026-06-04 17:30:00+00:00,2026-06-04 19:30:00+02:00,2026-06-04,19,30,2,3,6,110.81,113.1,-8.593333333333325,,-15.110000000000014,,,,3.0999999999999943,21438.988527999998,,0.8027326921489497,10400.80973,693.2767000000003,0.43388373911755823,141.58,27303.61376,30761.22031,44.632366432146135,-2.289999999999992
2026-06-04 17:45:00+00:00,2026-06-04 19:45:00+02:00,2026-06-04,19,45,3,3,6,118.16,117.72,-10.44333333333332,,-10.009999999999991,,,,-10.009999999999991,22342.444195000004,,0.7147471941397892,8754.93572,736.1366900000012,0.43388373911755823,175.0,27209.38542,29829.29984,58.64796103304325,0.4399999999999977
2026-06-04 18:00:00+00:00,2026-06-04 20:00:00+02:00,2026-06-04,20,0,0,3,6,111.7,114.27,-17.01666666666667,,-6.670000000000016,,,,-6.670000000000016,23283.257082000004,,0.6432884366717604,7351.30502,781.1285399999997,0.43388373911755823,152.9,27134.07748,29030.86827,77.65173876567947,-2.569999999999993
2026-06-04 18:15:00+00:00,2026-06-04 20:15:00+02:00,2026-06-04,20,15,1,3,6,118.14,112.21,-19.169999999999987,,-7.810000000000002,,,,-7.810000000000002,23890.489614,,0.748188391396012,6284.39281,863.3047800000004,0.43388373911755823,154.91,27111.84923,28423.407619999998,99.08965906356369,5.930000000000007
2026-06-04 18:30:00+00:00,2026-06-04 20:30:00+02:00,2026-06-04,20,30,2,3,6,118.59,117.0,-10.849999999999985,,-5.349999999999994,,,,6.110000000000014,23782.259108,,0.7518982426625536,5443.33488,941.0438400000003,0.43388373911755823,145.29,27096.70041,27943.151980000002,130.3716407045644,1.5900000000000034
2026-06-04 18:45:00+00:00,2026-06-04 20:45:00+02:00,2026-06-04,20,45,3,3,6,118.68,121.3,-41.25333333333332,,-21.150000000000006,,,,-14.189999999999998,23770.587507,,0.8156391171168922,4791.72872,1017.6603899999991,0.43388373911755823,162.09,27101.99504,27598.58798,163.66416844664974,-2.6199999999999903
2026-06-04 19:00:00+00:00,2026-06-04 21:00:00+02:00,2026-06-04,21,0,0,3,6,115.86,115.92,11.443333333333337,,-8.990000000000009,,,,-8.990000000000009,23632.937550000002,,0.7527316444611474,4399.25788,1053.6144000000004,0.43388373911755823,160.52,27204.78056,27450.321669999998,85.28551830957822,-0.060000000000002274
2026-06-04 19:15:00+00:00,2026-06-04 21:15:00+02:00,2026-06-04,21,15,1,3,6,113.15,114.35,-24.813333333333304,,-15.629999999999995,,,,-6.1699999999999875,23319.851573999997,,0.8426824179704719,4263.84349,1061.5630700000002,0.43388373911755823,150.01,27398.00123,27502.00216,132.96184277202755,-1.1999999999999886
2026-06-04 19:30:00+00:00,2026-06-04 21:30:00+02:00,2026-06-04,21,30,2,3,6,115.94,111.23,-13.01000000000001,,-8.75,,,,-8.75,22684.282704999998,,0.8516938110363163,4201.55947,1092.02859,0.43388373911755823,143.11,27586.921,27631.79412,76.3167310183905,4.709999999999994
2026-06-04 19:45:00+00:00,2026-06-04 21:45:00+02:00,2026-06-04,21,45,3,3,6,106.78,101.88,-68.80666666666666,,-16.799999999999997,,,,-16.799999999999997,22199.705374000005,,0.7433068335352125,4158.55529,1133.011059999999,0.43388373911755823,132.75,27763.89609,27786.457219999997,148.99289423772294,4.900000000000006
2026-06-04 20:00:00+00:00,2026-06-04 22:00:00+02:00,2026-06-04,22,0,0,3,6,119.77,116.0,2.673333333333327,,-3.6200000000000045,,,,-3.6200000000000045,22077.210503000002,,0.8197573630495381,4133.02577,1144.9237700000012,0.43388373911755823,139.12,27516.034789999998,27516.034789999998,51.30633911451176,3.769999999999996
2026-06-04 20:15:00+00:00,2026-06-04 22:15:00+02:00,2026-06-04,22,15,1,3,6,115.93,108.9,-15.856666666666664,,-1.6200000000000045,,,,-1.6200000000000045,21335.904943,,0.7936407014947873,4072.8267,1196.9271399999998,0.43388373911755823,127.45,27756.74733,27756.74733,66.33771551689102,7.030000000000001
2026-06-04 20:30:00+00:00,2026-06-04 22:30:00+02:00,2026-06-04,22,30,2,3,6,110.88,102.75,-14.373333333333326,,-6.449999999999989,,,,-26.689999999999998,20565.324042,,0.5978786689211091,4014.67786,1215.61557,0.43388373911755823,117.73,28004.3258,28004.3258,35.24593735453718,8.129999999999995
2026-06-04 20:45:00+00:00,2026-06-04 22:45:00+02:00,2026-06-04,22,45,3,3,6,102.07,97.56,-31.530000000000005,,-6.450000000000017,,,,-15.700000000000003,19764.357558000003,,0.5881989061970132,3948.40873,1215.3170100000025,0.43388373911755823,111.2,28255.52179,28255.52179,71.33701797337264,4.509999999999991
2026-06-04 21:00:00+00:00,2026-06-04 23:00:00+02:00,2026-06-04,23,0,0,3,6,100.36,95.0,-10.040000000000001,,0.07999999999998408,,,,-29.28,18719.694072000006,,0.485773502412277,3886.1598999999997,1248.979080000001,0.43388373911755823,115.97,28497.417589999997,28497.417589999997,25.076847888042458,5.359999999999999
2026-06-04 21:15:00+00:00,2026-06-04 23:15:00+02:00,2026-06-04,23,15,1,3,6,100.0,91.54,0.9200000000000017,,0.9000000000000057,,,,0.7000000000000028,17952.692813999998,,0.4183543643997599,3813.89209,1300.113889999997,0.43388373911755823,108.8,28743.88208,28743.88208,27.253293990513562,8.459999999999994
2026-06-04 21:30:00+00:00,2026-06-04 23:30:00+02:00,2026-06-04,23,30,2,3,6,90.24,99.31,-1.2600000000000005,,-0.18999999999999773,,,,8.329999999999998,17232.408406,,0.47389455124396823,3738.8543499999996,1372.7135999999991,0.43388373911755823,100.3,28990.02443,28990.02443,27.830201819845556,-9.070000000000007
2026-06-04 21:45:00+00:00,2026-06-04 23:45:00+02:00,2026-06-04,23,45,3,3,6,87.75,90.21,2.3066666666666626,,-0.14000000000000057,,,,10.370000000000005,16511.087071999995,,0.11337924123336199,3666.41384,1452.5912299999982,0.43388373911755823,82.41,29232.590210000002,29232.590210000002,32.34998042245699,-2.4599999999999937
2026-06-04 22:00:00+00:00,2026-06-05 00:00:00+02:00,2026-06-05,0,0,0,4,6,123.74,93.68,-7.35999999999999,,-6.3799999999999955,,,,-20.099999999999994,15331.636948000003,,0.08799594903604431,3665.22078,1630.6525799999981,-0.433883739117558,100.55,29751.55546,29751.55546,25.91078218296983,30.059999999999988
2026-06-04 22:15:00+00:00,2026-06-05 00:15:00+02:00,2026-06-05,0,15,1,4,6,109.5,80.73,-5.836666666666673,,-2.0250000000000057,,,,-21.689999999999998,14767.184706,,0.04732809195744926,3420.87755,1787.1429700000008,-0.433883739117558,90.2,29770.40898,29770.40898,28.205921955030902,28.769999999999996
2026-06-04 22:30:00+00:00,2026-06-05 00:30:00+02:00,2026-06-05,0,30,2,4,6,105.64,78.88,-7.706666666666668,,-2.3100000000000023,,,,-26.769999999999996,14444.454989999998,,-0.1234287726022534,3210.58583,1970.4068000000007,-0.433883739117558,84.99,29784.059220000003,29784.059220000003,28.5331456380114,26.760000000000005
2026-06-04 22:45:00+00:00,2026-06-05 00:45:00+02:00,2026-06-05,0,45,3,4,6,98.14,74.99,-10.063333333333334,,-2.8900000000000006,,,,-39.169999999999995,13936.987715,,-0.31069035533376593,3077.5120100000004,1928.8582500000011,-0.433883739117558,79.99,29798.66443,29798.66443,26.478965866009585,23.150000000000006
2026-06-04 23:00:00+00:00,2026-06-05 01:00:00+02:00,2026-06-05,1,0,0,4,6,106.32,82.11,-3.953333333333333,,1.2649999999999864,,,,-17.039999999999992,13627.229861,,0.06866987737682505,2936.09868,1852.4298000000017,-0.433883739117558,80.46,29773.973039999997,29773.973039999997,32.20420521194878,24.209999999999994
2026-06-04 23:15:00+00:00,2026-06-05 01:15:00+02:00,2026-06-05,1,15,1,4,6,105.99,79.21,-2.923333333333332,,0.6149999999999949,,,,-21.480000000000004,13442.788911,,-0.11251632403607043,2887.73499,1804.3812499999985,-0.433883739117558,79.81,29539.53083,29539.53083,26.743091319690794,26.78
2026-06-04 23:30:00+00:00,2026-06-05 01:30:00+02:00,2026-06-05,1,30,2,4,6,104.99,73.97,-7.899999999999996,,-1.6899999999999906,,,,-30.22,13509.775145000003,,-0.238716448975337,2792.1643299999996,1699.4715700000015,-0.433883739117558,73.25,29303.76357,29303.76357,27.8693744697171,31.019999999999996
2026-06-04 23:45:00+00:00,2026-06-05 01:45:00+02:00,2026-06-05,1,45,3,4,6,103.91,75.0,-10.526666666666669,,-5.57,,,,-31.07,13414.579198000003,,-0.07751010562812022,2753.49548,1626.6320400000004,-0.433883739117558,69.09,29045.77707,29045.77707,29.80960303884148,28.909999999999997
2026-06-05 00:00:00+00:00,2026-06-05 02:00:00+02:00,2026-06-05,2,0,0,4,6,104.27,72.4,-4.736666666666653,,0.1250000000000142,,,,-27.96999999999999,13522.693184,,-0.26674124671261057,2716.73604,1529.3600100000003,-0.433883739117558,69.99,28709.282909999998,28709.282909999998,30.355495932917197,31.86999999999999
2026-06-05 00:15:00+00:00,2026-06-05 02:15:00+02:00,2026-06-05,2,15,1,4,6,97.23,71.54,-5.386666666666668,,-0.3749999999999929,,,,-25.21,13738.069227,,-0.14974204334294355,2650.2780000000002,1398.3068300000014,-0.433883739117558,68.7,28332.36943,28332.36943,28.827558573929874,25.689999999999998
2026-06-05 00:30:00+00:00,2026-06-05 02:30:00+02:00,2026-06-05,2,30,2,4,6,106.41,86.5,-6.320000000000003,,-0.9699999999999989,,,,-25.549999999999997,13981.305599,,-0.19318832892198784,2619.83275,1049.6552699999993,-0.433883739117558,63.57,27952.83251,27952.83251,31.52395967091303,19.909999999999997
2026-06-05 00:45:00+00:00,2026-06-05 02:45:00+02:00,2026-06-05,2,45,3,4,6,106.62,91.39,-7.946666666666663,,-1.414999999999992,,,,-32.72,14192.649879000004,,-0.24256013165671095,2609.618,692.576140000001,-0.433883739117558,65.83,27574.67288,27574.67288,28.77689582518121,15.230000000000004
2026-06-05 01:00:00+00:00,2026-06-05 03:00:00+02:00,2026-06-05,3,0,0,4,6,105.94,72.2,-6.933333333333337,,-2.1600000000000037,,,,-26.930000000000007,14575.250521000002,,-0.20912111193759894,2591.69971,501.1887999999999,-0.433883739117558,66.4,27183.58004,27183.58004,29.524014519257328,33.739999999999995
2026-06-05 01:15:00+00:00,2026-06-05 03:15:00+02:00,2026-06-05,3,15,1,4,6,102.92,75.0,-7.743333333333332,,0.36999999999999744,,,,-28.990000000000002,15057.630867000003,,-0.3206135036943839,2594.15991,355.46923999999854,-0.433883739117558,65.0,26686.28831,26686.28831,29.59911654086979,27.92
2026-06-05 01:30:00+00:00,2026-06-05 03:30:00+02:00,2026-06-05,3,30,2,4,6,104.94,82.8,-9.190000000000005,,-1.4550000000000054,,,,-31.96,15560.251084,,-0.3264446191422986,2608.0684300000003,111.31358000000182,-0.433883739117558,66.98,26171.33136,26171.33136,27.67029634824993,22.14
2026-06-05 01:45:00+00:00,2026-06-05 03:45:00+02:00,2026-06-05,3,45,3,4,6,108.2,76.81,-9.830000000000004,,-1.5850000000000009,,,,-33.36,16335.762833,,-0.38672000353146707,2598.8522199999998,-45.788489999999,-0.433883739117558,68.69,25642.32997,25642.32997,26.533556741102984,31.39
2026-06-05 02:00:00+00:00,2026-06-05 04:00:00+02:00,2026-06-05,4,0,0,4,6,105.25,80.9,-8.700000000000001,,-2.0600000000000023,,,,-29.479999999999997,17138.626382000002,,-0.2146574374015014,2579.67659,-180.51005000000077,-0.433883739117558,66.49,25123.20697,25123.20697,28.61700193940655,24.349999999999994
2026-06-05 02:15:00+00:00,2026-06-05 04:15:00+02:00,2026-06-05,4,15,1,4,6,105.97,86.8,-7.190000000000005,,1.4400000000000048,,,,-31.190000000000005,17785.796157999997,,-0.3163510126557228,2564.3434500000003,-151.06255000000237,-0.433883739117558,66.2,24670.6878,24670.6878,27.583366364532022,19.17
2026-06-05 02:30:00+00:00,2026-06-05 04:30:00+02:00,2026-06-05,4,30,2,4,6,109.99,91.81,-6.043333333333339,,-0.980000000000004,,,,-32.77,18697.210919,,-0.34012778167716423,2559.52478,-255.4718900000007,-0.433883739117558,66.17,24221.804529999998,24221.834529999996,28.486324789273734,18.179999999999993
2026-06-05 02:45:00+00:00,2026-06-05 04:45:00+02:00,2026-06-05,4,45,3,4,6,114.26,99.82,-6.460000000000001,,-0.014999999999993463,,,,-31.990000000000002,19473.985551999995,,-0.31825630828911483,2613.8641799999996,-281.38754999999946,-0.433883739117558,70.0,23772.08578,23780.281030000002,27.742895186575986,14.440000000000012
2026-06-05 03:00:00+00:00,2026-06-05 05:00:00+02:00,2026-06-05,5,0,0,4,6,106.26,89.99,-10.856666666666671,,-0.5550000000000068,,,,-37.690000000000005,20887.619889,,-0.371952231939782,2594.11438,-334.48489999999947,-0.433883739117558,64.12,23332.45527,23388.99467,30.073342015812017,16.27000000000001
2026-06-05 03:15:00+00:00,2026-06-05 05:15:00+02:00,2026-06-05,5,15,1,4,6,107.58,93.1,-9.680000000000001,,0.7250000000000014,,,,-40.36,21006.226438,,-0.37914416592912936,2721.62333,-298.82329000000027,-0.433883739117558,68.59,22903.627809999998,23105.0454,28.13516719931357,14.480000000000004
2026-06-05 03:30:00+00:00,2026-06-05 05:30:00+02:00,2026-06-05,5,30,2,4,6,111.66,94.2,-11.986666666666663,,0.4299999999999997,,,,-44.24999999999999,21631.060547999998,,-0.3068166176129692,2981.79021,-125.39388999999937,-0.433883739117558,73.07,22490.52969,22932.56015,27.308806271970422,17.459999999999994
2026-06-05 03:45:00+00:00,2026-06-05 05:45:00+02:00,2026-06-05,5,45,3,4,6,125.07,108.53,-11.233333333333347,,0.1699999999999875,,,,-38.99,23293.420044000006,,-0.30626060517025994,3634.1609099999996,-164.0850900000005,-0.433883739117558,72.0,22070.58143,22918.083039999998,30.55638940276382,16.539999999999992
2026-06-05 04:00:00+00:00,2026-06-05 06:00:00+02:00,2026-06-05,6,0,0,4,6,122.66,114.19,-11.053333333333327,,-1.0350000000000037,,,,-36.86,24813.993146,,-0.2668729619210284,4815.02627,-675.7589799999987,-0.433883739117558,80.0,21947.58328,23389.34607,27.811213565754304,8.469999999999999
2026-06-05 04:15:00+00:00,2026-06-05 06:15:00+02:00,2026-06-05,6,15,1,4,6,121.47,113.08,-12.276666666666666,,-6.82,,,,-35.95,23053.573652999996,,-0.10609527855287525,6074.46694,-845.5449399999998,-0.433883739117558,85.09,21479.855470000002,23716.48095,31.039024361814807,8.39
2026-06-05 04:30:00+00:00,2026-06-05 06:30:00+02:00,2026-06-05,6,30,2,4,6,124.67,117.7,-5.753333333333328,,-2.5,,,,-23.339999999999996,23525.864104999997,,-0.29426789114520596,7561.76708,-890.4244700000017,-0.433883739117558,74.77,21020.962310000003,24214.417900000004,33.69712500100425,6.969999999999999
2026-06-05 04:45:00+00:00,2026-06-05 06:45:00+02:00,2026-06-05,6,45,3,4,6,123.16,115.12,-16.29666666666667,,-6.079999999999998,,,,-36.18,23732.716382000002,,-0.19201312198500356,9394.53029,-654.7321400000001,-0.433883739117558,88.47,20565.80216,24848.77309,28.56538873065312,8.039999999999992
2026-06-05 05:00:00+00:00,2026-06-05 07:00:00+02:00,2026-06-05,7,0,0,4,6,131.66,126.11,-2.573333333333333,,-1.1599999999999966,,,,-16.099999999999994,23936.657925000003,,-0.20674392628425092,11552.69445,-690.7985200000003,-0.433883739117558,89.02,20123.7229,25634.08727,31.588073698788055,5.549999999999997
2026-06-05 05:15:00+00:00,2026-06-05 07:15:00+02:00,2026-06-05,7,15,1,4,6,128.24,126.41,-2.5633333333333277,,-3.760000000000005,,,,-11.260000000000005,23804.340012999997,,-0.12877266563073114,13864.587940000001,-645.9973499999978,-0.433883739117558,79.26,19880.4651,26764.46238,34.573484541384744,1.8300000000000125
2026-06-05 05:30:00+00:00,2026-06-05 07:30:00+02:00,2026-06-05,7,30,2,4,6,123.06,115.0,-4.3733333333333535,,-2.4549999999999983,,,,-14.060000000000002,23534.870483,,-0.09811856116405909,16376.83713,-694.7634799999978,-0.433883739117558,76.4,19633.67842,28012.05221,32.277920213876534,8.060000000000002
2026-06-05 05:45:00+00:00,2026-06-05 07:45:00+02:00,2026-06-05,7,45,3,4,6,115.27,112.36,-7.540000000000002,,-3.7650000000000006,,,,-23.400000000000006,23265.258180999997,,-0.07243547472134199,19069.024260000002,-337.5584600000002,-0.433883739117558,78.73,19309.5239,29280.6964,26.288425209586055,2.9099999999999966
2026-06-05 06:00:00+00:00,2026-06-05 08:00:00+02:00,2026-06-05,8,0,0,4,6,127.73,121.68,-4.976666666666674,,-4.535000000000011,,,,-22.38000000000001,22951.674678999996,,0.216914200122164,21851.810820000002,-59.596740000000864,-0.433883739117558,102.37,19057.51623,30725.87223,22.974260234735755,6.049999999999997
2026-06-05 06:15:00+00:00,2026-06-05 08:15:00+02:00,2026-06-05,8,15,1,4,6,117.97,115.9,-0.9699999999999941,,-2.260000000000005,,,,-6.320000000000007,21903.442762,,-0.007456457460177458,24678.49327,-68.57252000000153,-0.433883739117558,70.01,18963.30875,32426.59887,36.294303042397466,2.069999999999993
2026-06-05 06:30:00+00:00,2026-06-05 08:30:00+02:00,2026-06-05,8,30,2,4,6,116.67,110.0,-0.36666666666666475,,-2.240000000000002,,,,-5.900000000000006,20739.972461000005,,0.017759104017259452,27480.169710000002,-23.074469999999565,-0.433883739117558,60.27,18888.65257,34191.26046,36.619396954801324,6.670000000000002
2026-06-05 06:45:00+00:00,2026-06-05 08:45:00+02:00,2026-06-05,8,45,3,4,6,105.94,95.0,-4.536666666666666,,-0.10999999999999943,,,,-19.64,19503.489879,,-0.08706132805134303,30210.73607,-56.14728000000105,-0.433883739117558,45.82,18830.94503,36012.70675,37.61793499560298,10.939999999999998
2026-06-05 07:00:00+00:00,2026-06-05 09:00:00+02:00,2026-06-05,9,0,0,4,6,120.01,113.3,-3.3166666666666678,,-4.305000000000007,,,,0.25,18023.922881000006,,0.2690652464570072,32831.73955,-54.00720000000001,-0.433883739117558,49.99,18753.073969999998,37775.85642,45.165469110813916,6.710000000000008
2026-06-05 07:15:00+00:00,2026-06-05 09:15:00+02:00,2026-06-05,9,15,1,4,6,112.0,99.99,-6.1866666666666665,,-7.709999999999994,,,,-13.040000000000003,17210.109889,,0.0715376595323085,35478.52626,-57.506860000001325,-0.433883739117558,34.99,18406.26472,39256.27386,46.63270561883813,12.010000000000005
2026-06-05 07:30:00+00:00,2026-06-05 09:30:00+02:00,2026-06-05,9,30,2,4,6,97.54,85.0,-3.1399999999999992,,1.6950000000000003,,,,-12.809999999999999,16000.755618000003,,-0.06821236583926221,37921.83154,-71.72295999999915,-0.433883739117558,20.54,18083.51105,40750.35483,47.178465779772786,12.540000000000006
2026-06-05 07:45:00+00:00,2026-06-05 09:45:00+02:00,2026-06-05,9,45,3,4,6,80.91,73.53,-2.4600000000000026,,-4.285000000000004,,,,-8.92,14876.865794999998,,-0.02595955701620689,40068.48955,-108.33528999999908,-0.433883739117558,9.76,17738.12874,42128.81908,48.13749197178031,7.3799999999999955
2026-06-05 08:00:00+00:00,2026-06-05 10:00:00+02:00,2026-06-05,10,0,0,4,6,104.73,84.53,1.9066666666666905,,-1.4850000000000003,,,,-1.17,13657.712668000007,,-0.05458854596204544,41989.465899999996,-145.9821899999988,-0.433883739117558,14.14,17396.57911,43396.690969999996,50.23156477753629,20.200000000000003
2026-06-05 08:15:00+00:00,2026-06-05 10:15:00+02:00,2026-06-05,10,15,1,4,6,88.97,65.0,-3.7599999999999967,,-2.95,,,,-5.02,12607.835769000005,,-0.033436869277536974,43710.89946,-143.41815999999744,-0.433883739117558,5.0,17074.071649999998,44593.960999999996,51.30709112783436,23.97
2026-06-05 08:30:00+00:00,2026-06-05 10:30:00+02:00,2026-06-05,10,30,2,4,6,77.51,75.66,1.2633333333333272,,-4.035,,,,-6.02,11748.405927,,-0.0439275551543443,45173.82521,-99.27160999999978,-0.433883739117558,0.02,16753.78577,45632.76617,49.09525571104837,1.8500000000000085
2026-06-05 08:45:00+00:00,2026-06-05 10:45:00+02:00,2026-06-05,10,45,3,4,6,72.37,71.08,1.8600000000000059,,-1.9899999999999993,,,,-9.97,11137.520754999998,,-0.00036962299606723494,46402.03239,-76.42931999999928,-0.433883739117558,0.0,16431.85179,46506.83174,44.18532599555254,1.2900000000000063
2026-06-05 09:00:00+00:00,2026-06-05 11:00:00+02:00,2026-06-05,11,0,0,4,6,84.88,81.91,-4.906666666666662,,-4.394999999999993,,,,-4.76,10323.898722999998,,0.08125417905292852,47465.01348,-55.43065999999817,-0.433883739117558,4.26,16054.23233,47216.969020000004,49.43565953169137,2.969999999999999
2026-06-05 09:15:00+00:00,2026-06-05 11:15:00+02:00,2026-06-05,11,15,1,4,6,80.54,44.99,1.240000000000002,,-3.5149999999999997,,,,-7.75,9752.794820000003,,0.1593023289501421,48324.80255,53.349340000000666,-0.433883739117558,1.75,15705.58735,47844.514259999996,46.85689312506034,35.550000000000004
2026-06-05 09:30:00+00:00,2026-06-05 11:30:00+02:00,2026-06-05,11,30,2,4,6,70.6,44.36,12.226666666666672,,-1.3049999999999997,,,,-5.18,9257.452473999998,,-0.009705034840287617,49051.86229,137.94138999999996,-0.433883739117558,0.46,15351.69381,48376.80953,41.54125820594879,26.239999999999995
2026-06-05 09:45:00+00:00,2026-06-05 11:45:00+02:00,2026-06-05,11,45,3,4,6,65.57,35.0,12.443333333333323,,4.79,,,,2.3299999999999996,8907.820071000002,,0.07779410090260819,49674.86619,233.22569999999905,-0.433883739117558,-0.01,14980.01521,48827.34197,41.20957938796886,30.569999999999993
2026-06-05 10:00:00+00:00,2026-06-05 12:00:00+02:00,2026-06-05,12,0,0,4,6,65.88,39.1,7.313333333333344,,-4.955,,,,-5.6,8174.876139,,0.16227925464989723,50112.182830000005,308.4534700000004,-0.433883739117558,5.6,14591.77088,49215.12943,41.007622462171625,26.779999999999994
2026-06-05 10:15:00+00:00,2026-06-05 12:15:00+02:00,2026-06-05,12,15,1,4,6,58.15,45.78,8.486666666666666,,2.304999999999999,,,,1.81,7277.529968000003,,0.09276778727356677,50400.4491,389.8787999999986,-0.433883739117558,-1.82,14326.50612,49655.690839999996,42.794002305619294,12.369999999999997
2026-06-05 10:30:00+00:00,2026-06-05 12:30:00+02:00,2026-06-05,12,30,2,4,6,49.7,40.03,-4.173333333333329,,0.795000000000001,,,,-2.5,6876.075932,,0.1822679181956741,50542.5649,470.7545100000025,-0.433883739117558,2.5,14056.934239999999,50032.50649,39.01565198737583,9.670000000000002
2026-06-05 10:45:00+00:00,2026-06-05 12:45:00+02:00,2026-06-05,12,45,3,4,6,43.7,26.5,10.416666666666673,,5.465,,,,8.39,6334.344594000002,,0.057682190273665106,50561.22685,575.0659100000012,-0.433883739117558,-3.4,13789.452949999999,50249.15691,39.84134159387643,17.200000000000003
2026-06-05 11:00:00+00:00,2026-06-05 13:00:00+02:00,2026-06-05,13,0,0,4,6,43.58,27.0,0.7699999999999978,,1.4349999999999978,,,,4.6,5747.3466469999985,,0.22145338198314207,50508.30411,710.9035499999991,-0.433883739117558,0.4,13523.48001,50327.26193,40.248379263435574,16.58
2026-06-05 11:15:00+00:00,2026-06-05 13:15:00+02:00,2026-06-05,13,15,1,4,6,42.44,23.89,0.9600000000000039,,2.525000000000003,,,,3.1199999999999997,5668.369925999999,,0.22893803817272626,50335.16487,731.4589300000007,-0.433883739117558,-0.05,13322.848109999999,50311.29529,42.85495887292349,18.549999999999997
2026-06-05 11:30:00+00:00,2026-06-05 13:30:00+02:00,2026-06-05,13,30,2,4,6,39.66,33.73,-0.9299999999999979,,-1.4700000000000017,,,,1.49,5526.714315999998,,0.25019592904853216,49975.007489999996,716.5943100000004,-0.433883739117558,0.5,13120.10336,50165.39866,43.26725436169909,5.93
2026-06-05 11:45:00+00:00,2026-06-05 13:45:00+02:00,2026-06-05,13,45,3,4,6,31.05,24.59,3.1433333333333366,,0.9750000000000003,,,,5.0200000000000005,5416.271976999997,,0.1584880025761741,49575.87307,616.0746299999992,-0.433883739117558,-0.08,12950.689629999999,49987.99826,46.36071505056845,6.460000000000001
2026-06-05 12:00:00+00:00,2026-06-05 14:00:00+02:00,2026-06-05,14,0,0,4,6,29.96,25.47,0.8933333333333344,,1.3350000000000004,,,,8.96,5512.937666000005,,0.2245489139221381,49077.629,186.88147000000026,-0.433883739117558,-5.01,12819.498829999999,49785.618039999994,45.38557920749619,4.490000000000002
2026-06-05 12:15:00+00:00,2026-06-05 14:15:00+02:00,2026-06-05,14,15,1,4,6,29.03,24.71,-1.7800000000000005,,0.6799999999999999,,,,3.01,5752.107078000001,,0.23855920682556025,48420.766429999996,146.4814499999993,-0.433883739117558,-0.01,12664.4079,49468.91616,44.88165141049657,4.32
2026-06-05 12:30:00+00:00,2026-06-05 14:30:00+02:00,2026-06-05,14,30,2,4,6,31.65,18.0,-1.9733333333333174,,-0.36999999999999966,,,,6.41,6001.83382,,0.20801683799286655,47575.88248,133.69842000000062,-0.433883739117558,-0.04,12503.309990000002,49035.22989,46.520465747166874,13.649999999999999
2026-06-05 12:45:00+00:00,2026-06-05 14:45:00+02:00,2026-06-05,14,45,3,4,6,34.97,31.39,-3.0733333333333355,,-2.2500000000000027,,,,4.0,6271.990136,,0.23161682622607854,46514.84096,147.3579299999983,-0.433883739117558,-0.01,12321.53476,48455.15196,48.262047546009654,3.5799999999999983
2026-06-05 13:00:00+00:00,2026-06-05 15:00:00+02:00,2026-06-05,15,0,0,4,6,30.63,16.0,-9.083333333333334,,7.35,,,,7.890000000000001,7193.028831999996,,0.12259688570927153,45346.65819,220.89714000000095,-0.433883739117558,-3.89,12136.841089999998,47724.48763,48.622758388777754,14.629999999999999
2026-06-05 13:15:00+00:00,2026-06-05 15:15:00+02:00,2026-06-05,15,15,1,4,6,38.69,30.15,-8.093333333333332,,0.06500000000000061,,,,3.99,7627.549739000002,,0.19012664531245752,44103.00633,252.55719999999928,-0.433883739117558,0.0,11928.34196,46939.259269999995,48.290858693269705,8.54
2026-06-05 13:30:00+00:00,2026-06-05 15:30:00+02:00,2026-06-05,15,30,2,4,6,45.83,44.96,-8.623333333333333,,-3.9449999999999985,,,,-5.370000000000001,8175.3681949999955,,0.20713253132482454,42738.80467,283.85173999999824,-0.433883739117558,11.8,11719.43653,46055.5791,45.25518349684697,0.8699999999999974
2026-06-05 13:45:00+00:00,2026-06-05 15:45:00+02:00,2026-06-05,15,45,3,4,6,55.01,52.89,-10.23333333333333,,-2.499999999999997,,,,3.0599999999999996,8829.732674000006,,0.19126336359728116,41311.7229,324.26568000000043,-0.433883739117558,6.45,11512.54859,45045.571149999996,51.34618226639033,2.1199999999999974
2026-06-05 14:00:00+00:00,2026-06-05 16:00:00+02:00,2026-06-05,16,0,0,4,6,50.0,45.97,-6.193333333333334,,4.0,,,,4.090000000000001,10432.194523999991,,-0.018457196230043507,39745.04277,319.73607999999876,-0.433883739117558,6.3,11281.489160000001,43826.504360000006,52.992921225386084,4.030000000000001
2026-06-05 14:15:00+00:00,2026-06-05 16:15:00+02:00,2026-06-05,16,15,1,4,6,63.68,61.26,-5.176666666666668,,1.0949999999999993,,,,2.639999999999999,11999.824778999995,,0.08875916413024834,38033.16012,331.3743800000011,-0.433883739117558,14.67,10935.59531,42348.54701,48.61246376530656,2.4200000000000017
2026-06-05 14:30:00+00:00,2026-06-05 16:30:00+02:00,2026-06-05,16,30,2,4,6,79.22,65.1,-10.890000000000008,,-1.8949999999999996,,,,-0.7299999999999969,13483.833754000007,,0.2756073217620609,36154.773649999996,346.38154999999824,-0.433883739117558,34.98,10599.5055,40734.01439,40.04658454017378,14.120000000000005
2026-06-05 14:45:00+00:00,2026-06-05 16:45:00+02:00,2026-06-05,16,45,3,4,6,89.1,103.56,3.0199999999999805,,2.2650000000000023,,,,25.900000000000002,15549.840593,,0.22710933350919882,34059.18444,362.77491999999984,-0.433883739117558,24.99,10257.45522,38919.03667,53.86044219400028,-14.460000000000008
2026-06-05 15:00:00+00:00,2026-06-05 17:00:00+02:00,2026-06-05,17,0,0,4,6,77.08,72.27,-6.376666666666673,,-3.4150000000000063,,,,-16.01,18136.115134,,0.06501510558250846,31819.95491,456.37418999999863,-0.433883739117558,37.06,9913.505420000001,36922.6768,42.235827208663395,4.810000000000002
2026-06-05 15:15:00+00:00,2026-06-05 17:15:00+02:00,2026-06-05,17,15,1,4,6,99.99,91.2,-15.479999999999995,,-8.295000000000002,,,,-33.97,20105.451541000002,,0.23767489065822253,29366.94674,600.3924899999984,-0.433883739117558,62.0,9439.34506,34629.59304,29.773264852887714,8.789999999999992
2026-06-05 15:30:00+00:00,2026-06-05 17:30:00+02:00,2026-06-05,17,30,2,4,6,117.26,114.7,-12.090000000000009,,-5.020000000000003,,,,-18.5,22157.614514999997,,0.29003030580149264,26771.65212,708.7399100000002,-0.433883739117558,84.13,8951.81886,32186.8075,25.014524447478117,2.5600000000000023
2026-06-05 15:45:00+00:00,2026-06-05 17:45:00+02:00,2026-06-05,17,45,3,4,6,131.0,132.59,-8.529999999999992,,-7.1699999999999875,,,,-11.25,24927.928058,,0.3930144012667511,24095.38766,777.9228299999995,-0.433883739117558,98.73,8478.81912,29662.40186,24.446292834154594,-1.5900000000000034
2026-06-05 16:00:00+00:00,2026-06-05 18:00:00+02:00,2026-06-05,18,0,0,4,6,105.76,109.99,-2.3200000000000025,,-0.8750000000000071,,,,-5.010000000000005,28016.362097999998,,-0.003988154201621447,21414.33914,820.8070000000007,-0.433883739117558,74.4,7955.413,27008.38162,30.545221121041866,-4.22999999999999
2026-06-05 16:15:00+00:00,2026-06-05 18:15:00+02:00,2026-06-05,18,15,1,4,6,124.9,125.0,-5.48333333333333,,-7.704999999999991,,,,-11.469999999999999,30593.497116000002,,0.1569566166684971,18727.27751,579.8172699999996,-0.433883739117558,91.71,7372.04482,24233.87159,23.74520583191559,-0.09999999999999432
2026-06-05 16:30:00+00:00,2026-06-05 18:30:00+02:00,2026-06-05,18,30,2,4,6,137.5,149.41,-4.823333333333333,,-6.275000000000006,,,,-9.25,33006.363405000004,,0.07960308668944224,16047.92484,344.4731700000011,-0.433883739117558,102.14,6790.39085,21416.61464,23.49621742607258,-11.909999999999997
2026-06-05 16:45:00+00:00,2026-06-05 18:45:00+02:00,2026-06-05,18,45,3,4,6,155.39,168.4,-10.086666666666678,,-8.825000000000003,,,,-13.190000000000012,35670.017157999995,,0.431329343767471,13464.504270000001,127.73178000000189,-0.433883739117558,117.29,6203.8160100000005,18626.091480000003,26.68578335618609,-13.01000000000002
2026-06-05 17:00:00+00:00,2026-06-05 19:00:00+02:00,2026-06-05,19,0,0,4,6,130.88,133.65,-9.013333333333327,,-9.009999999999991,,,,-15.009999999999991,38188.5505,,0.4464201216578858,11096.302469999999,-70.694739999999,-0.433883739117558,110.05,5632.57412,15968.736659999999,22.1870705592239,-2.7700000000000102
2026-06-05 17:15:00+00:00,2026-06-05 19:15:00+02:00,2026-06-05,19,15,1,4,6,144.08,144.3,-8.429999999999998,,-9.0,,,,-9.310000000000002,40720.179678,,0.4866556280070193,9032.32034,-141.40497999999934,-0.433883739117558,110.54,5122.77992,13508.77667,26.315389667137712,-0.21999999999999886
2026-06-05 17:30:00+00:00,2026-06-05 19:30:00+02:00,2026-06-05,19,30,2,4,6,155.99,158.07,-2.626666666666656,,-11.900000000000006,,,,-2.289999999999992,42815.987479,,0.39390176987718145,7249.70603,-216.7459400000007,-0.433883739117558,113.1,4620.37975,11267.71786,31.075169079722237,-2.079999999999984
2026-06-05 17:45:00+00:00,2026-06-05 19:45:00+02:00,2026-06-05,19,45,3,4,6,167.39,172.54,-16.163333333333327,,-4.784999999999997,,,,0.4399999999999977,44848.290324,,0.14390154759734808,5745.13039,-292.59572000000117,-0.433883739117558,117.72,4132.15543,9261.58849,47.73275744531582,-5.150000000000006
2026-06-05 18:00:00+00:00,2026-06-05 20:00:00+02:00,2026-06-05,20,0,0,4,6,155.09,164.88,-5.0366666666666715,,-6.27000000000001,,,,-2.569999999999993,46276.952881,,0.23172862577831002,4535.14974,-346.4420800000007,-0.433883739117558,114.27,3655.38859,7450.6249,27.901453367163686,-9.789999999999992
2026-06-05 18:15:00+00:00,2026-06-05 20:15:00+02:00,2026-06-05,20,15,1,4,6,164.25,197.6,-7.74666666666666,,-5.310000000000002,,,,5.930000000000007,47267.16544,,0.2846178088635675,3663.55058,-223.68246999999974,-0.433883739117558,112.21,3356.19007,5984.81566,34.94202627209816,-33.349999999999994
2026-06-05 18:30:00+00:00,2026-06-05 20:30:00+02:00,2026-06-05,20,30,2,4,6,174.66,189.02,0.7833333333333504,,-3.3599999999999994,,,,1.5900000000000034,48041.053625,,0.13155496567994956,3017.87594,-86.96849000000293,-0.433883739117558,117.0,3046.17465,4699.29902,23.796597095663227,-14.360000000000014
2026-06-05 18:45:00+00:00,2026-06-05 20:45:00+02:00,2026-06-05,20,45,3,4,6,181.39,190.01,-18.216666666666665,,-17.89500000000001,,,,-2.6199999999999903,48577.754543,,0.4205064476983988,2577.6244399999996,60.28601999999955,-0.433883739117558,121.3,2696.92137,3599.03874,35.83498895400018,-8.620000000000005
2026-06-05 19:00:00+00:00,2026-06-05 21:00:00+02:00,2026-06-05,21,0,0,4,6,187.02,194.72,-9.51,,-5.8799999999999955,,,,-0.060000000000002274,48990.509337,,0.22563171473633065,2398.0760299999997,203.74515999999858,-0.433883739117558,115.92,2402.42746,2782.81301,33.0501260713682,-7.699999999999989
2026-06-05 19:15:00+00:00,2026-06-05 21:15:00+02:00,2026-06-05,21,15,1,4,6,182.99,192.47,-7.6666666666666385,,-11.739999999999995,,,,-1.1999999999999886,48859.341394,,0.4414496208422653,2529.85644,282.4025499999989,-0.433883739117558,114.35,2267.1529,2387.51987,26.022654233058905,-9.47999999999999
2026-06-05 19:30:00+00:00,2026-06-05 21:30:00+02:00,2026-06-05,21,30,2,4,6,177.13,214.98,-9.406666666666672,,-7.780000000000001,,,,4.709999999999994,48503.302723,,0.15360378171301045,2741.1860800000004,351.0717700000023,-0.433883739117558,111.23,2166.28635,2208.1809399999997,27.19803730663897,-37.849999999999994
2026-06-05 19:45:00+00:00,2026-06-05 21:45:00+02:00,2026-06-05,21,45,3,4,6,171.66,180.34,-11.279999999999996,,-12.125000000000007,,,,4.900000000000006,48206.094185,,0.3975556503789687,2986.5017500000004,413.9228299999995,-0.433883739117558,101.88,2079.6301,2099.72995,24.383605831241145,-8.680000000000007
2026-06-05 20:00:00+00:00,2026-06-05 22:00:00+02:00,2026-06-05,22,0,0,4,6,181.27,185.0,-5.973333333333343,,-3.3200000000000074,,,,3.769999999999996,47544.396126,,0.3211442481447691,3253.1140100000002,472.5976600000031,-0.433883739117558,116.0,2009.1444700000002,2009.1444700000002,23.355394095011118,-3.7299999999999898
2026-06-05 20:15:00+00:00,2026-06-05 22:15:00+02:00,2026-06-05,22,15,1,4,6,170.87,170.99,-1.0933333333333337,,-1.5150000000000148,,,,7.030000000000001,46840.828731,,0.26913890414574076,3526.0767400000004,469.6590400000023,-0.433883739117558,108.9,1998.9464,1998.9464,17.903933459809327,-0.12000000000000455
2026-06-05 20:30:00+00:00,2026-06-05 22:30:00+02:00,2026-06-05,22,30,2,4,6,161.23,161.35,-8.336666666666664,,-3.694999999999993,,,,8.129999999999995,46205.196742,,-0.04750452198273707,3794.66194,454.2043300000005,-0.433883739117558,102.75,1986.90504,1986.90504,17.65965552702797,-0.12000000000000455
2026-06-05 20:45:00+00:00,2026-06-05 22:45:00+02:00,2026-06-05,22,45,3,4,6,151.19,158.73,-2.9700000000000037,,-4.815000000000012,,,,4.509999999999991,45693.461011,,0.13536401953177502,4068.9597000000003,421.6694400000015,-0.433883739117558,97.56,1979.26895,1979.26895,13.720077745161525,-7.539999999999992
2026-06-05 21:00:00+00:00,2026-06-05 23:00:00+02:00,2026-06-05,23,0,0,4,6,165.1,157.39,-9.36,,1.6999999999999886,,,,5.359999999999999,44886.454996,,-0.05509912371996717,4335.58488,373.13767000000007,-0.433883739117558,95.0,1978.28116,1978.28116,22.364196833331928,7.710000000000008
2026-06-05 21:15:00+00:00,2026-06-05 23:15:00+02:00,2026-06-05,23,15,1,4,6,154.37,153.92,3.4399999999999977,,1.0300000000000011,,,,8.459999999999994,44202.063551,,-0.1273856985006993,4552.07896,322.5856100000019,-0.433883739117558,91.54,1976.97352,1976.97352,14.34173745866761,0.45000000000001705
2026-06-05 21:30:00+00:00,2026-06-05 23:30:00+02:00,2026-06-05,23,30,2,4,6,150.64,148.58,-3.3166666666666678,,-1.5450000000000017,,,,-9.070000000000007,43575.427399,,0.0064512866164805225,4763.00261,276.43447000000015,-0.433883739117558,99.31,1980.35177,1980.35177,14.843271202804361,2.059999999999974
2026-06-05 21:45:00+00:00,2026-06-05 23:45:00+02:00,2026-06-05,23,45,3,4,6,141.1,141.99,2.5899999999999985,,-1.2100000000000009,,,,-2.4599999999999937,42944.044705,,-0.3080326606140438,4972.59165,227.07793999999922,-0.433883739117558,90.21,1976.10736,1976.10736,15.917735391694833,-0.8900000000000148
2026-06-05 22:00:00+00:00,2026-06-06 00:00:00+02:00,2026-06-06,0,0,0,5,6,146.53,164.04,4.719999999999999,,-6.179999999999978,,,,30.059999999999988,42294.382624,,-0.38722605831393625,6438.2436,-1400.2931899999967,-0.9749279121818236,93.68,1837.93849,1837.93849,13.149624836219424,-17.50999999999999
2026-06-05 22:15:00+00:00,2026-06-06 00:15:00+02:00,2026-06-06,0,15,1,5,6,139.47,151.18,5.026666666666666,,-0.22999999999998977,,,,28.769999999999996,41869.990411,,-0.4375230714995564,6827.03815,-1225.2119300000013,-0.9749279121818236,80.73,1828.6534299999998,1828.6534299999998,19.819879750727566,-11.710000000000008
2026-06-05 22:30:00+00:00,2026-06-06 00:30:00+02:00,2026-06-06,0,30,2,5,6,135.56,144.01,2.4400000000000026,,-0.9399999999999977,,,,26.760000000000005,41658.647173,,-0.49118170618946183,7128.03997,-1262.5995000000003,-0.9749279121818236,78.88,1819.27639,1819.27639,19.33868920066656,-8.449999999999989
2026-06-05 22:45:00+00:00,2026-06-06 00:45:00+02:00,2026-06-06,0,45,3,5,6,131.36,133.74,-0.8199999999999955,,-1.1999999999999886,,,,23.150000000000006,41249.070706,,-0.5979886399550765,7380.7956300000005,-881.1589899999999,-0.9749279121818236,74.99,1809.6435,1809.6435,20.647840887930837,-2.3799999999999955
2026-06-05 23:00:00+00:00,2026-06-06 01:00:00+02:00,2026-06-06,1,0,0,5,6,136.57,139.9,4.386666666666666,,3.339999999999975,,,,24.209999999999994,40738.264858,,-0.3773802945348575,7808.30928,-474.8112199999996,-0.9749279121818236,82.11,1799.4863,1799.4863,19.488607783351224,-3.3300000000000125
2026-06-05 23:15:00+00:00,2026-06-06 01:15:00+02:00,2026-06-06,1,15,1,5,6,134.41,136.51,5.326666666666668,,2.030000000000001,,,,26.78,40324.218615000005,,-0.520884178476645,8096.41077,-138.19320000000153,-0.9749279121818236,79.21,1790.1284500000002,1790.1284500000002,20.059391815306363,-2.0999999999999943
2026-06-05 23:30:00+00:00,2026-06-06 01:30:00+02:00,2026-06-06,1,30,2,5,6,131.91,134.8,2.9466666666666677,,-1.519999999999996,,,,31.019999999999996,40043.832596,,-0.5880162886542901,8115.90379,-224.5297500000015,-0.9749279121818236,73.97,1788.8609999999999,1788.8609999999999,21.64785516704386,-2.890000000000015
2026-06-05 23:45:00+00:00,2026-06-06 01:45:00+02:00,2026-06-06,1,45,3,5,6,130.21,149.0,1.8199999999999956,,-3.010000000000005,,,,28.909999999999997,39553.727025,,-0.5366852575487449,8296.22863,-146.18296999999802,-0.9749279121818236,75.0,1797.14363,1797.14363,22.11739360774629,-18.789999999999992
2026-06-06 00:00:00+00:00,2026-06-06 02:00:00+02:00,2026-06-06,2,0,0,5,6,131.07,140.4,5.863333333333337,,0.18000000000000682,,,,31.86999999999999,39268.591331,,-0.5880230361983262,8510.155289999999,-14.276089999999385,-0.9749279121818236,72.4,1806.7173699999998,1806.7173699999998,21.231637556565357,-9.330000000000013
2026-06-06 00:15:00+00:00,2026-06-06 02:15:00+02:00,2026-06-06,2,15,1,5,6,128.91,136.2,3.453333333333331,,0.0800000000000125,,,,25.689999999999998,38942.724921999994,,-0.5929599756873596,8592.56224,340.03763000000254,-0.9749279121818236,71.54,1797.32229,1797.32229,21.731718753932633,-7.289999999999992
2026-06-06 00:30:00+00:00,2026-06-06 02:30:00+02:00,2026-06-06,2,30,2,5,6,129.18,151.02,0.99333333333333,,0.09000000000000341,,,,19.909999999999997,38755.365436,,-0.5539004721432692,8584.94058,657.732219999998,-0.9749279121818236,86.5,1785.1466500000001,1785.1466500000001,22.100258671186563,-21.840000000000003
2026-06-06 00:45:00+00:00,2026-06-06 02:45:00+02:00,2026-06-06,2,45,3,5,6,126.84,132.54,-1.793333333333332,,0.4000000000000057,,,,15.230000000000004,38624.894997,,-0.4953594560839023,8554.39982,862.1422899999998,-0.9749279121818236,91.39,1768.78387,1768.78387,19.123413223933948,-5.699999999999989
2026-06-06 01:00:00+00:00,2026-06-06 03:00:00+02:00,2026-06-06,3,0,0,5,6,117.89,130.01,5.306666666666662,,-1.3400000000000034,,,,33.739999999999995,38539.966837,,-0.5579989641423994,8506.57303,1248.9594099999995,-0.9749279121818236,72.2,1745.11992,1745.11992,20.94592163962532,-12.11999999999999
2026-06-06 01:15:00+00:00,2026-06-06 03:15:00+02:00,2026-06-06,3,15,1,5,6,116.01,132.38,2.5733333333333355,,3.769999999999996,,,,27.92,38489.645807,,-0.6423646049596392,8491.51121,1396.5913,-0.9749279121818236,75.0,1743.07557,1743.07557,20.42457669899986,-16.36999999999999
2026-06-06 01:30:00+00:00,2026-06-06 03:30:00+02:00,2026-06-06,3,30,2,5,6,114.75,147.53,-1.44666666666667,,-1.0900000000000034,,,,22.14,38345.431851,,-0.6116905047131641,8358.89906,1434.6821400000008,-0.9749279121818236,82.8,1737.58967,1737.58967,20.01241198190035,-32.78
2026-06-06 01:45:00+00:00,2026-06-06 03:45:00+02:00,2026-06-06,3,45,3,5,6,113.49,130.07,1.1366666666666656,,-1.5100000000000051,,,,31.39,38237.384678,,-0.6482362286436696,8272.38635,1442.808430000001,-0.9749279121818236,76.81,1738.3410199999998,1738.3410199999998,20.945157753842043,-16.58
2026-06-06 02:00:00+00:00,2026-06-06 04:00:00+02:00,2026-06-06,4,0,0,5,6,130.26,129.47,0.8766666666666628,,0.2599999999999909,,,,24.349999999999994,38552.791355,,-0.4979401948627405,8226.27655,1565.7972999999984,-0.9749279121818236,80.9,1737.04516,1737.04516,19.462487850563555,0.789999999999992
2026-06-06 02:15:00+00:00,2026-06-06 04:15:00+02:00,2026-06-06,4,15,1,5,6,131.5,132.64,-0.7333333333333366,,3.0800000000000125,,,,19.17,38680.969799,,-0.6495372719748405,8167.8054,1443.6633000000002,-0.9749279121818236,86.8,1771.23178,1771.23178,20.111989790503923,-1.1399999999999864
2026-06-06 02:30:00+00:00,2026-06-06 04:30:00+02:00,2026-06-06,4,30,2,5,6,130.04,134.26,-0.016666666666672825,,0.09999999999999432,,,,18.179999999999993,38432.725798,,-0.5652559879834739,8101.361089999999,1378.1004300000022,-0.9749279121818236,91.81,1803.21412,1803.31412,20.945749767753075,-4.219999999999999
2026-06-06 02:45:00+00:00,2026-06-06 04:45:00+02:00,2026-06-06,4,45,3,5,6,129.41,134.39,-1.6399999999999981,,-0.009999999999990905,,,,14.440000000000012,38527.518830999994,,-0.516533450106384,8162.21962,1411.0453799999996,-0.9749279121818236,99.82,1833.19268,1858.2911900000001,20.054568889241626,-4.97999999999999
2026-06-06 03:00:00+00:00,2026-06-06 05:00:00+02:00,2026-06-06,5,0,0,5,6,132.26,136.7,-4.653333333333333,,1.2299999999999898,,,,16.27000000000001,38612.212706000006,,-0.5919474864640885,8289.679559999999,1550.898799999999,-0.9749279121818236,89.99,1870.50224,2004.6274,22.192850951000885,-4.439999999999998
2026-06-06 03:15:00+00:00,2026-06-06 05:15:00+02:00,2026-06-06,5,15,1,5,6,125.49,127.2,-4.910000000000001,,1.2800000000000011,,,,14.480000000000004,38300.948462,,-0.5694519872236915,8533.745219999999,1706.6892000000007,-0.9749279121818236,93.1,1944.84543,2378.08912,20.74660695149925,-1.710000000000008
2026-06-06 03:30:00+00:00,2026-06-06 05:30:00+02:00,2026-06-06,5,30,2,5,6,124.13,132.43,-5.916666666666664,,1.6099999999999994,,,,17.459999999999994,38040.935398,,-0.5396551545300092,8946.477770000001,1616.7038500000017,-0.9749279121818236,94.2,2020.2244500000002,2953.6476000000002,20.315517057986675,-8.300000000000011
2026-06-06 03:45:00+00:00,2026-06-06 05:45:00+02:00,2026-06-06,5,45,3,5,6,117.03,132.1,-5.786666666666679,,0.19999999999998863,,,,16.539999999999992,37928.578086,,-0.4179750747017928,9799.80379,1496.6581600000027,-0.9749279121818236,108.53,2106.9110499999997,3764.5049899999995,25.578382148473274,-15.069999999999993
2026-06-06 04:00:00+00:00,2026-06-06 06:00:00+02:00,2026-06-06,6,0,0,5,6,117.52,139.8,-7.819999999999993,,-0.8400000000000034,,,,8.469999999999999,38338.474921,,-0.3434936964304894,11117.72136,1537.1333200000008,-0.9749279121818236,114.19,2189.21356,4808.6883,24.436837629556923,-22.280000000000015
2026-06-06 04:15:00+00:00,2026-06-06 06:15:00+02:00,2026-06-06,6,15,1,5,6,112.43,133.8,-6.636666666666666,,-5.109999999999999,,,,8.39,36153.700249999994,,-0.2248963921532619,12093.47843,1232.3273599999993,-0.9749279121818236,113.08,2290.04936,6087.50061,23.36887031929435,-21.370000000000005
2026-06-06 04:30:00+00:00,2026-06-06 06:30:00+02:00,2026-06-06,6,30,2,5,6,107.08,130.32,-3.229999999999997,,-0.5999999999999943,,,,6.969999999999999,34591.378986,,-0.44765502616937736,13383.594720000001,1055.7132199999978,-0.9749279121818236,117.7,2396.20442,7577.79893,29.8768511281444,-23.239999999999995
2026-06-06 04:45:00+00:00,2026-06-06 06:45:00+02:00,2026-06-06,6,45,3,5,6,98.09,108.25,-8.463333333333336,,-4.530000000000001,,,,8.039999999999992,33734.302869,,-0.21759739623422167,15317.127629999999,1066.0911500000002,-0.9749279121818236,115.12,2496.75074,9302.33064,23.957476912229154,-10.159999999999997
2026-06-06 05:00:00+00:00,2026-06-06 07:00:00+02:00,2026-06-06,7,0,0,5,6,113.03,122.79,1.3366666666666684,,-0.1699999999999875,,,,5.549999999999997,32443.550972,,-0.2894633859037601,17696.327429999998,902.094790000001,-0.9749279121818236,126.11,2596.33257,11308.38838,25.52379086264554,-9.760000000000005
2026-06-06 05:15:00+00:00,2026-06-06 07:15:00+02:00,2026-06-06,7,15,1,5,6,98.17,122.12,-0.1399999999999911,,-2.0800000000000125,,,,1.8300000000000125,30742.170698,,-0.15153599477006055,19974.78836,799.3523399999995,-0.9749279121818236,126.41,2579.8358,13493.865989999998,30.01428826409247,-23.950000000000003
2026-06-06 05:30:00+00:00,2026-06-06 07:30:00+02:00,2026-06-06,7,30,2,5,6,84.69,113.56,-0.9433333333333564,,-2.2299999999999898,,,,8.060000000000002,29012.251084000003,,-0.10628050504219651,22524.34914,497.39384000000064,-0.9749279121818236,115.0,2549.64566,15870.92009,29.359225693696043,-28.870000000000005
2026-06-06 05:45:00+00:00,2026-06-06 07:45:00+02:00,2026-06-06,7,45,3,5,6,74.21,76.8,-5.810000000000002,,-2.280000000000001,,,,2.9099999999999966,27271.722781,,-0.020362618297884546,25229.93136,296.85396000000037,-0.9749279121818236,112.36,2531.98244,18364.37677,24.329267011838503,-2.5900000000000034
2026-06-06 06:00:00+00:00,2026-06-06 08:00:00+02:00,2026-06-06,8,0,0,5,6,96.4,105.97,-0.7700000000000008,,-2.5,,,,6.049999999999997,25266.839452999997,,0.18619715805291664,27931.19354,149.60159000000021,-0.9749279121818236,121.68,2472.18977,20850.37325,18.817170350507766,-9.569999999999993
2026-06-06 06:15:00+00:00,2026-06-06 08:15:00+02:00,2026-06-06,8,15,1,5,6,83.3,103.4,2.246666666666665,,1.7999999999999972,,,,2.069999999999993,23657.893399,,0.03881730988989011,30576.39529,17.56390999999894,-0.9749279121818236,115.9,2350.7765200000003,23250.2538,30.213027543319413,-20.10000000000001
2026-06-06 06:30:00+00:00,2026-06-06 08:30:00+02:00,2026-06-06,8,30,2,5,6,63.97,84.6,4.523333333333336,,1.4200000000000017,,,,6.670000000000002,21974.223137,,0.06828300491229372,33084.57945,-124.35447999999997,-0.9749279121818236,110.0,2201.2427900000002,25536.45338,31.631434259819937,-20.629999999999995
2026-06-06 06:45:00+00:00,2026-06-06 08:45:00+02:00,2026-06-06,8,45,3,5,6,48.0,78.12,-0.8666666666666695,,-0.06999999999999318,,,,10.939999999999998,20627.507093,,-0.03185583706473458,35310.276060000004,-239.16054000000076,-0.9749279121818236,95.0,2078.21517,27701.08169,34.90183519530278,-30.120000000000005
2026-06-06 07:00:00+00:00,2026-06-06 09:00:00+02:00,2026-06-06,9,0,0,5,6,64.57,69.14,-1.096666666666664,,-1.2900000000000063,,,,6.710000000000008,18882.071167,,0.273163773230582,37512.476859999995,-273.73209999999926,-0.9749279121818236,113.3,1958.83124,29704.95528,43.478951612627654,-4.570000000000007
2026-06-06 07:15:00+00:00,2026-06-06 09:15:00+02:00,2026-06-06,9,15,1,5,6,43.5,72.0,2.5766666666666693,,-7.439999999999998,,,,12.010000000000005,17405.405882000003,,0.1443547507196506,39783.91575,-215.91750000000138,-0.9749279121818236,99.99,2027.5898699999998,31729.15905,40.31238891457414,-28.5
2026-06-06 07:30:00+00:00,2026-06-06 09:30:00+02:00,2026-06-06,9,30,2,5,6,37.22,56.9,1.5500000000000032,,4.920000000000002,,,,12.540000000000006,15991.988763000001,,0.03294717190792521,41950.67357,-134.78722000000016,-0.9749279121818236,85.0,2090.87338,33547.843909999996,44.641418361575276,-19.68
2026-06-06 07:45:00+00:00,2026-06-06 09:45:00+02:00,2026-06-06,9,45,3,5,6,8.48,40.7,1.0666666666666635,,-3.200000000000003,,,,7.3799999999999955,15026.148108000001,,0.12423359248322227,43847.1251,-29.26227999999901,-0.9749279121818236,73.53,2158.0043,35117.40264,43.21159142328834,-32.22
2026-06-06 08:00:00+00:00,2026-06-06 10:00:00+02:00,2026-06-06,10,0,0,5,6,9.13,15.01,7.613333333333358,,-1.17,,,,20.200000000000003,13537.442815999995,,0.1658356735615657,44430.03119,60.41371000000072,-0.9749279121818236,84.53,2234.04915,36471.15473,46.96630813678911,-5.879999999999999
2026-06-06 08:15:00+00:00,2026-06-06 10:15:00+02:00,2026-06-06,10,15,1,5,6,1.92,18.43,4.64,,-1.6199999999999997,,,,23.97,12816.503084000004,,0.1545083067980755,45731.34608,193.73351999999977,-0.9749279121818236,65.0,2404.6526599999997,37716.47358,45.59923391169228,-16.509999999999998
2026-06-06 08:30:00+00:00,2026-06-06 10:30:00+02:00,2026-06-06,10,30,2,5,6,0.86,25.0,3.943333333333334,,-2.05,,,,1.8500000000000085,11489.075446999996,,0.1998601989507012,46852.31178,331.5510800000011,-0.9749279121818236,75.66,2616.03184,38804.52049,42.92350871026151,-24.14
2026-06-06 08:45:00+00:00,2026-06-06 10:45:00+02:00,2026-06-06,10,45,3,5,6,-7.27,20.0,3.990000000000006,,-0.01,,,,1.2900000000000063,11049.692975999998,,0.2369071323291747,47828.49896,513.409959999999,-0.9749279121818236,71.08,2826.49724,39742.32505,39.42782308641008,-27.27
2026-06-06 09:00:00+00:00,2026-06-06 11:00:00+02:00,2026-06-06,11,0,0,5,6,-2.45,5.01,-2.573333333333334,,-4.029999999999987,,,,2.969999999999999,10064.742266999994,,0.33260451726053203,48630.36227,659.1262499999993,-0.9749279121818236,81.91,2962.3857099999996,40439.02406,47.32325045190056,-7.46
2026-06-06 09:15:00+00:00,2026-06-06 11:15:00+02:00,2026-06-06,11,15,1,5,6,-6.83,5.26,17.673333333333336,,-3.3299999999999996,,,,35.550000000000004,9588.850174000007,,0.28889432539042703,49373.55278,760.6026099999999,-0.9749279121818236,44.99,3086.2918400000003,40982.897229999995,29.112918667377304,-12.09
2026-06-06 09:30:00+00:00,2026-06-06 11:30:00+02:00,2026-06-06,11,30,2,5,6,-7.86,0.01,22.556666666666672,,0.8,,,,26.239999999999995,9044.165697000004,,0.16960631522679023,49980.05375,876.3056099999994,-0.9749279121818236,44.36,3196.71801,41416.28814,24.8423697205662,-7.87
2026-06-06 09:45:00+00:00,2026-06-06 11:45:00+02:00,2026-06-06,11,45,3,5,6,-10.82,0.0,24.136666666666656,,6.3,,,,30.569999999999993,8672.999190000002,,0.21034241983957436,50565.30179,1024.2549100000015,-0.9749279121818236,35.0,3302.8361499999996,41770.82793,18.522151602877308,-10.82
2026-06-06 10:00:00+00:00,2026-06-06 12:00:00+02:00,2026-06-06,12,0,0,5,6,-8.13,-17.87,21.276666666666674,,-4.31,,,,26.779999999999994,8178.864406000001,,0.31233969871555106,50912.49669,1121.5849899999994,-0.9749279121818236,39.1,3451.26316,42034.55412,17.93205323808007,9.74
2026-06-06 10:15:00+00:00,2026-06-06 12:15:00+02:00,2026-06-06,12,15,1,5,6,-5.16,-6.1,16.083333333333332,,2.799999999999997,,,,12.369999999999997,8265.767507000004,,0.2634038561703796,51158.308659999995,1115.8647799999999,-0.9749279121818236,45.78,3590.59519,42117.19865,23.993699867535007,0.9399999999999995
2026-06-06 10:30:00+00:00,2026-06-06 12:30:00+02:00,2026-06-06,12,30,2,5,6,-4.29,-21.15,1.8033333333333346,,3.35,,,,9.670000000000002,8014.711422,,0.33022566014851695,51279.94355,1119.0026800000014,-0.9749279121818236,40.03,3747.7776400000002,42173.6301,25.973683476422025,16.86
2026-06-06 10:45:00+00:00,2026-06-06 12:45:00+02:00,2026-06-06,12,45,3,5,6,-5.0,-6.17,15.850000000000009,,5.63,,,,17.200000000000003,7809.008528999999,,0.17331878962417202,51336.967169999996,1141.09015,-0.9749279121818236,26.5,3916.95579,42148.64792,15.5094594790818,1.17
2026-06-06 11:00:00+00:00,2026-06-06 13:00:00+02:00,2026-06-06,13,0,0,5,6,-7.3,-0.01,7.649999999999999,,1.769999999999996,,,,16.58,7526.541860000005,,0.33041966331120753,51314.23801,1144.1515199999994,-0.9749279121818236,27.0,4082.8999000000003,42018.886679999996,24.86565301776763,-7.29
2026-06-06 11:15:00+00:00,2026-06-06 13:15:00+02:00,2026-06-06,13,15,1,5,6,-9.28,-0.02,9.006666666666666,,3.1199999999999997,,,,18.549999999999997,7675.083139999995,,0.3207606991806262,51207.14552,1083.118840000001,-0.9749279121818236,23.89,4257.08976,41772.371450000006,20.15216365554718,-9.26
2026-06-06 11:30:00+00:00,2026-06-06 13:30:00+02:00,2026-06-06,13,30,2,5,6,-8.05,-0.04,2.503333333333332,,0.0899999999999963,,,,5.93,7857.295196999992,,0.37034529290672275,50857.40925,1009.1469500000003,-0.9749279121818236,33.73,4422.61291,41449.708490000005,19.669688185970223,-8.010000000000002
2026-06-06 11:45:00+00:00,2026-06-06 13:45:00+02:00,2026-06-06,13,45,3,5,6,-5.67,-0.03,6.383333333333334,,5.0200000000000005,,,,6.460000000000001,7758.163640999999,,0.2585301785292199,50512.30665,913.3733700000012,-0.9749279121818236,24.59,4607.29273,41094.84728,12.436394171945606,-5.64
2026-06-06 12:00:00+00:00,2026-06-06 14:00:00+02:00,2026-06-06,14,0,0,5,6,-9.16,-14.7,4.000000000000001,,4.12,,,,4.490000000000002,7809.593543000003,,0.30208856570505543,50213.53963,609.9271000000008,-0.9749279121818236,25.47,4773.83436,40701.15059,18.770661504945213,5.539999999999999
2026-06-06 12:15:00+00:00,2026-06-06 14:15:00+02:00,2026-06-06,14,15,1,5,6,-7.5,0.0,1.4366666666666656,,3.01,,,,4.32,7848.367917999996,,0.34763199347911095,49685.6834,500.3613800000003,-0.9749279121818236,24.71,4932.16513,40192.84077,18.443362853160213,-7.5
2026-06-06 12:30:00+00:00,2026-06-06 14:30:00+02:00,2026-06-06,14,30,2,5,6,-5.38,0.03,4.90333333333335,,1.9000000000000004,,,,13.649999999999999,8025.014335,,0.3025847864228643,49087.36023,375.2590799999998,-0.9749279121818236,18.0,5084.41493,39674.15766,18.96743876577257,-5.41
2026-06-06 12:45:00+00:00,2026-06-06 14:45:00+02:00,2026-06-06,14,45,3,5,6,-1.25,0.09,-1.7100000000000009,,-0.5100000000000051,,,,3.5799999999999983,8564.253574000002,,0.3638178160436655,48168.61649,252.42991000000075,-0.9749279121818236,31.39,5277.9429900000005,38931.6374,24.835182705185844,-1.34
2026-06-06 13:00:00+00:00,2026-06-06 15:00:00+02:00,2026-06-06,15,0,0,5,6,-3.93,-15.75,-2.0233333333333334,,7.84,,,,14.629999999999999,9242.924801000001,,0.22028993594830312,47157.20149,100.22669000000133,-0.9749279121818236,16.0,5512.9258899999995,38120.85848,16.74081539233209,11.82
2026-06-06 13:15:00+00:00,2026-06-06 15:15:00+02:00,2026-06-06,15,15,1,5,6,-1.55,-3.46,-4.426666666666668,,2.530000000000001,,,,8.54,9780.120508,,0.30187693825946094,46060.210340000005,-2.8535499999998137,-0.9749279121818236,30.15,5720.402099999999,37290.20516,22.846860469949746,1.91
2026-06-06 13:30:00+00:00,2026-06-06 15:30:00+02:00,2026-06-06,15,30,2,5,6,0.03,8.94,-7.493333333333335,,-2.519999999999996,,,,0.8699999999999974,10554.330984,,0.34792889323198956,44860.42387,-100.53366000000096,-0.9749279121818236,44.96,5875.738219999999,36351.18573,20.327535512205085,-8.91
2026-06-06 13:45:00+00:00,2026-06-06 15:45:00+02:00,2026-06-06,15,45,3,5,6,9.11,20.89,-10.373333333333333,,2.1199999999999974,,,,2.1199999999999974,11058.234047999998,,0.3080655240212637,43623.30074,-203.1035699999993,-0.9749279121818236,52.89,5990.30012,35280.51253,31.082842534106437,-11.780000000000001
2026-06-06 14:00:00+00:00,2026-06-06 16:00:00+02:00,2026-06-06,16,0,0,5,6,5.35,12.21,0.4233333333333311,,4.030000000000001,,,,4.030000000000001,12780.827513000004,,0.16672677323488624,42216.47335,-264.55547000000115,-0.9749279121818236,45.97,6122.53802,34081.23091,21.218817906125583,-6.860000000000001
2026-06-06 14:15:00+00:00,2026-06-06 16:15:00+02:00,2026-06-06,16,15,1,5,6,36.23,38.16,-1.8666666666666654,,2.4200000000000017,,,,2.4200000000000017,14281.877532000006,,0.24163936556292245,40457.04268,-365.6953200000007,-0.9749279121818236,61.26,6197.03054,32793.58222,25.186195292922626,-1.9299999999999997
2026-06-06 14:30:00+00:00,2026-06-06 16:30:00+02:00,2026-06-06,16,30,2,5,6,50.04,57.41,-5.19333333333334,,-0.8200000000000003,,,,14.120000000000005,16026.553009000003,,0.2886214165965394,38484.41103,-452.3294100000003,-0.9749279121818236,65.1,6282.9132,31441.98306,24.787233273064043,-7.369999999999997
2026-06-06 14:45:00+00:00,2026-06-06 16:45:00+02:00,2026-06-06,16,45,3,5,6,68.84,71.39,-1.6166666666666896,,-0.5499999999999972,,,,-14.460000000000008,16878.019811,,0.22468503494078415,36288.80417,-544.2330200000006,-0.9749279121818236,103.56,6369.40063,29942.78722,46.62216532937858,-2.549999999999997
2026-06-06 15:00:00+00:00,2026-06-06 17:00:00+02:00,2026-06-06,17,0,0,5,6,55.43,63.72,-3.013333333333339,,-1.5500000000000114,,,,4.810000000000002,19245.628485999998,,0.11397338796911788,34192.13661,-622.1354100000008,-0.9749279121818236,72.27,6454.85575,28337.07141,19.184890756358314,-8.29
2026-06-06 15:15:00+00:00,2026-06-06 17:15:00+02:00,2026-06-06,17,15,1,5,6,73.58,82.05,-13.469999999999999,,-5.560000000000002,,,,8.789999999999992,20725.229227,,0.2669859806094566,31647.99135,-565.9055799999996,-0.9749279121818236,91.2,6443.87518,26598.58901,18.079646936086398,-8.469999999999999
2026-06-06 15:30:00+00:00,2026-06-06 17:30:00+02:00,2026-06-06,17,30,2,5,6,95.58,99.69,-10.763333333333335,,-3.1899999999999977,,,,2.5600000000000023,22688.222912,,0.3148695357051847,28901.347110000002,-516.8105300000007,-0.9749279121818236,114.7,6424.37629,24792.37084,15.803646203755799,-4.109999999999999
2026-06-06 15:45:00+00:00,2026-06-06 17:45:00+02:00,2026-06-06,17,45,3,5,6,121.1,118.02,-6.686666666666667,,-7.119999999999976,,,,-1.5900000000000034,24972.553071000002,,0.36088994342725733,26073.219839999998,-475.98884,-0.9749279121818236,132.59,6382.59991,22952.5904,16.96012185490543,3.0799999999999983
2026-06-06 16:00:00+00:00,2026-06-06 18:00:00+02:00,2026-06-06,18,0,0,5,6,103.21,110.99,-1.8133333333333326,,-4.22999999999999,,,,-4.22999999999999,27139.718676999997,,0.012699749048934091,23189.96326,-399.8088599999992,-0.9749279121818236,109.99,6342.46034,21134.452980000002,18.906967851385858,-7.780000000000001
2026-06-06 16:15:00+00:00,2026-06-06 18:15:00+02:00,2026-06-06,18,15,1,5,6,115.7,116.0,-6.016666666666661,,-6.47999999999999,,,,-0.09999999999999432,29028.809372000003,,0.20234187471790216,20321.67539,-347.71277999999984,-0.9749279121818236,125.0,6321.915,19377.1553,19.217104360439837,-0.29999999999999716
2026-06-06 16:30:00+00:00,2026-06-06 18:30:00+02:00,2026-06-06,18,30,2,5,6,122.55,129.43,-9.886666666666665,,-8.5,,,,-11.909999999999997,30522.52859,,0.07693288118250349,17480.61696,-302.3738399999993,-0.9749279121818236,149.41,6305.85513,17652.34822,23.81309793649866,-6.88000000000001
2026-06-06 16:45:00+00:00,2026-06-06 18:45:00+02:00,2026-06-06,18,45,3,5,6,133.51,127.03,-12.073333333333347,,-10.02000000000001,,,,-13.01000000000002,32464.785006,,0.41035793083878086,14780.63942,-258.7311600000003,-0.9749279121818236,168.4,6300.0704000000005,16002.061380000001,25.974712702934077,6.47999999999999
2026-06-06 17:00:00+00:00,2026-06-06 19:00:00+02:00,2026-06-06,19,0,0,5,6,123.99,122.95,-9.196666666666664,,-8.209999999999994,,,,-2.7700000000000102,34681.202434,,0.3812725872972309,12333.881679999999,-209.66971999999987,-0.9749279121818236,133.65,6307.0494100000005,14430.43391,13.375949810511036,1.039999999999992
2026-06-06 17:15:00+00:00,2026-06-06 19:15:00+02:00,2026-06-06,19,15,1,5,6,131.57,135.01,-6.179999999999997,,-8.990000000000009,,,,-0.21999999999999886,36251.410021,,0.23365419489298458,10220.38697,-182.15212999999994,-0.9749279121818236,144.3,6559.2014,13180.112079999999,20.258028861004462,-3.4399999999999977
2026-06-06 17:30:00+00:00,2026-06-06 19:30:00+02:00,2026-06-06,19,30,2,5,6,138.67,151.5,-0.4233333333333178,,-8.689999999999998,,,,-2.079999999999984,37355.717582,,0.15607256378502107,8447.11145,-152.87647000000015,-0.9749279121818236,158.07,6816.63514,12057.14546,22.74984029247939,-12.830000000000013
2026-06-06 17:45:00+00:00,2026-06-06 19:45:00+02:00,2026-06-06,19,45,3,5,6,144.56,147.53,-4.906666666666666,,-5.150000000000006,,,,-5.150000000000006,38369.499171999996,,0.03270214686126227,6961.8382,-129.13897999999972,-0.9749279121818236,172.54,7086.11989,11096.94888,32.38384988436908,-2.969999999999999
2026-06-06 18:00:00+00:00,2026-06-06 20:00:00+02:00,2026-06-06,20,0,0,5,6,145.1,153.97,-6.343333333333334,,-6.670000000000016,,,,-9.789999999999992,38900.7916,,0.04417917963777903,5733.252060000001,-107.73532999999998,-0.9749279121818236,164.88,7381.32103,10298.48812,26.44859605599781,-8.870000000000005
2026-06-06 18:15:00+00:00,2026-06-06 20:15:00+02:00,2026-06-06,20,15,1,5,6,145.1,160.0,-11.74333333333333,,-7.810000000000002,,,,-33.349999999999994,39434.945509000005,,0.1829090891809862,4765.04978,-107.35476999999992,-0.9749279121818236,197.6,7679.14658,9655.278709999999,42.69500009759139,-14.900000000000006
2026-06-06 18:30:00+00:00,2026-06-06 20:30:00+02:00,2026-06-06,20,30,2,5,6,152.0,156.97,-2.2199999999999895,,-5.349999999999994,,,,-14.360000000000014,39360.368699,,-0.0046435176950912925,3988.7363299999997,-105.62379999999985,-0.9749279121818236,189.02,7976.48963,9203.34873,36.284793417261334,-4.969999999999999
2026-06-06 18:45:00+00:00,2026-06-06 20:45:00+02:00,2026-06-06,20,45,3,5,6,152.79,170.33,-8.476666666666665,,-14.640000000000015,,,,-8.620000000000005,39191.331218,,0.278655197399832,3398.31078,-104.34987999999976,-0.9749279121818236,190.01,8248.02484,8913.69493,34.55530494728677,-17.54000000000002
2026-06-06 19:00:00+00:00,2026-06-06 21:00:00+02:00,2026-06-06,21,0,0,5,6,152.78,175.68,-5.583333333333333,,-7.699999999999989,,,,-7.699999999999989,38908.305319,,0.14956648650071935,3084.19653,-113.15619000000015,-0.9749279121818236,194.72,8538.89631,8827.50283,39.514216850816325,-22.900000000000006
2026-06-06 19:15:00+00:00,2026-06-06 21:15:00+02:00,2026-06-06,21,15,1,5,6,147.36,160.39,-5.616666666666636,,-9.47999999999999,,,,-9.47999999999999,38168.18472,,0.3833102327052489,3092.23321,-132.81952,-0.9749279121818236,192.47,8991.77998,9089.95515,39.10929471792278,-13.029999999999973
2026-06-06 19:30:00+00:00,2026-06-06 21:30:00+02:00,2026-06-06,21,30,2,5,6,141.76,145.11,-13.963333333333333,,-8.75,,,,-37.849999999999994,37345.331204999995,,0.161836681586744,3212.9746200000004,-152.1710599999999,-0.9749279121818236,214.98,9485.1142,9518.64289,53.14397708113313,-3.3500000000000227
2026-06-06 19:45:00+00:00,2026-06-06 21:45:00+02:00,2026-06-06,21,45,3,5,6,136.33,151.0,-6.859999999999999,,-8.680000000000007,,,,-8.680000000000007,36647.647078999995,,0.33433916686011467,3358.93787,-174.9604999999999,-0.9749279121818236,180.34,9988.79179,10005.10231,39.52580718130033,-14.669999999999987
2026-06-06 20:00:00+00:00,2026-06-06 22:00:00+02:00,2026-06-06,22,0,0,5,6,140.9,154.6,-1.1933333333333327,,-3.6200000000000045,,,,-3.7299999999999898,35853.045245,,0.28291102526097583,3536.05748,-193.03181000000018,-0.9749279121818236,185.0,10459.8675,10460.7055,35.120053151060006,-13.699999999999989
2026-06-06 20:15:00+00:00,2026-06-06 22:15:00+02:00,2026-06-06,22,15,1,5,6,138.95,145.68,1.7633333333333308,,-1.410000000000025,,,,-0.12000000000000455,34579.932913,,0.2505287995366305,3665.41589,-195.93129999999996,-0.9749279121818236,170.99,11118.10876,11118.10876,31.8721461467525,-6.730000000000018
2026-06-06 20:30:00+00:00,2026-06-06 22:30:00+02:00,2026-06-06,22,30,2,5,6,126.75,136.92,-6.226666666666669,,-0.9399999999999977,,,,-0.12000000000000455,33378.749201,,-0.06372778315067458,3800.0788199999997,-196.4855399999999,-0.9749279121818236,161.35,11776.06151,11776.06151,30.444114921168108,-10.169999999999987
2026-06-06 20:45:00+00:00,2026-06-06 22:45:00+02:00,2026-06-06,22,45,3,5,6,119.96,134.38,-6.243333333333335,,-6.450000000000017,,,,-7.539999999999992,32244.366138999998,,0.19599289906009656,3930.3517599999996,-189.09263999999985,-0.9749279121818236,158.73,12413.13338,12413.13338,32.11157475635973,-14.420000000000002
2026-06-06 21:00:00+00:00,2026-06-06 23:00:00+02:00,2026-06-06,23,0,0,5,6,122.18,135.6,-5.4033333333333315,,3.319999999999993,,,,7.710000000000008,31078.428369,,-0.03870272451380087,4050.71746,-190.47439000000008,-0.9749279121818236,157.39,13010.798789999999,13010.798789999999,31.748672938145752,-13.419999999999987
2026-06-06 21:15:00+00:00,2026-06-06 23:15:00+02:00,2026-06-06,23,15,1,5,6,116.03,127.64,3.203333333333338,,0.9000000000000057,,,,0.45000000000001705,29990.286044000004,,-0.10440932970951426,4113.8471500000005,-201.71147999999994,-0.9749279121818236,153.92,13542.690149999999,13542.690149999999,32.210211631303444,-11.61
2026-06-06 21:30:00+00:00,2026-06-06 23:30:00+02:00,2026-06-06,23,30,2,5,6,110.31,120.07,0.43999999999998823,,-0.18999999999999773,,,,2.059999999999974,29067.378716,,-0.00854226071305213,4178.43271,-213.18327999999997,-0.9749279121818236,148.58,14074.61064,14074.61064,28.164609589577758,-9.759999999999991
2026-06-06 21:45:00+00:00,2026-06-06 23:45:00+02:00,2026-06-06,23,45,3,5,6,103.32,114.29,2.339999999999994,,-0.8900000000000148,,,,-0.8900000000000148,27999.049851000003,,-0.28603540562613194,4235.56127,-222.10251000000017,-0.9749279121818236,141.99,14620.39933,14620.39933,32.38256938539646,-10.970000000000013
2026-06-06 22:00:00+00:00,2026-06-07 00:00:00+02:00,2026-06-07,0,0,0,6,6,113.48,120.63,-2.5166666666666657,-6.3799999999999955,-6.179999999999978,,,,-17.50999999999999,27079.498542999998,,-0.29973600700998926,2465.0987,-13.351740000000063,-0.7818314824680299,164.04,15206.59445,15206.59445,38.79155105603937,-7.1499999999999915
2026-06-06 22:15:00+00:00,2026-06-07 00:15:00+02:00,2026-06-07,0,15,1,6,6,109.03,121.7,-1.5433333333333366,-2.0250000000000057,-0.22999999999998977,,,,-11.710000000000008,26091.66768,,-0.3599628534349138,2646.91325,-31.35861,-0.7818314824680299,151.18,15698.63188,15698.63188,38.234896364446506,-12.670000000000002
2026-06-06 22:30:00+00:00,2026-06-07 00:30:00+02:00,2026-06-07,0,30,2,6,6,107.95,132.68,-2.819999999999993,-2.5700000000000074,-0.9399999999999977,,,,-8.449999999999989,25185.735160000004,,-0.4185954020374214,2707.69653,-57.38137000000006,-0.7818314824680299,144.01,16202.92752,16202.92752,35.96898988480642,-24.730000000000004
2026-06-06 22:45:00+00:00,2026-06-07 00:45:00+02:00,2026-06-07,0,45,3,6,6,103.48,109.39,-6.133333333333328,-1.789999999999992,-1.1999999999999886,,,,-2.3799999999999955,24317.344922999997,,-0.554037182593573,2940.75341,-23.661439999999857,-0.7818314824680299,133.74,16679.96228,16679.96228,32.57203555198804,-5.909999999999997
2026-06-06 23:00:00+00:00,2026-06-07 01:00:00+02:00,2026-06-07,1,0,0,6,6,105.01,114.45,1.2799999999999965,1.2649999999999864,3.339999999999975,,,,-3.3300000000000125,23344.704411000002,,-0.3675815387442546,3117.1231500000004,7.31372999999985,-0.7818314824680299,139.9,17143.606649999998,17143.606649999998,33.851440638963986,-9.439999999999998
2026-06-06 23:15:00+00:00,2026-06-07 01:15:00+02:00,2026-06-07,1,15,1,6,6,100.44,108.8,1.0666666666666675,-1.4500000000000028,2.030000000000001,,,,-2.0999999999999943,22487.386346000003,,-0.47843192353905833,3345.58071,-2.5641299999999774,-0.7818314824680299,136.51,17561.63356,17561.63356,32.910332723933124,-8.36
2026-06-06 23:30:00+00:00,2026-06-07 01:30:00+02:00,2026-06-07,1,30,2,6,6,95.87,104.3,-0.6966666666666725,-1.6899999999999906,-1.519999999999996,,,,-2.890000000000015,21719.002248,,-0.5325525244435128,3538.5576499999997,-1.288970000000063,-0.7818314824680299,134.8,17994.03107,17994.03107,35.329897159959486,-8.429999999999993
2026-06-06 23:45:00+00:00,2026-06-07 01:45:00+02:00,2026-06-07,1,45,3,6,6,88.66,97.31,-6.983333333333332,-4.800000000000004,-3.010000000000005,,,,-18.789999999999992,21043.480011,,-0.3602893085758957,3759.5971499999996,-28.776949999999943,-0.7818314824680299,149.0,18438.637759999998,18438.637759999998,44.5281487750536,-8.650000000000006
2026-06-07 00:00:00+00:00,2026-06-07 02:00:00+02:00,2026-06-07,2,0,0,6,6,99.67,99.45,-1.8099999999999998,0.1250000000000142,0.18000000000000682,,,,-9.330000000000013,20454.16214,,-0.4832146997289809,4036.49634,-54.1882599999999,-0.7818314824680299,140.4,18855.42099,18855.42099,39.97369176512665,0.21999999999999886
2026-06-07 00:15:00+00:00,2026-06-07 02:15:00+02:00,2026-06-07,2,15,1,6,6,92.67,95.29,-2.2699999999999982,-0.3749999999999929,0.0800000000000125,,,,-7.289999999999992,19523.238647000006,,-0.5026624291885194,4301.1874,-89.43154000000004,-0.7818314824680299,136.2,19273.888359999997,19273.888359999997,38.177722998279485,-2.6200000000000045
2026-06-07 00:30:00+00:00,2026-06-07 02:30:00+02:00,2026-06-07,2,30,2,6,6,90.0,90.77,-9.160000000000002,-0.9699999999999989,0.09000000000000341,,,,-21.840000000000003,19033.560005,,-0.3829431766101396,4479.21595,-121.63110000000006,-0.7818314824680299,151.02,19693.042840000002,19693.042840000002,45.343352691804235,-0.769999999999996
2026-06-07 00:45:00+00:00,2026-06-07 02:45:00+02:00,2026-06-07,2,45,3,6,6,84.12,86.25,-7.729999999999994,-1.414999999999992,0.4000000000000057,,,,-5.699999999999989,18581.786437000002,,-0.45516792537365386,4724.96335,-119.82709,-0.7818314824680299,132.54,20128.792999999998,20128.792999999998,33.65724340069061,-2.1299999999999955
2026-06-07 01:00:00+00:00,2026-06-07 03:00:00+02:00,2026-06-07,3,0,0,6,6,89.54,91.2,-1.7700000000000007,0.8250000000000028,-1.3400000000000034,,,,-12.11999999999999,18190.72043,,-0.5300208252873363,4860.49176,-108.41793000000007,-0.7818314824680299,130.01,20542.04804,20542.04804,35.17069850505276,-1.6599999999999966
2026-06-07 01:15:00+00:00,2026-06-07 03:15:00+02:00,2026-06-07,3,15,1,6,6,80.64,92.77,-5.81333333333333,3.3999999999999986,3.769999999999996,,,,-16.36999999999999,17680.645762,,-0.5740499202942755,5032.674330000001,-84.11059,-0.7818314824680299,132.38,20922.4478,20922.4478,36.360529882460824,-12.129999999999995
2026-06-07 01:30:00+00:00,2026-06-07 03:30:00+02:00,2026-06-07,3,30,2,6,6,75.65,86.23,-14.200000000000001,-1.4550000000000054,-1.0900000000000034,,,,-32.78,17215.224074,,-0.415842910325328,5128.69125,-45.210489999999936,-0.7818314824680299,147.53,21296.392490000002,21296.392490000002,42.67815170943216,-10.579999999999998
2026-06-07 01:45:00+00:00,2026-06-07 03:45:00+02:00,2026-06-07,3,45,3,6,6,67.42,86.19,-6.183333333333333,-1.5850000000000009,-1.5100000000000051,,,,-16.58,16933.700312000004,,-0.5795576924472817,5185.424669999999,16.858470000000125,-0.7818314824680299,130.07,21666.92704,21666.92704,33.34183158336282,-18.769999999999996
2026-06-07 02:00:00+00:00,2026-06-07 04:00:00+02:00,2026-06-07,4,0,0,6,6,68.0,75.03,-1.44666666666667,0.914999999999992,0.789999999999992,,,,0.789999999999992,16695.530099000003,,-0.44374687974024024,5415.066510000001,20.250130000000127,-0.7818314824680299,129.47,22046.94691,22046.94691,32.997912560241325,-7.030000000000001
2026-06-07 02:15:00+00:00,2026-06-07 04:15:00+02:00,2026-06-07,4,15,1,6,6,60.14,86.21,-4.386666666666663,1.4400000000000048,3.0800000000000125,,,,-1.1399999999999864,16360.050291,,-0.5704818441554289,5548.28203,29.743960000000015,-0.7818314824680299,132.64,22438.737869999997,22438.737869999997,34.0096535315097,-26.069999999999993
2026-06-07 02:30:00+00:00,2026-06-07 04:30:00+02:00,2026-06-07,4,30,2,6,6,53.5,65.21,-6.270000000000003,-0.980000000000004,0.09999999999999432,,,,-4.219999999999999,16068.296166000004,,-0.48957904425077925,5584.45806,31.088570000000118,-0.7818314824680299,134.26,22809.244779999997,22809.32478,34.38909759405334,-11.709999999999994
2026-06-07 02:45:00+00:00,2026-06-07 04:45:00+02:00,2026-06-07,4,45,3,6,6,44.07,58.0,-7.509999999999994,-0.014999999999993463,-0.009999999999990905,,,,-4.97999999999999,15817.919558999994,,-0.46867914986506115,5697.1727900000005,23.56883999999991,-0.7818314824680299,134.39,23167.391320000002,23181.922570000002,32.22418708568675,-13.93
2026-06-07 03:00:00+00:00,2026-06-07 05:00:00+02:00,2026-06-07,5,0,0,6,6,49.47,60.74,-8.619999999999997,-0.5550000000000068,1.2299999999999898,,,,-4.439999999999998,15743.293751000001,,-0.5298365093735227,5771.61423,31.833959999999934,-0.7818314824680299,136.7,23471.83133,23566.50627,36.78527196220435,-11.270000000000003
2026-06-07 03:15:00+00:00,2026-06-07 05:15:00+02:00,2026-06-07,5,15,1,6,6,38.62,47.92,-9.196666666666667,0.7250000000000014,1.2800000000000011,,,,-1.710000000000008,14924.771873000002,,-0.5615472337226265,5800.574450000001,58.106869999999844,-0.7818314824680299,127.2,23632.21557,23949.12465,29.435472364705316,-9.300000000000004
2026-06-07 03:30:00+00:00,2026-06-07 05:30:00+02:00,2026-06-07,5,30,2,6,6,26.9,75.37,-11.69666666666667,0.4299999999999997,1.6099999999999994,,,,-8.300000000000011,15034.280443,,-0.4783057826882422,6075.056210000001,65.45866000000001,-0.7818314824680299,132.43,23787.341249999998,24509.608089999998,30.087703468360832,-48.470000000000006
2026-06-07 03:45:00+00:00,2026-06-07 05:45:00+02:00,2026-06-07,5,45,3,6,6,11.93,11.28,-12.506666666666677,0.1699999999999875,0.19999999999998863,,,,-15.069999999999993,15723.436083,,-0.3366455845228317,6824.43627,52.924490000000105,-0.7818314824680299,132.1,23933.27481,25290.021419999997,30.281996301433022,0.6500000000000004
2026-06-07 04:00:00+00:00,2026-06-07 06:00:00+02:00,2026-06-07,6,0,0,6,6,17.6,8.55,-16.89,-1.0350000000000037,-1.230000000000004,,,,-22.280000000000015,15442.348164999996,,-0.2292637173476332,7906.41272,213.5340799999999,-0.7818314824680299,139.8,24243.61696,26478.41715,30.0024115697388,9.05
2026-06-07 04:15:00+00:00,2026-06-07 06:15:00+02:00,2026-06-07,6,15,1,6,6,8.89,5.11,-16.310000000000002,-3.6999999999999957,-8.530000000000001,,,,-21.370000000000005,12864.692817999996,,-0.1412541521819597,8698.37468,240.04582000000005,-0.7818314824680299,133.8,24072.74547,27388.744720000002,24.44525379973238,3.7800000000000002
2026-06-07 04:30:00+00:00,2026-06-07 06:30:00+02:00,2026-06-07,6,30,2,6,6,6.42,62.85,-13.203333333333331,-2.5,-0.5999999999999943,,,,-23.239999999999995,12243.348769000004,,-0.3519020977959622,9673.30947,225.65220999999997,-0.7818314824680299,130.32,23861.00012,28434.31514,29.120587791686194,-56.43
2026-06-07 04:45:00+00:00,2026-06-07 06:45:00+02:00,2026-06-07,6,45,3,6,6,3.37,2.1,-12.766666666666667,-3.7849999999999966,-7.6299999999999955,,,,-10.159999999999997,11593.826829999998,,-0.20810705697730392,11116.81761,219.04148999999984,-0.7818314824680299,108.25,23598.750509999998,29617.09177,13.836351879499482,1.27
2026-06-07 05:00:00+00:00,2026-06-07 07:00:00+02:00,2026-06-07,7,0,0,6,6,5.62,1.84,-6.7700000000000005,-1.9749999999999943,-0.1699999999999875,,,,-9.760000000000005,10963.414104000003,,-0.28971378612991633,12805.834789999999,197.7332100000001,-0.7818314824680299,122.79,23057.899269999998,30757.159079999998,20.522765408201437,3.7800000000000002
2026-06-07 05:15:00+00:00,2026-06-07 07:15:00+02:00,2026-06-07,7,15,1,6,6,2.84,0.01,-11.126666666666665,-0.4300000000000068,-5.439999999999998,,,,-23.950000000000003,9819.54161,,-0.08700956027273812,14724.88593,132.27337999999986,-0.7818314824680299,122.12,22793.04464,32419.72696,26.072035465865998,2.83
2026-06-07 05:30:00+00:00,2026-06-07 07:30:00+02:00,2026-06-07,7,30,2,6,6,0.33,44.7,-11.623333333333354,-2.444999999999993,-2.2299999999999898,,,,-28.870000000000005,8721.941797,,-0.07552100897829639,17070.41943,64.94749000000002,-0.7818314824680299,113.56,22489.41764,34235.87117,21.88187682383265,-44.370000000000005
2026-06-07 05:45:00+00:00,2026-06-07 07:45:00+02:00,2026-06-07,7,45,3,6,6,0.65,31.11,-7.693333333333338,-1.6700000000000017,-2.280000000000001,,,,-2.5900000000000034,7453.678641000006,,-0.08410675605348794,19499.09182,39.504289999999855,-0.7818314824680299,76.8,22127.55203,36110.80269,19.996730566103405,-30.46
2026-06-07 06:00:00+00:00,2026-06-07 08:00:00+02:00,2026-06-07,8,0,0,6,6,3.66,11.07,-8.633333333333335,-2.604999999999997,-6.570000000000022,,,,-9.569999999999993,8460.377621999993,,0.16268848883678427,22162.13644,15.166259999999966,-0.7818314824680299,105.97,19736.09327,35871.840800000005,10.268399745499003,-7.41
2026-06-07 06:15:00+00:00,2026-06-07 08:15:00+02:00,2026-06-07,8,15,1,6,6,-0.07,-0.05,-8.116666666666674,1.6399999999999935,-6.320000000000007,,,,-20.10000000000001,7031.495757999997,,0.09024708141729179,24855.65549,8.424679999999853,-0.7818314824680299,103.4,19709.11895,38141.003970000005,23.72422882484006,-0.020000000000000004
2026-06-07 06:30:00+00:00,2026-06-07 08:30:00+02:00,2026-06-07,8,30,2,6,6,-0.55,0.01,-6.62,-0.8549999999999969,-5.900000000000006,,,,-20.629999999999995,5704.093583999995,,0.14091610689085365,27511.19351,-7.848250000000007,-0.7818314824680299,84.6,19734.8954,40371.28488000001,24.866918452701494,-0.56
2026-06-07 06:45:00+00:00,2026-06-07 08:45:00+02:00,2026-06-07,8,45,3,6,6,-2.79,-2.04,-12.940000000000003,-0.10999999999999943,-0.06999999999999318,,,,-30.120000000000005,4267.366977999998,,0.08517880801204382,30084.188619999997,-15.379050000000007,-0.7818314824680299,78.12,19715.48038,42414.092860000004,24.989653859148802,-0.75
2026-06-07 07:00:00+00:00,2026-06-07 09:00:00+02:00,2026-06-07,9,0,0,6,6,-0.52,-1.3,0.7966666666666716,-2.480000000000004,-1.2900000000000063,,,,-4.570000000000007,2644.138181000002,,0.2458283991483554,32653.88436,-4.505729999999858,-0.7818314824680299,69.14,19659.60317,44240.65021,32.46789234510305,0.78
2026-06-07 07:15:00+00:00,2026-06-07 09:15:00+02:00,2026-06-07,9,15,1,6,6,-2.01,-3.4,-9.843333333333332,-2.2500000000000036,-7.97999999999999,,,,-28.5,1803.2485009999946,,0.19968155521364617,35286.861079999995,0.848850000000084,-0.7818314824680299,72.0,19587.498870000003,45894.877140000004,32.604141352490885,1.3900000000000001
2026-06-07 07:30:00+00:00,2026-06-07 09:30:00+02:00,2026-06-07,9,30,2,6,6,-2.68,-5.5,-6.649999999999998,-0.25499999999999545,-1.5300000000000011,,,,-19.68,902.7006469999978,,0.17069105578818328,37762.3067,2.5553899999999885,-0.7818314824680299,56.9,19539.73902,47398.33017,32.31808368906152,2.82
2026-06-07 07:45:00+00:00,2026-06-07 09:45:00+02:00,2026-06-07,9,45,3,6,6,-7.29,-10.0,-11.25333333333334,-2.345000000000006,-5.3700000000000045,,,,-32.22,526.2951610000018,,0.22242324484332626,39947.77621,0.013689999999996871,-0.7818314824680299,40.7,19470.25951,48410.75711,31.88966760566585,2.71
2026-06-07 08:00:00+00:00,2026-06-07 10:00:00+02:00,2026-06-07,10,0,0,6,6,-4.99,-4.99,4.383333333333358,-1.4850000000000003,-1.17,,,,-5.879999999999999,-223.80597699999635,,0.14489475450653622,41999.55291,-4.037759999999935,-0.7818314824680299,15.01,19379.71502,49390.581229999996,40.39088057140062,0.0
2026-06-07 08:15:00+00:00,2026-06-07 10:15:00+02:00,2026-06-07,10,15,1,6,6,-5.2,-1.5,0.8133333333333338,-2.95,-4.280000000000001,,,,-16.509999999999998,-804.4782720000003,,0.20123180088882264,43765.430440000004,-28.871019999999817,-0.7818314824680299,18.43,19234.97898,50244.93986,31.48843650188449,-3.7
2026-06-07 08:30:00+00:00,2026-06-07 10:30:00+02:00,2026-06-07,10,30,2,6,6,-6.76,-1.55,-9.436666666666666,-1.2049999999999996,-6.02,,,,-24.14,-1024.0183610000095,,0.258871243248912,45273.979920000005,-98.02665000000002,-0.7818314824680299,25.0,18886.943590000003,50718.93490000001,38.539688633925174,-5.21
2026-06-07 08:45:00+00:00,2026-06-07 10:45:00+02:00,2026-06-07,10,45,3,6,6,-8.54,-12.71,-11.983333333333329,0.6400000000000031,-3.969999999999999,,,,-27.27,-909.6682500000024,,0.3125140657606957,46550.58743,-159.93351000000007,-0.7818314824680299,20.0,18556.726440000002,51106.42818,36.65499693084043,4.170000000000002
2026-06-07 09:00:00+00:00,2026-06-07 11:00:00+02:00,2026-06-07,11,0,0,6,6,-9.7,-12.74,-3.0833333333333317,-5.345000000000003,-4.76,,,,-7.46,-1113.694868999999,,0.3384963266721862,47608.067970000004,-135.95864999999958,-0.7818314824680299,5.01,18309.68289,51483.45598,44.61631801631879,3.040000000000001
2026-06-07 09:15:00+00:00,2026-06-07 11:15:00+02:00,2026-06-07,11,15,1,6,6,-10.58,-5.0,5.236666666666671,-5.395000000000001,-3.3299999999999996,,,,-12.09,-1353.056555999996,,0.29274618938244645,48587.55072,-106.36727000000019,-0.7818314824680299,5.26,18103.1917,51842.84396,24.015587299362977,-5.58
2026-06-07 09:30:00+00:00,2026-06-07 11:30:00+02:00,2026-06-07,11,30,2,6,6,-10.08,-8.11,4.396666666666669,-2.2649999999999997,-3.4099999999999997,,,,-7.87,-1426.0415100000027,,0.16915295822402948,49309.92848,-51.18260000000009,-0.7818314824680299,0.01,17819.6939,52033.96177,25.47657420716727,-1.9700000000000006
2026-06-07 09:45:00+00:00,2026-06-07 11:45:00+02:00,2026-06-07,11,45,3,6,6,-11.51,-14.57,7.359999999999992,2.8049999999999997,3.2800000000000002,,,,-10.82,-1716.4373399999968,,0.22945725685599547,49950.07202,14.378120000000308,-0.7818314824680299,0.0,17632.15389,52244.50677,20.210146791483265,3.0600000000000005
2026-06-07 10:00:00+00:00,2026-06-07 12:00:00+02:00,2026-06-07,12,0,0,6,6,-12.94,-14.99,10.306666666666674,-1.8550000000000026,0.5999999999999943,,,,9.74,-1837.4961630000034,,0.2420578372312129,50277.25845,48.30607000000009,-0.7818314824680299,-17.87,17380.06822,52327.34676,28.631776635992043,2.0500000000000007
2026-06-07 10:15:00+00:00,2026-06-07 12:15:00+02:00,2026-06-07,12,15,1,6,6,-18.01,-19.0,5.04,1.415,1.81,,,,0.9399999999999995,-2218.190321000002,,0.26037513014421876,50421.356909999995,78.17792000000009,-0.7818314824680299,-6.1,17065.87944,52238.94533,28.797027624392356,0.9899999999999984
2026-06-07 10:30:00+00:00,2026-06-07 12:30:00+02:00,2026-06-07,12,30,2,6,6,-17.29,-15.0,8.01,2.24,3.769999999999996,,,,16.86,-2400.8796959999963,,0.2936752245038671,50451.37402,101.13884999999982,-0.7818314824680299,-21.15,16848.79492,52290.84736,30.851298730091756,-2.289999999999999
2026-06-07 10:45:00+00:00,2026-06-07 12:45:00+02:00,2026-06-07,12,45,3,6,6,-18.95,-1.74,8.92000000000001,4.599999999999996,5.300000000000001,,,,1.17,-2605.6483820000067,,0.19042573078654856,50464.291639999996,106.41739999999982,-0.7818314824680299,-6.17,16686.741840000002,52414.646810000006,18.11542528712147,-17.21
2026-06-07 11:00:00+00:00,2026-06-07 13:00:00+02:00,2026-06-07,13,0,0,6,6,-19.2,-23.36,4.63,1.4349999999999978,1.769999999999996,,,,-7.29,-3105.110768999999,,0.35139545494560703,50367.4511,125.57503999999972,-0.7818314824680299,-0.01,16455.77871,52384.40507,15.477231664610303,4.16
2026-06-07 11:15:00+00:00,2026-06-07 13:15:00+02:00,2026-06-07,13,15,1,6,6,-24.39,-10.01,4.136666666666665,2.525000000000003,1.9300000000000068,,,,-9.26,-2915.3314979999996,,0.3537597921015403,50154.451329999996,112.88846000000012,-0.7818314824680299,-0.02,16181.96489,52198.78761,13.81311333479719,-14.38
2026-06-07 11:30:00+00:00,2026-06-07 13:30:00+02:00,2026-06-07,13,30,2,6,6,-31.5,-40.11,-0.1966666666666672,-1.4700000000000017,0.0899999999999963,,,,-8.010000000000002,-3006.5352499999935,,0.37344249478074476,49830.086879999995,106.31178,-0.7818314824680299,-0.04,16002.55422,52073.321899999995,19.343118500730245,8.61
2026-06-07 11:45:00+00:00,2026-06-07 13:45:00+02:00,2026-06-07,13,45,3,6,6,-40.3,-50.25,1.9466666666666672,-0.62,5.0200000000000005,,,,-5.64,-3648.046800999997,,0.2638073012083027,49519.44653,80.40110999999979,-0.7818314824680299,-0.03,15892.01379,51973.40083,14.22881934666409,9.950000000000003
2026-06-07 12:00:00+00:00,2026-06-07 14:00:00+02:00,2026-06-07,14,0,0,6,6,-34.32,-24.78,6.330000000000001,3.075,4.490000000000002,,,,5.539999999999999,-3712.6783819999982,,0.2769433131965415,49918.49923,51.7801400000003,-0.7818314824680299,-14.7,15801.402559999999,51848.951929999996,20.96248792485972,-9.54
2026-06-07 12:15:00+00:00,2026-06-07 14:15:00+02:00,2026-06-07,14,15,1,6,6,-35.65,-45.43,-0.05666666666666664,0.18500000000000005,-1.65,,,,-7.5,-3832.488927999999,,0.37839330822279515,49643.59248,34.60728000000017,-0.7818314824680299,0.0,15728.9629,51598.23703,14.269212779033412,9.780000000000001
2026-06-07 12:30:00+00:00,2026-06-07 14:30:00+02:00,2026-06-07,14,30,2,6,6,-33.42,-44.45,4.883333333333351,-1.3549999999999998,-2.6399999999999997,,,,-5.41,-3634.1705509999956,,0.32725520114955176,49249.14933,7.696120000000519,-0.7818314824680299,0.03,15716.42193,51406.02798,10.395250518065211,11.030000000000001
2026-06-07 12:45:00+00:00,2026-06-07 14:45:00+02:00,2026-06-07,14,45,3,6,6,-31.47,-45.04,2.0799999999999996,-2.18,-0.5100000000000051,,,,-1.34,-3771.8582760000063,,0.36351077391269365,48661.13588,-51.73896000000059,-0.7818314824680299,0.09,15713.4898,51024.94271,18.09999999999894,13.57
2026-06-07 13:00:00+00:00,2026-06-07 15:00:00+02:00,2026-06-07,15,0,0,6,6,-34.14,-50.07,11.446666666666667,7.35,7.84,,,,11.82,-3367.4473840000064,,0.2242226910073841,48027.97620999999,-150.21713999999974,-0.7818314824680299,-15.75,15865.82521,50776.108420000004,16.043348569843136,15.93
2026-06-07 13:15:00+00:00,2026-06-07 15:15:00+02:00,2026-06-07,15,15,1,6,6,-25.69,-24.59,4.8133333333333335,1.07,1.91,,,,1.91,-3365.4468940000006,,0.3119826797976929,47360.876919999995,-283.77939999999944,-0.7818314824680299,-3.46,16061.367209999999,50562.19667,18.487050422751583,-1.1000000000000014
2026-06-07 13:30:00+00:00,2026-06-07 15:30:00+02:00,2026-06-07,15,30,2,6,6,-21.61,-31.78,-4.4700000000000015,-6.295000000000001,-5.370000000000001,,,,-8.91,-3692.499453000004,,0.36463008039217,46647.52807,-369.77391999999963,-0.7818314824680299,8.94,16343.97718,50352.33776,20.021678251334478,10.170000000000002
2026-06-07 13:45:00+00:00,2026-06-07 15:45:00+02:00,2026-06-07,15,45,3,6,6,-17.8,-23.87,-2.2000000000000006,-8.77,2.1199999999999974,,,,-11.780000000000001,-3610.6967060000025,,0.3506948072915935,45729.84685,-411.6614500000005,-0.7818314824680299,20.89,16725.76238,50102.35549,23.766878914434685,6.07
2026-06-07 14:00:00+00:00,2026-06-07 16:00:00+02:00,2026-06-07,16,0,0,6,6,-16.77,-28.06,0.4199999999999952,3.9700000000000006,4.030000000000001,,,,-6.860000000000001,-2986.4508750000023,,0.25316509123103537,44826.41586,-450.68220999999994,-0.7818314824680299,12.21,17189.16661,49755.296,21.40239316836598,11.29
2026-06-07 14:15:00+00:00,2026-06-07 16:15:00+02:00,2026-06-07,16,15,1,6,6,-11.71,-8.4,1.0433333333333337,-1.19,2.4200000000000017,,,,-1.9299999999999997,-2692.938764999999,,0.3743606955004607,43955.82318000001,-490.7824299999993,-0.7818314824680299,38.16,17711.63093,49373.33112,23.29527205249818,-3.3100000000000005
2026-06-07 14:30:00+00:00,2026-06-07 16:30:00+02:00,2026-06-07,16,30,2,6,6,-9.7,-12.79,2.0066666666666606,-1.8949999999999996,-0.8200000000000003,,,,-7.369999999999997,-1732.3990630000044,,0.43598003606974767,42756.44394,-545.4831399999994,-0.7818314824680299,57.41,18123.73756,48677.60377,15.649576139093893,3.09
2026-06-07 14:45:00+00:00,2026-06-07 16:45:00+02:00,2026-06-07,16,45,3,6,6,-3.61,16.1,2.9633333333333134,-1.5499999999999972,-2.549999999999997,,,,-2.549999999999997,-965.8641369999968,,0.3770767083910185,41133.81323,-593.9555900000005,-0.7818314824680299,71.39,18647.52739,47951.80287,39.49918522366304,-19.71
2026-06-07 15:00:00+00:00,2026-06-07 17:00:00+02:00,2026-06-07,17,0,0,6,6,-6.67,-14.7,-6.496666666666671,-2.6400000000000077,-5.280000000000001,,,,-8.29,993.3437950000007,,0.3488794012164847,39199.79531,-638.8776199999993,-0.7818314824680299,63.72,18973.22182,46842.75925,18.36483142676247,8.03
2026-06-07 15:15:00+00:00,2026-06-07 17:15:00+02:00,2026-06-07,17,15,1,6,6,-7.96,-1.0,-11.216666666666669,-7.015000000000001,-8.469999999999999,,,,-8.469999999999999,2137.357312,,0.41359222760893316,36757.34338,-625.2356,-0.7818314824680299,82.05,19127.41475,45335.24426,14.935221234837496,-6.96
2026-06-07 15:30:00+00:00,2026-06-07 17:30:00+02:00,2026-06-07,17,30,2,6,6,0.0,18.89,-6.683333333333333,-3.6499999999999986,-3.1899999999999977,,,,-4.109999999999999,4100.076572999991,,0.3602209820259475,34134.99733,-608.8092699999997,-0.7818314824680299,99.69,19251.142440000003,43519.731060000006,15.285824587947053,-18.89
2026-06-07 15:45:00+00:00,2026-06-07 17:45:00+02:00,2026-06-07,17,45,3,6,6,7.87,16.55,-3.253333333333335,-5.840000000000003,-7.119999999999976,,,,3.0799999999999983,6692.035486000001,,0.4584863254435407,31426.332589999998,-588.5475699999997,-0.7818314824680299,118.02,19256.80246,41360.11969,16.984741191235173,-8.68
2026-06-07 16:00:00+00:00,2026-06-07 18:00:00+02:00,2026-06-07,18,0,0,6,6,16.32,0.05,-5.673333333333332,-4.619999999999997,-4.22999999999999,,,,-7.780000000000001,7753.379803000003,,0.17795771831260052,28629.04443,-574.4775999999993,-0.7818314824680299,110.99,21152.47875,41220.320479999995,20.84256941933998,16.27
2026-06-07 16:15:00+00:00,2026-06-07 18:15:00+02:00,2026-06-07,18,15,1,6,6,37.32,21.29,-3.9566666666666634,-3.7250000000000014,-2.3499999999999943,,,,-0.29999999999999716,10802.856305000001,,0.33228570731142265,25783.16806,-624.0007999999998,-0.7818314824680299,116.0,20844.06863,38565.14631,17.220279711240682,16.03
2026-06-07 16:30:00+00:00,2026-06-07 18:30:00+02:00,2026-06-07,18,30,2,6,6,88.98,87.9,-9.34666666666667,-7.690000000000005,-6.88000000000001,,,,-6.88000000000001,14079.009474999999,,0.15264639330313398,22942.650690000002,-681.7628500000001,-0.7818314824680299,129.43,20242.58237,35588.70931,23.729016695456995,1.0799999999999983
2026-06-07 16:45:00+00:00,2026-06-07 18:45:00+02:00,2026-06-07,18,45,3,6,6,112.0,115.97,-6.5733333333333475,-8.825000000000003,-7.6299999999999955,,,,6.47999999999999,17405.980382999995,,0.2556553938197769,20234.3988,-743.1156200000005,-0.7818314824680299,127.03,19435.00359,32440.145490000003,27.137233339699428,-3.969999999999999
2026-06-07 17:00:00+00:00,2026-06-07 19:00:00+02:00,2026-06-07,19,0,0,6,6,94.75,78.62,-5.580000000000003,-5.1000000000000085,-2.7700000000000102,,,,1.039999999999992,20706.930565000002,,0.3918321433736557,17762.27564,-784.8891800000001,-0.7818314824680299,122.95,18606.75623,29398.194389999997,11.817078037032193,16.129999999999995
2026-06-07 17:15:00+00:00,2026-06-07 19:15:00+02:00,2026-06-07,19,15,1,6,6,113.19,107.43,-4.323333333333333,-7.960000000000008,-6.969999999999999,,,,-3.4399999999999977,23527.916438,,0.22670567554387824,15597.83695,-878.1160899999995,-0.7818314824680299,135.01,17795.25736,26519.17993,17.439526943124076,5.759999999999991
2026-06-07 17:30:00+00:00,2026-06-07 19:30:00+02:00,2026-06-07,19,30,2,6,6,119.25,120.23,-5.73333333333332,-8.545000000000002,-8.689999999999998,,,,-12.830000000000013,26218.508688,,0.10611537812965502,13728.88564,-979.4948400000003,-0.7818314824680299,151.5,16980.30427,23877.79857,24.290004116919967,-0.980000000000004
2026-06-07 17:45:00+00:00,2026-06-07 19:45:00+02:00,2026-06-07,19,45,3,6,6,129.56,148.12,-2.5600000000000023,-4.219999999999999,-2.969999999999999,,,,-2.969999999999999,28490.212539999997,,-0.08287598216488865,12128.709019999998,-1083.57215,-0.7818314824680299,147.53,16183.38684,21503.23604,27.445001366369382,-18.560000000000002
2026-06-07 18:00:00+00:00,2026-06-07 20:00:00+02:00,2026-06-07,20,0,0,6,6,126.26,99.75,-7.0766666666666636,-7.77000000000001,-6.670000000000016,,,,-8.870000000000005,30588.165218,,0.00826204880675913,10780.95428,-1204.3944199999996,-0.7818314824680299,153.97,15371.39967,19317.12589,26.634846223196835,26.510000000000005
2026-06-07 18:15:00+00:00,2026-06-07 20:15:00+02:00,2026-06-07,20,15,1,6,6,129.0,125.62,-14.106666666666664,-9.66000000000001,-14.900000000000006,,,,-14.900000000000006,32117.530726999998,,0.18785916068604186,9855.85572,-1129.5067399999998,-0.7818314824680299,160.0,14673.454220000001,17433.218670000002,42.79621517533212,3.3799999999999955
2026-06-07 18:30:00+00:00,2026-06-07 20:30:00+02:00,2026-06-07,20,30,2,6,6,132.0,129.28,-5.913333333333327,-5.159999999999997,-4.969999999999999,,,,-4.969999999999999,33447.565586,,-0.03080060859454991,9152.42598,-1062.9308499999997,-0.7818314824680299,156.97,13919.7418,15679.017,36.08250684195875,2.719999999999999
2026-06-07 18:45:00+00:00,2026-06-07 20:45:00+02:00,2026-06-07,20,45,3,6,6,139.08,135.06,-9.593333333333339,-14.415000000000006,-17.54000000000002,,,,-17.54000000000002,34658.095392999996,,0.24572619724278516,8654.88841,-994.4283800000003,-0.7818314824680299,170.33,13117.292150000001,14090.43473,35.384335988305835,4.02000000000001
2026-06-07 19:00:00+00:00,2026-06-07 21:00:00+02:00,2026-06-07,21,0,0,6,6,135.25,133.35,-10.219999999999999,-8.344999999999999,-7.699999999999989,,,,-22.900000000000006,35670.484127,,0.10063367699073249,8424.232979999999,-944.1369999999997,-0.7818314824680299,175.68,12290.38136,12709.40238,41.116134708084395,1.9000000000000057
2026-06-07 19:15:00+00:00,2026-06-07 21:15:00+02:00,2026-06-07,21,15,1,6,6,136.17,135.01,-7.903333333333298,-9.054999999999993,-13.029999999999973,,,,-13.029999999999973,36220.731182999996,,0.3447890138220825,8476.23672,-904.5515100000002,-0.7818314824680299,160.39,11652.9427,11786.12571,39.2673367232022,1.1599999999999966
2026-06-07 19:30:00+00:00,2026-06-07 21:30:00+02:00,2026-06-07,21,30,2,6,6,139.83,141.3,-12.163333333333341,-6.4550000000000125,-8.75,,,,-3.3500000000000227,36525.021017,,0.08884492241477955,8605.60131,-851.7274899999993,-0.7818314824680299,145.11,11113.48474,11153.8277,52.90515696350723,-1.4699999999999989
2026-06-07 19:45:00+00:00,2026-06-07 21:45:00+02:00,2026-06-07,21,45,3,6,6,140.79,135.0,-6.149999999999996,-11.175000000000011,-14.669999999999987,,,,-14.669999999999987,36780.371588,,0.3147713363391414,8739.90505,-797.1767900000004,-0.7818314824680299,151.0,10618.72442,10633.19253,39.64337187139017,5.789999999999992
2026-06-07 20:00:00+00:00,2026-06-07 22:00:00+02:00,2026-06-07,22,0,0,6,6,147.56,145.7,-4.5533333333333275,-3.674999999999997,-3.6200000000000045,,,,-13.699999999999989,36920.296933,,0.1808177182377826,8839.757020000001,-727.5495000000001,-0.7818314824680299,154.6,10079.82859,10083.97159,34.581112378483134,1.8600000000000136
2026-06-07 20:15:00+00:00,2026-06-07 22:15:00+02:00,2026-06-07,22,15,1,6,6,143.15,143.25,0.0599999999999928,-1.5150000000000148,-1.6200000000000045,,,,-6.730000000000018,36635.095881999994,,0.17480960790476383,8735.410580000002,-685.8900100000001,-0.7818314824680299,145.68,9796.25031,9796.25031,31.221073545496246,-0.09999999999999432
2026-06-07 20:30:00+00:00,2026-06-07 22:30:00+02:00,2026-06-07,22,30,2,6,6,140.71,138.78,-0.7199999999999989,-2.7099999999999937,-6.449999999999989,,,,-10.169999999999987,36402.736754,,-0.19320465280132432,8628.26427,-655.5996400000004,-0.7818314824680299,136.92,9523.05757,9523.05757,29.434599255523956,1.9300000000000068
2026-06-07 20:45:00+00:00,2026-06-07 22:45:00+02:00,2026-06-07,22,45,3,6,6,140.58,136.6,-5.816666666666667,-5.500000000000014,-7.539999999999992,,,,-14.420000000000002,36217.956323000006,,0.12403495780904278,8518.50179,-608.8135199999997,-0.7818314824680299,134.38,9249.98503,9249.98503,30.79611393233376,3.980000000000018
2026-06-07 21:00:00+00:00,2026-06-07 23:00:00+02:00,2026-06-07,23,0,0,6,6,148.74,148.73,-0.11666666666666003,1.1850000000000023,0.07999999999998408,,,,-13.419999999999987,35824.469528999995,,-0.18311097849587993,8396.02141,-557.7230099999997,-0.7818314824680299,135.6,8979.731459999999,8979.731459999999,31.66406006815956,0.010000000000019327
2026-06-07 21:15:00+00:00,2026-06-07 23:15:00+02:00,2026-06-07,23,15,1,6,6,140.9,137.92,-0.8999999999999962,0.57500000000001,0.7000000000000028,,,,-11.61,35481.113114,,-0.23556256858925873,8130.77141,-550.2085599999991,-0.7818314824680299,127.64,8786.73713,8786.73713,31.318558928107777,2.980000000000018
2026-06-07 21:30:00+00:00,2026-06-07 23:30:00+02:00,2026-06-07,23,30,2,6,6,140.36,125.69,-5.590000000000008,-2.260000000000005,-2.9000000000000057,,,,-9.759999999999991,35240.268224,,-0.18059728551851179,7867.1384499999995,-542.2577799999999,-0.7818314824680299,120.07,8584.927169999999,8584.927169999999,24.736378743327318,14.670000000000016
2026-06-07 21:45:00+00:00,2026-06-07 23:45:00+02:00,2026-06-07,23,45,3,6,6,131.74,139.25,-4.773333333333345,-1.4349999999999952,-2.280000000000001,,,,-10.970000000000013,35073.604509000004,,-0.4823267276500426,7601.91206,-532.2362599999997,-0.7818314824680299,114.29,8393.58575,8393.58575,25.91108128452671,-7.509999999999991
