timestamp_utc,timestamp_local,date_local,hour_local,hour_local,minute_local,quarter_hour_local,quarter_hour_local,weekday_local,weekday_local,month_local,month_local,ida3_minus_da_spread_eur_mwh_lag_1d_same_local_qh,ida3_minus_da_spread_eur_mwh_lag_7d_same_local_qh,ida3_minus_da_spread_eur_mwh_rolling_mean_7d_same_local_qh,ida3_minus_da_spread_eur_mwh_rolling_median_7d_same_local_qh,ida3_minus_da_spread_eur_mwh_rolling_mean_14d_same_local_qh,ida3_minus_da_spread_eur_mwh_rolling_median_14d_same_local_qh,ida3_minus_da_spread_eur_mwh
2026-03-18 13:00:00+00:00,2026-03-18 14:00:00+01:00,2026-03-18,14,14,0,0,0,2,2,3,3,,,,,-27.445000000000004,-26.765,-16.16
2026-03-18 13:15:00+00:00,2026-03-18 14:15:00+01:00,2026-03-18,14,14,15,1,1,2,2,3,3,,,,,-14.612500000000008,-14.774999999999999,-8.280000000000001
2026-03-18 13:30:00+00:00,2026-03-18 14:30:00+01:00,2026-03-18,14,14,30,2,2,2,2,3,3,,,,,-1.0650000000000013,-2.3800000000000026,-5.11
2026-03-18 13:45:00+00:00,2026-03-18 14:45:00+01:00,2026-03-18,14,14,45,3,3,2,2,3,3,,,,,13.625,13.049999999999999,0.7000000000000001
2026-03-18 14:00:00+00:00,2026-03-18 15:00:00+01:00,2026-03-18,15,15,0,0,0,2,2,3,3,,,,,-31.237499999999997,-27.925,-51.559999999999995
2026-03-18 14:15:00+00:00,2026-03-18 15:15:00+01:00,2026-03-18,15,15,15,1,1,2,2,3,3,,,,,-9.797500000000001,-9.815000000000005,-48.51
2026-03-18 14:30:00+00:00,2026-03-18 15:30:00+01:00,2026-03-18,15,15,30,2,2,2,2,3,3,,,,,7.285,6.810000000000002,-9.149999999999999
2026-03-18 14:45:00+00:00,2026-03-18 15:45:00+01:00,2026-03-18,15,15,45,3,3,2,2,3,3,,,,,23.334999999999997,23.115000000000002,20.060000000000002
2026-03-18 15:00:00+00:00,2026-03-18 16:00:00+01:00,2026-03-18,16,16,0,0,0,2,2,3,3,,,,,-16.949999999999996,-18.010000000000005,-56.61
2026-03-18 15:15:00+00:00,2026-03-18 16:15:00+01:00,2026-03-18,16,16,15,1,1,2,2,3,3,,,,,-0.33750000000000213,-0.005000000000002558,-29.89
2026-03-18 15:30:00+00:00,2026-03-18 16:30:00+01:00,2026-03-18,16,16,30,2,2,2,2,3,3,,,,,14.627499999999998,15.915,-5.6200000000000045
2026-03-18 15:45:00+00:00,2026-03-18 16:45:00+01:00,2026-03-18,16,16,45,3,3,2,2,3,3,,,,,34.245000000000005,29.940000000000005,11.780000000000001
2026-03-18 16:00:00+00:00,2026-03-18 17:00:00+01:00,2026-03-18,17,17,0,0,0,2,2,3,3,,,,,-31.34499999999999,-33.71499999999999,-52.35000000000001
2026-03-18 16:15:00+00:00,2026-03-18 17:15:00+01:00,2026-03-18,17,17,15,1,1,2,2,3,3,,,,,-16.087499999999995,-15.844999999999985,-25.77000000000001
2026-03-18 16:30:00+00:00,2026-03-18 17:30:00+01:00,2026-03-18,17,17,30,2,2,2,2,3,3,,,,,15.750000000000007,8.094999999999999,-7.710000000000008
2026-03-18 16:45:00+00:00,2026-03-18 17:45:00+01:00,2026-03-18,17,17,45,3,3,2,2,3,3,,,,,76.82500000000002,66.92000000000002,6.849999999999994
2026-03-18 17:00:00+00:00,2026-03-18 18:00:00+01:00,2026-03-18,18,18,0,0,0,2,2,3,3,,,,,12.450000000000006,15.725000000000001,-33.20000000000002
2026-03-18 17:15:00+00:00,2026-03-18 18:15:00+01:00,2026-03-18,18,18,15,1,1,2,2,3,3,,,,,14.782500000000006,18.564999999999998,-24.360000000000014
2026-03-18 17:30:00+00:00,2026-03-18 18:30:00+01:00,2026-03-18,18,18,30,2,2,2,2,3,3,,,,,16.790000000000006,8.36,-16.159999999999997
2026-03-18 17:45:00+00:00,2026-03-18 18:45:00+01:00,2026-03-18,18,18,45,3,3,2,2,3,3,,,,,16.945000000000014,6.605000000000004,-17.170000000000016
2026-03-18 18:00:00+00:00,2026-03-18 19:00:00+01:00,2026-03-18,19,19,0,0,0,2,2,3,3,,,,,47.834999999999994,29.859999999999992,4.349999999999994
2026-03-18 18:15:00+00:00,2026-03-18 19:15:00+01:00,2026-03-18,19,19,15,1,1,2,2,3,3,,,,,16.617499999999993,9.884999999999991,-8.670000000000016
2026-03-18 18:30:00+00:00,2026-03-18 19:30:00+01:00,2026-03-18,19,19,30,2,2,2,2,3,3,,,,,3.8324999999999925,2.5349999999999895,-19.860000000000014
2026-03-18 18:45:00+00:00,2026-03-18 19:45:00+01:00,2026-03-18,19,19,45,3,3,2,2,3,3,,,,,-10.8625,-12.009999999999998,-35.30000000000001
2026-03-18 19:00:00+00:00,2026-03-18 20:00:00+01:00,2026-03-18,20,20,0,0,0,2,2,3,3,,,,,18.652500000000003,17.705000000000005,5.319999999999993
2026-03-18 19:15:00+00:00,2026-03-18 20:15:00+01:00,2026-03-18,20,20,15,1,1,2,2,3,3,,,,,5.155000000000005,9.250000000000007,-9.650000000000006
2026-03-18 19:30:00+00:00,2026-03-18 20:30:00+01:00,2026-03-18,20,20,30,2,2,2,2,3,3,,,,,-2.2149999999999928,0.3750000000000142,-9.920000000000016
2026-03-18 19:45:00+00:00,2026-03-18 20:45:00+01:00,2026-03-18,20,20,45,3,3,2,2,3,3,,,,,-7.2774999999999945,-5.86999999999999,-17.28
2026-03-18 20:00:00+00:00,2026-03-18 21:00:00+01:00,2026-03-18,21,21,0,0,0,2,2,3,3,,,,,10.989999999999995,13.679999999999993,3.1100000000000136
2026-03-18 20:15:00+00:00,2026-03-18 21:15:00+01:00,2026-03-18,21,21,15,1,1,2,2,3,3,,,,,4.345000000000002,6.039999999999999,-7.280000000000001
2026-03-18 20:30:00+00:00,2026-03-18 21:30:00+01:00,2026-03-18,21,21,30,2,2,2,2,3,3,,,,,0.730000000000004,1.4450000000000074,-17.0
2026-03-18 20:45:00+00:00,2026-03-18 21:45:00+01:00,2026-03-18,21,21,45,3,3,2,2,3,3,,,,,-5.384999999999998,-6.395000000000003,-22.599999999999994
2026-03-18 21:00:00+00:00,2026-03-18 22:00:00+01:00,2026-03-18,22,22,0,0,0,2,2,3,3,,,,,11.937499999999993,10.634999999999991,1.4299999999999926
2026-03-18 21:15:00+00:00,2026-03-18 22:15:00+01:00,2026-03-18,22,22,15,1,1,2,2,3,3,,,,,6.347499999999997,6.739999999999995,-7.810000000000002
2026-03-18 21:30:00+00:00,2026-03-18 22:30:00+01:00,2026-03-18,22,22,30,2,2,2,2,3,3,,,,,1.5374999999999979,2.5149999999999935,-9.120000000000005
2026-03-18 21:45:00+00:00,2026-03-18 22:45:00+01:00,2026-03-18,22,22,45,3,3,2,2,3,3,,,,,-2.905000000000001,-1.8100000000000094,-15.550000000000011
2026-03-18 22:00:00+00:00,2026-03-18 23:00:00+01:00,2026-03-18,23,23,0,0,0,2,2,3,3,,,,,11.164999999999997,10.695,1.2800000000000011
2026-03-18 22:15:00+00:00,2026-03-18 23:15:00+01:00,2026-03-18,23,23,15,1,1,2,2,3,3,,,,,6.342500000000005,5.7250000000000085,-5.1499999999999915
2026-03-18 22:30:00+00:00,2026-03-18 23:30:00+01:00,2026-03-18,23,23,30,2,2,2,2,3,3,,,,,2.9075000000000024,2.5549999999999997,-7.8799999999999955
2026-03-18 22:45:00+00:00,2026-03-18 23:45:00+01:00,2026-03-18,23,23,45,3,3,2,2,3,3,,,,,-3.2599999999999962,-3.384999999999991,-12.079999999999998
2026-03-20 11:00:00+00:00,2026-03-20 12:00:00+01:00,2026-03-20,12,12,0,0,0,4,4,3,3,,,,,-1.9075000000000009,-0.8450000000000002,13.369999999999997
2026-03-20 11:15:00+00:00,2026-03-20 12:15:00+01:00,2026-03-20,12,12,15,1,1,4,4,3,3,,,,,-9.587499999999997,-4.460000000000001,4.899999999999999
2026-03-20 11:30:00+00:00,2026-03-20 12:30:00+01:00,2026-03-20,12,12,30,2,2,4,4,3,3,,,,,-13.272499999999997,-7.945,3.6699999999999946
2026-03-20 11:45:00+00:00,2026-03-20 12:45:00+01:00,2026-03-20,12,12,45,3,3,4,4,3,3,,,,,-16.3025,-12.200000000000003,2.3500000000000014
2026-03-20 12:00:00+00:00,2026-03-20 13:00:00+01:00,2026-03-20,13,13,0,0,0,4,4,3,3,,,,,-13.8975,-9.845,2.3000000000000043
2026-03-20 12:15:00+00:00,2026-03-20 13:15:00+01:00,2026-03-20,13,13,15,1,1,4,4,3,3,,,,,-13.527500000000003,-10.295000000000002,2.670000000000009
2026-03-20 12:30:00+00:00,2026-03-20 13:30:00+01:00,2026-03-20,13,13,30,2,2,4,4,3,3,,,,,-9.492499999999994,-5.575000000000001,8.259999999999998
2026-03-20 12:45:00+00:00,2026-03-20 13:45:00+01:00,2026-03-20,13,13,45,3,3,4,4,3,3,,,,,-0.1875,-2.4650000000000003,13.350000000000001
2026-03-20 13:00:00+00:00,2026-03-20 14:00:00+01:00,2026-03-20,14,14,0,0,0,4,4,3,3,,,,,-28.490000000000002,-26.765,-20.019999999999996
2026-03-20 13:15:00+00:00,2026-03-20 14:15:00+01:00,2026-03-20,14,14,15,1,1,4,4,3,3,,,,,-13.842500000000008,-14.774999999999999,-4.079999999999998
2026-03-20 13:30:00+00:00,2026-03-20 14:30:00+01:00,2026-03-20,14,14,30,2,2,4,4,3,3,,,,,-0.5800000000000021,-2.3800000000000026,7.189999999999998
2026-03-20 13:45:00+00:00,2026-03-20 14:45:00+01:00,2026-03-20,14,14,45,3,3,4,4,3,3,,,,,11.947500000000002,13.04,24.72
2026-03-20 14:00:00+00:00,2026-03-20 15:00:00+01:00,2026-03-20,15,15,0,0,0,4,4,3,3,,,,,-33.1275,-27.925,-15.959999999999994
2026-03-20 14:15:00+00:00,2026-03-20 15:15:00+01:00,2026-03-20,15,15,15,1,1,4,4,3,3,,,,,-18.292500000000004,-9.985000000000007,-4.450000000000003
2026-03-20 14:30:00+00:00,2026-03-20 15:30:00+01:00,2026-03-20,15,15,30,2,2,4,4,3,3,,,,,2.737499999999999,1.5649999999999977,1.4200000000000017
2026-03-20 14:45:00+00:00,2026-03-20 15:45:00+01:00,2026-03-20,15,15,45,3,3,4,4,3,3,,,,,22.327499999999997,21.1,15.099999999999994
2026-03-20 15:00:00+00:00,2026-03-20 16:00:00+01:00,2026-03-20,16,16,0,0,0,4,4,3,3,,,,,-28.022499999999997,-24.315000000000005,-41.66
2026-03-20 15:15:00+00:00,2026-03-20 16:15:00+01:00,2026-03-20,16,16,15,1,1,4,4,3,3,,,,,-7.217500000000001,-3.200000000000003,-15.640000000000015
2026-03-20 15:30:00+00:00,2026-03-20 16:30:00+01:00,2026-03-20,16,16,30,2,2,4,4,3,3,,,,,10.377499999999998,12.425000000000004,1.1999999999999886
2026-03-20 15:45:00+00:00,2026-03-20 16:45:00+01:00,2026-03-20,16,16,45,3,3,4,4,3,3,,,,,29.9725,29.384999999999998,11.139999999999986
2026-03-20 16:00:00+00:00,2026-03-20 17:00:00+01:00,2026-03-20,17,17,0,0,0,4,4,3,3,,,,,-41.19,-43.254999999999995,-33.120000000000005
2026-03-20 16:15:00+00:00,2026-03-20 17:15:00+01:00,2026-03-20,17,17,15,1,1,4,4,3,3,,,,,-21.969999999999995,-24.14,-18.05000000000001
2026-03-20 16:30:00+00:00,2026-03-20 17:30:00+01:00,2026-03-20,17,17,30,2,2,4,4,3,3,,,,,11.837500000000006,6.165000000000006,-4.77000000000001
2026-03-20 16:45:00+00:00,2026-03-20 17:45:00+01:00,2026-03-20,17,17,45,3,3,4,4,3,3,,,,,73.11000000000001,66.92000000000002,14.129999999999995
2026-03-20 17:00:00+00:00,2026-03-20 18:00:00+01:00,2026-03-20,18,18,0,0,0,4,4,3,3,,,,,2.210000000000001,-1.1049999999999898,-40.48999999999998
2026-03-20 17:15:00+00:00,2026-03-20 18:15:00+01:00,2026-03-20,18,18,15,1,1,4,4,3,3,,,,,6.730000000000004,8.010000000000005,-19.039999999999992
2026-03-20 17:30:00+00:00,2026-03-20 18:30:00+01:00,2026-03-20,18,18,30,2,2,4,4,3,3,,,,,9.84000000000001,-1.279999999999987,-8.280000000000001
2026-03-20 17:45:00+00:00,2026-03-20 18:45:00+01:00,2026-03-20,18,18,45,3,3,4,4,3,3,,,,,11.71500000000001,1.1100000000000136,-5.75
2026-03-20 18:00:00+00:00,2026-03-20 19:00:00+01:00,2026-03-20,19,19,0,0,0,4,4,3,3,,,,,44.55,26.71499999999999,2.140000000000015
2026-03-20 18:15:00+00:00,2026-03-20 19:15:00+01:00,2026-03-20,19,19,15,1,1,4,4,3,3,,,,,12.25249999999999,3.029999999999987,-4.769999999999982
2026-03-20 18:30:00+00:00,2026-03-20 19:30:00+01:00,2026-03-20,19,19,30,2,2,4,4,3,3,,,,,-1.6000000000000085,-2.930000000000007,-16.75999999999999
2026-03-20 18:45:00+00:00,2026-03-20 19:45:00+01:00,2026-03-20,19,19,45,3,3,4,4,3,3,,,,,-19.062500000000004,-14.890000000000008,-36.75999999999999
2026-03-20 19:00:00+00:00,2026-03-20 20:00:00+01:00,2026-03-20,20,20,0,0,0,4,4,3,3,,,,,16.69,15.500000000000007,4.069999999999993
2026-03-20 19:15:00+00:00,2026-03-20 20:15:00+01:00,2026-03-20,20,20,15,1,1,4,4,3,3,,,,,0.542500000000004,0.44000000000001194,-10.439999999999998
2026-03-20 19:30:00+00:00,2026-03-20 20:30:00+01:00,2026-03-20,20,20,30,2,2,4,4,3,3,,,,,-6.039999999999996,-5.609999999999999,-17.669999999999987
2026-03-20 19:45:00+00:00,2026-03-20 20:45:00+01:00,2026-03-20,20,20,45,3,3,4,4,3,3,,,,,-11.304999999999993,-11.414999999999992,-26.319999999999993
2026-03-20 20:00:00+00:00,2026-03-20 21:00:00+01:00,2026-03-20,21,21,0,0,0,4,4,3,3,,,,,8.125,7.950000000000003,0.3299999999999841
2026-03-20 20:15:00+00:00,2026-03-20 21:15:00+01:00,2026-03-20,21,21,15,1,1,4,4,3,3,,,,,0.24750000000000227,-0.6149999999999949,-2.3000000000000114
2026-03-20 20:30:00+00:00,2026-03-20 21:30:00+01:00,2026-03-20,21,21,30,2,2,4,4,3,3,,,,,-5.169999999999995,-3.569999999999993,-8.350000000000023
2026-03-20 20:45:00+00:00,2026-03-20 21:45:00+01:00,2026-03-20,21,21,45,3,3,4,4,3,3,,,,,-11.674999999999994,-10.379999999999995,-13.640000000000015
2026-03-20 21:00:00+00:00,2026-03-20 22:00:00+01:00,2026-03-20,22,22,0,0,0,4,4,3,3,,,,,9.31999999999999,7.809999999999988,10.340000000000003
2026-03-20 21:15:00+00:00,2026-03-20 22:15:00+01:00,2026-03-20,22,22,15,1,1,4,4,3,3,,,,,2.1299999999999955,2.0249999999999915,4.780000000000001
2026-03-20 21:30:00+00:00,2026-03-20 22:30:00+01:00,2026-03-20,22,22,30,2,2,4,4,3,3,,,,,-1.6975000000000051,-2.115000000000009,-3.9399999999999977
2026-03-20 21:45:00+00:00,2026-03-20 22:45:00+01:00,2026-03-20,22,22,45,3,3,4,4,3,3,,,,,-7.402500000000007,-7.820000000000007,-8.400000000000006
2026-03-20 22:00:00+00:00,2026-03-20 23:00:00+01:00,2026-03-20,23,23,0,0,0,4,4,3,3,,,,,9.059999999999999,8.04,9.859999999999985
2026-03-20 22:15:00+00:00,2026-03-20 23:15:00+01:00,2026-03-20,23,23,15,1,1,4,4,3,3,,,,,3.2675000000000054,3.565000000000005,0.6699999999999875
2026-03-20 22:30:00+00:00,2026-03-20 23:30:00+01:00,2026-03-20,23,23,30,2,2,4,4,3,3,,,,,-0.22499999999999787,-0.6950000000000003,-7.590000000000003
2026-03-20 22:45:00+00:00,2026-03-20 23:45:00+01:00,2026-03-20,23,23,45,3,3,4,4,3,3,,,,,-6.444999999999997,-7.529999999999994,-14.069999999999993
2026-03-21 11:00:00+00:00,2026-03-21 12:00:00+01:00,2026-03-21,12,12,0,0,0,5,5,3,3,13.369999999999997,,5.664999999999992,5.664999999999999,1.1479999999999988,0.34999999999999964,34.47
2026-03-21 11:15:00+00:00,2026-03-21 12:15:00+01:00,2026-03-21,12,12,15,1,1,5,5,3,3,4.899999999999999,,-0.6500000000000008,-0.6500000000000008,-6.689999999999998,-2.7200000000000006,20.83
2026-03-21 11:30:00+00:00,2026-03-21 12:30:00+01:00,2026-03-21,12,12,30,2,2,5,5,3,3,3.6699999999999946,,-0.2500000000000022,-0.2500000000000022,-9.883999999999999,-5.45,7.199999999999996
2026-03-21 11:45:00+00:00,2026-03-21 12:45:00+01:00,2026-03-21,12,12,45,3,3,5,5,3,3,2.3500000000000014,,-1.814999999999999,-1.814999999999999,-12.571999999999997,-8.72,8.169999999999995
2026-03-21 12:00:00+00:00,2026-03-21 13:00:00+01:00,2026-03-21,13,13,0,0,0,5,5,3,3,2.3000000000000043,,-1.1549999999999905,-1.1549999999999976,-10.658,-4.609999999999999,4.6299999999999955
2026-03-21 12:15:00+00:00,2026-03-21 13:15:00+01:00,2026-03-21,13,13,15,1,1,5,5,3,3,2.670000000000009,,-0.7199999999999953,-0.7199999999999953,-10.288,-5.12,2.729999999999997
2026-03-21 12:30:00+00:00,2026-03-21 13:30:00+01:00,2026-03-21,13,13,30,2,2,5,5,3,3,8.259999999999998,,1.8500000000000059,1.8499999999999988,-5.941999999999997,-4.5600000000000005,2.769999999999996
2026-03-21 12:45:00+00:00,2026-03-21 13:45:00+01:00,2026-03-21,13,13,45,3,3,5,5,3,3,13.350000000000001,,5.1349999999999945,5.135000000000001,2.5200000000000005,-1.8500000000000005,5.559999999999995
2026-03-21 13:00:00+00:00,2026-03-21 14:00:00+01:00,2026-03-21,14,14,0,0,0,5,5,3,3,-20.019999999999996,,-18.09000000000001,-18.089999999999996,-26.796000000000003,-20.019999999999996,-25.509999999999998
2026-03-21 13:15:00+00:00,2026-03-21 14:15:00+01:00,2026-03-21,14,14,15,1,1,5,5,3,3,-4.079999999999998,,-6.18,-6.18,-11.890000000000006,-12.75,-9.32
2026-03-21 13:30:00+00:00,2026-03-21 14:30:00+01:00,2026-03-21,14,14,30,2,2,5,5,3,3,7.189999999999998,,1.0399999999999987,1.0399999999999987,0.9739999999999979,-1.6499999999999986,2.200000000000003
2026-03-21 13:45:00+00:00,2026-03-21 14:45:00+01:00,2026-03-21,14,14,45,3,3,5,5,3,3,24.72,,12.709999999999999,12.709999999999999,14.502,18.689999999999998,12.240000000000009
2026-03-21 14:00:00+00:00,2026-03-21 15:00:00+01:00,2026-03-21,15,15,0,0,0,5,5,3,3,-15.959999999999994,,-33.75999999999999,-33.75999999999999,-29.693999999999996,-25.89,-23.25999999999999
2026-03-21 14:15:00+00:00,2026-03-21 15:15:00+01:00,2026-03-21,15,15,15,1,1,5,5,3,3,-4.450000000000003,,-26.48,-26.48,-15.524000000000001,-5.1000000000000085,-10.509999999999991
2026-03-21 14:30:00+00:00,2026-03-21 15:30:00+01:00,2026-03-21,15,15,30,2,2,5,5,3,3,1.4200000000000017,,-3.8649999999999984,-3.8649999999999984,2.4739999999999993,1.4200000000000017,-2.509999999999991
2026-03-21 14:45:00+00:00,2026-03-21 15:45:00+01:00,2026-03-21,15,15,45,3,3,5,5,3,3,15.099999999999994,,17.58,17.58,20.881999999999998,20.060000000000002,9.41000000000001
2026-03-21 15:00:00+00:00,2026-03-21 16:00:00+01:00,2026-03-21,16,16,0,0,0,5,5,3,3,-41.66,,-49.13499999999999,-49.135,-30.75,-24.930000000000007,-25.22
2026-03-21 15:15:00+00:00,2026-03-21 16:15:00+01:00,2026-03-21,16,16,15,1,1,5,5,3,3,-15.640000000000015,,-22.765000000000008,-22.765000000000008,-8.902000000000005,-8.760000000000005,-13.11999999999999
2026-03-21 15:30:00+00:00,2026-03-21 16:30:00+01:00,2026-03-21,16,16,30,2,2,5,5,3,3,1.1999999999999886,,-2.210000000000008,-2.210000000000008,8.541999999999996,4.400000000000006,0.29000000000000625
2026-03-21 15:45:00+00:00,2026-03-21 16:45:00+01:00,2026-03-21,16,16,45,3,3,5,5,3,3,11.139999999999986,,11.459999999999994,11.459999999999994,26.205999999999996,27.75999999999999,12.170000000000016
2026-03-21 16:00:00+00:00,2026-03-21 17:00:00+01:00,2026-03-21,17,17,0,0,0,5,5,3,3,-33.120000000000005,,-42.73500000000001,-42.73500000000001,-39.576,-41.52999999999999,-25.11
2026-03-21 16:15:00+00:00,2026-03-21 17:15:00+01:00,2026-03-21,17,17,15,1,1,5,5,3,3,-18.05000000000001,,-21.91000000000001,-21.91000000000001,-21.186,-22.50999999999999,-11.189999999999998
2026-03-21 16:30:00+00:00,2026-03-21 17:30:00+01:00,2026-03-21,17,17,30,2,2,5,5,3,3,-4.77000000000001,,-6.240000000000009,-6.240000000000009,8.516000000000002,4.0800000000000125,4.349999999999994
2026-03-21 16:45:00+00:00,2026-03-21 17:45:00+01:00,2026-03-21,17,17,45,3,3,5,5,3,3,14.129999999999995,,10.490000000000009,10.489999999999995,61.31400000000001,25.620000000000005,15.180000000000007
2026-03-21 17:00:00+00:00,2026-03-21 18:00:00+01:00,2026-03-21,18,18,0,0,0,5,5,3,3,-40.48999999999998,,-36.845,-36.845,-6.329999999999996,-25.899999999999977,-9.819999999999993
2026-03-21 17:15:00+00:00,2026-03-21 18:15:00+01:00,2026-03-21,18,18,15,1,1,5,5,3,3,-19.039999999999992,,-21.700000000000003,-21.700000000000003,1.5760000000000047,-13.259999999999991,-1.3400000000000034
2026-03-21 17:30:00+00:00,2026-03-21 18:30:00+01:00,2026-03-21,18,18,30,2,2,5,5,3,3,-8.280000000000001,,-12.219999999999999,-12.219999999999999,6.216000000000008,-7.639999999999986,1.990000000000009
2026-03-21 17:45:00+00:00,2026-03-21 18:45:00+01:00,2026-03-21,18,18,45,3,3,5,5,3,3,-5.75,,-11.460000000000008,-11.460000000000008,8.222000000000008,-5.75,-1.2299999999999898
2026-03-21 18:00:00+00:00,2026-03-21 19:00:00+01:00,2026-03-21,19,19,0,0,0,5,5,3,3,2.140000000000015,,3.2450000000000045,3.2450000000000045,36.068,11.199999999999989,12.939999999999998
2026-03-21 18:15:00+00:00,2026-03-21 19:15:00+01:00,2026-03-21,19,19,15,1,1,5,5,3,3,-4.769999999999982,,-6.719999999999999,-6.719999999999999,8.847999999999995,-4.769999999999982,-2.8300000000000125
2026-03-21 18:30:00+00:00,2026-03-21 19:30:00+01:00,2026-03-21,19,19,30,2,2,5,5,3,3,-16.75999999999999,,-18.310000000000002,-18.310000000000002,-4.632000000000005,-9.060000000000002,-13.730000000000018
2026-03-21 18:45:00+00:00,2026-03-21 19:45:00+01:00,2026-03-21,19,19,45,3,3,5,5,3,3,-36.75999999999999,,-36.03,-36.03,-22.602,-16.930000000000007,-24.860000000000014
2026-03-21 19:00:00+00:00,2026-03-21 20:00:00+01:00,2026-03-21,20,20,0,0,0,5,5,3,3,4.069999999999993,,4.694999999999993,4.694999999999993,14.166,8.760000000000005,5.509999999999991
2026-03-21 19:15:00+00:00,2026-03-21 20:15:00+01:00,2026-03-21,20,20,15,1,1,5,5,3,3,-10.439999999999998,,-10.045000000000002,-10.045000000000002,-1.6539999999999964,-8.819999999999993,-5.949999999999989
2026-03-21 19:30:00+00:00,2026-03-21 20:30:00+01:00,2026-03-21,20,20,30,2,2,5,5,3,3,-17.669999999999987,,-13.795000000000002,-13.795000000000002,-8.365999999999994,-9.920000000000016,-11.569999999999993
2026-03-21 19:45:00+00:00,2026-03-21 20:45:00+01:00,2026-03-21,20,20,45,3,3,5,5,3,3,-26.319999999999993,,-21.799999999999997,-21.799999999999997,-14.307999999999993,-16.19999999999999,-22.819999999999993
2026-03-21 20:00:00+00:00,2026-03-21 21:00:00+01:00,2026-03-21,21,21,0,0,0,5,5,3,3,0.3299999999999841,,1.7199999999999989,1.7199999999999989,6.565999999999997,3.1100000000000136,-1.1299999999999955
2026-03-21 20:15:00+00:00,2026-03-21 21:15:00+01:00,2026-03-21,21,21,15,1,1,5,5,3,3,-2.3000000000000114,,-4.790000000000006,-4.790000000000006,-0.26200000000000045,-2.3000000000000114,-7.049999999999997
2026-03-21 20:30:00+00:00,2026-03-21 21:30:00+01:00,2026-03-21,21,21,30,2,2,5,5,3,3,-8.350000000000023,,-12.675000000000011,-12.675000000000011,-5.806,-6.569999999999993,-11.010000000000005
2026-03-21 20:45:00+00:00,2026-03-21 21:45:00+01:00,2026-03-21,21,21,45,3,3,5,5,3,3,-13.640000000000015,,-18.120000000000005,-18.120000000000005,-12.067999999999998,-11.309999999999988,-17.049999999999997
2026-03-21 21:00:00+00:00,2026-03-21 22:00:00+01:00,2026-03-21,22,22,0,0,0,5,5,3,3,10.340000000000003,,5.884999999999998,5.884999999999998,9.523999999999992,9.369999999999976,-0.18000000000000682
2026-03-21 21:15:00+00:00,2026-03-21 22:15:00+01:00,2026-03-21,22,22,15,1,1,5,5,3,3,4.780000000000001,,-1.5150000000000006,-1.5150000000000006,2.6599999999999966,4.4199999999999875,-3.1200000000000045
2026-03-21 21:30:00+00:00,2026-03-21 22:30:00+01:00,2026-03-21,22,22,30,2,2,5,5,3,3,-3.9399999999999977,,-6.530000000000001,-6.530000000000001,-2.1460000000000035,-3.9399999999999977,-7.930000000000007
2026-03-21 21:45:00+00:00,2026-03-21 22:45:00+01:00,2026-03-21,22,22,45,3,3,5,5,3,3,-8.400000000000006,,-11.975000000000009,-11.975000000000009,-7.6020000000000065,-8.400000000000006,-15.989999999999995
2026-03-21 22:00:00+00:00,2026-03-21 23:00:00+01:00,2026-03-21,23,23,0,0,0,5,5,3,3,9.859999999999985,,5.569999999999993,5.569999999999993,9.219999999999995,9.859999999999985,3.8400000000000034
2026-03-21 22:15:00+00:00,2026-03-21 23:15:00+01:00,2026-03-21,23,23,15,1,1,5,5,3,3,0.6699999999999875,,-2.240000000000002,-2.240000000000002,2.748000000000002,2.8299999999999983,-4.089999999999989
2026-03-21 22:30:00+00:00,2026-03-21 23:30:00+01:00,2026-03-21,23,23,30,2,2,5,5,3,3,-7.590000000000003,,-7.734999999999999,-7.734999999999999,-1.697999999999999,-1.8499999999999943,-6.059999999999988
2026-03-21 22:45:00+00:00,2026-03-21 23:45:00+01:00,2026-03-21,23,23,45,3,3,5,5,3,3,-14.069999999999993,,-13.074999999999996,-13.074999999999996,-7.969999999999996,-7.6299999999999955,-20.879999999999995
2026-03-30 10:00:00+00:00,2026-03-30 12:00:00+02:00,2026-03-30,12,12,0,0,0,0,0,3,3,,,,,,,3.1099999999999994
2026-03-30 10:15:00+00:00,2026-03-30 12:15:00+02:00,2026-03-30,12,12,15,1,1,0,0,3,3,,,,,,,-14.010000000000002
2026-03-30 10:30:00+00:00,2026-03-30 12:30:00+02:00,2026-03-30,12,12,30,2,2,0,0,3,3,,,,,,,-14.879999999999999
2026-03-30 10:45:00+00:00,2026-03-30 12:45:00+02:00,2026-03-30,12,12,45,3,3,0,0,3,3,,,,,,,-17.75
2026-03-30 11:00:00+00:00,2026-03-30 13:00:00+02:00,2026-03-30,13,13,0,0,0,0,0,3,3,,,,,,,-2.400000000000002
2026-03-30 11:15:00+00:00,2026-03-30 13:15:00+02:00,2026-03-30,13,13,15,1,1,0,0,3,3,,,,,,,-6.48
2026-03-30 11:30:00+00:00,2026-03-30 13:30:00+02:00,2026-03-30,13,13,30,2,2,0,0,3,3,,,,,,,-12.150000000000002
2026-03-30 11:45:00+00:00,2026-03-30 13:45:00+02:00,2026-03-30,13,13,45,3,3,0,0,3,3,,,,,,,-19.060000000000002
2026-03-30 12:00:00+00:00,2026-03-30 14:00:00+02:00,2026-03-30,14,14,0,0,0,0,0,3,3,,,,,,,-2.9299999999999997
2026-03-30 12:15:00+00:00,2026-03-30 14:15:00+02:00,2026-03-30,14,14,15,1,1,0,0,3,3,,,,,,,-1.3500000000000014
2026-03-30 12:30:00+00:00,2026-03-30 14:30:00+02:00,2026-03-30,14,14,30,2,2,0,0,3,3,,,,,,,-2.1900000000000013
2026-03-30 12:45:00+00:00,2026-03-30 14:45:00+02:00,2026-03-30,14,14,45,3,3,0,0,3,3,,,,,,,-7.619999999999999
2026-03-30 13:00:00+00:00,2026-03-30 15:00:00+02:00,2026-03-30,15,15,0,0,0,0,0,3,3,,,,,,,-3.7200000000000024
2026-03-30 13:15:00+00:00,2026-03-30 15:15:00+02:00,2026-03-30,15,15,15,1,1,0,0,3,3,,,,,,,-0.15000000000000213
2026-03-30 13:30:00+00:00,2026-03-30 15:30:00+02:00,2026-03-30,15,15,30,2,2,0,0,3,3,,,,,,,3.0700000000000003
2026-03-30 13:45:00+00:00,2026-03-30 15:45:00+02:00,2026-03-30,15,15,45,3,3,0,0,3,3,,,,,,,5.559999999999999
2026-03-30 14:00:00+00:00,2026-03-30 16:00:00+02:00,2026-03-30,16,16,0,0,0,0,0,3,3,,,,,,,-14.430000000000003
2026-03-30 14:15:00+00:00,2026-03-30 16:15:00+02:00,2026-03-30,16,16,15,1,1,0,0,3,3,,,,,,,-7.340000000000003
2026-03-30 14:30:00+00:00,2026-03-30 16:30:00+02:00,2026-03-30,16,16,30,2,2,0,0,3,3,,,,,,,9.409999999999997
2026-03-30 14:45:00+00:00,2026-03-30 16:45:00+02:00,2026-03-30,16,16,45,3,3,0,0,3,3,,,,,,,16.68
2026-03-30 15:00:00+00:00,2026-03-30 17:00:00+02:00,2026-03-30,17,17,0,0,0,0,0,3,3,,,,,,,-21.000000000000007
2026-03-30 15:15:00+00:00,2026-03-30 17:15:00+02:00,2026-03-30,17,17,15,1,1,0,0,3,3,,,,,,,-5.680000000000007
2026-03-30 15:30:00+00:00,2026-03-30 17:30:00+02:00,2026-03-30,17,17,30,2,2,0,0,3,3,,,,,,,13.0
2026-03-30 15:45:00+00:00,2026-03-30 17:45:00+02:00,2026-03-30,17,17,45,3,3,0,0,3,3,,,,,,,30.769999999999996
2026-03-30 16:00:00+00:00,2026-03-30 18:00:00+02:00,2026-03-30,18,18,0,0,0,0,0,3,3,,,,,,,-9.900000000000006
2026-03-30 16:15:00+00:00,2026-03-30 18:15:00+02:00,2026-03-30,18,18,15,1,1,0,0,3,3,,,,,,,15.569999999999993
2026-03-30 16:30:00+00:00,2026-03-30 18:30:00+02:00,2026-03-30,18,18,30,2,2,0,0,3,3,,,,,,,27.570000000000007
2026-03-30 16:45:00+00:00,2026-03-30 18:45:00+02:00,2026-03-30,18,18,45,3,3,0,0,3,3,,,,,,,34.92
2026-03-30 17:00:00+00:00,2026-03-30 19:00:00+02:00,2026-03-30,19,19,0,0,0,0,0,3,3,,,,,,,12.359999999999985
2026-03-30 17:15:00+00:00,2026-03-30 19:15:00+02:00,2026-03-30,19,19,15,1,1,0,0,3,3,,,,,,,15.47999999999999
2026-03-30 17:30:00+00:00,2026-03-30 19:30:00+02:00,2026-03-30,19,19,30,2,2,0,0,3,3,,,,,,,19.789999999999992
2026-03-30 17:45:00+00:00,2026-03-30 19:45:00+02:00,2026-03-30,19,19,45,3,3,0,0,3,3,,,,,,,28.370000000000005
2026-03-30 18:00:00+00:00,2026-03-30 20:00:00+02:00,2026-03-30,20,20,0,0,0,0,0,3,3,,,,,,,19.939999999999998
2026-03-30 18:15:00+00:00,2026-03-30 20:15:00+02:00,2026-03-30,20,20,15,1,1,0,0,3,3,,,,,,,20.809999999999974
2026-03-30 18:30:00+00:00,2026-03-30 20:30:00+02:00,2026-03-30,20,20,30,2,2,0,0,3,3,,,,,,,21.339999999999975
2026-03-30 18:45:00+00:00,2026-03-30 20:45:00+02:00,2026-03-30,20,20,45,3,3,0,0,3,3,,,,,,,13.909999999999997
2026-03-30 19:00:00+00:00,2026-03-30 21:00:00+02:00,2026-03-30,21,21,0,0,0,0,0,3,3,,,,,,,21.400000000000006
2026-03-30 19:15:00+00:00,2026-03-30 21:15:00+02:00,2026-03-30,21,21,15,1,1,0,0,3,3,,,,,,,17.629999999999995
2026-03-30 19:30:00+00:00,2026-03-30 21:30:00+02:00,2026-03-30,21,21,30,2,2,0,0,3,3,,,,,,,11.009999999999991
2026-03-30 19:45:00+00:00,2026-03-30 21:45:00+02:00,2026-03-30,21,21,45,3,3,0,0,3,3,,,,,,,7.3300000000000125
2026-03-30 20:00:00+00:00,2026-03-30 22:00:00+02:00,2026-03-30,22,22,0,0,0,0,0,3,3,,,,,,,19.220000000000013
2026-03-30 20:15:00+00:00,2026-03-30 22:15:00+02:00,2026-03-30,22,22,15,1,1,0,0,3,3,,,,,,,16.58
2026-03-30 20:30:00+00:00,2026-03-30 22:30:00+02:00,2026-03-30,22,22,30,2,2,0,0,3,3,,,,,,,10.969999999999999
2026-03-30 20:45:00+00:00,2026-03-30 22:45:00+02:00,2026-03-30,22,22,45,3,3,0,0,3,3,,,,,,,9.27000000000001
2026-03-30 21:00:00+00:00,2026-03-30 23:00:00+02:00,2026-03-30,23,23,0,0,0,0,0,3,3,,,,,,,17.58
2026-03-30 21:15:00+00:00,2026-03-30 23:15:00+02:00,2026-03-30,23,23,15,1,1,0,0,3,3,,,,,,,11.209999999999994
2026-03-30 21:30:00+00:00,2026-03-30 23:30:00+02:00,2026-03-30,23,23,30,2,2,0,0,3,3,,,,,,,7.299999999999997
2026-03-30 21:45:00+00:00,2026-03-30 23:45:00+02:00,2026-03-30,23,23,45,3,3,0,0,3,3,,,,,,,4.75
2026-03-31 10:00:00+00:00,2026-03-31 12:00:00+02:00,2026-03-31,12,12,0,0,0,1,1,3,3,3.1099999999999994,,,,12.227499999999997,8.239999999999998,38.38000000000001
2026-03-31 10:15:00+00:00,2026-03-31 12:15:00+02:00,2026-03-31,12,12,15,1,1,1,1,3,3,-14.010000000000002,,,,1.3800000000000017,-0.6500000000000008,31.64
2026-03-31 10:30:00+00:00,2026-03-31 12:30:00+02:00,2026-03-31,12,12,30,2,2,1,1,3,3,-14.879999999999999,,,,-2.044999999999998,-0.2500000000000022,24.120000000000005
2026-03-31 10:45:00+00:00,2026-03-31 12:45:00+02:00,2026-03-31,12,12,45,3,3,1,1,3,3,-17.75,,,,-3.302499999999997,-1.814999999999999,12.120000000000005
2026-03-31 11:00:00+00:00,2026-03-31 13:00:00+02:00,2026-03-31,13,13,0,0,0,1,1,3,3,-2.400000000000002,,,,-0.020000000000000462,-0.049999999999998934,49.21000000000001
2026-03-31 11:15:00+00:00,2026-03-31 13:15:00+02:00,2026-03-31,13,13,15,1,1,1,1,3,3,-6.48,,,,-1.297500000000002,-0.7199999999999953,38.41
2026-03-31 11:30:00+00:00,2026-03-31 13:30:00+02:00,2026-03-31,13,13,30,2,2,1,1,3,3,-12.150000000000002,,,,-1.4199999999999953,-0.8950000000000022,28.019999999999996
2026-03-31 11:45:00+00:00,2026-03-31 13:45:00+02:00,2026-03-31,13,13,45,3,3,1,1,3,3,-19.060000000000002,,,,-0.807500000000001,1.2399999999999975,23.790000000000006
2026-03-31 12:00:00+00:00,2026-03-31 14:00:00+02:00,2026-03-31,14,14,0,0,0,1,1,3,3,-2.9299999999999997,,,,-16.154999999999998,-18.089999999999996,28.14
2026-03-31 12:15:00+00:00,2026-03-31 14:15:00+02:00,2026-03-31,14,14,15,1,1,1,1,3,3,-1.3500000000000014,,,,-5.757500000000007,-6.18,29.299999999999997
2026-03-31 12:30:00+00:00,2026-03-31 14:30:00+02:00,2026-03-31,14,14,30,2,2,1,1,3,3,-2.1900000000000013,,,,0.5224999999999997,0.005000000000000782,30.85000000000001
2026-03-31 12:45:00+00:00,2026-03-31 14:45:00+02:00,2026-03-31,14,14,45,3,3,1,1,3,3,-7.619999999999999,,,,7.510000000000002,6.470000000000004,35.31
2026-03-31 13:00:00+00:00,2026-03-31 15:00:00+02:00,2026-03-31,15,15,0,0,0,1,1,3,3,-3.7200000000000024,,,,-23.624999999999986,-19.609999999999992,25.199999999999996
2026-03-31 13:15:00+00:00,2026-03-31 15:15:00+02:00,2026-03-31,15,15,15,1,1,1,1,3,3,-0.15000000000000213,,,,-15.904999999999998,-7.479999999999997,30.139999999999993
2026-03-31 13:30:00+00:00,2026-03-31 15:30:00+02:00,2026-03-31,15,15,30,2,2,1,1,3,3,3.0700000000000003,,,,-1.7924999999999969,-0.5449999999999946,31.15
2026-03-31 13:45:00+00:00,2026-03-31 15:45:00+02:00,2026-03-31,15,15,45,3,3,1,1,3,3,5.559999999999999,,,,12.532499999999995,12.255000000000003,40.15
2026-03-31 14:00:00+00:00,2026-03-31 16:00:00+02:00,2026-03-31,16,16,0,0,0,1,1,3,3,-14.430000000000003,,,,-34.48,-33.44,8.63000000000001
2026-03-31 14:15:00+00:00,2026-03-31 16:15:00+02:00,2026-03-31,16,16,15,1,1,1,1,3,3,-7.340000000000003,,,,-16.497500000000002,-14.380000000000003,19.189999999999998
2026-03-31 14:30:00+00:00,2026-03-31 16:30:00+02:00,2026-03-31,16,16,30,2,2,1,1,3,3,9.409999999999997,,,,1.3199999999999967,0.7449999999999974,26.39
2026-03-31 14:45:00+00:00,2026-03-31 16:45:00+02:00,2026-03-31,16,16,45,3,3,1,1,3,3,16.68,,,,12.9425,11.975000000000009,34.96000000000001
2026-03-31 15:00:00+00:00,2026-03-31 17:00:00+02:00,2026-03-31,17,17,0,0,0,1,1,3,3,-21.000000000000007,,,,-32.89500000000001,-29.115000000000002,4.239999999999995
2026-03-31 15:15:00+00:00,2026-03-31 17:15:00+02:00,2026-03-31,17,17,15,1,1,1,1,3,3,-5.680000000000007,,,,-15.172500000000007,-14.620000000000005,8.5
2026-03-31 15:30:00+00:00,2026-03-31 17:30:00+02:00,2026-03-31,17,17,30,2,2,1,1,3,3,13.0,,,,1.217499999999994,-0.21000000000000796,17.400000000000006
2026-03-31 15:45:00+00:00,2026-03-31 17:45:00+02:00,2026-03-31,17,17,45,3,3,1,1,3,3,30.769999999999996,,,,16.732499999999998,14.655000000000001,40.959999999999994
2026-03-31 16:00:00+00:00,2026-03-31 18:00:00+02:00,2026-03-31,18,18,0,0,0,1,1,3,3,-9.900000000000006,,,,-23.3525,-21.55000000000001,-13.820000000000022
2026-03-31 16:15:00+00:00,2026-03-31 18:15:00+02:00,2026-03-31,18,18,15,1,1,1,1,3,3,15.569999999999993,,,,-7.292500000000004,-10.189999999999998,1.3100000000000023
2026-03-31 16:30:00+00:00,2026-03-31 18:30:00+02:00,2026-03-31,18,18,30,2,2,1,1,3,3,27.570000000000007,,,,1.2800000000000047,-3.144999999999996,19.22999999999999
2026-03-31 16:45:00+00:00,2026-03-31 18:45:00+02:00,2026-03-31,18,18,45,3,3,1,1,3,3,34.92,,,,2.692499999999999,-3.489999999999995,54.22
2026-03-31 17:00:00+00:00,2026-03-31 19:00:00+02:00,2026-03-31,19,19,0,0,0,1,1,3,3,12.359999999999985,,,,7.947499999999998,8.35499999999999,-9.280000000000001
2026-03-31 17:15:00+00:00,2026-03-31 19:15:00+02:00,2026-03-31,19,19,15,1,1,1,1,3,3,15.47999999999999,,,,-0.19750000000000512,-3.799999999999997,5.0400000000000205
2026-03-31 17:30:00+00:00,2026-03-31 19:30:00+02:00,2026-03-31,19,19,30,2,2,1,1,3,3,19.789999999999992,,,,-7.640000000000008,-15.245000000000005,19.55000000000001
2026-03-31 17:45:00+00:00,2026-03-31 19:45:00+02:00,2026-03-31,19,19,45,3,3,1,1,3,3,28.370000000000005,,,,-17.137500000000003,-30.080000000000013,34.49000000000001
2026-03-31 18:00:00+00:00,2026-03-31 20:00:00+02:00,2026-03-31,20,20,0,0,0,1,1,3,3,19.939999999999998,,,,8.709999999999994,5.414999999999992,20.379999999999995
2026-03-31 18:15:00+00:00,2026-03-31 20:15:00+02:00,2026-03-31,20,20,15,1,1,1,1,3,3,20.809999999999974,,,,-1.3075000000000045,-7.799999999999997,10.22999999999999
2026-03-31 18:30:00+00:00,2026-03-31 20:30:00+02:00,2026-03-31,20,20,30,2,2,1,1,3,3,21.339999999999975,,,,-4.455000000000005,-10.745000000000005,2.9099999999999966
2026-03-31 18:45:00+00:00,2026-03-31 20:45:00+02:00,2026-03-31,20,20,45,3,3,1,1,3,3,13.909999999999997,,,,-13.127499999999998,-20.049999999999997,-5.560000000000002
2026-03-31 19:00:00+00:00,2026-03-31 21:00:00+02:00,2026-03-31,21,21,0,0,0,1,1,3,3,21.400000000000006,,,,5.927499999999998,1.7199999999999989,22.629999999999995
2026-03-31 19:15:00+00:00,2026-03-31 21:15:00+02:00,2026-03-31,21,21,15,1,1,1,1,3,3,17.629999999999995,,,,0.24999999999999645,-4.675000000000004,6.950000000000017
2026-03-31 19:30:00+00:00,2026-03-31 21:30:00+02:00,2026-03-31,21,21,30,2,2,1,1,3,3,11.009999999999991,,,,-6.337500000000009,-9.680000000000014,-0.8700000000000045
2026-03-31 19:45:00+00:00,2026-03-31 21:45:00+02:00,2026-03-31,21,21,45,3,3,1,1,3,3,7.3300000000000125,,,,-11.489999999999995,-15.345000000000006,-9.129999999999995
2026-03-31 20:00:00+00:00,2026-03-31 22:00:00+02:00,2026-03-31,22,22,0,0,0,1,1,3,3,19.220000000000013,,,,7.702500000000001,5.884999999999998,12.280000000000001
2026-03-31 20:15:00+00:00,2026-03-31 22:15:00+02:00,2026-03-31,22,22,15,1,1,1,1,3,3,16.58,,,,2.607499999999998,0.8299999999999983,5.490000000000009
2026-03-31 20:30:00+00:00,2026-03-31 22:30:00+02:00,2026-03-31,22,22,30,2,2,1,1,3,3,10.969999999999999,,,,-2.5050000000000026,-5.935000000000002,3.460000000000008
2026-03-31 20:45:00+00:00,2026-03-31 22:45:00+02:00,2026-03-31,22,22,45,3,3,1,1,3,3,9.27000000000001,,,,-7.6675,-11.975000000000009,-2.539999999999992
2026-03-31 21:00:00+00:00,2026-03-31 23:00:00+02:00,2026-03-31,23,23,0,0,0,1,1,3,3,17.58,,,,8.139999999999997,6.849999999999994,9.340000000000003
2026-03-31 21:15:00+00:00,2026-03-31 23:15:00+02:00,2026-03-31,23,23,15,1,1,1,1,3,3,11.209999999999994,,,,0.6600000000000001,-1.7100000000000009,4.810000000000002
2026-03-31 21:30:00+00:00,2026-03-31 23:30:00+02:00,2026-03-31,23,23,30,2,2,1,1,3,3,7.299999999999997,,,,-3.5574999999999974,-6.824999999999996,7.77000000000001
2026-03-31 21:45:00+00:00,2026-03-31 23:45:00+02:00,2026-03-31,23,23,45,3,3,1,1,3,3,4.75,,,,-10.569999999999997,-13.074999999999996,-0.7800000000000011
2026-04-04 10:00:00+00:00,2026-04-04 12:00:00+02:00,2026-04-04,12,12,0,0,0,5,5,4,4,,,20.744999999999997,20.745000000000005,22.3325,23.919999999999998,-3.6100000000000003
2026-04-04 10:15:00+00:00,2026-04-04 12:15:00+02:00,2026-04-04,12,12,15,1,1,5,5,4,4,,,8.815,8.815,10.840000000000003,12.864999999999998,-5.2700000000000005
2026-04-04 10:30:00+00:00,2026-04-04 12:30:00+02:00,2026-04-04,12,12,30,2,2,5,5,4,4,,,4.620000000000003,4.620000000000003,5.0275000000000025,5.434999999999995,-8.75
2026-04-04 10:45:00+00:00,2026-04-04 12:45:00+02:00,2026-04-04,12,12,45,3,3,5,5,4,4,,,-2.8149999999999977,-2.8149999999999977,1.222500000000004,5.259999999999998,-8.629999999999999
2026-04-04 11:00:00+00:00,2026-04-04 13:00:00+02:00,2026-04-04,13,13,0,0,0,5,5,4,4,,,23.40500000000001,23.405,13.435000000000002,3.465,-8.69
2026-04-04 11:15:00+00:00,2026-04-04 13:15:00+02:00,2026-04-04,13,13,15,1,1,5,5,4,4,,,15.964999999999998,15.964999999999998,9.332499999999996,2.700000000000003,-9.11
2026-04-04 11:30:00+00:00,2026-04-04 13:30:00+02:00,2026-04-04,13,13,30,2,2,5,5,4,4,,,7.935000000000004,7.934999999999997,6.725000000000003,5.514999999999997,-10.42
2026-04-04 11:45:00+00:00,2026-04-04 13:45:00+02:00,2026-04-04,13,13,45,3,3,5,5,4,4,,,2.364999999999995,2.365000000000002,5.91,9.454999999999998,-10.899999999999999
2026-04-04 12:00:00+00:00,2026-04-04 14:00:00+02:00,2026-04-04,14,14,0,0,0,5,5,4,4,,,12.604999999999986,12.605,-5.079999999999997,-11.474999999999998,-9.64
2026-04-04 12:15:00+00:00,2026-04-04 14:15:00+02:00,2026-04-04,14,14,15,1,1,5,5,4,4,,,13.974999999999998,13.974999999999998,3.637499999999992,-2.715,-11.350000000000001
2026-04-04 12:30:00+00:00,2026-04-04 14:30:00+02:00,2026-04-04,14,14,30,2,2,5,5,4,4,,,14.330000000000004,14.330000000000004,9.512500000000001,4.695,-9.64
2026-04-04 12:45:00+00:00,2026-04-04 14:45:00+02:00,2026-04-04,14,14,45,3,3,5,5,4,4,,,13.845000000000002,13.845000000000002,16.1625,18.480000000000004,-9.3
2026-04-04 13:00:00+00:00,2026-04-04 15:00:00+02:00,2026-04-04,15,15,0,0,0,5,5,4,4,,,10.739999999999997,10.739999999999997,-4.434999999999992,-9.839999999999998,-13.290000000000001
2026-04-04 13:15:00+00:00,2026-04-04 15:15:00+02:00,2026-04-04,15,15,15,1,1,5,5,4,4,,,14.994999999999996,14.994999999999996,3.7574999999999985,-2.3000000000000025,-15.58
2026-04-04 13:30:00+00:00,2026-04-04 15:30:00+02:00,2026-04-04,15,15,30,2,2,5,5,4,4,,,17.11,17.11,8.282500000000002,2.245000000000001,-9.25
2026-04-04 13:45:00+00:00,2026-04-04 15:45:00+02:00,2026-04-04,15,15,45,3,3,5,5,4,4,,,22.854999999999997,22.854999999999997,17.554999999999993,12.255000000000003,-5.720000000000001
2026-04-04 14:00:00+00:00,2026-04-04 16:00:00+02:00,2026-04-04,16,16,0,0,0,5,5,4,4,,,-2.8999999999999897,-2.899999999999997,-18.16999999999999,-19.825000000000003,-19.02
2026-04-04 14:15:00+00:00,2026-04-04 16:15:00+02:00,2026-04-04,16,16,15,1,1,5,5,4,4,,,5.924999999999997,5.924999999999997,-4.227500000000003,-10.229999999999997,-16.39
2026-04-04 14:30:00+00:00,2026-04-04 16:30:00+02:00,2026-04-04,16,16,30,2,2,5,5,4,4,,,17.9,17.9,9.322499999999998,5.304999999999993,-13.18
2026-04-04 14:45:00+00:00,2026-04-04 16:45:00+02:00,2026-04-04,16,16,45,3,3,5,5,4,4,,,25.820000000000004,25.820000000000004,18.737500000000004,14.425000000000008,-1.8499999999999996
2026-04-04 15:00:00+00:00,2026-04-04 17:00:00+02:00,2026-04-04,17,17,0,0,0,5,5,4,4,,,-8.380000000000006,-8.380000000000006,-18.747500000000002,-23.055000000000003,-53.42
2026-04-04 15:15:00+00:00,2026-04-04 17:15:00+02:00,2026-04-04,17,17,15,1,1,5,5,4,4,,,1.4099999999999966,1.4099999999999966,-6.605000000000004,-8.435000000000002,-34.41
2026-04-04 15:30:00+00:00,2026-04-04 17:30:00+02:00,2026-04-04,17,17,30,2,2,5,5,4,4,,,15.200000000000003,15.200000000000003,7.494999999999997,8.674999999999997,-12.880000000000003
2026-04-04 15:45:00+00:00,2026-04-04 17:45:00+02:00,2026-04-04,17,17,45,3,3,5,5,4,4,,,35.86500000000001,35.864999999999995,25.259999999999998,22.975,3.8700000000000045
2026-04-04 16:00:00+00:00,2026-04-04 18:00:00+02:00,2026-04-04,18,18,0,0,0,5,5,4,4,,,-11.860000000000014,-11.860000000000014,-18.5075,-11.860000000000014,-54.81999999999999
2026-04-04 16:15:00+00:00,2026-04-04 18:15:00+02:00,2026-04-04,18,18,15,1,1,5,5,4,4,,,8.439999999999998,8.439999999999998,-0.875,-0.015000000000000568,-33.209999999999994
2026-04-04 16:30:00+00:00,2026-04-04 18:30:00+02:00,2026-04-04,18,18,30,2,2,5,5,4,4,,,23.4,23.4,10.127500000000001,10.61,-13.11999999999999
2026-04-04 16:45:00+00:00,2026-04-04 18:45:00+02:00,2026-04-04,18,18,45,3,3,5,5,4,4,,,44.57,44.57,20.540000000000003,16.845000000000006,17.690000000000012
2026-04-04 17:00:00+00:00,2026-04-04 19:00:00+02:00,2026-04-04,19,19,0,0,0,5,5,4,4,,,1.539999999999992,1.539999999999992,4.539999999999999,7.25,-37.72999999999999
2026-04-04 17:15:00+00:00,2026-04-04 19:15:00+02:00,2026-04-04,19,19,15,1,1,5,5,4,4,,,10.260000000000005,10.260000000000005,3.230000000000004,1.105000000000004,-28.539999999999992
2026-04-04 17:30:00+00:00,2026-04-04 19:30:00+02:00,2026-04-04,19,19,30,2,2,5,5,4,4,,,19.67,19.67,2.2124999999999986,2.9099999999999966,-6.299999999999983
2026-04-04 17:45:00+00:00,2026-04-04 19:45:00+02:00,2026-04-04,19,19,45,3,3,5,5,4,4,,,31.430000000000007,31.430000000000007,0.3100000000000023,1.7549999999999955,-7.039999999999992
2026-04-04 18:00:00+00:00,2026-04-04 20:00:00+02:00,2026-04-04,20,20,0,0,0,5,5,4,4,,,20.159999999999997,20.159999999999997,12.474999999999994,12.724999999999994,1.8600000000000136
2026-04-04 18:15:00+00:00,2026-04-04 20:15:00+02:00,2026-04-04,20,20,15,1,1,5,5,4,4,,,15.519999999999982,15.519999999999982,3.6624999999999943,2.1400000000000006,-21.64999999999999
2026-04-04 18:30:00+00:00,2026-04-04 20:30:00+02:00,2026-04-04,20,20,30,2,2,5,5,4,4,,,12.124999999999986,12.124999999999986,-1.2475000000000023,-4.329999999999998,-26.709999999999994
2026-04-04 18:45:00+00:00,2026-04-04 20:45:00+02:00,2026-04-04,20,20,45,3,3,5,5,4,4,,,4.174999999999997,4.174999999999997,-10.197499999999998,-14.189999999999998,-45.02999999999999
2026-04-04 19:00:00+00:00,2026-04-04 21:00:00+02:00,2026-04-04,21,21,0,0,0,5,5,4,4,,,22.015,22.015,10.807499999999994,10.864999999999995,9.279999999999987
2026-04-04 19:15:00+00:00,2026-04-04 21:15:00+02:00,2026-04-04,21,21,15,1,1,5,5,4,4,,,12.290000000000006,12.290000000000006,3.807500000000001,2.325000000000003,-8.670000000000002
2026-04-04 19:30:00+00:00,2026-04-04 21:30:00+02:00,2026-04-04,21,21,30,2,2,5,5,4,4,,,5.069999999999993,5.069999999999993,-2.3050000000000104,-4.610000000000014,-29.03
2026-04-04 19:45:00+00:00,2026-04-04 21:45:00+02:00,2026-04-04,21,21,45,3,3,5,5,4,4,,,-0.8999999999999915,-0.8999999999999915,-8.122499999999995,-11.385000000000005,-47.160000000000004
2026-04-04 20:00:00+00:00,2026-04-04 22:00:00+02:00,2026-04-04,22,22,0,0,0,5,5,4,4,,,15.750000000000007,15.750000000000007,10.415000000000003,11.310000000000002,7.210000000000008
2026-04-04 20:15:00+00:00,2026-04-04 22:15:00+02:00,2026-04-04,22,22,15,1,1,5,5,4,4,,,11.035000000000004,11.035000000000004,5.932500000000001,5.135000000000005,-16.089999999999996
2026-04-04 20:30:00+00:00,2026-04-04 22:30:00+02:00,2026-04-04,22,22,30,2,2,5,5,4,4,,,7.215000000000003,7.215000000000003,0.6400000000000006,-0.23999999999999488,-49.739999999999995
2026-04-04 20:45:00+00:00,2026-04-04 22:45:00+02:00,2026-04-04,22,22,45,3,3,5,5,4,4,,,3.365000000000009,3.365000000000009,-4.414999999999996,-5.469999999999999,-54.04
2026-04-04 21:00:00+00:00,2026-04-04 23:00:00+02:00,2026-04-04,23,23,0,0,0,5,5,4,4,,,13.46,13.46,10.154999999999998,9.599999999999994,-16.380000000000003
2026-04-04 21:15:00+00:00,2026-04-04 23:15:00+02:00,2026-04-04,23,23,15,1,1,5,5,4,4,,,8.009999999999998,8.009999999999998,3.1499999999999986,2.739999999999995,-31.110000000000003
2026-04-04 21:30:00+00:00,2026-04-04 23:30:00+02:00,2026-04-04,23,23,30,2,2,5,5,4,4,,,7.535000000000004,7.535000000000004,0.355000000000004,0.6200000000000045,-41.1
2026-04-04 21:45:00+00:00,2026-04-04 23:45:00+02:00,2026-04-04,23,23,45,3,3,5,5,4,4,,,1.9849999999999994,1.9849999999999994,-7.744999999999997,-7.424999999999997,-50.510000000000005
2026-04-10 10:00:00+00:00,2026-04-10 12:00:00+02:00,2026-04-10,12,12,0,0,0,4,4,4,4,,,,,,,28.090000000000003
2026-04-10 10:15:00+00:00,2026-04-10 12:15:00+02:00,2026-04-10,12,12,15,1,1,4,4,4,4,,,,,,,23.909999999999997
2026-04-10 10:30:00+00:00,2026-04-10 12:30:00+02:00,2026-04-10,12,12,30,2,2,4,4,4,4,,,,,,,24.900000000000006
2026-04-10 10:45:00+00:00,2026-04-10 12:45:00+02:00,2026-04-10,12,12,45,3,3,4,4,4,4,,,,,,,19.53
2026-04-10 11:00:00+00:00,2026-04-10 13:00:00+02:00,2026-04-10,13,13,0,0,0,4,4,4,4,,,,,,,32.83
2026-04-10 11:15:00+00:00,2026-04-10 13:15:00+02:00,2026-04-10,13,13,15,1,1,4,4,4,4,,,,,,,29.599999999999994
2026-04-10 11:30:00+00:00,2026-04-10 13:30:00+02:00,2026-04-10,13,13,30,2,2,4,4,4,4,,,,,,,24.89
2026-04-10 11:45:00+00:00,2026-04-10 13:45:00+02:00,2026-04-10,13,13,45,3,3,4,4,4,4,,,,,,,23.22
2026-04-10 12:00:00+00:00,2026-04-10 14:00:00+02:00,2026-04-10,14,14,0,0,0,4,4,4,4,,,,,,,25.919999999999987
2026-04-10 12:15:00+00:00,2026-04-10 14:15:00+02:00,2026-04-10,14,14,15,1,1,4,4,4,4,,,,,,,22.03
2026-04-10 12:30:00+00:00,2026-04-10 14:30:00+02:00,2026-04-10,14,14,30,2,2,4,4,4,4,,,,,,,23.14999999999999
2026-04-10 12:45:00+00:00,2026-04-10 14:45:00+02:00,2026-04-10,14,14,45,3,3,4,4,4,4,,,,,,,22.379999999999995
2026-04-10 13:00:00+00:00,2026-04-10 15:00:00+02:00,2026-04-10,15,15,0,0,0,4,4,4,4,,,,,,,13.210000000000008
2026-04-10 13:15:00+00:00,2026-04-10 15:15:00+02:00,2026-04-10,15,15,15,1,1,4,4,4,4,,,,,,,16.42
2026-04-10 13:30:00+00:00,2026-04-10 15:30:00+02:00,2026-04-10,15,15,30,2,2,4,4,4,4,,,,,,,20.02000000000001
2026-04-10 13:45:00+00:00,2026-04-10 15:45:00+02:00,2026-04-10,15,15,45,3,3,4,4,4,4,,,,,,,21.38000000000001
2026-04-10 14:00:00+00:00,2026-04-10 16:00:00+02:00,2026-04-10,16,16,0,0,0,4,4,4,4,,,,,,,-0.8900000000000006
2026-04-10 14:15:00+00:00,2026-04-10 16:15:00+02:00,2026-04-10,16,16,15,1,1,4,4,4,4,,,,,,,2.4099999999999966
2026-04-10 14:30:00+00:00,2026-04-10 16:30:00+02:00,2026-04-10,16,16,30,2,2,4,4,4,4,,,,,,,12.719999999999999
2026-04-10 14:45:00+00:00,2026-04-10 16:45:00+02:00,2026-04-10,16,16,45,3,3,4,4,4,4,,,,,,,19.239999999999995
2026-04-10 15:00:00+00:00,2026-04-10 17:00:00+02:00,2026-04-10,17,17,0,0,0,4,4,4,4,,,,,,,-13.179999999999993
2026-04-10 15:15:00+00:00,2026-04-10 17:15:00+02:00,2026-04-10,17,17,15,1,1,4,4,4,4,,,,,,,-2.8400000000000034
2026-04-10 15:30:00+00:00,2026-04-10 17:30:00+02:00,2026-04-10,17,17,30,2,2,4,4,4,4,,,,,,,3.760000000000005
2026-04-10 15:45:00+00:00,2026-04-10 17:45:00+02:00,2026-04-10,17,17,45,3,3,4,4,4,4,,,,,,,20.809999999999988
2026-04-10 16:00:00+00:00,2026-04-10 18:00:00+02:00,2026-04-10,18,18,0,0,0,4,4,4,4,,,,,,,-31.439999999999998
2026-04-10 16:15:00+00:00,2026-04-10 18:15:00+02:00,2026-04-10,18,18,15,1,1,4,4,4,4,,,,,,,-25.789999999999992
2026-04-10 16:30:00+00:00,2026-04-10 18:30:00+02:00,2026-04-10,18,18,30,2,2,4,4,4,4,,,,,,,-11.299999999999983
2026-04-10 16:45:00+00:00,2026-04-10 18:45:00+02:00,2026-04-10,18,18,45,3,3,4,4,4,4,,,,,,,9.370000000000005
2026-04-10 17:00:00+00:00,2026-04-10 19:00:00+02:00,2026-04-10,19,19,0,0,0,4,4,4,4,,,,,,,-81.44
2026-04-10 17:15:00+00:00,2026-04-10 19:15:00+02:00,2026-04-10,19,19,15,1,1,4,4,4,4,,,,,,,-63.890000000000015
2026-04-10 17:30:00+00:00,2026-04-10 19:30:00+02:00,2026-04-10,19,19,30,2,2,4,4,4,4,,,,,,,-35.890000000000015
2026-04-10 17:45:00+00:00,2026-04-10 19:45:00+02:00,2026-04-10,19,19,45,3,3,4,4,4,4,,,,,,,23.140000000000015
2026-04-10 18:00:00+00:00,2026-04-10 20:00:00+02:00,2026-04-10,20,20,0,0,0,4,4,4,4,,,,,,,-0.0800000000000125
2026-04-10 18:15:00+00:00,2026-04-10 20:15:00+02:00,2026-04-10,20,20,15,1,1,4,4,4,4,,,,,,,-14.77000000000001
2026-04-10 18:30:00+00:00,2026-04-10 20:30:00+02:00,2026-04-10,20,20,30,2,2,4,4,4,4,,,,,,,-38.68000000000001
2026-04-10 18:45:00+00:00,2026-04-10 20:45:00+02:00,2026-04-10,20,20,45,3,3,4,4,4,4,,,,,,,-65.55000000000001
2026-04-10 19:00:00+00:00,2026-04-10 21:00:00+02:00,2026-04-10,21,21,0,0,0,4,4,4,4,,,,,,,9.310000000000002
2026-04-10 19:15:00+00:00,2026-04-10 21:15:00+02:00,2026-04-10,21,21,15,1,1,4,4,4,4,,,,,,,-18.580000000000013
2026-04-10 19:30:00+00:00,2026-04-10 21:30:00+02:00,2026-04-10,21,21,30,2,2,4,4,4,4,,,,,,,-29.150000000000006
2026-04-10 19:45:00+00:00,2026-04-10 21:45:00+02:00,2026-04-10,21,21,45,3,3,4,4,4,4,,,,,,,-38.58000000000001
2026-04-10 20:00:00+00:00,2026-04-10 22:00:00+02:00,2026-04-10,22,22,0,0,0,4,4,4,4,,,,,,,-2.6599999999999966
2026-04-10 20:15:00+00:00,2026-04-10 22:15:00+02:00,2026-04-10,22,22,15,1,1,4,4,4,4,,,,,,,-12.900000000000006
2026-04-10 20:30:00+00:00,2026-04-10 22:30:00+02:00,2026-04-10,22,22,30,2,2,4,4,4,4,,,,,,,-19.52000000000001
2026-04-10 20:45:00+00:00,2026-04-10 22:45:00+02:00,2026-04-10,22,22,45,3,3,4,4,4,4,,,,,,,-23.560000000000002
2026-04-10 21:00:00+00:00,2026-04-10 23:00:00+02:00,2026-04-10,23,23,0,0,0,4,4,4,4,,,,,,,-3.9599999999999795
2026-04-10 21:15:00+00:00,2026-04-10 23:15:00+02:00,2026-04-10,23,23,15,1,1,4,4,4,4,,,,,,,-5.339999999999989
2026-04-10 21:30:00+00:00,2026-04-10 23:30:00+02:00,2026-04-10,23,23,30,2,2,4,4,4,4,,,,,,,-7.239999999999981
2026-04-10 21:45:00+00:00,2026-04-10 23:45:00+02:00,2026-04-10,23,23,45,3,3,4,4,4,4,,,,,,,-12.389999999999986
2026-04-14 10:00:00+00:00,2026-04-14 12:00:00+02:00,2026-04-14,12,12,0,0,0,1,1,4,4,,,,,16.4925,15.600000000000001,-7.8700000000000045
2026-04-14 10:15:00+00:00,2026-04-14 12:15:00+02:00,2026-04-14,12,12,15,1,1,1,1,4,4,,,,,9.067500000000003,9.319999999999999,-13.090000000000003
2026-04-14 10:30:00+00:00,2026-04-14 12:30:00+02:00,2026-04-14,12,12,30,2,2,1,1,4,4,,,,,6.347500000000006,7.685000000000002,-18.680000000000007
2026-04-14 10:45:00+00:00,2026-04-14 12:45:00+02:00,2026-04-14,12,12,45,3,3,1,1,4,4,,,,,1.3175000000000052,1.7450000000000028,-23.11
2026-04-14 11:00:00+00:00,2026-04-14 13:00:00+02:00,2026-04-14,13,13,0,0,0,1,1,4,4,,,,,17.737500000000004,15.214999999999998,-12.579999999999998
2026-04-14 11:15:00+00:00,2026-04-14 13:15:00+02:00,2026-04-14,13,13,15,1,1,1,1,4,4,,,,,13.104999999999993,11.559999999999997,-16.539999999999992
2026-04-14 11:30:00+00:00,2026-04-14 13:30:00+02:00,2026-04-14,13,13,30,2,2,1,1,4,4,,,,,7.585000000000005,7.235,-19.189999999999998
2026-04-14 11:45:00+00:00,2026-04-14 13:45:00+02:00,2026-04-14,13,13,45,3,3,1,1,4,4,,,,,4.262500000000001,6.16,-23.58
2026-04-14 12:00:00+00:00,2026-04-14 14:00:00+02:00,2026-04-14,14,14,0,0,0,1,1,4,4,,,,,10.372499999999997,11.494999999999994,-26.539999999999992
2026-04-14 12:15:00+00:00,2026-04-14 14:15:00+02:00,2026-04-14,14,14,15,1,1,1,1,4,4,,,,,9.657499999999992,10.34,-21.799999999999997
2026-04-14 12:30:00+00:00,2026-04-14 14:30:00+02:00,2026-04-14,14,14,30,2,2,1,1,4,4,,,,,10.5425,10.479999999999995,-11.579999999999998
2026-04-14 12:45:00+00:00,2026-04-14 14:45:00+02:00,2026-04-14,14,14,45,3,3,1,1,4,4,,,,,10.192499999999999,7.379999999999998,-2.730000000000004
2026-04-14 13:00:00+00:00,2026-04-14 15:00:00+02:00,2026-04-14,15,15,0,0,0,1,1,4,4,,,,,5.350000000000007,4.745000000000003,-22.480000000000004
2026-04-14 13:15:00+00:00,2026-04-14 15:15:00+02:00,2026-04-14,15,15,15,1,1,1,1,4,4,,,,,7.707499999999998,8.135,-16.30000000000001
2026-04-14 13:30:00+00:00,2026-04-14 15:30:00+02:00,2026-04-14,15,15,30,2,2,1,1,4,4,,,,,11.247500000000002,11.545000000000005,-2.690000000000012
2026-04-14 13:45:00+00:00,2026-04-14 15:45:00+02:00,2026-04-14,15,15,45,3,3,1,1,4,4,,,,,15.342499999999994,13.470000000000004,-0.8500000000000085
2026-04-14 14:00:00+00:00,2026-04-14 16:00:00+02:00,2026-04-14,16,16,0,0,0,1,1,4,4,,,,,-6.427499999999995,-7.660000000000002,-14.199999999999989
2026-04-14 14:15:00+00:00,2026-04-14 16:15:00+02:00,2026-04-14,16,16,15,1,1,1,1,4,4,,,,,-0.5325000000000024,-2.4650000000000034,-6.799999999999997
2026-04-14 14:30:00+00:00,2026-04-14 16:30:00+02:00,2026-04-14,16,16,30,2,2,1,1,4,4,,,,,8.834999999999999,11.064999999999998,-3.3499999999999943
2026-04-14 14:45:00+00:00,2026-04-14 16:45:00+02:00,2026-04-14,16,16,45,3,3,1,1,4,4,,,,,17.2575,17.959999999999997,4.8500000000000085
2026-04-14 15:00:00+00:00,2026-04-14 17:00:00+02:00,2026-04-14,17,17,0,0,0,1,1,4,4,,,,,-20.840000000000003,-17.09,-21.72999999999999
2026-04-14 15:15:00+00:00,2026-04-14 17:15:00+02:00,2026-04-14,17,17,15,1,1,1,1,4,4,,,,,-8.607500000000002,-4.260000000000005,-9.309999999999988
2026-04-14 15:30:00+00:00,2026-04-14 17:30:00+02:00,2026-04-14,17,17,30,2,2,1,1,4,4,,,,,5.320000000000002,8.380000000000003,-1.7299999999999898
2026-04-14 15:45:00+00:00,2026-04-14 17:45:00+02:00,2026-04-14,17,17,45,3,3,1,1,4,4,,,,,24.102499999999996,25.789999999999992,5.880000000000024
2026-04-14 16:00:00+00:00,2026-04-14 18:00:00+02:00,2026-04-14,18,18,0,0,0,1,1,4,4,,,,,-27.495000000000005,-22.63000000000001,-33.41999999999999
2026-04-14 16:15:00+00:00,2026-04-14 18:15:00+02:00,2026-04-14,18,18,15,1,1,1,1,4,4,,,,,-10.529999999999998,-12.239999999999995,-18.92999999999998
2026-04-14 16:30:00+00:00,2026-04-14 18:30:00+02:00,2026-04-14,18,18,30,2,2,1,1,4,4,,,,,5.595000000000006,3.9650000000000034,-6.859999999999985
2026-04-14 16:45:00+00:00,2026-04-14 18:45:00+02:00,2026-04-14,18,18,45,3,3,1,1,4,4,,,,,29.050000000000004,26.305000000000007,14.070000000000022
2026-04-14 17:00:00+00:00,2026-04-14 19:00:00+02:00,2026-04-14,19,19,0,0,0,1,1,4,4,,,,,-29.0225,-23.504999999999995,-47.97
2026-04-14 17:15:00+00:00,2026-04-14 19:15:00+02:00,2026-04-14,19,19,15,1,1,1,1,4,4,,,,,-17.9775,-11.749999999999986,-26.639999999999986
2026-04-14 17:30:00+00:00,2026-04-14 19:30:00+02:00,2026-04-14,19,19,30,2,2,1,1,4,4,,,,,-0.7124999999999986,6.625000000000014,-6.9199999999999875
2026-04-14 17:45:00+00:00,2026-04-14 19:45:00+02:00,2026-04-14,19,19,45,3,3,1,1,4,4,,,,,19.74000000000001,25.75500000000001,28.870000000000005
2026-04-14 18:00:00+00:00,2026-04-14 20:00:00+02:00,2026-04-14,20,20,0,0,0,1,1,4,4,,,,,10.524999999999999,10.900000000000006,-10.950000000000017
2026-04-14 18:15:00+00:00,2026-04-14 20:15:00+02:00,2026-04-14,20,20,15,1,1,1,1,4,4,,,,,-1.3450000000000095,-2.2700000000000102,-11.840000000000003
2026-04-14 18:30:00+00:00,2026-04-14 20:30:00+02:00,2026-04-14,20,20,30,2,2,1,1,4,4,,,,,-10.285000000000007,-11.899999999999999,-29.07000000000002
2026-04-14 18:45:00+00:00,2026-04-14 20:45:00+02:00,2026-04-14,20,20,45,3,3,1,1,4,4,,,,,-25.5575,-25.294999999999995,-47.99000000000001
2026-04-14 19:00:00+00:00,2026-04-14 21:00:00+02:00,2026-04-14,21,21,0,0,0,1,1,4,4,,,,,15.654999999999994,15.355000000000004,7.939999999999998
2026-04-14 19:15:00+00:00,2026-04-14 21:15:00+02:00,2026-04-14,21,21,15,1,1,1,1,4,4,,,,,-0.6675000000000004,-0.8599999999999923,-11.050000000000011
2026-04-14 19:30:00+00:00,2026-04-14 21:30:00+02:00,2026-04-14,21,21,30,2,2,1,1,4,4,,,,,-12.010000000000005,-14.950000000000003,-19.30000000000001
2026-04-14 19:45:00+00:00,2026-04-14 21:45:00+02:00,2026-04-14,21,21,45,3,3,1,1,4,4,,,,,-21.884999999999998,-23.855000000000004,-26.900000000000006
2026-04-14 20:00:00+00:00,2026-04-14 22:00:00+02:00,2026-04-14,22,22,0,0,0,1,1,4,4,,,,,9.012500000000006,9.745000000000005,-0.8600000000000136
2026-04-14 20:15:00+00:00,2026-04-14 22:15:00+02:00,2026-04-14,22,22,15,1,1,1,1,4,4,,,,,-1.7299999999999986,-3.7049999999999983,-7.450000000000017
2026-04-14 20:30:00+00:00,2026-04-14 22:30:00+02:00,2026-04-14,22,22,30,2,2,1,1,4,4,,,,,-13.7075,-8.030000000000001,-11.689999999999998
2026-04-14 20:45:00+00:00,2026-04-14 22:45:00+02:00,2026-04-14,22,22,45,3,3,1,1,4,4,,,,,-17.717499999999994,-13.049999999999997,-19.909999999999997
2026-04-14 21:00:00+00:00,2026-04-14 23:00:00+02:00,2026-04-14,23,23,0,0,0,1,1,4,4,,,,,1.645000000000005,2.690000000000012,4.0800000000000125
2026-04-14 21:15:00+00:00,2026-04-14 23:15:00+02:00,2026-04-14,23,23,15,1,1,1,1,4,4,,,,,-5.107499999999999,-0.26499999999999346,-1.5600000000000023
2026-04-14 21:30:00+00:00,2026-04-14 23:30:00+02:00,2026-04-14,23,23,30,2,2,1,1,4,4,,,,,-8.317499999999994,0.030000000000008242,-9.299999999999983
2026-04-14 21:45:00+00:00,2026-04-14 23:45:00+02:00,2026-04-14,23,23,45,3,3,1,1,4,4,,,,,-14.732499999999998,-6.584999999999994,-14.849999999999994
2026-04-20 10:00:00+00:00,2026-04-20 12:00:00+02:00,2026-04-20,12,12,0,0,0,0,0,4,4,,,,,,,6.439999999999998
2026-04-20 10:15:00+00:00,2026-04-20 12:15:00+02:00,2026-04-20,12,12,15,1,1,0,0,4,4,,,,,,,-12.330000000000005
2026-04-20 10:30:00+00:00,2026-04-20 12:30:00+02:00,2026-04-20,12,12,30,2,2,0,0,4,4,,,,,,,-21.720000000000002
2026-04-20 10:45:00+00:00,2026-04-20 12:45:00+02:00,2026-04-20,12,12,45,3,3,0,0,4,4,,,,,,,-30.660000000000004
2026-04-20 11:00:00+00:00,2026-04-20 13:00:00+02:00,2026-04-20,13,13,0,0,0,0,0,4,4,,,,,,,-2.460000000000001
2026-04-20 11:15:00+00:00,2026-04-20 13:15:00+02:00,2026-04-20,13,13,15,1,1,0,0,4,4,,,,,,,-10.879999999999999
2026-04-20 11:30:00+00:00,2026-04-20 13:30:00+02:00,2026-04-20,13,13,30,2,2,0,0,4,4,,,,,,,-15.87
2026-04-20 11:45:00+00:00,2026-04-20 13:45:00+02:00,2026-04-20,13,13,45,3,3,0,0,4,4,,,,,,,-22.869999999999997
2026-04-20 12:00:00+00:00,2026-04-20 14:00:00+02:00,2026-04-20,14,14,0,0,0,0,0,4,4,,,,,,,-14.67
2026-04-20 12:15:00+00:00,2026-04-20 14:15:00+02:00,2026-04-20,14,14,15,1,1,0,0,4,4,,,,,,,-11.65
2026-04-20 12:30:00+00:00,2026-04-20 14:30:00+02:00,2026-04-20,14,14,30,2,2,0,0,4,4,,,,,,,-8.8
2026-04-20 12:45:00+00:00,2026-04-20 14:45:00+02:00,2026-04-20,14,14,45,3,3,0,0,4,4,,,,,,,-0.21000000000000085
2026-04-20 13:00:00+00:00,2026-04-20 15:00:00+02:00,2026-04-20,15,15,0,0,0,0,0,4,4,,,,,,,-28.779999999999998
2026-04-20 13:15:00+00:00,2026-04-20 15:15:00+02:00,2026-04-20,15,15,15,1,1,0,0,4,4,,,,,,,-17.819999999999997
2026-04-20 13:30:00+00:00,2026-04-20 15:30:00+02:00,2026-04-20,15,15,30,2,2,0,0,4,4,,,,,,,2.730000000000004
2026-04-20 13:45:00+00:00,2026-04-20 15:45:00+02:00,2026-04-20,15,15,45,3,3,0,0,4,4,,,,,,,13.219999999999999
2026-04-20 14:00:00+00:00,2026-04-20 16:00:00+02:00,2026-04-20,16,16,0,0,0,0,0,4,4,,,,,,,-20.949999999999996
2026-04-20 14:15:00+00:00,2026-04-20 16:15:00+02:00,2026-04-20,16,16,15,1,1,0,0,4,4,,,,,,,-8.359999999999992
2026-04-20 14:30:00+00:00,2026-04-20 16:30:00+02:00,2026-04-20,16,16,30,2,2,0,0,4,4,,,,,,,1.5600000000000023
2026-04-20 14:45:00+00:00,2026-04-20 16:45:00+02:00,2026-04-20,16,16,45,3,3,0,0,4,4,,,,,,,7.930000000000007
2026-04-20 15:00:00+00:00,2026-04-20 17:00:00+02:00,2026-04-20,17,17,0,0,0,0,0,4,4,,,,,,,-14.069999999999993
2026-04-20 15:15:00+00:00,2026-04-20 17:15:00+02:00,2026-04-20,17,17,15,1,1,0,0,4,4,,,,,,,-11.769999999999996
2026-04-20 15:30:00+00:00,2026-04-20 17:30:00+02:00,2026-04-20,17,17,30,2,2,0,0,4,4,,,,,,,0.18999999999999773
2026-04-20 15:45:00+00:00,2026-04-20 17:45:00+02:00,2026-04-20,17,17,45,3,3,0,0,4,4,,,,,,,11.600000000000009
2026-04-20 16:00:00+00:00,2026-04-20 18:00:00+02:00,2026-04-20,18,18,0,0,0,0,0,4,4,,,,,,,-18.760000000000005
2026-04-20 16:15:00+00:00,2026-04-20 18:15:00+02:00,2026-04-20,18,18,15,1,1,0,0,4,4,,,,,,,-11.490000000000009
2026-04-20 16:30:00+00:00,2026-04-20 18:30:00+02:00,2026-04-20,18,18,30,2,2,0,0,4,4,,,,,,,1.6899999999999977
2026-04-20 16:45:00+00:00,2026-04-20 18:45:00+02:00,2026-04-20,18,18,45,3,3,0,0,4,4,,,,,,,8.83999999999999
2026-04-20 17:00:00+00:00,2026-04-20 19:00:00+02:00,2026-04-20,19,19,0,0,0,0,0,4,4,,,,,,,-7.709999999999994
2026-04-20 17:15:00+00:00,2026-04-20 19:15:00+02:00,2026-04-20,19,19,15,1,1,0,0,4,4,,,,,,,-1.1400000000000006
2026-04-20 17:30:00+00:00,2026-04-20 19:30:00+02:00,2026-04-20,19,19,30,2,2,0,0,4,4,,,,,,,4.439999999999998
2026-04-20 17:45:00+00:00,2026-04-20 19:45:00+02:00,2026-04-20,19,19,45,3,3,0,0,4,4,,,,,,,10.319999999999993
2026-04-20 18:00:00+00:00,2026-04-20 20:00:00+02:00,2026-04-20,20,20,0,0,0,0,0,4,4,,,,,,,-3.0200000000000102
2026-04-20 18:15:00+00:00,2026-04-20 20:15:00+02:00,2026-04-20,20,20,15,1,1,0,0,4,4,,,,,,,-1.8000000000000114
2026-04-20 18:30:00+00:00,2026-04-20 20:30:00+02:00,2026-04-20,20,20,30,2,2,0,0,4,4,,,,,,,-4.570000000000007
2026-04-20 18:45:00+00:00,2026-04-20 20:45:00+02:00,2026-04-20,20,20,45,3,3,0,0,4,4,,,,,,,-8.810000000000016
2026-04-20 19:00:00+00:00,2026-04-20 21:00:00+02:00,2026-04-20,21,21,0,0,0,0,0,4,4,,,,,,,3.3400000000000034
2026-04-20 19:15:00+00:00,2026-04-20 21:15:00+02:00,2026-04-20,21,21,15,1,1,0,0,4,4,,,,,,,-7.189999999999998
2026-04-20 19:30:00+00:00,2026-04-20 21:30:00+02:00,2026-04-20,21,21,30,2,2,0,0,4,4,,,,,,,-11.159999999999997
2026-04-20 19:45:00+00:00,2026-04-20 21:45:00+02:00,2026-04-20,21,21,45,3,3,0,0,4,4,,,,,,,-12.14
2026-04-20 20:00:00+00:00,2026-04-20 22:00:00+02:00,2026-04-20,22,22,0,0,0,0,0,4,4,,,,,,,-1.3800000000000097
2026-04-20 20:15:00+00:00,2026-04-20 22:15:00+02:00,2026-04-20,22,22,15,1,1,0,0,4,4,,,,,,,-6.490000000000009
2026-04-20 20:30:00+00:00,2026-04-20 22:30:00+02:00,2026-04-20,22,22,30,2,2,0,0,4,4,,,,,,,-7.400000000000006
2026-04-20 20:45:00+00:00,2026-04-20 22:45:00+02:00,2026-04-20,22,22,45,3,3,0,0,4,4,,,,,,,-12.180000000000007
2026-04-20 21:00:00+00:00,2026-04-20 23:00:00+02:00,2026-04-20,23,23,0,0,0,0,0,4,4,,,,,,,0.980000000000004
2026-04-20 21:15:00+00:00,2026-04-20 23:15:00+02:00,2026-04-20,23,23,15,1,1,0,0,4,4,,,,,,,-2.1599999999999966
2026-04-20 21:30:00+00:00,2026-04-20 23:30:00+02:00,2026-04-20,23,23,30,2,2,0,0,4,4,,,,,,,-3.6299999999999955
2026-04-20 21:45:00+00:00,2026-04-20 23:45:00+02:00,2026-04-20,23,23,45,3,3,0,0,4,4,,,,,,,-7.829999999999998
2026-04-26 10:00:00+00:00,2026-04-26 12:00:00+02:00,2026-04-26,12,12,0,0,0,6,6,4,4,,,,,,,-2.6999999999999886
2026-04-26 10:15:00+00:00,2026-04-26 12:15:00+02:00,2026-04-26,12,12,15,1,1,6,6,4,4,,,,,,,-91.66
2026-04-26 10:30:00+00:00,2026-04-26 12:30:00+02:00,2026-04-26,12,12,30,2,2,6,6,4,4,,,,,,,-147.75999999999996
2026-04-26 10:45:00+00:00,2026-04-26 12:45:00+02:00,2026-04-26,12,12,45,3,3,6,6,4,4,,,,,,,-278.71000000000004
2026-04-26 11:00:00+00:00,2026-04-26 13:00:00+02:00,2026-04-26,13,13,0,0,0,6,6,4,4,,,,,,,-247.35000000000002
2026-04-26 11:15:00+00:00,2026-04-26 13:15:00+02:00,2026-04-26,13,13,15,1,1,6,6,4,4,,,,,,,-303.53
2026-04-26 11:30:00+00:00,2026-04-26 13:30:00+02:00,2026-04-26,13,13,30,2,2,6,6,4,4,,,,,,,-399.43000000000006
2026-04-26 11:45:00+00:00,2026-04-26 13:45:00+02:00,2026-04-26,13,13,45,3,3,6,6,4,4,,,,,,,-396.13
2026-04-26 12:00:00+00:00,2026-04-26 14:00:00+02:00,2026-04-26,14,14,0,0,0,6,6,4,4,,,,,,,-381.29
2026-04-26 12:15:00+00:00,2026-04-26 14:15:00+02:00,2026-04-26,14,14,15,1,1,6,6,4,4,,,,,,,-362.83
2026-04-26 12:30:00+00:00,2026-04-26 14:30:00+02:00,2026-04-26,14,14,30,2,2,6,6,4,4,,,,,,,-309.68
2026-04-26 12:45:00+00:00,2026-04-26 14:45:00+02:00,2026-04-26,14,14,45,3,3,6,6,4,4,,,,,,,-244.25
2026-04-26 13:00:00+00:00,2026-04-26 15:00:00+02:00,2026-04-26,15,15,0,0,0,6,6,4,4,,,,,,,-343.82000000000005
2026-04-26 13:15:00+00:00,2026-04-26 15:15:00+02:00,2026-04-26,15,15,15,1,1,6,6,4,4,,,,,,,-180.14000000000001
2026-04-26 13:30:00+00:00,2026-04-26 15:30:00+02:00,2026-04-26,15,15,30,2,2,6,6,4,4,,,,,,,-78.75
2026-04-26 13:45:00+00:00,2026-04-26 15:45:00+02:00,2026-04-26,15,15,45,3,3,6,6,4,4,,,,,,,29.769999999999982
2026-04-26 14:00:00+00:00,2026-04-26 16:00:00+02:00,2026-04-26,16,16,0,0,0,6,6,4,4,,,,,,,-88.11000000000001
2026-04-26 14:15:00+00:00,2026-04-26 16:15:00+02:00,2026-04-26,16,16,15,1,1,6,6,4,4,,,,,,,-24.340000000000003
2026-04-26 14:30:00+00:00,2026-04-26 16:30:00+02:00,2026-04-26,16,16,30,2,2,6,6,4,4,,,,,,,12.149999999999999
2026-04-26 14:45:00+00:00,2026-04-26 16:45:00+02:00,2026-04-26,16,16,45,3,3,6,6,4,4,,,,,,,19.689999999999998
2026-04-26 15:00:00+00:00,2026-04-26 17:00:00+02:00,2026-04-26,17,17,0,0,0,6,6,4,4,,,,,,,-23.939999999999998
2026-04-26 15:15:00+00:00,2026-04-26 17:15:00+02:00,2026-04-26,17,17,15,1,1,6,6,4,4,,,,,,,-14.84
2026-04-26 15:30:00+00:00,2026-04-26 17:30:00+02:00,2026-04-26,17,17,30,2,2,6,6,4,4,,,,,,,-8.46
2026-04-26 15:45:00+00:00,2026-04-26 17:45:00+02:00,2026-04-26,17,17,45,3,3,6,6,4,4,,,,,,,23.31
2026-04-26 16:00:00+00:00,2026-04-26 18:00:00+02:00,2026-04-26,18,18,0,0,0,6,6,4,4,,,,,,,-64.35
2026-04-26 16:15:00+00:00,2026-04-26 18:15:00+02:00,2026-04-26,18,18,15,1,1,6,6,4,4,,,,,,,-28.61999999999999
2026-04-26 16:30:00+00:00,2026-04-26 18:30:00+02:00,2026-04-26,18,18,30,2,2,6,6,4,4,,,,,,,8.790000000000006
2026-04-26 16:45:00+00:00,2026-04-26 18:45:00+02:00,2026-04-26,18,18,45,3,3,6,6,4,4,,,,,,,21.860000000000014
2026-04-26 17:00:00+00:00,2026-04-26 19:00:00+02:00,2026-04-26,19,19,0,0,0,6,6,4,4,,,,,,,-39.03999999999999
2026-04-26 17:15:00+00:00,2026-04-26 19:15:00+02:00,2026-04-26,19,19,15,1,1,6,6,4,4,,,,,,,-27.069999999999993
2026-04-26 17:30:00+00:00,2026-04-26 19:30:00+02:00,2026-04-26,19,19,30,2,2,6,6,4,4,,,,,,,-10.449999999999989
2026-04-26 17:45:00+00:00,2026-04-26 19:45:00+02:00,2026-04-26,19,19,45,3,3,6,6,4,4,,,,,,,7.800000000000011
2026-04-26 18:00:00+00:00,2026-04-26 20:00:00+02:00,2026-04-26,20,20,0,0,0,6,6,4,4,,,,,,,-27.120000000000005
2026-04-26 18:15:00+00:00,2026-04-26 20:15:00+02:00,2026-04-26,20,20,15,1,1,6,6,4,4,,,,,,,-23.090000000000003
2026-04-26 18:30:00+00:00,2026-04-26 20:30:00+02:00,2026-04-26,20,20,30,2,2,6,6,4,4,,,,,,,-21.360000000000014
2026-04-26 18:45:00+00:00,2026-04-26 20:45:00+02:00,2026-04-26,20,20,45,3,3,6,6,4,4,,,,,,,-29.870000000000005
2026-04-26 19:00:00+00:00,2026-04-26 21:00:00+02:00,2026-04-26,21,21,0,0,0,6,6,4,4,,,,,,,-10.450000000000017
2026-04-26 19:15:00+00:00,2026-04-26 21:15:00+02:00,2026-04-26,21,21,15,1,1,6,6,4,4,,,,,,,-17.51000000000002
2026-04-26 19:30:00+00:00,2026-04-26 21:30:00+02:00,2026-04-26,21,21,30,2,2,6,6,4,4,,,,,,,-24.470000000000013
2026-04-26 19:45:00+00:00,2026-04-26 21:45:00+02:00,2026-04-26,21,21,45,3,3,6,6,4,4,,,,,,,-32.41000000000001
2026-04-26 20:00:00+00:00,2026-04-26 22:00:00+02:00,2026-04-26,22,22,0,0,0,6,6,4,4,,,,,,,-3.3799999999999955
2026-04-26 20:15:00+00:00,2026-04-26 22:15:00+02:00,2026-04-26,22,22,15,1,1,6,6,4,4,,,,,,,-12.249999999999986
2026-04-26 20:30:00+00:00,2026-04-26 22:30:00+02:00,2026-04-26,22,22,30,2,2,6,6,4,4,,,,,,,-16.959999999999994
2026-04-26 20:45:00+00:00,2026-04-26 22:45:00+02:00,2026-04-26,22,22,45,3,3,6,6,4,4,,,,,,,-23.489999999999995
2026-04-26 21:00:00+00:00,2026-04-26 23:00:00+02:00,2026-04-26,23,23,0,0,0,6,6,4,4,,,,,,,-1.559999999999988
2026-04-26 21:15:00+00:00,2026-04-26 23:15:00+02:00,2026-04-26,23,23,15,1,1,6,6,4,4,,,,,,,-3.6499999999999915
2026-04-26 21:30:00+00:00,2026-04-26 23:30:00+02:00,2026-04-26,23,23,30,2,2,6,6,4,4,,,,,,,-9.599999999999994
2026-04-26 21:45:00+00:00,2026-04-26 23:45:00+02:00,2026-04-26,23,23,45,3,3,6,6,4,4,,,,,,,-16.529999999999987
2026-04-27 10:00:00+00:00,2026-04-27 12:00:00+02:00,2026-04-27,12,12,0,0,0,0,0,4,4,-2.6999999999999886,6.439999999999998,1.8699999999999974,1.8700000000000045,5.99,1.8700000000000045,0.02
2026-04-27 10:15:00+00:00,2026-04-27 12:15:00+02:00,2026-04-27,12,12,15,1,1,0,0,4,4,-91.66,-12.330000000000005,-51.995000000000005,-51.995000000000005,-23.292499999999997,-12.710000000000004,0.01
2026-04-27 10:30:00+00:00,2026-04-27 12:30:00+02:00,2026-04-27,12,12,30,2,2,0,0,4,4,-147.75999999999996,-21.720000000000002,-84.73999999999998,-84.73999999999998,-40.81499999999999,-20.200000000000003,0.0
2026-04-27 10:45:00+00:00,2026-04-27 12:45:00+02:00,2026-04-27,12,12,45,3,3,0,0,4,4,-278.71000000000004,-30.660000000000004,-154.68500000000003,-154.68500000000003,-78.23750000000001,-26.885,-0.05
2026-04-27 11:00:00+00:00,2026-04-27 13:00:00+02:00,2026-04-27,13,13,0,0,0,0,0,4,4,-247.35000000000002,-2.460000000000001,-124.905,-124.90500000000002,-57.39000000000001,-7.52,-1.96
2026-04-27 11:15:00+00:00,2026-04-27 13:15:00+02:00,2026-04-27,13,13,15,1,1,0,0,4,4,-303.53,-10.879999999999999,-157.20499999999998,-157.20499999999998,-75.33749999999999,-13.709999999999996,-2.56
2026-04-27 11:30:00+00:00,2026-04-27 13:30:00+02:00,2026-04-27,13,13,30,2,2,0,0,4,4,-399.43000000000006,-15.87,-207.65000000000003,-207.65000000000003,-102.4,-17.529999999999998,-2.98
2026-04-27 11:45:00+00:00,2026-04-27 13:45:00+02:00,2026-04-27,13,13,45,3,3,0,0,4,4,-396.13,-22.869999999999997,-209.5,-209.5,-104.84,-23.224999999999998,-3.7499999999999996
2026-04-27 12:00:00+00:00,2026-04-27 14:00:00+02:00,2026-04-27,14,14,0,0,0,0,0,4,4,-381.29,-14.67,-197.98000000000002,-197.98000000000002,-99.14500000000001,-20.604999999999997,-3.34
2026-04-27 12:15:00+00:00,2026-04-27 14:15:00+02:00,2026-04-27,14,14,15,1,1,0,0,4,4,-362.83,-11.65,-187.23999999999998,-187.23999999999998,-93.5625,-16.724999999999998,-2.83
2026-04-27 12:30:00+00:00,2026-04-27 14:30:00+02:00,2026-04-27,14,14,30,2,2,0,0,4,4,-309.68,-8.8,-159.24,-159.24,-76.7275,-10.19,-0.51
2026-04-27 12:45:00+00:00,2026-04-27 14:45:00+02:00,2026-04-27,14,14,45,3,3,0,0,4,4,-244.25,-0.21000000000000085,-122.23,-122.23,-56.2025,-1.4700000000000024,-0.85
2026-04-27 13:00:00+00:00,2026-04-27 15:00:00+02:00,2026-04-27,15,15,0,0,0,0,0,4,4,-343.82000000000005,-28.779999999999998,-186.3,-186.3,-95.4675,-25.630000000000003,-19.98
2026-04-27 13:15:00+00:00,2026-04-27 15:15:00+02:00,2026-04-27,15,15,15,1,1,0,0,4,4,-180.14000000000001,-17.819999999999997,-98.98,-98.98,-49.46000000000001,-17.060000000000002,-16.34
2026-04-27 13:30:00+00:00,2026-04-27 15:30:00+02:00,2026-04-27,15,15,30,2,2,0,0,4,4,-78.75,2.730000000000004,-38.01,-38.01,-14.6725,0.01999999999999602,-13.629999999999999
2026-04-27 13:45:00+00:00,2026-04-27 15:45:00+02:00,2026-04-27,15,15,45,3,3,0,0,4,4,29.769999999999982,13.219999999999999,21.49499999999999,21.49499999999999,15.879999999999988,17.300000000000004,-3.2699999999999996
2026-04-27 14:00:00+00:00,2026-04-27 16:00:00+02:00,2026-04-27,16,16,0,0,0,0,0,4,4,-88.11000000000001,-20.949999999999996,-54.53,-54.53,-31.037499999999994,-17.574999999999992,-48.86000000000001
2026-04-27 14:15:00+00:00,2026-04-27 16:15:00+02:00,2026-04-27,16,16,15,1,1,0,0,4,4,-24.340000000000003,-8.359999999999992,-16.349999999999998,-16.349999999999998,-9.272499999999999,-7.579999999999995,-16.690000000000005
2026-04-27 14:30:00+00:00,2026-04-27 16:30:00+02:00,2026-04-27,16,16,30,2,2,0,0,4,4,12.149999999999999,1.5600000000000023,6.855,6.855,5.770000000000001,6.855,11.25
2026-04-27 14:45:00+00:00,2026-04-27 16:45:00+02:00,2026-04-27,16,16,45,3,3,0,0,4,4,19.689999999999998,7.930000000000007,13.810000000000002,13.810000000000002,12.927500000000002,13.585,25.169999999999987
2026-04-27 15:00:00+00:00,2026-04-27 17:00:00+02:00,2026-04-27,17,17,0,0,0,0,0,4,4,-23.939999999999998,-14.069999999999993,-19.004999999999995,-19.004999999999995,-18.229999999999993,-17.89999999999999,-40.19
2026-04-27 15:15:00+00:00,2026-04-27 17:15:00+02:00,2026-04-27,17,17,15,1,1,0,0,4,4,-14.84,-11.769999999999996,-13.304999999999998,-13.304999999999998,-9.689999999999998,-10.539999999999992,-18.53
2026-04-27 15:30:00+00:00,2026-04-27 17:30:00+02:00,2026-04-27,17,17,30,2,2,0,0,4,4,-8.46,0.18999999999999773,-4.135000000000002,-4.135000000000002,-1.559999999999997,-0.769999999999996,1.5400000000000063
2026-04-27 15:45:00+00:00,2026-04-27 17:45:00+02:00,2026-04-27,17,17,45,3,3,0,0,4,4,23.31,11.600000000000009,17.45500000000002,17.455000000000005,15.400000000000006,16.205,12.61
2026-04-27 16:00:00+00:00,2026-04-27 18:00:00+02:00,2026-04-27,18,18,0,0,0,0,0,4,4,-64.35,-18.760000000000005,-41.555,-41.555,-36.99249999999999,-32.42999999999999,-25.690000000000012
2026-04-27 16:15:00+00:00,2026-04-27 18:15:00+02:00,2026-04-27,18,18,15,1,1,0,0,4,4,-28.61999999999999,-11.490000000000009,-20.055,-20.055,-21.207499999999992,-22.359999999999985,-16.040000000000006
2026-04-27 16:30:00+00:00,2026-04-27 18:30:00+02:00,2026-04-27,18,18,30,2,2,0,0,4,4,8.790000000000006,1.6899999999999977,5.240000000000002,5.240000000000002,-1.919999999999991,-2.5849999999999937,-1.7300000000000182
2026-04-27 16:45:00+00:00,2026-04-27 18:45:00+02:00,2026-04-27,18,18,45,3,3,0,0,4,4,21.860000000000014,8.83999999999999,15.350000000000001,15.350000000000001,13.535000000000007,11.720000000000013,14.299999999999983
2026-04-27 17:00:00+00:00,2026-04-27 19:00:00+02:00,2026-04-27,19,19,0,0,0,0,0,4,4,-39.03999999999999,-7.709999999999994,-23.374999999999993,-23.374999999999993,-44.03999999999999,-43.504999999999995,-48.67999999999999
2026-04-27 17:15:00+00:00,2026-04-27 19:15:00+02:00,2026-04-27,19,19,15,1,1,0,0,4,4,-27.069999999999993,-1.1400000000000006,-14.104999999999997,-14.104999999999997,-29.685,-26.85499999999999,-30.049999999999983
2026-04-27 17:30:00+00:00,2026-04-27 19:30:00+02:00,2026-04-27,19,19,30,2,2,0,0,4,4,-10.449999999999989,4.439999999999998,-3.0049999999999955,-3.0049999999999955,-12.204999999999998,-8.684999999999988,-10.900000000000006
2026-04-27 17:45:00+00:00,2026-04-27 19:45:00+02:00,2026-04-27,19,19,45,3,3,0,0,4,4,7.800000000000011,10.319999999999993,9.060000000000002,9.060000000000002,17.532500000000006,16.730000000000004,33.75
2026-04-27 18:00:00+00:00,2026-04-27 20:00:00+02:00,2026-04-27,20,20,0,0,0,0,0,4,4,-27.120000000000005,-3.0200000000000102,-15.070000000000007,-15.070000000000007,-10.292500000000011,-6.985000000000014,1.009999999999991
2026-04-27 18:15:00+00:00,2026-04-27 20:15:00+02:00,2026-04-27,20,20,15,1,1,0,0,4,4,-23.090000000000003,-1.8000000000000114,-12.445000000000007,-12.445000000000007,-12.875000000000007,-13.305000000000007,-12.0
2026-04-27 18:30:00+00:00,2026-04-27 20:30:00+02:00,2026-04-27,20,20,30,2,2,0,0,4,4,-21.360000000000014,-4.570000000000007,-12.96500000000001,-12.96500000000001,-23.420000000000012,-25.215000000000018,-28.689999999999998
2026-04-27 18:45:00+00:00,2026-04-27 20:45:00+02:00,2026-04-27,20,20,45,3,3,0,0,4,4,-29.870000000000005,-8.810000000000016,-19.34000000000001,-19.34000000000001,-38.05500000000001,-38.93000000000001,-46.28
2026-04-27 19:00:00+00:00,2026-04-27 21:00:00+02:00,2026-04-27,21,21,0,0,0,0,0,4,4,-10.450000000000017,3.3400000000000034,-3.555000000000007,-3.555000000000007,2.534999999999993,5.640000000000001,16.060000000000002
2026-04-27 19:15:00+00:00,2026-04-27 21:15:00+02:00,2026-04-27,21,21,15,1,1,0,0,4,4,-17.51000000000002,-7.189999999999998,-12.350000000000009,-12.350000000000009,-13.58250000000001,-14.280000000000015,-15.480000000000018
2026-04-27 19:30:00+00:00,2026-04-27 21:30:00+02:00,2026-04-27,21,21,30,2,2,0,0,4,4,-24.470000000000013,-11.159999999999997,-17.815000000000005,-17.815000000000005,-21.020000000000007,-21.885000000000012,-22.97
2026-04-27 19:45:00+00:00,2026-04-27 21:45:00+02:00,2026-04-27,21,21,45,3,3,0,0,4,4,-32.41000000000001,-12.14,-22.275000000000006,-22.275000000000006,-27.507500000000007,-29.65500000000001,-31.950000000000003
2026-04-27 20:00:00+00:00,2026-04-27 22:00:00+02:00,2026-04-27,22,22,0,0,0,0,0,4,4,-3.3799999999999955,-1.3800000000000097,-2.3800000000000026,-2.3800000000000026,-2.070000000000004,-2.020000000000003,-5.289999999999992
2026-04-27 20:15:00+00:00,2026-04-27 22:15:00+02:00,2026-04-27,22,22,15,1,1,0,0,4,4,-12.249999999999986,-6.490000000000009,-9.369999999999997,-9.369999999999997,-9.772500000000004,-9.850000000000001,-11.75
2026-04-27 20:30:00+00:00,2026-04-27 22:30:00+02:00,2026-04-27,22,22,30,2,2,0,0,4,4,-16.959999999999994,-7.400000000000006,-12.18,-12.18,-13.892500000000002,-14.324999999999996,-16.58999999999999
2026-04-27 20:45:00+00:00,2026-04-27 22:45:00+02:00,2026-04-27,22,22,45,3,3,0,0,4,4,-23.489999999999995,-12.180000000000007,-17.835,-17.835,-19.785,-21.699999999999996,-23.639999999999986
2026-04-27 21:00:00+00:00,2026-04-27 23:00:00+02:00,2026-04-27,23,23,0,0,0,0,0,4,4,-1.559999999999988,0.980000000000004,-0.28999999999999204,-0.28999999999999204,-0.11499999999998778,-0.28999999999999204,-8.060000000000002
2026-04-27 21:15:00+00:00,2026-04-27 23:15:00+02:00,2026-04-27,23,23,15,1,1,0,0,4,4,-3.6499999999999915,-2.1599999999999966,-2.904999999999994,-2.904999999999994,-3.177499999999995,-2.904999999999994,-12.219999999999999
2026-04-27 21:30:00+00:00,2026-04-27 23:30:00+02:00,2026-04-27,23,23,30,2,2,0,0,4,4,-9.599999999999994,-3.6299999999999955,-6.614999999999995,-6.614999999999995,-7.442499999999988,-8.269999999999982,-16.22
2026-04-27 21:45:00+00:00,2026-04-27 23:45:00+02:00,2026-04-27,23,23,45,3,3,0,0,4,4,-16.529999999999987,-7.829999999999998,-12.179999999999993,-12.179999999999993,-12.899999999999991,-13.61999999999999,-20.11
2026-04-28 10:00:00+00:00,2026-04-28 12:00:00+02:00,2026-04-28,12,12,0,0,0,1,1,4,4,0.02,,1.2533333333333316,0.02,-1.0275000000000007,-1.3399999999999943,6.17
2026-04-28 10:15:00+00:00,2026-04-28 12:15:00+02:00,2026-04-28,12,12,15,1,1,1,1,4,4,0.01,,-34.660000000000004,-12.330000000000005,-29.267499999999995,-12.710000000000004,3.16
2026-04-28 10:30:00+00:00,2026-04-28 12:30:00+02:00,2026-04-28,12,12,30,2,2,1,1,4,4,0.0,,-56.49333333333332,-21.720000000000002,-47.03999999999999,-20.200000000000003,-1.540000000000001
2026-04-28 10:45:00+00:00,2026-04-28 12:45:00+02:00,2026-04-28,12,12,45,3,3,1,1,4,4,-0.05,,-103.14000000000003,-30.660000000000004,-83.13250000000001,-26.885,-7.450000000000001
2026-04-28 11:00:00+00:00,2026-04-28 13:00:00+02:00,2026-04-28,13,13,0,0,0,1,1,4,4,-1.96,,-83.92333333333333,-2.460000000000001,-66.0875,-7.52,5.699999999999999
2026-04-28 11:15:00+00:00,2026-04-28 13:15:00+02:00,2026-04-28,13,13,15,1,1,1,1,4,4,-2.56,,-105.65666666666665,-10.879999999999999,-83.37749999999998,-13.709999999999996,0.7800000000000011
2026-04-28 11:30:00+00:00,2026-04-28 13:30:00+02:00,2026-04-28,13,13,30,2,2,1,1,4,4,-2.98,,-139.4266666666667,-15.87,-109.3675,-17.529999999999998,-2.009999999999998
2026-04-28 11:45:00+00:00,2026-04-28 13:45:00+02:00,2026-04-28,13,13,45,3,3,1,1,4,4,-3.7499999999999996,,-140.91666666666666,-22.869999999999997,-111.58250000000001,-23.224999999999998,-5.199999999999999
2026-04-28 12:00:00+00:00,2026-04-28 14:00:00+02:00,2026-04-28,14,14,0,0,0,1,1,4,4,-3.34,,-133.1,-14.67,-106.46,-20.604999999999997,2.3000000000000007
2026-04-28 12:15:00+00:00,2026-04-28 14:15:00+02:00,2026-04-28,14,14,15,1,1,1,1,4,4,-2.83,,-125.76999999999998,-11.65,-99.77749999999999,-16.724999999999998,2.41
2026-04-28 12:30:00+00:00,2026-04-28 14:30:00+02:00,2026-04-28,14,14,30,2,2,1,1,4,4,-0.51,,-106.33,-8.8,-82.6425,-10.19,3.66
2026-04-28 12:45:00+00:00,2026-04-28 14:45:00+02:00,2026-04-28,14,14,45,3,3,1,1,4,4,-0.85,,-81.77,-0.85,-62.01,-1.790000000000002,6.48
2026-04-28 13:00:00+00:00,2026-04-28 15:00:00+02:00,2026-04-28,15,15,0,0,0,1,1,4,4,-19.98,,-130.86,-28.779999999999998,-103.765,-25.630000000000003,-7.350000000000001
2026-04-28 13:15:00+00:00,2026-04-28 15:15:00+02:00,2026-04-28,15,15,15,1,1,1,1,4,4,-16.34,,-71.43333333333334,-17.819999999999997,-57.65000000000001,-17.08,-2.5
2026-04-28 13:30:00+00:00,2026-04-28 15:30:00+02:00,2026-04-28,15,15,30,2,2,1,1,4,4,-13.629999999999999,,-29.88333333333333,-13.629999999999999,-23.085,-8.160000000000005,6.3100000000000005
2026-04-28 13:45:00+00:00,2026-04-28 15:45:00+02:00,2026-04-28,15,15,45,3,3,1,1,4,4,-3.2699999999999996,,13.239999999999995,13.219999999999999,9.717499999999987,6.184999999999995,9.58
2026-04-28 14:00:00+00:00,2026-04-28 16:00:00+02:00,2026-04-28,16,16,0,0,0,1,1,4,4,-48.86000000000001,,-52.64000000000001,-48.86000000000001,-43.029999999999994,-34.905,-0.6900000000000004
2026-04-28 14:15:00+00:00,2026-04-28 16:15:00+02:00,2026-04-28,16,16,15,1,1,1,1,4,4,-16.690000000000005,,-16.463333333333335,-16.690000000000005,-14.0475,-12.524999999999999,2.78
2026-04-28 14:30:00+00:00,2026-04-28 16:30:00+02:00,2026-04-28,16,16,30,2,2,1,1,4,4,11.25,,8.32,11.25,5.402500000000002,6.405000000000001,3.4
2026-04-28 14:45:00+00:00,2026-04-28 16:45:00+02:00,2026-04-28,16,16,45,3,3,1,1,4,4,25.169999999999987,,17.596666666666664,19.689999999999998,14.41,13.810000000000002,3.5199999999999996
2026-04-28 15:00:00+00:00,2026-04-28 17:00:00+02:00,2026-04-28,17,17,0,0,0,1,1,4,4,-40.19,,-26.066666666666663,-23.939999999999998,-24.982499999999995,-22.834999999999994,-36.370000000000005
2026-04-28 15:15:00+00:00,2026-04-28 17:15:00+02:00,2026-04-28,17,17,15,1,1,1,1,4,4,-18.53,,-15.046666666666667,-14.84,-13.612499999999997,-13.304999999999998,-31.560000000000002
2026-04-28 15:30:00+00:00,2026-04-28 17:30:00+02:00,2026-04-28,17,17,30,2,2,1,1,4,4,1.5400000000000063,,-2.2433333333333323,0.18999999999999773,-2.1149999999999967,-0.769999999999996,-17.240000000000002
2026-04-28 15:45:00+00:00,2026-04-28 17:45:00+02:00,2026-04-28,17,17,45,3,3,1,1,4,4,12.61,,15.840000000000012,12.61,13.350000000000009,12.105000000000004,9.199999999999996
2026-04-28 16:00:00+00:00,2026-04-28 18:00:00+02:00,2026-04-28,18,18,0,0,0,1,1,4,4,-25.690000000000012,,-36.26666666666667,-25.690000000000012,-35.555,-29.555,-44.480000000000004
2026-04-28 16:15:00+00:00,2026-04-28 18:15:00+02:00,2026-04-28,18,18,15,1,1,1,1,4,4,-16.040000000000006,,-18.71666666666667,-16.040000000000006,-18.769999999999996,-17.484999999999992,-21.53
2026-04-28 16:30:00+00:00,2026-04-28 18:30:00+02:00,2026-04-28,18,18,30,2,2,1,1,4,4,-1.7300000000000182,,2.916666666666662,1.6899999999999977,0.47250000000000014,-0.020000000000010232,-5.900000000000006
2026-04-28 16:45:00+00:00,2026-04-28 18:45:00+02:00,2026-04-28,18,18,45,3,3,1,1,4,4,14.299999999999983,,14.999999999999995,14.299999999999983,14.767500000000002,14.185000000000002,9.409999999999997
2026-04-28 17:00:00+00:00,2026-04-28 19:00:00+02:00,2026-04-28,19,19,0,0,0,1,1,4,4,-48.67999999999999,,-31.80999999999999,-39.03999999999999,-35.849999999999994,-43.504999999999995,-19.459999999999994
2026-04-28 17:15:00+00:00,2026-04-28 19:15:00+02:00,2026-04-28,19,19,15,1,1,1,1,4,4,-30.049999999999983,,-19.41999999999999,-27.069999999999993,-21.22499999999999,-26.85499999999999,-11.310000000000002
2026-04-28 17:30:00+00:00,2026-04-28 19:30:00+02:00,2026-04-28,19,19,30,2,2,1,1,4,4,-10.900000000000006,,-5.636666666666666,-10.449999999999989,-5.957499999999996,-8.684999999999988,-8.170000000000002
2026-04-28 17:45:00+00:00,2026-04-28 19:45:00+02:00,2026-04-28,19,19,45,3,3,1,1,4,4,33.75,,17.290000000000003,10.319999999999993,20.185000000000002,19.595,-6.159999999999997
2026-04-28 18:00:00+00:00,2026-04-28 20:00:00+02:00,2026-04-28,20,20,0,0,0,1,1,4,4,1.009999999999991,,-9.710000000000008,-3.0200000000000102,-10.02000000000001,-6.985000000000014,-14.310000000000002
2026-04-28 18:15:00+00:00,2026-04-28 20:15:00+02:00,2026-04-28,20,20,15,1,1,1,1,4,4,-12.0,,-12.296666666666672,-12.0,-12.182500000000005,-11.920000000000002,-17.049999999999997
2026-04-28 18:30:00+00:00,2026-04-28 20:30:00+02:00,2026-04-28,20,20,30,2,2,1,1,4,4,-28.689999999999998,,-18.206666666666674,-21.360000000000014,-20.92250000000001,-25.025000000000006,-17.689999999999998
2026-04-28 18:45:00+00:00,2026-04-28 20:45:00+02:00,2026-04-28,20,20,45,3,3,1,1,4,4,-46.28,,-28.320000000000007,-29.870000000000005,-33.23750000000001,-38.075,-16.460000000000008
2026-04-28 19:00:00+00:00,2026-04-28 21:00:00+02:00,2026-04-28,21,21,0,0,0,1,1,4,4,16.060000000000002,,2.9833333333333294,3.3400000000000034,4.222499999999993,5.640000000000001,-9.61
2026-04-28 19:15:00+00:00,2026-04-28 21:15:00+02:00,2026-04-28,21,21,15,1,1,1,1,4,4,-15.480000000000018,,-13.393333333333345,-15.480000000000018,-12.807500000000012,-13.265000000000015,-14.400000000000006
2026-04-28 19:30:00+00:00,2026-04-28 21:30:00+02:00,2026-04-28,21,21,30,2,2,1,1,4,4,-22.97,,-19.533333333333335,-22.97,-19.475000000000005,-21.135000000000005,-17.310000000000002
2026-04-28 19:45:00+00:00,2026-04-28 21:45:00+02:00,2026-04-28,21,21,45,3,3,1,1,4,4,-31.950000000000003,,-25.500000000000004,-31.950000000000003,-25.85,-29.425000000000004,-19.35000000000001
2026-04-28 20:00:00+00:00,2026-04-28 22:00:00+02:00,2026-04-28,22,22,0,0,0,1,1,4,4,-5.289999999999992,,-3.349999999999999,-3.3799999999999955,-2.7275000000000027,-2.3800000000000026,-10.030000000000001
2026-04-28 20:15:00+00:00,2026-04-28 22:15:00+02:00,2026-04-28,22,22,15,1,1,1,1,4,4,-11.75,,-10.163333333333332,-11.75,-9.485000000000003,-9.600000000000009,-10.600000000000009
2026-04-28 20:30:00+00:00,2026-04-28 22:30:00+02:00,2026-04-28,22,22,30,2,2,1,1,4,4,-16.58999999999999,,-13.649999999999997,-16.58999999999999,-13.159999999999997,-14.139999999999993,-12.760000000000005
2026-04-28 20:45:00+00:00,2026-04-28 22:45:00+02:00,2026-04-28,22,22,45,3,3,1,1,4,4,-23.639999999999986,,-19.769999999999996,-23.489999999999995,-19.804999999999996,-21.699999999999996,-18.010000000000005
2026-04-28 21:00:00+00:00,2026-04-28 23:00:00+02:00,2026-04-28,23,23,0,0,0,1,1,4,4,-8.060000000000002,,-2.8799999999999955,-1.559999999999988,-1.1399999999999935,-0.28999999999999204,-5.700000000000003
2026-04-28 21:15:00+00:00,2026-04-28 23:15:00+02:00,2026-04-28,23,23,15,1,1,1,1,4,4,-12.219999999999999,,-6.009999999999995,-3.6499999999999915,-4.897499999999997,-2.904999999999994,-10.080000000000013
2026-04-28 21:30:00+00:00,2026-04-28 23:30:00+02:00,2026-04-28,23,23,30,2,2,1,1,4,4,-16.22,,-9.816666666666663,-9.599999999999994,-9.687499999999993,-9.449999999999989,-14.219999999999999
2026-04-28 21:45:00+00:00,2026-04-28 23:45:00+02:00,2026-04-28,23,23,45,3,3,1,1,4,4,-20.11,,-14.823333333333329,-16.529999999999987,-14.829999999999995,-15.68999999999999,-26.16000000000001
2026-04-29 10:00:00+00:00,2026-04-29 12:00:00+02:00,2026-04-29,12,12,0,0,0,2,2,4,4,6.17,,1.1633333333333324,0.02,0.41199999999999937,0.02,22.409999999999997
2026-04-29 10:15:00+00:00,2026-04-29 12:15:00+02:00,2026-04-29,12,12,15,1,1,2,2,4,4,3.16,,-29.49666666666667,0.01,-22.781999999999996,-12.330000000000005,14.599999999999998
2026-04-29 10:30:00+00:00,2026-04-29 12:30:00+02:00,2026-04-29,12,12,30,2,2,2,2,4,4,-1.540000000000001,,-49.76666666666665,-1.540000000000001,-37.93999999999999,-18.680000000000007,6.279999999999998
2026-04-29 10:45:00+00:00,2026-04-29 12:45:00+02:00,2026-04-29,12,12,45,3,3,2,2,4,4,-7.450000000000001,,-95.40333333333335,-7.450000000000001,-67.99600000000001,-23.11,-0.9699999999999989
2026-04-29 11:00:00+00:00,2026-04-29 13:00:00+02:00,2026-04-29,13,13,0,0,0,2,2,4,4,5.699999999999999,,-81.20333333333333,-1.96,-51.730000000000004,-2.460000000000001,24.35
2026-04-29 11:15:00+00:00,2026-04-29 13:15:00+02:00,2026-04-29,13,13,15,1,1,2,2,4,4,0.7800000000000011,,-101.76999999999998,-2.56,-66.54599999999998,-10.879999999999999,21.07
2026-04-29 11:30:00+00:00,2026-04-29 13:30:00+02:00,2026-04-29,13,13,30,2,2,2,2,4,4,-2.009999999999998,,-134.8066666666667,-2.98,-87.896,-15.87,13.219999999999999
2026-04-29 11:45:00+00:00,2026-04-29 13:45:00+02:00,2026-04-29,13,13,45,3,3,2,2,4,4,-5.199999999999999,,-135.02666666666667,-5.199999999999999,-90.30600000000001,-22.869999999999997,8.04
2026-04-29 12:00:00+00:00,2026-04-29 14:00:00+02:00,2026-04-29,14,14,0,0,0,2,2,4,4,2.3000000000000007,,-127.44333333333334,-3.34,-84.708,-14.67,10.829999999999998
2026-04-29 12:15:00+00:00,2026-04-29 14:15:00+02:00,2026-04-29,14,14,15,1,1,2,2,4,4,2.41,,-121.08333333333333,-2.83,-79.34,-11.65,17.739999999999995
2026-04-29 12:30:00+00:00,2026-04-29 14:30:00+02:00,2026-04-29,14,14,30,2,2,2,2,4,4,3.66,,-102.17666666666668,-0.51,-65.382,-8.8,19.659999999999997
2026-04-29 12:45:00+00:00,2026-04-29 14:45:00+02:00,2026-04-29,14,14,45,3,3,2,2,4,4,6.48,,-79.54,-0.85,-48.312,-0.85,25.02
2026-04-29 13:00:00+00:00,2026-04-29 15:00:00+02:00,2026-04-29,15,15,0,0,0,2,2,4,4,-7.350000000000001,,-123.71666666666668,-19.98,-84.482,-22.480000000000004,12.020000000000003
2026-04-29 13:15:00+00:00,2026-04-29 15:15:00+02:00,2026-04-29,15,15,15,1,1,2,2,4,4,-2.5,,-66.32666666666667,-16.34,-46.62000000000001,-16.34,16.17
2026-04-29 13:30:00+00:00,2026-04-29 15:30:00+02:00,2026-04-29,15,15,30,2,2,2,2,4,4,6.3100000000000005,,-28.689999999999998,-13.629999999999999,-17.206,-2.690000000000012,19.55
2026-04-29 13:45:00+00:00,2026-04-29 15:45:00+02:00,2026-04-29,15,15,45,3,3,2,2,4,4,9.58,,12.026666666666662,9.58,9.689999999999989,9.58,26.1
2026-04-29 14:00:00+00:00,2026-04-29 16:00:00+02:00,2026-04-29,16,16,0,0,0,2,2,4,4,-0.6900000000000004,,-45.88666666666668,-48.86000000000001,-34.562,-20.949999999999996,2.709999999999999
2026-04-29 14:15:00+00:00,2026-04-29 16:15:00+02:00,2026-04-29,16,16,15,1,1,2,2,4,4,2.78,,-12.750000000000002,-16.690000000000005,-10.681999999999999,-8.359999999999992,12.54
2026-04-29 14:30:00+00:00,2026-04-29 16:30:00+02:00,2026-04-29,16,16,30,2,2,2,2,4,4,3.4,,8.933333333333332,11.25,5.002000000000001,3.4,18.5
2026-04-29 14:45:00+00:00,2026-04-29 16:45:00+02:00,2026-04-29,16,16,45,3,3,2,2,4,4,3.5199999999999996,,16.12666666666666,19.689999999999998,12.232,7.930000000000007,19.56
2026-04-29 15:00:00+00:00,2026-04-29 17:00:00+02:00,2026-04-29,17,17,0,0,0,2,2,4,4,-36.370000000000005,,-33.5,-36.370000000000005,-27.259999999999998,-23.939999999999998,-11.93
2026-04-29 15:15:00+00:00,2026-04-29 17:15:00+02:00,2026-04-29,17,17,15,1,1,2,2,4,4,-31.560000000000002,,-21.643333333333334,-18.53,-17.201999999999998,-14.84,-6.0
2026-04-29 15:30:00+00:00,2026-04-29 17:30:00+02:00,2026-04-29,17,17,30,2,2,2,2,4,4,-17.240000000000002,,-8.053333333333333,-8.46,-5.139999999999998,-1.7299999999999898,4.07
2026-04-29 15:45:00+00:00,2026-04-29 17:45:00+02:00,2026-04-29,17,17,45,3,3,2,2,4,4,9.199999999999996,,15.040000000000006,12.61,12.520000000000005,11.600000000000009,35.150000000000006
2026-04-29 16:00:00+00:00,2026-04-29 18:00:00+02:00,2026-04-29,18,18,0,0,0,2,2,4,4,-44.480000000000004,,-44.84,-44.480000000000004,-37.339999999999996,-33.41999999999999,-45.529999999999994
2026-04-29 16:15:00+00:00,2026-04-29 18:15:00+02:00,2026-04-29,18,18,15,1,1,2,2,4,4,-21.53,,-22.063333333333333,-21.53,-19.321999999999996,-18.92999999999998,-10.64
2026-04-29 16:30:00+00:00,2026-04-29 18:30:00+02:00,2026-04-29,18,18,30,2,2,2,2,4,4,-5.900000000000006,,0.3866666666666608,-1.7300000000000182,-0.802000000000001,-1.7300000000000182,8.810000000000002
2026-04-29 16:45:00+00:00,2026-04-29 18:45:00+02:00,2026-04-29,18,18,45,3,3,2,2,4,4,9.409999999999997,,15.189999999999998,14.299999999999983,13.696000000000002,14.070000000000022,18.590000000000003
2026-04-29 17:00:00+00:00,2026-04-29 19:00:00+02:00,2026-04-29,19,19,0,0,0,2,2,4,4,-19.459999999999994,,-35.72666666666666,-39.03999999999999,-32.57199999999999,-39.03999999999999,-28.28
2026-04-29 17:15:00+00:00,2026-04-29 19:15:00+02:00,2026-04-29,19,19,15,1,1,2,2,4,4,-11.310000000000002,,-22.80999999999999,-27.069999999999993,-19.241999999999994,-26.639999999999986,-20.230000000000004
2026-04-29 17:30:00+00:00,2026-04-29 19:30:00+02:00,2026-04-29,19,19,30,2,2,2,2,4,4,-8.170000000000002,,-9.839999999999998,-10.449999999999989,-6.399999999999997,-8.170000000000002,-7.829999999999998
2026-04-29 17:45:00+00:00,2026-04-29 19:45:00+02:00,2026-04-29,19,19,45,3,3,2,2,4,4,-6.159999999999997,,11.796666666666672,7.800000000000011,14.916000000000002,10.319999999999993,13.799999999999997
2026-04-29 18:00:00+00:00,2026-04-29 20:00:00+02:00,2026-04-29,20,20,0,0,0,2,2,4,4,-14.310000000000002,,-13.473333333333338,-14.310000000000002,-10.878000000000009,-10.950000000000017,2.0500000000000114
2026-04-29 18:15:00+00:00,2026-04-29 20:15:00+02:00,2026-04-29,20,20,15,1,1,2,2,4,4,-17.049999999999997,,-17.38,-17.049999999999997,-13.156000000000002,-12.0,-4.219999999999999
2026-04-29 18:30:00+00:00,2026-04-29 20:30:00+02:00,2026-04-29,20,20,30,2,2,2,2,4,4,-17.689999999999998,,-22.580000000000002,-21.360000000000014,-20.276000000000007,-21.360000000000014,-5.109999999999985
2026-04-29 18:45:00+00:00,2026-04-29 20:45:00+02:00,2026-04-29,20,20,45,3,3,2,2,4,4,-16.460000000000008,,-30.870000000000005,-29.870000000000005,-29.882000000000005,-29.870000000000005,-8.47999999999999
2026-04-29 19:00:00+00:00,2026-04-29 21:00:00+02:00,2026-04-29,21,21,0,0,0,2,2,4,4,-9.61,,-1.3333333333333381,-9.61,1.4559999999999946,3.3400000000000034,12.769999999999996
2026-04-29 19:15:00+00:00,2026-04-29 21:15:00+02:00,2026-04-29,21,21,15,1,1,2,2,4,4,-14.400000000000006,,-15.796666666666681,-15.480000000000018,-13.12600000000001,-14.400000000000006,-4.530000000000001
2026-04-29 19:30:00+00:00,2026-04-29 21:30:00+02:00,2026-04-29,21,21,30,2,2,2,2,4,4,-17.310000000000002,,-21.58333333333334,-22.97,-19.042000000000005,-19.30000000000001,-12.149999999999991
2026-04-29 19:45:00+00:00,2026-04-29 21:45:00+02:00,2026-04-29,21,21,45,3,3,2,2,4,4,-19.35000000000001,,-27.90333333333334,-31.950000000000003,-24.550000000000004,-26.900000000000006,-18.019999999999996
2026-04-29 20:00:00+00:00,2026-04-29 22:00:00+02:00,2026-04-29,22,22,0,0,0,2,2,4,4,-10.030000000000001,,-6.23333333333333,-5.289999999999992,-4.188000000000002,-3.3799999999999955,2.0400000000000063
2026-04-29 20:15:00+00:00,2026-04-29 22:15:00+02:00,2026-04-29,22,22,15,1,1,2,2,4,4,-10.600000000000009,,-11.533333333333331,-11.75,-9.708000000000004,-10.600000000000009,-4.0
2026-04-29 20:30:00+00:00,2026-04-29 22:30:00+02:00,2026-04-29,22,22,30,2,2,2,2,4,4,-12.760000000000005,,-15.436666666666662,-16.58999999999999,-13.079999999999998,-12.760000000000005,-7.959999999999994
2026-04-29 20:45:00+00:00,2026-04-29 22:45:00+02:00,2026-04-29,22,22,45,3,3,2,2,4,4,-18.010000000000005,,-21.713333333333328,-23.489999999999995,-19.445999999999998,-19.909999999999997,-9.840000000000003
2026-04-29 21:00:00+00:00,2026-04-29 23:00:00+02:00,2026-04-29,23,23,0,0,0,2,2,4,4,-5.700000000000003,,-5.106666666666665,-5.700000000000003,-2.051999999999995,-1.559999999999988,-2.3700000000000045
2026-04-29 21:15:00+00:00,2026-04-29 23:15:00+02:00,2026-04-29,23,23,15,1,1,2,2,4,4,-10.080000000000013,,-8.65,-10.080000000000013,-5.934,-3.6499999999999915,-4.740000000000009
2026-04-29 21:30:00+00:00,2026-04-29 23:30:00+02:00,2026-04-29,23,23,30,2,2,2,2,4,4,-14.219999999999999,,-13.346666666666664,-14.219999999999999,-10.593999999999994,-9.599999999999994,-6.8500000000000085
2026-04-29 21:45:00+00:00,2026-04-29 23:45:00+02:00,2026-04-29,23,23,45,3,3,2,2,4,4,-26.16000000000001,,-20.933333333333334,-20.11,-17.095999999999997,-16.529999999999987,-15.829999999999998
2026-05-03 10:00:00+00:00,2026-05-03 12:00:00+02:00,2026-05-03,12,12,0,0,0,6,6,5,5,,-2.6999999999999886,6.474999999999999,3.0949999999999998,6.467999999999999,6.17,22.01
2026-05-03 10:15:00+00:00,2026-05-03 12:15:00+02:00,2026-05-03,12,12,15,1,1,6,6,5,5,,-91.66,-18.472500000000004,1.585,-17.243999999999996,0.01,21.97
2026-05-03 10:30:00+00:00,2026-05-03 12:30:00+02:00,2026-05-03,12,12,30,2,2,6,6,5,5,,-147.75999999999996,-35.75499999999999,-0.7700000000000005,-32.94799999999999,-1.540000000000001,9.46
2026-05-03 10:45:00+00:00,2026-05-03 12:45:00+02:00,2026-05-03,12,12,45,3,3,6,6,5,5,,-278.71000000000004,-71.79500000000002,-4.21,-63.56800000000002,-7.450000000000001,8.16
2026-05-03 11:00:00+00:00,2026-05-03 13:00:00+02:00,2026-05-03,13,13,0,0,0,6,6,5,5,,-247.35000000000002,-54.815,1.8699999999999997,-44.34400000000001,-1.96,60.18000000000001
2026-05-03 11:15:00+00:00,2026-05-03 13:15:00+02:00,2026-05-03,13,13,15,1,1,6,6,5,5,,-303.53,-71.05999999999999,-0.8899999999999995,-59.02399999999999,-2.56,56.970000000000006
2026-05-03 11:30:00+00:00,2026-05-03 13:30:00+02:00,2026-05-03,13,13,30,2,2,6,6,5,5,,-399.43000000000006,-97.80000000000001,-2.494999999999999,-81.414,-2.98,57.2
2026-05-03 11:45:00+00:00,2026-05-03 13:45:00+02:00,2026-05-03,13,13,45,3,3,6,6,5,5,,-396.13,-99.26,-4.475,-83.982,-5.199999999999999,54.61000000000001
2026-05-03 12:00:00+00:00,2026-05-03 14:00:00+02:00,2026-05-03,14,14,0,0,0,6,6,5,5,,-381.29,-92.875,-0.5199999999999996,-77.23400000000001,-3.34,40.44
2026-05-03 12:15:00+00:00,2026-05-03 14:15:00+02:00,2026-05-03,14,14,15,1,1,6,6,5,5,,-362.83,-86.3775,-0.20999999999999996,-71.432,-2.83,39.72
2026-05-03 12:30:00+00:00,2026-05-03 14:30:00+02:00,2026-05-03,14,14,30,2,2,6,6,5,5,,-309.68,-71.7175,1.5750000000000002,-59.134,-0.51,44.769999999999996
2026-05-03 12:45:00+00:00,2026-05-03 14:45:00+02:00,2026-05-03,14,14,45,3,3,6,6,5,5,,-244.25,-53.4,2.8150000000000004,-42.762,-0.21000000000000085,49.55
2026-05-03 13:00:00+00:00,2026-05-03 15:00:00+02:00,2026-05-03,15,15,0,0,0,6,6,5,5,,-343.82000000000005,-89.78250000000001,-13.665000000000001,-77.58200000000001,-19.98,12.15
2026-05-03 13:15:00+00:00,2026-05-03 15:15:00+02:00,2026-05-03,15,15,15,1,1,6,6,5,5,,-180.14000000000001,-45.7025,-9.42,-40.126,-16.34,12.15
2026-05-03 13:30:00+00:00,2026-05-03 15:30:00+02:00,2026-05-03,15,15,30,2,2,6,6,5,5,,-78.75,-16.63,-3.6599999999999993,-12.758,2.730000000000004,12.9
2026-05-03 13:45:00+00:00,2026-05-03 15:45:00+02:00,2026-05-03,15,15,45,3,3,6,6,5,5,,29.769999999999982,15.544999999999996,17.84,15.079999999999993,13.219999999999999,13.24
2026-05-03 14:00:00+00:00,2026-05-03 16:00:00+02:00,2026-05-03,16,16,0,0,0,6,6,5,5,,-88.11000000000001,-33.737500000000004,-24.775000000000002,-31.18,-20.949999999999996,-2.2600000000000002
2026-05-03 14:15:00+00:00,2026-05-03 16:15:00+02:00,2026-05-03,16,16,15,1,1,6,6,5,5,,-24.340000000000003,-6.427500000000002,-6.955000000000003,-6.814,-8.359999999999992,-2.87
2026-05-03 14:30:00+00:00,2026-05-03 16:30:00+02:00,2026-05-03,16,16,30,2,2,6,6,5,5,,12.149999999999999,11.325,11.7,9.372,11.25,-2.72
2026-05-03 14:45:00+00:00,2026-05-03 16:45:00+02:00,2026-05-03,16,16,45,3,3,6,6,5,5,,19.689999999999998,16.984999999999996,19.625,15.173999999999998,19.56,10.899999999999999
2026-05-03 15:00:00+00:00,2026-05-03 17:00:00+02:00,2026-05-03,17,17,0,0,0,6,6,5,5,,-23.939999999999998,-28.1075,-30.155,-25.3,-23.939999999999998,-42.46
2026-05-03 15:15:00+00:00,2026-05-03 17:15:00+02:00,2026-05-03,17,17,15,1,1,6,6,5,5,,-14.84,-17.7325,-16.685000000000002,-16.54,-14.84,-1.1500000000000057
2026-05-03 15:30:00+00:00,2026-05-03 17:30:00+02:00,2026-05-03,17,17,30,2,2,6,6,5,5,,-8.46,-5.022499999999999,-3.4599999999999973,-3.9799999999999995,0.18999999999999773,26.700000000000003
2026-05-03 15:45:00+00:00,2026-05-03 17:45:00+02:00,2026-05-03,17,17,45,3,3,6,6,5,5,,23.31,20.067500000000006,17.96,18.374000000000002,12.61,50.59
2026-05-03 16:00:00+00:00,2026-05-03 18:00:00+02:00,2026-05-03,18,18,0,0,0,6,6,5,5,,-64.35,-45.0125,-45.004999999999995,-39.762,-44.480000000000004,-4.289999999999992
2026-05-03 16:15:00+00:00,2026-05-03 18:15:00+02:00,2026-05-03,18,18,15,1,1,6,6,5,5,,-28.61999999999999,-19.2075,-18.785000000000004,-17.664,-16.040000000000006,8.780000000000001
2026-05-03 16:30:00+00:00,2026-05-03 18:30:00+02:00,2026-05-03,18,18,30,2,2,6,6,5,5,,8.790000000000006,2.492499999999996,3.529999999999994,2.3319999999999963,1.6899999999999977,20.89999999999999
2026-05-03 16:45:00+00:00,2026-05-03 18:45:00+02:00,2026-05-03,18,18,45,3,3,6,6,5,5,,21.860000000000014,16.04,16.444999999999993,14.599999999999998,14.299999999999983,25.89
2026-05-03 17:00:00+00:00,2026-05-03 19:00:00+02:00,2026-05-03,19,19,0,0,0,6,6,5,5,,-39.03999999999999,-33.864999999999995,-33.66,-28.633999999999997,-28.28,0.4299999999999784
2026-05-03 17:15:00+00:00,2026-05-03 19:15:00+02:00,2026-05-03,19,19,15,1,1,6,6,5,5,,-27.069999999999993,-22.164999999999996,-23.65,-17.959999999999997,-20.230000000000004,5.489999999999981
2026-05-03 17:30:00+00:00,2026-05-03 19:30:00+02:00,2026-05-03,19,19,30,2,2,6,6,5,5,,-10.449999999999989,-9.337499999999999,-9.309999999999995,-6.581999999999999,-8.170000000000002,14.079999999999984
2026-05-03 17:45:00+00:00,2026-05-03 19:45:00+02:00,2026-05-03,19,19,45,3,3,6,6,5,5,,7.800000000000011,12.297500000000003,10.800000000000004,11.902000000000001,10.319999999999993,25.92999999999998
2026-05-03 18:00:00+00:00,2026-05-03 20:00:00+02:00,2026-05-03,20,20,0,0,0,6,6,5,5,,-27.120000000000005,-9.592500000000001,-6.650000000000006,-8.278000000000002,-3.0200000000000102,8.5
2026-05-03 18:15:00+00:00,2026-05-03 20:15:00+02:00,2026-05-03,20,20,15,1,1,6,6,5,5,,-23.090000000000003,-14.09,-14.524999999999999,-11.632000000000001,-12.0,12.400000000000006
2026-05-03 18:30:00+00:00,2026-05-03 20:30:00+02:00,2026-05-03,20,20,30,2,2,6,6,5,5,,-21.360000000000014,-18.2125,-19.525000000000006,-15.484,-17.689999999999998,13.740000000000009
2026-05-03 18:45:00+00:00,2026-05-03 20:45:00+02:00,2026-05-03,20,20,45,3,3,6,6,5,5,,-29.870000000000005,-25.2725,-23.165000000000006,-21.980000000000008,-16.460000000000008,10.090000000000003
2026-05-03 19:00:00+00:00,2026-05-03 21:00:00+02:00,2026-05-03,21,21,0,0,0,6,6,5,5,,-10.450000000000017,2.1924999999999955,1.5799999999999983,2.4219999999999944,3.3400000000000034,15.45999999999998
2026-05-03 19:15:00+00:00,2026-05-03 21:15:00+02:00,2026-05-03,21,21,15,1,1,6,6,5,5,,-17.51000000000002,-12.980000000000011,-14.940000000000012,-11.822000000000008,-14.400000000000006,9.72999999999999
2026-05-03 19:30:00+00:00,2026-05-03 21:30:00+02:00,2026-05-03,21,21,30,2,2,6,6,5,5,,-24.470000000000013,-19.225,-20.14,-17.612000000000002,-17.310000000000002,3.3799999999999955
2026-05-03 19:45:00+00:00,2026-05-03 21:45:00+02:00,2026-05-03,21,21,45,3,3,6,6,5,5,,-32.41000000000001,-25.432500000000005,-25.650000000000006,-22.774,-19.35000000000001,-3.970000000000013
2026-05-03 20:00:00+00:00,2026-05-03 22:00:00+02:00,2026-05-03,22,22,0,0,0,6,6,5,5,,-3.3799999999999955,-4.164999999999996,-4.334999999999994,-3.6079999999999983,-3.3799999999999955,14.590000000000003
2026-05-03 20:15:00+00:00,2026-05-03 22:15:00+02:00,2026-05-03,22,22,15,1,1,6,6,5,5,,-12.249999999999986,-9.649999999999999,-11.175000000000004,-9.018,-10.600000000000009,10.930000000000007
2026-05-03 20:30:00+00:00,2026-05-03 22:30:00+02:00,2026-05-03,22,22,30,2,2,6,6,5,5,,-16.959999999999994,-13.567499999999995,-14.674999999999997,-12.333999999999998,-12.760000000000005,6.6299999999999955
2026-05-03 20:45:00+00:00,2026-05-03 22:45:00+02:00,2026-05-03,22,22,45,3,3,6,6,5,5,,-23.489999999999995,-18.744999999999997,-20.75,-17.432,-18.010000000000005,1.9699999999999989
2026-05-03 21:00:00+00:00,2026-05-03 23:00:00+02:00,2026-05-03,23,23,0,0,0,6,6,5,5,,-1.559999999999988,-4.422499999999999,-4.035000000000004,-3.3419999999999987,-2.3700000000000045,12.040000000000006
2026-05-03 21:15:00+00:00,2026-05-03 23:15:00+02:00,2026-05-03,23,23,15,1,1,6,6,5,5,,-3.6499999999999915,-7.672500000000003,-7.410000000000011,-6.570000000000002,-4.740000000000009,8.220000000000013
2026-05-03 21:30:00+00:00,2026-05-03 23:30:00+02:00,2026-05-03,23,23,30,2,2,6,6,5,5,,-9.599999999999994,-11.7225,-11.909999999999997,-10.104,-9.599999999999994,1.210000000000008
2026-05-03 21:45:00+00:00,2026-05-03 23:45:00+02:00,2026-05-03,23,23,45,3,3,6,6,5,5,,-16.529999999999987,-19.6575,-18.319999999999993,-17.291999999999998,-16.529999999999987,-3.1499999999999915
2026-05-08 10:00:00+00:00,2026-05-08 12:00:00+02:00,2026-05-08,12,12,0,0,0,4,4,5,5,,,,,9.581999999999999,6.17,32.12
2026-05-08 10:15:00+00:00,2026-05-08 12:15:00+02:00,2026-05-08,12,12,15,1,1,4,4,5,5,,,,,-10.383999999999997,3.16,33.470000000000006
2026-05-08 10:30:00+00:00,2026-05-08 12:30:00+02:00,2026-05-08,12,12,30,2,2,4,4,5,5,,,,,-26.711999999999996,0.0,28.07
2026-05-08 10:45:00+00:00,2026-05-08 12:45:00+02:00,2026-05-08,12,12,45,3,3,4,4,5,5,,,,,-55.80400000000001,-0.9699999999999989,25.140000000000008
2026-05-08 11:00:00+00:00,2026-05-08 13:00:00+02:00,2026-05-08,13,13,0,0,0,4,4,5,5,,,,,-31.816000000000003,5.699999999999999,35.33
2026-05-08 11:15:00+00:00,2026-05-08 13:15:00+02:00,2026-05-08,13,13,15,1,1,4,4,5,5,,,,,-45.45399999999999,0.7800000000000011,35.47999999999999
2026-05-08 11:30:00+00:00,2026-05-08 13:30:00+02:00,2026-05-08,13,13,30,2,2,4,4,5,5,,,,,-66.8,-2.009999999999998,32.36
2026-05-08 11:45:00+00:00,2026-05-08 13:45:00+02:00,2026-05-08,13,13,45,3,3,4,4,5,5,,,,,-68.486,-3.7499999999999996,25.22999999999999
2026-05-08 12:00:00+00:00,2026-05-08 14:00:00+02:00,2026-05-08,14,14,0,0,0,4,4,5,5,,,,,-66.212,2.3000000000000007,21.179999999999993
2026-05-08 12:15:00+00:00,2026-05-08 14:15:00+02:00,2026-05-08,14,14,15,1,1,4,4,5,5,,,,,-61.158,2.41,25.480000000000004
2026-05-08 12:30:00+00:00,2026-05-08 14:30:00+02:00,2026-05-08,14,14,30,2,2,4,4,5,5,,,,,-48.42,3.66,30.129999999999995
2026-05-08 12:45:00+00:00,2026-05-08 14:45:00+02:00,2026-05-08,14,14,45,3,3,4,4,5,5,,,,,-32.81,6.48,35.53999999999999
2026-05-08 13:00:00+00:00,2026-05-08 15:00:00+02:00,2026-05-08,15,15,0,0,0,4,4,5,5,,,,,-69.396,-7.350000000000001,8.179999999999993
2026-05-08 13:15:00+00:00,2026-05-08 15:15:00+02:00,2026-05-08,15,15,15,1,1,4,4,5,5,,,,,-34.132000000000005,-2.5,17.519999999999996
2026-05-08 13:30:00+00:00,2026-05-08 15:30:00+02:00,2026-05-08,15,15,30,2,2,4,4,5,5,,,,,-10.724,6.3100000000000005,25.049999999999997
2026-05-08 13:45:00+00:00,2026-05-08 15:45:00+02:00,2026-05-08,15,15,45,3,3,4,4,5,5,,,,,15.083999999999993,13.24,26.489999999999995
2026-05-08 14:00:00+00:00,2026-05-08 16:00:00+02:00,2026-05-08,16,16,0,0,0,4,4,5,5,,,,,-27.442,-2.2600000000000002,-5.6299999999999955
2026-05-08 14:15:00+00:00,2026-05-08 16:15:00+02:00,2026-05-08,16,16,15,1,1,4,4,5,5,,,,,-5.716000000000003,-2.87,1.7600000000000051
2026-05-08 14:30:00+00:00,2026-05-08 16:30:00+02:00,2026-05-08,16,16,30,2,2,4,4,5,5,,,,,8.516,11.25,5.269999999999996
2026-05-08 14:45:00+00:00,2026-05-08 16:45:00+02:00,2026-05-08,16,16,45,3,3,4,4,5,5,,,,,15.767999999999995,19.56,14.120000000000005
2026-05-08 15:00:00+00:00,2026-05-08 17:00:00+02:00,2026-05-08,17,17,0,0,0,4,4,5,5,,,,,-30.977999999999998,-36.370000000000005,-17.689999999999998
2026-05-08 15:15:00+00:00,2026-05-08 17:15:00+02:00,2026-05-08,17,17,15,1,1,4,4,5,5,,,,,-14.416000000000002,-14.84,-8.599999999999994
2026-05-08 15:30:00+00:00,2026-05-08 17:30:00+02:00,2026-05-08,17,17,30,2,2,4,4,5,5,,,,,1.3220000000000014,1.5400000000000063,2.5400000000000063
2026-05-08 15:45:00+00:00,2026-05-08 17:45:00+02:00,2026-05-08,17,17,45,3,3,4,4,5,5,,,,,26.172000000000004,23.31,13.870000000000005
2026-05-08 16:00:00+00:00,2026-05-08 18:00:00+02:00,2026-05-08,18,18,0,0,0,4,4,5,5,,,,,-36.867999999999995,-44.480000000000004,-19.930000000000007
2026-05-08 16:15:00+00:00,2026-05-08 18:15:00+02:00,2026-05-08,18,18,15,1,1,4,4,5,5,,,,,-13.61,-16.040000000000006,-8.400000000000006
2026-05-08 16:30:00+00:00,2026-05-08 18:30:00+02:00,2026-05-08,18,18,30,2,2,4,4,5,5,,,,,6.173999999999995,8.790000000000006,-0.21000000000000796
2026-05-08 16:45:00+00:00,2026-05-08 18:45:00+02:00,2026-05-08,18,18,45,3,3,4,4,5,5,,,,,18.009999999999998,18.590000000000003,10.310000000000002
2026-05-08 17:00:00+00:00,2026-05-08 19:00:00+02:00,2026-05-08,19,19,0,0,0,4,4,5,5,,,,,-27.006000000000007,-28.28,-12.350000000000023
2026-05-08 17:15:00+00:00,2026-05-08 19:15:00+02:00,2026-05-08,19,19,15,1,1,4,4,5,5,,,,,-16.634,-20.230000000000004,-2.6200000000000045
2026-05-08 17:30:00+00:00,2026-05-08 19:30:00+02:00,2026-05-08,19,19,30,2,2,4,4,5,5,,,,,-4.654000000000002,-8.170000000000002,7.069999999999993
2026-05-08 17:45:00+00:00,2026-05-08 19:45:00+02:00,2026-05-08,19,19,45,3,3,4,4,5,5,,,,,15.023999999999997,13.799999999999997,18.69999999999999
2026-05-08 18:00:00+00:00,2026-05-08 20:00:00+02:00,2026-05-08,20,20,0,0,0,4,4,5,5,,,,,-5.974000000000001,1.009999999999991,8.810000000000002
2026-05-08 18:15:00+00:00,2026-05-08 20:15:00+02:00,2026-05-08,20,20,15,1,1,4,4,5,5,,,,,-8.791999999999998,-12.0,5.769999999999982
2026-05-08 18:30:00+00:00,2026-05-08 20:30:00+02:00,2026-05-08,20,20,30,2,2,4,4,5,5,,,,,-11.821999999999997,-17.689999999999998,3.769999999999982
2026-05-08 18:45:00+00:00,2026-05-08 20:45:00+02:00,2026-05-08,20,20,45,3,3,4,4,5,5,,,,,-18.2,-16.460000000000008,3.9299999999999784
2026-05-08 19:00:00+00:00,2026-05-08 21:00:00+02:00,2026-05-08,21,21,0,0,0,4,4,5,5,,,,,4.845999999999989,12.769999999999996,23.02000000000001
2026-05-08 19:15:00+00:00,2026-05-08 21:15:00+02:00,2026-05-08,21,21,15,1,1,4,4,5,5,,,,,-8.438000000000011,-14.400000000000006,8.169999999999987
2026-05-08 19:30:00+00:00,2026-05-08 21:30:00+02:00,2026-05-08,21,21,30,2,2,4,4,5,5,,,,,-14.704000000000002,-17.310000000000002,1.8100000000000023
2026-05-08 19:45:00+00:00,2026-05-08 21:45:00+02:00,2026-05-08,21,21,45,3,3,4,4,5,5,,,,,-21.140000000000004,-19.35000000000001,-5.280000000000001
2026-05-08 20:00:00+00:00,2026-05-08 22:00:00+02:00,2026-05-08,22,22,0,0,0,4,4,5,5,,,,,-0.4139999999999958,-3.3799999999999955,5.639999999999986
2026-05-08 20:15:00+00:00,2026-05-08 22:15:00+02:00,2026-05-08,22,22,15,1,1,4,4,5,5,,,,,-5.533999999999997,-10.600000000000009,-1.5600000000000023
2026-05-08 20:30:00+00:00,2026-05-08 22:30:00+02:00,2026-05-08,22,22,30,2,2,4,4,5,5,,,,,-9.527999999999997,-12.760000000000005,-3.8000000000000114
2026-05-08 20:45:00+00:00,2026-05-08 22:45:00+02:00,2026-05-08,22,22,45,3,3,4,4,5,5,,,,,-14.601999999999999,-18.010000000000005,-9.240000000000009
2026-05-08 21:00:00+00:00,2026-05-08 23:00:00+02:00,2026-05-08,23,23,0,0,0,4,4,5,5,,,,,-1.1299999999999983,-2.3700000000000045,3.7900000000000063
2026-05-08 21:15:00+00:00,2026-05-08 23:15:00+02:00,2026-05-08,23,23,15,1,1,4,4,5,5,,,,,-4.494,-4.740000000000009,0.8499999999999943
2026-05-08 21:30:00+00:00,2026-05-08 23:30:00+02:00,2026-05-08,23,23,30,2,2,4,4,5,5,,,,,-9.136,-9.599999999999994,-1.1800000000000068
2026-05-08 21:45:00+00:00,2026-05-08 23:45:00+02:00,2026-05-08,23,23,45,3,3,4,4,5,5,,,,,-16.355999999999998,-16.529999999999987,-8.870000000000005
2026-05-09 10:00:00+00:00,2026-05-09 12:00:00+02:00,2026-05-09,12,12,0,0,0,5,5,5,5,32.12,,27.064999999999994,27.064999999999998,13.338333333333333,14.09,-9.54
2026-05-09 10:15:00+00:00,2026-05-09 12:15:00+02:00,2026-05-09,12,12,15,1,1,5,5,5,5,33.470000000000006,,27.719999999999995,27.720000000000002,-3.0749999999999957,8.879999999999999,-10.379999999999999
2026-05-09 10:30:00+00:00,2026-05-09 12:30:00+02:00,2026-05-09,12,12,30,2,2,5,5,5,5,28.07,,18.765,18.765,-17.58166666666666,3.139999999999999,-4.800000000000001
2026-05-09 10:45:00+00:00,2026-05-09 12:45:00+02:00,2026-05-09,12,12,45,3,3,5,5,5,5,25.140000000000008,,16.650000000000006,16.650000000000006,-42.31333333333334,-0.5099999999999995,-4.0
2026-05-09 11:00:00+00:00,2026-05-09 13:00:00+02:00,2026-05-09,13,13,0,0,0,5,5,5,5,35.33,,47.75500000000002,47.755,-20.625000000000004,15.025,-7.309999999999999
2026-05-09 11:15:00+00:00,2026-05-09 13:15:00+02:00,2026-05-09,13,13,15,1,1,5,5,5,5,35.47999999999999,,46.224999999999994,46.224999999999994,-31.964999999999993,10.925,-6.789999999999999
2026-05-09 11:30:00+00:00,2026-05-09 13:30:00+02:00,2026-05-09,13,13,30,2,2,5,5,5,5,32.36,,44.78,44.78,-50.27333333333333,5.605,-8.7
2026-05-09 11:45:00+00:00,2026-05-09 13:45:00+02:00,2026-05-09,13,13,45,3,3,5,5,5,5,25.22999999999999,,39.919999999999995,39.92,-52.86666666666667,2.1449999999999996,-8.68
2026-05-09 12:00:00+00:00,2026-05-09 14:00:00+02:00,2026-05-09,14,14,0,0,0,5,5,5,5,21.179999999999993,,30.809999999999995,30.809999999999995,-51.646666666666675,6.5649999999999995,-9.17
2026-05-09 12:15:00+00:00,2026-05-09 14:15:00+02:00,2026-05-09,14,14,15,1,1,5,5,5,5,25.480000000000004,,32.6,32.6,-46.718333333333334,10.074999999999998,-8.219999999999999
2026-05-09 12:30:00+00:00,2026-05-09 14:30:00+02:00,2026-05-09,14,14,30,2,2,5,5,5,5,30.129999999999995,,37.449999999999996,37.449999999999996,-35.32833333333334,11.659999999999998,-5.7700000000000005
2026-05-09 12:45:00+00:00,2026-05-09 14:45:00+02:00,2026-05-09,14,14,45,3,3,5,5,5,5,35.53999999999999,,42.544999999999995,42.544999999999995,-21.418333333333337,15.75,-7.05
2026-05-09 13:00:00+00:00,2026-05-09 15:00:00+02:00,2026-05-09,15,15,0,0,0,5,5,5,5,8.179999999999993,,10.164999999999996,10.164999999999996,-56.46666666666667,0.4149999999999956,-10.41
2026-05-09 13:15:00+00:00,2026-05-09 15:15:00+02:00,2026-05-09,15,15,15,1,1,5,5,5,5,17.519999999999996,,14.834999999999999,14.834999999999997,-25.523333333333337,4.825,-6.1
2026-05-09 13:30:00+00:00,2026-05-09 15:30:00+02:00,2026-05-09,15,15,30,2,2,5,5,5,5,25.049999999999997,,18.974999999999998,18.974999999999998,-4.761666666666667,9.605,-2.8200000000000003
2026-05-09 13:45:00+00:00,2026-05-09 15:45:00+02:00,2026-05-09,15,15,45,3,3,5,5,5,5,26.489999999999995,,19.865,19.865,16.984999999999992,19.67,11.469999999999999
2026-05-09 14:00:00+00:00,2026-05-09 16:00:00+02:00,2026-05-09,16,16,0,0,0,5,5,5,5,-5.6299999999999955,,-3.944999999999998,-3.9449999999999976,-23.80666666666667,-3.9449999999999976,-22.169999999999998
2026-05-09 14:15:00+00:00,2026-05-09 16:15:00+02:00,2026-05-09,16,16,15,1,1,5,5,5,5,1.7600000000000051,,-0.5549999999999975,-0.5549999999999975,-4.470000000000001,-0.5549999999999975,-14.149999999999999
2026-05-09 14:30:00+00:00,2026-05-09 16:30:00+02:00,2026-05-09,16,16,30,2,2,5,5,5,5,5.269999999999996,,1.2749999999999968,1.274999999999998,7.974999999999999,8.259999999999998,7.859999999999999
2026-05-09 14:45:00+00:00,2026-05-09 16:45:00+02:00,2026-05-09,16,16,45,3,3,5,5,5,5,14.120000000000005,,12.510000000000002,12.510000000000002,15.49333333333333,16.840000000000003,36.68
2026-05-09 15:00:00+00:00,2026-05-09 17:00:00+02:00,2026-05-09,17,17,0,0,0,5,5,5,5,-17.689999999999998,,-30.075,-30.075,-28.763333333333332,-30.155,-42.89
2026-05-09 15:15:00+00:00,2026-05-09 17:15:00+02:00,2026-05-09,17,17,15,1,1,5,5,5,5,-8.599999999999994,,-4.875,-4.875,-13.446666666666667,-11.719999999999997,-8.079999999999998
2026-05-09 15:30:00+00:00,2026-05-09 17:30:00+02:00,2026-05-09,17,17,30,2,2,5,5,5,5,2.5400000000000063,,14.620000000000005,14.620000000000005,1.5250000000000021,2.0400000000000063,0.5099999999999909
2026-05-09 15:45:00+00:00,2026-05-09 17:45:00+02:00,2026-05-09,17,17,45,3,3,5,5,5,5,13.870000000000005,,32.23000000000002,32.230000000000004,24.12166666666667,18.590000000000003,21.25999999999999
2026-05-09 16:00:00+00:00,2026-05-09 18:00:00+02:00,2026-05-09,18,18,0,0,0,5,5,5,5,-19.930000000000007,,-12.11,-12.11,-34.044999999999995,-35.08500000000001,-18.36
2026-05-09 16:15:00+00:00,2026-05-09 18:15:00+02:00,2026-05-09,18,18,15,1,1,5,5,5,5,-8.400000000000006,,0.18999999999999773,0.18999999999999773,-12.741666666666667,-13.340000000000003,-11.030000000000001
2026-05-09 16:30:00+00:00,2026-05-09 18:30:00+02:00,2026-05-09,18,18,30,2,2,5,5,5,5,-0.21000000000000796,,10.344999999999992,10.344999999999992,5.109999999999995,4.289999999999999,-5.920000000000002
2026-05-09 16:45:00+00:00,2026-05-09 18:45:00+02:00,2026-05-09,18,18,45,3,3,5,5,5,5,10.310000000000002,,18.1,18.1,16.726666666666667,16.444999999999993,9.289999999999992
2026-05-09 17:00:00+00:00,2026-05-09 19:00:00+02:00,2026-05-09,19,19,0,0,0,5,5,5,5,-12.350000000000023,,-5.960000000000022,-5.960000000000022,-24.563333333333343,-23.869999999999997,-19.14
2026-05-09 17:15:00+00:00,2026-05-09 19:15:00+02:00,2026-05-09,19,19,15,1,1,5,5,5,5,-2.6200000000000045,,1.434999999999988,1.434999999999988,-14.298333333333334,-15.770000000000003,-12.829999999999998
2026-05-09 17:30:00+00:00,2026-05-09 19:30:00+02:00,2026-05-09,19,19,30,2,2,5,5,5,5,7.069999999999993,,10.574999999999989,10.574999999999989,-2.700000000000003,-8.0,-6.800000000000011
2026-05-09 17:45:00+00:00,2026-05-09 19:45:00+02:00,2026-05-09,19,19,45,3,3,5,5,5,5,18.69999999999999,,22.314999999999984,22.314999999999984,15.636666666666663,16.249999999999993,11.800000000000011
2026-05-09 18:00:00+00:00,2026-05-09 20:00:00+02:00,2026-05-09,20,20,0,0,0,5,5,5,5,8.810000000000002,,8.655000000000001,8.655000000000001,-3.5100000000000002,1.5300000000000011,-3.6100000000000136
2026-05-09 18:15:00+00:00,2026-05-09 20:15:00+02:00,2026-05-09,20,20,15,1,1,5,5,5,5,5.769999999999982,,9.084999999999994,9.084999999999994,-6.365000000000002,-8.11,3.5
2026-05-09 18:30:00+00:00,2026-05-09 20:30:00+02:00,2026-05-09,20,20,30,2,2,5,5,5,5,3.769999999999982,,8.754999999999995,8.754999999999995,-9.223333333333334,-11.399999999999991,3.509999999999991
2026-05-09 18:45:00+00:00,2026-05-09 20:45:00+02:00,2026-05-09,20,20,45,3,3,5,5,5,5,3.9299999999999784,,7.009999999999991,7.009999999999991,-14.51166666666667,-12.469999999999999,-1.4000000000000057
2026-05-09 19:00:00+00:00,2026-05-09 21:00:00+02:00,2026-05-09,21,21,0,0,0,5,5,5,5,23.02000000000001,,19.239999999999995,19.239999999999995,7.874999999999993,14.114999999999988,9.049999999999983
2026-05-09 19:15:00+00:00,2026-05-09 21:15:00+02:00,2026-05-09,21,21,15,1,1,5,5,5,5,8.169999999999987,,8.949999999999989,8.949999999999989,-5.6700000000000115,-9.465000000000003,8.569999999999993
2026-05-09 19:30:00+00:00,2026-05-09 21:30:00+02:00,2026-05-09,21,21,30,2,2,5,5,5,5,1.8100000000000023,,2.594999999999999,2.594999999999999,-11.951666666666668,-14.729999999999997,2.0999999999999943
2026-05-09 19:45:00+00:00,2026-05-09 21:45:00+02:00,2026-05-09,21,21,45,3,3,5,5,5,5,-5.280000000000001,,-4.625000000000007,-4.625000000000007,-18.49666666666667,-18.685000000000002,-12.050000000000011
2026-05-09 20:00:00+00:00,2026-05-09 22:00:00+02:00,2026-05-09,22,22,0,0,0,5,5,5,5,5.639999999999986,,10.114999999999995,10.114999999999995,0.5950000000000012,-0.6699999999999946,8.25
2026-05-09 20:15:00+00:00,2026-05-09 22:15:00+02:00,2026-05-09,22,22,15,1,1,5,5,5,5,-1.5600000000000023,,4.685000000000002,4.685000000000002,-4.871666666666665,-7.300000000000004,4.650000000000006
2026-05-09 20:30:00+00:00,2026-05-09 22:30:00+02:00,2026-05-09,22,22,30,2,2,5,5,5,5,-3.8000000000000114,,1.414999999999992,1.414999999999992,-8.573333333333332,-10.36,-4.2099999999999795
2026-05-09 20:45:00+00:00,2026-05-09 22:45:00+02:00,2026-05-09,22,22,45,3,3,5,5,5,5,-9.240000000000009,,-3.635000000000005,-3.635000000000005,-13.708333333333334,-13.925000000000004,-9.33999999999999
2026-05-09 21:00:00+00:00,2026-05-09 23:00:00+02:00,2026-05-09,23,23,0,0,0,5,5,5,5,3.7900000000000063,,7.915000000000006,7.915000000000006,-0.30999999999999756,-1.9649999999999963,2.739999999999995
2026-05-09 21:15:00+00:00,2026-05-09 23:15:00+02:00,2026-05-09,23,23,15,1,1,5,5,5,5,0.8499999999999943,,4.535000000000004,4.535000000000004,-3.603333333333334,-4.195,9.030000000000001
2026-05-09 21:30:00+00:00,2026-05-09 23:30:00+02:00,2026-05-09,23,23,30,2,2,5,5,5,5,-1.1800000000000068,,0.015000000000000568,0.015000000000000568,-7.81,-8.225000000000001,5.159999999999997
2026-05-09 21:45:00+00:00,2026-05-09 23:45:00+02:00,2026-05-09,23,23,45,3,3,5,5,5,5,-8.870000000000005,,-6.009999999999998,-6.009999999999998,-15.108333333333333,-16.179999999999993,-4.210000000000008
2026-05-12 10:00:00+00:00,2026-05-12 12:00:00+02:00,2026-05-12,12,12,0,0,0,1,1,5,5,,,11.289999999999994,11.29,12.198333333333332,14.09,25.79
2026-05-12 10:15:00+00:00,2026-05-12 12:15:00+02:00,2026-05-12,12,12,15,1,1,1,1,5,5,,,11.544999999999995,11.545000000000003,10.471666666666671,8.879999999999999,18.36
2026-05-12 10:30:00+00:00,2026-05-12 12:30:00+02:00,2026-05-12,12,12,30,2,2,1,1,5,5,,,11.635000000000002,11.635,6.245,3.139999999999999,13.04
2026-05-12 10:45:00+00:00,2026-05-12 12:45:00+02:00,2026-05-12,12,12,45,3,3,1,1,5,5,,,10.570000000000004,10.570000000000004,3.471666666666664,-0.5099999999999995,7.359999999999999
2026-05-12 11:00:00+00:00,2026-05-12 13:00:00+02:00,2026-05-12,13,13,0,0,0,1,1,5,5,,,14.010000000000012,14.01,19.38166666666667,15.025,21.26
2026-05-12 11:15:00+00:00,2026-05-12 13:15:00+02:00,2026-05-12,13,13,15,1,1,1,1,5,5,,,14.344999999999999,14.344999999999995,17.491666666666664,10.925,13.870000000000001
2026-05-12 11:30:00+00:00,2026-05-12 13:30:00+02:00,2026-05-12,13,13,30,2,2,1,1,5,5,,,11.829999999999998,11.83,14.848333333333349,5.605,3.84
2026-05-12 11:45:00+00:00,2026-05-12 13:45:00+02:00,2026-05-12,13,13,45,3,3,1,1,5,5,,,8.274999999999999,8.274999999999995,11.708333333333334,2.1449999999999996,-1.0500000000000007
2026-05-12 12:00:00+00:00,2026-05-12 14:00:00+02:00,2026-05-12,14,14,0,0,0,1,1,5,5,,,6.0049999999999955,6.004999999999996,10.373333333333335,6.5649999999999995,10.82
2026-05-12 12:15:00+00:00,2026-05-12 14:15:00+02:00,2026-05-12,14,14,15,1,1,1,1,5,5,,,8.630000000000003,8.630000000000003,12.383333333333335,10.074999999999998,9.900000000000002
2026-05-12 12:30:00+00:00,2026-05-12 14:30:00+02:00,2026-05-12,14,14,30,2,2,1,1,5,5,,,12.18,12.179999999999998,15.323333333333332,11.659999999999998,13.899999999999999
2026-05-12 12:45:00+00:00,2026-05-12 14:45:00+02:00,2026-05-12,14,14,45,3,3,1,1,5,5,,,14.244999999999997,14.244999999999996,18.115,15.75,20.090000000000003
2026-05-12 13:00:00+00:00,2026-05-12 15:00:00+02:00,2026-05-12,15,15,0,0,0,1,1,5,5,,,-1.1150000000000038,-1.1150000000000038,-0.8983333333333215,0.4149999999999956,5.839999999999996
2026-05-12 13:15:00+00:00,2026-05-12 15:15:00+02:00,2026-05-12,15,15,15,1,1,1,1,5,5,,,5.71,5.709999999999998,3.4833333333333343,4.825,10.68
2026-05-12 13:30:00+00:00,2026-05-12 15:30:00+02:00,2026-05-12,15,15,30,2,2,1,1,5,5,,,11.114999999999998,11.114999999999998,7.8933333333333335,9.605,19.78
2026-05-12 13:45:00+00:00,2026-05-12 15:45:00+02:00,2026-05-12,15,15,45,3,3,1,1,5,5,,,18.979999999999997,18.979999999999997,13.934999999999995,12.355,31.700000000000003
2026-05-12 14:00:00+00:00,2026-05-12 16:00:00+02:00,2026-05-12,16,16,0,0,0,1,1,5,5,,,-13.899999999999997,-13.899999999999997,-12.816666666666663,-3.9449999999999976,1.9399999999999977
2026-05-12 14:15:00+00:00,2026-05-12 16:15:00+02:00,2026-05-12,16,16,15,1,1,1,1,5,5,,,-6.194999999999997,-6.194999999999997,-2.771666666666666,-0.5549999999999975,17.14
2026-05-12 14:30:00+00:00,2026-05-12 16:30:00+02:00,2026-05-12,16,16,30,2,2,1,1,5,5,,,6.564999999999997,6.564999999999998,7.259999999999999,6.564999999999998,23.489999999999995
2026-05-12 14:45:00+00:00,2026-05-12 16:45:00+02:00,2026-05-12,16,16,45,3,3,1,1,5,5,,,25.400000000000002,25.400000000000002,18.325,16.840000000000003,35.75
2026-05-12 15:00:00+00:00,2026-05-12 17:00:00+02:00,2026-05-12,17,17,0,0,0,1,1,5,5,,,-30.289999999999996,-30.29,-31.921666666666667,-38.28,-11.269999999999996
2026-05-12 15:15:00+00:00,2026-05-12 17:15:00+02:00,2026-05-12,17,17,15,1,1,1,1,5,5,,,-8.339999999999996,-8.339999999999996,-12.32,-8.339999999999996,-0.29999999999999716
2026-05-12 15:30:00+00:00,2026-05-12 17:30:00+02:00,2026-05-12,17,17,30,2,2,1,1,5,5,,,1.5249999999999986,1.5249999999999986,3.020000000000001,2.0400000000000063,10.340000000000003
2026-05-12 15:45:00+00:00,2026-05-12 17:45:00+02:00,2026-05-12,17,17,45,3,3,1,1,5,5,,,17.565000000000012,17.564999999999998,23.78,17.564999999999998,25.78
2026-05-12 16:00:00+00:00,2026-05-12 18:00:00+02:00,2026-05-12,18,18,0,0,0,1,1,5,5,,,-19.145000000000003,-19.145000000000003,-26.380000000000006,-22.81000000000001,-18.599999999999994
2026-05-12 16:15:00+00:00,2026-05-12 18:15:00+02:00,2026-05-12,18,18,15,1,1,1,1,5,5,,,-9.715000000000003,-9.715000000000003,-9.810000000000002,-10.835,-9.689999999999998
2026-05-12 16:30:00+00:00,2026-05-12 18:30:00+02:00,2026-05-12,18,18,30,2,2,1,1,5,5,,,-3.065000000000005,-3.065000000000005,2.6583333333333266,-0.9700000000000131,3.740000000000009
2026-05-12 16:45:00+00:00,2026-05-12 18:45:00+02:00,2026-05-12,18,18,45,3,3,1,1,5,5,,,9.799999999999997,9.799999999999997,14.631666666666662,12.304999999999993,13.25
2026-05-12 17:00:00+00:00,2026-05-12 19:00:00+02:00,2026-05-12,19,19,0,0,0,1,1,5,5,,,-15.745000000000012,-15.745000000000012,-21.246666666666673,-19.299999999999997,-14.929999999999993
2026-05-12 17:15:00+00:00,2026-05-12 19:15:00+02:00,2026-05-12,19,19,15,1,1,1,1,5,5,,,-7.725000000000001,-7.725000000000001,-11.925000000000002,-12.07,-7.049999999999983
2026-05-12 17:30:00+00:00,2026-05-12 19:30:00+02:00,2026-05-12,19,19,30,2,2,1,1,5,5,,,0.1349999999999909,0.1349999999999909,-2.0916666666666734,-7.315000000000005,1.200000000000017
2026-05-12 17:45:00+00:00,2026-05-12 19:45:00+02:00,2026-05-12,19,19,45,3,3,1,1,5,5,,,15.25,15.25,16.30333333333333,16.249999999999993,11.470000000000027
2026-05-12 18:00:00+00:00,2026-05-12 20:00:00+02:00,2026-05-12,20,20,0,0,0,1,1,5,5,,,2.5999999999999943,2.5999999999999943,0.40833333333333144,1.5300000000000011,-3.509999999999991
2026-05-12 18:15:00+00:00,2026-05-12 20:15:00+02:00,2026-05-12,20,20,15,1,1,1,1,5,5,,,4.634999999999991,4.634999999999991,-1.9333333333333347,-0.35999999999999943,-0.3199999999999932
2026-05-12 18:30:00+00:00,2026-05-12 20:30:00+02:00,2026-05-12,20,20,30,2,2,1,1,5,5,,,3.6399999999999864,3.6399999999999864,-5.078333333333333,-0.7999999999999972,2.75
2026-05-12 18:45:00+00:00,2026-05-12 20:45:00+02:00,2026-05-12,20,20,45,3,3,1,1,5,5,,,1.2649999999999864,1.2649999999999864,-9.766666666666671,-4.939999999999998,1.1200000000000045
2026-05-12 19:00:00+00:00,2026-05-12 21:00:00+02:00,2026-05-12,21,21,0,0,0,1,1,5,5,,,16.034999999999997,16.034999999999997,11.124999999999993,14.114999999999988,9.20999999999998
2026-05-12 19:15:00+00:00,2026-05-12 21:15:00+02:00,2026-05-12,21,21,15,1,1,1,1,5,5,,,8.36999999999999,8.36999999999999,-1.3233333333333424,1.8199999999999932,2.799999999999983
2026-05-12 19:30:00+00:00,2026-05-12 21:30:00+02:00,2026-05-12,21,21,30,2,2,1,1,5,5,,,1.9549999999999983,1.9549999999999983,-7.523333333333333,-5.169999999999995,-4.410000000000025
2026-05-12 19:45:00+00:00,2026-05-12 21:45:00+02:00,2026-05-12,21,21,45,3,3,1,1,5,5,,,-8.665000000000006,-8.665000000000006,-15.103333333333339,-15.035000000000004,-9.340000000000003
2026-05-12 20:00:00+00:00,2026-05-12 22:00:00+02:00,2026-05-12,22,22,0,0,0,1,1,5,5,,,6.944999999999993,6.944999999999993,2.5333333333333337,3.8399999999999963,5.569999999999993
2026-05-12 20:15:00+00:00,2026-05-12 22:15:00+02:00,2026-05-12,22,22,15,1,1,1,1,5,5,,,1.5450000000000017,1.5450000000000017,-2.0549999999999997,-2.780000000000001,2.7299999999999898
2026-05-12 20:30:00+00:00,2026-05-12 22:30:00+02:00,2026-05-12,22,22,30,2,2,1,1,5,5,,,-4.0049999999999955,-4.0049999999999955,-6.448333333333331,-6.084999999999987,0.4899999999999807
2026-05-12 20:45:00+00:00,2026-05-12 22:45:00+02:00,2026-05-12,22,22,45,3,3,1,1,5,5,,,-9.29,-9.29,-11.35,-9.589999999999996,-6.550000000000011
2026-05-12 21:00:00+00:00,2026-05-12 23:00:00+02:00,2026-05-12,23,23,0,0,0,1,1,5,5,,,3.2650000000000006,3.2650000000000006,0.4066666666666663,0.18499999999999517,10.719999999999999
2026-05-12 21:15:00+00:00,2026-05-12 23:15:00+02:00,2026-05-12,23,23,15,1,1,1,1,5,5,,,4.939999999999998,4.939999999999998,-1.490000000000002,-1.9450000000000074,3.1099999999999994
2026-05-12 21:30:00+00:00,2026-05-12 23:30:00+02:00,2026-05-12,23,23,30,2,2,1,1,5,5,,,1.9899999999999949,1.9899999999999949,-5.350000000000001,-4.015000000000008,-0.8599999999999994
2026-05-12 21:45:00+00:00,2026-05-12 23:45:00+02:00,2026-05-12,23,23,45,3,3,1,1,5,5,,,-6.540000000000006,-6.540000000000006,-13.055000000000001,-12.350000000000001,-7.469999999999999
2026-05-28 10:00:00+00:00,2026-05-28 12:00:00+02:00,2026-05-28,12,12,0,0,0,3,3,5,5,,,,,,,-4.19
2026-05-28 10:15:00+00:00,2026-05-28 12:15:00+02:00,2026-05-28,12,12,15,1,1,3,3,5,5,,,,,,,-5.82
2026-05-28 10:30:00+00:00,2026-05-28 12:30:00+02:00,2026-05-28,12,12,30,2,2,3,3,5,5,,,,,,,-7.55
2026-05-28 10:45:00+00:00,2026-05-28 12:45:00+02:00,2026-05-28,12,12,45,3,3,3,3,5,5,,,,,,,-7.91
2026-05-28 11:00:00+00:00,2026-05-28 13:00:00+02:00,2026-05-28,13,13,0,0,0,3,3,5,5,,,,,,,-4.550000000000001
2026-05-28 11:15:00+00:00,2026-05-28 13:15:00+02:00,2026-05-28,13,13,15,1,1,3,3,5,5,,,,,,,-6.0
2026-05-28 11:30:00+00:00,2026-05-28 13:30:00+02:00,2026-05-28,13,13,30,2,2,3,3,5,5,,,,,,,-7.640000000000001
2026-05-28 11:45:00+00:00,2026-05-28 13:45:00+02:00,2026-05-28,13,13,45,3,3,3,3,5,5,,,,,,,-6.45
2026-05-28 12:00:00+00:00,2026-05-28 14:00:00+02:00,2026-05-28,14,14,0,0,0,3,3,5,5,,,,,,,-5.430000000000001
2026-05-28 12:15:00+00:00,2026-05-28 14:15:00+02:00,2026-05-28,14,14,15,1,1,3,3,5,5,,,,,,,-4.34
2026-05-28 12:30:00+00:00,2026-05-28 14:30:00+02:00,2026-05-28,14,14,30,2,2,3,3,5,5,,,,,,,-3.81
2026-05-28 12:45:00+00:00,2026-05-28 14:45:00+02:00,2026-05-28,14,14,45,3,3,3,3,5,5,,,,,,,-2.25
2026-05-28 13:00:00+00:00,2026-05-28 15:00:00+02:00,2026-05-28,15,15,0,0,0,3,3,5,5,,,,,,,-3.26
2026-05-28 13:15:00+00:00,2026-05-28 15:15:00+02:00,2026-05-28,15,15,15,1,1,3,3,5,5,,,,,,,-1.9
2026-05-28 13:30:00+00:00,2026-05-28 15:30:00+02:00,2026-05-28,15,15,30,2,2,3,3,5,5,,,,,,,5.0
2026-05-28 13:45:00+00:00,2026-05-28 15:45:00+02:00,2026-05-28,15,15,45,3,3,3,3,5,5,,,,,,,4.83
2026-05-28 14:00:00+00:00,2026-05-28 16:00:00+02:00,2026-05-28,16,16,0,0,0,3,3,5,5,,,,,,,-12.820000000000002
2026-05-28 14:15:00+00:00,2026-05-28 16:15:00+02:00,2026-05-28,16,16,15,1,1,3,3,5,5,,,,,,,8.440000000000001
2026-05-28 14:30:00+00:00,2026-05-28 16:30:00+02:00,2026-05-28,16,16,30,2,2,3,3,5,5,,,,,,,-4.090000000000003
2026-05-28 14:45:00+00:00,2026-05-28 16:45:00+02:00,2026-05-28,16,16,45,3,3,3,3,5,5,,,,,,,27.65
2026-05-28 15:00:00+00:00,2026-05-28 17:00:00+02:00,2026-05-28,17,17,0,0,0,3,3,5,5,,,,,,,10.069999999999993
2026-05-28 15:15:00+00:00,2026-05-28 17:15:00+02:00,2026-05-28,17,17,15,1,1,3,3,5,5,,,,,,,-0.10000000000000853
2026-05-28 15:30:00+00:00,2026-05-28 17:30:00+02:00,2026-05-28,17,17,30,2,2,3,3,5,5,,,,,,,-6.989999999999995
2026-05-28 15:45:00+00:00,2026-05-28 17:45:00+02:00,2026-05-28,17,17,45,3,3,3,3,5,5,,,,,,,-18.980000000000004
2026-05-28 16:00:00+00:00,2026-05-28 18:00:00+02:00,2026-05-28,18,18,0,0,0,3,3,5,5,,,,,,,-5.049999999999997
2026-05-28 16:15:00+00:00,2026-05-28 18:15:00+02:00,2026-05-28,18,18,15,1,1,3,3,5,5,,,,,,,-11.360000000000014
2026-05-28 16:30:00+00:00,2026-05-28 18:30:00+02:00,2026-05-28,18,18,30,2,2,3,3,5,5,,,,,,,-8.550000000000011
2026-05-28 16:45:00+00:00,2026-05-28 18:45:00+02:00,2026-05-28,18,18,45,3,3,3,3,5,5,,,,,,,-1.5700000000000216
2026-05-28 17:00:00+00:00,2026-05-28 19:00:00+02:00,2026-05-28,19,19,0,0,0,3,3,5,5,,,,,,,-5.840000000000003
2026-05-28 17:15:00+00:00,2026-05-28 19:15:00+02:00,2026-05-28,19,19,15,1,1,3,3,5,5,,,,,,,-2.0600000000000023
2026-05-28 17:30:00+00:00,2026-05-28 19:30:00+02:00,2026-05-28,19,19,30,2,2,3,3,5,5,,,,,,,1.75
2026-05-28 17:45:00+00:00,2026-05-28 19:45:00+02:00,2026-05-28,19,19,45,3,3,3,3,5,5,,,,,,,-82.82999999999998
2026-05-28 18:00:00+00:00,2026-05-28 20:00:00+02:00,2026-05-28,20,20,0,0,0,3,3,5,5,,,,,,,-12.319999999999993
2026-05-28 18:15:00+00:00,2026-05-28 20:15:00+02:00,2026-05-28,20,20,15,1,1,3,3,5,5,,,,,,,-4.46999999999997
2026-05-28 18:30:00+00:00,2026-05-28 20:30:00+02:00,2026-05-28,20,20,30,2,2,3,3,5,5,,,,,,,-123.31
2026-05-28 18:45:00+00:00,2026-05-28 20:45:00+02:00,2026-05-28,20,20,45,3,3,3,3,5,5,,,,,,,33.150000000000034
2026-05-28 19:00:00+00:00,2026-05-28 21:00:00+02:00,2026-05-28,21,21,0,0,0,3,3,5,5,,,,,,,58.80000000000001
2026-05-28 19:15:00+00:00,2026-05-28 21:15:00+02:00,2026-05-28,21,21,15,1,1,3,3,5,5,,,,,,,76.06
2026-05-28 19:30:00+00:00,2026-05-28 21:30:00+02:00,2026-05-28,21,21,30,2,2,3,3,5,5,,,,,,,-78.11000000000001
2026-05-28 19:45:00+00:00,2026-05-28 21:45:00+02:00,2026-05-28,21,21,45,3,3,3,3,5,5,,,,,,,-40.03
2026-05-28 20:00:00+00:00,2026-05-28 22:00:00+02:00,2026-05-28,22,22,0,0,0,3,3,5,5,,,,,,,27.370000000000005
2026-05-28 20:15:00+00:00,2026-05-28 22:15:00+02:00,2026-05-28,22,22,15,1,1,3,3,5,5,,,,,,,-12.330000000000013
2026-05-28 20:30:00+00:00,2026-05-28 22:30:00+02:00,2026-05-28,22,22,30,2,2,3,3,5,5,,,,,,,-9.879999999999995
2026-05-28 20:45:00+00:00,2026-05-28 22:45:00+02:00,2026-05-28,22,22,45,3,3,3,3,5,5,,,,,,,-23.69999999999999
2026-05-28 21:00:00+00:00,2026-05-28 23:00:00+02:00,2026-05-28,23,23,0,0,0,3,3,5,5,,,,,,,2.0999999999999943
2026-05-28 21:15:00+00:00,2026-05-28 23:15:00+02:00,2026-05-28,23,23,15,1,1,3,3,5,5,,,,,,,-2.6399999999999864
2026-05-28 21:30:00+00:00,2026-05-28 23:30:00+02:00,2026-05-28,23,23,30,2,2,3,3,5,5,,,,,,,-3.579999999999984
2026-05-28 21:45:00+00:00,2026-05-28 23:45:00+02:00,2026-05-28,23,23,45,3,3,3,3,5,5,,,,,,,4.1200000000000045
2026-05-31 10:00:00+00:00,2026-05-31 12:00:00+02:00,2026-05-31,12,12,0,0,0,6,6,5,5,,,,,,,13.760000000000002
2026-05-31 10:15:00+00:00,2026-05-31 12:15:00+02:00,2026-05-31,12,12,15,1,1,6,6,5,5,,,,,,,22.2
2026-05-31 10:30:00+00:00,2026-05-31 12:30:00+02:00,2026-05-31,12,12,30,2,2,6,6,5,5,,,,,,,24.860000000000003
2026-05-31 10:45:00+00:00,2026-05-31 12:45:00+02:00,2026-05-31,12,12,45,3,3,6,6,5,5,,,,,,,28.61
2026-05-31 11:00:00+00:00,2026-05-31 13:00:00+02:00,2026-05-31,13,13,0,0,0,6,6,5,5,,,,,,,24.03
2026-05-31 11:15:00+00:00,2026-05-31 13:15:00+02:00,2026-05-31,13,13,15,1,1,6,6,5,5,,,,,,,22.37
2026-05-31 11:30:00+00:00,2026-05-31 13:30:00+02:00,2026-05-31,13,13,30,2,2,6,6,5,5,,,,,,,19.97
2026-05-31 11:45:00+00:00,2026-05-31 13:45:00+02:00,2026-05-31,13,13,45,3,3,6,6,5,5,,,,,,,18.95
2026-05-31 12:00:00+00:00,2026-05-31 14:00:00+02:00,2026-05-31,14,14,0,0,0,6,6,5,5,,,,,,,24.8
2026-05-31 12:15:00+00:00,2026-05-31 14:15:00+02:00,2026-05-31,14,14,15,1,1,6,6,5,5,,,,,,,20.11
2026-05-31 12:30:00+00:00,2026-05-31 14:30:00+02:00,2026-05-31,14,14,30,2,2,6,6,5,5,,,,,,,16.409999999999997
2026-05-31 12:45:00+00:00,2026-05-31 14:45:00+02:00,2026-05-31,14,14,45,3,3,6,6,5,5,,,,,,,13.089999999999998
2026-05-31 13:00:00+00:00,2026-05-31 15:00:00+02:00,2026-05-31,15,15,0,0,0,6,6,5,5,,,,,,,28.779999999999998
2026-05-31 13:15:00+00:00,2026-05-31 15:15:00+02:00,2026-05-31,15,15,15,1,1,6,6,5,5,,,,,,,17.720000000000002
2026-05-31 13:30:00+00:00,2026-05-31 15:30:00+02:00,2026-05-31,15,15,30,2,2,6,6,5,5,,,,,,,12.110000000000001
2026-05-31 13:45:00+00:00,2026-05-31 15:45:00+02:00,2026-05-31,15,15,45,3,3,6,6,5,5,,,,,,,17.25
2026-05-31 14:00:00+00:00,2026-05-31 16:00:00+02:00,2026-05-31,16,16,0,0,0,6,6,5,5,,,,,,,27.240000000000002
2026-05-31 14:15:00+00:00,2026-05-31 16:15:00+02:00,2026-05-31,16,16,15,1,1,6,6,5,5,,,,,,,23.439999999999998
2026-05-31 14:30:00+00:00,2026-05-31 16:30:00+02:00,2026-05-31,16,16,30,2,2,6,6,5,5,,,,,,,15.059999999999995
2026-05-31 14:45:00+00:00,2026-05-31 16:45:00+02:00,2026-05-31,16,16,45,3,3,6,6,5,5,,,,,,,54.64
2026-05-31 15:00:00+00:00,2026-05-31 17:00:00+02:00,2026-05-31,17,17,0,0,0,6,6,5,5,,,,,,,13.180000000000007
2026-05-31 15:15:00+00:00,2026-05-31 17:15:00+02:00,2026-05-31,17,17,15,1,1,6,6,5,5,,,,,,,5.579999999999998
2026-05-31 15:30:00+00:00,2026-05-31 17:30:00+02:00,2026-05-31,17,17,30,2,2,6,6,5,5,,,,,,,8.989999999999995
2026-05-31 15:45:00+00:00,2026-05-31 17:45:00+02:00,2026-05-31,17,17,45,3,3,6,6,5,5,,,,,,,3.660000000000011
2026-05-31 16:00:00+00:00,2026-05-31 18:00:00+02:00,2026-05-31,18,18,0,0,0,6,6,5,5,,,,,,,17.89
2026-05-31 16:15:00+00:00,2026-05-31 18:15:00+02:00,2026-05-31,18,18,15,1,1,6,6,5,5,,,,,,,1.7700000000000102
2026-05-31 16:30:00+00:00,2026-05-31 18:30:00+02:00,2026-05-31,18,18,30,2,2,6,6,5,5,,,,,,,-3.8700000000000045
2026-05-31 16:45:00+00:00,2026-05-31 18:45:00+02:00,2026-05-31,18,18,45,3,3,6,6,5,5,,,,,,,-6.079999999999984
2026-05-31 17:00:00+00:00,2026-05-31 19:00:00+02:00,2026-05-31,19,19,0,0,0,6,6,5,5,,,,,,,0.4399999999999977
2026-05-31 17:15:00+00:00,2026-05-31 19:15:00+02:00,2026-05-31,19,19,15,1,1,6,6,5,5,,,,,,,-0.9899999999999807
2026-05-31 17:30:00+00:00,2026-05-31 19:30:00+02:00,2026-05-31,19,19,30,2,2,6,6,5,5,,,,,,,-16.099999999999994
2026-05-31 17:45:00+00:00,2026-05-31 19:45:00+02:00,2026-05-31,19,19,45,3,3,6,6,5,5,,,,,,,-2.5
2026-05-31 18:00:00+00:00,2026-05-31 20:00:00+02:00,2026-05-31,20,20,0,0,0,6,6,5,5,,,,,,,-5.079999999999984
2026-05-31 18:15:00+00:00,2026-05-31 20:15:00+02:00,2026-05-31,20,20,15,1,1,6,6,5,5,,,,,,,-5.619999999999976
2026-05-31 18:30:00+00:00,2026-05-31 20:30:00+02:00,2026-05-31,20,20,30,2,2,6,6,5,5,,,,,,,-9.370000000000005
2026-05-31 18:45:00+00:00,2026-05-31 20:45:00+02:00,2026-05-31,20,20,45,3,3,6,6,5,5,,,,,,,-28.930000000000007
2026-05-31 19:00:00+00:00,2026-05-31 21:00:00+02:00,2026-05-31,21,21,0,0,0,6,6,5,5,,,,,,,-7.519999999999982
2026-05-31 19:15:00+00:00,2026-05-31 21:15:00+02:00,2026-05-31,21,21,15,1,1,6,6,5,5,,,,,,,-28.840000000000003
2026-05-31 19:30:00+00:00,2026-05-31 21:30:00+02:00,2026-05-31,21,21,30,2,2,6,6,5,5,,,,,,,-20.420000000000016
2026-05-31 19:45:00+00:00,2026-05-31 21:45:00+02:00,2026-05-31,21,21,45,3,3,6,6,5,5,,,,,,,-7.030000000000001
2026-05-31 20:00:00+00:00,2026-05-31 22:00:00+02:00,2026-05-31,22,22,0,0,0,6,6,5,5,,,,,,,-4.400000000000006
2026-05-31 20:15:00+00:00,2026-05-31 22:15:00+02:00,2026-05-31,22,22,15,1,1,6,6,5,5,,,,,,,-2.640000000000015
2026-05-31 20:30:00+00:00,2026-05-31 22:30:00+02:00,2026-05-31,22,22,30,2,2,6,6,5,5,,,,,,,-1.2700000000000102
2026-05-31 20:45:00+00:00,2026-05-31 22:45:00+02:00,2026-05-31,22,22,45,3,3,6,6,5,5,,,,,,,-4.200000000000017
2026-05-31 21:00:00+00:00,2026-05-31 23:00:00+02:00,2026-05-31,23,23,0,0,0,6,6,5,5,,,,,,,-1.5200000000000102
2026-05-31 21:15:00+00:00,2026-05-31 23:15:00+02:00,2026-05-31,23,23,15,1,1,6,6,5,5,,,,,,,-2.969999999999999
2026-05-31 21:30:00+00:00,2026-05-31 23:30:00+02:00,2026-05-31,23,23,30,2,2,6,6,5,5,,,,,,,0.9499999999999886
2026-05-31 21:45:00+00:00,2026-05-31 23:45:00+02:00,2026-05-31,23,23,45,3,3,6,6,5,5,,,,,,,-5.710000000000008
2026-06-01 10:00:00+00:00,2026-06-01 12:00:00+02:00,2026-06-01,12,12,0,0,0,0,0,6,6,13.760000000000002,,4.784999999999995,4.785,,,-0.010000000000005116
2026-06-01 10:15:00+00:00,2026-06-01 12:15:00+02:00,2026-06-01,12,12,15,1,1,0,0,6,6,22.2,,8.189999999999992,8.19,,,2.6599999999999966
2026-06-01 10:30:00+00:00,2026-06-01 12:30:00+02:00,2026-06-01,12,12,30,2,2,0,0,6,6,24.860000000000003,,8.655000000000001,8.655000000000001,,,1.480000000000004
2026-06-01 10:45:00+00:00,2026-06-01 12:45:00+02:00,2026-06-01,12,12,45,3,3,0,0,6,6,28.61,,10.35,10.35,,,3.6499999999999915
2026-06-01 11:00:00+00:00,2026-06-01 13:00:00+02:00,2026-06-01,13,13,0,0,0,0,0,6,6,24.03,,9.740000000000014,9.74,,,1.8399999999999892
2026-06-01 11:15:00+00:00,2026-06-01 13:15:00+02:00,2026-06-01,13,13,15,1,1,0,0,6,6,22.37,,8.185,8.185,,,-0.21999999999999886
2026-06-01 11:30:00+00:00,2026-06-01 13:30:00+02:00,2026-06-01,13,13,30,2,2,0,0,6,6,19.97,,6.164999999999999,6.164999999999999,,,2.009999999999991
2026-06-01 11:45:00+00:00,2026-06-01 13:45:00+02:00,2026-06-01,13,13,45,3,3,0,0,6,6,18.95,,6.25,6.25,,,38.70000000000001
2026-06-01 12:00:00+00:00,2026-06-01 14:00:00+02:00,2026-06-01,14,14,0,0,0,0,0,6,6,24.8,,9.685,9.685,,,41.8
2026-06-01 12:15:00+00:00,2026-06-01 14:15:00+02:00,2026-06-01,14,14,15,1,1,0,0,6,6,20.11,,7.885,7.885,,,5.429999999999993
2026-06-01 12:30:00+00:00,2026-06-01 14:30:00+02:00,2026-06-01,14,14,30,2,2,0,0,6,6,16.409999999999997,,6.299999999999998,6.299999999999998,,,35.419999999999995
2026-06-01 12:45:00+00:00,2026-06-01 14:45:00+02:00,2026-06-01,14,14,45,3,3,0,0,6,6,13.089999999999998,,5.419999999999999,5.419999999999999,,,31.669999999999995
2026-06-01 13:00:00+00:00,2026-06-01 15:00:00+02:00,2026-06-01,15,15,0,0,0,0,0,6,6,28.779999999999998,,12.759999999999998,12.759999999999998,,,4.680000000000007
2026-06-01 13:15:00+00:00,2026-06-01 15:15:00+02:00,2026-06-01,15,15,15,1,1,0,0,6,6,17.720000000000002,,7.910000000000002,7.910000000000001,,,0.539999999999992
2026-06-01 13:30:00+00:00,2026-06-01 15:30:00+02:00,2026-06-01,15,15,30,2,2,0,0,6,6,12.110000000000001,,8.555,8.555,,,13.800000000000011
2026-06-01 13:45:00+00:00,2026-06-01 15:45:00+02:00,2026-06-01,15,15,45,3,3,0,0,6,6,17.25,,11.04,11.04,,,10.400000000000006
2026-06-01 14:00:00+00:00,2026-06-01 16:00:00+02:00,2026-06-01,16,16,0,0,0,0,0,6,6,27.240000000000002,,7.21,7.21,,,11.230000000000004
2026-06-01 14:15:00+00:00,2026-06-01 16:15:00+02:00,2026-06-01,16,16,15,1,1,0,0,6,6,23.439999999999998,,15.94,15.94,,,5.659999999999997
2026-06-01 14:30:00+00:00,2026-06-01 16:30:00+02:00,2026-06-01,16,16,30,2,2,0,0,6,6,15.059999999999995,,5.484999999999996,5.484999999999996,,,-1.2099999999999937
2026-06-01 14:45:00+00:00,2026-06-01 16:45:00+02:00,2026-06-01,16,16,45,3,3,0,0,6,6,54.64,,41.144999999999996,41.144999999999996,,,-8.989999999999995
2026-06-01 15:00:00+00:00,2026-06-01 17:00:00+02:00,2026-06-01,17,17,0,0,0,0,0,6,6,13.180000000000007,,11.625,11.625,,,-2.2700000000000102
2026-06-01 15:15:00+00:00,2026-06-01 17:15:00+02:00,2026-06-01,17,17,15,1,1,0,0,6,6,5.579999999999998,,2.739999999999995,2.739999999999995,,,-8.900000000000006
2026-06-01 15:30:00+00:00,2026-06-01 17:30:00+02:00,2026-06-01,17,17,30,2,2,0,0,6,6,8.989999999999995,,1.0,1.0,,,-7.510000000000005
2026-06-01 15:45:00+00:00,2026-06-01 17:45:00+02:00,2026-06-01,17,17,45,3,3,0,0,6,6,3.660000000000011,,-7.659999999999982,-7.659999999999997,,,-20.840000000000003
2026-06-01 16:00:00+00:00,2026-06-01 18:00:00+02:00,2026-06-01,18,18,0,0,0,0,0,6,6,17.89,,6.420000000000002,6.420000000000002,,,0.6899999999999977
2026-06-01 16:15:00+00:00,2026-06-01 18:15:00+02:00,2026-06-01,18,18,15,1,1,0,0,6,6,1.7700000000000102,,-4.795000000000002,-4.795000000000002,,,-15.569999999999993
2026-06-01 16:30:00+00:00,2026-06-01 18:30:00+02:00,2026-06-01,18,18,30,2,2,0,0,6,6,-3.8700000000000045,,-6.210000000000008,-6.210000000000008,,,-3.6699999999999875
2026-06-01 16:45:00+00:00,2026-06-01 18:45:00+02:00,2026-06-01,18,18,45,3,3,0,0,6,6,-6.079999999999984,,-3.825000000000003,-3.825000000000003,,,-11.299999999999983
2026-06-01 17:00:00+00:00,2026-06-01 19:00:00+02:00,2026-06-01,19,19,0,0,0,0,0,6,6,0.4399999999999977,,-2.700000000000003,-2.700000000000003,,,-56.379999999999995
2026-06-01 17:15:00+00:00,2026-06-01 19:15:00+02:00,2026-06-01,19,19,15,1,1,0,0,6,6,-0.9899999999999807,,-1.5249999999999915,-1.5249999999999915,,,-62.599999999999994
2026-06-01 17:30:00+00:00,2026-06-01 19:30:00+02:00,2026-06-01,19,19,30,2,2,0,0,6,6,-16.099999999999994,,-7.174999999999997,-7.174999999999997,,,-46.599999999999994
2026-06-01 17:45:00+00:00,2026-06-01 19:45:00+02:00,2026-06-01,19,19,45,3,3,0,0,6,6,-2.5,,-42.66499999999999,-42.66499999999999,,,-44.00999999999999
2026-06-01 18:00:00+00:00,2026-06-01 20:00:00+02:00,2026-06-01,20,20,0,0,0,0,0,6,6,-5.079999999999984,,-8.699999999999989,-8.699999999999989,,,-81.80000000000001
2026-06-01 18:15:00+00:00,2026-06-01 20:15:00+02:00,2026-06-01,20,20,15,1,1,0,0,6,6,-5.619999999999976,,-5.044999999999973,-5.044999999999973,,,-87.47999999999999
2026-06-01 18:30:00+00:00,2026-06-01 20:30:00+02:00,2026-06-01,20,20,30,2,2,0,0,6,6,-9.370000000000005,,-66.34,-66.34,,,-81.02999999999997
2026-06-01 18:45:00+00:00,2026-06-01 20:45:00+02:00,2026-06-01,20,20,45,3,3,0,0,6,6,-28.930000000000007,,2.1100000000000136,2.1100000000000136,,,-104.25999999999999
2026-06-01 19:00:00+00:00,2026-06-01 21:00:00+02:00,2026-06-01,21,21,0,0,0,0,0,6,6,-7.519999999999982,,25.640000000000015,25.640000000000015,,,39.860000000000014
2026-06-01 19:15:00+00:00,2026-06-01 21:15:00+02:00,2026-06-01,21,21,15,1,1,0,0,6,6,-28.840000000000003,,23.61,23.61,,,-94.51999999999998
2026-06-01 19:30:00+00:00,2026-06-01 21:30:00+02:00,2026-06-01,21,21,30,2,2,0,0,6,6,-20.420000000000016,,-49.265000000000015,-49.265000000000015,,,-47.09
2026-06-01 19:45:00+00:00,2026-06-01 21:45:00+02:00,2026-06-01,21,21,45,3,3,0,0,6,6,-7.030000000000001,,-23.53,-23.53,,,-202.84
2026-06-01 20:00:00+00:00,2026-06-01 22:00:00+02:00,2026-06-01,22,22,0,0,0,0,0,6,6,-4.400000000000006,,11.485,11.485,,,-16.97
2026-06-01 20:15:00+00:00,2026-06-01 22:15:00+02:00,2026-06-01,22,22,15,1,1,0,0,6,6,-2.640000000000015,,-7.485000000000014,-7.485000000000014,,,-65.62
2026-06-01 20:30:00+00:00,2026-06-01 22:30:00+02:00,2026-06-01,22,22,30,2,2,0,0,6,6,-1.2700000000000102,,-5.575000000000003,-5.575000000000003,,,-17.22
2026-06-01 20:45:00+00:00,2026-06-01 22:45:00+02:00,2026-06-01,22,22,45,3,3,0,0,6,6,-4.200000000000017,,-13.950000000000003,-13.950000000000003,,,-85.53
2026-06-01 21:00:00+00:00,2026-06-01 23:00:00+02:00,2026-06-01,23,23,0,0,0,0,0,6,6,-1.5200000000000102,,0.28999999999999204,0.28999999999999204,,,-4.469999999999999
2026-06-01 21:15:00+00:00,2026-06-01 23:15:00+02:00,2026-06-01,23,23,15,1,1,0,0,6,6,-2.969999999999999,,-2.8049999999999926,-2.8049999999999926,,,-7.289999999999992
2026-06-01 21:30:00+00:00,2026-06-01 23:30:00+02:00,2026-06-01,23,23,30,2,2,0,0,6,6,0.9499999999999886,,-1.3149999999999977,-1.3149999999999977,,,-11.870000000000005
2026-06-01 21:45:00+00:00,2026-06-01 23:45:00+02:00,2026-06-01,23,23,45,3,3,0,0,6,6,-5.710000000000008,,-0.7950000000000017,-0.7950000000000017,,,-10.900000000000006
2026-06-02 10:00:00+00:00,2026-06-02 12:00:00+02:00,2026-06-02,12,12,0,0,0,1,1,6,6,-0.010000000000005116,,3.1866666666666617,-0.010000000000005116,,,-14.299999999999997
2026-06-02 10:15:00+00:00,2026-06-02 12:15:00+02:00,2026-06-02,12,12,15,1,1,1,1,6,6,2.6599999999999966,,6.3466666666666605,2.6599999999999966,,,-11.860000000000014
2026-06-02 10:30:00+00:00,2026-06-02 12:30:00+02:00,2026-06-02,12,12,30,2,2,1,1,6,6,1.480000000000004,,6.263333333333335,1.480000000000004,,,-11.179999999999993
2026-06-02 10:45:00+00:00,2026-06-02 12:45:00+02:00,2026-06-02,12,12,45,3,3,1,1,6,6,3.6499999999999915,,8.116666666666664,3.6499999999999915,,,-9.049999999999997
2026-06-02 11:00:00+00:00,2026-06-02 13:00:00+02:00,2026-06-02,13,13,0,0,0,1,1,6,6,1.8399999999999892,,7.106666666666673,1.8399999999999892,,,-10.64
2026-06-02 11:15:00+00:00,2026-06-02 13:15:00+02:00,2026-06-02,13,13,15,1,1,1,1,6,6,-0.21999999999999886,,5.383333333333334,-0.21999999999999886,,,-13.899999999999991
2026-06-02 11:30:00+00:00,2026-06-02 13:30:00+02:00,2026-06-02,13,13,30,2,2,1,1,6,6,2.009999999999991,,4.779999999999997,2.009999999999991,,,-14.509999999999991
2026-06-02 11:45:00+00:00,2026-06-02 13:45:00+02:00,2026-06-02,13,13,45,3,3,1,1,6,6,38.70000000000001,,17.06666666666667,18.95,,,-13.620000000000005
2026-06-02 12:00:00+00:00,2026-06-02 14:00:00+02:00,2026-06-02,14,14,0,0,0,1,1,6,6,41.8,,20.39,24.8,,,-16.909999999999997
2026-06-02 12:15:00+00:00,2026-06-02 14:15:00+02:00,2026-06-02,14,14,15,1,1,1,1,6,6,5.429999999999993,,7.066666666666664,5.429999999999993,,,-13.459999999999994
2026-06-02 12:30:00+00:00,2026-06-02 14:30:00+02:00,2026-06-02,14,14,30,2,2,1,1,6,6,35.419999999999995,,16.006666666666664,16.409999999999997,,,-11.969999999999999
2026-06-02 12:45:00+00:00,2026-06-02 14:45:00+02:00,2026-06-02,14,14,45,3,3,1,1,6,6,31.669999999999995,,14.169999999999996,13.089999999999998,,,-12.11
2026-06-02 13:00:00+00:00,2026-06-02 15:00:00+02:00,2026-06-02,15,15,0,0,0,1,1,6,6,4.680000000000007,,10.066666666666668,4.680000000000007,,,-13.219999999999999
2026-06-02 13:15:00+00:00,2026-06-02 15:15:00+02:00,2026-06-02,15,15,15,1,1,1,1,6,6,0.539999999999992,,5.453333333333332,0.539999999999992,,,-12.090000000000003
2026-06-02 13:30:00+00:00,2026-06-02 15:30:00+02:00,2026-06-02,15,15,30,2,2,1,1,6,6,13.800000000000011,,10.303333333333336,12.110000000000001,,,-9.840000000000003
2026-06-02 13:45:00+00:00,2026-06-02 15:45:00+02:00,2026-06-02,15,15,45,3,3,1,1,6,6,10.400000000000006,,10.826666666666668,10.400000000000006,,,-4.699999999999989
2026-06-02 14:00:00+00:00,2026-06-02 16:00:00+02:00,2026-06-02,16,16,0,0,0,1,1,6,6,11.230000000000004,,8.550000000000002,11.230000000000004,,,-18.269999999999996
2026-06-02 14:15:00+00:00,2026-06-02 16:15:00+02:00,2026-06-02,16,16,15,1,1,1,1,6,6,5.659999999999997,,12.51333333333333,8.440000000000001,,,-14.600000000000009
2026-06-02 14:30:00+00:00,2026-06-02 16:30:00+02:00,2026-06-02,16,16,30,2,2,1,1,6,6,-1.2099999999999937,,3.2533333333333325,-1.2099999999999937,,,-8.039999999999992
2026-06-02 14:45:00+00:00,2026-06-02 16:45:00+02:00,2026-06-02,16,16,45,3,3,1,1,6,6,-8.989999999999995,,24.433333333333337,27.65,,,-9.039999999999992
2026-06-02 15:00:00+00:00,2026-06-02 17:00:00+02:00,2026-06-02,17,17,0,0,0,1,1,6,6,-2.2700000000000102,,6.99333333333333,10.069999999999993,,,-14.289999999999992
2026-06-02 15:15:00+00:00,2026-06-02 17:15:00+02:00,2026-06-02,17,17,15,1,1,1,1,6,6,-8.900000000000006,,-1.1400000000000052,-0.10000000000000853,,,-4.5
2026-06-02 15:30:00+00:00,2026-06-02 17:30:00+02:00,2026-06-02,17,17,30,2,2,1,1,6,6,-7.510000000000005,,-1.8366666666666684,-6.989999999999995,,,-9.019999999999996
2026-06-02 15:45:00+00:00,2026-06-02 17:45:00+02:00,2026-06-02,17,17,45,3,3,1,1,6,6,-20.840000000000003,,-12.053333333333322,-18.980000000000004,,,-15.449999999999989
2026-06-02 16:00:00+00:00,2026-06-02 18:00:00+02:00,2026-06-02,18,18,0,0,0,1,1,6,6,0.6899999999999977,,4.510000000000001,0.6899999999999977,,,-6.2900000000000205
2026-06-02 16:15:00+00:00,2026-06-02 18:15:00+02:00,2026-06-02,18,18,15,1,1,1,1,6,6,-15.569999999999993,,-8.386666666666665,-11.360000000000014,,,-0.75
2026-06-02 16:30:00+00:00,2026-06-02 18:30:00+02:00,2026-06-02,18,18,30,2,2,1,1,6,6,-3.6699999999999875,,-5.363333333333334,-3.8700000000000045,,,-5.0800000000000125
2026-06-02 16:45:00+00:00,2026-06-02 18:45:00+02:00,2026-06-02,18,18,45,3,3,1,1,6,6,-11.299999999999983,,-6.316666666666663,-6.079999999999984,,,-15.150000000000006
2026-06-02 17:00:00+00:00,2026-06-02 19:00:00+02:00,2026-06-02,19,19,0,0,0,1,1,6,6,-56.379999999999995,,-20.593333333333334,-5.840000000000003,,,-7.569999999999993
2026-06-02 17:15:00+00:00,2026-06-02 19:15:00+02:00,2026-06-02,19,19,15,1,1,1,1,6,6,-62.599999999999994,,-21.883333333333326,-2.0600000000000023,,,-11.329999999999984
2026-06-02 17:30:00+00:00,2026-06-02 19:30:00+02:00,2026-06-02,19,19,30,2,2,1,1,6,6,-46.599999999999994,,-20.316666666666663,-16.099999999999994,,,-15.460000000000008
2026-06-02 17:45:00+00:00,2026-06-02 19:45:00+02:00,2026-06-02,19,19,45,3,3,1,1,6,6,-44.00999999999999,,-43.11333333333332,-44.00999999999999,,,-48.5
2026-06-02 18:00:00+00:00,2026-06-02 20:00:00+02:00,2026-06-02,20,20,0,0,0,1,1,6,6,-81.80000000000001,,-33.06666666666666,-12.319999999999993,,,-9.870000000000005
2026-06-02 18:15:00+00:00,2026-06-02 20:15:00+02:00,2026-06-02,20,20,15,1,1,1,1,6,6,-87.47999999999999,,-32.52333333333331,-5.619999999999976,,,-25.669999999999987
2026-06-02 18:30:00+00:00,2026-06-02 20:30:00+02:00,2026-06-02,20,20,30,2,2,1,1,6,6,-81.02999999999997,,-71.23666666666666,-81.02999999999997,,,-10.5
2026-06-02 18:45:00+00:00,2026-06-02 20:45:00+02:00,2026-06-02,20,20,45,3,3,1,1,6,6,-104.25999999999999,,-33.34666666666666,-28.930000000000007,,,-44.72999999999999
2026-06-02 19:00:00+00:00,2026-06-02 21:00:00+02:00,2026-06-02,21,21,0,0,0,1,1,6,6,39.860000000000014,,30.380000000000013,39.860000000000014,,,-26.49000000000001
2026-06-02 19:15:00+00:00,2026-06-02 21:15:00+02:00,2026-06-02,21,21,15,1,1,1,1,6,6,-94.51999999999998,,-15.76666666666666,-28.840000000000003,,,-22.5
2026-06-02 19:30:00+00:00,2026-06-02 21:30:00+02:00,2026-06-02,21,21,30,2,2,1,1,6,6,-47.09,,-48.54000000000001,-47.09,,,-25.390000000000015
2026-06-02 19:45:00+00:00,2026-06-02 21:45:00+02:00,2026-06-02,21,21,45,3,3,1,1,6,6,-202.84,,-83.3,-40.03,,,-20.47
2026-06-02 20:00:00+00:00,2026-06-02 22:00:00+02:00,2026-06-02,22,22,0,0,0,1,1,6,6,-16.97,,2.0,-4.400000000000006,,,-25.659999999999997
2026-06-02 20:15:00+00:00,2026-06-02 22:15:00+02:00,2026-06-02,22,22,15,1,1,1,1,6,6,-65.62,,-26.863333333333344,-12.330000000000013,,,-14.699999999999989
2026-06-02 20:30:00+00:00,2026-06-02 22:30:00+02:00,2026-06-02,22,22,30,2,2,1,1,6,6,-17.22,,-9.456666666666669,-9.879999999999995,,,-11.849999999999994
2026-06-02 20:45:00+00:00,2026-06-02 22:45:00+02:00,2026-06-02,22,22,45,3,3,1,1,6,6,-85.53,,-37.81,-23.69999999999999,,,-5.709999999999994
2026-06-02 21:00:00+00:00,2026-06-02 23:00:00+02:00,2026-06-02,23,23,0,0,0,1,1,6,6,-4.469999999999999,,-1.2966666666666715,-1.5200000000000102,,,-7.619999999999976
2026-06-02 21:15:00+00:00,2026-06-02 23:15:00+02:00,2026-06-02,23,23,15,1,1,1,1,6,6,-7.289999999999992,,-4.299999999999993,-2.969999999999999,,,1.4299999999999926
2026-06-02 21:30:00+00:00,2026-06-02 23:30:00+02:00,2026-06-02,23,23,30,2,2,1,1,6,6,-11.870000000000005,,-4.833333333333333,-3.579999999999984,,,-9.5
2026-06-02 21:45:00+00:00,2026-06-02 23:45:00+02:00,2026-06-02,23,23,45,3,3,1,1,6,6,-10.900000000000006,,-4.163333333333337,-5.710000000000008,,,-13.25
