timestamp_utc,timestamp_local,date_local,hour_local,hour_local,minute_local,quarter_hour_local,quarter_hour_local,weekday_local,weekday_local,month_local,month_local,ida1_minus_da_spread_eur_mwh_lag_1d_same_local_qh,ida1_minus_da_spread_eur_mwh_lag_7d_same_local_qh,ida1_minus_da_spread_eur_mwh_rolling_mean_7d_same_local_qh,ida1_minus_da_spread_eur_mwh_rolling_median_7d_same_local_qh,ida1_minus_da_spread_eur_mwh_rolling_mean_14d_same_local_qh,ida1_minus_da_spread_eur_mwh_rolling_median_14d_same_local_qh,ida1_minus_da_spread_eur_mwh
2026-05-08 12:00:00+00:00,2026-05-08 14:00:00+02:00,2026-05-08,14,14,0,0,0,4,4,5,5,,,19.89,12.0,-20.962222222222223,8.579999999999998,21.28
2026-05-08 12:15:00+00:00,2026-05-08 14:15:00+02:00,2026-05-08,14,14,15,1,1,4,4,5,5,,,20.819999999999997,16.455,-12.315555555555552,11.600000000000001,23.39
2026-05-08 12:30:00+00:00,2026-05-08 14:30:00+02:00,2026-05-08,14,14,30,2,2,4,4,5,5,,,23.859999999999978,20.415,-3.8299999999999974,12.420000000000002,29.409999999999997
2026-05-08 12:45:00+00:00,2026-05-08 14:45:00+02:00,2026-05-08,14,14,45,3,3,4,4,5,5,,,27.702500000000008,26.14,3.772222222222225,14.190000000000001,24.25
2026-05-08 13:00:00+00:00,2026-05-08 15:00:00+02:00,2026-05-08,15,15,0,0,0,4,4,5,5,,,3.9524999999999917,1.9399999999999995,-22.778888888888886,0.46999999999999886,11.099999999999994
2026-05-08 13:15:00+00:00,2026-05-08 15:15:00+02:00,2026-05-08,15,15,15,1,1,4,4,5,5,,,7.439999999999999,5.639999999999998,-14.116666666666665,5.16,16.569999999999993
2026-05-08 13:30:00+00:00,2026-05-08 15:30:00+02:00,2026-05-08,15,15,30,2,2,4,4,5,5,,,13.927499999999997,14.53,1.1722222222222232,7.959999999999999,23.5
2026-05-08 13:45:00+00:00,2026-05-08 15:45:00+02:00,2026-05-08,15,15,45,3,3,4,4,5,5,,,17.272499999999994,19.595,17.271111111111107,19.05,23.200000000000003
2026-05-08 14:00:00+00:00,2026-05-08 16:00:00+02:00,2026-05-08,16,16,0,0,0,4,4,5,5,,,-4.452500000000015,-5.970000000000004,-15.75111111111111,-4.83,-0.980000000000004
2026-05-08 14:15:00+00:00,2026-05-08 16:15:00+02:00,2026-05-08,16,16,15,1,1,4,4,5,5,,,-0.6949999999999772,-0.0649999999999995,-3.1888888888888913,0.42,-2.1499999999999915
2026-05-08 14:30:00+00:00,2026-05-08 16:30:00+02:00,2026-05-08,16,16,30,2,2,4,4,5,5,,,9.254999999999997,7.654999999999998,8.974444444444439,9.6,3.990000000000009
2026-05-08 14:45:00+00:00,2026-05-08 16:45:00+02:00,2026-05-08,16,16,45,3,3,4,4,5,5,,,23.2175,18.165,19.56888888888889,11.559999999999999,12.540000000000006
2026-05-08 15:00:00+00:00,2026-05-08 17:00:00+02:00,2026-05-08,17,17,0,0,0,4,4,5,5,,,-24.96750000000001,-27.130000000000003,-28.238888888888887,-27.28,-15.129999999999995
2026-05-08 15:15:00+00:00,2026-05-08 17:15:00+02:00,2026-05-08,17,17,15,1,1,4,4,5,5,,,-7.587500000000026,-8.425000000000004,-13.118888888888893,-16.34,-11.420000000000002
2026-05-08 15:30:00+00:00,2026-05-08 17:30:00+02:00,2026-05-08,17,17,30,2,2,4,4,5,5,,,10.160000000000007,4.22999999999999,6.266666666666669,2.6999999999999886,-1.6299999999999955
2026-05-08 15:45:00+00:00,2026-05-08 17:45:00+02:00,2026-05-08,17,17,45,3,3,4,4,5,5,,,36.5775,34.80499999999999,38.82222222222222,43.629999999999995,13.510000000000005
2026-05-08 16:00:00+00:00,2026-05-08 18:00:00+02:00,2026-05-08,18,18,0,0,0,4,4,5,5,,,-30.967499999999987,-26.819999999999993,-33.249999999999986,-28.549999999999997,-23.64
2026-05-08 16:15:00+00:00,2026-05-08 18:15:00+02:00,2026-05-08,18,18,15,1,1,4,4,5,5,,,-8.647499999999994,-11.22999999999999,-8.287777777777777,-8.900000000000006,-0.9099999999999966
2026-05-08 16:30:00+00:00,2026-05-08 18:30:00+02:00,2026-05-08,18,18,30,2,2,4,4,5,5,,,12.015000000000008,11.714999999999996,12.093333333333334,14.099999999999994,2.9799999999999898
2026-05-08 16:45:00+00:00,2026-05-08 18:45:00+02:00,2026-05-08,18,18,45,3,3,4,4,5,5,,,30.987499999999976,31.534999999999997,26.376666666666654,26.11,11.960000000000008
2026-05-08 17:00:00+00:00,2026-05-08 19:00:00+02:00,2026-05-08,19,19,0,0,0,4,4,5,5,,,-27.99750000000001,-27.970000000000006,-28.75111111111111,-21.789999999999992,-20.02000000000001
2026-05-08 17:15:00+00:00,2026-05-08 19:15:00+02:00,2026-05-08,19,19,15,1,1,4,4,5,5,,,-16.822500000000016,-16.055000000000007,-15.318888888888896,-15.579999999999998,-12.410000000000025
2026-05-08 17:30:00+00:00,2026-05-08 19:30:00+02:00,2026-05-08,19,19,30,2,2,4,4,5,5,,,15.392499999999991,7.164999999999992,5.565555555555548,3.1399999999999864,-2.2900000000000205
2026-05-08 17:45:00+00:00,2026-05-08 19:45:00+02:00,2026-05-08,19,19,45,3,3,4,4,5,5,,,49.56,31.664999999999978,36.221111111111114,29.129999999999995,8.519999999999982
2026-05-08 18:00:00+00:00,2026-05-08 20:00:00+02:00,2026-05-08,20,20,0,0,0,4,4,5,5,,,10.269999999999975,8.435000000000002,3.8266666666666773,-1.480000000000004,-0.8000000000000114
2026-05-08 18:15:00+00:00,2026-05-08 20:15:00+02:00,2026-05-08,20,20,15,1,1,4,4,5,5,,,11.292500000000004,10.985,3.116666666666662,-3.450000000000017,-2.8200000000000216
2026-05-08 18:30:00+00:00,2026-05-08 20:30:00+02:00,2026-05-08,20,20,30,2,2,4,4,5,5,,,8.772499999999997,9.405000000000001,1.0499999999999987,-0.3400000000000034,-1.25
2026-05-08 18:45:00+00:00,2026-05-08 20:45:00+02:00,2026-05-08,20,20,45,3,3,4,4,5,5,,,-1.6750000000000043,-2.265000000000015,-10.338888888888894,-6.710000000000008,-5.390000000000015
2026-05-08 19:00:00+00:00,2026-05-08 21:00:00+02:00,2026-05-08,21,21,0,0,0,4,4,5,5,,,27.86000000000001,20.069999999999993,21.58888888888889,17.819999999999993,8.710000000000008
2026-05-08 19:15:00+00:00,2026-05-08 21:15:00+02:00,2026-05-08,21,21,15,1,1,4,4,5,5,,,5.7124999999999915,5.579999999999998,0.42111111111110233,-2.230000000000018,3.4199999999999875
2026-05-08 19:30:00+00:00,2026-05-08 21:30:00+02:00,2026-05-08,21,21,30,2,2,4,4,5,5,,,-10.065000000000008,-10.345000000000006,-12.18666666666667,-14.61999999999999,-6.280000000000001
2026-05-08 19:45:00+00:00,2026-05-08 21:45:00+02:00,2026-05-08,21,21,45,3,3,4,4,5,5,,,-23.267500000000002,-23.305,-21.388888888888893,-17.489999999999995,-11.629999999999995
2026-05-08 20:00:00+00:00,2026-05-08 22:00:00+02:00,2026-05-08,22,22,0,0,0,4,4,5,5,,,14.292499999999997,12.789999999999992,8.25777777777778,6.5,8.419999999999987
2026-05-08 20:15:00+00:00,2026-05-08 22:15:00+02:00,2026-05-08,22,22,15,1,1,4,4,5,5,,,4.172499999999996,4.405000000000001,0.20888888888889154,-1.8100000000000023,-3.730000000000018
2026-05-08 20:30:00+00:00,2026-05-08 22:30:00+02:00,2026-05-08,22,22,30,2,2,4,4,5,5,,,-3.947499999999998,-3.9599999999999937,-5.50111111111111,-4.9199999999999875,-3.8100000000000023
2026-05-08 20:45:00+00:00,2026-05-08 22:45:00+02:00,2026-05-08,22,22,45,3,3,4,4,5,5,,,-9.960000000000012,-9.369999999999997,-12.017777777777777,-11.83999999999999,-13.360000000000014
2026-05-08 21:00:00+00:00,2026-05-08 23:00:00+02:00,2026-05-08,23,23,0,0,0,4,4,5,5,,,10.197500000000002,12.145000000000003,4.410000000000001,2.3499999999999943,1.1400000000000006
2026-05-08 21:15:00+00:00,2026-05-08 23:15:00+02:00,2026-05-08,23,23,15,1,1,4,4,5,5,,,3.1124999999999936,4.305,-0.42888888888889043,-2.7700000000000102,-1.8499999999999943
2026-05-08 21:30:00+00:00,2026-05-08 23:30:00+02:00,2026-05-08,23,23,30,2,2,4,4,5,5,,,-0.27750000000000075,0.8800000000000026,-3.0500000000000034,-3.0600000000000023,-6.239999999999995
2026-05-08 21:45:00+00:00,2026-05-08 23:45:00+02:00,2026-05-08,23,23,45,3,3,4,4,5,5,,,-3.317499999999992,-2.5349999999999966,-7.822222222222223,-7.430000000000007,-15.810000000000002
2026-05-08 22:00:00+00:00,2026-05-09 00:00:00+02:00,2026-05-09,0,0,0,0,0,5,5,5,5,9.700000000000017,,7.448571428571427,7.679999999999993,6.287500000000002,6.880000000000003,-4.61999999999999
2026-05-08 22:15:00+00:00,2026-05-09 00:15:00+02:00,2026-05-09,0,0,15,1,1,5,5,5,5,4.710000000000008,,3.037142857142858,3.049999999999997,3.5041666666666687,2.1499999999999986,-11.449999999999989
2026-05-08 22:30:00+00:00,2026-05-09 00:30:00+02:00,2026-05-09,0,0,30,2,2,5,5,5,5,-0.9799999999999898,,0.5785714285714286,0.8399999999999892,0.0016666666666651508,-0.904999999999994,-11.219999999999999
2026-05-08 22:45:00+00:00,2026-05-09 00:45:00+02:00,2026-05-09,0,0,45,3,3,5,5,5,5,-5.249999999999986,,-2.224285714285711,-1.4699999999999989,-2.446666666666662,-3.395000000000003,-12.559999999999988
2026-05-08 23:00:00+00:00,2026-05-09 01:00:00+02:00,2026-05-09,1,1,0,0,0,5,5,5,5,4.02000000000001,,4.3542857142857105,1.8499999999999943,2.681666666666666,1.7999999999999972,0.030000000000001137
2026-05-08 23:15:00+00:00,2026-05-09 01:15:00+02:00,2026-05-09,1,1,15,1,1,5,5,5,5,0.5,,1.938571428571427,0.5,0.3574999999999995,-0.2049999999999983,-2.8900000000000006
2026-05-08 23:30:00+00:00,2026-05-09 01:30:00+02:00,2026-05-09,1,1,30,2,2,5,5,5,5,-1.1999999999999886,,0.7700000000000001,-0.7999999999999972,-0.3016666666666647,-0.9999999999999929,-4.230000000000004
2026-05-08 23:45:00+00:00,2026-05-09 01:45:00+02:00,2026-05-09,1,1,45,3,3,5,5,5,5,-1.289999999999992,,-0.884285714285718,-1.1299999999999955,-1.4591666666666658,-1.2099999999999937,-5.510000000000005
2026-05-09 00:00:00+00:00,2026-05-09 02:00:00+02:00,2026-05-09,2,2,0,0,0,5,5,5,5,0.9399999999999977,,3.1028571428571428,2.160000000000011,0.8841666666666675,1.0399999999999991,-3.8599999999999994
2026-05-09 00:15:00+00:00,2026-05-09 02:15:00+02:00,2026-05-09,2,2,15,1,1,5,5,5,5,0.29000000000000625,,2.4857142857142844,1.3100000000000023,0.4366666666666666,-0.14499999999999602,-2.8500000000000085
2026-05-09 00:30:00+00:00,2026-05-09 02:30:00+02:00,2026-05-09,2,2,30,2,2,5,5,5,5,0.5999999999999943,,2.8514285714285683,1.0800000000000125,0.9049999999999944,0.779999999999994,-4.180000000000007
2026-05-09 00:45:00+00:00,2026-05-09 02:45:00+02:00,2026-05-09,2,2,45,3,3,5,5,5,5,-1.8499999999999943,,1.7457142857142856,1.1500000000000057,0.15083333333332996,-0.7600000000000051,-3.450000000000003
2026-05-09 01:00:00+00:00,2026-05-09 03:00:00+02:00,2026-05-09,3,3,0,0,0,5,5,5,5,-0.7999999999999972,,2.0042857142857122,0.9599999999999937,-0.5875000000000036,-0.384999999999998,-2.8699999999999903
2026-05-09 01:15:00+00:00,2026-05-09 03:15:00+02:00,2026-05-09,3,3,15,1,1,5,5,5,5,-0.6500000000000057,,1.8214285714285714,1.8100000000000023,-0.7474999999999996,-0.490000000000002,-2.3499999999999943
2026-05-09 01:30:00+00:00,2026-05-09 03:30:00+02:00,2026-05-09,3,3,30,2,2,5,5,5,5,-0.5600000000000023,,1.471428571428573,1.8499999999999943,-0.7108333333333358,-0.3500000000000014,-2.339999999999989
2026-05-09 01:45:00+00:00,2026-05-09 03:45:00+02:00,2026-05-09,3,3,45,3,3,5,5,5,5,-1.019999999999996,,1.941428571428568,2.069999999999993,0.8808333333333328,-0.06999999999999318,-2.1599999999999966
2026-05-09 02:00:00+00:00,2026-05-09 04:00:00+02:00,2026-05-09,4,4,0,0,0,5,5,5,5,-3.75,,-2.055714285714288,-3.75,-3.4974999999999987,-5.725000000000001,-2.269999999999996
2026-05-09 02:15:00+00:00,2026-05-09 04:15:00+02:00,2026-05-09,4,4,15,1,1,5,5,5,5,-2.339999999999989,,-1.577142857142855,-2.339999999999989,-2.5074999999999954,-3.5649999999999977,-1.7900000000000063
2026-05-09 02:30:00+00:00,2026-05-09 04:30:00+02:00,2026-05-09,4,4,30,2,2,5,5,5,5,0.37000000000000455,,0.3714285714285706,0.37000000000000455,-0.020000000000000757,-0.43499999999999517,-2.269999999999996
2026-05-09 02:45:00+00:00,2026-05-09 04:45:00+02:00,2026-05-09,4,4,45,3,3,5,5,5,5,2.0700000000000074,,2.1142857142857117,2.0700000000000074,2.341666666666667,2.980000000000004,0.6400000000000006
2026-05-09 03:00:00+00:00,2026-05-09 05:00:00+02:00,2026-05-09,5,5,0,0,0,5,5,5,5,-10.13000000000001,,-6.874285714285719,-6.740000000000009,-8.97916666666667,-9.355000000000004,-3.3500000000000085
2026-05-09 03:15:00+00:00,2026-05-09 05:15:00+02:00,2026-05-09,5,5,15,1,1,5,5,5,5,-8.250000000000014,,-3.507142857142863,-4.810000000000002,-4.615000000000002,-6.305,-1.0900000000000034
2026-05-09 03:30:00+00:00,2026-05-09 05:30:00+02:00,2026-05-09,5,5,30,2,2,5,5,5,5,-2.430000000000007,,1.7099999999999953,2.6400000000000006,0.732499999999998,-1.8000000000000043,-1.3700000000000045
2026-05-09 03:45:00+00:00,2026-05-09 05:45:00+02:00,2026-05-09,5,5,45,3,3,5,5,5,5,4.030000000000001,,6.581428571428568,4.489999999999995,6.004999999999996,4.259999999999998,-0.6300000000000097
2026-05-09 04:00:00+00:00,2026-05-09 06:00:00+02:00,2026-05-09,6,6,0,0,0,5,5,5,5,-13.119999999999976,,-9.279999999999998,-13.119999999999976,-11.926666666666662,-13.92499999999999,-4.440000000000012
2026-05-09 04:15:00+00:00,2026-05-09 06:15:00+02:00,2026-05-09,6,6,15,1,1,5,5,5,5,-3.9499999999999886,,0.35857142857143237,0.23999999999998067,-2.1433333333333295,-3.499999999999986,-4.13000000000001
2026-05-09 04:30:00+00:00,2026-05-09 06:30:00+02:00,2026-05-09,6,6,30,2,2,5,5,5,5,-2.299999999999983,,4.834285714285717,6.319999999999993,2.1558333333333395,2.190000000000012,-4.6000000000000085
2026-05-09 04:45:00+00:00,2026-05-09 06:45:00+02:00,2026-05-09,6,6,45,3,3,5,5,5,5,-1.0999999999999943,,2.788571428571416,3.6799999999999926,2.366666666666665,3.520000000000003,-8.840000000000018
2026-05-09 05:00:00+00:00,2026-05-09 07:00:00+02:00,2026-05-09,7,7,0,0,0,5,5,5,5,2.140000000000015,,14.478571428571431,11.159999999999997,12.729999999999997,11.394999999999996,8.75
2026-05-09 05:15:00+00:00,2026-05-09 07:15:00+02:00,2026-05-09,7,7,15,1,1,5,5,5,5,-1.3100000000000023,,4.449999999999999,5.349999999999994,4.333333333333332,5.2450000000000045,6.560000000000002
2026-05-09 05:30:00+00:00,2026-05-09 07:30:00+02:00,2026-05-09,7,7,30,2,2,5,5,5,5,-7.689999999999998,,-6.401428571428566,-7.689999999999998,-7.14333333333333,-6.489999999999995,4.049999999999997
2026-05-09 05:45:00+00:00,2026-05-09 07:45:00+02:00,2026-05-09,7,7,45,3,3,5,5,5,5,-20.400000000000006,,-16.524285714285714,-17.189999999999998,-19.35333333333334,-17.92000000000001,-7.280000000000001
2026-05-09 06:00:00+00:00,2026-05-09 08:00:00+02:00,2026-05-09,8,8,0,0,0,5,5,5,5,23.05000000000001,,21.339999999999993,20.460000000000008,22.389999999999997,21.75500000000001,26.320000000000007
2026-05-09 06:15:00+00:00,2026-05-09 08:15:00+02:00,2026-05-09,8,8,15,1,1,5,5,5,5,13.400000000000006,,9.365714285714287,9.460000000000008,7.004166666666662,7.320000000000007,13.060000000000002
2026-05-09 06:30:00+00:00,2026-05-09 08:30:00+02:00,2026-05-09,8,8,30,2,2,5,5,5,5,-3.609999999999985,,-0.7985714285714322,-3.1400000000000006,-4.565000000000004,-3.7449999999999974,8.490000000000009
2026-05-09 06:45:00+00:00,2026-05-09 08:45:00+02:00,2026-05-09,8,8,45,3,3,5,5,5,5,-21.44999999999999,,-19.03285714285715,-17.210000000000008,-24.763333333333335,-22.00499999999999,-13.829999999999998
2026-05-09 07:00:00+00:00,2026-05-09 09:00:00+02:00,2026-05-09,9,9,0,0,0,5,5,5,5,19.070000000000007,,27.73428571428571,23.129999999999995,24.370833333333334,21.580000000000005,57.31
2026-05-09 07:15:00+00:00,2026-05-09 09:15:00+02:00,2026-05-09,9,9,15,1,1,5,5,5,5,4.680000000000007,,10.464285714285714,10.099999999999994,8.710833333333332,7.07,28.819999999999993
2026-05-09 07:30:00+00:00,2026-05-09 09:30:00+02:00,2026-05-09,9,9,30,2,2,5,5,5,5,-7.079999999999998,,-7.792857142857143,-7.079999999999998,-7.998333333333331,-7.284999999999997,-6.030000000000001
2026-05-09 07:45:00+00:00,2026-05-09 09:45:00+02:00,2026-05-09,9,9,45,3,3,5,5,5,5,-12.519999999999996,,-25.781428571428567,-12.519999999999996,-25.80666666666666,-24.88,-39.81
2026-05-09 08:00:00+00:00,2026-05-09 10:00:00+02:00,2026-05-09,10,10,0,0,0,5,5,5,5,18.480000000000004,,18.51714285714284,17.89999999999999,21.475000000000005,18.189999999999998,19.229999999999997
2026-05-09 08:15:00+00:00,2026-05-09 10:15:00+02:00,2026-05-09,10,10,15,1,1,5,5,5,5,12.299999999999997,,4.018571428571428,1.6700000000000017,4.1383333333333345,2.110000000000001,4.279999999999999
2026-05-09 08:30:00+00:00,2026-05-09 10:30:00+02:00,2026-05-09,10,10,30,2,2,5,5,5,5,7.400000000000006,,-2.152857142857139,-1.55,-5.527499999999996,-2.0950000000000024,-5.42
2026-05-09 08:45:00+00:00,2026-05-09 10:45:00+02:00,2026-05-09,10,10,45,3,3,5,5,5,5,4.829999999999998,,-5.332857142857142,-2.02,-15.304166666666669,-16.325,-5.62
2026-05-09 09:00:00+00:00,2026-05-09 11:00:00+02:00,2026-05-09,11,11,0,0,0,5,5,5,5,29.989999999999995,,13.725714285714279,12.219999999999999,11.971666666666666,9.195,-0.08999999999999997
2026-05-09 09:15:00+00:00,2026-05-09 11:15:00+02:00,2026-05-09,11,11,15,1,1,5,5,5,5,28.64,,10.700000000000001,5.97,6.228333333333327,5.795000000000001,3.73
2026-05-09 09:30:00+00:00,2026-05-09 11:30:00+02:00,2026-05-09,11,11,30,2,2,5,5,5,5,26.14,,8.81571428571428,5.420000000000002,0.2666666666666657,3.66,0.72
2026-05-09 09:45:00+00:00,2026-05-09 11:45:00+02:00,2026-05-09,11,11,45,3,3,5,5,5,5,19.909999999999997,,5.724285714285712,4.38,-12.874166666666666,-1.0599999999999954,0.24000000000000005
2026-05-09 10:00:00+00:00,2026-05-09 12:00:00+02:00,2026-05-09,12,12,0,0,0,5,5,5,5,40.1,,22.585,17.459999999999994,13.979999999999999,15.899999999999991,-0.20000000000000018
2026-05-09 10:15:00+00:00,2026-05-09 12:15:00+02:00,2026-05-09,12,12,15,1,1,5,5,5,5,32.32,,17.46,14.714999999999996,2.4699999999999935,12.459999999999994,-0.18999999999999995
2026-05-09 10:30:00+00:00,2026-05-09 12:30:00+02:00,2026-05-09,12,12,30,2,2,5,5,5,5,26.199999999999996,,16.2125,16.470000000000002,-2.2266666666666683,15.599999999999998,-0.3500000000000001
2026-05-09 10:45:00+00:00,2026-05-09 12:45:00+02:00,2026-05-09,12,12,45,3,3,5,5,5,5,19.259999999999998,,11.305000000000007,13.120000000000001,-18.89555555555555,5.039999999999999,2.25
2026-05-09 11:00:00+00:00,2026-05-09 13:00:00+02:00,2026-05-09,13,13,0,0,0,5,5,5,5,36.459999999999994,,31.43999999999999,25.979999999999997,6.707777777777775,15.5,2.42
2026-05-09 11:15:00+00:00,2026-05-09 13:15:00+02:00,2026-05-09,13,13,15,1,1,5,5,5,5,36.67999999999999,,28.93500000000001,23.509999999999998,-0.46111111111111014,10.340000000000003,2.23
2026-05-09 11:30:00+00:00,2026-05-09 13:30:00+02:00,2026-05-09,13,13,30,2,2,5,5,5,5,30.409999999999997,,26.535,19.955,-11.873333333333338,9.5,1.74
2026-05-09 11:45:00+00:00,2026-05-09 13:45:00+02:00,2026-05-09,13,13,45,3,3,5,5,5,5,16.659999999999997,,24.049999999999997,15.599999999999998,-19.466666666666654,6.179999999999993,2.17
2026-05-09 12:00:00+00:00,2026-05-09 14:00:00+02:00,2026-05-09,14,14,0,0,0,5,5,5,5,21.28,,21.355,14.93,-18.215555555555554,9.950000000000001,1.81
2026-05-09 12:15:00+00:00,2026-05-09 14:15:00+02:00,2026-05-09,14,14,15,1,1,5,5,5,5,23.39,,21.917499999999997,18.65,-9.90444444444444,13.909999999999997,0.8
2026-05-09 12:30:00+00:00,2026-05-09 14:30:00+02:00,2026-05-09,14,14,30,2,2,5,5,5,5,29.409999999999997,,25.004999999999974,22.705,-1.1366666666666647,16.0,1.8
2026-05-09 12:45:00+00:00,2026-05-09 14:45:00+02:00,2026-05-09,14,14,45,3,3,5,5,5,5,24.25,,25.745000000000008,22.225,5.465555555555558,20.200000000000003,1.8
2026-05-09 13:00:00+00:00,2026-05-09 15:00:00+02:00,2026-05-09,15,15,0,0,0,5,5,5,5,11.099999999999994,,3.83999999999999,1.9399999999999995,-21.877777777777776,0.46999999999999886,-4.76
2026-05-09 13:15:00+00:00,2026-05-09 15:15:00+02:00,2026-05-09,15,15,15,1,1,5,5,5,5,16.569999999999993,,7.309999999999997,5.639999999999998,-13.02888888888889,5.16,-0.72
2026-05-09 13:30:00+00:00,2026-05-09 15:30:00+02:00,2026-05-09,15,15,30,2,2,5,5,5,5,23.5,,14.322499999999996,14.53,2.89888888888889,9.490000000000002,-0.71
2026-05-09 13:45:00+00:00,2026-05-09 15:45:00+02:00,2026-05-09,15,15,45,3,3,5,5,5,5,23.200000000000003,,17.272499999999994,19.595,18.873333333333328,20.14,0.78
2026-05-09 14:00:00+00:00,2026-05-09 16:00:00+02:00,2026-05-09,16,16,0,0,0,5,5,5,5,-0.980000000000004,,-5.625000000000016,-5.970000000000004,-15.79555555555556,-4.83,-26.09
2026-05-09 14:15:00+00:00,2026-05-09 16:15:00+02:00,2026-05-09,16,16,15,1,1,5,5,5,5,-2.1499999999999915,,-2.384999999999975,-1.5599999999999952,-3.474444444444446,-0.9699999999999989,-19.599999999999998
2026-05-09 14:30:00+00:00,2026-05-09 16:30:00+02:00,2026-05-09,16,16,30,2,2,5,5,5,5,3.990000000000009,,8.9225,6.990000000000002,9.20444444444444,9.6,2.2900000000000027
2026-05-09 14:45:00+00:00,2026-05-09 16:45:00+02:00,2026-05-09,16,16,45,3,3,5,5,5,5,12.540000000000006,,23.462500000000002,18.655,20.296666666666667,12.540000000000006,28.85
2026-05-09 15:00:00+00:00,2026-05-09 17:00:00+02:00,2026-05-09,17,17,0,0,0,5,5,5,5,-15.129999999999995,,-22.00500000000001,-21.205,-25.284444444444446,-26.98,-25.210000000000008
2026-05-09 15:15:00+00:00,2026-05-09 17:15:00+02:00,2026-05-09,17,17,15,1,1,5,5,5,5,-11.420000000000002,,-5.070000000000025,-8.425000000000004,-12.533333333333339,-11.420000000000002,0.14999999999999147
2026-05-09 15:30:00+00:00,2026-05-09 17:30:00+02:00,2026-05-09,17,17,30,2,2,5,5,5,5,-1.6299999999999955,,11.682500000000008,4.22999999999999,3.045555555555559,-1.6299999999999955,13.069999999999993
2026-05-09 15:45:00+00:00,2026-05-09 17:45:00+02:00,2026-05-09,17,17,45,3,3,5,5,5,5,13.510000000000005,,28.835,19.32,34.221111111111114,25.849999999999998,32.19
2026-05-09 16:00:00+00:00,2026-05-09 18:00:00+02:00,2026-05-09,18,18,0,0,0,5,5,5,5,-23.64,,-20.70249999999999,-20.33,-34.835555555555544,-28.549999999999997,-13.040000000000006
2026-05-09 16:15:00+00:00,2026-05-09 18:15:00+02:00,2026-05-09,18,18,15,1,1,5,5,5,5,-0.9099999999999966,,-3.9799999999999933,-4.784999999999997,-9.246666666666664,-8.900000000000006,-4.939999999999998
2026-05-09 16:30:00+00:00,2026-05-09 18:30:00+02:00,2026-05-09,18,18,30,2,2,5,5,5,5,2.9799999999999898,,12.252500000000005,11.90999999999999,10.918888888888889,14.099999999999994,3.1400000000000006
2026-05-09 16:45:00+00:00,2026-05-09 18:45:00+02:00,2026-05-09,18,18,45,3,3,5,5,5,5,11.960000000000008,,26.074999999999978,23.154999999999994,24.84888888888888,26.11,15.590000000000003
2026-05-09 17:00:00+00:00,2026-05-09 19:00:00+02:00,2026-05-09,19,19,0,0,0,5,5,5,5,-20.02000000000001,,-24.235000000000007,-20.445000000000007,-28.753333333333337,-21.789999999999992,-14.549999999999997
2026-05-09 17:15:00+00:00,2026-05-09 19:15:00+02:00,2026-05-09,19,19,15,1,1,5,5,5,5,-12.410000000000025,,-15.42750000000002,-13.265000000000015,-15.927777777777786,-15.579999999999998,-5.829999999999984
2026-05-09 17:30:00+00:00,2026-05-09 19:30:00+02:00,2026-05-09,19,19,30,2,2,5,5,5,5,-2.2900000000000205,,14.03499999999999,4.449999999999989,4.765555555555546,-1.9799999999999898,-0.4300000000000068
2026-05-09 17:45:00+00:00,2026-05-09 19:45:00+02:00,2026-05-09,19,19,45,3,3,5,5,5,5,8.519999999999982,,40.9425,14.429999999999978,33.53444444444444,20.339999999999975,13.069999999999993
2026-05-09 18:00:00+00:00,2026-05-09 20:00:00+02:00,2026-05-09,20,20,0,0,0,5,5,5,5,-0.8000000000000114,,6.852499999999971,1.5999999999999943,2.3000000000000096,-1.480000000000004,-7.8300000000000125
2026-05-09 18:15:00+00:00,2026-05-09 20:15:00+02:00,2026-05-09,20,20,15,1,1,5,5,5,5,-2.8200000000000216,,6.234999999999999,0.8699999999999903,2.004444444444437,-3.450000000000017,-4.47999999999999
2026-05-09 18:30:00+00:00,2026-05-09 20:30:00+02:00,2026-05-09,20,20,30,2,2,5,5,5,5,-1.25,,4.882499999999997,1.625,0.6811111111111106,-1.25,-2.8899999999999864
2026-05-09 18:45:00+00:00,2026-05-09 20:45:00+02:00,2026-05-09,20,20,45,3,3,5,5,5,5,-5.390000000000015,,-3.7575000000000074,-4.189999999999998,-8.961111111111117,-5.390000000000015,-3.319999999999993
2026-05-09 19:00:00+00:00,2026-05-09 21:00:00+02:00,2026-05-09,21,21,0,0,0,5,5,5,5,8.710000000000008,,24.457500000000017,13.265,19.552222222222223,16.87000000000002,10.340000000000003
2026-05-09 19:15:00+00:00,2026-05-09 21:15:00+02:00,2026-05-09,21,21,15,1,1,5,5,5,5,3.4199999999999875,,7.1399999999999935,5.944999999999993,0.7255555555555446,-2.230000000000018,1.7199999999999989
2026-05-09 19:30:00+00:00,2026-05-09 21:30:00+02:00,2026-05-09,21,21,30,2,2,5,5,5,5,-6.280000000000001,,-7.540000000000006,-5.295000000000002,-11.260000000000003,-7.890000000000015,-5.930000000000007
2026-05-09 19:45:00+00:00,2026-05-09 21:45:00+02:00,2026-05-09,21,21,45,3,3,5,5,5,5,-11.629999999999995,,-18.814999999999998,-14.399999999999991,-20.73777777777778,-17.169999999999987,-13.900000000000006
2026-05-09 20:00:00+00:00,2026-05-09 22:00:00+02:00,2026-05-09,22,22,0,0,0,5,5,5,5,8.419999999999987,,14.772499999999994,12.789999999999992,8.317777777777778,6.5,9.629999999999995
2026-05-09 20:15:00+00:00,2026-05-09 22:15:00+02:00,2026-05-09,22,22,15,1,1,5,5,5,5,-3.730000000000018,,3.7774999999999928,4.405000000000001,-0.6333333333333336,-2.1500000000000057,5.090000000000003
2026-05-09 20:30:00+00:00,2026-05-09 22:30:00+02:00,2026-05-09,22,22,30,2,2,5,5,5,5,-3.8100000000000023,,-2.7574999999999967,-3.405000000000001,-5.7444444444444445,-4.9199999999999875,-2.049999999999983
2026-05-09 20:45:00+00:00,2026-05-09 22:45:00+02:00,2026-05-09,22,22,45,3,3,5,5,5,5,-13.360000000000014,,-10.352500000000013,-10.155000000000001,-12.186666666666671,-12.340000000000003,-7.47999999999999
2026-05-09 21:00:00+00:00,2026-05-09 23:00:00+02:00,2026-05-09,23,23,0,0,0,5,5,5,5,1.1400000000000006,,9.895000000000003,12.145000000000003,4.131111111111112,1.1400000000000006,6.460000000000008
2026-05-09 21:15:00+00:00,2026-05-09 23:15:00+02:00,2026-05-09,23,23,15,1,1,5,5,5,5,-1.8499999999999943,,3.4449999999999967,4.305,-0.6311111111111118,-2.7700000000000102,2.719999999999999
2026-05-09 21:30:00+00:00,2026-05-09 23:30:00+02:00,2026-05-09,23,23,30,2,2,5,5,5,5,-6.239999999999995,,-0.5699999999999976,0.8800000000000026,-3.403333333333336,-4.1699999999999875,0.14999999999999147
2026-05-09 21:45:00+00:00,2026-05-09 23:45:00+02:00,2026-05-09,23,23,45,3,3,5,5,5,5,-15.810000000000002,,-4.782499999999992,-2.5349999999999966,-8.803333333333335,-7.909999999999997,-6.260000000000005
2026-05-09 22:00:00+00:00,2026-05-10 00:00:00+02:00,2026-05-10,0,0,0,0,0,6,6,5,5,-4.61999999999999,7.679999999999993,6.697142857142857,7.679999999999993,6.16916666666667,6.880000000000003,8.870000000000005
2026-05-09 22:15:00+00:00,2026-05-10 00:15:00+02:00,2026-05-10,0,0,15,1,1,6,6,5,5,-11.449999999999989,0.1700000000000017,2.3771428571428594,3.049999999999997,2.8025000000000033,2.1499999999999986,0.13000000000000966
2026-05-09 22:30:00+00:00,2026-05-10 00:30:00+02:00,2026-05-10,0,0,30,2,2,6,6,5,5,-11.219999999999999,-1.2600000000000051,0.15142857142857227,0.8399999999999892,-0.21750000000000114,-0.904999999999994,2.160000000000011
2026-05-09 22:45:00+00:00,2026-05-10 00:45:00+02:00,2026-05-10,0,0,45,3,3,6,6,5,5,-12.559999999999988,-3.450000000000003,-2.559999999999996,-1.4699999999999989,-2.530833333333328,-3.395000000000003,1.9300000000000068
2026-05-09 23:00:00+00:00,2026-05-10 01:00:00+02:00,2026-05-10,1,1,0,0,0,6,6,5,5,0.030000000000001137,1.8499999999999943,4.419999999999997,1.8499999999999943,2.9058333333333324,1.7999999999999972,8.980000000000004
2026-05-09 23:15:00+00:00,2026-05-10 01:15:00+02:00,2026-05-10,1,1,15,1,1,6,6,5,5,-2.8900000000000006,-0.4000000000000057,2.1071428571428545,0.5,0.6399999999999996,-0.2049999999999983,7.0
2026-05-09 23:30:00+00:00,2026-05-10 01:30:00+02:00,2026-05-10,1,1,30,2,2,6,6,5,5,-4.230000000000004,-3.980000000000004,0.8500000000000004,-0.7999999999999972,-0.08833333333333233,-0.9999999999999929,6.0
2026-05-09 23:45:00+00:00,2026-05-10 01:45:00+02:00,2026-05-10,1,1,45,3,3,6,6,5,5,-5.510000000000005,-6.280000000000001,-0.5242857142857186,-1.1299999999999955,-1.1391666666666669,-1.2099999999999937,4.810000000000002
2026-05-10 00:00:00+00:00,2026-05-10 02:00:00+02:00,2026-05-10,2,2,0,0,0,6,6,5,5,-3.8599999999999994,2.799999999999997,2.865714285714286,2.160000000000011,0.7849999999999998,1.0399999999999991,4.86999999999999
2026-05-10 00:15:00+00:00,2026-05-10 02:15:00+02:00,2026-05-10,2,2,15,1,1,6,6,5,5,-2.8500000000000085,3.8400000000000034,2.6042857142857128,1.3100000000000023,0.5916666666666653,-0.14499999999999602,1.5499999999999972
2026-05-10 00:30:00+00:00,2026-05-10 02:30:00+02:00,2026-05-10,2,2,30,2,2,6,6,5,5,-4.180000000000007,3.769999999999996,2.759999999999997,1.0800000000000125,0.8908333333333264,0.779999999999994,1.3799999999999955
2026-05-10 00:45:00+00:00,2026-05-10 02:45:00+02:00,2026-05-10,2,2,45,3,3,6,6,5,5,-3.450000000000003,1.1700000000000017,1.8771428571428572,1.1500000000000057,0.37749999999999534,-0.7600000000000051,-1.0400000000000063
2026-05-10 01:00:00+00:00,2026-05-10 03:00:00+02:00,2026-05-10,3,3,0,0,0,6,6,5,5,-2.8699999999999903,2.6199999999999903,2.1185714285714283,0.9599999999999937,0.1833333333333297,-0.384999999999998,1.5300000000000011
2026-05-10 01:15:00+00:00,2026-05-10 03:15:00+02:00,2026-05-10,3,3,15,1,1,6,6,5,5,-2.3499999999999943,2.719999999999999,1.9557142857142853,1.8100000000000023,0.3033333333333337,-0.490000000000002,0.5499999999999972
2026-05-10 01:30:00+00:00,2026-05-10 03:30:00+02:00,2026-05-10,3,3,30,2,2,6,6,5,5,-2.339999999999989,1.8499999999999943,1.6414285714285748,1.8499999999999943,0.1999999999999981,-0.3500000000000014,-0.3100000000000023
2026-05-10 01:45:00+00:00,2026-05-10 03:45:00+02:00,2026-05-10,3,3,45,3,3,6,6,5,5,-2.1599999999999966,2.069999999999993,2.0828571428571387,2.069999999999993,1.2783333333333324,-0.06999999999999318,0.28999999999999204
2026-05-10 02:00:00+00:00,2026-05-10 04:00:00+02:00,2026-05-10,4,4,0,0,0,6,6,5,5,-2.269999999999996,3.4599999999999937,-1.5785714285714303,-2.269999999999996,-3.113333333333332,-4.68,0.6000000000000085
2026-05-10 02:15:00+00:00,2026-05-10 04:15:00+02:00,2026-05-10,4,4,15,1,1,6,6,5,5,-1.7900000000000063,1.6799999999999926,-0.9114285714285698,-1.7900000000000063,-2.2249999999999965,-2.7349999999999923,3.010000000000005
2026-05-10 02:30:00+00:00,2026-05-10 04:30:00+02:00,2026-05-10,4,4,30,2,2,6,6,5,5,-2.269999999999996,3.489999999999995,0.5300000000000011,0.37000000000000455,0.07333333333333296,-0.43499999999999517,4.079999999999998
2026-05-10 02:45:00+00:00,2026-05-10 04:45:00+02:00,2026-05-10,4,4,45,3,3,6,6,5,5,0.6400000000000006,4.6299999999999955,2.2814285714285694,2.0700000000000074,2.4691666666666667,2.980000000000004,4.710000000000008
2026-05-10 03:00:00+00:00,2026-05-10 05:00:00+02:00,2026-05-10,5,5,0,0,0,6,6,5,5,-3.3500000000000085,1.3700000000000045,-5.781428571428577,-3.3500000000000085,-8.024166666666668,-8.389999999999993,3.660000000000011
2026-05-10 03:15:00+00:00,2026-05-10 05:15:00+02:00,2026-05-10,5,5,15,1,1,6,6,5,5,-1.0900000000000034,3.7900000000000063,-2.450000000000005,-1.0900000000000034,-3.6391666666666693,-4.329999999999998,4.200000000000003
2026-05-10 03:30:00+00:00,2026-05-10 05:30:00+02:00,2026-05-10,5,5,30,2,2,6,6,5,5,-1.3700000000000045,3.7900000000000063,1.8571428571428525,2.6400000000000006,0.9899999999999971,-1.335000000000008,4.690000000000012
2026-05-10 03:45:00+00:00,2026-05-10 05:45:00+02:00,2026-05-10,5,5,45,3,3,6,6,5,5,-0.6300000000000097,7.170000000000002,6.235714285714282,4.489999999999995,5.924166666666662,4.259999999999998,2.930000000000007
2026-05-10 04:00:00+00:00,2026-05-10 06:00:00+02:00,2026-05-10,6,6,0,0,0,6,6,5,5,-4.440000000000012,13.0,-7.809999999999998,-7.090000000000018,-10.196666666666664,-12.579999999999984,4.72999999999999
2026-05-10 04:15:00+00:00,2026-05-10 06:15:00+02:00,2026-05-10,6,6,15,1,1,6,6,5,5,-4.13000000000001,10.209999999999994,1.0700000000000023,0.23999999999998067,-1.1958333333333317,-3.499999999999986,4.849999999999994
2026-05-10 04:30:00+00:00,2026-05-10 06:30:00+02:00,2026-05-10,6,6,30,2,2,6,6,5,5,-4.6000000000000085,10.929999999999993,4.712857142857144,6.319999999999993,2.357500000000004,2.190000000000012,-1.7999999999999972
2026-05-10 04:45:00+00:00,2026-05-10 06:45:00+02:00,2026-05-10,6,6,45,3,3,6,6,5,5,-8.840000000000018,3.6799999999999926,1.8057142857142716,3.6799999999999926,1.8199999999999967,3.520000000000003,-6.730000000000004
2026-05-10 05:00:00+00:00,2026-05-10 07:00:00+02:00,2026-05-10,7,7,0,0,0,6,6,5,5,8.75,35.620000000000005,14.858571428571432,11.159999999999997,14.134166666666665,11.394999999999996,19.580000000000013
2026-05-10 05:15:00+00:00,2026-05-10 07:15:00+02:00,2026-05-10,7,7,15,1,1,6,6,5,5,6.560000000000002,15.960000000000008,5.668571428571427,6.009999999999991,5.22,5.679999999999993,8.670000000000002
2026-05-10 05:30:00+00:00,2026-05-10 07:30:00+02:00,2026-05-10,7,7,30,2,2,6,6,5,5,4.049999999999997,0.09000000000000341,-3.7842857142857094,-0.8899999999999864,-5.991666666666663,-3.944999999999993,-0.35999999999999943
2026-05-10 05:45:00+00:00,2026-05-10 07:45:00+02:00,2026-05-10,7,7,45,3,3,6,6,5,5,-7.280000000000001,-6.8999999999999915,-14.63142857142857,-10.0,-17.948333333333338,-17.21,-12.959999999999994
2026-05-10 06:00:00+00:00,2026-05-10 08:00:00+02:00,2026-05-10,8,8,0,0,0,6,6,5,5,26.320000000000007,29.770000000000003,22.959999999999987,23.05000000000001,23.344166666666666,23.620000000000005,42.86
2026-05-10 06:15:00+00:00,2026-05-10 08:15:00+02:00,2026-05-10,8,8,15,1,1,6,6,5,5,13.060000000000002,23.580000000000005,10.491428571428571,10.079999999999984,8.126666666666663,9.769999999999996,24.620000000000005
2026-05-10 06:30:00+00:00,2026-05-10 08:30:00+02:00,2026-05-10,8,8,30,2,2,6,6,5,5,8.490000000000009,15.96,0.8628571428571407,-1.3600000000000136,-3.133333333333335,-3.374999999999993,-4.560000000000002
2026-05-10 06:45:00+00:00,2026-05-10 08:45:00+02:00,2026-05-10,8,8,45,3,3,6,6,5,5,-13.829999999999998,4.550000000000004,-18.791428571428575,-17.210000000000008,-24.37833333333333,-22.00499999999999,-46.290000000000006
2026-05-10 07:00:00+00:00,2026-05-10 09:00:00+02:00,2026-05-10,9,9,0,0,0,6,6,5,5,57.31,34.36,32.61714285714286,29.710000000000008,28.129166666666666,22.685000000000002,30.16
2026-05-10 07:15:00+00:00,2026-05-10 09:15:00+02:00,2026-05-10,9,9,15,1,1,6,6,5,5,28.819999999999993,14.459999999999997,13.138571428571428,14.459999999999997,10.926666666666664,9.46,14.91
2026-05-10 07:30:00+00:00,2026-05-10 09:30:00+02:00,2026-05-10,9,9,30,2,2,6,6,5,5,-6.030000000000001,9.400000000000002,-7.237142857142857,-6.030000000000001,-7.492499999999997,-6.555,-1.5499999999999998
2026-05-10 07:45:00+00:00,2026-05-10 09:45:00+02:00,2026-05-10,9,9,45,3,3,6,6,5,5,-39.81,-5.700000000000003,-27.034285714285712,-12.519999999999996,-26.434166666666666,-24.88,-6.25
2026-05-10 08:00:00+00:00,2026-05-10 10:00:00+02:00,2026-05-10,10,10,0,0,0,6,6,5,5,19.229999999999997,10.36,16.19571428571427,17.89999999999999,22.41666666666667,18.855,0.7899999999999999
2026-05-10 08:15:00+00:00,2026-05-10 10:15:00+02:00,2026-05-10,10,10,15,1,1,6,6,5,5,4.279999999999999,-0.8799999999999999,4.854285714285713,4.279999999999999,5.358333333333334,3.415,-0.05
2026-05-10 08:30:00+00:00,2026-05-10 10:30:00+02:00,2026-05-10,10,10,30,2,2,6,6,5,5,-5.42,-0.97,-0.4714285714285672,-1.55,-5.197499999999997,-2.0950000000000024,-0.05
2026-05-10 08:45:00+00:00,2026-05-10 10:45:00+02:00,2026-05-10,10,10,45,3,3,6,6,5,5,-5.62,-1.15,-2.772857142857142,-2.02,-14.163333333333336,-9.655,-0.05
2026-05-10 09:00:00+00:00,2026-05-10 11:00:00+02:00,2026-05-10,11,11,0,0,0,6,6,5,5,-0.08999999999999997,5.59,13.139999999999997,12.219999999999999,12.031666666666666,9.195,6.29
2026-05-10 09:15:00+00:00,2026-05-10 11:15:00+02:00,2026-05-10,11,11,15,1,1,6,6,5,5,3.73,5.67,10.63857142857143,5.97,6.7424999999999935,5.795000000000001,6.48
2026-05-10 09:30:00+00:00,2026-05-10 11:30:00+02:00,2026-05-10,11,11,30,2,2,6,6,5,5,0.72,4.07,8.778571428571425,5.420000000000002,1.2616666666666658,3.66,6.49
2026-05-10 09:45:00+00:00,2026-05-10 11:45:00+02:00,2026-05-10,11,11,45,3,3,6,6,5,5,0.24000000000000005,1.1600000000000001,5.962857142857141,4.38,-10.81083333333333,-0.25999999999999546,5.9399999999999995
2026-05-10 10:00:00+00:00,2026-05-10 12:00:00+02:00,2026-05-10,12,12,0,0,0,6,6,5,5,-0.20000000000000018,19.02,18.028000000000002,15.899999999999991,12.562,15.609999999999992,13.38
2026-05-10 10:15:00+00:00,2026-05-10 12:15:00+02:00,2026-05-10,12,12,15,1,1,6,6,5,5,-0.18999999999999995,16.97,13.930000000000001,12.459999999999994,2.203999999999994,12.314999999999998,13.38
2026-05-10 10:30:00+00:00,2026-05-10 12:30:00+02:00,2026-05-10,12,12,30,2,2,6,6,5,5,-0.3500000000000001,16.990000000000002,12.9,15.950000000000003,-2.0390000000000015,10.709999999999999,14.34
2026-05-10 10:45:00+00:00,2026-05-10 12:45:00+02:00,2026-05-10,12,12,45,3,3,6,6,5,5,2.25,15.24,9.494000000000005,11.0,-16.780999999999995,3.6449999999999996,14.31
2026-05-10 11:00:00+00:00,2026-05-10 13:00:00+02:00,2026-05-10,13,13,0,0,0,6,6,5,5,2.42,61.290000000000006,25.63599999999999,15.5,6.278999999999998,14.9,26.88
2026-05-10 11:15:00+00:00,2026-05-10 13:15:00+02:00,2026-05-10,13,13,15,1,1,6,6,5,5,2.23,59.34,23.594000000000005,10.340000000000003,-0.19199999999999914,10.155000000000001,23.72
2026-05-10 11:30:00+00:00,2026-05-10 13:30:00+02:00,2026-05-10,13,13,30,2,2,6,6,5,5,1.74,58.760000000000005,21.576,9.5,-10.512000000000004,8.485,23.72
2026-05-10 11:45:00+00:00,2026-05-10 13:45:00+02:00,2026-05-10,13,13,45,3,3,6,6,5,5,2.17,58.82000000000001,19.674,14.54,-17.30299999999999,4.369999999999997,23.72
2026-05-10 12:00:00+00:00,2026-05-10 14:00:00+02:00,2026-05-10,14,14,0,0,0,6,6,5,5,1.81,47.72,17.446,8.579999999999998,-16.213,9.265,14.99
2026-05-10 12:15:00+00:00,2026-05-10 14:15:00+02:00,2026-05-10,14,14,15,1,1,6,6,5,5,0.8,44.3,17.693999999999996,13.909999999999997,-8.833999999999996,12.754999999999999,17.78
2026-05-10 12:30:00+00:00,2026-05-10 14:30:00+02:00,2026-05-10,14,14,30,2,2,6,6,5,5,1.8,47.93,20.36399999999998,16.0,-0.8429999999999982,14.21,20.02
2026-05-10 12:45:00+00:00,2026-05-10 14:45:00+02:00,2026-05-10,14,14,45,3,3,6,6,5,5,1.8,47.28,20.956000000000007,20.200000000000003,5.099000000000002,17.195,23.41
2026-05-10 13:00:00+00:00,2026-05-10 15:00:00+02:00,2026-05-10,15,15,0,0,0,6,6,5,5,-4.76,3.41,2.119999999999992,0.46999999999999886,-20.165999999999997,0.42499999999999716,1.1199999999999999
2026-05-10 13:15:00+00:00,2026-05-10 15:15:00+02:00,2026-05-10,15,15,15,1,1,6,6,5,5,-0.72,9.290000000000001,5.703999999999998,1.9899999999999949,-11.798,3.5749999999999975,5.28
2026-05-10 13:30:00+00:00,2026-05-10 15:30:00+02:00,2026-05-10,15,15,30,2,2,6,6,5,5,-0.71,17.87,11.315999999999997,11.189999999999998,2.538000000000001,8.245000000000001,5.87
2026-05-10 13:45:00+00:00,2026-05-10 15:45:00+02:00,2026-05-10,15,15,45,3,3,6,6,5,5,0.78,19.05,13.973999999999995,19.05,17.063999999999997,19.595,6.31
2026-05-10 14:00:00+00:00,2026-05-10 16:00:00+02:00,2026-05-10,16,16,0,0,0,6,6,5,5,-26.09,-2.87,-9.718000000000014,-9.070000000000007,-16.825,-6.950000000000004,4.9
2026-05-10 14:15:00+00:00,2026-05-10 16:15:00+02:00,2026-05-10,16,16,15,1,1,6,6,5,5,-19.599999999999998,0.8399999999999999,-5.82799999999998,-2.1499999999999915,-5.0870000000000015,-1.5599999999999952,4.91
2026-05-10 14:30:00+00:00,2026-05-10 16:30:00+02:00,2026-05-10,16,16,30,2,2,6,6,5,5,2.2900000000000027,20.779999999999998,7.595999999999999,3.990000000000009,8.512999999999996,7.46,4.93
2026-05-10 14:45:00+00:00,2026-05-10 16:45:00+02:00,2026-05-10,16,16,45,3,3,6,6,5,5,28.85,46.29,24.540000000000003,24.769999999999996,21.152,14.845000000000002,7.34
2026-05-10 15:00:00+00:00,2026-05-10 17:00:00+02:00,2026-05-10,17,17,0,0,0,6,6,5,5,-25.210000000000008,-27.28,-22.646000000000008,-25.210000000000008,-25.277,-26.095000000000006,-49.22
2026-05-10 15:15:00+00:00,2026-05-10 17:15:00+02:00,2026-05-10,17,17,15,1,1,6,6,5,5,0.14999999999999147,7.989999999999995,-4.026000000000022,-6.38000000000001,-11.265000000000006,-10.945,-6.309999999999995
2026-05-10 15:30:00+00:00,2026-05-10 17:30:00+02:00,2026-05-10,17,17,30,2,2,6,6,5,5,13.069999999999993,39.89999999999999,11.960000000000004,5.759999999999991,4.048000000000003,0.5349999999999966,26.75
2026-05-10 15:45:00+00:00,2026-05-10 17:45:00+02:00,2026-05-10,17,17,45,3,3,6,6,5,5,32.19,63.879999999999995,29.506,25.129999999999995,34.018,29.019999999999996,44.57000000000001
2026-05-10 16:00:00+00:00,2026-05-10 18:00:00+02:00,2026-05-10,18,18,0,0,0,6,6,5,5,-13.040000000000006,-5.530000000000001,-19.169999999999995,-17.019999999999996,-32.65599999999999,-26.095,-12.819999999999993
2026-05-10 16:15:00+00:00,2026-05-10 18:15:00+02:00,2026-05-10,18,18,15,1,1,6,6,5,5,-4.939999999999998,7.450000000000003,-4.171999999999994,-4.939999999999998,-8.815999999999999,-8.780000000000001,0.15000000000000568
2026-05-10 16:30:00+00:00,2026-05-10 18:30:00+02:00,2026-05-10,18,18,30,2,2,6,6,5,5,3.1400000000000006,20.83999999999999,10.430000000000003,3.1400000000000006,10.141,8.619999999999997,8.25
2026-05-10 16:45:00+00:00,2026-05-10 18:45:00+02:00,2026-05-10,18,18,45,3,3,6,6,5,5,15.590000000000003,31.459999999999994,23.977999999999984,15.590000000000003,23.92299999999999,21.665,14.299999999999997
2026-05-10 17:00:00+00:00,2026-05-10 19:00:00+02:00,2026-05-10,19,19,0,0,0,6,6,5,5,-14.549999999999997,-3.0700000000000074,-22.298000000000005,-20.02000000000001,-27.333000000000006,-21.33,-11.289999999999992
2026-05-10 17:15:00+00:00,2026-05-10 19:15:00+02:00,2026-05-10,19,19,15,1,1,6,6,5,5,-5.829999999999984,-1.0600000000000165,-13.508000000000013,-12.410000000000025,-14.918000000000006,-14.850000000000001,-1.289999999999992
2026-05-10 17:30:00+00:00,2026-05-10 19:30:00+02:00,2026-05-10,19,19,30,2,2,6,6,5,5,-0.4300000000000068,11.189999999999998,11.14199999999999,-0.4300000000000068,4.245999999999991,-1.2049999999999983,2.4399999999999977
2026-05-10 17:45:00+00:00,2026-05-10 19:45:00+02:00,2026-05-10,19,19,45,3,3,6,6,5,5,13.069999999999993,20.339999999999975,35.368,13.069999999999993,31.487999999999992,16.82999999999999,3.8200000000000074
2026-05-10 18:00:00+00:00,2026-05-10 20:00:00+02:00,2026-05-10,20,20,0,0,0,6,6,5,5,-7.8300000000000125,4.0,3.915999999999974,-0.8000000000000114,1.2870000000000075,-1.6000000000000014,-4.840000000000018
2026-05-10 18:15:00+00:00,2026-05-10 20:15:00+02:00,2026-05-10,20,20,15,1,1,6,6,5,5,-4.47999999999999,4.560000000000002,4.092000000000001,-2.8200000000000216,1.3559999999999945,-3.9650000000000034,-3.0600000000000165
2026-05-10 18:30:00+00:00,2026-05-10 20:30:00+02:00,2026-05-10,20,20,30,2,2,6,6,5,5,-2.8899999999999864,4.5,3.3280000000000003,-1.25,0.3240000000000009,-2.069999999999993,-1.410000000000025
2026-05-10 18:45:00+00:00,2026-05-10 20:45:00+02:00,2026-05-10,20,20,45,3,3,6,6,5,5,-3.319999999999993,-3.2700000000000102,-3.6700000000000044,-3.319999999999993,-8.397000000000006,-5.25,-0.6100000000000136
2026-05-10 19:00:00+00:00,2026-05-10 21:00:00+02:00,2026-05-10,21,21,0,0,0,6,6,5,5,10.340000000000003,17.819999999999993,21.634000000000015,10.340000000000003,18.631,13.605000000000011,2.2099999999999795
2026-05-10 19:15:00+00:00,2026-05-10 21:15:00+02:00,2026-05-10,21,21,15,1,1,6,6,5,5,1.7199999999999989,8.469999999999999,6.055999999999995,3.4199999999999875,0.8249999999999901,-0.25500000000000966,0.12000000000000455
2026-05-10 19:30:00+00:00,2026-05-10 21:30:00+02:00,2026-05-10,21,21,30,2,2,6,6,5,5,-5.930000000000007,2.4899999999999807,-7.218000000000006,-5.930000000000007,-10.727000000000004,-7.1100000000000065,-2.1300000000000097
2026-05-10 19:45:00+00:00,2026-05-10 21:45:00+02:00,2026-05-10,21,21,45,3,3,6,6,5,5,-13.900000000000006,-7.8700000000000045,-17.832,-13.900000000000006,-20.054000000000002,-16.560000000000002,-2.680000000000007
2026-05-10 20:00:00+00:00,2026-05-10 22:00:00+02:00,2026-05-10,22,22,0,0,0,6,6,5,5,9.629999999999995,14.609999999999985,13.743999999999994,10.969999999999999,8.449,7.459999999999994,2.8700000000000045
2026-05-10 20:15:00+00:00,2026-05-10 22:15:00+02:00,2026-05-10,22,22,15,1,1,6,6,5,5,5.090000000000003,10.030000000000001,4.039999999999995,5.090000000000003,-0.06099999999999994,-1.980000000000004,1.8700000000000045
2026-05-10 20:30:00+00:00,2026-05-10 22:30:00+02:00,2026-05-10,22,22,30,2,2,6,6,5,5,-2.049999999999983,0.6999999999999886,-2.615999999999994,-3.0,-5.374999999999998,-4.749999999999993,-1.0400000000000063
2026-05-10 20:45:00+00:00,2026-05-10 22:45:00+02:00,2026-05-10,22,22,45,3,3,6,6,5,5,-7.47999999999999,-5.980000000000004,-9.77800000000001,-7.47999999999999,-11.716000000000003,-12.065000000000005,-3.6099999999999994
2026-05-10 21:00:00+00:00,2026-05-10 23:00:00+02:00,2026-05-10,23,23,0,0,0,6,6,5,5,6.460000000000008,14.15000000000002,9.208000000000004,11.989999999999995,4.364000000000002,1.7449999999999974,8.450000000000003
2026-05-10 21:15:00+00:00,2026-05-10 23:15:00+02:00,2026-05-10,23,23,15,1,1,6,6,5,5,2.719999999999999,7.02000000000001,3.299999999999997,2.8599999999999994,-0.2960000000000008,-2.3100000000000023,5.02000000000001
2026-05-10 21:30:00+00:00,2026-05-10 23:30:00+02:00,2026-05-10,23,23,30,2,2,6,6,5,5,0.14999999999999147,1.440000000000012,-0.4259999999999998,0.3199999999999932,-3.048000000000003,-3.519999999999996,2.0700000000000074
2026-05-10 21:45:00+00:00,2026-05-10 23:45:00+02:00,2026-05-10,23,23,45,3,3,6,6,5,5,-6.260000000000005,-0.539999999999992,-5.077999999999994,-4.530000000000001,-8.549000000000001,-7.670000000000002,-2.3999999999999915
2026-05-11 22:00:00+00:00,2026-05-12 00:00:00+02:00,2026-05-12,0,0,0,0,0,1,1,5,5,,,7.281428571428571,8.870000000000005,7.098333333333336,7.564999999999998,-1.1199999999999903
2026-05-11 22:15:00+00:00,2026-05-12 00:15:00+02:00,2026-05-12,0,0,15,1,1,1,1,5,5,,,1.960000000000004,1.25,3.1216666666666697,2.1499999999999986,-7.25
2026-05-11 22:30:00+00:00,2026-05-12 00:30:00+02:00,2026-05-12,0,0,30,2,2,1,1,5,5,,,0.26714285714286035,0.8399999999999892,0.491666666666666,0.0049999999999954525,-14.659999999999997
2026-05-11 22:45:00+00:00,2026-05-12 00:45:00+02:00,2026-05-12,0,0,45,3,3,1,1,5,5,,,-2.07428571428571,-0.7600000000000051,-1.7083333333333275,-2.405000000000001,-15.329999999999998
2026-05-11 23:00:00+00:00,2026-05-12 01:00:00+02:00,2026-05-12,1,1,0,0,0,1,1,5,5,,,5.452857142857141,4.02000000000001,3.996666666666666,2.4699999999999918,-2.9399999999999977
2026-05-11 23:15:00+00:00,2026-05-12 01:15:00+02:00,2026-05-12,1,1,15,1,1,1,1,5,5,,,2.9599999999999973,0.5,1.7508333333333326,0.19500000000000028,-7.689999999999998
2026-05-11 23:30:00+00:00,2026-05-12 01:30:00+02:00,2026-05-12,1,1,30,2,2,1,1,5,5,,,1.4628571428571422,-0.7999999999999972,0.8583333333333343,-0.3149999999999977,-5.299999999999997
2026-05-11 23:45:00+00:00,2026-05-12 01:45:00+02:00,2026-05-12,1,1,45,3,3,1,1,5,5,,,0.10142857142856647,-1.1299999999999955,-0.15249999999999986,-0.3499999999999943,-11.61
2026-05-12 00:00:00+00:00,2026-05-12 02:00:00+02:00,2026-05-12,2,2,0,0,0,1,1,5,5,,,3.2528571428571404,2.799999999999997,1.775833333333332,1.4450000000000003,-7.900000000000006
2026-05-12 00:15:00+00:00,2026-05-12 02:15:00+02:00,2026-05-12,2,2,15,1,1,1,1,5,5,,,2.6385714285714266,1.5499999999999972,1.3791666666666655,0.8000000000000043,-5.930000000000007
2026-05-12 00:30:00+00:00,2026-05-12 02:30:00+02:00,2026-05-12,2,2,30,2,2,1,1,5,5,,,2.8028571428571376,1.3799999999999955,1.649999999999993,1.0200000000000031,-5.930000000000007
2026-05-12 00:45:00+00:00,2026-05-12 02:45:00+02:00,2026-05-12,2,2,45,3,3,1,1,5,5,,,1.5642857142857127,-0.35999999999999943,0.9674999999999953,-0.7000000000000028,-6.450000000000003
2026-05-12 01:00:00+00:00,2026-05-12 03:00:00+02:00,2026-05-12,3,3,0,0,0,1,1,5,5,,,2.2000000000000006,1.5300000000000011,0.7133333333333308,0.11499999999999488,-4.609999999999999
2026-05-12 01:15:00+00:00,2026-05-12 03:15:00+02:00,2026-05-12,3,3,15,1,1,1,1,5,5,,,1.7757142857142847,0.5499999999999972,1.0558333333333338,0.10999999999999943,-4.790000000000006
2026-05-12 01:30:00+00:00,2026-05-12 03:30:00+02:00,2026-05-12,3,3,30,2,2,1,1,5,5,,,1.3142857142857167,-0.3100000000000023,0.8008333333333321,-0.22500000000000142,-3.299999999999997
2026-05-12 01:45:00+00:00,2026-05-12 03:45:00+02:00,2026-05-12,3,3,45,3,3,1,1,5,5,,,1.6271428571428512,0.28999999999999204,1.5474999999999994,0.5850000000000009,-6.790000000000006
2026-05-12 02:00:00+00:00,2026-05-12 04:00:00+02:00,2026-05-12,4,4,0,0,0,1,1,5,5,,,-0.6314285714285717,0.6000000000000085,-2.5766666666666644,-3.009999999999998,-9.030000000000001
2026-05-12 02:15:00+00:00,2026-05-12 04:15:00+02:00,2026-05-12,4,4,15,1,1,1,1,5,5,,,0.0900000000000024,1.6799999999999926,-1.554166666666662,-2.0649999999999977,-6.790000000000006
2026-05-12 02:30:00+00:00,2026-05-12 04:30:00+02:00,2026-05-12,4,4,30,2,2,1,1,5,5,,,1.5100000000000011,3.489999999999995,0.6499999999999998,0.4100000000000037,-4.88000000000001
2026-05-12 02:45:00+00:00,2026-05-12 04:45:00+02:00,2026-05-12,4,4,45,3,3,1,1,5,5,,,3.165714285714285,4.6299999999999955,2.9166666666666683,4.259999999999998,-1.4500000000000028
2026-05-12 03:00:00+00:00,2026-05-12 05:00:00+02:00,2026-05-12,5,5,0,0,0,1,1,5,5,,,-4.295714285714289,-2.1700000000000017,-6.825000000000003,-7.469999999999999,-14.900000000000006
2026-05-12 03:15:00+00:00,2026-05-12 05:15:00+02:00,2026-05-12,5,5,15,1,1,1,1,5,5,,,-1.162857142857147,1.4500000000000028,-2.639166666666669,-2.469999999999999,-9.030000000000001
2026-05-12 03:30:00+00:00,2026-05-12 05:30:00+02:00,2026-05-12,5,5,30,2,2,1,1,5,5,,,2.1499999999999972,3.7900000000000063,1.6466666666666647,0.6699999999999946,-3.200000000000003
2026-05-12 03:45:00+00:00,2026-05-12 05:45:00+02:00,2026-05-12,5,5,45,3,3,1,1,5,5,,,6.012857142857142,4.030000000000001,5.904999999999997,4.259999999999998,1.5300000000000011
2026-05-12 04:00:00+00:00,2026-05-12 06:00:00+02:00,2026-05-12,6,6,0,0,0,1,1,5,5,,,-4.088571428571429,-4.440000000000012,-8.469999999999997,-9.565000000000005,-12.709999999999994
2026-05-12 04:15:00+00:00,2026-05-12 06:15:00+02:00,2026-05-12,6,6,15,1,1,1,1,5,5,,,2.2914285714285714,0.7900000000000205,-0.4083333333333326,-1.8399999999999892,-3.3999999999999915
2026-05-12 04:30:00+00:00,2026-05-12 06:30:00+02:00,2026-05-12,6,6,30,2,2,1,1,5,5,,,2.924285714285716,5.140000000000015,2.270833333333337,1.6700000000000088,-0.009999999999990905
2026-05-12 04:45:00+00:00,2026-05-12 06:45:00+02:00,2026-05-12,6,6,45,3,3,1,1,5,5,,,-0.6728571428571583,-1.0999999999999943,0.979166666666662,1.2899999999999991,3.5900000000000034
2026-05-12 05:00:00+00:00,2026-05-12 07:00:00+02:00,2026-05-12,7,7,0,0,0,1,1,5,5,,,13.900000000000006,11.159999999999997,14.971666666666666,13.625,-0.7999999999999972
2026-05-12 05:15:00+00:00,2026-05-12 07:15:00+02:00,2026-05-12,7,7,15,1,1,1,1,5,5,,,6.048571428571429,6.560000000000002,5.514166666666665,6.284999999999997,0.5300000000000011
2026-05-12 05:30:00+00:00,2026-05-12 07:30:00+02:00,2026-05-12,7,7,30,2,2,1,1,5,5,,,-2.5228571428571382,-0.35999999999999943,-5.58083333333333,-1.7449999999999903,-0.730000000000004
2026-05-12 05:45:00+00:00,2026-05-12 07:45:00+02:00,2026-05-12,7,7,45,3,3,1,1,5,5,,,-14.027142857142854,-10.0,-17.5925,-15.074999999999996,-9.36
2026-05-12 06:00:00+00:00,2026-05-12 08:00:00+02:00,2026-05-12,8,8,0,0,0,1,1,5,5,,,27.111428571428565,26.320000000000007,25.799166666666668,25.255000000000003,2.4299999999999926
2026-05-12 06:15:00+00:00,2026-05-12 08:15:00+02:00,2026-05-12,8,8,15,1,1,1,1,5,5,,,13.727142857142857,13.060000000000002,10.31833333333333,10.489999999999988,-8.620000000000005
2026-05-12 06:30:00+00:00,2026-05-12 08:30:00+02:00,2026-05-12,8,8,30,2,2,1,1,5,5,,,0.7657142857142846,-1.3600000000000136,-2.582500000000002,-3.374999999999993,-20.120000000000005
2026-05-12 06:45:00+00:00,2026-05-12 08:45:00+02:00,2026-05-12,8,8,45,3,3,1,1,5,5,,,-22.991428571428578,-21.44999999999999,-26.005,-22.00499999999999,-32.92
2026-05-12 07:00:00+00:00,2026-05-12 09:00:00+02:00,2026-05-12,9,9,0,0,0,1,1,5,5,,,32.68142857142857,30.16,29.10416666666667,26.42,-7.3700000000000045
2026-05-12 07:15:00+00:00,2026-05-12 09:15:00+02:00,2026-05-12,9,9,15,1,1,1,1,5,5,,,12.365714285714287,14.459999999999997,11.725833333333332,12.279999999999996,2.4200000000000017
2026-05-12 07:30:00+00:00,2026-05-12 09:30:00+02:00,2026-05-12,9,9,30,2,2,1,1,5,5,,,-5.079999999999999,-3.680000000000007,-6.209166666666665,-4.855000000000004,2.3499999999999943
2026-05-12 07:45:00+00:00,2026-05-12 09:45:00+02:00,2026-05-12,9,9,45,3,3,1,1,5,5,,,-18.237142857142857,-12.460000000000008,-24.020833333333332,-15.619999999999997,-11.77000000000001
2026-05-12 08:00:00+00:00,2026-05-12 10:00:00+02:00,2026-05-12,10,10,0,0,0,1,1,5,5,,,11.687142857142844,13.189999999999998,20.125000000000004,18.189999999999998,14.549999999999997
2026-05-12 08:15:00+00:00,2026-05-12 10:15:00+02:00,2026-05-12,10,10,15,1,1,1,1,5,5,,,3.2585714285714276,1.6700000000000017,4.036666666666667,2.110000000000001,7.97999999999999
2026-05-12 08:30:00+00:00,2026-05-12 10:30:00+02:00,2026-05-12,10,10,30,2,2,1,1,5,5,,,-0.2542857142857101,-0.97,-4.731666666666664,-1.56,-2.5700000000000074
2026-05-12 08:45:00+00:00,2026-05-12 10:45:00+02:00,2026-05-12,10,10,45,3,3,1,1,5,5,,,-2.2842857142857134,-1.15,-10.685833333333337,-4.545,-10.560000000000002
2026-05-12 09:00:00+00:00,2026-05-12 11:00:00+02:00,2026-05-12,11,11,0,0,0,1,1,5,5,,,10.778571428571423,6.29,10.309999999999999,6.23,13.650000000000006
2026-05-12 09:15:00+00:00,2026-05-12 11:15:00+02:00,2026-05-12,11,11,15,1,1,1,1,5,5,,,9.301428571428573,5.97,6.56166666666666,5.795000000000001,7.060000000000002
2026-05-12 09:30:00+00:00,2026-05-12 11:30:00+02:00,2026-05-12,11,11,30,2,2,1,1,5,5,,,7.8557142857142805,5.420000000000002,2.0533333333333323,4.33,5.75
2026-05-12 09:45:00+00:00,2026-05-12 11:45:00+02:00,2026-05-12,11,11,45,3,3,1,1,5,5,,,5.181428571428569,4.38,-9.193333333333333,0.7000000000000001,3.3000000000000043
2026-05-12 10:00:00+00:00,2026-05-12 12:00:00+02:00,2026-05-12,12,12,0,0,0,1,1,5,5,,,17.150000000000006,14.349999999999998,17.673,15.609999999999992,13.57
2026-05-12 10:15:00+00:00,2026-05-12 12:15:00+02:00,2026-05-12,12,12,15,1,1,1,1,5,5,,,14.492500000000003,12.919999999999998,15.125999999999994,12.919999999999998,7.909999999999997
2026-05-12 10:30:00+00:00,2026-05-12 12:30:00+02:00,2026-05-12,12,12,30,2,2,1,1,5,5,,,14.035,15.145000000000001,12.392,14.969999999999999,3.299999999999997
2026-05-12 10:45:00+00:00,2026-05-12 12:45:00+02:00,2026-05-12,12,12,45,3,3,1,1,5,5,,,11.705000000000005,12.655000000000001,8.223000000000004,8.02,4.289999999999999
2026-05-12 11:00:00+00:00,2026-05-12 13:00:00+02:00,2026-05-12,13,13,0,0,0,1,1,5,5,,,20.314999999999987,21.189999999999998,24.421,21.189999999999998,6.84
2026-05-12 11:15:00+00:00,2026-05-12 13:15:00+02:00,2026-05-12,13,13,15,1,1,1,1,5,5,,,18.242500000000007,17.03,20.215000000000003,17.03,4.809999999999999
2026-05-12 11:30:00+00:00,2026-05-12 13:30:00+02:00,2026-05-12,13,13,30,2,2,1,1,5,5,,,16.342499999999998,16.61,16.524,11.530000000000001,0.9400000000000013
2026-05-12 11:45:00+00:00,2026-05-12 13:45:00+02:00,2026-05-12,13,13,45,3,3,1,1,5,5,,,12.182499999999997,11.419999999999995,14.234000000000009,10.359999999999996,0.08999999999999986
2026-05-12 12:00:00+00:00,2026-05-12 14:00:00+02:00,2026-05-12,14,14,0,0,0,1,1,5,5,,,11.665,11.785,13.993999999999996,11.09,5.890000000000001
2026-05-12 12:15:00+00:00,2026-05-12 14:15:00+02:00,2026-05-12,14,14,15,1,1,1,1,5,5,,,12.009999999999998,11.924999999999997,16.652000000000005,15.844999999999999,3.620000000000001
2026-05-12 12:30:00+00:00,2026-05-12 14:30:00+02:00,2026-05-12,14,14,30,2,2,1,1,5,5,,,14.477499999999978,13.349999999999996,18.868000000000002,18.009999999999998,6.140000000000001
2026-05-12 12:45:00+00:00,2026-05-12 14:45:00+02:00,2026-05-12,14,14,45,3,3,1,1,5,5,,,15.177500000000006,17.33,21.248,21.805,9.990000000000002
2026-05-12 13:00:00+00:00,2026-05-12 15:00:00+02:00,2026-05-12,15,15,0,0,0,1,1,5,5,,,1.982499999999991,0.7949999999999994,1.7620000000000033,0.7949999999999994,-0.0800000000000054
2026-05-12 13:15:00+00:00,2026-05-12 15:15:00+02:00,2026-05-12,15,15,15,1,1,1,1,5,5,,,5.629999999999999,3.3350000000000004,5.724000000000002,5.220000000000001,6.869999999999997
2026-05-12 13:30:00+00:00,2026-05-12 15:30:00+02:00,2026-05-12,15,15,30,2,2,1,1,5,5,,,8.347499999999997,5.3000000000000025,10.250000000000002,8.245000000000001,13.949999999999996
2026-05-12 13:45:00+00:00,2026-05-12 15:45:00+02:00,2026-05-12,15,15,45,3,3,1,1,5,5,,,9.247499999999995,6.505000000000001,14.059999999999997,15.07,21.059999999999995
2026-05-12 14:00:00+00:00,2026-05-12 16:00:00+02:00,2026-05-12,16,16,0,0,0,1,1,5,5,,,-7.810000000000018,-5.025000000000006,-9.060000000000002,-4.515000000000001,-2.0600000000000023
2026-05-12 14:15:00+00:00,2026-05-12 16:15:00+02:00,2026-05-12,16,16,15,1,1,1,1,5,5,,,-6.024999999999975,-4.704999999999998,-2.3010000000000006,-0.0649999999999995,13.230000000000004
2026-05-12 14:30:00+00:00,2026-05-12 16:30:00+02:00,2026-05-12,16,16,30,2,2,1,1,5,5,,,3.035000000000001,3.140000000000006,8.040999999999995,5.125,28.480000000000004
2026-05-12 14:45:00+00:00,2026-05-12 16:45:00+02:00,2026-05-12,16,16,45,3,3,1,1,5,5,,,14.745000000000001,11.395000000000003,20.171,12.050000000000002,33.58
2026-05-12 15:00:00+00:00,2026-05-12 17:00:00+02:00,2026-05-12,17,17,0,0,0,1,1,5,5,,,-26.09750000000001,-20.17,-28.127999999999997,-27.130000000000003,-15.709999999999994
2026-05-12 15:15:00+00:00,2026-05-12 17:15:00+02:00,2026-05-12,17,17,15,1,1,1,1,5,5,,,-5.990000000000025,-6.345000000000002,-10.262000000000004,-8.425000000000004,1.4399999999999977
2026-05-12 15:30:00+00:00,2026-05-12 17:30:00+02:00,2026-05-12,17,17,30,2,2,1,1,5,5,,,10.22250000000001,7.884999999999991,8.223000000000003,4.22999999999999,11.040000000000006
2026-05-12 15:45:00+00:00,2026-05-12 17:45:00+02:00,2026-05-12,17,17,45,3,3,1,1,5,5,,,25.772500000000008,22.85,35.89,37.91,24.040000000000006
2026-05-12 16:00:00+00:00,2026-05-12 18:00:00+02:00,2026-05-12,18,18,0,0,0,1,1,5,5,,,-16.629999999999992,-15.030000000000001,-26.645999999999994,-22.830000000000005,-16.14
2026-05-12 16:15:00+00:00,2026-05-12 18:15:00+02:00,2026-05-12,18,18,15,1,1,1,1,5,5,,,-3.5899999999999963,-2.924999999999997,-6.399999999999999,-6.799999999999997,-4.140000000000001
2026-05-12 16:30:00+00:00,2026-05-12 18:30:00+02:00,2026-05-12,18,18,30,2,2,1,1,5,5,,,4.240000000000009,3.059999999999995,9.548999999999998,5.695,6.409999999999997
2026-05-12 16:45:00+00:00,2026-05-12 18:45:00+02:00,2026-05-12,18,18,45,3,3,1,1,5,5,,,14.17499999999998,14.574999999999996,22.17799999999999,16.405,15.310000000000002
2026-05-12 17:00:00+00:00,2026-05-12 19:00:00+02:00,2026-05-12,19,19,0,0,0,1,1,5,5,,,-16.682499999999997,-17.285000000000004,-24.479000000000003,-20.445000000000007,-14.98999999999998
2026-05-12 17:15:00+00:00,2026-05-12 19:15:00+02:00,2026-05-12,19,19,15,1,1,1,1,5,5,,,-8.412500000000009,-9.120000000000005,-12.946000000000003,-13.265000000000015,-7.579999999999984
2026-05-12 17:30:00+00:00,2026-05-12 19:30:00+02:00,2026-05-12,19,19,30,2,2,1,1,5,5,,,-1.480000000000004,-1.3600000000000136,4.091999999999992,-1.2049999999999983,1.3300000000000125
2026-05-12 17:45:00+00:00,2026-05-12 19:45:00+02:00,2026-05-12,19,19,45,3,3,1,1,5,5,,,7.662500000000016,6.8799999999999955,28.956999999999994,13.195,15.400000000000006
2026-05-12 18:00:00+00:00,2026-05-12 20:00:00+02:00,2026-05-12,20,20,0,0,0,1,1,5,5,,,-7.190000000000044,-6.335000000000015,1.8490000000000066,-1.6000000000000014,-3.490000000000009
2026-05-12 18:15:00+00:00,2026-05-12 20:15:00+02:00,2026-05-12,20,20,15,1,1,1,1,5,5,,,-5.650000000000009,-3.770000000000003,1.3949999999999947,-3.770000000000003,-0.04999999999998295
2026-05-12 18:30:00+00:00,2026-05-12 20:30:00+02:00,2026-05-12,20,20,30,2,2,1,1,5,5,,,-4.170000000000005,-2.1500000000000057,0.21699999999999875,-2.1500000000000057,2.6200000000000045
2026-05-12 18:45:00+00:00,2026-05-12 20:45:00+02:00,2026-05-12,20,20,45,3,3,1,1,5,5,,,-2.6450000000000102,-2.2900000000000063,-7.482000000000005,-4.214999999999989,1.0300000000000011
2026-05-12 19:00:00+00:00,2026-05-12 21:00:00+02:00,2026-05-12,21,21,0,0,0,1,1,5,5,,,7.052500000000016,7.8300000000000125,18.43,13.605000000000011,10.0
2026-05-12 19:15:00+00:00,2026-05-12 21:15:00+02:00,2026-05-12,21,21,15,1,1,1,1,5,5,,,1.9874999999999972,2.2049999999999983,1.0599999999999923,0.9200000000000017,2.6599999999999966
2026-05-12 19:30:00+00:00,2026-05-12 21:30:00+02:00,2026-05-12,21,21,30,2,2,1,1,5,5,,,-4.662500000000005,-5.1200000000000045,-10.151000000000003,-6.305,-5.939999999999998
2026-05-12 19:45:00+00:00,2026-05-12 21:45:00+02:00,2026-05-12,21,21,45,3,3,1,1,5,5,,,-11.344999999999999,-12.765,-18.727,-15.534999999999997,-13.980000000000018
2026-05-12 20:00:00+00:00,2026-05-12 22:00:00+02:00,2026-05-12,22,22,0,0,0,1,1,5,5,,,7.972499999999997,9.024999999999991,8.550999999999998,7.459999999999994,5.199999999999989
2026-05-12 20:15:00+00:00,2026-05-12 22:15:00+02:00,2026-05-12,22,22,15,1,1,1,1,5,5,,,1.5524999999999913,2.424999999999997,0.5670000000000002,0.030000000000001137,-0.2300000000000182
2026-05-12 20:30:00+00:00,2026-05-12 22:30:00+02:00,2026-05-12,22,22,30,2,2,1,1,5,5,,,-2.4749999999999943,-2.5249999999999915,-4.5,-4.195,-1.6400000000000148
2026-05-12 20:45:00+00:00,2026-05-12 22:45:00+02:00,2026-05-12,22,22,45,3,3,1,1,5,5,,,-9.892500000000013,-10.420000000000002,-10.556000000000003,-10.870000000000005,-7.010000000000005
2026-05-12 21:00:00+00:00,2026-05-12 23:00:00+02:00,2026-05-12,23,23,0,0,0,1,1,5,5,,,7.009999999999998,7.455000000000005,5.131000000000002,4.405000000000001,6.150000000000006
2026-05-12 21:15:00+00:00,2026-05-12 23:15:00+02:00,2026-05-12,23,23,15,1,1,1,1,5,5,,,2.1874999999999964,2.789999999999999,0.5519999999999996,0.4350000000000023,-0.09999999999999432
2026-05-12 21:30:00+00:00,2026-05-12 23:30:00+02:00,2026-05-12,23,23,30,2,2,1,1,5,5,,,-0.4549999999999992,1.1099999999999994,-2.424000000000004,-1.3600000000000065,-2.510000000000005
2026-05-12 21:45:00+00:00,2026-05-12 23:45:00+02:00,2026-05-12,23,23,45,3,3,1,1,5,5,,,-5.679999999999993,-4.329999999999998,-7.998,-6.845000000000006,-12.25
2026-05-12 22:00:00+00:00,2026-05-13 00:00:00+02:00,2026-05-13,0,0,0,0,0,2,2,5,5,-1.1199999999999903,9.830000000000013,7.380000000000002,8.870000000000005,6.38416666666667,6.994999999999997,11.030000000000001
2026-05-12 22:15:00+00:00,2026-05-13 00:15:00+02:00,2026-05-13,0,0,15,1,1,2,2,5,5,-7.25,4.430000000000007,0.7457142857142897,0.1700000000000017,2.50166666666667,2.1499999999999986,1.6099999999999994
2026-05-12 22:30:00+00:00,2026-05-13 00:30:00+02:00,2026-05-13,0,0,30,2,2,2,2,5,5,-14.659999999999997,4.040000000000006,-1.947142857142852,-0.9799999999999898,-0.495000000000001,0.0049999999999954525,-2.480000000000004
2026-05-12 22:45:00+00:00,2026-05-13 00:45:00+02:00,2026-05-13,0,0,45,3,3,2,2,5,5,-15.329999999999998,0.5700000000000074,-4.15571428571428,-3.450000000000003,-2.664166666666661,-2.405000000000001,-9.469999999999999
2026-05-12 23:00:00+00:00,2026-05-13 01:00:00+02:00,2026-05-13,1,1,0,0,0,2,2,5,5,-2.9399999999999977,12.22999999999999,5.147142857142855,4.02000000000001,3.494166666666667,1.7999999999999972,3.680000000000007
2026-05-12 23:15:00+00:00,2026-05-13 01:15:00+02:00,2026-05-13,1,1,15,1,1,2,2,5,5,-7.689999999999998,6.019999999999996,1.9042857142857115,0.5,1.1191666666666662,0.10000000000000142,-0.04999999999999716
2026-05-12 23:30:00+00:00,2026-05-13 01:30:00+02:00,2026-05-13,1,1,30,2,2,2,2,5,5,-5.299999999999997,3.809999999999988,0.8199999999999993,-1.1999999999999886,0.402500000000001,-0.9999999999999929,-0.25
2026-05-12 23:45:00+00:00,2026-05-13 01:45:00+02:00,2026-05-13,1,1,45,3,3,2,2,5,5,-11.61,1.809999999999988,-1.3957142857142912,-1.289999999999992,-1.2208333333333325,-1.2099999999999937,-2.989999999999995
2026-05-13 00:00:00+00:00,2026-05-13 02:00:00+02:00,2026-05-13,2,2,0,0,0,2,2,5,5,-7.900000000000006,4.359999999999999,1.961428571428568,2.799999999999997,0.9716666666666649,1.0399999999999991,-1.1700000000000017
2026-05-13 00:15:00+00:00,2026-05-13 02:15:00+02:00,2026-05-13,2,2,15,1,1,2,2,5,5,-5.930000000000007,4.349999999999994,1.8742857142857108,1.5499999999999972,1.0166666666666648,0.8000000000000043,-1.460000000000008
2026-05-13 00:30:00+00:00,2026-05-13 02:30:00+02:00,2026-05-13,2,2,30,2,2,2,2,5,5,-5.930000000000007,5.179999999999993,1.818571428571423,1.3799999999999955,1.2374999999999927,1.0200000000000031,-0.4200000000000017
2026-05-13 00:45:00+00:00,2026-05-13 02:45:00+02:00,2026-05-13,2,2,45,3,3,2,2,5,5,-6.450000000000003,4.709999999999994,0.6942857142857122,-1.0400000000000063,0.5266666666666625,-0.7000000000000028,-0.6899999999999977
2026-05-13 01:00:00+00:00,2026-05-13 03:00:00+02:00,2026-05-13,3,3,0,0,0,2,2,5,5,-4.609999999999999,5.799999999999997,1.8985714285714295,1.5300000000000011,0.32666666666666416,-0.30000000000000426,-4.450000000000003
2026-05-13 01:15:00+00:00,2026-05-13 03:15:00+02:00,2026-05-13,3,3,15,1,1,2,2,5,5,-4.790000000000006,6.390000000000001,1.8199999999999972,0.5499999999999972,0.6841666666666665,-0.05000000000000426,-2.8599999999999994
2026-05-13 01:30:00+00:00,2026-05-13 03:30:00+02:00,2026-05-13,3,3,30,2,2,2,2,5,5,-3.299999999999997,4.560000000000002,1.5685714285714312,-0.3100000000000023,0.5374999999999991,-0.4350000000000023,-1.5400000000000063
2026-05-13 01:45:00+00:00,2026-05-13 03:45:00+02:00,2026-05-13,3,3,45,3,3,2,2,5,5,-6.790000000000006,4.560000000000002,1.1885714285714215,0.28999999999999204,0.9083333333333314,-0.365000000000002,-0.6299999999999955
2026-05-13 02:00:00+00:00,2026-05-13 04:00:00+02:00,2026-05-13,4,4,0,0,0,2,2,5,5,-9.030000000000001,5.540000000000006,0.08999999999999934,0.6000000000000085,-2.8074999999999988,-3.009999999999998,-3.539999999999992
2026-05-13 02:15:00+00:00,2026-05-13 04:15:00+02:00,2026-05-13,4,4,15,1,1,2,2,5,5,-6.790000000000006,4.980000000000004,0.99,1.6799999999999926,-1.859166666666663,-2.0649999999999977,-2.799999999999997
2026-05-13 02:30:00+00:00,2026-05-13 04:30:00+02:00,2026-05-13,4,4,30,2,2,2,2,5,5,-4.88000000000001,5.189999999999998,2.2042857142857133,3.489999999999995,0.20583333333333206,-0.43499999999999517,1.4500000000000028
2026-05-13 02:45:00+00:00,2026-05-13 04:45:00+02:00,2026-05-13,4,4,45,3,3,2,2,5,5,-1.4500000000000028,6.049999999999997,4.014285714285713,4.6299999999999955,2.2941666666666674,2.980000000000004,3.8700000000000045
2026-05-13 03:00:00+00:00,2026-05-13 05:00:00+02:00,2026-05-13,5,5,0,0,0,2,2,5,5,-14.900000000000006,-0.7000000000000028,-3.7457142857142895,-2.1700000000000017,-7.351666666666669,-7.469999999999999,-9.209999999999994
2026-05-13 03:15:00+00:00,2026-05-13 05:15:00+02:00,2026-05-13,5,5,15,1,1,2,2,5,5,-9.030000000000001,2.530000000000001,-0.9142857142857171,1.4500000000000028,-3.562500000000002,-4.329999999999998,-5.849999999999994
2026-05-13 03:30:00+00:00,2026-05-13 05:30:00+02:00,2026-05-13,5,5,30,2,2,2,2,5,5,-3.200000000000003,7.519999999999996,3.1357142857142835,3.7900000000000063,0.7074999999999982,-1.335000000000008,1.1099999999999994
2026-05-13 03:45:00+00:00,2026-05-13 05:45:00+02:00,2026-05-13,5,5,45,3,3,2,2,5,5,1.5300000000000011,12.289999999999992,6.697142857142857,4.030000000000001,4.784166666666663,3.480000000000004,5.3300000000000125
2026-05-13 04:00:00+00:00,2026-05-13 06:00:00+02:00,2026-05-13,6,6,0,0,0,2,2,5,5,-12.709999999999994,-7.090000000000018,-2.9385714285714295,-4.440000000000012,-8.525833333333331,-9.900000000000006,-8.570000000000007
2026-05-13 04:15:00+00:00,2026-05-13 06:15:00+02:00,2026-05-13,6,6,15,1,1,2,2,5,5,-3.3999999999999915,0.23999999999998067,1.692857142857141,0.23999999999998067,-0.6599999999999989,-3.349999999999987,0.6599999999999966
2026-05-13 04:30:00+00:00,2026-05-13 06:30:00+02:00,2026-05-13,6,6,30,2,2,2,2,5,5,-0.009999999999990905,6.319999999999993,2.1885714285714295,-0.009999999999990905,1.7575000000000038,-0.904999999999994,3.430000000000007
2026-05-13 04:45:00+00:00,2026-05-13 06:45:00+02:00,2026-05-13,6,6,45,3,3,2,2,5,5,3.5900000000000034,8.649999999999977,0.5185714285714137,3.5900000000000034,0.4341666666666626,1.2450000000000045,4.840000000000003
2026-05-13 05:00:00+00:00,2026-05-13 07:00:00+02:00,2026-05-13,7,7,0,0,0,2,2,5,5,-0.7999999999999972,8.419999999999987,12.191428571428577,8.75,13.420000000000002,11.394999999999996,5.030000000000001
2026-05-13 05:15:00+00:00,2026-05-13 07:15:00+02:00,2026-05-13,7,7,15,1,1,2,2,5,5,0.5300000000000011,10.439999999999998,6.6000000000000005,6.560000000000002,4.9049999999999985,5.679999999999993,4.319999999999993
2026-05-13 05:30:00+00:00,2026-05-13 07:30:00+02:00,2026-05-13,7,7,30,2,2,2,2,5,5,-0.730000000000004,4.460000000000008,-0.15285714285713986,-0.35999999999999943,-5.424999999999997,-0.8099999999999952,2.1100000000000136
2026-05-13 05:45:00+00:00,2026-05-13 07:45:00+02:00,2026-05-13,7,7,45,3,3,2,2,5,5,-9.36,-8.030000000000001,-10.704285714285714,-9.36,-16.82166666666667,-11.479999999999997,-8.099999999999994
2026-05-13 06:00:00+00:00,2026-05-13 08:00:00+02:00,2026-05-13,8,8,0,0,0,2,2,5,5,2.4299999999999926,28.439999999999998,24.76142857142856,26.320000000000007,23.006666666666664,23.620000000000005,16.999999999999986
2026-05-13 06:15:00+00:00,2026-05-13 08:15:00+02:00,2026-05-13,8,8,15,1,1,2,2,5,5,-8.620000000000005,10.079999999999984,12.225714285714288,13.060000000000002,8.691666666666665,9.769999999999996,8.350000000000009
2026-05-13 06:30:00+00:00,2026-05-13 08:30:00+02:00,2026-05-13,8,8,30,2,2,2,2,5,5,-20.120000000000005,-1.3600000000000136,-0.605714285714288,-1.3600000000000136,-4.835000000000002,-3.7449999999999974,-0.8700000000000045
2026-05-13 06:45:00+00:00,2026-05-13 08:45:00+02:00,2026-05-13,8,8,45,3,3,2,2,5,5,-32.92,-17.210000000000008,-21.387142857142862,-21.44999999999999,-25.990833333333338,-22.00499999999999,-16.47
2026-05-13 07:00:00+00:00,2026-05-13 09:00:00+02:00,2026-05-13,9,9,0,0,0,2,2,5,5,-7.3700000000000045,20.92,24.24142857142857,20.92,24.79666666666667,22.685000000000002,9.019999999999996
2026-05-13 07:15:00+00:00,2026-05-13 09:15:00+02:00,2026-05-13,9,9,15,1,1,2,2,5,5,2.4200000000000017,8.820000000000007,10.504285714285716,8.820000000000007,9.898333333333332,9.46,-4.179999999999993
2026-05-13 07:30:00+00:00,2026-05-13 09:30:00+02:00,2026-05-13,9,9,30,2,2,2,2,5,5,2.3499999999999943,-0.3400000000000034,-0.9899999999999999,-1.5499999999999998,-5.781666666666664,-4.855000000000004,-6.980000000000004
2026-05-13 07:45:00+00:00,2026-05-13 09:45:00+02:00,2026-05-13,9,9,45,3,3,2,2,5,5,-11.77000000000001,-7.480000000000004,-13.712857142857144,-11.77000000000001,-21.714166666666667,-12.490000000000002,-18.47
2026-05-13 08:00:00+00:00,2026-05-13 10:00:00+02:00,2026-05-13,10,10,0,0,0,2,2,5,5,14.549999999999997,13.189999999999998,13.499999999999984,14.549999999999997,17.913333333333338,17.414999999999996,5.030000000000001
2026-05-13 08:15:00+00:00,2026-05-13 10:15:00+02:00,2026-05-13,10,10,15,1,1,2,2,5,5,7.97999999999999,5.579999999999998,4.411428571428568,4.279999999999999,4.489166666666667,2.9750000000000005,-2.1899999999999977
2026-05-13 08:30:00+00:00,2026-05-13 10:30:00+02:00,2026-05-13,10,10,30,2,2,2,2,5,5,-2.5700000000000074,1.4300000000000068,-0.39999999999999686,-0.97,-3.5633333333333312,-1.56,-13.799999999999997
2026-05-13 08:45:00+00:00,2026-05-13 10:45:00+02:00,2026-05-13,10,10,45,3,3,2,2,5,5,-10.560000000000002,1.710000000000008,-3.5042857142857136,-1.15,-9.985833333333337,-4.545,-15.33999999999999
2026-05-13 09:00:00+00:00,2026-05-13 11:00:00+02:00,2026-05-13,11,11,0,0,0,2,2,5,5,13.650000000000006,15.280000000000001,11.847142857142853,12.219999999999999,10.955,9.254999999999999,7.430000000000007
2026-05-13 09:15:00+00:00,2026-05-13 11:15:00+02:00,2026-05-13,11,11,15,1,1,2,2,5,5,7.060000000000002,8.700000000000003,9.457142857142859,6.48,6.859999999999995,5.945,-3.219999999999999
2026-05-13 09:30:00+00:00,2026-05-13 11:30:00+02:00,2026-05-13,11,11,30,2,2,2,2,5,5,5.75,7.560000000000002,8.021428571428567,5.75,2.2616666666666654,5.005000000000001,-2.6200000000000045
2026-05-13 09:45:00+00:00,2026-05-13 11:45:00+02:00,2026-05-13,11,11,45,3,3,2,2,5,5,3.3000000000000043,5.400000000000006,5.027142857142855,3.3000000000000043,-8.804999999999998,2.230000000000002,-2.8299999999999983
2026-05-13 10:00:00+00:00,2026-05-13 12:00:00+02:00,2026-05-13,12,12,0,0,0,2,2,5,5,13.57,15.319999999999993,16.434000000000005,13.57,17.973999999999997,15.609999999999992,3.230000000000004
2026-05-13 10:15:00+00:00,2026-05-13 12:15:00+02:00,2026-05-13,12,12,15,1,1,2,2,5,5,7.909999999999997,12.459999999999994,13.176000000000002,12.459999999999994,15.082999999999995,12.919999999999998,1.7800000000000011
2026-05-13 10:30:00+00:00,2026-05-13 12:30:00+02:00,2026-05-13,12,12,30,2,2,2,2,5,5,3.299999999999997,15.950000000000003,11.888,14.34,12.258999999999999,14.969999999999999,1.3599999999999994
2026-05-13 10:45:00+00:00,2026-05-13 12:45:00+02:00,2026-05-13,12,12,45,3,3,2,2,5,5,4.289999999999999,11.0,10.222000000000005,11.0,8.636000000000006,8.02,-1.559999999999988
2026-05-13 11:00:00+00:00,2026-05-13 13:00:00+02:00,2026-05-13,13,13,0,0,0,2,2,5,5,6.84,15.5,17.61999999999999,15.5,24.785999999999998,21.189999999999998,-2.0799999999999983
2026-05-13 11:15:00+00:00,2026-05-13 13:15:00+02:00,2026-05-13,13,13,15,1,1,2,2,5,5,4.809999999999999,10.340000000000003,15.556000000000006,10.340000000000003,20.675000000000004,17.03,-2.549999999999997
2026-05-13 11:30:00+00:00,2026-05-13 13:30:00+02:00,2026-05-13,13,13,30,2,2,2,2,5,5,0.9400000000000013,9.5,13.262,9.5,16.597,11.530000000000001,4.090000000000003
2026-05-13 11:45:00+00:00,2026-05-13 13:45:00+02:00,2026-05-13,13,13,45,3,3,2,2,5,5,0.08999999999999986,6.179999999999993,9.764,6.179999999999993,14.232000000000008,10.359999999999996,2.8400000000000034
2026-05-13 12:00:00+00:00,2026-05-13 14:00:00+02:00,2026-05-13,14,14,0,0,0,2,2,5,5,5.890000000000001,8.579999999999998,10.51,8.579999999999998,14.570999999999998,11.09,0.8299999999999983
2026-05-13 12:15:00+00:00,2026-05-13 14:15:00+02:00,2026-05-13,14,14,15,1,1,2,2,5,5,3.620000000000001,6.069999999999993,10.331999999999999,6.069999999999993,16.496000000000002,15.844999999999999,2.030000000000001
2026-05-13 12:30:00+00:00,2026-05-13 14:30:00+02:00,2026-05-13,14,14,30,2,2,2,2,5,5,6.140000000000001,6.679999999999993,12.80999999999998,6.679999999999993,19.097,18.009999999999998,7.980000000000004
2026-05-13 12:45:00+00:00,2026-05-13 14:45:00+02:00,2026-05-13,14,14,45,3,3,2,2,5,5,9.990000000000002,11.25,14.140000000000004,11.25,21.803000000000004,21.805,3.6500000000000057
2026-05-13 13:00:00+00:00,2026-05-13 15:00:00+02:00,2026-05-13,15,15,0,0,0,2,2,5,5,-0.0800000000000054,0.46999999999999886,1.5699999999999918,0.46999999999999886,2.385000000000001,0.7949999999999994,-8.36
2026-05-13 13:15:00+00:00,2026-05-13 15:15:00+02:00,2026-05-13,15,15,15,1,1,2,2,5,5,6.869999999999997,1.3900000000000006,5.877999999999998,5.28,7.4350000000000005,6.074999999999999,-0.12999999999999545
2026-05-13 13:30:00+00:00,2026-05-13 15:30:00+02:00,2026-05-13,15,15,30,2,2,2,2,5,5,13.949999999999996,4.730000000000004,9.467999999999995,5.87,11.481,10.34,4.090000000000003
2026-05-13 13:45:00+00:00,2026-05-13 15:45:00+02:00,2026-05-13,15,15,45,3,3,2,2,5,5,21.059999999999995,6.700000000000003,11.609999999999996,6.700000000000003,15.056999999999999,19.595,8.960000000000008
2026-05-13 14:00:00+00:00,2026-05-13 16:00:00+02:00,2026-05-13,16,16,0,0,0,2,2,5,5,-2.0600000000000023,-9.070000000000007,-6.660000000000015,-2.0600000000000023,-5.107000000000001,-3.5350000000000006,-12.690000000000012
2026-05-13 14:15:00+00:00,2026-05-13 16:15:00+02:00,2026-05-13,16,16,15,1,1,2,2,5,5,13.230000000000004,-7.260000000000005,-2.173999999999979,-2.1499999999999915,0.2900000000000002,1.4749999999999999,-1.0100000000000051
2026-05-13 14:30:00+00:00,2026-05-13 16:30:00+02:00,2026-05-13,16,16,30,2,2,2,2,5,5,28.480000000000004,0.9299999999999926,8.124,3.990000000000009,9.028999999999996,5.125,6.5
2026-05-13 14:45:00+00:00,2026-05-13 16:45:00+02:00,2026-05-13,16,16,45,3,3,2,2,5,5,33.58,10.25,18.512,12.540000000000006,19.204,12.050000000000002,17.69999999999999
2026-05-13 15:00:00+00:00,2026-05-13 17:00:00+02:00,2026-05-13,17,17,0,0,0,2,2,5,5,-15.709999999999994,-14.830000000000013,-24.020000000000007,-15.709999999999994,-26.479999999999997,-26.095000000000006,-13.760000000000005
2026-05-13 15:15:00+00:00,2026-05-13 17:15:00+02:00,2026-05-13,17,17,15,1,1,2,2,5,5,1.4399999999999977,-6.38000000000001,-4.504000000000021,-6.309999999999995,-9.537000000000004,-8.425000000000004,-0.6600000000000108
2026-05-13 15:30:00+00:00,2026-05-13 17:30:00+02:00,2026-05-13,17,17,30,2,2,2,2,5,5,11.040000000000006,2.6999999999999886,10.38600000000001,11.040000000000006,7.846000000000004,4.22999999999999,11.409999999999997
2026-05-13 15:45:00+00:00,2026-05-13 17:45:00+02:00,2026-05-13,17,17,45,3,3,2,2,5,5,24.040000000000006,12.819999999999993,25.426000000000005,24.040000000000006,35.877,37.91,20.409999999999997
2026-05-13 16:00:00+00:00,2026-05-13 18:00:00+02:00,2026-05-13,18,18,0,0,0,2,2,5,5,-16.14,-17.019999999999996,-16.531999999999993,-16.14,-26.057999999999993,-20.33,-18.89
2026-05-13 16:15:00+00:00,2026-05-13 18:15:00+02:00,2026-05-13,18,18,15,1,1,2,2,5,5,-4.140000000000001,-8.659999999999997,-3.699999999999997,-4.140000000000001,-5.807999999999997,-4.844999999999999,-4.349999999999994
2026-05-13 16:30:00+00:00,2026-05-13 18:30:00+02:00,2026-05-13,18,18,30,2,2,2,2,5,5,6.409999999999997,2.5900000000000034,4.674000000000007,3.1400000000000006,10.331999999999999,7.329999999999998,4.8300000000000125
2026-05-13 16:45:00+00:00,2026-05-13 18:45:00+02:00,2026-05-13,18,18,45,3,3,2,2,5,5,15.310000000000002,14.849999999999994,14.401999999999983,14.849999999999994,22.443999999999996,16.405,17.30000000000001
2026-05-13 17:00:00+00:00,2026-05-13 19:00:00+02:00,2026-05-13,19,19,0,0,0,2,2,5,5,-14.98999999999998,-20.870000000000005,-16.343999999999994,-14.98999999999998,-21.167,-18.53,-18.379999999999995
2026-05-13 17:15:00+00:00,2026-05-13 19:15:00+02:00,2026-05-13,19,19,15,1,1,2,2,5,5,-7.579999999999984,-14.120000000000005,-8.246000000000004,-7.579999999999984,-11.757000000000003,-10.000000000000014,-6.9599999999999795
2026-05-13 17:30:00+00:00,2026-05-13 19:30:00+02:00,2026-05-13,19,19,30,2,2,2,2,5,5,1.3300000000000125,-5.639999999999986,-0.9180000000000007,-0.4300000000000068,4.422999999999992,0.45000000000000284,0.15000000000000568
2026-05-13 17:45:00+00:00,2026-05-13 19:45:00+02:00,2026-05-13,19,19,45,3,3,2,2,5,5,15.400000000000006,5.240000000000009,9.210000000000012,8.519999999999982,25.799999999999994,13.195,21.390000000000015
2026-05-13 18:00:00+00:00,2026-05-13 20:00:00+02:00,2026-05-13,20,20,0,0,0,2,2,5,5,-3.490000000000009,-15.29000000000002,-6.450000000000037,-4.840000000000018,2.092000000000007,-1.6000000000000014,-8.680000000000007
2026-05-13 18:15:00+00:00,2026-05-13 20:15:00+02:00,2026-05-13,20,20,15,1,1,2,2,5,5,-0.04999999999998295,-12.240000000000009,-4.530000000000004,-3.0600000000000165,2.443999999999998,-2.940000000000019,-4.969999999999999
2026-05-13 18:30:00+00:00,2026-05-13 20:30:00+02:00,2026-05-13,20,20,30,2,2,2,2,5,5,2.6200000000000045,-11.129999999999995,-2.8120000000000034,-1.410000000000025,2.3900000000000006,-1.3300000000000125,1.4300000000000068
2026-05-13 18:45:00+00:00,2026-05-13 20:45:00+02:00,2026-05-13,20,20,45,3,3,2,2,5,5,1.0300000000000011,-1.2600000000000193,-1.910000000000008,-1.2600000000000193,-2.955000000000004,-3.2950000000000017,1.0600000000000023
2026-05-13 19:00:00+00:00,2026-05-13 21:00:00+02:00,2026-05-13,21,21,0,0,0,2,2,5,5,10.0,6.950000000000017,7.642000000000013,8.710000000000008,16.203,10.170000000000002,22.360000000000014
2026-05-13 19:15:00+00:00,2026-05-13 21:15:00+02:00,2026-05-13,21,21,15,1,1,2,2,5,5,2.6599999999999966,2.6899999999999977,2.121999999999997,2.6599999999999966,2.069999999999992,2.1899999999999977,5.659999999999997
2026-05-13 19:30:00+00:00,2026-05-13 21:30:00+02:00,2026-05-13,21,21,30,2,2,2,2,5,5,-5.939999999999998,-4.310000000000002,-4.918000000000004,-5.930000000000007,-8.214000000000002,-6.109999999999999,-4.900000000000006
2026-05-13 19:45:00+00:00,2026-05-13 21:45:00+02:00,2026-05-13,21,21,45,3,3,2,2,5,5,-13.980000000000018,-17.169999999999987,-11.872000000000003,-13.900000000000006,-16.678000000000004,-13.940000000000012,-13.030000000000001
2026-05-13 20:00:00+00:00,2026-05-13 22:00:00+02:00,2026-05-13,22,22,0,0,0,2,2,5,5,5.199999999999989,10.969999999999999,7.417999999999995,8.419999999999987,8.701999999999996,7.459999999999994,11.77000000000001
2026-05-13 20:15:00+00:00,2026-05-13 22:15:00+02:00,2026-05-13,22,22,15,1,1,2,2,5,5,-0.2300000000000182,2.9799999999999898,1.1959999999999895,1.8700000000000045,0.7639999999999972,0.8199999999999932,4.5800000000000125
2026-05-13 20:30:00+00:00,2026-05-13 22:30:00+02:00,2026-05-13,22,22,30,2,2,2,2,5,5,-1.6400000000000148,-3.0,-2.3079999999999985,-2.049999999999983,-3.7280000000000015,-3.405000000000001,-4.039999999999992
2026-05-13 20:45:00+00:00,2026-05-13 22:45:00+02:00,2026-05-13,22,22,45,3,3,2,2,5,5,-7.010000000000005,-15.120000000000005,-9.316000000000011,-7.47999999999999,-9.359000000000004,-8.714999999999996,-9.149999999999977
2026-05-13 21:00:00+00:00,2026-05-13 23:00:00+02:00,2026-05-13,23,23,0,0,0,2,2,5,5,6.150000000000006,11.989999999999995,6.837999999999999,6.460000000000008,5.734000000000002,6.305000000000007,5.099999999999994
2026-05-13 21:15:00+00:00,2026-05-13 23:15:00+02:00,2026-05-13,23,23,15,1,1,2,2,5,5,-0.09999999999999432,2.8599999999999994,1.7299999999999982,2.719999999999999,0.9700000000000003,1.3100000000000023,2.3100000000000023
2026-05-13 21:30:00+00:00,2026-05-13 23:30:00+02:00,2026-05-13,23,23,30,2,2,2,2,5,5,-2.510000000000005,2.200000000000003,-0.8660000000000003,0.14999999999999147,-1.6500000000000044,-1.1800000000000068,-4.3700000000000045
2026-05-13 21:45:00+00:00,2026-05-13 23:45:00+02:00,2026-05-13,23,23,45,3,3,2,2,5,5,-12.25,1.75,-6.993999999999994,-6.260000000000005,-7.898000000000001,-6.845000000000006,-3.480000000000004
2026-05-14 22:00:00+00:00,2026-05-15 00:00:00+02:00,2026-05-15,0,0,0,0,0,4,4,5,5,,9.700000000000017,7.858571428571431,9.700000000000017,6.741538461538465,7.679999999999993,10.030000000000001
2026-05-14 22:15:00+00:00,2026-05-15 00:15:00+02:00,2026-05-15,0,0,15,1,1,4,4,5,5,,4.710000000000008,0.951428571428575,1.6099999999999994,2.433076923076926,1.6099999999999994,3.9499999999999886
2026-05-14 22:30:00+00:00,2026-05-15 00:30:00+02:00,2026-05-15,0,0,30,2,2,4,4,5,5,,-0.9799999999999898,-2.121428571428566,-0.9799999999999898,-0.6476923076923089,-0.8299999999999983,3.2399999999999807
2026-05-14 22:45:00+00:00,2026-05-15 00:45:00+02:00,2026-05-15,0,0,45,3,3,4,4,5,5,,-5.249999999999986,-5.01571428571428,-5.249999999999986,-3.187692307692302,-3.3400000000000034,-1.4000000000000057
2026-05-14 23:00:00+00:00,2026-05-15 01:00:00+02:00,2026-05-15,1,1,0,0,0,4,4,5,5,,4.02000000000001,5.408571428571428,4.02000000000001,3.5084615384615394,1.8499999999999943,8.5
2026-05-14 23:15:00+00:00,2026-05-15 01:15:00+02:00,2026-05-15,1,1,15,1,1,4,4,5,5,,0.5,1.9542857142857126,0.5,1.029230769230769,-0.04999999999999716,3.1699999999999875
2026-05-14 23:30:00+00:00,2026-05-15 01:30:00+02:00,2026-05-15,1,1,30,2,2,4,4,5,5,,-1.1999999999999886,1.3528571428571428,-0.25,0.35230769230769327,-0.7999999999999972,3.8499999999999943
2026-05-14 23:45:00+00:00,2026-05-15 01:45:00+02:00,2026-05-15,1,1,45,3,3,4,4,5,5,,-1.289999999999992,-0.9257142857142904,-1.289999999999992,-1.3569230769230758,-1.289999999999992,3.509999999999991
2026-05-15 00:00:00+00:00,2026-05-15 02:00:00+02:00,2026-05-15,2,2,0,0,0,4,4,5,5,,0.9399999999999977,1.394285714285711,0.9399999999999977,0.8069230769230752,0.9399999999999977,10.519999999999996
2026-05-15 00:15:00+00:00,2026-05-15 02:15:00+02:00,2026-05-15,2,2,15,1,1,4,4,5,5,,0.29000000000000625,1.1171428571428519,0.29000000000000625,0.8261538461538438,0.29000000000000625,9.230000000000004
2026-05-15 00:30:00+00:00,2026-05-15 02:30:00+02:00,2026-05-15,2,2,30,2,2,4,4,5,5,,0.5999999999999943,1.2199999999999949,0.5999999999999943,1.1099999999999932,0.9599999999999937,7.079999999999998
2026-05-15 00:45:00+00:00,2026-05-15 02:45:00+02:00,2026-05-15,2,2,45,3,3,4,4,5,5,,-1.8499999999999943,0.42857142857142655,-1.0400000000000063,0.4330769230769195,-0.6899999999999977,6.829999999999998
2026-05-15 01:00:00+00:00,2026-05-15 03:00:00+02:00,2026-05-15,3,3,0,0,0,4,4,5,5,,-0.7999999999999972,0.8885714285714305,-0.7999999999999972,-0.04076923076923332,-0.7999999999999972,6.539999999999992
2026-05-15 01:15:00+00:00,2026-05-15 03:15:00+02:00,2026-05-15,3,3,15,1,1,4,4,5,5,,-0.6500000000000057,1.0228571428571402,-0.6500000000000057,0.41153846153846135,-0.6500000000000057,6.039999999999992
2026-05-15 01:30:00+00:00,2026-05-15 03:30:00+02:00,2026-05-15,3,3,30,2,2,4,4,5,5,,-0.5600000000000023,1.0842857142857167,-0.5600000000000023,0.37769230769230633,-0.5600000000000023,5.6499999999999915
2026-05-15 01:45:00+00:00,2026-05-15 03:45:00+02:00,2026-05-15,3,3,45,3,3,4,4,5,5,,-1.019999999999996,0.8028571428571374,-0.6299999999999955,0.7899999999999986,-0.6299999999999955,5.239999999999995
2026-05-15 02:00:00+00:00,2026-05-15 04:00:00+02:00,2026-05-15,4,4,0,0,0,4,4,5,5,,-3.75,-0.9099999999999986,-2.269999999999996,-2.863846153846152,-3.539999999999992,4.170000000000002
2026-05-15 02:15:00+00:00,2026-05-15 04:15:00+02:00,2026-05-15,4,4,15,1,1,4,4,5,5,,-2.339999999999989,0.3500000000000014,-1.7900000000000063,-1.9315384615384579,-2.339999999999989,2.989999999999995
2026-05-15 02:30:00+00:00,2026-05-15 04:30:00+02:00,2026-05-15,4,4,30,2,2,4,4,5,5,,0.37000000000000455,1.912857142857143,1.4500000000000028,0.3015384615384606,0.37000000000000455,5.450000000000003
2026-05-15 02:45:00+00:00,2026-05-15 04:45:00+02:00,2026-05-15,4,4,45,3,3,4,4,5,5,,2.0700000000000074,3.905714285714286,3.8700000000000045,2.4153846153846166,3.8700000000000045,7.829999999999984
2026-05-15 03:00:00+00:00,2026-05-15 05:00:00+02:00,2026-05-15,5,5,0,0,0,4,4,5,5,,-10.13000000000001,-5.257142857142861,-3.3500000000000085,-7.494615384615385,-8.199999999999989,-0.9299999999999926
2026-05-15 03:15:00+00:00,2026-05-15 05:15:00+02:00,2026-05-15,5,5,15,1,1,4,4,5,5,,-8.250000000000014,-2.2914285714285745,-1.0900000000000034,-3.7384615384615403,-4.810000000000002,-0.14000000000000057
2026-05-15 03:30:00+00:00,2026-05-15 05:30:00+02:00,2026-05-15,5,5,30,2,2,4,4,5,5,,-2.430000000000007,2.7528571428571396,1.1099999999999994,0.7384615384615368,-1.3000000000000114,3.980000000000004
2026-05-15 03:45:00+00:00,2026-05-15 05:45:00+02:00,2026-05-15,5,5,45,3,3,4,4,5,5,,4.030000000000001,6.434285714285715,4.030000000000001,4.826153846153844,4.030000000000001,7.11999999999999
2026-05-15 04:00:00+00:00,2026-05-15 06:00:00+02:00,2026-05-15,6,6,0,0,0,4,4,5,5,,-13.119999999999976,-6.020000000000002,-7.090000000000018,-8.529230769230768,-8.570000000000007,-8.319999999999993
2026-05-15 04:15:00+00:00,2026-05-15 06:15:00+02:00,2026-05-15,6,6,15,1,1,4,4,5,5,,-3.9499999999999886,0.3285714285714271,0.23999999999998067,-0.5584615384615378,-3.299999999999983,-1.9799999999999898
2026-05-15 04:30:00+00:00,2026-05-15 06:30:00+02:00,2026-05-15,6,6,30,2,2,4,4,5,5,,-2.299999999999983,1.1171428571428603,-0.009999999999990905,1.8861538461538503,-0.009999999999990905,-0.28999999999999204
2026-05-15 04:45:00+00:00,2026-05-15 06:45:00+02:00,2026-05-15,6,6,45,3,3,4,4,5,5,,-1.0999999999999943,0.684285714285701,3.5900000000000034,0.7730769230769196,3.5900000000000034,-1.009999999999991
2026-05-15 05:00:00+00:00,2026-05-15 07:00:00+02:00,2026-05-15,7,7,0,0,0,4,4,5,5,,2.140000000000015,7.821428571428577,8.419999999999987,12.774615384615384,11.159999999999997,5.489999999999981
2026-05-15 05:15:00+00:00,2026-05-15 07:15:00+02:00,2026-05-15,7,7,15,1,1,4,4,5,5,,-1.3100000000000023,4.937142857142855,5.349999999999994,4.8599999999999985,5.349999999999994,1.4199999999999875
2026-05-15 05:30:00+00:00,2026-05-15 07:30:00+02:00,2026-05-15,7,7,30,2,2,4,4,5,5,,-7.689999999999998,0.13571428571429017,-0.35999999999999943,-4.845384615384612,-0.730000000000004,-3.740000000000009
2026-05-15 05:45:00+00:00,2026-05-15 07:45:00+02:00,2026-05-15,7,7,45,3,3,4,4,5,5,,-20.400000000000006,-10.875714285714285,-9.36,-16.150769230769228,-10.0,-18.49000000000001
2026-05-15 06:00:00+00:00,2026-05-15 08:00:00+02:00,2026-05-15,8,8,0,0,0,4,4,5,5,,23.05000000000001,22.937142857142845,23.05000000000001,22.544615384615383,23.05000000000001,13.190000000000012
2026-05-15 06:15:00+00:00,2026-05-15 08:15:00+02:00,2026-05-15,8,8,15,1,1,4,4,5,5,,13.400000000000006,10.05,10.079999999999984,8.665384615384614,9.460000000000008,4.689999999999998
2026-05-15 06:30:00+00:00,2026-05-15 08:30:00+02:00,2026-05-15,8,8,30,2,2,4,4,5,5,,-3.609999999999985,-3.010000000000003,-1.3600000000000136,-4.530000000000002,-3.609999999999985,-5.950000000000003
2026-05-15 06:45:00+00:00,2026-05-15 08:45:00+02:00,2026-05-15,8,8,45,3,3,4,4,5,5,,-21.44999999999999,-24.390000000000008,-21.44999999999999,-25.25846153846154,-21.44999999999999,-14.549999999999997
2026-05-15 07:00:00+00:00,2026-05-15 09:00:00+02:00,2026-05-15,9,9,0,0,0,4,4,5,5,,19.070000000000007,20.62142857142857,19.070000000000007,23.583076923076927,22.24000000000001,20.519999999999996
2026-05-15 07:15:00+00:00,2026-05-15 09:15:00+02:00,2026-05-15,9,9,15,1,1,4,4,5,5,,4.680000000000007,7.841428571428573,4.680000000000007,8.815384615384614,8.820000000000007,13.039999999999992
2026-05-15 07:30:00+00:00,2026-05-15 09:30:00+02:00,2026-05-15,9,9,30,2,2,4,4,5,5,,-7.079999999999998,-3.330000000000001,-3.680000000000007,-5.873846153846151,-6.030000000000001,-2.510000000000005
2026-05-15 07:45:00+00:00,2026-05-15 09:45:00+02:00,2026-05-15,9,9,45,3,3,4,4,5,5,,-12.519999999999996,-15.537142857142856,-12.460000000000008,-21.46461538461538,-12.519999999999996,-9.490000000000009
2026-05-15 08:00:00+00:00,2026-05-15 10:00:00+02:00,2026-05-15,10,10,0,0,0,4,4,5,5,,18.480000000000004,12.738571428571415,14.549999999999997,16.922307692307694,16.93,10.689999999999998
2026-05-15 08:15:00+00:00,2026-05-15 10:15:00+02:00,2026-05-15,10,10,15,1,1,4,4,5,5,,12.299999999999997,4.2242857142857115,4.279999999999999,3.9753846153846153,1.6700000000000017,2.4099999999999966
2026-05-15 08:30:00+00:00,2026-05-15 10:30:00+02:00,2026-05-15,10,10,30,2,2,4,4,5,5,,7.400000000000006,-2.2328571428571395,-2.5700000000000074,-4.350769230769229,-1.5699999999999998,-2.8400000000000034
2026-05-15 08:45:00+00:00,2026-05-15 10:45:00+02:00,2026-05-15,10,10,45,3,3,4,4,5,5,,4.829999999999998,-5.531428571428569,-5.62,-10.397692307692312,-5.62,-13.950000000000003
2026-05-15 09:00:00+00:00,2026-05-15 11:00:00+02:00,2026-05-15,11,11,0,0,0,4,4,5,5,,29.989999999999995,12.109999999999996,12.219999999999999,10.683846153846154,7.430000000000007,11.349999999999994
2026-05-15 09:15:00+00:00,2026-05-15 11:15:00+02:00,2026-05-15,11,11,15,1,1,4,4,5,5,,28.64,8.18714285714286,6.48,6.08461538461538,5.920000000000002,2.239999999999995
2026-05-15 09:30:00+00:00,2026-05-15 11:30:00+02:00,2026-05-15,11,11,30,2,2,4,4,5,5,,26.14,7.0657142857142805,5.75,1.8861538461538447,4.59,-12.660000000000004
2026-05-15 09:45:00+00:00,2026-05-15 11:45:00+02:00,2026-05-15,11,11,45,3,3,4,4,5,5,,19.909999999999997,4.457142857142855,3.3000000000000043,-8.345384615384614,1.1600000000000001,-21.35000000000001
2026-05-15 10:00:00+00:00,2026-05-15 12:00:00+02:00,2026-05-15,12,12,0,0,0,4,4,5,5,,40.1,14.016000000000009,13.38,16.06111111111111,15.319999999999993,7.210000000000001
2026-05-15 10:15:00+00:00,2026-05-15 12:15:00+02:00,2026-05-15,12,12,15,1,1,4,4,5,5,,32.32,11.040000000000003,7.909999999999997,12.852222222222217,12.459999999999994,-0.5700000000000003
2026-05-15 10:30:00+00:00,2026-05-15 12:30:00+02:00,2026-05-15,12,12,30,2,2,4,4,5,5,,26.199999999999996,8.969999999999999,3.299999999999997,11.392222222222221,14.34,-11.020000000000003
2026-05-15 10:45:00+00:00,2026-05-15 12:45:00+02:00,2026-05-15,12,12,45,3,3,4,4,5,5,,19.259999999999998,7.710000000000006,4.289999999999999,8.620000000000008,11.0,-18.300000000000004
2026-05-15 11:00:00+00:00,2026-05-15 13:00:00+02:00,2026-05-15,13,13,0,0,0,4,4,5,5,,36.459999999999994,14.10399999999999,6.84,21.701111111111107,15.5,2.25
2026-05-15 11:15:00+00:00,2026-05-15 13:15:00+02:00,2026-05-15,13,13,15,1,1,4,4,5,5,,36.67999999999999,12.978000000000003,4.809999999999999,18.702222222222225,10.340000000000003,-7.079999999999998
2026-05-15 11:30:00+00:00,2026-05-15 13:30:00+02:00,2026-05-15,13,13,30,2,2,4,4,5,5,,30.409999999999997,12.18,4.090000000000003,17.083333333333332,9.5,-9.840000000000003
2026-05-15 11:45:00+00:00,2026-05-15 13:45:00+02:00,2026-05-15,13,13,45,3,3,4,4,5,5,,16.659999999999997,9.096,2.8400000000000034,15.793333333333344,14.54,-15.25
2026-05-15 12:00:00+00:00,2026-05-15 14:00:00+02:00,2026-05-15,14,14,0,0,0,4,4,5,5,,21.28,8.959999999999999,5.890000000000001,13.817777777777774,8.579999999999998,-12.95
2026-05-15 12:15:00+00:00,2026-05-15 14:15:00+02:00,2026-05-15,14,14,15,1,1,4,4,5,5,,23.39,9.524000000000001,3.620000000000001,14.544444444444448,13.909999999999997,-12.0
2026-05-15 12:30:00+00:00,2026-05-15 14:30:00+02:00,2026-05-15,14,14,30,2,2,4,4,5,5,,29.409999999999997,13.069999999999983,7.980000000000004,17.86555555555556,16.0,-5.609999999999999
2026-05-15 12:45:00+00:00,2026-05-15 14:45:00+02:00,2026-05-15,14,14,45,3,3,4,4,5,5,,24.25,12.620000000000006,9.990000000000002,19.323333333333338,20.200000000000003,-1.0600000000000023
2026-05-15 13:00:00+00:00,2026-05-15 15:00:00+02:00,2026-05-15,15,15,0,0,0,4,4,5,5,,11.099999999999994,-0.19600000000000772,-0.0800000000000054,1.6477777777777791,0.46999999999999886,-27.95
2026-05-15 13:15:00+00:00,2026-05-15 15:15:00+02:00,2026-05-15,15,15,15,1,1,4,4,5,5,,16.569999999999993,5.574,5.28,6.403333333333334,5.28,-13.420000000000002
2026-05-15 13:30:00+00:00,2026-05-15 15:30:00+02:00,2026-05-15,15,15,30,2,2,4,4,5,5,,23.5,9.339999999999995,5.87,11.378888888888888,11.189999999999998,-1.2299999999999969
2026-05-15 13:45:00+00:00,2026-05-15 15:45:00+02:00,2026-05-15,15,15,45,3,3,4,4,5,5,,23.200000000000003,12.061999999999994,8.960000000000008,14.377777777777775,19.05,13.36
2026-05-15 14:00:00+00:00,2026-05-15 16:00:00+02:00,2026-05-15,16,16,0,0,0,4,4,5,5,,-0.980000000000004,-7.384000000000016,-2.0600000000000023,-6.081111111111114,-2.87,-38.49
2026-05-15 14:15:00+00:00,2026-05-15 16:15:00+02:00,2026-05-15,16,16,15,1,1,4,4,5,5,,-2.1499999999999915,-0.9239999999999788,-1.0100000000000051,-0.8222222222222224,-0.9699999999999989,-17.830000000000005
2026-05-15 14:30:00+00:00,2026-05-15 16:30:00+02:00,2026-05-15,16,16,30,2,2,4,4,5,5,,3.990000000000009,9.238000000000003,4.93,9.245555555555553,5.32,8.879999999999995
2026-05-15 14:45:00+00:00,2026-05-15 16:45:00+02:00,2026-05-15,16,16,45,3,3,4,4,5,5,,12.540000000000006,20.002,17.69999999999999,21.43111111111111,17.69999999999999,15.289999999999992
2026-05-15 15:00:00+00:00,2026-05-15 17:00:00+02:00,2026-05-15,17,17,0,0,0,4,4,5,5,,-15.129999999999995,-23.806000000000004,-15.709999999999994,-24.32222222222222,-25.210000000000008,-18.409999999999997
2026-05-15 15:15:00+00:00,2026-05-15 17:15:00+02:00,2026-05-15,17,17,15,1,1,4,4,5,5,,-11.420000000000002,-3.3600000000000207,-0.6600000000000108,-5.238888888888896,-6.309999999999995,-13.090000000000003
2026-05-15 15:30:00+00:00,2026-05-15 17:30:00+02:00,2026-05-15,17,17,30,2,2,4,4,5,5,,-1.6299999999999955,12.12800000000001,11.409999999999997,11.253333333333337,11.040000000000006,1.7000000000000028
2026-05-15 15:45:00+00:00,2026-05-15 17:45:00+02:00,2026-05-15,17,17,45,3,3,4,4,5,5,,13.510000000000005,26.944000000000006,24.040000000000006,31.22555555555555,25.129999999999995,15.760000000000005
2026-05-15 16:00:00+00:00,2026-05-15 18:00:00+02:00,2026-05-15,18,18,0,0,0,4,4,5,5,,-23.64,-16.905999999999995,-16.14,-23.155555555555548,-17.019999999999996,-14.64
2026-05-15 16:15:00+00:00,2026-05-15 18:15:00+02:00,2026-05-15,18,18,15,1,1,4,4,5,5,,-0.9099999999999966,-2.8379999999999965,-4.140000000000001,-5.4199999999999955,-4.349999999999994,-8.879999999999995
2026-05-15 16:30:00+00:00,2026-05-15 18:30:00+02:00,2026-05-15,18,18,30,2,2,4,4,5,5,,2.9799999999999898,5.122000000000009,4.8300000000000125,8.185555555555556,4.8300000000000125,1.8800000000000097
2026-05-15 16:45:00+00:00,2026-05-15 18:45:00+02:00,2026-05-15,18,18,45,3,3,4,4,5,5,,11.960000000000008,14.891999999999987,15.310000000000002,22.045555555555552,15.590000000000003,5.290000000000006
2026-05-15 17:00:00+00:00,2026-05-15 19:00:00+02:00,2026-05-15,19,19,0,0,0,4,4,5,5,,-20.02000000000001,-15.845999999999993,-14.98999999999998,-21.24666666666667,-18.379999999999995,-11.039999999999992
2026-05-15 17:15:00+00:00,2026-05-15 19:15:00+02:00,2026-05-15,19,19,15,1,1,4,4,5,5,,-12.410000000000025,-6.813999999999998,-6.9599999999999795,-11.262222222222224,-7.579999999999984,-4.800000000000011
2026-05-15 17:30:00+00:00,2026-05-15 19:30:00+02:00,2026-05-15,19,19,30,2,2,4,4,5,5,,-2.2900000000000205,0.23999999999999772,0.15000000000000568,6.974444444444436,1.3300000000000125,0.2599999999999909
2026-05-15 17:45:00+00:00,2026-05-15 19:45:00+02:00,2026-05-15,19,19,45,3,3,4,4,5,5,,8.519999999999982,12.440000000000012,13.069999999999993,28.93777777777777,15.400000000000006,9.549999999999983
2026-05-15 18:00:00+00:00,2026-05-15 20:00:00+02:00,2026-05-15,20,20,0,0,0,4,4,5,5,,-0.8000000000000114,-5.128000000000034,-4.840000000000018,1.7155555555555633,-3.490000000000009,-9.039999999999992
2026-05-15 18:15:00+00:00,2026-05-15 20:15:00+02:00,2026-05-15,20,20,15,1,1,4,4,5,5,,-2.8200000000000216,-3.076000000000002,-3.0600000000000165,3.309999999999999,-2.8200000000000216,-4.319999999999993
2026-05-15 18:30:00+00:00,2026-05-15 20:30:00+02:00,2026-05-15,20,20,30,2,2,4,4,5,5,,-1.25,-0.3000000000000028,-1.25,3.7322222222222226,1.4300000000000068,-3.1699999999999875
2026-05-15 18:45:00+00:00,2026-05-15 20:45:00+02:00,2026-05-15,20,20,45,3,3,4,4,5,5,,-5.390000000000015,-1.4460000000000037,-0.6100000000000136,-1.5477777777777817,-1.2600000000000193,0.5699999999999932
2026-05-15 19:00:00+00:00,2026-05-15 21:00:00+02:00,2026-05-15,21,21,0,0,0,4,4,5,5,,8.710000000000008,10.724000000000013,10.0,18.34,10.340000000000003,6.550000000000011
2026-05-15 19:15:00+00:00,2026-05-15 21:15:00+02:00,2026-05-15,21,21,15,1,1,4,4,5,5,,3.4199999999999875,2.7159999999999966,2.6599999999999966,4.0477777777777675,2.6899999999999977,-1.3799999999999955
2026-05-15 19:30:00+00:00,2026-05-15 21:30:00+02:00,2026-05-15,21,21,30,2,2,4,4,5,5,,-6.280000000000001,-5.036000000000004,-5.930000000000007,-7.271111111111115,-5.930000000000007,-8.77000000000001
2026-05-15 19:45:00+00:00,2026-05-15 21:45:00+02:00,2026-05-15,21,21,45,3,3,4,4,5,5,,-11.629999999999995,-11.044000000000006,-13.030000000000001,-16.47666666666667,-13.900000000000006,-14.870000000000005
2026-05-15 20:00:00+00:00,2026-05-15 22:00:00+02:00,2026-05-15,22,22,0,0,0,4,4,5,5,,8.419999999999987,7.577999999999998,8.419999999999987,10.56222222222222,9.629999999999995,10.120000000000005
2026-05-15 20:15:00+00:00,2026-05-15 22:15:00+02:00,2026-05-15,22,22,15,1,1,4,4,5,5,,-3.730000000000018,1.515999999999994,1.8700000000000045,2.6966666666666645,2.9799999999999898,3.890000000000015
2026-05-15 20:30:00+00:00,2026-05-15 22:30:00+02:00,2026-05-15,22,22,30,2,2,4,4,5,5,,-3.8100000000000023,-2.515999999999997,-2.049999999999983,-3.152222222222223,-3.0,-0.9199999999999875
2026-05-15 20:45:00+00:00,2026-05-15 22:45:00+02:00,2026-05-15,22,22,45,3,3,4,4,5,5,,-13.360000000000014,-8.122000000000005,-7.47999999999999,-8.93888888888889,-7.47999999999999,-7.579999999999984
2026-05-15 21:00:00+00:00,2026-05-15 23:00:00+02:00,2026-05-15,23,23,0,0,0,4,4,5,5,,1.1400000000000006,5.459999999999999,6.150000000000006,7.565555555555559,6.460000000000008,8.650000000000006
2026-05-15 21:15:00+00:00,2026-05-15 23:15:00+02:00,2026-05-15,23,23,15,1,1,4,4,5,5,,-1.8499999999999943,1.6199999999999988,2.3100000000000023,2.2833333333333363,2.719999999999999,0.6899999999999977
2026-05-15 21:30:00+00:00,2026-05-15 23:30:00+02:00,2026-05-15,23,23,30,2,2,4,4,5,5,,-6.239999999999995,-2.180000000000002,-2.510000000000005,-1.334444444444448,0.14999999999999147,-2.319999999999993
2026-05-15 21:45:00+00:00,2026-05-15 23:45:00+02:00,2026-05-15,23,23,45,3,3,4,4,5,5,,-15.810000000000002,-8.039999999999996,-6.260000000000005,-5.941111111111111,-4.530000000000001,-5.719999999999999
2026-05-29 22:00:00+00:00,2026-05-30 00:00:00+02:00,2026-05-30,0,0,0,0,0,5,5,5,5,,,6.646666666666661,10.030000000000001,7.091000000000004,9.28500000000001,-1.7800000000000011
2026-05-29 22:15:00+00:00,2026-05-30 00:15:00+02:00,2026-05-30,0,0,15,1,1,5,5,5,5,,,-0.5633333333333373,1.6099999999999994,1.203000000000003,1.4299999999999997,-1.4000000000000057
2026-05-29 22:30:00+00:00,2026-05-30 00:30:00+02:00,2026-05-30,0,0,30,2,2,5,5,5,5,,,-4.633333333333334,-2.480000000000004,-1.203000000000003,-0.07000000000000028,-2.420000000000016
2026-05-29 22:45:00+00:00,2026-05-30 00:45:00+02:00,2026-05-30,0,0,45,3,3,5,5,5,5,,,-8.733333333333334,-9.469999999999999,-4.071999999999994,-2.4250000000000043,-4.760000000000005
2026-05-29 23:00:00+00:00,2026-05-30 01:00:00+02:00,2026-05-30,1,1,0,0,0,5,5,5,5,,,3.0799999999999983,3.680000000000007,4.741000000000001,3.8500000000000085,-2.5
2026-05-29 23:15:00+00:00,2026-05-30 01:15:00+02:00,2026-05-30,1,1,15,1,1,5,5,5,5,,,-1.523333333333337,-0.04999999999999716,1.6149999999999962,0.22500000000000142,-1.279999999999987
2026-05-29 23:30:00+00:00,2026-05-30 01:30:00+02:00,2026-05-30,1,1,30,2,2,5,5,5,5,,,-0.5666666666666677,-0.25,0.8539999999999992,-0.5249999999999986,-0.1600000000000108
2026-05-29 23:45:00+00:00,2026-05-30 01:45:00+02:00,2026-05-30,1,1,45,3,3,5,5,5,5,,,-3.6966666666666774,-2.989999999999995,-1.038000000000001,-1.2099999999999937,0.5300000000000011
2026-05-30 00:00:00+00:00,2026-05-30 02:00:00+02:00,2026-05-30,2,2,0,0,0,5,5,5,5,,,0.48333333333332956,-1.1700000000000017,2.4219999999999966,1.9699999999999989,0.8599999999999994
2026-05-30 00:15:00+00:00,2026-05-30 02:15:00+02:00,2026-05-30,2,2,15,1,1,5,5,5,5,,,0.6133333333333292,-1.460000000000008,2.030999999999998,0.9200000000000017,-0.060000000000002274
2026-05-30 00:30:00+00:00,2026-05-30 02:30:00+02:00,2026-05-30,2,2,30,2,2,5,5,5,5,,,0.24333333333332993,-0.4200000000000017,2.0349999999999913,1.1699999999999946,-4.579999999999998
2026-05-30 00:45:00+00:00,2026-05-30 02:45:00+02:00,2026-05-30,2,2,45,3,3,5,5,5,5,,,-0.1033333333333341,-0.6899999999999977,1.0639999999999958,-0.5249999999999986,-6.8799999999999955
2026-05-30 01:00:00+00:00,2026-05-30 03:00:00+02:00,2026-05-30,3,3,0,0,0,5,5,5,5,,,-0.8399999999999986,-4.450000000000003,1.2879999999999978,0.365000000000002,-3.8799999999999955
2026-05-30 01:15:00+00:00,2026-05-30 03:15:00+02:00,2026-05-30,3,3,15,1,1,5,5,5,5,,,-0.5366666666666712,-2.8599999999999994,1.0819999999999983,-0.05000000000000426,-4.489999999999995
2026-05-30 01:30:00+00:00,2026-05-30 03:30:00+02:00,2026-05-30,3,3,30,2,2,5,5,5,5,,,0.27000000000000074,-1.5400000000000063,1.0009999999999977,-0.4350000000000023,-3.9399999999999977
2026-05-30 01:45:00+00:00,2026-05-30 03:45:00+02:00,2026-05-30,3,3,45,3,3,5,5,5,5,,,-0.7266666666666785,-0.6299999999999955,0.9209999999999965,-0.1700000000000017,-2.1599999999999966
2026-05-30 02:00:00+00:00,2026-05-30 04:00:00+02:00,2026-05-30,4,4,0,0,0,5,5,5,5,,,-2.800000000000002,-3.539999999999992,-1.2819999999999994,-0.8349999999999937,-0.36999999999999034
2026-05-30 02:15:00+00:00,2026-05-30 04:15:00+02:00,2026-05-30,4,4,15,1,1,5,5,5,5,,,-2.200000000000005,-2.799999999999997,-0.5969999999999966,-0.05500000000000682,0.9699999999999989
2026-05-30 02:30:00+00:00,2026-05-30 04:30:00+02:00,2026-05-30,4,4,30,2,2,5,5,5,5,,,0.673333333333332,1.4500000000000028,1.258999999999999,2.469999999999999,1.6599999999999966
2026-05-30 02:45:00+00:00,2026-05-30 04:45:00+02:00,2026-05-30,4,4,45,3,3,5,5,5,5,,,3.416666666666657,3.8700000000000045,3.2409999999999988,4.25,-1.0799999999999983
2026-05-30 03:00:00+00:00,2026-05-30 05:00:00+02:00,2026-05-30,5,5,0,0,0,5,5,5,5,,,-8.34666666666667,-9.209999999999994,-5.511000000000001,-2.760000000000005,-1.3599999999999994
2026-05-30 03:15:00+00:00,2026-05-30 05:15:00+02:00,2026-05-30,5,5,15,1,1,5,5,5,5,,,-5.00666666666667,-5.849999999999994,-2.316000000000001,-0.615000000000002,0.030000000000001137
2026-05-30 03:30:00+00:00,2026-05-30 05:30:00+02:00,2026-05-30,5,5,30,2,2,5,5,5,5,,,0.629999999999999,1.1099999999999994,1.6939999999999997,2.450000000000003,1.5999999999999943
2026-05-30 03:45:00+00:00,2026-05-30 05:45:00+02:00,2026-05-30,5,5,45,3,3,5,5,5,5,,,4.660000000000001,5.3300000000000125,5.606999999999999,4.680000000000007,4.689999999999998
2026-05-30 04:00:00+00:00,2026-05-30 06:00:00+02:00,2026-05-30,6,6,0,0,0,5,5,5,5,,,-9.866666666666665,-8.570000000000007,-5.821999999999998,-7.705000000000005,1.1599999999999966
2026-05-30 04:15:00+00:00,2026-05-30 06:15:00+02:00,2026-05-30,6,6,15,1,1,5,5,5,5,,,-1.573333333333326,-1.9799999999999898,1.1319999999999992,0.44999999999998863,-1.7600000000000051
2026-05-30 04:30:00+00:00,2026-05-30 06:30:00+02:00,2026-05-30,6,6,30,2,2,5,5,5,5,,,1.0433333333333412,-0.009999999999990905,2.3600000000000065,1.710000000000008,-1.8799999999999955
2026-05-30 04:45:00+00:00,2026-05-30 06:45:00+02:00,2026-05-30,6,6,45,3,3,5,5,5,5,,,2.47333333333332,3.5900000000000034,0.2709999999999965,1.2900000000000063,-1.1400000000000006
2026-05-30 05:00:00+00:00,2026-05-30 07:00:00+02:00,2026-05-30,7,7,0,0,0,5,5,5,5,,,3.240000000000004,5.030000000000001,10.702000000000002,8.584999999999994,-3.299999999999997
2026-05-30 05:15:00+00:00,2026-05-30 07:15:00+02:00,2026-05-30,7,7,15,1,1,5,5,5,5,,,2.089999999999995,1.4199999999999875,4.860999999999999,4.834999999999994,1.9000000000000057
2026-05-30 05:30:00+00:00,2026-05-30 07:30:00+02:00,2026-05-30,7,7,30,2,2,5,5,5,5,,,-0.7866666666666665,-0.730000000000004,-2.0019999999999967,-0.5450000000000017,-1.0799999999999983
2026-05-30 05:45:00+00:00,2026-05-30 07:45:00+02:00,2026-05-30,7,7,45,3,3,5,5,5,5,,,-11.983333333333334,-9.36,-13.413999999999998,-9.68,0.8400000000000034
2026-05-30 06:00:00+00:00,2026-05-30 08:00:00+02:00,2026-05-30,8,8,0,0,0,5,5,5,5,,,10.8733333333333,13.190000000000012,22.24,21.75500000000001,2.1500000000000057
2026-05-30 06:15:00+00:00,2026-05-30 08:15:00+02:00,2026-05-30,8,8,15,1,1,5,5,5,5,,,1.4733333333333338,4.689999999999998,10.050999999999998,9.769999999999996,9.180000000000007
2026-05-30 06:30:00+00:00,2026-05-30 08:30:00+02:00,2026-05-30,8,8,30,2,2,5,5,5,5,,,-8.980000000000013,-5.950000000000003,-2.1580000000000004,-2.4849999999999994,15.429999999999993
2026-05-30 06:45:00+00:00,2026-05-30 08:45:00+02:00,2026-05-30,8,8,45,3,3,5,5,5,5,,,-21.313333333333354,-16.47,-22.488,-19.33,4.959999999999994
2026-05-30 07:00:00+00:00,2026-05-30 09:00:00+02:00,2026-05-30,9,9,0,0,0,5,5,5,5,,,7.389999999999993,9.019999999999996,25.094,20.72,-1.0100000000000051
2026-05-30 07:15:00+00:00,2026-05-30 09:15:00+02:00,2026-05-30,9,9,15,1,1,5,5,5,5,,,3.7599999999999993,2.4200000000000017,9.783999999999997,10.93,-10.14
2026-05-30 07:30:00+00:00,2026-05-30 09:30:00+02:00,2026-05-30,9,9,30,2,2,5,5,5,5,,,-2.3800000000000003,-2.510000000000005,-4.269999999999999,-3.095000000000006,6.989999999999998
2026-05-30 07:45:00+00:00,2026-05-30 09:45:00+02:00,2026-05-30,9,9,45,3,3,5,5,5,5,,,-13.243333333333332,-11.77000000000001,-16.738999999999997,-12.115000000000009,-1.7100000000000009
2026-05-30 08:00:00+00:00,2026-05-30 10:00:00+02:00,2026-05-30,10,10,0,0,0,5,5,5,5,,,10.089999999999968,10.689999999999998,11.208000000000004,11.939999999999998,3.1999999999999993
2026-05-30 08:15:00+00:00,2026-05-30 10:15:00+02:00,2026-05-30,10,10,15,1,1,5,5,5,5,,,2.7333333333333276,2.4099999999999966,3.101,2.039999999999999,11.86
2026-05-30 08:30:00+00:00,2026-05-30 10:30:00+02:00,2026-05-30,10,10,30,2,2,5,5,5,5,,,-6.403333333333329,-2.8400000000000034,-2.0989999999999966,-2.0600000000000036,-2.0599999999999996
2026-05-30 08:45:00+00:00,2026-05-30 10:45:00+02:00,2026-05-30,10,10,45,3,3,5,5,5,5,,,-13.283333333333331,-13.950000000000003,-5.584000000000003,-3.8200000000000003,6.7
2026-05-30 09:00:00+00:00,2026-05-30 11:00:00+02:00,2026-05-30,11,11,0,0,0,5,5,5,5,,,10.80999999999999,11.349999999999994,10.788,9.39,-1.21
2026-05-30 09:15:00+00:00,2026-05-30 11:15:00+02:00,2026-05-30,11,11,15,1,1,5,5,5,5,,,2.0266666666666686,2.239999999999995,7.118999999999993,5.945,-2.59
2026-05-30 09:30:00+00:00,2026-05-30 11:30:00+02:00,2026-05-30,11,11,30,2,2,5,5,5,5,,,-3.1766666666666814,-2.6200000000000045,4.545999999999997,5.005000000000001,1.01
2026-05-30 09:45:00+00:00,2026-05-30 11:45:00+02:00,2026-05-30,11,11,45,3,3,5,5,5,5,,,-6.960000000000011,-2.8299999999999983,1.5390000000000021,2.230000000000002,7.14
2026-05-30 10:00:00+00:00,2026-05-30 12:00:00+02:00,2026-05-30,12,12,0,0,0,5,5,5,5,,,,,,,-4.3
2026-05-30 10:15:00+00:00,2026-05-30 12:15:00+02:00,2026-05-30,12,12,15,1,1,5,5,5,5,,,,,,,4.61
2026-05-30 10:30:00+00:00,2026-05-30 12:30:00+02:00,2026-05-30,12,12,30,2,2,5,5,5,5,,,,,,,7.33
2026-05-30 10:45:00+00:00,2026-05-30 12:45:00+02:00,2026-05-30,12,12,45,3,3,5,5,5,5,,,,,,,10.17
2026-05-30 11:00:00+00:00,2026-05-30 13:00:00+02:00,2026-05-30,13,13,0,0,0,5,5,5,5,,,,,,,6.6
2026-05-30 11:15:00+00:00,2026-05-30 13:15:00+02:00,2026-05-30,13,13,15,1,1,5,5,5,5,,,,,,,11.03
2026-05-30 11:30:00+00:00,2026-05-30 13:30:00+02:00,2026-05-30,13,13,30,2,2,5,5,5,5,,,,,,,1.44
2026-05-30 11:45:00+00:00,2026-05-30 13:45:00+02:00,2026-05-30,13,13,45,3,3,5,5,5,5,,,,,,,2.03
2026-05-30 12:00:00+00:00,2026-05-30 14:00:00+02:00,2026-05-30,14,14,0,0,0,5,5,5,5,,,,,,,1.08
2026-05-30 12:15:00+00:00,2026-05-30 14:15:00+02:00,2026-05-30,14,14,15,1,1,5,5,5,5,,,,,,,9.42
2026-05-30 12:30:00+00:00,2026-05-30 14:30:00+02:00,2026-05-30,14,14,30,2,2,5,5,5,5,,,,,,,7.4
2026-05-30 12:45:00+00:00,2026-05-30 14:45:00+02:00,2026-05-30,14,14,45,3,3,5,5,5,5,,,,,,,0.2
2026-05-30 13:00:00+00:00,2026-05-30 15:00:00+02:00,2026-05-30,15,15,0,0,0,5,5,5,5,,,,,,,13.41
2026-05-30 13:15:00+00:00,2026-05-30 15:15:00+02:00,2026-05-30,15,15,15,1,1,5,5,5,5,,,,,,,5.92
2026-05-30 13:30:00+00:00,2026-05-30 15:30:00+02:00,2026-05-30,15,15,30,2,2,5,5,5,5,,,,,,,-1.6999999999999997
2026-05-30 13:45:00+00:00,2026-05-30 15:45:00+02:00,2026-05-30,15,15,45,3,3,5,5,5,5,,,,,,,-5.01
2026-05-30 14:00:00+00:00,2026-05-30 16:00:00+02:00,2026-05-30,16,16,0,0,0,5,5,5,5,,,,,,,7.1899999999999995
2026-05-30 14:15:00+00:00,2026-05-30 16:15:00+02:00,2026-05-30,16,16,15,1,1,5,5,5,5,,,,,,,4.4
2026-05-30 14:30:00+00:00,2026-05-30 16:30:00+02:00,2026-05-30,16,16,30,2,2,5,5,5,5,,,,,,,-2.67
2026-05-30 14:45:00+00:00,2026-05-30 16:45:00+02:00,2026-05-30,16,16,45,3,3,5,5,5,5,,,,,,,7.0
2026-05-30 15:00:00+00:00,2026-05-30 17:00:00+02:00,2026-05-30,17,17,0,0,0,5,5,5,5,,,,,,,3.1799999999999997
2026-05-30 15:15:00+00:00,2026-05-30 17:15:00+02:00,2026-05-30,17,17,15,1,1,5,5,5,5,,,,,,,-1.1599999999999966
2026-05-30 15:30:00+00:00,2026-05-30 17:30:00+02:00,2026-05-30,17,17,30,2,2,5,5,5,5,,,,,,,-2.930000000000007
2026-05-30 15:45:00+00:00,2026-05-30 17:45:00+02:00,2026-05-30,17,17,45,3,3,5,5,5,5,,,,,,,4.109999999999999
2026-05-30 16:00:00+00:00,2026-05-30 18:00:00+02:00,2026-05-30,18,18,0,0,0,5,5,5,5,,,,,,,-0.21999999999999886
2026-05-30 16:15:00+00:00,2026-05-30 18:15:00+02:00,2026-05-30,18,18,15,1,1,5,5,5,5,,,,,,,-5.289999999999992
2026-05-30 16:30:00+00:00,2026-05-30 18:30:00+02:00,2026-05-30,18,18,30,2,2,5,5,5,5,,,,,,,-5.319999999999993
2026-05-30 16:45:00+00:00,2026-05-30 18:45:00+02:00,2026-05-30,18,18,45,3,3,5,5,5,5,,,,,,,-22.690000000000012
2026-05-30 17:00:00+00:00,2026-05-30 19:00:00+02:00,2026-05-30,19,19,0,0,0,5,5,5,5,,,,,,,-0.3100000000000023
2026-05-30 17:15:00+00:00,2026-05-30 19:15:00+02:00,2026-05-30,19,19,15,1,1,5,5,5,5,,,,,,,-6.310000000000002
2026-05-30 17:30:00+00:00,2026-05-30 19:30:00+02:00,2026-05-30,19,19,30,2,2,5,5,5,5,,,,,,,-12.900000000000006
2026-05-30 17:45:00+00:00,2026-05-30 19:45:00+02:00,2026-05-30,19,19,45,3,3,5,5,5,5,,,,,,,-25.25
2026-05-30 18:00:00+00:00,2026-05-30 20:00:00+02:00,2026-05-30,20,20,0,0,0,5,5,5,5,,,,,,,-17.670000000000016
2026-05-30 18:15:00+00:00,2026-05-30 20:15:00+02:00,2026-05-30,20,20,15,1,1,5,5,5,5,,,,,,,0.950000000000017
2026-05-30 18:30:00+00:00,2026-05-30 20:30:00+02:00,2026-05-30,20,20,30,2,2,5,5,5,5,,,,,,,-3.1399999999999864
2026-05-30 18:45:00+00:00,2026-05-30 20:45:00+02:00,2026-05-30,20,20,45,3,3,5,5,5,5,,,,,,,-9.560000000000002
2026-05-30 19:00:00+00:00,2026-05-30 21:00:00+02:00,2026-05-30,21,21,0,0,0,5,5,5,5,,,,,,,-7.030000000000001
2026-05-30 19:15:00+00:00,2026-05-30 21:15:00+02:00,2026-05-30,21,21,15,1,1,5,5,5,5,,,,,,,3.8000000000000114
2026-05-30 19:30:00+00:00,2026-05-30 21:30:00+02:00,2026-05-30,21,21,30,2,2,5,5,5,5,,,,,,,2.089999999999975
2026-05-30 19:45:00+00:00,2026-05-30 21:45:00+02:00,2026-05-30,21,21,45,3,3,5,5,5,5,,,,,,,5.230000000000018
2026-05-30 20:00:00+00:00,2026-05-30 22:00:00+02:00,2026-05-30,22,22,0,0,0,5,5,5,5,,,,,,,8.650000000000006
2026-05-30 20:15:00+00:00,2026-05-30 22:15:00+02:00,2026-05-30,22,22,15,1,1,5,5,5,5,,,,,,,2.219999999999999
2026-05-30 20:30:00+00:00,2026-05-30 22:30:00+02:00,2026-05-30,22,22,30,2,2,5,5,5,5,,,,,,,3.5
2026-05-30 20:45:00+00:00,2026-05-30 22:45:00+02:00,2026-05-30,22,22,45,3,3,5,5,5,5,,,,,,,2.1299999999999955
2026-05-30 21:00:00+00:00,2026-05-30 23:00:00+02:00,2026-05-30,23,23,0,0,0,5,5,5,5,,,,,,,3.069999999999993
2026-05-30 21:15:00+00:00,2026-05-30 23:15:00+02:00,2026-05-30,23,23,15,1,1,5,5,5,5,,,,,,,0.4299999999999784
2026-05-30 21:30:00+00:00,2026-05-30 23:30:00+02:00,2026-05-30,23,23,30,2,2,5,5,5,5,,,,,,,1.7799999999999727
2026-05-30 21:45:00+00:00,2026-05-30 23:45:00+02:00,2026-05-30,23,23,45,3,3,5,5,5,5,,,,,,,2.5
2026-05-30 22:00:00+00:00,2026-05-31 00:00:00+02:00,2026-05-31,0,0,0,0,0,6,6,5,5,-1.7800000000000011,,6.426666666666658,10.030000000000001,7.094000000000004,9.28500000000001,-1.3100000000000023
2026-05-30 22:15:00+00:00,2026-05-31 00:15:00+02:00,2026-05-31,0,0,15,1,1,6,6,5,5,-1.4000000000000057,,1.3866666666666607,1.6099999999999994,0.9380000000000024,0.8900000000000006,0.0
2026-05-30 22:30:00+00:00,2026-05-31 00:30:00+02:00,2026-05-31,0,0,30,2,2,6,6,5,5,-2.420000000000016,,-0.5533333333333404,-2.420000000000016,-1.5290000000000035,-1.1199999999999974,0.8100000000000023
2026-05-30 22:45:00+00:00,2026-05-31 00:45:00+02:00,2026-05-31,0,0,45,3,3,6,6,5,5,-4.760000000000005,,-5.2100000000000035,-4.760000000000005,-4.471999999999994,-4.105000000000004,-2.1999999999999886
2026-05-30 23:00:00+00:00,2026-05-31 01:00:00+02:00,2026-05-31,1,1,0,0,0,6,6,5,5,-2.5,,3.2266666666666644,3.680000000000007,4.571000000000001,3.8500000000000085,1.1099999999999852
2026-05-30 23:15:00+00:00,2026-05-31 01:15:00+02:00,2026-05-31,1,1,15,1,1,6,6,5,5,-1.279999999999987,,0.6133333333333333,-0.04999999999999716,1.5169999999999975,0.22500000000000142,-3.3500000000000227
2026-05-30 23:30:00+00:00,2026-05-31 01:30:00+02:00,2026-05-31,1,1,30,2,2,6,6,5,5,-0.1600000000000108,,1.1466666666666612,-0.1600000000000108,0.9179999999999978,-0.2050000000000054,0.3400000000000034
2026-05-30 23:45:00+00:00,2026-05-31 01:45:00+02:00,2026-05-31,1,1,45,3,3,6,6,5,5,0.5300000000000011,,0.3499999999999896,0.5300000000000011,-0.8720000000000013,-0.37999999999999545,-0.9500000000000028
2026-05-31 00:00:00+00:00,2026-05-31 02:00:00+02:00,2026-05-31,2,2,0,0,0,6,6,5,5,0.8599999999999994,,3.403333333333331,0.8599999999999994,2.3939999999999966,1.8699999999999974,-2.009999999999991
2026-05-31 00:15:00+00:00,2026-05-31 02:15:00+02:00,2026-05-31,2,2,15,1,1,6,6,5,5,-0.060000000000002274,,2.569999999999997,-0.060000000000002274,2.0829999999999975,0.9200000000000017,-1.8700000000000045
2026-05-31 00:30:00+00:00,2026-05-31 02:30:00+02:00,2026-05-31,2,2,30,2,2,6,6,5,5,-4.579999999999998,,0.6933333333333328,-0.4200000000000017,1.480999999999992,0.9899999999999949,-2.1500000000000057
2026-05-31 00:45:00+00:00,2026-05-31 02:45:00+02:00,2026-05-31,2,2,45,3,3,6,6,5,5,-6.8799999999999955,,-0.24666666666666495,-0.6899999999999977,0.4119999999999962,-0.865000000000002,2.8100000000000023
2026-05-31 01:00:00+00:00,2026-05-31 03:00:00+02:00,2026-05-31,3,3,0,0,0,6,6,5,5,-3.8799999999999955,,-0.596666666666664,-3.8799999999999955,1.1499999999999981,0.365000000000002,-2.8800000000000097
2026-05-31 01:15:00+00:00,2026-05-31 03:15:00+02:00,2026-05-31,3,3,15,1,1,6,6,5,5,-4.489999999999995,,-0.4366666666666674,-2.8599999999999994,1.1429999999999982,-0.05000000000000426,3.75
2026-05-31 01:30:00+00:00,2026-05-31 03:30:00+02:00,2026-05-31,3,3,30,2,2,6,6,5,5,-3.9399999999999977,,0.05666666666666723,-1.5400000000000063,1.1149999999999978,-0.4350000000000023,-1.0600000000000023
2026-05-31 01:45:00+00:00,2026-05-31 03:45:00+02:00,2026-05-31,3,3,45,3,3,6,6,5,5,-2.1599999999999966,,0.8166666666666581,-0.6299999999999955,1.0769999999999968,-0.1700000000000017,0.5600000000000023
2026-05-31 02:00:00+00:00,2026-05-31 04:00:00+02:00,2026-05-31,4,4,0,0,0,6,6,5,5,-0.36999999999999034,,0.08666666666666838,-0.36999999999999034,0.08900000000000148,0.1150000000000091,-0.5099999999999909
2026-05-31 02:15:00+00:00,2026-05-31 04:15:00+02:00,2026-05-31,4,4,15,1,1,6,6,5,5,0.9699999999999989,,0.38666666666666316,0.9699999999999989,0.8090000000000022,1.3249999999999957,0.6900000000000119
2026-05-31 02:30:00+00:00,2026-05-31 04:30:00+02:00,2026-05-31,4,4,30,2,2,6,6,5,5,1.6599999999999966,,2.853333333333334,1.6599999999999966,2.3989999999999982,2.5749999999999957,-1.7000000000000028
2026-05-31 02:45:00+00:00,2026-05-31 04:45:00+02:00,2026-05-31,4,4,45,3,3,6,6,5,5,-1.0799999999999983,,3.539999999999992,3.8700000000000045,3.871999999999999,4.25,1.2600000000000051
2026-05-31 03:00:00+00:00,2026-05-31 05:00:00+02:00,2026-05-31,5,5,0,0,0,6,6,5,5,-1.3599999999999994,,-3.8333333333333335,-1.3599999999999994,-3.772,-1.7650000000000006,-2.7700000000000102
2026-05-31 03:15:00+00:00,2026-05-31 05:15:00+02:00,2026-05-31,5,5,15,1,1,6,6,5,5,0.030000000000001137,,-1.9866666666666692,-0.14000000000000057,-1.236,-0.054999999999999716,-3.960000000000008
2026-05-31 03:30:00+00:00,2026-05-31 05:30:00+02:00,2026-05-31,5,5,30,2,2,6,6,5,5,1.5999999999999943,,2.229999999999998,1.5999999999999943,2.864,2.6950000000000003,-1.6099999999999994
2026-05-31 03:45:00+00:00,2026-05-31 05:45:00+02:00,2026-05-31,5,5,45,3,3,6,6,5,5,4.689999999999998,,5.713333333333334,5.3300000000000125,6.401999999999999,5.010000000000005,5.400000000000006
2026-05-31 04:00:00+00:00,2026-05-31 06:00:00+02:00,2026-05-31,6,6,0,0,0,6,6,5,5,1.1599999999999966,,-5.243333333333335,-8.319999999999993,-3.63,-5.765000000000015,5.900000000000006
2026-05-31 04:15:00+00:00,2026-05-31 06:15:00+02:00,2026-05-31,6,6,15,1,1,6,6,5,5,-1.7600000000000051,,-1.0266666666666637,-1.7600000000000051,0.8769999999999968,-0.7600000000000122,3.6700000000000017
2026-05-31 04:30:00+00:00,2026-05-31 06:30:00+02:00,2026-05-31,6,6,30,2,2,6,6,5,5,-1.8799999999999955,,0.4200000000000064,-0.28999999999999204,1.6580000000000055,-0.14999999999999147,2.9200000000000017
2026-05-31 04:45:00+00:00,2026-05-31 06:45:00+02:00,2026-05-31,6,6,45,3,3,6,6,5,5,-1.1400000000000006,,0.8966666666666517,-1.009999999999991,0.6319999999999965,1.2900000000000063,3.700000000000003
2026-05-31 05:00:00+00:00,2026-05-31 07:00:00+02:00,2026-05-31,7,7,0,0,0,6,6,5,5,-3.299999999999997,,2.406666666666671,5.030000000000001,9.256,6.954999999999984,0.5600000000000023
2026-05-31 05:15:00+00:00,2026-05-31 07:15:00+02:00,2026-05-31,7,7,15,1,1,6,6,5,5,1.9000000000000057,,2.5466666666666633,1.9000000000000057,5.383999999999999,4.834999999999994,-8.560000000000002
2026-05-31 05:30:00+00:00,2026-05-31 07:30:00+02:00,2026-05-31,7,7,30,2,2,6,6,5,5,-1.0799999999999983,,-0.9033333333333312,-1.0799999999999983,-0.3779999999999976,-0.5450000000000017,-3.0999999999999943
2026-05-31 05:45:00+00:00,2026-05-31 07:45:00+02:00,2026-05-31,7,7,45,3,3,6,6,5,5,0.8400000000000034,,-8.583333333333334,-8.099999999999994,-10.068,-8.729999999999997,1.4300000000000068
2026-05-31 06:00:00+00:00,2026-05-31 08:00:00+02:00,2026-05-31,8,8,0,0,0,6,6,5,5,2.1500000000000057,,10.779999999999973,13.190000000000012,20.567,21.75500000000001,-0.6899999999999977
2026-05-31 06:15:00+00:00,2026-05-31 08:15:00+02:00,2026-05-31,8,8,15,1,1,6,6,5,5,9.180000000000007,,7.406666666666671,8.350000000000009,10.779999999999998,9.769999999999996,10.100000000000009
2026-05-31 06:30:00+00:00,2026-05-31 08:30:00+02:00,2026-05-31,8,8,30,2,2,6,6,5,5,15.429999999999993,,2.8699999999999855,-0.8700000000000045,0.43699999999999833,-1.115000000000009,11.590000000000003
2026-05-31 06:45:00+00:00,2026-05-31 08:45:00+02:00,2026-05-31,8,8,45,3,3,6,6,5,5,4.959999999999994,,-8.686666666666687,-14.549999999999997,-17.576999999999998,-16.840000000000003,20.580000000000005
2026-05-31 07:00:00+00:00,2026-05-31 09:00:00+02:00,2026-05-31,9,9,0,0,0,6,6,5,5,-1.0100000000000051,,9.509999999999996,9.019999999999996,19.822,19.795,5.489999999999995
2026-05-31 07:15:00+00:00,2026-05-31 09:15:00+02:00,2026-05-31,9,9,15,1,1,6,6,5,5,-10.14,,-0.426666666666667,-4.179999999999993,7.224999999999999,6.750000000000007,32.59
2026-05-31 07:30:00+00:00,2026-05-31 09:30:00+02:00,2026-05-31,9,9,30,2,2,6,6,5,5,6.989999999999998,,-0.8333333333333321,-2.510000000000005,-0.9429999999999996,-2.0300000000000025,30.499999999999996
2026-05-31 07:45:00+00:00,2026-05-31 09:45:00+02:00,2026-05-31,9,9,45,3,3,6,6,5,5,-1.7100000000000009,,-9.889999999999993,-9.490000000000009,-12.566,-10.63000000000001,12.530000000000001
2026-05-31 08:00:00+00:00,2026-05-31 10:00:00+02:00,2026-05-31,10,10,0,0,0,6,6,5,5,3.1999999999999993,,6.306666666666637,5.030000000000001,11.342000000000002,11.939999999999998,6.140000000000004
2026-05-31 08:15:00+00:00,2026-05-31 10:15:00+02:00,2026-05-31,10,10,15,1,1,6,6,5,5,11.86,,4.026666666666664,2.4099999999999966,4.296,3.344999999999998,5.750000000000001
2026-05-31 08:30:00+00:00,2026-05-31 10:30:00+02:00,2026-05-31,10,10,30,2,2,6,6,5,5,-2.0599999999999996,,-6.233333333333326,-2.8400000000000034,-2.149999999999996,-2.3150000000000035,-0.75
2026-05-31 08:45:00+00:00,2026-05-31 10:45:00+02:00,2026-05-31,10,10,45,3,3,6,6,5,5,6.7,,-7.529999999999998,-13.950000000000003,-4.712000000000004,-3.385,5.58
2026-05-31 09:00:00+00:00,2026-05-31 11:00:00+02:00,2026-05-31,11,11,0,0,0,6,6,5,5,-1.21,,5.856666666666658,7.430000000000007,10.05,9.39,-4.799999999999999
2026-05-31 09:15:00+00:00,2026-05-31 11:15:00+02:00,2026-05-31,11,11,15,1,1,6,6,5,5,-2.59,,-1.1899999999999988,-2.59,6.262999999999993,5.795000000000001,-0.5999999999999996
2026-05-31 09:30:00+00:00,2026-05-31 11:30:00+02:00,2026-05-31,11,11,30,2,2,6,6,5,5,1.01,,-4.756666666666681,-2.6200000000000045,4.187999999999996,4.745000000000001,-0.7799999999999998
2026-05-31 09:45:00+00:00,2026-05-31 11:45:00+02:00,2026-05-31,11,11,45,3,3,6,6,5,5,7.14,,-5.680000000000011,-2.8299999999999983,1.8150000000000008,2.230000000000002,3.29
2026-05-31 10:00:00+00:00,2026-05-31 12:00:00+02:00,2026-05-31,12,12,0,0,0,6,6,5,5,-4.3,,,,,,-10.42
2026-05-31 10:15:00+00:00,2026-05-31 12:15:00+02:00,2026-05-31,12,12,15,1,1,6,6,5,5,4.61,,,,,,-1.8
2026-05-31 10:30:00+00:00,2026-05-31 12:30:00+02:00,2026-05-31,12,12,30,2,2,6,6,5,5,7.33,,,,,,7.88
2026-05-31 10:45:00+00:00,2026-05-31 12:45:00+02:00,2026-05-31,12,12,45,3,3,6,6,5,5,10.17,,,,,,8.190000000000001
2026-05-31 11:00:00+00:00,2026-05-31 13:00:00+02:00,2026-05-31,13,13,0,0,0,6,6,5,5,6.6,,,,,,0.87
2026-05-31 11:15:00+00:00,2026-05-31 13:15:00+02:00,2026-05-31,13,13,15,1,1,6,6,5,5,11.03,,,,,,-0.69
2026-05-31 11:30:00+00:00,2026-05-31 13:30:00+02:00,2026-05-31,13,13,30,2,2,6,6,5,5,1.44,,,,,,-3.03
2026-05-31 11:45:00+00:00,2026-05-31 13:45:00+02:00,2026-05-31,13,13,45,3,3,6,6,5,5,2.03,,,,,,-3.07
2026-05-31 12:00:00+00:00,2026-05-31 14:00:00+02:00,2026-05-31,14,14,0,0,0,6,6,5,5,1.08,,,,,,4.17
2026-05-31 12:15:00+00:00,2026-05-31 14:15:00+02:00,2026-05-31,14,14,15,1,1,6,6,5,5,9.42,,,,,,-1.65
2026-05-31 12:30:00+00:00,2026-05-31 14:30:00+02:00,2026-05-31,14,14,30,2,2,6,6,5,5,7.4,,,,,,-2.46
2026-05-31 12:45:00+00:00,2026-05-31 14:45:00+02:00,2026-05-31,14,14,45,3,3,6,6,5,5,0.2,,,,,,-2.91
2026-05-31 13:00:00+00:00,2026-05-31 15:00:00+02:00,2026-05-31,15,15,0,0,0,6,6,5,5,13.41,,,,,,9.14
2026-05-31 13:15:00+00:00,2026-05-31 15:15:00+02:00,2026-05-31,15,15,15,1,1,6,6,5,5,5.92,,,,,,-2.9
2026-05-31 13:30:00+00:00,2026-05-31 15:30:00+02:00,2026-05-31,15,15,30,2,2,6,6,5,5,-1.6999999999999997,,,,,,-8.9
2026-05-31 13:45:00+00:00,2026-05-31 15:45:00+02:00,2026-05-31,15,15,45,3,3,6,6,5,5,-5.01,,,,,,-12.74
2026-05-31 14:00:00+00:00,2026-05-31 16:00:00+02:00,2026-05-31,16,16,0,0,0,6,6,5,5,7.1899999999999995,,,,,,11.24
2026-05-31 14:15:00+00:00,2026-05-31 16:15:00+02:00,2026-05-31,16,16,15,1,1,6,6,5,5,4.4,,,,,,10.899999999999999
2026-05-31 14:30:00+00:00,2026-05-31 16:30:00+02:00,2026-05-31,16,16,30,2,2,6,6,5,5,-2.67,,,,,,-0.13000000000000256
2026-05-31 14:45:00+00:00,2026-05-31 16:45:00+02:00,2026-05-31,16,16,45,3,3,6,6,5,5,7.0,,,,,,44.739999999999995
2026-05-31 15:00:00+00:00,2026-05-31 17:00:00+02:00,2026-05-31,17,17,0,0,0,6,6,5,5,3.1799999999999997,,,,,,1.460000000000008
2026-05-31 15:15:00+00:00,2026-05-31 17:15:00+02:00,2026-05-31,17,17,15,1,1,6,6,5,5,-1.1599999999999966,,,,,,-4.969999999999999
2026-05-31 15:30:00+00:00,2026-05-31 17:30:00+02:00,2026-05-31,17,17,30,2,2,6,6,5,5,-2.930000000000007,,,,,,3.5799999999999983
2026-05-31 15:45:00+00:00,2026-05-31 17:45:00+02:00,2026-05-31,17,17,45,3,3,6,6,5,5,4.109999999999999,,,,,,0.5100000000000051
2026-05-31 16:00:00+00:00,2026-05-31 18:00:00+02:00,2026-05-31,18,18,0,0,0,6,6,5,5,-0.21999999999999886,,,,,,19.690000000000012
2026-05-31 16:15:00+00:00,2026-05-31 18:15:00+02:00,2026-05-31,18,18,15,1,1,6,6,5,5,-5.289999999999992,,,,,,1.980000000000004
2026-05-31 16:30:00+00:00,2026-05-31 18:30:00+02:00,2026-05-31,18,18,30,2,2,6,6,5,5,-5.319999999999993,,,,,,4.210000000000008
2026-05-31 16:45:00+00:00,2026-05-31 18:45:00+02:00,2026-05-31,18,18,45,3,3,6,6,5,5,-22.690000000000012,,,,,,-0.5900000000000034
2026-05-31 17:00:00+00:00,2026-05-31 19:00:00+02:00,2026-05-31,19,19,0,0,0,6,6,5,5,-0.3100000000000023,,,,,,0.22999999999998977
2026-05-31 17:15:00+00:00,2026-05-31 19:15:00+02:00,2026-05-31,19,19,15,1,1,6,6,5,5,-6.310000000000002,,,,,,0.28000000000000114
2026-05-31 17:30:00+00:00,2026-05-31 19:30:00+02:00,2026-05-31,19,19,30,2,2,6,6,5,5,-12.900000000000006,,,,,,-15.080000000000013
2026-05-31 17:45:00+00:00,2026-05-31 19:45:00+02:00,2026-05-31,19,19,45,3,3,6,6,5,5,-25.25,,,,,,-0.5
2026-05-31 18:00:00+00:00,2026-05-31 20:00:00+02:00,2026-05-31,20,20,0,0,0,6,6,5,5,-17.670000000000016,,,,,,-3.8700000000000045
2026-05-31 18:15:00+00:00,2026-05-31 20:15:00+02:00,2026-05-31,20,20,15,1,1,6,6,5,5,0.950000000000017,,,,,,-3.609999999999985
2026-05-31 18:30:00+00:00,2026-05-31 20:30:00+02:00,2026-05-31,20,20,30,2,2,6,6,5,5,-3.1399999999999864,,,,,,-5.849999999999994
2026-05-31 18:45:00+00:00,2026-05-31 20:45:00+02:00,2026-05-31,20,20,45,3,3,6,6,5,5,-9.560000000000002,,,,,,-24.47999999999999
2026-05-31 19:00:00+00:00,2026-05-31 21:00:00+02:00,2026-05-31,21,21,0,0,0,6,6,5,5,-7.030000000000001,,,,,,-5.349999999999994
2026-05-31 19:15:00+00:00,2026-05-31 21:15:00+02:00,2026-05-31,21,21,15,1,1,6,6,5,5,3.8000000000000114,,,,,,-25.840000000000003
2026-05-31 19:30:00+00:00,2026-05-31 21:30:00+02:00,2026-05-31,21,21,30,2,2,6,6,5,5,2.089999999999975,,,,,,-16.980000000000018
2026-05-31 19:45:00+00:00,2026-05-31 21:45:00+02:00,2026-05-31,21,21,45,3,3,6,6,5,5,5.230000000000018,,,,,,-7.180000000000007
2026-05-31 20:00:00+00:00,2026-05-31 22:00:00+02:00,2026-05-31,22,22,0,0,0,6,6,5,5,8.650000000000006,,,,,,-2.9499999999999886
2026-05-31 20:15:00+00:00,2026-05-31 22:15:00+02:00,2026-05-31,22,22,15,1,1,6,6,5,5,2.219999999999999,,,,,,-1.3400000000000034
2026-05-31 20:30:00+00:00,2026-05-31 22:30:00+02:00,2026-05-31,22,22,30,2,2,6,6,5,5,3.5,,,,,,-0.19999999999998863
2026-05-31 20:45:00+00:00,2026-05-31 22:45:00+02:00,2026-05-31,22,22,45,3,3,6,6,5,5,2.1299999999999955,,,,,,-3.660000000000025
2026-05-31 21:00:00+00:00,2026-05-31 23:00:00+02:00,2026-05-31,23,23,0,0,0,6,6,5,5,3.069999999999993,,,,,,6.97999999999999
2026-05-31 21:15:00+00:00,2026-05-31 23:15:00+02:00,2026-05-31,23,23,15,1,1,6,6,5,5,0.4299999999999784,,,,,,-0.5699999999999932
2026-05-31 21:30:00+00:00,2026-05-31 23:30:00+02:00,2026-05-31,23,23,30,2,2,6,6,5,5,1.7799999999999727,,,,,,0.29999999999998295
2026-05-31 21:45:00+00:00,2026-05-31 23:45:00+02:00,2026-05-31,23,23,45,3,3,6,6,5,5,2.5,,,,,,-0.0800000000000125
2026-05-31 22:00:00+00:00,2026-06-01 00:00:00+02:00,2026-06-01,0,0,0,0,0,0,0,6,6,-1.3100000000000023,,2.3133333333333232,-1.3100000000000023,6.195000000000005,9.28500000000001,1.8400000000000034
2026-05-31 22:15:00+00:00,2026-06-01 00:15:00+02:00,2026-06-01,0,0,15,1,1,0,0,6,6,0.0,,0.8499999999999943,0.0,0.9210000000000023,0.8700000000000045,0.700000000000017
2026-05-31 22:30:00+00:00,2026-06-01 00:30:00+02:00,2026-06-01,0,0,30,2,2,0,0,6,6,0.8100000000000023,,0.5433333333333282,0.8100000000000023,-1.3220000000000027,-0.08499999999999375,4.170000000000016
2026-05-31 22:45:00+00:00,2026-06-01 00:45:00+02:00,2026-06-01,0,0,45,3,3,0,0,6,6,-2.1999999999999886,,-2.7866666666666666,-2.1999999999999886,-4.346999999999992,-3.479999999999997,0.03999999999999204
2026-05-31 23:00:00+00:00,2026-06-01 01:00:00+02:00,2026-06-01,1,1,0,0,0,0,0,6,6,1.1099999999999852,,2.3699999999999903,1.1099999999999852,4.497,3.8500000000000085,1.9799999999999898
2026-05-31 23:15:00+00:00,2026-06-01 01:15:00+02:00,2026-06-01,1,1,15,1,1,0,0,6,6,-3.3500000000000227,,-0.48666666666667524,-1.279999999999987,1.2219999999999958,0.22500000000000142,4.920000000000016
2026-05-31 23:30:00+00:00,2026-06-01 01:30:00+02:00,2026-06-01,1,1,30,2,2,0,0,6,6,0.3400000000000034,,1.343333333333329,0.3400000000000034,1.3499999999999985,0.0899999999999963,-4.47999999999999
2026-05-31 23:45:00+00:00,2026-06-01 01:45:00+02:00,2026-06-01,1,1,45,3,3,0,0,6,6,-0.9500000000000028,,1.029999999999987,0.5300000000000011,-0.33900000000000147,-0.21000000000000085,-5.340000000000003
2026-06-01 00:00:00+00:00,2026-06-01 02:00:00+02:00,2026-06-01,2,2,0,0,0,0,0,6,6,-2.009999999999991,,3.123333333333335,0.8599999999999994,1.9129999999999978,0.8999999999999986,0.8699999999999903
2026-06-01 00:15:00+00:00,2026-06-01 02:15:00+02:00,2026-06-01,2,2,15,1,1,0,0,6,6,-1.8700000000000045,,2.433333333333332,-0.060000000000002274,1.5119999999999965,0.11500000000000199,-0.3200000000000074
2026-06-01 00:30:00+00:00,2026-06-01 02:30:00+02:00,2026-06-01,2,2,30,2,2,0,0,6,6,-2.1500000000000057,,0.11666666666666477,-2.1500000000000057,0.8889999999999919,0.0899999999999963,1.3599999999999994
2026-06-01 00:45:00+00:00,2026-06-01 02:45:00+02:00,2026-06-01,2,2,45,3,3,0,0,6,6,2.8100000000000023,,0.9200000000000017,2.8100000000000023,0.5759999999999963,-0.865000000000002,-3.089999999999989
2026-06-01 01:00:00+00:00,2026-06-01 03:00:00+02:00,2026-06-01,3,3,0,0,0,0,0,6,6,-2.8800000000000097,,-0.07333333333333296,-2.8800000000000097,0.5999999999999982,-1.8349999999999937,-1.1800000000000068
2026-06-01 01:15:00+00:00,2026-06-01 03:15:00+02:00,2026-06-01,3,3,15,1,1,0,0,6,6,3.75,,1.7666666666666657,3.75,1.2459999999999982,-0.05000000000000426,1.0999999999999943
2026-06-01 01:30:00+00:00,2026-06-01 03:30:00+02:00,2026-06-01,3,3,30,2,2,0,0,6,6,-1.0600000000000023,,0.21666666666666856,-1.0600000000000023,0.8239999999999981,-0.8100000000000023,-3.1499999999999915
2026-06-01 01:45:00+00:00,2026-06-01 03:45:00+02:00,2026-06-01,3,3,45,3,3,0,0,6,6,0.5600000000000023,,1.213333333333324,0.5600000000000023,0.9259999999999977,-0.1700000000000017,3.160000000000011
2026-06-01 02:00:00+00:00,2026-06-01 04:00:00+02:00,2026-06-01,4,4,0,0,0,0,0,6,6,-0.5099999999999909,,1.0966666666666687,-0.36999999999999034,-0.307999999999997,-0.4399999999999906,-4.049999999999997
2026-06-01 02:15:00+00:00,2026-06-01 04:15:00+02:00,2026-06-01,4,4,15,1,1,0,0,6,6,0.6900000000000119,,1.5499999999999996,0.9699999999999989,0.7100000000000041,0.8300000000000054,1.5100000000000051
2026-06-01 02:30:00+00:00,2026-06-01 04:30:00+02:00,2026-06-01,4,4,30,2,2,0,0,6,6,-1.7000000000000028,,1.8033333333333321,1.6599999999999966,1.8799999999999983,1.5549999999999997,-1.1899999999999977
2026-06-01 02:45:00+00:00,2026-06-01 04:45:00+02:00,2026-06-01,4,4,45,3,3,0,0,6,6,1.2600000000000051,,2.6699999999999924,1.2600000000000051,3.535,2.970000000000006,-1.009999999999991
2026-06-01 03:00:00+00:00,2026-06-01 05:00:00+02:00,2026-06-01,5,5,0,0,0,0,0,6,6,-2.7700000000000102,,-1.686666666666672,-1.3599999999999994,-4.186000000000002,-2.470000000000006,3.269999999999996
2026-06-01 03:15:00+00:00,2026-06-01 05:15:00+02:00,2026-06-01,5,5,15,1,1,0,0,6,6,-3.960000000000008,,-1.3566666666666738,-0.14000000000000057,-2.0110000000000015,-0.615000000000002,1.25
2026-06-01 03:30:00+00:00,2026-06-01 05:30:00+02:00,2026-06-01,5,5,30,2,2,0,0,6,6,-1.6099999999999994,,1.3233333333333317,1.5999999999999943,2.3239999999999994,1.3549999999999969,-0.2599999999999909
2026-06-01 03:45:00+00:00,2026-06-01 05:45:00+02:00,2026-06-01,5,5,45,3,3,0,0,6,6,5.400000000000006,,5.736666666666665,5.400000000000006,6.225,5.010000000000005,-2.219999999999999
2026-06-01 04:00:00+00:00,2026-06-01 06:00:00+02:00,2026-06-01,6,6,0,0,0,0,0,6,6,5.900000000000006,,-0.419999999999997,1.1599999999999966,-4.339999999999999,-5.765000000000015,-8.26000000000002
2026-06-01 04:15:00+00:00,2026-06-01 06:15:00+02:00,2026-06-01,6,6,15,1,1,0,0,6,6,3.6700000000000017,,-0.023333333333328692,-1.7600000000000051,0.22299999999999756,-0.7600000000000122,-11.969999999999999
2026-06-01 04:30:00+00:00,2026-06-01 06:30:00+02:00,2026-06-01,6,6,30,2,2,0,0,6,6,2.9200000000000017,,0.2500000000000047,-0.28999999999999204,0.8570000000000062,-0.14999999999999147,2.980000000000018
2026-06-01 04:45:00+00:00,2026-06-01 06:45:00+02:00,2026-06-01,6,6,45,3,3,0,0,6,6,3.700000000000003,,0.5166666666666515,-1.009999999999991,0.6339999999999975,1.2900000000000063,0.30000000000001137
2026-06-01 05:00:00+00:00,2026-06-01 07:00:00+02:00,2026-06-01,7,7,0,0,0,0,0,6,6,0.5600000000000023,,0.9166666666666714,0.5600000000000023,5.75,5.259999999999991,-7.6200000000000045
2026-06-01 05:15:00+00:00,2026-06-01 07:15:00+02:00,2026-06-01,7,7,15,1,1,0,0,6,6,-8.560000000000002,,-1.7466666666666686,1.4199999999999875,2.9319999999999977,3.1099999999999994,-2.480000000000018
2026-06-01 05:30:00+00:00,2026-06-01 07:30:00+02:00,2026-06-01,7,7,30,2,2,0,0,6,6,-3.0999999999999943,,-2.6400000000000006,-3.0999999999999943,-0.6969999999999974,-0.8099999999999952,-17.02000000000001
2026-06-01 05:45:00+00:00,2026-06-01 07:45:00+02:00,2026-06-01,7,7,45,3,3,0,0,6,6,1.4300000000000068,,-5.406666666666666,0.8400000000000034,-9.235,-8.729999999999997,-2.680000000000007
2026-06-01 06:00:00+00:00,2026-06-01 08:00:00+02:00,2026-06-01,8,8,0,0,0,0,0,6,6,-0.6899999999999977,,4.8833333333333115,2.1500000000000057,17.521,18.729999999999997,-3.710000000000008
2026-06-01 06:15:00+00:00,2026-06-01 08:15:00+02:00,2026-06-01,8,8,15,1,1,0,0,6,6,10.100000000000009,,7.990000000000005,9.180000000000007,9.431999999999999,9.769999999999996,-6.039999999999992
2026-06-01 06:30:00+00:00,2026-06-01 08:30:00+02:00,2026-06-01,8,8,30,2,2,0,0,6,6,11.590000000000003,,7.023333333333322,11.590000000000003,-1.4210854715202005e-15,-1.115000000000009,-7.02000000000001
2026-06-01 06:45:00+00:00,2026-06-01 08:45:00+02:00,2026-06-01,8,8,45,3,3,0,0,6,6,20.580000000000005,,3.663333333333315,4.959999999999994,-15.974,-16.840000000000003,3.0500000000000114
2026-06-01 07:00:00+00:00,2026-06-01 09:00:00+02:00,2026-06-01,9,9,0,0,0,0,0,6,6,5.489999999999995,,8.333333333333329,5.489999999999995,16.935,17.155,-4.009999999999991
2026-06-01 07:15:00+00:00,2026-06-01 09:15:00+02:00,2026-06-01,9,9,15,1,1,0,0,6,6,32.59,,11.829999999999998,13.039999999999992,9.038,6.750000000000007,-1.3599999999999852
2026-06-01 07:30:00+00:00,2026-06-01 09:30:00+02:00,2026-06-01,9,9,30,2,2,0,0,6,6,30.499999999999996,,11.660000000000002,6.989999999999998,1.1669999999999998,-2.0300000000000025,4.319999999999993
2026-06-01 07:45:00+00:00,2026-06-01 09:45:00+02:00,2026-06-01,9,9,45,3,3,0,0,6,6,12.530000000000001,,0.44333333333333985,-1.7100000000000009,-10.743,-10.63000000000001,4.390000000000001
2026-06-01 08:00:00+00:00,2026-06-01 10:00:00+02:00,2026-06-01,10,10,0,0,0,0,0,6,6,6.140000000000004,,6.676666666666638,6.140000000000004,10.920000000000005,11.939999999999998,5.010000000000005
2026-06-01 08:15:00+00:00,2026-06-01 10:15:00+02:00,2026-06-01,10,10,15,1,1,0,0,6,6,5.750000000000001,,6.673333333333329,5.750000000000001,4.959,4.929999999999999,4.75
2026-06-01 08:30:00+00:00,2026-06-01 10:30:00+02:00,2026-06-01,10,10,30,2,2,0,0,6,6,-0.75,,-1.8833333333333273,-2.0599999999999996,-2.127999999999996,-2.3150000000000035,15.58999999999999
2026-06-01 08:45:00+00:00,2026-06-01 10:45:00+02:00,2026-06-01,10,10,45,3,3,0,0,6,6,5.58,,-0.5566666666666681,5.58,-4.039000000000004,-2.835,2.5
2026-06-01 09:00:00+00:00,2026-06-01 11:00:00+02:00,2026-06-01,11,11,0,0,0,0,0,6,6,-4.799999999999999,,1.779999999999989,-1.21,9.011,9.39,14.120000000000005
2026-06-01 09:15:00+00:00,2026-06-01 11:15:00+02:00,2026-06-01,11,11,15,1,1,0,0,6,6,-0.5999999999999996,,-0.3166666666666658,-0.5999999999999996,5.635999999999994,4.825000000000001,12.799999999999997
2026-06-01 09:30:00+00:00,2026-06-01 11:30:00+02:00,2026-06-01,11,11,30,2,2,0,0,6,6,-0.7799999999999998,,-4.143333333333346,-0.7799999999999998,3.702999999999996,3.2150000000000007,28.659999999999997
2026-06-01 09:45:00+00:00,2026-06-01 11:45:00+02:00,2026-06-01,11,11,45,3,3,0,0,6,6,3.29,,-3.6400000000000126,3.29,2.028000000000001,3.295000000000002,23.980000000000004
2026-06-01 10:00:00+00:00,2026-06-01 12:00:00+02:00,2026-06-01,12,12,0,0,0,0,0,6,6,-10.42,,-7.359999999999985,-7.359999999999999,,,4.579999999999998
2026-06-01 10:15:00+00:00,2026-06-01 12:15:00+02:00,2026-06-01,12,12,15,1,1,0,0,6,6,-1.8,,1.4050000000000038,1.4050000000000002,,,6.450000000000003
2026-06-01 10:30:00+00:00,2026-06-01 12:30:00+02:00,2026-06-01,12,12,30,2,2,0,0,6,6,7.88,,7.605,7.605,,,6.989999999999995
2026-06-01 10:45:00+00:00,2026-06-01 12:45:00+02:00,2026-06-01,12,12,45,3,3,0,0,6,6,8.190000000000001,,9.18000000000001,9.18,,,9.459999999999994
2026-06-01 11:00:00+00:00,2026-06-01 13:00:00+02:00,2026-06-01,13,13,0,0,0,0,0,6,6,0.87,,3.734999999999982,3.735,,,9.189999999999998
2026-06-01 11:15:00+00:00,2026-06-01 13:15:00+02:00,2026-06-01,13,13,15,1,1,0,0,6,6,-0.69,,5.170000000000018,5.17,,,7.800000000000011
2026-06-01 11:30:00+00:00,2026-06-01 13:30:00+02:00,2026-06-01,13,13,30,2,2,0,0,6,6,-3.03,,-0.7949999999999999,-0.7949999999999999,,,9.539999999999992
2026-06-01 11:45:00+00:00,2026-06-01 13:45:00+02:00,2026-06-01,13,13,45,3,3,0,0,6,6,-3.07,,-0.5199999999999991,-0.52,,,46.330000000000005
2026-06-01 12:00:00+00:00,2026-06-01 14:00:00+02:00,2026-06-01,14,14,0,0,0,0,0,6,6,4.17,,2.625,2.625,,,44.59
2026-06-01 12:15:00+00:00,2026-06-01 14:15:00+02:00,2026-06-01,14,14,15,1,1,0,0,6,6,-1.65,,3.885,3.885,,,12.079999999999998
2026-06-01 12:30:00+00:00,2026-06-01 14:30:00+02:00,2026-06-01,14,14,30,2,2,0,0,6,6,-2.46,,2.4699999999999576,2.47,,,41.919999999999995
2026-06-01 12:45:00+00:00,2026-06-01 14:45:00+02:00,2026-06-01,14,14,45,3,3,0,0,6,6,-2.91,,-1.3549999999999893,-1.355,,,38.57999999999999
2026-06-01 13:00:00+00:00,2026-06-01 15:00:00+02:00,2026-06-01,15,15,0,0,0,0,0,6,6,9.14,,11.274999999999986,11.275,,,12.36
2026-06-01 13:15:00+00:00,2026-06-01 15:15:00+02:00,2026-06-01,15,15,15,1,1,0,0,6,6,-2.9,,1.51,1.51,,,5.409999999999997
2026-06-01 13:30:00+00:00,2026-06-01 15:30:00+02:00,2026-06-01,15,15,30,2,2,0,0,6,6,-8.9,,-5.300000000000009,-5.3,,,18.52000000000001
2026-06-01 13:45:00+00:00,2026-06-01 15:45:00+02:00,2026-06-01,15,15,45,3,3,0,0,6,6,-12.74,,-8.875000000000014,-8.875,,,19.52000000000001
2026-06-01 14:00:00+00:00,2026-06-01 16:00:00+02:00,2026-06-01,16,16,0,0,0,0,0,6,6,11.24,,9.214999999999971,9.215,,,12.760000000000005
2026-06-01 14:15:00+00:00,2026-06-01 16:15:00+02:00,2026-06-01,16,16,15,1,1,0,0,6,6,10.899999999999999,,7.650000000000047,7.6499999999999995,,,11.259999999999991
2026-06-01 14:30:00+00:00,2026-06-01 16:30:00+02:00,2026-06-01,16,16,30,2,2,0,0,6,6,-0.13000000000000256,,-1.4000000000000012,-1.4000000000000012,,,5.310000000000002
2026-06-01 14:45:00+00:00,2026-06-01 16:45:00+02:00,2026-06-01,16,16,45,3,3,0,0,6,6,44.739999999999995,,25.869999999999997,25.869999999999997,,,1.0500000000000114
2026-06-01 15:00:00+00:00,2026-06-01 17:00:00+02:00,2026-06-01,17,17,0,0,0,0,0,6,6,1.460000000000008,,2.3199999999999896,2.320000000000004,,,4.569999999999993
2026-06-01 15:15:00+00:00,2026-06-01 17:15:00+02:00,2026-06-01,17,17,15,1,1,0,0,6,6,-4.969999999999999,,-3.0650000000000404,-3.0649999999999977,,,-3.950000000000003
2026-06-01 15:30:00+00:00,2026-06-01 17:30:00+02:00,2026-06-01,17,17,30,2,2,0,0,6,6,3.5799999999999983,,0.32500000000002416,0.32499999999999574,,,-2.8600000000000136
2026-06-01 15:45:00+00:00,2026-06-01 17:45:00+02:00,2026-06-01,17,17,45,3,3,0,0,6,6,0.5100000000000051,,2.3100000000000165,2.3100000000000023,,,-8.140000000000015
2026-06-01 16:00:00+00:00,2026-06-01 18:00:00+02:00,2026-06-01,18,18,0,0,0,0,0,6,6,19.690000000000012,,9.73500000000002,9.735000000000007,,,4.509999999999991
2026-06-01 16:15:00+00:00,2026-06-01 18:15:00+02:00,2026-06-01,18,18,15,1,1,0,0,6,6,1.980000000000004,,-1.654999999999994,-1.654999999999994,,,-11.72999999999999
2026-06-01 16:30:00+00:00,2026-06-01 18:30:00+02:00,2026-06-01,18,18,30,2,2,0,0,6,6,4.210000000000008,,-0.5549999999999713,-0.5549999999999926,,,0.5700000000000216
2026-06-01 16:45:00+00:00,2026-06-01 18:45:00+02:00,2026-06-01,18,18,45,3,3,0,0,6,6,-0.5900000000000034,,-11.64000000000005,-11.640000000000008,,,-5.090000000000003
2026-06-01 17:00:00+00:00,2026-06-01 19:00:00+02:00,2026-06-01,19,19,0,0,0,0,0,6,6,0.22999999999998977,,-0.03999999999999915,-0.04000000000000625,,,-38.41
2026-06-01 17:15:00+00:00,2026-06-01 19:15:00+02:00,2026-06-01,19,19,15,1,1,0,0,6,6,0.28000000000000114,,-3.015000000000015,-3.0150000000000006,,,-40.870000000000005
2026-06-01 17:30:00+00:00,2026-06-01 19:30:00+02:00,2026-06-01,19,19,30,2,2,0,0,6,6,-15.080000000000013,,-13.990000000000009,-13.990000000000009,,,-6.349999999999994
2026-06-01 17:45:00+00:00,2026-06-01 19:45:00+02:00,2026-06-01,19,19,45,3,3,0,0,6,6,-0.5,,-12.874999999999972,-12.875,,,21.769999999999982
2026-06-01 18:00:00+00:00,2026-06-01 20:00:00+02:00,2026-06-01,20,20,0,0,0,0,0,6,6,-3.8700000000000045,,-10.770000000000067,-10.77000000000001,,,-24.920000000000016
2026-06-01 18:15:00+00:00,2026-06-01 20:15:00+02:00,2026-06-01,20,20,15,1,1,0,0,6,6,-3.609999999999985,,-1.329999999999984,-1.329999999999984,,,-9.060000000000002
2026-06-01 18:30:00+00:00,2026-06-01 20:30:00+02:00,2026-06-01,20,20,30,2,2,0,0,6,6,-5.849999999999994,,-4.494999999999997,-4.49499999999999,,,-16.680000000000007
2026-06-01 18:45:00+00:00,2026-06-01 20:45:00+02:00,2026-06-01,20,20,45,3,3,0,0,6,6,-24.47999999999999,,-17.019999999999996,-17.019999999999996,,,-68.36000000000001
2026-06-01 19:00:00+00:00,2026-06-01 21:00:00+02:00,2026-06-01,21,21,0,0,0,0,0,6,6,-5.349999999999994,,-6.189999999999969,-6.189999999999998,,,64.56
2026-06-01 19:15:00+00:00,2026-06-01 21:15:00+02:00,2026-06-01,21,21,15,1,1,0,0,6,6,-25.840000000000003,,-11.019999999999996,-11.019999999999996,,,-42.93000000000001
2026-06-01 19:30:00+00:00,2026-06-01 21:30:00+02:00,2026-06-01,21,21,30,2,2,0,0,6,6,-16.980000000000018,,-7.445000000000022,-7.445000000000022,,,14.75
2026-06-01 19:45:00+00:00,2026-06-01 21:45:00+02:00,2026-06-01,21,21,45,3,3,0,0,6,6,-7.180000000000007,,-0.9749999999999943,-0.9749999999999943,,,-145.14999999999998
2026-06-01 20:00:00+00:00,2026-06-01 22:00:00+02:00,2026-06-01,22,22,0,0,0,0,0,6,6,-2.9499999999999886,,2.8500000000000085,2.8500000000000085,,,49.16
2026-06-01 20:15:00+00:00,2026-06-01 22:15:00+02:00,2026-06-01,22,22,15,1,1,0,0,6,6,-1.3400000000000034,,0.4399999999999906,0.4399999999999977,,,-27.650000000000006
2026-06-01 20:30:00+00:00,2026-06-01 22:30:00+02:00,2026-06-01,22,22,30,2,2,0,0,6,6,-0.19999999999998863,,1.6500000000000128,1.6500000000000057,,,-6.340000000000003
2026-06-01 20:45:00+00:00,2026-06-01 22:45:00+02:00,2026-06-01,22,22,45,3,3,0,0,6,6,-3.660000000000025,,-0.7650000000000361,-0.7650000000000148,,,-81.08000000000001
2026-06-01 21:00:00+00:00,2026-06-01 23:00:00+02:00,2026-06-01,23,23,0,0,0,0,0,6,6,6.97999999999999,,5.024999999999984,5.0249999999999915,,,-0.5099999999999909
2026-06-01 21:15:00+00:00,2026-06-01 23:15:00+02:00,2026-06-01,23,23,15,1,1,0,0,6,6,-0.5699999999999932,,-0.0700000000000216,-0.07000000000000739,,,-2.4099999999999966
2026-06-01 21:30:00+00:00,2026-06-01 23:30:00+02:00,2026-06-01,23,23,30,2,2,0,0,6,6,0.29999999999998295,,1.039999999999976,1.0399999999999778,,,-2.019999999999982
2026-06-01 21:45:00+00:00,2026-06-01 23:45:00+02:00,2026-06-01,23,23,45,3,3,0,0,6,6,-0.0800000000000125,,1.210000000000008,1.2099999999999937,,,-3.5100000000000193
2026-06-01 22:00:00+00:00,2026-06-02 00:00:00+02:00,2026-06-02,0,0,0,0,0,1,1,6,6,1.8400000000000034,,-0.4166666666666761,-1.3100000000000023,4.247000000000005,5.355000000000004,0.21000000000000796
2026-06-01 22:15:00+00:00,2026-06-02 00:15:00+02:00,2026-06-02,0,0,15,1,1,1,1,6,6,0.700000000000017,,-0.23333333333332953,0.0,-0.4569999999999951,0.41500000000001336,-5.990000000000009
2026-06-01 22:30:00+00:00,2026-06-02 00:30:00+02:00,2026-06-02,0,0,30,2,2,1,1,6,6,4.170000000000016,,0.85333333333334,0.8100000000000023,-1.7340000000000004,-0.08499999999999375,-1.9300000000000068
2026-06-01 22:45:00+00:00,2026-06-02 00:45:00+02:00,2026-06-02,0,0,45,3,3,1,1,6,6,0.03999999999999204,,-2.306666666666667,-2.1999999999999886,-4.842999999999994,-3.479999999999997,-1.4800000000000182
2026-06-01 23:00:00+00:00,2026-06-02 01:00:00+02:00,2026-06-02,1,1,0,0,0,1,1,6,6,1.9799999999999898,,0.19666666666665358,1.1099999999999852,3.508999999999999,2.8299999999999983,-3.5
2026-06-01 23:15:00+00:00,2026-06-02 01:15:00+02:00,2026-06-02,1,1,15,1,1,1,1,6,6,4.920000000000016,,0.09666666666666757,-1.279999999999987,0.6349999999999982,0.22500000000000142,-1.789999999999992
2026-06-01 23:30:00+00:00,2026-06-02 01:30:00+02:00,2026-06-02,1,1,30,2,2,1,1,6,6,-4.47999999999999,,-1.4333333333333325,-0.1600000000000108,-0.16200000000000045,-0.2050000000000054,-0.37999999999999545
2026-06-01 23:45:00+00:00,2026-06-02 01:45:00+02:00,2026-06-02,1,1,45,3,3,1,1,6,6,-5.340000000000003,,-1.9200000000000113,-0.9500000000000028,-1.7030000000000016,-1.1199999999999974,-5.5
2026-06-02 00:00:00+00:00,2026-06-02 02:00:00+02:00,2026-06-02,2,2,0,0,0,1,1,6,6,0.8699999999999903,,-0.09333333333333371,0.8599999999999994,0.7479999999999972,0.8649999999999949,-4.509999999999991
2026-06-02 00:15:00+00:00,2026-06-02 02:15:00+02:00,2026-06-02,2,2,15,1,1,1,1,6,6,-0.3200000000000074,,-0.7500000000000053,-0.3200000000000074,0.29299999999999676,-0.19000000000000483,-6.150000000000006
2026-06-02 00:30:00+00:00,2026-06-02 02:30:00+02:00,2026-06-02,2,2,30,2,2,1,1,6,6,1.3599999999999994,,-1.7900000000000016,-2.1500000000000057,-0.16600000000000784,0.0899999999999963,-4.929999999999993
2026-06-02 00:45:00+00:00,2026-06-02 02:45:00+02:00,2026-06-02,2,2,45,3,3,1,1,6,6,-3.089999999999989,,-2.386666666666661,-3.089999999999989,-0.9100000000000023,-1.4450000000000003,-5.549999999999997
2026-06-02 01:00:00+00:00,2026-06-02 03:00:00+02:00,2026-06-02,3,3,0,0,0,1,1,6,6,-1.1800000000000068,,-2.646666666666666,-2.8800000000000097,-0.6800000000000015,-2.0249999999999986,-6.3700000000000045
2026-06-02 01:15:00+00:00,2026-06-02 03:15:00+02:00,2026-06-02,3,3,15,1,1,1,1,6,6,1.0999999999999943,,0.11999999999999982,1.0999999999999943,0.2689999999999987,-0.05000000000000426,-5.109999999999999
2026-06-02 01:30:00+00:00,2026-06-02 03:30:00+02:00,2026-06-02,3,3,30,2,2,1,1,6,6,-3.1499999999999915,,-2.7166666666666592,-3.1499999999999915,-0.5990000000000009,-1.3000000000000043,-3.4000000000000057
2026-06-02 01:45:00+00:00,2026-06-02 03:45:00+02:00,2026-06-02,3,3,45,3,3,1,1,6,6,3.160000000000011,,0.519999999999996,0.5600000000000023,0.10499999999999972,-0.1700000000000017,-4.079999999999998
2026-06-02 02:00:00+00:00,2026-06-02 04:00:00+02:00,2026-06-02,4,4,0,0,0,1,1,6,6,-4.049999999999997,,-1.6433333333333309,-0.5099999999999909,-1.3209999999999966,-1.3899999999999935,-7.11999999999999
2026-06-02 02:15:00+00:00,2026-06-02 04:15:00+02:00,2026-06-02,4,4,15,1,1,1,1,6,6,1.5100000000000051,,1.0566666666666695,0.9699999999999989,0.04300000000000388,0.8300000000000054,-3.1400000000000006
2026-06-02 02:30:00+00:00,2026-06-02 04:30:00+02:00,2026-06-02,4,4,30,2,2,1,1,6,6,-1.1899999999999977,,-0.4100000000000013,-1.1899999999999977,0.8159999999999983,0.9100000000000037,-4.230000000000004
2026-06-02 02:45:00+00:00,2026-06-02 04:45:00+02:00,2026-06-02,4,4,45,3,3,1,1,6,6,-1.009999999999991,,-0.2766666666666661,-1.009999999999991,2.2890000000000006,1.6650000000000063,-5.989999999999995
2026-06-02 03:00:00+00:00,2026-06-02 05:00:00+02:00,2026-06-02,5,5,0,0,0,1,1,6,6,3.269999999999996,,-0.28666666666667595,-1.3599999999999994,-3.6420000000000017,-2.065000000000005,-4.590000000000003
2026-06-02 03:15:00+00:00,2026-06-02 05:15:00+02:00,2026-06-02,5,5,15,1,1,1,1,6,6,1.25,,-0.8933333333333403,0.030000000000001137,-2.0310000000000015,-0.615000000000002,-3.8599999999999994
2026-06-02 03:30:00+00:00,2026-06-02 05:30:00+02:00,2026-06-02,5,5,30,2,2,1,1,6,6,-0.2599999999999909,,-0.08999999999999986,-0.2599999999999909,1.0030000000000014,0.42500000000000426,-4.819999999999993
2026-06-02 03:45:00+00:00,2026-06-02 05:45:00+02:00,2026-06-02,5,5,45,3,3,1,1,6,6,-2.219999999999999,,2.623333333333335,4.689999999999998,4.047,4.359999999999999,-3.6299999999999955
2026-06-02 04:00:00+00:00,2026-06-02 06:00:00+02:00,2026-06-02,6,6,0,0,0,1,1,6,6,-8.26000000000002,,-0.4000000000000057,1.1599999999999966,-5.072000000000001,-7.6750000000000185,-1.7500000000000142
2026-06-02 04:15:00+00:00,2026-06-02 06:15:00+02:00,2026-06-02,6,6,15,1,1,1,1,6,6,-11.969999999999999,,-3.3533333333333317,-1.7600000000000051,-1.7770000000000024,-1.8699999999999974,-9.830000000000013
2026-06-02 04:30:00+00:00,2026-06-02 06:30:00+02:00,2026-06-02,6,6,30,2,2,1,1,6,6,2.980000000000018,,1.340000000000008,2.9200000000000017,0.477000000000008,-0.14999999999999147,0.09000000000000341
2026-06-02 04:45:00+00:00,2026-06-02 06:45:00+02:00,2026-06-02,6,6,45,3,3,1,1,6,6,0.30000000000001137,,0.9533333333333189,0.30000000000001137,0.2259999999999991,-0.35499999999998977,-11.470000000000013
2026-06-02 05:00:00+00:00,2026-06-02 07:00:00+02:00,2026-06-02,7,7,0,0,0,1,1,6,6,-7.6200000000000045,,-3.453333333333324,-3.299999999999997,3.825,3.585000000000008,-6.329999999999984
2026-06-02 05:15:00+00:00,2026-06-02 07:15:00+02:00,2026-06-02,7,7,15,1,1,1,1,6,6,-2.480000000000018,,-3.0466666666666704,-2.480000000000018,2.1489999999999965,1.6599999999999966,-7.689999999999998
2026-06-02 05:30:00+00:00,2026-06-02 07:30:00+02:00,2026-06-02,7,7,30,2,2,1,1,6,6,-17.02000000000001,,-7.066666666666667,-3.0999999999999943,-2.3099999999999996,-0.9050000000000011,1.5800000000000125
2026-06-02 05:45:00+00:00,2026-06-02 07:45:00+02:00,2026-06-02,7,7,45,3,3,1,1,6,6,-2.680000000000007,,-0.13666666666666552,0.8400000000000034,-8.503,-8.064999999999998,3.460000000000008
2026-06-02 06:00:00+00:00,2026-06-02 08:00:00+02:00,2026-06-02,8,8,0,0,0,1,1,6,6,-3.710000000000008,,-0.7500000000000284,-0.6899999999999977,15.104,15.094999999999999,-7.800000000000011
2026-06-02 06:15:00+00:00,2026-06-02 08:15:00+02:00,2026-06-02,8,8,15,1,1,1,1,6,6,-6.039999999999992,,4.413333333333341,9.180000000000007,7.882,9.629999999999995,-8.430000000000007
2026-06-02 06:30:00+00:00,2026-06-02 08:30:00+02:00,2026-06-02,8,8,30,2,2,1,1,6,6,-7.02000000000001,,6.666666666666653,11.590000000000003,-0.7980000000000033,-2.4849999999999994,-8.969999999999999
2026-06-02 06:45:00+00:00,2026-06-02 08:45:00+02:00,2026-06-02,8,8,45,3,3,1,1,6,6,3.0500000000000114,,9.529999999999985,4.959999999999994,-13.413,-15.509999999999998,0.23999999999999488
2026-06-02 07:00:00+00:00,2026-06-02 09:00:00+02:00,2026-06-02,9,9,0,0,0,1,1,6,6,-4.009999999999991,,0.1566666666666663,-1.0100000000000051,15.01,14.045000000000002,3.089999999999989
2026-06-02 07:15:00+00:00,2026-06-02 09:15:00+02:00,2026-06-02,9,9,15,1,1,1,1,6,6,-1.3599999999999852,,7.030000000000006,-1.3599999999999852,8.959999999999999,6.750000000000007,-11.219999999999999
2026-06-02 07:30:00+00:00,2026-06-02 09:30:00+02:00,2026-06-02,9,9,30,2,2,1,1,6,6,4.319999999999993,,13.936666666666667,6.989999999999998,1.9669999999999999,-0.9450000000000016,1.8599999999999994
2026-06-02 07:45:00+00:00,2026-06-02 09:45:00+02:00,2026-06-02,9,9,45,3,3,1,1,6,6,4.390000000000001,,5.07000000000001,4.390000000000001,-9.058,-8.485000000000007,2.030000000000001
2026-06-02 08:00:00+00:00,2026-06-02 10:00:00+02:00,2026-06-02,10,10,0,0,0,1,1,6,6,5.010000000000005,,4.7833333333333075,5.010000000000005,9.631000000000006,8.415000000000001,0.3399999999999892
2026-06-02 08:15:00+00:00,2026-06-02 10:15:00+02:00,2026-06-02,10,10,15,1,1,1,1,6,6,4.75,,7.4533333333333305,5.750000000000001,5.2669999999999995,5.164999999999999,0.9300000000000068
2026-06-02 08:30:00+00:00,2026-06-02 10:30:00+02:00,2026-06-02,10,10,30,2,2,1,1,6,6,15.58999999999999,,4.260000000000004,-0.75,-0.30699999999999683,-1.4049999999999998,-3.6500000000000057
2026-06-02 08:45:00+00:00,2026-06-02 10:45:00+02:00,2026-06-02,10,10,45,3,3,1,1,6,6,2.5,,4.926666666666666,5.58,-2.4200000000000044,0.830000000000004,1.2900000000000063
2026-06-02 09:00:00+00:00,2026-06-02 11:00:00+02:00,2026-06-02,11,11,0,0,0,1,1,6,6,14.120000000000005,,2.703333333333326,-1.21,9.201,9.39,2.430000000000007
2026-06-02 09:15:00+00:00,2026-06-02 11:15:00+02:00,2026-06-02,11,11,15,1,1,1,1,6,6,12.799999999999997,,3.203333333333335,-0.5999999999999996,6.323999999999993,5.105,-6.679999999999993
2026-06-02 09:30:00+00:00,2026-06-02 11:30:00+02:00,2026-06-02,11,11,30,2,2,1,1,6,6,28.659999999999997,,9.629999999999988,1.01,6.026999999999996,3.38,3.039999999999992
2026-06-02 09:45:00+00:00,2026-06-02 11:45:00+02:00,2026-06-02,11,11,45,3,3,1,1,6,6,23.980000000000004,,11.469999999999992,7.14,4.502000000000001,4.350000000000005,3.6099999999999994
2026-06-02 10:00:00+00:00,2026-06-02 12:00:00+02:00,2026-06-02,12,12,0,0,0,1,1,6,6,4.579999999999998,,-3.3799999999999915,-4.3,,,-0.9200000000000017
2026-06-02 10:15:00+00:00,2026-06-02 12:15:00+02:00,2026-06-02,12,12,15,1,1,1,1,6,6,6.450000000000003,,3.08666666666667,4.61,,,1.1999999999999886
2026-06-02 10:30:00+00:00,2026-06-02 12:30:00+02:00,2026-06-02,12,12,30,2,2,1,1,6,6,6.989999999999995,,7.399999999999999,7.33,,,4.689999999999998
2026-06-02 10:45:00+00:00,2026-06-02 12:45:00+02:00,2026-06-02,12,12,45,3,3,1,1,6,6,9.459999999999994,,9.273333333333339,9.459999999999994,,,10.989999999999995
2026-06-02 11:00:00+00:00,2026-06-02 13:00:00+02:00,2026-06-02,13,13,0,0,0,1,1,6,6,9.189999999999998,,5.55333333333332,6.6,,,5.8999999999999915
2026-06-02 11:15:00+00:00,2026-06-02 13:15:00+02:00,2026-06-02,13,13,15,1,1,1,1,6,6,7.800000000000011,,6.046666666666682,7.800000000000011,,,0.960000000000008
2026-06-02 11:30:00+00:00,2026-06-02 13:30:00+02:00,2026-06-02,13,13,30,2,2,1,1,6,6,9.539999999999992,,2.6499999999999972,1.44,,,-0.01999999999999602
2026-06-02 11:45:00+00:00,2026-06-02 13:45:00+02:00,2026-06-02,13,13,45,3,3,1,1,6,6,46.330000000000005,,15.09666666666667,2.03,,,1.0900000000000034
2026-06-02 12:00:00+00:00,2026-06-02 14:00:00+02:00,2026-06-02,14,14,0,0,0,1,1,6,6,44.59,,16.613333333333333,4.17,,,-0.009999999999990905
2026-06-02 12:15:00+00:00,2026-06-02 14:15:00+02:00,2026-06-02,14,14,15,1,1,1,1,6,6,12.079999999999998,,6.616666666666666,9.42,,,-0.009999999999990905
2026-06-02 12:30:00+00:00,2026-06-02 14:30:00+02:00,2026-06-02,14,14,30,2,2,1,1,6,6,41.919999999999995,,15.619999999999969,7.4,,,-1.0300000000000011
2026-06-02 12:45:00+00:00,2026-06-02 14:45:00+02:00,2026-06-02,14,14,45,3,3,1,1,6,6,38.57999999999999,,11.95666666666667,0.2,,,-0.28000000000000114
2026-06-02 13:00:00+00:00,2026-06-02 15:00:00+02:00,2026-06-02,15,15,0,0,0,1,1,6,6,12.36,,11.636666666666656,12.36,,,-2.1899999999999977
2026-06-02 13:15:00+00:00,2026-06-02 15:15:00+02:00,2026-06-02,15,15,15,1,1,1,1,6,6,5.409999999999997,,2.8099999999999987,5.409999999999997,,,-2.4200000000000017
2026-06-02 13:30:00+00:00,2026-06-02 15:30:00+02:00,2026-06-02,15,15,30,2,2,1,1,6,6,18.52000000000001,,2.6399999999999975,-1.6999999999999997,,,-2.989999999999995
2026-06-02 13:45:00+00:00,2026-06-02 15:45:00+02:00,2026-06-02,15,15,45,3,3,1,1,6,6,19.52000000000001,,0.589999999999994,-5.01,,,-2.9399999999999977
2026-06-02 14:00:00+00:00,2026-06-02 16:00:00+02:00,2026-06-02,16,16,0,0,0,1,1,6,6,12.760000000000005,,10.396666666666649,11.24,,,-9.39
2026-06-02 14:15:00+00:00,2026-06-02 16:15:00+02:00,2026-06-02,16,16,15,1,1,1,1,6,6,11.259999999999991,,8.853333333333362,10.899999999999999,,,-5.13000000000001
2026-06-02 14:30:00+00:00,2026-06-02 16:30:00+02:00,2026-06-02,16,16,30,2,2,1,1,6,6,5.310000000000002,,0.8366666666666666,-0.13000000000000256,,,-0.14999999999999147
2026-06-02 14:45:00+00:00,2026-06-02 16:45:00+02:00,2026-06-02,16,16,45,3,3,1,1,6,6,1.0500000000000114,,17.596666666666668,7.0,,,-0.1700000000000017
2026-06-02 15:00:00+00:00,2026-06-02 17:00:00+02:00,2026-06-02,17,17,0,0,0,1,1,6,6,4.569999999999993,,3.069999999999991,3.1799999999999997,,,-4.159999999999997
2026-06-02 15:15:00+00:00,2026-06-02 17:15:00+02:00,2026-06-02,17,17,15,1,1,1,1,6,6,-3.950000000000003,,-3.360000000000028,-3.950000000000003,,,3.450000000000003
2026-06-02 15:30:00+00:00,2026-06-02 17:30:00+02:00,2026-06-02,17,17,30,2,2,1,1,6,6,-2.8600000000000136,,-0.7366666666666551,-2.8600000000000136,,,-3.009999999999991
2026-06-02 15:45:00+00:00,2026-06-02 17:45:00+02:00,2026-06-02,17,17,45,3,3,1,1,6,6,-8.140000000000015,,-1.1733333333333273,0.5100000000000051,,,-7.349999999999994
2026-06-02 16:00:00+00:00,2026-06-02 18:00:00+02:00,2026-06-02,18,18,0,0,0,1,1,6,6,4.509999999999991,,7.993333333333344,4.509999999999991,,,-3.7700000000000102
2026-06-02 16:15:00+00:00,2026-06-02 18:15:00+02:00,2026-06-02,18,18,15,1,1,1,1,6,6,-11.72999999999999,,-5.013333333333326,-5.289999999999992,,,2.920000000000016
2026-06-02 16:30:00+00:00,2026-06-02 18:30:00+02:00,2026-06-02,18,18,30,2,2,1,1,6,6,0.5700000000000216,,-0.17999999999997365,0.5700000000000216,,,0.6699999999999875
2026-06-02 16:45:00+00:00,2026-06-02 18:45:00+02:00,2026-06-02,18,18,45,3,3,1,1,6,6,-5.090000000000003,,-9.4566666666667,-5.090000000000003,,,-6.52000000000001
2026-06-02 17:00:00+00:00,2026-06-02 19:00:00+02:00,2026-06-02,19,19,0,0,0,1,1,6,6,-38.41,,-12.829999999999998,-0.3100000000000023,,,-1.4399999999999977
2026-06-02 17:15:00+00:00,2026-06-02 19:15:00+02:00,2026-06-02,19,19,15,1,1,1,1,6,6,-40.870000000000005,,-15.633333333333345,-6.310000000000002,,,-4.469999999999999
2026-06-02 17:30:00+00:00,2026-06-02 19:30:00+02:00,2026-06-02,19,19,30,2,2,1,1,6,6,-6.349999999999994,,-11.443333333333337,-12.900000000000006,,,-7.240000000000009
2026-06-02 17:45:00+00:00,2026-06-02 19:45:00+02:00,2026-06-02,19,19,45,3,3,1,1,6,6,21.769999999999982,,-1.3266666666666538,-0.5,,,-37.5
2026-06-02 18:00:00+00:00,2026-06-02 20:00:00+02:00,2026-06-02,20,20,0,0,0,1,1,6,6,-24.920000000000016,,-15.486666666666716,-17.670000000000016,,,-1.7300000000000182
2026-06-02 18:15:00+00:00,2026-06-02 20:15:00+02:00,2026-06-02,20,20,15,1,1,1,1,6,6,-9.060000000000002,,-3.906666666666657,-3.609999999999985,,,-20.49000000000001
2026-06-02 18:30:00+00:00,2026-06-02 20:30:00+02:00,2026-06-02,20,20,30,2,2,1,1,6,6,-16.680000000000007,,-8.556666666666667,-5.849999999999994,,,-5.0
2026-06-02 18:45:00+00:00,2026-06-02 20:45:00+02:00,2026-06-02,20,20,45,3,3,1,1,6,6,-68.36000000000001,,-34.13333333333333,-24.47999999999999,,,-38.64999999999998
2026-06-02 19:00:00+00:00,2026-06-02 21:00:00+02:00,2026-06-02,21,21,0,0,0,1,1,6,6,64.56,,17.393333333333356,-5.349999999999994,,,-17.859999999999985
2026-06-02 19:15:00+00:00,2026-06-02 21:15:00+02:00,2026-06-02,21,21,15,1,1,1,1,6,6,-42.93000000000001,,-21.656666666666666,-25.840000000000003,,,-12.669999999999987
2026-06-02 19:30:00+00:00,2026-06-02 21:30:00+02:00,2026-06-02,21,21,30,2,2,1,1,6,6,14.75,,-0.04666666666668107,2.089999999999975,,,-20.49000000000001
2026-06-02 19:45:00+00:00,2026-06-02 21:45:00+02:00,2026-06-02,21,21,45,3,3,1,1,6,6,-145.14999999999998,,-49.033333333333324,-7.180000000000007,,,-14.090000000000003
2026-06-02 20:00:00+00:00,2026-06-02 22:00:00+02:00,2026-06-02,22,22,0,0,0,1,1,6,6,49.16,,18.286666666666672,8.650000000000006,,,-13.629999999999995
2026-06-02 20:15:00+00:00,2026-06-02 22:15:00+02:00,2026-06-02,22,22,15,1,1,1,1,6,6,-27.650000000000006,,-8.923333333333341,-1.3400000000000034,,,-2.9499999999999886
2026-06-02 20:30:00+00:00,2026-06-02 22:30:00+02:00,2026-06-02,22,22,30,2,2,1,1,6,6,-6.340000000000003,,-1.0133333333333259,-0.19999999999998863,,,-2.8499999999999943
2026-06-02 20:45:00+00:00,2026-06-02 22:45:00+02:00,2026-06-02,22,22,45,3,3,1,1,6,6,-81.08000000000001,,-27.536666666666694,-3.660000000000025,,,6.219999999999999
2026-06-02 21:00:00+00:00,2026-06-02 23:00:00+02:00,2026-06-02,23,23,0,0,0,1,1,6,6,-0.5099999999999909,,3.1799999999999926,3.069999999999993,,,-6.079999999999984
2026-06-02 21:15:00+00:00,2026-06-02 23:15:00+02:00,2026-06-02,23,23,15,1,1,1,1,6,6,-2.4099999999999966,,-0.8500000000000133,-0.5699999999999932,,,2.1999999999999886
2026-06-02 21:30:00+00:00,2026-06-02 23:30:00+02:00,2026-06-02,23,23,30,2,2,1,1,6,6,-2.019999999999982,,0.0199999999999901,0.29999999999998295,,,-7.799999999999997
2026-06-02 21:45:00+00:00,2026-06-02 23:45:00+02:00,2026-06-02,23,23,45,3,3,1,1,6,6,-3.5100000000000193,,-0.36333333333333445,-0.0800000000000125,,,-4.540000000000006
2026-06-02 22:00:00+00:00,2026-06-03 00:00:00+02:00,2026-06-03,0,0,0,0,0,2,2,6,6,0.21000000000000796,,-0.2600000000000051,-0.5499999999999972,3.285000000000005,1.0250000000000057,-1.0999999999999943
2026-06-02 22:15:00+00:00,2026-06-03 00:15:00+02:00,2026-06-03,0,0,15,1,1,2,2,6,6,-5.990000000000009,,-1.6724999999999994,-0.7000000000000028,-1.4989999999999966,0.06500000000000483,0.6700000000000017
2026-06-02 22:30:00+00:00,2026-06-03 00:30:00+02:00,2026-06-03,0,0,30,2,2,2,2,6,6,-1.9300000000000068,,0.1575000000000033,-0.5600000000000023,-2.3310000000000017,-1.4549999999999983,2.559999999999988
2026-06-02 22:45:00+00:00,2026-06-03 00:45:00+02:00,2026-06-03,0,0,45,3,3,2,2,6,6,-1.4800000000000182,,-2.100000000000005,-1.8400000000000034,-5.0479999999999965,-3.479999999999997,2.3000000000000114
2026-06-02 23:00:00+00:00,2026-06-03 01:00:00+02:00,2026-06-03,1,1,0,0,0,2,2,6,6,-3.5,,-0.7275000000000098,-0.6950000000000074,1.9360000000000004,1.5449999999999875,5.3999999999999915
2026-06-02 23:15:00+00:00,2026-06-03 01:15:00+02:00,2026-06-03,1,1,15,1,1,2,2,6,6,-1.789999999999992,,-0.37499999999999734,-1.5349999999999895,-0.14600000000000063,-0.664999999999992,2.7099999999999937
2026-06-02 23:30:00+00:00,2026-06-03 01:30:00+02:00,2026-06-03,1,1,30,2,2,2,2,6,6,-0.37999999999999545,,-1.1699999999999982,-0.2700000000000031,-0.5809999999999989,-0.3149999999999977,3.010000000000005
2026-06-02 23:45:00+00:00,2026-06-03 01:45:00+02:00,2026-06-03,1,1,45,3,3,2,2,6,6,-5.5,,-2.8150000000000084,-3.145000000000003,-2.434,-2.1399999999999935,0.18999999999999773
2026-06-03 00:00:00+00:00,2026-06-03 02:00:00+02:00,2026-06-03,2,2,0,0,0,2,2,6,6,-4.509999999999991,,-1.197499999999998,-0.5749999999999957,-0.13900000000000184,-0.15500000000000114,3.8200000000000074
2026-06-03 00:15:00+00:00,2026-06-03 02:15:00+02:00,2026-06-03,2,2,15,1,1,2,2,6,6,-6.150000000000006,,-2.1000000000000054,-1.095000000000006,-0.7570000000000032,-0.8900000000000077,1.539999999999992
2026-06-03 00:30:00+00:00,2026-06-03 02:30:00+02:00,2026-06-03,2,2,30,2,2,2,2,6,6,-4.929999999999993,,-2.5749999999999993,-3.365000000000002,-1.1770000000000063,-1.2850000000000037,1.8999999999999915
2026-06-03 00:45:00+00:00,2026-06-03 02:45:00+02:00,2026-06-03,2,2,45,3,3,2,2,6,6,-5.549999999999997,,-3.177499999999995,-4.319999999999993,-1.9360000000000013,-2.4699999999999918,6.480000000000004
2026-06-03 01:00:00+00:00,2026-06-03 03:00:00+02:00,2026-06-03,3,3,0,0,0,2,2,6,6,-6.3700000000000045,,-3.5775000000000006,-3.3800000000000026,-1.8970000000000016,-2.875,4.109999999999999
2026-06-03 01:15:00+00:00,2026-06-03 03:15:00+02:00,2026-06-03,3,3,15,1,1,2,2,6,6,-5.109999999999999,,-1.1875,-1.6950000000000003,-0.8810000000000013,-1.5,5.219999999999999
2026-06-03 01:30:00+00:00,2026-06-03 03:30:00+02:00,2026-06-03,3,3,30,2,2,2,2,6,6,-3.4000000000000057,,-2.8874999999999957,-3.2749999999999986,-1.3950000000000018,-1.9399999999999977,3.3499999999999943
2026-06-03 01:45:00+00:00,2026-06-03 03:45:00+02:00,2026-06-03,3,3,45,3,3,2,2,6,6,-4.079999999999998,,-0.6300000000000026,-0.7999999999999972,-0.7590000000000003,-0.8249999999999957,2.3699999999999903
2026-06-03 02:00:00+00:00,2026-06-03 04:00:00+02:00,2026-06-03,4,4,0,0,0,2,2,6,6,-7.11999999999999,,-3.0124999999999957,-2.279999999999994,-2.586999999999996,-2.904999999999994,5.509999999999991
2026-06-03 02:15:00+00:00,2026-06-03 04:15:00+02:00,2026-06-03,4,4,15,1,1,2,2,6,6,-3.1400000000000006,,0.007500000000002061,0.8300000000000054,-0.7689999999999966,-0.5499999999999972,4.450000000000003
2026-06-03 02:30:00+00:00,2026-06-03 04:30:00+02:00,2026-06-03,4,4,30,2,2,2,2,6,6,-4.230000000000004,,-1.365000000000002,-1.4450000000000003,-0.12600000000000194,-0.4099999999999966,6.779999999999987
2026-06-03 02:45:00+00:00,2026-06-03 04:45:00+02:00,2026-06-03,4,4,45,3,3,2,2,6,6,-5.989999999999995,,-1.7049999999999983,-1.0449999999999946,1.0850000000000015,0.9500000000000028,4.170000000000002
2026-06-03 03:00:00+00:00,2026-06-03 05:00:00+02:00,2026-06-03,5,5,0,0,0,2,2,6,6,-4.590000000000003,,-1.3625000000000078,-2.065000000000005,-4.0310000000000015,-3.0600000000000094,2.1299999999999955
2026-06-03 03:15:00+00:00,2026-06-03 05:15:00+02:00,2026-06-03,5,5,15,1,1,2,2,6,6,-3.8599999999999994,,-1.6350000000000051,-1.9149999999999991,-2.6700000000000017,-2.4750000000000014,5.039999999999992
2026-06-03 03:30:00+00:00,2026-06-03 05:30:00+02:00,2026-06-03,5,5,30,2,2,2,2,6,6,-4.819999999999993,,-1.2724999999999982,-0.9349999999999952,-0.23099999999999757,-0.8149999999999977,8.980000000000004
2026-06-03 03:45:00+00:00,2026-06-03 05:45:00+02:00,2026-06-03,5,5,45,3,3,2,2,6,6,-3.6299999999999955,,1.0600000000000023,1.2349999999999994,2.455000000000001,3.480000000000004,3.8700000000000045
2026-06-03 04:00:00+00:00,2026-06-03 06:00:00+02:00,2026-06-03,6,6,0,0,0,2,2,6,6,-1.7500000000000142,,-0.7375000000000078,-0.2950000000000088,-4.538000000000001,-6.350000000000016,1.0999999999999943
2026-06-03 04:15:00+00:00,2026-06-03 06:15:00+02:00,2026-06-03,6,6,15,1,1,2,2,6,6,-9.830000000000013,,-4.972500000000002,-5.795000000000009,-2.7840000000000016,-2.6899999999999906,1.7199999999999989
2026-06-03 04:30:00+00:00,2026-06-03 06:30:00+02:00,2026-06-03,6,6,30,2,2,2,2,6,6,0.09000000000000341,,1.027500000000007,1.5050000000000026,-0.14599999999999103,-0.14999999999999147,2.469999999999999
2026-06-03 04:45:00+00:00,2026-06-03 06:45:00+02:00,2026-06-03,6,6,45,3,3,2,2,6,6,-11.470000000000013,,-2.152500000000014,-0.4199999999999946,-1.786,-1.0549999999999926,-0.7800000000000011
2026-06-03 05:00:00+00:00,2026-06-03 07:00:00+02:00,2026-06-03,7,7,0,0,0,2,2,6,6,-6.329999999999984,,-4.172499999999989,-4.814999999999991,2.3500000000000028,1.3500000000000085,6.680000000000007
2026-06-03 05:15:00+00:00,2026-06-03 07:15:00+02:00,2026-06-03,7,7,15,1,1,2,2,6,6,-7.689999999999998,,-4.207500000000002,-5.085000000000008,0.3359999999999971,0.9749999999999943,5.450000000000017
2026-06-03 05:30:00+00:00,2026-06-03 07:30:00+02:00,2026-06-03,7,7,30,2,2,2,2,6,6,1.5800000000000125,,-4.904999999999998,-2.0899999999999963,-2.5979999999999994,-0.9050000000000011,2.1499999999999773
2026-06-03 05:45:00+00:00,2026-06-03 07:45:00+02:00,2026-06-03,7,7,45,3,3,2,2,6,6,3.460000000000008,,0.7625000000000028,1.1350000000000051,-7.353999999999999,-7.689999999999998,4.0
2026-06-03 06:00:00+00:00,2026-06-03 08:00:00+02:00,2026-06-03,8,8,0,0,0,2,2,6,6,-7.800000000000011,,-2.512500000000024,-2.200000000000003,11.479999999999999,7.810000000000002,8.0
2026-06-03 06:15:00+00:00,2026-06-03 08:15:00+02:00,2026-06-03,8,8,15,1,1,2,2,6,6,-8.430000000000007,,1.2025000000000041,1.5700000000000074,6.031000000000001,8.765000000000008,6.340000000000003
2026-06-03 06:30:00+00:00,2026-06-03 08:30:00+02:00,2026-06-03,8,8,30,2,2,2,2,6,6,-8.969999999999999,,2.7574999999999896,2.2849999999999966,-1.5590000000000017,-4.084999999999994,5.319999999999993
2026-06-03 06:45:00+00:00,2026-06-03 08:45:00+02:00,2026-06-03,8,8,45,3,3,2,2,6,6,0.23999999999999488,,7.207499999999987,4.005000000000003,-11.667999999999997,-14.189999999999998,-0.3100000000000023
2026-06-03 07:00:00+00:00,2026-06-03 09:00:00+02:00,2026-06-03,9,9,0,0,0,2,2,6,6,3.089999999999989,,0.889999999999997,1.039999999999992,13.227,7.2549999999999955,-6.670000000000016
2026-06-03 07:15:00+00:00,2026-06-03 09:15:00+02:00,2026-06-03,9,9,15,1,1,2,2,6,6,-11.219999999999999,,2.4675000000000047,-5.749999999999993,6.956,3.5500000000000043,8.570000000000007
2026-06-03 07:30:00+00:00,2026-06-03 09:30:00+02:00,2026-06-03,9,9,30,2,2,2,2,6,6,1.8599999999999994,,10.9175,5.654999999999996,2.1870000000000003,0.1549999999999998,1.5700000000000074
2026-06-03 07:45:00+00:00,2026-06-03 09:45:00+02:00,2026-06-03,9,9,45,3,3,2,2,6,6,2.030000000000001,,4.310000000000008,3.210000000000001,-8.107,-7.8700000000000045,4.340000000000003
2026-06-03 08:00:00+00:00,2026-06-03 10:00:00+02:00,2026-06-03,10,10,0,0,0,2,2,6,6,0.3399999999999892,,3.672499999999978,4.105000000000002,8.346000000000007,5.585000000000003,-0.060000000000002274
2026-06-03 08:15:00+00:00,2026-06-03 10:15:00+02:00,2026-06-03,10,10,15,1,1,2,2,6,6,0.9300000000000068,,5.8225,5.25,4.8020000000000005,4.515,0.8699999999999903
2026-06-03 08:30:00+00:00,2026-06-03 10:30:00+02:00,2026-06-03,10,10,30,2,2,2,2,6,6,-3.6500000000000057,,2.2825000000000015,-1.4049999999999998,-0.8149999999999981,-2.3150000000000035,20.739999999999995
2026-06-03 08:45:00+00:00,2026-06-03 10:45:00+02:00,2026-06-03,10,10,45,3,3,2,2,6,6,1.2900000000000063,,4.017500000000001,4.04,-2.4620000000000046,0.6200000000000031,23.060000000000002
2026-06-03 09:00:00+00:00,2026-06-03 11:00:00+02:00,2026-06-03,11,11,0,0,0,2,2,6,6,2.430000000000007,,2.6349999999999962,0.6100000000000034,7.916000000000001,6.860000000000003,-2.3400000000000034
2026-06-03 09:15:00+00:00,2026-06-03 11:15:00+02:00,2026-06-03,11,11,15,1,1,2,2,6,6,-6.679999999999993,,0.732500000000003,-1.5949999999999998,4.785999999999993,2.9849999999999977,20.840000000000003
2026-06-03 09:30:00+00:00,2026-06-03 11:30:00+02:00,2026-06-03,11,11,30,2,2,2,2,6,6,3.039999999999992,,7.982499999999989,2.024999999999996,5.574999999999995,2.024999999999996,30.86
2026-06-03 09:45:00+00:00,2026-06-03 11:45:00+02:00,2026-06-03,11,11,45,3,3,2,2,6,6,3.6099999999999994,,9.504999999999994,5.375,4.3229999999999995,3.455000000000002,33.09
2026-06-03 10:00:00+00:00,2026-06-03 12:00:00+02:00,2026-06-03,12,12,0,0,0,2,2,6,6,-0.9200000000000017,,-2.764999999999994,-2.6100000000000008,-2.7650000000000023,-2.6100000000000008,35.019999999999996
2026-06-03 10:15:00+00:00,2026-06-03 12:15:00+02:00,2026-06-03,12,12,15,1,1,2,2,6,6,1.1999999999999886,,2.6149999999999998,2.9049999999999945,2.6149999999999856,2.9049999999999945,27.009999999999998
2026-06-03 10:30:00+00:00,2026-06-03 12:30:00+02:00,2026-06-03,12,12,30,2,2,2,2,6,6,4.689999999999998,,6.722499999999998,7.1599999999999975,6.722499999999997,7.1599999999999975,-5.529999999999994
2026-06-03 10:45:00+00:00,2026-06-03 12:45:00+02:00,2026-06-03,12,12,45,3,3,2,2,6,6,10.989999999999995,,9.702500000000002,9.814999999999998,9.702500000000011,9.814999999999998,20.98
2026-06-03 11:00:00+00:00,2026-06-03 13:00:00+02:00,2026-06-03,13,13,0,0,0,2,2,6,6,5.8999999999999915,,5.639999999999988,6.249999999999996,5.6399999999999935,6.249999999999996,-4.560000000000002
2026-06-03 11:15:00+00:00,2026-06-03 13:15:00+02:00,2026-06-03,13,13,15,1,1,2,2,6,6,0.960000000000008,,4.775000000000014,4.38000000000001,4.775000000000013,4.38000000000001,-1.6199999999999974
2026-06-03 11:30:00+00:00,2026-06-03 13:30:00+02:00,2026-06-03,13,13,30,2,2,2,2,6,6,-0.01999999999999602,,1.982499999999999,0.710000000000002,1.9825000000000026,0.710000000000002,-2.039999999999999
2026-06-03 11:45:00+00:00,2026-06-03 13:45:00+02:00,2026-06-03,13,13,45,3,3,2,2,6,6,1.0900000000000034,,11.595000000000002,1.5600000000000016,11.595000000000024,1.5600000000000016,8.899999999999999
2026-06-03 12:00:00+00:00,2026-06-03 14:00:00+02:00,2026-06-03,14,14,0,0,0,2,2,6,6,-0.009999999999990905,,12.457500000000003,2.625,12.457499999999996,2.625,-2.4400000000000013
2026-06-03 12:15:00+00:00,2026-06-03 14:15:00+02:00,2026-06-03,14,14,15,1,1,2,2,6,6,-0.009999999999990905,,4.960000000000002,4.7050000000000045,4.960000000000016,4.7050000000000045,-5.090000000000003
2026-06-03 12:30:00+00:00,2026-06-03 14:30:00+02:00,2026-06-03,14,14,30,2,2,2,2,6,6,-1.0300000000000011,,11.457499999999976,3.1849999999999996,11.457500000000003,3.1849999999999996,-6.060000000000002
2026-06-03 12:45:00+00:00,2026-06-03 14:45:00+02:00,2026-06-03,14,14,45,3,3,2,2,6,6,-0.28000000000000114,,8.897500000000003,-0.04000000000000056,8.897500000000003,-0.04000000000000056,-9.380000000000003
2026-06-03 13:00:00+00:00,2026-06-03 15:00:00+02:00,2026-06-03,15,15,0,0,0,2,2,6,6,-2.1899999999999977,,8.179999999999993,10.75,8.180000000000007,10.75,-3.91
2026-06-03 13:15:00+00:00,2026-06-03 15:15:00+02:00,2026-06-03,15,15,15,1,1,2,2,6,6,-2.4200000000000017,,1.5024999999999986,1.4949999999999974,1.5025000000000053,1.4949999999999974,-5.380000000000003
2026-06-03 13:30:00+00:00,2026-06-03 15:30:00+02:00,2026-06-03,15,15,30,2,2,2,2,6,6,-2.989999999999995,,1.2324999999999995,-2.344999999999997,1.2325000000000057,-2.344999999999997,-8.259999999999998
2026-06-03 13:45:00+00:00,2026-06-03 15:45:00+02:00,2026-06-03,15,15,45,3,3,2,2,6,6,-2.9399999999999977,,-0.292500000000004,-3.9749999999999988,-0.292500000000004,-3.9749999999999988,-21.75999999999999
2026-06-03 14:00:00+00:00,2026-06-03 16:00:00+02:00,2026-06-03,16,16,0,0,0,2,2,6,6,-9.39,,5.449999999999987,9.215,5.450000000000001,9.215,1.9699999999999989
2026-06-03 14:15:00+00:00,2026-06-03 16:15:00+02:00,2026-06-03,16,16,15,1,1,2,2,6,6,-5.13000000000001,,5.3575000000000195,7.6499999999999995,5.357499999999993,7.6499999999999995,5.07
2026-06-03 14:30:00+00:00,2026-06-03 16:30:00+02:00,2026-06-03,16,16,30,2,2,2,2,6,6,-0.14999999999999147,,0.5900000000000021,-0.13999999999999702,0.589999999999995,-0.13999999999999702,-11.14
2026-06-03 14:45:00+00:00,2026-06-03 16:45:00+02:00,2026-06-03,16,16,45,3,3,2,2,6,6,-0.1700000000000017,,13.155000000000001,4.025000000000006,13.155000000000001,4.025000000000006,-13.540000000000006
2026-06-03 15:00:00+00:00,2026-06-03 17:00:00+02:00,2026-06-03,17,17,0,0,0,2,2,6,6,-4.159999999999997,,1.262499999999994,2.320000000000004,1.2625000000000082,2.320000000000004,0.14000000000000057
2026-06-03 15:15:00+00:00,2026-06-03 17:15:00+02:00,2026-06-03,17,17,15,1,1,2,2,6,6,3.450000000000003,,-1.6575000000000202,-2.5549999999999997,-1.657500000000006,-2.5549999999999997,-11.22999999999999
2026-06-03 15:30:00+00:00,2026-06-03 17:30:00+02:00,2026-06-03,17,17,30,2,2,2,2,6,6,-3.009999999999991,,-1.304999999999989,-2.8950000000000102,-1.304999999999989,-2.8950000000000102,-3.910000000000011
2026-06-03 15:45:00+00:00,2026-06-03 17:45:00+02:00,2026-06-03,17,17,45,3,3,2,2,6,6,-7.349999999999994,,-2.717499999999994,-3.4199999999999946,-2.717500000000001,-3.4199999999999946,-4.909999999999997
2026-06-03 16:00:00+00:00,2026-06-03 18:00:00+02:00,2026-06-03,18,18,0,0,0,2,2,6,6,-3.7700000000000102,,5.0525000000000055,2.144999999999996,5.052500000000013,2.144999999999996,-4.950000000000003
2026-06-03 16:15:00+00:00,2026-06-03 18:15:00+02:00,2026-06-03,18,18,15,1,1,2,2,6,6,2.920000000000016,,-3.0299999999999905,-1.654999999999994,-3.0299999999999905,-1.654999999999994,-15.509999999999991
2026-06-03 16:30:00+00:00,2026-06-03 18:30:00+02:00,2026-06-03,18,18,30,2,2,2,2,6,6,0.6699999999999875,,0.03250000000001663,0.6200000000000045,0.03250000000000952,0.6200000000000045,-4.049999999999997
2026-06-03 16:45:00+00:00,2026-06-03 18:45:00+02:00,2026-06-03,18,18,45,3,3,2,2,6,6,-6.52000000000001,,-8.722500000000029,-5.805000000000007,-8.722500000000021,-5.805000000000007,-17.610000000000014
2026-06-03 17:00:00+00:00,2026-06-03 19:00:00+02:00,2026-06-03,19,19,0,0,0,2,2,6,6,-1.4399999999999977,,-9.982499999999998,-0.875,-9.982500000000005,-0.875,-10.86999999999999
2026-06-03 17:15:00+00:00,2026-06-03 19:15:00+02:00,2026-06-03,19,19,15,1,1,2,2,6,6,-4.469999999999999,,-12.842500000000008,-5.390000000000001,-12.842500000000005,-5.390000000000001,-15.009999999999991
2026-06-03 17:30:00+00:00,2026-06-03 19:30:00+02:00,2026-06-03,19,19,30,2,2,2,2,6,6,-7.240000000000009,,-10.392500000000005,-10.070000000000007,-10.392500000000013,-10.070000000000007,-1.3600000000000136
2026-06-03 17:45:00+00:00,2026-06-03 19:45:00+02:00,2026-06-03,19,19,45,3,3,2,2,6,6,-37.5,,-10.36999999999999,-12.875,-10.370000000000005,-12.875,-24.080000000000013
2026-06-03 18:00:00+00:00,2026-06-03 20:00:00+02:00,2026-06-03,20,20,0,0,0,2,2,6,6,-1.7300000000000182,,-12.047500000000042,-10.77000000000001,-12.047499999999985,-10.77000000000001,-5.900000000000006
2026-06-03 18:15:00+00:00,2026-06-03 20:15:00+02:00,2026-06-03,20,20,15,1,1,2,2,6,6,-20.49000000000001,,-8.052499999999995,-6.334999999999994,-8.052499999999998,-6.334999999999994,-8.27000000000001
2026-06-03 18:30:00+00:00,2026-06-03 20:30:00+02:00,2026-06-03,20,20,30,2,2,2,2,6,6,-5.0,,-7.6675,-5.424999999999997,-7.667499999999997,-5.424999999999997,2.700000000000017
2026-06-03 18:45:00+00:00,2026-06-03 20:45:00+02:00,2026-06-03,20,20,45,3,3,2,2,6,6,-38.64999999999998,,-35.262499999999996,-31.564999999999984,-35.262499999999996,-31.564999999999984,-18.28
2026-06-03 19:00:00+00:00,2026-06-03 21:00:00+02:00,2026-06-03,21,21,0,0,0,2,2,6,6,-17.859999999999985,,8.58000000000002,-6.189999999999998,8.580000000000005,-6.189999999999998,-11.240000000000009
2026-06-03 19:15:00+00:00,2026-06-03 21:15:00+02:00,2026-06-03,21,21,15,1,1,2,2,6,6,-12.669999999999987,,-19.409999999999997,-19.254999999999995,-19.410000000000007,-19.254999999999995,-10.359999999999985
2026-06-03 19:30:00+00:00,2026-06-03 21:30:00+02:00,2026-06-03,21,21,30,2,2,2,2,6,6,-20.49000000000001,,-5.157500000000013,-7.445000000000022,-5.1575000000000095,-7.445000000000022,-13.470000000000027
2026-06-03 19:45:00+00:00,2026-06-03 21:45:00+02:00,2026-06-03,21,21,45,3,3,2,2,6,6,-14.090000000000003,,-40.29749999999999,-10.635000000000005,-40.29749999999999,-10.635000000000005,-10.75
2026-06-03 20:00:00+00:00,2026-06-03 22:00:00+02:00,2026-06-03,22,22,0,0,0,2,2,6,6,-13.629999999999995,,10.307500000000005,2.8500000000000085,10.307500000000005,2.8500000000000085,-2.710000000000008
2026-06-03 20:15:00+00:00,2026-06-03 22:15:00+02:00,2026-06-03,22,22,15,1,1,2,2,6,6,-2.9499999999999886,,-7.430000000000003,-2.144999999999996,-7.43,-2.144999999999996,-0.6400000000000006
2026-06-03 20:30:00+00:00,2026-06-03 22:30:00+02:00,2026-06-03,22,22,30,2,2,2,2,6,6,-2.8499999999999943,,-1.472499999999993,-1.5249999999999915,-1.4724999999999966,-1.5249999999999915,-1.7600000000000051
2026-06-03 20:45:00+00:00,2026-06-03 22:45:00+02:00,2026-06-03,22,22,45,3,3,2,2,6,6,6.219999999999999,,-19.09750000000002,-0.7650000000000148,-19.097500000000018,-0.7650000000000148,-3.799999999999997
2026-06-03 21:00:00+00:00,2026-06-03 23:00:00+02:00,2026-06-03,23,23,0,0,0,2,2,6,6,-6.079999999999984,,0.8649999999999984,1.2800000000000011,0.865000000000002,1.2800000000000011,-4.280000000000001
2026-06-03 21:15:00+00:00,2026-06-03 23:15:00+02:00,2026-06-03,23,23,15,1,1,2,2,6,6,2.1999999999999886,,-0.08750000000001279,-0.07000000000000739,-0.08750000000000568,-0.07000000000000739,-6.8799999999999955
2026-06-03 21:30:00+00:00,2026-06-03 23:30:00+02:00,2026-06-03,23,23,30,2,2,2,2,6,6,-7.799999999999997,,-1.9350000000000067,-0.8599999999999994,-1.935000000000013,-0.8599999999999994,-1.4200000000000017
2026-06-03 21:45:00+00:00,2026-06-03 23:45:00+02:00,2026-06-03,23,23,45,3,3,2,2,6,6,-4.540000000000006,,-1.4075000000000024,-1.795000000000016,-1.4075000000000095,-1.795000000000016,1.1000000000000085
