timestamp_utc,timestamp_local,date_local,hour_local,minute_local,quarter_hour_local,weekday_local,month_local,ida2_minus_da_spread_eur_mwh,da_price_eur_mwh,residual_load_forecast_da_mw,renewable_total_forecast_da_mw,ida2_price_eur_mwh_lag_1d_same_local_qh,ida2_price_eur_mwh_rolling_median_14d_same_local_qh,ida2_price_eur_mwh_rolling_mean_3d_same_local_qh,wind_onshore_forecast_da_mw,solar_forecast_da_mw,ida2_minus_da_spread_eur_mwh_rolling_mean_28d_same_local_qh,wind_offshore_da_forecast_error_mw_lag_2d_same_local_qh,wind_onshore_da_forecast_error_mw_lag_2d_same_local_qh,ida2_price_eur_mwh
2026-05-16 12:00:00+00:00,2026-05-16 14:00:00+02:00,2026-05-16,14,0,0,5,5,2.0300000000000002,-2.06,-3583.2377570000026,52885.065950000004,,,,13092.57007,35837.74588,,,,-0.03
2026-05-16 12:15:00+00:00,2026-05-16 14:15:00+02:00,2026-05-16,14,15,1,5,5,2.02,-2.02,-3722.1347749999986,52669.97372,,,,13213.17136,35515.52236,,,,0.0
2026-05-16 12:30:00+00:00,2026-05-16 14:30:00+02:00,2026-05-16,14,30,2,5,5,-0.07,0.0,-3906.8905749999976,52383.48001,,,,13306.67559,35147.89442,,,,-0.07
2026-05-16 12:45:00+00:00,2026-05-16 14:45:00+02:00,2026-05-16,14,45,3,5,5,-3.02,2.72,-3557.685584000006,51964.254100000006,,,,13399.90508,34644.91902,,,,-0.3
2026-05-16 13:00:00+00:00,2026-05-16 15:00:00+02:00,2026-05-16,15,0,0,5,5,0.79,-1.6,-3327.559177000003,51409.54002,,,,13433.67729,34066.14273,,,,-0.81
2026-05-16 13:15:00+00:00,2026-05-16 15:15:00+02:00,2026-05-16,15,15,1,5,5,0.2300000000000001,-1.05,-3001.6499209999965,50740.95667,,,,13488.68407,33352.4626,,,,-0.82
2026-05-16 13:30:00+00:00,2026-05-16 15:30:00+02:00,2026-05-16,15,30,2,5,5,-7.220000000000001,6.4,-2705.5590840000004,49986.77741,,,,13566.01554,32534.83187,,,,-0.82
2026-05-16 13:45:00+00:00,2026-05-16 15:45:00+02:00,2026-05-16,15,45,3,5,5,-10.76,14.08,-2157.9589290000004,49094.04888,,,,13651.70137,31567.15751,,,,3.32
2026-05-16 14:00:00+00:00,2026-05-16 16:00:00+02:00,2026-05-16,16,0,0,5,5,7.57,-7.57,-984.2676479999936,48045.31464,,,,13726.40071,30463.31393,,,,0.0
2026-05-16 14:15:00+00:00,2026-05-16 16:15:00+02:00,2026-05-16,16,15,1,5,5,-7.3,7.3,128.74196500000107,46832.95606,,,,13763.92416,29199.9719,,,,0.0
2026-05-16 14:30:00+00:00,2026-05-16 16:30:00+02:00,2026-05-16,16,30,2,5,5,5.75,0.25,1514.2054290000015,45392.84843,,,,13821.39398,27730.72445,,,,6.0
2026-05-16 14:45:00+00:00,2026-05-16 16:45:00+02:00,2026-05-16,16,45,3,5,5,2.8900000000000006,19.04,2958.3208689999956,43797.15587,,,,13862.74915,26125.59672,,,,21.93
2026-05-16 15:00:00+00:00,2026-05-16 17:00:00+02:00,2026-05-16,17,0,0,5,5,9.620000000000001,6.31,5375.067753000003,42123.755999999994,,,,13820.66135,24469.00465,,,,15.93
2026-05-16 15:15:00+00:00,2026-05-16 17:15:00+02:00,2026-05-16,17,15,1,5,5,-12.850000000000001,54.0,7219.188337,40022.20354,,,,13515.75119,22727.77235,,,,41.15
2026-05-16 15:30:00+00:00,2026-05-16 17:30:00+02:00,2026-05-16,17,30,2,5,5,-3.1299999999999955,86.33,9352.594523,37988.32227,,,,13188.26767,20926.2646,,,,83.2
2026-05-16 15:45:00+00:00,2026-05-16 17:45:00+02:00,2026-05-16,17,45,3,5,5,-6.560000000000002,106.5,12046.404692999997,35617.30266,,,,12819.71577,18987.65689,,,,99.94
2026-05-16 16:00:00+00:00,2026-05-16 18:00:00+02:00,2026-05-16,18,0,0,5,5,3.180000000000007,71.46,15198.997877999995,33011.808560000005,,,,12368.25961,16904.67895,,,,74.64
2026-05-16 16:15:00+00:00,2026-05-16 18:15:00+02:00,2026-05-16,18,15,1,5,5,-5.1000000000000085,97.4,18405.441194000003,30139.06896,,,,11813.14851,14662.79045,,,,92.3
2026-05-16 16:30:00+00:00,2026-05-16 18:30:00+02:00,2026-05-16,18,30,2,5,5,-5.489999999999995,114.52,21070.964100999998,27355.48328,,,,11241.28892,12391.94436,,,,109.03
2026-05-16 16:45:00+00:00,2026-05-16 18:45:00+02:00,2026-05-16,18,45,3,5,5,-27.80000000000001,143.9,24367.352606999997,24508.71354,,,,10659.84611,10206.26743,,,,116.1
2026-05-16 17:00:00+00:00,2026-05-16 19:00:00+02:00,2026-05-16,19,0,0,5,5,10.47999999999999,97.4,25613.807088,21802.546499999997,,,,10062.47353,8202.09297,,,,107.88
2026-05-16 17:15:00+00:00,2026-05-16 19:15:00+02:00,2026-05-16,19,15,1,5,5,-3.8599999999999994,118.6,30279.624720000003,19246.94009,,,,9410.8171,6379.78299,,,,114.74
2026-05-16 17:30:00+00:00,2026-05-16 19:30:00+02:00,2026-05-16,19,30,2,5,5,-3.8499999999999943,132.0,32600.892458000002,16882.801059999998,,,,8764.29115,4766.78991,,,,128.15
2026-05-16 17:45:00+00:00,2026-05-16 19:45:00+02:00,2026-05-16,19,45,3,5,5,-30.47999999999999,168.59,34737.325233,14845.964189999999,,,,8204.84544,3392.70875,,,,138.11
2026-05-16 18:00:00+00:00,2026-05-16 20:00:00+02:00,2026-05-16,20,0,0,5,5,-3.3600000000000136,132.86,36289.1726,13111.27573,,,,7693.5248,2274.25093,,,,129.5
2026-05-16 18:15:00+00:00,2026-05-16 20:15:00+02:00,2026-05-16,20,15,1,5,5,-6.719999999999999,141.54,37353.143359,11712.4464,,,,7296.70391,1383.89249,,,,134.82
2026-05-16 18:30:00+00:00,2026-05-16 20:30:00+02:00,2026-05-16,20,30,2,5,5,-0.6200000000000045,141.44,38134.610285,10686.301089999999,,,,7044.9355,719.11559,,,,140.82
2026-05-16 18:45:00+00:00,2026-05-16 20:45:00+02:00,2026-05-16,20,45,3,5,5,-2.9199999999999875,148.6,38550.112485,9893.0288,,,,6788.13502,275.73378,,,,145.68
2026-05-16 19:00:00+00:00,2026-05-16 21:00:00+02:00,2026-05-16,21,0,0,5,5,-12.400000000000006,154.3,38835.603858,9324.29844,,,,6542.55982,65.51862,,,,141.9
2026-05-16 19:15:00+00:00,2026-05-16 21:15:00+02:00,2026-05-16,21,15,1,5,5,-8.629999999999995,147.75,38666.018684,9063.593659999999,,,,6414.69164,23.07202,,,,139.12
2026-05-16 19:30:00+00:00,2026-05-16 21:30:00+02:00,2026-05-16,21,30,2,5,5,-5.930000000000007,141.88,38467.977617,8902.22189,,,,6366.72189,0.0,,,,135.95
2026-05-16 19:45:00+00:00,2026-05-16 21:45:00+02:00,2026-05-16,21,45,3,5,5,-3.4199999999999875,134.5,38210.033203,8806.72095,,,,6358.19095,,,,,131.08
2026-05-16 20:00:00+00:00,2026-05-16 22:00:00+02:00,2026-05-16,22,0,0,5,5,-8.25,150.0,37885.955224000005,8737.89315,,,,6371.16315,,,,,141.75
2026-05-16 20:15:00+00:00,2026-05-16 22:15:00+02:00,2026-05-16,22,15,1,5,5,-5.140000000000015,140.87,37283.330104,8777.452140000001,,,,6479.16214,,,,,135.73
2026-05-16 20:30:00+00:00,2026-05-16 22:30:00+02:00,2026-05-16,22,30,2,5,5,-2.740000000000009,134.31,36684.847182,8810.686959999999,,,,6583.80696,,,,,131.57
2026-05-16 20:45:00+00:00,2026-05-16 22:45:00+02:00,2026-05-16,22,45,3,5,5,1.1200000000000188,126.96,36028.852627,8882.86385,,,,6720.36385,,,,,128.08
2026-05-16 21:00:00+00:00,2026-05-16 23:00:00+02:00,2026-05-16,23,0,0,5,5,-4.960000000000008,138.09,35368.641377,8938.84564,,,,6846.30564,,,,,133.13
2026-05-16 21:15:00+00:00,2026-05-16 23:15:00+02:00,2026-05-16,23,15,1,5,5,-6.099999999999994,133.6,34728.250435,9003.76068,,,,6960.84068,,,,,127.5
2026-05-16 21:30:00+00:00,2026-05-16 23:30:00+02:00,2026-05-16,23,30,2,5,5,-5.609999999999985,131.45,34255.648702,9071.755159999999,,,,7077.41516,,,,,125.84
2026-05-16 21:45:00+00:00,2026-05-16 23:45:00+02:00,2026-05-16,23,45,3,5,5,-1.269999999999996,119.38,33801.126415,9139.80738,,,,7196.88738,,,,,118.11
2026-05-19 22:00:00+00:00,2026-05-20 00:00:00+02:00,2026-05-20,0,0,0,2,5,-16.23999999999998,135.39,31914.036739000003,14132.38383,,,,9815.72383,0.0,,,,119.15
2026-05-19 22:15:00+00:00,2026-05-20 00:15:00+02:00,2026-05-20,0,15,1,2,5,-7.320000000000007,123.98,31195.807063,14368.10836,,,,10024.77836,,,,,116.66
2026-05-19 22:30:00+00:00,2026-05-20 00:30:00+02:00,2026-05-20,0,30,2,2,5,-4.420000000000002,119.5,30884.386721999996,14606.95244,,,,10233.95244,,,,,115.08
2026-05-19 22:45:00+00:00,2026-05-20 00:45:00+02:00,2026-05-20,0,45,3,2,5,-3.3699999999999903,112.96,30235.557404,14828.56273,,,,10430.90273,,,,,109.59
2026-05-19 23:00:00+00:00,2026-05-20 01:00:00+02:00,2026-05-20,1,0,0,2,5,-3.030000000000001,120.11,29583.691445,15058.182649999999,,,,10639.78265,,,,,117.08
2026-05-19 23:15:00+00:00,2026-05-20 01:15:00+02:00,2026-05-20,1,15,1,2,5,-8.420000000000002,118.61,29067.579183,15268.55868,,,,10831.29868,,,,,110.19
2026-05-19 23:30:00+00:00,2026-05-20 01:30:00+02:00,2026-05-20,1,30,2,2,5,-7.640000000000001,113.69,28642.387897,15448.65868,,,,10997.43868,,,,,106.05
2026-05-19 23:45:00+00:00,2026-05-20 01:45:00+02:00,2026-05-20,1,45,3,2,5,-5.460000000000008,107.34,28290.953767000003,15621.38438,,,,11161.14438,,,,,101.88
2026-05-20 00:00:00+00:00,2026-05-20 02:00:00+02:00,2026-05-20,2,0,0,2,5,-5.650000000000006,111.62,27868.172889,15781.12449,,,,11318.79449,,,,,105.97
2026-05-20 00:15:00+00:00,2026-05-20 02:15:00+02:00,2026-05-20,2,15,1,2,5,-6.799999999999997,109.0,27602.983201000003,15917.39643,,,,11442.12643,,,,,102.2
2026-05-20 00:30:00+00:00,2026-05-20 02:30:00+02:00,2026-05-20,2,30,2,2,5,-7.170000000000002,109.2,27573.179292,16040.56136,,,,11556.35136,,,,,102.03
2026-05-20 00:45:00+00:00,2026-05-20 02:45:00+02:00,2026-05-20,2,45,3,2,5,3.219999999999999,103.06,27355.390418,16160.29031,,,,11663.07031,,,,,106.28
2026-05-20 01:00:00+00:00,2026-05-20 03:00:00+02:00,2026-05-20,3,0,0,2,5,2.990000000000009,103.1,27018.906088999996,16278.04185,,,,11776.21185,,,,,106.09
2026-05-20 01:15:00+00:00,2026-05-20 03:15:00+02:00,2026-05-20,3,15,1,2,5,3.030000000000001,102.9,26614.343397999997,16360.78181,,,,11879.59181,,,,,105.93
2026-05-20 01:30:00+00:00,2026-05-20 03:30:00+02:00,2026-05-20,3,30,2,2,5,-3.180000000000007,109.73,26872.58932,16438.247320000002,,,,11973.67732,,,,,106.55
2026-05-20 01:45:00+00:00,2026-05-20 03:45:00+02:00,2026-05-20,3,45,3,2,5,-2.9200000000000017,108.23,27230.579784,16515.35892,,,,12072.43892,,,,,105.31
2026-05-20 02:00:00+00:00,2026-05-20 04:00:00+02:00,2026-05-20,4,0,0,2,5,7.390000000000001,99.24,27558.531159,16584.026530000003,,,,12169.68653,,,,,106.63
2026-05-20 02:15:00+00:00,2026-05-20 04:15:00+02:00,2026-05-20,4,15,1,2,5,-1.9699999999999989,109.13,27971.859623999997,16590.35104,,,,12211.57104,,,,,107.16
2026-05-20 02:30:00+00:00,2026-05-20 04:30:00+02:00,2026-05-20,4,30,2,2,5,-2.4599999999999937,111.44,28557.288955000004,16572.734519999998,,,,12231.49452,,,,,108.98
2026-05-20 02:45:00+00:00,2026-05-20 04:45:00+02:00,2026-05-20,4,45,3,2,5,-5.509999999999991,112.38,29521.394043999997,16570.01641,,,,12266.18641,,,,,106.87
2026-05-20 03:00:00+00:00,2026-05-20 05:00:00+02:00,2026-05-20,5,0,0,2,5,-7.170000000000002,111.67,30597.617454,16572.7653,,,,12291.62905,13.72625,,,,104.5
2026-05-20 03:15:00+00:00,2026-05-20 05:15:00+02:00,2026-05-20,5,15,1,2,5,-8.489999999999995,115.0,31191.981134999998,16518.97259,,,,12223.35056,67.45203,,,,106.51
2026-05-20 03:30:00+00:00,2026-05-20 05:30:00+02:00,2026-05-20,5,30,2,2,5,-7.700000000000003,119.34,30744.23766,16546.78622,,,,12149.35963,204.48659,,,,111.64
2026-05-20 03:45:00+00:00,2026-05-20 05:45:00+02:00,2026-05-20,5,45,3,2,5,-8.64,130.19,32869.220699,16686.127470000003,,,,12070.82269,463.53478,,,,121.55
2026-05-20 04:00:00+00:00,2026-05-20 06:00:00+02:00,2026-05-20,6,0,0,2,5,-1.990000000000009,127.9,35169.42167699999,17133.74821,,,,12109.76171,902.7165,,,,125.91
2026-05-20 04:15:00+00:00,2026-05-20 06:15:00+02:00,2026-05-20,6,15,1,2,5,4.13000000000001,126.8,35366.085704,17541.755119999998,,,,11932.18414,1513.51098,,,,130.93
2026-05-20 04:30:00+00:00,2026-05-20 06:30:00+02:00,2026-05-20,6,30,2,2,5,-7.110000000000014,139.3,36418.090501,18095.26264,,,,11743.85008,2279.52256,,,,132.19
2026-05-20 04:45:00+00:00,2026-05-20 06:45:00+02:00,2026-05-20,6,45,3,2,5,-3.039999999999992,134.01,37301.509284,18788.39161,,,,11548.65637,3194.52524,,,,130.97
2026-05-20 05:00:00+00:00,2026-05-20 07:00:00+02:00,2026-05-20,7,0,0,2,5,-1.799999999999983,138.23,38282.69792,19592.98983,,,,11336.92453,4243.4153,,,,136.43
2026-05-20 05:15:00+00:00,2026-05-20 07:15:00+02:00,2026-05-20,7,15,1,2,5,1.2199999999999989,131.6,38479.741816,20518.03089,,,,11098.09089,5419.5,,,,132.82
2026-05-20 05:30:00+00:00,2026-05-20 07:30:00+02:00,2026-05-20,7,30,2,2,5,-2.6599999999999966,132.67,38495.31146,21521.58684,,,,10846.92966,6692.41718,,,,130.01
2026-05-20 05:45:00+00:00,2026-05-20 07:45:00+02:00,2026-05-20,7,45,3,2,5,-1.0600000000000023,125.97,38075.440074,22584.10287,,,,10582.64408,8034.07879,,,,124.91
2026-05-20 06:00:00+00:00,2026-05-20 08:00:00+02:00,2026-05-20,8,0,0,2,5,0.5900000000000034,137.22,37609.014948000004,23680.13222,,,,10323.5627,9423.06952,,,,137.81
2026-05-20 06:15:00+00:00,2026-05-20 08:15:00+02:00,2026-05-20,8,15,1,2,5,3.700000000000003,126.3,36850.89952199999,24891.79347,,,,10123.69106,10884.49241,,,,130.0
2026-05-20 06:30:00+00:00,2026-05-20 08:30:00+02:00,2026-05-20,8,30,2,2,5,-3.1299999999999955,118.13,35537.166902000004,26206.066469999998,,,,9945.93348,12424.41299,,,,115.0
2026-05-20 06:45:00+00:00,2026-05-20 08:45:00+02:00,2026-05-20,8,45,3,2,5,-1.1200000000000045,109.2,34182.829111,27559.24304,,,,9785.34477,13987.16827,,,,108.08
2026-05-20 07:00:00+00:00,2026-05-20 09:00:00+02:00,2026-05-20,9,0,0,2,5,2.660000000000011,120.27,32882.304449,29034.74082,,,,9794.91404,15523.99678,,,,122.93
2026-05-20 07:15:00+00:00,2026-05-20 09:15:00+02:00,2026-05-20,9,15,1,2,5,4.8500000000000085,106.3,31498.532631000002,30590.75496,,,,9869.48501,17069.52995,,,,111.15
2026-05-20 07:30:00+00:00,2026-05-20 09:30:00+02:00,2026-05-20,9,30,2,2,5,1.0200000000000102,107.96,30469.043534999997,32109.747040000002,,,,9960.98162,18558.09542,,,,108.98
2026-05-20 07:45:00+00:00,2026-05-20 09:45:00+02:00,2026-05-20,9,45,3,2,5,-1.490000000000009,97.34,28950.886486000003,33581.63032,,,,10125.93612,19930.2242,,,,95.85
2026-05-20 08:00:00+00:00,2026-05-20 10:00:00+02:00,2026-05-20,10,0,0,2,5,-0.5499999999999972,95.27,27119.382444999996,34972.74554,,,,10338.92713,21177.94841,,,,94.72
2026-05-20 08:15:00+00:00,2026-05-20 10:15:00+02:00,2026-05-20,10,15,1,2,5,-7.969999999999999,92.0,26725.884158999994,36224.22714,,,,10520.08701,22324.98013,,,,84.03
2026-05-20 08:30:00+00:00,2026-05-20 10:30:00+02:00,2026-05-20,10,30,2,2,5,-0.35999999999999943,79.37,25394.958309999995,37338.84047,,,,10694.10499,23347.24548,,,,79.01
2026-05-20 08:45:00+00:00,2026-05-20 10:45:00+02:00,2026-05-20,10,45,3,2,5,4.429999999999993,65.01,24202.386250999996,38367.053830000004,,,,10865.25273,24285.1011,,,,69.44
2026-05-20 09:00:00+00:00,2026-05-20 11:00:00+02:00,2026-05-20,11,0,0,2,5,-11.83999999999999,88.32,23617.949590999997,39298.48296,,,,11025.96288,25133.53008,,,,76.48
2026-05-20 09:15:00+00:00,2026-05-20 11:15:00+02:00,2026-05-20,11,15,1,2,5,-7.090000000000003,73.8,23138.980854,40129.37253,,,,11126.8887,25944.18383,,,,66.71
2026-05-20 09:30:00+00:00,2026-05-20 11:30:00+02:00,2026-05-20,11,30,2,2,5,-2.039999999999999,62.64,21870.203752,40865.38022,,,,11231.90391,26661.85631,,,,60.6
2026-05-20 09:45:00+00:00,2026-05-20 11:45:00+02:00,2026-05-20,11,45,3,2,5,-9.799999999999997,58.73,21201.370987000002,41534.4355,,,,11342.30302,27325.16248,,,,48.93
2026-05-20 10:00:00+00:00,2026-05-20 12:00:00+02:00,2026-05-20,12,0,0,2,5,-6.400000000000006,64.06,20253.858763000004,42151.222499999996,,,,11468.30473,27890.17777,,,,57.66
2026-05-20 10:15:00+00:00,2026-05-20 12:15:00+02:00,2026-05-20,12,15,1,2,5,-5.329999999999998,51.39,19450.959252,42744.64712,,,,11607.68842,28400.3487,,,,46.06
2026-05-20 10:30:00+00:00,2026-05-20 12:30:00+02:00,2026-05-20,12,30,2,2,5,-24.449999999999996,59.12,18514.621311000003,43263.20084,,,,11745.19095,28834.51989,,,,34.67
2026-05-20 10:45:00+00:00,2026-05-20 12:45:00+02:00,2026-05-20,12,45,3,2,5,-22.699999999999996,53.8,18599.955116999998,43689.18938,,,,11891.08508,29173.5043,,,,31.1
2026-05-20 11:00:00+00:00,2026-05-20 13:00:00+02:00,2026-05-20,13,0,0,2,5,-23.57,60.01,16477.920364999998,44034.46605,,,,12036.0528,29427.31325,,,,36.44
2026-05-20 11:15:00+00:00,2026-05-20 13:15:00+02:00,2026-05-20,13,15,1,2,5,-19.539999999999996,48.98,15906.446856000002,44334.22994,,,,12193.085,29630.86494,,,,29.44
2026-05-20 11:30:00+00:00,2026-05-20 13:30:00+02:00,2026-05-20,13,30,2,2,5,-19.999999999999996,42.01,15185.245577000002,44585.11963,,,,12369.81154,29743.82809,,,,22.01
2026-05-20 11:45:00+00:00,2026-05-20 13:45:00+02:00,2026-05-20,13,45,3,2,5,-28.47,44.19,13734.487007999996,44778.39085,,,,12548.31149,29798.38936,,,,15.72
2026-05-20 12:00:00+00:00,2026-05-20 14:00:00+02:00,2026-05-20,14,0,0,2,5,-9.689999999999998,27.36,14250.244784000002,44945.13652,,,,12733.59856,29807.30796,,,,17.67
2026-05-20 12:15:00+00:00,2026-05-20 14:15:00+02:00,2026-05-20,14,15,1,2,5,-10.27,30.07,13315.234324000005,45048.854569999996,,,,12876.07124,29759.45333,,,,19.8
2026-05-20 12:30:00+00:00,2026-05-20 14:30:00+02:00,2026-05-20,14,30,2,2,5,-14.530000000000001,35.95,13649.314776,45032.73849,,,,12984.23781,29629.96068,,,,21.42
2026-05-20 12:45:00+00:00,2026-05-20 14:45:00+02:00,2026-05-20,14,45,3,2,5,-17.46,40.67,13227.133343000001,44880.26913,,,,13074.20703,29379.2021,,,,23.21
2026-05-20 13:00:00+00:00,2026-05-20 15:00:00+02:00,2026-05-20,15,0,0,2,5,-6.600000000000001,31.59,13734.937542,44602.61821,,,,13124.28725,29031.54096,,,,24.99
2026-05-20 13:15:00+00:00,2026-05-20 15:15:00+02:00,2026-05-20,15,15,1,2,5,-9.64,38.78,13414.119594999996,44184.31175,,,,13149.82544,28559.82631,,,,29.14
2026-05-20 13:30:00+00:00,2026-05-20 15:30:00+02:00,2026-05-20,15,30,2,2,5,-15.64,48.84,14416.452889,43604.98893,,,,13173.70075,27925.72818,,,,33.2
2026-05-20 13:45:00+00:00,2026-05-20 15:45:00+02:00,2026-05-20,15,45,3,2,5,-18.32,63.43,14679.695683000005,42865.4134,,,,13177.27518,27146.71822,,,,45.11
2026-05-20 14:00:00+00:00,2026-05-20 16:00:00+02:00,2026-05-20,16,0,0,2,5,-35.19,50.8,16108.030939999997,41948.61869,,,,13166.12172,26217.12697,,,,15.61
2026-05-20 14:15:00+00:00,2026-05-20 16:15:00+02:00,2026-05-20,16,15,1,2,5,-8.519999999999996,55.4,17109.376865,40801.45379,,,,13050.91398,25177.03981,,,,46.88
2026-05-20 14:30:00+00:00,2026-05-20 16:30:00+02:00,2026-05-20,16,30,2,2,5,-16.980000000000004,84.72,18875.250677000004,39472.628339999996,,,,12914.98725,23976.06109,,,,67.74
2026-05-20 14:45:00+00:00,2026-05-20 16:45:00+02:00,2026-05-20,16,45,3,2,5,-17.320000000000007,97.31,20310.163246000004,37992.93829,,,,12775.65042,22632.37787,,,,79.99
2026-05-20 15:00:00+00:00,2026-05-20 17:00:00+02:00,2026-05-20,17,0,0,2,5,-3.730000000000004,72.69,21588.358637000005,36439.05712,,,,12618.62894,21238.04818,,,,68.96
2026-05-20 15:15:00+00:00,2026-05-20 17:15:00+02:00,2026-05-20,17,15,1,2,5,3.5600000000000023,86.05,24284.786494,34640.44867,,,,12299.04099,19784.59768,,,,89.61
2026-05-20 15:30:00+00:00,2026-05-20 17:30:00+02:00,2026-05-20,17,30,2,2,5,-10.159999999999997,106.91,25636.043121000006,32759.571399999997,,,,11962.13683,18247.13457,,,,96.75
2026-05-20 15:45:00+00:00,2026-05-20 17:45:00+02:00,2026-05-20,17,45,3,2,5,-5.1200000000000045,117.0,27389.723302000002,30773.29772,,,,11615.39382,16643.9639,,,,111.88
2026-05-20 16:00:00+00:00,2026-05-20 18:00:00+02:00,2026-05-20,18,0,0,2,5,-7.019999999999996,105.75,29204.901234999998,28686.1016,,,,11250.9168,14963.1448,,,,98.73
2026-05-20 16:15:00+00:00,2026-05-20 18:15:00+02:00,2026-05-20,18,15,1,2,5,9.829999999999998,109.3,31442.064036999996,26384.00114,,,,10754.23116,13182.63998,,,,119.13
2026-05-20 16:30:00+00:00,2026-05-20 18:30:00+02:00,2026-05-20,18,30,2,2,5,-9.650000000000006,140.03,34162.683168999996,24010.6623,,,,10233.08009,11362.39221,,,,130.38
2026-05-20 16:45:00+00:00,2026-05-20 18:45:00+02:00,2026-05-20,18,45,3,2,5,-5.680000000000007,149.18,36848.740273999996,21660.57314,,,,9710.5089,9561.99424,,,,143.5
2026-05-20 17:00:00+00:00,2026-05-20 19:00:00+02:00,2026-05-20,19,0,0,2,5,-7.430000000000007,126.12,38698.717507999994,19407.696150000003,,,,9195.28907,7845.96708,,,,118.69
2026-05-20 17:15:00+00:00,2026-05-20 19:15:00+02:00,2026-05-20,19,15,1,2,5,-8.950000000000017,142.93,40943.327351,17279.19797,,,,8696.82676,6212.95121,,,,133.98
2026-05-20 17:30:00+00:00,2026-05-20 19:30:00+02:00,2026-05-20,19,30,2,2,5,-8.400000000000006,153.0,42979.852367,15291.663510000002,,,,8205.56939,4715.73412,,,,144.6
2026-05-20 17:45:00+00:00,2026-05-20 19:45:00+02:00,2026-05-20,19,45,3,2,5,-3.289999999999992,166.54,44364.278026,13561.23,,,,7791.63499,3398.21501,,,,163.25
2026-05-20 18:00:00+00:00,2026-05-20 20:00:00+02:00,2026-05-20,20,0,0,2,5,-13.830000000000013,164.25,44920.313975000005,12084.4229,,,,7398.19852,2306.84438,,,,150.42
2026-05-20 18:15:00+00:00,2026-05-20 20:15:00+02:00,2026-05-20,20,15,1,2,5,-11.51000000000002,165.77,45598.222343,10897.67554,,,,7090.87262,1435.52292,,,,154.26
2026-05-20 18:30:00+00:00,2026-05-20 20:30:00+02:00,2026-05-20,20,30,2,2,5,-9.429999999999978,172.76,46345.197834000006,10049.75934,,,,6908.99174,783.5776,,,,163.33
2026-05-20 18:45:00+00:00,2026-05-20 20:45:00+02:00,2026-05-20,20,45,3,2,5,2.5900000000000034,169.41,46580.151889,9400.64663,,,,6732.84874,320.61789,,,,172.0
2026-05-20 19:00:00+00:00,2026-05-20 21:00:00+02:00,2026-05-20,21,0,0,2,5,5.450000000000017,166.41,46082.964255,9028.07162,,,,6605.56733,85.39429,,,,171.86
2026-05-20 19:15:00+00:00,2026-05-20 21:15:00+02:00,2026-05-20,21,15,1,2,5,-0.6399999999999864,160.0,45522.515689,8977.86831,,,,6612.62007,30.44824,,,,159.36
2026-05-20 19:30:00+00:00,2026-05-20 21:30:00+02:00,2026-05-20,21,30,2,2,5,-5.390000000000015,157.28,44695.094346,8996.34788,,,,6653.29498,15.5529,,,,151.89
2026-05-20 19:45:00+00:00,2026-05-20 21:45:00+02:00,2026-05-20,21,45,3,2,5,-13.670000000000016,154.56,43855.496570999996,9038.82876,,,,6719.60876,0.0,,,,140.89
2026-05-20 20:00:00+00:00,2026-05-20 22:00:00+02:00,2026-05-20,22,0,0,2,5,-3.2299999999999898,160.2,42984.23033399999,9147.81926,,,,6830.21926,,,,,156.97
2026-05-20 20:15:00+00:00,2026-05-20 22:15:00+02:00,2026-05-20,22,15,1,2,5,-1.0300000000000011,150.93,41764.193848999996,9380.75278,,,,7021.73278,,,,,149.9
2026-05-20 20:30:00+00:00,2026-05-20 22:30:00+02:00,2026-05-20,22,30,2,2,5,-2.6799999999999784,144.45,40335.056983999995,9615.03801,,,,7217.57801,,,,,141.77
2026-05-20 20:45:00+00:00,2026-05-20 22:45:00+02:00,2026-05-20,22,45,3,2,5,-4.550000000000011,136.56,39344.34088,9885.26446,,,,7447.32446,,,,,132.01
2026-05-20 21:00:00+00:00,2026-05-20 23:00:00+02:00,2026-05-20,23,0,0,2,5,2.2900000000000205,140.57,37918.944632,10156.69255,,,,7677.61255,,,,,142.86
2026-05-20 21:15:00+00:00,2026-05-20 23:15:00+02:00,2026-05-20,23,15,1,2,5,-0.5500000000000114,137.9,36877.34121,10498.10224,,,,7961.30224,,,,,137.35
2026-05-20 21:30:00+00:00,2026-05-20 23:30:00+02:00,2026-05-20,23,30,2,2,5,-1.6200000000000045,134.52,35965.816812,10845.99899,,,,8252.40899,,,,,132.9
2026-05-20 21:45:00+00:00,2026-05-20 23:45:00+02:00,2026-05-20,23,45,3,2,5,-1.5999999999999943,131.09,34939.693010999996,11198.7136,,,,8551.1736,,,,,129.49
2026-05-29 22:00:00+00:00,2026-05-30 00:00:00+02:00,2026-05-30,0,0,0,5,5,-17.060000000000002,145.0,32274.889117,12584.57116,,,,10221.31116,0.0,,,,127.94
2026-05-29 22:15:00+00:00,2026-05-30 00:15:00+02:00,2026-05-30,0,15,1,5,5,-9.819999999999993,136.85,31518.068064,12777.095379999999,,,,10301.63538,,,,,127.03
2026-05-29 22:30:00+00:00,2026-05-30 00:30:00+02:00,2026-05-30,0,30,2,5,5,-9.920000000000002,132.43,30869.848400999996,12948.52818,,,,10372.46818,,,,,122.51
2026-05-29 22:45:00+00:00,2026-05-30 00:45:00+02:00,2026-05-30,0,45,3,5,5,-10.86,127.78,30215.987846000004,13146.49194,,,,10459.17194,,,,,116.92
2026-05-29 23:00:00+00:00,2026-05-30 01:00:00+02:00,2026-05-30,1,0,0,5,5,-11.709999999999994,135.0,29515.005443000002,13306.04086,,,,10516.47086,,,,,123.29
2026-05-29 23:15:00+00:00,2026-05-30 01:15:00+02:00,2026-05-30,1,15,1,5,5,-8.689999999999984,129.2,29004.334661,13269.21997,,,,10396.37997,,,,,120.51
2026-05-29 23:30:00+00:00,2026-05-30 01:30:00+02:00,2026-05-30,1,30,2,5,5,-8.650000000000006,126.54,28656.808952000003,13243.00635,,,,10287.35635,,,,,117.89
2026-05-29 23:45:00+00:00,2026-05-30 01:45:00+02:00,2026-05-30,1,45,3,5,5,-9.159999999999997,124.67,28328.499811,13229.38429,,,,10197.40429,,,,,115.51
2026-05-30 00:00:00+00:00,2026-05-30 02:00:00+02:00,2026-05-30,2,0,0,5,5,-5.930000000000007,125.01,28090.202277999997,13205.17319,,,,10104.95319,,,,,119.08
2026-05-30 00:15:00+00:00,2026-05-30 02:15:00+02:00,2026-05-30,2,15,1,5,5,-6.8700000000000045,123.65,27838.718345,13191.61917,,,,10029.36917,,,,,116.78
2026-05-30 00:30:00+00:00,2026-05-30 02:30:00+02:00,2026-05-30,2,30,2,5,5,-10.530000000000001,127.98,27646.204443000002,13137.087220000001,,,,9923.21722,,,,,117.45
2026-05-30 00:45:00+00:00,2026-05-30 02:45:00+02:00,2026-05-30,2,45,3,5,5,-12.069999999999993,126.77,27565.750819999997,13064.172320000001,,,,9796.55232,,,,,114.7
2026-05-30 01:00:00+00:00,2026-05-30 03:00:00+02:00,2026-05-30,3,0,0,5,5,-9.700000000000003,125.8,27546.678053000003,13016.80747,,,,9699.75747,,,,,116.1
2026-05-30 01:15:00+00:00,2026-05-30 03:15:00+02:00,2026-05-30,3,15,1,5,5,-8.569999999999993,123.6,27464.633167,13019.488360000001,,,,9680.38836,,,,,115.03
2026-05-30 01:30:00+00:00,2026-05-30 03:30:00+02:00,2026-05-30,3,30,2,5,5,-7.109999999999999,123.82,27347.66003,13025.82799,,,,9655.67799,,,,,116.71
2026-05-30 01:45:00+00:00,2026-05-30 03:45:00+02:00,2026-05-30,3,45,3,5,5,-6.010000000000005,122.0,27279.198544,13020.52214,,,,9622.38214,,,,,115.99
2026-05-30 02:00:00+00:00,2026-05-30 04:00:00+02:00,2026-05-30,4,0,0,5,5,-4.609999999999999,122.77,27398.467193999997,13009.315770000001,,,,9603.95577,,,,,118.16
2026-05-30 02:15:00+00:00,2026-05-30 04:15:00+02:00,2026-05-30,4,15,1,5,5,-3.4399999999999977,123.34,27461.498378999997,12885.335130000001,,,,9541.80513,,,,,119.9
2026-05-30 02:30:00+00:00,2026-05-30 04:30:00+02:00,2026-05-30,4,30,2,5,5,-2.3800000000000097,124.7,27689.746655999996,12760.022400000002,,,,9480.3124,,,,,122.32
2026-05-30 02:45:00+00:00,2026-05-30 04:45:00+02:00,2026-05-30,4,45,3,5,5,-6.579999999999998,128.07,27836.735591999997,12636.52734,,,,9419.85234,5.245,,,,121.49
2026-05-30 03:00:00+00:00,2026-05-30 05:00:00+02:00,2026-05-30,5,0,0,5,5,-3.8100000000000023,128.62,28161.461195,12572.35453,,,,9348.68835,87.44618,,,,124.81
2026-05-30 03:15:00+00:00,2026-05-30 05:15:00+02:00,2026-05-30,5,15,1,5,5,-2.8900000000000006,125.87,28038.227163999996,12501.1921,,,,9190.65257,287.75953,,,,122.98
2026-05-30 03:30:00+00:00,2026-05-30 05:30:00+02:00,2026-05-30,5,30,2,5,5,-1.8700000000000045,124.0,28108.840712000005,12579.23854,,,,9036.54955,625.30899,,,,122.13
2026-05-30 03:45:00+00:00,2026-05-30 05:45:00+02:00,2026-05-30,5,45,3,5,5,-0.03999999999999204,120.55,28926.40597,12872.585410000002,,,,8884.7237,1185.15171,,,,120.51
2026-05-30 04:00:00+00:00,2026-05-30 06:00:00+02:00,2026-05-30,6,0,0,5,5,-0.8400000000000034,123.2,29466.160390999998,13491.62975,,,,8804.08101,2013.96874,,,,122.36
2026-05-30 04:15:00+00:00,2026-05-30 06:15:00+02:00,2026-05-30,6,15,1,5,5,-5.109999999999999,121.7,27742.783585,14160.41215,,,,8520.04408,3091.94807,,,,116.59
2026-05-30 04:30:00+00:00,2026-05-30 06:30:00+02:00,2026-05-30,6,30,2,5,5,-5.890000000000001,116.6,27330.423918999997,15062.289990000001,,,,8249.20996,4386.65003,,,,110.71
2026-05-30 04:45:00+00:00,2026-05-30 06:45:00+02:00,2026-05-30,6,45,3,5,5,-4.530000000000001,112.47,26924.508142000002,16183.28844,,,,7985.55641,5892.28203,,,,107.94
2026-05-30 05:00:00+00:00,2026-05-30 07:00:00+02:00,2026-05-30,7,0,0,5,5,-2.1500000000000057,120.53,26318.488966999998,17515.68144,,,,7719.84106,7607.12038,,,,118.38
2026-05-30 05:15:00+00:00,2026-05-30 07:15:00+02:00,2026-05-30,7,15,1,5,5,3.469999999999999,110.13,25541.535860999997,19030.681770000003,,,,7412.10063,9539.58114,,,,113.6
2026-05-30 05:30:00+00:00,2026-05-30 07:30:00+02:00,2026-05-30,7,30,2,5,5,-2.680000000000007,108.48,24780.923011,20749.34089,,,,7110.0305,11678.33039,,,,105.8
2026-05-30 05:45:00+00:00,2026-05-30 07:45:00+02:00,2026-05-30,7,45,3,5,5,-6.3799999999999955,98.38,23721.393691999998,22670.35338,,,,6821.5216,14000.49178,,,,92.0
2026-05-30 06:00:00+00:00,2026-05-30 08:00:00+02:00,2026-05-30,8,0,0,5,5,-0.29999999999999716,110.0,22039.483901000003,24785.59965,,,,6621.95278,16461.71687,,,,109.7
2026-05-30 06:15:00+00:00,2026-05-30 08:15:00+02:00,2026-05-30,8,15,1,5,5,2.5900000000000034,92.49,20459.475089,27190.517959999997,,,,6499.62797,19058.29999,,,,95.08
2026-05-30 06:30:00+00:00,2026-05-30 08:30:00+02:00,2026-05-30,8,30,2,5,5,6.939999999999998,72.29,18782.542404,29614.664149999997,,,,6366.51517,21728.77898,,,,79.23
2026-05-30 06:45:00+00:00,2026-05-30 08:45:00+02:00,2026-05-30,8,45,3,5,5,-0.15000000000000568,56.27,17084.2321,32055.8511,,,,6231.39345,24379.53765,,,,56.12
2026-05-30 07:00:00+00:00,2026-05-30 09:00:00+02:00,2026-05-30,9,0,0,5,5,-7.320000000000007,75.59,14629.005074,34386.18251,,,,6094.61378,26913.14873,,,,68.27
2026-05-30 07:15:00+00:00,2026-05-30 09:15:00+02:00,2026-05-30,9,15,1,5,5,-7.439999999999998,53.4,12661.77723,36851.54649,,,,6140.07122,29367.80527,,,,45.96
2026-05-30 07:30:00+00:00,2026-05-30 09:30:00+02:00,2026-05-30,9,30,2,5,5,7.73,16.59,11043.506733000002,39130.04612,,,,6159.64734,31688.40878,,,,24.32
2026-05-30 07:45:00+00:00,2026-05-30 09:45:00+02:00,2026-05-30,9,45,3,5,5,1.3899999999999988,15.4,9602.265659999997,41151.14678,,,,6069.58301,33837.25377,,,,16.79
2026-05-30 08:00:00+00:00,2026-05-30 10:00:00+02:00,2026-05-30,10,0,0,5,5,-1.8000000000000007,19.8,7593.768126999996,43032.946370000005,,,,6007.25575,35816.20062,,,,18.0
2026-05-30 08:15:00+00:00,2026-05-30 10:15:00+02:00,2026-05-30,10,15,1,5,5,10.24,1.75,6140.279399999999,44848.01757,,,,6059.42668,37591.25089,,,,11.99
2026-05-30 08:30:00+00:00,2026-05-30 10:30:00+02:00,2026-05-30,10,30,2,5,5,-2.05,4.01,4743.859285000006,46484.95993,,,,6103.45102,39190.22891,,,,1.96
2026-05-30 08:45:00+00:00,2026-05-30 10:45:00+02:00,2026-05-30,10,45,3,5,5,5.7,-5.7,3461.6398199999967,47921.29639,,,,6135.59467,40606.79172,,,,0.0
2026-05-30 09:00:00+00:00,2026-05-30 11:00:00+02:00,2026-05-30,11,0,0,5,5,-2.21,2.21,2118.0979730000035,49104.36152,,,,6160.53456,41771.82696,,,,0.0
2026-05-30 09:15:00+00:00,2026-05-30 11:15:00+02:00,2026-05-30,11,15,1,5,5,-3.7,2.59,736.1174540000065,50306.32992,,,,6318.29593,42803.11399,,,,-1.11
2026-05-30 09:30:00+00:00,2026-05-30 11:30:00+02:00,2026-05-30,11,30,2,5,5,0.8,-0.01,-490.8694400000022,51207.394830000005,,,,6451.41622,43556.92861,,,,0.79
2026-05-30 09:45:00+00:00,2026-05-30 11:45:00+02:00,2026-05-30,11,45,3,5,5,6.3,-6.3,-1303.4449440000026,52109.89753,,,,6616.18848,44282.67905,,,,0.0
2026-05-30 10:00:00+00:00,2026-05-30 12:00:00+02:00,2026-05-30,12,0,0,5,5,-4.31,4.3,-2641.0361709999997,52834.2382,,,,6759.56602,44849.63218,,,,-0.01
2026-05-30 10:15:00+00:00,2026-05-30 12:15:00+02:00,2026-05-30,12,15,1,5,5,4.050000000000001,-4.61,-3642.511262999993,53540.06548999999,,,,6989.3668,45326.15869,,,,-0.56
2026-05-30 10:30:00+00:00,2026-05-30 12:30:00+02:00,2026-05-30,12,30,2,5,5,3.35,-7.33,-4239.582629000004,54134.723900000005,,,,7227.18414,45681.08976,,,,-3.98
2026-05-30 10:45:00+00:00,2026-05-30 12:45:00+02:00,2026-05-30,12,45,3,5,5,5.63,-10.17,-4799.9244460000045,54582.068490000005,,,,7471.46619,45881.1823,,,,-4.54
2026-05-30 11:00:00+00:00,2026-05-30 13:00:00+02:00,2026-05-30,13,0,0,5,5,1.0999999999999996,-6.6,-5661.885934999998,54859.34359,,,,7695.57093,45935.17266,,,,-5.5
2026-05-30 11:15:00+00:00,2026-05-30 13:15:00+02:00,2026-05-30,13,15,1,5,5,4.93,-11.03,-6024.6905740000075,54897.072850000004,,,,7833.03083,45856.30202,,,,-6.1
2026-05-30 11:30:00+00:00,2026-05-30 13:30:00+02:00,2026-05-30,13,30,2,5,5,-5.17,-1.44,-6005.402575,54736.20697,,,,8015.90795,45533.24902,,,,-6.61
2026-05-30 11:45:00+00:00,2026-05-30 13:45:00+02:00,2026-05-30,13,45,3,5,5,-4.58,-2.03,-6189.543409999998,54556.70356,,,,8257.02464,45131.32892,,,,-6.61
2026-05-30 12:00:00+00:00,2026-05-30 14:00:00+02:00,2026-05-30,14,0,0,5,5,-4.02,-1.08,-6179.716971999995,54244.88939,,,,8528.79621,44569.72318,,,,-5.1
2026-05-30 12:15:00+00:00,2026-05-30 14:15:00+02:00,2026-05-30,14,15,1,5,5,4.42,-9.42,-5978.762709000002,53800.95676,,,,8731.43703,43939.95973,,,,-5.0
2026-05-30 12:30:00+00:00,2026-05-30 14:30:00+02:00,2026-05-30,14,30,2,5,5,1.9000000000000004,-7.4,-5826.165756999995,53239.147919999996,,,,8911.72824,43213.08968,,,,-5.5
2026-05-30 12:45:00+00:00,2026-05-30 14:45:00+02:00,2026-05-30,14,45,3,5,5,-4.91,-0.2,-5301.752701999998,52507.9344,,,,9099.28947,42313.65493,,,,-5.11
2026-05-30 13:00:00+00:00,2026-05-30 15:00:00+02:00,2026-05-30,15,0,0,5,5,10.15,-13.41,-4520.039227999994,51682.67064,,,,9269.60811,41329.84253,,,,-3.26
2026-05-30 13:15:00+00:00,2026-05-30 15:15:00+02:00,2026-05-30,15,15,1,5,5,4.57,-5.92,-3687.8515439999974,50744.52981,,,,9337.40391,40337.2359,,,,-1.35
2026-05-30 13:30:00+00:00,2026-05-30 15:30:00+02:00,2026-05-30,15,30,2,5,5,-2.0799999999999996,2.07,-2935.672406999998,49726.986939999995,,,,9470.73903,39193.52791,,,,-0.01
2026-05-30 13:45:00+00:00,2026-05-30 15:45:00+02:00,2026-05-30,15,45,3,5,5,-10.0,5.0,-1557.9963789999965,48521.60311,,,,9611.99142,37858.08169,,,,-5.0
2026-05-30 14:00:00+00:00,2026-05-30 16:00:00+02:00,2026-05-30,16,0,0,5,5,3.91,-8.5,-38.86178099999961,47133.8454,,,,9729.78279,36363.29261,,,,-4.59
2026-05-30 14:15:00+00:00,2026-05-30 16:15:00+02:00,2026-05-30,16,15,1,5,5,-0.44999999999999996,0.47,1168.0207440000013,45593.7319,,,,9839.0546,34720.3273,,,,0.02
2026-05-30 14:30:00+00:00,2026-05-30 16:30:00+02:00,2026-05-30,16,30,2,5,5,-7.92,9.43,2902.614830000006,44005.539749999996,,,,9963.48027,33018.00948,,,,1.51
2026-05-30 14:45:00+00:00,2026-05-30 16:45:00+02:00,2026-05-30,16,45,3,5,5,5.080000000000002,11.52,3910.7013369999986,42254.51268,,,,10069.40545,31167.05723,,,,16.6
2026-05-30 15:00:00+00:00,2026-05-30 17:00:00+02:00,2026-05-30,17,0,0,5,5,8.06,8.44,6368.683318000003,40334.13972,,,,10132.05807,29184.01165,,,,16.5
2026-05-30 15:15:00+00:00,2026-05-30 17:15:00+02:00,2026-05-30,17,15,1,5,5,-3.3699999999999974,49.08,8312.225182999995,38203.096130000005,,,,10155.71166,27055.63447,,,,45.71
2026-05-30 15:30:00+00:00,2026-05-30 17:30:00+02:00,2026-05-30,17,30,2,5,5,-6.8500000000000085,87.48,11181.962748000005,35741.8624,,,,9955.06618,24815.38622,,,,80.63
2026-05-30 15:45:00+00:00,2026-05-30 17:45:00+02:00,2026-05-30,17,45,3,5,5,5.609999999999999,89.99,14175.629229999999,33124.82238,,,,9738.82843,22435.70395,,,,95.6
2026-05-30 16:00:00+00:00,2026-05-30 18:00:00+02:00,2026-05-30,18,0,0,5,5,-5.290000000000006,82.2,17091.502667,30397.41136,,,,9503.01226,19965.8391,,,,76.91
2026-05-30 16:15:00+00:00,2026-05-30 18:15:00+02:00,2026-05-30,18,15,1,5,5,-8.929999999999993,102.19,20269.576801,27473.63043,,,,9147.82774,17419.26269,,,,93.26
2026-05-30 16:30:00+00:00,2026-05-30 18:30:00+02:00,2026-05-30,18,30,2,5,5,-10.549999999999997,119.58,23426.594305000002,24555.36334,,,,8790.62616,14879.32718,,,,109.03
2026-05-30 16:45:00+00:00,2026-05-30 18:45:00+02:00,2026-05-30,18,45,3,5,5,-23.190000000000012,147.61,26699.267127,21745.50247,,,,8429.4696,12455.81287,,,,124.42
2026-05-30 17:00:00+00:00,2026-05-30 19:00:00+02:00,2026-05-30,19,0,0,5,5,-8.209999999999994,125.3,30003.288543000002,19120.2673,,,,8057.16058,10222.31672,,,,117.09
2026-05-30 17:15:00+00:00,2026-05-30 19:15:00+02:00,2026-05-30,19,15,1,5,5,-8.990000000000009,136.99,32430.348079,16708.52812,,,,7686.49321,8199.48491,,,,128.0
2026-05-30 17:30:00+00:00,2026-05-30 19:30:00+02:00,2026-05-30,19,30,2,5,5,-17.930000000000007,157.9,34439.409585,14542.49307,,,,7311.46845,6424.36462,,,,139.97
2026-05-30 17:45:00+00:00,2026-05-30 19:45:00+02:00,2026-05-30,19,45,3,5,5,-31.930000000000007,185.9,36142.5168,12600.680400000001,,,,6925.13669,4879.34371,,,,153.97
2026-05-30 18:00:00+00:00,2026-05-30 20:00:00+02:00,2026-05-30,20,0,0,5,5,-19.220000000000027,162.36,37711.368172,10883.413400000001,,,,6549.57206,3556.68134,,,,143.14
2026-05-30 18:15:00+00:00,2026-05-30 20:15:00+02:00,2026-05-30,20,15,1,5,5,-2.8100000000000023,155.2,38552.856872000004,9531.65192,,,,6333.9137,2424.52822,,,,152.39
2026-05-30 18:30:00+00:00,2026-05-30 20:30:00+02:00,2026-05-30,20,30,2,5,5,-10.099999999999994,168.14,39394.300902999996,8345.0966,,,,6099.87105,1477.01555,,,,158.04
2026-05-30 18:45:00+00:00,2026-05-30 20:45:00+02:00,2026-05-30,20,45,3,5,5,-14.640000000000015,181.06,39987.003708000004,7314.47612,,,,5813.77181,737.25431,,,,166.42
2026-05-30 19:00:00+00:00,2026-05-30 21:00:00+02:00,2026-05-30,21,0,0,5,5,-16.920000000000016,182.8,40259.491658,6608.145809999999,,,,5577.81827,271.96754,,,,165.88
2026-05-30 19:15:00+00:00,2026-05-30 21:15:00+02:00,2026-05-30,21,15,1,5,5,-7.849999999999994,170.38,40148.10055,6372.181570000001,,,,5547.64584,82.68573,,,,162.53
2026-05-30 19:30:00+00:00,2026-05-30 21:30:00+02:00,2026-05-30,21,30,2,5,5,-6.810000000000002,169.3,39830.779407999995,6332.744290000001,,,,5574.87262,30.28167,,,,162.49
2026-05-30 19:45:00+00:00,2026-05-30 21:45:00+02:00,2026-05-30,21,45,3,5,5,-3.8700000000000045,156.1,39512.629713,6345.66677,,,,5627.2467,9.82007,,,,152.23
2026-05-30 20:00:00+00:00,2026-05-30 22:00:00+02:00,2026-05-30,22,0,0,5,5,-3.9199999999999875,169.04,39015.626997,6339.2635,,,,5640.6635,0.0,,,,165.12
2026-05-30 20:15:00+00:00,2026-05-30 22:15:00+02:00,2026-05-30,22,15,1,5,5,-0.21999999999999886,157.79,38592.621202,6353.39918,,,,5659.97918,,,,,157.57
2026-05-30 20:30:00+00:00,2026-05-30 22:30:00+02:00,2026-05-30,22,30,2,5,5,4.799999999999983,152.49,38100.080638,6364.74534,,,,5672.44534,,,,,157.29
2026-05-30 20:45:00+00:00,2026-05-30 22:45:00+02:00,2026-05-30,22,45,3,5,5,-3.180000000000007,147.18,37454.071973000006,6372.42464,,,,5682.71464,,,,,144.0
2026-05-30 21:00:00+00:00,2026-05-30 23:00:00+02:00,2026-05-30,23,0,0,5,5,6.849999999999994,150.13,36835.583312999996,6367.82063,,,,5677.24063,,,,,156.98
2026-05-30 21:15:00+00:00,2026-05-30 23:15:00+02:00,2026-05-30,23,15,1,5,5,3.819999999999993,142.71,36372.928015,6272.01933,,,,5581.94933,,,,,146.53
2026-05-30 21:30:00+00:00,2026-05-30 23:30:00+02:00,2026-05-30,23,30,2,5,5,2.8499999999999943,140.61,35925.81365800001,6170.745669999999,,,,5484.92567,,,,,143.46
2026-05-30 21:45:00+00:00,2026-05-30 23:45:00+02:00,2026-05-30,23,45,3,5,5,2.6999999999999886,138.71,35460.951043,6067.932150000001,,,,5387.46215,,,,,141.41
2026-05-30 22:00:00+00:00,2026-05-31 00:00:00+02:00,2026-05-31,0,0,0,6,5,-6.5800000000000125,146.56,35814.696467999995,5857.92313,127.94,,,5218.08313,0.0,,,,139.98
2026-05-30 22:15:00+00:00,2026-05-31 00:15:00+02:00,2026-05-31,0,15,1,6,5,-0.22999999999998977,139.0,35449.659487,5694.25591,127.03,,,5063.33591,,,,,138.77
2026-05-30 22:30:00+00:00,2026-05-31 00:30:00+02:00,2026-05-31,0,30,2,6,5,-0.9399999999999977,134.18,35135.36613,5530.10536,122.51,,,4910.08536,,,,,133.24
2026-05-30 22:45:00+00:00,2026-05-31 00:45:00+02:00,2026-05-31,0,45,3,6,5,-1.1999999999999886,129.2,34859.235941,5369.98409,116.92,,,4762.11409,,,,,128.0
2026-05-30 23:00:00+00:00,2026-05-31 01:00:00+02:00,2026-05-31,1,0,0,6,5,3.339999999999975,132.55,34561.278567,5233.09516,123.29,,,4634.89516,,,,,135.89
2026-05-30 23:15:00+00:00,2026-05-31 01:15:00+02:00,2026-05-31,1,15,1,6,5,-0.8000000000000114,133.05,34283.922417,5093.20594,120.51,,,4510.17594,,,,,132.25
2026-05-30 23:30:00+00:00,2026-05-31 01:30:00+02:00,2026-05-31,1,30,2,6,5,1.1500000000000057,128.09,34095.416477000006,4950.71992,117.89,,,4384.67992,,,,,129.24
2026-05-30 23:45:00+00:00,2026-05-31 01:45:00+02:00,2026-05-31,1,45,3,6,5,-1.4300000000000068,126.17,33942.389797,4812.96943,115.51,,,4265.49943,,,,,124.74
2026-05-31 00:00:00+00:00,2026-05-31 02:00:00+02:00,2026-05-31,2,0,0,6,5,0.18000000000000682,129.29,33798.548181,4712.73655,119.08,,,4181.16655,,,,,129.47
2026-05-31 00:15:00+00:00,2026-05-31 02:15:00+02:00,2026-05-31,2,15,1,6,5,0.0800000000000125,128.47,33495.199366,4610.83923,116.78,,,4092.01923,,,,,128.55
2026-05-31 00:30:00+00:00,2026-05-31 02:30:00+02:00,2026-05-31,2,30,2,6,5,0.09000000000000341,128.65,33458.46918,4499.6105800000005,117.45,,,3995.45058,,,,,128.74
2026-05-31 00:45:00+00:00,2026-05-31 02:45:00+02:00,2026-05-31,2,45,3,6,5,2.9399999999999977,122.5,33468.235573000005,4395.1377999999995,114.7,,,3901.8378,,,,,125.44
2026-05-31 01:00:00+00:00,2026-05-31 03:00:00+02:00,2026-05-31,3,0,0,6,5,-1.3400000000000034,127.79,33558.765350999995,4293.44518,116.1,,,3814.57518,,,,,126.45
2026-05-31 01:15:00+00:00,2026-05-31 03:15:00+02:00,2026-05-31,3,15,1,6,5,3.769999999999996,121.7,33525.869867,4181.75952,115.03,,,3723.10952,,,,,125.47
2026-05-31 01:30:00+00:00,2026-05-31 03:30:00+02:00,2026-05-31,3,30,2,6,5,-1.8200000000000074,127.79,33546.701393999996,4075.13463,116.71,,,3635.65463,,,,,125.97
2026-05-31 01:45:00+00:00,2026-05-31 03:45:00+02:00,2026-05-31,3,45,3,6,5,-1.6599999999999966,126.57,33738.1853,3966.6898499999998,115.99,,,3546.39985,,,,,124.91
2026-05-31 02:00:00+00:00,2026-05-31 04:00:00+02:00,2026-05-31,4,0,0,6,5,2.1799999999999926,127.8,33929.880501,3857.6292,118.16,,,3457.8392,,,,,129.98
2026-05-31 02:15:00+00:00,2026-05-31 04:15:00+02:00,2026-05-31,4,15,1,6,5,3.0800000000000125,126.6,34068.978459,3804.1668,119.9,,,3425.4768,,,,,129.68
2026-05-31 02:30:00+00:00,2026-05-31 04:30:00+02:00,2026-05-31,4,30,2,6,5,-2.0600000000000023,127.8,34197.416183,3747.06546,122.32,,,3392.33546,,,,,125.74
2026-05-31 02:45:00+00:00,2026-05-31 04:45:00+02:00,2026-05-31,4,45,3,6,5,2.0,124.6,34348.453414,3696.07601,121.49,,,3356.63176,5.94425,,,,126.6
2026-05-31 03:00:00+00:00,2026-05-31 05:00:00+02:00,2026-05-31,5,0,0,6,5,1.2299999999999898,128.99,34687.012478,3723.30926,124.81,,,3318.18428,92.52498,,,,130.22
2026-05-31 03:15:00+00:00,2026-05-31 05:15:00+02:00,2026-05-31,5,15,1,6,5,1.2800000000000011,126.7,34251.022302000005,3834.98119,122.98,,,3221.06067,317.48052,,,,127.98
2026-05-31 03:30:00+00:00,2026-05-31 05:30:00+02:00,2026-05-31,5,30,2,6,5,1.6099999999999994,122.76,33871.678224,4124.32257,122.13,,,3130.03711,711.90546,,,,124.37
2026-05-31 03:45:00+00:00,2026-05-31 05:45:00+02:00,2026-05-31,5,45,3,6,5,2.1899999999999977,117.0,34536.173312,4636.17877,120.51,,,3046.22663,1324.29214,,,,119.19
2026-05-31 04:00:00+00:00,2026-05-31 06:00:00+02:00,2026-05-31,6,0,0,6,5,5.5,121.1,34858.052174,5433.70792,122.36,,,2973.47954,2212.74838,,,,126.6
2026-05-31 04:15:00+00:00,2026-05-31 06:15:00+02:00,2026-05-31,6,15,1,6,5,-2.289999999999992,121.33,33153.743394000005,6523.73398,116.59,,,2937.94632,3349.16766,,,,119.04
2026-05-31 04:30:00+00:00,2026-05-31 06:30:00+02:00,2026-05-31,6,30,2,6,5,2.4000000000000057,112.08,32781.006564,7814.597380000001,110.71,,,2905.25973,4685.45765,,,,114.48
2026-05-31 04:45:00+00:00,2026-05-31 06:45:00+02:00,2026-05-31,6,45,3,6,5,2.6000000000000085,105.07,31351.585327999997,9319.784360000001,107.94,,,2876.13256,6231.2718,,,,107.67
2026-05-31 05:00:00+00:00,2026-05-31 07:00:00+02:00,2026-05-31,7,0,0,6,5,0.8499999999999943,111.87,30312.586719000003,11034.970010000001,118.38,,,2830.19725,8000.99276,,,,112.72
2026-05-31 05:15:00+00:00,2026-05-31 07:15:00+02:00,2026-05-31,7,15,1,6,5,-7.510000000000005,111.04,29159.678144999998,12860.716260000001,113.6,,,2695.20086,9971.5154,,,,103.53
2026-05-31 05:30:00+00:00,2026-05-31 07:30:00+02:00,2026-05-31,7,30,2,6,5,-1.6499999999999915,100.3,27918.989298999997,14830.016090000001,105.8,,,2558.58095,12086.88514,,,,98.65
2026-05-31 05:45:00+00:00,2026-05-31 07:45:00+02:00,2026-05-31,7,45,3,6,5,0.6899999999999977,85.41,26387.373248000004,16883.163529999998,92.0,,,2416.48259,14289.17094,,,,86.1
2026-05-31 06:00:00+00:00,2026-05-31 08:00:00+02:00,2026-05-31,8,0,0,6,5,-2.5,106.1,24886.763002,19023.721940000003,109.7,,,2346.22288,16509.97906,,,,103.6
2026-05-31 06:15:00+00:00,2026-05-31 08:15:00+02:00,2026-05-31,8,15,1,6,5,1.7999999999999972,87.3,23692.532001999996,21152.77082,95.08,,,2267.32631,18729.31451,,,,89.1
2026-05-31 06:30:00+00:00,2026-05-31 08:30:00+02:00,2026-05-31,8,30,2,6,5,1.4200000000000017,75.22,22346.287491000003,23281.638619999998,79.23,,,2178.4348,20957.24382,,,,76.64
2026-05-31 06:45:00+00:00,2026-05-31 08:45:00+02:00,2026-05-31,8,45,3,6,5,4.850000000000001,60.1,20648.866806,25347.60126,56.12,,,2083.72338,23129.00788,,,,64.95
2026-05-31 07:00:00+00:00,2026-05-31 09:00:00+02:00,2026-05-31,9,0,0,6,5,-1.2900000000000063,77.89,18962.595578999997,27236.23,68.27,,,1982.54438,25129.91562,,,,76.6
2026-05-31 07:15:00+00:00,2026-05-31 09:15:00+02:00,2026-05-31,9,15,1,6,5,20.0,35.0,17623.807144,29170.18095,45.96,,,2033.05367,27023.08728,,,,55.0
2026-05-31 07:30:00+00:00,2026-05-31 09:30:00+02:00,2026-05-31,9,30,2,6,5,13.309999999999999,23.87,16405.060654,31036.28613,24.32,,,2074.39884,28856.56729,,,,37.18
2026-05-31 07:45:00+00:00,2026-05-31 09:45:00+02:00,2026-05-31,9,45,3,6,5,-5.799999999999997,23.9,15308.079701000002,32719.34285,16.79,,,2115.94149,30506.92136,,,,18.1
2026-05-31 08:00:00+00:00,2026-05-31 10:00:00+02:00,2026-05-31,10,0,0,6,5,-3.870000000000001,26.2,14374.565953000005,34201.7426,18.0,,,2161.21656,31950.21604,,,,22.33
2026-05-31 08:15:00+00:00,2026-05-31 10:15:00+02:00,2026-05-31,10,15,1,6,5,-1.6199999999999997,4.06,13376.319691999997,35465.12356,11.99,,,2191.37992,33190.24364,,,,2.44
2026-05-31 08:30:00+00:00,2026-05-31 10:30:00+02:00,2026-05-31,10,30,2,6,5,-7.3,7.3,12462.609471000003,36535.55269,1.96,,,2202.42726,34255.19543,,,,0.0
2026-05-31 08:45:00+00:00,2026-05-31 10:45:00+02:00,2026-05-31,10,45,3,6,5,-0.01,0.0,11788.886481999994,37495.487940000006,0.0,,,2197.87962,35223.51832,,,,-0.01
2026-05-31 09:00:00+00:00,2026-05-31 11:00:00+02:00,2026-05-31,11,0,0,6,5,-8.27,9.2,11133.115774000005,38259.37138,0.0,,,2188.57678,36000.1746,,,,0.93
2026-05-31 09:15:00+00:00,2026-05-31 11:15:00+02:00,2026-05-31,11,15,1,6,5,-3.3299999999999996,3.26,10324.423010000006,38992.829509999996,-1.11,,,2309.53917,36614.93034,,,,-0.07
2026-05-31 09:30:00+00:00,2026-05-31 11:30:00+02:00,2026-05-31,11,30,2,6,5,-3.4099999999999997,3.4,9904.204535000004,39536.965469999996,0.79,,,2437.88714,37034.97833,,,,-0.01
2026-05-31 09:45:00+00:00,2026-05-31 11:45:00+02:00,2026-05-31,11,45,3,6,5,3.2800000000000002,-3.29,9380.754611000004,39931.87106,0.0,,,2563.78633,37307.20473,,,,-0.01
2026-05-31 10:00:00+00:00,2026-05-31 12:00:00+02:00,2026-05-31,12,0,0,6,5,-10.33,10.43,8998.124474999997,40281.75974,-0.01,,,2686.18118,37538.13856,,,,0.1
2026-05-31 10:15:00+00:00,2026-05-31 12:15:00+02:00,2026-05-31,12,15,1,6,5,-1.8,1.8,8321.536367,40569.59478,-0.56,,,2832.14234,37681.53244,,,,0.0
2026-05-31 10:30:00+00:00,2026-05-31 12:30:00+02:00,2026-05-31,12,30,2,6,5,3.8,-0.01,8078.743283000003,40864.45974,-3.98,,,2973.92509,37833.94465,,,,3.79
2026-05-31 10:45:00+00:00,2026-05-31 12:45:00+02:00,2026-05-31,12,45,3,6,5,5.300000000000001,-4.11,7599.749920000002,41205.38189,-4.54,,,3125.87345,38025.14844,,,,1.19
2026-05-31 11:00:00+00:00,2026-05-31 13:00:00+02:00,2026-05-31,13,0,0,6,5,0.1,-0.03,7016.569447000002,41304.21454,-5.5,,,3273.4503,37976.64424,,,,0.07
2026-05-31 11:15:00+00:00,2026-05-31 13:15:00+02:00,2026-05-31,13,15,1,6,5,-0.73,0.73,7208.128565999999,41264.63994,-6.1,,,3423.34715,37788.36279,,,,0.0
2026-05-31 11:30:00+00:00,2026-05-31 13:30:00+02:00,2026-05-31,13,30,2,6,5,-3.03,3.03,6923.855527,41212.05842,-6.61,,,3572.30008,37585.98834,,,,0.0
2026-05-31 11:45:00+00:00,2026-05-31 13:45:00+02:00,2026-05-31,13,45,3,6,5,-3.07,3.07,6478.603029000005,41030.734449999996,-6.61,,,3715.07413,37262.07032,,,,0.0
2026-05-31 12:00:00+00:00,2026-05-31 14:00:00+02:00,2026-05-31,14,0,0,6,5,4.12,-4.11,6588.362563000002,40750.67454,-5.1,,,3903.86591,36794.71863,,,,0.01
2026-05-31 12:15:00+00:00,2026-05-31 14:15:00+02:00,2026-05-31,14,15,1,6,5,-1.65,1.7,6361.387581000003,40376.82511,-5.0,,,4116.2685,36209.34661,,,,0.05
2026-05-31 12:30:00+00:00,2026-05-31 14:30:00+02:00,2026-05-31,14,30,2,6,5,-2.6399999999999997,3.67,6732.539694000006,39957.746289999995,-5.5,,,4336.84835,35570.61794,,,,1.03
2026-05-31 12:45:00+00:00,2026-05-31 14:45:00+02:00,2026-05-31,14,45,3,6,5,-3.99,6.9,6984.063913000005,39356.03943,-5.11,,,4563.73212,34743.05731,,,,2.91
2026-05-31 13:00:00+00:00,2026-05-31 15:00:00+02:00,2026-05-31,15,0,0,6,5,7.84,-7.79,7786.670493999998,38583.39119,-3.26,,,4787.66038,33746.55081,,,,0.05
2026-05-31 13:15:00+00:00,2026-05-31 15:15:00+02:00,2026-05-31,15,15,1,6,5,-2.4,2.4,8314.763146999998,37799.70207,-1.35,,,5059.26625,32692.18582,,,,0.0
2026-05-31 13:30:00+00:00,2026-05-31 15:30:00+02:00,2026-05-31,15,30,2,6,5,-8.89,8.9,8650.085209999997,36909.80819,-0.01,,,5375.1645,31485.27369,,,,0.01
2026-05-31 13:45:00+00:00,2026-05-31 15:45:00+02:00,2026-05-31,15,45,3,6,5,-7.54,12.75,9525.346467999996,35790.98653,-5.0,,,5722.72297,30018.74356,,,,5.21
2026-05-31 14:00:00+00:00,2026-05-31 16:00:00+02:00,2026-05-31,16,0,0,6,5,8.24,-0.23,11221.612679999998,34699.550350000005,-4.59,,,6123.29075,28524.0296,,,,8.01
2026-05-31 14:15:00+00:00,2026-05-31 16:15:00+02:00,2026-05-31,16,15,1,6,5,6.6299999999999955,28.1,12558.321517000004,33501.24288,0.02,,,6587.79263,26857.59025,,,,34.73
2026-05-31 14:30:00+00:00,2026-05-31 16:30:00+02:00,2026-05-31,16,30,2,6,5,-0.8200000000000003,63.88,13908.229749999999,32082.67647,1.51,,,6927.74406,25099.44241,,,,63.06
2026-05-31 14:45:00+00:00,2026-05-31 16:45:00+02:00,2026-05-31,16,45,3,6,5,41.64,38.56,15636.252536,30526.30631,16.6,,,7197.56472,23269.58159,,,,80.2
2026-05-31 15:00:00+00:00,2026-05-31 17:00:00+02:00,2026-05-31,17,0,0,6,5,-6.280000000000001,65.94,18092.738012999995,28921.679750000003,16.5,,,7460.8499,21398.94985,,,,59.66
2026-05-31 15:15:00+00:00,2026-05-31 17:15:00+02:00,2026-05-31,17,15,1,6,5,-11.030000000000001,89.41,19693.117042000005,27171.798049999998,45.71,,,7655.44524,19452.95281,,,,78.38
2026-05-31 15:30:00+00:00,2026-05-31 17:30:00+02:00,2026-05-31,17,30,2,6,5,-0.04999999999999716,104.0,21315.068155,25423.06284,80.63,,,7837.35337,17518.00947,,,,103.95
2026-05-31 15:45:00+00:00,2026-05-31 17:45:00+02:00,2026-05-31,17,45,3,6,5,-0.5699999999999932,120.57,23381.535672999995,23688.51117,95.6,,,8015.42957,15605.0616,,,,120.0
2026-05-31 16:00:00+00:00,2026-05-31 18:00:00+02:00,2026-05-31,18,0,0,6,5,13.300000000000011,92.1,25896.582455000003,21992.08455,76.91,,,8185.14264,13735.24191,,,,105.4
2026-05-31 16:15:00+00:00,2026-05-31 18:15:00+02:00,2026-05-31,18,15,1,6,5,-2.3499999999999943,119.02,27768.076460000004,20234.758159999998,93.26,,,8232.22974,11924.87842,,,,116.67
2026-05-31 16:30:00+00:00,2026-05-31 18:30:00+02:00,2026-05-31,18,30,2,6,5,-4.050000000000011,136.47,29878.800915,18554.18604,109.03,,,8273.27889,10201.27715,,,,132.42
2026-05-31 16:45:00+00:00,2026-05-31 18:45:00+02:00,2026-05-31,18,45,3,6,5,-7.6299999999999955,149.57,31996.274447999996,16982.186970000002,124.42,,,8304.91162,8592.45535,,,,141.94
2026-05-31 17:00:00+00:00,2026-05-31 19:00:00+02:00,2026-05-31,19,0,0,6,5,-0.7400000000000091,131.77,34044.484851,15497.69421,117.09,,,8327.23875,7081.24546,,,,131.03
2026-05-31 17:15:00+00:00,2026-05-31 19:15:00+02:00,2026-05-31,19,15,1,6,5,-0.5799999999999841,137.98,35819.508268000005,14064.216499999999,128.0,,,8289.01472,5679.36178,,,,137.4
2026-05-31 17:30:00+00:00,2026-05-31 19:30:00+02:00,2026-05-31,19,30,2,6,5,-15.110000000000014,160.81,37219.508458,12763.79435,139.97,,,8255.13556,4405.97879,,,,145.7
2026-05-31 17:45:00+00:00,2026-05-31 19:45:00+02:00,2026-05-31,19,45,3,6,5,0.9200000000000159,150.51,38223.342942999996,11630.36908,153.97,,,8227.1468,3295.62228,,,,151.43
2026-05-31 18:00:00+00:00,2026-05-31 20:00:00+02:00,2026-05-31,20,0,0,6,5,0.6200000000000045,144.07,39117.16125800001,10670.337999999998,143.14,,,8201.29849,2352.32951,,,,144.69
2026-05-31 18:15:00+00:00,2026-05-31 20:15:00+02:00,2026-05-31,20,15,1,6,5,-0.9799999999999898,147.98,39860.74852,9922.35129,152.39,,,8230.28073,1575.26056,,,,147.0
2026-05-31 18:30:00+00:00,2026-05-31 20:30:00+02:00,2026-05-31,20,30,2,6,5,-1.3700000000000045,157.35,39994.055227000004,9340.97532,158.04,,,8261.53597,956.47935,,,,155.98
2026-05-31 18:45:00+00:00,2026-05-31 20:45:00+02:00,2026-05-31,20,45,3,6,5,-21.150000000000006,179.6,39849.344431000005,8909.423319999998,166.42,,,8290.9088,495.37452,,,,158.45
2026-05-31 19:00:00+00:00,2026-05-31 21:00:00+02:00,2026-05-31,21,0,0,6,5,-2.769999999999982,158.51,39992.702862,8650.76786,165.88,,,8320.06469,201.28317,,,,155.74
2026-05-31 19:15:00+00:00,2026-05-31 21:15:00+02:00,2026-05-31,21,15,1,6,5,-24.189999999999998,178.84,39715.977457,8538.42243,162.53,,,8343.73201,63.34042,,,,154.65
2026-05-31 19:30:00+00:00,2026-05-31 21:30:00+02:00,2026-05-31,21,30,2,6,5,-16.980000000000018,167.4,39314.652996,8518.74276,162.49,,,8365.36812,22.20464,,,,150.42
2026-05-31 19:45:00+00:00,2026-05-31 21:45:00+02:00,2026-05-31,21,45,3,6,5,-7.450000000000017,154.8,38960.557126,8535.03455,152.23,,,8386.80733,9.81722,,,,147.35
2026-05-31 20:00:00+00:00,2026-05-31 22:00:00+02:00,2026-05-31,22,0,0,6,5,-3.0200000000000102,162.16,38646.804043,8478.6394,165.12,,,8334.8294,0.0,,,,159.14
2026-05-31 20:15:00+00:00,2026-05-31 22:15:00+02:00,2026-05-31,22,15,1,6,5,-1.410000000000025,154.86,38271.881986,8487.63622,157.57,,,8333.49622,,,,,153.45
2026-05-31 20:30:00+00:00,2026-05-31 22:30:00+02:00,2026-05-31,22,30,2,6,5,-0.9399999999999977,150.94,37852.999954,8496.92226,157.29,,,8330.34226,,,,,150.0
2026-05-31 20:45:00+00:00,2026-05-31 22:45:00+02:00,2026-05-31,22,45,3,6,5,-6.450000000000017,144.55,37266.840744999994,8500.09015,144.0,,,8327.59015,,,,,138.1
2026-05-31 21:00:00+00:00,2026-05-31 23:00:00+02:00,2026-05-31,23,0,0,6,5,0.07999999999998408,151.52,36628.101333000006,8484.13144,156.98,,,8293.33144,,,,,151.6
2026-05-31 21:15:00+00:00,2026-05-31 23:15:00+02:00,2026-05-31,23,15,1,6,5,-2.319999999999993,146.95,36116.024786999995,8438.69075,146.53,,,8219.45075,,,,,144.63
2026-05-31 21:30:00+00:00,2026-05-31 23:30:00+02:00,2026-05-31,23,30,2,6,5,-0.18999999999999773,142.99,35621.564793,8388.35903,143.46,,,8139.51903,,,,,142.8
2026-05-31 21:45:00+00:00,2026-05-31 23:45:00+02:00,2026-05-31,23,45,3,6,5,-2.280000000000001,139.93,35115.32702,8325.19406,141.41,,,8054.65406,,,,,137.65
2026-05-31 22:00:00+00:00,2026-06-01 00:00:00+02:00,2026-06-01,0,0,0,0,6,1.1899999999999977,151.03,34118.144796,7850.566989999999,139.98,,133.95999999999995,7784.53699,0.0,,,,152.22
2026-05-31 22:15:00+00:00,2026-06-01 00:15:00+02:00,2026-06-01,0,15,1,0,6,6.930000000000007,141.16,33864.440117,7731.00636,138.77,,132.90000000000003,7651.96636,,,,,148.09
2026-05-31 22:30:00+00:00,2026-06-01 00:30:00+02:00,2026-06-01,0,30,2,0,6,7.25,134.7,33689.925145,7611.78088,133.24,,127.87500000000003,7519.72088,,,,,141.95
2026-05-31 22:45:00+00:00,2026-06-01 00:45:00+02:00,2026-06-01,0,45,3,0,6,0.14000000000001478,133.19,33494.196996,7497.40905,128.0,,122.46000000000001,7388.31905,,,,,133.33
2026-05-31 23:00:00+00:00,2026-06-01 01:00:00+02:00,2026-06-01,1,0,0,0,6,6.3700000000000045,138.53,33209.144375,7406.02445,135.89,,129.59,7278.93445,,,,,144.9
2026-05-31 23:15:00+00:00,2026-06-01 01:15:00+02:00,2026-06-01,1,15,1,0,6,8.680000000000007,128.04,32811.048502000005,7357.0142399999995,132.25,,126.38,7209.35424,,,,,136.72
2026-05-31 23:30:00+00:00,2026-06-01 01:30:00+02:00,2026-06-01,1,30,2,0,6,-1.8599999999999852,131.1,32646.319938999997,7313.0988800000005,129.24,,123.565,7136.87888,,,,,129.24
2026-05-31 23:45:00+00:00,2026-06-01 01:45:00+02:00,2026-06-01,1,45,3,0,6,-3.010000000000005,127.7,32590.343235999997,7270.46468,124.74,,120.12500000000003,7071.55468,,,,,124.69
2026-06-01 00:00:00+00:00,2026-06-01 02:00:00+02:00,2026-06-01,2,0,0,0,6,6.359999999999999,121.29,32481.514435999998,7232.05242,129.47,,124.275,7009.28242,,,,,127.65
2026-06-01 00:15:00+00:00,2026-06-01 02:15:00+02:00,2026-06-01,2,15,1,0,6,3.8699999999999903,125.7,32528.043826,7205.15066,128.55,,122.66499999999999,6952.28066,,,,,129.57
2026-06-01 00:30:00+00:00,2026-06-01 02:30:00+02:00,2026-06-01,2,30,2,0,6,3.780000000000001,124.02,32549.178089,7171.96278,128.74,,123.09499999999997,6889.00278,,,,,127.8
2026-06-01 00:45:00+00:00,2026-06-01 02:45:00+02:00,2026-06-01,2,45,3,0,6,0.4000000000000057,126.46,32558.245684,7143.04326,125.44,,120.06999999999996,6826.98326,,,,,126.86
2026-06-01 01:00:00+00:00,2026-06-01 03:00:00+02:00,2026-06-01,3,0,0,0,6,4.659999999999997,122.93,32719.331401,7102.940970000001,126.45,,121.275,6759.68097,,,,,127.59
2026-06-01 01:15:00+00:00,2026-06-01 03:15:00+02:00,2026-06-01,3,15,1,0,6,6.140000000000001,120.14,32773.929827,7051.53788,125.47,,120.25,6688.81788,,,,,126.28
2026-06-01 01:30:00+00:00,2026-06-01 03:30:00+02:00,2026-06-01,3,30,2,0,6,1.0900000000000034,124.33,33160.273461,7000.47135,125.97,,121.34,6619.28135,,,,,125.42
2026-06-01 01:45:00+00:00,2026-06-01 03:45:00+02:00,2026-06-01,3,45,3,0,6,8.180000000000007,117.74,33497.522982,6955.31247,124.91,,120.45000000000002,6553.59247,,,,,125.92
2026-06-01 02:00:00+00:00,2026-06-01 04:00:00+02:00,2026-06-01,4,0,0,0,6,0.2599999999999909,126.2,34030.616263,6913.12411,129.98,,124.07,6498.82411,,,,,126.46
2026-06-01 02:15:00+00:00,2026-06-01 04:15:00+02:00,2026-06-01,4,15,1,0,6,3.969999999999999,121.49,34421.475353999995,6850.168659999999,129.68,,124.79,6438.59866,,,,,125.46
2026-06-01 02:30:00+00:00,2026-06-01 04:30:00+02:00,2026-06-01,4,30,2,0,6,0.4000000000000057,125.99,35096.553033000004,6786.61885,125.74,,124.03000000000003,6379.53885,,,,,126.39
2026-06-01 02:45:00+00:00,2026-06-01 04:45:00+02:00,2026-06-01,4,45,3,0,6,-0.009999999999990905,129.7,35903.377596,6739.86404,126.6,,124.04500000000002,6323.35479,7.03925,,,,129.69
2026-06-01 03:00:00+00:00,2026-06-01 05:00:00+02:00,2026-06-01,5,0,0,0,6,3.819999999999993,124.65,37176.013460999995,6728.43753,130.22,,127.51499999999999,6250.94546,76.78207,,,,128.47
2026-06-01 03:15:00+00:00,2026-06-01 05:15:00+02:00,2026-06-01,5,15,1,0,6,3.180000000000007,130.16,37986.402875,6772.77117,127.98,,125.48000000000003,6103.56584,279.84533,,,,133.34
2026-06-01 03:30:00+00:00,2026-06-01 05:30:00+02:00,2026-06-01,5,30,2,0,6,2.420000000000016,138.23,39946.393087000004,6920.45323,124.37,,123.24999999999997,5949.37536,592.12787,,,,140.65
2026-06-01 03:45:00+00:00,2026-06-01 05:45:00+02:00,2026-06-01,5,45,3,0,6,0.13999999999998636,147.33,42026.545612,7270.91763,119.19,,119.85,5794.34978,1112.01785,,,,147.47
2026-06-01 04:00:00+00:00,2026-06-01 06:00:00+02:00,2026-06-01,6,0,0,0,6,-12.150000000000006,164.99,44693.028315999996,7902.78829,126.6,,124.48000000000002,5647.70909,1906.9292,,,,152.84
2026-06-01 04:15:00+00:00,2026-06-01 06:15:00+02:00,2026-06-01,6,15,1,0,6,-17.169999999999987,172.17,43911.683607,8605.41322,119.04,,117.815,5345.83139,2923.95183,,,,155.0
2026-06-01 04:30:00+00:00,2026-06-01 06:30:00+02:00,2026-06-01,6,30,2,0,6,-4.400000000000006,156.1,44159.963260000004,9498.97717,114.48,,112.59499999999994,5043.78098,4134.07619,,,,151.7
2026-06-01 04:45:00+00:00,2026-06-01 06:45:00+02:00,2026-06-01,6,45,3,0,6,-7.6299999999999955,158.1,44501.712448,10601.5259,107.67,,107.805,4743.14579,5554.78011,,,,150.47
2026-06-01 05:00:00+00:00,2026-06-01 07:00:00+02:00,2026-06-01,7,0,0,0,6,-0.1699999999999875,175.0,44690.072051,11908.9756,112.72,,115.54999999999994,4437.69258,7186.12302,,,,174.83
2026-06-01 05:15:00+00:00,2026-06-01 07:15:00+02:00,2026-06-01,7,15,1,0,6,-2.0800000000000125,161.15,44369.56303,13373.51498,103.53,,108.565,4046.33307,9054.97191,,,,159.07
2026-06-01 05:30:00+00:00,2026-06-01 07:30:00+02:00,2026-06-01,7,30,2,0,6,-18.140000000000015,169.9,43443.363789,15044.93417,98.65,,102.22499999999997,3648.41527,11134.1789,,,,151.76
2026-06-01 05:45:00+00:00,2026-06-01 07:45:00+02:00,2026-06-01,7,45,3,0,6,-5.25,149.78,42060.640938,16836.52259,86.1,,89.05000000000001,3233.80916,13351.05343,,,,144.53
2026-06-01 06:00:00+00:00,2026-06-01 08:00:00+02:00,2026-06-01,8,0,0,0,6,-10.0,175.0,41091.171899,18851.53961,103.6,,106.65000000000003,2934.88092,15677.06869,,,,165.0
2026-06-01 06:15:00+00:00,2026-06-01 08:15:00+02:00,2026-06-01,8,15,1,0,6,-9.409999999999997,165.41,39607.46101100001,21141.644389999998,89.1,,92.09000000000003,2795.62554,18117.09885,,,,156.0
2026-06-01 06:30:00+00:00,2026-06-01 08:30:00+02:00,2026-06-01,8,30,2,0,6,-10.54000000000002,149.99,37540.88837100001,23478.467269999997,76.64,,77.93499999999995,2672.67528,20583.49199,,,,139.45
2026-06-01 06:45:00+00:00,2026-06-01 08:45:00+02:00,2026-06-01,8,45,3,0,6,-1.0499999999999972,123.24,35125.326504,25802.80099,64.95,,60.53500000000005,2555.39553,23030.73546,,,,122.19
2026-06-01 07:00:00+00:00,2026-06-01 09:00:00+02:00,2026-06-01,9,0,0,0,6,-12.22999999999999,162.51,32746.297863000003,28070.44271,76.6,,72.43500000000006,2453.01529,25409.52742,,,,150.28
2026-06-01 07:15:00+00:00,2026-06-01 09:15:00+02:00,2026-06-01,9,15,1,0,6,-7.97999999999999,138.13,30330.290646999998,30384.641760000002,55.0,,50.479999999999976,2443.83381,27736.28795,,,,130.15
2026-06-01 07:30:00+00:00,2026-06-01 09:30:00+02:00,2026-06-01,9,30,2,0,6,-1.8800000000000097,119.4,28551.498716999995,32570.794130000002,37.18,,30.75,2430.40898,29942.30515,,,,117.52
2026-06-01 07:45:00+00:00,2026-06-01 09:45:00+02:00,2026-06-01,9,45,3,0,6,-5.3700000000000045,111.42,26819.341401000005,34578.5439,18.1,,17.444999999999972,2414.93203,31968.94187,,,,106.05
2026-06-01 08:00:00+00:00,2026-06-01 10:00:00+02:00,2026-06-01,10,0,0,0,6,-4.780000000000001,123.8,25098.839017,36367.72969,22.33,,20.165,2410.92163,33759.54806,,,,119.02
2026-06-01 08:15:00+00:00,2026-06-01 10:15:00+02:00,2026-06-01,10,15,1,0,6,-4.280000000000001,115.9,23126.921924000002,38018.268489999995,2.44,,7.214999999999943,2443.17384,35374.47465,,,,111.62
2026-06-01 08:30:00+00:00,2026-06-01 10:30:00+02:00,2026-06-01,10,30,2,0,6,9.409999999999997,100.79,22306.370423000008,39521.185829999995,0.0,,0.9799999999999431,2472.20599,36844.85984,,,,110.2
2026-06-01 08:45:00+00:00,2026-06-01 10:45:00+02:00,2026-06-01,10,45,3,0,6,-3.969999999999999,111.14,20740.872987000002,40840.214089999994,-0.01,,-0.0050000000000568435,2500.64688,38133.93721,,,,107.17
2026-06-01 09:00:00+00:00,2026-06-01 11:00:00+02:00,2026-06-01,11,0,0,0,6,4.280000000000001,102.05,19213.597701,41999.76069,0.93,,0.46500000000002845,2524.55211,39266.82858,,,,106.33
2026-06-01 09:15:00+00:00,2026-06-01 11:15:00+02:00,2026-06-01,11,15,1,0,6,5.319999999999993,101.28,18466.784484999996,43064.244020000006,-0.07,,-0.5899999999999432,2573.49505,40268.36897,,,,106.6
2026-06-01 09:30:00+00:00,2026-06-01 11:30:00+02:00,2026-06-01,11,30,2,0,6,20.47,82.54,17729.478816000003,43995.59273,-0.01,,0.3899999999999716,2622.21604,41133.87669,,,,103.01
2026-06-01 09:45:00+00:00,2026-06-01 11:45:00+02:00,2026-06-01,11,45,3,0,6,17.11,80.0,16941.063056000006,44777.69957,-0.01,,-0.005000000000085265,2672.28084,41850.70873,,,,97.11
2026-06-01 10:00:00+00:00,2026-06-01 12:00:00+02:00,2026-06-01,12,0,0,0,6,0.5999999999999943,100.01,15848.326804999997,45380.42684,0.1,,0.045000000000000005,2724.58425,42385.37259,,,,100.61
2026-06-01 10:15:00+00:00,2026-06-01 12:15:00+02:00,2026-06-01,12,15,1,0,6,2.799999999999997,93.33,15695.685694,45838.82103,0.0,,-0.28000000000002845,2776.16149,42773.00954,,,,96.13
2026-06-01 10:30:00+00:00,2026-06-01 12:30:00+02:00,2026-06-01,12,30,2,0,6,3.769999999999996,91.81,15334.464549999997,46124.08741,3.79,,-0.09499999999994313,2828.18285,42982.15456,,,,95.58
2026-06-01 10:45:00+00:00,2026-06-01 12:45:00+02:00,2026-06-01,12,45,3,0,6,3.8999999999999915,87.18,14802.365297999997,46279.406480000005,1.19,,-1.6750000000000285,2880.38641,43061.29007,,,,91.08
2026-06-01 11:00:00+00:00,2026-06-01 13:00:00+02:00,2026-06-01,13,0,0,0,6,2.6799999999999926,92.62,14230.080191000001,46285.30063,0.07,,-2.7149999999999146,2931.116,43001.12463,,,,95.3
2026-06-01 11:15:00+00:00,2026-06-01 13:15:00+02:00,2026-06-01,13,15,1,0,6,1.9300000000000068,92.21,14102.773151999994,46145.279160000006,0.0,,-3.049999999999943,2954.56941,42831.06975,,,,94.14
2026-06-01 11:30:00+00:00,2026-06-01 13:30:00+02:00,2026-06-01,13,30,2,0,6,3.539999999999992,88.45,13927.524630999993,46037.315520000004,0.0,,-3.304999999999915,2987.4538,42678.43172,,,,91.99
2026-06-01 11:45:00+00:00,2026-06-01 13:45:00+02:00,2026-06-01,13,45,3,0,6,40.21,48.23,13441.898387000001,45834.90544,0.0,,-3.305,3038.91101,42416.78443,,,,88.44
2026-06-01 12:00:00+00:00,2026-06-01 14:00:00+02:00,2026-06-01,14,0,0,0,6,42.03,50.2,13717.597303999995,45557.224420000006,0.01,,-2.5449999999999715,3086.73464,42085.48978,,,,92.23
2026-06-01 12:15:00+00:00,2026-06-01 14:15:00+02:00,2026-06-01,14,15,1,0,6,6.11999999999999,86.95,13796.585405000005,45123.25442,0.05,,-2.4749999999999432,3079.30792,41664.3665,,,,93.07
2026-06-01 12:30:00+00:00,2026-06-01 14:30:00+02:00,2026-06-01,14,30,2,0,6,35.54,57.24,13912.709113999997,44561.83056,1.03,,-2.2349999999999715,3054.64357,41126.92699,,,,92.78
2026-06-01 12:45:00+00:00,2026-06-01 14:45:00+02:00,2026-06-01,14,45,3,0,6,32.919999999999995,62.24,14581.312945999998,43785.87761,2.91,,-1.0999999999999717,3019.47137,40385.32624,,,,95.16
2026-06-01 13:00:00+00:00,2026-06-01 15:00:00+02:00,2026-06-01,15,0,0,0,6,6.859999999999999,86.0,15600.704156,42780.30691,0.05,,-1.6049999999999716,2975.96749,39424.23942,,,,92.86
2026-06-01 13:15:00+00:00,2026-06-01 15:15:00+02:00,2026-06-01,15,15,1,0,6,2.530000000000001,92.59,16954.936878,41583.62672,0.0,,-0.675,2864.95155,38346.76517,,,,95.12
2026-06-01 13:30:00+00:00,2026-06-01 15:30:00+02:00,2026-06-01,15,30,2,0,6,16.040000000000006,84.99,17708.744136,40281.36464,0.01,,-2.842170943040401e-14,2751.46899,37165.35565,,,,101.03
2026-06-01 13:45:00+00:00,2026-06-01 15:45:00+02:00,2026-06-01,15,45,3,0,6,15.079999999999998,94.99,19185.780814000005,38861.147659999995,5.21,,0.10499999999997156,2637.44221,35865.50545,,,,110.07
2026-06-01 14:00:00+00:00,2026-06-01 16:00:00+02:00,2026-06-01,16,0,0,0,6,8.939999999999998,86.17,21112.773729,37294.200899999996,8.01,,1.71,2519.58795,34419.51295,,,,95.11
2026-06-01 14:15:00+00:00,2026-06-01 16:15:00+02:00,2026-06-01,16,15,1,0,6,7.0,93.48,22495.635796999995,35601.16773,34.73,,17.375000000000057,2389.83903,32875.2387,,,,100.48
2026-06-01 14:30:00+00:00,2026-06-01 16:30:00+02:00,2026-06-01,16,30,2,0,6,0.020000000000010232,111.32,24268.562253000004,33823.779389999996,63.06,,32.285000000000004,2255.57365,31242.69574,,,,111.34
2026-06-01 14:45:00+00:00,2026-06-01 16:45:00+02:00,2026-06-01,16,45,3,0,6,-3.309999999999988,127.1,25975.655630999998,31882.90471,80.2,,48.40000000000006,2122.9649,29449.61981,,,,123.79
2026-06-01 15:00:00+00:00,2026-06-01 17:00:00+02:00,2026-06-01,17,0,0,0,6,-1.5500000000000114,105.54,28452.519131000005,29757.809409999998,59.66,,38.079999999999956,1986.26707,27470.98234,,,,103.99
2026-06-01 15:15:00+00:00,2026-06-01 17:15:00+02:00,2026-06-01,17,15,1,0,6,-5.560000000000002,118.45,30934.829790000003,27519.63942,78.38,,62.044999999999945,1861.53629,25369.50313,,,,112.89
2026-06-01 15:30:00+00:00,2026-06-01 17:30:00+02:00,2026-06-01,17,30,2,0,6,-3.1899999999999977,131.0,33535.465027,25202.29646,103.95,,92.29000000000002,1732.65176,23185.9647,,,,127.81
2026-06-01 15:45:00+00:00,2026-06-01 17:45:00+02:00,2026-06-01,17,45,3,0,6,-11.930000000000007,155.93,36179.406124999994,22834.06894,120.0,,107.79999999999994,1605.25286,20954.29608,,,,144.0
2026-06-01 16:00:00+00:00,2026-06-01 18:00:00+02:00,2026-06-01,18,0,0,0,6,3.259999999999991,112.73,38502.179518000004,20457.10073,105.4,,91.155,1483.56831,18710.67242,,,,115.99
2026-06-01 16:15:00+00:00,2026-06-01 18:15:00+02:00,2026-06-01,18,15,1,0,6,-12.409999999999997,141.44,41259.327664,18079.302600000003,116.67,,104.96500000000012,1384.02472,16438.70788,,,,129.03
2026-06-01 16:30:00+00:00,2026-06-01 18:30:00+02:00,2026-06-01,18,30,2,0,6,1.3200000000000216,147.76,43268.969918,15695.17202,132.42,,120.72499999999988,1280.55839,14166.88363,,,,149.08
2026-06-01 16:45:00+00:00,2026-06-01 18:45:00+02:00,2026-06-01,18,45,3,0,6,-2.819999999999993,175.29,45391.224045999996,13399.853860000001,141.94,,133.17999999999992,1177.65158,11982.75228,,,,172.47
2026-06-01 17:00:00+00:00,2026-06-01 19:00:00+02:00,2026-06-01,19,0,0,0,6,-53.900000000000006,199.99,47423.027903,11233.03376,131.03,,124.06,1071.23676,9928.757,,,,146.09
2026-06-01 17:15:00+00:00,2026-06-01 19:15:00+02:00,2026-06-01,19,15,1,0,6,-49.900000000000006,219.9,49408.575764,9260.22948,137.4,,132.70000000000005,1002.92905,8029.62043,,,,170.0
2026-06-01 17:30:00+00:00,2026-06-01 19:30:00+02:00,2026-06-01,19,30,2,0,6,-20.189999999999998,230.0,51082.943665,7498.18466,145.7,,142.83500000000004,929.95695,6345.93771,,,,209.81
2026-06-01 17:45:00+00:00,2026-06-01 19:45:00+02:00,2026-06-01,19,45,3,0,6,17.600000000000023,290.0,52546.358785000004,5931.89049,151.43,,152.7,858.25614,4855.78435,,,,307.6
2026-06-01 18:00:00+00:00,2026-06-01 20:00:00+02:00,2026-06-01,20,0,0,0,6,-38.50999999999999,294.5,53211.611326,4539.4696,144.69,,143.9149999999999,790.13086,3537.25874,,,,255.99
2026-06-01 18:15:00+00:00,2026-06-01 20:15:00+02:00,2026-06-01,20,15,1,0,6,-28.339999999999975,338.27,54076.494984,3413.61654,147.0,,149.69500000000014,805.35601,2392.49053,,,,309.93
2026-06-01 18:30:00+00:00,2026-06-01 20:30:00+02:00,2026-06-01,20,30,2,0,6,-33.31,380.0,54474.735922,2485.26528,155.98,,157.01,814.28111,1445.56417,,,,346.69
2026-06-01 18:45:00+00:00,2026-06-01 20:45:00+02:00,2026-06-01,20,45,3,0,6,-71.72999999999996,459.64,54528.51415,1755.27418,158.45,,162.43499999999995,814.93836,709.49582,,,,387.91
2026-06-01 19:00:00+00:00,2026-06-01 21:00:00+02:00,2026-06-01,21,0,0,0,6,62.80000000000001,317.2,54186.70713,1339.93444,155.74,,160.81000000000006,838.39157,261.61287,,,,380.0
2026-06-01 19:15:00+00:00,2026-06-01 21:15:00+02:00,2026-06-01,21,15,1,0,6,-52.639999999999986,387.44,53584.777423,1249.14309,154.65,,158.58999999999995,919.71428,77.55881,,,,334.8
2026-06-01 19:30:00+00:00,2026-06-01 21:30:00+02:00,2026-06-01,21,30,2,0,6,-6.100000000000023,285.0,52643.364958,1327.38398,150.42,,156.4550000000001,1021.39389,28.38009,,,,278.9
2026-06-01 19:45:00+00:00,2026-06-01 21:45:00+02:00,2026-06-01,21,45,3,0,6,-167.67999999999998,399.01,51948.023722,1442.14671,147.35,,149.79,1131.90726,15.42945,,,,231.33
2026-06-01 20:00:00+00:00,2026-06-01 22:00:00+02:00,2026-06-01,22,0,0,0,6,29.710000000000008,237.4,50784.020640999996,1580.55477,159.14,,162.12999999999997,1255.63477,0.0,,,,267.11
2026-06-01 20:15:00+00:00,2026-06-01 22:15:00+02:00,2026-06-01,22,15,1,0,6,-37.25999999999999,250.0,49788.178131,1852.08465,153.45,,155.51,1468.83465,,,,,212.74
2026-06-01 20:30:00+00:00,2026-06-01 22:30:00+02:00,2026-06-01,22,30,2,0,6,-9.97999999999999,186.32,48749.421699,2119.3362500000003,150.0,,153.64500000000004,1685.82625,,,,,176.34
2026-06-01 20:45:00+00:00,2026-06-01 22:45:00+02:00,2026-06-01,22,45,3,0,6,-81.17000000000002,241.08,48047.75011,2392.12653,138.1,,141.05,1903.29653,,,,,159.91
2026-06-01 21:00:00+00:00,2026-06-01 23:00:00+02:00,2026-06-01,23,0,0,0,6,3.319999999999993,166.1,46962.341705,2676.71168,151.6,,154.29,2129.82168,,,,,169.42
2026-06-01 21:15:00+00:00,2026-06-01 23:15:00+02:00,2026-06-01,23,15,1,0,6,0.9000000000000057,160.6,46135.355802000005,3004.0809099999997,144.63,,145.58000000000004,2388.82091,,,,,161.5
2026-06-01 21:30:00+00:00,2026-06-01 23:30:00+02:00,2026-06-01,23,30,2,0,6,-2.9000000000000057,155.88,45224.972918,3335.86204,142.8,,143.13,2650.80204,,,,,152.98
2026-06-01 21:45:00+00:00,2026-06-01 23:45:00+02:00,2026-06-01,23,45,3,0,6,-3.3100000000000023,147.08,44148.825346,3676.86937,137.65,,139.53000000000003,2916.68937,,,,,143.77
2026-06-01 22:00:00+00:00,2026-06-02 00:00:00+02:00,2026-06-02,0,0,0,1,6,-6.179999999999978,151.73,41601.856176,5072.471869999999,152.22,,140.04666666666662,3640.55187,0.0,,,,145.55
2026-06-01 22:15:00+00:00,2026-06-02 00:15:00+02:00,2026-06-02,0,15,1,1,6,-3.8200000000000216,146.61,40523.343475,5551.91186,148.09,,137.96333333333337,4015.07186,,,,,142.79
2026-06-01 22:30:00+00:00,2026-06-02 00:30:00+02:00,2026-06-02,0,30,2,1,6,-3.680000000000007,142.03,39490.038725,6027.14194,141.95,,132.5666666666667,4387.42194,,,,,138.35
2026-06-01 22:45:00+00:00,2026-06-02 00:45:00+02:00,2026-06-02,0,45,3,1,6,-4.5800000000000125,132.36,38478.538781999996,6509.84513,133.33,,126.08333333333336,4770.14513,,,,,127.78
2026-06-01 23:00:00+00:00,2026-06-02 01:00:00+02:00,2026-06-02,1,0,0,1,6,-0.8100000000000023,144.81,37473.490464,7002.26828,144.9,,134.69333333333336,5159.66828,,,,,144.0
2026-06-01 23:15:00+00:00,2026-06-02 01:15:00+02:00,2026-06-02,1,15,1,1,6,2.030000000000001,132.47,36739.573282,7469.842549999999,136.72,,129.82666666666668,5532.44255,,,,,134.5
2026-06-01 23:30:00+00:00,2026-06-02 01:30:00+02:00,2026-06-02,1,30,2,1,6,-1.519999999999996,127.61,35962.702743,7951.1997200000005,129.24,,125.45666666666666,5914.97972,,,,,126.09
2026-06-01 23:45:00+00:00,2026-06-02 01:45:00+02:00,2026-06-02,1,45,3,1,6,-8.129999999999995,127.1,35289.349815,8431.6809,124.69,,121.64666666666669,6304.7609,,,,,118.97
2026-06-02 00:00:00+00:00,2026-06-02 02:00:00+02:00,2026-06-02,2,0,0,1,6,0.0700000000000216,130.01,34629.83523700001,8868.71283,127.65,,125.40000000000002,6655.40283,,,,,130.08
2026-06-02 00:15:00+00:00,2026-06-02 02:15:00+02:00,2026-06-02,2,15,1,1,6,-0.8299999999999983,124.98,34174.680951999995,9210.18736,129.57,,124.96666666666665,6931.16736,,,,,124.15
2026-06-02 00:30:00+00:00,2026-06-02 02:30:00+02:00,2026-06-02,2,30,2,1,6,-2.030000000000001,124.61,33797.61805,9546.61129,127.8,,124.66333333333331,7198.82129,,,,,122.58
2026-06-02 00:45:00+00:00,2026-06-02 02:45:00+02:00,2026-06-02,2,45,3,1,6,-3.2299999999999898,122.41,33400.527116,9880.51106,126.86,,122.33333333333331,7455.94106,,,,,119.18
2026-06-02 01:00:00+00:00,2026-06-02 03:00:00+02:00,2026-06-02,3,0,0,1,6,-2.980000000000004,124.34,33049.504007999996,10198.11288,127.59,,123.38000000000001,7702.01288,,,,,121.36
2026-06-02 01:15:00+00:00,2026-06-02 03:15:00+02:00,2026-06-02,3,15,1,1,6,-3.030000000000001,122.99,32930.92621,10410.13057,126.28,,122.25999999999999,7861.53057,,,,,119.96
2026-06-02 01:30:00+00:00,2026-06-02 03:30:00+02:00,2026-06-02,3,30,2,1,6,-1.0900000000000034,120.2,32925.516277999996,10615.72256,125.42,,122.7,8017.65256,,,,,119.11
2026-06-02 01:45:00+00:00,2026-06-02 03:45:00+02:00,2026-06-02,3,45,3,1,6,-1.5100000000000051,119.06,32869.31227,10802.78329,125.92,,122.27333333333335,8161.45329,,,,,117.55
2026-06-02 02:00:00+00:00,2026-06-02 04:00:00+02:00,2026-06-02,4,0,0,1,6,-4.3799999999999955,122.41,33051.440552,10996.01456,126.46,,124.86666666666666,8302.50456,,,,,118.03
2026-06-02 02:15:00+00:00,2026-06-02 04:15:00+02:00,2026-06-02,4,15,1,1,6,-0.20000000000000284,119.01,33105.859981,11157.89022,125.46,,125.01333333333334,8421.08022,,,,,118.81
2026-06-02 02:30:00+00:00,2026-06-02 04:30:00+02:00,2026-06-02,4,30,2,1,6,0.09999999999999432,120.72,33512.080397,11315.63362,126.39,,124.81666666666668,8541.48362,,,,,120.82
2026-06-02 02:45:00+00:00,2026-06-02 04:45:00+02:00,2026-06-02,4,45,3,1,6,-0.01999999999999602,123.97,33926.529407,11485.328529999999,129.69,,125.92666666666668,8658.98928,9.67925,,,,123.95
2026-06-02 03:00:00+00:00,2026-06-02 05:00:00+02:00,2026-06-02,5,0,0,1,6,-2.3400000000000034,121.56,34850.573748,11721.822279999998,128.47,,127.83333333333333,8764.26202,98.61026,,,,119.22
2026-06-02 03:15:00+00:00,2026-06-02 05:15:00+02:00,2026-06-02,5,15,1,1,6,0.1700000000000017,122.36,34700.655524,12086.494689999998,133.34,,128.10000000000002,8837.3103,338.89439,,,,122.53
2026-06-02 03:30:00+00:00,2026-06-02 05:30:00+02:00,2026-06-02,5,30,2,1,6,-0.75,125.0,33599.944180000006,12626.304709999999,140.65,,129.04999999999998,8914.12035,756.53436,,,,124.25
2026-06-02 03:45:00+00:00,2026-06-02 05:45:00+02:00,2026-06-02,5,45,3,1,6,0.19999999999998863,127.94,35851.140529,13388.51464,147.47,,129.05666666666664,8995.86163,1391.75301,,,,128.14
2026-06-02 04:00:00+00:00,2026-06-02 06:00:00+02:00,2026-06-02,6,0,0,1,6,-1.230000000000004,128.96,36515.674685,14507.112579999999,152.84,,133.93333333333334,9198.16607,2279.62651,,,,127.73
2026-06-02 04:15:00+00:00,2026-06-02 06:15:00+02:00,2026-06-02,6,15,1,1,6,-8.530000000000001,144.0,35981.647522,15622.18404,155.0,,130.21,9174.76654,3397.3875,,,,135.47
2026-06-02 04:30:00+00:00,2026-06-02 06:30:00+02:00,2026-06-02,6,30,2,1,6,-0.5999999999999943,134.0,36593.164124,16936.16874,151.7,,125.62999999999995,9154.81345,4706.43529,,,,133.4
2026-06-02 04:45:00+00:00,2026-06-02 06:45:00+02:00,2026-06-02,6,45,3,1,6,-15.460000000000008,139.46,36282.153019,18458.78589,150.47,,122.02666666666666,9137.88544,6224.15045,,,,124.0
2026-06-02 05:00:00+00:00,2026-06-02 07:00:00+02:00,2026-06-02,7,0,0,1,6,-6.180000000000007,148.1,35509.311468,20159.25976,174.83,,135.30999999999997,9092.33819,7968.16157,,,,141.92
2026-06-02 05:15:00+00:00,2026-06-02 07:15:00+02:00,2026-06-02,7,15,1,1,6,-5.439999999999998,142.56,35493.704486999995,21764.58886,159.07,,125.39999999999999,8791.14436,9917.1245,,,,137.12
2026-06-02 05:30:00+00:00,2026-06-02 07:30:00+02:00,2026-06-02,7,30,2,1,6,-2.2299999999999898,130.42,34989.591085,23466.285340000002,151.76,,118.73666666666664,8440.67699,12016.69835,,,,128.19
2026-06-02 05:45:00+00:00,2026-06-02 07:45:00+02:00,2026-06-02,7,45,3,1,6,-2.280000000000001,122.3,33773.099455,25293.54639,144.53,,107.54333333333334,8095.60535,14230.15104,,,,120.02
2026-06-02 06:00:00+00:00,2026-06-02 08:00:00+02:00,2026-06-02,8,0,0,1,6,-6.570000000000022,144.02,32708.952321000004,27100.412019999996,165.0,,126.10000000000002,7676.56819,16514.11383,,,,137.45
2026-06-02 06:15:00+00:00,2026-06-02 08:15:00+02:00,2026-06-02,8,15,1,1,6,-7.579999999999984,137.44,31648.894659999998,28756.06177,156.0,,113.39333333333336,7100.10994,18846.28183,,,,129.86
2026-06-02 06:30:00+00:00,2026-06-02 08:30:00+02:00,2026-06-02,8,30,2,1,6,-8.0,127.53,30344.045054999995,30392.14222,139.45,,98.43999999999996,6516.34332,21168.1289,,,,119.53
2026-06-02 06:45:00+00:00,2026-06-02 08:45:00+02:00,2026-06-02,8,45,3,1,6,-0.06999999999999318,108.36,28723.826757000003,31966.35937,122.19,,81.0866666666667,5913.63567,23447.9537,,,,108.29
2026-06-02 07:00:00+00:00,2026-06-02 09:00:00+02:00,2026-06-02,9,0,0,1,6,0.04999999999999716,121.93,26826.885782999998,33492.24955,150.28,,98.38333333333337,5372.01813,25632.45142,,,,121.98
2026-06-02 07:15:00+00:00,2026-06-02 09:15:00+02:00,2026-06-02,9,15,1,1,6,-14.280000000000001,121.27,25193.109405999996,35352.39615,130.15,,77.03666666666665,5231.3453,27726.98085,,,,106.99
2026-06-02 07:30:00+00:00,2026-06-02 09:30:00+02:00,2026-06-02,9,30,2,1,6,-1.5300000000000011,97.54,24087.295033999995,37061.082200000004,117.52,,59.673333333333325,5087.43422,29675.30798,,,,96.01
2026-06-02 07:45:00+00:00,2026-06-02 09:45:00+02:00,2026-06-02,9,45,3,1,6,-3.200000000000003,94.08,22703.668490000004,38503.31155,106.05,,46.97999999999998,4947.34196,31405.33959,,,,90.88
2026-06-02 08:00:00+00:00,2026-06-02 10:00:00+02:00,2026-06-02,10,0,0,1,6,3.0799999999999983,98.93,21798.606806999996,39780.49051,119.02,,53.11666666666667,4836.77527,32890.22524,,,,102.01
2026-06-02 08:15:00+00:00,2026-06-02 10:15:00+02:00,2026-06-02,10,15,1,1,6,-1.2299999999999898,93.24,20542.001233999996,41165.162580000004,111.62,,42.01666666666663,4988.77779,34193.80479,,,,92.01
2026-06-02 08:30:00+00:00,2026-06-02 10:30:00+02:00,2026-06-02,10,30,2,1,6,-6.190000000000012,93.4,18950.073357999994,42383.13857,110.2,,37.38666666666663,5163.62812,35326.84045,,,,87.21
2026-06-02 08:45:00+00:00,2026-06-02 10:45:00+02:00,2026-06-02,10,45,3,1,6,-5.099999999999994,84.3,18055.826412000002,43446.69678,107.17,,35.71999999999996,5333.992,36295.92478,,,,79.2
2026-06-02 09:00:00+00:00,2026-06-02 11:00:00+02:00,2026-06-02,11,0,0,1,6,-4.029999999999987,89.82,16789.233477999995,44353.715130000004,106.33,,35.75333333333335,5503.16028,37100.59485,,,,85.79
2026-06-02 09:15:00+00:00,2026-06-02 11:15:00+02:00,2026-06-02,11,15,1,1,6,-13.75,94.91,15799.471456,45117.26158,106.6,,35.140000000000036,5752.34497,37681.12661,,,,81.16
2026-06-02 09:30:00+00:00,2026-06-02 11:30:00+02:00,2026-06-02,11,30,2,1,6,-4.75,83.54,15318.661281999994,45772.16894,103.01,,34.59666666666665,5995.51963,38163.47931,,,,78.79
2026-06-02 09:45:00+00:00,2026-06-02 11:45:00+02:00,2026-06-02,11,45,3,1,6,-4.510000000000005,81.12,14496.008661,46315.33708,97.11,,32.36666666666661,6250.61601,38524.25107,,,,76.61
2026-06-02 10:00:00+00:00,2026-06-02 12:00:00+02:00,2026-06-02,12,0,0,1,6,-15.11,86.33,14236.817208999993,46733.772450000004,100.61,,33.56666666666667,6510.4587,38738.70375,,,,71.22
2026-06-02 10:15:00+00:00,2026-06-02 12:15:00+02:00,2026-06-02,12,15,1,1,6,-10.420000000000002,82.43,13703.646672000003,46958.18069,96.13,,31.856666666666644,6713.22112,38788.68957,,,,72.01
2026-06-02 10:30:00+00:00,2026-06-02 12:30:00+02:00,2026-06-02,12,30,2,1,6,-8.259999999999991,79.41,13882.011722000003,47062.447029999996,95.58,,31.796666666666706,6899.79047,38731.59656,,,,71.15
2026-06-02 10:45:00+00:00,2026-06-02 12:45:00+02:00,2026-06-02,12,45,3,1,6,0.8999999999999915,73.95,13788.851025000004,46993.25464,91.08,,29.243333333333315,7078.84791,38508.21673,,,,74.85
2026-06-02 11:00:00+00:00,2026-06-02 13:00:00+02:00,2026-06-02,13,0,0,1,6,-4.060000000000002,80.09,13486.709580999996,46790.78861,95.3,,29.956666666666724,7243.12387,38159.63474,,,,76.03
2026-06-02 11:15:00+00:00,2026-06-02 13:15:00+02:00,2026-06-02,13,15,1,1,6,-5.589999999999989,85.6,14257.404664000002,46145.87947,94.14,,29.346666666666707,7216.10099,37642.56848,,,,80.01
2026-06-02 11:30:00+00:00,2026-06-02 13:30:00+02:00,2026-06-02,13,30,2,1,6,-4.36999999999999,86.52,14633.615418999994,45493.02305,91.99,,28.460000000000054,7203.38343,37024.28962,,,,82.15
2026-06-02 11:45:00+00:00,2026-06-02 13:45:00+02:00,2026-06-02,13,45,3,1,6,-3.259999999999991,86.69,14919.225833999997,44736.15971,88.44,,27.276666666666667,7215.43739,36278.81232,,,,83.43
2026-06-02 12:00:00+00:00,2026-06-02 14:00:00+02:00,2026-06-02,14,0,0,1,6,-4.829999999999998,84.91,15095.885395999998,44001.53136,92.23,,29.046666666666685,7241.49843,35545.93293,,,,80.08
2026-06-02 12:15:00+00:00,2026-06-02 14:15:00+02:00,2026-06-02,14,15,1,1,6,-5.329999999999998,89.21,15737.750655000003,43077.05403,93.07,,29.373333333333367,7160.89561,34730.08842,,,,83.88
2026-06-02 12:30:00+00:00,2026-06-02 14:30:00+02:00,2026-06-02,14,30,2,1,6,-6.980000000000004,92.5,16290.578467,42079.4367,92.78,,29.436666666666685,7052.13745,33870.13925,,,,85.52
2026-06-02 12:45:00+00:00,2026-06-02 14:45:00+02:00,2026-06-02,14,45,3,1,6,-0.5100000000000051,96.51,17054.729310000002,40917.11679,95.16,,30.986666666666682,6928.0613,32863.36549,,,,96.0
2026-06-02 13:00:00+00:00,2026-06-02 15:00:00+02:00,2026-06-02,15,0,0,1,6,-6.549999999999997,91.88,18517.483117000003,39563.65491,92.86,,29.883333333333354,6802.90194,31673.28297,,,,85.33
2026-06-02 13:15:00+00:00,2026-06-02 15:15:00+02:00,2026-06-02,15,15,1,1,6,-2.4599999999999937,96.5,19899.16979,38290.85504,95.12,,31.25666666666667,6802.64863,30420.17641,,,,94.04
2026-06-02 13:30:00+00:00,2026-06-02 15:30:00+02:00,2026-06-02,15,30,2,1,6,-2.519999999999996,101.83,20182.870189,36928.00698,101.03,,33.67666666666665,6807.18379,29072.81319,,,,99.31
2026-06-02 13:45:00+00:00,2026-06-02 15:45:00+02:00,2026-06-02,15,45,3,1,6,2.5400000000000063,108.74,21717.750181999996,35480.05243,110.07,,36.75999999999998,6820.14788,27626.43455,,,,111.28
2026-06-02 14:00:00+00:00,2026-06-02 16:00:00+02:00,2026-06-02,16,0,0,1,6,-15.819999999999993,110.0,23798.539188999996,33974.579150000005,95.11,,32.843333333333334,6863.86268,26090.52647,,,,94.18
2026-06-02 14:15:00+00:00,2026-06-02 16:15:00+02:00,2026-06-02,16,15,1,1,6,-7.510000000000005,111.4,25091.512043000002,32472.10095,100.48,,45.07666666666671,6949.1591,24496.60185,,,,103.89
2026-06-02 14:30:00+00:00,2026-06-02 16:30:00+02:00,2026-06-02,16,30,2,1,6,-2.969999999999999,114.32,26524.407161999996,30948.01191,111.34,,58.63666666666668,7040.56113,22884.12078,,,,111.35
2026-06-02 14:45:00+00:00,2026-06-02 16:45:00+02:00,2026-06-02,16,45,3,1,6,-0.5499999999999972,126.08,28202.44,29356.454110000002,123.79,,73.53000000000004,7135.39138,21204.56273,,,,125.53
2026-06-02 15:00:00+00:00,2026-06-02 17:00:00+02:00,2026-06-02,17,0,0,1,6,-5.280000000000001,120.58,30320.623461000003,27720.008219999996,103.99,,60.049999999999976,7220.58349,19482.33473,,,,115.3
2026-06-02 15:15:00+00:00,2026-06-02 17:15:00+02:00,2026-06-02,17,15,1,1,6,2.760000000000005,121.42,31942.991713000003,26173.46776,112.89,,78.9933333333333,7378.11732,17765.72044,,,,124.18
2026-06-02 15:30:00+00:00,2026-06-02 17:30:00+02:00,2026-06-02,17,30,2,1,6,-1.420000000000016,134.06,33560.353678,24596.99724,127.81,,104.13000000000001,7535.48993,16009.87731,,,,132.64
2026-06-02 15:45:00+00:00,2026-06-02 17:45:00+02:00,2026-06-02,17,45,3,1,6,-7.119999999999976,147.2,35253.40543,23038.39706,144.0,,119.86666666666663,7686.27046,14277.7066,,,,140.08
2026-06-02 16:00:00+00:00,2026-06-02 18:00:00+02:00,2026-06-02,18,0,0,1,6,-5.75,135.46,37670.344668,21519.935550000002,115.99,,99.43333333333334,7842.27483,12579.65072,,,,129.71
2026-06-02 16:15:00+00:00,2026-06-02 18:15:00+02:00,2026-06-02,18,15,1,1,6,1.5,137.69,39024.072204,20216.36807,129.03,,112.98666666666675,8118.61494,10963.26313,,,,139.19
2026-06-02 16:30:00+00:00,2026-06-02 18:30:00+02:00,2026-06-02,18,30,2,1,6,3.280000000000001,148.72,40040.884261,18971.98726,149.08,,130.1766666666666,8390.79596,9414.2613,,,,152.0
2026-06-02 16:45:00+00:00,2026-06-02 18:45:00+02:00,2026-06-02,18,45,3,1,6,-7.050000000000011,170.0,41400.415976,17801.55674,172.47,,146.2766666666666,8660.42429,7941.11245,,,,162.95
2026-06-02 17:00:00+00:00,2026-06-02 19:00:00+02:00,2026-06-02,19,0,0,1,6,-2.219999999999999,154.42,42582.333465,16735.06823,146.09,,131.40333333333334,8927.70744,6578.67079,,,,152.2
2026-06-02 17:15:00+00:00,2026-06-02 19:15:00+02:00,2026-06-02,19,15,1,1,6,-6.969999999999999,161.7,43222.89021299999,15774.349740000001,170.0,,145.13333333333335,9197.27726,5313.54248,,,,154.73
2026-06-02 17:30:00+00:00,2026-06-02 19:30:00+02:00,2026-06-02,19,30,2,1,6,-8.689999999999998,175.18,44106.701559,14928.6852,209.81,,165.16,9471.79243,4164.65277,,,,166.49
2026-06-02 17:45:00+00:00,2026-06-02 19:45:00+02:00,2026-06-02,19,45,3,1,6,-38.91999999999999,212.5,44693.238091,14214.19457,307.6,,204.33333333333334,9745.26271,3155.03186,,,,173.58
2026-06-02 18:00:00+00:00,2026-06-02 20:00:00+02:00,2026-06-02,20,0,0,1,6,-5.8700000000000045,168.46,44872.709491,13609.824289999999,255.99,,181.27333333333328,10016.87021,2260.63408,,,,162.59
2026-06-02 18:15:00+00:00,2026-06-02 20:15:00+02:00,2026-06-02,20,15,1,1,6,-21.359999999999985,181.47,44787.747239,13287.911740000001,309.93,,203.10666666666677,10418.69807,1516.77367,,,,160.11
2026-06-02 18:30:00+00:00,2026-06-02 20:30:00+02:00,2026-06-02,20,30,2,1,6,-5.349999999999994,164.29,44354.615956,13110.219469999998,346.69,,220.23666666666668,10806.38429,938.54518,,,,158.94
2026-06-02 18:45:00+00:00,2026-06-02 20:45:00+02:00,2026-06-02,20,45,3,1,6,-37.84,192.73,43871.361109,13058.329609999999,387.91,,237.59333333333333,11168.945,505.26461,,,,154.89
2026-06-02 19:00:00+00:00,2026-06-02 21:00:00+02:00,2026-06-02,21,0,0,1,6,-19.47999999999999,180.47,43152.223562,13175.64153,380.0,,233.87333333333336,11564.48834,215.12319,,,,160.99
2026-06-02 19:15:00+00:00,2026-06-02 21:15:00+02:00,2026-06-02,21,15,1,1,6,-15.629999999999995,165.01,42174.106440999996,13530.02793,334.8,,217.32666666666663,12053.4678,76.90013,,,,149.38
2026-06-02 19:30:00+00:00,2026-06-02 21:30:00+02:00,2026-06-02,21,30,2,1,6,-24.180000000000007,165.34,40956.630076999994,14012.614720000001,278.9,,197.27000000000007,12572.68511,34.39961,,,,141.16
2026-06-02 19:45:00+00:00,2026-06-02 21:45:00+02:00,2026-06-02,21,45,3,1,6,-21.939999999999998,150.01,39699.867395,14525.07037,231.33,,176.97,13104.09882,17.55155,,,,128.07
2026-06-02 20:00:00+00:00,2026-06-02 22:00:00+02:00,2026-06-02,22,0,0,1,6,-18.07000000000002,162.71,38346.402332,14835.66478,267.11,,197.1233333333333,13439.45478,0.0,,,,144.64
2026-06-02 20:15:00+00:00,2026-06-02 22:15:00+02:00,2026-06-02,22,15,1,1,6,-8.689999999999998,144.7,37088.944139,15194.11843,212.74,,174.58666666666667,13798.53843,,,,,136.01
2026-06-02 20:30:00+00:00,2026-06-02 22:30:00+02:00,2026-06-02,22,30,2,1,6,-6.449999999999989,137.94,35960.910204,15549.433,176.34,,161.21000000000004,14156.763,,,,,131.49
2026-06-02 20:45:00+00:00,2026-06-02 22:45:00+02:00,2026-06-02,22,45,3,1,6,2.280000000000001,125.0,34976.265448000006,15895.68457,159.91,,147.33666666666667,14505.36457,,,,,127.28
2026-06-02 21:00:00+00:00,2026-06-02 23:00:00+02:00,2026-06-02,23,0,0,1,6,-4.159999999999997,139.7,33894.807818999994,16206.999749999999,169.42,,159.33333333333334,14817.43975,,,,,135.54
2026-06-02 21:15:00+00:00,2026-06-02 23:15:00+02:00,2026-06-02,23,15,1,1,6,1.1599999999999966,120.01,33381.668653999994,16310.84733,161.5,,150.88666666666668,14916.18733,,,,,121.17
2026-06-02 21:30:00+00:00,2026-06-02 23:30:00+02:00,2026-06-02,23,30,2,1,6,-9.209999999999994,125.5,32598.950743999998,16416.93504,152.98,,146.41333333333333,15019.33504,,,,,116.29
2026-06-02 21:45:00+00:00,2026-06-02 23:45:00+02:00,2026-06-02,23,45,3,1,6,-0.14000000000000057,113.04,31738.790415999996,16526.86241,143.77,,140.94333333333336,15125.80241,,,,,112.9
2026-06-02 22:00:00+00:00,2026-06-03 00:00:00+02:00,2026-06-03,0,0,0,2,6,4.200000000000003,119.1,27984.796302999996,19528.222,145.55,139.98,145.91666666666663,17192.212,0.0,,,,123.3
2026-06-02 22:15:00+00:00,2026-06-03 00:15:00+02:00,2026-06-03,0,15,1,2,6,8.0,118.8,27570.804776000004,19452.19373,142.79,138.77,143.2166666666667,17157.42373,,,,,126.8
2026-06-02 22:30:00+00:00,2026-06-03 00:30:00+02:00,2026-06-03,0,30,2,2,6,7.329999999999998,115.01,27638.941919000004,19372.22326,138.35,133.24,137.8466666666667,17113.74326,,,,,122.34
2026-06-02 22:45:00+00:00,2026-06-03 00:45:00+02:00,2026-06-03,0,45,3,2,6,13.560000000000002,112.99,27132.988634999998,19302.12753,127.78,127.78,129.70333333333335,17073.19753,,,,,126.55
2026-06-02 23:00:00+00:00,2026-06-03 01:00:00+02:00,2026-06-03,1,0,0,2,6,5.989999999999995,115.01,26829.817946000003,19228.57303,144.0,135.89,141.59666666666666,17034.98303,,,,,121.0
2026-06-02 23:15:00+00:00,2026-06-03 01:15:00+02:00,2026-06-03,1,15,1,2,6,10.680000000000007,114.25,26642.254259,19132.01702,134.5,132.25,134.49,16950.92702,,,,,124.93
2026-06-02 23:30:00+00:00,2026-06-03 01:30:00+02:00,2026-06-03,1,30,2,2,6,8.040000000000006,111.1,26395.04501,19017.66852,126.09,126.09,128.19000000000003,16851.39852,,,,,119.14
2026-06-02 23:45:00+00:00,2026-06-03 01:45:00+02:00,2026-06-03,1,45,3,2,6,7.61999999999999,110.01,26345.059028,18893.91241,118.97,118.97,122.80000000000003,16734.57241,,,,,117.63
2026-06-03 00:00:00+00:00,2026-06-03 02:00:00+02:00,2026-06-03,2,0,0,2,6,13.689999999999998,107.91,26240.607962000002,18747.49463,130.08,127.65,129.0666666666667,16599.11463,,,,,121.6
2026-06-03 00:15:00+00:00,2026-06-03 02:15:00+02:00,2026-06-03,2,15,1,2,6,9.879999999999995,107.68,26173.341637999998,18607.52852,124.15,124.15,127.42333333333333,16453.92852,,,,,117.56
2026-06-03 00:30:00+00:00,2026-06-03 02:30:00+02:00,2026-06-03,2,30,2,2,6,8.61999999999999,107.76,26454.015748,18473.54052,122.58,122.58,126.37333333333332,16310.67052,,,,,116.38
2026-06-03 00:45:00+00:00,2026-06-03 02:45:00+02:00,2026-06-03,2,45,3,2,6,12.11,103.25,26520.261452000002,18334.78988,119.18,119.18,123.82666666666665,16166.66988,,,,,115.36
2026-06-03 01:00:00+00:00,2026-06-03 03:00:00+02:00,2026-06-03,3,0,0,2,6,9.11,105.23,26478.067504000002,18184.43407,121.36,121.36,125.13333333333334,16011.68407,,,,,114.34
2026-06-03 01:15:00+00:00,2026-06-03 03:15:00+02:00,2026-06-03,3,15,1,2,6,8.790000000000006,104.3,26328.646088000005,18073.440469999998,119.96,119.96,123.90333333333332,15890.84047,,,,,113.09
2026-06-03 01:30:00+00:00,2026-06-03 03:30:00+02:00,2026-06-03,3,30,2,2,6,5.47999999999999,106.73,26536.924767999997,17956.145790000002,119.11,119.11,123.5,15765.64579,,,,,112.21
2026-06-03 01:45:00+00:00,2026-06-03 03:45:00+02:00,2026-06-03,3,45,3,2,6,5.3799999999999955,108.34,26868.594536000004,17849.50597,117.55,117.55,122.79333333333335,15639.84597,,,,,113.72
2026-06-03 02:00:00+00:00,2026-06-03 04:00:00+02:00,2026-06-03,4,0,0,2,6,7.759999999999991,105.01,27362.655744000003,17754.02519,118.03,118.16,124.82333333333332,15528.37519,,,,,112.77
2026-06-03 02:15:00+00:00,2026-06-03 04:15:00+02:00,2026-06-03,4,15,1,2,6,9.819999999999993,106.42,27786.388624,17728.737289999997,118.81,119.9,124.64999999999999,15479.23729,,,,,116.24
2026-06-03 02:30:00+00:00,2026-06-03 04:30:00+02:00,2026-06-03,4,30,2,2,6,14.539999999999992,107.68,28322.011915,17702.75392,120.82,122.32,124.31666666666668,15433.41392,0.01,,,,122.22
2026-06-03 02:45:00+00:00,2026-06-03 04:45:00+02:00,2026-06-03,4,45,3,2,6,12.629999999999995,108.14,29117.838495999997,17692.06302,123.95,123.95,126.74666666666667,15393.89902,6.374,,,,120.77
2026-06-03 03:00:00+00:00,2026-06-03 05:00:00+02:00,2026-06-03,5,0,0,2,6,7.459999999999994,108.29,30015.700855999996,17726.581290000002,119.22,124.81,125.96999999999998,15349.38045,60.96084,,,,115.75
2026-06-03 03:15:00+00:00,2026-06-03 05:15:00+02:00,2026-06-03,5,15,1,2,6,11.149999999999991,109.84,30167.087364000003,17792.39661,122.53,122.98,127.95,15250.00059,192.82602,,,,120.99
2026-06-03 03:30:00+00:00,2026-06-03 05:30:00+02:00,2026-06-03,5,30,2,2,6,9.040000000000006,113.69,30366.358902999997,17959.01639,124.25,124.25,129.75666666666666,15154.43521,423.60118,,,,122.73
2026-06-03 03:45:00+00:00,2026-06-03 05:45:00+02:00,2026-06-03,5,45,3,2,6,5.090000000000003,121.28,31640.727152999996,18292.880670000002,128.14,121.55,131.6,15056.70716,817.08351,,,,126.37
2026-06-03 04:00:00+00:00,2026-06-03 06:00:00+02:00,2026-06-03,6,0,0,2,6,4.930000000000007,127.34,33469.848942,18978.31021,127.73,126.6,135.72333333333333,15125.03671,1409.3535,,,,132.27
2026-06-03 04:15:00+00:00,2026-06-03 06:15:00+02:00,2026-06-03,6,15,1,2,6,7.650000000000006,131.5,34082.759253000004,19637.02119,135.47,130.93,136.50333333333333,14967.15369,2210.0375,,,,139.15
2026-06-03 04:30:00+00:00,2026-06-03 06:30:00+02:00,2026-06-03,6,30,2,2,6,6.680000000000007,132.23,34924.341741,20475.95414,133.4,132.19,133.1933333333333,14811.40605,3180.69809,,,,138.91
2026-06-03 04:45:00+00:00,2026-06-03 06:45:00+02:00,2026-06-03,6,45,3,2,6,2.75,136.28,35440.577062000004,21443.78213,124.0,124.0,127.38,14655.60916,4283.00297,,,,139.03
2026-06-03 05:00:00+00:00,2026-06-03 07:00:00+02:00,2026-06-03,7,0,0,2,6,14.560000000000002,137.94,35995.218024,22534.654590000002,141.92,136.43,143.15666666666664,14497.0728,5510.44179,,,,152.5
2026-06-03 05:15:00+00:00,2026-06-03 07:15:00+02:00,2026-06-03,7,15,1,2,6,9.01000000000002,135.01,35723.61744,23933.52648,137.12,132.82,133.24,14547.13824,6850.10824,,,,144.02
2026-06-03 05:30:00+00:00,2026-06-03 07:30:00+02:00,2026-06-03,7,30,2,2,6,3.1699999999999875,134.02,35063.847903999995,25390.581980000003,128.19,128.19,126.19999999999997,14581.20785,8286.77413,,,,137.19
2026-06-03 05:45:00+00:00,2026-06-03 07:45:00+02:00,2026-06-03,7,45,3,2,6,3.0600000000000023,126.0,34282.393772,26926.85,120.02,120.02,116.88333333333333,14584.11115,9807.95885,,,,129.06
2026-06-03 06:00:00+00:00,2026-06-03 08:00:00+02:00,2026-06-03,8,0,0,2,6,14.02000000000001,140.0,33251.403193,28490.563970000003,137.45,137.45,135.35000000000002,14606.84772,11413.55625,,,,154.02
2026-06-03 06:15:00+00:00,2026-06-03 08:15:00+02:00,2026-06-03,8,15,1,2,6,10.990000000000009,127.0,32021.402498000003,30261.92372,129.86,129.86,124.9866666666667,14690.57599,13109.72773,,,,137.99
2026-06-03 06:30:00+00:00,2026-06-03 08:30:00+02:00,2026-06-03,8,30,2,2,6,12.800000000000011,119.0,29929.604895999997,32073.323190000003,119.53,115.0,111.87333333333329,14795.01957,14843.06362,,,,131.8
2026-06-03 06:45:00+00:00,2026-06-03 08:45:00+02:00,2026-06-03,8,45,3,2,6,6.099999999999994,113.31,27804.994988000006,33932.864499999996,108.29,108.08,98.4766666666667,14909.68372,16592.50078,,,,119.41
2026-06-03 07:00:00+00:00,2026-06-03 09:00:00+02:00,2026-06-03,9,0,0,2,6,-10.250000000000014,133.27,26100.104756,35731.94648,121.98,121.98,116.2866666666667,15031.5274,18287.24908,,,,123.02
2026-06-03 07:15:00+00:00,2026-06-03 09:15:00+02:00,2026-06-03,9,15,1,2,6,8.760000000000005,108.8,24697.50181,37373.879669999995,106.99,106.99,97.37999999999998,14994.44973,19957.64994,,,,117.56
2026-06-03 07:30:00+00:00,2026-06-03 09:30:00+02:00,2026-06-03,9,30,2,2,6,4.920000000000002,106.27,23978.357529,38959.29404,96.01,96.01,83.57000000000001,14961.26223,21575.48181,,,,111.19
2026-06-03 07:45:00+00:00,2026-06-03 09:45:00+02:00,2026-06-03,9,45,3,2,6,4.740000000000009,92.16,22694.485801000003,40441.44094,90.88,90.88,71.67666666666665,14926.84528,23083.73566,,,,96.9
2026-06-03 08:00:00+00:00,2026-06-03 10:00:00+02:00,2026-06-03,10,0,0,2,6,3.8100000000000023,103.2,21375.738600000004,41831.37998,102.01,94.72,81.12,14877.95444,24515.04554,,,,107.01
2026-06-03 08:15:00+00:00,2026-06-03 10:15:00+02:00,2026-06-03,10,15,1,2,6,-5.030000000000001,94.48,20992.339401999998,43152.47404,92.01,84.03,68.68999999999997,14803.71656,25889.43748,,,,89.45
2026-06-03 08:30:00+00:00,2026-06-03 10:30:00+02:00,2026-06-03,10,30,2,2,6,16.0,73.0,19107.193385,44363.44885,87.21,79.01,65.8033333333333,14731.14903,27151.98982,,,,89.0
2026-06-03 08:45:00+00:00,2026-06-03 10:45:00+02:00,2026-06-03,10,45,3,2,6,20.650000000000006,65.11,17926.010267999998,45497.49293,79.2,69.44,62.11999999999997,14667.35687,28328.39606,,,,85.76
2026-06-03 09:00:00+00:00,2026-06-03 11:00:00+02:00,2026-06-03,11,0,0,2,6,-5.930000000000007,89.95,17301.016351,46513.46022,85.79,76.48,64.35000000000002,14599.5466,29384.42362,,,,84.02
2026-06-03 09:15:00+00:00,2026-06-03 11:15:00+02:00,2026-06-03,11,15,1,2,6,25.22,57.14,16367.670274999997,47400.523,81.16,66.71,62.56333333333337,14502.63285,30325.74015,,,,82.36
2026-06-03 09:30:00+00:00,2026-06-03 11:30:00+02:00,2026-06-03,11,30,2,2,6,46.61,42.56,14960.440883000003,48179.34639,78.79,60.6,60.59666666666666,14409.86206,31157.88433,,,,89.17
2026-06-03 09:45:00+00:00,2026-06-03 11:45:00+02:00,2026-06-03,11,45,3,2,6,39.50999999999999,27.98,14296.351118999999,48878.41823,76.61,48.93,57.90333333333327,14319.49645,31903.08178,,,,67.49
2026-06-03 10:00:00+00:00,2026-06-03 12:00:00+02:00,2026-06-03,12,0,0,2,6,42.650000000000006,33.44,13130.702785000001,49502.80081,71.22,57.66,57.31,14238.47551,32565.4153,,,,76.09
2026-06-03 10:15:00+00:00,2026-06-03 12:15:00+02:00,2026-06-03,12,15,1,2,6,34.07,27.25,12917.112694000003,50110.64118,72.01,46.06,56.046666666666646,14218.47146,33142.05972,,,,61.32
2026-06-03 10:30:00+00:00,2026-06-03 12:30:00+02:00,2026-06-03,12,30,2,2,6,-1.759999999999998,52.37,12102.915846999997,50718.58709,71.15,34.67,56.84000000000004,14199.37026,33720.80683,,,,50.61
2026-06-03 10:45:00+00:00,2026-06-03 12:45:00+02:00,2026-06-03,12,45,3,2,6,21.959999999999997,18.7,12398.894822000002,51221.46931,74.85,31.1,55.70666666666665,14181.06156,34188.98775,,,,40.66
2026-06-03 11:00:00+00:00,2026-06-03 13:00:00+02:00,2026-06-03,13,0,0,2,6,1.769999999999996,50.09,10504.249429999996,51613.13644,76.03,36.44,57.13333333333338,14175.14722,34565.16922,,,,51.86
2026-06-03 11:15:00+00:00,2026-06-03 13:15:00+02:00,2026-06-03,13,15,1,2,6,5.350000000000001,40.0,10200.290180999997,51834.85985,80.01,29.44,58.05000000000004,14161.58658,34781.15327,,,,45.35
2026-06-03 11:30:00+00:00,2026-06-03 13:30:00+02:00,2026-06-03,13,30,2,2,6,0.0899999999999963,35.35,9777.327955999994,51953.124970000004,82.15,22.01,58.04666666666672,14151.39988,34884.73509,,,,35.44
2026-06-03 11:45:00+00:00,2026-06-03 13:45:00+02:00,2026-06-03,13,45,3,2,6,7.670000000000002,15.0,8394.843705000007,51982.074609999996,83.43,15.72,57.29,14163.30568,34891.81893,,,,22.67
2026-06-03 12:00:00+00:00,2026-06-03 14:00:00+02:00,2026-06-03,14,0,0,2,6,-1.4499999999999993,29.21,9053.261663000005,52008.51914999999,80.08,17.67,57.44000000000002,14219.9363,34848.25285,,,,27.76
2026-06-03 12:15:00+00:00,2026-06-03 14:15:00+02:00,2026-06-03,14,15,1,2,6,-3.020000000000003,36.06,8503.188268999998,51912.79484,83.88,19.8,59.000000000000036,14266.71125,34719.35359,,,,33.04
2026-06-03 12:30:00+00:00,2026-06-03 14:30:00+02:00,2026-06-03,14,30,2,2,6,-5.350000000000001,37.88,8494.177861999997,51693.6797,85.52,21.42,59.77666666666668,14298.21422,34485.64548,,,,32.53
2026-06-03 12:45:00+00:00,2026-06-03 14:45:00+02:00,2026-06-03,14,45,3,2,6,-12.71,49.02,8153.414865999999,51298.87968,96.0,23.21,64.69000000000001,14327.40461,34084.57507,,,,36.31
2026-06-03 13:00:00+00:00,2026-06-03 15:00:00+02:00,2026-06-03,15,0,0,2,6,-28.59,29.38,9011.012945999995,50717.00972,85.33,24.99,59.413333333333355,14363.90771,33489.47201,,,,0.79
2026-06-03 13:15:00+00:00,2026-06-03 15:15:00+02:00,2026-06-03,15,15,1,2,6,-25.810000000000002,44.81,8653.393789999995,50028.19189,94.04,29.14,63.05333333333334,14346.16044,32829.81145,,,,19.0
2026-06-03 13:30:00+00:00,2026-06-03 15:30:00+02:00,2026-06-03,15,30,2,2,6,-17.98,48.75,9689.945791999999,49222.4051,99.31,33.2,66.78333333333332,14326.86536,32054.50974,,,,30.77
2026-06-03 13:45:00+00:00,2026-06-03 15:45:00+02:00,2026-06-03,15,45,3,2,6,-36.3,65.46,10750.004001000001,48274.6075,111.28,45.11,75.51999999999998,14298.11994,31141.57756,,,,29.16
2026-06-03 14:00:00+00:00,2026-06-03 16:00:00+02:00,2026-06-03,16,0,0,2,6,-6.849999999999994,39.19,12196.719098000001,47128.05599,94.18,15.61,65.76666666666667,14262.87005,30033.28594,,,,32.34
2026-06-03 14:15:00+00:00,2026-06-03 16:15:00+02:00,2026-06-03,16,15,1,2,6,-10.659999999999997,54.55,13270.524058999996,45675.49762,103.89,46.88,79.70000000000003,14081.57046,28789.17716,,,,43.89
2026-06-03 14:30:00+00:00,2026-06-03 16:30:00+02:00,2026-06-03,16,30,2,2,6,-28.97,84.14,14855.355712000004,44116.926269999996,111.35,67.74,95.25,13882.35208,27453.13419,,,,55.17
2026-06-03 14:45:00+00:00,2026-06-03 16:45:00+02:00,2026-06-03,16,45,3,2,6,-16.290000000000006,107.76,16547.275454999995,42389.84064,125.53,80.2,109.84000000000003,13666.157,25963.35364,,,,91.47
2026-06-03 15:00:00+00:00,2026-06-03 17:00:00+02:00,2026-06-03,17,0,0,2,6,2.1599999999999966,67.87,18095.583124000004,40715.850699999995,115.3,68.96,92.9833333333333,13435.72235,24351.80835,,,,70.03
2026-06-03 15:15:00+00:00,2026-06-03 17:15:00+02:00,2026-06-03,17,15,1,2,6,-15.22999999999999,95.07,20407.120345000003,38790.4087,124.18,89.61,105.14999999999996,13189.25926,22644.32944,,,,79.84
2026-06-03 15:30:00+00:00,2026-06-03 17:30:00+02:00,2026-06-03,17,30,2,2,6,-16.35000000000001,106.37,22122.165403,36813.17248,132.64,103.95,121.46666666666668,12917.98852,20824.57396,,,,90.02
2026-06-03 15:45:00+00:00,2026-06-03 17:45:00+02:00,2026-06-03,17,45,3,2,6,-7.219999999999999,117.41,24183.299865000008,34663.075639999995,140.08,120.0,134.6933333333333,12631.6281,18923.66754,,,,110.19
2026-06-03 16:00:00+00:00,2026-06-03 18:00:00+02:00,2026-06-03,18,0,0,2,6,3.799999999999997,103.26,26555.920157,32399.3327,129.71,105.4,117.03333333333335,12320.72643,16940.19627,,,,107.06
2026-06-03 16:15:00+00:00,2026-06-03 18:15:00+02:00,2026-06-03,18,15,1,2,6,-6.47999999999999,124.99,28746.714104,30098.13871,139.19,119.13,128.29666666666674,11939.14973,14935.53898,,,,118.51
2026-06-03 16:30:00+00:00,2026-06-03 18:30:00+02:00,2026-06-03,18,30,2,2,6,-8.5,130.81,31259.581577,27718.72654,152.0,132.42,144.49999999999991,11549.31326,12887.59328,,,,122.31
2026-06-03 16:45:00+00:00,2026-06-03 18:45:00+02:00,2026-06-03,18,45,3,2,6,-10.02000000000001,150.9,33800.53351,25380.556230000002,162.95,143.5,159.11999999999992,11159.20835,10889.92788,,,,140.88
2026-06-03 17:00:00+00:00,2026-06-03 19:00:00+02:00,2026-06-03,19,0,0,2,6,-9.809999999999988,132.76,35881.448288,23142.43818,152.2,131.03,143.10666666666665,10771.74134,9000.28684,,,,122.95
2026-06-03 17:15:00+00:00,2026-06-03 19:15:00+02:00,2026-06-03,19,15,1,2,6,-9.009999999999991,146.82,37701.077245,21078.19891,154.73,137.4,154.04333333333338,10476.13487,7248.96404,,,,137.81
2026-06-03 17:30:00+00:00,2026-06-03 19:30:00+02:00,2026-06-03,19,30,2,2,6,3.0999999999999943,141.58,39583.749086,19197.997479999998,166.49,145.7,174.0,10195.4965,5676.02098,,,,144.68
2026-06-03 17:45:00+00:00,2026-06-03 19:45:00+02:00,2026-06-03,19,45,3,2,6,-10.009999999999991,175.0,41376.498237,17526.98831,173.58,163.25,210.87,9928.32001,4303.7583,,,,164.99
2026-06-03 18:00:00+00:00,2026-06-03 20:00:00+02:00,2026-06-03,20,0,0,2,6,-6.670000000000016,152.9,42441.143714000005,16121.075820000002,162.59,150.42,187.75666666666663,9731.07752,3108.0783,,,,146.23
2026-06-03 18:15:00+00:00,2026-06-03 20:15:00+02:00,2026-06-03,20,15,1,2,6,-7.810000000000002,154.91,42499.159917,15377.77114,160.11,154.26,205.6800000000001,9943.57517,2087.08597,,,,147.1
2026-06-03 18:30:00+00:00,2026-06-03 20:30:00+02:00,2026-06-03,20,30,2,2,6,6.110000000000014,145.29,42881.40981,14837.9582,158.94,158.94,220.53666666666666,10159.24354,1259.66466,,,,151.4
2026-06-03 18:45:00+00:00,2026-06-03 20:45:00+02:00,2026-06-03,20,45,3,2,6,-14.189999999999998,162.09,42526.826838,14497.00881,154.89,166.42,233.75,10364.62115,646.16766,,,,147.9
2026-06-03 19:00:00+00:00,2026-06-03 21:00:00+02:00,2026-06-03,21,0,0,2,6,-8.990000000000009,160.52,41669.989298,14622.01648,160.99,165.88,232.24333333333337,10803.88401,245.29247,,,,151.53
2026-06-03 19:15:00+00:00,2026-06-03 21:15:00+02:00,2026-06-03,21,15,1,2,6,-6.1699999999999875,150.01,40221.662145,15510.56009,149.38,159.36,212.9433333333333,11543.66354,73.27655,,,,143.84
2026-06-03 19:30:00+00:00,2026-06-03 21:30:00+02:00,2026-06-03,21,30,2,2,6,-8.75,143.11,38295.040236999994,16541.52494,141.16,151.89,190.16000000000005,12318.20461,26.13033,,,,134.36
2026-06-03 19:45:00+00:00,2026-06-03 21:45:00+02:00,2026-06-03,21,45,3,2,6,-16.799999999999997,132.75,36527.346685,17622.06844,128.07,147.35,168.91666666666666,13114.48306,12.93538,,,,115.95
2026-06-03 20:00:00+00:00,2026-06-03 22:00:00+02:00,2026-06-03,22,0,0,2,6,-3.6200000000000045,139.12,34922.996053,18566.689319999998,144.64,159.14,190.29666666666662,13773.67932,0.0,,,,135.5
2026-06-03 20:15:00+00:00,2026-06-03 22:15:00+02:00,2026-06-03,22,15,1,2,6,-1.6200000000000045,127.45,32990.609318999996,19815.04286,136.01,153.45,167.4,14752.99286,,,,,125.83
2026-06-03 20:30:00+00:00,2026-06-03 22:30:00+02:00,2026-06-03,22,30,2,2,6,-26.689999999999998,117.73,30598.937906000003,21077.33684,131.49,150.0,152.61000000000004,15737.30684,,,,,91.04
2026-06-03 20:45:00+00:00,2026-06-03 22:45:00+02:00,2026-06-03,22,45,3,2,6,-15.700000000000003,111.2,28922.868862000003,22309.39419,127.28,138.1,141.76333333333332,16711.96419,,,,,95.5
2026-06-03 21:00:00+00:00,2026-06-03 23:00:00+02:00,2026-06-03,23,0,0,2,6,-29.28,115.97,26557.565817000002,23444.47283,135.54,151.6,152.18666666666664,17639.38283,,,,,86.69
2026-06-03 21:15:00+00:00,2026-06-03 23:15:00+02:00,2026-06-03,23,15,1,2,6,0.7000000000000028,108.8,24843.835900000002,24331.12727,121.17,144.63,142.43333333333337,18435.89727,,,,,109.5
2026-06-03 21:30:00+00:00,2026-06-03 23:30:00+02:00,2026-06-03,23,30,2,2,6,8.329999999999998,100.3,23263.249571,25209.71445,116.29,142.8,137.35666666666665,19218.05445,,,,,108.63
2026-06-03 21:45:00+00:00,2026-06-03 23:45:00+02:00,2026-06-03,23,45,3,2,6,10.370000000000005,82.41,21512.735466000002,26070.6476,112.9,137.65,131.44000000000003,19986.7576,,,,,92.78
2026-06-03 22:00:00+00:00,2026-06-04 00:00:00+02:00,2026-06-04,0,0,0,3,6,-20.099999999999994,100.55,17089.783373,29498.52048,123.3,139.98,140.35666666666663,23148.19048,0.0,,,,80.45
2026-06-03 22:15:00+00:00,2026-06-04 00:15:00+02:00,2026-06-04,0,15,1,3,6,-21.689999999999998,90.2,15561.706742999999,30062.21044,126.8,138.77,139.2266666666667,23710.44044,,,,,68.51
2026-06-03 22:30:00+00:00,2026-06-04 00:30:00+02:00,2026-06-04,0,30,2,3,6,-26.769999999999996,84.99,14319.932587,30611.61166,122.34,133.24,134.21333333333334,24269.34166,,,,,58.22
2026-06-03 22:45:00+00:00,2026-06-04 00:45:00+02:00,2026-06-04,0,45,3,3,6,-39.169999999999995,79.99,13087.668895000003,31146.17508,126.55,127.78,129.22,24803.31508,,,,,40.82
2026-06-03 23:00:00+00:00,2026-06-04 01:00:00+02:00,2026-06-04,1,0,0,3,6,-17.039999999999992,80.46,12141.595181999997,31597.64011,121.0,135.89,136.63333333333333,25295.13011,,,,,63.42
2026-06-03 23:15:00+00:00,2026-06-04 01:15:00+02:00,2026-06-04,1,15,1,3,6,-21.480000000000004,79.81,11496.095383,31876.6129,124.93,132.25,132.04999999999998,25571.1129,,,,,58.33
2026-06-03 23:30:00+00:00,2026-06-04 01:30:00+02:00,2026-06-04,1,30,2,3,6,-30.22,73.25,10915.798412,32150.8354,119.14,126.09,124.82333333333334,25846.3654,,,,,43.03
2026-06-03 23:45:00+00:00,2026-06-04 01:45:00+02:00,2026-06-04,1,45,3,3,6,-31.07,69.09,10487.762973,32386.30286,117.63,118.97,120.43000000000002,26084.26286,,,,,38.02
2026-06-04 00:00:00+00:00,2026-06-04 02:00:00+02:00,2026-06-04,2,0,0,3,6,-27.96999999999999,69.99,10114.767313000004,32477.50322,121.6,127.65,126.44333333333334,26177.15322,,,,,42.02
2026-06-04 00:15:00+00:00,2026-06-04 02:15:00+02:00,2026-06-04,2,15,1,3,6,-25.21,68.7,9835.568279,32496.605369999997,117.56,124.15,123.75999999999999,26234.07537,,,,,43.49
2026-06-04 00:30:00+00:00,2026-06-04 02:30:00+02:00,2026-06-04,2,30,2,3,6,-25.549999999999997,63.57,9632.349363000001,32543.57615,116.38,122.58,122.25333333333332,26305.42615,,,,,38.02
2026-06-04 00:45:00+00:00,2026-06-04 02:45:00+02:00,2026-06-04,2,45,3,3,6,-32.72,65.83,9591.33527,32524.315619999998,115.36,119.18,120.46666666666665,26380.37562,,,,,33.11
2026-06-04 01:00:00+00:00,2026-06-04 03:00:00+02:00,2026-06-04,3,0,0,3,6,-26.930000000000007,66.4,9508.167722999999,32537.77457,114.34,121.36,121.09666666666669,26413.35457,,,,,39.47
2026-06-04 01:15:00+00:00,2026-06-04 03:15:00+02:00,2026-06-04,3,15,1,3,6,-28.990000000000002,65.0,9392.575679999998,32369.38617,113.09,119.96,119.77666666666666,26257.95617,,,,,36.01
2026-06-04 01:30:00+00:00,2026-06-04 03:30:00+02:00,2026-06-04,3,30,2,3,6,-31.96,66.98,9465.887201000001,32193.77651,112.21,119.11,118.91333333333334,26097.43651,,,,,35.02
2026-06-04 01:45:00+00:00,2026-06-04 03:45:00+02:00,2026-06-04,3,45,3,3,6,-33.36,68.69,9586.751133999998,32005.3799,113.72,117.55,119.06333333333335,25923.9699,,,,,35.33
2026-06-04 02:00:00+00:00,2026-06-04 04:00:00+02:00,2026-06-04,4,0,0,3,6,-29.479999999999997,66.49,9824.994106999999,31818.05513,112.77,118.16,119.08666666666666,25752.57513,,,,,37.01
2026-06-04 02:15:00+00:00,2026-06-04 04:15:00+02:00,2026-06-04,4,15,1,3,6,-31.190000000000005,66.2,10086.159107,31567.402970000003,116.24,119.9,120.17,25537.34297,,,,,35.01
2026-06-04 02:30:00+00:00,2026-06-04 04:30:00+02:00,2026-06-04,4,30,2,3,6,-32.77,66.17,10383.503529999998,31347.43081,122.22,122.32,123.14333333333336,25327.60081,0.02,,,,33.4
2026-06-04 02:45:00+00:00,2026-06-04 04:45:00+02:00,2026-06-04,4,45,3,3,6,-31.990000000000002,70.0,10677.276003000003,31135.759649999996,120.77,123.95,124.80333333333336,25106.2584,17.54125,,,,38.01
2026-06-04 03:00:00+00:00,2026-06-04 05:00:00+02:00,2026-06-04,5,0,0,3,6,-37.690000000000005,64.12,11296.956854,30963.22809,115.75,124.81,121.14666666666665,24867.47782,87.93027,,,,26.43
2026-06-04 03:15:00+00:00,2026-06-04 05:15:00+02:00,2026-06-04,5,15,1,3,6,-40.36,68.59,11205.012346,30882.01916,120.99,122.98,125.62000000000002,24583.11876,277.9004,,,,28.23
2026-06-04 03:30:00+00:00,2026-06-04 05:30:00+02:00,2026-06-04,5,30,2,3,6,-44.24999999999999,73.07,11293.836372000005,30942.34497,122.73,124.25,129.20999999999998,24293.25839,617.95658,,,,28.82
2026-06-04 03:45:00+00:00,2026-06-04 05:45:00+02:00,2026-06-04,5,45,3,3,6,-38.99,72.0,12177.352507000003,31191.90999,126.37,126.37,133.9933333333333,24009.57169,1140.2683,,,,33.01
2026-06-04 04:00:00+00:00,2026-06-04 06:00:00+02:00,2026-06-04,6,0,0,3,6,-36.86,80.0,12223.985872000005,32133.927239999997,132.27,127.73,137.61333333333334,24212.57403,1875.52321,,,,43.14
2026-06-04 04:15:00+00:00,2026-06-04 06:15:00+02:00,2026-06-04,6,15,1,3,6,-35.95,85.09,11438.036468000006,32661.313459999998,139.15,135.47,143.20666666666668,23806.67844,2812.30502,,,,49.14
2026-06-04 04:30:00+00:00,2026-06-04 06:30:00+02:00,2026-06-04,6,30,2,3,6,-23.339999999999996,74.77,11397.523644,33362.80072,138.91,133.4,141.33666666666662,23394.7135,3928.45722,,,,51.43
2026-06-04 04:45:00+00:00,2026-06-04 06:45:00+02:00,2026-06-04,6,45,3,3,6,-36.18,88.47,10659.762439999999,34229.1717,139.03,124.0,137.83333333333334,22965.41881,5229.83289,,,,52.29
2026-06-04 05:00:00+00:00,2026-06-04 07:00:00+02:00,2026-06-04,7,0,0,3,6,-16.099999999999994,89.02,10565.478405999995,35218.56416,152.5,141.92,156.41666666666663,22471.56835,6719.04581,,,,72.92
2026-06-04 05:15:00+00:00,2026-06-04 07:15:00+02:00,2026-06-04,7,15,1,3,6,-11.260000000000005,79.26,10200.517114000002,36310.23298,144.02,137.12,146.73666666666668,21910.34741,8371.48557,,,,68.0
2026-06-04 05:30:00+00:00,2026-06-04 07:30:00+02:00,2026-06-04,7,30,2,3,6,-14.060000000000002,76.4,9746.121534999998,37459.6904,137.19,128.19,139.04666666666665,21310.47155,10121.00885,,,,62.34
2026-06-04 05:45:00+00:00,2026-06-04 07:45:00+02:00,2026-06-04,7,45,3,3,6,-23.400000000000006,78.73,9429.202575999996,38575.94662,129.06,120.02,131.20333333333332,20627.74712,11920.8795,,,,55.33
2026-06-04 06:00:00+00:00,2026-06-04 08:00:00+02:00,2026-06-04,8,0,0,3,6,-22.38000000000001,102.37,9119.325467000002,39780.98268,154.02,137.45,152.15666666666667,20039.57301,13740.88967,,,,79.99
2026-06-04 06:15:00+00:00,2026-06-04 08:15:00+02:00,2026-06-04,8,15,1,3,6,-6.320000000000007,70.01,8213.443199999994,41369.3337,137.99,129.86,141.28333333333336,19863.42882,15567.92488,,,,63.69
2026-06-04 06:30:00+00:00,2026-06-04 08:30:00+02:00,2026-06-04,8,30,2,3,6,-5.900000000000006,60.27,7281.99663300001,42940.37871999999,131.8,119.53,130.25999999999996,19800.07219,17369.68653,,,,54.37
2026-06-04 06:45:00+00:00,2026-06-04 08:45:00+02:00,2026-06-04,8,45,3,3,6,-19.64,45.82,6246.771099000005,44704.741599999994,119.41,108.29,116.63000000000004,19808.17788,19136.99372,,,,26.18
2026-06-04 07:00:00+00:00,2026-06-04 09:00:00+02:00,2026-06-04,9,0,0,3,6,0.25,49.99,4810.772043999998,46455.61308,123.02,121.98,131.76000000000002,19905.09426,20807.01882,,,,50.24
2026-06-04 07:15:00+00:00,2026-06-04 09:15:00+02:00,2026-06-04,9,15,1,3,6,-13.040000000000003,34.99,3727.454408999998,48241.68453,117.56,106.99,118.2333333333333,20142.07242,22373.45211,,,,21.95
2026-06-04 07:30:00+00:00,2026-06-04 09:30:00+02:00,2026-06-04,9,30,2,3,6,-12.809999999999999,20.54,2583.591570999997,49905.90928,111.19,96.01,108.24000000000001,20407.12707,23792.94221,,,,7.73
2026-06-04 07:45:00+00:00,2026-06-04 09:45:00+02:00,2026-06-04,9,45,3,3,6,-8.92,9.76,1575.4755280000027,51214.96251,96.9,90.88,97.94333333333331,20536.77416,24989.31835,,,,0.84
2026-06-04 08:00:00+00:00,2026-06-04 10:00:00+02:00,2026-06-04,10,0,0,3,6,-1.17,14.14,740.7293549999958,52246.4127,107.01,102.01,109.34666666666668,20612.93446,26035.51824,,,,12.97
2026-06-04 08:15:00+00:00,2026-06-04 10:15:00+02:00,2026-06-04,10,15,1,3,6,-5.02,5.0,-70.9563049999997,53184.16127,89.45,89.45,97.69333333333331,20642.5526,26989.11867,,,,-0.02
2026-06-04 08:30:00+00:00,2026-06-04 10:30:00+02:00,2026-06-04,10,30,2,3,6,-6.02,0.02,-488.42832500000804,53943.955700000006,89.0,87.21,95.46999999999996,20682.92003,27754.96567,,,,-6.0
2026-06-04 08:45:00+00:00,2026-06-04 10:45:00+02:00,2026-06-04,10,45,3,3,6,-9.97,0.0,-790.7407410000014,54516.9339,85.76,79.2,90.70999999999997,20714.49353,28342.44037,,,,-9.97
2026-06-04 09:00:00+00:00,2026-06-04 11:00:00+02:00,2026-06-04,11,0,0,3,6,-4.76,4.26,-1345.5505589999957,54947.94547,84.02,84.02,92.04666666666668,20753.83369,28777.59178,,,,-0.5
2026-06-04 09:15:00+00:00,2026-06-04 11:15:00+02:00,2026-06-04,11,15,1,3,6,-7.75,1.75,-1376.1489229999934,55217.435549999995,82.36,81.16,90.04000000000003,20748.2034,29114.63215,,,,-6.0
2026-06-04 09:30:00+00:00,2026-06-04 11:30:00+02:00,2026-06-04,11,30,2,3,6,-5.18,0.46,-1625.0235649999959,55485.53952,89.17,78.79,90.32333333333332,20781.96891,29405.75061,,,,-4.72
2026-06-04 09:45:00+00:00,2026-06-04 11:45:00+02:00,2026-06-04,11,45,3,3,6,2.3299999999999996,-0.01,-1860.746668000007,55787.942800000004,67.49,67.49,80.40333333333326,20830.22057,29727.76223,,,,2.32
2026-06-04 10:00:00+00:00,2026-06-04 12:00:00+02:00,2026-06-04,12,0,0,3,6,-5.6,5.6,-2423.273316000006,56053.03878,76.09,71.22,82.64,20904.38589,29926.76289,,,,0.0
2026-06-04 10:15:00+00:00,2026-06-04 12:15:00+02:00,2026-06-04,12,15,1,3,6,1.81,-1.82,-2782.795438000001,56077.0968,61.32,61.32,76.48666666666665,20989.26793,29919.98887,,,,-0.01
2026-06-04 10:30:00+00:00,2026-06-04 12:30:00+02:00,2026-06-04,12,30,2,3,6,-2.5,2.5,-2929.1787079999995,56098.12982,50.61,50.61,72.44666666666672,21099.69404,29875.30578,,,,0.0
2026-06-04 10:45:00+00:00,2026-06-04 12:45:00+02:00,2026-06-04,12,45,3,3,6,8.39,-3.4,-3111.6153019999983,56016.21009,40.66,40.66,68.86333333333332,21249.40769,29707.9724,,,,4.99
2026-06-04 11:00:00+00:00,2026-06-04 13:00:00+02:00,2026-06-04,13,0,0,3,6,4.6,0.4,-3462.8439449999933,55874.814979999996,51.86,51.86,74.39666666666672,21420.01629,29457.44869,,,,5.0
2026-06-04 11:15:00+00:00,2026-06-04 13:15:00+02:00,2026-06-04,13,15,1,3,6,3.1199999999999997,-0.05,-3302.983288999996,55631.279429999995,45.35,45.35,73.1666666666667,21629.28909,29072.26034,,,,3.07
2026-06-04 11:30:00+00:00,2026-06-04 13:30:00+02:00,2026-06-04,13,30,2,3,6,1.49,0.5,-3360.2485219999944,55363.011029999994,35.44,35.44,69.86000000000006,21917.60066,28576.95037,,,,1.99
2026-06-04 11:45:00+00:00,2026-06-04 13:45:00+02:00,2026-06-04,13,45,3,3,6,5.0200000000000005,-0.08,-3620.6506130000053,55127.68637,22.67,22.67,64.84666666666668,22362.4398,27964.34657,,,,4.94
2026-06-04 12:00:00+00:00,2026-06-04 14:00:00+02:00,2026-06-04,14,0,0,3,6,8.96,-5.01,-3523.6786990000037,55026.792140000005,27.76,27.76,66.69000000000001,22943.61388,27342.05826,,,,3.95
2026-06-04 12:15:00+00:00,2026-06-04 14:15:00+02:00,2026-06-04,14,15,1,3,6,3.01,-0.01,-3457.907456000001,54627.68039,33.04,33.04,69.9966666666667,23320.22459,26643.6158,,,,3.0
2026-06-04 12:30:00+00:00,2026-06-04 14:30:00+02:00,2026-06-04,14,30,2,3,6,6.41,-0.04,-3010.6804429999975,54053.684219999996,32.53,32.53,70.27666666666669,23554.61283,25917.77139,,,,6.37
2026-06-04 12:45:00+00:00,2026-06-04 14:45:00+02:00,2026-06-04,14,45,3,3,6,4.0,-0.01,-2543.9355820000055,53231.494340000005,36.31,36.31,75.82333333333335,23758.17377,24964.13057,,,,3.99
2026-06-04 13:00:00+00:00,2026-06-04 15:00:00+02:00,2026-06-04,15,0,0,3,6,7.890000000000001,-3.89,-1281.3275099999955,52228.44287,0.79,0.79,59.66000000000002,23923.15191,23856.13096,,,,4.0
2026-06-04 13:15:00+00:00,2026-06-04 15:15:00+02:00,2026-06-04,15,15,1,3,6,3.99,0.0,-494.3409890000039,51275.105800000005,19.0,19.0,69.38666666666667,24033.94272,22793.33308,,,,3.99
2026-06-04 13:30:00+00:00,2026-06-04 15:30:00+02:00,2026-06-04,15,30,2,3,6,-5.370000000000001,11.8,-6.503471000003628,50267.35212,30.77,30.77,77.03666666666665,24150.46826,21666.11386,,,,6.43
2026-06-04 13:45:00+00:00,2026-06-04 15:45:00+02:00,2026-06-04,15,45,3,3,6,3.0599999999999996,6.45,674.5483929999973,49212.34251,29.16,29.16,83.50333333333332,24289.16543,20482.82708,,,,9.51
2026-06-04 14:00:00+00:00,2026-06-04 16:00:00+02:00,2026-06-04,16,0,0,3,6,4.090000000000001,6.3,2074.9815089999975,48084.43221,32.34,32.34,73.87666666666668,24382.22164,19261.87057,,,,10.39
2026-06-04 14:15:00+00:00,2026-06-04 16:15:00+02:00,2026-06-04,16,15,1,3,6,2.639999999999999,14.67,3131.1660989999946,46888.04613,43.89,43.89,82.75333333333337,24377.90711,18053.54902,,,,17.31
2026-06-04 14:30:00+00:00,2026-06-04 16:30:00+02:00,2026-06-04,16,30,2,3,6,-0.7299999999999969,34.98,4905.091027000002,45705.12425,55.17,63.06,92.62,24322.65923,16915.77502,,,,34.25
2026-06-04 14:45:00+00:00,2026-06-04 16:45:00+02:00,2026-06-04,16,45,3,3,6,25.900000000000002,24.99,6034.569424000001,44399.98382,91.47,91.47,113.59666666666669,24211.0785,15708.16532,,,,50.89
2026-06-04 15:00:00+00:00,2026-06-04 17:00:00+02:00,2026-06-04,17,0,0,3,6,-16.01,37.06,8401.053391000001,43058.91441,70.03,70.03,96.43999999999998,24060.15869,14493.86572,,,,21.05
2026-06-04 15:15:00+00:00,2026-06-04 17:15:00+02:00,2026-06-04,17,15,1,3,6,-33.97,62.0,9552.607212000003,41647.65504,79.84,79.84,105.63666666666664,23829.57943,13281.37561,,,,28.03
2026-06-04 15:30:00+00:00,2026-06-04 17:30:00+02:00,2026-06-04,17,30,2,3,6,-18.5,84.13,11017.698700999994,40215.499760000006,90.02,103.95,116.82333333333334,23608.69813,12041.56163,,,,65.63
2026-06-04 15:45:00+00:00,2026-06-04 17:45:00+02:00,2026-06-04,17,45,3,3,6,-11.25,98.73,12427.377740000004,38874.08285,110.19,120.0,131.42333333333332,23408.46761,10792.24524,,,,87.48
2026-06-04 16:00:00+00:00,2026-06-04 18:00:00+02:00,2026-06-04,18,0,0,3,6,-5.010000000000005,74.4,15047.217544,37519.21389,107.06,107.06,117.58666666666666,23196.49215,9605.84174,,,,69.39
2026-06-04 16:15:00+00:00,2026-06-04 18:15:00+02:00,2026-06-04,18,15,1,3,6,-11.469999999999999,91.71,16240.121612000003,36270.94018,118.51,118.51,128.91000000000008,23037.65374,8459.84644,,,,80.24
2026-06-04 16:30:00+00:00,2026-06-04 18:30:00+02:00,2026-06-04,18,30,2,3,6,-9.25,102.14,17113.284266000002,35077.201519999995,122.31,132.42,141.1299999999999,22877.22339,7367.37813,,,,92.89
2026-06-04 16:45:00+00:00,2026-06-04 18:45:00+02:00,2026-06-04,18,45,3,3,6,-13.190000000000012,117.29,18029.321589,33939.25286,140.88,141.94,158.76666666666662,22718.74771,6337.63515,,,,104.1
2026-06-04 17:00:00+00:00,2026-06-04 19:00:00+02:00,2026-06-04,19,0,0,3,6,-15.009999999999991,110.05,19350.345246999997,32819.6872,122.95,131.03,140.41333333333333,22554.31698,5342.31022,,,,95.04
2026-06-04 17:15:00+00:00,2026-06-04 19:15:00+02:00,2026-06-04,19,15,1,3,6,-9.310000000000002,110.54,20464.622738,31770.527430000002,137.81,137.81,154.18000000000004,22426.11491,4382.00252,,,,101.23
2026-06-04 17:30:00+00:00,2026-06-04 19:30:00+02:00,2026-06-04,19,30,2,3,6,-2.289999999999992,113.1,21438.988527999998,30761.22031,144.68,145.7,173.66000000000005,22303.52376,3457.60655,,,,110.81
2026-06-04 17:45:00+00:00,2026-06-04 19:45:00+02:00,2026-06-04,19,45,3,3,6,0.4399999999999977,117.72,22342.444195000004,29829.29984,164.99,164.99,215.39000000000001,22180.08542,2619.91442,,,,118.16
2026-06-04 18:00:00+00:00,2026-06-04 20:00:00+02:00,2026-06-04,20,0,0,3,6,-2.569999999999993,114.27,23283.257082000004,29030.86827,146.23,146.23,188.26999999999995,22073.02748,1896.79079,,,,111.7
2026-06-04 18:15:00+00:00,2026-06-04 20:15:00+02:00,2026-06-04,20,15,1,3,6,5.930000000000007,112.21,23890.489614,28423.407619999998,147.1,152.39,205.71333333333345,21978.81923,1311.55839,,,,118.14
2026-06-04 18:30:00+00:00,2026-06-04 20:30:00+02:00,2026-06-04,20,30,2,3,6,1.5900000000000034,117.0,23782.259108,27943.151980000002,151.4,158.04,219.01,21892.72041,846.45157,,,,118.59
2026-06-04 18:45:00+00:00,2026-06-04 20:45:00+02:00,2026-06-04,20,45,3,3,6,-2.6199999999999903,121.3,23770.587507,27598.58798,147.9,158.45,230.23333333333332,21828.41504,496.59294,,,,118.68
2026-06-04 19:00:00+00:00,2026-06-04 21:00:00+02:00,2026-06-04,21,0,0,3,6,-0.060000000000002274,115.92,23632.937550000002,27450.321669999998,151.53,160.99,230.84000000000003,21855.29056,245.54111,,,,115.86
2026-06-04 19:15:00+00:00,2026-06-04 21:15:00+02:00,2026-06-04,21,15,1,3,6,-1.1999999999999886,114.35,23319.851573999997,27502.00216,143.84,154.65,209.33999999999995,21981.65123,104.00093,,,,113.15
2026-06-04 19:30:00+00:00,2026-06-04 21:30:00+02:00,2026-06-04,21,30,2,3,6,4.709999999999994,111.23,22684.282704999998,27631.79412,134.36,150.42,184.80666666666673,22101.171,44.87312,,,,115.94
2026-06-04 19:45:00+00:00,2026-06-04 21:45:00+02:00,2026-06-04,21,45,3,3,6,4.900000000000006,101.88,22199.705374000005,27786.457219999997,115.95,147.35,158.45000000000002,22210.16609,22.56113,,,,106.78
2026-06-04 20:00:00+00:00,2026-06-04 22:00:00+02:00,2026-06-04,22,0,0,3,6,3.769999999999996,116.0,22077.210503000002,27516.034789999998,135.5,159.14,182.41666666666666,21905.98479,0.0,,,,119.77
2026-06-04 20:15:00+00:00,2026-06-04 22:15:00+02:00,2026-06-04,22,15,1,3,6,7.030000000000001,108.9,21335.904943,27756.74733,125.83,153.45,158.19333333333336,22096.15733,,,,,115.93
2026-06-04 20:30:00+00:00,2026-06-04 22:30:00+02:00,2026-06-04,22,30,2,3,6,8.129999999999995,102.75,20565.324042,28004.3258,91.04,150.0,132.9566666666667,22296.7758,,,,,110.88
2026-06-04 20:45:00+00:00,2026-06-04 22:45:00+02:00,2026-06-04,22,45,3,3,6,4.509999999999991,97.56,19764.357558000003,28255.52179,95.5,138.1,127.56333333333332,22504.43179,,,,,102.07
2026-06-04 21:00:00+00:00,2026-06-04 23:00:00+02:00,2026-06-04,23,0,0,3,6,5.359999999999999,95.0,18719.694072000006,28497.417589999997,86.69,151.6,130.54999999999998,22701.74759,,,,,100.36
2026-06-04 21:15:00+00:00,2026-06-04 23:15:00+02:00,2026-06-04,23,15,1,3,6,8.459999999999994,91.54,17952.692813999998,28743.88208,109.5,144.63,130.72333333333336,22917.47208,,,,,100.0
2026-06-04 21:30:00+00:00,2026-06-04 23:30:00+02:00,2026-06-04,23,30,2,3,6,-9.070000000000007,99.31,17232.408406,28990.02443,108.63,142.8,125.96666666666665,23129.84443,,,,,90.24
2026-06-04 21:45:00+00:00,2026-06-04 23:45:00+02:00,2026-06-04,23,45,3,3,6,-2.4599999999999937,90.21,16511.087071999995,29232.590210000002,92.78,137.65,116.48333333333335,23339.94021,,,,,87.75
2026-06-04 22:00:00+00:00,2026-06-05 00:00:00+02:00,2026-06-05,0,0,0,4,6,30.059999999999988,93.68,15331.636948000003,29751.55546,80.45,133.95999999999998,116.43333333333332,23580.49546,0.0,,,,123.74
2026-06-04 22:15:00+00:00,2026-06-05 00:15:00+02:00,2026-06-05,0,15,1,4,6,28.769999999999996,80.73,14767.184706,29770.40898,68.51,132.9,112.7,23577.97898,,,,,109.5
2026-06-04 22:30:00+00:00,2026-06-05 00:30:00+02:00,2026-06-05,0,30,2,4,6,26.760000000000005,78.88,14444.454989999998,29784.059220000003,58.22,127.875,106.30333333333336,23571.13922,,,,,105.64
2026-06-04 22:45:00+00:00,2026-06-05 00:45:00+02:00,2026-06-05,0,45,3,4,6,23.150000000000006,74.99,13936.987715,29798.66443,40.82,127.16499999999999,98.38333333333334,23561.14443,,,,,98.14
2026-06-04 23:00:00+00:00,2026-06-05 01:00:00+02:00,2026-06-05,1,0,0,4,6,24.209999999999994,82.11,13627.229861,29773.973039999997,63.42,129.59,109.47333333333334,23528.19304,,,,,106.32
2026-06-04 23:15:00+00:00,2026-06-05 01:15:00+02:00,2026-06-05,1,15,1,4,6,26.78,79.21,13442.788911,29539.53083,58.33,128.59,105.92,23329.50083,,,,,105.99
2026-06-04 23:30:00+00:00,2026-06-05 01:30:00+02:00,2026-06-05,1,30,2,4,6,31.019999999999996,73.97,13509.775145000003,29303.76357,43.03,122.61500000000001,96.08666666666666,23125.48357,,,,,104.99
2026-06-04 23:45:00+00:00,2026-06-05 01:45:00+02:00,2026-06-05,1,45,3,4,6,28.909999999999997,75.0,13414.579198000003,29045.77707,38.02,118.3,91.54000000000002,22895.46707,,,,,103.91
2026-06-05 00:00:00+00:00,2026-06-05 02:00:00+02:00,2026-06-05,2,0,0,4,6,31.86999999999999,72.4,13522.693184,28709.282909999998,42.02,124.625,97.90000000000002,22595.64291,,,,,104.27
2026-06-05 00:15:00+00:00,2026-06-05 02:15:00+02:00,2026-06-05,2,15,1,4,6,25.689999999999998,71.54,13738.069227,28332.36943,43.49,120.855,95.06666666666666,22240.54943,,,,,97.23
2026-06-05 00:30:00+00:00,2026-06-05 02:30:00+02:00,2026-06-05,2,30,2,4,6,19.909999999999997,86.5,13981.305599,27952.83251,38.02,120.015,92.32666666666664,21891.39251,,,,,106.41
2026-06-05 00:45:00+00:00,2026-06-05 02:45:00+02:00,2026-06-05,2,45,3,4,6,15.230000000000004,91.39,14192.649879000004,27574.67288,33.11,117.27000000000001,89.21666666666665,21541.12288,,,,,106.62
2026-06-05 01:00:00+00:00,2026-06-05 03:00:00+02:00,2026-06-05,3,0,0,4,6,33.739999999999995,72.2,14575.250521000002,27183.58004,39.47,118.72999999999999,91.72333333333334,21188.63004,,,,,105.94
2026-06-05 01:15:00+00:00,2026-06-05 03:15:00+02:00,2026-06-05,3,15,1,4,6,27.92,75.0,15057.630867000003,26686.28831,36.01,117.495,89.68666666666667,20766.75831,,,,,102.92
2026-06-05 01:30:00+00:00,2026-06-05 03:30:00+02:00,2026-06-05,3,30,2,4,6,22.14,82.8,15560.251084,26171.33136,35.02,117.91,88.77999999999999,20330.13136,,,,,104.94
2026-06-05 01:45:00+00:00,2026-06-05 03:45:00+02:00,2026-06-05,3,45,3,4,6,31.39,76.81,16335.762833,25642.32997,35.33,116.77,88.86666666666667,19882.68997,,,,,108.2
2026-06-05 02:00:00+00:00,2026-06-05 04:00:00+02:00,2026-06-05,4,0,0,4,6,24.349999999999994,80.9,17138.626382000002,25123.20697,37.01,118.095,89.27,19447.05697,,,,,105.25
2026-06-05 02:15:00+00:00,2026-06-05 04:15:00+02:00,2026-06-05,4,15,1,4,6,19.17,86.8,17785.796157999997,24670.6878,35.01,119.355,90.02,19082.7178,,,,,105.97
2026-06-05 02:30:00+00:00,2026-06-05 04:30:00+02:00,2026-06-05,4,30,2,4,6,18.179999999999993,91.81,18697.210919,24221.834529999996,33.4,122.27,92.14666666666669,18720.75453,0.03,,,,109.99
2026-06-05 02:45:00+00:00,2026-06-05 04:45:00+02:00,2026-06-05,4,45,3,4,6,14.440000000000012,99.82,19473.985551999995,23780.281030000002,38.01,122.72,94.24333333333335,18363.01578,8.19525,,,,114.26
2026-06-05 03:00:00+00:00,2026-06-05 05:00:00+02:00,2026-06-05,5,0,0,4,6,16.27000000000001,89.99,20887.619889,23388.99467,26.43,122.015,87.13333333333333,18012.10527,56.5394,,,,106.26
2026-06-05 03:15:00+00:00,2026-06-05 05:15:00+02:00,2026-06-05,5,15,1,4,6,14.480000000000004,93.1,21006.226438,23105.0454,28.23,122.755,90.58333333333336,17690.13781,201.41759,,,,107.58
2026-06-05 03:30:00+00:00,2026-06-05 05:30:00+02:00,2026-06-05,5,30,2,4,6,17.459999999999994,94.2,21631.060547999998,22932.56015,28.82,123.49000000000001,91.93333333333332,17383.79969,442.03046,,,,111.66
2026-06-05 03:45:00+00:00,2026-06-05 05:45:00+02:00,2026-06-05,5,45,3,4,6,16.539999999999992,108.53,23293.420044000006,22918.083039999998,33.01,123.44,95.83999999999997,17077.69143,847.50161,,,,125.07
2026-06-05 04:00:00+00:00,2026-06-05 06:00:00+02:00,2026-06-05,6,0,0,4,6,8.469999999999999,114.19,24813.993146,23389.34607,43.14,127.16499999999999,101.04666666666667,17073.71328,1441.76279,,,,122.66
2026-06-05 04:15:00+00:00,2026-06-05 06:15:00+02:00,2026-06-05,6,15,1,4,6,8.39,113.08,23053.573652999996,23716.48095,49.14,127.255,107.92,16722.34547,2236.62548,,,,121.47
2026-06-05 04:30:00+00:00,2026-06-05 06:30:00+02:00,2026-06-05,6,30,2,4,6,6.969999999999999,117.7,23525.864104999997,24214.417900000004,51.43,123.94,107.9133333333333,16375.88231,3193.45559,,,,124.67
2026-06-05 04:45:00+00:00,2026-06-05 06:45:00+02:00,2026-06-05,6,45,3,4,6,8.039999999999992,115.12,23732.716382000002,24848.77309,52.29,115.97,105.10666666666667,16035.50216,4282.97093,,,,123.16
2026-06-05 05:00:00+00:00,2026-06-05 07:00:00+02:00,2026-06-05,7,0,0,4,6,5.549999999999997,126.11,23936.657925000003,25634.08727,72.92,130.14999999999998,122.44666666666662,15714.5829,5510.36437,,,,131.66
2026-06-05 05:15:00+00:00,2026-06-05 07:15:00+02:00,2026-06-05,7,15,1,4,6,1.8300000000000125,126.41,23804.340012999997,26764.46238,68.0,125.36,116.38,15565.1651,6883.99728,,,,128.24
2026-06-05 05:30:00+00:00,2026-06-05 07:30:00+02:00,2026-06-05,7,30,2,4,6,8.060000000000002,115.0,23534.870483,28012.05221,62.34,116.995,109.23999999999997,15409.17842,8378.37379,,,,123.06
2026-06-05 05:45:00+00:00,2026-06-05 07:45:00+02:00,2026-06-05,7,45,3,4,6,2.9099999999999966,112.36,23265.258180999997,29280.6964,55.33,106.00999999999999,101.46999999999998,15222.3239,9971.1725,,,,115.27
2026-06-05 06:00:00+00:00,2026-06-05 08:00:00+02:00,2026-06-05,8,0,0,4,6,6.049999999999997,121.68,22951.674678999996,30725.87223,79.99,123.57499999999999,123.82000000000001,15072.81623,11668.356,,,,127.73
2026-06-05 06:15:00+00:00,2026-06-05 08:15:00+02:00,2026-06-05,8,15,1,4,6,2.069999999999993,115.9,21903.442762,32426.59887,63.69,112.47,110.51333333333336,15043.23875,13463.29012,,,,117.97
2026-06-05 06:30:00+00:00,2026-06-05 08:30:00+02:00,2026-06-05,8,30,2,4,6,6.670000000000002,110.0,20739.972461000005,34191.26046,54.37,99.38,101.89999999999996,15041.99257,15302.60789,,,,116.67
2026-06-05 06:45:00+00:00,2026-06-05 08:45:00+02:00,2026-06-05,8,45,3,4,6,10.939999999999998,95.0,19503.489879,36012.70675,26.18,86.62,84.62666666666671,15051.76503,17181.76172,,,,105.94
2026-06-05 07:00:00+00:00,2026-06-05 09:00:00+02:00,2026-06-05,9,0,0,4,6,6.710000000000008,113.3,18023.922881000006,37775.85642,50.24,99.28999999999999,98.41333333333337,15039.15397,19022.78245,,,,120.01
2026-06-05 07:15:00+00:00,2026-06-05 09:15:00+02:00,2026-06-05,9,15,1,4,6,12.010000000000005,99.99,17210.109889,39256.27386,21.95,80.995,82.16666666666664,14749.82472,20850.00914,,,,112.0
2026-06-05 07:30:00+00:00,2026-06-05 09:30:00+02:00,2026-06-05,9,30,2,4,6,12.540000000000006,85.0,16000.755618000003,40750.35483,7.73,66.595,71.64333333333333,14463.22105,22666.84378,,,,97.54
2026-06-05 07:45:00+00:00,2026-06-05 09:45:00+02:00,2026-06-05,9,45,3,4,6,7.3799999999999955,73.53,14876.865794999998,42128.81908,0.84,54.489999999999995,62.87333333333331,14174.60874,24390.69034,,,,80.91
2026-06-05 08:00:00+00:00,2026-06-05 10:00:00+02:00,2026-06-05,10,0,0,4,6,20.200000000000003,84.53,13657.712668000007,43396.690969999996,12.97,62.17,73.99666666666667,13889.10911,26000.11186,,,,104.73
2026-06-05 08:15:00+00:00,2026-06-05 10:15:00+02:00,2026-06-05,10,15,1,4,6,23.97,65.0,12607.835769000005,44593.960999999996,-0.02,50.72,60.47999999999997,13634.58165,27519.88935,,,,88.97
2026-06-05 08:30:00+00:00,2026-06-05 10:30:00+02:00,2026-06-05,10,30,2,4,6,1.8500000000000085,75.66,11748.405927,45632.76617,-6.0,44.584999999999994,56.73666666666663,13384.82577,28878.9804,,,,77.51
2026-06-05 08:45:00+00:00,2026-06-05 10:45:00+02:00,2026-06-05,10,45,3,4,6,1.2900000000000063,71.08,11137.520754999998,46506.83174,-9.97,39.6,51.6633333333333,13135.50179,30074.97995,,,,72.37
2026-06-05 09:00:00+00:00,2026-06-05 11:00:00+02:00,2026-06-05,11,0,0,4,6,2.969999999999999,81.91,10323.898722999998,47216.969020000004,-0.5,42.475,56.43666666666669,12864.71233,31162.73669,,,,84.88
2026-06-05 09:15:00+00:00,2026-06-05 11:15:00+02:00,2026-06-05,11,15,1,4,6,35.550000000000004,44.99,9752.794820000003,47844.514259999996,-6.0,40.545,52.50666666666671,12586.91735,32138.92691,,,,80.54
2026-06-05 09:30:00+00:00,2026-06-05 11:30:00+02:00,2026-06-05,11,30,2,4,6,26.239999999999995,44.36,9257.452473999998,48376.80953,-4.72,39.790000000000006,54.41333333333332,12315.16381,33025.11572,,,,70.6
2026-06-05 09:45:00+00:00,2026-06-05 11:45:00+02:00,2026-06-05,11,45,3,4,6,30.569999999999993,35.0,8907.820071000002,48827.34197,2.32,34.904999999999994,48.80666666666661,12015.00521,33847.32676,,,,65.57
2026-06-05 10:00:00+00:00,2026-06-05 12:00:00+02:00,2026-06-05,12,0,0,4,6,26.779999999999994,39.1,8174.876139,49215.12943,0.0,35.66,49.10333333333333,11758.70088,34623.35855,,,,65.88
2026-06-05 10:15:00+00:00,2026-06-05 12:15:00+02:00,2026-06-05,12,15,1,4,6,12.369999999999997,45.78,7277.529968000003,49655.690839999996,-0.01,30.66,44.439999999999976,11540.59612,35329.18472,,,,58.15
2026-06-05 10:30:00+00:00,2026-06-05 12:30:00+02:00,2026-06-05,12,30,2,4,6,9.670000000000002,40.03,6876.075932,50032.50649,0.0,27.2,40.58666666666671,11320.13424,35975.57225,,,,49.7
2026-06-05 10:45:00+00:00,2026-06-05 12:45:00+02:00,2026-06-05,12,45,3,4,6,17.200000000000003,26.5,6334.344594000002,50249.15691,4.99,22.825,40.16666666666664,11103.55295,36459.70396,,,,43.7
2026-06-05 11:00:00+00:00,2026-06-05 13:00:00+02:00,2026-06-05,13,0,0,4,6,16.58,27.0,5747.3466469999985,50327.26193,5.0,28.43,44.29666666666672,10883.59001,36803.78192,,,,43.58
2026-06-05 11:15:00+00:00,2026-06-05 13:15:00+02:00,2026-06-05,13,15,1,4,6,18.549999999999997,23.89,5668.369925999999,50311.29529,3.07,24.21,42.81000000000004,10708.68811,36988.44718,,,,42.44
2026-06-05 11:30:00+00:00,2026-06-05 13:30:00+02:00,2026-06-05,13,30,2,4,6,5.93,33.73,5526.714315999998,50165.39866,1.99,18.715,39.860000000000056,10542.77336,37045.2953,,,,39.66
2026-06-05 11:45:00+00:00,2026-06-05 13:45:00+02:00,2026-06-05,13,45,3,4,6,6.460000000000001,24.59,5416.271976999997,49987.99826,4.94,13.805000000000001,37.013333333333335,10408.94963,37037.30863,,,,31.05
2026-06-05 12:00:00+00:00,2026-06-05 14:00:00+02:00,2026-06-05,14,0,0,4,6,4.490000000000002,25.47,5512.937666000005,49785.618039999994,3.95,15.855,37.26333333333336,10311.27883,36966.11921,,,,29.96
2026-06-05 12:15:00+00:00,2026-06-05 14:15:00+02:00,2026-06-05,14,15,1,4,6,4.32,24.71,5752.107078000001,49468.91616,3.0,18.02,39.973333333333365,10191.4279,36804.50826,,,,29.03
2026-06-05 12:30:00+00:00,2026-06-05 14:30:00+02:00,2026-06-05,14,30,2,4,6,13.649999999999999,18.0,6001.83382,49035.22989,6.37,19.45,41.47333333333335,10062.50999,36531.9199,,,,31.65
2026-06-05 12:45:00+00:00,2026-06-05 14:45:00+02:00,2026-06-05,14,45,3,4,6,3.5799999999999983,31.39,6271.990136,48455.15196,3.99,20.150000000000002,45.43333333333336,9915.76476,36133.6172,,,,34.97
2026-06-05 13:00:00+00:00,2026-06-05 15:00:00+02:00,2026-06-05,15,0,0,4,6,14.629999999999999,16.0,7193.028831999996,47724.48763,4.0,2.395,30.04000000000002,9764.22109,35587.64654,,,,30.63
2026-06-05 13:15:00+00:00,2026-06-05 15:15:00+02:00,2026-06-05,15,15,1,4,6,8.54,30.15,7627.549739000002,46939.259269999995,3.99,11.495000000000001,39.01,9601.85196,35010.91731,,,,38.69
2026-06-05 13:30:00+00:00,2026-06-05 15:30:00+02:00,2026-06-05,15,30,2,4,6,0.8699999999999974,44.96,8175.3681949999955,46055.5791,6.43,18.6,45.50333333333331,9434.99653,34336.14257,,,,45.83
2026-06-05 13:45:00+00:00,2026-06-05 15:45:00+02:00,2026-06-05,15,45,3,4,6,2.1199999999999974,52.89,8829.732674000006,45045.571149999996,9.51,19.335,49.98333333333331,9272.78859,33533.02256,,,,55.01
2026-06-05 14:00:00+00:00,2026-06-05 16:00:00+02:00,2026-06-05,16,0,0,4,6,4.030000000000001,45.97,10432.194523999991,43826.504360000006,10.39,21.365000000000002,45.63666666666668,9100.03916,32545.0152,,,,50.0
2026-06-05 14:15:00+00:00,2026-06-05 16:15:00+02:00,2026-06-05,16,15,1,4,6,2.4200000000000017,61.26,11999.824778999995,42348.54701,17.31,39.31,55.03000000000003,8833.83531,31412.9517,,,,63.68
2026-06-05 14:30:00+00:00,2026-06-05 16:30:00+02:00,2026-06-05,16,30,2,4,6,14.120000000000005,65.1,13483.833754000007,40734.01439,34.25,59.115,66.92333333333333,8571.3855,30134.50889,,,,79.22
2026-06-05 14:45:00+00:00,2026-06-05 16:45:00+02:00,2026-06-05,16,45,3,4,6,-14.460000000000008,103.56,15549.840593,38919.03667,50.89,85.83500000000001,89.2966666666667,8321.49522,28661.58145,,,,89.1
2026-06-05 15:00:00+00:00,2026-06-05 17:00:00+02:00,2026-06-05,17,0,0,4,6,4.810000000000002,72.27,18136.115134,36922.6768,21.05,64.845,68.79333333333331,8060.75542,27009.17138,,,,77.08
2026-06-05 15:15:00+00:00,2026-06-05 17:15:00+02:00,2026-06-05,17,15,1,4,6,8.789999999999992,91.2,20105.451541000002,34629.59304,28.03,79.11,77.34999999999997,7689.10506,25190.24798,,,,99.99
2026-06-05 15:30:00+00:00,2026-06-05 17:30:00+02:00,2026-06-05,17,30,2,4,6,2.5600000000000023,114.7,22157.614514999997,32186.8075,65.63,96.985,96.09666666666668,7308.52886,23234.98864,,,,117.26
2026-06-05 15:45:00+00:00,2026-06-05 17:45:00+02:00,2026-06-05,17,45,3,4,6,-1.5900000000000034,132.59,24927.928058,29662.40186,87.48,115.095,112.5833333333333,6937.86912,21183.58274,,,,131.0
2026-06-05 16:00:00+00:00,2026-06-05 18:00:00+02:00,2026-06-05,18,0,0,4,6,-4.22999999999999,109.99,28016.362097999998,27008.38162,69.39,106.23,102.05333333333333,6528.583,19052.96862,,,,105.76
2026-06-05 16:15:00+00:00,2026-06-05 18:15:00+02:00,2026-06-05,18,15,1,4,6,-0.09999999999999432,125.0,30593.497116000002,24233.87159,80.24,117.59,112.64666666666676,6050.29482,16861.82677,,,,124.9
2026-06-05 16:30:00+00:00,2026-06-05 18:30:00+02:00,2026-06-05,18,30,2,4,6,-11.909999999999997,149.41,33006.363405000004,21416.61464,92.89,127.365,122.39999999999992,5575.59085,14626.22379,,,,137.5
2026-06-05 16:45:00+00:00,2026-06-05 18:45:00+02:00,2026-06-05,18,45,3,4,6,-13.01000000000002,168.4,35670.017157999995,18626.091480000003,104.1,141.41,135.9766666666666,5100.87601,12422.27547,,,,155.39
2026-06-05 17:00:00+00:00,2026-06-05 19:00:00+02:00,2026-06-05,19,0,0,4,6,-2.7700000000000102,133.65,38188.5505,15968.736659999999,95.04,126.99000000000001,123.39666666666665,4632.19412,10336.16254,,,,130.88
2026-06-05 17:15:00+00:00,2026-06-05 19:15:00+02:00,2026-06-05,19,15,1,4,6,-0.21999999999999886,144.3,40720.179678,13508.77667,101.23,137.60500000000002,131.2566666666667,4212.81992,8385.99675,,,,144.08
2026-06-05 17:30:00+00:00,2026-06-05 19:30:00+02:00,2026-06-05,19,30,2,4,6,-2.079999999999984,158.07,42815.987479,11267.71786,110.81,145.19,140.66,3797.87975,6647.33811,,,,155.99
2026-06-05 17:45:00+00:00,2026-06-05 19:45:00+02:00,2026-06-05,19,45,3,4,6,-5.150000000000006,172.54,44848.290324,9261.58849,118.16,159.48000000000002,152.24333333333334,3389.05543,5129.43306,,,,167.39
2026-06-05 18:00:00+00:00,2026-06-05 20:00:00+02:00,2026-06-05,20,0,0,4,6,-9.789999999999992,164.88,46276.952881,7450.6249,111.7,145.45999999999998,140.17333333333326,2985.20859,3795.23631,,,,155.09
2026-06-05 18:15:00+00:00,2026-06-05 20:15:00+02:00,2026-06-05,20,15,1,4,6,-33.349999999999994,197.6,47267.16544,5984.81566,118.14,149.745,141.78333333333345,2731.06007,2628.62559,,,,164.25
2026-06-05 18:30:00+00:00,2026-06-05 20:30:00+02:00,2026-06-05,20,30,2,4,6,-14.360000000000014,189.02,48041.053625,4699.29902,118.59,157.01,142.97666666666666,2462.84465,1653.12437,,,,174.66
2026-06-05 18:45:00+00:00,2026-06-05 20:45:00+02:00,2026-06-05,20,45,3,4,6,-8.620000000000005,190.01,48577.754543,3599.03874,118.68,156.67,140.49,2159.10137,902.11737,,,,181.39
2026-06-05 19:00:00+00:00,2026-06-05 21:00:00+02:00,2026-06-05,21,0,0,4,6,-7.699999999999989,194.72,48990.509337,2782.81301,115.86,158.365,142.79333333333338,1897.96746,380.38555,,,,187.02
2026-06-05 19:15:00+00:00,2026-06-05 21:15:00+02:00,2026-06-05,21,15,1,4,6,-9.47999999999999,192.47,48859.341394,2387.51987,113.15,152.015,135.45666666666662,1771.1029,120.36697,,,,182.99
2026-06-05 19:30:00+00:00,2026-06-05 21:30:00+02:00,2026-06-05,21,30,2,4,6,-37.849999999999994,214.98,48503.302723,2208.1809399999997,115.94,145.79,130.48666666666676,1676.91635,41.89459,,,,177.13
2026-06-05 19:45:00+00:00,2026-06-05 21:45:00+02:00,2026-06-05,21,45,3,4,6,-8.680000000000007,180.34,48206.094185,2099.72995,106.78,137.70999999999998,116.93333333333334,1599.3101,20.09985,,,,171.66
2026-06-05 20:00:00+00:00,2026-06-05 22:00:00+02:00,2026-06-05,22,0,0,4,6,-3.7299999999999898,185.0,47544.396126,2009.1444700000002,119.77,151.89,133.3033333333333,1526.74447,0.0,,,,181.27
2026-06-05 20:15:00+00:00,2026-06-05 22:15:00+02:00,2026-06-05,22,15,1,4,6,-0.12000000000000455,170.99,46840.828731,1998.9464,115.93,144.73,125.92333333333335,1509.7364,,,,,170.87
2026-06-05 20:30:00+00:00,2026-06-05 22:30:00+02:00,2026-06-05,22,30,2,4,6,-0.12000000000000455,161.35,46205.196742,1986.90504,110.88,140.745,111.1366666666667,1493.79504,,,,,161.23
2026-06-05 20:45:00+00:00,2026-06-05 22:45:00+02:00,2026-06-05,22,45,3,4,6,-7.539999999999992,158.73,45693.461011,1979.26895,102.07,132.69,108.28333333333335,1479.73895,,,,,151.19
2026-06-05 21:00:00+00:00,2026-06-05 23:00:00+02:00,2026-06-05,23,0,0,4,6,7.710000000000008,157.39,44886.454996,1978.28116,100.36,143.57,107.52999999999999,1469.71116,,,,,165.1
2026-06-05 21:15:00+00:00,2026-06-05 23:15:00+02:00,2026-06-05,23,15,1,4,6,0.45000000000001705,153.92,44202.063551,1976.97352,100.0,132.9,110.22333333333336,1469.28352,,,,,154.37
2026-06-05 21:30:00+00:00,2026-06-05 23:30:00+02:00,2026-06-05,23,30,2,4,6,2.059999999999974,148.58,43575.427399,1980.35177,90.24,129.54500000000002,105.05333333333333,1468.54177,,,,,150.64
2026-06-05 21:45:00+00:00,2026-06-05 23:45:00+02:00,2026-06-05,23,45,3,4,6,-0.8900000000000148,141.99,42944.044705,1976.10736,87.75,125.275,97.81000000000002,1466.50736,,,,,141.1
2026-06-05 22:00:00+00:00,2026-06-06 00:00:00+02:00,2026-06-06,0,0,0,5,6,-17.50999999999999,164.04,42294.382624,1837.93849,123.74,127.94,109.1633333333333,1436.15849,0.0,,,,146.53
2026-06-05 22:15:00+00:00,2026-06-06 00:15:00+02:00,2026-06-06,0,15,1,5,6,-11.710000000000008,151.18,41869.990411,1828.6534299999998,109.5,127.03,101.60333333333335,1431.03343,,,,,139.47
2026-06-05 22:30:00+00:00,2026-06-06 00:30:00+02:00,2026-06-06,0,30,2,5,6,-8.449999999999989,144.01,41658.647173,1819.27639,105.64,122.51,95.40000000000002,1426.76639,,,,,135.56
2026-06-05 22:45:00+00:00,2026-06-06 00:45:00+02:00,2026-06-06,0,45,3,5,6,-2.3799999999999955,133.74,41249.070706,1809.6435,98.14,126.55,88.50333333333334,1423.3335,,,,,131.36
2026-06-05 23:00:00+00:00,2026-06-06 01:00:00+02:00,2026-06-06,1,0,0,5,6,-3.3300000000000125,139.9,40738.264858,1799.4863,106.32,123.29,96.91333333333334,1418.4763,,,,,136.57
2026-06-05 23:15:00+00:00,2026-06-06 01:15:00+02:00,2026-06-06,1,15,1,5,6,-2.0999999999999943,136.51,40324.218615000005,1790.1284500000002,105.99,124.93,96.41666666666667,1414.45845,,,,,134.41
2026-06-05 23:30:00+00:00,2026-06-06 01:30:00+02:00,2026-06-06,1,30,2,5,6,-2.890000000000015,134.8,40043.832596,1788.8609999999999,104.99,119.14,89.05333333333333,1415.521,,,,,131.91
2026-06-05 23:45:00+00:00,2026-06-06 01:45:00+02:00,2026-06-06,1,45,3,5,6,-18.789999999999992,149.0,39553.727025,1797.14363,103.91,117.63,86.52000000000002,1427.03363,,,,,130.21
2026-06-06 00:00:00+00:00,2026-06-06 02:00:00+02:00,2026-06-06,2,0,0,5,6,-9.330000000000013,140.4,39268.591331,1806.7173699999998,104.27,121.6,89.29666666666667,1439.87737,,,,,131.07
2026-06-06 00:15:00+00:00,2026-06-06 02:15:00+02:00,2026-06-06,2,15,1,5,6,-7.289999999999992,136.2,38942.724921999994,1797.32229,97.23,117.56,86.09333333333332,1430.53229,,,,,128.91
2026-06-06 00:30:00+00:00,2026-06-06 02:30:00+02:00,2026-06-06,2,30,2,5,6,-21.840000000000003,151.02,38755.365436,1785.1466500000001,106.41,117.45,86.93666666666665,1415.29665,,,,,129.18
2026-06-06 00:45:00+00:00,2026-06-06 02:45:00+02:00,2026-06-06,2,45,3,5,6,-5.699999999999989,132.54,38624.894997,1768.78387,106.62,115.36,85.02999999999999,1398.55387,,,,,126.84
2026-06-06 01:00:00+00:00,2026-06-06 03:00:00+02:00,2026-06-06,3,0,0,5,6,-12.11999999999999,130.01,38539.966837,1745.11992,105.94,116.1,86.58333333333333,1376.16992,,,,,117.89
2026-06-06 01:15:00+00:00,2026-06-06 03:15:00+02:00,2026-06-06,3,15,1,5,6,-16.36999999999999,132.38,38489.645807,1743.07557,102.92,115.03,84.00666666666667,1360.21557,,,,,116.01
2026-06-06 01:30:00+00:00,2026-06-06 03:30:00+02:00,2026-06-06,3,30,2,5,6,-32.78,147.53,38345.431851,1737.58967,104.94,116.71,84.05666666666666,1347.65967,,,,,114.75
2026-06-06 01:45:00+00:00,2026-06-06 03:45:00+02:00,2026-06-06,3,45,3,5,6,-16.58,130.07,38237.384678,1738.3410199999998,108.2,115.99,85.75000000000001,1333.29102,,,,,113.49
2026-06-06 02:00:00+00:00,2026-06-06 04:00:00+02:00,2026-06-06,4,0,0,5,6,0.789999999999992,129.47,38552.791355,1737.04516,105.25,118.03,85.00999999999999,1318.73516,,,,,130.26
2026-06-06 02:15:00+00:00,2026-06-06 04:15:00+02:00,2026-06-06,4,15,1,5,6,-1.1399999999999864,132.64,38680.969799,1771.23178,105.97,118.81,85.74000000000001,1329.47178,,,,,131.5
2026-06-06 02:30:00+00:00,2026-06-06 04:30:00+02:00,2026-06-06,4,30,2,5,6,-4.219999999999999,134.26,38432.725798,1803.31412,109.99,122.22,88.53666666666668,1340.83412,0.1,,,,130.04
2026-06-06 02:45:00+00:00,2026-06-06 04:45:00+02:00,2026-06-06,4,45,3,5,6,-4.97999999999999,134.39,38527.518830999994,1858.2911900000001,114.26,121.49,91.01333333333336,1353.46268,25.09851,,,,129.41
2026-06-06 03:00:00+00:00,2026-06-06 05:00:00+02:00,2026-06-06,5,0,0,5,6,-4.439999999999998,136.7,38612.212706000006,2004.6274,106.26,119.22,82.81333333333332,1365.05224,134.12516,,,,132.26
2026-06-06 03:15:00+00:00,2026-06-06 05:15:00+02:00,2026-06-06,5,15,1,5,6,-1.710000000000008,127.2,38300.948462,2378.08912,107.58,122.53,85.60000000000002,1402.37543,433.24369,,,,125.49
2026-06-06 03:30:00+00:00,2026-06-06 05:30:00+02:00,2026-06-06,5,30,2,5,6,-8.300000000000011,132.43,38040.935398,2953.6476000000002,111.66,122.73,87.73666666666664,1445.64445,933.42315,,,,124.13
2026-06-06 03:45:00+00:00,2026-06-06 05:45:00+02:00,2026-06-06,5,45,3,5,6,-15.069999999999993,132.1,37928.578086,3764.5049899999995,125.07,125.07,94.81666666666665,1499.12105,1657.59394,,,,117.03
2026-06-06 04:00:00+00:00,2026-06-06 06:00:00+02:00,2026-06-06,6,0,0,5,6,-22.280000000000015,139.8,38338.474921,4808.6883,122.66,126.6,99.35666666666667,1548.38356,2619.47474,,,,117.52
2026-06-06 04:15:00+00:00,2026-06-06 06:15:00+02:00,2026-06-06,6,15,1,5,6,-21.370000000000005,133.8,36153.700249999994,6087.50061,121.47,121.47,103.25333333333333,1615.32936,3797.45125,,,,112.43
2026-06-06 04:30:00+00:00,2026-06-06 06:30:00+02:00,2026-06-06,6,30,2,5,6,-23.239999999999995,130.32,34591.378986,7577.79893,124.67,124.67,105.00333333333329,1683.36442,5181.59451,,,,107.08
2026-06-06 04:45:00+00:00,2026-06-06 06:45:00+02:00,2026-06-06,6,45,3,5,6,-10.159999999999997,108.25,33734.302869,9302.33064,123.16,123.16,104.82666666666667,1751.62074,6805.5799,,,,98.09
2026-06-06 05:00:00+00:00,2026-06-06 07:00:00+02:00,2026-06-06,7,0,0,5,6,-9.760000000000005,122.79,32443.550972,11308.38838,131.66,131.66,119.02666666666664,1815.68257,8712.05581,,,,113.03
2026-06-06 05:15:00+00:00,2026-06-06 07:15:00+02:00,2026-06-06,7,15,1,5,6,-23.950000000000003,122.12,30742.170698,13493.865989999998,128.24,128.24,113.42,1788.5558,10914.03019,,,,98.17
2026-06-06 05:30:00+00:00,2026-06-06 07:30:00+02:00,2026-06-06,7,30,2,5,6,-28.870000000000005,113.56,29012.251084000003,15870.92009,123.06,123.06,107.52999999999997,1750.71566,13321.27443,,,,84.69
2026-06-06 05:45:00+00:00,2026-06-06 07:45:00+02:00,2026-06-06,7,45,3,5,6,-2.5900000000000034,76.8,27271.722781,18364.37677,115.27,115.27,99.88666666666666,1717.40244,15832.39433,,,,74.21
2026-06-06 06:00:00+00:00,2026-06-06 08:00:00+02:00,2026-06-06,8,0,0,5,6,-9.569999999999993,105.97,25266.839452999997,20850.37325,127.73,127.73,120.58000000000003,1657.58977,18378.18348,,,,96.4
2026-06-06 06:15:00+00:00,2026-06-06 08:15:00+02:00,2026-06-06,8,15,1,5,6,-20.10000000000001,103.4,23657.893399,23250.2538,117.97,117.97,106.55000000000003,1544.06652,20899.47728,,,,83.3
2026-06-06 06:30:00+00:00,2026-06-06 08:30:00+02:00,2026-06-06,8,30,2,5,6,-20.629999999999995,84.6,21974.223137,25536.45338,116.67,116.67,100.94666666666664,1439.24279,23335.21059,,,,63.97
2026-06-06 06:45:00+00:00,2026-06-06 08:45:00+02:00,2026-06-06,8,45,3,5,6,-30.120000000000005,78.12,20627.507093,27701.08169,105.94,105.94,83.84333333333338,1322.72517,25622.86652,,,,48.0
2026-06-06 07:00:00+00:00,2026-06-06 09:00:00+02:00,2026-06-06,9,0,0,5,6,-4.570000000000007,69.14,18882.071167,29704.95528,120.01,120.01,97.7566666666667,1216.40124,27746.12404,,,,64.57
2026-06-06 07:15:00+00:00,2026-06-06 09:15:00+02:00,2026-06-06,9,15,1,5,6,-28.5,72.0,17405.405882000003,31729.15905,112.0,106.99,83.83666666666664,1287.94987,29701.56918,,,,43.5
2026-06-06 07:30:00+00:00,2026-06-06 09:30:00+02:00,2026-06-06,9,30,2,5,6,-19.68,56.9,15991.988763000001,33547.843909999996,97.54,96.01,72.15333333333334,1360.11338,31456.97053,,,,37.22
2026-06-06 07:45:00+00:00,2026-06-06 09:45:00+02:00,2026-06-06,9,45,3,5,6,-32.22,40.7,15026.148108000001,35117.40264,80.91,80.91,59.54999999999998,1430.2443,32959.39834,,,,8.48
2026-06-06 08:00:00+00:00,2026-06-06 10:00:00+02:00,2026-06-06,10,0,0,5,6,-5.879999999999999,15.01,13537.442815999995,36471.15473,104.73,102.01,74.90333333333334,1509.95915,34237.10558,,,,9.13
2026-06-06 08:15:00+00:00,2026-06-06 10:15:00+02:00,2026-06-06,10,15,1,5,6,-16.509999999999998,18.43,12816.503084000004,37716.47358,88.97,88.97,59.46666666666663,1675.95266,35311.82092,,,,1.92
2026-06-06 08:30:00+00:00,2026-06-06 10:30:00+02:00,2026-06-06,10,30,2,5,6,-24.14,25.0,11489.075446999996,38804.52049,77.51,77.51,53.503333333333295,1878.71184,36188.48865,,,,0.86
2026-06-06 08:45:00+00:00,2026-06-06 10:45:00+02:00,2026-06-06,10,45,3,5,6,-27.27,20.0,11049.692975999998,39742.32505,72.37,72.37,49.386666666666635,2085.57724,36915.82781,,,,-7.27
2026-06-06 09:00:00+00:00,2026-06-06 11:00:00+02:00,2026-06-06,11,0,0,5,6,-7.46,5.01,10064.742266999994,40439.02406,84.88,84.02,56.13333333333335,2210.89571,37476.63835,,,,-2.45
2026-06-06 09:15:00+00:00,2026-06-06 11:15:00+02:00,2026-06-06,11,15,1,5,6,-12.09,5.26,9588.850174000007,40982.897229999995,80.54,80.54,52.30000000000004,2329.43184,37896.60539,,,,-6.83
2026-06-06 09:30:00+00:00,2026-06-06 11:30:00+02:00,2026-06-06,11,30,2,5,6,-7.87,0.01,9044.165697000004,41416.28814,70.6,70.6,51.683333333333316,2430.44801,38219.57013,,,,-7.86
2026-06-06 09:45:00+00:00,2026-06-06 11:45:00+02:00,2026-06-06,11,45,3,5,6,-10.82,0.0,8672.999190000002,41770.82793,65.57,65.57,45.12666666666661,2525.17615,38467.99178,,,,-10.82
2026-06-06 10:00:00+00:00,2026-06-06 12:00:00+02:00,2026-06-06,12,0,0,5,6,9.74,-17.87,8178.864406000001,42034.55412,65.88,65.88,47.32333333333333,2667.22316,38583.29096,,,,-8.13
2026-06-06 10:15:00+00:00,2026-06-06 12:15:00+02:00,2026-06-06,12,15,1,5,6,0.9399999999999995,-6.1,8265.767507000004,42117.19865,58.15,58.15,39.819999999999986,2796.32519,38526.60346,,,,-5.16
2026-06-06 10:30:00+00:00,2026-06-06 12:30:00+02:00,2026-06-06,12,30,2,5,6,16.86,-21.15,8014.711422,42173.6301,49.7,49.7,33.4366666666667,2942.05764,38425.85246,,,,-4.29
2026-06-06 10:45:00+00:00,2026-06-06 12:45:00+02:00,2026-06-06,12,45,3,5,6,1.17,-6.17,7809.008528999999,42148.64792,43.7,40.66,29.783333333333314,3102.69579,38231.69213,,,,-5.0
2026-06-06 11:00:00+00:00,2026-06-06 13:00:00+02:00,2026-06-06,13,0,0,5,6,-7.29,-0.01,7526.541860000005,42018.886679999996,43.58,43.58,33.480000000000054,3258.9099,37935.98678,,,,-7.3
2026-06-06 11:15:00+00:00,2026-06-06 13:15:00+02:00,2026-06-06,13,15,1,5,6,-9.26,-0.02,7675.083139999995,41772.371450000006,42.44,42.44,30.286666666666704,3436.14976,37515.28169,,,,-9.28
2026-06-06 11:30:00+00:00,2026-06-06 13:30:00+02:00,2026-06-06,13,30,2,5,6,-8.010000000000002,-0.04,7857.295196999992,41449.708490000005,39.66,35.44,25.696666666666726,3604.68291,37027.09558,,,,-8.05
2026-06-06 11:45:00+00:00,2026-06-06 13:45:00+02:00,2026-06-06,13,45,3,5,6,-5.64,-0.03,7758.163640999999,41094.84728,31.05,22.67,19.553333333333335,3790.33273,36487.55455,,,,-5.67
2026-06-06 12:00:00+00:00,2026-06-06 14:00:00+02:00,2026-06-06,14,0,0,5,6,5.539999999999999,-14.7,7809.593543000003,40701.15059,29.96,27.76,20.556666666666686,3959.87436,35927.31623,,,,-9.16
2026-06-06 12:15:00+00:00,2026-06-06 14:15:00+02:00,2026-06-06,14,15,1,5,6,-7.5,0.0,7848.367917999996,40192.84077,29.03,29.03,21.690000000000037,4125.20513,35260.67564,,,,-7.5
2026-06-06 12:30:00+00:00,2026-06-06 14:30:00+02:00,2026-06-06,14,30,2,5,6,-5.41,0.03,8025.014335,39674.15766,31.65,31.65,23.516666666666683,4293.44493,34589.74273,,,,-5.38
2026-06-06 12:45:00+00:00,2026-06-06 14:45:00+02:00,2026-06-06,14,45,3,5,6,-1.34,0.09,8564.253574000002,38931.6374,34.97,34.97,25.09000000000002,4492.97299,33653.69441,,,,-1.25
2026-06-06 13:00:00+00:00,2026-06-06 15:00:00+02:00,2026-06-06,15,0,0,5,6,11.82,-15.75,9242.924801000001,38120.85848,30.63,4.0,11.806666666666686,4734.84589,32607.93259,,,,-3.93
2026-06-06 13:15:00+00:00,2026-06-06 15:15:00+02:00,2026-06-06,15,15,1,5,6,1.91,-3.46,9780.120508,37290.20516,38.69,19.0,20.56,4946.8821,31569.80306,,,,-1.55
2026-06-06 13:30:00+00:00,2026-06-06 15:30:00+02:00,2026-06-06,15,30,2,5,6,-8.91,8.94,10554.330984,36351.18573,45.83,30.77,27.676666666666648,5104.75822,30475.44751,,,,0.03
2026-06-06 13:45:00+00:00,2026-06-06 15:45:00+02:00,2026-06-06,15,45,3,5,6,-11.780000000000001,20.89,11058.234047999998,35280.51253,55.01,29.16,31.22666666666665,5218.81012,29290.21241,,,,9.11
2026-06-06 14:00:00+00:00,2026-06-06 16:00:00+02:00,2026-06-06,16,0,0,5,6,-6.860000000000001,12.21,12780.827513000004,34081.23091,50.0,32.34,30.91,5354.36802,27958.69289,,,,5.35
2026-06-06 14:15:00+00:00,2026-06-06 16:15:00+02:00,2026-06-06,16,15,1,5,6,-1.9299999999999997,38.16,14281.877532000006,32793.58222,63.68,43.89,41.6266666666667,5419.07054,26596.55168,,,,36.23
2026-06-06 14:30:00+00:00,2026-06-06 16:30:00+02:00,2026-06-06,16,30,2,5,6,-7.369999999999997,57.41,16026.553009000003,31441.98306,79.22,63.06,56.21333333333334,5505.1532,25159.06986,,,,50.04
2026-06-06 14:45:00+00:00,2026-06-06 16:45:00+02:00,2026-06-06,16,45,3,5,6,-2.549999999999997,71.39,16878.019811,29942.78722,89.1,89.1,77.15333333333336,5588.78063,23573.38659,,,,68.84
2026-06-06 15:00:00+00:00,2026-06-06 17:00:00+02:00,2026-06-06,17,0,0,5,6,-8.29,63.72,19245.628485999998,28337.07141,77.08,70.03,56.053333333333306,5676.01575,21882.21566,,,,55.43
2026-06-06 15:15:00+00:00,2026-06-06 17:15:00+02:00,2026-06-06,17,15,1,5,6,-8.469999999999999,82.05,20725.229227,26598.58901,99.99,79.84,69.28666666666663,5657.65518,20154.71383,,,,73.58
2026-06-06 15:30:00+00:00,2026-06-06 17:30:00+02:00,2026-06-06,17,30,2,5,6,-4.109999999999999,99.69,22688.222912,24792.37084,117.26,103.95,90.97000000000003,5626.36629,18367.99455,,,,95.58
2026-06-06 15:45:00+00:00,2026-06-06 17:45:00+02:00,2026-06-06,17,45,3,5,6,3.0799999999999983,118.02,24972.553071000002,22952.5904,131.0,120.0,109.55666666666662,5582.56991,16569.99049,,,,121.1
2026-06-06 16:00:00+00:00,2026-06-06 18:00:00+02:00,2026-06-06,18,0,0,5,6,-7.780000000000001,110.99,27139.718676999997,21134.452980000002,105.76,105.76,94.07000000000001,5533.88034,14791.99264,,,,103.21
2026-06-06 16:15:00+00:00,2026-06-06 18:15:00+02:00,2026-06-06,18,15,1,5,6,-0.29999999999999716,116.0,29028.809372000003,19377.1553,124.9,118.51,107.8833333333334,5467.965,13055.2403,,,,115.7
2026-06-06 16:30:00+00:00,2026-06-06 18:30:00+02:00,2026-06-06,18,30,2,5,6,-6.88000000000001,129.43,30522.52859,17652.34822,137.5,132.42,117.5666666666666,5414.51513,11346.49309,,,,122.55
2026-06-06 16:45:00+00:00,2026-06-06 18:45:00+02:00,2026-06-06,18,45,3,5,6,6.47999999999999,127.03,32464.785006,16002.061380000001,155.39,141.94,133.4566666666666,5368.8104,9701.99098,,,,133.51
2026-06-06 17:00:00+00:00,2026-06-06 19:00:00+02:00,2026-06-06,19,0,0,5,6,1.039999999999992,122.95,34681.202434,14430.43391,130.88,130.88,116.29,5322.24941,8123.3845,,,,123.99
2026-06-06 17:15:00+00:00,2026-06-06 19:15:00+02:00,2026-06-06,19,15,1,5,6,-3.4399999999999977,135.01,36251.410021,13180.112079999999,144.08,137.81,127.7066666666667,5463.2014,6620.91068,,,,131.57
2026-06-06 17:30:00+00:00,2026-06-06 19:30:00+02:00,2026-06-06,19,30,2,5,6,-12.830000000000013,151.5,37355.717582,12057.14546,155.99,145.7,137.16000000000003,5614.38514,5240.51032,,,,138.67
2026-06-06 17:45:00+00:00,2026-06-06 19:45:00+02:00,2026-06-06,19,45,3,5,6,-2.969999999999999,147.53,38369.499171999996,11096.94888,167.39,164.99,150.17999999999998,5772.87989,4010.82899,,,,144.56
2026-06-06 18:00:00+00:00,2026-06-06 20:00:00+02:00,2026-06-06,20,0,0,5,6,-8.870000000000005,153.97,38900.7916,10298.48812,155.09,146.23,137.6733333333333,5953.69103,2917.16709,,,,145.1
2026-06-06 18:15:00+00:00,2026-06-06 20:15:00+02:00,2026-06-06,20,15,1,5,6,-14.900000000000006,160.0,39434.945509000005,9655.278709999999,164.25,152.39,143.16333333333344,6143.69658,1976.13213,,,,145.1
2026-06-06 18:30:00+00:00,2026-06-06 20:30:00+02:00,2026-06-06,20,30,2,5,6,-4.969999999999999,156.97,39360.368699,9203.34873,174.66,158.04,148.21666666666667,6335.47963,1226.8591,,,,152.0
2026-06-06 18:45:00+00:00,2026-06-06 20:45:00+02:00,2026-06-06,20,45,3,5,6,-17.54000000000002,170.33,39191.331218,8913.69493,181.39,158.45,149.32333333333335,6497.60484,665.67009,,,,152.79
2026-06-06 19:00:00+00:00,2026-06-06 21:00:00+02:00,2026-06-06,21,0,0,5,6,-22.900000000000006,175.68,38908.305319,8827.50283,187.02,160.99,151.47000000000006,6687.34631,288.60652,,,,152.78
2026-06-06 19:15:00+00:00,2026-06-06 21:15:00+02:00,2026-06-06,21,15,1,5,6,-13.029999999999973,160.39,38168.18472,9089.95515,182.99,154.65,146.65999999999997,7026.76998,98.17517,,,,147.36
2026-06-06 19:30:00+00:00,2026-06-06 21:30:00+02:00,2026-06-06,21,30,2,5,6,-3.3500000000000227,145.11,37345.331204999995,9518.64289,177.13,150.42,142.47666666666674,7413.0142,33.52869,,,,141.76
2026-06-06 19:45:00+00:00,2026-06-06 21:45:00+02:00,2026-06-06,21,45,3,5,6,-14.669999999999987,151.0,36647.647078999995,10005.10231,171.66,147.35,131.46333333333334,7820.53179,16.31052,,,,136.33
2026-06-06 20:00:00+00:00,2026-06-06 22:00:00+02:00,2026-06-06,22,0,0,5,6,-13.699999999999989,154.6,35853.045245,10460.7055,181.27,159.14,145.51333333333332,8199.9575,0.838,,,,140.9
2026-06-06 20:15:00+00:00,2026-06-06 22:15:00+02:00,2026-06-06,22,15,1,5,6,-6.730000000000018,145.68,34579.932913,11118.10876,170.87,153.45,137.54333333333335,8737.81876,0.0,,,,138.95
2026-06-06 20:30:00+00:00,2026-06-06 22:30:00+02:00,2026-06-06,22,30,2,5,6,-10.169999999999987,136.92,33378.749201,11776.06151,161.23,150.0,121.05000000000003,9274.43151,,,,,126.75
2026-06-06 20:45:00+00:00,2026-06-06 22:45:00+02:00,2026-06-06,22,45,3,5,6,-14.420000000000002,134.38,32244.366138999998,12413.13338,151.19,138.1,116.25333333333333,9794.47338,,,,,119.96
2026-06-06 21:00:00+00:00,2026-06-06 23:00:00+02:00,2026-06-06,23,0,0,5,6,-13.419999999999987,135.6,31078.428369,13010.798789999999,165.1,151.6,117.38333333333333,10285.39879,,,,,122.18
2026-06-06 21:15:00+00:00,2026-06-06 23:15:00+02:00,2026-06-06,23,15,1,5,6,-11.61,127.64,29990.286044000004,13542.690149999999,154.37,144.63,121.29000000000002,10706.31015,,,,,116.03
2026-06-06 21:30:00+00:00,2026-06-06 23:30:00+02:00,2026-06-06,23,30,2,5,6,-9.759999999999991,120.07,29067.378716,14074.61064,150.64,142.8,116.50333333333333,11135.43064,,,,,110.31
2026-06-06 21:45:00+00:00,2026-06-06 23:45:00+02:00,2026-06-06,23,45,3,5,6,-10.970000000000013,114.29,27999.049851000003,14620.39933,141.1,137.65,107.21000000000002,11585.88933,,,,,103.32
2026-06-06 22:00:00+00:00,2026-06-07 00:00:00+02:00,2026-06-07,0,0,0,6,6,-7.1499999999999915,120.63,27079.498542999998,15206.59445,146.53,133.95999999999998,116.90666666666664,11649.09445,0.0,-5.363999999999995,,,113.48
2026-06-06 22:15:00+00:00,2026-06-07 00:15:00+02:00,2026-06-07,0,15,1,6,6,-12.670000000000002,121.7,26091.66768,15698.63188,139.47,132.9,105.8266666666667,12044.11188,,-0.9690000000000026,,,109.03
2026-06-06 22:30:00+00:00,2026-06-07 00:30:00+02:00,2026-06-07,0,30,2,6,6,-24.730000000000004,132.68,25185.735160000004,16202.92752,135.56,127.875,99.80666666666669,12438.95752,,-1.430000000000001,,,107.95
2026-06-06 22:45:00+00:00,2026-06-07 00:45:00+02:00,2026-06-07,0,45,3,6,6,-5.909999999999997,109.39,24317.344922999997,16679.96228,131.36,127.16499999999999,90.10666666666668,12818.24228,,-2.309999999999996,,,103.48
2026-06-06 23:00:00+00:00,2026-06-07 01:00:00+02:00,2026-06-07,1,0,0,6,6,-9.439999999999998,114.45,23344.704411000002,17143.606649999998,136.57,129.59,102.10333333333334,13189.16665,,0.8249999999999943,,,105.01
2026-06-06 23:15:00+00:00,2026-06-07 01:15:00+02:00,2026-06-07,1,15,1,6,6,-8.36,108.8,22487.386346000003,17561.63356,134.41,128.59,99.57666666666667,13543.44356,,0.3380000000000017,,,100.44
2026-06-06 23:30:00+00:00,2026-06-07 01:30:00+02:00,2026-06-07,1,30,2,6,6,-8.429999999999993,104.3,21719.002248,17994.03107,131.91,122.61500000000001,93.31,13911.09107,,-1.2449999999999988,,,95.87
2026-06-06 23:45:00+00:00,2026-06-07 01:45:00+02:00,2026-06-07,1,45,3,6,6,-8.650000000000006,97.31,21043.480011,18438.637759999998,130.21,118.3,90.71333333333337,14291.96776,,-4.466000000000002,,,88.66
2026-06-07 00:00:00+00:00,2026-06-07 02:00:00+02:00,2026-06-07,2,0,0,6,6,0.21999999999999886,99.45,20454.16214,18855.42099,131.07,124.625,92.45333333333333,14637.17099,,0.761999999999999,,,99.67
2026-06-07 00:15:00+00:00,2026-06-07 02:15:00+02:00,2026-06-07,2,15,1,6,6,-2.6200000000000045,95.29,19523.238647000006,19273.888359999997,128.91,120.855,89.87666666666667,14960.56836,,-0.28999999999999987,,,92.67
2026-06-07 00:30:00+00:00,2026-06-07 02:30:00+02:00,2026-06-07,2,30,2,6,6,-0.769999999999996,90.77,19033.560005,19693.042840000002,129.18,120.015,91.20333333333332,15290.49284,,-3.0160000000000022,,,90.0
2026-06-07 00:45:00+00:00,2026-06-07 02:45:00+02:00,2026-06-07,2,45,3,6,6,-2.1299999999999955,86.25,18581.786437000002,20128.792999999998,126.84,117.27000000000001,88.85666666666664,15625.803,,-2.341999999999996,,,84.12
2026-06-07 01:00:00+00:00,2026-06-07 03:00:00+02:00,2026-06-07,3,0,0,6,6,-1.6599999999999966,91.2,18190.72043,20542.04804,117.89,116.995,87.76666666666667,15945.15804,,0.375,,,89.54
2026-06-07 01:15:00+00:00,2026-06-07 03:15:00+02:00,2026-06-07,3,15,1,6,6,-12.129999999999995,92.77,17680.645762,20922.4478,116.01,115.52000000000001,84.98,16216.0278,,-0.24299999999999572,,,80.64
2026-06-07 01:30:00+00:00,2026-06-07 03:30:00+02:00,2026-06-07,3,30,2,6,6,-10.579999999999998,86.23,17215.224074,21296.392490000002,114.75,115.72999999999999,84.90333333333334,16483.60249,,-4.6880000000000015,,,75.65
2026-06-07 01:45:00+00:00,2026-06-07 03:45:00+02:00,2026-06-07,3,45,3,6,6,-18.769999999999996,86.19,16933.700312000004,21666.92704,113.49,114.85499999999999,85.67333333333336,16756.58704,,-1.3039999999999992,,,67.42
2026-06-07 02:00:00+00:00,2026-06-07 04:00:00+02:00,2026-06-07,4,0,0,6,6,-7.030000000000001,75.03,16695.530099000003,22046.94691,130.26,118.095,90.83999999999999,17056.41691,,0.5299999999999947,,,68.0
2026-06-07 02:15:00+00:00,2026-06-07 04:15:00+02:00,2026-06-07,4,15,1,6,6,-26.069999999999993,86.21,16360.050291,22438.737869999997,131.5,119.355,90.82666666666667,17411.79787,,0.4369999999999997,,,60.14
2026-06-07 02:30:00+00:00,2026-06-07 04:30:00+02:00,2026-06-07,4,30,2,6,6,-11.709999999999994,65.21,16068.296166000004,22809.32478,130.04,122.27,91.14333333333336,17745.05478,0.08,-0.46500000000000413,,,53.5
2026-06-07 02:45:00+00:00,2026-06-07 04:45:00+02:00,2026-06-07,4,45,3,6,6,-13.93,58.0,15817.919558999994,23181.922570000002,129.41,122.72,93.89333333333336,18069.90132,14.53125,-1.3899999999999963,,,44.07
2026-06-07 03:00:00+00:00,2026-06-07 05:00:00+02:00,2026-06-07,5,0,0,6,6,-11.270000000000003,60.74,15743.293751000001,23566.50627,132.26,122.015,88.31666666666665,18370.51133,94.67494,-2.048000000000001,,,49.47
2026-06-07 03:15:00+00:00,2026-06-07 05:15:00+02:00,2026-06-07,5,15,1,6,6,-9.300000000000004,47.92,14924.771873000002,23949.12465,125.49,122.755,87.10000000000002,18561.02557,316.90908,-1.3379999999999996,,,38.62
2026-06-07 03:30:00+00:00,2026-06-07 05:30:00+02:00,2026-06-07,5,30,2,6,6,-48.470000000000006,75.37,15034.280443,24509.608089999998,124.13,123.43,88.2033333333333,18746.56125,722.26684,-2.089000000000002,,,26.9
2026-06-07 03:45:00+00:00,2026-06-07 05:45:00+02:00,2026-06-07,5,45,3,6,6,0.6500000000000004,11.28,15723.436083,25290.021419999997,117.03,122.78999999999999,91.7033333333333,18930.66481,1356.74661,-3.0450000000000026,,,11.93
2026-06-07 04:00:00+00:00,2026-06-07 06:00:00+02:00,2026-06-07,6,0,0,6,6,9.05,8.55,15442.348164999996,26478.41715,117.52,124.63,94.44,19295.01696,2234.80019,-5.299000000000004,,,17.6
2026-06-07 04:15:00+00:00,2026-06-07 06:15:00+02:00,2026-06-07,6,15,1,6,6,3.7800000000000002,5.11,12864.692817999996,27388.744720000002,112.43,120.255,94.34666666666668,19224.25547,3315.99925,-6.381999999999996,,,8.89
2026-06-07 04:30:00+00:00,2026-06-07 06:30:00+02:00,2026-06-07,6,30,2,6,6,-56.43,62.85,12243.348769000004,28434.31514,107.08,119.575,94.3933333333333,19120.48012,4573.31502,-4.659999999999998,,,6.42
2026-06-07 04:45:00+00:00,2026-06-07 06:45:00+02:00,2026-06-07,6,45,3,6,6,1.27,2.1,11593.826829999998,29617.09177,98.09,115.55,91.17999999999999,18972.42051,6018.34126,-6.157,,,3.37
2026-06-07 05:00:00+00:00,2026-06-07 07:00:00+02:00,2026-06-07,7,0,0,6,6,3.7800000000000002,1.84,10963.414104000003,30757.159079999998,113.03,125.02,105.86999999999996,18699.48927,7699.25981,-2.0609999999999986,,,5.62
2026-06-07 05:15:00+00:00,2026-06-07 07:15:00+02:00,2026-06-07,7,15,1,6,6,2.83,0.01,9819.54161,32419.72696,98.17,120.92,98.13666666666667,18459.60464,9626.68232,-2.694,,,2.84
2026-06-07 05:30:00+00:00,2026-06-07 07:30:00+02:00,2026-06-07,7,30,2,6,6,-44.370000000000005,44.7,8721.941797,34235.87117,84.69,114.43,90.02999999999997,18186.36764,11746.45353,-4.647999999999996,,,0.33
2026-06-07 05:45:00+00:00,2026-06-07 07:45:00+02:00,2026-06-07,7,45,3,6,6,-30.46,31.11,7453.678641000006,36110.80269,74.21,103.63499999999999,81.60333333333334,17850.53203,13983.25066,-2.492000000000013,,,0.65
2026-06-07 06:00:00+00:00,2026-06-07 08:00:00+02:00,2026-06-07,8,0,0,6,6,-7.41,11.07,8460.377621999993,35871.840800000005,96.4,118.715,101.37333333333335,17644.48327,16135.74753,-3.3370000000000006,,,3.66
2026-06-07 06:15:00+00:00,2026-06-07 08:15:00+02:00,2026-06-07,8,15,1,6,6,-0.020000000000000004,-0.05,7031.495757999997,38141.003970000005,83.3,106.525,88.32000000000001,17633.00895,18431.88502,-2.077999999999998,,,-0.07
2026-06-07 06:30:00+00:00,2026-06-07 08:30:00+02:00,2026-06-07,8,30,2,6,6,-0.56,0.01,5704.093583999995,40371.28488000001,63.97,97.95,78.33666666666663,17656.0354,20636.38948,-1.0909999999999997,,,-0.55
2026-06-07 06:45:00+00:00,2026-06-07 08:45:00+02:00,2026-06-07,8,45,3,6,6,-0.75,-2.04,4267.366977999998,42414.092860000004,48.0,85.445,60.04000000000004,17638.31038,22698.61248,-2.373000000000001,,,-2.79
2026-06-07 07:00:00+00:00,2026-06-07 09:00:00+02:00,2026-06-07,9,0,0,6,6,0.78,-1.3,2644.138181000002,44240.65021,64.57,98.305,78.27333333333337,17586.23317,24581.04704,-2.966000000000001,,,-0.52
2026-06-07 07:15:00+00:00,2026-06-07 09:15:00+02:00,2026-06-07,9,15,1,6,6,1.3900000000000001,-3.4,1803.2485009999946,45894.877140000004,43.5,80.995,59.14999999999998,17514.00887,26307.37827,-2.2679999999999976,,,-2.01
2026-06-07 07:30:00+00:00,2026-06-07 09:30:00+02:00,2026-06-07,9,30,2,6,6,2.82,-5.5,902.7006469999978,47398.33017,37.22,66.61500000000001,47.49666666666667,17466.98902,27858.59115,-0.5439999999999987,,,-2.68
2026-06-07 07:45:00+00:00,2026-06-07 09:45:00+02:00,2026-06-07,9,45,3,6,6,2.71,-10.0,526.2951610000018,48410.75711,8.48,49.504999999999995,30.07666666666665,17397.48951,28940.4976,-3.081000000000001,,,-7.29
2026-06-07 08:00:00+00:00,2026-06-07 10:00:00+02:00,2026-06-07,10,0,0,6,6,0.0,-4.99,-223.80597699999635,49390.581229999996,9.13,62.17,42.276666666666664,17299.01502,30010.86621,-0.22999999999999937,,,-4.99
2026-06-07 08:15:00+00:00,2026-06-07 10:15:00+02:00,2026-06-07,10,15,1,6,6,-3.7,-1.5,-804.4782720000003,50244.93986,1.92,50.48,30.289999999999964,17134.97898,31009.96088,-0.6559999999999983,,,-5.2
2026-06-07 08:30:00+00:00,2026-06-07 10:30:00+02:00,2026-06-07,10,30,2,6,6,-5.21,-1.55,-1024.0183610000095,50718.93490000001,0.86,39.735,24.123333333333296,16767.88359,31831.99131,-1.3100000000000005,,,-6.76
2026-06-07 08:45:00+00:00,2026-06-07 10:45:00+02:00,2026-06-07,10,45,3,6,6,4.170000000000002,-12.71,-909.6682500000024,51106.42818,-7.27,36.185,18.376666666666633,16421.00644,32549.70174,-1.273999999999999,,,-8.54
2026-06-07 09:00:00+00:00,2026-06-07 11:00:00+02:00,2026-06-07,11,0,0,6,6,3.040000000000001,-12.74,-1113.694868999999,51483.45598,-2.45,42.475,27.310000000000016,16157.39289,33173.77309,-5.634999999999999,,,-9.7
2026-06-07 09:15:00+00:00,2026-06-07 11:15:00+02:00,2026-06-07,11,15,1,6,6,-5.58,-5.0,-1353.056555999996,51842.84396,-6.83,40.23500000000001,22.57000000000004,15940.2517,33739.65226,0.7110000000000053,,,-10.58
2026-06-07 09:30:00+00:00,2026-06-07 11:30:00+02:00,2026-06-07,11,30,2,6,6,-1.9700000000000006,-8.11,-1426.0415100000027,52033.96177,-7.86,35.695,19.33999999999998,15674.6139,34214.26787,6.838000000000001,,,-10.08
2026-06-07 09:45:00+00:00,2026-06-07 11:45:00+02:00,2026-06-07,11,45,3,6,6,3.0600000000000005,-14.57,-1716.4373399999968,52244.50677,-10.82,33.94499999999999,19.023333333333273,15472.40389,34612.35288,7.330000000000001,,,-11.51
2026-06-07 10:00:00+00:00,2026-06-07 12:00:00+02:00,2026-06-07,12,0,0,6,6,2.0500000000000007,-14.99,-1837.4961630000034,52327.34676,-8.13,32.989999999999995,19.249999999999996,15207.31822,34947.27854,3.8949999999999987,,,-12.94
2026-06-07 10:15:00+00:00,2026-06-07 12:15:00+02:00,2026-06-07,12,15,1,6,6,0.9899999999999984,-19.0,-2218.190321000002,52238.94533,-5.16,29.075,17.659999999999982,14874.25944,35173.06589,3.950999999999999,,,-18.01
2026-06-07 10:30:00+00:00,2026-06-07 12:30:00+02:00,2026-06-07,12,30,2,6,6,-2.289999999999999,-15.0,-2400.8796959999963,52290.84736,-4.29,26.745,15.136666666666706,14638.96492,35442.05244,0.1610000000000019,,,-17.29
2026-06-07 10:45:00+00:00,2026-06-07 12:45:00+02:00,2026-06-07,12,45,3,6,6,-17.21,-1.74,-2605.6483820000067,52414.646810000006,-5.0,22.825,14.563333333333317,14457.48184,35727.90497,4.3169999999999975,,,-18.95
2026-06-07 11:00:00+00:00,2026-06-07 13:00:00+02:00,2026-06-07,13,0,0,6,6,4.16,-23.36,-3105.110768999999,52384.40507,-7.3,24.29,13.760000000000057,14206.00871,35928.62636,-0.030000000000001758,,,-19.2
2026-06-07 11:15:00+00:00,2026-06-07 13:15:00+02:00,2026-06-07,13,15,1,6,6,-14.38,-10.01,-2915.3314979999996,52198.78761,-9.28,22.755,12.076666666666704,13926.05489,36016.82272,0.2510000000000048,,,-24.39
2026-06-07 11:30:00+00:00,2026-06-07 13:30:00+02:00,2026-06-07,13,30,2,6,6,8.61,-40.11,-3006.5352499999935,52073.321899999995,-8.05,18.715,11.200000000000054,13736.70422,36070.76768,-2.738000000000002,,,-31.5
2026-06-07 11:45:00+00:00,2026-06-07 13:45:00+02:00,2026-06-07,13,45,3,6,6,9.950000000000003,-50.25,-3648.046800999997,51973.40083,-5.67,13.805000000000001,10.106666666666667,13613.41379,36081.38704,1.6169999999999987,,,-40.3
2026-06-07 12:00:00+00:00,2026-06-07 14:00:00+02:00,2026-06-07,14,0,0,6,6,-9.54,-24.78,-3712.6783819999982,51848.951929999996,-9.16,15.855,8.250000000000018,13510.51256,36047.54937,4.718000000000001,,,-34.32
2026-06-07 12:15:00+00:00,2026-06-07 14:15:00+02:00,2026-06-07,14,15,1,6,6,9.780000000000001,-45.43,-3832.488927999999,51598.23703,-7.5,16.015,8.176666666666705,13418.5429,35869.27413,-0.7880000000000011,,,-35.65
2026-06-07 12:30:00+00:00,2026-06-07 14:30:00+02:00,2026-06-07,14,30,2,6,6,11.030000000000001,-44.45,-3634.1705509999956,51406.02798,-5.38,19.009999999999998,10.880000000000019,13386.54193,35689.60605,2.252000000000002,,,-33.42
2026-06-07 12:45:00+00:00,2026-06-07 14:45:00+02:00,2026-06-07,14,45,3,6,6,13.57,-45.04,-3771.8582760000063,51024.94271,-1.25,19.48,12.57000000000002,13363.0798,35311.45291,-0.3440000000000015,,,-31.47
2026-06-07 13:00:00+00:00,2026-06-07 15:00:00+02:00,2026-06-07,15,0,0,6,6,15.93,-50.07,-3367.4473840000064,50776.108420000004,-3.93,2.395,10.233333333333352,13497.73521,34910.28321,1.8240000000000003,,,-34.14
2026-06-07 13:15:00+00:00,2026-06-07 15:15:00+02:00,2026-06-07,15,15,1,6,6,-1.1000000000000014,-24.59,-3365.4468940000006,50562.19667,-1.55,11.495000000000001,13.71,13685.47721,34500.82946,-1.8539999999999999,,,-25.69
2026-06-07 13:30:00+00:00,2026-06-07 15:30:00+02:00,2026-06-07,15,30,2,6,6,10.170000000000002,-31.78,-3692.499453000004,50352.33776,0.03,18.6,17.429999999999982,13979.80718,34008.36058,-5.17,,,-21.61
2026-06-07 13:45:00+00:00,2026-06-07 15:45:00+02:00,2026-06-07,15,45,3,6,6,6.07,-23.87,-3610.6967060000025,50102.35549,9.11,19.335,24.54333333333331,14352.16238,33376.59311,-7.190000000000002,,,-17.8
2026-06-07 14:00:00+00:00,2026-06-07 16:00:00+02:00,2026-06-07,16,0,0,6,6,11.29,-28.06,-2986.4508750000023,49755.296,5.35,21.365000000000002,21.91333333333333,14827.27661,32566.12939,-2.7939999999999987,,,-16.77
2026-06-07 14:15:00+00:00,2026-06-07 16:15:00+02:00,2026-06-07,16,15,1,6,6,-3.3100000000000005,-8.4,-2692.938764999999,49373.33112,36.23,40.06,39.07333333333337,15352.73093,31661.70019,-1.768,,,-11.71
2026-06-07 14:30:00+00:00,2026-06-07 16:30:00+02:00,2026-06-07,16,30,2,6,6,3.09,-12.79,-1732.3990630000044,48677.60377,50.04,59.115,54.50333333333334,15796.65756,30553.86621,-4.586999999999993,,,-9.7
2026-06-07 14:45:00+00:00,2026-06-07 16:45:00+02:00,2026-06-07,16,45,3,6,6,-19.71,16.1,-965.8641369999968,47951.80287,68.84,84.65,69.61000000000003,16321.66739,29304.27548,2.1029999999999998,,,-3.61
2026-06-07 15:00:00+00:00,2026-06-07 17:00:00+02:00,2026-06-07,17,0,0,6,6,8.03,-14.7,993.3437950000007,46842.75925,55.43,64.845,51.18666666666664,16647.96182,27869.53743,-1.6490000000000016,,,-6.67
2026-06-07 15:15:00+00:00,2026-06-07 17:15:00+02:00,2026-06-07,17,15,1,6,6,-6.96,-1.0,2137.357312,45335.24426,73.58,79.11,67.19999999999996,16833.30475,26207.82951,-7.536999999999997,,,-7.96
2026-06-07 15:30:00+00:00,2026-06-07 17:30:00+02:00,2026-06-07,17,30,2,6,6,-18.89,18.89,4100.076572999991,43519.731060000006,95.58,99.765,92.82333333333337,16995.22244,24268.58862,-6.120000000000002,,,0.0
2026-06-07 15:45:00+00:00,2026-06-07 17:45:00+02:00,2026-06-07,17,45,3,6,6,-8.68,16.55,6692.035486000001,41360.11969,121.1,120.55,113.19333333333329,17033.98246,22103.31723,-4.266999999999999,,,7.87
2026-06-07 16:00:00+00:00,2026-06-07 18:00:00+02:00,2026-06-07,18,0,0,6,6,16.27,0.05,7753.379803000003,41220.320479999995,103.21,105.58000000000001,92.78666666666668,16964.33875,20067.84173,-1.1539999999999992,,,16.32
2026-06-07 16:15:00+00:00,2026-06-07 18:15:00+02:00,2026-06-07,18,15,1,6,6,16.03,21.29,10802.856305000001,38565.14631,115.7,117.59,106.94666666666676,16733.07863,17721.07768,-3.5809999999999946,,,37.32
2026-06-07 16:30:00+00:00,2026-06-07 18:30:00+02:00,2026-06-07,18,30,2,6,6,1.0799999999999983,87.9,14079.009474999999,35588.70931,122.55,127.48499999999999,117.64666666666659,16207.55237,15346.12694,-6.167999999999999,,,88.98
2026-06-07 16:45:00+00:00,2026-06-07 18:45:00+02:00,2026-06-07,18,45,3,6,6,-3.969999999999999,115.97,17405.980382999995,32440.145490000003,133.51,141.41,130.99999999999991,15487.52359,13005.1419,-10.39100000000001,,,112.0
2026-06-07 17:00:00+00:00,2026-06-07 19:00:00+02:00,2026-06-07,19,0,0,6,6,16.129999999999995,78.62,20706.930565000002,29398.194389999997,123.99,127.435,116.63666666666667,14735.78623,10791.43816,-8.857000000000003,,,94.75
2026-06-07 17:15:00+00:00,2026-06-07 19:15:00+02:00,2026-06-07,19,15,1,6,6,5.759999999999991,107.43,23527.916438,26519.17993,131.57,137.60500000000002,125.62666666666671,13961.37736,8723.92257,-10.123000000000001,,,113.19
2026-06-07 17:30:00+00:00,2026-06-07 19:30:00+02:00,2026-06-07,19,30,2,6,6,-0.980000000000004,120.23,26218.508688,23877.79857,138.67,145.19,135.15666666666667,13184.94427,6897.4943,-8.827000000000002,,,119.25
2026-06-07 17:45:00+00:00,2026-06-07 19:45:00+02:00,2026-06-07,19,45,3,6,6,-18.560000000000002,148.12,28490.212539999997,21503.23604,144.56,159.48000000000002,143.36999999999998,12404.90684,5319.8492,-10.378999999999994,,,129.56
2026-06-07 18:00:00+00:00,2026-06-07 20:00:00+02:00,2026-06-07,20,0,0,6,6,26.510000000000005,99.75,30588.165218,19317.12589,145.1,145.665,137.29666666666662,11629.12967,3945.72622,-10.807000000000006,,,126.26
2026-06-07 18:15:00+00:00,2026-06-07 20:15:00+02:00,2026-06-07,20,15,1,6,6,3.3799999999999955,125.62,32117.530726999998,17433.218670000002,145.1,149.745,142.49666666666678,10974.92422,2759.76445,-12.184999999999999,,,129.0
2026-06-07 18:30:00+00:00,2026-06-07 20:30:00+02:00,2026-06-07,20,30,2,6,6,2.719999999999999,129.28,33447.565586,15679.017,152.0,157.01,148.41666666666666,10259.1118,1759.2752,-7.180999999999997,,,132.0
2026-06-07 18:45:00+00:00,2026-06-07 20:45:00+02:00,2026-06-07,20,45,3,6,6,4.02000000000001,135.06,34658.095392999996,14090.43473,152.79,156.67,150.95333333333335,9485.41215,973.14258,-18.865999999999996,,,139.08
2026-06-07 19:00:00+00:00,2026-06-07 21:00:00+02:00,2026-06-07,21,0,0,6,6,1.9000000000000057,133.35,35670.484127,12709.40238,152.78,158.365,151.88666666666668,8709.45136,419.02102,-2.2969999999999984,,,135.25
2026-06-07 19:15:00+00:00,2026-06-07 21:15:00+02:00,2026-06-07,21,15,1,6,6,1.1599999999999966,135.01,36220.731182999996,11786.12571,147.36,152.015,147.8333333333333,8111.5027,133.18301,-13.945999999999989,,,136.17
2026-06-07 19:30:00+00:00,2026-06-07 21:30:00+02:00,2026-06-07,21,30,2,6,6,-1.4699999999999989,141.3,36525.021017,11153.8277,141.76,146.08999999999997,144.9433333333334,7605.82474,40.34296,-11.063000000000008,,,139.83
2026-06-07 19:45:00+00:00,2026-06-07 21:45:00+02:00,2026-06-07,21,45,3,6,6,5.789999999999992,135.0,36780.371588,10633.19253,136.33,141.84,138.25666666666666,7149.46442,14.46811,-25.327999999999996,,,140.79
2026-06-07 20:00:00+00:00,2026-06-07 22:00:00+02:00,2026-06-07,22,0,0,6,6,1.8600000000000136,145.7,36920.296933,10083.97159,140.9,151.89,147.3133333333333,6635.43859,4.143,-2.405999999999999,,,147.56
2026-06-07 20:15:00+00:00,2026-06-07 22:15:00+02:00,2026-06-07,22,15,1,6,6,-0.09999999999999432,143.25,36635.095881999994,9796.25031,138.95,146.2,141.91666666666669,6358.84031,0.0,-5.5190000000000055,,,143.15
2026-06-07 20:30:00+00:00,2026-06-07 22:30:00+02:00,2026-06-07,22,30,2,6,6,1.9300000000000068,138.78,36402.736754,9523.05757,126.75,140.745,132.95333333333335,6092.46757,,-4.6839999999999975,,,140.71
2026-06-07 20:45:00+00:00,2026-06-07 22:45:00+02:00,2026-06-07,22,45,3,6,6,3.980000000000018,136.6,36217.956323000006,9249.98503,119.96,132.69,124.40666666666665,5830.34503,,-12.510000000000003,,,140.58
2026-06-07 21:00:00+00:00,2026-06-07 23:00:00+02:00,2026-06-07,23,0,0,6,6,0.010000000000019327,148.73,35824.469528999995,8979.731459999999,122.18,143.57,129.21333333333334,5563.44146,,-2.6209999999999996,,,148.74
2026-06-07 21:15:00+00:00,2026-06-07 23:15:00+02:00,2026-06-07,23,15,1,6,6,2.980000000000018,137.92,35481.113114,8786.73713,116.03,132.9,123.4666666666667,5357.95713,,-0.5089999999999975,,,140.9
2026-06-07 21:30:00+00:00,2026-06-07 23:30:00+02:00,2026-06-07,23,30,2,6,6,14.670000000000016,125.69,35240.268224,8584.927169999999,110.31,129.54500000000002,117.06333333333332,5152.25717,,-2.512000000000002,,,140.36
2026-06-07 21:45:00+00:00,2026-06-07 23:45:00+02:00,2026-06-07,23,45,3,6,6,-7.509999999999991,139.25,35073.604509000004,8393.58575,103.32,125.275,110.72333333333336,4950.19575,,-0.9850000000000023,,,131.74
