feature,selection_frequency,clean_selection_frequency,selected_folds,selected_clean_folds,mean_importance,median_importance,max_importance,mean_rank,best_rank,selected_pre_cap,prefilter_keep,prefilter_reason,non_missing_count,non_missing_fraction,unique_values,family_x,pool_x,base_signal_x,corr_prune_keep,corr_prune_reason,correlated_with,max_abs_corr_with_kept,univariate_abs_spearman,family_y,pool_y,base_signal_y,family,pool,base_signal,selected
residual_load_forecast_da_mw,1.0,1.0,8.0,8.0,0.1309142203344126,0.13413100812467738,0.13531313696377106,1.375,1.0,True,True,kept,39444,0.999974648244391,39361,da_forecast,forecast_level,residual_load_forecast_da_mw,True,first_ranked_feature,,0.0,0.8456422666951876,da_forecast,forecast_level,residual_load_forecast_da_mw,da_forecast,forecast_level,residual_load_forecast_da_mw,True
da_price_eur_mwh,1.0,1.0,8.0,8.0,0.11000107081951742,0.10925032214141547,0.1176779658710012,2.625,2.0,True,True,kept,39445,1.0,8079,da_price,market_history,da_price_eur_mwh,True,first_ranked_feature,,0.0,0.9026369820498312,da_price,market_history,da_price_eur_mwh,da_price,market_history,da_price_eur_mwh,True
renewable_total_forecast_da_mw,1.0,1.0,8.0,8.0,0.10337961193413786,0.10195452766274035,0.15668372354000704,3.25,1.0,True,True,kept,39445,1.0,39333,da_forecast,forecast_level,renewable_total_forecast_da_mw,True,kept,residual_load_forecast_da_mw,0.8007915719368038,0.6605561462655384,da_forecast,forecast_level,renewable_total_forecast_da_mw,da_forecast,forecast_level,renewable_total_forecast_da_mw,True
ida2_price_eur_mwh_lag_1d_same_local_qh,1.0,1.0,8.0,8.0,0.0839188425374167,0.08612862852764647,0.09209856508355505,4.375,3.0,True,True,kept,37425,0.9487894536696666,15423,ida2_history,market_history,ida2_price_eur_mwh,True,kept,da_price_eur_mwh,0.6873782378864338,0.7206959500880953,ida2_history,market_history,ida2_price_eur_mwh,ida2_history,market_history,ida2_price_eur_mwh,True
ida2_price_eur_mwh_rolling_median_14d_same_local_qh,1.0,1.0,8.0,8.0,0.08160684534567181,0.08439236165956154,0.1098902288614504,5.125,3.0,True,True,kept,37429,0.9488908606921029,13349,ida2_history,market_history,ida2_price_eur_mwh,True,kept,ida2_price_eur_mwh_lag_1d_same_local_qh,0.7363431133828269,0.7031043600617063,ida2_history,market_history,ida2_price_eur_mwh,ida2_history,market_history,ida2_price_eur_mwh,True
ida2_price_eur_mwh_rolling_mean_3d_same_local_qh,1.0,1.0,8.0,8.0,0.07712630954654584,0.07736195630740043,0.09794375946909557,4.75,3.0,True,True,kept,37333,0.9464570921536316,33626,ida2_history,market_history,ida2_price_eur_mwh,True,kept,ida2_price_eur_mwh_lag_1d_same_local_qh,0.862728838095498,0.6963701766692436,ida2_history,market_history,ida2_price_eur_mwh,ida2_history,market_history,ida2_price_eur_mwh,True
wind_onshore_forecast_da_mw,1.0,1.0,8.0,8.0,0.042160270462806466,0.04189403002137994,0.06690496291570522,7.75,7.0,True,True,kept,39440,0.9998732412219546,39171,da_forecast,forecast_level,wind_onshore_forecast_da_mw,True,kept,renewable_total_forecast_da_mw,0.541458207212767,0.29516225094031595,da_forecast,forecast_level,wind_onshore_forecast_da_mw,da_forecast,forecast_level,wind_onshore_forecast_da_mw,True
solar_forecast_da_mw,0.75,0.75,6.0,6.0,0.032347015363226636,0.03390061374770073,0.06477966363952598,31.75,6.0,True,True,kept,23063,0.5846875396121182,21591,da_forecast,forecast_level,solar_forecast_da_mw,True,kept,residual_load_forecast_da_mw,0.6099947921414489,0.6714833309965259,da_forecast,forecast_level,solar_forecast_da_mw,da_forecast,forecast_level,solar_forecast_da_mw,True
ida2_minus_da_spread_eur_mwh_rolling_mean_28d_same_local_qh,0.5,0.5,4.0,4.0,0.0201315973247083,0.01952897163899344,0.02251562691124402,11.0,9.0,False,True,kept,36757,0.9318544809228039,36263,ida2_history,market_history,ida2_minus_da_spread_eur_mwh,True,kept,ida2_price_eur_mwh_rolling_median_14d_same_local_qh,0.3474896626549488,0.26194446412403266,ida2_history,market_history,ida2_minus_da_spread_eur_mwh,ida2_history,market_history,ida2_minus_da_spread_eur_mwh,True
wind_offshore_da_forecast_error_mw_lag_2d_same_local_qh,0.5,0.5,4.0,4.0,0.017133409125207045,0.017821064038396853,0.033127238875687096,46.0,9.0,False,True,kept,36172,0.9170237038914945,35638,lagged_forecast_error,lagged_forecast_error,wind_offshore_da_forecast_error_mw,True,kept,wind_offshore_da_forecast_error_mw_rolling_median_3d_same_local_qh,0.6206569622671461,0.10566478506655665,lagged_forecast_error,lagged_forecast_error,wind_offshore_da_forecast_error_mw,lagged_forecast_error,lagged_forecast_error,wind_offshore_da_forecast_error_mw,True
wind_onshore_da_forecast_error_mw_lag_2d_same_local_qh,0.25,0.25,2.0,2.0,0.015827821823153645,0.012794781981646082,0.041232587582627905,56.375,8.0,False,True,kept,36172,0.9170237038914945,35889,lagged_forecast_error,lagged_forecast_error,wind_onshore_da_forecast_error_mw,True,kept,wind_onshore_id_forecast_error_mw_lag_2d_same_local_qh,0.7444629625439283,0.07547310675140695,lagged_forecast_error,lagged_forecast_error,wind_onshore_da_forecast_error_mw,lagged_forecast_error,lagged_forecast_error,wind_onshore_da_forecast_error_mw,True
residual_load_forecast_da_mw_lag_1d_same_local_qh,0.375,0.375,3.0,3.0,0.015950272302100953,0.008839327782313222,0.06587404430282572,48.0,4.0,False,True,kept,39440,0.9998732412219546,39360,da_forecast,forecast_level,residual_load_forecast_da_mw,True,kept,residual_load_forecast_da_mw,0.6270123354563022,0.5988070444906854,da_forecast,forecast_level,residual_load_forecast_da_mw,da_forecast,forecast_level,residual_load_forecast_da_mw,False
load_forecast_da_mw,0.375,0.375,3.0,3.0,0.015761146928625337,0.015244760543281194,0.022297139535767646,14.375,11.0,False,True,kept,39444,0.999974648244391,39230,da_forecast,forecast_level,load_forecast_da_mw,True,kept,total_generation_forecast_da_mw,0.7402663566993725,0.2740348658338649,da_forecast,forecast_level,load_forecast_da_mw,da_forecast,forecast_level,load_forecast_da_mw,False
solar_id_forecast_error_mw_rolling_mean_28d_same_local_qh,0.25,0.25,2.0,2.0,0.008561192190273213,0.005028385827631289,0.026446648279194254,59.125,8.0,False,True,kept,22921,0.5810875903156294,22816,lagged_forecast_error,lagged_forecast_error,solar_id_forecast_error_mw,True,kept,load_da_forecast_error_mw_rolling_median_7d_same_local_qh,0.38532250123710166,0.22787681532366036,lagged_forecast_error,lagged_forecast_error,solar_id_forecast_error_mw,lagged_forecast_error,lagged_forecast_error,solar_id_forecast_error_mw,False
wind_offshore_forecast_da_mw,0.25,0.25,2.0,2.0,0.00626462079991631,0.0,0.021934015798945068,64.5,10.0,False,True,kept,39437,0.9997971859551273,38121,da_forecast,forecast_level,wind_offshore_forecast_da_mw,True,kept,wind_onshore_forecast_da_mw,0.7290474590803043,0.19855943218911548,da_forecast,forecast_level,wind_offshore_forecast_da_mw,da_forecast,forecast_level,wind_offshore_forecast_da_mw,False
ida2_price_eur_mwh_rolling_std_3d_same_local_qh,0.125,0.125,1.0,1.0,0.014306173076213015,0.009665148584137397,0.043803347744982644,20.875,8.0,False,True,kept,37333,0.9464570921536316,37096,ida2_history,market_history,ida2_price_eur_mwh,True,kept,ida2_price_eur_mwh_rolling_std_7d_same_local_qh,0.6068536037031244,0.01595564983318093,ida2_history,market_history,ida2_price_eur_mwh,ida2_history,market_history,ida2_price_eur_mwh,False
load_da_forecast_error_mw_lag_2d_same_local_qh,0.125,0.125,1.0,1.0,0.009566145001327086,0.005753768610120391,0.037806149316863547,40.125,8.0,False,True,kept,36176,0.9171251109139308,36073,lagged_forecast_error,lagged_forecast_error,load_da_forecast_error_mw,True,kept,load_da_forecast_error_mw_rolling_mean_3d_same_local_qh,0.8923191386919562,0.3436789332068728,lagged_forecast_error,lagged_forecast_error,load_da_forecast_error_mw,lagged_forecast_error,lagged_forecast_error,load_da_forecast_error_mw,False
da_price_eur_mwh_lag_14d_same_local_qh,0.125,0.125,1.0,1.0,0.006742587328323581,0.0,0.019244745481264286,131.25,12.0,False,True,kept,37606,0.9533781214349094,8020,da_price,market_history,da_price_eur_mwh,True,kept,ida2_price_eur_mwh_lag_14d_same_local_qh,0.901032367743636,0.5700638629411388,da_price,market_history,da_price_eur_mwh,da_price,market_history,da_price_eur_mwh,False
ida2_minus_da_spread_eur_mwh_rolling_mean_7d_same_local_qh,0.0,0.0,0.0,0.0,0.015237345719897944,0.01598340647332535,0.017108646201343,13.625,11.0,False,True,kept,37717,0.9561921663075168,35527,ida2_history,market_history,ida2_minus_da_spread_eur_mwh,True,kept,ida2_minus_da_spread_eur_mwh_rolling_mean_28d_same_local_qh,0.8986152390964505,0.23582808867572372,ida2_history,market_history,ida2_minus_da_spread_eur_mwh,ida2_history,market_history,ida2_minus_da_spread_eur_mwh,False
ida2_minus_da_spread_eur_mwh_rolling_mean_3d_same_local_qh,0.0,0.0,0.0,0.0,0.012886595624922781,0.012718649611574942,0.01775464583419223,18.0,10.0,False,True,kept,37333,0.9464570921536316,31294,ida2_history,market_history,ida2_minus_da_spread_eur_mwh,True,kept,ida2_minus_da_spread_eur_mwh_rolling_mean_28d_same_local_qh,0.8179011277973135,0.2386190808541491,ida2_history,market_history,ida2_minus_da_spread_eur_mwh,ida2_history,market_history,ida2_minus_da_spread_eur_mwh,False
wind_onshore_da_forecast_error_mw_lag_1d_same_local_qh,0.0,0.0,0.0,0.0,0.011845882913458653,0.011834590010151342,0.01386167472182108,17.625,12.0,False,True,kept,36556,0.9267587780453796,36270,lagged_forecast_error,lagged_forecast_error,wind_onshore_da_forecast_error_mw,True,kept,wind_onshore_id_forecast_error_mw_lag_1d_same_local_qh,0.7432049894772764,0.037456279276327234,lagged_forecast_error,lagged_forecast_error,wind_onshore_da_forecast_error_mw,lagged_forecast_error,lagged_forecast_error,wind_onshore_da_forecast_error_mw,False
ida2_minus_da_spread_eur_mwh_lag_14d_same_local_qh,0.0,0.0,0.0,0.0,0.011371903124181792,0.010688027866934534,0.014239487461715338,18.5,14.0,False,True,kept,34922,0.8853340093801496,17497,ida2_history,market_history,ida2_minus_da_spread_eur_mwh,True,kept,ida2_minus_da_spread_eur_mwh_rolling_mean_28d_same_local_qh,0.7161409632311888,0.20422162488511378,ida2_history,market_history,ida2_minus_da_spread_eur_mwh,ida2_history,market_history,ida2_minus_da_spread_eur_mwh,False
ida2_price_eur_mwh_regime_vol_7d_over_28d,0.0,0.0,0.0,0.0,0.011137453482291768,0.01107029128507524,0.01672992585882564,21.125,15.0,False,True,kept,36565,0.9269869438458613,36565,regime_volatility,regime,ida2_price_eur_mwh,True,kept,ida2_price_eur_mwh_regime_mean_shift_7d_vs_28d_z,0.1242514842535472,0.08110194401596026,regime_volatility,regime,ida2_price_eur_mwh,regime_volatility,regime,ida2_price_eur_mwh,False
ida2_price_eur_mwh_rolling_std_7d_same_local_qh,0.0,0.0,0.0,0.0,0.010605355988157759,0.012595883931197854,0.015279585580972501,43.75,15.0,False,True,kept,37717,0.9561921663075168,37699,ida2_history,market_history,ida2_price_eur_mwh,True,kept,ida2_price_eur_mwh_rolling_std_14d_same_local_qh,0.7538132834556085,0.04924698755868368,ida2_history,market_history,ida2_price_eur_mwh,ida2_history,market_history,ida2_price_eur_mwh,False
da_price_eur_mwh_rolling_std_28d_same_local_qh,0.0,0.0,0.0,0.0,0.008301283397861525,0.010176008670452378,0.013764859154433378,66.75,13.0,False,True,kept,39445,1.0,39173,da_price,market_history,da_price_eur_mwh,True,kept,ida2_price_eur_mwh_rolling_std_28d_same_local_qh,0.8475273193114672,0.069082657449398,da_price,market_history,da_price_eur_mwh,da_price,market_history,da_price_eur_mwh,False
ida2_price_eur_mwh_lag_7d_same_local_qh,0.0,0.0,0.0,0.0,0.00795897907349137,0.008513432668543692,0.011612040055610463,27.0,19.0,False,True,kept,35505,0.9001140829002409,15085,ida2_history,market_history,ida2_price_eur_mwh,True,kept,ida2_price_eur_mwh_rolling_median_14d_same_local_qh,0.7882792770427732,0.5904112326172359,ida2_history,market_history,ida2_price_eur_mwh,ida2_history,market_history,ida2_price_eur_mwh,False
ida2_minus_da_spread_eur_mwh_lag_1d_same_local_qh,0.0,0.0,0.0,0.0,0.007353373056571771,0.007071000552739899,0.009941336423710192,28.75,20.0,False,True,kept,37418,0.9486119913804031,18133,ida2_history,market_history,ida2_minus_da_spread_eur_mwh,True,kept,ida2_minus_da_spread_eur_mwh_rolling_mean_3d_same_local_qh,0.8109001886429538,0.225733726726148,ida2_history,market_history,ida2_minus_da_spread_eur_mwh,ida2_history,market_history,ida2_minus_da_spread_eur_mwh,False
da_price_eur_mwh_lag_1d_same_local_qh,0.0,0.0,0.0,0.0,0.006472455682082295,0.007770467858105559,0.014210228633738543,85.875,17.0,False,True,kept,39433,0.9996957789326911,8126,da_price,market_history,da_price_eur_mwh,True,kept,ida2_price_eur_mwh_lag_1d_same_local_qh,0.9023972735500224,0.6647836978384374,da_price,market_history,da_price_eur_mwh,da_price,market_history,da_price_eur_mwh,False
ida2_price_eur_mwh_rolling_std_14d_same_local_qh,0.0,0.0,0.0,0.0,0.006408872103273209,0.007672772908681513,0.009199685468522937,51.625,25.0,False,True,kept,37429,0.9488908606921029,37407,ida2_history,market_history,ida2_price_eur_mwh,True,kept,ida2_price_eur_mwh_rolling_std_28d_same_local_qh,0.8286228681907094,0.10020408534464888,ida2_history,market_history,ida2_price_eur_mwh,ida2_history,market_history,ida2_price_eur_mwh,False
wind_onshore_id_forecast_error_mw_lag_2d_same_local_qh,0.0,0.0,0.0,0.0,0.005885141810321062,0.0064157037419161796,0.013885761788172055,69.0,12.0,False,True,kept,36177,0.9171504626695398,35688,lagged_forecast_error,lagged_forecast_error,wind_onshore_id_forecast_error_mw,True,kept,wind_onshore_id_forecast_error_mw_rolling_median_3d_same_local_qh,0.6580471852125918,0.091649546864201,lagged_forecast_error,lagged_forecast_error,wind_onshore_id_forecast_error_mw,lagged_forecast_error,lagged_forecast_error,wind_onshore_id_forecast_error_mw,False
ida2_minus_da_spread_eur_mwh_lag_7d_same_local_qh,0.0,0.0,0.0,0.0,0.005834660277662934,0.006093100008062694,0.007301605322865096,32.125,27.0,False,True,kept,35498,0.8999366206109773,17648,ida2_history,market_history,ida2_minus_da_spread_eur_mwh,True,kept,ida2_minus_da_spread_eur_mwh_rolling_mean_7d_same_local_qh,0.7508020155843106,0.17032604744430732,ida2_history,market_history,ida2_minus_da_spread_eur_mwh,ida2_history,market_history,ida2_minus_da_spread_eur_mwh,False
wind_onshore_forecast_revision_id_minus_da_mw_lag_1d_same_local_qh,0.0,0.0,0.0,0.0,0.005766238277706391,0.007021592314705718,0.011957751923943861,40.875,20.0,False,True,kept,39436,0.9997718341995183,38645,forecast_revision,forecast_revision,wind_onshore_forecast_revision_id_minus_da_mw,True,kept,residual_load_revision_id_minus_da_approx_mw_rolling_mean_3d_same_local_qh,0.44950206859581626,0.027843330764539882,forecast_revision,forecast_revision,wind_onshore_forecast_revision_id_minus_da_mw,forecast_revision,forecast_revision,wind_onshore_forecast_revision_id_minus_da_mw,False
da_price_eur_mwh_rolling_std_3d_same_local_qh,0.0,0.0,0.0,0.0,0.00563685601923052,0.005405137202050071,0.015679397772170738,96.375,17.0,False,True,kept,39445,1.0,36829,da_price,market_history,da_price_eur_mwh,True,kept,ida2_price_eur_mwh_rolling_std_3d_same_local_qh,0.8092082912380127,6.366655686577235e-05,da_price,market_history,da_price_eur_mwh,da_price,market_history,da_price_eur_mwh,False
wind_offshore_forecast_revision_id_minus_da_mw_lag_2d_same_local_qh,0.0,0.0,0.0,0.0,0.0051626374216998516,0.007670065239744613,0.008732144254603889,66.125,23.0,False,True,kept,39420,0.9993662061097731,37244,forecast_revision,forecast_revision,wind_offshore_forecast_revision_id_minus_da_mw,True,kept,wind_total_forecast_revision_id_minus_da_mw_lag_2d_same_local_qh,0.5289051577128568,0.0187920067396385,forecast_revision,forecast_revision,wind_offshore_forecast_revision_id_minus_da_mw,forecast_revision,forecast_revision,wind_offshore_forecast_revision_id_minus_da_mw,False
da_price_eur_mwh_regime_vol_7d_over_28d,0.0,0.0,0.0,0.0,0.0050830676032826705,0.0055114035443199864,0.010341726926127351,78.25,19.0,False,True,kept,39445,1.0,39284,regime_volatility,regime,da_price_eur_mwh,True,kept,ida2_price_eur_mwh_regime_vol_7d_over_28d,0.7299739118110261,0.04597051530715674,regime_volatility,regime,da_price_eur_mwh,regime_volatility,regime,da_price_eur_mwh,False
load_da_forecast_error_mw_lag_1d_same_local_qh,0.0,0.0,0.0,0.0,0.005012275928954111,0.004940927367582382,0.006619904145603715,35.0,30.0,False,True,kept,36560,0.926860185067816,36456,lagged_forecast_error,lagged_forecast_error,load_da_forecast_error_mw,True,kept,load_da_forecast_error_mw_rolling_mean_3d_same_local_qh,0.851436271118326,0.3620290676555116,lagged_forecast_error,lagged_forecast_error,load_da_forecast_error_mw,lagged_forecast_error,lagged_forecast_error,load_da_forecast_error_mw,False
wind_offshore_da_forecast_error_mw_lag_1d_same_local_qh,0.0,0.0,0.0,0.0,0.004966409993641252,0.005079294102964351,0.0082807197359785,46.625,24.0,False,True,kept,36556,0.9267587780453796,36012,lagged_forecast_error,lagged_forecast_error,wind_offshore_da_forecast_error_mw,True,kept,wind_offshore_da_forecast_error_mw_rolling_mean_3d_same_local_qh,0.6023224631622901,0.12128089743619723,lagged_forecast_error,lagged_forecast_error,wind_offshore_da_forecast_error_mw,lagged_forecast_error,lagged_forecast_error,wind_offshore_da_forecast_error_mw,False
load_da_forecast_error_mw_rolling_std_3d_same_local_qh,0.0,0.0,0.0,0.0,0.0049340939145238166,0.004033974344612738,0.012300010839290977,102.5,19.0,False,True,kept,37141,0.9415895550766891,37141,lagged_forecast_error,lagged_forecast_error,load_da_forecast_error_mw,True,kept,load_da_forecast_error_mw_rolling_std_14d_same_local_qh,0.33082968481092034,0.0762927088224719,lagged_forecast_error,lagged_forecast_error,load_da_forecast_error_mw,lagged_forecast_error,lagged_forecast_error,load_da_forecast_error_mw,False
weekday_sin,0.0,0.0,0.0,0.0,0.004641660221446784,0.0051850969054113676,0.007042083979014796,39.75,29.0,False,True,kept,39445,1.0,7,calendar,calendar,weekday_sin,True,kept,is_weekend,0.7895824511063527,0.14725551723502123,calendar,calendar,weekday_sin,calendar,calendar,weekday_sin,False
wind_offshore_id_forecast_error_mw_lag_2d_same_local_qh,0.0,0.0,0.0,0.0,0.004212583770356994,0.0017461629436828845,0.01107705559280492,85.375,18.0,False,True,kept,36164,0.9168208898466219,35301,lagged_forecast_error,lagged_forecast_error,wind_offshore_id_forecast_error_mw,True,kept,wind_offshore_da_forecast_error_mw_lag_2d_same_local_qh,0.8044588156401041,0.09741563153684608,lagged_forecast_error,lagged_forecast_error,wind_offshore_id_forecast_error_mw,lagged_forecast_error,lagged_forecast_error,wind_offshore_id_forecast_error_mw,False
wind_onshore_forecast_da_mw_lag_2d_same_local_qh,0.0,0.0,0.0,0.0,0.004050647134425927,0.001961959195584457,0.012359815566233672,36.0,18.0,False,True,kept,39436,0.9997718341995183,39159,da_forecast,forecast_level,wind_onshore_forecast_da_mw,True,kept,wind_offshore_forecast_id_mw_lag_2d_same_local_qh,0.7033297923772042,0.039338478527990564,da_forecast,forecast_level,wind_onshore_forecast_da_mw,da_forecast,forecast_level,wind_onshore_forecast_da_mw,False
wind_onshore_da_forecast_error_mw_rolling_median_3d_same_local_qh,0.0,0.0,0.0,0.0,0.003935326822394835,0.0029968897253656863,0.009152861799513254,103.125,26.0,False,True,kept,37141,0.9415895550766891,24601,lagged_forecast_error,lagged_forecast_error,wind_onshore_da_forecast_error_mw,True,kept,wind_onshore_da_forecast_error_mw_rolling_mean_3d_same_local_qh,0.878960750780798,0.05992875138140526,lagged_forecast_error,lagged_forecast_error,wind_onshore_da_forecast_error_mw,lagged_forecast_error,lagged_forecast_error,wind_onshore_da_forecast_error_mw,False
solar_id_forecast_error_mw_rolling_mean_14d_same_local_qh,0.0,0.0,0.0,0.0,0.0024629774957975288,0.0,0.009874069783673339,115.75,22.0,False,True,kept,22871,0.5798200025351755,22806,lagged_forecast_error,lagged_forecast_error,solar_id_forecast_error_mw,True,kept,solar_id_forecast_error_mw_rolling_mean_28d_same_local_qh,0.9126962648776115,0.200319772383077,lagged_forecast_error,lagged_forecast_error,solar_id_forecast_error_mw,lagged_forecast_error,lagged_forecast_error,solar_id_forecast_error_mw,False
wind_total_forecast_revision_id_minus_da_mw_lag_7d_same_local_qh,0.0,0.0,0.0,0.0,0.0024137533028723837,0.0,0.010052182211973494,58.0,25.0,False,True,kept,38481,0.9755609075928509,37916,forecast_revision,forecast_revision,wind_total_forecast_revision_id_minus_da_mw,True,kept,residual_load_revision_id_minus_da_approx_mw_lag_7d_same_local_qh,0.880435368343622,0.033411714576294424,forecast_revision,forecast_revision,wind_total_forecast_revision_id_minus_da_mw,forecast_revision,forecast_revision,wind_total_forecast_revision_id_minus_da_mw,False
solar_id_forecast_error_mw_rolling_mean_3d_same_local_qh,0.0,0.0,0.0,0.0,0.0023585249879610856,0.0031349696279057175,0.004688915478845138,72.25,35.0,False,True,kept,21712,0.5504373177842565,21672,lagged_forecast_error,lagged_forecast_error,solar_id_forecast_error_mw,True,kept,solar_id_forecast_error_mw_rolling_mean_7d_same_local_qh,0.7972908489408084,0.17436521452752074,lagged_forecast_error,lagged_forecast_error,solar_id_forecast_error_mw,lagged_forecast_error,lagged_forecast_error,solar_id_forecast_error_mw,False
residual_load_revision_id_minus_da_approx_mw_lag_2d_same_local_qh,0.0,0.0,0.0,0.0,0.002351681352053762,0.0,0.006628768490454151,51.375,28.0,False,True,kept,39440,0.9998732412219546,38643,forecast_revision,forecast_revision,residual_load_revision_id_minus_da_approx_mw,True,kept,residual_load_revision_id_minus_da_approx_mw_rolling_mean_3d_same_local_qh,0.6012748947125273,0.05522324987429238,forecast_revision,forecast_revision,residual_load_revision_id_minus_da_approx_mw,forecast_revision,forecast_revision,residual_load_revision_id_minus_da_approx_mw,False
wind_offshore_da_forecast_error_mw_rolling_median_3d_same_local_qh,0.0,0.0,0.0,0.0,0.00225210681420155,0.0,0.009525029289219871,126.125,18.0,False,True,kept,37138,0.9415134998098619,23847,lagged_forecast_error,lagged_forecast_error,wind_offshore_da_forecast_error_mw,True,kept,wind_offshore_da_forecast_error_mw_rolling_median_7d_same_local_qh,0.6195478190000886,0.16629496116615192,lagged_forecast_error,lagged_forecast_error,wind_offshore_da_forecast_error_mw,lagged_forecast_error,lagged_forecast_error,wind_offshore_da_forecast_error_mw,False
wind_offshore_da_forecast_error_mw_lag_7d_same_local_qh,0.0,0.0,0.0,0.0,0.002193816176039147,0.0,0.006518415724132969,112.375,30.0,False,True,kept,35307,0.8950944352896438,34764,lagged_forecast_error,lagged_forecast_error,wind_offshore_da_forecast_error_mw,True,kept,wind_offshore_id_forecast_error_mw_lag_7d_same_local_qh,0.8051769994640595,0.10330154499397104,lagged_forecast_error,lagged_forecast_error,wind_offshore_da_forecast_error_mw,lagged_forecast_error,lagged_forecast_error,wind_offshore_da_forecast_error_mw,False
wind_onshore_forecast_id_mw_lag_1d_same_local_qh,0.0,0.0,0.0,0.0,0.002133305948568147,0.0,0.007714867369589519,65.875,23.0,False,True,kept,39441,0.9998985929775637,39191,id_forecast,forecast_level,wind_onshore_forecast_id_mw,True,kept,renewable_total_forecast_da_mw_lag_1d_same_local_qh,0.5336338636922145,0.08298903263047319,id_forecast,forecast_level,wind_onshore_forecast_id_mw,id_forecast,forecast_level,wind_onshore_forecast_id_mw,False
wind_offshore_id_forecast_error_mw_lag_1d_same_local_qh,0.0,0.0,0.0,0.0,0.0021222438445194234,0.0,0.007525402152317462,97.625,26.0,False,True,kept,36548,0.926555964000507,35685,lagged_forecast_error,lagged_forecast_error,wind_offshore_id_forecast_error_mw,True,kept,wind_offshore_da_forecast_error_mw_lag_1d_same_local_qh,0.8018514923021068,0.11296424627868577,lagged_forecast_error,lagged_forecast_error,wind_offshore_id_forecast_error_mw,lagged_forecast_error,lagged_forecast_error,wind_offshore_id_forecast_error_mw,False
load_da_forecast_error_mw_rolling_mean_3d_same_local_qh,0.0,0.0,0.0,0.0,0.0019625422504743113,0.0,0.0054716694288990415,88.125,33.0,False,True,kept,37141,0.9415895550766891,37126,lagged_forecast_error,lagged_forecast_error,load_da_forecast_error_mw,True,kept,load_da_forecast_error_mw_rolling_median_7d_same_local_qh,0.8725047098321542,0.3966358961444349,lagged_forecast_error,lagged_forecast_error,load_da_forecast_error_mw,lagged_forecast_error,lagged_forecast_error,load_da_forecast_error_mw,False
is_weekend,0.0,0.0,0.0,0.0,0.0018542447380749318,0.0,0.01163474857737368,63.875,18.0,False,True,kept,39445,1.0,2,calendar,calendar,is_weekend,True,kept,month_cos,0.001864176855058589,0.18660218494192327,calendar,calendar,is_weekend,calendar,calendar,is_weekend,False
da_price_eur_mwh_regime_abs_median_28d_over_vol,0.0,0.0,0.0,0.0,0.0015281306308845878,0.0,0.012225045047076702,189.0,14.0,False,True,kept,39445,1.0,39145,regime_level,regime,da_price_eur_mwh,True,kept,ida2_price_eur_mwh_regime_abs_median_28d_over_vol,0.8897830214683399,0.3182308730325359,regime_level,regime,da_price_eur_mwh,regime_level,regime,da_price_eur_mwh,False
residual_load_forecast_da_mw_lag_14d_same_local_qh,0.0,0.0,0.0,0.0,0.0013719763450621236,0.0,0.010975810760496989,81.875,24.0,False,True,kept,37616,0.9536316389910001,37541,da_forecast,forecast_level,residual_load_forecast_da_mw,True,kept,solar_forecast_da_mw_lag_14d_same_local_qh,0.6052350767614343,0.5079379068758152,da_forecast,forecast_level,residual_load_forecast_da_mw,da_forecast,forecast_level,residual_load_forecast_da_mw,False
wind_offshore_da_forecast_error_mw_rolling_mean_3d_same_local_qh,0.0,0.0,0.0,0.0,0.0012228707004568959,0.0,0.009782965603655167,141.75,17.0,False,True,kept,37138,0.9415134998098619,37089,lagged_forecast_error,lagged_forecast_error,wind_offshore_da_forecast_error_mw,True,kept,wind_offshore_da_forecast_error_mw_rolling_median_3d_same_local_qh,0.8570828433344506,0.16405954143952284,lagged_forecast_error,lagged_forecast_error,wind_offshore_da_forecast_error_mw,lagged_forecast_error,lagged_forecast_error,wind_offshore_da_forecast_error_mw,False
month_sin,0.0,0.0,0.0,0.0,0.001142096362870725,0.0,0.0091367709029658,63.125,31.0,False,True,kept,39445,1.0,11,calendar,calendar,month_sin,True,kept,is_weekend,0.02536994746640845,0.04063690554263958,calendar,calendar,month_sin,calendar,calendar,month_sin,False
solar_da_forecast_error_mw_lag_14d_same_local_qh,0.0,0.0,0.0,0.0,0.0010093546669238196,0.0,0.008074837335390557,143.875,29.0,False,True,kept,20147,0.5107618202560528,19837,lagged_forecast_error,lagged_forecast_error,solar_da_forecast_error_mw,True,kept,solar_id_forecast_error_mw_lag_14d_same_local_qh,0.8651959912456005,0.13170691901340578,lagged_forecast_error,lagged_forecast_error,solar_da_forecast_error_mw,lagged_forecast_error,lagged_forecast_error,solar_da_forecast_error_mw,False
wind_onshore_da_forecast_error_mw_rolling_mean_3d_same_local_qh,0.0,0.0,0.0,0.0,0.0009606412035867353,0.0,0.007685129628693882,134.25,27.0,False,True,kept,37141,0.9415895550766891,37124,lagged_forecast_error,lagged_forecast_error,wind_onshore_da_forecast_error_mw,True,kept,wind_onshore_id_forecast_error_mw_rolling_mean_3d_same_local_qh,0.7758541964246216,0.10743734117332099,lagged_forecast_error,lagged_forecast_error,wind_onshore_da_forecast_error_mw,lagged_forecast_error,lagged_forecast_error,wind_onshore_da_forecast_error_mw,False
wind_total_forecast_id_mw_lag_14d_same_local_qh,0.0,0.0,0.0,0.0,0.0007941408153741937,0.0,0.006353126522993549,46.5,31.0,False,True,kept,37617,0.9536569907466093,37471,id_forecast,forecast_level,wind_total_forecast_id_mw,True,kept,wind_offshore_forecast_da_mw_lag_14d_same_local_qh,0.81922259691419,0.04079070704182265,id_forecast,forecast_level,wind_total_forecast_id_mw,id_forecast,forecast_level,wind_total_forecast_id_mw,False
solar_da_forecast_error_mw_rolling_median_14d_same_local_qh,0.0,0.0,0.0,0.0,0.0006265341269074414,0.0,0.005012273015259531,141.875,37.0,False,True,kept,22660,0.5744707821016606,12485,lagged_forecast_error,lagged_forecast_error,solar_da_forecast_error_mw,True,kept,solar_id_forecast_error_mw_rolling_mean_14d_same_local_qh,0.8648980117842907,0.11795631126465166,lagged_forecast_error,lagged_forecast_error,solar_da_forecast_error_mw,lagged_forecast_error,lagged_forecast_error,solar_da_forecast_error_mw,False
solar_id_forecast_error_mw_lag_1d_same_local_qh,0.0,0.0,0.0,0.0,0.000579520513158151,0.0,0.0032801238704305924,126.0,38.0,False,True,kept,21424,0.5431360121688427,21027,lagged_forecast_error,lagged_forecast_error,solar_id_forecast_error_mw,True,kept,solar_id_forecast_error_mw_rolling_mean_3d_same_local_qh,0.7205362163442165,0.16027670140934094,lagged_forecast_error,lagged_forecast_error,solar_id_forecast_error_mw,lagged_forecast_error,lagged_forecast_error,solar_id_forecast_error_mw,False
solar_da_forecast_error_mw_lag_2d_same_local_qh,0.0,0.0,0.0,0.0,0.000490423078427693,0.0,0.0020400774453805184,141.5,38.0,False,True,kept,21003,0.5324629230574217,20694,lagged_forecast_error,lagged_forecast_error,solar_da_forecast_error_mw,True,kept,solar_id_forecast_error_mw_lag_2d_same_local_qh,0.86747164117629,0.08349313865386998,lagged_forecast_error,lagged_forecast_error,solar_da_forecast_error_mw,lagged_forecast_error,lagged_forecast_error,solar_da_forecast_error_mw,False
load_da_forecast_error_mw_rolling_mean_14d_same_local_qh,0.0,0.0,0.0,0.0,0.00040199208715417596,0.0,0.0017750488841073663,104.25,39.0,False,True,kept,38581,0.9780960831537584,38578,lagged_forecast_error,lagged_forecast_error,load_da_forecast_error_mw,True,kept,solar_id_forecast_error_mw_rolling_std_28d_same_local_qh,0.5311502716504488,0.4656596943367041,lagged_forecast_error,lagged_forecast_error,load_da_forecast_error_mw,lagged_forecast_error,lagged_forecast_error,load_da_forecast_error_mw,False
wind_onshore_da_forecast_error_mw_lag_7d_same_local_qh,0.0,0.0,0.0,0.0,0.000264975065904605,0.0,0.00211980052723684,146.75,39.0,False,True,kept,35308,0.8951197870452529,35019,lagged_forecast_error,lagged_forecast_error,wind_onshore_da_forecast_error_mw,True,kept,wind_onshore_id_forecast_error_mw_lag_7d_same_local_qh,0.7422719188690408,0.10116724936142146,lagged_forecast_error,lagged_forecast_error,wind_onshore_da_forecast_error_mw,lagged_forecast_error,lagged_forecast_error,wind_onshore_da_forecast_error_mw,False
solar_id_forecast_error_mw_rolling_mean_7d_same_local_qh,0.0,0.0,0.0,0.0,0.0002036664351906729,0.0,0.0016293314815253833,138.125,39.0,False,True,kept,22636,0.5738623399670427,22476,lagged_forecast_error,lagged_forecast_error,solar_id_forecast_error_mw,True,kept,solar_id_forecast_error_mw_rolling_mean_14d_same_local_qh,0.8757798924703658,0.18451396791059355,lagged_forecast_error,lagged_forecast_error,solar_id_forecast_error_mw,lagged_forecast_error,lagged_forecast_error,solar_id_forecast_error_mw,False
solar_da_forecast_error_mw_rolling_median_3d_same_local_qh,0.0,0.0,0.0,0.0,0.00020199421715041803,0.0,0.0016159537372033442,136.75,40.0,False,True,kept,21518,0.5455190771960958,14687,lagged_forecast_error,lagged_forecast_error,solar_da_forecast_error_mw,True,kept,solar_id_forecast_error_mw_rolling_mean_3d_same_local_qh,0.834325203342956,0.11786689181522596,lagged_forecast_error,lagged_forecast_error,solar_da_forecast_error_mw,lagged_forecast_error,lagged_forecast_error,solar_da_forecast_error_mw,False
solar_id_forecast_error_mw_lag_2d_same_local_qh,0.0,0.0,0.0,0.0,0.00020157499114203034,0.0,0.0016125999291362427,144.0,37.0,False,True,kept,21198,0.5374065154011916,20811,lagged_forecast_error,lagged_forecast_error,solar_id_forecast_error_mw,True,kept,solar_id_forecast_error_mw_rolling_mean_3d_same_local_qh,0.75218174263958,0.12231328770195708,lagged_forecast_error,lagged_forecast_error,solar_id_forecast_error_mw,lagged_forecast_error,lagged_forecast_error,solar_id_forecast_error_mw,False
da_price_eur_mwh_rolling_median_28d_same_local_qh,0.0,0.0,0.0,0.0,0.0001355135542265736,0.0,0.0010841084338125888,181.125,41.0,False,True,kept,39445,1.0,6307,da_price,market_history,da_price_eur_mwh,True,kept,da_price_eur_mwh_rolling_mean_7d_same_local_qh,0.8389480468599958,0.5819895821885147,da_price,market_history,da_price_eur_mwh,da_price,market_history,da_price_eur_mwh,False
load_forecast_da_mw_lag_2d_same_local_qh,0.0,0.0,0.0,0.0,0.00013310058571724595,0.0,0.0010648046857379676,74.875,38.0,False,True,kept,39440,0.9998732412219546,39233,da_forecast,forecast_level,load_forecast_da_mw,True,kept,load_forecast_da_mw_lag_1d_same_local_qh,0.7831678384395433,0.0759732229399786,da_forecast,forecast_level,load_forecast_da_mw,da_forecast,forecast_level,load_forecast_da_mw,False
wind_offshore_da_forecast_error_mw_rolling_std_7d_same_local_qh,0.0,0.0,0.0,0.0,0.00012594671149169617,0.0,0.0010075736919335694,175.25,36.0,False,True,kept,38483,0.9756116111040689,38289,lagged_forecast_error,lagged_forecast_error,wind_offshore_da_forecast_error_mw,True,kept,wind_offshore_id_forecast_error_mw_rolling_std_7d_same_local_qh,0.7134298288207147,0.002604145738954623,lagged_forecast_error,lagged_forecast_error,wind_offshore_da_forecast_error_mw,lagged_forecast_error,lagged_forecast_error,wind_offshore_da_forecast_error_mw,False
total_generation_forecast_da_mw,0.0,0.0,0.0,0.0,0.00010009939238609187,0.0,0.000800795139088735,88.625,40.0,False,True,kept,31096,0.7883381924198251,30982,da_forecast,forecast_level,total_generation_forecast_da_mw,True,kept,renewable_total_forecast_da_mw,0.8196371302727025,0.29493467066464824,da_forecast,forecast_level,total_generation_forecast_da_mw,da_forecast,forecast_level,total_generation_forecast_da_mw,False
weekday_cos,0.0,0.0,0.0,0.0,0.0,0.0,0.0,69.875,39.0,False,True,kept,39445,1.0,7,calendar,calendar,weekday_cos,True,kept,weekday_sin,0.20692202233935778,0.02099626068636378,calendar,calendar,weekday_cos,calendar,calendar,weekday_cos,False
month_cos,0.0,0.0,0.0,0.0,0.0,0.0,0.0,79.375,40.0,False,True,kept,39445,1.0,11,calendar,calendar,month_cos,True,first_ranked_feature,,0.0,0.29122692551066026,calendar,calendar,month_cos,calendar,calendar,month_cos,False
residual_load_revision_id_minus_da_approx_mw_rolling_median_28d_same_local_qh,0.0,0.0,0.0,0.0,0.0,0.0,0.0,42.125,41.0,False,True,kept,39445,1.0,14360,forecast_revision,forecast_revision,residual_load_revision_id_minus_da_approx_mw,True,first_ranked_feature,,0.0,0.22386601740039044,forecast_revision,forecast_revision,residual_load_revision_id_minus_da_approx_mw,forecast_revision,forecast_revision,residual_load_revision_id_minus_da_approx_mw,False
wind_offshore_forecast_da_mw_lag_1d_same_local_qh,0.0,0.0,0.0,0.0,0.0,0.0,0.0,46.5,42.0,False,True,kept,39434,0.9997211306883002,38133,da_forecast,forecast_level,wind_offshore_forecast_da_mw,True,kept,wind_onshore_forecast_id_mw_lag_1d_same_local_qh,0.7241725004274531,0.011488532296176758,da_forecast,forecast_level,wind_offshore_forecast_da_mw,da_forecast,forecast_level,wind_offshore_forecast_da_mw,False
wind_offshore_forecast_id_mw_lag_2d_same_local_qh,0.0,0.0,0.0,0.0,0.0,0.0,0.0,73.625,44.0,False,True,kept,39428,0.9995690201546457,38115,id_forecast,forecast_level,wind_offshore_forecast_id_mw,True,kept,renewable_total_forecast_da_mw_lag_2d_same_local_qh,0.4163103945341385,0.04812768666388528,id_forecast,forecast_level,wind_offshore_forecast_id_mw,id_forecast,forecast_level,wind_offshore_forecast_id_mw,False
residual_load_revision_id_minus_da_approx_mw_rolling_mean_7d_same_local_qh,0.0,0.0,0.0,0.0,0.0,0.0,0.0,49.0,45.0,False,True,kept,39445,1.0,39383,forecast_revision,forecast_revision,residual_load_revision_id_minus_da_approx_mw,True,kept,residual_load_revision_id_minus_da_approx_mw_rolling_mean_14d_same_local_qh,0.7297361106101956,0.13229223453558128,forecast_revision,forecast_revision,residual_load_revision_id_minus_da_approx_mw,forecast_revision,forecast_revision,residual_load_revision_id_minus_da_approx_mw,False
residual_load_revision_id_minus_da_approx_mw_rolling_mean_28d_same_local_qh,0.0,0.0,0.0,0.0,0.0,0.0,0.0,54.5,46.0,False,True,kept,39445,1.0,39431,forecast_revision,forecast_revision,residual_load_revision_id_minus_da_approx_mw,True,kept,residual_load_revision_id_minus_da_approx_mw_rolling_median_28d_same_local_qh,0.8026980947750015,0.17877348849414246,forecast_revision,forecast_revision,residual_load_revision_id_minus_da_approx_mw,forecast_revision,forecast_revision,residual_load_revision_id_minus_da_approx_mw,False
wind_offshore_forecast_da_mw_lag_14d_same_local_qh,0.0,0.0,0.0,0.0,0.0,0.0,0.0,79.25,46.0,False,True,kept,37608,0.9534288249461276,36400,da_forecast,forecast_level,wind_offshore_forecast_da_mw,True,kept,renewable_total_forecast_da_mw_lag_14d_same_local_qh,0.43161497954424927,0.06028819448590713,da_forecast,forecast_level,wind_offshore_forecast_da_mw,da_forecast,forecast_level,wind_offshore_forecast_da_mw,False
residual_load_revision_id_minus_da_approx_mw_rolling_mean_14d_same_local_qh,0.0,0.0,0.0,0.0,0.0,0.0,0.0,53.0,47.0,False,True,kept,39445,1.0,39411,forecast_revision,forecast_revision,residual_load_revision_id_minus_da_approx_mw,True,kept,residual_load_revision_id_minus_da_approx_mw_rolling_median_14d_same_local_qh,0.814130472576415,0.1737066370977739,forecast_revision,forecast_revision,residual_load_revision_id_minus_da_approx_mw,forecast_revision,forecast_revision,residual_load_revision_id_minus_da_approx_mw,False
residual_load_revision_id_minus_da_approx_mw_rolling_median_14d_same_local_qh,0.0,0.0,0.0,0.0,0.0,0.0,0.0,48.5,48.0,False,True,kept,39445,1.0,19350,forecast_revision,forecast_revision,residual_load_revision_id_minus_da_approx_mw,True,kept,residual_load_revision_id_minus_da_approx_mw_rolling_median_28d_same_local_qh,0.6908083442129622,0.17462399810418947,forecast_revision,forecast_revision,residual_load_revision_id_minus_da_approx_mw,forecast_revision,forecast_revision,residual_load_revision_id_minus_da_approx_mw,False
wind_total_forecast_revision_id_minus_da_mw_rolling_std_14d_same_local_qh,0.0,0.0,0.0,0.0,0.0,0.0,0.0,49.0,49.0,False,True,kept,39445,1.0,39445,forecast_revision,forecast_revision,wind_total_forecast_revision_id_minus_da_mw,True,kept,wind_total_forecast_revision_id_minus_da_mw_rolling_std_28d_same_local_qh,0.7318630158054263,0.1057708155289852,forecast_revision,forecast_revision,wind_total_forecast_revision_id_minus_da_mw,forecast_revision,forecast_revision,wind_total_forecast_revision_id_minus_da_mw,False
renewable_total_forecast_revision_id_minus_da_mw_rolling_std_28d_same_local_qh,0.0,0.0,0.0,0.0,0.0,0.0,0.0,50.0,50.0,False,True,kept,39445,1.0,39445,forecast_revision,forecast_revision,renewable_total_forecast_revision_id_minus_da_mw,True,kept,wind_total_forecast_revision_id_minus_da_mw_rolling_std_28d_same_local_qh,0.7024937333898601,0.10456333831138413,forecast_revision,forecast_revision,renewable_total_forecast_revision_id_minus_da_mw,forecast_revision,forecast_revision,renewable_total_forecast_revision_id_minus_da_mw,False
renewable_total_forecast_revision_id_minus_da_mw_rolling_std_14d_same_local_qh,0.0,0.0,0.0,0.0,0.0,0.0,0.0,51.0,51.0,False,True,kept,39445,1.0,39445,forecast_revision,forecast_revision,renewable_total_forecast_revision_id_minus_da_mw,True,kept,wind_total_forecast_revision_id_minus_da_mw_rolling_std_14d_same_local_qh,0.7683536520025909,0.10023065731477132,forecast_revision,forecast_revision,renewable_total_forecast_revision_id_minus_da_mw,forecast_revision,forecast_revision,renewable_total_forecast_revision_id_minus_da_mw,False
solar_forecast_revision_id_minus_da_mw_lag_2d_same_local_qh,0.0,0.0,0.0,0.0,0.0,0.0,0.0,54.0,52.0,False,True,kept,23037,0.5840283939662821,21362,forecast_revision,forecast_revision,solar_forecast_revision_id_minus_da_mw,True,kept,residual_load_revision_id_minus_da_approx_mw_rolling_mean_7d_same_local_qh,0.26791674994869674,0.09870200390803995,forecast_revision,forecast_revision,solar_forecast_revision_id_minus_da_mw,forecast_revision,forecast_revision,solar_forecast_revision_id_minus_da_mw,False
solar_forecast_revision_id_minus_da_mw_lag_1d_same_local_qh,0.0,0.0,0.0,0.0,0.0,0.0,0.0,61.0,53.0,False,True,kept,23038,0.5840537457218913,21349,forecast_revision,forecast_revision,solar_forecast_revision_id_minus_da_mw,True,kept,residual_load_revision_id_minus_da_approx_mw_rolling_mean_7d_same_local_qh,0.26020961064666737,0.08455572275046108,forecast_revision,forecast_revision,solar_forecast_revision_id_minus_da_mw,forecast_revision,forecast_revision,solar_forecast_revision_id_minus_da_mw,False
residual_load_revision_id_minus_da_approx_mw_rolling_median_7d_same_local_qh,0.0,0.0,0.0,0.0,0.0,0.0,0.0,54.0,54.0,False,True,kept,39445,1.0,17294,forecast_revision,forecast_revision,residual_load_revision_id_minus_da_approx_mw,True,kept,residual_load_revision_id_minus_da_approx_mw_rolling_mean_7d_same_local_qh,0.8157034959247117,0.12525605444377128,forecast_revision,forecast_revision,residual_load_revision_id_minus_da_approx_mw,forecast_revision,forecast_revision,residual_load_revision_id_minus_da_approx_mw,False
renewable_total_forecast_revision_id_minus_da_mw_rolling_std_7d_same_local_qh,0.0,0.0,0.0,0.0,0.0,0.0,0.0,59.0,55.0,False,True,kept,39445,1.0,39445,forecast_revision,forecast_revision,renewable_total_forecast_revision_id_minus_da_mw,True,kept,wind_total_forecast_revision_id_minus_da_mw_rolling_std_28d_same_local_qh,0.36304978667215965,0.11600875480608777,forecast_revision,forecast_revision,renewable_total_forecast_revision_id_minus_da_mw,forecast_revision,forecast_revision,renewable_total_forecast_revision_id_minus_da_mw,False
wind_total_forecast_revision_id_minus_da_mw_rolling_std_28d_same_local_qh,0.0,0.0,0.0,0.0,0.0,0.0,0.0,56.0,56.0,False,True,kept,39445,1.0,39445,forecast_revision,forecast_revision,wind_total_forecast_revision_id_minus_da_mw,True,kept,residual_load_revision_id_minus_da_approx_mw_rolling_median_28d_same_local_qh,0.026712537882324753,0.15666580730589502,forecast_revision,forecast_revision,wind_total_forecast_revision_id_minus_da_mw,forecast_revision,forecast_revision,wind_total_forecast_revision_id_minus_da_mw,False
residual_load_revision_id_minus_da_approx_mw_rolling_mean_3d_same_local_qh,0.0,0.0,0.0,0.0,0.0,0.0,0.0,57.0,57.0,False,True,kept,39445,1.0,39260,forecast_revision,forecast_revision,residual_load_revision_id_minus_da_approx_mw,True,kept,residual_load_revision_id_minus_da_approx_mw_rolling_mean_7d_same_local_qh,0.6551310398484262,0.0731680569550714,forecast_revision,forecast_revision,residual_load_revision_id_minus_da_approx_mw,forecast_revision,forecast_revision,residual_load_revision_id_minus_da_approx_mw,False
residual_load_revision_id_minus_da_approx_mw_lag_7d_same_local_qh,0.0,0.0,0.0,0.0,0.0,0.0,0.0,67.75,58.0,False,True,kept,38480,0.9755355558372417,37686,forecast_revision,forecast_revision,residual_load_revision_id_minus_da_approx_mw,True,kept,solar_forecast_revision_id_minus_da_mw_lag_7d_same_local_qh,0.5451317966288071,0.07905223941992373,forecast_revision,forecast_revision,residual_load_revision_id_minus_da_approx_mw,forecast_revision,forecast_revision,residual_load_revision_id_minus_da_approx_mw,False
wind_total_forecast_revision_id_minus_da_mw_rolling_mean_14d_same_local_qh,0.0,0.0,0.0,0.0,0.0,0.0,0.0,58.25,58.0,False,True,kept,39445,1.0,39431,forecast_revision,forecast_revision,wind_total_forecast_revision_id_minus_da_mw,True,kept,residual_load_revision_id_minus_da_approx_mw_rolling_mean_14d_same_local_qh,0.8570535155433583,0.07061625801240952,forecast_revision,forecast_revision,wind_total_forecast_revision_id_minus_da_mw,forecast_revision,forecast_revision,wind_total_forecast_revision_id_minus_da_mw,False
residual_load_revision_id_minus_da_approx_mw_rolling_median_3d_same_local_qh,0.0,0.0,0.0,0.0,0.0,0.0,0.0,60.0,59.0,False,True,kept,39445,1.0,24480,forecast_revision,forecast_revision,residual_load_revision_id_minus_da_approx_mw,True,kept,residual_load_revision_id_minus_da_approx_mw_rolling_mean_3d_same_local_qh,0.8573972851116058,0.0665547656000261,forecast_revision,forecast_revision,residual_load_revision_id_minus_da_approx_mw,forecast_revision,forecast_revision,residual_load_revision_id_minus_da_approx_mw,False
wind_total_forecast_revision_id_minus_da_mw_rolling_median_28d_same_local_qh,0.0,0.0,0.0,0.0,0.0,0.0,0.0,60.0,60.0,False,True,kept,39445,1.0,14606,forecast_revision,forecast_revision,wind_total_forecast_revision_id_minus_da_mw,True,kept,residual_load_revision_id_minus_da_approx_mw_rolling_median_28d_same_local_qh,0.8022949206134001,0.06828206117361761,forecast_revision,forecast_revision,wind_total_forecast_revision_id_minus_da_mw,forecast_revision,forecast_revision,wind_total_forecast_revision_id_minus_da_mw,False
solar_forecast_revision_id_minus_da_mw_lag_14d_same_local_qh,0.0,0.0,0.0,0.0,0.0,0.0,0.0,62.875,61.0,False,True,kept,22048,0.5589555076689061,20449,forecast_revision,forecast_revision,solar_forecast_revision_id_minus_da_mw,True,kept,residual_load_revision_id_minus_da_approx_mw_rolling_median_14d_same_local_qh,0.18668824298320355,0.06551719625574427,forecast_revision,forecast_revision,solar_forecast_revision_id_minus_da_mw,forecast_revision,forecast_revision,solar_forecast_revision_id_minus_da_mw,False
wind_total_forecast_revision_id_minus_da_mw_rolling_median_14d_same_local_qh,0.0,0.0,0.0,0.0,0.0,0.0,0.0,61.375,61.0,False,True,kept,39445,1.0,19207,forecast_revision,forecast_revision,wind_total_forecast_revision_id_minus_da_mw,True,kept,residual_load_revision_id_minus_da_approx_mw_rolling_median_14d_same_local_qh,0.8168074438372575,0.06358943084183262,forecast_revision,forecast_revision,wind_total_forecast_revision_id_minus_da_mw,forecast_revision,forecast_revision,wind_total_forecast_revision_id_minus_da_mw,False
wind_total_forecast_revision_id_minus_da_mw_rolling_mean_28d_same_local_qh,0.0,0.0,0.0,0.0,0.0,0.0,0.0,62.375,62.0,False,True,kept,39445,1.0,39438,forecast_revision,forecast_revision,wind_total_forecast_revision_id_minus_da_mw,True,kept,residual_load_revision_id_minus_da_approx_mw_rolling_mean_28d_same_local_qh,0.8446276098506825,0.05982977770242629,forecast_revision,forecast_revision,wind_total_forecast_revision_id_minus_da_mw,forecast_revision,forecast_revision,wind_total_forecast_revision_id_minus_da_mw,False
wind_total_forecast_revision_id_minus_da_mw_rolling_mean_7d_same_local_qh,0.0,0.0,0.0,0.0,0.0,0.0,0.0,64.625,64.0,False,True,kept,39445,1.0,39419,forecast_revision,forecast_revision,wind_total_forecast_revision_id_minus_da_mw,True,kept,residual_load_revision_id_minus_da_approx_mw_rolling_mean_7d_same_local_qh,0.8635564067839935,0.045174821646032544,forecast_revision,forecast_revision,wind_total_forecast_revision_id_minus_da_mw,forecast_revision,forecast_revision,wind_total_forecast_revision_id_minus_da_mw,False
wind_total_forecast_revision_id_minus_da_mw_rolling_std_7d_same_local_qh,0.0,0.0,0.0,0.0,0.0,0.0,0.0,66.125,65.0,False,True,kept,39445,1.0,39445,forecast_revision,forecast_revision,wind_total_forecast_revision_id_minus_da_mw,True,kept,renewable_total_forecast_revision_id_minus_da_mw_rolling_std_7d_same_local_qh,0.8011825088668624,0.04405602333992603,forecast_revision,forecast_revision,wind_total_forecast_revision_id_minus_da_mw,forecast_revision,forecast_revision,wind_total_forecast_revision_id_minus_da_mw,False
wind_total_forecast_revision_id_minus_da_mw_rolling_median_7d_same_local_qh,0.0,0.0,0.0,0.0,0.0,0.0,0.0,66.625,66.0,False,True,kept,39445,1.0,17525,forecast_revision,forecast_revision,wind_total_forecast_revision_id_minus_da_mw,True,kept,residual_load_revision_id_minus_da_approx_mw_rolling_median_7d_same_local_qh,0.8135808995318465,0.04113615468719038,forecast_revision,forecast_revision,wind_total_forecast_revision_id_minus_da_mw,forecast_revision,forecast_revision,wind_total_forecast_revision_id_minus_da_mw,False
renewable_total_forecast_revision_id_minus_da_mw_lag_14d_same_local_qh,0.0,0.0,0.0,0.0,0.0,0.0,0.0,79.625,69.0,False,True,kept,37617,0.9536569907466093,37170,forecast_revision,forecast_revision,renewable_total_forecast_revision_id_minus_da_mw,True,kept,solar_forecast_revision_id_minus_da_mw_lag_14d_same_local_qh,0.5631269761961564,0.026283675268495316,forecast_revision,forecast_revision,renewable_total_forecast_revision_id_minus_da_mw,forecast_revision,forecast_revision,renewable_total_forecast_revision_id_minus_da_mw,False
renewable_total_forecast_revision_id_minus_da_mw_rolling_std_3d_same_local_qh,0.0,0.0,0.0,0.0,0.0,0.0,0.0,70.0,70.0,False,True,kept,39445,1.0,39445,forecast_revision,forecast_revision,renewable_total_forecast_revision_id_minus_da_mw,True,kept,renewable_total_forecast_revision_id_minus_da_mw_rolling_std_7d_same_local_qh,0.5981990360009697,0.07944992339294735,forecast_revision,forecast_revision,renewable_total_forecast_revision_id_minus_da_mw,forecast_revision,forecast_revision,renewable_total_forecast_revision_id_minus_da_mw,False
solar_forecast_revision_id_minus_da_mw_lag_7d_same_local_qh,0.0,0.0,0.0,0.0,0.0,0.0,0.0,72.0,72.0,False,True,kept,22536,0.5713271644061352,20905,forecast_revision,forecast_revision,solar_forecast_revision_id_minus_da_mw,True,kept,residual_load_revision_id_minus_da_approx_mw_rolling_mean_14d_same_local_qh,0.21526431474128063,0.11238037541983126,forecast_revision,forecast_revision,solar_forecast_revision_id_minus_da_mw,forecast_revision,forecast_revision,solar_forecast_revision_id_minus_da_mw,False
wind_total_forecast_revision_id_minus_da_mw_lag_2d_same_local_qh,0.0,0.0,0.0,0.0,0.0,0.0,0.0,73.0,73.0,False,True,kept,39441,0.9998985929775637,38873,forecast_revision,forecast_revision,wind_total_forecast_revision_id_minus_da_mw,True,kept,residual_load_revision_id_minus_da_approx_mw_lag_2d_same_local_qh,0.8790956016588647,0.020317885507441662,forecast_revision,forecast_revision,wind_total_forecast_revision_id_minus_da_mw,forecast_revision,forecast_revision,wind_total_forecast_revision_id_minus_da_mw,False
wind_total_forecast_revision_id_minus_da_mw_rolling_std_3d_same_local_qh,0.0,0.0,0.0,0.0,0.0,0.0,0.0,81.625,74.0,False,True,kept,39445,1.0,39445,forecast_revision,forecast_revision,wind_total_forecast_revision_id_minus_da_mw,True,kept,renewable_total_forecast_revision_id_minus_da_mw_rolling_std_3d_same_local_qh,0.811546966176003,0.020880727378889394,forecast_revision,forecast_revision,wind_total_forecast_revision_id_minus_da_mw,forecast_revision,forecast_revision,wind_total_forecast_revision_id_minus_da_mw,False
wind_offshore_forecast_revision_id_minus_da_mw_lag_1d_same_local_qh,0.0,0.0,0.0,0.0,0.0,0.0,0.0,82.375,75.0,False,True,kept,39421,0.9993915578653821,37234,forecast_revision,forecast_revision,wind_offshore_forecast_revision_id_minus_da_mw,True,kept,wind_onshore_forecast_revision_id_minus_da_mw_lag_1d_same_local_qh,0.23550140947736595,0.0260567705553519,forecast_revision,forecast_revision,wind_offshore_forecast_revision_id_minus_da_mw,forecast_revision,forecast_revision,wind_offshore_forecast_revision_id_minus_da_mw,False
residual_load_revision_id_minus_da_approx_mw_lag_1d_same_local_qh,0.0,0.0,0.0,0.0,0.0,0.0,0.0,102.75,76.0,False,True,kept,39440,0.9998732412219546,38651,forecast_revision,forecast_revision,residual_load_revision_id_minus_da_approx_mw,True,kept,wind_onshore_forecast_revision_id_minus_da_mw_lag_1d_same_local_qh,0.8173787885070234,0.01913557436513458,forecast_revision,forecast_revision,residual_load_revision_id_minus_da_approx_mw,forecast_revision,forecast_revision,residual_load_revision_id_minus_da_approx_mw,False
wind_total_forecast_revision_id_minus_da_mw_rolling_median_3d_same_local_qh,0.0,0.0,0.0,0.0,0.0,0.0,0.0,97.75,77.0,False,True,kept,39445,1.0,24406,forecast_revision,forecast_revision,wind_total_forecast_revision_id_minus_da_mw,True,kept,wind_total_forecast_revision_id_minus_da_mw_rolling_mean_3d_same_local_qh,0.8393045317533224,0.007525795862196178,forecast_revision,forecast_revision,wind_total_forecast_revision_id_minus_da_mw,forecast_revision,forecast_revision,wind_total_forecast_revision_id_minus_da_mw,False
wind_total_forecast_revision_id_minus_da_mw_lag_14d_same_local_qh,0.0,0.0,0.0,0.0,0.0,0.0,0.0,109.875,78.0,False,True,kept,37617,0.9536569907466093,37078,forecast_revision,forecast_revision,wind_total_forecast_revision_id_minus_da_mw,True,kept,renewable_total_forecast_revision_id_minus_da_mw_lag_14d_same_local_qh,0.8732678245203082,0.0068117059384666685,forecast_revision,forecast_revision,wind_total_forecast_revision_id_minus_da_mw,forecast_revision,forecast_revision,wind_total_forecast_revision_id_minus_da_mw,False
hour_sin,0.0,0.0,0.0,0.0,0.0,0.0,0.0,81.875,79.0,False,True,kept,39445,1.0,22,calendar,calendar,hour_sin,True,kept,quarter_cos,0.13633766064087036,0.11842144641393966,calendar,calendar,hour_sin,calendar,calendar,hour_sin,False
wind_offshore_forecast_revision_id_minus_da_mw_lag_7d_same_local_qh,0.0,0.0,0.0,0.0,0.0,0.0,0.0,124.0,79.0,False,True,kept,38459,0.9750031689694512,36330,forecast_revision,forecast_revision,wind_offshore_forecast_revision_id_minus_da_mw,True,kept,wind_total_forecast_revision_id_minus_da_mw_lag_7d_same_local_qh,0.523490608330737,0.01837369951131318,forecast_revision,forecast_revision,wind_offshore_forecast_revision_id_minus_da_mw,forecast_revision,forecast_revision,wind_offshore_forecast_revision_id_minus_da_mw,False
solar_forecast_da_mw_lag_7d_same_local_qh,0.0,0.0,0.0,0.0,0.0,0.0,0.0,92.75,80.0,False,True,kept,22567,0.5721130688300164,21141,da_forecast,forecast_level,solar_forecast_da_mw,True,kept,solar_forecast_da_mw_lag_14d_same_local_qh,0.9164258755492174,0.6143891623508395,da_forecast,forecast_level,solar_forecast_da_mw,da_forecast,forecast_level,solar_forecast_da_mw,False
residual_load_forecast_da_mw_lag_7d_same_local_qh,0.0,0.0,0.0,0.0,0.0,0.0,0.0,81.0,81.0,False,True,kept,38480,0.9755355558372417,38404,da_forecast,forecast_level,residual_load_forecast_da_mw,True,kept,solar_forecast_da_mw_lag_7d_same_local_qh,0.6172882342957895,0.4727759780279586,da_forecast,forecast_level,residual_load_forecast_da_mw,da_forecast,forecast_level,residual_load_forecast_da_mw,False
residual_load_forecast_da_mw_lag_2d_same_local_qh,0.0,0.0,0.0,0.0,0.0,0.0,0.0,82.0,82.0,False,True,kept,39440,0.9998732412219546,39363,da_forecast,forecast_level,residual_load_forecast_da_mw,True,kept,residual_load_forecast_da_mw_lag_1d_same_local_qh,0.6313651951172684,0.4871846312236964,da_forecast,forecast_level,residual_load_forecast_da_mw,da_forecast,forecast_level,residual_load_forecast_da_mw,False
renewable_total_forecast_da_mw_lag_1d_same_local_qh,0.0,0.0,0.0,0.0,0.0,0.0,0.0,89.125,83.0,False,True,kept,39441,0.9998985929775637,39324,da_forecast,forecast_level,renewable_total_forecast_da_mw,True,kept,residual_load_forecast_da_mw_lag_1d_same_local_qh,0.797817405306106,0.4684223388537916,da_forecast,forecast_level,renewable_total_forecast_da_mw,da_forecast,forecast_level,renewable_total_forecast_da_mw,False
renewable_total_forecast_da_mw_lag_2d_same_local_qh,0.0,0.0,0.0,0.0,0.0,0.0,0.0,92.375,84.0,False,True,kept,39441,0.9998985929775637,39326,da_forecast,forecast_level,renewable_total_forecast_da_mw,True,kept,residual_load_forecast_da_mw_lag_2d_same_local_qh,0.797083485599527,0.4156255898819771,da_forecast,forecast_level,renewable_total_forecast_da_mw,da_forecast,forecast_level,renewable_total_forecast_da_mw,False
quarter_cos,0.0,0.0,0.0,0.0,0.0,0.0,0.0,90.625,86.0,False,True,kept,39445,1.0,89,calendar,calendar,quarter_cos,True,kept,month_cos,6.612747137194369e-06,0.2135766921415497,calendar,calendar,quarter_cos,calendar,calendar,quarter_cos,False
solar_forecast_da_mw_lag_14d_same_local_qh,0.0,0.0,0.0,0.0,0.0,0.0,0.0,97.375,87.0,False,True,kept,22080,0.5597667638483965,20674,da_forecast,forecast_level,solar_forecast_da_mw,True,kept,solar_forecast_da_mw,0.9097748533444929,0.6254255435893354,da_forecast,forecast_level,solar_forecast_da_mw,da_forecast,forecast_level,solar_forecast_da_mw,False
total_generation_forecast_da_mw_lag_2d_same_local_qh,0.0,0.0,0.0,0.0,0.0,0.0,0.0,88.875,88.0,False,True,kept,30948,0.7845861325896818,30835,da_forecast,forecast_level,total_generation_forecast_da_mw,True,kept,renewable_total_forecast_da_mw_lag_2d_same_local_qh,0.8251137176665304,0.23094901681380656,da_forecast,forecast_level,total_generation_forecast_da_mw,da_forecast,forecast_level,total_generation_forecast_da_mw,False
total_generation_forecast_da_mw_lag_1d_same_local_qh,0.0,0.0,0.0,0.0,0.0,0.0,0.0,90.625,89.0,False,True,kept,31020,0.7864114589935353,30905,da_forecast,forecast_level,total_generation_forecast_da_mw,True,kept,renewable_total_forecast_da_mw_lag_1d_same_local_qh,0.8270851988888844,0.21308361952267213,da_forecast,forecast_level,total_generation_forecast_da_mw,da_forecast,forecast_level,total_generation_forecast_da_mw,False
load_forecast_da_mw_lag_14d_same_local_qh,0.0,0.0,0.0,0.0,0.0,0.0,0.0,91.875,90.0,False,True,kept,37616,0.9536316389910001,37419,da_forecast,forecast_level,load_forecast_da_mw,True,kept,load_forecast_da_mw,0.9115503767246116,0.2127967791933341,da_forecast,forecast_level,load_forecast_da_mw,da_forecast,forecast_level,load_forecast_da_mw,False
renewable_total_forecast_da_mw_lag_14d_same_local_qh,0.0,0.0,0.0,0.0,0.0,0.0,0.0,100.625,91.0,False,True,kept,37617,0.9536569907466093,37511,da_forecast,forecast_level,renewable_total_forecast_da_mw,True,kept,residual_load_forecast_da_mw_lag_14d_same_local_qh,0.7995093995560855,0.36002193031165913,da_forecast,forecast_level,renewable_total_forecast_da_mw,da_forecast,forecast_level,renewable_total_forecast_da_mw,False
load_forecast_da_mw_lag_1d_same_local_qh,0.0,0.0,0.0,0.0,0.0,0.0,0.0,95.0,92.0,False,True,kept,39440,0.9998732412219546,39230,da_forecast,forecast_level,load_forecast_da_mw,True,kept,load_forecast_da_mw,0.7776284598423754,0.17679547609634957,da_forecast,forecast_level,load_forecast_da_mw,da_forecast,forecast_level,load_forecast_da_mw,False
total_generation_forecast_da_mw_lag_14d_same_local_qh,0.0,0.0,0.0,0.0,0.0,0.0,0.0,93.0,93.0,False,True,kept,29124,0.7383445303587274,29017,da_forecast,forecast_level,total_generation_forecast_da_mw,True,kept,renewable_total_forecast_da_mw_lag_14d_same_local_qh,0.8288030992077816,0.16070180438783033,da_forecast,forecast_level,total_generation_forecast_da_mw,da_forecast,forecast_level,total_generation_forecast_da_mw,False
wind_offshore_forecast_id_mw_lag_7d_same_local_qh,0.0,0.0,0.0,0.0,0.0,0.0,0.0,94.0,94.0,False,True,kept,38469,0.9752566865255419,37231,id_forecast,forecast_level,wind_offshore_forecast_id_mw,True,kept,renewable_total_forecast_da_mw_lag_7d_same_local_qh,0.4179272313757651,0.1511065586525237,id_forecast,forecast_level,wind_offshore_forecast_id_mw,id_forecast,forecast_level,wind_offshore_forecast_id_mw,False
wind_total_forecast_id_mw_lag_7d_same_local_qh,0.0,0.0,0.0,0.0,0.0,0.0,0.0,96.125,95.0,False,True,kept,38481,0.9755609075928509,38329,id_forecast,forecast_level,wind_total_forecast_id_mw,True,kept,wind_offshore_forecast_id_mw_lag_7d_same_local_qh,0.8076383799011544,0.12201936188847198,id_forecast,forecast_level,wind_total_forecast_id_mw,id_forecast,forecast_level,wind_total_forecast_id_mw,False
total_generation_forecast_da_mw_lag_7d_same_local_qh,0.0,0.0,0.0,0.0,0.0,0.0,0.0,96.75,96.0,False,True,kept,29988,0.760248447204969,29874,da_forecast,forecast_level,total_generation_forecast_da_mw,True,kept,renewable_total_forecast_da_mw_lag_7d_same_local_qh,0.827597206519365,0.08915835719020673,da_forecast,forecast_level,total_generation_forecast_da_mw,da_forecast,forecast_level,total_generation_forecast_da_mw,False
renewable_total_forecast_da_mw_lag_7d_same_local_qh,0.0,0.0,0.0,0.0,0.0,0.0,0.0,101.0,101.0,False,True,kept,38481,0.9755609075928509,38366,da_forecast,forecast_level,renewable_total_forecast_da_mw,True,kept,residual_load_forecast_da_mw_lag_7d_same_local_qh,0.7976350498465344,0.29904502834820124,da_forecast,forecast_level,renewable_total_forecast_da_mw,da_forecast,forecast_level,renewable_total_forecast_da_mw,False
wind_offshore_id_forecast_error_mw_rolling_mean_28d_same_local_qh,0.0,0.0,0.0,0.0,0.0,0.0,0.0,105.0,105.0,False,True,kept,38581,0.9780960831537584,38572,lagged_forecast_error,lagged_forecast_error,wind_offshore_id_forecast_error_mw,True,kept,wind_offshore_da_forecast_error_mw_rolling_mean_28d_same_local_qh,0.845817465860605,0.21193095650693222,lagged_forecast_error,lagged_forecast_error,wind_offshore_id_forecast_error_mw,lagged_forecast_error,lagged_forecast_error,wind_offshore_id_forecast_error_mw,False
wind_offshore_da_forecast_error_mw_rolling_mean_14d_same_local_qh,0.0,0.0,0.0,0.0,0.0,0.0,0.0,106.0,106.0,False,True,kept,38581,0.9780960831537584,38565,lagged_forecast_error,lagged_forecast_error,wind_offshore_da_forecast_error_mw,True,kept,wind_offshore_da_forecast_error_mw_rolling_median_14d_same_local_qh,0.799532907616472,0.21386275085493386,lagged_forecast_error,lagged_forecast_error,wind_offshore_da_forecast_error_mw,lagged_forecast_error,lagged_forecast_error,wind_offshore_da_forecast_error_mw,False
wind_onshore_id_forecast_error_mw_rolling_mean_7d_same_local_qh,0.0,0.0,0.0,0.0,0.0,0.0,0.0,107.5,107.0,False,True,kept,38485,0.9756623146152871,38282,lagged_forecast_error,lagged_forecast_error,wind_onshore_id_forecast_error_mw,True,kept,wind_onshore_id_forecast_error_mw_rolling_mean_14d_same_local_qh,0.8078626604525706,0.23148641874695003,lagged_forecast_error,lagged_forecast_error,wind_onshore_id_forecast_error_mw,lagged_forecast_error,lagged_forecast_error,wind_onshore_id_forecast_error_mw,False
wind_offshore_id_forecast_error_mw_rolling_median_14d_same_local_qh,0.0,0.0,0.0,0.0,0.0,0.0,0.0,108.5,108.0,False,True,kept,38581,0.9780960831537584,19193,lagged_forecast_error,lagged_forecast_error,wind_offshore_id_forecast_error_mw,True,kept,wind_offshore_da_forecast_error_mw_rolling_median_14d_same_local_qh,0.7427577085465275,0.23297371274331297,lagged_forecast_error,lagged_forecast_error,wind_offshore_id_forecast_error_mw,lagged_forecast_error,lagged_forecast_error,wind_offshore_id_forecast_error_mw,False
wind_offshore_da_forecast_error_mw_rolling_mean_28d_same_local_qh,0.0,0.0,0.0,0.0,0.0,0.0,0.0,110.0,109.0,False,True,kept,38581,0.9780960831537584,38575,lagged_forecast_error,lagged_forecast_error,wind_offshore_da_forecast_error_mw,True,kept,wind_offshore_da_forecast_error_mw_rolling_median_28d_same_local_qh,0.7874355256635428,0.2423044500040685,lagged_forecast_error,lagged_forecast_error,wind_offshore_da_forecast_error_mw,lagged_forecast_error,lagged_forecast_error,wind_offshore_da_forecast_error_mw,False
wind_offshore_da_forecast_error_mw_rolling_median_7d_same_local_qh,0.0,0.0,0.0,0.0,0.0,0.0,0.0,110.0,110.0,False,True,kept,38483,0.9756116111040689,19380,lagged_forecast_error,lagged_forecast_error,wind_offshore_da_forecast_error_mw,True,kept,wind_offshore_da_forecast_error_mw_rolling_median_14d_same_local_qh,0.692309183372903,0.24229735421623802,lagged_forecast_error,lagged_forecast_error,wind_offshore_da_forecast_error_mw,lagged_forecast_error,lagged_forecast_error,wind_offshore_da_forecast_error_mw,False
wind_onshore_da_forecast_error_mw_rolling_mean_14d_same_local_qh,0.0,0.0,0.0,0.0,0.0,0.0,0.0,111.5,111.0,False,True,kept,38581,0.9780960831537584,38576,lagged_forecast_error,lagged_forecast_error,wind_onshore_da_forecast_error_mw,True,kept,wind_onshore_id_forecast_error_mw_rolling_mean_14d_same_local_qh,0.8408984041854509,0.2580788529581111,lagged_forecast_error,lagged_forecast_error,wind_onshore_da_forecast_error_mw,lagged_forecast_error,lagged_forecast_error,wind_onshore_da_forecast_error_mw,False
wind_offshore_da_forecast_error_mw_rolling_median_14d_same_local_qh,0.0,0.0,0.0,0.0,0.0,0.0,0.0,112.5,112.0,False,True,kept,38581,0.9780960831537584,19305,lagged_forecast_error,lagged_forecast_error,wind_offshore_da_forecast_error_mw,True,kept,wind_offshore_da_forecast_error_mw_rolling_median_28d_same_local_qh,0.7091574136471421,0.2593767981394802,lagged_forecast_error,lagged_forecast_error,wind_offshore_da_forecast_error_mw,lagged_forecast_error,lagged_forecast_error,wind_offshore_da_forecast_error_mw,False
wind_onshore_id_forecast_error_mw_rolling_mean_28d_same_local_qh,0.0,0.0,0.0,0.0,0.0,0.0,0.0,115.0,113.0,False,True,kept,38581,0.9780960831537584,38579,lagged_forecast_error,lagged_forecast_error,wind_onshore_id_forecast_error_mw,True,kept,solar_id_forecast_error_mw_rolling_std_28d_same_local_qh,0.4173359710541768,0.283673860682592,lagged_forecast_error,lagged_forecast_error,wind_onshore_id_forecast_error_mw,lagged_forecast_error,lagged_forecast_error,wind_onshore_id_forecast_error_mw,False
wind_onshore_id_forecast_error_mw_rolling_mean_14d_same_local_qh,0.0,0.0,0.0,0.0,0.0,0.0,0.0,114.0,114.0,False,True,kept,38581,0.9780960831537584,38580,lagged_forecast_error,lagged_forecast_error,wind_onshore_id_forecast_error_mw,True,kept,wind_onshore_id_forecast_error_mw_rolling_mean_28d_same_local_qh,0.7927805333889989,0.2602744021473574,lagged_forecast_error,lagged_forecast_error,wind_onshore_id_forecast_error_mw,lagged_forecast_error,lagged_forecast_error,wind_onshore_id_forecast_error_mw,False
wind_offshore_id_forecast_error_mw_rolling_median_28d_same_local_qh,0.0,0.0,0.0,0.0,0.0,0.0,0.0,115.0,115.0,False,True,kept,38581,0.9780960831537584,15067,lagged_forecast_error,lagged_forecast_error,wind_offshore_id_forecast_error_mw,True,kept,wind_offshore_da_forecast_error_mw_rolling_median_28d_same_local_qh,0.7522827325328942,0.27511174652522846,lagged_forecast_error,lagged_forecast_error,wind_offshore_id_forecast_error_mw,lagged_forecast_error,lagged_forecast_error,wind_offshore_id_forecast_error_mw,False
wind_onshore_da_forecast_error_mw_rolling_mean_28d_same_local_qh,0.0,0.0,0.0,0.0,0.0,0.0,0.0,116.0,116.0,False,True,kept,38581,0.9780960831537584,38579,lagged_forecast_error,lagged_forecast_error,wind_onshore_da_forecast_error_mw,True,kept,wind_onshore_id_forecast_error_mw_rolling_mean_28d_same_local_qh,0.8538272457925598,0.28336926923766853,lagged_forecast_error,lagged_forecast_error,wind_onshore_da_forecast_error_mw,lagged_forecast_error,lagged_forecast_error,wind_onshore_da_forecast_error_mw,False
load_da_forecast_error_mw_lag_14d_same_local_qh,0.0,0.0,0.0,0.0,0.0,0.0,0.0,118.0,117.0,False,True,kept,34544,0.8757510457599189,34445,lagged_forecast_error,lagged_forecast_error,load_da_forecast_error_mw,True,kept,load_da_forecast_error_mw_rolling_mean_14d_same_local_qh,0.7208947925471527,0.32479239446237185,lagged_forecast_error,lagged_forecast_error,load_da_forecast_error_mw,lagged_forecast_error,lagged_forecast_error,load_da_forecast_error_mw,False
wind_offshore_da_forecast_error_mw_rolling_median_28d_same_local_qh,0.0,0.0,0.0,0.0,0.0,0.0,0.0,118.0,118.0,False,True,kept,38581,0.9780960831537584,15007,lagged_forecast_error,lagged_forecast_error,wind_offshore_da_forecast_error_mw,True,kept,solar_id_forecast_error_mw_rolling_std_28d_same_local_qh,0.34115537866971984,0.3026452697419347,lagged_forecast_error,lagged_forecast_error,wind_offshore_da_forecast_error_mw,lagged_forecast_error,lagged_forecast_error,wind_offshore_da_forecast_error_mw,False
load_da_forecast_error_mw_lag_7d_same_local_qh,0.0,0.0,0.0,0.0,0.0,0.0,0.0,120.125,120.0,False,True,kept,35312,0.8952211940676892,35214,lagged_forecast_error,lagged_forecast_error,load_da_forecast_error_mw,True,kept,load_da_forecast_error_mw_rolling_mean_14d_same_local_qh,0.7478992331288683,0.34512204246034195,lagged_forecast_error,lagged_forecast_error,load_da_forecast_error_mw,lagged_forecast_error,lagged_forecast_error,load_da_forecast_error_mw,False
wind_total_forecast_revision_id_minus_da_mw_rolling_mean_3d_same_local_qh,0.0,0.0,0.0,0.0,0.0,0.0,0.0,122.0,121.0,False,True,kept,39445,1.0,39361,forecast_revision,forecast_revision,wind_total_forecast_revision_id_minus_da_mw,True,kept,residual_load_revision_id_minus_da_approx_mw_rolling_mean_3d_same_local_qh,0.8681981950254939,0.016754979791400223,forecast_revision,forecast_revision,wind_total_forecast_revision_id_minus_da_mw,forecast_revision,forecast_revision,wind_total_forecast_revision_id_minus_da_mw,False
load_da_forecast_error_mw_rolling_median_7d_same_local_qh,0.0,0.0,0.0,0.0,0.0,0.0,0.0,122.625,122.0,False,True,kept,38485,0.9756623146152871,19669,lagged_forecast_error,lagged_forecast_error,load_da_forecast_error_mw,True,kept,load_da_forecast_error_mw_rolling_mean_14d_same_local_qh,0.9108627828595798,0.4350919023994684,lagged_forecast_error,lagged_forecast_error,load_da_forecast_error_mw,lagged_forecast_error,lagged_forecast_error,load_da_forecast_error_mw,False
wind_offshore_forecast_revision_id_minus_da_mw_lag_14d_same_local_qh,0.0,0.0,0.0,0.0,0.0,0.0,0.0,124.875,122.0,False,True,kept,37594,0.9530739003676004,35588,forecast_revision,forecast_revision,wind_offshore_forecast_revision_id_minus_da_mw,True,kept,wind_total_forecast_revision_id_minus_da_mw_lag_14d_same_local_qh,0.5253774368286533,0.0028823598517288005,forecast_revision,forecast_revision,wind_offshore_forecast_revision_id_minus_da_mw,forecast_revision,forecast_revision,wind_offshore_forecast_revision_id_minus_da_mw,False
solar_id_forecast_error_mw_rolling_std_3d_same_local_qh,0.0,0.0,0.0,0.0,0.0,0.0,0.0,124.5,123.0,False,True,kept,21712,0.5504373177842565,21691,lagged_forecast_error,lagged_forecast_error,solar_id_forecast_error_mw,True,kept,solar_id_forecast_error_mw_rolling_std_7d_same_local_qh,0.8820967214695815,0.4679520837379195,lagged_forecast_error,lagged_forecast_error,solar_id_forecast_error_mw,lagged_forecast_error,lagged_forecast_error,solar_id_forecast_error_mw,False
solar_da_forecast_error_mw_rolling_std_3d_same_local_qh,0.0,0.0,0.0,0.0,0.0,0.0,0.0,124.0,124.0,False,True,kept,21518,0.5455190771960958,21498,lagged_forecast_error,lagged_forecast_error,solar_da_forecast_error_mw,True,kept,solar_id_forecast_error_mw_rolling_std_3d_same_local_qh,0.9093969062238623,0.4565792234750366,lagged_forecast_error,lagged_forecast_error,solar_da_forecast_error_mw,lagged_forecast_error,lagged_forecast_error,solar_da_forecast_error_mw,False
solar_id_forecast_error_mw_rolling_std_7d_same_local_qh,0.0,0.0,0.0,0.0,0.0,0.0,0.0,126.375,125.0,False,True,kept,22636,0.5738623399670427,22510,lagged_forecast_error,lagged_forecast_error,solar_id_forecast_error_mw,True,kept,solar_id_forecast_error_mw_rolling_std_28d_same_local_qh,0.8931361923140438,0.5169019884210595,lagged_forecast_error,lagged_forecast_error,solar_id_forecast_error_mw,lagged_forecast_error,lagged_forecast_error,solar_id_forecast_error_mw,False
solar_id_forecast_error_mw_rolling_std_28d_same_local_qh,0.0,0.0,0.0,0.0,0.0,0.0,0.0,128.0,128.0,False,True,kept,22921,0.5810875903156294,22821,lagged_forecast_error,lagged_forecast_error,solar_id_forecast_error_mw,True,first_ranked_feature,,0.0,0.5345515306171847,lagged_forecast_error,lagged_forecast_error,solar_id_forecast_error_mw,lagged_forecast_error,lagged_forecast_error,solar_id_forecast_error_mw,False
wind_onshore_id_forecast_error_mw_rolling_median_14d_same_local_qh,0.0,0.0,0.0,0.0,0.0,0.0,0.0,140.375,131.0,False,True,kept,38581,0.9780960831537584,19697,lagged_forecast_error,lagged_forecast_error,wind_onshore_id_forecast_error_mw,True,kept,wind_onshore_id_forecast_error_mw_rolling_mean_14d_same_local_qh,0.8660731921748714,0.1732704228152986,lagged_forecast_error,lagged_forecast_error,wind_onshore_id_forecast_error_mw,lagged_forecast_error,lagged_forecast_error,wind_onshore_id_forecast_error_mw,False
solar_id_forecast_error_mw_lag_14d_same_local_qh,0.0,0.0,0.0,0.0,0.0,0.0,0.0,140.875,132.0,False,True,kept,20338,0.5156040055773863,19949,lagged_forecast_error,lagged_forecast_error,solar_id_forecast_error_mw,True,kept,solar_id_forecast_error_mw_rolling_mean_14d_same_local_qh,0.4967157380395633,0.17789168865227634,lagged_forecast_error,lagged_forecast_error,solar_id_forecast_error_mw,lagged_forecast_error,lagged_forecast_error,solar_id_forecast_error_mw,False
wind_offshore_id_forecast_error_mw_rolling_median_7d_same_local_qh,0.0,0.0,0.0,0.0,0.0,0.0,0.0,140.625,132.0,False,True,kept,38479,0.9755102040816327,19265,lagged_forecast_error,lagged_forecast_error,wind_offshore_id_forecast_error_mw,True,kept,wind_offshore_da_forecast_error_mw_rolling_median_7d_same_local_qh,0.728158424938749,0.2078026838227169,lagged_forecast_error,lagged_forecast_error,wind_offshore_id_forecast_error_mw,lagged_forecast_error,lagged_forecast_error,wind_offshore_id_forecast_error_mw,False
wind_onshore_da_forecast_error_mw_rolling_median_28d_same_local_qh,0.0,0.0,0.0,0.0,0.0,0.0,0.0,147.25,132.0,False,True,kept,38581,0.9780960831537584,15342,lagged_forecast_error,lagged_forecast_error,wind_onshore_da_forecast_error_mw,True,kept,wind_onshore_da_forecast_error_mw_rolling_mean_28d_same_local_qh,0.8240266097599227,0.17158618027189373,lagged_forecast_error,lagged_forecast_error,wind_onshore_da_forecast_error_mw,lagged_forecast_error,lagged_forecast_error,wind_onshore_da_forecast_error_mw,False
wind_offshore_id_forecast_error_mw_rolling_mean_14d_same_local_qh,0.0,0.0,0.0,0.0,0.0,0.0,0.0,154.875,133.0,False,True,kept,38581,0.9780960831537584,38564,lagged_forecast_error,lagged_forecast_error,wind_offshore_id_forecast_error_mw,True,kept,wind_offshore_da_forecast_error_mw_rolling_mean_14d_same_local_qh,0.8484278067074109,0.19159310902353188,lagged_forecast_error,lagged_forecast_error,wind_offshore_id_forecast_error_mw,lagged_forecast_error,lagged_forecast_error,wind_offshore_id_forecast_error_mw,False
wind_onshore_id_forecast_error_mw_rolling_median_28d_same_local_qh,0.0,0.0,0.0,0.0,0.0,0.0,0.0,153.5,134.0,False,True,kept,38581,0.9780960831537584,15642,lagged_forecast_error,lagged_forecast_error,wind_onshore_id_forecast_error_mw,True,kept,wind_onshore_id_forecast_error_mw_rolling_mean_28d_same_local_qh,0.8694584198716049,0.20129175391928186,lagged_forecast_error,lagged_forecast_error,wind_onshore_id_forecast_error_mw,lagged_forecast_error,lagged_forecast_error,wind_onshore_id_forecast_error_mw,False
wind_offshore_id_forecast_error_mw_rolling_mean_7d_same_local_qh,0.0,0.0,0.0,0.0,0.0,0.0,0.0,147.25,135.0,False,True,kept,38479,0.9755102040816327,38254,lagged_forecast_error,lagged_forecast_error,wind_offshore_id_forecast_error_mw,True,kept,wind_offshore_da_forecast_error_mw_rolling_mean_7d_same_local_qh,0.8457748221200483,0.20164045670042222,lagged_forecast_error,lagged_forecast_error,wind_offshore_id_forecast_error_mw,lagged_forecast_error,lagged_forecast_error,wind_offshore_id_forecast_error_mw,False
wind_offshore_da_forecast_error_mw_rolling_mean_7d_same_local_qh,0.0,0.0,0.0,0.0,0.0,0.0,0.0,149.75,136.0,False,True,kept,38483,0.9756116111040689,38258,lagged_forecast_error,lagged_forecast_error,wind_offshore_da_forecast_error_mw,True,kept,wind_offshore_da_forecast_error_mw_rolling_median_7d_same_local_qh,0.8162829300584282,0.2068904380911949,lagged_forecast_error,lagged_forecast_error,wind_offshore_da_forecast_error_mw,lagged_forecast_error,lagged_forecast_error,wind_offshore_da_forecast_error_mw,False
wind_onshore_da_forecast_error_mw_rolling_mean_7d_same_local_qh,0.0,0.0,0.0,0.0,0.0,0.0,0.0,153.875,136.0,False,True,kept,38485,0.9756623146152871,38285,lagged_forecast_error,lagged_forecast_error,wind_onshore_da_forecast_error_mw,True,kept,wind_onshore_id_forecast_error_mw_rolling_mean_7d_same_local_qh,0.8079495965754419,0.1969307829931381,lagged_forecast_error,lagged_forecast_error,wind_onshore_da_forecast_error_mw,lagged_forecast_error,lagged_forecast_error,wind_onshore_da_forecast_error_mw,False
wind_onshore_id_forecast_error_mw_lag_7d_same_local_qh,0.0,0.0,0.0,0.0,0.0,0.0,0.0,137.625,137.0,False,True,kept,35313,0.8952465458232982,34832,lagged_forecast_error,lagged_forecast_error,wind_onshore_id_forecast_error_mw,True,kept,wind_onshore_id_forecast_error_mw_rolling_mean_7d_same_local_qh,0.4837198090601311,0.11356203905171032,lagged_forecast_error,lagged_forecast_error,wind_onshore_id_forecast_error_mw,lagged_forecast_error,lagged_forecast_error,wind_onshore_id_forecast_error_mw,False
wind_onshore_id_forecast_error_mw_rolling_median_3d_same_local_qh,0.0,0.0,0.0,0.0,0.0,0.0,0.0,138.625,138.0,False,True,kept,37141,0.9415895550766891,24353,lagged_forecast_error,lagged_forecast_error,wind_onshore_id_forecast_error_mw,True,kept,wind_onshore_id_forecast_error_mw_rolling_mean_3d_same_local_qh,0.8844366503757889,0.11524131525117368,lagged_forecast_error,lagged_forecast_error,wind_onshore_id_forecast_error_mw,lagged_forecast_error,lagged_forecast_error,wind_onshore_id_forecast_error_mw,False
wind_onshore_da_forecast_error_mw_rolling_median_7d_same_local_qh,0.0,0.0,0.0,0.0,0.0,0.0,0.0,142.75,139.0,False,True,kept,38485,0.9756623146152871,19527,lagged_forecast_error,lagged_forecast_error,wind_onshore_da_forecast_error_mw,True,kept,wind_onshore_da_forecast_error_mw_rolling_mean_7d_same_local_qh,0.8417335348390049,0.11716475806871417,lagged_forecast_error,lagged_forecast_error,wind_onshore_da_forecast_error_mw,lagged_forecast_error,lagged_forecast_error,wind_onshore_da_forecast_error_mw,False
solar_da_forecast_error_mw_lag_1d_same_local_qh,0.0,0.0,0.0,0.0,0.0,0.0,0.0,148.0,140.0,False,True,kept,21229,0.5381924198250729,20915,lagged_forecast_error,lagged_forecast_error,solar_da_forecast_error_mw,True,kept,solar_id_forecast_error_mw_lag_1d_same_local_qh,0.8689478398522197,0.111582054218045,lagged_forecast_error,lagged_forecast_error,solar_da_forecast_error_mw,lagged_forecast_error,lagged_forecast_error,solar_da_forecast_error_mw,False
solar_id_forecast_error_mw_lag_7d_same_local_qh,0.0,0.0,0.0,0.0,0.0,0.0,0.0,141.75,141.0,False,True,kept,20789,0.5270376473570795,20397,lagged_forecast_error,lagged_forecast_error,solar_id_forecast_error_mw,True,kept,solar_id_forecast_error_mw_rolling_mean_7d_same_local_qh,0.572574965776661,0.10729851405113643,lagged_forecast_error,lagged_forecast_error,solar_id_forecast_error_mw,lagged_forecast_error,lagged_forecast_error,solar_id_forecast_error_mw,False
wind_offshore_id_forecast_error_mw_lag_7d_same_local_qh,0.0,0.0,0.0,0.0,0.0,0.0,0.0,164.375,143.0,False,True,kept,35301,0.8949423247559893,34445,lagged_forecast_error,lagged_forecast_error,wind_offshore_id_forecast_error_mw,True,kept,wind_offshore_id_forecast_error_mw_rolling_median_7d_same_local_qh,0.39962178769630796,0.10796127160528361,lagged_forecast_error,lagged_forecast_error,wind_offshore_id_forecast_error_mw,lagged_forecast_error,lagged_forecast_error,wind_offshore_id_forecast_error_mw,False
solar_da_forecast_error_mw_rolling_median_7d_same_local_qh,0.0,0.0,0.0,0.0,0.0,0.0,0.0,160.875,145.0,False,True,kept,22422,0.5684370642667005,12152,lagged_forecast_error,lagged_forecast_error,solar_da_forecast_error_mw,True,kept,solar_id_forecast_error_mw_rolling_median_7d_same_local_qh,0.8777553292421958,0.10224323124736852,lagged_forecast_error,lagged_forecast_error,solar_da_forecast_error_mw,lagged_forecast_error,lagged_forecast_error,solar_da_forecast_error_mw,False
wind_offshore_id_forecast_error_mw_lag_14d_same_local_qh,0.0,0.0,0.0,0.0,0.0,0.0,0.0,146.875,146.0,False,True,kept,34532,0.8754468246926099,33681,lagged_forecast_error,lagged_forecast_error,wind_offshore_id_forecast_error_mw,True,kept,wind_offshore_id_forecast_error_mw_rolling_median_14d_same_local_qh,0.2930620962954101,0.09656495229339054,lagged_forecast_error,lagged_forecast_error,wind_offshore_id_forecast_error_mw,lagged_forecast_error,lagged_forecast_error,wind_offshore_id_forecast_error_mw,False
wind_onshore_id_forecast_error_mw_lag_14d_same_local_qh,0.0,0.0,0.0,0.0,0.0,0.0,0.0,158.25,148.0,False,True,kept,34545,0.8757763975155279,34061,lagged_forecast_error,lagged_forecast_error,wind_onshore_id_forecast_error_mw,True,kept,wind_onshore_id_forecast_error_mw_rolling_median_14d_same_local_qh,0.3808912803369669,0.08477409218534376,lagged_forecast_error,lagged_forecast_error,wind_onshore_id_forecast_error_mw,lagged_forecast_error,lagged_forecast_error,wind_onshore_id_forecast_error_mw,False
wind_offshore_da_forecast_error_mw_lag_14d_same_local_qh,0.0,0.0,0.0,0.0,0.0,0.0,0.0,176.5,150.0,False,True,kept,34539,0.8756242869818734,34005,lagged_forecast_error,lagged_forecast_error,wind_offshore_da_forecast_error_mw,True,kept,wind_offshore_id_forecast_error_mw_lag_14d_same_local_qh,0.8027894620159773,0.08343981040633767,lagged_forecast_error,lagged_forecast_error,wind_offshore_da_forecast_error_mw,lagged_forecast_error,lagged_forecast_error,wind_offshore_da_forecast_error_mw,False
wind_onshore_id_forecast_error_mw_rolling_std_3d_same_local_qh,0.0,0.0,0.0,0.0,0.0,0.0,0.0,175.75,151.0,False,True,kept,37141,0.9415895550766891,37139,lagged_forecast_error,lagged_forecast_error,wind_onshore_id_forecast_error_mw,True,kept,wind_onshore_da_forecast_error_mw_rolling_std_28d_same_local_qh,0.3491637020254553,0.08265753882242392,lagged_forecast_error,lagged_forecast_error,wind_onshore_id_forecast_error_mw,lagged_forecast_error,lagged_forecast_error,wind_onshore_id_forecast_error_mw,False
wind_offshore_id_forecast_error_mw_rolling_mean_3d_same_local_qh,0.0,0.0,0.0,0.0,0.0,0.0,0.0,153.0,153.0,False,True,kept,37134,0.9414120927874255,37082,lagged_forecast_error,lagged_forecast_error,wind_offshore_id_forecast_error_mw,True,kept,wind_offshore_da_forecast_error_mw_rolling_mean_3d_same_local_qh,0.8321738677383259,0.1630625478363852,lagged_forecast_error,lagged_forecast_error,wind_offshore_id_forecast_error_mw,lagged_forecast_error,lagged_forecast_error,wind_offshore_id_forecast_error_mw,False
solar_id_forecast_error_mw_rolling_median_7d_same_local_qh,0.0,0.0,0.0,0.0,0.0,0.0,0.0,161.75,154.0,False,True,kept,22636,0.5738623399670427,11996,lagged_forecast_error,lagged_forecast_error,solar_id_forecast_error_mw,True,kept,solar_id_forecast_error_mw_rolling_mean_7d_same_local_qh,0.9175337114862436,0.165297553922025,lagged_forecast_error,lagged_forecast_error,solar_id_forecast_error_mw,lagged_forecast_error,lagged_forecast_error,solar_id_forecast_error_mw,False
wind_onshore_id_forecast_error_mw_rolling_median_7d_same_local_qh,0.0,0.0,0.0,0.0,0.0,0.0,0.0,156.5,155.0,False,True,kept,38485,0.9756623146152871,19910,lagged_forecast_error,lagged_forecast_error,wind_onshore_id_forecast_error_mw,True,kept,wind_onshore_id_forecast_error_mw_rolling_mean_7d_same_local_qh,0.867643996531761,0.15332324784269566,lagged_forecast_error,lagged_forecast_error,wind_onshore_id_forecast_error_mw,lagged_forecast_error,lagged_forecast_error,wind_onshore_id_forecast_error_mw,False
wind_onshore_id_forecast_error_mw_rolling_mean_3d_same_local_qh,0.0,0.0,0.0,0.0,0.0,0.0,0.0,157.0,156.0,False,True,kept,37141,0.9415895550766891,37109,lagged_forecast_error,lagged_forecast_error,wind_onshore_id_forecast_error_mw,True,kept,wind_onshore_id_forecast_error_mw_rolling_mean_7d_same_local_qh,0.7633637079296168,0.15584529292887508,lagged_forecast_error,lagged_forecast_error,wind_onshore_id_forecast_error_mw,lagged_forecast_error,lagged_forecast_error,wind_onshore_id_forecast_error_mw,False
solar_da_forecast_error_mw_rolling_median_28d_same_local_qh,0.0,0.0,0.0,0.0,0.0,0.0,0.0,159.625,157.0,False,True,kept,22700,0.5754848523260235,10860,lagged_forecast_error,lagged_forecast_error,solar_da_forecast_error_mw,True,kept,solar_id_forecast_error_mw_rolling_mean_28d_same_local_qh,0.8889895283088023,0.15142374097094974,lagged_forecast_error,lagged_forecast_error,solar_da_forecast_error_mw,lagged_forecast_error,lagged_forecast_error,solar_da_forecast_error_mw,False
wind_offshore_id_forecast_error_mw_rolling_median_3d_same_local_qh,0.0,0.0,0.0,0.0,0.0,0.0,0.0,157.125,157.0,False,True,kept,37134,0.9414120927874255,23758,lagged_forecast_error,lagged_forecast_error,wind_offshore_id_forecast_error_mw,True,kept,wind_offshore_id_forecast_error_mw_rolling_mean_3d_same_local_qh,0.8455946897007988,0.14400831957170215,lagged_forecast_error,lagged_forecast_error,wind_offshore_id_forecast_error_mw,lagged_forecast_error,lagged_forecast_error,wind_offshore_id_forecast_error_mw,False
wind_onshore_da_forecast_error_mw_rolling_median_14d_same_local_qh,0.0,0.0,0.0,0.0,0.0,0.0,0.0,159.375,158.0,False,True,kept,38581,0.9780960831537584,19662,lagged_forecast_error,lagged_forecast_error,wind_onshore_da_forecast_error_mw,True,kept,wind_onshore_da_forecast_error_mw_rolling_mean_14d_same_local_qh,0.826932944750197,0.14021989802237037,lagged_forecast_error,lagged_forecast_error,wind_onshore_da_forecast_error_mw,lagged_forecast_error,lagged_forecast_error,wind_onshore_da_forecast_error_mw,False
wind_onshore_da_forecast_error_mw_rolling_std_28d_same_local_qh,0.0,0.0,0.0,0.0,0.0,0.0,0.0,161.0,161.0,False,True,kept,38581,0.9780960831537584,38581,lagged_forecast_error,lagged_forecast_error,wind_onshore_da_forecast_error_mw,True,kept,load_da_forecast_error_mw_rolling_mean_14d_same_local_qh,0.29263660233332345,0.126178097995229,lagged_forecast_error,lagged_forecast_error,wind_onshore_da_forecast_error_mw,lagged_forecast_error,lagged_forecast_error,wind_onshore_da_forecast_error_mw,False
wind_offshore_id_forecast_error_mw_rolling_std_14d_same_local_qh,0.0,0.0,0.0,0.0,0.0,0.0,0.0,169.0,169.0,False,True,kept,38581,0.9780960831537584,38577,lagged_forecast_error,lagged_forecast_error,wind_offshore_id_forecast_error_mw,True,kept,wind_offshore_id_forecast_error_mw_rolling_std_28d_same_local_qh,0.8599573387913318,0.041772460490077365,lagged_forecast_error,lagged_forecast_error,wind_offshore_id_forecast_error_mw,lagged_forecast_error,lagged_forecast_error,wind_offshore_id_forecast_error_mw,False
wind_offshore_id_forecast_error_mw_rolling_std_28d_same_local_qh,0.0,0.0,0.0,0.0,0.0,0.0,0.0,170.0,170.0,False,True,kept,38581,0.9780960831537584,38580,lagged_forecast_error,lagged_forecast_error,wind_offshore_id_forecast_error_mw,True,kept,wind_offshore_da_forecast_error_mw_rolling_std_28d_same_local_qh,0.759955088115872,0.04199970356121632,lagged_forecast_error,lagged_forecast_error,wind_offshore_id_forecast_error_mw,lagged_forecast_error,lagged_forecast_error,wind_offshore_id_forecast_error_mw,False
load_da_forecast_error_mw_rolling_std_28d_same_local_qh,0.0,0.0,0.0,0.0,0.0,0.0,0.0,171.0,171.0,False,True,kept,38581,0.9780960831537584,38581,lagged_forecast_error,lagged_forecast_error,load_da_forecast_error_mw,True,kept,load_da_forecast_error_mw_rolling_std_14d_same_local_qh,0.7776932545005073,0.04281309816355384,lagged_forecast_error,lagged_forecast_error,load_da_forecast_error_mw,lagged_forecast_error,lagged_forecast_error,load_da_forecast_error_mw,False
solar_da_forecast_error_mw_lag_7d_same_local_qh,0.0,0.0,0.0,0.0,0.0,0.0,0.0,172.0,172.0,False,True,kept,20594,0.5220940550133096,20287,lagged_forecast_error,lagged_forecast_error,solar_da_forecast_error_mw,True,kept,solar_id_forecast_error_mw_lag_7d_same_local_qh,0.8671715493496435,0.04497850791570363,lagged_forecast_error,lagged_forecast_error,solar_da_forecast_error_mw,lagged_forecast_error,lagged_forecast_error,solar_da_forecast_error_mw,False
wind_onshore_id_forecast_error_mw_rolling_std_14d_same_local_qh,0.0,0.0,0.0,0.0,0.0,0.0,0.0,173.0,173.0,False,True,kept,38581,0.9780960831537584,38581,lagged_forecast_error,lagged_forecast_error,wind_onshore_id_forecast_error_mw,True,kept,wind_onshore_id_forecast_error_mw_rolling_std_28d_same_local_qh,0.8789017445162547,0.04800133378802307,lagged_forecast_error,lagged_forecast_error,wind_onshore_id_forecast_error_mw,lagged_forecast_error,lagged_forecast_error,wind_onshore_id_forecast_error_mw,False
wind_onshore_id_forecast_error_mw_rolling_std_28d_same_local_qh,0.0,0.0,0.0,0.0,0.0,0.0,0.0,174.0,174.0,False,True,kept,38581,0.9780960831537584,38581,lagged_forecast_error,lagged_forecast_error,wind_onshore_id_forecast_error_mw,True,kept,wind_onshore_id_forecast_error_mw_rolling_std_7d_same_local_qh,0.742509894934399,0.05175573088753782,lagged_forecast_error,lagged_forecast_error,wind_onshore_id_forecast_error_mw,lagged_forecast_error,lagged_forecast_error,wind_onshore_id_forecast_error_mw,False
wind_onshore_id_forecast_error_mw_rolling_std_7d_same_local_qh,0.0,0.0,0.0,0.0,0.0,0.0,0.0,175.0,175.0,False,True,kept,38485,0.9756623146152871,38293,lagged_forecast_error,lagged_forecast_error,wind_onshore_id_forecast_error_mw,True,kept,wind_onshore_id_forecast_error_mw_rolling_std_3d_same_local_qh,0.7149645275695375,0.054022335513546925,lagged_forecast_error,lagged_forecast_error,wind_onshore_id_forecast_error_mw,lagged_forecast_error,lagged_forecast_error,wind_onshore_id_forecast_error_mw,False
wind_offshore_da_forecast_error_mw_rolling_std_14d_same_local_qh,0.0,0.0,0.0,0.0,0.0,0.0,0.0,176.0,176.0,False,True,kept,38581,0.9780960831537584,38580,lagged_forecast_error,lagged_forecast_error,wind_offshore_da_forecast_error_mw,True,kept,wind_offshore_da_forecast_error_mw_rolling_std_28d_same_local_qh,0.7097869746916455,0.054854783474151965,lagged_forecast_error,lagged_forecast_error,wind_offshore_da_forecast_error_mw,lagged_forecast_error,lagged_forecast_error,wind_offshore_da_forecast_error_mw,False
wind_onshore_da_forecast_error_mw_lag_14d_same_local_qh,0.0,0.0,0.0,0.0,0.0,0.0,0.0,177.5,177.0,False,True,kept,34540,0.8756496387374826,34257,lagged_forecast_error,lagged_forecast_error,wind_onshore_da_forecast_error_mw,True,kept,wind_onshore_id_forecast_error_mw_lag_14d_same_local_qh,0.7460055786663806,0.062069284780799434,lagged_forecast_error,lagged_forecast_error,wind_onshore_da_forecast_error_mw,lagged_forecast_error,lagged_forecast_error,wind_onshore_da_forecast_error_mw,False
load_da_forecast_error_mw_rolling_std_7d_same_local_qh,0.0,0.0,0.0,0.0,0.0,0.0,0.0,178.5,178.0,False,True,kept,38485,0.9756623146152871,38293,lagged_forecast_error,lagged_forecast_error,load_da_forecast_error_mw,True,kept,load_da_forecast_error_mw_rolling_std_14d_same_local_qh,0.7265758458283408,0.06610167834104837,lagged_forecast_error,lagged_forecast_error,load_da_forecast_error_mw,lagged_forecast_error,lagged_forecast_error,load_da_forecast_error_mw,False
wind_onshore_id_forecast_error_mw_lag_1d_same_local_qh,0.0,0.0,0.0,0.0,0.0,0.0,0.0,179.5,179.0,False,True,kept,36561,0.926885536823425,36075,lagged_forecast_error,lagged_forecast_error,wind_onshore_id_forecast_error_mw,True,kept,wind_onshore_id_forecast_error_mw_rolling_mean_3d_same_local_qh,0.6425634929491207,0.07521948825931477,lagged_forecast_error,lagged_forecast_error,wind_onshore_id_forecast_error_mw,lagged_forecast_error,lagged_forecast_error,wind_onshore_id_forecast_error_mw,False
wind_onshore_da_forecast_error_mw_rolling_std_14d_same_local_qh,0.0,0.0,0.0,0.0,0.0,0.0,0.0,181.75,180.0,False,True,kept,38581,0.9780960831537584,38580,lagged_forecast_error,lagged_forecast_error,wind_onshore_da_forecast_error_mw,True,kept,wind_onshore_da_forecast_error_mw_rolling_std_28d_same_local_qh,0.7537650203336105,0.08040441490641707,lagged_forecast_error,lagged_forecast_error,wind_onshore_da_forecast_error_mw,lagged_forecast_error,lagged_forecast_error,wind_onshore_da_forecast_error_mw,False
load_da_forecast_error_mw_rolling_std_14d_same_local_qh,0.0,0.0,0.0,0.0,0.0,0.0,0.0,181.75,181.0,False,True,kept,38581,0.9780960831537584,38581,lagged_forecast_error,lagged_forecast_error,load_da_forecast_error_mw,True,kept,solar_id_forecast_error_mw_rolling_std_28d_same_local_qh,0.3171312945649945,0.07748150166312942,lagged_forecast_error,lagged_forecast_error,load_da_forecast_error_mw,lagged_forecast_error,lagged_forecast_error,load_da_forecast_error_mw,False
wind_offshore_da_forecast_error_mw_rolling_std_28d_same_local_qh,0.0,0.0,0.0,0.0,0.0,0.0,0.0,184.0,184.0,False,True,kept,38581,0.9780960831537584,38581,lagged_forecast_error,lagged_forecast_error,wind_offshore_da_forecast_error_mw,True,kept,wind_onshore_da_forecast_error_mw_rolling_std_28d_same_local_qh,0.5401728125133447,0.08228681047464362,lagged_forecast_error,lagged_forecast_error,wind_offshore_da_forecast_error_mw,lagged_forecast_error,lagged_forecast_error,wind_offshore_da_forecast_error_mw,False
ida2_price_eur_mwh_lag_2d_same_local_qh,0.0,0.0,0.0,0.0,0.0,0.0,0.0,188.375,186.0,False,True,kept,37137,0.9414881480542527,15329,ida2_history,market_history,ida2_price_eur_mwh,True,kept,ida2_price_eur_mwh_rolling_mean_3d_same_local_qh,0.9094464592666318,0.5997079570281445,ida2_history,market_history,ida2_price_eur_mwh,ida2_history,market_history,ida2_price_eur_mwh,False
da_price_eur_mwh_rolling_mean_7d_same_local_qh,0.0,0.0,0.0,0.0,0.0,0.0,0.0,192.5,187.0,False,True,kept,39445,1.0,19358,da_price,market_history,da_price_eur_mwh,True,kept,da_price_eur_mwh_rolling_mean_3d_same_local_qh,0.8959770285426866,0.6434024521737326,da_price,market_history,da_price_eur_mwh,da_price,market_history,da_price_eur_mwh,False
ida2_price_eur_mwh_lag_14d_same_local_qh,0.0,0.0,0.0,0.0,0.0,0.0,0.0,190.75,188.0,False,True,kept,34929,0.8855114716694131,15038,ida2_history,market_history,ida2_price_eur_mwh,True,kept,ida2_price_eur_mwh_rolling_median_14d_same_local_qh,0.7292146360378919,0.6133788892972689,ida2_history,market_history,ida2_price_eur_mwh,ida2_history,market_history,ida2_price_eur_mwh,False
wind_offshore_da_forecast_error_mw_rolling_std_3d_same_local_qh,0.0,0.0,0.0,0.0,0.0,0.0,0.0,194.0,190.0,False,True,kept,37138,0.9415134998098619,37138,lagged_forecast_error,lagged_forecast_error,wind_offshore_da_forecast_error_mw,True,kept,wind_offshore_id_forecast_error_mw_rolling_std_3d_same_local_qh,0.6762413045298081,0.021575375755379107,lagged_forecast_error,lagged_forecast_error,wind_offshore_da_forecast_error_mw,lagged_forecast_error,lagged_forecast_error,wind_offshore_da_forecast_error_mw,False
wind_offshore_id_forecast_error_mw_rolling_std_3d_same_local_qh,0.0,0.0,0.0,0.0,0.0,0.0,0.0,198.0,190.0,False,True,kept,37134,0.9414120927874255,37132,lagged_forecast_error,lagged_forecast_error,wind_offshore_id_forecast_error_mw,True,kept,wind_offshore_id_forecast_error_mw_rolling_std_14d_same_local_qh,0.5651216120785322,0.026028006680236315,lagged_forecast_error,lagged_forecast_error,wind_offshore_id_forecast_error_mw,lagged_forecast_error,lagged_forecast_error,wind_offshore_id_forecast_error_mw,False
wind_offshore_id_forecast_error_mw_rolling_std_7d_same_local_qh,0.0,0.0,0.0,0.0,0.0,0.0,0.0,192.0,191.0,False,True,kept,38479,0.9755102040816327,38283,lagged_forecast_error,lagged_forecast_error,wind_offshore_id_forecast_error_mw,True,kept,wind_offshore_id_forecast_error_mw_rolling_std_14d_same_local_qh,0.7963273349962979,0.008017904671247208,lagged_forecast_error,lagged_forecast_error,wind_offshore_id_forecast_error_mw,lagged_forecast_error,lagged_forecast_error,wind_offshore_id_forecast_error_mw,False
da_price_eur_mwh_lag_2d_same_local_qh,0.0,0.0,0.0,0.0,0.0,0.0,0.0,194.375,192.0,False,True,kept,39430,0.9996197236658638,8175,da_price,market_history,da_price_eur_mwh,True,kept,da_price_eur_mwh_rolling_mean_3d_same_local_qh,0.9168440309322095,0.5581550264666695,da_price,market_history,da_price_eur_mwh,da_price,market_history,da_price_eur_mwh,False
da_price_eur_mwh_lag_7d_same_local_qh,0.0,0.0,0.0,0.0,0.0,0.0,0.0,193.25,193.0,False,True,kept,38470,0.975282038281151,8060,da_price,market_history,da_price_eur_mwh,True,kept,ida2_price_eur_mwh_lag_7d_same_local_qh,0.9001507414941774,0.5532946778830042,da_price,market_history,da_price_eur_mwh,da_price,market_history,da_price_eur_mwh,False
wind_onshore_da_forecast_error_mw_rolling_std_7d_same_local_qh,0.0,0.0,0.0,0.0,0.0,0.0,0.0,199.125,193.0,False,True,kept,38485,0.9756623146152871,38293,lagged_forecast_error,lagged_forecast_error,wind_onshore_da_forecast_error_mw,True,kept,wind_onshore_da_forecast_error_mw_rolling_std_14d_same_local_qh,0.7360846707590608,0.03170998057768638,lagged_forecast_error,lagged_forecast_error,wind_onshore_da_forecast_error_mw,lagged_forecast_error,lagged_forecast_error,wind_onshore_da_forecast_error_mw,False
da_price_eur_mwh_rolling_mean_3d_same_local_qh,0.0,0.0,0.0,0.0,0.0,0.0,0.0,196.0,196.0,False,True,kept,39445,1.0,20083,da_price,market_history,da_price_eur_mwh,True,kept,ida2_price_eur_mwh_rolling_mean_3d_same_local_qh,0.9173315422765974,0.6444313857012209,da_price,market_history,da_price_eur_mwh,da_price,market_history,da_price_eur_mwh,False
wind_onshore_da_forecast_error_mw_rolling_std_3d_same_local_qh,0.0,0.0,0.0,0.0,0.0,0.0,0.0,197.5,197.0,False,True,kept,37141,0.9415895550766891,37140,lagged_forecast_error,lagged_forecast_error,wind_onshore_da_forecast_error_mw,True,kept,wind_onshore_da_forecast_error_mw_rolling_std_7d_same_local_qh,0.6165729482259967,0.021887030190364618,lagged_forecast_error,lagged_forecast_error,wind_onshore_da_forecast_error_mw,lagged_forecast_error,lagged_forecast_error,wind_onshore_da_forecast_error_mw,False
ida2_minus_da_spread_eur_mwh_rolling_std_7d_same_local_qh,0.0,0.0,0.0,0.0,0.0,0.0,0.0,201.0,201.0,False,True,kept,37717,0.9561921663075168,37712,ida2_history,market_history,ida2_minus_da_spread_eur_mwh,True,kept,ida2_minus_da_spread_eur_mwh_rolling_std_14d_same_local_qh,0.7388758653177102,0.11364644509125153,ida2_history,market_history,ida2_minus_da_spread_eur_mwh,ida2_history,market_history,ida2_minus_da_spread_eur_mwh,False
ida2_price_eur_mwh_rolling_std_28d_same_local_qh,0.0,0.0,0.0,0.0,0.0,0.0,0.0,202.0,202.0,False,True,kept,36757,0.9318544809228039,36742,ida2_history,market_history,ida2_price_eur_mwh,True,kept,ida2_minus_da_spread_eur_mwh_rolling_std_28d_same_local_qh,0.5445590793088767,0.15469593552055294,ida2_history,market_history,ida2_price_eur_mwh,ida2_history,market_history,ida2_price_eur_mwh,False
ida2_minus_da_spread_eur_mwh_rolling_std_14d_same_local_qh,0.0,0.0,0.0,0.0,0.0,0.0,0.0,203.0,203.0,False,True,kept,37429,0.9488908606921029,37424,ida2_history,market_history,ida2_minus_da_spread_eur_mwh,True,kept,ida2_minus_da_spread_eur_mwh_rolling_std_28d_same_local_qh,0.7232227264236784,0.16137847061254493,ida2_history,market_history,ida2_minus_da_spread_eur_mwh,ida2_history,market_history,ida2_minus_da_spread_eur_mwh,False
ida2_minus_da_spread_eur_mwh_rolling_std_28d_same_local_qh,0.0,0.0,0.0,0.0,0.0,0.0,0.0,204.0,204.0,False,True,kept,36757,0.9318544809228039,36746,ida2_history,market_history,ida2_minus_da_spread_eur_mwh,True,kept,da_price_eur_mwh_rolling_median_28d_same_local_qh,0.26409962088385375,0.16784721639745567,ida2_history,market_history,ida2_minus_da_spread_eur_mwh,ida2_history,market_history,ida2_minus_da_spread_eur_mwh,False
ida2_minus_da_spread_eur_mwh_lag_2d_same_local_qh,0.0,0.0,0.0,0.0,0.0,0.0,0.0,205.0,205.0,False,True,kept,37130,0.9413106857649892,17988,ida2_history,market_history,ida2_minus_da_spread_eur_mwh,True,kept,ida2_minus_da_spread_eur_mwh_rolling_mean_3d_same_local_qh,0.8326280150551998,0.19394096756530713,ida2_history,market_history,ida2_minus_da_spread_eur_mwh,ida2_history,market_history,ida2_minus_da_spread_eur_mwh,False
da_price_eur_mwh_rolling_std_14d_same_local_qh,0.0,0.0,0.0,0.0,0.0,0.0,0.0,209.875,206.0,False,True,kept,39445,1.0,38916,da_price,market_history,da_price_eur_mwh,True,kept,ida2_price_eur_mwh_rolling_std_14d_same_local_qh,0.8456628183763167,0.04588580174507234,da_price,market_history,da_price_eur_mwh,da_price,market_history,da_price_eur_mwh,False
ida2_volume_mw_lag_1d_same_local_qh,0.0,0.0,0.0,0.0,0.0,0.0,0.0,207.5,206.0,False,True,kept,37425,0.9487894536696666,2583,ida2_history,market_history,ida2_volume_mw,True,kept,ida2_minus_da_spread_eur_mwh_rolling_std_3d_same_local_qh,0.09665731838570567,0.045740326709417856,ida2_history,market_history,ida2_volume_mw,ida2_history,market_history,ida2_volume_mw,False
ida2_minus_da_spread_eur_mwh_rolling_std_3d_same_local_qh,0.0,0.0,0.0,0.0,0.0,0.0,0.0,215.0,208.0,False,True,kept,37333,0.9464570921536316,37262,ida2_history,market_history,ida2_minus_da_spread_eur_mwh,True,kept,ida2_minus_da_spread_eur_mwh_rolling_std_7d_same_local_qh,0.6023482299026657,0.06694613595904073,ida2_history,market_history,ida2_minus_da_spread_eur_mwh,ida2_history,market_history,ida2_minus_da_spread_eur_mwh,False
ida2_volume_mw_lag_14d_same_local_qh,0.0,0.0,0.0,0.0,0.0,0.0,0.0,209.0,209.0,False,True,kept,34929,0.8855114716694131,2548,ida2_history,market_history,ida2_volume_mw,True,kept,ida2_volume_mw_lag_2d_same_local_qh,0.0879431793203743,0.024117618650818066,ida2_history,market_history,ida2_volume_mw,ida2_history,market_history,ida2_volume_mw,False
da_price_eur_mwh_rolling_std_7d_same_local_qh,0.0,0.0,0.0,0.0,0.0,0.0,0.0,210.875,210.0,False,True,kept,39445,1.0,37868,da_price,market_history,da_price_eur_mwh,True,kept,ida2_price_eur_mwh_rolling_std_7d_same_local_qh,0.822665911303659,0.015459049240995941,da_price,market_history,da_price_eur_mwh,da_price,market_history,da_price_eur_mwh,False
ida2_volume_mw_lag_2d_same_local_qh,0.0,0.0,0.0,0.0,0.0,0.0,0.0,211.25,210.0,False,True,kept,37137,0.9414881480542527,2556,ida2_history,market_history,ida2_volume_mw,True,kept,ida2_volume_mw_lag_1d_same_local_qh,0.18168139696133898,0.03941785519991604,ida2_history,market_history,ida2_volume_mw,ida2_history,market_history,ida2_volume_mw,False
ida2_volume_mw_lag_7d_same_local_qh,0.0,0.0,0.0,0.0,0.0,0.0,0.0,211.625,211.0,False,True,kept,35505,0.9001140829002409,2557,ida2_history,market_history,ida2_volume_mw,True,kept,ida2_volume_mw_lag_1d_same_local_qh,0.10753940575288308,0.01199233554663607,ida2_history,market_history,ida2_volume_mw,ida2_history,market_history,ida2_volume_mw,False
ida2_price_eur_mwh_regime_abs_median_28d_over_vol,0.0,0.0,0.0,0.0,0.0,0.0,0.0,213.125,213.0,False,True,kept,36757,0.9318544809228039,36598,regime_level,regime,ida2_price_eur_mwh,True,first_ranked_feature,,0.0,0.3204901608592515,regime_level,regime,ida2_price_eur_mwh,regime_level,regime,ida2_price_eur_mwh,False
ida2_minus_da_spread_eur_mwh_regime_vol_28d,0.0,0.0,0.0,0.0,0.0,0.0,0.0,217.25,215.0,False,True,kept,36757,0.9318544809228039,36746,regime_volatility,regime,ida2_minus_da_spread_eur_mwh,True,kept,ida2_price_eur_mwh_regime_abs_median_28d_over_vol,0.3286592291419513,0.16784721639745567,regime_volatility,regime,ida2_minus_da_spread_eur_mwh,regime_volatility,regime,ida2_minus_da_spread_eur_mwh,False
da_price_eur_mwh_regime_mean_shift_7d_vs_28d_z,0.0,0.0,0.0,0.0,0.0,0.0,0.0,217.0,217.0,False,True,kept,39445,1.0,39218,regime_mean_shift,regime,da_price_eur_mwh,True,kept,ida2_minus_da_spread_eur_mwh_regime_vol_28d,0.07625193437029325,0.16449529431457421,regime_mean_shift,regime,da_price_eur_mwh,regime_mean_shift,regime,da_price_eur_mwh,False
wind_total_forecast_revision_id_minus_da_mw_regime_vol_28d,0.0,0.0,0.0,0.0,0.0,0.0,0.0,219.5,218.0,False,True,kept,39445,1.0,39445,regime_volatility,regime,wind_total_forecast_revision_id_minus_da_mw,True,kept,da_price_eur_mwh_regime_mean_shift_7d_vs_28d_z,0.09536670528837528,0.15666580730589502,regime_volatility,regime,wind_total_forecast_revision_id_minus_da_mw,regime_volatility,regime,wind_total_forecast_revision_id_minus_da_mw,False
ida2_price_eur_mwh_regime_mean_shift_7d_vs_28d_z,0.0,0.0,0.0,0.0,0.0,0.0,0.0,219.0,219.0,False,True,kept,36565,0.9269869438458613,36565,regime_mean_shift,regime,ida2_price_eur_mwh,True,kept,da_price_eur_mwh_regime_mean_shift_7d_vs_28d_z,0.8833546570066826,0.1482239796489599,regime_mean_shift,regime,ida2_price_eur_mwh,regime_mean_shift,regime,ida2_price_eur_mwh,False
ida2_price_eur_mwh_regime_vol_28d,0.0,0.0,0.0,0.0,0.0,0.0,0.0,223.0,220.0,False,True,kept,36757,0.9318544809228039,36742,regime_volatility,regime,ida2_price_eur_mwh,True,kept,ida2_price_eur_mwh_regime_abs_median_28d_over_vol,0.7084972127315646,0.15469593552055294,regime_volatility,regime,ida2_price_eur_mwh,regime_volatility,regime,ida2_price_eur_mwh,False
residual_load_revision_id_minus_da_approx_mw_regime_abs_median_28d_over_vol,0.0,0.0,0.0,0.0,0.0,0.0,0.0,221.0,221.0,False,True,kept,39445,1.0,39445,regime_level,regime,residual_load_revision_id_minus_da_approx_mw,True,kept,ida2_price_eur_mwh_regime_vol_28d,0.11200817466661621,0.11783251876216481,regime_level,regime,residual_load_revision_id_minus_da_approx_mw,regime_level,regime,residual_load_revision_id_minus_da_approx_mw,False
renewable_total_forecast_revision_id_minus_da_mw_regime_vol_28d,0.0,0.0,0.0,0.0,0.0,0.0,0.0,222.0,222.0,False,True,kept,39445,1.0,39445,regime_volatility,regime,renewable_total_forecast_revision_id_minus_da_mw,True,kept,wind_total_forecast_revision_id_minus_da_mw_regime_vol_28d,0.7024937333898601,0.10456333831138413,regime_volatility,regime,renewable_total_forecast_revision_id_minus_da_mw,regime_volatility,regime,renewable_total_forecast_revision_id_minus_da_mw,False
residual_load_revision_id_minus_da_approx_mw_regime_vol_7d_over_28d,0.0,0.0,0.0,0.0,0.0,0.0,0.0,223.0,223.0,False,True,kept,39445,1.0,39445,regime_volatility,regime,residual_load_revision_id_minus_da_approx_mw,True,kept,ida2_price_eur_mwh_regime_mean_shift_7d_vs_28d_z,0.2059471185854549,0.07659657132460182,regime_volatility,regime,residual_load_revision_id_minus_da_approx_mw,regime_volatility,regime,residual_load_revision_id_minus_da_approx_mw,False
da_price_eur_mwh_regime_vol_28d,0.0,0.0,0.0,0.0,0.0,0.0,0.0,224.75,224.0,False,True,kept,39445,1.0,39173,regime_volatility,regime,da_price_eur_mwh,True,kept,ida2_price_eur_mwh_regime_vol_28d,0.8475273193114672,0.069082657449398,regime_volatility,regime,da_price_eur_mwh,regime_volatility,regime,da_price_eur_mwh,False
wind_total_forecast_revision_id_minus_da_mw_regime_vol_7d_over_28d,0.0,0.0,0.0,0.0,0.0,0.0,0.0,225.75,225.0,False,True,kept,39445,1.0,39445,regime_volatility,regime,wind_total_forecast_revision_id_minus_da_mw,True,kept,residual_load_revision_id_minus_da_approx_mw_regime_vol_7d_over_28d,0.8770338780617543,0.06399243477218969,regime_volatility,regime,wind_total_forecast_revision_id_minus_da_mw,regime_volatility,regime,wind_total_forecast_revision_id_minus_da_mw,False
residual_load_revision_id_minus_da_approx_mw_regime_mean_shift_7d_vs_28d_z,0.0,0.0,0.0,0.0,0.0,0.0,0.0,227.0,227.0,False,True,kept,39445,1.0,39445,regime_mean_shift,regime,residual_load_revision_id_minus_da_approx_mw,True,kept,ida2_minus_da_spread_eur_mwh_regime_vol_28d,0.06020079265213906,0.03128846587575603,regime_mean_shift,regime,residual_load_revision_id_minus_da_approx_mw,regime_mean_shift,regime,residual_load_revision_id_minus_da_approx_mw,False
wind_total_forecast_revision_id_minus_da_mw_regime_abs_median_28d_over_vol,0.0,0.0,0.0,0.0,0.0,0.0,0.0,228.0,228.0,False,True,kept,39445,1.0,39445,regime_level,regime,wind_total_forecast_revision_id_minus_da_mw,True,kept,residual_load_revision_id_minus_da_approx_mw_regime_abs_median_28d_over_vol,0.6576428605745515,0.028140079871256964,regime_level,regime,wind_total_forecast_revision_id_minus_da_mw,regime_level,regime,wind_total_forecast_revision_id_minus_da_mw,False
ida2_minus_da_spread_eur_mwh_regime_abs_median_28d_over_vol,0.0,0.0,0.0,0.0,0.0,0.0,0.0,229.0,229.0,False,True,kept,36757,0.9318544809228039,36746,regime_level,regime,ida2_minus_da_spread_eur_mwh,True,kept,ida2_price_eur_mwh_regime_vol_28d,0.15580351477158647,0.017904886135914972,regime_level,regime,ida2_minus_da_spread_eur_mwh,regime_level,regime,ida2_minus_da_spread_eur_mwh,False
wind_total_forecast_revision_id_minus_da_mw_regime_mean_shift_7d_vs_28d_z,0.0,0.0,0.0,0.0,0.0,0.0,0.0,230.0,230.0,False,True,kept,39445,1.0,39445,regime_mean_shift,regime,wind_total_forecast_revision_id_minus_da_mw,True,kept,residual_load_revision_id_minus_da_approx_mw_regime_mean_shift_7d_vs_28d_z,0.8879359532293167,0.014514132883619583,regime_mean_shift,regime,wind_total_forecast_revision_id_minus_da_mw,regime_mean_shift,regime,wind_total_forecast_revision_id_minus_da_mw,False
ida2_minus_da_spread_eur_mwh_regime_vol_7d_over_28d,0.0,0.0,0.0,0.0,0.0,0.0,0.0,231.0,231.0,False,True,kept,36565,0.9269869438458613,36565,regime_volatility,regime,ida2_minus_da_spread_eur_mwh,True,kept,ida2_price_eur_mwh_regime_vol_7d_over_28d,0.4362121266352103,0.006619580749479435,regime_volatility,regime,ida2_minus_da_spread_eur_mwh,regime_volatility,regime,ida2_minus_da_spread_eur_mwh,False
ida2_minus_da_spread_eur_mwh_regime_mean_shift_7d_vs_28d_z,0.0,0.0,0.0,0.0,0.0,0.0,0.0,232.0,232.0,False,True,kept,36565,0.9269869438458613,36565,regime_mean_shift,regime,ida2_minus_da_spread_eur_mwh,True,kept,ida2_price_eur_mwh_regime_mean_shift_7d_vs_28d_z,0.2897520293050443,0.0012450014063814555,regime_mean_shift,regime,ida2_minus_da_spread_eur_mwh,regime_mean_shift,regime,ida2_minus_da_spread_eur_mwh,False
da_price_eur_mwh_rolling_mean_14d_same_local_qh,,,,,,,,,,False,True,kept,39445,1.0,23753,da_price,market_history,da_price_eur_mwh,False,too_correlated_with_kept_feature,da_price_eur_mwh_rolling_mean_7d_same_local_qh,0.922444173437342,0.61791696395642,da_price,market_history,da_price_eur_mwh,da_price,market_history,da_price_eur_mwh,False
da_price_eur_mwh_rolling_mean_28d_same_local_qh,,,,,,,,,,False,True,kept,39445,1.0,30101,da_price,market_history,da_price_eur_mwh,False,too_correlated_with_kept_feature,da_price_eur_mwh_rolling_median_28d_same_local_qh,0.9664068403026976,0.5576730136392799,da_price,market_history,da_price_eur_mwh,da_price,market_history,da_price_eur_mwh,False
da_price_eur_mwh_rolling_median_14d_same_local_qh,,,,,,,,,,False,True,kept,39445,1.0,6686,da_price,market_history,da_price_eur_mwh,False,too_correlated_with_kept_feature,da_price_eur_mwh_rolling_mean_7d_same_local_qh,0.9269483226437962,0.6370989866570692,da_price,market_history,da_price_eur_mwh,da_price,market_history,da_price_eur_mwh,False
da_price_eur_mwh_rolling_median_3d_same_local_qh,,,,,,,,,,False,True,kept,39445,1.0,5982,da_price,market_history,da_price_eur_mwh,False,too_correlated_with_kept_feature,da_price_eur_mwh_rolling_mean_3d_same_local_qh,0.9716012953048175,0.6257015554792742,da_price,market_history,da_price_eur_mwh,da_price,market_history,da_price_eur_mwh,False
da_price_eur_mwh_rolling_median_7d_same_local_qh,,,,,,,,,,False,True,kept,39445,1.0,4752,da_price,market_history,da_price_eur_mwh,False,too_correlated_with_kept_feature,da_price_eur_mwh_rolling_mean_7d_same_local_qh,0.9673748029482646,0.635017371841777,da_price,market_history,da_price_eur_mwh,da_price,market_history,da_price_eur_mwh,False
hour_cos,,,,,,,,,,False,True,kept,39445,1.0,22,calendar,calendar,hour_cos,False,too_correlated_with_kept_feature,quarter_cos,0.985181026404253,0.1967264248396692,calendar,calendar,hour_cos,calendar,calendar,hour_cos,False
ida2_minus_da_spread_eur_mwh_rolling_mean_14d_same_local_qh,,,,,,,,,,False,True,kept,37429,0.9488908606921029,36318,ida2_history,market_history,ida2_minus_da_spread_eur_mwh,False,too_correlated_with_kept_feature,ida2_minus_da_spread_eur_mwh_rolling_mean_28d_same_local_qh,0.9566240983127934,0.2397629977011375,ida2_history,market_history,ida2_minus_da_spread_eur_mwh,ida2_history,market_history,ida2_minus_da_spread_eur_mwh,False
ida2_minus_da_spread_eur_mwh_rolling_median_14d_same_local_qh,,,,,,,,,,False,True,kept,37429,0.9488908606921029,14423,ida2_history,market_history,ida2_minus_da_spread_eur_mwh,False,too_correlated_with_kept_feature,ida2_minus_da_spread_eur_mwh_rolling_mean_28d_same_local_qh,0.9476548621926648,0.22866026340245954,ida2_history,market_history,ida2_minus_da_spread_eur_mwh,ida2_history,market_history,ida2_minus_da_spread_eur_mwh,False
ida2_minus_da_spread_eur_mwh_rolling_median_28d_same_local_qh,,,,,,,,,,False,True,kept,36757,0.9318544809228039,11524,ida2_history,market_history,ida2_minus_da_spread_eur_mwh,False,too_correlated_with_kept_feature,ida2_minus_da_spread_eur_mwh_rolling_mean_28d_same_local_qh,0.974314268786225,0.24024087022042498,ida2_history,market_history,ida2_minus_da_spread_eur_mwh,ida2_history,market_history,ida2_minus_da_spread_eur_mwh,False
ida2_minus_da_spread_eur_mwh_rolling_median_3d_same_local_qh,,,,,,,,,,False,True,kept,37333,0.9464570921536316,13615,ida2_history,market_history,ida2_minus_da_spread_eur_mwh,False,too_correlated_with_kept_feature,ida2_minus_da_spread_eur_mwh_rolling_mean_3d_same_local_qh,0.9463861142262946,0.23317514100545994,ida2_history,market_history,ida2_minus_da_spread_eur_mwh,ida2_history,market_history,ida2_minus_da_spread_eur_mwh,False
ida2_minus_da_spread_eur_mwh_rolling_median_7d_same_local_qh,,,,,,,,,,False,True,kept,37717,0.9561921663075168,11559,ida2_history,market_history,ida2_minus_da_spread_eur_mwh,False,too_correlated_with_kept_feature,ida2_minus_da_spread_eur_mwh_rolling_mean_7d_same_local_qh,0.9459681300014793,0.23118487227294357,ida2_history,market_history,ida2_minus_da_spread_eur_mwh,ida2_history,market_history,ida2_minus_da_spread_eur_mwh,False
ida2_price_eur_mwh_rolling_mean_14d_same_local_qh,,,,,,,,,,False,True,kept,37429,0.9488908606921029,35961,ida2_history,market_history,ida2_price_eur_mwh,False,too_correlated_with_kept_feature,ida2_price_eur_mwh_rolling_median_14d_same_local_qh,0.9686222740922671,0.6908070563013781,ida2_history,market_history,ida2_price_eur_mwh,ida2_history,market_history,ida2_price_eur_mwh,False
ida2_price_eur_mwh_rolling_mean_28d_same_local_qh,,,,,,,,,,False,True,kept,36757,0.9318544809228039,36213,ida2_history,market_history,ida2_price_eur_mwh,False,too_correlated_with_kept_feature,ida2_price_eur_mwh_rolling_median_14d_same_local_qh,0.9278779823664677,0.6681495669382492,ida2_history,market_history,ida2_price_eur_mwh,ida2_history,market_history,ida2_price_eur_mwh,False
ida2_price_eur_mwh_rolling_mean_7d_same_local_qh,,,,,,,,,,False,True,kept,37717,0.9561921663075168,34649,ida2_history,market_history,ida2_price_eur_mwh,False,too_correlated_with_kept_feature,ida2_price_eur_mwh_rolling_median_14d_same_local_qh,0.9313897605676341,0.7014277222238606,ida2_history,market_history,ida2_price_eur_mwh,ida2_history,market_history,ida2_price_eur_mwh,False
ida2_price_eur_mwh_rolling_median_28d_same_local_qh,,,,,,,,,,False,True,kept,36757,0.9318544809228039,11726,ida2_history,market_history,ida2_price_eur_mwh,False,too_correlated_with_kept_feature,ida2_price_eur_mwh_rolling_median_14d_same_local_qh,0.9496771574706341,0.6792417565006618,ida2_history,market_history,ida2_price_eur_mwh,ida2_history,market_history,ida2_price_eur_mwh,False
ida2_price_eur_mwh_rolling_median_3d_same_local_qh,,,,,,,,,,False,True,kept,37333,0.9464570921536316,12780,ida2_history,market_history,ida2_price_eur_mwh,False,too_correlated_with_kept_feature,ida2_price_eur_mwh_rolling_mean_3d_same_local_qh,0.969411322890658,0.6828256121316609,ida2_history,market_history,ida2_price_eur_mwh,ida2_history,market_history,ida2_price_eur_mwh,False
ida2_price_eur_mwh_rolling_median_7d_same_local_qh,,,,,,,,,,False,True,kept,37717,0.9561921663075168,11026,ida2_history,market_history,ida2_price_eur_mwh,False,too_correlated_with_kept_feature,ida2_price_eur_mwh_rolling_median_14d_same_local_qh,0.922474126381348,0.6910133961752271,ida2_history,market_history,ida2_price_eur_mwh,ida2_history,market_history,ida2_price_eur_mwh,False
load_da_forecast_error_mw_rolling_mean_28d_same_local_qh,,,,,,,,,,False,True,kept,38581,0.9780960831537584,38580,lagged_forecast_error,lagged_forecast_error,load_da_forecast_error_mw,False,too_correlated_with_kept_feature,load_da_forecast_error_mw_rolling_mean_14d_same_local_qh,0.93660312654652,0.44091010716603085,lagged_forecast_error,lagged_forecast_error,load_da_forecast_error_mw,lagged_forecast_error,lagged_forecast_error,load_da_forecast_error_mw,False
load_da_forecast_error_mw_rolling_mean_7d_same_local_qh,,,,,,,,,,False,True,kept,38485,0.9756623146152871,38288,lagged_forecast_error,lagged_forecast_error,load_da_forecast_error_mw,False,too_correlated_with_kept_feature,load_da_forecast_error_mw_rolling_mean_14d_same_local_qh,0.9345859679838201,0.4530956621093574,lagged_forecast_error,lagged_forecast_error,load_da_forecast_error_mw,lagged_forecast_error,lagged_forecast_error,load_da_forecast_error_mw,False
load_da_forecast_error_mw_rolling_median_14d_same_local_qh,,,,,,,,,,False,True,kept,38581,0.9780960831537584,21043,lagged_forecast_error,lagged_forecast_error,load_da_forecast_error_mw,False,too_correlated_with_kept_feature,load_da_forecast_error_mw_rolling_mean_14d_same_local_qh,0.9822858119651808,0.45233269065940107,lagged_forecast_error,lagged_forecast_error,load_da_forecast_error_mw,lagged_forecast_error,lagged_forecast_error,load_da_forecast_error_mw,False
load_da_forecast_error_mw_rolling_median_28d_same_local_qh,,,,,,,,,,False,True,kept,38581,0.9780960831537584,18209,lagged_forecast_error,lagged_forecast_error,load_da_forecast_error_mw,False,too_correlated_with_kept_feature,load_da_forecast_error_mw_rolling_mean_14d_same_local_qh,0.9242013447014483,0.42680569116098666,lagged_forecast_error,lagged_forecast_error,load_da_forecast_error_mw,lagged_forecast_error,lagged_forecast_error,load_da_forecast_error_mw,False
load_da_forecast_error_mw_rolling_median_3d_same_local_qh,,,,,,,,,,False,True,kept,37141,0.9415895550766891,25414,lagged_forecast_error,lagged_forecast_error,load_da_forecast_error_mw,False,too_correlated_with_kept_feature,load_da_forecast_error_mw_rolling_mean_3d_same_local_qh,0.9756098926919665,0.3939756950128566,lagged_forecast_error,lagged_forecast_error,load_da_forecast_error_mw,lagged_forecast_error,lagged_forecast_error,load_da_forecast_error_mw,False
load_forecast_da_mw_lag_7d_same_local_qh,,,,,,,,,,False,True,kept,38480,0.9755355558372417,38271,da_forecast,forecast_level,load_forecast_da_mw,False,too_correlated_with_kept_feature,load_forecast_da_mw,0.9318192274846875,0.24230620206891917,da_forecast,forecast_level,load_forecast_da_mw,da_forecast,forecast_level,load_forecast_da_mw,False
quarter_sin,,,,,,,,,,False,True,kept,39445,1.0,87,calendar,calendar,quarter_sin,False,too_correlated_with_kept_feature,hour_sin,0.9846547438803304,0.09065000380703434,calendar,calendar,quarter_sin,calendar,calendar,quarter_sin,False
renewable_total_forecast_id_mw_lag_14d_same_local_qh,,,,,,,,,,False,True,kept,37617,0.9536569907466093,37523,id_forecast,forecast_level,renewable_total_forecast_id_mw,False,too_correlated_with_kept_feature,renewable_total_forecast_da_mw_lag_14d_same_local_qh,0.9954730302842032,0.35673747431593705,id_forecast,forecast_level,renewable_total_forecast_id_mw,id_forecast,forecast_level,renewable_total_forecast_id_mw,False
renewable_total_forecast_id_mw_lag_1d_same_local_qh,,,,,,,,,,False,True,kept,39441,0.9998985929775637,39345,id_forecast,forecast_level,renewable_total_forecast_id_mw,False,too_correlated_with_kept_feature,renewable_total_forecast_da_mw_lag_1d_same_local_qh,0.9954406583278161,0.46672887310375105,id_forecast,forecast_level,renewable_total_forecast_id_mw,id_forecast,forecast_level,renewable_total_forecast_id_mw,False
renewable_total_forecast_id_mw_lag_2d_same_local_qh,,,,,,,,,,False,True,kept,39441,0.9998985929775637,39346,id_forecast,forecast_level,renewable_total_forecast_id_mw,False,too_correlated_with_kept_feature,renewable_total_forecast_da_mw_lag_2d_same_local_qh,0.995375413898412,0.41041448810449255,id_forecast,forecast_level,renewable_total_forecast_id_mw,id_forecast,forecast_level,renewable_total_forecast_id_mw,False
renewable_total_forecast_id_mw_lag_7d_same_local_qh,,,,,,,,,,False,True,kept,38481,0.9755609075928509,38386,id_forecast,forecast_level,renewable_total_forecast_id_mw,False,too_correlated_with_kept_feature,renewable_total_forecast_da_mw_lag_7d_same_local_qh,0.9954679859136594,0.292294391686607,id_forecast,forecast_level,renewable_total_forecast_id_mw,id_forecast,forecast_level,renewable_total_forecast_id_mw,False
renewable_total_forecast_revision_id_minus_da_mw_lag_1d_same_local_qh,,,,,,,,,,False,True,kept,39441,0.9998985929775637,38968,forecast_revision,forecast_revision,renewable_total_forecast_revision_id_minus_da_mw,False,too_correlated_with_kept_feature,residual_load_revision_id_minus_da_approx_mw_lag_1d_same_local_qh,0.9999999999570657,0.019101274876768555,forecast_revision,forecast_revision,renewable_total_forecast_revision_id_minus_da_mw,forecast_revision,forecast_revision,renewable_total_forecast_revision_id_minus_da_mw,False
renewable_total_forecast_revision_id_minus_da_mw_lag_2d_same_local_qh,,,,,,,,,,False,True,kept,39441,0.9998985929775637,38967,forecast_revision,forecast_revision,renewable_total_forecast_revision_id_minus_da_mw,False,too_correlated_with_kept_feature,residual_load_revision_id_minus_da_approx_mw_lag_2d_same_local_qh,0.9999999999567234,0.055212084712999154,forecast_revision,forecast_revision,renewable_total_forecast_revision_id_minus_da_mw,forecast_revision,forecast_revision,renewable_total_forecast_revision_id_minus_da_mw,False
renewable_total_forecast_revision_id_minus_da_mw_lag_7d_same_local_qh,,,,,,,,,,False,True,kept,38481,0.9755609075928509,38006,forecast_revision,forecast_revision,renewable_total_forecast_revision_id_minus_da_mw,False,too_correlated_with_kept_feature,residual_load_revision_id_minus_da_approx_mw_lag_7d_same_local_qh,0.9999999999527712,0.07903009661382834,forecast_revision,forecast_revision,renewable_total_forecast_revision_id_minus_da_mw,forecast_revision,forecast_revision,renewable_total_forecast_revision_id_minus_da_mw,False
renewable_total_forecast_revision_id_minus_da_mw_regime_abs_median_28d_over_vol,,,,,,,,,,False,True,kept,39445,1.0,39445,regime_level,regime,renewable_total_forecast_revision_id_minus_da_mw,False,too_correlated_with_kept_feature,residual_load_revision_id_minus_da_approx_mw_regime_abs_median_28d_over_vol,0.9997623930157452,0.11766781639672559,regime_level,regime,renewable_total_forecast_revision_id_minus_da_mw,regime_level,regime,renewable_total_forecast_revision_id_minus_da_mw,False
renewable_total_forecast_revision_id_minus_da_mw_regime_mean_shift_7d_vs_28d_z,,,,,,,,,,False,True,kept,39445,1.0,39445,regime_mean_shift,regime,renewable_total_forecast_revision_id_minus_da_mw,False,too_correlated_with_kept_feature,residual_load_revision_id_minus_da_approx_mw_regime_mean_shift_7d_vs_28d_z,0.9998549156216482,0.03126353241476034,regime_mean_shift,regime,renewable_total_forecast_revision_id_minus_da_mw,regime_mean_shift,regime,renewable_total_forecast_revision_id_minus_da_mw,False
renewable_total_forecast_revision_id_minus_da_mw_regime_vol_7d_over_28d,,,,,,,,,,False,True,kept,39445,1.0,39445,regime_volatility,regime,renewable_total_forecast_revision_id_minus_da_mw,False,too_correlated_with_kept_feature,residual_load_revision_id_minus_da_approx_mw_regime_vol_7d_over_28d,0.9986595005856171,0.07644106559670015,regime_volatility,regime,renewable_total_forecast_revision_id_minus_da_mw,regime_volatility,regime,renewable_total_forecast_revision_id_minus_da_mw,False
renewable_total_forecast_revision_id_minus_da_mw_rolling_mean_14d_same_local_qh,,,,,,,,,,False,True,kept,39445,1.0,39436,forecast_revision,forecast_revision,renewable_total_forecast_revision_id_minus_da_mw,False,too_correlated_with_kept_feature,residual_load_revision_id_minus_da_approx_mw_rolling_mean_14d_same_local_qh,0.9998530233025077,0.17359340268028647,forecast_revision,forecast_revision,renewable_total_forecast_revision_id_minus_da_mw,forecast_revision,forecast_revision,renewable_total_forecast_revision_id_minus_da_mw,False
renewable_total_forecast_revision_id_minus_da_mw_rolling_mean_28d_same_local_qh,,,,,,,,,,False,True,kept,39445,1.0,39439,forecast_revision,forecast_revision,renewable_total_forecast_revision_id_minus_da_mw,False,too_correlated_with_kept_feature,residual_load_revision_id_minus_da_approx_mw_rolling_mean_28d_same_local_qh,0.9996217970396474,0.17852651036701658,forecast_revision,forecast_revision,renewable_total_forecast_revision_id_minus_da_mw,forecast_revision,forecast_revision,renewable_total_forecast_revision_id_minus_da_mw,False
renewable_total_forecast_revision_id_minus_da_mw_rolling_mean_3d_same_local_qh,,,,,,,,,,False,True,kept,39445,1.0,39355,forecast_revision,forecast_revision,renewable_total_forecast_revision_id_minus_da_mw,False,too_correlated_with_kept_feature,residual_load_revision_id_minus_da_approx_mw_rolling_mean_3d_same_local_qh,0.9999616243285986,0.07313624078511319,forecast_revision,forecast_revision,renewable_total_forecast_revision_id_minus_da_mw,forecast_revision,forecast_revision,renewable_total_forecast_revision_id_minus_da_mw,False
renewable_total_forecast_revision_id_minus_da_mw_rolling_mean_7d_same_local_qh,,,,,,,,,,False,True,kept,39445,1.0,39427,forecast_revision,forecast_revision,renewable_total_forecast_revision_id_minus_da_mw,False,too_correlated_with_kept_feature,residual_load_revision_id_minus_da_approx_mw_rolling_mean_7d_same_local_qh,0.999943820693938,0.1322177011447561,forecast_revision,forecast_revision,renewable_total_forecast_revision_id_minus_da_mw,forecast_revision,forecast_revision,renewable_total_forecast_revision_id_minus_da_mw,False
renewable_total_forecast_revision_id_minus_da_mw_rolling_median_14d_same_local_qh,,,,,,,,,,False,True,kept,39445,1.0,19484,forecast_revision,forecast_revision,renewable_total_forecast_revision_id_minus_da_mw,False,too_correlated_with_kept_feature,residual_load_revision_id_minus_da_approx_mw_rolling_median_14d_same_local_qh,0.9999267423603042,0.17456811817918458,forecast_revision,forecast_revision,renewable_total_forecast_revision_id_minus_da_mw,forecast_revision,forecast_revision,renewable_total_forecast_revision_id_minus_da_mw,False
renewable_total_forecast_revision_id_minus_da_mw_rolling_median_28d_same_local_qh,,,,,,,,,,False,True,kept,39445,1.0,14433,forecast_revision,forecast_revision,renewable_total_forecast_revision_id_minus_da_mw,False,too_correlated_with_kept_feature,residual_load_revision_id_minus_da_approx_mw_rolling_median_28d_same_local_qh,0.9999778613105897,0.22381557434402347,forecast_revision,forecast_revision,renewable_total_forecast_revision_id_minus_da_mw,forecast_revision,forecast_revision,renewable_total_forecast_revision_id_minus_da_mw,False
renewable_total_forecast_revision_id_minus_da_mw_rolling_median_3d_same_local_qh,,,,,,,,,,False,True,kept,39445,1.0,24665,forecast_revision,forecast_revision,renewable_total_forecast_revision_id_minus_da_mw,False,too_correlated_with_kept_feature,residual_load_revision_id_minus_da_approx_mw_rolling_median_3d_same_local_qh,0.9999892778194895,0.06653858728440028,forecast_revision,forecast_revision,renewable_total_forecast_revision_id_minus_da_mw,forecast_revision,forecast_revision,renewable_total_forecast_revision_id_minus_da_mw,False
renewable_total_forecast_revision_id_minus_da_mw_rolling_median_7d_same_local_qh,,,,,,,,,,False,True,kept,39445,1.0,17408,forecast_revision,forecast_revision,renewable_total_forecast_revision_id_minus_da_mw,False,too_correlated_with_kept_feature,residual_load_revision_id_minus_da_approx_mw_rolling_median_7d_same_local_qh,0.999976232595087,0.12521256930057265,forecast_revision,forecast_revision,renewable_total_forecast_revision_id_minus_da_mw,forecast_revision,forecast_revision,renewable_total_forecast_revision_id_minus_da_mw,False
residual_load_forecast_id_approx_mw_lag_14d_same_local_qh,,,,,,,,,,False,True,kept,37616,0.9536316389910001,37543,id_forecast,forecast_level,residual_load_forecast_id_approx_mw,False,too_correlated_with_kept_feature,residual_load_forecast_da_mw_lag_14d_same_local_qh,0.9952179322693052,0.5038524087691277,id_forecast,forecast_level,residual_load_forecast_id_approx_mw,id_forecast,forecast_level,residual_load_forecast_id_approx_mw,False
residual_load_forecast_id_approx_mw_lag_1d_same_local_qh,,,,,,,,,,False,True,kept,39440,0.9998732412219546,39360,id_forecast,forecast_level,residual_load_forecast_id_approx_mw,False,too_correlated_with_kept_feature,residual_load_forecast_da_mw_lag_1d_same_local_qh,0.995180940353964,0.5949790234731387,id_forecast,forecast_level,residual_load_forecast_id_approx_mw,id_forecast,forecast_level,residual_load_forecast_id_approx_mw,False
residual_load_forecast_id_approx_mw_lag_2d_same_local_qh,,,,,,,,,,False,True,kept,39440,0.9998732412219546,39360,id_forecast,forecast_level,residual_load_forecast_id_approx_mw,False,too_correlated_with_kept_feature,residual_load_forecast_da_mw_lag_2d_same_local_qh,0.9951152018212485,0.48116499229647614,id_forecast,forecast_level,residual_load_forecast_id_approx_mw,id_forecast,forecast_level,residual_load_forecast_id_approx_mw,False
residual_load_forecast_id_approx_mw_lag_7d_same_local_qh,,,,,,,,,,False,True,kept,38480,0.9755355558372417,38403,id_forecast,forecast_level,residual_load_forecast_id_approx_mw,False,too_correlated_with_kept_feature,residual_load_forecast_da_mw_lag_7d_same_local_qh,0.9950651103548295,0.4638324808206607,id_forecast,forecast_level,residual_load_forecast_id_approx_mw,id_forecast,forecast_level,residual_load_forecast_id_approx_mw,False
residual_load_revision_id_minus_da_approx_mw_lag_14d_same_local_qh,,,,,,,,,,False,True,kept,37616,0.9536316389910001,36875,forecast_revision,forecast_revision,residual_load_revision_id_minus_da_approx_mw,False,too_correlated_with_kept_feature,renewable_total_forecast_revision_id_minus_da_mw_lag_14d_same_local_qh,0.9999999999520907,0.026276586153857206,forecast_revision,forecast_revision,residual_load_revision_id_minus_da_approx_mw,forecast_revision,forecast_revision,residual_load_revision_id_minus_da_approx_mw,False
residual_load_revision_id_minus_da_approx_mw_regime_vol_28d,,,,,,,,,,False,True,kept,39445,1.0,39445,regime_volatility,regime,residual_load_revision_id_minus_da_approx_mw,False,too_correlated_with_kept_feature,renewable_total_forecast_revision_id_minus_da_mw_regime_vol_28d,0.9968630023270402,0.10426037577474023,regime_volatility,regime,residual_load_revision_id_minus_da_approx_mw,regime_volatility,regime,residual_load_revision_id_minus_da_approx_mw,False
residual_load_revision_id_minus_da_approx_mw_rolling_std_14d_same_local_qh,,,,,,,,,,False,True,kept,39445,1.0,39445,forecast_revision,forecast_revision,residual_load_revision_id_minus_da_approx_mw,False,too_correlated_with_kept_feature,renewable_total_forecast_revision_id_minus_da_mw_rolling_std_14d_same_local_qh,0.9986914695055871,0.10011288876854652,forecast_revision,forecast_revision,residual_load_revision_id_minus_da_approx_mw,forecast_revision,forecast_revision,residual_load_revision_id_minus_da_approx_mw,False
residual_load_revision_id_minus_da_approx_mw_rolling_std_28d_same_local_qh,,,,,,,,,,False,True,kept,39445,1.0,39445,forecast_revision,forecast_revision,residual_load_revision_id_minus_da_approx_mw,False,too_correlated_with_kept_feature,renewable_total_forecast_revision_id_minus_da_mw_rolling_std_28d_same_local_qh,0.9968630023270402,0.10426037577474023,forecast_revision,forecast_revision,residual_load_revision_id_minus_da_approx_mw,forecast_revision,forecast_revision,residual_load_revision_id_minus_da_approx_mw,False
residual_load_revision_id_minus_da_approx_mw_rolling_std_3d_same_local_qh,,,,,,,,,,False,True,kept,39445,1.0,39445,forecast_revision,forecast_revision,residual_load_revision_id_minus_da_approx_mw,False,too_correlated_with_kept_feature,renewable_total_forecast_revision_id_minus_da_mw_rolling_std_3d_same_local_qh,0.9998013166206503,0.07939637753037454,forecast_revision,forecast_revision,residual_load_revision_id_minus_da_approx_mw,forecast_revision,forecast_revision,residual_load_revision_id_minus_da_approx_mw,False
residual_load_revision_id_minus_da_approx_mw_rolling_std_7d_same_local_qh,,,,,,,,,,False,True,kept,39445,1.0,39445,forecast_revision,forecast_revision,residual_load_revision_id_minus_da_approx_mw,False,too_correlated_with_kept_feature,renewable_total_forecast_revision_id_minus_da_mw_rolling_std_7d_same_local_qh,0.9994644490114704,0.11587621355221772,forecast_revision,forecast_revision,residual_load_revision_id_minus_da_approx_mw,forecast_revision,forecast_revision,residual_load_revision_id_minus_da_approx_mw,False
solar_da_forecast_error_mw_rolling_mean_14d_same_local_qh,,,,,,,,,,False,True,kept,22660,0.5744707821016606,22589,lagged_forecast_error,lagged_forecast_error,solar_da_forecast_error_mw,False,too_correlated_with_kept_feature,solar_id_forecast_error_mw_rolling_mean_14d_same_local_qh,0.9307748581079869,0.11463991075041406,lagged_forecast_error,lagged_forecast_error,solar_da_forecast_error_mw,lagged_forecast_error,lagged_forecast_error,solar_da_forecast_error_mw,False
solar_da_forecast_error_mw_rolling_mean_28d_same_local_qh,,,,,,,,,,False,True,kept,22700,0.5754848523260235,22601,lagged_forecast_error,lagged_forecast_error,solar_da_forecast_error_mw,False,too_correlated_with_kept_feature,solar_id_forecast_error_mw_rolling_mean_28d_same_local_qh,0.9537507859893398,0.15165158146622112,lagged_forecast_error,lagged_forecast_error,solar_da_forecast_error_mw,lagged_forecast_error,lagged_forecast_error,solar_da_forecast_error_mw,False
solar_da_forecast_error_mw_rolling_mean_3d_same_local_qh,,,,,,,,,,False,True,kept,21518,0.5455190771960958,21476,lagged_forecast_error,lagged_forecast_error,solar_da_forecast_error_mw,False,too_correlated_with_kept_feature,solar_da_forecast_error_mw_rolling_median_3d_same_local_qh,0.923587724386734,0.10274782991537725,lagged_forecast_error,lagged_forecast_error,solar_da_forecast_error_mw,lagged_forecast_error,lagged_forecast_error,solar_da_forecast_error_mw,False
solar_da_forecast_error_mw_rolling_mean_7d_same_local_qh,,,,,,,,,,False,True,kept,22422,0.5684370642667005,22260,lagged_forecast_error,lagged_forecast_error,solar_da_forecast_error_mw,False,too_correlated_with_kept_feature,solar_da_forecast_error_mw_rolling_median_7d_same_local_qh,0.926080326903338,0.09117733819207705,lagged_forecast_error,lagged_forecast_error,solar_da_forecast_error_mw,lagged_forecast_error,lagged_forecast_error,solar_da_forecast_error_mw,False
solar_da_forecast_error_mw_rolling_std_14d_same_local_qh,,,,,,,,,,False,True,kept,22660,0.5744707821016606,22597,lagged_forecast_error,lagged_forecast_error,solar_da_forecast_error_mw,False,too_correlated_with_kept_feature,solar_id_forecast_error_mw_rolling_std_28d_same_local_qh,0.928753033016259,0.5155257566311872,lagged_forecast_error,lagged_forecast_error,solar_da_forecast_error_mw,lagged_forecast_error,lagged_forecast_error,solar_da_forecast_error_mw,False
solar_da_forecast_error_mw_rolling_std_28d_same_local_qh,,,,,,,,,,False,True,kept,22700,0.5754848523260235,22610,lagged_forecast_error,lagged_forecast_error,solar_da_forecast_error_mw,False,too_correlated_with_kept_feature,solar_id_forecast_error_mw_rolling_std_28d_same_local_qh,0.9735341327570263,0.5112823278890963,lagged_forecast_error,lagged_forecast_error,solar_da_forecast_error_mw,lagged_forecast_error,lagged_forecast_error,solar_da_forecast_error_mw,False
solar_da_forecast_error_mw_rolling_std_7d_same_local_qh,,,,,,,,,,False,True,kept,22422,0.5684370642667005,22298,lagged_forecast_error,lagged_forecast_error,solar_da_forecast_error_mw,False,too_correlated_with_kept_feature,solar_id_forecast_error_mw_rolling_std_7d_same_local_qh,0.9533880692113091,0.5069454870722951,lagged_forecast_error,lagged_forecast_error,solar_da_forecast_error_mw,lagged_forecast_error,lagged_forecast_error,solar_da_forecast_error_mw,False
solar_forecast_da_mw_lag_1d_same_local_qh,,,,,,,,,,False,True,kept,23071,0.5848903536569907,21605,da_forecast,forecast_level,solar_forecast_da_mw,False,too_correlated_with_kept_feature,solar_forecast_da_mw,0.9672032486094266,0.6536511453060556,da_forecast,forecast_level,solar_forecast_da_mw,da_forecast,forecast_level,solar_forecast_da_mw,False
solar_forecast_da_mw_lag_2d_same_local_qh,,,,,,,,,,False,True,kept,23068,0.5848142983901635,21600,da_forecast,forecast_level,solar_forecast_da_mw,False,too_correlated_with_kept_feature,solar_forecast_da_mw,0.9480785351332713,0.6285357222175622,da_forecast,forecast_level,solar_forecast_da_mw,da_forecast,forecast_level,solar_forecast_da_mw,False
solar_forecast_id_mw_lag_14d_same_local_qh,,,,,,,,,,False,True,kept,22297,0.565268094815566,20679,id_forecast,forecast_level,solar_forecast_id_mw,False,too_correlated_with_kept_feature,solar_forecast_da_mw_lag_14d_same_local_qh,0.998653287863114,0.616181997603984,id_forecast,forecast_level,solar_forecast_id_mw,id_forecast,forecast_level,solar_forecast_id_mw,False
solar_forecast_id_mw_lag_1d_same_local_qh,,,,,,,,,,False,True,kept,23294,0.5905437951578146,21605,id_forecast,forecast_level,solar_forecast_id_mw,False,too_correlated_with_kept_feature,solar_forecast_da_mw,0.9652635321473408,0.6446877777287447,id_forecast,forecast_level,solar_forecast_id_mw,id_forecast,forecast_level,solar_forecast_id_mw,False
solar_forecast_id_mw_lag_2d_same_local_qh,,,,,,,,,,False,True,kept,23295,0.5905691469134238,21604,id_forecast,forecast_level,solar_forecast_id_mw,False,too_correlated_with_kept_feature,solar_forecast_da_mw,0.9466502309371793,0.6196623773641449,id_forecast,forecast_level,solar_forecast_id_mw,id_forecast,forecast_level,solar_forecast_id_mw,False
solar_forecast_id_mw_lag_7d_same_local_qh,,,,,,,,,,False,True,kept,22790,0.5777665103308404,21147,id_forecast,forecast_level,solar_forecast_id_mw,False,too_correlated_with_kept_feature,solar_forecast_da_mw_lag_7d_same_local_qh,0.9986888201440192,0.6032975284796804,id_forecast,forecast_level,solar_forecast_id_mw,id_forecast,forecast_level,solar_forecast_id_mw,False
solar_id_forecast_error_mw_rolling_median_14d_same_local_qh,,,,,,,,,,False,True,kept,22871,0.5798200025351755,12528,lagged_forecast_error,lagged_forecast_error,solar_id_forecast_error_mw,False,too_correlated_with_kept_feature,solar_id_forecast_error_mw_rolling_mean_14d_same_local_qh,0.9375873046584543,0.17162862677897392,lagged_forecast_error,lagged_forecast_error,solar_id_forecast_error_mw,lagged_forecast_error,lagged_forecast_error,solar_id_forecast_error_mw,False
solar_id_forecast_error_mw_rolling_median_28d_same_local_qh,,,,,,,,,,False,True,kept,22921,0.5810875903156294,10908,lagged_forecast_error,lagged_forecast_error,solar_id_forecast_error_mw,False,too_correlated_with_kept_feature,solar_id_forecast_error_mw_rolling_mean_28d_same_local_qh,0.9503095378751212,0.2150260329077901,lagged_forecast_error,lagged_forecast_error,solar_id_forecast_error_mw,lagged_forecast_error,lagged_forecast_error,solar_id_forecast_error_mw,False
solar_id_forecast_error_mw_rolling_median_3d_same_local_qh,,,,,,,,,,False,True,kept,21712,0.5504373177842565,14506,lagged_forecast_error,lagged_forecast_error,solar_id_forecast_error_mw,False,too_correlated_with_kept_feature,solar_id_forecast_error_mw_rolling_mean_3d_same_local_qh,0.9238685026305773,0.1636018352470045,lagged_forecast_error,lagged_forecast_error,solar_id_forecast_error_mw,lagged_forecast_error,lagged_forecast_error,solar_id_forecast_error_mw,False
solar_id_forecast_error_mw_rolling_std_14d_same_local_qh,,,,,,,,,,False,True,kept,22871,0.5798200025351755,22813,lagged_forecast_error,lagged_forecast_error,solar_id_forecast_error_mw,False,too_correlated_with_kept_feature,solar_id_forecast_error_mw_rolling_std_28d_same_local_qh,0.951904241500997,0.5205242016252057,lagged_forecast_error,lagged_forecast_error,solar_id_forecast_error_mw,lagged_forecast_error,lagged_forecast_error,solar_id_forecast_error_mw,False
wind_offshore_forecast_da_mw_lag_2d_same_local_qh,,,,,,,,,,False,True,kept,39433,0.9996957789326911,38107,da_forecast,forecast_level,wind_offshore_forecast_da_mw,False,too_correlated_with_kept_feature,wind_offshore_forecast_id_mw_lag_2d_same_local_qh,0.9775137311200133,0.043892376191480446,da_forecast,forecast_level,wind_offshore_forecast_da_mw,da_forecast,forecast_level,wind_offshore_forecast_da_mw,False
wind_offshore_forecast_da_mw_lag_7d_same_local_qh,,,,,,,,,,False,True,kept,38471,0.97530739003676,37224,da_forecast,forecast_level,wind_offshore_forecast_da_mw,False,too_correlated_with_kept_feature,wind_offshore_forecast_id_mw_lag_7d_same_local_qh,0.9780350146694786,0.14980837197798497,da_forecast,forecast_level,wind_offshore_forecast_da_mw,da_forecast,forecast_level,wind_offshore_forecast_da_mw,False
wind_offshore_forecast_id_mw_lag_14d_same_local_qh,,,,,,,,,,False,True,kept,37603,0.9533020661680821,36394,id_forecast,forecast_level,wind_offshore_forecast_id_mw,False,too_correlated_with_kept_feature,wind_offshore_forecast_da_mw_lag_14d_same_local_qh,0.9764616591732584,0.05773826062592607,id_forecast,forecast_level,wind_offshore_forecast_id_mw,id_forecast,forecast_level,wind_offshore_forecast_id_mw,False
wind_offshore_forecast_id_mw_lag_1d_same_local_qh,,,,,,,,,,False,True,kept,39428,0.9995690201546457,38148,id_forecast,forecast_level,wind_offshore_forecast_id_mw,False,too_correlated_with_kept_feature,wind_offshore_forecast_da_mw_lag_1d_same_local_qh,0.9774456515487226,0.0045993846109955985,id_forecast,forecast_level,wind_offshore_forecast_id_mw,id_forecast,forecast_level,wind_offshore_forecast_id_mw,False
wind_onshore_forecast_da_mw_lag_14d_same_local_qh,,,,,,,,,,False,True,kept,37612,0.9535302319685638,37365,da_forecast,forecast_level,wind_onshore_forecast_da_mw,False,too_correlated_with_kept_feature,wind_total_forecast_id_mw_lag_14d_same_local_qh,0.9810119945514404,0.03241661271794588,da_forecast,forecast_level,wind_onshore_forecast_da_mw,da_forecast,forecast_level,wind_onshore_forecast_da_mw,False
wind_onshore_forecast_da_mw_lag_1d_same_local_qh,,,,,,,,,,False,True,kept,39436,0.9997718341995183,39164,da_forecast,forecast_level,wind_onshore_forecast_da_mw,False,too_correlated_with_kept_feature,wind_onshore_forecast_id_mw_lag_1d_same_local_qh,0.9929737246932941,0.0788320167315616,da_forecast,forecast_level,wind_onshore_forecast_da_mw,da_forecast,forecast_level,wind_onshore_forecast_da_mw,False
wind_onshore_forecast_da_mw_lag_7d_same_local_qh,,,,,,,,,,False,True,kept,38476,0.9754341488148054,38207,da_forecast,forecast_level,wind_onshore_forecast_da_mw,False,too_correlated_with_kept_feature,wind_total_forecast_id_mw_lag_7d_same_local_qh,0.9810536396095545,0.10500691475187743,da_forecast,forecast_level,wind_onshore_forecast_da_mw,da_forecast,forecast_level,wind_onshore_forecast_da_mw,False
wind_onshore_forecast_id_mw_lag_14d_same_local_qh,,,,,,,,,,False,True,kept,37617,0.9536569907466093,37384,id_forecast,forecast_level,wind_onshore_forecast_id_mw,False,too_correlated_with_kept_feature,wind_total_forecast_id_mw_lag_14d_same_local_qh,0.9881945525999758,0.03367553260614276,id_forecast,forecast_level,wind_onshore_forecast_id_mw,id_forecast,forecast_level,wind_onshore_forecast_id_mw,False
wind_onshore_forecast_id_mw_lag_2d_same_local_qh,,,,,,,,,,False,True,kept,39441,0.9998985929775637,39188,id_forecast,forecast_level,wind_onshore_forecast_id_mw,False,too_correlated_with_kept_feature,wind_onshore_forecast_da_mw_lag_2d_same_local_qh,0.9928019121826278,0.035710037232501726,id_forecast,forecast_level,wind_onshore_forecast_id_mw,id_forecast,forecast_level,wind_onshore_forecast_id_mw,False
wind_onshore_forecast_id_mw_lag_7d_same_local_qh,,,,,,,,,,False,True,kept,38481,0.9755609075928509,38227,id_forecast,forecast_level,wind_onshore_forecast_id_mw,False,too_correlated_with_kept_feature,wind_total_forecast_id_mw_lag_7d_same_local_qh,0.9880587207970327,0.10805168949798594,id_forecast,forecast_level,wind_onshore_forecast_id_mw,id_forecast,forecast_level,wind_onshore_forecast_id_mw,False
wind_onshore_forecast_revision_id_minus_da_mw_lag_14d_same_local_qh,,,,,,,,,,False,True,kept,37612,0.9535302319685638,36843,forecast_revision,forecast_revision,wind_onshore_forecast_revision_id_minus_da_mw,False,too_correlated_with_kept_feature,wind_total_forecast_revision_id_minus_da_mw_lag_14d_same_local_qh,0.9227878522637497,0.006774516324961726,forecast_revision,forecast_revision,wind_onshore_forecast_revision_id_minus_da_mw,forecast_revision,forecast_revision,wind_onshore_forecast_revision_id_minus_da_mw,False
wind_onshore_forecast_revision_id_minus_da_mw_lag_2d_same_local_qh,,,,,,,,,,False,True,kept,39436,0.9997718341995183,38643,forecast_revision,forecast_revision,wind_onshore_forecast_revision_id_minus_da_mw,False,too_correlated_with_kept_feature,wind_total_forecast_revision_id_minus_da_mw_lag_2d_same_local_qh,0.9293513982661514,0.016152316857589246,forecast_revision,forecast_revision,wind_onshore_forecast_revision_id_minus_da_mw,forecast_revision,forecast_revision,wind_onshore_forecast_revision_id_minus_da_mw,False
wind_onshore_forecast_revision_id_minus_da_mw_lag_7d_same_local_qh,,,,,,,,,,False,True,kept,38476,0.9754341488148054,37676,forecast_revision,forecast_revision,wind_onshore_forecast_revision_id_minus_da_mw,False,too_correlated_with_kept_feature,wind_total_forecast_revision_id_minus_da_mw_lag_7d_same_local_qh,0.9296683979640321,0.029197848678686713,forecast_revision,forecast_revision,wind_onshore_forecast_revision_id_minus_da_mw,forecast_revision,forecast_revision,wind_onshore_forecast_revision_id_minus_da_mw,False
wind_total_forecast_da_mw,,,,,,,,,,False,True,kept,39445,1.0,39292,da_forecast,forecast_level,wind_total_forecast_da_mw,False,too_correlated_with_kept_feature,wind_onshore_forecast_da_mw,0.9887188591017565,0.2904636053466496,da_forecast,forecast_level,wind_total_forecast_da_mw,da_forecast,forecast_level,wind_total_forecast_da_mw,False
wind_total_forecast_da_mw_lag_14d_same_local_qh,,,,,,,,,,False,True,kept,37617,0.9536569907466093,37467,da_forecast,forecast_level,wind_total_forecast_da_mw,False,too_correlated_with_kept_feature,wind_total_forecast_id_mw_lag_14d_same_local_qh,0.9932378024677624,0.03910104561635115,da_forecast,forecast_level,wind_total_forecast_da_mw,da_forecast,forecast_level,wind_total_forecast_da_mw,False
wind_total_forecast_da_mw_lag_1d_same_local_qh,,,,,,,,,,False,True,kept,39441,0.9998985929775637,39283,da_forecast,forecast_level,wind_total_forecast_da_mw,False,too_correlated_with_kept_feature,wind_onshore_forecast_id_mw_lag_1d_same_local_qh,0.9821933884014857,0.06963319982418024,da_forecast,forecast_level,wind_total_forecast_da_mw,da_forecast,forecast_level,wind_total_forecast_da_mw,False
wind_total_forecast_da_mw_lag_2d_same_local_qh,,,,,,,,,,False,True,kept,39441,0.9998985929775637,39282,da_forecast,forecast_level,wind_total_forecast_da_mw,False,too_correlated_with_kept_feature,wind_onshore_forecast_da_mw_lag_2d_same_local_qh,0.9883521507880126,0.02417084332643226,da_forecast,forecast_level,wind_total_forecast_da_mw,da_forecast,forecast_level,wind_total_forecast_da_mw,False
wind_total_forecast_da_mw_lag_7d_same_local_qh,,,,,,,,,,False,True,kept,38481,0.9755609075928509,38327,da_forecast,forecast_level,wind_total_forecast_da_mw,False,too_correlated_with_kept_feature,wind_total_forecast_id_mw_lag_7d_same_local_qh,0.9932389344751663,0.11909945985464142,da_forecast,forecast_level,wind_total_forecast_da_mw,da_forecast,forecast_level,wind_total_forecast_da_mw,False
wind_total_forecast_id_mw_lag_1d_same_local_qh,,,,,,,,,,False,True,kept,39441,0.9998985929775637,39284,id_forecast,forecast_level,wind_total_forecast_id_mw,False,too_correlated_with_kept_feature,wind_onshore_forecast_id_mw_lag_1d_same_local_qh,0.9878591802532616,0.07217600889818658,id_forecast,forecast_level,wind_total_forecast_id_mw,id_forecast,forecast_level,wind_total_forecast_id_mw,False
wind_total_forecast_id_mw_lag_2d_same_local_qh,,,,,,,,,,False,True,kept,39441,0.9998985929775637,39283,id_forecast,forecast_level,wind_total_forecast_id_mw,False,too_correlated_with_kept_feature,wind_onshore_forecast_da_mw_lag_2d_same_local_qh,0.9810265677340313,0.020581418632735916,id_forecast,forecast_level,wind_total_forecast_id_mw,id_forecast,forecast_level,wind_total_forecast_id_mw,False
wind_total_forecast_revision_id_minus_da_mw_lag_1d_same_local_qh,,,,,,,,,,False,True,kept,39441,0.9998985929775637,38875,forecast_revision,forecast_revision,wind_total_forecast_revision_id_minus_da_mw,False,too_correlated_with_kept_feature,wind_onshore_forecast_revision_id_minus_da_mw_lag_1d_same_local_qh,0.9285534906365427,0.01672357450258459,forecast_revision,forecast_revision,wind_total_forecast_revision_id_minus_da_mw,forecast_revision,forecast_revision,wind_total_forecast_revision_id_minus_da_mw,False
