feature,selection_frequency,clean_selection_frequency,selected_folds,selected_clean_folds,mean_importance,median_importance,max_importance,mean_rank,best_rank,selected_pre_cap,prefilter_keep,prefilter_reason,non_missing_count,non_missing_fraction,unique_values,family_x,pool_x,base_signal_x,corr_prune_keep,corr_prune_reason,correlated_with,max_abs_corr_with_kept,univariate_abs_spearman,family_y,pool_y,base_signal_y,family,pool,base_signal,selected
load_da_forecast_error_mw_rolling_mean_3d_same_local_qh,1.0,0.7777777777777778,9.0,7.0,0.033083551372729614,0.03291250309267481,0.05076789326028819,5.555555555555555,1.0,True,True,kept,2736,0.47107438016528924,2640,lagged_forecast_error,lagged_forecast_error,load_da_forecast_error_mw,True,kept,wind_onshore_da_forecast_error_mw_lag_2d_same_local_qh,0.17507560097762082,0.19014911801406525,lagged_forecast_error,lagged_forecast_error,load_da_forecast_error_mw,lagged_forecast_error,lagged_forecast_error,load_da_forecast_error_mw,True
ida3_minus_da_spread_eur_mwh_regime_vol_7d_over_28d,0.8888888888888888,0.7777777777777778,8.0,7.0,0.03236917276243361,0.03804042798973948,0.049079044007786087,30.88888888888889,2.0,True,True,kept,5040,0.8677685950413223,5040,regime_volatility,regime,ida3_minus_da_spread_eur_mwh,True,kept,ida3_price_eur_mwh_regime_vol_7d_over_28d,0.5644789287814969,0.0608565251773562,regime_volatility,regime,ida3_minus_da_spread_eur_mwh,regime_volatility,regime,ida3_minus_da_spread_eur_mwh,True
wind_onshore_da_forecast_error_mw_rolling_mean_3d_same_local_qh,0.8888888888888888,0.7777777777777778,8.0,7.0,0.029862338566037865,0.03440876409251693,0.047355965843855104,10.333333333333334,2.0,True,True,kept,2736,0.47107438016528924,2640,lagged_forecast_error,lagged_forecast_error,wind_onshore_da_forecast_error_mw,True,kept,wind_onshore_da_forecast_error_mw_lag_2d_same_local_qh,0.8110635306999251,0.13133535678704242,lagged_forecast_error,lagged_forecast_error,wind_onshore_da_forecast_error_mw,lagged_forecast_error,lagged_forecast_error,wind_onshore_da_forecast_error_mw,True
wind_onshore_forecast_da_mw,1.0,0.7777777777777778,9.0,7.0,0.02565278360956054,0.021245292629180866,0.0556238882506439,10.555555555555555,4.0,True,True,kept,5808,1.0,5808,da_forecast,forecast_level,wind_onshore_forecast_da_mw,True,kept,renewable_total_forecast_da_mw,0.45084258507867514,0.17595176736052817,da_forecast,forecast_level,wind_onshore_forecast_da_mw,da_forecast,forecast_level,wind_onshore_forecast_da_mw,True
ida3_minus_da_spread_eur_mwh_rolling_std_3d_same_local_qh,0.8888888888888888,0.7777777777777778,8.0,7.0,0.02215488875167982,0.02426502908151022,0.029078363864478356,31.11111111111111,6.0,True,True,kept,3312,0.5702479338842975,3189,ida3_history,market_history,ida3_minus_da_spread_eur_mwh,True,kept,ida3_price_eur_mwh_lag_7d_same_local_qh,0.25186912380526816,0.10230636616853737,ida3_history,market_history,ida3_minus_da_spread_eur_mwh,ida3_history,market_history,ida3_minus_da_spread_eur_mwh,True
ida3_price_eur_mwh_lag_14d_same_local_qh,1.0,0.7777777777777778,9.0,7.0,0.018170926320741257,0.017776276278880763,0.024941657795426835,14.0,8.0,True,True,kept,3312,0.5702479338842975,2605,ida3_history,market_history,ida3_price_eur_mwh,True,kept,da_price_eur_mwh,0.5795027379207727,0.19463507369705504,ida3_history,market_history,ida3_price_eur_mwh,ida3_history,market_history,ida3_price_eur_mwh,True
ida3_price_eur_mwh_regime_vol_7d_over_28d,0.8888888888888888,0.6666666666666666,8.0,6.0,0.02836055576713324,0.0193474881864355,0.10571246457587886,13.555555555555555,2.0,True,True,kept,5040,0.8677685950413223,5040,regime_volatility,regime,ida3_price_eur_mwh,True,kept,da_price_eur_mwh_regime_mean_shift_7d_vs_28d_z,0.226282711291409,0.07490025252894589,regime_volatility,regime,ida3_price_eur_mwh,regime_volatility,regime,ida3_price_eur_mwh,True
ida3_minus_da_spread_eur_mwh_rolling_median_3d_same_local_qh,0.6666666666666666,0.6666666666666666,6.0,6.0,0.016408935858465243,0.018413630923949573,0.023286508919472832,36.55555555555556,11.0,True,True,kept,3312,0.5702479338842975,2972,ida3_history,market_history,ida3_minus_da_spread_eur_mwh,True,kept,ida3_minus_da_spread_eur_mwh_lag_1d_same_local_qh,0.6790424141289017,0.21115551436854144,ida3_history,market_history,ida3_minus_da_spread_eur_mwh,ida3_history,market_history,ida3_minus_da_spread_eur_mwh,True
load_forecast_da_mw_lag_1d_same_local_qh,0.6666666666666666,0.5555555555555556,6.0,5.0,0.03994824939262056,0.048452491131227786,0.07360236963253056,29.0,1.0,False,True,kept,5808,1.0,5808,da_forecast,forecast_level,load_forecast_da_mw,True,kept,load_forecast_da_mw,0.7568209855742403,0.09264370451298216,da_forecast,forecast_level,load_forecast_da_mw,da_forecast,forecast_level,load_forecast_da_mw,True
ida3_price_eur_mwh_regime_abs_median_28d_over_vol,0.7777777777777778,0.5555555555555556,7.0,5.0,0.03223243761338422,0.04097885740565549,0.058172003741748246,55.0,1.0,False,True,kept,5328,0.9173553719008265,5327,regime_level,regime,ida3_price_eur_mwh,True,kept,ida3_minus_da_spread_eur_mwh_regime_vol_28d,0.5684067427308539,0.060181716834092146,regime_level,regime,ida3_price_eur_mwh,regime_level,regime,ida3_price_eur_mwh,True
wind_offshore_forecast_id_mw_lag_14d_same_local_qh,0.6666666666666666,0.5555555555555556,6.0,5.0,0.024719483795106113,0.02835703539499467,0.03723256402654418,15.222222222222221,2.0,False,True,kept,5471,0.9419765840220385,5451,id_forecast,forecast_level,wind_offshore_forecast_id_mw,True,kept,wind_total_forecast_id_mw_lag_14d_same_local_qh,0.7966231391399283,0.039160421364696295,id_forecast,forecast_level,wind_offshore_forecast_id_mw,id_forecast,forecast_level,wind_offshore_forecast_id_mw,True
total_generation_forecast_da_mw_lag_7d_same_local_qh,0.5555555555555556,0.5555555555555556,5.0,5.0,0.019013187829491768,0.019138767031961986,0.05153524318327488,39.77777777777778,2.0,False,True,kept,5664,0.9752066115702479,5664,da_forecast,forecast_level,total_generation_forecast_da_mw,True,kept,renewable_total_forecast_da_mw_lag_7d_same_local_qh,0.8051631291796798,0.01615131947942502,da_forecast,forecast_level,total_generation_forecast_da_mw,da_forecast,forecast_level,total_generation_forecast_da_mw,False
wind_onshore_da_forecast_error_mw_lag_2d_same_local_qh,0.5555555555555556,0.5555555555555556,5.0,5.0,0.016469210617806835,0.014299655939111807,0.024142308762117065,17.88888888888889,5.0,False,True,kept,2736,0.47107438016528924,2736,lagged_forecast_error,lagged_forecast_error,wind_onshore_da_forecast_error_mw,True,first_ranked_feature,,0.0,0.20979672890285717,lagged_forecast_error,lagged_forecast_error,wind_onshore_da_forecast_error_mw,lagged_forecast_error,lagged_forecast_error,wind_onshore_da_forecast_error_mw,False
load_forecast_da_mw_lag_14d_same_local_qh,0.6666666666666666,0.5555555555555556,6.0,5.0,0.016462732074113053,0.019706649205641642,0.0278426215675094,27.555555555555557,6.0,False,True,kept,5472,0.9421487603305785,5472,da_forecast,forecast_level,load_forecast_da_mw,True,kept,load_forecast_da_mw_lag_7d_same_local_qh,0.8694511784759669,0.018051814617138985,da_forecast,forecast_level,load_forecast_da_mw,da_forecast,forecast_level,load_forecast_da_mw,False
wind_total_forecast_id_mw_lag_7d_same_local_qh,0.5555555555555556,0.4444444444444444,5.0,4.0,0.016416886958419908,0.018173383231506742,0.03595895056488541,39.55555555555556,4.0,False,True,kept,5664,0.9752066115702479,5664,id_forecast,forecast_level,wind_total_forecast_id_mw,True,kept,wind_offshore_forecast_id_mw_lag_7d_same_local_qh,0.8185783141623256,0.06926643178393038,id_forecast,forecast_level,wind_total_forecast_id_mw,id_forecast,forecast_level,wind_total_forecast_id_mw,False
ida3_minus_da_spread_eur_mwh_rolling_std_7d_same_local_qh,0.4444444444444444,0.4444444444444444,4.0,4.0,0.014672187328195668,0.012658724845751874,0.027028237356262017,24.666666666666668,7.0,False,True,kept,5376,0.9256198347107438,5376,ida3_history,market_history,ida3_minus_da_spread_eur_mwh,True,kept,ida3_minus_da_spread_eur_mwh_rolling_std_3d_same_local_qh,0.6542718460344741,0.043874556889440204,ida3_history,market_history,ida3_minus_da_spread_eur_mwh,ida3_history,market_history,ida3_minus_da_spread_eur_mwh,False
ida3_volume_mw_lag_14d_same_local_qh,0.4444444444444444,0.4444444444444444,4.0,4.0,0.013736239986470358,0.012762448527574624,0.01942801185322417,21.666666666666668,13.0,False,True,kept,3312,0.5702479338842975,831,ida3_history,market_history,ida3_volume_mw,True,kept,da_price_eur_mwh_rolling_std_14d_same_local_qh,0.2151733071024856,0.055736689827577575,ida3_history,market_history,ida3_volume_mw,ida3_history,market_history,ida3_volume_mw,False
da_price_eur_mwh,0.5555555555555556,0.3333333333333333,5.0,3.0,0.014559448588422508,0.014058655443755036,0.017005800981116027,19.666666666666668,11.0,False,True,kept,5808,1.0,3062,da_price,market_history,da_price_eur_mwh,True,first_ranked_feature,,0.0,0.28336227987987617,da_price,market_history,da_price_eur_mwh,da_price,market_history,da_price_eur_mwh,False
wind_onshore_id_forecast_error_mw_lag_2d_same_local_qh,0.4444444444444444,0.3333333333333333,4.0,3.0,0.013850792454260867,0.012955527526404578,0.01745881959272203,22.22222222222222,12.0,False,True,kept,2736,0.47107438016528924,2736,lagged_forecast_error,lagged_forecast_error,wind_onshore_id_forecast_error_mw,True,kept,wind_onshore_da_forecast_error_mw_lag_2d_same_local_qh,0.8099350939803631,0.15757896315311506,lagged_forecast_error,lagged_forecast_error,wind_onshore_id_forecast_error_mw,lagged_forecast_error,lagged_forecast_error,wind_onshore_id_forecast_error_mw,False
ida3_price_eur_mwh_rolling_std_7d_same_local_qh,0.4444444444444444,0.3333333333333333,4.0,3.0,0.01285810271269038,0.01265049498417786,0.02146534753504142,30.555555555555557,12.0,False,True,kept,5376,0.9256198347107438,5374,ida3_history,market_history,ida3_price_eur_mwh,True,kept,da_price_eur_mwh_rolling_std_14d_same_local_qh,0.6122232174105012,0.05657880579861537,ida3_history,market_history,ida3_price_eur_mwh,ida3_history,market_history,ida3_price_eur_mwh,False
ida3_price_eur_mwh_lag_1d_same_local_qh,0.5555555555555556,0.3333333333333333,5.0,3.0,0.012144938304962001,0.011597319356247032,0.02590909844735358,84.44444444444444,7.0,False,True,kept,3456,0.5950413223140496,2717,ida3_history,market_history,ida3_price_eur_mwh,True,kept,da_price_eur_mwh_lag_1d_same_local_qh,0.8970188263206563,0.15897972029538895,ida3_history,market_history,ida3_price_eur_mwh,ida3_history,market_history,ida3_price_eur_mwh,False
load_da_forecast_error_mw_rolling_mean_14d_same_local_qh,0.3333333333333333,0.3333333333333333,3.0,3.0,0.011867528872898048,0.011544186971323636,0.028317400691144856,61.77777777777778,8.0,False,True,kept,4704,0.8099173553719008,4176,lagged_forecast_error,lagged_forecast_error,load_da_forecast_error_mw,True,kept,load_da_forecast_error_mw_rolling_mean_3d_same_local_qh,0.7426361070196259,0.1477710045194552,lagged_forecast_error,lagged_forecast_error,load_da_forecast_error_mw,lagged_forecast_error,lagged_forecast_error,load_da_forecast_error_mw,False
load_da_forecast_error_mw_rolling_std_7d_same_local_qh,0.3333333333333333,0.3333333333333333,3.0,3.0,0.009897606880167352,0.010820966457068749,0.016155615851434622,39.55555555555556,15.0,False,True,kept,4416,0.7603305785123967,3984,lagged_forecast_error,lagged_forecast_error,load_da_forecast_error_mw,True,kept,load_da_forecast_error_mw_rolling_std_28d_same_local_qh,0.40652391674047034,0.04354386135427987,lagged_forecast_error,lagged_forecast_error,load_da_forecast_error_mw,lagged_forecast_error,lagged_forecast_error,load_da_forecast_error_mw,False
ida3_volume_mw_lag_1d_same_local_qh,0.3333333333333333,0.3333333333333333,3.0,3.0,0.008560175070604392,0.012598040993302521,0.019364553392945957,110.77777777777777,14.0,False,True,kept,3456,0.5950413223140496,865,ida3_history,market_history,ida3_volume_mw,True,kept,da_price_eur_mwh_rolling_std_14d_same_local_qh,0.19861125147084732,0.04443065147305061,ida3_history,market_history,ida3_volume_mw,ida3_history,market_history,ida3_volume_mw,False
ida3_minus_da_spread_eur_mwh_lag_1d_same_local_qh,0.3333333333333333,0.2222222222222222,3.0,2.0,0.010527142095365502,0.011692191094378787,0.02385272157864035,66.55555555555556,9.0,False,True,kept,3456,0.5950413223140496,2993,ida3_history,market_history,ida3_minus_da_spread_eur_mwh,True,kept,da_price_eur_mwh,0.11193961911160018,0.23307548859464783,ida3_history,market_history,ida3_minus_da_spread_eur_mwh,ida3_history,market_history,ida3_minus_da_spread_eur_mwh,False
total_generation_forecast_da_mw,0.2222222222222222,0.2222222222222222,2.0,2.0,0.010298609815089895,0.005449145389684527,0.035741164656219224,67.0,6.0,False,True,kept,5808,1.0,5808,da_forecast,forecast_level,total_generation_forecast_da_mw,True,kept,renewable_total_forecast_da_mw,0.7924236509842515,0.14896720185629442,da_forecast,forecast_level,total_generation_forecast_da_mw,da_forecast,forecast_level,total_generation_forecast_da_mw,False
wind_offshore_forecast_id_mw_lag_2d_same_local_qh,0.3333333333333333,0.2222222222222222,3.0,2.0,0.009730861279849422,0.004260175110621348,0.034340406583974435,62.111111111111114,3.0,False,True,kept,5760,0.9917355371900827,5729,id_forecast,forecast_level,wind_offshore_forecast_id_mw,True,kept,wind_onshore_forecast_id_mw_lag_2d_same_local_qh,0.7423180176809033,0.040307084181972014,id_forecast,forecast_level,wind_offshore_forecast_id_mw,id_forecast,forecast_level,wind_offshore_forecast_id_mw,False
wind_onshore_da_forecast_error_mw_rolling_median_28d_same_local_qh,0.2222222222222222,0.2222222222222222,2.0,2.0,0.006683963981641326,0.006950806649951747,0.01533770604533842,65.33333333333333,18.0,False,True,kept,4896,0.8429752066115702,2431,lagged_forecast_error,lagged_forecast_error,wind_onshore_da_forecast_error_mw,True,kept,wind_onshore_da_forecast_error_mw_rolling_mean_28d_same_local_qh,0.7151596809539668,0.10798503055979455,lagged_forecast_error,lagged_forecast_error,wind_onshore_da_forecast_error_mw,lagged_forecast_error,lagged_forecast_error,wind_onshore_da_forecast_error_mw,False
ida3_price_eur_mwh_rolling_std_28d_same_local_qh,0.2222222222222222,0.2222222222222222,2.0,2.0,0.004472220928613591,0.0,0.021398833554628117,175.33333333333334,10.0,False,True,kept,5328,0.9173553719008265,5328,ida3_history,market_history,ida3_price_eur_mwh,True,kept,da_price_eur_mwh_rolling_std_28d_same_local_qh,0.834197456735924,0.01758101088897777,ida3_history,market_history,ida3_price_eur_mwh,ida3_history,market_history,ida3_price_eur_mwh,False
residual_load_forecast_da_mw,0.2222222222222222,0.1111111111111111,2.0,1.0,0.012206408748619698,0.0108503388075735,0.030391336957290956,35.55555555555556,5.0,False,True,kept,5808,1.0,5808,da_forecast,forecast_level,residual_load_forecast_da_mw,True,first_ranked_feature,,0.0,0.23482631432337103,da_forecast,forecast_level,residual_load_forecast_da_mw,da_forecast,forecast_level,residual_load_forecast_da_mw,False
month_sin,0.2222222222222222,0.1111111111111111,2.0,1.0,0.012015025201365818,0.0,0.08276680004932978,87.77777777777777,3.0,False,True,kept,5808,1.0,7,calendar,calendar,month_sin,True,kept,weekday_sin,0.10428945893712742,0.02800289316439018,calendar,calendar,month_sin,calendar,calendar,month_sin,False
renewable_total_forecast_da_mw,0.2222222222222222,0.1111111111111111,2.0,1.0,0.010951048622730188,0.011046171522699832,0.023076582401816193,40.333333333333336,6.0,False,True,kept,5808,1.0,5808,da_forecast,forecast_level,renewable_total_forecast_da_mw,True,kept,residual_load_forecast_da_mw,0.8696508347643704,0.22066756819791172,da_forecast,forecast_level,renewable_total_forecast_da_mw,da_forecast,forecast_level,renewable_total_forecast_da_mw,False
wind_onshore_id_forecast_error_mw_rolling_median_3d_same_local_qh,0.2222222222222222,0.1111111111111111,2.0,1.0,0.010906358229753586,0.0,0.05229958759139873,135.66666666666666,2.0,False,True,kept,2736,0.47107438016528924,2580,lagged_forecast_error,lagged_forecast_error,wind_onshore_id_forecast_error_mw,True,kept,wind_onshore_da_forecast_error_mw_rolling_mean_3d_same_local_qh,0.8129861160030972,0.08523642530107643,lagged_forecast_error,lagged_forecast_error,wind_onshore_id_forecast_error_mw,lagged_forecast_error,lagged_forecast_error,wind_onshore_id_forecast_error_mw,False
wind_onshore_da_forecast_error_mw_rolling_std_3d_same_local_qh,0.1111111111111111,0.1111111111111111,1.0,1.0,0.009234300954919483,0.008501890005577613,0.018963090459501578,49.666666666666664,10.0,False,True,kept,2736,0.47107438016528924,2640,lagged_forecast_error,lagged_forecast_error,wind_onshore_da_forecast_error_mw,True,kept,wind_onshore_da_forecast_error_mw_rolling_std_7d_same_local_qh,0.4776317489642779,0.033731032347215244,lagged_forecast_error,lagged_forecast_error,wind_onshore_da_forecast_error_mw,lagged_forecast_error,lagged_forecast_error,wind_onshore_da_forecast_error_mw,False
renewable_total_forecast_revision_id_minus_da_mw_lag_7d_same_local_qh,0.1111111111111111,0.1111111111111111,1.0,1.0,0.0069380148918276,0.005785891565734582,0.01488607328464109,62.55555555555556,20.0,False,True,kept,5664,0.9752066115702479,5664,forecast_revision,forecast_revision,renewable_total_forecast_revision_id_minus_da_mw,True,kept,solar_forecast_revision_id_minus_da_mw_lag_7d_same_local_qh,0.5216825592542299,0.05836908842858028,forecast_revision,forecast_revision,renewable_total_forecast_revision_id_minus_da_mw,forecast_revision,forecast_revision,renewable_total_forecast_revision_id_minus_da_mw,False
wind_offshore_id_forecast_error_mw_rolling_mean_28d_same_local_qh,0.1111111111111111,0.1111111111111111,1.0,1.0,0.00543176545498019,0.004693540477711792,0.014527661254022098,89.11111111111111,20.0,False,True,kept,4896,0.8429752066115702,4176,lagged_forecast_error,lagged_forecast_error,wind_offshore_id_forecast_error_mw,True,kept,wind_offshore_id_forecast_error_mw_rolling_mean_14d_same_local_qh,0.7745115402658246,0.05737793921060062,lagged_forecast_error,lagged_forecast_error,wind_offshore_id_forecast_error_mw,lagged_forecast_error,lagged_forecast_error,wind_offshore_id_forecast_error_mw,False
ida3_minus_da_spread_eur_mwh_lag_7d_same_local_qh,0.1111111111111111,0.1111111111111111,1.0,1.0,0.005358058758528409,0.0,0.01364791903137706,129.33333333333334,19.0,False,True,kept,3408,0.5867768595041323,2959,ida3_history,market_history,ida3_minus_da_spread_eur_mwh,True,kept,ida3_minus_da_spread_eur_mwh_rolling_median_7d_same_local_qh,0.44357788736211456,0.05296922814725096,ida3_history,market_history,ida3_minus_da_spread_eur_mwh,ida3_history,market_history,ida3_minus_da_spread_eur_mwh,False
wind_offshore_forecast_da_mw,0.1111111111111111,0.1111111111111111,1.0,1.0,0.004861415197938371,0.0,0.014150625694406655,70.77777777777777,20.0,False,True,kept,5804,0.9993112947658402,5778,da_forecast,forecast_level,wind_offshore_forecast_da_mw,True,kept,wind_onshore_forecast_da_mw,0.7291033550943293,0.06129324542665421,da_forecast,forecast_level,wind_offshore_forecast_da_mw,da_forecast,forecast_level,wind_offshore_forecast_da_mw,False
renewable_total_forecast_revision_id_minus_da_mw_rolling_median_28d_same_local_qh,0.1111111111111111,0.1111111111111111,1.0,1.0,0.003918964610266511,0.0,0.014393647811292648,69.22222222222223,19.0,False,True,kept,5808,1.0,2622,forecast_revision,forecast_revision,renewable_total_forecast_revision_id_minus_da_mw,True,kept,wind_total_forecast_revision_id_minus_da_mw_rolling_median_28d_same_local_qh,0.7410049702712468,0.11298289241961126,forecast_revision,forecast_revision,renewable_total_forecast_revision_id_minus_da_mw,forecast_revision,forecast_revision,renewable_total_forecast_revision_id_minus_da_mw,False
wind_total_forecast_id_mw_lag_14d_same_local_qh,0.1111111111111111,0.1111111111111111,1.0,1.0,0.003751026765200143,0.0,0.02457024957310154,78.66666666666667,9.0,False,True,kept,5472,0.9421487603305785,5472,id_forecast,forecast_level,wind_total_forecast_id_mw,True,kept,total_generation_forecast_da_mw_lag_14d_same_local_qh,0.5217003175397159,0.05270239955700523,id_forecast,forecast_level,wind_total_forecast_id_mw,id_forecast,forecast_level,wind_total_forecast_id_mw,False
wind_onshore_da_forecast_error_mw_rolling_mean_28d_same_local_qh,0.1111111111111111,0.1111111111111111,1.0,1.0,0.0028947228230559695,0.0,0.016566030143070686,107.22222222222223,14.0,False,True,kept,4896,0.8429752066115702,4176,lagged_forecast_error,lagged_forecast_error,wind_onshore_da_forecast_error_mw,True,kept,wind_onshore_da_forecast_error_mw_rolling_median_14d_same_local_qh,0.5538434629049537,0.12486321947942663,lagged_forecast_error,lagged_forecast_error,wind_onshore_da_forecast_error_mw,lagged_forecast_error,lagged_forecast_error,wind_onshore_da_forecast_error_mw,False
wind_onshore_da_forecast_error_mw_rolling_mean_7d_same_local_qh,0.1111111111111111,0.1111111111111111,1.0,1.0,0.0026405065253896375,0.0,0.02376455872850674,102.88888888888889,6.0,False,True,kept,4416,0.7603305785123967,3984,lagged_forecast_error,lagged_forecast_error,wind_onshore_da_forecast_error_mw,True,kept,wind_onshore_da_forecast_error_mw_rolling_median_7d_same_local_qh,0.8370630709905936,0.08584191194253414,lagged_forecast_error,lagged_forecast_error,wind_onshore_da_forecast_error_mw,lagged_forecast_error,lagged_forecast_error,wind_onshore_da_forecast_error_mw,False
month_cos,0.1111111111111111,0.0,1.0,0.0,0.013964879915142043,0.0,0.11504774391996912,84.88888888888889,1.0,False,True,kept,5808,1.0,7,calendar,calendar,month_cos,True,kept,month_sin,0.605047051175707,0.013175679191678195,calendar,calendar,month_cos,calendar,calendar,month_cos,False
ida3_minus_da_spread_eur_mwh_lag_14d_same_local_qh,0.0,0.0,0.0,0.0,0.009760670170555081,0.009879761202963513,0.01169184342219096,35.44444444444444,24.0,False,True,kept,3312,0.5702479338842975,2904,ida3_history,market_history,ida3_minus_da_spread_eur_mwh,True,kept,ida3_minus_da_spread_eur_mwh_rolling_mean_14d_same_local_qh,0.389853639732805,0.029148453456863163,ida3_history,market_history,ida3_minus_da_spread_eur_mwh,ida3_history,market_history,ida3_minus_da_spread_eur_mwh,False
ida3_price_eur_mwh_lag_7d_same_local_qh,0.0,0.0,0.0,0.0,0.00952317927565569,0.010771966807684033,0.012680074737354555,49.888888888888886,22.0,False,True,kept,3408,0.5867768595041323,2691,ida3_history,market_history,ida3_price_eur_mwh,True,kept,da_price_eur_mwh_rolling_mean_14d_same_local_qh,0.7052611547092166,0.17067539675694116,ida3_history,market_history,ida3_price_eur_mwh,ida3_history,market_history,ida3_price_eur_mwh,False
renewable_total_forecast_id_mw_lag_1d_same_local_qh,0.1111111111111111,0.0,1.0,0.0,0.008398930753175651,0.01157040550327706,0.019673498093178695,58.0,7.0,False,True,kept,5808,1.0,5808,id_forecast,forecast_level,renewable_total_forecast_id_mw,True,kept,residual_load_forecast_id_approx_mw_lag_1d_same_local_qh,0.8621316809732812,0.14143891958770738,id_forecast,forecast_level,renewable_total_forecast_id_mw,id_forecast,forecast_level,renewable_total_forecast_id_mw,False
ida3_price_eur_mwh_lag_2d_same_local_qh,0.1111111111111111,0.0,1.0,0.0,0.008354942820574284,0.0064537904923074475,0.01853470666597685,54.333333333333336,9.0,False,True,kept,3072,0.5289256198347108,2515,ida3_history,market_history,ida3_price_eur_mwh,True,kept,ida3_price_eur_mwh_rolling_mean_3d_same_local_qh,0.909008700665246,0.1005274420187956,ida3_history,market_history,ida3_price_eur_mwh,ida3_history,market_history,ida3_price_eur_mwh,False
wind_offshore_da_forecast_error_mw_lag_2d_same_local_qh,0.1111111111111111,0.0,1.0,0.0,0.008342461364138475,0.00866410853139983,0.014751340819546918,54.333333333333336,17.0,False,True,kept,2735,0.4709022038567493,2735,lagged_forecast_error,lagged_forecast_error,wind_offshore_da_forecast_error_mw,True,kept,wind_offshore_id_forecast_error_mw_lag_2d_same_local_qh,0.9013113275439341,0.0386841975334487,lagged_forecast_error,lagged_forecast_error,wind_offshore_da_forecast_error_mw,lagged_forecast_error,lagged_forecast_error,wind_offshore_da_forecast_error_mw,False
wind_offshore_id_forecast_error_mw_lag_2d_same_local_qh,0.0,0.0,0.0,0.0,0.007910971236759684,0.010207698058104316,0.013266679599182454,62.22222222222222,23.0,False,True,kept,2736,0.47107438016528924,2736,lagged_forecast_error,lagged_forecast_error,wind_offshore_id_forecast_error_mw,True,kept,load_da_forecast_error_mw_rolling_mean_28d_same_local_qh,0.26025804326332996,0.07755897574265738,lagged_forecast_error,lagged_forecast_error,wind_offshore_id_forecast_error_mw,lagged_forecast_error,lagged_forecast_error,wind_offshore_id_forecast_error_mw,False
wind_total_forecast_revision_id_minus_da_mw,0.0,0.0,0.0,0.0,0.007594469145176143,0.0074849219464324076,0.01019541055166634,44.888888888888886,31.0,False,True,kept,5808,1.0,5808,forecast_revision,forecast_revision,wind_total_forecast_revision_id_minus_da_mw,True,kept,renewable_total_forecast_revision_id_minus_da_mw,0.8673737343069147,0.25193057107165684,forecast_revision,forecast_revision,wind_total_forecast_revision_id_minus_da_mw,forecast_revision,forecast_revision,wind_total_forecast_revision_id_minus_da_mw,False
renewable_total_forecast_revision_id_minus_da_mw,0.0,0.0,0.0,0.0,0.007589137282731455,0.007417381124096774,0.00874255196666671,43.55555555555556,37.0,False,True,kept,5808,1.0,5808,forecast_revision,forecast_revision,renewable_total_forecast_revision_id_minus_da_mw,True,first_ranked_feature,,0.0,0.3046827575528055,forecast_revision,forecast_revision,renewable_total_forecast_revision_id_minus_da_mw,forecast_revision,forecast_revision,renewable_total_forecast_revision_id_minus_da_mw,False
wind_offshore_id_forecast_error_mw_rolling_std_3d_same_local_qh,0.0,0.0,0.0,0.0,0.007448206448271707,0.00668333211653707,0.011327508187862899,49.666666666666664,29.0,False,True,kept,2735,0.4709022038567493,2639,lagged_forecast_error,lagged_forecast_error,wind_offshore_id_forecast_error_mw,True,kept,load_da_forecast_error_mw_lag_2d_same_local_qh,0.14661424746055451,0.10845350457211002,lagged_forecast_error,lagged_forecast_error,wind_offshore_id_forecast_error_mw,lagged_forecast_error,lagged_forecast_error,wind_offshore_id_forecast_error_mw,False
wind_offshore_forecast_da_mw_lag_1d_same_local_qh,0.0,0.0,0.0,0.0,0.007342044749734183,0.008846512332103821,0.011780041769139375,52.666666666666664,22.0,False,True,kept,5803,0.9991391184573003,5779,da_forecast,forecast_level,wind_offshore_forecast_da_mw,True,kept,wind_total_forecast_id_mw_lag_1d_same_local_qh,0.8241835500792339,0.05371473714145206,da_forecast,forecast_level,wind_offshore_forecast_da_mw,da_forecast,forecast_level,wind_offshore_forecast_da_mw,False
load_da_forecast_error_mw_rolling_std_3d_same_local_qh,0.0,0.0,0.0,0.0,0.007222096739940541,0.0067539054341378075,0.011103818663604324,49.666666666666664,31.0,False,True,kept,2736,0.47107438016528924,2640,lagged_forecast_error,lagged_forecast_error,load_da_forecast_error_mw,True,kept,load_da_forecast_error_mw_rolling_std_7d_same_local_qh,0.5294248616790785,0.03783363312972959,lagged_forecast_error,lagged_forecast_error,load_da_forecast_error_mw,lagged_forecast_error,lagged_forecast_error,load_da_forecast_error_mw,False
load_da_forecast_error_mw_lag_2d_same_local_qh,0.1111111111111111,0.0,1.0,0.0,0.006521885914621014,0.007807989468425696,0.015754017775331627,68.88888888888889,13.0,False,True,kept,2736,0.47107438016528924,2736,lagged_forecast_error,lagged_forecast_error,load_da_forecast_error_mw,True,kept,load_da_forecast_error_mw_rolling_mean_3d_same_local_qh,0.907283957086311,0.17844731766252891,lagged_forecast_error,lagged_forecast_error,load_da_forecast_error_mw,lagged_forecast_error,lagged_forecast_error,load_da_forecast_error_mw,False
renewable_total_forecast_revision_id_minus_da_mw_rolling_mean_14d_same_local_qh,0.1111111111111111,0.0,1.0,0.0,0.006031650492624573,0.006717580655263662,0.01312796102636451,68.22222222222223,16.0,False,True,kept,5808,1.0,5808,forecast_revision,forecast_revision,renewable_total_forecast_revision_id_minus_da_mw,True,kept,wind_total_forecast_revision_id_minus_da_mw_rolling_mean_14d_same_local_qh,0.8419957891894853,0.058150175641115825,forecast_revision,forecast_revision,renewable_total_forecast_revision_id_minus_da_mw,forecast_revision,forecast_revision,renewable_total_forecast_revision_id_minus_da_mw,False
ida3_price_eur_mwh_rolling_std_14d_same_local_qh,0.0,0.0,0.0,0.0,0.005878002089487747,0.006006695584677764,0.012434417691659809,88.88888888888889,25.0,False,True,kept,5568,0.9586776859504132,5568,ida3_history,market_history,ida3_price_eur_mwh,True,kept,da_price_eur_mwh_rolling_std_14d_same_local_qh,0.8379347550251194,0.005273628338938771,ida3_history,market_history,ida3_price_eur_mwh,ida3_history,market_history,ida3_price_eur_mwh,False
renewable_total_forecast_revision_id_minus_da_mw_lag_14d_same_local_qh,0.0,0.0,0.0,0.0,0.005877791195593578,0.006082006914229342,0.01185470780969324,69.66666666666667,33.0,False,True,kept,5472,0.9421487603305785,5472,forecast_revision,forecast_revision,renewable_total_forecast_revision_id_minus_da_mw,True,kept,wind_onshore_forecast_revision_id_minus_da_mw_lag_14d_same_local_qh,0.8478152501459376,0.051245957004898195,forecast_revision,forecast_revision,renewable_total_forecast_revision_id_minus_da_mw,forecast_revision,forecast_revision,renewable_total_forecast_revision_id_minus_da_mw,False
renewable_total_forecast_revision_id_minus_da_mw_rolling_median_14d_same_local_qh,0.0,0.0,0.0,0.0,0.005730235832249733,0.007318177463719777,0.012946679767672479,68.44444444444444,28.0,False,True,kept,5808,1.0,3645,forecast_revision,forecast_revision,renewable_total_forecast_revision_id_minus_da_mw,True,kept,wind_total_forecast_revision_id_minus_da_mw_rolling_median_14d_same_local_qh,0.7727749264462033,0.07676375270129061,forecast_revision,forecast_revision,renewable_total_forecast_revision_id_minus_da_mw,forecast_revision,forecast_revision,renewable_total_forecast_revision_id_minus_da_mw,False
wind_offshore_forecast_revision_id_minus_da_mw_lag_1d_same_local_qh,0.0,0.0,0.0,0.0,0.005555548411275982,0.005694330991086997,0.010384093478765575,66.44444444444444,33.0,False,True,kept,5802,0.9989669421487604,5734,forecast_revision,forecast_revision,wind_offshore_forecast_revision_id_minus_da_mw,True,kept,renewable_total_forecast_revision_id_minus_da_mw_lag_1d_same_local_qh,0.35822543448952726,0.008967712254293832,forecast_revision,forecast_revision,wind_offshore_forecast_revision_id_minus_da_mw,forecast_revision,forecast_revision,wind_offshore_forecast_revision_id_minus_da_mw,False
ida3_price_eur_mwh_rolling_std_3d_same_local_qh,0.0,0.0,0.0,0.0,0.005302265711428743,0.005874168382812773,0.007193171636926083,79.88888888888889,46.0,False,True,kept,3312,0.5702479338842975,3187,ida3_history,market_history,ida3_price_eur_mwh,True,kept,ida3_price_eur_mwh_rolling_std_7d_same_local_qh,0.6479083249356338,0.030849940726186832,ida3_history,market_history,ida3_price_eur_mwh,ida3_history,market_history,ida3_price_eur_mwh,False
renewable_total_forecast_da_mw_lag_7d_same_local_qh,0.0,0.0,0.0,0.0,0.0052622125528068225,0.005637181627758223,0.012415210094402423,64.88888888888889,26.0,False,True,kept,5664,0.9752066115702479,5664,da_forecast,forecast_level,renewable_total_forecast_da_mw,True,kept,residual_load_forecast_da_mw_lag_7d_same_local_qh,0.8580276512637237,0.06215712463367658,da_forecast,forecast_level,renewable_total_forecast_da_mw,da_forecast,forecast_level,renewable_total_forecast_da_mw,False
ida3_minus_da_spread_eur_mwh_regime_mean_shift_7d_vs_28d_z,0.0,0.0,0.0,0.0,0.00513942405645332,0.005226875467938645,0.006791501085410267,81.77777777777777,43.0,False,True,kept,5040,0.8677685950413223,5040,regime_mean_shift,regime,ida3_minus_da_spread_eur_mwh,True,kept,da_price_eur_mwh_regime_mean_shift_7d_vs_28d_z,0.20935683156534096,0.03268263942012508,regime_mean_shift,regime,ida3_minus_da_spread_eur_mwh,regime_mean_shift,regime,ida3_minus_da_spread_eur_mwh,False
wind_total_forecast_revision_id_minus_da_mw_rolling_median_28d_same_local_qh,0.0,0.0,0.0,0.0,0.005084096466059812,0.004628338955024888,0.009062447037865724,60.333333333333336,32.0,False,True,kept,5808,1.0,2556,forecast_revision,forecast_revision,wind_total_forecast_revision_id_minus_da_mw,True,kept,wind_total_forecast_revision_id_minus_da_mw_rolling_mean_28d_same_local_qh,0.6978567823083742,0.11712318269231094,forecast_revision,forecast_revision,wind_total_forecast_revision_id_minus_da_mw,forecast_revision,forecast_revision,wind_total_forecast_revision_id_minus_da_mw,False
wind_onshore_forecast_revision_id_minus_da_mw_lag_1d_same_local_qh,0.0,0.0,0.0,0.0,0.005061110950603551,0.0052410393677035155,0.010611791957878867,77.11111111111111,27.0,False,True,kept,5808,1.0,5808,forecast_revision,forecast_revision,wind_onshore_forecast_revision_id_minus_da_mw,True,kept,wind_total_forecast_revision_id_minus_da_mw_rolling_mean_3d_same_local_qh,0.5540214360225879,0.09432177579084863,forecast_revision,forecast_revision,wind_onshore_forecast_revision_id_minus_da_mw,forecast_revision,forecast_revision,wind_onshore_forecast_revision_id_minus_da_mw,False
wind_total_forecast_revision_id_minus_da_mw_lag_2d_same_local_qh,0.0,0.0,0.0,0.0,0.004924339673973588,0.0055633980304197386,0.00767859983328558,68.11111111111111,41.0,False,True,kept,5760,0.9917355371900827,5760,forecast_revision,forecast_revision,wind_total_forecast_revision_id_minus_da_mw,True,kept,wind_total_forecast_revision_id_minus_da_mw_rolling_mean_3d_same_local_qh,0.5983252864379969,0.13942710526273308,forecast_revision,forecast_revision,wind_total_forecast_revision_id_minus_da_mw,forecast_revision,forecast_revision,wind_total_forecast_revision_id_minus_da_mw,False
load_forecast_da_mw,0.0,0.0,0.0,0.0,0.004832277967146077,0.004575432846678717,0.011585859141458377,69.33333333333333,29.0,False,True,kept,5808,1.0,5808,da_forecast,forecast_level,load_forecast_da_mw,True,kept,load_forecast_da_mw_lag_7d_same_local_qh,0.8560546178441104,0.09449322979652015,da_forecast,forecast_level,load_forecast_da_mw,da_forecast,forecast_level,load_forecast_da_mw,False
renewable_total_forecast_revision_id_minus_da_mw_rolling_median_7d_same_local_qh,0.0,0.0,0.0,0.0,0.004828706212680639,0.0055230060901888854,0.008455500217326573,72.11111111111111,50.0,False,True,kept,5808,1.0,3263,forecast_revision,forecast_revision,renewable_total_forecast_revision_id_minus_da_mw,True,kept,wind_total_forecast_revision_id_minus_da_mw_rolling_median_7d_same_local_qh,0.735359367539818,0.06418819856465073,forecast_revision,forecast_revision,renewable_total_forecast_revision_id_minus_da_mw,forecast_revision,forecast_revision,renewable_total_forecast_revision_id_minus_da_mw,False
ida3_price_eur_mwh_rolling_mean_3d_same_local_qh,0.0,0.0,0.0,0.0,0.004490894759164822,0.004059856611951739,0.010783676326706392,101.44444444444444,37.0,False,True,kept,3312,0.5702479338842975,3206,ida3_history,market_history,ida3_price_eur_mwh,True,kept,ida3_price_eur_mwh_rolling_mean_7d_same_local_qh,0.9017978639794904,0.13091530908964147,ida3_history,market_history,ida3_price_eur_mwh,ida3_history,market_history,ida3_price_eur_mwh,False
wind_offshore_da_forecast_error_mw_rolling_mean_3d_same_local_qh,0.1111111111111111,0.0,1.0,0.0,0.004416482755640955,0.005803278439281303,0.01430381629758938,110.55555555555556,15.0,False,True,kept,2735,0.4709022038567493,2637,lagged_forecast_error,lagged_forecast_error,wind_offshore_da_forecast_error_mw,True,kept,wind_offshore_id_forecast_error_mw_lag_2d_same_local_qh,0.7365706453132345,0.04017274904641242,lagged_forecast_error,lagged_forecast_error,wind_offshore_da_forecast_error_mw,lagged_forecast_error,lagged_forecast_error,wind_offshore_da_forecast_error_mw,False
quarter_cos,0.0,0.0,0.0,0.0,0.004403784490458747,0.005502035178403971,0.008458525659055614,72.55555555555556,35.0,False,True,kept,5808,1.0,48,calendar,calendar,quarter_cos,True,kept,hour_sin,0.3345694180933482,0.05256977549513473,calendar,calendar,quarter_cos,calendar,calendar,quarter_cos,False
wind_offshore_forecast_revision_id_minus_da_mw_lag_7d_same_local_qh,0.0,0.0,0.0,0.0,0.0043852327393131664,0.00608107787250169,0.009609239983066726,84.11111111111111,31.0,False,True,kept,5659,0.9743457300275482,5579,forecast_revision,forecast_revision,wind_offshore_forecast_revision_id_minus_da_mw,True,kept,wind_total_forecast_revision_id_minus_da_mw_rolling_mean_3d_same_local_qh,0.21441932979888922,0.08644559586375407,forecast_revision,forecast_revision,wind_offshore_forecast_revision_id_minus_da_mw,forecast_revision,forecast_revision,wind_offshore_forecast_revision_id_minus_da_mw,False
ida3_minus_da_spread_eur_mwh_rolling_mean_7d_same_local_qh,0.0,0.0,0.0,0.0,0.00436150400892175,0.00524896824623277,0.008433554174258243,95.0,38.0,False,True,kept,5376,0.9256198347107438,5324,ida3_history,market_history,ida3_minus_da_spread_eur_mwh,True,kept,ida3_minus_da_spread_eur_mwh_rolling_median_7d_same_local_qh,0.8223465439271967,0.1440215976438987,ida3_history,market_history,ida3_minus_da_spread_eur_mwh,ida3_history,market_history,ida3_minus_da_spread_eur_mwh,False
solar_forecast_revision_id_minus_da_mw,0.0,0.0,0.0,0.0,0.004186626070589468,0.006123235168871603,0.007139442396294546,68.77777777777777,41.0,False,True,kept,3469,0.5972796143250688,3351,forecast_revision,forecast_revision,solar_forecast_revision_id_minus_da_mw,True,kept,renewable_total_forecast_revision_id_minus_da_mw,0.49195267055390696,0.18595214866477608,forecast_revision,forecast_revision,solar_forecast_revision_id_minus_da_mw,forecast_revision,forecast_revision,solar_forecast_revision_id_minus_da_mw,False
wind_total_forecast_revision_id_minus_da_mw_rolling_mean_7d_same_local_qh,0.0,0.0,0.0,0.0,0.004100734086503121,0.006969892708650253,0.007655835942192626,87.55555555555556,39.0,False,True,kept,5808,1.0,5808,forecast_revision,forecast_revision,wind_total_forecast_revision_id_minus_da_mw,True,kept,wind_total_forecast_revision_id_minus_da_mw_rolling_median_7d_same_local_qh,0.7325159163870228,0.06914192132302863,forecast_revision,forecast_revision,wind_total_forecast_revision_id_minus_da_mw,forecast_revision,forecast_revision,wind_total_forecast_revision_id_minus_da_mw,False
wind_onshore_forecast_id_mw_lag_2d_same_local_qh,0.1111111111111111,0.0,1.0,0.0,0.0040631036036044895,0.0,0.026890917930027923,83.0,8.0,False,True,kept,5760,0.9917355371900827,5760,id_forecast,forecast_level,wind_onshore_forecast_id_mw,True,kept,wind_total_forecast_id_mw_lag_1d_same_local_qh,0.44031574587419664,0.05300597935248076,id_forecast,forecast_level,wind_onshore_forecast_id_mw,id_forecast,forecast_level,wind_onshore_forecast_id_mw,False
renewable_total_forecast_revision_id_minus_da_mw_rolling_mean_7d_same_local_qh,0.0,0.0,0.0,0.0,0.0037725399832265073,0.005091450979242065,0.006895399532011951,89.22222222222223,49.0,False,True,kept,5808,1.0,5808,forecast_revision,forecast_revision,renewable_total_forecast_revision_id_minus_da_mw,True,kept,wind_total_forecast_revision_id_minus_da_mw_rolling_mean_7d_same_local_qh,0.8573124562941377,0.04713248850342777,forecast_revision,forecast_revision,renewable_total_forecast_revision_id_minus_da_mw,forecast_revision,forecast_revision,renewable_total_forecast_revision_id_minus_da_mw,False
wind_onshore_da_forecast_error_mw_rolling_median_7d_same_local_qh,0.0,0.0,0.0,0.0,0.003758504657726323,0.0,0.009272052605298502,86.33333333333333,31.0,False,True,kept,4416,0.7603305785123967,3334,lagged_forecast_error,lagged_forecast_error,wind_onshore_da_forecast_error_mw,True,kept,wind_onshore_da_forecast_error_mw_rolling_mean_3d_same_local_qh,0.6661493945544806,0.10435425802777848,lagged_forecast_error,lagged_forecast_error,wind_onshore_da_forecast_error_mw,lagged_forecast_error,lagged_forecast_error,wind_onshore_da_forecast_error_mw,False
solar_id_forecast_error_mw_lag_2d_same_local_qh,0.0,0.0,0.0,0.0,0.0037135053237214574,0.004739110188134255,0.007819870350302599,100.0,39.0,False,True,kept,1510,0.2599862258953168,1502,lagged_forecast_error,lagged_forecast_error,solar_id_forecast_error_mw,True,kept,solar_id_forecast_error_mw_rolling_mean_3d_same_local_qh,0.7302221910179698,0.0735596142591446,lagged_forecast_error,lagged_forecast_error,solar_id_forecast_error_mw,lagged_forecast_error,lagged_forecast_error,solar_id_forecast_error_mw,False
weekday_cos,0.1111111111111111,0.0,1.0,0.0,0.0036933585675903158,0.0029095410257416504,0.012900970709509246,76.55555555555556,17.0,False,True,kept,5808,1.0,7,calendar,calendar,weekday_cos,True,kept,,0.0,0.043882894236542666,calendar,calendar,weekday_cos,calendar,calendar,weekday_cos,False
wind_offshore_id_forecast_error_mw_lag_1d_same_local_qh,0.0,0.0,0.0,0.0,0.0035876191813504596,0.006160347501585839,0.0074712189812299636,85.77777777777777,43.0,False,True,kept,2495,0.42957988980716255,2495,lagged_forecast_error,lagged_forecast_error,wind_offshore_id_forecast_error_mw,True,kept,load_da_forecast_error_mw_lag_14d_same_local_qh,0.2305988607839032,0.1332353511875465,lagged_forecast_error,lagged_forecast_error,wind_offshore_id_forecast_error_mw,lagged_forecast_error,lagged_forecast_error,wind_offshore_id_forecast_error_mw,False
wind_total_forecast_revision_id_minus_da_mw_rolling_std_7d_same_local_qh,0.0,0.0,0.0,0.0,0.003587536950043422,0.004750578959568133,0.0062186408629158136,92.11111111111111,58.0,False,True,kept,5808,1.0,5808,forecast_revision,forecast_revision,wind_total_forecast_revision_id_minus_da_mw,True,kept,renewable_total_forecast_revision_id_minus_da_mw_rolling_std_7d_same_local_qh,0.8602391913563993,0.019705839435673653,forecast_revision,forecast_revision,wind_total_forecast_revision_id_minus_da_mw,forecast_revision,forecast_revision,wind_total_forecast_revision_id_minus_da_mw,False
wind_onshore_forecast_revision_id_minus_da_mw_lag_14d_same_local_qh,0.0,0.0,0.0,0.0,0.0035185495923319658,0.00424202143836969,0.0077192106761262615,84.22222222222223,41.0,False,True,kept,5472,0.9421487603305785,5472,forecast_revision,forecast_revision,wind_onshore_forecast_revision_id_minus_da_mw,True,kept,wind_total_forecast_revision_id_minus_da_mw_rolling_mean_14d_same_local_qh,0.2455258141250803,0.06227707881175104,forecast_revision,forecast_revision,wind_onshore_forecast_revision_id_minus_da_mw,forecast_revision,forecast_revision,wind_onshore_forecast_revision_id_minus_da_mw,False
da_price_eur_mwh_lag_7d_same_local_qh,0.0,0.0,0.0,0.0,0.0032600407356957184,0.004199541268231285,0.008039212054618562,133.33333333333334,54.0,False,True,kept,5662,0.974862258953168,2866,da_price,market_history,da_price_eur_mwh,True,kept,ida3_price_eur_mwh_lag_7d_same_local_qh,0.9034166374941566,0.12987933162306853,da_price,market_history,da_price_eur_mwh,da_price,market_history,da_price_eur_mwh,False
renewable_total_forecast_id_mw_lag_2d_same_local_qh,0.0,0.0,0.0,0.0,0.003228437098839781,0.0037776088512091817,0.007500586417761335,82.44444444444444,37.0,False,True,kept,5760,0.9917355371900827,5760,id_forecast,forecast_level,renewable_total_forecast_id_mw,True,kept,solar_forecast_id_mw_lag_7d_same_local_qh,0.6665800914907215,0.1469007082393331,id_forecast,forecast_level,renewable_total_forecast_id_mw,id_forecast,forecast_level,renewable_total_forecast_id_mw,False
wind_total_forecast_revision_id_minus_da_mw_rolling_std_3d_same_local_qh,0.0,0.0,0.0,0.0,0.0031969451696680887,0.0,0.007840372423035886,98.0,37.0,False,True,kept,5808,1.0,5808,forecast_revision,forecast_revision,wind_total_forecast_revision_id_minus_da_mw,True,kept,renewable_total_forecast_revision_id_minus_da_mw_rolling_std_3d_same_local_qh,0.8402125039665349,0.05514802159326024,forecast_revision,forecast_revision,wind_total_forecast_revision_id_minus_da_mw,forecast_revision,forecast_revision,wind_total_forecast_revision_id_minus_da_mw,False
wind_offshore_da_forecast_error_mw_rolling_median_7d_same_local_qh,0.0,0.0,0.0,0.0,0.0030815724793274513,0.0,0.01131742010148334,127.55555555555556,34.0,False,True,kept,4416,0.7603305785123967,3342,lagged_forecast_error,lagged_forecast_error,wind_offshore_da_forecast_error_mw,True,kept,wind_offshore_id_forecast_error_mw_rolling_median_7d_same_local_qh,0.8807239949087244,0.02976168859166295,lagged_forecast_error,lagged_forecast_error,wind_offshore_da_forecast_error_mw,lagged_forecast_error,lagged_forecast_error,wind_offshore_da_forecast_error_mw,False
total_generation_forecast_da_mw_lag_14d_same_local_qh,0.0,0.0,0.0,0.0,0.003056045245818347,0.0,0.012087943398261592,82.22222222222223,26.0,False,True,kept,5472,0.9421487603305785,5472,da_forecast,forecast_level,total_generation_forecast_da_mw,True,kept,renewable_total_forecast_id_mw_lag_14d_same_local_qh,0.7965131022747676,0.09107464661993314,da_forecast,forecast_level,total_generation_forecast_da_mw,da_forecast,forecast_level,total_generation_forecast_da_mw,False
wind_offshore_da_forecast_error_mw_rolling_median_28d_same_local_qh,0.0,0.0,0.0,0.0,0.0029969507038348857,0.0,0.014360277447090786,147.11111111111111,23.0,False,True,kept,4896,0.8429752066115702,2593,lagged_forecast_error,lagged_forecast_error,wind_offshore_da_forecast_error_mw,True,kept,wind_offshore_id_forecast_error_mw_rolling_mean_28d_same_local_qh,0.8761788923546078,0.04655672688063913,lagged_forecast_error,lagged_forecast_error,wind_offshore_da_forecast_error_mw,lagged_forecast_error,lagged_forecast_error,wind_offshore_da_forecast_error_mw,False
wind_offshore_forecast_revision_id_minus_da_mw,0.0,0.0,0.0,0.0,0.0029857083445649834,0.0029171317074222513,0.007183301494906061,78.44444444444444,48.0,False,True,kept,5803,0.9991391184573003,5719,forecast_revision,forecast_revision,wind_offshore_forecast_revision_id_minus_da_mw,True,kept,wind_total_forecast_revision_id_minus_da_mw,0.39885457090577914,0.1483664601218975,forecast_revision,forecast_revision,wind_offshore_forecast_revision_id_minus_da_mw,forecast_revision,forecast_revision,wind_offshore_forecast_revision_id_minus_da_mw,False
residual_load_forecast_da_mw_lag_7d_same_local_qh,0.0,0.0,0.0,0.0,0.002938109588701994,0.0,0.008941860160971768,78.77777777777777,44.0,False,True,kept,5664,0.9752066115702479,5664,da_forecast,forecast_level,residual_load_forecast_da_mw,True,kept,solar_forecast_id_mw_lag_7d_same_local_qh,0.7397771928251498,0.10206912080283793,da_forecast,forecast_level,residual_load_forecast_da_mw,da_forecast,forecast_level,residual_load_forecast_da_mw,False
load_da_forecast_error_mw_rolling_mean_7d_same_local_qh,0.0,0.0,0.0,0.0,0.0029295920822088894,0.0,0.009426554133098772,119.33333333333333,35.0,False,True,kept,4416,0.7603305785123967,3984,lagged_forecast_error,lagged_forecast_error,load_da_forecast_error_mw,True,kept,load_da_forecast_error_mw_rolling_mean_14d_same_local_qh,0.8162894856149775,0.07328548490290095,lagged_forecast_error,lagged_forecast_error,load_da_forecast_error_mw,lagged_forecast_error,lagged_forecast_error,load_da_forecast_error_mw,False
da_price_eur_mwh_regime_mean_shift_7d_vs_28d_z,0.0,0.0,0.0,0.0,0.0029130461205811916,0.0,0.013438150856118523,153.33333333333334,24.0,False,True,kept,5808,1.0,5808,regime_mean_shift,regime,da_price_eur_mwh,True,kept,ida3_minus_da_spread_eur_mwh_regime_abs_median_28d_over_vol,0.21293576938396488,0.10396874766336289,regime_mean_shift,regime,da_price_eur_mwh,regime_mean_shift,regime,da_price_eur_mwh,False
wind_offshore_da_forecast_error_mw_lag_1d_same_local_qh,0.0,0.0,0.0,0.0,0.0028818879447693154,0.0,0.007370349332085712,114.77777777777777,45.0,False,True,kept,2494,0.4294077134986226,2493,lagged_forecast_error,lagged_forecast_error,wind_offshore_da_forecast_error_mw,True,kept,wind_offshore_id_forecast_error_mw_lag_1d_same_local_qh,0.8811608135549217,0.06636440210785235,lagged_forecast_error,lagged_forecast_error,wind_offshore_da_forecast_error_mw,lagged_forecast_error,lagged_forecast_error,wind_offshore_da_forecast_error_mw,False
renewable_total_forecast_revision_id_minus_da_mw_regime_vol_7d_over_28d,0.0,0.0,0.0,0.0,0.0028439164014598256,0.0,0.013416794624262757,182.55555555555554,26.0,False,True,kept,5808,1.0,5808,regime_volatility,regime,renewable_total_forecast_revision_id_minus_da_mw,True,kept,renewable_total_forecast_revision_id_minus_da_mw_regime_abs_median_28d_over_vol,0.07489630358187753,0.08870182662956327,regime_volatility,regime,renewable_total_forecast_revision_id_minus_da_mw,regime_volatility,regime,renewable_total_forecast_revision_id_minus_da_mw,False
renewable_total_forecast_revision_id_minus_da_mw_rolling_mean_3d_same_local_qh,0.0,0.0,0.0,0.0,0.0028212642768034473,0.0,0.010379098092363754,75.55555555555556,29.0,False,True,kept,5808,1.0,5808,forecast_revision,forecast_revision,renewable_total_forecast_revision_id_minus_da_mw,True,kept,wind_total_forecast_revision_id_minus_da_mw_rolling_mean_3d_same_local_qh,0.8955178596233374,0.10502662173073818,forecast_revision,forecast_revision,renewable_total_forecast_revision_id_minus_da_mw,forecast_revision,forecast_revision,renewable_total_forecast_revision_id_minus_da_mw,False
wind_offshore_id_forecast_error_mw_rolling_median_28d_same_local_qh,0.0,0.0,0.0,0.0,0.002820432480190429,0.0,0.013586733980255809,156.77777777777777,25.0,False,True,kept,4896,0.8429752066115702,2489,lagged_forecast_error,lagged_forecast_error,wind_offshore_id_forecast_error_mw,True,kept,wind_offshore_da_forecast_error_mw_rolling_median_28d_same_local_qh,0.9196975839588362,0.03899265213676017,lagged_forecast_error,lagged_forecast_error,wind_offshore_id_forecast_error_mw,lagged_forecast_error,lagged_forecast_error,wind_offshore_id_forecast_error_mw,False
solar_forecast_revision_id_minus_da_mw_lag_14d_same_local_qh,0.0,0.0,0.0,0.0,0.002810563632278243,0.0,0.011726856782125188,113.55555555555556,34.0,False,True,kept,3160,0.5440771349862259,3047,forecast_revision,forecast_revision,solar_forecast_revision_id_minus_da_mw,True,kept,renewable_total_forecast_revision_id_minus_da_mw_lag_14d_same_local_qh,0.5074906123676136,0.026438920745931915,forecast_revision,forecast_revision,solar_forecast_revision_id_minus_da_mw,forecast_revision,forecast_revision,solar_forecast_revision_id_minus_da_mw,False
wind_total_forecast_id_mw_lag_1d_same_local_qh,0.1111111111111111,0.0,1.0,0.0,0.0026845809150310017,0.0,0.012144812225821177,79.11111111111111,18.0,False,True,kept,5808,1.0,5808,id_forecast,forecast_level,wind_total_forecast_id_mw,True,kept,renewable_total_forecast_id_mw_lag_1d_same_local_qh,0.4296063730380619,0.08530147864519702,id_forecast,forecast_level,wind_total_forecast_id_mw,id_forecast,forecast_level,wind_total_forecast_id_mw,False
load_da_forecast_error_mw_lag_1d_same_local_qh,0.0,0.0,0.0,0.0,0.00268029439413666,0.0,0.007589620439982057,134.88888888888889,38.0,False,True,kept,2496,0.4297520661157025,2496,lagged_forecast_error,lagged_forecast_error,load_da_forecast_error_mw,True,kept,load_da_forecast_error_mw_rolling_mean_3d_same_local_qh,0.7689171627774718,0.037483644409249055,lagged_forecast_error,lagged_forecast_error,load_da_forecast_error_mw,lagged_forecast_error,lagged_forecast_error,load_da_forecast_error_mw,False
renewable_total_forecast_revision_id_minus_da_mw_lag_1d_same_local_qh,0.0,0.0,0.0,0.0,0.0025938924882721185,0.0,0.007949848064890212,102.33333333333333,39.0,False,True,kept,5808,1.0,5808,forecast_revision,forecast_revision,renewable_total_forecast_revision_id_minus_da_mw,True,kept,wind_onshore_forecast_revision_id_minus_da_mw_lag_1d_same_local_qh,0.8567640359839469,0.05622653332124062,forecast_revision,forecast_revision,renewable_total_forecast_revision_id_minus_da_mw,forecast_revision,forecast_revision,renewable_total_forecast_revision_id_minus_da_mw,False
renewable_total_forecast_revision_id_minus_da_mw_rolling_median_3d_same_local_qh,0.0,0.0,0.0,0.0,0.002494594585225533,0.0,0.007879322728616358,102.0,36.0,False,True,kept,5808,1.0,4289,forecast_revision,forecast_revision,renewable_total_forecast_revision_id_minus_da_mw,True,kept,renewable_total_forecast_revision_id_minus_da_mw_rolling_mean_3d_same_local_qh,0.8552229448689498,0.0884872816005952,forecast_revision,forecast_revision,renewable_total_forecast_revision_id_minus_da_mw,forecast_revision,forecast_revision,renewable_total_forecast_revision_id_minus_da_mw,False
residual_load_forecast_id_approx_mw_lag_1d_same_local_qh,0.0,0.0,0.0,0.0,0.0024933259121144255,0.002664768217694915,0.007147527533331865,86.55555555555556,59.0,False,True,kept,5808,1.0,5808,id_forecast,forecast_level,residual_load_forecast_id_approx_mw,True,kept,residual_load_forecast_da_mw,0.6409567997007293,0.1760286020915595,id_forecast,forecast_level,residual_load_forecast_id_approx_mw,id_forecast,forecast_level,residual_load_forecast_id_approx_mw,False
total_generation_forecast_da_mw_lag_1d_same_local_qh,0.0,0.0,0.0,0.0,0.0024922793590882344,0.0,0.009738149736432385,86.11111111111111,45.0,False,True,kept,5808,1.0,5808,da_forecast,forecast_level,total_generation_forecast_da_mw,True,kept,renewable_total_forecast_id_mw_lag_1d_same_local_qh,0.7818461622208801,0.06184369652543668,da_forecast,forecast_level,total_generation_forecast_da_mw,da_forecast,forecast_level,total_generation_forecast_da_mw,False
solar_da_forecast_error_mw_rolling_mean_14d_same_local_qh,0.1111111111111111,0.0,1.0,0.0,0.0024914984115990283,0.0,0.011966177107737673,131.77777777777777,19.0,False,True,kept,2647,0.45575068870523416,2352,lagged_forecast_error,lagged_forecast_error,solar_da_forecast_error_mw,True,kept,solar_id_forecast_error_mw_rolling_mean_14d_same_local_qh,0.806372212175302,0.07896599254415217,lagged_forecast_error,lagged_forecast_error,solar_da_forecast_error_mw,lagged_forecast_error,lagged_forecast_error,solar_da_forecast_error_mw,False
renewable_total_forecast_id_mw_lag_14d_same_local_qh,0.0,0.0,0.0,0.0,0.0024668706756486754,0.002752506837070889,0.005697325044463448,98.44444444444444,65.0,False,True,kept,5472,0.9421487603305785,5472,id_forecast,forecast_level,renewable_total_forecast_id_mw,True,kept,solar_forecast_id_mw_lag_7d_same_local_qh,0.6529883388904111,0.1489644492518284,id_forecast,forecast_level,renewable_total_forecast_id_mw,id_forecast,forecast_level,renewable_total_forecast_id_mw,False
wind_offshore_id_forecast_error_mw_rolling_mean_14d_same_local_qh,0.0,0.0,0.0,0.0,0.002431506527762014,0.0,0.009270752129423845,129.0,36.0,False,True,kept,4704,0.8099173553719008,4176,lagged_forecast_error,lagged_forecast_error,wind_offshore_id_forecast_error_mw,True,kept,solar_id_forecast_error_mw_rolling_std_14d_same_local_qh,0.4663223772089975,0.07159574557280864,lagged_forecast_error,lagged_forecast_error,wind_offshore_id_forecast_error_mw,lagged_forecast_error,lagged_forecast_error,wind_offshore_id_forecast_error_mw,False
wind_total_forecast_revision_id_minus_da_mw_rolling_std_28d_same_local_qh,0.0,0.0,0.0,0.0,0.0024209584308235665,0.0,0.01120940652589495,106.33333333333333,37.0,False,True,kept,5808,1.0,5808,forecast_revision,forecast_revision,wind_total_forecast_revision_id_minus_da_mw,True,kept,renewable_total_forecast_revision_id_minus_da_mw_rolling_mean_28d_same_local_qh,0.22833111861792477,0.07112070976644114,forecast_revision,forecast_revision,wind_total_forecast_revision_id_minus_da_mw,forecast_revision,forecast_revision,wind_total_forecast_revision_id_minus_da_mw,False
ida3_minus_da_spread_eur_mwh_lag_2d_same_local_qh,0.0,0.0,0.0,0.0,0.002309481643929789,0.0,0.010156436493428683,162.77777777777777,42.0,False,True,kept,3072,0.5289256198347108,2697,ida3_history,market_history,ida3_minus_da_spread_eur_mwh,True,kept,ida3_minus_da_spread_eur_mwh_rolling_median_3d_same_local_qh,0.7796128914949444,0.11915387454073961,ida3_history,market_history,ida3_minus_da_spread_eur_mwh,ida3_history,market_history,ida3_minus_da_spread_eur_mwh,False
ida3_minus_da_spread_eur_mwh_rolling_median_28d_same_local_qh,0.0,0.0,0.0,0.0,0.00221431667385258,0.0,0.008597869640209725,162.66666666666666,48.0,False,True,kept,5328,0.9173553719008265,2660,ida3_history,market_history,ida3_minus_da_spread_eur_mwh,True,kept,ida3_minus_da_spread_eur_mwh_rolling_median_14d_same_local_qh,0.7252983469963509,0.14515536529471335,ida3_history,market_history,ida3_minus_da_spread_eur_mwh,ida3_history,market_history,ida3_minus_da_spread_eur_mwh,False
solar_forecast_revision_id_minus_da_mw_lag_1d_same_local_qh,0.0,0.0,0.0,0.0,0.002195982773453744,0.0,0.006224578044580576,108.33333333333333,53.0,False,True,kept,3459,0.5955578512396694,3342,forecast_revision,forecast_revision,solar_forecast_revision_id_minus_da_mw,True,kept,renewable_total_forecast_revision_id_minus_da_mw_lag_1d_same_local_qh,0.5444859778308302,0.029365025911867088,forecast_revision,forecast_revision,solar_forecast_revision_id_minus_da_mw,forecast_revision,forecast_revision,solar_forecast_revision_id_minus_da_mw,False
ida3_minus_da_spread_eur_mwh_rolling_mean_14d_same_local_qh,0.0,0.0,0.0,0.0,0.0021957071324283403,0.0,0.006309256263145028,146.44444444444446,56.0,False,True,kept,5568,0.9586776859504132,5549,ida3_history,market_history,ida3_minus_da_spread_eur_mwh,True,kept,ida3_minus_da_spread_eur_mwh_rolling_median_14d_same_local_qh,0.8094447615003939,0.15684203531358654,ida3_history,market_history,ida3_minus_da_spread_eur_mwh,ida3_history,market_history,ida3_minus_da_spread_eur_mwh,False
ida3_price_eur_mwh_regime_vol_28d,0.0,0.0,0.0,0.0,0.002155508525969432,0.0,0.009931699050247666,195.0,42.0,False,True,kept,5328,0.9173553719008265,5328,regime_volatility,regime,ida3_price_eur_mwh,True,kept,ida3_price_eur_mwh_regime_abs_median_28d_over_vol,0.9189116856880358,0.01758101088897777,regime_volatility,regime,ida3_price_eur_mwh,regime_volatility,regime,ida3_price_eur_mwh,False
da_price_eur_mwh_regime_vol_7d_over_28d,0.0,0.0,0.0,0.0,0.0020320171516688412,0.0,0.006260110686959662,182.88888888888889,50.0,False,True,kept,5808,1.0,5808,regime_volatility,regime,da_price_eur_mwh,True,kept,ida3_price_eur_mwh_regime_vol_7d_over_28d,0.5940159308943691,0.0007950168983039423,regime_volatility,regime,da_price_eur_mwh,regime_volatility,regime,da_price_eur_mwh,False
wind_total_forecast_revision_id_minus_da_mw_lag_7d_same_local_qh,0.0,0.0,0.0,0.0,0.0018688844336676809,0.0,0.010389703993574311,120.66666666666667,28.0,False,True,kept,5664,0.9752066115702479,5664,forecast_revision,forecast_revision,wind_total_forecast_revision_id_minus_da_mw,True,kept,renewable_total_forecast_revision_id_minus_da_mw_lag_7d_same_local_qh,0.8912793557650466,0.03140072009845258,forecast_revision,forecast_revision,wind_total_forecast_revision_id_minus_da_mw,forecast_revision,forecast_revision,wind_total_forecast_revision_id_minus_da_mw,False
residual_load_forecast_id_approx_mw_lag_2d_same_local_qh,0.0,0.0,0.0,0.0,0.001799245727379602,0.0,0.00639598342706983,92.88888888888889,45.0,False,True,kept,5760,0.9917355371900827,5760,id_forecast,forecast_level,residual_load_forecast_id_approx_mw,True,kept,renewable_total_forecast_id_mw_lag_2d_same_local_qh,0.8621542721867848,0.1420744080617606,id_forecast,forecast_level,residual_load_forecast_id_approx_mw,id_forecast,forecast_level,residual_load_forecast_id_approx_mw,False
load_forecast_da_mw_lag_2d_same_local_qh,0.0,0.0,0.0,0.0,0.001743128756185162,0.0,0.006025136583816652,85.22222222222223,55.0,False,True,kept,5760,0.9917355371900827,5760,da_forecast,forecast_level,load_forecast_da_mw,True,kept,load_forecast_da_mw_lag_1d_same_local_qh,0.7454077351759741,0.01930153740761452,da_forecast,forecast_level,load_forecast_da_mw,da_forecast,forecast_level,load_forecast_da_mw,False
wind_offshore_id_forecast_error_mw_rolling_std_14d_same_local_qh,0.0,0.0,0.0,0.0,0.0017118912894750129,0.0,0.011210192781368805,154.77777777777777,25.0,False,True,kept,4704,0.8099173553719008,4176,lagged_forecast_error,lagged_forecast_error,wind_offshore_id_forecast_error_mw,True,kept,wind_offshore_id_forecast_error_mw_rolling_std_28d_same_local_qh,0.678700898970234,0.048573739323129445,lagged_forecast_error,lagged_forecast_error,wind_offshore_id_forecast_error_mw,lagged_forecast_error,lagged_forecast_error,wind_offshore_id_forecast_error_mw,False
wind_total_forecast_revision_id_minus_da_mw_rolling_median_14d_same_local_qh,0.0,0.0,0.0,0.0,0.0017088820226098605,0.0,0.008304942129519901,118.44444444444444,52.0,False,True,kept,5808,1.0,3579,forecast_revision,forecast_revision,wind_total_forecast_revision_id_minus_da_mw,True,kept,wind_total_forecast_revision_id_minus_da_mw_rolling_mean_14d_same_local_qh,0.7631169820169623,0.09491268030635146,forecast_revision,forecast_revision,wind_total_forecast_revision_id_minus_da_mw,forecast_revision,forecast_revision,wind_total_forecast_revision_id_minus_da_mw,False
load_da_forecast_error_mw_rolling_std_14d_same_local_qh,0.0,0.0,0.0,0.0,0.0016614603629538142,0.0,0.011494780307244845,157.66666666666666,29.0,False,True,kept,4704,0.8099173553719008,4176,lagged_forecast_error,lagged_forecast_error,load_da_forecast_error_mw,True,kept,load_da_forecast_error_mw_rolling_std_28d_same_local_qh,0.7138611899964346,0.03412237793107178,lagged_forecast_error,lagged_forecast_error,load_da_forecast_error_mw,lagged_forecast_error,lagged_forecast_error,load_da_forecast_error_mw,False
wind_total_forecast_revision_id_minus_da_mw_regime_vol_28d,0.0,0.0,0.0,0.0,0.0016364606765622808,0.0,0.0074555847788573175,194.55555555555554,56.0,False,True,kept,5808,1.0,5808,regime_volatility,regime,wind_total_forecast_revision_id_minus_da_mw,True,kept,da_price_eur_mwh_regime_mean_shift_7d_vs_28d_z,0.3161652806376808,0.07112070976644114,regime_volatility,regime,wind_total_forecast_revision_id_minus_da_mw,regime_volatility,regime,wind_total_forecast_revision_id_minus_da_mw,False
wind_offshore_da_forecast_error_mw_rolling_median_14d_same_local_qh,0.0,0.0,0.0,0.0,0.0016362158501116535,0.0,0.007780944827980725,118.55555555555556,37.0,False,True,kept,4704,0.8099173553719008,2985,lagged_forecast_error,lagged_forecast_error,wind_offshore_da_forecast_error_mw,True,kept,wind_offshore_id_forecast_error_mw_rolling_mean_14d_same_local_qh,0.8503280953467212,0.050757190361603026,lagged_forecast_error,lagged_forecast_error,wind_offshore_da_forecast_error_mw,lagged_forecast_error,lagged_forecast_error,wind_offshore_da_forecast_error_mw,False
solar_forecast_revision_id_minus_da_mw_lag_2d_same_local_qh,0.0,0.0,0.0,0.0,0.001579335106814896,0.0,0.0073920807262893625,114.22222222222223,55.0,False,True,kept,3418,0.5884986225895317,3303,forecast_revision,forecast_revision,solar_forecast_revision_id_minus_da_mw,True,kept,renewable_total_forecast_revision_id_minus_da_mw_lag_2d_same_local_qh,0.5204781249399296,0.09615450413647056,forecast_revision,forecast_revision,solar_forecast_revision_id_minus_da_mw,forecast_revision,forecast_revision,solar_forecast_revision_id_minus_da_mw,False
wind_offshore_da_forecast_error_mw_lag_14d_same_local_qh,0.0,0.0,0.0,0.0,0.0015409047914088812,0.0,0.009199979596166204,144.22222222222223,32.0,False,True,kept,2735,0.4709022038567493,2734,lagged_forecast_error,lagged_forecast_error,wind_offshore_da_forecast_error_mw,True,kept,wind_offshore_id_forecast_error_mw_lag_14d_same_local_qh,0.8581980119710889,0.020063542569614973,lagged_forecast_error,lagged_forecast_error,wind_offshore_da_forecast_error_mw,lagged_forecast_error,lagged_forecast_error,wind_offshore_da_forecast_error_mw,False
solar_forecast_revision_id_minus_da_mw_lag_7d_same_local_qh,0.0,0.0,0.0,0.0,0.0014800469137395177,0.0,0.006806132087543638,121.66666666666667,66.0,False,True,kept,3318,0.5712809917355371,3203,forecast_revision,forecast_revision,solar_forecast_revision_id_minus_da_mw,True,kept,renewable_total_forecast_revision_id_minus_da_mw_rolling_median_28d_same_local_qh,0.2564468830920048,0.09084270739933964,forecast_revision,forecast_revision,solar_forecast_revision_id_minus_da_mw,forecast_revision,forecast_revision,solar_forecast_revision_id_minus_da_mw,False
wind_onshore_da_forecast_error_mw_rolling_std_14d_same_local_qh,0.0,0.0,0.0,0.0,0.0014735533680365297,0.0,0.006885939054054093,105.0,62.0,False,True,kept,4704,0.8099173553719008,4176,lagged_forecast_error,lagged_forecast_error,wind_onshore_da_forecast_error_mw,True,kept,wind_offshore_id_forecast_error_mw_rolling_std_3d_same_local_qh,0.2709945152150774,0.089497086393415,lagged_forecast_error,lagged_forecast_error,wind_onshore_da_forecast_error_mw,lagged_forecast_error,lagged_forecast_error,wind_onshore_da_forecast_error_mw,False
wind_onshore_id_forecast_error_mw_rolling_median_7d_same_local_qh,0.0,0.0,0.0,0.0,0.0014416101049587312,0.0,0.0065856131226326295,143.44444444444446,47.0,False,True,kept,4416,0.7603305785123967,3269,lagged_forecast_error,lagged_forecast_error,wind_onshore_id_forecast_error_mw,True,kept,wind_onshore_da_forecast_error_mw_rolling_median_7d_same_local_qh,0.7474592168291443,0.06636997958599097,lagged_forecast_error,lagged_forecast_error,wind_onshore_id_forecast_error_mw,lagged_forecast_error,lagged_forecast_error,wind_onshore_id_forecast_error_mw,False
ida3_minus_da_spread_eur_mwh_rolling_median_7d_same_local_qh,0.0,0.0,0.0,0.0,0.0014187294753401777,0.0,0.0067078842846007136,164.22222222222223,42.0,False,True,kept,5376,0.9256198347107438,3620,ida3_history,market_history,ida3_minus_da_spread_eur_mwh,True,kept,ida3_minus_da_spread_eur_mwh_rolling_median_3d_same_local_qh,0.7556183773231513,0.18542048945532325,ida3_history,market_history,ida3_minus_da_spread_eur_mwh,ida3_history,market_history,ida3_minus_da_spread_eur_mwh,False
solar_da_forecast_error_mw_rolling_mean_3d_same_local_qh,0.0,0.0,0.0,0.0,0.0014125221074625979,0.0,0.006810135895209171,112.66666666666667,44.0,False,True,kept,1485,0.2556818181818182,1438,lagged_forecast_error,lagged_forecast_error,solar_da_forecast_error_mw,True,kept,wind_onshore_da_forecast_error_mw_lag_7d_same_local_qh,0.17214417800239204,0.1306626050623277,lagged_forecast_error,lagged_forecast_error,solar_da_forecast_error_mw,lagged_forecast_error,lagged_forecast_error,solar_da_forecast_error_mw,False
solar_da_forecast_error_mw_rolling_mean_28d_same_local_qh,0.0,0.0,0.0,0.0,0.0013821805481869396,0.0,0.012439624933682458,149.88888888888889,30.0,False,True,kept,2760,0.47520661157024796,2298,lagged_forecast_error,lagged_forecast_error,solar_da_forecast_error_mw,True,kept,solar_id_forecast_error_mw_rolling_mean_28d_same_local_qh,0.8547369633258503,0.06779011244249175,lagged_forecast_error,lagged_forecast_error,solar_da_forecast_error_mw,lagged_forecast_error,lagged_forecast_error,solar_da_forecast_error_mw,False
wind_offshore_id_forecast_error_mw_rolling_mean_7d_same_local_qh,0.0,0.0,0.0,0.0,0.0013380100763147557,0.0,0.007394676840393856,149.11111111111111,44.0,False,True,kept,4416,0.7603305785123967,3984,lagged_forecast_error,lagged_forecast_error,wind_offshore_id_forecast_error_mw,True,kept,wind_offshore_id_forecast_error_mw_rolling_mean_14d_same_local_qh,0.7997705527138104,0.03527306451254436,lagged_forecast_error,lagged_forecast_error,wind_offshore_id_forecast_error_mw,lagged_forecast_error,lagged_forecast_error,wind_offshore_id_forecast_error_mw,False
wind_total_forecast_revision_id_minus_da_mw_rolling_mean_3d_same_local_qh,0.0,0.0,0.0,0.0,0.0012731493952742095,0.0,0.011458344557467885,87.0,29.0,False,True,kept,5808,1.0,5808,forecast_revision,forecast_revision,wind_total_forecast_revision_id_minus_da_mw,True,kept,renewable_total_forecast_revision_id_minus_da_mw,0.11459646228061622,0.1397461636262153,forecast_revision,forecast_revision,wind_total_forecast_revision_id_minus_da_mw,forecast_revision,forecast_revision,wind_total_forecast_revision_id_minus_da_mw,False
renewable_total_forecast_revision_id_minus_da_mw_regime_mean_shift_7d_vs_28d_z,0.0,0.0,0.0,0.0,0.0012595963915973288,0.0,0.005748143197540674,202.11111111111111,68.0,False,True,kept,5808,1.0,5808,regime_mean_shift,regime,renewable_total_forecast_revision_id_minus_da_mw,True,kept,wind_total_forecast_revision_id_minus_da_mw_regime_mean_shift_7d_vs_28d_z,0.9031728632326228,0.0013805087904675765,regime_mean_shift,regime,renewable_total_forecast_revision_id_minus_da_mw,regime_mean_shift,regime,renewable_total_forecast_revision_id_minus_da_mw,False
load_da_forecast_error_mw_lag_14d_same_local_qh,0.0,0.0,0.0,0.0,0.001227943466962282,0.0,0.009197593547760872,118.88888888888889,33.0,False,True,kept,2736,0.47107438016528924,2736,lagged_forecast_error,lagged_forecast_error,load_da_forecast_error_mw,True,kept,load_da_forecast_error_mw_rolling_mean_14d_same_local_qh,0.5991586851963995,0.1470948603253674,lagged_forecast_error,lagged_forecast_error,load_da_forecast_error_mw,lagged_forecast_error,lagged_forecast_error,load_da_forecast_error_mw,False
wind_onshore_id_forecast_error_mw_lag_1d_same_local_qh,0.0,0.0,0.0,0.0,0.0012075027535278816,0.0,0.005583317721300718,148.44444444444446,65.0,False,True,kept,2496,0.4297520661157025,2496,lagged_forecast_error,lagged_forecast_error,wind_onshore_id_forecast_error_mw,True,kept,wind_onshore_id_forecast_error_mw_rolling_median_3d_same_local_qh,0.5014713486065004,0.08373115127571701,lagged_forecast_error,lagged_forecast_error,wind_onshore_id_forecast_error_mw,lagged_forecast_error,lagged_forecast_error,wind_onshore_id_forecast_error_mw,False
wind_onshore_id_forecast_error_mw_lag_7d_same_local_qh,0.0,0.0,0.0,0.0,0.0011779935332385317,0.0,0.004055936911934501,140.0,81.0,False,True,kept,2832,0.48760330578512395,2832,lagged_forecast_error,lagged_forecast_error,wind_onshore_id_forecast_error_mw,True,kept,wind_onshore_da_forecast_error_mw_lag_7d_same_local_qh,0.8052777530973466,0.07197862038257377,lagged_forecast_error,lagged_forecast_error,wind_onshore_id_forecast_error_mw,lagged_forecast_error,lagged_forecast_error,wind_onshore_id_forecast_error_mw,False
wind_offshore_da_forecast_error_mw_rolling_std_7d_same_local_qh,0.0,0.0,0.0,0.0,0.0011647273925465419,0.0,0.010482546532918876,155.88888888888889,40.0,False,True,kept,4416,0.7603305785123967,3984,lagged_forecast_error,lagged_forecast_error,wind_offshore_da_forecast_error_mw,True,kept,wind_offshore_da_forecast_error_mw_rolling_std_3d_same_local_qh,0.5563634422307128,0.06312344914325184,lagged_forecast_error,lagged_forecast_error,wind_offshore_da_forecast_error_mw,lagged_forecast_error,lagged_forecast_error,wind_offshore_da_forecast_error_mw,False
wind_onshore_da_forecast_error_mw_lag_14d_same_local_qh,0.0,0.0,0.0,0.0,0.0011472572242273546,0.0,0.005492641053897893,155.33333333333334,51.0,False,True,kept,2736,0.47107438016528924,2736,lagged_forecast_error,lagged_forecast_error,wind_onshore_da_forecast_error_mw,True,kept,wind_onshore_da_forecast_error_mw_rolling_mean_14d_same_local_qh,0.30723604644364666,0.04136733390564568,lagged_forecast_error,lagged_forecast_error,wind_onshore_da_forecast_error_mw,lagged_forecast_error,lagged_forecast_error,wind_onshore_da_forecast_error_mw,False
ida3_price_eur_mwh_regime_mean_shift_7d_vs_28d_z,0.0,0.0,0.0,0.0,0.001110946707365533,0.0,0.006696843455621318,196.55555555555554,43.0,False,True,kept,5040,0.8677685950413223,5040,regime_mean_shift,regime,ida3_price_eur_mwh,True,kept,da_price_eur_mwh_regime_mean_shift_7d_vs_28d_z,0.8139993601715126,0.05527242635202876,regime_mean_shift,regime,ida3_price_eur_mwh,regime_mean_shift,regime,ida3_price_eur_mwh,False
weekday_sin,0.0,0.0,0.0,0.0,0.001083168019951549,0.0,0.005252702758190966,109.33333333333333,76.0,False,True,kept,5808,1.0,7,calendar,calendar,weekday_sin,True,kept,weekday_cos,0.2667531524051684,0.03394026310982818,calendar,calendar,weekday_sin,calendar,calendar,weekday_sin,False
wind_onshore_id_forecast_error_mw_rolling_std_7d_same_local_qh,0.0,0.0,0.0,0.0,0.0010014212261553143,0.0,0.009012791035397828,157.88888888888889,47.0,False,True,kept,4416,0.7603305785123967,3984,lagged_forecast_error,lagged_forecast_error,wind_onshore_id_forecast_error_mw,True,kept,wind_onshore_da_forecast_error_mw_rolling_std_7d_same_local_qh,0.6963207166736668,0.07489615613956699,lagged_forecast_error,lagged_forecast_error,wind_onshore_id_forecast_error_mw,lagged_forecast_error,lagged_forecast_error,wind_onshore_id_forecast_error_mw,False
wind_onshore_id_forecast_error_mw_rolling_std_28d_same_local_qh,0.0,0.0,0.0,0.0,0.0009678465310294978,0.0,0.00871061877926548,167.66666666666666,49.0,False,True,kept,4896,0.8429752066115702,4176,lagged_forecast_error,lagged_forecast_error,wind_onshore_id_forecast_error_mw,True,kept,wind_onshore_id_forecast_error_mw_rolling_std_14d_same_local_qh,0.6754883858968145,0.021186083468184822,lagged_forecast_error,lagged_forecast_error,wind_onshore_id_forecast_error_mw,lagged_forecast_error,lagged_forecast_error,wind_onshore_id_forecast_error_mw,False
wind_onshore_da_forecast_error_mw_rolling_std_28d_same_local_qh,0.0,0.0,0.0,0.0,0.0009414338637816205,0.0,0.008472904774034585,192.55555555555554,49.0,False,True,kept,4896,0.8429752066115702,4176,lagged_forecast_error,lagged_forecast_error,wind_onshore_da_forecast_error_mw,True,kept,wind_onshore_id_forecast_error_mw_rolling_std_28d_same_local_qh,0.7482158332442809,0.004642652740363049,lagged_forecast_error,lagged_forecast_error,wind_onshore_da_forecast_error_mw,lagged_forecast_error,lagged_forecast_error,wind_onshore_da_forecast_error_mw,False
wind_total_forecast_revision_id_minus_da_mw_rolling_mean_14d_same_local_qh,0.0,0.0,0.0,0.0,0.0009269792880700965,0.0,0.008342813592630869,126.88888888888889,36.0,False,True,kept,5808,1.0,5808,forecast_revision,forecast_revision,wind_total_forecast_revision_id_minus_da_mw,True,kept,wind_total_forecast_revision_id_minus_da_mw_rolling_mean_28d_same_local_qh,0.5361664593053411,0.09762357272136082,forecast_revision,forecast_revision,wind_total_forecast_revision_id_minus_da_mw,forecast_revision,forecast_revision,wind_total_forecast_revision_id_minus_da_mw,False
wind_onshore_da_forecast_error_mw_rolling_median_14d_same_local_qh,0.0,0.0,0.0,0.0,0.0008934163193621962,0.0,0.008040746874259765,124.66666666666667,54.0,False,True,kept,4704,0.8099173553719008,3095,lagged_forecast_error,lagged_forecast_error,wind_onshore_da_forecast_error_mw,True,kept,wind_onshore_da_forecast_error_mw_lag_2d_same_local_qh,0.49274476374353343,0.14403897714939679,lagged_forecast_error,lagged_forecast_error,wind_onshore_da_forecast_error_mw,lagged_forecast_error,lagged_forecast_error,wind_onshore_da_forecast_error_mw,False
solar_id_forecast_error_mw_rolling_mean_28d_same_local_qh,0.0,0.0,0.0,0.0,0.0008914345051605667,0.0,0.004397703277861576,112.44444444444444,60.0,False,True,kept,2766,0.4762396694214876,2299,lagged_forecast_error,lagged_forecast_error,solar_id_forecast_error_mw,True,kept,solar_da_forecast_error_mw_rolling_mean_3d_same_local_qh,0.3851015460548019,0.11773512385598424,lagged_forecast_error,lagged_forecast_error,solar_id_forecast_error_mw,lagged_forecast_error,lagged_forecast_error,solar_id_forecast_error_mw,False
da_price_eur_mwh_rolling_std_3d_same_local_qh,0.0,0.0,0.0,0.0,0.000855660863053049,0.0,0.004985788244881919,190.88888888888889,72.0,False,True,kept,5808,1.0,5802,da_price,market_history,da_price_eur_mwh,True,kept,da_price_eur_mwh_rolling_std_7d_same_local_qh,0.5672082690195414,0.0074755295251480395,da_price,market_history,da_price_eur_mwh,da_price,market_history,da_price_eur_mwh,False
ida3_minus_da_spread_eur_mwh_rolling_std_28d_same_local_qh,0.0,0.0,0.0,0.0,0.0008332753231411482,0.0,0.005157514408640086,180.11111111111111,54.0,False,True,kept,5328,0.9173553719008265,5328,ida3_history,market_history,ida3_minus_da_spread_eur_mwh,True,kept,da_price_eur_mwh_rolling_std_14d_same_local_qh,0.4804448919406821,0.06680642363950506,ida3_history,market_history,ida3_minus_da_spread_eur_mwh,ida3_history,market_history,ida3_minus_da_spread_eur_mwh,False
solar_da_forecast_error_mw_rolling_std_3d_same_local_qh,0.0,0.0,0.0,0.0,0.0008223180367885091,0.0,0.005174232049847186,120.44444444444444,67.0,False,True,kept,1485,0.2556818181818182,1438,lagged_forecast_error,lagged_forecast_error,solar_da_forecast_error_mw,True,kept,load_da_forecast_error_mw_rolling_mean_14d_same_local_qh,0.33272190142043884,0.13928763354142393,lagged_forecast_error,lagged_forecast_error,solar_da_forecast_error_mw,lagged_forecast_error,lagged_forecast_error,solar_da_forecast_error_mw,False
load_da_forecast_error_mw_rolling_mean_28d_same_local_qh,0.0,0.0,0.0,0.0,0.0008194455515447246,0.0,0.004260835884016038,115.44444444444444,73.0,False,True,kept,4896,0.8429752066115702,4176,lagged_forecast_error,lagged_forecast_error,load_da_forecast_error_mw,True,kept,load_da_forecast_error_mw_rolling_mean_14d_same_local_qh,0.8801827234591679,0.12064860499669608,lagged_forecast_error,lagged_forecast_error,load_da_forecast_error_mw,lagged_forecast_error,lagged_forecast_error,load_da_forecast_error_mw,False
renewable_total_forecast_revision_id_minus_da_mw_rolling_mean_28d_same_local_qh,0.0,0.0,0.0,0.0,0.000808808104201304,0.0,0.007279272937811736,126.66666666666667,45.0,False,True,kept,5808,1.0,5808,forecast_revision,forecast_revision,renewable_total_forecast_revision_id_minus_da_mw,True,kept,renewable_total_forecast_revision_id_minus_da_mw_rolling_median_28d_same_local_qh,0.7399277587899268,0.07600615665806318,forecast_revision,forecast_revision,renewable_total_forecast_revision_id_minus_da_mw,forecast_revision,forecast_revision,renewable_total_forecast_revision_id_minus_da_mw,False
wind_offshore_forecast_id_mw_lag_7d_same_local_qh,0.0,0.0,0.0,0.0,0.0007790511320764968,0.0,0.003794430473216136,95.0,63.0,False,True,kept,5663,0.975034435261708,5633,id_forecast,forecast_level,wind_offshore_forecast_id_mw,True,kept,load_forecast_da_mw_lag_7d_same_local_qh,0.3359018609902172,0.10045742228576043,id_forecast,forecast_level,wind_offshore_forecast_id_mw,id_forecast,forecast_level,wind_offshore_forecast_id_mw,False
solar_da_forecast_error_mw_rolling_mean_7d_same_local_qh,0.0,0.0,0.0,0.0,0.0007495462280555725,0.0,0.0036298719918431846,150.11111111111111,80.0,False,True,kept,2441,0.42028236914600553,2193,lagged_forecast_error,lagged_forecast_error,solar_da_forecast_error_mw,True,kept,solar_da_forecast_error_mw_rolling_mean_3d_same_local_qh,0.7196373082947564,0.07888643396254967,lagged_forecast_error,lagged_forecast_error,solar_da_forecast_error_mw,lagged_forecast_error,lagged_forecast_error,solar_da_forecast_error_mw,False
renewable_total_forecast_revision_id_minus_da_mw_rolling_std_14d_same_local_qh,0.0,0.0,0.0,0.0,0.0006997623278739222,0.0,0.0062978609508652994,124.33333333333333,56.0,False,True,kept,5808,1.0,5808,forecast_revision,forecast_revision,renewable_total_forecast_revision_id_minus_da_mw,True,kept,wind_total_forecast_revision_id_minus_da_mw_rolling_std_14d_same_local_qh,0.8213433878195493,0.007925710098288448,forecast_revision,forecast_revision,renewable_total_forecast_revision_id_minus_da_mw,forecast_revision,forecast_revision,renewable_total_forecast_revision_id_minus_da_mw,False
wind_onshore_id_forecast_error_mw_rolling_mean_7d_same_local_qh,0.0,0.0,0.0,0.0,0.0006750135750931787,0.0,0.006075122175838609,158.0,53.0,False,True,kept,4416,0.7603305785123967,3984,lagged_forecast_error,lagged_forecast_error,wind_onshore_id_forecast_error_mw,True,kept,wind_onshore_da_forecast_error_mw_rolling_mean_7d_same_local_qh,0.8653916692116702,0.05976578258601164,lagged_forecast_error,lagged_forecast_error,wind_onshore_id_forecast_error_mw,lagged_forecast_error,lagged_forecast_error,wind_onshore_id_forecast_error_mw,False
wind_total_forecast_revision_id_minus_da_mw_rolling_median_7d_same_local_qh,0.0,0.0,0.0,0.0,0.0006498364981155998,0.0,0.005848528483040398,121.0,56.0,False,True,kept,5808,1.0,3314,forecast_revision,forecast_revision,wind_total_forecast_revision_id_minus_da_mw,True,kept,wind_total_forecast_revision_id_minus_da_mw_rolling_median_14d_same_local_qh,0.6353768896073946,0.08514448084391835,forecast_revision,forecast_revision,wind_total_forecast_revision_id_minus_da_mw,forecast_revision,forecast_revision,wind_total_forecast_revision_id_minus_da_mw,False
da_price_eur_mwh_lag_14d_same_local_qh,0.0,0.0,0.0,0.0,0.0006314342139029723,0.0,0.0056829079251267504,196.11111111111111,50.0,False,True,kept,5472,0.9421487603305785,2855,da_price,market_history,da_price_eur_mwh,True,kept,ida3_price_eur_mwh_lag_14d_same_local_qh,0.8500100376572631,0.14897303014715374,da_price,market_history,da_price_eur_mwh,da_price,market_history,da_price_eur_mwh,False
renewable_total_forecast_revision_id_minus_da_mw_lag_2d_same_local_qh,0.0,0.0,0.0,0.0,0.0006137954519513515,0.0,0.005524159067562164,129.44444444444446,61.0,False,True,kept,5760,0.9917355371900827,5760,forecast_revision,forecast_revision,renewable_total_forecast_revision_id_minus_da_mw,True,kept,wind_total_forecast_revision_id_minus_da_mw_lag_2d_same_local_qh,0.8848687724509539,0.1028511854717289,forecast_revision,forecast_revision,renewable_total_forecast_revision_id_minus_da_mw,forecast_revision,forecast_revision,renewable_total_forecast_revision_id_minus_da_mw,False
wind_offshore_id_forecast_error_mw_rolling_median_14d_same_local_qh,0.0,0.0,0.0,0.0,0.0006013276006327328,0.0,0.005411948405694595,176.0,65.0,False,True,kept,4704,0.8099173553719008,3002,lagged_forecast_error,lagged_forecast_error,wind_offshore_id_forecast_error_mw,True,kept,wind_offshore_da_forecast_error_mw_rolling_median_14d_same_local_qh,0.8857701687268624,0.03659809386931387,lagged_forecast_error,lagged_forecast_error,wind_offshore_id_forecast_error_mw,lagged_forecast_error,lagged_forecast_error,wind_offshore_id_forecast_error_mw,False
solar_da_forecast_error_mw_lag_2d_same_local_qh,0.0,0.0,0.0,0.0,0.000600661140622202,0.0,0.005405950265599818,151.0,60.0,False,True,kept,1509,0.25981404958677684,1501,lagged_forecast_error,lagged_forecast_error,solar_da_forecast_error_mw,True,kept,solar_id_forecast_error_mw_lag_2d_same_local_qh,0.8025578204348931,0.05674433895643738,lagged_forecast_error,lagged_forecast_error,solar_da_forecast_error_mw,lagged_forecast_error,lagged_forecast_error,solar_da_forecast_error_mw,False
ida3_minus_da_spread_eur_mwh_rolling_median_14d_same_local_qh,0.0,0.0,0.0,0.0,0.0005702714155104587,0.0,0.005132442739594129,195.0,55.0,False,True,kept,5568,0.9586776859504132,3277,ida3_history,market_history,ida3_minus_da_spread_eur_mwh,True,kept,ida3_minus_da_spread_eur_mwh_rolling_median_3d_same_local_qh,0.6463601631692784,0.19113707278532793,ida3_history,market_history,ida3_minus_da_spread_eur_mwh,ida3_history,market_history,ida3_minus_da_spread_eur_mwh,False
residual_load_forecast_id_approx_mw_lag_14d_same_local_qh,0.0,0.0,0.0,0.0,0.0005694664669708392,0.0,0.0051251982027375525,102.44444444444444,73.0,False,True,kept,5472,0.9421487603305785,5472,id_forecast,forecast_level,residual_load_forecast_id_approx_mw,True,kept,renewable_total_forecast_id_mw_lag_14d_same_local_qh,0.8580146279585792,0.1350978287529821,id_forecast,forecast_level,residual_load_forecast_id_approx_mw,id_forecast,forecast_level,residual_load_forecast_id_approx_mw,False
wind_onshore_da_forecast_error_mw_lag_1d_same_local_qh,0.0,0.0,0.0,0.0,0.0005642194427659679,0.0,0.005077974984893712,180.0,69.0,False,True,kept,2496,0.4297520661157025,2496,lagged_forecast_error,lagged_forecast_error,wind_onshore_da_forecast_error_mw,True,kept,wind_onshore_id_forecast_error_mw_lag_1d_same_local_qh,0.8263587956542148,0.04175751702446338,lagged_forecast_error,lagged_forecast_error,wind_onshore_da_forecast_error_mw,lagged_forecast_error,lagged_forecast_error,wind_onshore_da_forecast_error_mw,False
total_generation_forecast_da_mw_lag_2d_same_local_qh,0.0,0.0,0.0,0.0,0.0005603972992048712,0.0,0.005043575692843841,96.33333333333333,74.0,False,True,kept,5760,0.9917355371900827,5760,da_forecast,forecast_level,total_generation_forecast_da_mw,True,kept,renewable_total_forecast_id_mw_lag_2d_same_local_qh,0.8003777798111108,0.0911818883916768,da_forecast,forecast_level,total_generation_forecast_da_mw,da_forecast,forecast_level,total_generation_forecast_da_mw,False
solar_id_forecast_error_mw_rolling_median_28d_same_local_qh,0.0,0.0,0.0,0.0,0.0005171590393914278,0.0,0.004654431354522851,169.11111111111111,74.0,False,True,kept,2766,0.4762396694214876,1501,lagged_forecast_error,lagged_forecast_error,solar_id_forecast_error_mw,True,kept,solar_id_forecast_error_mw_rolling_mean_28d_same_local_qh,0.7912580965312835,0.01907802166133897,lagged_forecast_error,lagged_forecast_error,solar_id_forecast_error_mw,lagged_forecast_error,lagged_forecast_error,solar_id_forecast_error_mw,False
wind_total_forecast_revision_id_minus_da_mw_regime_mean_shift_7d_vs_28d_z,0.0,0.0,0.0,0.0,0.0005132319896305864,0.0,0.004619087906675277,221.33333333333334,75.0,False,True,kept,5808,1.0,5808,regime_mean_shift,regime,wind_total_forecast_revision_id_minus_da_mw,True,kept,ida3_minus_da_spread_eur_mwh_regime_mean_shift_7d_vs_28d_z,0.1986938755312215,0.015056170612010684,regime_mean_shift,regime,wind_total_forecast_revision_id_minus_da_mw,regime_mean_shift,regime,wind_total_forecast_revision_id_minus_da_mw,False
wind_offshore_da_forecast_error_mw_rolling_std_3d_same_local_qh,0.0,0.0,0.0,0.0,0.0005079015650100531,0.0,0.004571114085090478,156.0,76.0,False,True,kept,2735,0.4709022038567493,2637,lagged_forecast_error,lagged_forecast_error,wind_offshore_da_forecast_error_mw,True,kept,wind_offshore_id_forecast_error_mw_rolling_std_3d_same_local_qh,0.7311290940402753,0.06326568734183301,lagged_forecast_error,lagged_forecast_error,wind_offshore_da_forecast_error_mw,lagged_forecast_error,lagged_forecast_error,wind_offshore_da_forecast_error_mw,False
wind_total_forecast_revision_id_minus_da_mw_regime_vol_7d_over_28d,0.0,0.0,0.0,0.0,0.0004837522429618499,0.0,0.004353770186656649,217.55555555555554,79.0,False,True,kept,5808,1.0,5808,regime_volatility,regime,wind_total_forecast_revision_id_minus_da_mw,True,kept,renewable_total_forecast_revision_id_minus_da_mw_regime_vol_7d_over_28d,0.9045570511040973,0.05742979979792163,regime_volatility,regime,wind_total_forecast_revision_id_minus_da_mw,regime_volatility,regime,wind_total_forecast_revision_id_minus_da_mw,False
da_price_eur_mwh_rolling_median_28d_same_local_qh,0.0,0.0,0.0,0.0,0.0004697993485445063,0.0,0.004228194136900557,190.77777777777777,81.0,False,True,kept,5808,1.0,2641,da_price,market_history,da_price_eur_mwh,True,kept,da_price_eur_mwh_rolling_mean_14d_same_local_qh,0.8863932757679966,0.15124012273438597,da_price,market_history,da_price_eur_mwh,da_price,market_history,da_price_eur_mwh,False
da_price_eur_mwh_rolling_mean_14d_same_local_qh,0.0,0.0,0.0,0.0,0.0004469918497996513,0.0,0.004022926648196862,198.44444444444446,83.0,False,True,kept,5808,1.0,5740,da_price,market_history,da_price_eur_mwh,True,kept,da_price_eur_mwh,0.707745899521108,0.1925918739754624,da_price,market_history,da_price_eur_mwh,da_price,market_history,da_price_eur_mwh,False
solar_id_forecast_error_mw_rolling_median_14d_same_local_qh,0.0,0.0,0.0,0.0,0.0004111537139301064,0.0,0.003700383425370958,162.66666666666666,65.0,False,True,kept,2649,0.45609504132231404,1762,lagged_forecast_error,lagged_forecast_error,solar_id_forecast_error_mw,True,kept,solar_id_forecast_error_mw_rolling_mean_14d_same_local_qh,0.8254862430541844,0.06044336969192728,lagged_forecast_error,lagged_forecast_error,solar_id_forecast_error_mw,lagged_forecast_error,lagged_forecast_error,solar_id_forecast_error_mw,False
ida3_minus_da_spread_eur_mwh_regime_abs_median_28d_over_vol,0.0,0.0,0.0,0.0,0.00035438192032966325,0.0,0.003189437282966969,211.33333333333334,70.0,False,True,kept,5328,0.9173553719008265,5326,regime_level,regime,ida3_minus_da_spread_eur_mwh,True,first_ranked_feature,,0.0,0.10998148710570393,regime_level,regime,ida3_minus_da_spread_eur_mwh,regime_level,regime,ida3_minus_da_spread_eur_mwh,False
ida3_price_eur_mwh_rolling_mean_7d_same_local_qh,0.0,0.0,0.0,0.0,0.0003406574982749601,0.0,0.003065917484474641,192.66666666666666,84.0,False,True,kept,5376,0.9256198347107438,5299,ida3_history,market_history,ida3_price_eur_mwh,True,kept,da_price_eur_mwh_rolling_mean_3d_same_local_qh,0.8707833892690423,0.15536346107628518,ida3_history,market_history,ida3_price_eur_mwh,ida3_history,market_history,ida3_price_eur_mwh,False
wind_offshore_id_forecast_error_mw_rolling_median_3d_same_local_qh,0.0,0.0,0.0,0.0,0.00032601016152334304,0.0,0.0029340914537100875,177.88888888888889,76.0,False,True,kept,2735,0.4709022038567493,2552,lagged_forecast_error,lagged_forecast_error,wind_offshore_id_forecast_error_mw,True,kept,wind_offshore_da_forecast_error_mw_rolling_mean_3d_same_local_qh,0.8925838326073148,0.03739992410891455,lagged_forecast_error,lagged_forecast_error,wind_offshore_id_forecast_error_mw,lagged_forecast_error,lagged_forecast_error,wind_offshore_id_forecast_error_mw,False
solar_id_forecast_error_mw_rolling_std_3d_same_local_qh,0.0,0.0,0.0,0.0,0.0003209410423025237,0.0,0.0028884693807227136,121.0,84.0,False,True,kept,1485,0.2556818181818182,1439,lagged_forecast_error,lagged_forecast_error,solar_id_forecast_error_mw,True,kept,solar_da_forecast_error_mw_rolling_std_3d_same_local_qh,0.8561167769263479,0.11539884130127454,lagged_forecast_error,lagged_forecast_error,solar_id_forecast_error_mw,lagged_forecast_error,lagged_forecast_error,solar_id_forecast_error_mw,False
wind_onshore_da_forecast_error_mw_lag_7d_same_local_qh,0.0,0.0,0.0,0.0,0.0002976617375212298,0.0,0.002678955637691068,124.66666666666667,79.0,False,True,kept,2832,0.48760330578512395,2832,lagged_forecast_error,lagged_forecast_error,wind_onshore_da_forecast_error_mw,True,kept,wind_onshore_da_forecast_error_mw_rolling_median_14d_same_local_qh,0.4343238553955283,0.1309392151152414,lagged_forecast_error,lagged_forecast_error,wind_onshore_da_forecast_error_mw,lagged_forecast_error,lagged_forecast_error,wind_onshore_da_forecast_error_mw,False
wind_offshore_da_forecast_error_mw_rolling_std_14d_same_local_qh,0.0,0.0,0.0,0.0,0.00026107190570649747,0.0,0.0023496471513584772,176.22222222222223,86.0,False,True,kept,4704,0.8099173553719008,4174,lagged_forecast_error,lagged_forecast_error,wind_offshore_da_forecast_error_mw,True,kept,wind_offshore_id_forecast_error_mw_rolling_std_14d_same_local_qh,0.8027352546948682,0.04311153241148071,lagged_forecast_error,lagged_forecast_error,wind_offshore_da_forecast_error_mw,lagged_forecast_error,lagged_forecast_error,wind_offshore_da_forecast_error_mw,False
solar_da_forecast_error_mw_lag_14d_same_local_qh,0.0,0.0,0.0,0.0,0.00021162469339208257,0.0,0.001904622240528743,119.88888888888889,87.0,False,True,kept,1521,0.2618801652892562,1510,lagged_forecast_error,lagged_forecast_error,solar_da_forecast_error_mw,True,kept,solar_id_forecast_error_mw_lag_14d_same_local_qh,0.7465886973142439,0.11024825365925547,lagged_forecast_error,lagged_forecast_error,solar_da_forecast_error_mw,lagged_forecast_error,lagged_forecast_error,solar_da_forecast_error_mw,False
wind_onshore_id_forecast_error_mw_lag_14d_same_local_qh,0.0,0.0,0.0,0.0,9.387391239378758e-05,0.0,0.0008448652115440882,177.11111111111111,81.0,False,True,kept,2736,0.47107438016528924,2736,lagged_forecast_error,lagged_forecast_error,wind_onshore_id_forecast_error_mw,True,kept,wind_onshore_da_forecast_error_mw_lag_14d_same_local_qh,0.7882738296059727,0.036851612199268545,lagged_forecast_error,lagged_forecast_error,wind_onshore_id_forecast_error_mw,lagged_forecast_error,lagged_forecast_error,wind_onshore_id_forecast_error_mw,False
renewable_total_forecast_revision_id_minus_da_mw_rolling_std_7d_same_local_qh,0.0,0.0,0.0,0.0,0.0,0.0,0.0,123.88888888888889,75.0,False,True,kept,5808,1.0,5808,forecast_revision,forecast_revision,renewable_total_forecast_revision_id_minus_da_mw,True,kept,renewable_total_forecast_revision_id_minus_da_mw_rolling_std_3d_same_local_qh,0.5903613079595653,0.0700120725174189,forecast_revision,forecast_revision,renewable_total_forecast_revision_id_minus_da_mw,forecast_revision,forecast_revision,renewable_total_forecast_revision_id_minus_da_mw,False
wind_offshore_forecast_revision_id_minus_da_mw_lag_2d_same_local_qh,0.0,0.0,0.0,0.0,0.0,0.0,0.0,124.0,76.0,False,True,kept,5758,0.9913911845730028,5675,forecast_revision,forecast_revision,wind_offshore_forecast_revision_id_minus_da_mw,True,kept,wind_total_forecast_revision_id_minus_da_mw_lag_2d_same_local_qh,0.3710688103323898,0.07037961265870363,forecast_revision,forecast_revision,wind_offshore_forecast_revision_id_minus_da_mw,forecast_revision,forecast_revision,wind_offshore_forecast_revision_id_minus_da_mw,False
wind_total_forecast_revision_id_minus_da_mw_rolling_std_14d_same_local_qh,0.0,0.0,0.0,0.0,0.0,0.0,0.0,138.88888888888889,83.0,False,True,kept,5808,1.0,5808,forecast_revision,forecast_revision,wind_total_forecast_revision_id_minus_da_mw,True,kept,wind_total_forecast_revision_id_minus_da_mw_rolling_std_28d_same_local_qh,0.6964976249049422,0.01901883906502488,forecast_revision,forecast_revision,wind_total_forecast_revision_id_minus_da_mw,forecast_revision,forecast_revision,wind_total_forecast_revision_id_minus_da_mw,False
wind_total_forecast_revision_id_minus_da_mw_rolling_mean_28d_same_local_qh,0.0,0.0,0.0,0.0,0.0,0.0,0.0,90.77777777777777,84.0,False,True,kept,5808,1.0,5808,forecast_revision,forecast_revision,wind_total_forecast_revision_id_minus_da_mw,True,kept,wind_total_forecast_revision_id_minus_da_mw_rolling_mean_3d_same_local_qh,0.22868417655311035,0.1290979158480888,forecast_revision,forecast_revision,wind_total_forecast_revision_id_minus_da_mw,forecast_revision,forecast_revision,wind_total_forecast_revision_id_minus_da_mw,False
load_forecast_da_mw_lag_7d_same_local_qh,0.0,0.0,0.0,0.0,0.0,0.0,0.0,98.55555555555556,89.0,False,True,kept,5664,0.9752066115702479,5664,da_forecast,forecast_level,load_forecast_da_mw,True,kept,total_generation_forecast_da_mw,0.45731821462587,0.10831729680753675,da_forecast,forecast_level,load_forecast_da_mw,da_forecast,forecast_level,load_forecast_da_mw,False
solar_forecast_id_mw_lag_14d_same_local_qh,0.0,0.0,0.0,0.0,0.0,0.0,0.0,95.33333333333333,89.0,False,True,kept,3160,0.5440771349862259,3047,id_forecast,forecast_level,solar_forecast_id_mw,True,kept,solar_forecast_id_mw_lag_7d_same_local_qh,0.9072906012014912,0.12604507124838532,id_forecast,forecast_level,solar_forecast_id_mw,id_forecast,forecast_level,solar_forecast_id_mw,False
solar_forecast_da_mw_lag_2d_same_local_qh,0.0,0.0,0.0,0.0,0.0,0.0,0.0,98.33333333333333,92.0,False,True,kept,3425,0.5897038567493113,3306,da_forecast,forecast_level,solar_forecast_da_mw,True,kept,solar_forecast_id_mw_lag_7d_same_local_qh,0.910937957791108,0.12408917028350848,da_forecast,forecast_level,solar_forecast_da_mw,da_forecast,forecast_level,solar_forecast_da_mw,False
hour_sin,0.0,0.0,0.0,0.0,0.0,0.0,0.0,104.44444444444444,99.0,False,True,kept,5808,1.0,12,calendar,calendar,hour_sin,True,first_ranked_feature,,0.0,0.10692791282532912,calendar,calendar,hour_sin,calendar,calendar,hour_sin,False
is_weekend,0.0,0.0,0.0,0.0,0.0,0.0,0.0,116.0,101.0,False,True,kept,5808,1.0,2,calendar,calendar,is_weekend,True,kept,weekday_sin,0.7796115024509163,0.023589526822352255,calendar,calendar,is_weekend,calendar,calendar,is_weekend,False
solar_forecast_id_mw_lag_7d_same_local_qh,0.0,0.0,0.0,0.0,0.0,0.0,0.0,111.44444444444444,101.0,False,True,kept,3319,0.5714531680440771,3202,id_forecast,forecast_level,solar_forecast_id_mw,True,kept,residual_load_forecast_da_mw,0.7000196501862807,0.1649145531457496,id_forecast,forecast_level,solar_forecast_id_mw,id_forecast,forecast_level,solar_forecast_id_mw,False
renewable_total_forecast_revision_id_minus_da_mw_rolling_std_3d_same_local_qh,0.0,0.0,0.0,0.0,0.0,0.0,0.0,129.66666666666666,104.0,False,True,kept,5808,1.0,5808,forecast_revision,forecast_revision,renewable_total_forecast_revision_id_minus_da_mw,True,kept,wind_total_forecast_revision_id_minus_da_mw_rolling_mean_28d_same_local_qh,0.1478945167844335,0.07937662592562389,forecast_revision,forecast_revision,renewable_total_forecast_revision_id_minus_da_mw,forecast_revision,forecast_revision,renewable_total_forecast_revision_id_minus_da_mw,False
wind_total_forecast_revision_id_minus_da_mw_rolling_median_3d_same_local_qh,0.0,0.0,0.0,0.0,0.0,0.0,0.0,134.0,106.0,False,True,kept,5808,1.0,4245,forecast_revision,forecast_revision,wind_total_forecast_revision_id_minus_da_mw,True,kept,wind_total_forecast_revision_id_minus_da_mw_rolling_mean_3d_same_local_qh,0.8368873644160055,0.10265727845997058,forecast_revision,forecast_revision,wind_total_forecast_revision_id_minus_da_mw,forecast_revision,forecast_revision,wind_total_forecast_revision_id_minus_da_mw,False
solar_id_forecast_error_mw_rolling_mean_14d_same_local_qh,0.0,0.0,0.0,0.0,0.0,0.0,0.0,117.55555555555556,115.0,False,True,kept,2649,0.45609504132231404,2353,lagged_forecast_error,lagged_forecast_error,solar_id_forecast_error_mw,True,kept,solar_id_forecast_error_mw_rolling_mean_28d_same_local_qh,0.7388830420676481,0.09570199261602176,lagged_forecast_error,lagged_forecast_error,solar_id_forecast_error_mw,lagged_forecast_error,lagged_forecast_error,solar_id_forecast_error_mw,False
wind_onshore_id_forecast_error_mw_rolling_mean_28d_same_local_qh,0.0,0.0,0.0,0.0,0.0,0.0,0.0,116.77777777777777,116.0,False,True,kept,4896,0.8429752066115702,4176,lagged_forecast_error,lagged_forecast_error,wind_onshore_id_forecast_error_mw,True,kept,wind_onshore_da_forecast_error_mw_rolling_mean_28d_same_local_qh,0.9136374499656139,0.09111900356738861,lagged_forecast_error,lagged_forecast_error,wind_onshore_id_forecast_error_mw,lagged_forecast_error,lagged_forecast_error,wind_onshore_id_forecast_error_mw,False
solar_id_forecast_error_mw_rolling_std_14d_same_local_qh,0.0,0.0,0.0,0.0,0.0,0.0,0.0,119.66666666666667,117.0,False,True,kept,2649,0.45609504132231404,2353,lagged_forecast_error,lagged_forecast_error,solar_id_forecast_error_mw,True,kept,solar_da_forecast_error_mw_rolling_std_7d_same_local_qh,0.8961899086703924,0.10113705678900825,lagged_forecast_error,lagged_forecast_error,solar_id_forecast_error_mw,lagged_forecast_error,lagged_forecast_error,solar_id_forecast_error_mw,False
solar_id_forecast_error_mw_rolling_mean_3d_same_local_qh,0.0,0.0,0.0,0.0,0.0,0.0,0.0,118.77777777777777,118.0,False,True,kept,1485,0.2556818181818182,1439,lagged_forecast_error,lagged_forecast_error,solar_id_forecast_error_mw,True,kept,solar_da_forecast_error_mw_rolling_mean_3d_same_local_qh,0.8130651881761691,0.09584862063079277,lagged_forecast_error,lagged_forecast_error,solar_id_forecast_error_mw,lagged_forecast_error,lagged_forecast_error,solar_id_forecast_error_mw,False
solar_da_forecast_error_mw_rolling_std_7d_same_local_qh,0.0,0.0,0.0,0.0,0.0,0.0,0.0,121.11111111111111,119.0,False,True,kept,2441,0.42028236914600553,2193,lagged_forecast_error,lagged_forecast_error,solar_da_forecast_error_mw,True,kept,solar_id_forecast_error_mw_rolling_std_3d_same_local_qh,0.7920751437722755,0.10494149919149891,lagged_forecast_error,lagged_forecast_error,solar_da_forecast_error_mw,lagged_forecast_error,lagged_forecast_error,solar_da_forecast_error_mw,False
solar_id_forecast_error_mw_lag_14d_same_local_qh,0.0,0.0,0.0,0.0,0.0,0.0,0.0,125.22222222222223,120.0,False,True,kept,1521,0.2618801652892562,1510,lagged_forecast_error,lagged_forecast_error,solar_id_forecast_error_mw,True,kept,solar_id_forecast_error_mw_rolling_mean_28d_same_local_qh,0.27101536706674995,0.1165089989723285,lagged_forecast_error,lagged_forecast_error,solar_id_forecast_error_mw,lagged_forecast_error,lagged_forecast_error,solar_id_forecast_error_mw,False
wind_onshore_da_forecast_error_mw_rolling_mean_14d_same_local_qh,0.0,0.0,0.0,0.0,0.0,0.0,0.0,122.55555555555556,122.0,False,True,kept,4704,0.8099173553719008,4176,lagged_forecast_error,lagged_forecast_error,wind_onshore_da_forecast_error_mw,True,kept,wind_onshore_da_forecast_error_mw_rolling_median_14d_same_local_qh,0.7805024468427219,0.10668117538768766,lagged_forecast_error,lagged_forecast_error,wind_onshore_da_forecast_error_mw,lagged_forecast_error,lagged_forecast_error,wind_onshore_da_forecast_error_mw,False
load_da_forecast_error_mw_lag_7d_same_local_qh,0.0,0.0,0.0,0.0,0.0,0.0,0.0,131.33333333333334,127.0,False,True,kept,2832,0.48760330578512395,2832,lagged_forecast_error,lagged_forecast_error,load_da_forecast_error_mw,True,kept,load_da_forecast_error_mw_rolling_mean_14d_same_local_qh,0.6372938564603327,0.13662955110653663,lagged_forecast_error,lagged_forecast_error,load_da_forecast_error_mw,lagged_forecast_error,lagged_forecast_error,load_da_forecast_error_mw,False
renewable_total_forecast_revision_id_minus_da_mw_rolling_std_28d_same_local_qh,0.0,0.0,0.0,0.0,0.0,0.0,0.0,131.22222222222223,131.0,False,True,kept,5808,1.0,5808,forecast_revision,forecast_revision,renewable_total_forecast_revision_id_minus_da_mw,True,kept,wind_total_forecast_revision_id_minus_da_mw_rolling_std_28d_same_local_qh,0.8046293704208212,0.0012988659858411361,forecast_revision,forecast_revision,renewable_total_forecast_revision_id_minus_da_mw,forecast_revision,forecast_revision,renewable_total_forecast_revision_id_minus_da_mw,False
wind_offshore_forecast_revision_id_minus_da_mw_lag_14d_same_local_qh,0.0,0.0,0.0,0.0,0.0,0.0,0.0,142.88888888888889,141.0,False,True,kept,5469,0.9416322314049587,5385,forecast_revision,forecast_revision,wind_offshore_forecast_revision_id_minus_da_mw,True,kept,renewable_total_forecast_revision_id_minus_da_mw_lag_14d_same_local_qh,0.41941400019657615,0.039504966086956805,forecast_revision,forecast_revision,wind_offshore_forecast_revision_id_minus_da_mw,forecast_revision,forecast_revision,wind_offshore_forecast_revision_id_minus_da_mw,False
solar_da_forecast_error_mw_rolling_median_7d_same_local_qh,0.0,0.0,0.0,0.0,0.0,0.0,0.0,164.88888888888889,146.0,False,True,kept,2441,0.42028236914600553,1866,lagged_forecast_error,lagged_forecast_error,solar_da_forecast_error_mw,True,kept,solar_da_forecast_error_mw_rolling_mean_7d_same_local_qh,0.8870983978406439,0.07868804945570128,lagged_forecast_error,lagged_forecast_error,solar_da_forecast_error_mw,lagged_forecast_error,lagged_forecast_error,solar_da_forecast_error_mw,False
solar_da_forecast_error_mw_rolling_median_28d_same_local_qh,0.0,0.0,0.0,0.0,0.0,0.0,0.0,155.77777777777777,147.0,False,True,kept,2760,0.47520661157024796,1555,lagged_forecast_error,lagged_forecast_error,solar_da_forecast_error_mw,True,kept,solar_da_forecast_error_mw_rolling_mean_28d_same_local_qh,0.884753450616639,0.05005258675210382,lagged_forecast_error,lagged_forecast_error,solar_da_forecast_error_mw,lagged_forecast_error,lagged_forecast_error,solar_da_forecast_error_mw,False
solar_da_forecast_error_mw_rolling_std_28d_same_local_qh,0.0,0.0,0.0,0.0,0.0,0.0,0.0,156.77777777777777,149.0,False,True,kept,2760,0.47520661157024796,2298,lagged_forecast_error,lagged_forecast_error,solar_da_forecast_error_mw,True,kept,solar_id_forecast_error_mw_rolling_std_14d_same_local_qh,0.9013735003164326,0.0509314415480812,lagged_forecast_error,lagged_forecast_error,solar_da_forecast_error_mw,lagged_forecast_error,lagged_forecast_error,solar_da_forecast_error_mw,False
wind_onshore_id_forecast_error_mw_rolling_mean_14d_same_local_qh,0.0,0.0,0.0,0.0,0.0,0.0,0.0,178.0,151.0,False,True,kept,4704,0.8099173553719008,4176,lagged_forecast_error,lagged_forecast_error,wind_onshore_id_forecast_error_mw,True,kept,wind_onshore_da_forecast_error_mw_rolling_mean_14d_same_local_qh,0.8854185003982583,0.061877987992261324,lagged_forecast_error,lagged_forecast_error,wind_onshore_id_forecast_error_mw,lagged_forecast_error,lagged_forecast_error,wind_onshore_id_forecast_error_mw,False
wind_offshore_id_forecast_error_mw_rolling_std_28d_same_local_qh,0.0,0.0,0.0,0.0,0.0,0.0,0.0,170.22222222222223,152.0,False,True,kept,4896,0.8429752066115702,4176,lagged_forecast_error,lagged_forecast_error,wind_offshore_id_forecast_error_mw,True,kept,load_da_forecast_error_mw_rolling_std_28d_same_local_qh,0.3460183877378809,0.06323064172459766,lagged_forecast_error,lagged_forecast_error,wind_offshore_id_forecast_error_mw,lagged_forecast_error,lagged_forecast_error,wind_offshore_id_forecast_error_mw,False
wind_onshore_id_forecast_error_mw_rolling_median_14d_same_local_qh,0.0,0.0,0.0,0.0,0.0,0.0,0.0,185.66666666666666,152.0,False,True,kept,4704,0.8099173553719008,3050,lagged_forecast_error,lagged_forecast_error,wind_onshore_id_forecast_error_mw,True,kept,wind_onshore_id_forecast_error_mw_rolling_mean_14d_same_local_qh,0.7522697476117346,0.04237407136256926,lagged_forecast_error,lagged_forecast_error,wind_onshore_id_forecast_error_mw,lagged_forecast_error,lagged_forecast_error,wind_onshore_id_forecast_error_mw,False
solar_da_forecast_error_mw_rolling_median_14d_same_local_qh,0.0,0.0,0.0,0.0,0.0,0.0,0.0,170.77777777777777,155.0,False,True,kept,2647,0.45575068870523416,1738,lagged_forecast_error,lagged_forecast_error,solar_da_forecast_error_mw,True,kept,solar_da_forecast_error_mw_rolling_mean_14d_same_local_qh,0.8704206810278851,0.06570520086092217,lagged_forecast_error,lagged_forecast_error,solar_da_forecast_error_mw,lagged_forecast_error,lagged_forecast_error,solar_da_forecast_error_mw,False
solar_id_forecast_error_mw_rolling_median_7d_same_local_qh,0.0,0.0,0.0,0.0,0.0,0.0,0.0,171.55555555555554,156.0,False,True,kept,2442,0.42045454545454547,1876,lagged_forecast_error,lagged_forecast_error,solar_id_forecast_error_mw,True,kept,solar_id_forecast_error_mw_rolling_mean_3d_same_local_qh,0.7147419168865271,0.07678222283732916,lagged_forecast_error,lagged_forecast_error,solar_id_forecast_error_mw,lagged_forecast_error,lagged_forecast_error,solar_id_forecast_error_mw,False
solar_id_forecast_error_mw_lag_7d_same_local_qh,0.0,0.0,0.0,0.0,0.0,0.0,0.0,193.33333333333334,158.0,False,True,kept,1532,0.26377410468319556,1522,lagged_forecast_error,lagged_forecast_error,solar_id_forecast_error_mw,True,kept,solar_da_forecast_error_mw_rolling_mean_7d_same_local_qh,0.5380269212332996,0.04045842162975903,lagged_forecast_error,lagged_forecast_error,solar_id_forecast_error_mw,lagged_forecast_error,lagged_forecast_error,solar_id_forecast_error_mw,False
wind_onshore_da_forecast_error_mw_rolling_std_7d_same_local_qh,0.0,0.0,0.0,0.0,0.0,0.0,0.0,166.66666666666666,159.0,False,True,kept,4416,0.7603305785123967,3984,lagged_forecast_error,lagged_forecast_error,wind_onshore_da_forecast_error_mw,True,kept,wind_onshore_da_forecast_error_mw_rolling_std_14d_same_local_qh,0.63454222133159,0.08279592899903222,lagged_forecast_error,lagged_forecast_error,wind_onshore_da_forecast_error_mw,lagged_forecast_error,lagged_forecast_error,wind_onshore_da_forecast_error_mw,False
load_da_forecast_error_mw_rolling_std_28d_same_local_qh,0.0,0.0,0.0,0.0,0.0,0.0,0.0,171.44444444444446,160.0,False,True,kept,4896,0.8429752066115702,4176,lagged_forecast_error,lagged_forecast_error,load_da_forecast_error_mw,True,kept,wind_onshore_id_forecast_error_mw_rolling_mean_28d_same_local_qh,0.32943926873443663,0.08550592881169139,lagged_forecast_error,lagged_forecast_error,load_da_forecast_error_mw,lagged_forecast_error,lagged_forecast_error,load_da_forecast_error_mw,False
wind_offshore_id_forecast_error_mw_rolling_std_7d_same_local_qh,0.0,0.0,0.0,0.0,0.0,0.0,0.0,177.0,162.0,False,True,kept,4416,0.7603305785123967,3984,lagged_forecast_error,lagged_forecast_error,wind_offshore_id_forecast_error_mw,True,kept,wind_offshore_da_forecast_error_mw_rolling_std_7d_same_local_qh,0.7327674338976071,0.06292510186480074,lagged_forecast_error,lagged_forecast_error,wind_offshore_id_forecast_error_mw,lagged_forecast_error,lagged_forecast_error,wind_offshore_id_forecast_error_mw,False
solar_id_forecast_error_mw_rolling_mean_7d_same_local_qh,0.0,0.0,0.0,0.0,0.0,0.0,0.0,165.11111111111111,163.0,False,True,kept,2442,0.42045454545454547,2194,lagged_forecast_error,lagged_forecast_error,solar_id_forecast_error_mw,True,kept,solar_id_forecast_error_mw_rolling_median_7d_same_local_qh,0.9035928637780791,0.06921286912596661,lagged_forecast_error,lagged_forecast_error,solar_id_forecast_error_mw,lagged_forecast_error,lagged_forecast_error,solar_id_forecast_error_mw,False
wind_onshore_id_forecast_error_mw_rolling_median_28d_same_local_qh,0.0,0.0,0.0,0.0,0.0,0.0,0.0,173.55555555555554,166.0,False,True,kept,4896,0.8429752066115702,2510,lagged_forecast_error,lagged_forecast_error,wind_onshore_id_forecast_error_mw,True,kept,wind_onshore_da_forecast_error_mw_rolling_median_28d_same_local_qh,0.7862531089072242,0.07359070948490191,lagged_forecast_error,lagged_forecast_error,wind_onshore_id_forecast_error_mw,lagged_forecast_error,lagged_forecast_error,wind_onshore_id_forecast_error_mw,False
solar_da_forecast_error_mw_lag_1d_same_local_qh,0.0,0.0,0.0,0.0,0.0,0.0,0.0,179.0,179.0,False,True,kept,1360,0.23415977961432508,1354,lagged_forecast_error,lagged_forecast_error,solar_da_forecast_error_mw,True,kept,solar_id_forecast_error_mw_lag_1d_same_local_qh,0.7597884664256654,0.01264343114444825,lagged_forecast_error,lagged_forecast_error,solar_da_forecast_error_mw,lagged_forecast_error,lagged_forecast_error,solar_da_forecast_error_mw,False
wind_offshore_da_forecast_error_mw_rolling_std_28d_same_local_qh,0.0,0.0,0.0,0.0,0.0,0.0,0.0,180.0,180.0,False,True,kept,4896,0.8429752066115702,4176,lagged_forecast_error,lagged_forecast_error,wind_offshore_da_forecast_error_mw,True,kept,wind_offshore_id_forecast_error_mw_rolling_std_28d_same_local_qh,0.819764312090123,0.013073115283188549,lagged_forecast_error,lagged_forecast_error,wind_offshore_da_forecast_error_mw,lagged_forecast_error,lagged_forecast_error,wind_offshore_da_forecast_error_mw,False
solar_id_forecast_error_mw_lag_1d_same_local_qh,0.0,0.0,0.0,0.0,0.0,0.0,0.0,184.77777777777777,183.0,False,True,kept,1360,0.23415977961432508,1354,lagged_forecast_error,lagged_forecast_error,solar_id_forecast_error_mw,True,kept,solar_id_forecast_error_mw_rolling_median_7d_same_local_qh,0.5574161381415865,0.03153032479658719,lagged_forecast_error,lagged_forecast_error,solar_id_forecast_error_mw,lagged_forecast_error,lagged_forecast_error,solar_id_forecast_error_mw,False
wind_offshore_id_forecast_error_mw_lag_7d_same_local_qh,0.0,0.0,0.0,0.0,0.0,0.0,0.0,183.88888888888889,183.0,False,True,kept,2831,0.487431129476584,2831,lagged_forecast_error,lagged_forecast_error,wind_offshore_id_forecast_error_mw,True,kept,wind_offshore_id_forecast_error_mw_rolling_median_7d_same_local_qh,0.5445639282865042,0.0275657154730413,lagged_forecast_error,lagged_forecast_error,wind_offshore_id_forecast_error_mw,lagged_forecast_error,lagged_forecast_error,wind_offshore_id_forecast_error_mw,False
wind_offshore_id_forecast_error_mw_rolling_median_7d_same_local_qh,0.0,0.0,0.0,0.0,0.0,0.0,0.0,187.0,185.0,False,True,kept,4416,0.7603305785123967,3365,lagged_forecast_error,lagged_forecast_error,wind_offshore_id_forecast_error_mw,True,kept,wind_offshore_id_forecast_error_mw_rolling_mean_7d_same_local_qh,0.8808610169012381,0.032443776551045814,lagged_forecast_error,lagged_forecast_error,wind_offshore_id_forecast_error_mw,lagged_forecast_error,lagged_forecast_error,wind_offshore_id_forecast_error_mw,False
wind_onshore_id_forecast_error_mw_rolling_std_3d_same_local_qh,0.0,0.0,0.0,0.0,0.0,0.0,0.0,186.33333333333334,186.0,False,True,kept,2736,0.47107438016528924,2640,lagged_forecast_error,lagged_forecast_error,wind_onshore_id_forecast_error_mw,True,kept,wind_onshore_da_forecast_error_mw_rolling_std_3d_same_local_qh,0.569145903186012,0.03191612495972497,lagged_forecast_error,lagged_forecast_error,wind_onshore_id_forecast_error_mw,lagged_forecast_error,lagged_forecast_error,wind_onshore_id_forecast_error_mw,False
wind_offshore_id_forecast_error_mw_lag_14d_same_local_qh,0.0,0.0,0.0,0.0,0.0,0.0,0.0,197.22222222222223,191.0,False,True,kept,2735,0.4709022038567493,2735,lagged_forecast_error,lagged_forecast_error,wind_offshore_id_forecast_error_mw,True,kept,wind_offshore_id_forecast_error_mw_rolling_mean_28d_same_local_qh,0.4003190075600435,0.04007396987182757,lagged_forecast_error,lagged_forecast_error,wind_offshore_id_forecast_error_mw,lagged_forecast_error,lagged_forecast_error,wind_offshore_id_forecast_error_mw,False
solar_da_forecast_error_mw_lag_7d_same_local_qh,0.0,0.0,0.0,0.0,0.0,0.0,0.0,194.77777777777777,192.0,False,True,kept,1531,0.2636019283746556,1521,lagged_forecast_error,lagged_forecast_error,solar_da_forecast_error_mw,True,kept,solar_id_forecast_error_mw_lag_7d_same_local_qh,0.8238023033487448,0.040349616218040174,lagged_forecast_error,lagged_forecast_error,solar_da_forecast_error_mw,lagged_forecast_error,lagged_forecast_error,solar_da_forecast_error_mw,False
wind_onshore_id_forecast_error_mw_rolling_std_14d_same_local_qh,0.0,0.0,0.0,0.0,0.0,0.0,0.0,195.66666666666666,195.0,False,True,kept,4704,0.8099173553719008,4176,lagged_forecast_error,lagged_forecast_error,wind_onshore_id_forecast_error_mw,True,kept,wind_onshore_da_forecast_error_mw_rolling_std_14d_same_local_qh,0.7129796407306012,0.04784645789648719,lagged_forecast_error,lagged_forecast_error,wind_onshore_id_forecast_error_mw,lagged_forecast_error,lagged_forecast_error,wind_onshore_id_forecast_error_mw,False
da_price_eur_mwh_lag_1d_same_local_qh,0.0,0.0,0.0,0.0,0.0,0.0,0.0,209.44444444444446,199.0,False,True,kept,5806,0.9996556473829201,3242,da_price,market_history,da_price_eur_mwh,True,kept,da_price_eur_mwh_rolling_mean_14d_same_local_qh,0.7751261044279175,0.18408626388691166,da_price,market_history,da_price_eur_mwh,da_price,market_history,da_price_eur_mwh,False
da_price_eur_mwh_rolling_mean_3d_same_local_qh,0.0,0.0,0.0,0.0,0.0,0.0,0.0,209.22222222222223,199.0,False,True,kept,5808,1.0,5456,da_price,market_history,da_price_eur_mwh,True,kept,da_price_eur_mwh_lag_1d_same_local_qh,0.8688277282841563,0.17438931148477008,da_price,market_history,da_price_eur_mwh,da_price,market_history,da_price_eur_mwh,False
da_price_eur_mwh_rolling_median_7d_same_local_qh,0.0,0.0,0.0,0.0,0.0,0.0,0.0,215.33333333333334,200.0,False,True,kept,5808,1.0,2142,da_price,market_history,da_price_eur_mwh,True,kept,da_price_eur_mwh_rolling_mean_14d_same_local_qh,0.9116837290115936,0.14642021575545267,da_price,market_history,da_price_eur_mwh,da_price,market_history,da_price_eur_mwh,False
wind_offshore_da_forecast_error_mw_lag_7d_same_local_qh,0.0,0.0,0.0,0.0,0.0,0.0,0.0,210.55555555555554,206.0,False,True,kept,2831,0.487431129476584,2830,lagged_forecast_error,lagged_forecast_error,wind_offshore_da_forecast_error_mw,True,kept,wind_offshore_id_forecast_error_mw_lag_7d_same_local_qh,0.8719691977078652,0.004552824192695277,lagged_forecast_error,lagged_forecast_error,wind_offshore_da_forecast_error_mw,lagged_forecast_error,lagged_forecast_error,wind_offshore_da_forecast_error_mw,False
ida3_minus_da_spread_eur_mwh_rolling_mean_28d_same_local_qh,0.0,0.0,0.0,0.0,0.0,0.0,0.0,212.77777777777777,211.0,False,True,kept,5328,0.9173553719008265,5316,ida3_history,market_history,ida3_minus_da_spread_eur_mwh,True,kept,ida3_minus_da_spread_eur_mwh_rolling_median_28d_same_local_qh,0.8157637854916678,0.0742253662693859,ida3_history,market_history,ida3_minus_da_spread_eur_mwh,ida3_history,market_history,ida3_minus_da_spread_eur_mwh,False
da_price_eur_mwh_rolling_std_14d_same_local_qh,0.0,0.0,0.0,0.0,0.0,0.0,0.0,213.11111111111111,212.0,False,True,kept,5808,1.0,5807,da_price,market_history,da_price_eur_mwh,True,kept,da_price_eur_mwh_rolling_median_28d_same_local_qh,0.1819559701521465,0.06731461424047835,da_price,market_history,da_price_eur_mwh,da_price,market_history,da_price_eur_mwh,False
da_price_eur_mwh_lag_2d_same_local_qh,0.0,0.0,0.0,0.0,0.0,0.0,0.0,215.77777777777777,214.0,False,True,kept,5758,0.9913911845730028,2977,da_price,market_history,da_price_eur_mwh,True,kept,da_price_eur_mwh_rolling_mean_3d_same_local_qh,0.9093603228091128,0.14335435352364118,da_price,market_history,da_price_eur_mwh,da_price,market_history,da_price_eur_mwh,False
ida3_volume_mw_lag_2d_same_local_qh,0.0,0.0,0.0,0.0,0.0,0.0,0.0,224.33333333333334,219.0,False,True,kept,3072,0.5289256198347108,847,ida3_history,market_history,ida3_volume_mw,True,kept,ida3_volume_mw_lag_1d_same_local_qh,0.21868150733119576,0.018759279832500465,ida3_history,market_history,ida3_volume_mw,ida3_history,market_history,ida3_volume_mw,False
da_price_eur_mwh_rolling_std_7d_same_local_qh,0.0,0.0,0.0,0.0,0.0,0.0,0.0,225.66666666666666,220.0,False,True,kept,5808,1.0,5808,da_price,market_history,da_price_eur_mwh,True,kept,da_price_eur_mwh_rolling_std_14d_same_local_qh,0.833003195211161,0.019438731072053416,da_price,market_history,da_price_eur_mwh,da_price,market_history,da_price_eur_mwh,False
ida3_minus_da_spread_eur_mwh_rolling_std_14d_same_local_qh,0.0,0.0,0.0,0.0,0.0,0.0,0.0,227.66666666666666,222.0,False,True,kept,5568,0.9586776859504132,5568,ida3_history,market_history,ida3_minus_da_spread_eur_mwh,True,kept,ida3_minus_da_spread_eur_mwh_rolling_std_7d_same_local_qh,0.75834091795,0.004141870755004337,ida3_history,market_history,ida3_minus_da_spread_eur_mwh,ida3_history,market_history,ida3_minus_da_spread_eur_mwh,False
ida3_volume_mw_lag_7d_same_local_qh,0.0,0.0,0.0,0.0,0.0,0.0,0.0,225.88888888888889,223.0,False,True,kept,3408,0.5867768595041323,784,ida3_history,market_history,ida3_volume_mw,True,kept,da_price_eur_mwh_rolling_std_14d_same_local_qh,0.225748771102893,0.031869358370742173,ida3_history,market_history,ida3_volume_mw,ida3_history,market_history,ida3_volume_mw,False
da_price_eur_mwh_rolling_std_28d_same_local_qh,0.0,0.0,0.0,0.0,0.0,0.0,0.0,226.66666666666666,224.0,False,True,kept,5808,1.0,5806,da_price,market_history,da_price_eur_mwh,True,kept,da_price_eur_mwh_rolling_std_14d_same_local_qh,0.8268107227372019,0.023658737791993123,da_price,market_history,da_price_eur_mwh,da_price,market_history,da_price_eur_mwh,False
renewable_total_forecast_revision_id_minus_da_mw_regime_abs_median_28d_over_vol,0.0,0.0,0.0,0.0,0.0,0.0,0.0,228.55555555555554,228.0,False,True,kept,5808,1.0,5808,regime_level,regime,renewable_total_forecast_revision_id_minus_da_mw,True,kept,ida3_minus_da_spread_eur_mwh_regime_abs_median_28d_over_vol,0.08019723514677328,0.1077921813793624,regime_level,regime,renewable_total_forecast_revision_id_minus_da_mw,regime_level,regime,renewable_total_forecast_revision_id_minus_da_mw,False
wind_total_forecast_revision_id_minus_da_mw_regime_abs_median_28d_over_vol,0.0,0.0,0.0,0.0,0.0,0.0,0.0,232.55555555555554,231.0,False,True,kept,5808,1.0,5808,regime_level,regime,wind_total_forecast_revision_id_minus_da_mw,True,kept,renewable_total_forecast_revision_id_minus_da_mw_regime_abs_median_28d_over_vol,0.5482467492132215,0.06389833000233676,regime_level,regime,wind_total_forecast_revision_id_minus_da_mw,regime_level,regime,wind_total_forecast_revision_id_minus_da_mw,False
ida3_minus_da_spread_eur_mwh_regime_vol_28d,0.0,0.0,0.0,0.0,0.0,0.0,0.0,233.22222222222223,232.0,False,True,kept,5328,0.9173553719008265,5328,regime_volatility,regime,ida3_minus_da_spread_eur_mwh,True,kept,ida3_minus_da_spread_eur_mwh_regime_abs_median_28d_over_vol,0.4970776625918698,0.06680642363950506,regime_volatility,regime,ida3_minus_da_spread_eur_mwh,regime_volatility,regime,ida3_minus_da_spread_eur_mwh,False
da_price_eur_mwh_regime_abs_median_28d_over_vol,0.0,0.0,0.0,0.0,0.0,0.0,0.0,237.33333333333334,236.0,False,True,kept,5808,1.0,5806,regime_level,regime,da_price_eur_mwh,True,kept,ida3_price_eur_mwh_regime_abs_median_28d_over_vol,0.9035847217976382,0.0314753161347891,regime_level,regime,da_price_eur_mwh,regime_level,regime,da_price_eur_mwh,False
da_price_eur_mwh_regime_vol_28d,0.0,0.0,0.0,0.0,0.0,0.0,0.0,237.44444444444446,237.0,False,True,kept,5808,1.0,5806,regime_volatility,regime,da_price_eur_mwh,True,kept,da_price_eur_mwh_regime_abs_median_28d_over_vol,0.8975288293509058,0.023658737791993123,regime_volatility,regime,da_price_eur_mwh,regime_volatility,regime,da_price_eur_mwh,False
renewable_total_forecast_revision_id_minus_da_mw_regime_vol_28d,0.0,0.0,0.0,0.0,0.0,0.0,0.0,241.33333333333334,241.0,False,True,kept,5808,1.0,5808,regime_volatility,regime,renewable_total_forecast_revision_id_minus_da_mw,True,kept,wind_total_forecast_revision_id_minus_da_mw_regime_vol_28d,0.8046293704208212,0.0012988659858411361,regime_volatility,regime,renewable_total_forecast_revision_id_minus_da_mw,regime_volatility,regime,renewable_total_forecast_revision_id_minus_da_mw,False
da_price_eur_mwh_rolling_mean_28d_same_local_qh,,,,,,,,,,False,True,kept,5808,1.0,5777,da_price,market_history,da_price_eur_mwh,False,too_correlated_with_kept_feature,da_price_eur_mwh_rolling_median_28d_same_local_qh,0.9588969157671309,0.14565072312876431,da_price,market_history,da_price_eur_mwh,da_price,market_history,da_price_eur_mwh,False
da_price_eur_mwh_rolling_mean_7d_same_local_qh,,,,,,,,,,False,True,kept,5808,1.0,5691,da_price,market_history,da_price_eur_mwh,False,too_correlated_with_kept_feature,da_price_eur_mwh_rolling_mean_14d_same_local_qh,0.9501188553079034,0.17843426191984108,da_price,market_history,da_price_eur_mwh,da_price,market_history,da_price_eur_mwh,False
da_price_eur_mwh_rolling_median_14d_same_local_qh,,,,,,,,,,False,True,kept,5808,1.0,2857,da_price,market_history,da_price_eur_mwh,False,too_correlated_with_kept_feature,da_price_eur_mwh_rolling_mean_14d_same_local_qh,0.9579145550692822,0.16915190821712864,da_price,market_history,da_price_eur_mwh,da_price,market_history,da_price_eur_mwh,False
da_price_eur_mwh_rolling_median_3d_same_local_qh,,,,,,,,,,False,True,kept,5808,1.0,2560,da_price,market_history,da_price_eur_mwh,False,too_correlated_with_kept_feature,da_price_eur_mwh_rolling_mean_3d_same_local_qh,0.970600170881607,0.15616078783887272,da_price,market_history,da_price_eur_mwh,da_price,market_history,da_price_eur_mwh,False
hour_cos,,,,,,,,,,False,True,kept,5808,1.0,12,calendar,calendar,hour_cos,False,too_correlated_with_kept_feature,quarter_cos,0.9967380580697666,0.05129581421119785,calendar,calendar,hour_cos,calendar,calendar,hour_cos,False
ida3_minus_da_spread_eur_mwh_rolling_mean_3d_same_local_qh,,,,,,,,,,False,True,kept,3312,0.5702479338842975,3238,ida3_history,market_history,ida3_minus_da_spread_eur_mwh,False,too_correlated_with_kept_feature,ida3_minus_da_spread_eur_mwh_rolling_median_3d_same_local_qh,0.9416332890079332,0.1732453767394752,ida3_history,market_history,ida3_minus_da_spread_eur_mwh,ida3_history,market_history,ida3_minus_da_spread_eur_mwh,False
ida3_price_eur_mwh_rolling_mean_14d_same_local_qh,,,,,,,,,,False,True,kept,5568,0.9586776859504132,5533,ida3_history,market_history,ida3_price_eur_mwh,False,too_correlated_with_kept_feature,da_price_eur_mwh_rolling_mean_14d_same_local_qh,0.942228568794983,0.1769069858136711,ida3_history,market_history,ida3_price_eur_mwh,ida3_history,market_history,ida3_price_eur_mwh,False
ida3_price_eur_mwh_rolling_mean_28d_same_local_qh,,,,,,,,,,False,True,kept,5328,0.9173553719008265,5318,ida3_history,market_history,ida3_price_eur_mwh,False,too_correlated_with_kept_feature,da_price_eur_mwh_rolling_mean_14d_same_local_qh,0.9378704200457428,0.13002895302937847,ida3_history,market_history,ida3_price_eur_mwh,ida3_history,market_history,ida3_price_eur_mwh,False
ida3_price_eur_mwh_rolling_median_14d_same_local_qh,,,,,,,,,,False,True,kept,5568,0.9586776859504132,3295,ida3_history,market_history,ida3_price_eur_mwh,False,too_correlated_with_kept_feature,da_price_eur_mwh_rolling_median_7d_same_local_qh,0.9297605714567154,0.13410829988454812,ida3_history,market_history,ida3_price_eur_mwh,ida3_history,market_history,ida3_price_eur_mwh,False
ida3_price_eur_mwh_rolling_median_28d_same_local_qh,,,,,,,,,,False,True,kept,5328,0.9173553719008265,2809,ida3_history,market_history,ida3_price_eur_mwh,False,too_correlated_with_kept_feature,da_price_eur_mwh_rolling_median_28d_same_local_qh,0.9620343890656724,0.12258814469313746,ida3_history,market_history,ida3_price_eur_mwh,ida3_history,market_history,ida3_price_eur_mwh,False
ida3_price_eur_mwh_rolling_median_3d_same_local_qh,,,,,,,,,,False,True,kept,3312,0.5702479338842975,2930,ida3_history,market_history,ida3_price_eur_mwh,False,too_correlated_with_kept_feature,ida3_price_eur_mwh_rolling_mean_3d_same_local_qh,0.98255028997082,0.09961582659698118,ida3_history,market_history,ida3_price_eur_mwh,ida3_history,market_history,ida3_price_eur_mwh,False
ida3_price_eur_mwh_rolling_median_7d_same_local_qh,,,,,,,,,,False,True,kept,5376,0.9256198347107438,3594,ida3_history,market_history,ida3_price_eur_mwh,False,too_correlated_with_kept_feature,ida3_price_eur_mwh_rolling_mean_7d_same_local_qh,0.9379255345872084,0.12155308462038615,ida3_history,market_history,ida3_price_eur_mwh,ida3_history,market_history,ida3_price_eur_mwh,False
load_da_forecast_error_mw_rolling_median_14d_same_local_qh,,,,,,,,,,False,True,kept,4704,0.8099173553719008,3090,lagged_forecast_error,lagged_forecast_error,load_da_forecast_error_mw,False,too_correlated_with_kept_feature,load_da_forecast_error_mw_rolling_mean_14d_same_local_qh,0.950591528853807,0.14587344841205915,lagged_forecast_error,lagged_forecast_error,load_da_forecast_error_mw,lagged_forecast_error,lagged_forecast_error,load_da_forecast_error_mw,False
load_da_forecast_error_mw_rolling_median_28d_same_local_qh,,,,,,,,,,False,True,kept,4896,0.8429752066115702,2821,lagged_forecast_error,lagged_forecast_error,load_da_forecast_error_mw,False,too_correlated_with_kept_feature,load_da_forecast_error_mw_rolling_mean_28d_same_local_qh,0.9656438637627323,0.09350110153120096,lagged_forecast_error,lagged_forecast_error,load_da_forecast_error_mw,lagged_forecast_error,lagged_forecast_error,load_da_forecast_error_mw,False
load_da_forecast_error_mw_rolling_median_3d_same_local_qh,,,,,,,,,,False,True,kept,2736,0.47107438016528924,2517,lagged_forecast_error,lagged_forecast_error,load_da_forecast_error_mw,False,too_correlated_with_kept_feature,load_da_forecast_error_mw_rolling_mean_3d_same_local_qh,0.9916843049990788,0.18693812897180725,lagged_forecast_error,lagged_forecast_error,load_da_forecast_error_mw,lagged_forecast_error,lagged_forecast_error,load_da_forecast_error_mw,False
load_da_forecast_error_mw_rolling_median_7d_same_local_qh,,,,,,,,,,False,True,kept,4416,0.7603305785123967,3362,lagged_forecast_error,lagged_forecast_error,load_da_forecast_error_mw,False,too_correlated_with_kept_feature,load_da_forecast_error_mw_rolling_mean_7d_same_local_qh,0.9449833509259364,0.04092890587368346,lagged_forecast_error,lagged_forecast_error,load_da_forecast_error_mw,lagged_forecast_error,lagged_forecast_error,load_da_forecast_error_mw,False
quarter_sin,,,,,,,,,,False,True,kept,5808,1.0,48,calendar,calendar,quarter_sin,False,too_correlated_with_kept_feature,hour_sin,0.9361844784929758,0.07585399048411362,calendar,calendar,quarter_sin,calendar,calendar,quarter_sin,False
renewable_total_forecast_da_mw_lag_14d_same_local_qh,,,,,,,,,,False,True,kept,5472,0.9421487603305785,5472,da_forecast,forecast_level,renewable_total_forecast_da_mw,False,too_correlated_with_kept_feature,renewable_total_forecast_id_mw_lag_14d_same_local_qh,0.994236949746525,0.1462176501428427,da_forecast,forecast_level,renewable_total_forecast_da_mw,da_forecast,forecast_level,renewable_total_forecast_da_mw,False
renewable_total_forecast_da_mw_lag_1d_same_local_qh,,,,,,,,,,False,True,kept,5808,1.0,5808,da_forecast,forecast_level,renewable_total_forecast_da_mw,False,too_correlated_with_kept_feature,renewable_total_forecast_id_mw_lag_1d_same_local_qh,0.9950639316025959,0.13723961303405405,da_forecast,forecast_level,renewable_total_forecast_da_mw,da_forecast,forecast_level,renewable_total_forecast_da_mw,False
renewable_total_forecast_da_mw_lag_2d_same_local_qh,,,,,,,,,,False,True,kept,5760,0.9917355371900827,5760,da_forecast,forecast_level,renewable_total_forecast_da_mw,False,too_correlated_with_kept_feature,renewable_total_forecast_id_mw_lag_2d_same_local_qh,0.9952727746990772,0.133291871510731,da_forecast,forecast_level,renewable_total_forecast_da_mw,da_forecast,forecast_level,renewable_total_forecast_da_mw,False
renewable_total_forecast_id_mw,,,,,,,,,,False,True,kept,5808,1.0,5808,id_forecast,forecast_level,renewable_total_forecast_id_mw,False,too_correlated_with_kept_feature,renewable_total_forecast_da_mw,0.9955591352372128,0.19156550209266365,id_forecast,forecast_level,renewable_total_forecast_id_mw,id_forecast,forecast_level,renewable_total_forecast_id_mw,False
renewable_total_forecast_id_mw_lag_7d_same_local_qh,,,,,,,,,,False,True,kept,5664,0.9752066115702479,5664,id_forecast,forecast_level,renewable_total_forecast_id_mw,False,too_correlated_with_kept_feature,renewable_total_forecast_da_mw_lag_7d_same_local_qh,0.9961513841065569,0.05952153323756755,id_forecast,forecast_level,renewable_total_forecast_id_mw,id_forecast,forecast_level,renewable_total_forecast_id_mw,False
residual_load_forecast_da_mw_lag_14d_same_local_qh,,,,,,,,,,False,True,kept,5472,0.9421487603305785,5472,da_forecast,forecast_level,residual_load_forecast_da_mw,False,too_correlated_with_kept_feature,residual_load_forecast_id_approx_mw_lag_14d_same_local_qh,0.9944051132366967,0.1307660092574876,da_forecast,forecast_level,residual_load_forecast_da_mw,da_forecast,forecast_level,residual_load_forecast_da_mw,False
residual_load_forecast_da_mw_lag_1d_same_local_qh,,,,,,,,,,False,True,kept,5808,1.0,5808,da_forecast,forecast_level,residual_load_forecast_da_mw,False,too_correlated_with_kept_feature,residual_load_forecast_id_approx_mw_lag_1d_same_local_qh,0.9957620732372299,0.17101887880862254,da_forecast,forecast_level,residual_load_forecast_da_mw,da_forecast,forecast_level,residual_load_forecast_da_mw,False
residual_load_forecast_da_mw_lag_2d_same_local_qh,,,,,,,,,,False,True,kept,5760,0.9917355371900827,5760,da_forecast,forecast_level,residual_load_forecast_da_mw,False,too_correlated_with_kept_feature,residual_load_forecast_id_approx_mw_lag_2d_same_local_qh,0.9953594670407984,0.1290739030275064,da_forecast,forecast_level,residual_load_forecast_da_mw,da_forecast,forecast_level,residual_load_forecast_da_mw,False
residual_load_forecast_id_approx_mw,,,,,,,,,,False,True,kept,5808,1.0,5808,id_forecast,forecast_level,residual_load_forecast_id_approx_mw,False,too_correlated_with_kept_feature,residual_load_forecast_da_mw,0.996136284368076,0.20862275710408754,id_forecast,forecast_level,residual_load_forecast_id_approx_mw,id_forecast,forecast_level,residual_load_forecast_id_approx_mw,False
residual_load_forecast_id_approx_mw_lag_7d_same_local_qh,,,,,,,,,,False,True,kept,5664,0.9752066115702479,5664,id_forecast,forecast_level,residual_load_forecast_id_approx_mw,False,too_correlated_with_kept_feature,residual_load_forecast_da_mw_lag_7d_same_local_qh,0.9962207277433913,0.10084014336448248,id_forecast,forecast_level,residual_load_forecast_id_approx_mw,id_forecast,forecast_level,residual_load_forecast_id_approx_mw,False
residual_load_revision_id_minus_da_approx_mw,,,,,,,,,,False,True,kept,5808,1.0,5808,forecast_revision,forecast_revision,residual_load_revision_id_minus_da_approx_mw,False,too_correlated_with_kept_feature,renewable_total_forecast_revision_id_minus_da_mw,1.0,0.3046827575528055,forecast_revision,forecast_revision,residual_load_revision_id_minus_da_approx_mw,forecast_revision,forecast_revision,residual_load_revision_id_minus_da_approx_mw,False
residual_load_revision_id_minus_da_approx_mw_lag_14d_same_local_qh,,,,,,,,,,False,True,kept,5472,0.9421487603305785,5472,forecast_revision,forecast_revision,residual_load_revision_id_minus_da_approx_mw,False,too_correlated_with_kept_feature,renewable_total_forecast_revision_id_minus_da_mw_lag_14d_same_local_qh,1.0,0.051245957004898195,forecast_revision,forecast_revision,residual_load_revision_id_minus_da_approx_mw,forecast_revision,forecast_revision,residual_load_revision_id_minus_da_approx_mw,False
residual_load_revision_id_minus_da_approx_mw_lag_1d_same_local_qh,,,,,,,,,,False,True,kept,5808,1.0,5808,forecast_revision,forecast_revision,residual_load_revision_id_minus_da_approx_mw,False,too_correlated_with_kept_feature,renewable_total_forecast_revision_id_minus_da_mw_lag_1d_same_local_qh,1.0,0.05622653332124062,forecast_revision,forecast_revision,residual_load_revision_id_minus_da_approx_mw,forecast_revision,forecast_revision,residual_load_revision_id_minus_da_approx_mw,False
residual_load_revision_id_minus_da_approx_mw_lag_2d_same_local_qh,,,,,,,,,,False,True,kept,5760,0.9917355371900827,5760,forecast_revision,forecast_revision,residual_load_revision_id_minus_da_approx_mw,False,too_correlated_with_kept_feature,renewable_total_forecast_revision_id_minus_da_mw_lag_2d_same_local_qh,1.0,0.1028511854717289,forecast_revision,forecast_revision,residual_load_revision_id_minus_da_approx_mw,forecast_revision,forecast_revision,residual_load_revision_id_minus_da_approx_mw,False
residual_load_revision_id_minus_da_approx_mw_lag_7d_same_local_qh,,,,,,,,,,False,True,kept,5664,0.9752066115702479,5664,forecast_revision,forecast_revision,residual_load_revision_id_minus_da_approx_mw,False,too_correlated_with_kept_feature,renewable_total_forecast_revision_id_minus_da_mw_lag_7d_same_local_qh,1.0,0.05836908842858028,forecast_revision,forecast_revision,residual_load_revision_id_minus_da_approx_mw,forecast_revision,forecast_revision,residual_load_revision_id_minus_da_approx_mw,False
residual_load_revision_id_minus_da_approx_mw_regime_abs_median_28d_over_vol,,,,,,,,,,False,True,kept,5808,1.0,5808,regime_level,regime,residual_load_revision_id_minus_da_approx_mw,False,too_correlated_with_kept_feature,renewable_total_forecast_revision_id_minus_da_mw_regime_abs_median_28d_over_vol,1.0,0.1077921813793624,regime_level,regime,residual_load_revision_id_minus_da_approx_mw,regime_level,regime,residual_load_revision_id_minus_da_approx_mw,False
residual_load_revision_id_minus_da_approx_mw_regime_mean_shift_7d_vs_28d_z,,,,,,,,,,False,True,kept,5808,1.0,5808,regime_mean_shift,regime,residual_load_revision_id_minus_da_approx_mw,False,too_correlated_with_kept_feature,renewable_total_forecast_revision_id_minus_da_mw_regime_mean_shift_7d_vs_28d_z,1.0,0.0013805087904675765,regime_mean_shift,regime,residual_load_revision_id_minus_da_approx_mw,regime_mean_shift,regime,residual_load_revision_id_minus_da_approx_mw,False
residual_load_revision_id_minus_da_approx_mw_regime_vol_28d,,,,,,,,,,False,True,kept,5808,1.0,5808,regime_volatility,regime,residual_load_revision_id_minus_da_approx_mw,False,too_correlated_with_kept_feature,renewable_total_forecast_revision_id_minus_da_mw_regime_vol_28d,1.0,0.0012988659858411361,regime_volatility,regime,residual_load_revision_id_minus_da_approx_mw,regime_volatility,regime,residual_load_revision_id_minus_da_approx_mw,False
residual_load_revision_id_minus_da_approx_mw_regime_vol_7d_over_28d,,,,,,,,,,False,True,kept,5808,1.0,5808,regime_volatility,regime,residual_load_revision_id_minus_da_approx_mw,False,too_correlated_with_kept_feature,renewable_total_forecast_revision_id_minus_da_mw_regime_vol_7d_over_28d,1.0,0.08870182662956327,regime_volatility,regime,residual_load_revision_id_minus_da_approx_mw,regime_volatility,regime,residual_load_revision_id_minus_da_approx_mw,False
residual_load_revision_id_minus_da_approx_mw_rolling_mean_14d_same_local_qh,,,,,,,,,,False,True,kept,5808,1.0,5808,forecast_revision,forecast_revision,residual_load_revision_id_minus_da_approx_mw,False,too_correlated_with_kept_feature,renewable_total_forecast_revision_id_minus_da_mw_rolling_mean_14d_same_local_qh,1.0,0.058150175641115825,forecast_revision,forecast_revision,residual_load_revision_id_minus_da_approx_mw,forecast_revision,forecast_revision,residual_load_revision_id_minus_da_approx_mw,False
residual_load_revision_id_minus_da_approx_mw_rolling_mean_28d_same_local_qh,,,,,,,,,,False,True,kept,5808,1.0,5808,forecast_revision,forecast_revision,residual_load_revision_id_minus_da_approx_mw,False,too_correlated_with_kept_feature,renewable_total_forecast_revision_id_minus_da_mw_rolling_mean_28d_same_local_qh,1.0,0.07600615665806318,forecast_revision,forecast_revision,residual_load_revision_id_minus_da_approx_mw,forecast_revision,forecast_revision,residual_load_revision_id_minus_da_approx_mw,False
residual_load_revision_id_minus_da_approx_mw_rolling_mean_3d_same_local_qh,,,,,,,,,,False,True,kept,5808,1.0,5808,forecast_revision,forecast_revision,residual_load_revision_id_minus_da_approx_mw,False,too_correlated_with_kept_feature,renewable_total_forecast_revision_id_minus_da_mw_rolling_mean_3d_same_local_qh,1.0,0.10502662173073818,forecast_revision,forecast_revision,residual_load_revision_id_minus_da_approx_mw,forecast_revision,forecast_revision,residual_load_revision_id_minus_da_approx_mw,False
residual_load_revision_id_minus_da_approx_mw_rolling_mean_7d_same_local_qh,,,,,,,,,,False,True,kept,5808,1.0,5808,forecast_revision,forecast_revision,residual_load_revision_id_minus_da_approx_mw,False,too_correlated_with_kept_feature,renewable_total_forecast_revision_id_minus_da_mw_rolling_mean_7d_same_local_qh,1.0,0.04713248850342777,forecast_revision,forecast_revision,residual_load_revision_id_minus_da_approx_mw,forecast_revision,forecast_revision,residual_load_revision_id_minus_da_approx_mw,False
residual_load_revision_id_minus_da_approx_mw_rolling_median_14d_same_local_qh,,,,,,,,,,False,True,kept,5808,1.0,3645,forecast_revision,forecast_revision,residual_load_revision_id_minus_da_approx_mw,False,too_correlated_with_kept_feature,renewable_total_forecast_revision_id_minus_da_mw_rolling_median_14d_same_local_qh,1.0,0.07676375270129061,forecast_revision,forecast_revision,residual_load_revision_id_minus_da_approx_mw,forecast_revision,forecast_revision,residual_load_revision_id_minus_da_approx_mw,False
residual_load_revision_id_minus_da_approx_mw_rolling_median_28d_same_local_qh,,,,,,,,,,False,True,kept,5808,1.0,2622,forecast_revision,forecast_revision,residual_load_revision_id_minus_da_approx_mw,False,too_correlated_with_kept_feature,renewable_total_forecast_revision_id_minus_da_mw_rolling_median_28d_same_local_qh,1.0,0.11298289241961126,forecast_revision,forecast_revision,residual_load_revision_id_minus_da_approx_mw,forecast_revision,forecast_revision,residual_load_revision_id_minus_da_approx_mw,False
residual_load_revision_id_minus_da_approx_mw_rolling_median_3d_same_local_qh,,,,,,,,,,False,True,kept,5808,1.0,4289,forecast_revision,forecast_revision,residual_load_revision_id_minus_da_approx_mw,False,too_correlated_with_kept_feature,renewable_total_forecast_revision_id_minus_da_mw_rolling_median_3d_same_local_qh,1.0,0.0884872816005952,forecast_revision,forecast_revision,residual_load_revision_id_minus_da_approx_mw,forecast_revision,forecast_revision,residual_load_revision_id_minus_da_approx_mw,False
residual_load_revision_id_minus_da_approx_mw_rolling_median_7d_same_local_qh,,,,,,,,,,False,True,kept,5808,1.0,3263,forecast_revision,forecast_revision,residual_load_revision_id_minus_da_approx_mw,False,too_correlated_with_kept_feature,renewable_total_forecast_revision_id_minus_da_mw_rolling_median_7d_same_local_qh,1.0,0.06418819856465073,forecast_revision,forecast_revision,residual_load_revision_id_minus_da_approx_mw,forecast_revision,forecast_revision,residual_load_revision_id_minus_da_approx_mw,False
residual_load_revision_id_minus_da_approx_mw_rolling_std_14d_same_local_qh,,,,,,,,,,False,True,kept,5808,1.0,5808,forecast_revision,forecast_revision,residual_load_revision_id_minus_da_approx_mw,False,too_correlated_with_kept_feature,renewable_total_forecast_revision_id_minus_da_mw_rolling_std_14d_same_local_qh,1.0,0.007925710098288448,forecast_revision,forecast_revision,residual_load_revision_id_minus_da_approx_mw,forecast_revision,forecast_revision,residual_load_revision_id_minus_da_approx_mw,False
residual_load_revision_id_minus_da_approx_mw_rolling_std_28d_same_local_qh,,,,,,,,,,False,True,kept,5808,1.0,5808,forecast_revision,forecast_revision,residual_load_revision_id_minus_da_approx_mw,False,too_correlated_with_kept_feature,renewable_total_forecast_revision_id_minus_da_mw_rolling_std_28d_same_local_qh,1.0,0.0012988659858411361,forecast_revision,forecast_revision,residual_load_revision_id_minus_da_approx_mw,forecast_revision,forecast_revision,residual_load_revision_id_minus_da_approx_mw,False
residual_load_revision_id_minus_da_approx_mw_rolling_std_3d_same_local_qh,,,,,,,,,,False,True,kept,5808,1.0,5808,forecast_revision,forecast_revision,residual_load_revision_id_minus_da_approx_mw,False,too_correlated_with_kept_feature,renewable_total_forecast_revision_id_minus_da_mw_rolling_std_3d_same_local_qh,1.0,0.07937662592562389,forecast_revision,forecast_revision,residual_load_revision_id_minus_da_approx_mw,forecast_revision,forecast_revision,residual_load_revision_id_minus_da_approx_mw,False
residual_load_revision_id_minus_da_approx_mw_rolling_std_7d_same_local_qh,,,,,,,,,,False,True,kept,5808,1.0,5808,forecast_revision,forecast_revision,residual_load_revision_id_minus_da_approx_mw,False,too_correlated_with_kept_feature,renewable_total_forecast_revision_id_minus_da_mw_rolling_std_7d_same_local_qh,1.0,0.0700120725174189,forecast_revision,forecast_revision,residual_load_revision_id_minus_da_approx_mw,forecast_revision,forecast_revision,residual_load_revision_id_minus_da_approx_mw,False
solar_da_forecast_error_mw_rolling_median_3d_same_local_qh,,,,,,,,,,False,True,kept,1485,0.2556818181818182,1404,lagged_forecast_error,lagged_forecast_error,solar_da_forecast_error_mw,False,too_correlated_with_kept_feature,solar_da_forecast_error_mw_rolling_mean_3d_same_local_qh,0.9637731491795021,0.09367656909415142,lagged_forecast_error,lagged_forecast_error,solar_da_forecast_error_mw,lagged_forecast_error,lagged_forecast_error,solar_da_forecast_error_mw,False
solar_da_forecast_error_mw_rolling_std_14d_same_local_qh,,,,,,,,,,False,True,kept,2647,0.45575068870523416,2352,lagged_forecast_error,lagged_forecast_error,solar_da_forecast_error_mw,False,too_correlated_with_kept_feature,solar_id_forecast_error_mw_rolling_std_14d_same_local_qh,0.9643362142119885,0.08763372878530082,lagged_forecast_error,lagged_forecast_error,solar_da_forecast_error_mw,lagged_forecast_error,lagged_forecast_error,solar_da_forecast_error_mw,False
solar_forecast_da_mw,,,,,,,,,,False,True,kept,3474,0.5981404958677686,3354,da_forecast,forecast_level,solar_forecast_da_mw,False,too_correlated_with_kept_feature,solar_forecast_da_mw_lag_2d_same_local_qh,0.9481366006337452,0.09988986454606488,da_forecast,forecast_level,solar_forecast_da_mw,da_forecast,forecast_level,solar_forecast_da_mw,False
solar_forecast_da_mw_lag_14d_same_local_qh,,,,,,,,,,False,True,kept,3160,0.5440771349862259,3047,da_forecast,forecast_level,solar_forecast_da_mw,False,too_correlated_with_kept_feature,solar_forecast_id_mw_lag_14d_same_local_qh,0.9988926186617825,0.12205820900683416,da_forecast,forecast_level,solar_forecast_da_mw,da_forecast,forecast_level,solar_forecast_da_mw,False
solar_forecast_da_mw_lag_1d_same_local_qh,,,,,,,,,,False,True,kept,3466,0.596763085399449,3346,da_forecast,forecast_level,solar_forecast_da_mw,False,too_correlated_with_kept_feature,solar_forecast_da_mw_lag_2d_same_local_qh,0.9663729404832705,0.08199297978149407,da_forecast,forecast_level,solar_forecast_da_mw,da_forecast,forecast_level,solar_forecast_da_mw,False
solar_forecast_da_mw_lag_7d_same_local_qh,,,,,,,,,,False,True,kept,3320,0.571625344352617,3203,da_forecast,forecast_level,solar_forecast_da_mw,False,too_correlated_with_kept_feature,solar_forecast_id_mw_lag_7d_same_local_qh,0.9990416546231989,0.16469637527702932,da_forecast,forecast_level,solar_forecast_da_mw,da_forecast,forecast_level,solar_forecast_da_mw,False
solar_forecast_id_mw,,,,,,,,,,False,True,kept,3469,0.5972796143250688,3349,id_forecast,forecast_level,solar_forecast_id_mw,False,too_correlated_with_kept_feature,solar_forecast_da_mw_lag_2d_same_local_qh,0.9466110023388126,0.09339065700849543,id_forecast,forecast_level,solar_forecast_id_mw,id_forecast,forecast_level,solar_forecast_id_mw,False
solar_forecast_id_mw_lag_1d_same_local_qh,,,,,,,,,,False,True,kept,3459,0.5955578512396694,3339,id_forecast,forecast_level,solar_forecast_id_mw,False,too_correlated_with_kept_feature,solar_forecast_da_mw_lag_2d_same_local_qh,0.9686806925192333,0.0843544179626372,id_forecast,forecast_level,solar_forecast_id_mw,id_forecast,forecast_level,solar_forecast_id_mw,False
solar_forecast_id_mw_lag_2d_same_local_qh,,,,,,,,,,False,True,kept,3419,0.5886707988980716,3300,id_forecast,forecast_level,solar_forecast_id_mw,False,too_correlated_with_kept_feature,solar_forecast_da_mw_lag_2d_same_local_qh,0.999136683723938,0.12260411866325906,id_forecast,forecast_level,solar_forecast_id_mw,id_forecast,forecast_level,solar_forecast_id_mw,False
solar_id_forecast_error_mw_rolling_median_3d_same_local_qh,,,,,,,,,,False,True,kept,1485,0.2556818181818182,1402,lagged_forecast_error,lagged_forecast_error,solar_id_forecast_error_mw,False,too_correlated_with_kept_feature,solar_id_forecast_error_mw_rolling_mean_3d_same_local_qh,0.9582670452891803,0.07580972812042694,lagged_forecast_error,lagged_forecast_error,solar_id_forecast_error_mw,lagged_forecast_error,lagged_forecast_error,solar_id_forecast_error_mw,False
solar_id_forecast_error_mw_rolling_std_28d_same_local_qh,,,,,,,,,,False,True,kept,2766,0.4762396694214876,2299,lagged_forecast_error,lagged_forecast_error,solar_id_forecast_error_mw,False,too_correlated_with_kept_feature,solar_id_forecast_error_mw_rolling_std_14d_same_local_qh,0.9209487271381175,0.07207010363284587,lagged_forecast_error,lagged_forecast_error,solar_id_forecast_error_mw,lagged_forecast_error,lagged_forecast_error,solar_id_forecast_error_mw,False
solar_id_forecast_error_mw_rolling_std_7d_same_local_qh,,,,,,,,,,False,True,kept,2442,0.42045454545454547,2194,lagged_forecast_error,lagged_forecast_error,solar_id_forecast_error_mw,False,too_correlated_with_kept_feature,solar_da_forecast_error_mw_rolling_std_7d_same_local_qh,0.929130391165669,0.08005757134120686,lagged_forecast_error,lagged_forecast_error,solar_id_forecast_error_mw,lagged_forecast_error,lagged_forecast_error,solar_id_forecast_error_mw,False
wind_offshore_da_forecast_error_mw_rolling_mean_14d_same_local_qh,,,,,,,,,,False,True,kept,4704,0.8099173553719008,4174,lagged_forecast_error,lagged_forecast_error,wind_offshore_da_forecast_error_mw,False,too_correlated_with_kept_feature,wind_offshore_id_forecast_error_mw_rolling_mean_14d_same_local_qh,0.9504274598417535,0.05215940124368237,lagged_forecast_error,lagged_forecast_error,wind_offshore_da_forecast_error_mw,lagged_forecast_error,lagged_forecast_error,wind_offshore_da_forecast_error_mw,False
wind_offshore_da_forecast_error_mw_rolling_mean_28d_same_local_qh,,,,,,,,,,False,True,kept,4896,0.8429752066115702,4176,lagged_forecast_error,lagged_forecast_error,wind_offshore_da_forecast_error_mw,False,too_correlated_with_kept_feature,wind_offshore_id_forecast_error_mw_rolling_mean_28d_same_local_qh,0.9643566745297338,0.04023204660868551,lagged_forecast_error,lagged_forecast_error,wind_offshore_da_forecast_error_mw,lagged_forecast_error,lagged_forecast_error,wind_offshore_da_forecast_error_mw,False
wind_offshore_da_forecast_error_mw_rolling_mean_7d_same_local_qh,,,,,,,,,,False,True,kept,4416,0.7603305785123967,3984,lagged_forecast_error,lagged_forecast_error,wind_offshore_da_forecast_error_mw,False,too_correlated_with_kept_feature,wind_offshore_id_forecast_error_mw_rolling_mean_7d_same_local_qh,0.9331775465044169,0.01745687054467218,lagged_forecast_error,lagged_forecast_error,wind_offshore_da_forecast_error_mw,lagged_forecast_error,lagged_forecast_error,wind_offshore_da_forecast_error_mw,False
wind_offshore_da_forecast_error_mw_rolling_median_3d_same_local_qh,,,,,,,,,,False,True,kept,2735,0.4709022038567493,2578,lagged_forecast_error,lagged_forecast_error,wind_offshore_da_forecast_error_mw,False,too_correlated_with_kept_feature,wind_offshore_da_forecast_error_mw_rolling_mean_3d_same_local_qh,0.9818598689249431,0.028666632107481993,lagged_forecast_error,lagged_forecast_error,wind_offshore_da_forecast_error_mw,lagged_forecast_error,lagged_forecast_error,wind_offshore_da_forecast_error_mw,False
wind_offshore_forecast_da_mw_lag_14d_same_local_qh,,,,,,,,,,False,True,kept,5470,0.9418044077134986,5446,da_forecast,forecast_level,wind_offshore_forecast_da_mw,False,too_correlated_with_kept_feature,wind_offshore_forecast_id_mw_lag_14d_same_local_qh,0.984112218696021,0.03381322344731201,da_forecast,forecast_level,wind_offshore_forecast_da_mw,da_forecast,forecast_level,wind_offshore_forecast_da_mw,False
wind_offshore_forecast_da_mw_lag_2d_same_local_qh,,,,,,,,,,False,True,kept,5758,0.9913911845730028,5741,da_forecast,forecast_level,wind_offshore_forecast_da_mw,False,too_correlated_with_kept_feature,wind_offshore_forecast_id_mw_lag_2d_same_local_qh,0.9854924596920912,0.03546321190317637,da_forecast,forecast_level,wind_offshore_forecast_da_mw,da_forecast,forecast_level,wind_offshore_forecast_da_mw,False
wind_offshore_forecast_da_mw_lag_7d_same_local_qh,,,,,,,,,,False,True,kept,5660,0.9745179063360881,5636,da_forecast,forecast_level,wind_offshore_forecast_da_mw,False,too_correlated_with_kept_feature,wind_offshore_forecast_id_mw_lag_7d_same_local_qh,0.9878094650438857,0.09188957889850535,da_forecast,forecast_level,wind_offshore_forecast_da_mw,da_forecast,forecast_level,wind_offshore_forecast_da_mw,False
wind_offshore_forecast_id_mw,,,,,,,,,,False,True,kept,5807,0.9998278236914601,5772,id_forecast,forecast_level,wind_offshore_forecast_id_mw,False,too_correlated_with_kept_feature,wind_offshore_forecast_da_mw,0.9876567403015054,0.04114683263969591,id_forecast,forecast_level,wind_offshore_forecast_id_mw,id_forecast,forecast_level,wind_offshore_forecast_id_mw,False
wind_offshore_forecast_id_mw_lag_1d_same_local_qh,,,,,,,,,,False,True,kept,5807,0.9998278236914601,5773,id_forecast,forecast_level,wind_offshore_forecast_id_mw,False,too_correlated_with_kept_feature,wind_offshore_forecast_da_mw_lag_1d_same_local_qh,0.9850109173204792,0.04789971689635211,id_forecast,forecast_level,wind_offshore_forecast_id_mw,id_forecast,forecast_level,wind_offshore_forecast_id_mw,False
wind_offshore_id_forecast_error_mw_rolling_mean_3d_same_local_qh,,,,,,,,,,False,True,kept,2735,0.4709022038567493,2639,lagged_forecast_error,lagged_forecast_error,wind_offshore_id_forecast_error_mw,False,too_correlated_with_kept_feature,wind_offshore_id_forecast_error_mw_rolling_median_3d_same_local_qh,0.9835012197063379,0.03431499763487794,lagged_forecast_error,lagged_forecast_error,wind_offshore_id_forecast_error_mw,lagged_forecast_error,lagged_forecast_error,wind_offshore_id_forecast_error_mw,False
wind_onshore_da_forecast_error_mw_rolling_median_3d_same_local_qh,,,,,,,,,,False,True,kept,2736,0.47107438016528924,2578,lagged_forecast_error,lagged_forecast_error,wind_onshore_da_forecast_error_mw,False,too_correlated_with_kept_feature,wind_onshore_da_forecast_error_mw_rolling_mean_3d_same_local_qh,0.9762408763115246,0.12883561193382972,lagged_forecast_error,lagged_forecast_error,wind_onshore_da_forecast_error_mw,lagged_forecast_error,lagged_forecast_error,wind_onshore_da_forecast_error_mw,False
wind_onshore_forecast_da_mw_lag_14d_same_local_qh,,,,,,,,,,False,True,kept,5472,0.9421487603305785,5472,da_forecast,forecast_level,wind_onshore_forecast_da_mw,False,too_correlated_with_kept_feature,wind_total_forecast_id_mw_lag_14d_same_local_qh,0.9766946193297945,0.043500550979976946,da_forecast,forecast_level,wind_onshore_forecast_da_mw,da_forecast,forecast_level,wind_onshore_forecast_da_mw,False
wind_onshore_forecast_da_mw_lag_1d_same_local_qh,,,,,,,,,,False,True,kept,5808,1.0,5808,da_forecast,forecast_level,wind_onshore_forecast_da_mw,False,too_correlated_with_kept_feature,wind_total_forecast_id_mw_lag_1d_same_local_qh,0.9801513237199596,0.07518433851630128,da_forecast,forecast_level,wind_onshore_forecast_da_mw,da_forecast,forecast_level,wind_onshore_forecast_da_mw,False
wind_onshore_forecast_da_mw_lag_2d_same_local_qh,,,,,,,,,,False,True,kept,5760,0.9917355371900827,5760,da_forecast,forecast_level,wind_onshore_forecast_da_mw,False,too_correlated_with_kept_feature,wind_onshore_forecast_id_mw_lag_2d_same_local_qh,0.9922347058753909,0.03575066838441673,da_forecast,forecast_level,wind_onshore_forecast_da_mw,da_forecast,forecast_level,wind_onshore_forecast_da_mw,False
wind_onshore_forecast_da_mw_lag_7d_same_local_qh,,,,,,,,,,False,True,kept,5664,0.9752066115702479,5664,da_forecast,forecast_level,wind_onshore_forecast_da_mw,False,too_correlated_with_kept_feature,wind_total_forecast_id_mw_lag_7d_same_local_qh,0.9809684875253688,0.05422524484954245,da_forecast,forecast_level,wind_onshore_forecast_da_mw,da_forecast,forecast_level,wind_onshore_forecast_da_mw,False
wind_onshore_forecast_id_mw,,,,,,,,,,False,True,kept,5808,1.0,5808,id_forecast,forecast_level,wind_onshore_forecast_id_mw,False,too_correlated_with_kept_feature,wind_onshore_forecast_da_mw,0.9923957045994384,0.14610625949056724,id_forecast,forecast_level,wind_onshore_forecast_id_mw,id_forecast,forecast_level,wind_onshore_forecast_id_mw,False
wind_onshore_forecast_id_mw_lag_14d_same_local_qh,,,,,,,,,,False,True,kept,5472,0.9421487603305785,5472,id_forecast,forecast_level,wind_onshore_forecast_id_mw,False,too_correlated_with_kept_feature,wind_total_forecast_id_mw_lag_14d_same_local_qh,0.9866952485649806,0.05035198617573934,id_forecast,forecast_level,wind_onshore_forecast_id_mw,id_forecast,forecast_level,wind_onshore_forecast_id_mw,False
wind_onshore_forecast_id_mw_lag_1d_same_local_qh,,,,,,,,,,False,True,kept,5808,1.0,5808,id_forecast,forecast_level,wind_onshore_forecast_id_mw,False,too_correlated_with_kept_feature,wind_total_forecast_id_mw_lag_1d_same_local_qh,0.9880154799938681,0.08271878234651278,id_forecast,forecast_level,wind_onshore_forecast_id_mw,id_forecast,forecast_level,wind_onshore_forecast_id_mw,False
wind_onshore_forecast_id_mw_lag_7d_same_local_qh,,,,,,,,,,False,True,kept,5664,0.9752066115702479,5664,id_forecast,forecast_level,wind_onshore_forecast_id_mw,False,too_correlated_with_kept_feature,wind_total_forecast_id_mw_lag_7d_same_local_qh,0.9870097018194425,0.05429344433377288,id_forecast,forecast_level,wind_onshore_forecast_id_mw,id_forecast,forecast_level,wind_onshore_forecast_id_mw,False
wind_onshore_forecast_revision_id_minus_da_mw,,,,,,,,,,False,True,kept,5808,1.0,5808,forecast_revision,forecast_revision,wind_onshore_forecast_revision_id_minus_da_mw,False,too_correlated_with_kept_feature,wind_total_forecast_revision_id_minus_da_mw,0.9510332817237139,0.23089309691360976,forecast_revision,forecast_revision,wind_onshore_forecast_revision_id_minus_da_mw,forecast_revision,forecast_revision,wind_onshore_forecast_revision_id_minus_da_mw,False
wind_onshore_forecast_revision_id_minus_da_mw_lag_2d_same_local_qh,,,,,,,,,,False,True,kept,5760,0.9917355371900827,5760,forecast_revision,forecast_revision,wind_onshore_forecast_revision_id_minus_da_mw,False,too_correlated_with_kept_feature,wind_total_forecast_revision_id_minus_da_mw_lag_2d_same_local_qh,0.9406236813705737,0.12682729153290187,forecast_revision,forecast_revision,wind_onshore_forecast_revision_id_minus_da_mw,forecast_revision,forecast_revision,wind_onshore_forecast_revision_id_minus_da_mw,False
wind_onshore_forecast_revision_id_minus_da_mw_lag_7d_same_local_qh,,,,,,,,,,False,True,kept,5664,0.9752066115702479,5664,forecast_revision,forecast_revision,wind_onshore_forecast_revision_id_minus_da_mw,False,too_correlated_with_kept_feature,wind_total_forecast_revision_id_minus_da_mw_lag_7d_same_local_qh,0.9503941670247107,0.006166270635774424,forecast_revision,forecast_revision,wind_onshore_forecast_revision_id_minus_da_mw,forecast_revision,forecast_revision,wind_onshore_forecast_revision_id_minus_da_mw,False
wind_onshore_id_forecast_error_mw_rolling_mean_3d_same_local_qh,,,,,,,,,,False,True,kept,2736,0.47107438016528924,2640,lagged_forecast_error,lagged_forecast_error,wind_onshore_id_forecast_error_mw,False,too_correlated_with_kept_feature,wind_onshore_id_forecast_error_mw_rolling_median_3d_same_local_qh,0.9712494487552217,0.07431783546962108,lagged_forecast_error,lagged_forecast_error,wind_onshore_id_forecast_error_mw,lagged_forecast_error,lagged_forecast_error,wind_onshore_id_forecast_error_mw,False
wind_total_forecast_da_mw,,,,,,,,,,False,True,kept,5808,1.0,5808,da_forecast,forecast_level,wind_total_forecast_da_mw,False,too_correlated_with_kept_feature,wind_onshore_forecast_da_mw,0.9881665701186328,0.16360999824909248,da_forecast,forecast_level,wind_total_forecast_da_mw,da_forecast,forecast_level,wind_total_forecast_da_mw,False
wind_total_forecast_da_mw_lag_14d_same_local_qh,,,,,,,,,,False,True,kept,5472,0.9421487603305785,5472,da_forecast,forecast_level,wind_total_forecast_da_mw,False,too_correlated_with_kept_feature,wind_total_forecast_id_mw_lag_14d_same_local_qh,0.9928476254194541,0.0465422957060362,da_forecast,forecast_level,wind_total_forecast_da_mw,da_forecast,forecast_level,wind_total_forecast_da_mw,False
wind_total_forecast_da_mw_lag_1d_same_local_qh,,,,,,,,,,False,True,kept,5808,1.0,5808,da_forecast,forecast_level,wind_total_forecast_da_mw,False,too_correlated_with_kept_feature,wind_total_forecast_id_mw_lag_1d_same_local_qh,0.9932492094805133,0.07937549269023973,da_forecast,forecast_level,wind_total_forecast_da_mw,da_forecast,forecast_level,wind_total_forecast_da_mw,False
wind_total_forecast_da_mw_lag_2d_same_local_qh,,,,,,,,,,False,True,kept,5760,0.9917355371900827,5760,da_forecast,forecast_level,wind_total_forecast_da_mw,False,too_correlated_with_kept_feature,wind_onshore_forecast_id_mw_lag_2d_same_local_qh,0.9845183797808876,0.035327283680033066,da_forecast,forecast_level,wind_total_forecast_da_mw,da_forecast,forecast_level,wind_total_forecast_da_mw,False
wind_total_forecast_da_mw_lag_7d_same_local_qh,,,,,,,,,,False,True,kept,5664,0.9752066115702479,5664,da_forecast,forecast_level,wind_total_forecast_da_mw,False,too_correlated_with_kept_feature,wind_total_forecast_id_mw_lag_7d_same_local_qh,0.9940693792089853,0.06684243591664467,da_forecast,forecast_level,wind_total_forecast_da_mw,da_forecast,forecast_level,wind_total_forecast_da_mw,False
wind_total_forecast_id_mw,,,,,,,,,,False,True,kept,5808,1.0,5808,id_forecast,forecast_level,wind_total_forecast_id_mw,False,too_correlated_with_kept_feature,wind_onshore_forecast_da_mw,0.9802716966866238,0.13491355648341388,id_forecast,forecast_level,wind_total_forecast_id_mw,id_forecast,forecast_level,wind_total_forecast_id_mw,False
wind_total_forecast_id_mw_lag_2d_same_local_qh,,,,,,,,,,False,True,kept,5760,0.9917355371900827,5760,id_forecast,forecast_level,wind_total_forecast_id_mw,False,too_correlated_with_kept_feature,wind_onshore_forecast_id_mw_lag_2d_same_local_qh,0.9905783690450293,0.05183803674652903,id_forecast,forecast_level,wind_total_forecast_id_mw,id_forecast,forecast_level,wind_total_forecast_id_mw,False
wind_total_forecast_revision_id_minus_da_mw_lag_14d_same_local_qh,,,,,,,,,,False,True,kept,5472,0.9421487603305785,5472,forecast_revision,forecast_revision,wind_total_forecast_revision_id_minus_da_mw,False,too_correlated_with_kept_feature,wind_onshore_forecast_revision_id_minus_da_mw_lag_14d_same_local_qh,0.9370546596598363,0.05705029441277151,forecast_revision,forecast_revision,wind_total_forecast_revision_id_minus_da_mw,forecast_revision,forecast_revision,wind_total_forecast_revision_id_minus_da_mw,False
wind_total_forecast_revision_id_minus_da_mw_lag_1d_same_local_qh,,,,,,,,,,False,True,kept,5808,1.0,5808,forecast_revision,forecast_revision,wind_total_forecast_revision_id_minus_da_mw,False,too_correlated_with_kept_feature,wind_onshore_forecast_revision_id_minus_da_mw_lag_1d_same_local_qh,0.946801730833821,0.08599212623060205,forecast_revision,forecast_revision,wind_total_forecast_revision_id_minus_da_mw,forecast_revision,forecast_revision,wind_total_forecast_revision_id_minus_da_mw,False
