timestamp_utc,timestamp_local,date_local,hour_local,minute_local,quarter_hour_local,weekday_local,month_local,ida3_price_eur_mwh,da_price_eur_mwh,load_da_forecast_error_mw_rolling_mean_3d_same_local_qh,wind_onshore_forecast_da_mw,ida3_price_eur_mwh_lag_14d_same_local_qh,ida3_minus_da_spread_eur_mwh_regime_vol_7d_over_28d,wind_onshore_da_forecast_error_mw_rolling_mean_3d_same_local_qh,ida3_minus_da_spread_eur_mwh_rolling_std_3d_same_local_qh,ida3_price_eur_mwh_regime_vol_7d_over_28d,ida3_minus_da_spread_eur_mwh_rolling_median_3d_same_local_qh,ida3_price_eur_mwh_regime_abs_median_28d_over_vol,load_forecast_da_mw_lag_1d_same_local_qh,wind_offshore_forecast_id_mw_lag_14d_same_local_qh,ida3_minus_da_spread_eur_mwh
2026-05-08 12:00:00+00:00,2026-05-08 14:00:00+02:00,2026-05-08,14,0,0,4,5,72.1,50.92,,4226.33377,,0.38172774826136263,,8.152941187080893,0.34888457383485977,6.954999999999998,0.013745431570510367,59523.395903,2170.63,21.179999999999993
2026-05-08 12:15:00+00:00,2026-05-08 14:15:00+02:00,2026-05-08,14,15,1,4,5,76.4,50.92,,4364.83036,,0.2690455804843134,,1.4354267658086821,0.3477477698980714,2.065000000000005,0.011503730748789963,59390.871674,2174.85,25.480000000000004
2026-05-08 12:30:00+00:00,2026-05-08 14:30:00+02:00,2026-05-08,14,30,2,4,5,81.05,50.92,,4448.37222,,0.22790827015575613,,0.8343860018001309,0.35292309039733083,2.010000000000005,0.00035597187693155787,58813.107719,2180.98,30.129999999999995
2026-05-08 12:45:00+00:00,2026-05-08 14:45:00+02:00,2026-05-08,14,45,3,4,5,86.46,50.92,,4503.27344,,0.23310760920743415,,1.9021172413918113,0.3599589697804028,1.6850000000000023,0.00221896608787362,58805.264044,2185.97,35.53999999999999
2026-05-08 13:00:00+00:00,2026-05-08 15:00:00+02:00,2026-05-08,15,0,0,4,5,81.49,73.31,,4544.30187,,0.3906143331890655,,2.510229073212242,0.34646761939145776,-6.005000000000003,0.0045828821054916605,58669.078483,2191.74,8.179999999999993
2026-05-08 13:15:00+00:00,2026-05-08 15:15:00+02:00,2026-05-08,15,15,1,4,5,90.83,73.31,,4577.92967,,0.43520458013236435,,4.864894654563444,0.4245204718397133,0.39000000000000057,0.002091708866695739,58445.844106,2194.91,17.519999999999996
2026-05-08 13:30:00+00:00,2026-05-08 15:30:00+02:00,2026-05-08,15,30,2,4,5,98.36,73.31,,4610.31332,,0.12189550261817514,,1.3222896808188471,0.5377834908570145,1.5450000000000017,0.020760464147556217,57652.790988,2198.0,25.049999999999997
2026-05-08 13:45:00+00:00,2026-05-08 15:45:00+02:00,2026-05-08,15,45,3,4,5,99.8,73.31,,4634.04527,,0.214140627150863,,2.3193102422918668,0.6973865053220372,-1.2299999999999969,0.13833362544125538,57568.977547,2205.16,26.489999999999995
2026-05-08 14:00:00+00:00,2026-05-08 16:00:00+02:00,2026-05-08,16,0,0,4,5,89.31,94.94,,4660.37118,,0.845137882058191,,0.3040559159102102,0.7307131691840983,-8.434999999999995,0.2207811614994,57315.256244,2188.24,-5.6299999999999955
2026-05-08 14:15:00+00:00,2026-05-08 16:15:00+02:00,2026-05-08,16,15,1,4,5,96.7,94.94,,4681.95739,,0.15493719241180606,,3.853731957466686,0.9702776990573379,2.854999999999997,0.7580913280343501,57579.238723,2199.54,1.7600000000000051
2026-05-08 14:30:00+00:00,2026-05-08 16:30:00+02:00,2026-05-08,16,30,2,4,5,100.21,94.94,,4704.51368,,0.25678826430932555,,3.0264170234784245,1.1057413867925603,4.090000000000003,1.2274294087879563,57360.74343,2205.84,5.269999999999996
2026-05-08 14:45:00+00:00,2026-05-08 16:45:00+02:00,2026-05-08,16,45,3,4,5,109.06,94.94,,4726.46355,,0.6975044130856528,,1.1101576464628748,1.1262021148866752,3.174999999999997,1.3355515887370533,57919.185929,2213.09,14.120000000000005
2026-05-08 15:00:00+00:00,2026-05-08 17:00:00+02:00,2026-05-08,17,0,0,4,5,96.44,114.13,,4746.9118,,0.6616020202500461,,2.7789296500631266,1.0544264328467154,-6.774999999999999,1.2895947183215084,58242.696597,4107.64,-17.689999999999998
2026-05-08 15:15:00+00:00,2026-05-08 17:15:00+02:00,2026-05-08,17,15,1,4,5,105.53,114.13,,4817.6704,,0.15898391473078638,,4.023437584951443,1.0519690430033322,1.7649999999999935,1.479505510354195,58255.242034,4122.06,-8.599999999999994
2026-05-08 15:30:00+00:00,2026-05-08 17:30:00+02:00,2026-05-08,17,30,2,4,5,116.67,114.13,,4890.92909,,0.7392415540659464,,5.791204537917842,0.674182350874483,5.144999999999996,1.7248137318951442,58254.096294,4137.27,2.5400000000000063
2026-05-08 15:45:00+00:00,2026-05-08 17:45:00+02:00,2026-05-08,17,45,3,4,5,128.0,114.13,,4966.90418,,1.614049155167933,,5.5154328932550385,0.5589876251375827,6.810000000000002,2.2681905651705145,58333.663896,4151.49,13.870000000000005
2026-05-08 16:00:00+00:00,2026-05-08 18:00:00+02:00,2026-05-08,18,0,0,4,5,112.47,132.4,,5060.66204,,0.1511629071916207,,2.6657925650732914,0.57226926706963,-0.9649999999999892,2.3474243569665005,58936.395811,4161.55,-19.930000000000007
2026-05-08 16:15:00+00:00,2026-05-08 18:15:00+02:00,2026-05-08,18,15,1,4,5,124.0,132.4,,5198.94978,,0.5036395123501947,,5.062884553295678,0.3945060304557487,-3.700000000000003,2.8148732330093105,59085.014142,4226.22,-8.400000000000006
2026-05-08 16:30:00+00:00,2026-05-08 18:30:00+02:00,2026-05-08,18,30,2,4,5,132.19,132.4,,5343.31802,,1.0331487475074006,,3.8113055505954816,0.41956784815089593,-2.444999999999993,3.2780582986868128,59537.302961,4243.01,-0.21000000000000796
2026-05-08 16:45:00+00:00,2026-05-08 18:45:00+02:00,2026-05-08,18,45,3,4,5,142.71,132.4,,5486.01906,,0.7550403255564121,,2.814284989122472,0.41510957928516384,-0.8400000000000034,3.450032418045984,59744.279827,4255.66,10.310000000000002
2026-05-08 17:00:00+00:00,2026-05-08 19:00:00+02:00,2026-05-08,19,0,0,4,5,133.95,146.3,,5635.11306,,0.20171069626596866,,0.0070710678118791415,0.4193243564299311,-11.975000000000009,3.5518674182612617,59857.375359,4265.19,-12.350000000000023
2026-05-08 17:15:00+00:00,2026-05-08 19:15:00+02:00,2026-05-08,19,15,1,4,5,143.68,146.3,,5860.82897,,0.6403188064709912,,11.808683245815356,0.45235911841310933,-14.459999999999994,3.94773842560727,59678.804409,4331.68,-2.6200000000000045
2026-05-08 17:30:00+00:00,2026-05-08 19:30:00+02:00,2026-05-08,19,30,2,4,5,153.37,146.3,,6091.36023,,0.6620752095087998,,10.366185412194785,0.471264604608523,2.1400000000000006,4.082259323197861,59329.479138,4328.17,7.069999999999993
2026-05-08 17:45:00+00:00,2026-05-08 19:45:00+02:00,2026-05-08,19,45,3,4,5,165.0,146.3,,6363.84259,,1.576632870887703,,0.6646803743153531,0.6038498792332714,-3.969999999999999,3.450093295918536,59017.450199,4320.69,18.69999999999999
2026-05-08 18:00:00+00:00,2026-05-08 20:00:00+02:00,2026-05-08,20,0,0,4,5,159.05,150.24,,6672.59826,,1.0484435935689105,,6.682159082212866,0.5156345853046498,-12.344999999999999,3.5025587421853412,58376.545418,4288.47,8.810000000000002
2026-05-08 18:15:00+00:00,2026-05-08 20:15:00+02:00,2026-05-08,20,15,1,4,5,156.01,150.24,,7067.09203,,1.3705729763546777,,9.164103884177662,0.5834567392361103,-12.780000000000015,3.4967093331401693,57620.660437,4223.26,5.769999999999982
2026-05-08 18:30:00+00:00,2026-05-08 20:30:00+02:00,2026-05-08,20,30,2,4,5,154.01,150.24,,7566.20068,,1.1184767392110713,,9.10753534168271,0.7055092425232585,-9.429999999999993,3.9364109931623035,57019.656937,4165.79,3.769999999999982
2026-05-08 18:45:00+00:00,2026-05-08 20:45:00+02:00,2026-05-08,20,45,3,4,5,154.17,150.24,,8051.47183,,1.1905306202717392,,30.1227488785469,0.7047320524861661,-26.53,4.392190808071676,56546.754975,4125.12,3.9299999999999784
2026-05-08 19:00:00+00:00,2026-05-08 21:00:00+02:00,2026-05-08,21,0,0,4,5,160.3,137.28,,8496.41614,,1.4532290328809954,,17.97465437776205,0.7222119176961631,-6.590000000000003,4.604817090114838,55880.021069,4055.23,23.02000000000001
2026-05-08 19:15:00+00:00,2026-05-08 21:15:00+02:00,2026-05-08,21,15,1,4,5,145.45,137.28,,8921.65026,,1.2987032183777993,,19.27573085514528,0.5604106824219207,-10.340000000000003,5.351554743099898,55171.952582,4012.07,8.169999999999987
2026-05-08 19:30:00+00:00,2026-05-08 21:30:00+02:00,2026-05-08,21,30,2,4,5,139.09,137.28,,9354.30561,,1.071260743998602,,21.65868070774397,0.47584160372391143,-14.084999999999994,5.659418222794455,54231.710735,3952.79,1.8100000000000023
2026-05-08 19:45:00+00:00,2026-05-08 21:45:00+02:00,2026-05-08,21,45,3,4,5,132.0,137.28,,9797.41085,,1.013994305394741,,24.85480335870715,0.5193891841138126,-16.195000000000007,5.9512863960888955,53475.682878,3905.41,-5.280000000000001
2026-05-08 20:00:00+00:00,2026-05-08 22:00:00+02:00,2026-05-08,22,0,0,4,5,138.0,132.36,,9978.22313,,0.9977735213068436,,5.133595231414329,0.40177484020610094,-4.930000000000007,5.91950796219887,52833.229729,3875.43,5.639999999999986
2026-05-08 20:15:00+00:00,2026-05-08 22:15:00+02:00,2026-05-08,22,15,1,4,5,130.8,132.36,,10188.6828,,0.7704156495544667,,10.832875887777902,0.30566042735531,2.519999999999982,5.950680044332315,51973.639823,3860.71,-1.5600000000000023
2026-05-08 20:30:00+00:00,2026-05-08 22:30:00+02:00,2026-05-08,22,30,2,4,5,128.56,132.36,,10394.98842,,1.227498139826671,,7.18420489685532,0.35551135328002714,-4.489999999999995,6.056390891771536,51158.31925,3838.34,-3.8000000000000114
2026-05-08 20:45:00+00:00,2026-05-08 22:45:00+02:00,2026-05-08,22,45,3,4,5,123.12,132.36,,10536.51837,,0.3701886956664439,,5.183092706097392,0.46228639453891346,-0.4550000000000054,6.298098689068859,50210.573757,3819.27,-9.240000000000009
2026-05-08 21:00:00+00:00,2026-05-08 23:00:00+02:00,2026-05-08,23,0,0,4,5,122.43,118.64,,10645.88186,,1.2728158260744509,,9.71564717350317,0.4322758700175286,-5.990000000000009,6.867650735506135,49293.245981,3805.96,3.7900000000000063
2026-05-08 21:15:00+00:00,2026-05-08 23:15:00+02:00,2026-05-08,23,15,1,4,5,119.49,118.64,,10618.00404,,0.9690036701109291,,8.004448763031723,0.4648840917549553,-1.0200000000000031,6.812633985916638,48548.760879,3804.4,0.8499999999999943
2026-05-08 21:30:00+00:00,2026-05-08 23:30:00+02:00,2026-05-08,23,30,2,4,5,117.46,118.64,,10584.83703,,0.3167639105501473,,4.928534264870236,0.4775655689277247,1.9549999999999983,7.125918271499248,47909.91995,3799.91,-1.1800000000000068
2026-05-08 21:45:00+00:00,2026-05-08 23:45:00+02:00,2026-05-08,23,45,3,4,5,109.77,118.64,,10548.18388,,0.6560305300411897,,11.660190821766165,0.35587138143649016,0.9149999999999991,6.517227409619032,47322.020491,3798.7,-8.870000000000005
2026-05-09 10:00:00+00:00,2026-05-09 12:00:00+02:00,2026-05-09,12,0,0,5,5,-12.36,-2.82,-2700.1420225,864.88815,-92.26,0.8291631302650756,-414.2027950000014,24.437610357807078,0.6951388880115927,14.84,0.00035297571755287243,61897.272259,2211.2,-9.54
2026-05-09 10:15:00+00:00,2026-05-09 12:15:00+02:00,2026-05-09,12,15,1,5,5,-13.2,-2.82,-3040.1475269999974,862.89265,-139.76,0.5828454337544487,-501.84222499999873,23.652721830690012,0.5802180462440739,16.745000000000008,9.597596398539748e-05,61714.440889,2225.23,-10.379999999999999
2026-05-09 10:30:00+00:00,2026-05-09 12:30:00+02:00,2026-05-09,12,30,2,5,5,-7.62,-2.82,-3047.9521109999987,859.0283,-210.97,0.48297473300576504,-367.0753899999993,18.568624073958738,0.5199147542658575,14.940000000000001,0.00016448643074668638,61464.697404,2243.44,-4.800000000000001
2026-05-09 10:45:00+00:00,2026-05-09 12:45:00+02:00,2026-05-09,12,45,3,5,5,-6.82,-2.82,-3016.7857769999973,851.44048,-255.05,0.3806997730090668,-232.11624500000016,13.399673503485072,0.4377207816183696,15.66500000000001,0.00046110024949442034,61142.232932,2257.87,-4.0
2026-05-09 11:00:00+00:00,2026-05-09 13:00:00+02:00,2026-05-09,13,0,0,5,5,-9.54,-2.23,-2004.302034999997,846.33124,-257.06,0.421524327973167,-348.16648499999974,25.406346648032656,0.4001475101543232,17.364999999999995,0.018143623848639743,60622.132366,2276.75,-7.309999999999999
2026-05-09 11:15:00+00:00,2026-05-09 13:15:00+02:00,2026-05-09,13,15,1,5,5,-9.02,-2.23,-2012.4755190000033,836.48346,-344.08,0.3456986916231996,-409.7961449999982,25.98617420860562,0.370213137881337,17.10499999999999,0.019348415410303254,60102.754687,2305.04,-6.789999999999999
2026-05-09 11:30:00+00:00,2026-05-09 13:30:00+02:00,2026-05-09,13,30,2,5,5,-10.93,-2.23,-2153.1767775000008,835.30486,-414.43,0.39823093302808255,-358.96400500000163,21.821315267416857,0.3370801658533314,16.93,0.01878394702768326,59475.531382,2336.52,-8.7
2026-05-09 11:45:00+00:00,2026-05-09 13:45:00+02:00,2026-05-09,13,45,3,5,5,-10.91,-2.23,-1536.7965444999973,841.84251,-434.44,0.42297097697282543,-365.51104499999997,17.42311108843653,0.3386894760040259,12.90999999999999,0.022290252309477777,58754.802519,2366.26,-8.68
2026-05-09 12:00:00+00:00,2026-05-09 14:00:00+02:00,2026-05-09,14,0,0,5,5,-10.97,-1.8,-1898.067908500001,870.01859,-424.42,0.33796305068179766,-348.77467499999875,14.135064555919081,0.31316842274052054,11.184999999999995,0.013838656204424876,58432.590902,2356.47,-9.17
2026-05-09 12:15:00+00:00,2026-05-09 14:15:00+02:00,2026-05-09,14,15,1,5,5,-10.02,-1.8,-1763.9274820000028,935.11618,-425.79,0.23282585178776924,-432.2519349999982,17.27461866438735,0.3130632583067498,13.265000000000008,0.011561580908470804,57994.277155,2394.09,-8.219999999999999
2026-05-09 12:30:00+00:00,2026-05-09 14:30:00+02:00,2026-05-09,14,30,2,5,5,-7.57,-1.8,-1978.2018045000004,988.60579,-413.46,0.19810003137541365,-451.9638499999983,20.301035687865774,0.31898437007056457,15.774999999999999,0.00035760166628185286,57929.247559,2398.9,-5.7700000000000005
2026-05-09 12:45:00+00:00,2026-05-09 14:45:00+02:00,2026-05-09,14,45,3,5,5,-8.85,-1.8,-1762.9064524999994,1017.10284,-410.6,0.20996927351310996,-501.6108049999998,24.890158697766466,0.327316808190425,17.939999999999998,0.0022264436558313253,57586.45634,2434.85,-7.05
2026-05-09 13:00:00+00:00,2026-05-09 15:00:00+02:00,2026-05-09,15,0,0,5,5,-9.69,0.72,-1783.1608804999996,1072.51349,-386.9,0.34263307728949854,-465.1319900000003,8.775195154525052,0.3126396625921609,1.9749999999999943,0.004604061028990965,57468.571536,2464.28,-10.41
2026-05-09 13:15:00+00:00,2026-05-09 15:15:00+02:00,2026-05-09,15,15,1,5,5,-5.38,0.72,-1299.4102764999989,1139.4044,-336.08,0.3768681519786691,-315.4374299999986,14.545186489007278,0.3885781028873796,7.234999999999999,0.0021004287683631965,57244.425653,2494.37,-6.1
2026-05-09 13:30:00+00:00,2026-05-09 15:30:00+02:00,2026-05-09,15,30,2,5,5,-2.1,0.72,-1817.7169409999988,1210.3861,-253.55,0.21446060943170286,-371.191220000002,17.28168973219922,0.49821630850963355,12.829999999999998,0.02083682875720133,57170.861695,2521.58,-2.8200000000000003
2026-05-09 13:45:00+00:00,2026-05-09 15:45:00+02:00,2026-05-09,15,45,3,5,5,12.19,0.72,-1425.199858,1297.64643,-190.38,0.3661700174429247,-306.86266499999965,18.441344853345157,0.6427761210632561,13.449999999999996,0.13900907160095405,56916.98427,2563.89,11.469999999999999
2026-05-09 14:00:00+00:00,2026-05-09 16:00:00+02:00,2026-05-09,16,0,0,5,5,6.98,29.15,-1486.2300529999993,1379.77543,-156.04,0.7556905042707597,-173.11876499999744,2.1354624791833707,0.6757672780485481,-7.1399999999999935,0.2239891871551246,56998.962007,2591.78,-22.169999999999998
2026-05-09 14:15:00+00:00,2026-05-09 16:15:00+02:00,2026-05-09,16,15,1,5,5,15.0,29.15,-1700.9595769999978,1472.6265,-84.18,0.13523815053407506,-48.363790000003064,1.1525840533340792,0.8973131372720564,0.9450000000000003,0.7687627916296503,56900.730824,2621.93,-14.149999999999999
2026-05-09 14:30:00+00:00,2026-05-09 16:30:00+02:00,2026-05-09,16,30,2,5,5,37.01,29.15,-2461.4572929999995,1567.94611,-41.81,0.24776199060304702,51.46609000000126,2.347594513539333,1.029620380137603,3.6099999999999994,1.25695445902699,56632.896345,2656.1,7.859999999999999
2026-05-09 14:45:00+00:00,2026-05-09 16:45:00+02:00,2026-05-09,16,45,3,5,5,65.83,29.15,-2072.8920370000014,1662.58186,-12.37,0.7338665587397355,172.93975000000137,8.294362543318206,1.0412735058677218,8.255000000000003,1.3623768670236298,56381.992742,2690.26,36.68
2026-05-09 15:00:00+00:00,2026-05-09 17:00:00+02:00,2026-05-09,17,0,0,5,5,50.06,92.95,-1757.641498500001,1768.22738,-17.93,0.5729502776233428,160.81865500000004,9.107535341682729,0.9851874362469645,-11.25,1.3212423265092539,57387.503043,2738.96,-42.89
2026-05-09 15:15:00+00:00,2026-05-09 17:15:00+02:00,2026-05-09,17,15,1,5,5,84.87,92.95,-2673.1387499999983,1943.59461,-0.23,0.28279745721016214,178.86484500000233,5.3174429945228345,0.9569554130735406,-4.839999999999996,1.514330672025966,57833.913988,2783.51,-8.079999999999998
2026-05-09 15:30:00+00:00,2026-05-09 17:30:00+02:00,2026-05-09,17,30,2,5,5,93.46,92.95,-2122.5679135000028,2118.604,-1.29,0.6622992256465813,249.30470499999979,1.0535891039679723,0.5976030502768311,1.7949999999999946,1.7519476377970535,57872.192163,2824.91,0.5099999999999909
2026-05-09 15:45:00+00:00,2026-05-09 17:45:00+02:00,2026-05-09,17,45,3,5,5,114.21,92.95,-1849.1354290000017,2298.84625,0.84,1.4175193910904396,385.04845000000114,7.749890321804546,0.49572452070445183,8.390000000000015,2.322384022968183,58075.66778,2864.23,21.25999999999999
2026-05-09 16:00:00+00:00,2026-05-09 18:00:00+02:00,2026-05-09,18,0,0,5,5,103.7,122.06,-1308.060915500002,2478.10817,-4.89,0.41141152304605283,410.19039500000235,12.07738382266624,0.5044856299112163,-11.39,2.3895127161778666,58294.714198,5020.17,-18.36
2026-05-09 16:15:00+00:00,2026-05-09 18:15:00+02:00,2026-05-09,18,15,1,5,5,111.03,122.06,-1418.5815330000005,2692.35718,-0.08,0.5566889203487697,386.22635499999933,5.854844148224615,0.3483351312245022,-4.260000000000005,2.841444588610215,58335.932455,5088.69,-11.030000000000001
2026-05-09 16:30:00+00:00,2026-05-09 18:30:00+02:00,2026-05-09,18,30,2,5,5,116.14,122.06,-1499.5243874999978,2905.72017,13.0,0.9698815524104779,442.8799700000013,0.3252691193458175,0.3843968003583823,0.01999999999999602,3.326523563713265,58291.576187,5168.21,-5.920000000000002
2026-05-09 16:45:00+00:00,2026-05-09 18:45:00+02:00,2026-05-09,18,45,3,5,5,131.35,122.06,-1769.5634449999998,3117.11874,27.73,0.6577621473595203,496.9242249999975,9.291383104791244,0.39742714974952853,3.739999999999995,3.540708282768092,58315.032775,5223.73,9.289999999999992
2026-05-09 17:00:00+00:00,2026-05-09 19:00:00+02:00,2026-05-09,19,0,0,5,5,119.8,138.94,-1023.8916390000013,3348.51434,30.35,0.23166546680414984,558.0470450000012,0.2687005768509049,0.3746354768258757,-12.16000000000001,3.6271633103193053,57950.194012,5274.29,-19.14
2026-05-09 17:15:00+00:00,2026-05-09 19:15:00+02:00,2026-05-09,19,15,1,5,5,126.11,138.94,-1087.4037979999994,3685.38601,59.04,0.7532421103471035,628.9940750000014,14.276485912156392,0.41976992521750905,-12.715000000000003,4.0822627493815755,57803.981707,5333.34,-12.829999999999998
2026-05-09 17:30:00+00:00,2026-05-09 19:30:00+02:00,2026-05-09,19,30,2,5,5,132.14,138.94,-887.2162649999991,4022.22159,72.01,0.7793672098420839,623.5678649999995,8.669129137347067,0.4607154262577705,0.9399999999999977,4.368326216294813,57434.12054,5396.37,-6.800000000000011
2026-05-09 17:45:00+00:00,2026-05-09 19:45:00+02:00,2026-05-09,19,45,3,5,5,150.74,138.94,-1089.2022180000022,4399.293,87.4,1.37438193194409,514.5501149999986,16.362450916656698,0.6657952138245874,7.1299999999999955,3.6727311167404473,57284.493477,5456.29,11.800000000000011
2026-05-09 18:00:00+00:00,2026-05-09 20:00:00+02:00,2026-05-09,20,0,0,5,5,142.89,146.5,-738.636982,4798.2473,73.01,0.9653455437253667,330.0618850000001,18.299923497107848,0.5515803563308989,-4.1299999999999955,4.018925229298406,56585.159822,5501.71,-3.6100000000000136
2026-05-09 18:15:00+00:00,2026-05-09 20:15:00+02:00,2026-05-09,20,15,1,5,5,150.0,146.5,-990.0323184999979,5259.68142,76.06,1.1849322793320045,158.40181999999913,17.698882733099286,0.6299588788484367,-6.745000000000019,3.880758532225313,56049.746854,5535.83,3.5
2026-05-09 18:30:00+00:00,2026-05-09 20:30:00+02:00,2026-05-09,20,30,2,5,5,150.01,146.5,-1137.0594864999985,5807.76841,78.01,1.0683815357769646,315.86154500000066,13.887577182503763,0.7249443444523255,-6.049999999999997,4.193057496707119,55653.046117,5566.8,3.509999999999991
2026-05-09 18:45:00+00:00,2026-05-09 20:45:00+02:00,2026-05-09,20,45,3,5,5,145.1,146.5,-919.9721664999997,6357.17644,76.81,1.2008725344482127,555.7073499999983,36.599846994215675,0.668707812203812,-21.950000000000003,4.526572327577798,55101.818194,5760.67,-1.4000000000000057
2026-05-09 19:00:00+00:00,2026-05-09 21:00:00+02:00,2026-05-09,21,0,0,5,5,150.48,141.43,-1090.1329435000007,6884.62582,82.01,1.4531796496412186,384.7187050000002,29.92475897981471,0.6771475149086819,1.8599999999999994,4.783611652938775,54452.652306,5776.87,9.049999999999983
2026-05-09 19:15:00+00:00,2026-05-09 21:15:00+02:00,2026-05-09,21,15,1,5,5,150.0,141.43,-592.0871604999993,7339.8542,78.65,1.1505806479534464,335.0429449999974,22.726411947335627,0.5406591506920964,-7.900000000000006,5.437800599867627,53780.801373,5779.33,8.569999999999993
2026-05-09 19:30:00+00:00,2026-05-09 21:30:00+02:00,2026-05-09,21,30,2,5,5,143.53,141.43,-459.64153950000036,7791.47113,73.0,0.9938346540298076,332.2743100000007,22.068802640832153,0.43943239863059014,-13.795000000000002,5.716437489111067,53064.365417,5786.8,2.0999999999999943
2026-05-09 19:45:00+00:00,2026-05-09 21:45:00+02:00,2026-05-09,21,45,3,5,5,129.38,141.43,-390.2618029999976,8245.19613,69.41,0.9426635155935358,235.21186499999976,20.145472196004746,0.46170038526625484,-19.525000000000006,5.989284776934113,52327.794269,5789.18,-12.050000000000011
2026-05-09 20:00:00+00:00,2026-05-09 22:00:00+02:00,2026-05-09,22,0,0,5,5,141.51,133.26,-849.5050195000003,8497.5128,81.0,0.8585709588208594,97.01468000000114,10.040916292848967,0.4229719042352388,-1.460000000000008,5.992432445653996,51549.374007,5792.98,8.25
2026-05-09 20:15:00+00:00,2026-05-09 22:15:00+02:00,2026-05-09,22,15,1,5,5,137.91,133.26,-657.0423115000012,8671.70911,73.97,0.7790670233710898,118.12843499999963,2.5314422766478493,0.3438724751085479,-3.3500000000000085,5.989278592567723,50799.889561,5772.14,4.650000000000006
2026-05-09 20:30:00+00:00,2026-05-09 22:30:00+02:00,2026-05-09,22,30,2,5,5,129.05,133.26,-568.0610019999986,8837.2163,73.39,1.1138039161849844,1.7161799999998948,4.080006127446366,0.33535111103501913,-6.685000000000002,6.052110345026959,50044.42815,5760.27,-4.2099999999999795
2026-05-09 20:45:00+00:00,2026-05-09 22:45:00+02:00,2026-05-09,22,45,3,5,5,123.92,133.26,-898.4816879999998,8928.52353,71.64,0.5550146909825403,-38.216924999998355,3.6203867196751265,0.41807633615556383,-6.680000000000007,6.312613038434317,49278.182043,5827.24,-9.33999999999999
2026-05-09 21:00:00+00:00,2026-05-09 23:00:00+02:00,2026-05-09,23,0,0,5,5,127.58,124.84,-551.7133434999996,8987.73761,82.21,1.1305187806709835,-93.64381000000003,11.77332790675603,0.4614883031623819,-4.535000000000004,6.82135915320955,48207.646137,5926.44,2.739999999999995
2026-05-09 21:15:00+00:00,2026-05-09 23:15:00+02:00,2026-05-09,23,15,1,5,5,133.87,124.84,-433.18213999999716,8846.24222,73.01,0.8423007271891207,-68.07236499999999,5.324514062334703,0.4626473050266519,-2.9150000000000063,6.759517647727944,47409.220052,5879.29,9.030000000000001
2026-05-09 21:30:00+00:00,2026-05-09 23:30:00+02:00,2026-05-09,23,30,2,5,5,130.0,124.84,-246.54993099999774,8696.71473,73.77,0.2842917316605651,-44.801260000000184,0.24748737341528762,0.42877946418905727,-1.355000000000004,7.275244334383319,46664.6629,5834.13,5.159999999999997
2026-05-09 21:45:00+00:00,2026-05-09 23:45:00+02:00,2026-05-09,23,45,3,5,5,120.63,124.84,-164.74411150000014,8542.27881,71.01,0.6551440307885017,-79.68827999999985,1.0889444430272877,0.3455219092846518,-8.100000000000001,6.696522461781312,45736.610522,5791.94,-4.210000000000008
2026-05-11 10:00:00+00:00,2026-05-11 12:00:00+02:00,2026-05-11,12,0,0,0,5,87.8,95.0,-4102.921137333331,11549.46855,0.0,0.8267603164580937,-0.370493333334404,29.458068504231566,0.6973133167130017,11.29,0.00018174364934399182,49363.153297,24.17,-7.200000000000003
2026-05-11 10:15:00+00:00,2026-05-11 12:15:00+02:00,2026-05-11,12,15,1,0,5,86.95,90.0,-3738.3236289999986,12136.78828,-0.01,0.5097871187076836,-156.61779666666553,31.00663235503011,0.5658484586457877,11.545000000000003,9.921249512477967e-05,48293.921071,23.44,-3.049999999999997
2026-05-11 10:30:00+00:00,2026-05-11 12:30:00+02:00,2026-05-11,12,30,2,0,5,86.85,106.19,-4418.798232666665,12717.62857,-0.02,0.27534023469198493,-111.06336666666668,23.242599897601817,0.45567711426767393,11.635,0.03251904604397756,48384.389746,24.84,-19.340000000000003
2026-05-11 10:45:00+00:00,2026-05-11 12:45:00+02:00,2026-05-11,12,45,3,0,5,85.6,97.02,-4436.804192999999,13302.04063,-0.07,0.1488044734578723,19.93774666666688,20.605091603776,0.3641418443876206,10.570000000000004,0.02348348597277852,48113.369867,25.35,-11.420000000000002
2026-05-11 11:00:00+00:00,2026-05-11 13:00:00+02:00,2026-05-11,13,0,0,0,5,86.21,101.66,-4025.0506673333316,13905.4044,-2.98,0.24281847601617826,152.70477333333338,30.151033149794383,0.3420551683509932,14.01,0.038877138068604475,47203.884466,24.89,-15.450000000000003
2026-05-11 11:15:00+00:00,2026-05-11 13:15:00+02:00,2026-05-11,13,15,1,0,5,86.18,101.22,-4855.472992000003,14526.6837,-3.58,0.18241168715138326,151.1821466666677,29.889403640755358,0.30071586269990064,14.344999999999995,0.035222867578571695,47804.076834,23.56,-15.039999999999992
2026-05-11 11:30:00+00:00,2026-05-11 13:30:00+02:00,2026-05-11,13,30,2,0,5,85.49,98.72,-4577.921174666667,15174.68113,-4.0,0.13436267083685421,144.0726499999987,29.03380443551964,0.2638597565704306,11.83,0.03625120071349846,47748.902454,23.22,-13.230000000000004
2026-05-11 11:45:00+00:00,2026-05-11 13:45:00+02:00,2026-05-11,13,45,3,0,5,82.12,75.75,-4380.211660333334,15859.41578,-4.77,0.10688066182651972,52.12965666666673,23.977990950035817,0.2592125887628562,8.274999999999995,0.03787869542145421,46986.090762,23.9,6.3700000000000045
2026-05-11 12:00:00+00:00,2026-05-11 14:00:00+02:00,2026-05-11,14,0,0,0,5,83.99,97.33,-4893.203315333335,16602.8512,-2.9,0.11504029182181272,166.98985000000118,21.460690809011712,0.2598811245937741,6.004999999999996,0.034220500610971774,46921.943394,26.61,-13.340000000000003
2026-05-11 12:15:00+00:00,2026-05-11 14:15:00+02:00,2026-05-11,14,15,1,0,5,84.08,97.32,-4770.881167000002,17330.30239,-2.39,0.13055319618309424,159.6790266666679,23.829498525986654,0.2651534498631577,8.630000000000003,0.031042335911526855,46775.083035,30.52,-13.239999999999995
2026-05-11 12:30:00+00:00,2026-05-11 14:30:00+02:00,2026-05-11,14,30,2,0,5,82.05,94.02,-5504.886471666669,17979.50541,-0.07,0.14159029838155088,105.096190000001,25.385133444597052,0.2783797658416059,12.179999999999998,0.020185429723669386,47354.000369,34.45,-11.969999999999999
2026-05-11 12:45:00+00:00,2026-05-11 14:45:00+02:00,2026-05-11,14,45,3,0,5,80.68,95.25,-5197.377867333332,18582.72721,-0.41,0.18966286741780544,91.03687666666663,30.115677810735054,0.30457849496950046,14.244999999999996,0.01337319400071756,46956.945578,42.38,-14.569999999999993
2026-05-11 13:00:00+00:00,2026-05-11 15:00:00+02:00,2026-05-11,15,0,0,0,5,82.71,95.04,-4985.8188136666695,19152.7258,-3.94,0.08000644935024755,-12.348430000000084,13.145115062257915,0.30989794491298056,-1.1150000000000038,0.013827039130870682,47229.703862,46.34,-12.330000000000013
2026-05-11 13:15:00+00:00,2026-05-11 15:15:00+02:00,2026-05-11,15,15,1,0,5,83.02,96.02,-4901.593645333334,19681.70008,-0.3,0.15380334317650415,30.563353333334362,16.70186217162625,0.38547518056158836,5.709999999999998,0.0025726834124805927,46689.827096,51.27,-13.0
2026-05-11 13:30:00+00:00,2026-05-11 15:30:00+02:00,2026-05-11,15,30,2,0,5,83.3,95.9,-5630.330052333334,20208.66949,2.41,0.2585645670813897,-108.34595333333466,19.70706599166908,0.4793627163220739,11.114999999999998,0.010467882647898726,46754.474765,61.21,-12.600000000000009
2026-05-11 13:45:00+00:00,2026-05-11 15:45:00+02:00,2026-05-11,15,45,3,0,5,84.01,97.84,-5008.070211333332,20703.56727,12.77,0.41523096723128095,-124.42990333333319,10.620743853421944,0.5432309754121766,18.979999999999997,0.14053983610377815,46558.925755,69.19,-13.829999999999998
2026-05-11 14:00:00+00:00,2026-05-11 16:00:00+02:00,2026-05-11,16,0,0,0,5,83.06,82.86,-4519.634241666667,21187.69588,17.82,0.2289604471044304,-184.44502333333216,11.695546160825499,0.5995193327579529,-13.899999999999997,0.16111448171696652,46810.898099,74.29,0.20000000000000284
2026-05-11 14:15:00+00:00,2026-05-11 16:15:00+02:00,2026-05-11,16,15,1,0,5,86.93,74.51,-4920.381517666664,21631.06434,49.99,0.39120714622399877,-134.91313333333565,11.250068888677973,0.7321389113523934,-6.194999999999997,0.5147240117766647,46839.506439,87.65,12.420000000000002
2026-05-11 14:30:00+00:00,2026-05-11 16:30:00+02:00,2026-05-11,16,30,2,0,5,86.0,101.68,-4898.365723666665,22052.69244,77.93,0.18223101437652603,-179.73635333333186,1.8314065632731602,0.6657048223073033,6.564999999999998,0.9744251705616707,46801.630989,103.0,-15.680000000000007
2026-05-11 14:45:00+00:00,2026-05-11 16:45:00+02:00,2026-05-11,16,45,3,0,5,87.29,112.56,-4651.953939666666,22453.26361,91.85,0.9578291827279419,-19.337046666665856,15.952328983568504,0.5082946161215991,25.400000000000002,1.2830949241905294,46943.821793,115.34,-25.269999999999996
2026-05-11 15:00:00+00:00,2026-05-11 17:00:00+02:00,2026-05-11,17,0,0,0,5,87.58,101.65,-4429.191290333333,22763.45339,69.33,0.6618624358322278,182.48067000000015,17.819090885900998,0.5532066681986881,-30.29,1.1774721629736609,47851.016184,125.92,-14.070000000000007
2026-05-11 15:15:00+00:00,2026-05-11 17:15:00+02:00,2026-05-11,17,15,1,0,5,99.99,82.62,-4282.70497133333,22718.47428,90.99,0.36636314496784617,416.3305533333346,0.3676955262169917,0.3843293244266416,-8.339999999999996,1.6089576899025622,47955.815675,147.66,17.36999999999999
2026-05-11 15:30:00+00:00,2026-05-11 17:30:00+02:00,2026-05-11,17,30,2,0,5,104.92,120.98,-3388.256572333334,22665.98798,111.06,0.24412909226255608,468.4097633333333,1.4354267658087023,0.42481212738831936,1.5249999999999986,1.8256792133100461,48067.684598,165.39,-16.060000000000002
2026-05-11 15:45:00+00:00,2026-05-11 17:45:00+02:00,2026-05-11,17,45,3,0,5,111.11,105.7,-3046.921110666665,22607.04385,122.13,0.3122997096077354,474.44716666666756,5.225519112968575,0.38363528824060095,17.564999999999998,2.401482387326033,48525.756355,184.1,5.409999999999997
2026-05-11 16:00:00+00:00,2026-05-11 18:00:00+02:00,2026-05-11,18,0,0,0,5,107.86,120.52,-2686.2095476666677,22512.62464,106.33,0.5007785454567963,447.752326666669,1.1101576464628797,0.3541076601959068,-19.145000000000003,2.509490150469114,49187.148444,205.89,-12.659999999999997
2026-05-11 16:15:00+00:00,2026-05-11 18:15:00+02:00,2026-05-11,18,15,1,0,5,114.98,109.2,-2647.221629666669,22270.94192,115.98,0.39074195780070364,391.16816666666546,1.859690834520612,0.3930501687666899,-9.715000000000003,2.9221187942712583,49460.580192,240.58,5.780000000000001
2026-05-11 16:30:00+00:00,2026-05-11 18:30:00+02:00,2026-05-11,18,30,2,0,5,119.08,122.52,-2003.8667920000007,22014.53677,130.29,0.3129313395960818,327.9429500000004,4.037579720575181,0.5240180304860742,-3.065000000000005,3.428196598448094,49773.887237,272.3,-3.4399999999999977
2026-05-11 16:45:00+00:00,2026-05-11 18:45:00+02:00,2026-05-11,18,45,3,0,5,120.08,119.85,-2267.353738000003,21743.52373,146.32,0.3886280015511888,228.99910999999852,0.7212489168103,0.5038097960530508,9.799999999999997,3.627862646851346,50040.829049,299.0,0.23000000000000398
2026-05-11 17:00:00+00:00,2026-05-11 19:00:00+02:00,2026-05-11,19,0,0,0,5,128.78,109.2,-1572.7660656666678,21462.34923,125.17,0.14123770710066452,158.6257200000003,4.801255044256642,0.4451339956652542,-15.745000000000012,3.7012948980870997,50503.061951,336.11,19.58
2026-05-11 17:15:00+00:00,2026-05-11 19:15:00+02:00,2026-05-11,19,15,1,0,5,132.0,114.22,-1412.692985333335,20996.03024,143.8,0.6057826779565362,40.040486666668436,7.219560235914645,0.5852442877488625,-7.725000000000001,4.208136985049664,50504.756328,377.4,17.78
2026-05-11 17:30:00+00:00,2026-05-11 19:30:00+02:00,2026-05-11,19,30,2,0,5,132.0,131.98,-1118.813969666667,20533.69891,162.95,0.8646059792807571,-166.41662000000028,9.807571055057418,0.6739902163042817,0.1349999999999909,4.382792015517203,50577.100189,423.7,0.020000000000010232
2026-05-11 17:45:00+00:00,2026-05-11 19:45:00+02:00,2026-05-11,19,45,3,0,5,137.0,141.99,-1428.2563666666708,20137.55919,207.6,0.631014142612041,-462.3461933333333,4.879036790187161,0.6879314182463155,15.25,3.704910955890871,50559.956927,467.99,-4.990000000000009
2026-05-11 18:00:00+00:00,2026-05-11 20:00:00+02:00,2026-05-11,20,0,0,0,5,134.46,127.2,-607.2990576666658,19798.48826,190.0,0.9261006090103051,-930.1159799999999,8.782266222336936,0.6657733630525566,2.5999999999999943,3.991608003368589,50302.9115,518.99,7.260000000000005
2026-05-11 18:15:00+00:00,2026-05-11 20:15:00+02:00,2026-05-11,20,15,1,0,5,136.34,128.14,-1095.0514516666688,19570.32977,176.99,0.7438235169586752,-1204.9573466666677,1.6051323932934523,0.6723178138731133,4.634999999999991,4.015720254355685,50121.492329,589.21,8.200000000000017
2026-05-11 18:30:00+00:00,2026-05-11 20:30:00+02:00,2026-05-11,20,30,2,0,5,137.12,133.33,-1406.6176116666659,19456.94282,160.3,0.546391932062067,-1217.4238099999993,0.18384776310861664,0.7822486287248644,3.6399999999999864,4.322577198595002,50060.909647,663.5,3.789999999999992
2026-05-11 18:45:00+00:00,2026-05-11 20:45:00+02:00,2026-05-11,20,45,3,0,5,136.88,135.6,-1492.5767073333311,19391.35409,142.71,1.1139802355483357,-964.3232066666682,3.768879143724322,0.75286533666769,1.2649999999999864,4.723120583417997,49754.218164,735.88,1.2800000000000011
2026-05-11 19:00:00+00:00,2026-05-11 21:00:00+02:00,2026-05-11,21,0,0,0,5,136.91,128.78,-1242.737220666667,19451.75304,168.02,1.2042381514430254,-1265.5263266666668,9.878281733176093,0.7222559976358611,16.034999999999997,5.008008829903372,49510.889743,811.66,8.129999999999995
2026-05-11 19:15:00+00:00,2026-05-11 21:15:00+02:00,2026-05-11,21,15,1,0,5,134.95,128.2,-561.0602816666651,19586.58766,136.48,1.2169690003517277,-1391.2072233333345,0.28284271247489234,0.5495633480559888,8.36999999999999,5.653241891077934,49003.582893,897.56,6.75
2026-05-11 19:30:00+00:00,2026-05-11 21:30:00+02:00,2026-05-11,21,30,2,0,5,131.91,121.5,-482.2969236666686,19659.46721,128.99,1.1193809077409886,-1272.6986133333332,0.20506096654414135,0.4178414707924315,1.9549999999999983,5.947654469965537,48632.063319,991.46,10.409999999999997
2026-05-11 19:45:00+00:00,2026-05-11 21:45:00+02:00,2026-05-11,21,45,3,0,5,120.0,115.5,-443.77353966666607,19702.4143,120.01,0.9523239638638532,-1397.8013100000007,4.787112908632938,0.5056949337041333,-8.665000000000006,6.34624859533582,48240.216906,1081.12,4.5
2026-05-11 20:00:00+00:00,2026-05-11 22:00:00+02:00,2026-05-11,22,0,0,0,5,130.19,125.61,-928.3363023333319,19539.0434,128.03,0.6920289090733605,-1467.9207166666665,1.845548698896895,0.41636795257806,6.944999999999993,6.32174573441805,47919.151396,1168.51,4.579999999999998
2026-05-11 20:15:00+00:00,2026-05-11 22:15:00+02:00,2026-05-11,22,15,1,0,5,123.2,116.29,-1001.531805999999,19772.94264,121.57,0.7310054669298116,-1421.657003333333,4.391133111168466,0.3911949198650554,1.5450000000000017,6.324132228754924,47474.275488,1248.84,6.909999999999997
2026-05-11 20:30:00+00:00,2026-05-11 22:30:00+02:00,2026-05-11,22,30,2,0,5,119.61,121.86,-909.3794543333352,19997.81516,116.73,0.3985720042545494,-1521.2497166666665,0.2899137802864683,0.4067617098217755,-4.0049999999999955,6.529425207178645,47025.166137,1332.16,-2.25
2026-05-11 20:45:00+00:00,2026-05-11 22:45:00+02:00,2026-05-11,22,45,3,0,5,115.0,110.05,-1321.8096100000014,20261.33128,109.68,0.531723876829358,-1514.5258199999982,0.07071067811864772,0.485956098761099,-9.29,6.779915589508988,46545.339654,1407.57,4.950000000000003
2026-05-11 21:00:00+00:00,2026-05-11 23:00:00+02:00,2026-05-11,23,0,0,0,5,116.49,110.71,-1116.452251,20499.95737,113.99,0.958196833303481,-1560.09255,0.742462120245901,0.5347993683341021,3.2650000000000006,7.05581023128314,45993.663655,1479.05,5.780000000000001
2026-05-11 21:15:00+00:00,2026-05-11 23:15:00+02:00,2026-05-11,23,15,1,0,5,110.21,103.85,-1159.636533333333,20782.89946,109.83,0.9433527537899461,-1466.7835899999998,5.784133470105964,0.5469661546525165,4.939999999999998,6.793092210554619,45579.951895,1529.33,6.359999999999999
2026-05-11 21:30:00+00:00,2026-05-11 23:30:00+02:00,2026-05-11,23,30,2,0,5,106.3,100.43,-984.9065466666701,21063.34244,105.83,0.3412521457136744,-1452.7052233333336,4.483056992722713,0.48280357815924047,1.9899999999999949,7.144522960210917,45106.931828,1577.63,5.86999999999999
2026-05-11 21:45:00+00:00,2026-05-11 23:45:00+02:00,2026-05-11,23,45,3,0,5,99.0,101.06,-996.4933409999988,21340.62024,101.94,0.7820123467742864,-1415.7210433333332,3.2951176003293092,0.38078050465545715,-6.540000000000006,6.693026409804819,44626.892766,1624.93,-2.0600000000000023
2026-05-12 10:00:00+00:00,2026-05-12 12:00:00+02:00,2026-05-12,12,0,0,1,5,62.43,36.64,-4136.478901499999,21036.18677,-6.0,0.838734356096796,-135.84237000000167,1.6546298679765186,0.6542219525371628,-8.370000000000001,0.00019493621315758226,63461.829516,763.16,25.79
2026-05-12 10:15:00+00:00,2026-05-12 12:15:00+02:00,2026-05-12,12,15,1,1,5,55.0,36.64,-3428.2467890000007,20888.5668,-9.01,0.5034652627776692,-229.95674999999824,5.183092706097394,0.5170508283851534,-6.714999999999998,0.00010359778186823054,63386.182324,750.66,18.36
2026-05-12 10:30:00+00:00,2026-05-12 12:30:00+02:00,2026-05-12,12,30,2,1,5,49.68,36.64,-4378.8355169999995,20759.57128,-13.71,0.3611023397684856,-237.3277999999999,10.281332598452403,0.4119917390108086,-12.070000000000002,0.03353417072288921,63121.32481,735.22,13.04
2026-05-12 10:45:00+00:00,2026-05-12 12:45:00+02:00,2026-05-12,12,45,3,1,5,44.0,36.64,-4478.7897085,20657.8082,-19.62,0.17538775885827154,-259.2077849999997,5.2467323164041835,0.3250617970097515,-7.710000000000001,0.02394941477560721,62685.992796,721.81,7.359999999999999
2026-05-12 11:00:00+00:00,2026-05-12 13:00:00+02:00,2026-05-12,13,0,0,1,5,45.42,24.16,-4110.441312999999,20563.3551,-20.17,0.25951214943549494,-111.29544499999997,5.7558491988585,0.3051623955917659,-11.38,0.039580829603267094,62262.242009,710.09,21.26
2026-05-12 11:15:00+00:00,2026-05-12 13:15:00+02:00,2026-05-12,13,15,1,1,5,38.03,24.16,-5176.575434500002,20509.98008,-25.09,0.192861035043318,-73.0368499999982,5.833630944789012,0.2673506293629473,-10.914999999999996,0.03572322182222863,61849.505701,705.02,13.870000000000001
2026-05-12 11:30:00+00:00,2026-05-12 13:30:00+02:00,2026-05-12,13,30,2,1,5,28.0,24.16,-4684.903700999999,20519.10881,-27.88,0.13619182928519005,-99.54786000000172,3.2031937187750636,0.23418097094607487,-10.965000000000002,0.036669455836054486,61240.517454,703.95,3.84
2026-05-12 11:45:00+00:00,2026-05-12 13:45:00+02:00,2026-05-12,13,45,3,1,5,23.11,24.16,-4645.375696000003,20600.52334,-31.07,0.09314669030131945,-202.97217999999987,10.641957056857544,0.22991073579682514,-1.1549999999999976,0.038343503003186244,60774.799601,698.89,-1.0500000000000007
2026-05-12 12:00:00+00:00,2026-05-12 14:00:00+02:00,2026-05-12,14,0,0,1,5,28.93,18.11,-5468.099037,20773.4669,-23.41,0.12702537127403435,-59.40955999999818,2.948635277547905,0.2314870179844239,-11.255000000000003,0.034630074416488625,60739.776453,647.0,10.82
2026-05-12 12:15:00+00:00,2026-05-12 14:15:00+02:00,2026-05-12,14,15,1,1,5,28.01,18.11,-5270.959713,21006.54037,-23.3,0.13755611704598147,-7.319789999998193,3.5496760415564657,0.23537477826641823,-10.729999999999997,0.031409000007013306,60197.021287,653.39,9.900000000000002
2026-05-12 12:30:00+00:00,2026-05-12 14:30:00+02:00,2026-05-12,14,30,2,1,5,32.01,18.11,-6340.163083000003,21171.62938,-22.05,0.14771464203389184,-61.047259999998175,4.384062043356594,0.24601886281605284,-8.87,0.020454129721911827,60123.934466,657.81,13.899999999999999
2026-05-12 12:45:00+00:00,2026-05-12 14:45:00+02:00,2026-05-12,14,45,3,1,5,38.2,18.11,-5948.671460999998,21349.70789,-19.23,0.19462411633926946,-66.36503000000005,5.317442994522833,0.26861947944065806,-10.809999999999997,0.013566998379892297,59847.923429,658.28,20.090000000000003
2026-05-12 13:00:00+00:00,2026-05-12 15:00:00+02:00,2026-05-12,15,0,0,1,5,38.15,32.31,-5653.618022500003,21447.93124,-22.44,0.07994883463957829,-241.55224499999997,1.35764501987818,0.2745113414012406,-11.370000000000006,0.014019561873933535,59701.629711,660.07,5.839999999999996
2026-05-12 13:15:00+00:00,2026-05-12 15:15:00+02:00,2026-05-12,15,15,1,1,5,42.99,32.31,-5488.156536500002,21647.79935,-17.59,0.17688236707641733,-242.37892999999826,4.879036790187177,0.3418676228208539,-9.55,0.002624073105549691,59738.288784,673.31,10.68
2026-05-12 13:30:00+00:00,2026-05-12 15:30:00+02:00,2026-05-12,15,30,2,1,5,52.09,32.31,-6379.480961000001,21862.20137,-8.78,0.2902833556639833,-377.3765700000017,6.915504320004441,0.4270784201106038,-7.710000000000004,0.010754817297811971,59307.391176,678.57,19.78
2026-05-12 13:45:00+00:00,2026-05-12 15:45:00+02:00,2026-05-12,15,45,3,1,5,64.01,32.31,-5567.789171999997,22043.58152,-5.51,0.5207288771791607,-406.822085,17.88980156401965,0.48966068766343623,-1.1799999999999997,0.1462781690942585,59054.271578,686.76,31.700000000000003
2026-05-12 14:00:00+00:00,2026-05-12 16:00:00+02:00,2026-05-12,16,0,0,1,5,59.0,57.06,-5073.801699,22258.5299,-3.47,0.2643132762213128,-536.7209299999981,15.817978695143069,0.5415221999160091,-10.984999999999998,0.16744341554566242,59370.571865,756.37,1.9399999999999977
2026-05-12 14:15:00+00:00,2026-05-12 16:15:00+02:00,2026-05-12,16,15,1,1,5,74.2,57.06,-5743.968814499996,22395.82917,0.0,0.8451083252140918,-475.70725500000356,18.78782717612657,0.670473881999048,-0.8649999999999984,0.5438994284295166,59267.321861,784.67,17.14
2026-05-12 14:30:00+00:00,2026-05-12 16:30:00+02:00,2026-05-12,16,30,2,1,5,80.55,57.06,-5374.868632999998,22536.0346,0.62,0.9984595420370058,-574.2573749999979,16.645293629131334,0.618882005364644,-3.9100000000000037,1.041823219090725,59470.94424,846.09,23.489999999999995
2026-05-12 14:45:00+00:00,2026-05-12 16:45:00+02:00,2026-05-12,16,45,3,1,5,92.81,57.06,-5128.873633499999,22653.39384,0.74,1.2291999116622085,-394.60360499999877,43.805265094506616,0.5104945349517216,5.705000000000002,1.4014365170260856,59280.745676,875.53,35.75
2026-05-12 15:00:00+00:00,2026-05-12 17:00:00+02:00,2026-05-12,17,0,0,1,5,78.39,89.66,-4646.810989000001,22704.41113,-0.81,1.0236407858624539,-68.90478499999983,20.378817433796296,0.5135627641459708,-28.480000000000004,1.2595025882683903,59668.659415,1937.87,-11.269999999999996
2026-05-12 15:15:00+00:00,2026-05-12 17:15:00+02:00,2026-05-12,17,15,1,1,5,89.36,89.66,-4212.094577999997,22567.84159,4.0,0.8829181411788448,374.99711000000184,17.995867581197626,0.36668780046048066,4.644999999999996,1.7084891435534217,59925.412953,2052.79,-0.29999999999999716
2026-05-12 15:30:00+00:00,2026-05-12 17:30:00+02:00,2026-05-12,17,30,2,1,5,100.0,89.66,-2974.288687,22419.00441,18.32,0.7363799465715907,513.2144249999999,11.716759364261089,0.42516505537252397,-7.775000000000006,1.958998993229201,59922.949422,2240.76,10.340000000000003
2026-05-12 15:45:00+00:00,2026-05-12 17:45:00+02:00,2026-05-12,17,45,3,1,5,115.44,89.66,-2430.963170999996,22063.19589,44.76,0.31108595586683063,527.6344900000015,11.207642481806774,0.43862132707191887,13.334999999999994,2.5717947019809855,60267.764029,2362.85,25.78
2026-05-12 16:00:00+00:00,2026-05-12 18:00:00+02:00,2026-05-12,18,0,0,1,5,99.09,117.69,-2244.5180425,21599.52523,45.91,0.4907627068065947,492.53294500000334,4.030508652763323,0.36139768301599917,-15.509999999999998,2.709915213160957,60455.541393,2528.23,-18.599999999999994
2026-05-12 16:15:00+00:00,2026-05-12 18:15:00+02:00,2026-05-12,18,15,1,1,5,108.0,117.69,-2153.0133570000035,20944.00196,68.86,0.6863522540194695,476.65886499999806,11.886464991745864,0.41309499823152906,-2.625,3.165382582407602,60879.539303,2682.71,-9.689999999999998
2026-05-12 16:30:00+00:00,2026-05-12 18:30:00+02:00,2026-05-12,18,30,2,1,5,121.43,117.69,-1582.529679500003,20284.35982,84.49,0.3019720556509505,445.8536250000004,1.7536248173426408,0.5532322089786507,-4.68,3.6306827280011604,61097.109574,2836.3,3.740000000000009
2026-05-12 16:45:00+00:00,2026-05-12 18:45:00+02:00,2026-05-12,18,45,3,1,5,130.94,117.69,-1873.6505745000031,19616.81552,99.8,0.3566218976361974,350.1771949999975,6.406387437550112,0.6219817025142036,4.759999999999998,3.7755850222189666,61355.963803,3075.69,13.25
2026-05-12 17:00:00+00:00,2026-05-12 19:00:00+02:00,2026-05-12,19,0,0,1,5,124.71,139.64,-1175.310052500001,18904.99125,101.7,0.8101446457262508,268.7794050000002,27.37917456754312,0.4448951795523369,0.21999999999999886,4.037522644289664,61423.520843,3199.41,-14.929999999999993
2026-05-12 17:15:00+00:00,2026-05-12 19:15:00+02:00,2026-05-12,19,15,1,1,5,132.59,139.64,-1184.2285345000018,18100.70095,109.85,1.019386843916418,69.38579500000264,21.64453857212022,0.6115257138576304,2.4750000000000014,4.503048679564391,61343.384798,3271.69,-7.049999999999983
2026-05-12 17:30:00+00:00,2026-05-12 19:30:00+02:00,2026-05-12,19,30,2,1,5,140.84,139.64,-1000.4449744999984,17299.72052,112.99,0.8146502230109796,-167.36858500000017,4.82246824769227,0.7214931711667442,-3.3900000000000006,4.374340607090986,61560.618492,3348.93,1.200000000000017
2026-05-12 17:45:00+00:00,2026-05-12 19:45:00+02:00,2026-05-12,19,45,3,1,5,151.11,139.64,-1282.4054215000033,16606.87999,115.0,0.5897897280060359,-474.40291,11.872322856122148,0.7470954501406849,3.405000000000001,3.5698609091479896,61167.827722,3426.72,11.470000000000027
2026-05-12 18:00:00+00:00,2026-05-12 20:00:00+02:00,2026-05-12,20,0,0,1,5,140.87,144.38,-381.84391049999977,15951.50683,112.67,0.9670291939595709,-930.1613699999998,7.6862507114977845,0.7193297150128496,1.8249999999999957,3.853045206516098,60373.138835,3478.28,-3.509999999999991
2026-05-12 18:15:00+00:00,2026-05-12 20:15:00+02:00,2026-05-12,20,15,1,1,5,144.06,144.38,-990.3950305000035,15469.3893,109.93,0.7929969348260099,-1110.5034050000017,3.3234018715767855,0.7159123224059141,5.8500000000000085,4.019109809841699,59983.930379,3496.95,-0.3199999999999932
2026-05-12 18:30:00+00:00,2026-05-12 20:30:00+02:00,2026-05-12,20,30,2,1,5,147.13,144.38,-1396.7934989999994,15207.3414,109.29,0.5283933127907887,-1189.655044999999,0.19798989873234624,0.7958593078655413,3.6499999999999915,4.262067033165652,59429.934804,3506.61,2.75
2026-05-12 18:45:00+00:00,2026-05-12 20:45:00+02:00,2026-05-12,20,45,3,1,5,145.5,144.38,-1710.245853999997,14987.55836,110.52,1.02588998394349,-934.0586350000021,1.8950461735799522,0.755745058113157,-0.060000000000002274,4.602563324317972,58986.812564,3517.21,1.1200000000000045
2026-05-12 19:00:00+00:00,2026-05-12 21:00:00+02:00,2026-05-12,21,0,0,1,5,151.01,141.8,-1221.9256029999997,14876.09985,109.9,1.0475745574108841,-1226.1172500000002,0.6505382386916149,0.7840271106502903,8.58999999999999,4.9457872806420555,58279.849178,3506.96,9.20999999999998
2026-05-12 19:15:00+00:00,2026-05-12 21:15:00+02:00,2026-05-12,21,15,1,1,5,144.6,141.8,-689.4206109999977,14955.5849,105.11,1.160174007145332,-1379.4575300000015,1.2869343417595709,0.626837984259045,7.659999999999997,5.595555724403362,57516.781795,3458.08,2.799999999999983
2026-05-12 19:30:00+00:00,2026-05-12 21:30:00+02:00,2026-05-12,21,30,2,1,5,137.39,141.8,-587.6231570000018,15044.62378,102.2,1.2520512890122897,-1170.4572100000005,5.876057351660213,0.4912974587901754,6.2549999999999955,6.0073283590560695,56614.164996,3409.51,-4.410000000000025
2026-05-12 19:45:00+00:00,2026-05-12 21:45:00+02:00,2026-05-12,21,45,3,1,5,132.46,141.8,-609.5582800000011,15136.65825,100.16,1.1275664383785151,-1264.870065000001,11.702617228637369,0.5943488189699234,-3.7750000000000057,6.278745506894705,55870.557754,3357.24,-9.340000000000003
2026-05-12 20:00:00+00:00,2026-05-12 22:00:00+02:00,2026-05-12,22,0,0,1,5,136.12,130.55,-1066.3725699999995,15115.06192,102.2,0.7211648889944023,-1290.1402899999998,2.5950818869546306,0.5054097117420283,6.414999999999999,6.36202340926999,54918.321062,3313.78,5.569999999999993
2026-05-12 20:15:00+00:00,2026-05-12 22:15:00+02:00,2026-05-12,22,15,1,1,5,133.28,130.55,-1182.2139384999973,15331.79839,101.63,0.7292908300983107,-1204.6888149999995,1.598061325481591,0.5151044338990176,5.780000000000001,6.414397817082968,54088.902146,3233.57,2.7299999999999898
2026-05-12 20:30:00+00:00,2026-05-12 22:30:00+02:00,2026-05-12,22,30,2,1,5,131.04,130.55,-1153.2363415000036,15548.34301,99.47,0.46089854116364226,-1213.6343850000003,1.3859292911256187,0.5168468269987855,-3.2299999999999898,6.796986199381003,53151.095042,3138.64,0.4899999999999807
2026-05-12 20:45:00+00:00,2026-05-12 22:45:00+02:00,2026-05-12,22,45,3,1,5,124.0,130.55,-1382.7931935000015,15795.2281,94.22,0.643537852284157,-1202.9729849999976,10.10455590315576,0.5523861593277182,-2.194999999999993,6.901238796538703,52291.226876,3053.95,-6.550000000000011
2026-05-12 21:00:00+00:00,2026-05-12 23:00:00+02:00,2026-05-12,23,0,0,1,5,128.97,118.25,-1253.4324229999984,16049.63861,96.45,1.0416599855953954,-1243.5340649999998,2.149604614807109,0.6455459673521191,4.259999999999998,7.484574947549025,51259.864437,2959.13,10.719999999999999
2026-05-12 21:15:00+00:00,2026-05-12 23:15:00+02:00,2026-05-12,23,15,1,1,5,121.36,118.25,-1282.7261890000009,16340.07261,92.07,0.9033392893203579,-1087.7285549999997,1.8879751057680831,0.6936411150765085,7.695,6.724453883317966,50438.295769,2851.59,3.1099999999999994
2026-05-12 21:30:00+00:00,2026-05-12 23:30:00+02:00,2026-05-12,23,30,2,1,5,117.39,118.25,-1269.7778700000054,16650.25135,87.93,0.45287556064506734,-990.5198500000006,0.5020458146424444,0.6882371934143343,5.5149999999999935,7.308151876584605,49834.283191,2747.09,-0.8599999999999994
2026-05-12 21:45:00+00:00,2026-05-12 23:45:00+02:00,2026-05-12,23,45,3,1,5,110.78,118.25,-1297.1953904999973,16977.44993,75.99,0.7501162041535977,-896.9817899999998,1.5202795795510813,0.6212629629299353,-3.135000000000005,6.811825177322455,49242.127799,2645.53,-7.469999999999999
2026-05-14 10:00:00+00:00,2026-05-14 12:00:00+02:00,2026-05-14,12,0,0,3,5,43.56,26.9,-5832.296596499997,11122.00319,,0.9457869059013486,1342.2870349999976,23.327452711344204,0.6163404215224082,9.294999999999998,0.00020054728335077432,64501.339165,404.64,16.660000000000004
2026-05-14 10:15:00+00:00,2026-05-14 12:15:00+02:00,2026-05-14,12,15,1,3,5,35.68,20.14,-5398.789069499999,11024.48544,,0.5267971430681769,1413.4042700000027,15.13915618520398,0.4944984542488178,7.655000000000001,0.00010576062803652097,64250.373546,414.64,15.54
2026-05-14 10:30:00+00:00,2026-05-14 12:30:00+02:00,2026-05-14,12,30,2,3,5,32.0,14.22,-5139.931273999999,10927.84342,,0.3626825245271231,1809.8821100000005,22.89611757482041,0.39103241855926224,-3.150000000000002,0.034067581067898096,63816.261617,424.0,17.78
2026-05-14 10:45:00+00:00,2026-05-14 12:45:00+02:00,2026-05-14,12,45,3,3,5,23.98,5.87,-5375.863411999999,10819.91823,,0.17413952848814443,2412.0489850000013,13.279465350683363,0.3112588114762613,-2.030000000000001,0.024221338756351192,64189.792365,434.24,18.11
2026-05-14 11:00:00+00:00,2026-05-14 13:00:00+02:00,2026-05-14,13,0,0,3,5,25.76,10.0,-4595.181770000003,10699.86472,,0.2740917279654884,2484.4410199999984,25.95788993735816,0.28904241101393113,2.9049999999999994,0.04002678443743642,62683.748912,440.6,15.760000000000002
2026-05-14 11:15:00+00:00,2026-05-14 13:15:00+02:00,2026-05-14,13,15,1,3,5,20.01,8.25,-5270.660510999998,10560.76719,,0.19672794091404547,2362.711360000001,20.442457044103083,0.2580222218261722,-0.5849999999999955,0.03608179859607081,62449.047647,452.15,11.760000000000002
2026-05-14 11:30:00+00:00,2026-05-14 13:30:00+02:00,2026-05-14,13,30,2,3,5,17.19,5.47,-5282.830096499998,10398.49339,,0.1359041897761816,2453.6213099999986,12.070312754854369,0.23146732938792206,-4.695000000000002,0.03700944195572595,61913.5533,460.78,11.720000000000002
2026-05-14 11:45:00+00:00,2026-05-14 13:45:00+02:00,2026-05-14,13,45,3,3,5,13.72,5.24,-4774.29002,10267.39812,,0.09580891882201306,2762.866170000001,5.246732316404186,0.22591299787906996,2.660000000000002,0.03869554930259477,60919.558661,471.43,8.48
2026-05-14 12:00:00+00:00,2026-05-14 14:00:00+02:00,2026-05-14,14,0,0,3,5,18.39,1.68,-5546.588618999998,10198.6015,,0.12374540705851579,2681.118305000002,17.08369983346699,0.22923416787793935,-1.2600000000000016,0.03492675558148967,61282.161067,494.39,16.71
2026-05-14 12:15:00+00:00,2026-05-14 14:15:00+02:00,2026-05-14,14,15,1,3,5,15.88,0.22,-5309.6678885,10088.91778,,0.14124121234980677,2477.3420700000024,16.36245091665671,0.23510064072788892,-1.6699999999999964,0.03171377974646191,60574.002096,520.01,15.66
2026-05-14 12:30:00+00:00,2026-05-14 14:30:00+02:00,2026-05-14,14,30,2,3,5,16.01,2.3,-5498.585953999998,9918.53109,,0.15303431126531347,2081.977340000003,18.292852429295984,0.24475269973296865,0.9649999999999999,0.020702455371688584,60812.553993,546.67,13.71
2026-05-14 12:45:00+00:00,2026-05-14 14:45:00+02:00,2026-05-14,14,45,3,3,5,18.14,5.74,-5023.519956499997,9717.8799,,0.20737895125883385,1991.3871949999993,24.508321035925732,0.2634915536769223,2.760000000000005,0.013762108072208472,60211.418064,571.42,12.4
2026-05-14 13:00:00+00:00,2026-05-14 15:00:00+02:00,2026-05-14,15,0,0,3,5,17.2,0.99,-5497.522182500004,9505.71228,,0.09096207199705279,2165.669464999997,12.848130214159575,0.2657884315226201,-3.245000000000008,0.014175667560701469,60242.171991,597.21,16.21
2026-05-14 13:15:00+00:00,2026-05-14 15:15:00+02:00,2026-05-14,15,15,1,3,5,19.73,2.3,-5846.468806000001,9285.89846,,0.19004194233504845,1644.8370550000018,16.744288578497446,0.3338057343652437,-1.1600000000000001,0.0026654034935322196,59778.092489,625.86,17.43
2026-05-14 13:30:00+00:00,2026-05-14 15:30:00+02:00,2026-05-14,15,30,2,3,5,35.08,11.0,-5784.560284500003,9066.13754,,0.3271088930159546,1579.2383149999969,22.896117574820416,0.4191978522338574,3.5899999999999963,0.011025276763858205,59829.78048,721.53,24.08
2026-05-14 13:45:00+00:00,2026-05-14 15:45:00+02:00,2026-05-14,15,45,3,3,5,60.0,40.56,-5929.996472500003,8835.43128,,0.6115488887307915,1218.6797900000001,32.19457174742351,0.47252497045103525,8.935000000000002,0.1506480838311248,59547.92734,755.21,19.439999999999998
2026-05-14 14:00:00+00:00,2026-05-14 16:00:00+02:00,2026-05-14,16,0,0,3,5,47.7,12.76,-5923.400744999999,8591.04576,,0.3045912205561553,863.9535049999995,1.230365799264589,0.5324828003436275,1.0700000000000003,0.17326616742668186,59900.121543,796.06,34.940000000000005
2026-05-14 14:15:00+00:00,2026-05-14 16:15:00+02:00,2026-05-14,16,15,1,3,5,66.33,56.23,-6427.408974500002,8243.9115,,0.9462125690112905,773.5923099999982,3.3375440072005036,0.6542235332582916,14.780000000000001,0.5659651395961192,59719.808029,837.21,10.100000000000001
2026-05-14 14:30:00+00:00,2026-05-14 16:30:00+02:00,2026-05-14,16,30,2,3,5,86.05,81.85,-6680.012159000002,7899.83825,,1.2653685401638337,396.7762550000025,27.69737261907707,0.5933157508077673,3.904999999999994,1.0851517877005785,60086.086481,891.37,4.200000000000003
2026-05-14 14:45:00+00:00,2026-05-14 16:45:00+02:00,2026-05-14,16,45,3,3,5,97.43,105.54,-6869.636177,7562.31346,,1.2996092530416181,-128.98582999999962,43.14765578800313,0.45169104241619623,5.240000000000002,1.4534175916898644,60064.669337,930.47,-8.11
2026-05-14 15:00:00+00:00,2026-05-14 17:00:00+02:00,2026-05-14,17,0,0,3,5,80.34,62.48,-5524.085069000004,7211.68335,,0.9902360836957156,-572.4145599999993,1.9798989873223412,0.5036684356047456,-12.670000000000002,1.3258017765434214,59645.888613,1790.3,17.860000000000007
2026-05-14 15:15:00+00:00,2026-05-14 17:15:00+02:00,2026-05-14,17,15,1,3,5,92.77,90.51,-5923.042744999999,6838.20273,,0.8574883761398799,-970.1422049999983,12.494576823566286,0.33149459284323746,8.534999999999997,1.7906610948719097,60635.599753,1893.49,2.259999999999991
2026-05-14 15:30:00+00:00,2026-05-14 17:30:00+02:00,2026-05-14,17,30,2,3,5,104.23,93.57,-6121.210300499999,6462.94791,,0.7363246493526261,-1094.852435,18.667619023324857,0.3535152127489731,-2.8599999999999994,2.0357970951487063,60246.32241,1994.73,10.66000000000001
2026-05-14 15:45:00+00:00,2026-05-14 17:45:00+02:00,2026-05-14,17,45,3,3,5,119.46,108.03,-5405.521561000001,6096.81121,,0.4156061690791627,-1251.916989999998,14.403765132769976,0.35752881404260084,15.594999999999999,2.648837672526805,60166.946427,2099.89,11.429999999999993
2026-05-14 16:00:00+00:00,2026-05-14 18:00:00+02:00,2026-05-14,18,0,0,3,5,104.85,105.78,-4727.0613925,5726.29389,,0.38149807120494633,-1125.2980699999962,4.20021428024809,0.3228672235475913,-15.629999999999995,2.736809454856827,59840.022636,2377.07,-0.9300000000000068
2026-05-14 16:15:00+00:00,2026-05-14 18:15:00+02:00,2026-05-14,18,15,1,3,5,115.96,113.89,-4775.862978500001,5338.85748,,0.7452982257602427,-1097.8143500000028,10.93894190495589,0.3913994620317319,-1.9549999999999983,3.2493227377131984,59818.791949,2452.4,2.069999999999993
2026-05-14 16:30:00+00:00,2026-05-14 18:30:00+02:00,2026-05-14,18,30,2,3,5,126.15,132.29,-5016.296445999997,4957.06871,,0.39997580552203976,-1439.8847,5.077026688919416,0.4554598305900737,0.15000000000000568,3.7224384676026014,60226.11945,2521.56,-6.139999999999986
2026-05-14 16:45:00+00:00,2026-05-14 18:45:00+02:00,2026-05-14,18,45,3,3,5,137.04,154.5,-4674.1466139999975,4579.60852,,0.4256428780234514,-1642.4052550000024,9.206530291048846,0.52347129082218,6.740000000000002,3.9583207203322788,60389.571741,2600.76,-17.460000000000008
2026-05-14 17:00:00+00:00,2026-05-14 19:00:00+02:00,2026-05-14,19,0,0,3,5,124.48,124.91,-4183.4723209999975,4217.91916,,0.9178580443278059,-1582.4567499999998,24.40225501874775,0.431227703403857,2.325000000000003,4.405263828995316,60111.255439,2663.55,-0.4299999999999926
2026-05-14 17:15:00+00:00,2026-05-14 19:15:00+02:00,2026-05-14,19,15,1,3,5,132.65,135.79,-4279.667237500002,3909.63611,,1.0729181087432722,-1767.839619999998,17.557461376861966,0.5856602048546449,5.365000000000009,5.178243126952257,60141.066773,2707.9,-3.1399999999999864
2026-05-14 17:30:00+00:00,2026-05-14 19:30:00+02:00,2026-05-14,19,30,2,3,5,140.97,146.09,-4697.764631499998,3597.02464,,0.6295514018694481,-1712.704494999999,0.8343860018001309,0.7892307680475424,0.6100000000000136,5.132790163834091,60254.856045,2751.2,-5.1200000000000045
2026-05-14 17:45:00+00:00,2026-05-14 19:45:00+02:00,2026-05-14,19,45,3,3,5,150.37,172.8,-4575.096667000002,3315.13218,,0.586719611220136,-1734.5930900000012,11.638977618330598,0.8279615182476177,3.240000000000009,3.9914529068290614,60039.364262,2795.53,-22.430000000000007
2026-05-14 18:00:00+00:00,2026-05-14 20:00:00+02:00,2026-05-14,20,0,0,3,5,143.01,149.78,-4262.4852035,3048.65283,,0.9438546436697283,-1669.7489950000008,7.615540033379114,0.8292067711231249,1.875000000000007,4.365579459506297,59199.621398,2835.33,-6.77000000000001
2026-05-14 18:15:00+00:00,2026-05-14 20:15:00+02:00,2026-05-14,20,15,1,3,5,148.83,148.37,-3970.148855499996,2833.43703,,0.7770312629989466,-1574.7025300000014,6.024549775709392,0.8458119724860339,3.940000000000012,4.513011066385569,58806.387931,2866.11,0.46000000000000796
2026-05-14 18:30:00+00:00,2026-05-14 20:30:00+02:00,2026-05-14,20,30,2,3,5,153.27,160.86,-4023.4719790000017,2684.95327,,0.5776372089117202,-1470.5943549999984,0.7353910524340336,0.9010224388860104,3.269999999999996,4.635555927136551,58478.862458,2895.9,-7.590000000000003
2026-05-14 18:45:00+00:00,2026-05-14 20:45:00+02:00,2026-05-14,20,45,3,3,5,158.74,160.7,-4236.421171000002,2525.01873,,1.161668924639681,-1132.3293950000025,0.11313708498984519,0.8332080182093272,1.2000000000000028,4.93742717656249,58117.06285,2919.2,-1.9599999999999795
2026-05-14 19:00:00+00:00,2026-05-14 21:00:00+02:00,2026-05-14,21,0,0,3,5,160.17,172.33,-3776.9854255000027,2354.37319,,1.0509821067370362,-866.549325,0.7636753236814601,0.8271450127517186,8.669999999999987,5.1110769050104095,57209.593666,2958.16,-12.160000000000025
2026-05-14 19:15:00+00:00,2026-05-14 21:15:00+02:00,2026-05-14,21,15,1,3,5,159.99,164.99,-3302.2018465,2236.40886,,1.1564103911305428,-552.1695150000028,2.7930717856868745,0.6504049158548111,4.7749999999999915,5.718080372481675,56507.13042,2999.05,-5.0
2026-05-14 19:30:00+00:00,2026-05-14 21:30:00+02:00,2026-05-14,21,30,2,3,5,152.24,159.99,-3627.356048999998,2166.18919,,1.2646612656612324,-461.99326999999994,10.479322497184649,0.5155286940788896,2.999999999999986,6.150683378985197,55721.023122,3042.19,-7.75
2026-05-14 19:45:00+00:00,2026-05-14 21:45:00+02:00,2026-05-14,21,45,3,3,5,145.21,147.54,-3286.3315230000007,2117.13991,,1.0806500291699601,-596.515785,9.78635785162182,0.6087119219882289,-2.4200000000000017,6.435528832677663,54898.101503,3087.5,-2.329999999999984
2026-05-14 20:00:00+00:00,2026-05-14 22:00:00+02:00,2026-05-14,22,0,0,3,5,155.84,168.17,-3609.455097500002,2104.99296,,0.7040050032501436,-440.34601499999917,0.7000357133746784,0.5310362296505009,5.074999999999996,6.543477961303056,54069.643709,3137.24,-12.329999999999984
2026-05-14 20:15:00+00:00,2026-05-14 22:15:00+02:00,2026-05-14,22,15,1,3,5,152.41,150.27,-3664.7137545000005,2120.41122,,0.5654571879717623,-303.87021000000004,2.9557063453597734,0.5261909183426169,4.819999999999993,6.576765420572542,53192.942549,3180.4,2.1399999999999864
2026-05-14 20:30:00+00:00,2026-05-14 22:30:00+02:00,2026-05-14,22,30,2,3,5,146.19,145.39,-3622.8269674999974,2136.67869,,0.4463467564387269,-27.335485000000972,1.9374725804511266,0.5298896039836303,-0.8800000000000097,6.965775203193146,52113.454665,3213.57,0.8000000000000114
2026-05-14 20:45:00+00:00,2026-05-14 22:45:00+02:00,2026-05-14,22,45,3,3,5,138.19,139.81,-3840.3568860000014,2171.83187,,0.5940982643434861,-200.59104999999772,8.131727983645307,0.5564541413992571,-0.8000000000000043,7.039210176910742,51382.659761,3250.78,-1.6200000000000045
2026-05-14 21:00:00+00:00,2026-05-14 23:00:00+02:00,2026-05-14,23,0,0,3,5,145.67,144.42,-3754.644724499998,2207.36502,,1.1630133436542258,-375.9822300000005,3.493107499061543,0.6685214774084414,8.25,7.749833704094895,50241.13108,3275.16,1.25
2026-05-14 21:15:00+00:00,2026-05-14 23:15:00+02:00,2026-05-14,23,15,1,3,5,137.24,137.4,-4003.4747789999965,2298.03535,,0.8809889274294295,-301.69670499999984,2.2980970388562794,0.7185252504164662,4.734999999999999,6.937187174022943,49547.647063,3293.77,-0.1599999999999966
2026-05-14 21:30:00+00:00,2026-05-14 23:30:00+02:00,2026-05-14,23,30,2,3,5,130.3,133.71,-4226.4108825,2394.47964,,0.45347064199727677,-387.91282500000034,4.758828637385458,0.7032467887644324,2.5049999999999955,7.4758477587183085,48882.052534,3307.37,-3.4099999999999966
2026-05-14 21:45:00+00:00,2026-05-14 23:45:00+02:00,2026-05-14,23,45,3,3,5,126.8,129.75,-4123.110519999998,2492.81999,,0.2960838508100441,-423.37524499999927,3.8254476862192197,0.6414897309734439,-4.765000000000001,6.993761315020263,48029.332968,3318.81,-2.950000000000003
2026-05-19 10:00:00+00:00,2026-05-19 12:00:00+02:00,2026-05-19,12,0,0,1,5,68.09,76.65,,2303.42735,111.44,,,,,,0.00018806946148662584,63492.442494,175.33,-8.560000000000002
2026-05-19 10:15:00+00:00,2026-05-19 12:15:00+02:00,2026-05-19,12,15,1,1,5,66.58,76.21,,2470.85382,106.59,,,,,,9.85297184257955e-05,63488.714651,180.31,-9.629999999999995
2026-05-19 10:30:00+00:00,2026-05-19 12:30:00+02:00,2026-05-19,12,30,2,1,5,65.42,63.34,,2642.39148,106.29,,,,,,0.0317001114244851,63268.034761,186.27,2.0799999999999983
2026-05-19 10:45:00+00:00,2026-05-19 12:45:00+02:00,2026-05-19,12,45,3,1,5,63.92,69.39,,2816.70903,105.38,,,,,,0.022563168243396624,63021.452307,194.27,-5.469999999999999
2026-05-19 11:00:00+00:00,2026-05-19 13:00:00+02:00,2026-05-19,13,0,0,1,5,67.7,74.12,,2993.04554,106.84,,,,,,0.03737125714139038,62475.383438,201.42,-6.420000000000002
2026-05-19 11:15:00+00:00,2026-05-19 13:15:00+02:00,2026-05-19,13,15,1,1,5,68.18,73.65,,3166.16147,106.0,,,,,,0.033709765183518293,62365.404035,222.59,-5.469999999999999
2026-05-19 11:30:00+00:00,2026-05-19 13:30:00+02:00,2026-05-19,13,30,2,1,5,70.18,74.02,,3336.17255,105.03,,,,,,0.03461937331486537,61717.4408,238.78,-3.839999999999989
2026-05-19 11:45:00+00:00,2026-05-19 13:45:00+02:00,2026-05-19,13,45,3,1,5,67.85,73.16,,3502.47062,104.84,,,,,,0.036206280981640984,61180.282562,249.99,-5.310000000000002
2026-05-19 12:00:00+00:00,2026-05-19 14:00:00+02:00,2026-05-19,14,0,0,1,5,67.19,75.76,,3673.0728,99.63,,,,,,0.032622876404600175,61216.112005,242.63,-8.570000000000007
2026-05-19 12:15:00+00:00,2026-05-19 14:15:00+02:00,2026-05-19,14,15,1,1,5,69.93,78.01,,3822.56672,101.38,,,,,,0.02965563956541242,60625.374296,260.82,-8.079999999999998
2026-05-19 12:30:00+00:00,2026-05-19 14:30:00+02:00,2026-05-19,14,30,2,1,5,71.92,77.15,,3953.48311,102.59,,,,,,0.019376425399905944,60458.149268,280.98,-5.230000000000004
2026-05-19 12:45:00+00:00,2026-05-19 14:45:00+02:00,2026-05-19,14,45,3,1,5,72.0,81.0,,4076.63707,104.04,,,,,,0.012906751290508075,60122.760679,294.11,-9.0
2026-05-19 13:00:00+00:00,2026-05-19 15:00:00+02:00,2026-05-19,15,0,0,1,5,71.72,77.67,,4205.74095,103.33,,,,,,0.013254391857891618,59921.000617,319.69,-5.950000000000003
2026-05-19 13:15:00+00:00,2026-05-19 15:15:00+02:00,2026-05-19,15,15,1,1,5,77.32,84.7,,4334.40135,105.98,,,,,,0.0024976380076123864,59819.700644,338.19,-7.38000000000001
2026-05-19 13:30:00+00:00,2026-05-19 15:30:00+02:00,2026-05-19,15,30,2,1,5,82.06,95.14,,4461.634,107.78,,,,,,0.010389670163248292,59333.220516,363.71,-13.079999999999998
2026-05-19 13:45:00+00:00,2026-05-19 15:45:00+02:00,2026-05-19,15,45,3,1,5,89.78,96.66,,4586.96023,112.12,,,,,,0.1425464847643343,59084.252842,382.22,-6.8799999999999955
2026-05-19 14:00:00+00:00,2026-05-19 16:00:00+02:00,2026-05-19,16,0,0,1,5,85.8,89.48,,4710.99176,101.31,,,,,,0.16318482488755504,59328.846115,449.64,-3.680000000000007
2026-05-19 14:15:00+00:00,2026-05-19 16:15:00+02:00,2026-05-19,16,15,1,1,5,92.49,98.42,,4792.95465,109.28,,,,,,0.5398812442933512,58800.419329,500.97,-5.930000000000007
2026-05-19 14:30:00+00:00,2026-05-19 16:30:00+02:00,2026-05-19,16,30,2,1,5,96.46,108.4,,4873.16216,114.65,,,,,,1.0761502417498663,59246.813857,547.34,-11.940000000000012
2026-05-19 14:45:00+00:00,2026-05-19 16:45:00+02:00,2026-05-19,16,45,3,1,5,100.32,115.26,,4948.94413,128.35,,,,,,1.4481810405192754,59082.646738,593.65,-14.940000000000012
2026-05-19 15:00:00+00:00,2026-05-19 17:00:00+02:00,2026-05-19,17,0,0,1,5,101.77,105.06,,5014.53093,107.42,,,,,,1.2725205436203246,59264.244909,668.68,-3.2900000000000063
2026-05-19 15:15:00+00:00,2026-05-19 17:15:00+02:00,2026-05-19,17,15,1,1,5,111.06,119.99,,4993.97572,128.04,,,,,,1.7755915469826438,59479.108801,747.68,-8.929999999999993
2026-05-19 15:30:00+00:00,2026-05-19 17:30:00+02:00,2026-05-19,17,30,2,1,5,121.02,136.59,,4964.15032,142.03,,,,,,1.9910414340074105,59583.213946,828.71,-15.570000000000007
2026-05-19 15:45:00+00:00,2026-05-19 17:45:00+02:00,2026-05-19,17,45,3,1,5,127.18,147.29,,4929.19799,153.01,,,,,,2.5034987116609138,59756.816172,903.73,-20.109999999999985
2026-05-19 16:00:00+00:00,2026-05-19 18:00:00+02:00,2026-05-19,18,0,0,1,5,119.6,129.21,,4884.75371,134.33,,,,,,2.666142573759766,59851.147068,990.35,-9.610000000000014
2026-05-19 16:15:00+00:00,2026-05-19 18:15:00+02:00,2026-05-19,18,15,1,1,5,130.37,138.66,,4844.53809,142.72,,,,,,3.151221751569901,60172.168267,1097.81,-8.289999999999992
2026-05-19 16:30:00+00:00,2026-05-19 18:30:00+02:00,2026-05-19,18,30,2,1,5,141.03,150.0,,4804.26232,157.36,,,,,,3.572072078631752,60229.002243,1204.38,-8.969999999999999
2026-05-19 16:45:00+00:00,2026-05-19 18:45:00+02:00,2026-05-19,18,45,3,1,5,155.91,168.9,,4764.69511,171.15,,,,,,3.88845392058473,60337.876728,1313.99,-12.990000000000009
2026-05-19 17:00:00+00:00,2026-05-19 19:00:00+02:00,2026-05-19,19,0,0,1,5,143.23,148.84,,4731.75907,149.95,,,,,,4.25636995289301,60119.378337,1420.18,-5.610000000000014
2026-05-19 17:15:00+00:00,2026-05-19 19:15:00+02:00,2026-05-19,19,15,1,1,5,155.99,159.35,,4754.39454,165.84,,,,,,5.02444006310042,59970.386887,1530.86,-3.359999999999985
2026-05-19 17:30:00+00:00,2026-05-19 19:30:00+02:00,2026-05-19,19,30,2,1,5,167.99,172.48,,4785.35229,172.3,,,,,,5.089784351732048,60087.501434,1648.53,-4.489999999999981
2026-05-19 17:45:00+00:00,2026-05-19 19:45:00+02:00,2026-05-19,19,45,3,1,5,194.99,212.7,,4868.50962,192.31,,,,,,4.019399460833637,59645.498461,1761.35,-17.70999999999998
2026-05-19 18:00:00+00:00,2026-05-19 20:00:00+02:00,2026-05-19,20,0,0,1,5,185.33,180.22,,4982.54228,176.99,,,,,,4.358711328020331,58765.086565,1870.1,5.110000000000014
2026-05-19 18:15:00+00:00,2026-05-19 20:15:00+02:00,2026-05-19,20,15,1,1,5,184.0,189.35,,5162.44048,172.0,,,,,,4.554371676897767,58368.700108,1983.89,-5.349999999999994
2026-05-19 18:30:00+00:00,2026-05-19 20:30:00+02:00,2026-05-19,20,30,2,1,5,181.6,199.99,,5434.5349,163.09,,,,,,4.742791526029803,57832.201554,2094.76,-18.390000000000015
2026-05-19 18:45:00+00:00,2026-05-19 20:45:00+02:00,2026-05-19,20,45,3,1,5,175.67,173.68,,5704.48288,154.76,,,,,,5.1008235305704215,57388.367305,2207.51,1.9899999999999807
2026-05-19 19:00:00+00:00,2026-05-19 21:00:00+02:00,2026-05-19,21,0,0,1,5,179.99,191.4,,5976.60781,163.12,,,,,,5.178453765689239,56734.869926,2320.04,-11.409999999999997
2026-05-19 19:15:00+00:00,2026-05-19 21:15:00+02:00,2026-05-19,21,15,1,1,5,157.3,172.2,,6280.33881,155.25,,,,,,5.815113588481578,55964.042054,2407.35,-14.899999999999977
2026-05-19 19:30:00+00:00,2026-05-19 21:30:00+02:00,2026-05-19,21,30,2,1,5,152.0,161.52,,6611.81481,147.27,,,,,,6.076574249691124,55187.122785,2498.41,-9.52000000000001
2026-05-19 19:45:00+00:00,2026-05-19 21:45:00+02:00,2026-05-19,21,45,3,1,5,141.11,153.68,,6957.068,134.37,,,,,,6.303760367388129,54575.292751,2587.94,-12.569999999999993
2026-05-19 20:00:00+00:00,2026-05-19 22:00:00+02:00,2026-05-19,22,0,0,1,5,147.99,155.95,,7236.65839,145.31,,,,,,6.4415563792064905,53675.28775,2671.37,-7.9599999999999795
2026-05-19 20:15:00+00:00,2026-05-19 22:15:00+02:00,2026-05-19,22,15,1,1,5,141.59,150.89,,7559.41653,138.23,,,,,,6.439084252101545,52831.546656,2745.84,-9.299999999999983
2026-05-19 20:30:00+00:00,2026-05-19 22:30:00+02:00,2026-05-19,22,30,2,1,5,133.85,141.38,,7883.12895,130.62,,,,,,6.800414794739514,51964.107199,2817.6,-7.530000000000001
2026-05-19 20:45:00+00:00,2026-05-19 22:45:00+02:00,2026-05-19,22,45,3,1,5,125.84,128.77,,8200.12764,121.94,,,,,,6.935406058063314,51236.927893,2897.21,-2.930000000000007
2026-05-19 21:00:00+00:00,2026-05-19 23:00:00+02:00,2026-05-19,23,0,0,1,5,126.93,140.89,,8500.97783,128.91,,,,,,7.156528821682767,50302.227566,2958.62,-13.95999999999998
2026-05-19 21:15:00+00:00,2026-05-19 23:15:00+02:00,2026-05-19,23,15,1,1,5,121.23,133.99,,8750.64459,122.05,,,,,,6.647536694688866,49469.045742,3003.75,-12.760000000000005
2026-05-19 21:30:00+00:00,2026-05-19 23:30:00+02:00,2026-05-19,23,30,2,1,5,116.34,129.39,,9003.12422,117.24,,,,,,7.107965170420166,48799.853224,3053.91,-13.049999999999983
2026-05-19 21:45:00+00:00,2026-05-19 23:45:00+02:00,2026-05-19,23,45,3,1,5,105.9,123.62,,9259.70028,113.97,,,,,,6.665588876558649,48208.747625,3094.97,-17.72
2026-05-21 10:00:00+00:00,2026-05-21 12:00:00+02:00,2026-05-21,12,0,0,3,5,21.62,34.4,,5352.71334,105.81,,,,,,0.000383796985854695,62405.081263,136.75,-12.779999999999998
2026-05-21 10:15:00+00:00,2026-05-21 12:15:00+02:00,2026-05-21,12,15,1,3,5,17.7,36.31,,5462.77404,105.98,,,,,,0.00010072303997556656,62195.606372,127.25,-18.610000000000003
2026-05-21 10:30:00+00:00,2026-05-21 12:30:00+02:00,2026-05-21,12,30,2,3,5,15.9,30.6,,5569.68852,104.27,,,,,,0.0001697695411667664,61777.822151,115.9,-14.700000000000001
2026-05-21 10:45:00+00:00,2026-05-21 12:45:00+02:00,2026-05-21,12,45,3,3,5,13.88,10.01,,5675.60684,107.04,,,,,,0.0004698563601072682,62289.144497,107.65,3.870000000000001
2026-05-21 11:00:00+00:00,2026-05-21 13:00:00+02:00,2026-05-21,13,0,0,3,5,15.0,10.12,,5782.26127,102.46,,,,,,0.018496941537372476,60512.386415,100.42,4.880000000000001
2026-05-21 11:15:00+00:00,2026-05-21 13:15:00+02:00,2026-05-21,13,15,1,3,5,15.38,23.9,,5863.70003,102.13,,,,,,0.019630035098730295,60240.676796,92.56,-8.519999999999998
2026-05-21 11:30:00+00:00,2026-05-21 13:30:00+02:00,2026-05-21,13,30,2,3,5,15.05,6.26,,5954.80173,102.23,,,,,,0.019010468917931886,59770.365207,84.7,8.790000000000001
2026-05-21 11:45:00+00:00,2026-05-21 13:45:00+02:00,2026-05-21,13,45,3,3,5,17.76,13.3,,6070.18512,100.57,,,,,,0.022571059859484335,58512.877858,81.99,4.460000000000001
2026-05-21 12:00:00+00:00,2026-05-21 14:00:00+02:00,2026-05-21,14,0,0,3,5,15.5,5.0,,6196.15034,101.07,,,,,,0.013986166731755983,59195.381304,59.02,10.5
2026-05-21 12:15:00+00:00,2026-05-21 14:15:00+02:00,2026-05-21,14,15,1,3,5,16.78,9.1,,6268.03128,102.01,,,,,,0.011705828894414128,58364.088894,56.92,7.6800000000000015
2026-05-21 12:30:00+00:00,2026-05-21 14:30:00+02:00,2026-05-21,14,30,2,3,5,18.2,9.34,,6306.90635,103.54,,,,,,0.0003636859109141133,58682.053266,56.85,8.86
2026-05-21 12:45:00+00:00,2026-05-21 14:45:00+02:00,2026-05-21,14,45,3,3,5,23.88,11.81,,6331.53262,104.3,,,,,,0.0022771097059948887,58107.402473,54.71,12.069999999999999
2026-05-21 13:00:00+00:00,2026-05-21 15:00:00+02:00,2026-05-21,15,0,0,3,5,20.78,9.1,,6331.87828,100.77,,,,,,0.0046763811175342986,58337.555752,55.23,11.680000000000001
2026-05-21 13:15:00+00:00,2026-05-21 15:15:00+02:00,2026-05-21,15,15,1,3,5,23.99,44.69,,6274.02388,103.68,,,,,,0.0021547246344680044,57598.431345,56.11,-20.7
2026-05-21 13:30:00+00:00,2026-05-21 15:30:00+02:00,2026-05-21,15,30,2,3,5,44.31,46.72,,6214.82463,107.91,,,,,,0.021774200103785498,58021.441819,58.09,-2.4099999999999966
2026-05-21 13:45:00+00:00,2026-05-21 15:45:00+02:00,2026-05-21,15,45,3,3,5,59.67,64.9,,6152.40851,112.0,,,,,,0.1476383079209979,57545.109083,60.21,-5.230000000000004
2026-05-21 14:00:00+00:00,2026-05-21 16:00:00+02:00,2026-05-21,16,0,0,3,5,44.57,27.57,,6085.14694,104.4,,,,,,0.2363864875107365,58056.64963,62.5,17.0
2026-05-21 14:15:00+00:00,2026-05-21 16:15:00+02:00,2026-05-21,16,15,1,3,5,70.08,67.33,,5991.07215,113.13,,,,,,0.8343261763008807,57910.830655,66.2,2.75
2026-05-21 14:30:00+00:00,2026-05-21 16:30:00+02:00,2026-05-21,16,30,2,3,5,89.51,90.66,,5896.15906,118.53,,,,,,1.4695631365628108,58347.879017,71.0,-1.1499999999999915
2026-05-21 14:45:00+00:00,2026-05-21 16:45:00+02:00,2026-05-21,16,45,3,3,5,98.83,101.27,,5803.57061,125.92,,,,,,1.6750497670364846,58303.101536,77.77,-2.4399999999999977
2026-05-21 15:00:00+00:00,2026-05-21 17:00:00+02:00,2026-05-21,17,0,0,3,5,83.99,83.4,,5697.79199,110.61,,,,,,1.4670580471822043,58027.415757,84.67,0.5899999999999892
2026-05-21 15:15:00+00:00,2026-05-21 17:15:00+02:00,2026-05-21,17,15,1,3,5,100.32,100.0,,5508.23996,123.69,,,,,,1.8306437464270835,58925.235164,95.79,0.3199999999999932
2026-05-21 15:30:00+00:00,2026-05-21 17:30:00+02:00,2026-05-21,17,30,2,3,5,115.99,121.1,,5318.78352,134.35,,,,,,2.0805966454475495,58395.614521,104.88,-5.109999999999999
2026-05-21 15:45:00+00:00,2026-05-21 17:45:00+02:00,2026-05-21,17,45,3,3,5,131.26,138.67,,5125.13335,147.61,,,,,,2.5823658062600563,58163.021022,114.99,-7.409999999999997
2026-05-21 16:00:00+00:00,2026-05-21 18:00:00+02:00,2026-05-21,18,0,0,3,5,115.98,113.13,,4914.52653,129.59,,,,,,2.7080761141976355,57891.002835,126.1,2.8500000000000085
2026-05-21 16:15:00+00:00,2026-05-21 18:15:00+02:00,2026-05-21,18,15,1,3,5,127.68,128.99,,4625.47801,140.94,,,,,,3.2409677489901236,57826.065177,139.07,-1.3100000000000023
2026-05-21 16:30:00+00:00,2026-05-21 18:30:00+02:00,2026-05-21,18,30,2,3,5,142.06,146.45,,4330.94281,152.95,,,,,,3.666438010570368,58173.345469,155.06,-4.389999999999986
2026-05-21 16:45:00+00:00,2026-05-21 18:45:00+02:00,2026-05-21,18,45,3,3,5,151.43,153.04,,4030.17223,165.79,,,,,,3.9889464564268584,58509.313414,170.03,-1.6099999999999852
2026-05-21 17:00:00+00:00,2026-05-21 19:00:00+02:00,2026-05-21,19,0,0,3,5,136.02,141.59,,3723.52721,151.13,,,,,,4.307181742557253,58106.413658,185.06,-5.569999999999993
2026-05-21 17:15:00+00:00,2026-05-21 19:15:00+02:00,2026-05-21,19,15,1,3,5,150.38,148.11,,3478.31291,163.89,,,,,,5.039979779310083,58222.525321,201.27,2.269999999999982
2026-05-21 17:30:00+00:00,2026-05-21 19:30:00+02:00,2026-05-21,19,30,2,3,5,161.27,160.1,,3240.82626,183.7,,,,,,5.10497368112741,58271.515877,219.49,1.170000000000016
2026-05-21 17:45:00+00:00,2026-05-21 19:45:00+02:00,2026-05-21,19,45,3,3,5,184.33,194.81,,3026.25308,218.41,,,,,,4.105660894184198,57925.508026,234.73,-10.47999999999999
2026-05-21 18:00:00+00:00,2026-05-21 20:00:00+02:00,2026-05-21,20,0,0,3,5,174.81,174.3,,2836.13478,202.0,,,,,,4.367393823444062,57004.736875,249.92,0.5099999999999909
2026-05-21 18:15:00+00:00,2026-05-21 20:15:00+02:00,2026-05-21,20,15,1,3,5,191.79,182.28,,2737.82077,206.01,,,,,,4.56982415404841,56495.897883,273.97,9.509999999999991
2026-05-21 18:30:00+00:00,2026-05-21 20:30:00+02:00,2026-05-21,20,30,2,3,5,209.79,218.71,,2665.11991,209.11,,,,,,4.765731619435742,56394.957174,299.06,-8.920000000000016
2026-05-21 18:45:00+00:00,2026-05-21 20:45:00+02:00,2026-05-21,20,45,3,3,5,222.41,198.24,,2577.06333,196.36,,,,,,5.08197912384082,55980.798519,322.14,24.169999999999987
2026-05-21 19:00:00+00:00,2026-05-21 21:00:00+02:00,2026-05-21,21,0,0,3,5,215.49,183.24,,2481.30568,199.48,,,,,,5.17884816284676,55111.035875,343.18,32.25
2026-05-21 19:15:00+00:00,2026-05-21 21:15:00+02:00,2026-05-21,21,15,1,3,5,194.15,176.99,,2446.20686,176.02,,,,,,5.9796792108544246,54500.383999,371.19,17.159999999999997
2026-05-21 19:30:00+00:00,2026-05-21 21:30:00+02:00,2026-05-21,21,30,2,3,5,178.17,179.72,,2436.56813,160.59,,,,,,6.1662720923221785,53691.442226,405.21,-1.5500000000000114
2026-05-21 19:45:00+00:00,2026-05-21 21:45:00+02:00,2026-05-21,21,45,3,3,5,161.23,160.0,,2441.22172,151.22,,,,,,6.400110087563075,52894.325331,434.22,1.2299999999999898
2026-05-21 20:00:00+00:00,2026-05-21 22:00:00+02:00,2026-05-21,22,0,0,3,5,177.17,167.92,,2443.83213,158.24,,,,,,6.609099696800277,52132.049594,463.2,9.25
2026-05-21 20:15:00+00:00,2026-05-21 22:15:00+02:00,2026-05-21,22,15,1,3,5,160.01,161.45,,2462.81893,149.67,,,,,,6.616118945061933,51144.946629,499.07,-1.4399999999999977
2026-05-21 20:30:00+00:00,2026-05-21 22:30:00+02:00,2026-05-21,22,30,2,3,5,153.18,159.99,,2481.26405,144.59,,,,,,6.969793527345037,49950.094994,525.92,-6.810000000000002
2026-05-21 20:45:00+00:00,2026-05-21 22:45:00+02:00,2026-05-21,22,45,3,3,5,150.24,149.38,,2497.42517,139.6,,,,,,7.151346185692965,49229.60534,555.78,0.8600000000000136
2026-05-21 21:00:00+00:00,2026-05-21 23:00:00+02:00,2026-05-21,23,0,0,3,5,149.8,151.77,,2515.0907,144.13,,,,,,7.469634082714041,48075.637182,588.53,-1.9699999999999989
2026-05-21 21:15:00+00:00,2026-05-21 23:15:00+02:00,2026-05-21,23,15,1,3,5,144.81,144.3,,2482.71411,140.0,,,,,,6.866962537962389,47375.44345,622.3,0.5099999999999909
2026-05-21 21:30:00+00:00,2026-05-21 23:30:00+02:00,2026-05-21,23,30,2,3,5,140.39,144.01,,2451.54915,131.69,,,,,,7.359439923136856,46811.815802,658.09,-3.6200000000000045
2026-05-21 21:45:00+00:00,2026-05-21 23:45:00+02:00,2026-05-21,23,45,3,3,5,136.64,138.82,,2419.21812,123.45,,,,,,6.894582130456743,46138.406611,697.87,-2.180000000000007
2026-05-22 10:00:00+00:00,2026-05-22 12:00:00+02:00,2026-05-22,12,0,0,4,5,19.33,2.89,,1289.63991,83.02,,,2.983990616607227,,-10.67,0.14332745616103734,60931.872066,541.59,16.439999999999998
2026-05-22 10:15:00+00:00,2026-05-22 12:15:00+02:00,2026-05-22,12,15,1,4,5,17.43,6.67,,1259.21449,84.37,,,6.349818895055202,,-14.12,0.09216439477052142,60725.31766,551.13,10.76
2026-05-22 10:30:00+00:00,2026-05-22 12:30:00+02:00,2026-05-22,12,30,2,4,5,16.09,2.3,,1232.01588,78.97,,,11.865251788310268,,-6.310000000000001,0.06968079008248869,60649.476019,563.79,13.79
2026-05-22 10:45:00+00:00,2026-05-22 12:45:00+02:00,2026-05-22,12,45,3,4,5,16.7,2.43,,1204.11661,76.04,,,6.6043773362823535,,-0.7999999999999989,0.04788811661020554,60514.722207,571.54,14.27
2026-05-22 11:00:00+00:00,2026-05-22 13:00:00+02:00,2026-05-22,13,0,0,4,5,13.89,-6.13,,1174.85275,80.17,,,7.990306627407989,,-0.7700000000000005,0.038537707538943686,59502.316107,581.69,20.02
2026-05-22 11:15:00+00:00,2026-05-22 13:15:00+02:00,2026-05-22,13,15,1,4,5,15.08,3.53,,1166.75575,80.32,,,2.1566756826189692,,-6.994999999999998,0.03339872717450662,59808.77973,599.81,11.55
2026-05-22 11:30:00+00:00,2026-05-22 13:30:00+02:00,2026-05-22,13,30,2,4,5,16.61,6.91,,1156.07422,77.2,,,8.930758646386089,,2.475000000000006,0.027094449299412793,59019.349516,616.94,9.7
2026-05-22 11:45:00+00:00,2026-05-22 13:45:00+02:00,2026-05-22,13,45,3,4,5,16.01,0.23,,1142.35025,70.07,,,6.908433252192571,,-0.4250000000000007,0.021835978717801907,59057.732616,635.1,15.780000000000001
2026-05-22 12:00:00+00:00,2026-05-22 14:00:00+02:00,2026-05-22,14,0,0,4,5,11.39,-7.25,,1133.25974,72.1,,,13.484526317227466,,0.9649999999999963,0.031349252853844704,58461.441636,650.85,18.64
2026-05-22 12:15:00+00:00,2026-05-22 14:15:00+02:00,2026-05-22,14,15,1,4,5,13.77,5.49,,1133.74172,76.4,,,11.144002871499989,,-0.1999999999999984,0.03408664240051403,58215.53991,673.4,8.28
2026-05-22 12:30:00+00:00,2026-05-22 14:30:00+02:00,2026-05-22,14,30,2,4,5,17.1,0.09,,1130.6949,81.05,,,9.963134546918457,,1.8149999999999977,0.04273179821119583,57625.528621,734.95,17.01
2026-05-22 12:45:00+00:00,2026-05-22 14:45:00+02:00,2026-05-22,14,45,3,4,5,19.2,3.91,,1125.59203,86.46,,,14.898739879600555,,1.5349999999999993,0.050793886087170136,57375.657814,757.51,15.29
2026-05-22 13:00:00+00:00,2026-05-22 15:00:00+02:00,2026-05-22,15,0,0,4,5,17.81,15.0,,1120.02755,81.49,,,12.466292552318835,,2.8649999999999993,0.04820557090593317,57943.475146,778.12,2.8099999999999987
2026-05-22 13:15:00+00:00,2026-05-22 15:15:00+02:00,2026-05-22,15,15,1,4,5,16.0,9.1,,1103.26539,90.83,,,9.418662325404807,,-14.040000000000004,0.07205531794899275,57298.888869,798.39,6.9
2026-05-22 13:30:00+00:00,2026-05-22 15:30:00+02:00,2026-05-22,15,30,2,4,5,25.5,22.37,,1078.99089,98.36,,,7.544829355260464,,-7.744999999999997,0.17450373027718136,56979.991967,817.66,3.129999999999999
2026-05-22 13:45:00+00:00,2026-05-22 15:45:00+02:00,2026-05-22,15,45,3,4,5,48.64,22.25,,1051.67444,99.8,,,1.1667261889577973,,-6.055,0.4305519725661371,56699.438929,835.04,26.39
2026-05-22 14:00:00+00:00,2026-05-22 16:00:00+02:00,2026-05-22,16,0,0,4,5,31.76,38.3,,1028.36986,89.31,,,14.622968234937808,,6.659999999999997,0.4269392084638371,56852.014311,850.89,-6.539999999999996
2026-05-22 14:15:00+00:00,2026-05-22 16:15:00+02:00,2026-05-22,16,15,1,4,5,61.29,57.3,,999.62407,96.7,,,6.137686860699237,,-1.5900000000000034,0.9953285512560074,56270.527702,867.95,3.990000000000002
2026-05-22 14:30:00+00:00,2026-05-22 16:30:00+02:00,2026-05-22,16,30,2,4,5,94.01,74.9,,969.10704,100.21,,,7.629682169002862,,-6.545000000000002,1.518991671546778,55845.664921,886.85,19.11
2026-05-22 14:45:00+00:00,2026-05-22 16:45:00+02:00,2026-05-22,16,45,3,4,5,100.62,113.49,,939.00151,109.06,,,8.838834764831855,,-8.690000000000005,1.7479913058533942,55842.239658,896.98,-12.86999999999999
2026-05-22 15:00:00+00:00,2026-05-22 17:00:00+02:00,2026-05-22,17,0,0,4,5,77.3,72.07,,910.91719,96.44,,,2.743574311003801,,-1.3500000000000085,1.5934499647270435,56199.484715,965.14,5.230000000000004
2026-05-22 15:15:00+00:00,2026-05-22 17:15:00+02:00,2026-05-22,17,15,1,4,5,87.34,89.6,,907.5199,105.53,,,6.540737725975555,,-4.305,1.883283561815027,56317.590033,1012.56,-2.259999999999991
2026-05-22 15:30:00+00:00,2026-05-22 17:30:00+02:00,2026-05-22,17,30,2,4,5,103.94,112.2,,902.58665,116.67,,,7.396336931211293,,-10.340000000000003,2.1626021368450465,56384.336048,1091.13,-8.260000000000005
2026-05-22 15:45:00+00:00,2026-05-22 17:45:00+02:00,2026-05-22,17,45,3,4,5,120.73,139.99,,899.75754,128.0,,,8.980256121069145,,-13.759999999999991,2.6397266309564538,56700.486441,1140.84,-19.260000000000005
2026-05-22 16:00:00+00:00,2026-05-22 18:00:00+02:00,2026-05-22,18,0,0,4,5,104.98,109.17,,893.24894,112.47,,,8.810550493584397,,-3.3800000000000026,2.767201886888728,56898.372828,1193.58,-4.189999999999998
2026-05-22 16:15:00+00:00,2026-05-22 18:15:00+02:00,2026-05-22,18,15,1,4,5,120.24,131.63,,898.5571,124.0,,,4.935605332682094,,-4.799999999999997,3.3222723855835192,56688.827375,1283.53,-11.39
2026-05-22 16:30:00+00:00,2026-05-22 18:30:00+02:00,2026-05-22,18,30,2,4,5,134.12,142.34,,894.05176,132.19,,,3.2385490578343967,,-6.679999999999993,3.7413599751524265,56897.506562,1369.59,-8.219999999999999
2026-05-22 16:45:00+00:00,2026-05-22 18:45:00+02:00,2026-05-22,18,45,3,4,5,145.61,167.64,,889.22699,142.71,,,8.046875169902927,,-7.299999999999997,4.0819708086470134,56939.828736,1455.61,-22.029999999999973
2026-05-22 17:00:00+00:00,2026-05-22 19:00:00+02:00,2026-05-22,19,0,0,4,5,128.82,130.08,,882.95415,133.95,,,0.02828427124747637,,-5.590000000000003,4.419370016998468,56884.709003,1556.39,-1.2600000000000193
2026-05-22 17:15:00+00:00,2026-05-22 19:15:00+02:00,2026-05-22,19,15,1,4,5,136.06,159.7,,962.25724,143.68,,,3.9810111780802395,,-0.5450000000000017,5.166065287827151,56706.122597,1697.74,-23.639999999999986
2026-05-22 17:30:00+00:00,2026-05-22 19:30:00+02:00,2026-05-22,19,30,2,4,5,155.74,181.6,,1040.78444,153.37,,,4.002224381515856,,-1.6599999999999824,5.241615864926452,56408.632008,1837.18,-25.859999999999985
2026-05-22 17:45:00+00:00,2026-05-22 19:45:00+02:00,2026-05-22,19,45,3,4,5,187.38,210.1,,1118.25527,165.0,,,5.1123820279787315,,-14.094999999999985,4.245610335139408,56150.267857,1981.86,-22.72
2026-05-22 18:00:00+00:00,2026-05-22 20:00:00+02:00,2026-05-22,20,0,0,4,5,168.67,213.87,,1201.04588,159.05,,,3.252691193458135,,2.8100000000000023,4.462121032588023,55637.784139,2122.33,-45.20000000000002
2026-05-22 18:15:00+00:00,2026-05-22 20:15:00+02:00,2026-05-22,20,15,1,4,5,187.44,205.93,,1387.58262,156.01,,,10.507606768432085,,2.0799999999999983,4.516961491893715,55213.135307,2274.87,-18.49000000000001
2026-05-22 18:30:00+00:00,2026-05-22 20:30:00+02:00,2026-05-22,20,30,2,4,5,201.18,231.22,,1551.78958,154.01,,,6.696301217836604,,-13.655000000000015,4.481568646709017,54600.545567,2423.38,-30.039999999999992
2026-05-22 18:45:00+00:00,2026-05-22 20:45:00+02:00,2026-05-22,20,45,3,4,5,214.71,241.11,,1693.33388,154.17,,,15.683628406717629,,13.079999999999984,4.364118167606828,54032.902089,2575.9,-26.400000000000006
2026-05-22 19:00:00+00:00,2026-05-22 21:00:00+02:00,2026-05-22,21,0,0,4,5,199.02,197.6,,1814.02997,160.3,,,30.87228206660466,,10.420000000000002,4.797518123405235,53447.844636,2706.43,1.420000000000016
2026-05-22 19:15:00+00:00,2026-05-22 21:15:00+02:00,2026-05-22,21,15,1,4,5,180.68,207.31,,1970.09362,145.45,,,22.669843404840694,,1.1300000000000097,5.363632806184846,52717.702089,2800.15,-26.629999999999995
2026-05-22 19:30:00+00:00,2026-05-22 21:30:00+02:00,2026-05-22,21,30,2,4,5,160.32,174.97,,2154.49314,139.09,,,5.635641046056783,,-5.535000000000011,5.663412867841111,52007.524351,2878.88,-14.650000000000006
2026-05-22 19:45:00+00:00,2026-05-22 21:45:00+02:00,2026-05-22,21,45,3,4,5,146.3,161.74,,2354.82935,132.0,,,9.758073580374344,,-5.670000000000002,6.014386546420285,51116.690084,2960.63,-15.439999999999998
2026-05-22 20:00:00+00:00,2026-05-22 22:00:00+02:00,2026-05-22,22,0,0,4,5,164.93,175.0,,2559.78915,138.0,,,12.169307704220468,,0.6450000000000102,6.044760012493408,50210.260307,3019.67,-10.069999999999993
2026-05-22 20:15:00+00:00,2026-05-22 22:15:00+02:00,2026-05-22,22,15,1,4,5,148.5,167.2,,2717.27668,130.8,,,5.557859300126253,,-5.36999999999999,6.365911551486643,49434.980893,3000.62,-18.69999999999999
2026-05-22 20:30:00+00:00,2026-05-22 22:30:00+02:00,2026-05-22,22,30,2,4,5,141.88,158.22,,2873.30131,128.56,,,0.5091168824543134,,-7.170000000000002,6.6740037030925325,48541.514705,2982.57,-16.340000000000003
2026-05-22 20:45:00+00:00,2026-05-22 22:45:00+02:00,2026-05-22,22,45,3,4,5,133.84,149.24,,3025.33013,123.12,,,2.6799347006970295,,-1.0349999999999966,6.615362744377294,47720.59934,2968.52,-15.400000000000006
2026-05-22 21:00:00+00:00,2026-05-22 23:00:00+02:00,2026-05-22,23,0,0,4,5,143.62,153.0,,3161.02587,122.43,,,8.478210306426691,,-7.964999999999989,7.104082914130926,46797.322355,2940.85,-9.379999999999995
2026-05-22 21:15:00+00:00,2026-05-22 23:15:00+02:00,2026-05-22,23,15,1,4,5,138.01,144.01,,3237.75528,119.49,,,9.383306986345483,,-6.125000000000007,6.595827715181139,46019.131452,2898.59,-6.0
2026-05-22 21:30:00+00:00,2026-05-22 23:30:00+02:00,2026-05-22,23,30,2,4,5,134.34,135.9,,3310.76264,117.46,,,6.668016946589128,,-8.334999999999994,6.9173668115191465,45298.226035,2854.32,-1.5600000000000023
2026-05-22 21:45:00+00:00,2026-05-22 23:45:00+02:00,2026-05-22,23,45,3,4,5,129.02,130.03,,3382.33381,109.77,,,10.988439379638942,,-9.950000000000003,6.3812826384018635,44819.138707,2800.09,-1.009999999999991
2026-05-23 10:00:00+00:00,2026-05-23 12:00:00+02:00,2026-05-23,12,0,0,5,5,-2.0,-35.01,,1015.53119,-12.36,0.9197193613996009,,20.661660146270915,0.37623676615724777,1.83,0.2643221444436851,58843.631597,293.78,33.01
2026-05-23 10:15:00+00:00,2026-05-23 12:15:00+02:00,2026-05-23,12,15,1,5,5,-4.28,-43.01,,1023.1133,-13.2,0.4614404978836331,,20.767726163448902,0.30440131652839986,-3.9250000000000016,0.18748675489242303,58659.719415,298.65,38.73
2026-05-23 10:30:00+00:00,2026-05-23 12:30:00+02:00,2026-05-23,12,30,2,5,5,-4.0,-51.79,,1042.87946,-7.62,0.2940428165115493,,20.14547219600474,0.25836297565957356,-0.45500000000000096,0.1439590409687218,58399.270354,302.58,47.79
2026-05-23 10:45:00+00:00,2026-05-23 12:45:00+02:00,2026-05-23,12,45,3,5,5,-5.0,-19.99,,1061.94162,-6.82,0.1267331422586441,,7.353910524340093,0.2009806680972755,9.07,0.0992323202595236,57434.640091,310.5,14.989999999999998
2026-05-23 11:00:00+00:00,2026-05-23 13:00:00+02:00,2026-05-23,13,0,0,5,5,-5.74,-25.0,,1072.32787,-9.54,0.17679079499398714,,10.705596667164329,0.20332480219404947,12.45,0.0918379332651125,57905.693785,312.24,19.259999999999998
2026-05-23 11:15:00+00:00,2026-05-23 13:15:00+02:00,2026-05-23,13,15,1,5,5,-7.98,-77.45,,1059.58681,-9.02,0.10945372605874255,,14.191633098414007,0.17832524556740736,1.5150000000000015,0.08796372403361215,57003.608915,317.9,69.47
2026-05-23 11:30:00+00:00,2026-05-23 13:30:00+02:00,2026-05-23,13,30,2,5,5,-11.02,-36.65,,1052.62437,-10.93,0.05920187829164818,,0.6434671708797565,0.1585165277731481,9.245000000000001,0.07600427101566619,56562.875314,320.58,25.63
2026-05-23 11:45:00+00:00,2026-05-23 13:45:00+02:00,2026-05-23,13,45,3,5,5,-11.71,-35.62,,1046.31602,-10.91,0.08104042669792229,,8.004448763031718,0.14788987923646246,10.120000000000001,0.06892697655710493,55927.198906,338.22,23.909999999999997
2026-05-23 12:00:00+00:00,2026-05-23 14:00:00+02:00,2026-05-23,14,0,0,5,5,-9.0,-27.03,,1063.74864,-10.97,0.12410833577509046,,5.755849198858497,0.15942830757342508,14.57,0.058393081523284165,55510.576123,363.65,18.03
2026-05-23 12:15:00+00:00,2026-05-23 14:15:00+02:00,2026-05-23,14,15,1,5,5,-8.0,-20.06,,1077.90373,-10.02,0.08697666373662667,,0.424264068711927,0.16446967410709687,7.98,0.07168975649514531,54980.497862,359.8,12.059999999999999
2026-05-23 12:30:00+00:00,2026-05-23 14:30:00+02:00,2026-05-23,14,30,2,5,5,-8.98,-59.55,,1099.97785,-7.57,0.10462334993133268,,5.762920266670363,0.17308674710471408,12.935,0.0884278479111598,55190.169511,354.93,50.56999999999999
2026-05-23 12:45:00+00:00,2026-05-23 14:45:00+02:00,2026-05-23,14,45,3,5,5,-9.0,-51.4,,1093.25448,-8.85,0.13578386327750983,,2.2768838354206826,0.17253295806274027,13.68,0.10708442613100808,55073.972514,352.07,42.4
2026-05-23 13:00:00+00:00,2026-05-23 15:00:00+02:00,2026-05-23,15,0,0,5,5,-5.99,-8.67,,1105.22054,-9.69,0.08782455221338283,,6.272037149124678,0.18380164006775143,7.245,0.10432249053212223,54993.50898,349.82,2.6799999999999997
2026-05-23 13:15:00+00:00,2026-05-23 15:15:00+02:00,2026-05-23,15,15,1,5,5,-4.0,-3.23,,1123.13319,-5.38,0.21291504609694797,,19.516147160748712,0.2550501316410383,-6.8999999999999995,0.12241116723846457,54612.603108,350.82,-0.77
2026-05-23 13:30:00+00:00,2026-05-23 15:30:00+02:00,2026-05-23,15,30,2,5,5,-3.15,-14.22,,1150.85604,-2.1,0.17220385535219862,,3.91737156777347,0.27664742641929335,0.3600000000000012,0.2449169395543731,54671.336453,350.79,11.07
2026-05-23 13:45:00+00:00,2026-05-23 15:45:00+02:00,2026-05-23,15,45,3,5,5,-1.0,-2.0,,1167.20166,12.19,0.6317874538566302,,22.358716421118636,0.2606903873635145,10.579999999999998,0.5954538206417165,53947.395126,351.8,1.0
2026-05-23 14:00:00+00:00,2026-05-23 16:00:00+02:00,2026-05-23,16,0,0,5,5,-0.82,-1.07,,1211.14154,6.98,0.3884547860290484,,16.645293629131327,0.3989430326815845,5.230000000000002,0.44870035455230134,54590.287921,353.32,0.2500000000000001
2026-05-23 14:15:00+00:00,2026-05-23 16:15:00+02:00,2026-05-23,16,15,1,5,5,-0.82,-0.09,,1282.78938,15.0,0.4640420439526993,,0.8768124086713204,0.28318910781528783,3.370000000000001,1.0788680721785027,54351.335641,361.28,-0.73
2026-05-23 14:30:00+00:00,2026-05-23 16:30:00+02:00,2026-05-23,16,30,2,5,5,-0.49,8.09,,1412.32076,37.01,1.4739183615468838,,14.325983386839447,0.06845160150051224,8.980000000000004,1.564178802349551,53678.91066,365.21,-8.58
2026-05-23 14:45:00+00:00,2026-05-23 16:45:00+02:00,2026-05-23,16,45,3,5,5,6.65,0.01,,1538.19908,65.83,0.37407527190488427,,7.375123727775685,0.019004138575425846,-7.654999999999994,1.820797789377064,53784.388084,373.15,6.640000000000001
2026-05-23 15:00:00+00:00,2026-05-23 17:00:00+02:00,2026-05-23,17,0,0,5,5,6.17,23.55,,1663.67714,50.06,0.23152757343893673,,3.280975464705591,0.2795769184805845,2.9099999999999966,1.7088207713490027,54737.440391,387.14,-17.380000000000003
2026-05-23 15:15:00+00:00,2026-05-23 17:15:00+02:00,2026-05-23,17,15,1,5,5,12.0,3.8,,1796.91478,84.87,0.43883217478028846,,1.8243354954612814,0.2550535128256918,-0.9699999999999989,1.9188685851653027,54694.576506,386.96,8.2
2026-05-23 15:30:00+00:00,2026-05-23 17:30:00+02:00,2026-05-23,17,30,2,5,5,69.76,78.39,,1899.01624,93.46,0.47800679982020366,,2.2273863607376287,0.19089658984039976,-6.685000000000002,2.2606198536043896,54630.296381,385.53,-8.629999999999995
2026-05-23 15:45:00+00:00,2026-05-23 17:45:00+02:00,2026-05-23,17,45,3,5,5,109.87,102.95,,2030.27212,114.21,0.297415203082973,,8.379215357060595,0.12522572720267489,-13.335,2.7227980945027173,54925.190974,388.46,6.920000000000002
2026-05-23 16:00:00+00:00,2026-05-23 18:00:00+02:00,2026-05-23,18,0,0,5,5,89.29,82.37,,2075.98521,103.7,0.3220528932287518,,4.978031739553299,0.2072458946036558,-0.6699999999999946,2.853873649182321,55062.817385,390.81,6.920000000000002
2026-05-23 16:15:00+00:00,2026-05-23 18:15:00+02:00,2026-05-23,18,15,1,5,5,107.43,113.59,,2116.61852,111.03,0.5375345431648103,,7.127636354360398,0.15511623139123645,-6.350000000000001,3.427893969697701,55081.243467,393.15,-6.159999999999997
2026-05-23 16:30:00+00:00,2026-05-23 18:30:00+02:00,2026-05-23,18,30,2,5,5,128.59,140.0,,2110.10079,116.14,0.29007662848505306,,2.708218971944486,0.13171954711889367,-6.304999999999993,3.8484873826224435,55286.307345,394.45,-11.409999999999997
2026-05-23 16:45:00+00:00,2026-05-23 18:45:00+02:00,2026-05-23,18,45,3,5,5,145.6,154.09,,2094.4114,131.35,0.7653548096210813,,14.439120471829291,0.15796649506422678,-11.819999999999979,4.196834755131751,55239.749157,396.69,-8.490000000000009
2026-05-23 17:00:00+00:00,2026-05-23 19:00:00+02:00,2026-05-23,19,0,0,5,5,123.57,120.93,,2077.14756,119.8,0.15128852303457696,,3.047630226914001,0.2625254860809176,-3.4150000000000063,4.560765087473769,55283.147794,402.29,2.6399999999999864
2026-05-23 17:15:00+00:00,2026-05-23 19:15:00+02:00,2026-05-23,19,15,1,5,5,139.25,135.29,,2143.17208,126.11,0.9743254214359277,,18.321136700543423,0.4102371587995452,-10.685000000000002,5.370400691108505,55106.17048,407.29,3.960000000000008
2026-05-23 17:30:00+00:00,2026-05-23 19:30:00+02:00,2026-05-23,19,30,2,5,5,153.17,160.0,,2213.74306,132.14,1.4145957261115356,,19.11309629547238,0.23228282708874418,-12.344999999999985,5.419505979620731,54893.523982,410.3,-6.8300000000000125
2026-05-23 17:45:00+00:00,2026-05-23 19:45:00+02:00,2026-05-23,19,45,3,5,5,171.24,177.74,,2282.45808,150.74,0.29084695059186044,,8.654987001723349,0.1519761466192747,-16.599999999999994,4.373419694052712,54367.657187,416.45,-6.5
2026-05-23 18:00:00+00:00,2026-05-23 20:00:00+02:00,2026-05-23,20,0,0,5,5,156.74,157.5,,2352.39874,142.89,1.9604659902641015,,32.32185096803709,0.2649005072026914,-22.345000000000013,4.590335186312746,53848.589243,422.83,-0.7599999999999909
2026-05-23 18:15:00+00:00,2026-05-23 20:15:00+02:00,2026-05-23,20,15,1,5,5,166.44,166.5,,2479.32208,150.0,1.033723139070211,,19.79898987322333,0.11790912180349719,-4.490000000000009,4.530495520378336,53644.259653,434.16,-0.060000000000002274
2026-05-23 18:30:00+00:00,2026-05-23 20:30:00+02:00,2026-05-23,20,30,2,5,5,184.0,190.0,,2588.79902,150.01,0.6663876610479832,,14.934095218659866,0.4156386356059728,-19.480000000000004,4.40975553440683,53327.139062,444.52,-6.0
2026-05-23 18:45:00+00:00,2026-05-23 20:45:00+02:00,2026-05-23,20,45,3,5,5,189.64,190.31,,2658.55185,145.1,1.2375673223729393,,35.758389924603705,0.6961670203587018,-1.115000000000009,4.100041922391537,52874.593162,457.77,-0.6700000000000159
2026-05-23 19:00:00+00:00,2026-05-23 21:00:00+02:00,2026-05-23,21,0,0,5,5,183.78,185.0,,2709.73858,150.48,1.4278261803707637,,21.80010206398125,0.5359248705272295,16.835000000000008,4.831818919049087,52247.35176,473.58,-1.2199999999999989
2026-05-23 19:15:00+00:00,2026-05-23 21:15:00+02:00,2026-05-23,21,15,1,5,5,175.0,169.81,,2852.08237,150.0,1.6972123917299264,,30.96420594815891,0.6726220728092409,-4.734999999999999,5.246921706228207,51593.367979,494.51,5.189999999999998
2026-05-23 19:30:00+00:00,2026-05-23 21:30:00+02:00,2026-05-23,21,30,2,5,5,168.36,185.0,,3032.6026,143.53,0.5873910834089489,,9.263098833543769,0.5475802738442105,-8.100000000000009,5.696097219306903,50963.553626,510.46,-16.639999999999986
2026-05-23 19:45:00+00:00,2026-05-23 21:45:00+02:00,2026-05-23,21,45,3,5,5,163.03,184.99,,3230.1899,129.38,0.6887477487601582,,11.787470042379738,0.48515370559258647,-7.105000000000004,6.089539027206851,50252.861918,526.45,-21.960000000000008
2026-05-23 20:00:00+00:00,2026-05-23 22:00:00+02:00,2026-05-23,22,0,0,5,5,177.99,168.7,,3418.03611,141.51,1.2384062129367635,,13.661303012524094,0.6306169077197331,-0.4099999999999966,5.981692841403237,49583.172494,546.23,9.29000000000002
2026-05-23 20:15:00+00:00,2026-05-23 22:15:00+02:00,2026-05-23,22,15,1,5,5,162.01,158.92,,3554.91131,137.91,0.9967871596116525,,12.204663043279803,0.44431638294717124,-10.069999999999993,6.461881293335497,48747.029788,564.94,3.0900000000000034
2026-05-23 20:30:00+00:00,2026-05-23 22:30:00+02:00,2026-05-23,22,30,2,5,5,151.6,148.92,,3689.27021,129.05,0.6380358927156942,,6.738727624707799,0.5031122533954145,-11.575000000000003,6.767232987526984,48024.212779,583.69,2.680000000000007
2026-05-23 20:45:00+00:00,2026-05-23 22:45:00+02:00,2026-05-23,22,45,3,5,5,140.37,138.77,,3823.41393,123.92,0.8652389640353765,,11.497556262093276,0.6769955451768023,-7.269999999999996,6.701024246637546,47295.303878,598.5,1.5999999999999943
2026-05-23 21:00:00+00:00,2026-05-23 23:00:00+02:00,2026-05-23,23,0,0,5,5,152.41,153.6,,3942.45111,127.58,0.7725384847320184,,5.239661248592315,0.6583768891956138,-5.674999999999997,7.063668716826023,46654.678641,608.64,-1.1899999999999977
2026-05-23 21:15:00+00:00,2026-05-23 23:15:00+02:00,2026-05-23,23,15,1,5,5,147.78,148.8,,3990.26483,133.87,0.9450452859246844,,4.603265145524418,0.6573913898600018,-2.7450000000000045,6.603763309747212,45740.163111,604.96,-1.0200000000000102
2026-05-23 21:30:00+00:00,2026-05-23 23:30:00+02:00,2026-05-23,23,30,2,5,5,139.5,139.34,,4039.27911,130.0,0.7645884897176967,,1.4566399692442895,0.7357416054897719,-2.5900000000000034,6.842204463524078,45020.309979,597.3,0.1599999999999966
2026-05-23 21:45:00+00:00,2026-05-23 23:45:00+02:00,2026-05-23,23,45,3,5,5,134.44,136.94,,4088.45203,120.63,1.0373222267972355,,0.8273149339882718,0.9136712124607497,-1.5949999999999989,6.305726309899351,44408.015202,596.59,-2.5
2026-05-24 10:00:00+00:00,2026-05-24 12:00:00+02:00,2026-05-24,12,0,0,6,5,-14.0,-19.6,,2403.4475,,1.2592404669733526,,23.184396333166262,0.43574656978532683,16.439999999999998,0.28518739254135717,50361.441843,3027.21,5.600000000000001
2026-05-24 10:15:00+00:00,2026-05-24 12:15:00+02:00,2026-05-24,12,15,1,6,5,-18.95,-29.99,,2527.83717,,0.8141084770441435,,28.67284836449517,0.35204467585259036,10.76,0.20472158804330848,50306.462992,2963.65,11.04
2026-05-24 10:30:00+00:00,2026-05-24 12:30:00+02:00,2026-05-24,12,30,2,6,5,-29.46,-42.07,,2645.77197,,0.6022173185193266,,31.285460414277644,0.30586127340579844,13.79,0.16437098934834948,50304.650511,2896.11,12.61
2026-05-24 10:45:00+00:00,2026-05-24 12:45:00+02:00,2026-05-24,12,45,3,6,5,-36.85,-58.79,,2779.06074,,0.13279824928528874,,6.22271109190627,0.23338805904251128,14.27,0.11046890730786123,49948.160011,2827.54,21.939999999999998
2026-05-24 11:00:00+00:00,2026-05-24 13:00:00+02:00,2026-05-24,13,0,0,6,5,-35.27,-60.03,,2969.97594,,0.18459395101084988,,8.530158263479054,0.22752389434019182,19.259999999999998,0.1004286515170785,49054.261089,2752.34,24.759999999999998
2026-05-24 11:15:00+00:00,2026-05-24 13:15:00+02:00,2026-05-24,13,15,1,6,5,-48.94,-72.01,,3155.39618,,0.4356556322053915,,40.49685461036861,0.21347767587753044,11.55,0.09980315365684458,48729.679446,2674.7,23.070000000000007
2026-05-24 11:30:00+00:00,2026-05-24 13:30:00+02:00,2026-05-24,13,30,2,6,5,-58.02,-85.0,,3295.13433,,0.11320516405840986,,9.470820098245628,0.196850513898702,9.7,0.086897593623681,48453.492513,2574.06,26.979999999999997
2026-05-24 11:45:00+00:00,2026-05-24 13:45:00+02:00,2026-05-24,13,45,3,6,5,-64.57,-86.71,,3539.44082,,0.12016438713536781,,9.76850210284736,0.19267510138818392,15.780000000000001,0.07980705334241721,48151.10845,2501.41,22.14
2026-05-24 12:00:00+00:00,2026-05-24 14:00:00+02:00,2026-05-24,14,0,0,6,5,-49.5,-120.88,,3819.59884,,0.1275428222891722,,4.53381002395704,0.19274567039995855,18.03,0.06768811448485879,47999.190335,2303.95,71.38
2026-05-24 12:15:00+00:00,2026-05-24 14:15:00+02:00,2026-05-24,14,15,1,6,5,-46.52,-70.01,,4036.94328,,0.09637952352899212,,2.374615758391238,0.20158480721887206,8.28,0.08385637620529288,47222.650545,2240.71,23.490000000000002
2026-05-24 12:30:00+00:00,2026-05-24 14:30:00+02:00,2026-05-24,14,30,2,6,5,-38.97,-59.0,,4295.27664,,0.29272585834977516,,22.107390167091182,0.22323549502107884,17.01,0.10517829269590385,46969.949496,2179.47,20.03
2026-05-24 12:45:00+00:00,2026-05-24 14:45:00+02:00,2026-05-24,14,45,3,6,5,-29.01,-40.09,,4509.55209,,0.3231515002607909,,16.659478783363344,0.24448868892027464,15.29,0.13192133008033155,47223.703489,2118.24,11.080000000000002
2026-05-24 13:00:00+00:00,2026-05-24 15:00:00+02:00,2026-05-24,15,0,0,6,5,-29.0,-46.33,,4776.96037,,0.08225647982130734,,5.159034147331586,0.24048007439619207,2.8099999999999987,0.12648893088917137,46828.471126,2071.18,17.33
2026-05-24 13:15:00+00:00,2026-05-24 15:15:00+02:00,2026-05-24,15,15,1,6,5,-24.0,-78.9,,5060.1964,,0.23953164908394975,,14.246600764158913,0.34714452617123265,-0.77,0.1599815523144929,46470.078857,2051.32,54.900000000000006
2026-05-24 13:30:00+00:00,2026-05-24 15:30:00+02:00,2026-05-24,15,30,2,6,5,-15.0,-14.37,,5299.35374,,0.42644196855867617,,6.775514740593513,0.44746211094827276,3.129999999999999,0.3194273491640283,46311.480433,2026.53,-0.6300000000000008
2026-05-24 13:45:00+00:00,2026-05-24 15:45:00+02:00,2026-05-24,15,45,3,6,5,-16.98,-32.1,,5454.27333,,1.0539438955287093,,16.749574123939194,0.621591204859094,1.0,0.800765170695516,46362.311695,2005.75,15.120000000000001
2026-05-24 14:00:00+00:00,2026-05-24 16:00:00+02:00,2026-05-24,16,0,0,6,5,-11.59,-25.5,,5776.26458,,0.3501438104265411,,12.116092604466177,0.6594282341543024,0.2500000000000001,0.5844542651951283,46498.927285,1994.93,13.91
2026-05-24 14:15:00+00:00,2026-05-24 16:15:00+02:00,2026-05-24,16,15,1,6,5,-8.6,-10.85,,6165.40273,,0.4089791034653274,,2.4469845388423153,0.8278722342150683,2.75,1.2703568672535257,46523.573197,2011.24,2.25
2026-05-24 14:30:00+00:00,2026-05-24 16:30:00+02:00,2026-05-24,16,30,2,6,5,-2.4,-0.27,,6364.329,,1.3000484360850701,,14.331832867199271,0.9903477067865054,-1.1499999999999915,1.6974120302664049,46434.420263,2027.56,-2.13
2026-05-24 14:45:00+00:00,2026-05-24 16:45:00+02:00,2026-05-24,16,45,3,6,5,1.0,-0.04,,6578.5489,,0.5581275356402591,,9.76278136598377,0.9558051815484077,-2.4399999999999977,1.8821744679159265,46517.161642,2047.92,1.04
2026-05-24 15:00:00+00:00,2026-05-24 17:00:00+02:00,2026-05-24,17,0,0,6,5,0.0,-0.01,,6674.71497,,0.5649072585529545,,11.941961033822434,0.9749888683003137,0.5899999999999892,1.7924780149810295,47078.130731,2065.37,0.01
2026-05-24 15:15:00+00:00,2026-05-24 17:15:00+02:00,2026-05-24,17,15,1,6,5,-2.02,24.6,,6666.27065,,0.6387498784886271,,5.4491956592999395,0.9858026412950794,0.3199999999999932,1.964229004204646,47410.305578,2070.06,-26.62
2026-05-24 15:30:00+00:00,2026-05-24 17:30:00+02:00,2026-05-24,17,30,2,6,5,-1.66,1.96,,6628.20317,,0.38745089572301455,,1.9343302027661495,0.5692814804477089,-8.260000000000005,2.563125307549364,47770.764439,2072.79,-3.62
2026-05-24 15:45:00+00:00,2026-05-24 17:45:00+02:00,2026-05-24,17,45,3,6,5,30.01,41.28,,6581.84327,,0.5551434100703445,,13.109562667508532,0.27872202609349583,-7.409999999999997,3.449201513580067,48043.899816,2078.54,-11.27
2026-05-24 16:00:00+00:00,2026-05-24 18:00:00+02:00,2026-05-24,18,0,0,6,5,40.07,22.69,,6509.66594,,0.3676085778768846,,5.620773968058136,0.5031444792838167,2.8500000000000085,3.8741750291222545,48232.213887,2113.46,17.38
2026-05-24 16:15:00+00:00,2026-05-24 18:15:00+02:00,2026-05-24,18,15,1,6,5,90.01,91.1,,6456.30533,,0.4486343897787962,,5.041193641721505,0.5221273132793285,-6.159999999999997,5.89556591288624,48166.870964,2097.15,-1.0899999999999892
2026-05-24 16:30:00+00:00,2026-05-24 18:30:00+02:00,2026-05-24,18,30,2,6,5,114.53,130.46,,6368.93684,,0.34800240704395136,,3.5148589350546304,0.3605578930557688,-8.219999999999999,7.341313592426151,48431.557572,2078.84,-15.930000000000007
2026-05-24 16:45:00+00:00,2026-05-24 18:45:00+02:00,2026-05-24,18,45,3,6,5,129.8,131.6,,6279.00262,,0.6267427956217015,,10.389436943357412,0.2719771499696644,-8.490000000000009,7.758662105071047,48180.338478,2055.64,-1.799999999999983
2026-05-24 17:00:00+00:00,2026-05-24 19:00:00+02:00,2026-05-24,19,0,0,6,5,120.07,114.81,,6196.82507,,0.24361218501835694,,4.106705898080997,0.59594680521119,-1.2600000000000193,8.708045106919272,48132.288258,2027.25,5.259999999999991
2026-05-24 17:15:00+00:00,2026-05-24 19:15:00+02:00,2026-05-24,19,15,1,6,5,125.66,125.22,,6174.5082,,0.9547260297666195,,15.470101270946259,0.573573051634476,2.269999999999982,8.350741552189175,47977.159782,1983.52,0.4399999999999977
2026-05-24 17:30:00+00:00,2026-05-24 19:30:00+02:00,2026-05-24,19,30,2,6,5,135.22,134.39,,6154.05942,,1.2862552585856333,,13.885014704109363,0.34937571478497914,-6.8300000000000125,8.147780440718297,48235.802047,1988.79,0.8300000000000125
2026-05-24 17:45:00+00:00,2026-05-24 19:45:00+02:00,2026-05-24,19,45,3,6,5,149.87,173.26,,6131.10989,,0.340046260317886,,8.453267612783435,0.3303414609946868,-10.47999999999999,5.504192697823515,48208.104034,1933.07,-23.389999999999986
2026-05-24 18:00:00+00:00,2026-05-24 20:00:00+02:00,2026-05-24,20,0,0,6,5,134.13,138.91,,6123.44312,,1.6565120682849364,,26.03180938774715,0.49622280903430277,-0.7599999999999909,6.511402937010653,47920.604039,1877.45,-4.780000000000001
2026-05-24 18:15:00+00:00,2026-05-24 20:15:00+02:00,2026-05-24,20,15,1,6,5,148.08,154.5,,6316.16736,,0.8614340306647817,,14.23171224179766,0.4306792565462344,-0.060000000000002274,6.04317945709789,47510.731743,1804.75,-6.4199999999999875
2026-05-24 18:30:00+00:00,2026-05-24 20:30:00+02:00,2026-05-24,20,30,2,6,5,160.58,159.96,,6513.12092,,0.6844498417628698,,13.118068963583516,0.4765145605931698,-8.920000000000016,5.397756679977992,47234.590734,1736.07,0.6200000000000045
2026-05-24 18:45:00+00:00,2026-05-24 20:45:00+02:00,2026-05-24,20,45,3,6,5,165.02,165.2,,6716.85003,,1.0170003275385413,,25.28630525271205,0.7067145519421026,-0.6700000000000159,5.014324338194331,46732.751021,1659.38,-0.1799999999999784
2026-05-24 19:00:00+00:00,2026-05-24 21:00:00+02:00,2026-05-24,21,0,0,6,5,163.48,170.0,,6916.26254,,1.195848960292667,,18.6086870394806,0.5936366769093221,1.420000000000016,5.877321963486812,46327.186246,1581.58,-6.52000000000001
2026-05-24 19:15:00+00:00,2026-05-24 21:15:00+02:00,2026-05-24,21,15,1,6,5,158.8,161.52,,7115.02312,,1.4603777960589965,,22.632415543492773,0.6750914078599852,5.189999999999998,6.63132359222364,46023.736508,1494.64,-2.719999999999999
2026-05-24 19:30:00+00:00,2026-05-24 21:30:00+02:00,2026-05-24,21,30,2,6,5,151.01,153.03,,7315.3595,,0.5928036988158777,,8.198355526160913,0.5781417215284032,-14.650000000000006,7.339864724811985,45584.211558,1394.7,-2.0200000000000102
2026-05-24 19:45:00+00:00,2026-05-24 21:45:00+02:00,2026-05-24,21,45,3,6,5,142.09,149.74,,7518.04688,,0.7573289206400362,,11.959482987710349,0.6262629005617311,-15.439999999999998,7.6039816729839576,45223.174981,1302.79,-7.650000000000006
2026-05-24 20:00:00+00:00,2026-05-24 22:00:00+02:00,2026-05-24,22,0,0,6,5,155.99,156.4,,7656.67252,,1.2204197266401582,,11.165972117703562,0.7003222311682463,9.25,7.067513279372971,44637.158012,1222.77,-0.4099999999999966
2026-05-24 20:15:00+00:00,2026-05-24 22:15:00+02:00,2026-05-24,22,15,1,6,5,147.68,142.63,,7635.69276,,1.0954727591512574,,11.498062155569226,0.5871011510374503,-1.4399999999999977,8.369612576334465,44150.867517,1124.61,5.050000000000011
2026-05-24 20:30:00+00:00,2026-05-24 22:30:00+02:00,2026-05-24,22,30,2,6,5,138.61,139.38,,7611.07234,,0.9232581477790416,,9.51000701016216,0.6049249616373262,-6.810000000000002,8.779949683155362,43661.058752,1032.47,-0.7699999999999818
2026-05-24 20:45:00+00:00,2026-05-24 22:45:00+02:00,2026-05-24,22,45,3,6,5,130.53,137.6,,7584.9093,,0.825745036709175,,9.608461548725344,0.7264510048152786,0.8600000000000136,8.718031464344731,43113.595079,937.31,-7.069999999999993
2026-05-24 21:00:00+00:00,2026-05-24 23:00:00+02:00,2026-05-24,23,0,0,6,5,136.91,141.2,,7540.26145,,0.8311917663143751,,4.520188049185563,0.7346324567004353,-1.9699999999999989,8.185896920313617,42323.840891,857.26,-4.289999999999992
2026-05-24 21:15:00+00:00,2026-05-24 23:15:00+02:00,2026-05-24,23,15,1,6,5,131.47,132.8,,7354.95328,,0.8944308727609364,,3.4039535837023345,0.7792621763622941,-1.0200000000000102,8.00724991836647,41754.591941,793.79,-1.3300000000000125
2026-05-24 21:30:00+00:00,2026-05-24 23:30:00+02:00,2026-05-24,23,30,2,6,5,127.63,127.21,,7166.99893,,0.8819415240417491,,1.8925467849787323,0.7829726172246777,-1.5600000000000023,8.202782837826481,41203.645425,735.35,0.4200000000000017
2026-05-24 21:45:00+00:00,2026-05-24 23:45:00+02:00,2026-05-24,23,45,3,6,5,125.11,127.35,,6973.02466,,0.9027734920155227,,0.7843681108595271,0.8994348119209018,-2.180000000000007,7.065772748020691,40728.715869,674.02,-2.239999999999995
2026-05-25 10:00:00+00:00,2026-05-25 12:00:00+02:00,2026-05-25,12,0,0,0,5,-7.26,-10.67,,880.32467,87.8,1.1095914800395534,,13.804459424403406,0.6947911782242002,16.439999999999998,0.427598117366501,46294.007669,2947.02,3.41
2026-05-25 10:15:00+00:00,2026-05-25 12:15:00+02:00,2026-05-25,12,15,1,0,5,-7.37,-11.33,,897.3563,86.95,1.174344624692683,,16.06826790084523,0.7046638563026753,11.04,0.3792388770569598,46004.325424,3082.67,3.96
2026-05-25 10:30:00+00:00,2026-05-25 12:30:00+02:00,2026-05-25,12,30,2,0,5,-11.81,-13.06,,924.14425,86.85,1.0888311223383573,,19.979259245527597,0.7396972114131238,13.79,0.33750260455327424,45880.163007,3216.31,1.25
2026-05-25 10:45:00+00:00,2026-05-25 12:45:00+02:00,2026-05-25,12,45,3,0,5,-15.01,-15.79,,933.73075,85.6,0.5129169480816254,,4.235756524321637,0.7512632068840911,14.989999999999998,0.28417463405746174,45692.355571,3352.31,0.7799999999999994
2026-05-25 11:00:00+00:00,2026-05-25 13:00:00+02:00,2026-05-25,13,0,0,0,5,-17.59,-22.07,,957.49307,86.21,0.5264970911997215,,2.98035792034,0.7671550092981568,20.02,0.28326639401913606,44967.988297,3487.32,4.48
2026-05-25 11:15:00+00:00,2026-05-25 13:15:00+02:00,2026-05-25,13,15,1,0,5,-24.0,-27.45,,980.50869,86.18,1.0731412376475895,,30.660497930290255,0.8319102875912304,23.070000000000007,0.29521903023475776,44621.133966,3609.17,3.4499999999999993
2026-05-25 11:30:00+00:00,2026-05-25 13:30:00+02:00,2026-05-25,13,30,2,0,5,-34.56,-32.66,,1026.85558,85.49,0.3739696510948005,,9.610634734501149,0.8756725910005623,25.63,0.28258111833479327,44243.3934,3720.2,-1.9000000000000057
2026-05-25 11:45:00+00:00,2026-05-25 13:45:00+02:00,2026-05-25,13,45,3,0,5,-38.17,-35.0,,1071.87902,82.12,0.343274821860808,,4.275499970763654,0.8998147137333277,22.14,0.2553016934665098,43834.749557,3832.3,-3.1700000000000017
2026-05-25 12:00:00+00:00,2026-05-25 14:00:00+02:00,2026-05-25,14,0,0,0,5,-28.46,-209.31,,1120.18598,83.99,0.9973259937776202,,30.627063739988742,0.8463483627798389,18.64,0.22780818298339922,43619.887544,3752.47,180.85
2026-05-25 12:15:00+00:00,2026-05-25 14:15:00+02:00,2026-05-25,14,15,1,0,5,-27.28,-30.0,,1176.8731,84.08,0.5933290112897722,,7.919147681411178,0.8565361557182987,12.059999999999999,0.2786377506785281,43287.293553,3609.98,2.719999999999999
2026-05-25 12:30:00+00:00,2026-05-25 14:30:00+02:00,2026-05-25,14,30,2,0,5,-24.43,-25.01,,1258.40399,82.05,1.0647842212415208,,18.565584648303787,0.8448428367263265,20.03,0.3306676215049735,42873.882299,3601.54,0.5800000000000018
2026-05-25 12:45:00+00:00,2026-05-25 14:45:00+02:00,2026-05-25,14,45,3,0,5,-17.41,-21.36,,1361.89445,80.68,0.9956810471358795,,16.998130289338686,0.8115671882504688,15.29,0.3847113155174539,42470.789903,3591.16,3.9499999999999993
2026-05-25 13:00:00+00:00,2026-05-25 15:00:00+02:00,2026-05-25,15,0,0,0,5,-13.43,-94.5,,1492.14281,82.71,0.4042611841878693,,8.420904543654045,0.8220816865835406,2.8099999999999987,0.37672599460856326,42649.328792,3572.08,81.07
2026-05-25 13:15:00+00:00,2026-05-25 15:15:00+02:00,2026-05-25,15,15,1,0,5,-9.05,-82.01,,1608.80648,83.02,1.2680186868253522,,30.171669382606815,0.8345336270394862,6.9,0.35045406056695505,42329.920213,3540.69,72.96000000000001
2026-05-25 13:30:00+00:00,2026-05-25 15:30:00+02:00,2026-05-25,15,30,2,0,5,-4.03,-100.0,,1748.02402,83.3,0.7049795543006954,,5.973151038885032,0.851413354859724,3.129999999999999,0.5602879715232039,41929.155805,3510.25,95.97
2026-05-25 13:45:00+00:00,2026-05-25 15:45:00+02:00,2026-05-25,15,45,3,0,5,-5.0,-5.0,,1861.70649,84.01,1.0358140063253192,,12.721631184718413,0.9589883732138714,15.120000000000001,1.0571052260467944,41629.088425,3483.89,0.0
2026-05-25 14:00:00+00:00,2026-05-25 16:00:00+02:00,2026-05-25,16,0,0,0,5,-6.55,-30.0,,1982.27009,83.06,0.4953833609457537,,10.41555087357361,0.9214701222151874,0.2500000000000001,0.7551006365093962,42112.942673,3443.61,23.45
2026-05-25 14:15:00+00:00,2026-05-25 16:15:00+02:00,2026-05-25,16,15,1,0,5,-1.34,-10.0,,2163.81975,86.93,0.45112687472101654,,2.386992528964709,1.0131474813790058,2.25,1.3799238819898463,41962.902413,3361.91,8.66
2026-05-25 14:30:00+00:00,2026-05-25 16:30:00+02:00,2026-05-25,16,30,2,0,5,-0.08,-4.95,,2337.35086,86.0,1.1362157414410068,,14.488364296910813,1.1102841400210928,-2.13,1.7207736875897863,41943.961091,3283.75,4.87
2026-05-25 14:45:00+00:00,2026-05-25 16:45:00+02:00,2026-05-25,16,45,3,0,5,1.99,-0.1,,2481.47482,87.29,0.5231172223873869,,10.045630891088917,1.0861056754338807,1.04,1.8937657862353452,42389.359274,3207.81,2.09
2026-05-25 15:00:00+00:00,2026-05-25 17:00:00+02:00,2026-05-25,17,0,0,0,5,0.21,0.0,,2603.73097,87.58,0.49044870649753425,,11.83830365100226,1.1129262668907074,0.01,1.8209681886667604,43317.909526,3122.29,0.21
2026-05-25 15:15:00+00:00,2026-05-25 17:15:00+02:00,2026-05-25,17,15,1,0,5,5.37,1.34,,2688.44812,99.99,1.0820417749898412,,17.8664191525144,1.1500735715785606,-2.259999999999991,1.949536922465144,42944.531575,3074.73,4.03
2026-05-25 15:30:00+00:00,2026-05-25 17:30:00+02:00,2026-05-25,17,30,2,0,5,27.99,15.01,,2749.0982,104.92,0.4101578292092817,,2.791851237679639,1.2146023040620515,-8.260000000000005,2.486922200050213,42837.306551,3035.94,12.979999999999999
2026-05-25 15:45:00+00:00,2026-05-25 17:45:00+02:00,2026-05-25,17,45,3,0,5,88.0,30.0,,2814.71669,111.11,0.479754004125814,,13.41708239521544,1.2093876763284308,-11.27,3.321004783883993,43171.127244,2986.2,58.0
2026-05-25 16:00:00+00:00,2026-05-25 18:00:00+02:00,2026-05-25,18,0,0,0,5,78.56,62.52,,2869.54766,107.86,0.6108534307416412,,10.786632158988889,1.1421764233649496,6.920000000000002,3.7003413594729677,43967.249836,2950.75,16.04
2026-05-25 16:15:00+00:00,2026-05-25 18:15:00+02:00,2026-05-25,18,15,1,0,5,107.78,105.58,,2891.25174,114.98,0.5739287436460365,,5.150207115576363,0.8568670159926706,-6.159999999999997,5.97502388302199,44207.056652,2990.71,2.200000000000003
2026-05-25 16:30:00+00:00,2026-05-25 18:30:00+02:00,2026-05-25,18,30,2,0,5,136.01,140.97,,2914.17095,119.08,0.4861667569878398,,3.8740719318739254,0.631416755349789,-11.409999999999997,7.23299485500088,44726.677718,3035.56,-4.960000000000008
2026-05-25 16:45:00+00:00,2026-05-25 18:45:00+02:00,2026-05-25,18,45,3,0,5,146.83,157.76,,2940.54944,120.08,0.662852588262039,,10.306475310858373,0.5324095992480429,-8.490000000000009,7.695792106190151,44933.354697,3109.87,-10.929999999999978
2026-05-25 17:00:00+00:00,2026-05-25 19:00:00+02:00,2026-05-25,19,0,0,0,5,132.73,124.99,,2965.61755,128.78,0.3217518860605682,,3.280873867330679,0.6734385418680526,2.6399999999999864,8.985411244390036,45692.852553,3166.58,7.739999999999995
2026-05-25 17:15:00+00:00,2026-05-25 19:15:00+02:00,2026-05-25,19,15,1,0,5,145.25,142.68,,3062.39788,132.0,0.9036851735800011,,15.022188034149126,0.7413869455523526,0.4399999999999977,8.418003743788995,45285.51391,3298.65,2.569999999999993
2026-05-25 17:30:00+00:00,2026-05-25 19:30:00+02:00,2026-05-25,19,30,2,0,5,151.07,142.6,,3156.29642,132.0,1.2317143944373814,,13.742710795181562,0.6471382916156971,-6.8300000000000125,8.075280256491391,45178.741595,3425.95,8.469999999999999
2026-05-25 17:45:00+00:00,2026-05-25 19:45:00+02:00,2026-05-25,19,45,3,0,5,168.12,179.1,,3255.84174,137.0,0.333754391602814,,9.563902620443876,0.5849616009970015,-22.72,5.453927008147159,44870.442867,3542.04,-10.97999999999999
2026-05-25 18:00:00+00:00,2026-05-25 20:00:00+02:00,2026-05-25,20,0,0,0,5,157.77,154.32,,3361.73188,134.46,1.5749177714038871,,24.579294809520757,0.8124170237693235,-4.780000000000001,6.492840749130932,45236.29169,3682.11,3.450000000000017
2026-05-25 18:15:00+00:00,2026-05-25 20:15:00+02:00,2026-05-25,20,15,1,0,5,166.01,168.56,,3601.14434,136.34,0.8147677594986217,,9.361262379259191,0.7131013412374554,-6.4199999999999875,6.137883186778805,45455.985004,3907.78,-2.5500000000000114
2026-05-25 18:30:00+00:00,2026-05-25 20:30:00+02:00,2026-05-25,20,30,2,0,5,184.96,180.76,,3834.81641,137.12,0.7746436349640407,,16.13372038103218,0.6827580560218656,-6.0,5.737109739784601,45094.229766,4134.34,4.200000000000017
2026-05-25 18:45:00+00:00,2026-05-25 20:45:00+02:00,2026-05-25,20,45,3,0,5,189.83,176.6,,4058.24911,136.88,0.9173165805956988,,14.998674385869354,0.8261009794636683,-0.6700000000000159,5.187487843722125,44967.263215,4354.73,13.230000000000018
2026-05-25 19:00:00+00:00,2026-05-25 21:00:00+02:00,2026-05-25,21,0,0,0,5,181.11,189.4,,4258.15892,136.91,1.1005501685772061,,4.043579272542274,0.7506771686289319,-1.2199999999999989,6.201076825544115,44785.871499,4570.51,-8.289999999999992
2026-05-25 19:15:00+00:00,2026-05-25 21:15:00+02:00,2026-05-25,21,15,1,0,5,173.28,176.68,,4491.83217,134.95,1.3188930030667687,,16.56687759758408,0.7056401568371574,-2.719999999999999,7.077873187410375,44585.037008,4802.58,-3.4000000000000057
2026-05-25 19:30:00+00:00,2026-05-25 21:30:00+02:00,2026-05-25,21,30,2,0,5,162.92,162.73,,4750.0677,131.91,0.6557449661424228,,7.929075187771472,0.6125326371487164,-14.650000000000006,7.670231935395546,44401.739705,5023.65,0.18999999999999773
2026-05-25 19:45:00+00:00,2026-05-25 21:45:00+02:00,2026-05-25,21,45,3,0,5,156.72,169.48,,5021.776,120.0,0.7366842958809688,,7.164386458960275,0.63145376295845,-15.439999999999998,7.9003180708811,44107.736767,5245.01,-12.759999999999991
2026-05-25 20:00:00+00:00,2026-05-25 22:00:00+02:00,2026-05-25,22,0,0,0,5,170.01,178.47,,5283.88065,130.19,1.0643800619157773,,9.680006887049899,0.6583564814517715,-0.4099999999999966,7.298686076420549,43905.622062,5431.66,-8.460000000000008
2026-05-25 20:15:00+00:00,2026-05-25 22:15:00+02:00,2026-05-25,22,15,1,0,5,159.79,165.0,,5445.84331,123.2,1.1637182575869387,,13.182742506777561,0.5351555952575189,3.0900000000000034,8.490606031904704,43617.263446,5579.07,-5.210000000000008
2026-05-25 20:30:00+00:00,2026-05-25 22:30:00+02:00,2026-05-25,22,30,2,0,5,153.52,160.0,,5608.73913,119.61,0.8962220828797213,,10.133178178636758,0.5700385945631922,-0.7699999999999818,8.952289130814668,43095.744256,5739.48,-6.47999999999999
2026-05-25 20:45:00+00:00,2026-05-25 22:45:00+02:00,2026-05-25,22,45,3,0,5,144.68,167.26,,5767.14877,115.0,0.8245008460361779,,8.500566647779037,0.6845699097960967,-7.069999999999993,8.953411800868547,42710.899296,5889.73,-22.579999999999984
2026-05-25 21:00:00+00:00,2026-05-25 23:00:00+02:00,2026-05-25,23,0,0,0,5,144.43,149.1,,5903.09559,116.49,0.7305477561080154,,4.1350977416904335,0.6577773081825828,-4.289999999999992,8.227939933078812,42168.114524,5988.21,-4.6699999999999875
2026-05-25 21:15:00+00:00,2026-05-25 23:15:00+02:00,2026-05-25,23,15,1,0,5,143.86,142.5,,5912.52033,110.21,0.8116908227208972,,2.790023894760276,0.6972448398288553,-1.3300000000000125,8.0032944920146,41682.591299,5991.34,1.3600000000000136
2026-05-25 21:30:00+00:00,2026-05-25 23:30:00+02:00,2026-05-25,23,30,2,0,5,138.73,140.99,,5921.10745,106.3,0.8505343883527682,,1.0759801732993672,0.6896962116622469,0.1599999999999966,8.139164702917038,41176.697819,5988.56,-2.2600000000000193
2026-05-25 21:45:00+00:00,2026-05-25 23:45:00+02:00,2026-05-25,23,45,3,0,5,128.76,131.51,,5926.86014,99.0,0.8228218109524034,,0.7958852513606092,0.7665948068850448,-2.239999999999995,6.978083314698591,40695.221829,5991.24,-2.75
2026-05-27 10:00:00+00:00,2026-05-27 12:00:00+02:00,2026-05-27,12,0,0,2,5,3.51,9.55,,6534.97436,,0.9829219655706004,,1.5485638507986164,0.349220779634916,4.505000000000001,0.44533195816999965,60116.246568,310.71,-6.040000000000001
2026-05-27 10:15:00+00:00,2026-05-27 12:15:00+02:00,2026-05-27,12,15,1,2,5,1.88,-0.74,,6658.12339,,1.063344613200919,,5.006316010800727,0.3457076719025543,7.5,0.3757382790785103,59974.06553,287.23,2.62
2026-05-27 10:30:00+00:00,2026-05-27 12:30:00+02:00,2026-05-27,12,30,2,2,5,1.74,-1.84,,6705.64927,,1.0739559507863077,,8.032733034279216,0.40287525868351404,6.93,0.3327890394374775,60150.181949,255.88,3.58
2026-05-27 10:45:00+00:00,2026-05-27 12:45:00+02:00,2026-05-27,12,45,3,2,5,1.49,-6.76,,6806.07773,,0.4117053198386544,,14.962379489907347,0.4422283615977957,11.36,0.30690205315497593,60081.414917,230.35,8.25
2026-05-27 11:00:00+00:00,2026-05-27 13:00:00+02:00,2026-05-27,13,0,0,2,5,2.05,-1.17,,6955.13382,,0.37652809231004547,,14.340125522463183,0.42740971710667264,14.62,0.28882623588183365,59845.408914,209.62,3.2199999999999998
2026-05-27 11:15:00+00:00,2026-05-27 13:15:00+02:00,2026-05-27,13,15,1,2,5,1.96,-0.7,,7167.39121,,1.0109683564644922,,13.873435046880084,0.522682666098797,13.260000000000003,0.2911842035899306,59608.319316,195.86,2.66
2026-05-27 11:30:00+00:00,2026-05-27 13:30:00+02:00,2026-05-27,13,30,2,2,5,4.39,-2.0,,7413.03984,,0.34834167190869947,,20.42124384066749,0.5843985973370551,12.539999999999996,0.2872257897479226,59342.781337,185.18,6.39
2026-05-27 11:45:00+00:00,2026-05-27 13:45:00+02:00,2026-05-27,13,45,3,2,5,3.61,-3.47,,7709.60732,,0.31688357282694407,,17.89687263183152,0.6369924283179406,9.485,0.26693481783643325,59032.091724,172.55,7.08
2026-05-27 12:00:00+00:00,2026-05-27 14:00:00+02:00,2026-05-27,14,0,0,2,5,2.01,-3.09,,8068.39872,,1.4355140856836544,,77.40697933649136,0.5294593381135069,126.115,0.26038891108641876,58838.035222,140.27,5.1
2026-05-27 12:15:00+00:00,2026-05-27 14:15:00+02:00,2026-05-27,14,15,1,2,5,1.99,-1.28,,8396.37172,,0.40429142965059517,,14.686607845244595,0.5301898964644481,13.105,0.2910048889702821,58315.219812,142.2,3.27
2026-05-27 12:30:00+00:00,2026-05-27 14:30:00+02:00,2026-05-27,14,30,2,2,5,1.99,-1.62,,8687.49727,,0.9666543439290963,,13.75322689407837,0.5064462123681801,10.305000000000001,0.332404163572516,58342.505375,142.21,3.6100000000000003
2026-05-27 12:45:00+00:00,2026-05-27 14:45:00+02:00,2026-05-27,14,45,3,2,5,0.82,-1.77,,9004.63265,,0.7909428167400344,,5.041671349860051,0.4801278560433607,7.515000000000001,0.3880798003470503,58079.874406,144.2,2.59
2026-05-27 13:00:00+00:00,2026-05-27 15:00:00+02:00,2026-05-27,15,0,0,2,5,2.94,-1.8,,9373.1993,,1.1713559685635304,,45.07098623283054,0.4602328074492219,49.199999999999996,0.3811682144684545,58039.315803,147.16,4.74
2026-05-27 13:15:00+00:00,2026-05-27 15:15:00+02:00,2026-05-27,15,15,1,2,5,1.86,-2.02,,9945.79691,,1.4464807267298214,,12.770348468229045,0.4218261593544532,63.93000000000001,0.38867518051070393,57611.472199,156.75,3.88
2026-05-27 13:30:00+00:00,2026-05-27 15:30:00+02:00,2026-05-27,15,30,2,2,5,5.0,-1.9,,10615.21629,,1.6464747558327684,,68.30651506262049,0.5348027001453071,47.67,0.6598090986073883,57278.278536,166.36,6.9
2026-05-27 13:45:00+00:00,2026-05-27 15:45:00+02:00,2026-05-27,15,45,3,2,5,3.62,-1.09,,11140.53884,,0.9231430497350138,,10.691454531540597,0.7386315499821621,7.5600000000000005,1.1565941316667354,56908.514425,172.76,4.71
2026-05-27 14:00:00+00:00,2026-05-27 16:00:00+02:00,2026-05-27,16,0,0,2,5,8.48,-1.88,,11603.24816,,0.674812333310827,,6.745798692519672,0.5788404494202181,18.68,0.8810498844778253,57188.607837,188.7,10.36
2026-05-27 14:15:00+00:00,2026-05-27 16:15:00+02:00,2026-05-27,16,15,1,2,5,10.2,-0.91,,12088.13072,,0.4405902267960517,,4.532554467405769,0.8308934603092727,5.455,1.388203627952418,57318.805482,206.88,11.11
2026-05-27 14:30:00+00:00,2026-05-27 16:30:00+02:00,2026-05-27,16,30,2,2,5,10.5,-0.01,,12654.84929,,0.9708073600429848,,4.949747468305828,1.0566813859763151,1.37,1.7310389952792473,57133.250061,230.37,10.51
2026-05-27 14:45:00+00:00,2026-05-27 16:45:00+02:00,2026-05-27,16,45,3,2,5,24.0,6.46,,13301.69755,,0.42309451269383175,,0.7424621202458913,1.068188999600735,1.565,1.8180544956743274,56897.184649,248.18,17.54
2026-05-27 15:00:00+00:00,2026-05-27 17:00:00+02:00,2026-05-27,17,0,0,2,5,31.57,2.0,,14068.55087,,0.5491110922434389,,0.14142135623744617,0.9887180096036076,0.11,1.7840152291060198,57544.896806,269.04,29.57
2026-05-27 15:15:00+00:00,2026-05-27 17:15:00+02:00,2026-05-27,17,15,1,2,5,54.94,5.0,,14575.35108,,1.4357731550598392,,21.672822843367683,1.0458386338425234,-11.295,1.8834881342117604,57579.487856,301.95,49.94
2026-05-27 15:30:00+00:00,2026-05-27 17:30:00+02:00,2026-05-27,17,30,2,2,5,69.79,43.39,,14916.3277,,0.7989315428291707,,11.737972567696689,1.193243219615538,4.68,2.44130916384221,57954.939154,334.11,26.400000000000006
2026-05-27 15:45:00+00:00,2026-05-27 17:45:00+02:00,2026-05-27,17,45,3,2,5,106.01,54.18,,15063.74502,,1.1444927858335077,,48.98128673279215,1.250757027278827,23.365000000000002,3.5721123266862276,58049.441015,367.84,51.830000000000005
2026-05-27 16:00:00+00:00,2026-05-27 18:00:00+02:00,2026-05-27,18,0,0,2,5,91.65,38.62,,15199.21687,,0.5874525320064321,,0.9475230867900094,1.1093002527741727,16.71,3.9581303969967467,58279.593105,404.82,53.03000000000001
2026-05-27 16:15:00+00:00,2026-05-27 18:15:00+02:00,2026-05-27,18,15,1,2,5,114.7,94.21,,15205.48311,,0.8352904463348878,,2.3263813101037414,0.8819297891388678,0.5550000000000068,7.084106544421578,58212.447602,435.02,20.49000000000001
2026-05-27 16:30:00+00:00,2026-05-27 18:30:00+02:00,2026-05-27,18,30,2,2,5,138.56,121.37,,15213.65839,,0.531262527073038,,7.756961389616427,0.7133809614240387,-10.445000000000007,8.834046839571474,58275.515257,469.2,17.189999999999998
2026-05-27 16:45:00+00:00,2026-05-27 18:45:00+02:00,2026-05-27,18,45,3,2,5,151.05,143.35,,15220.93421,,0.6386183833310468,,6.455884912233182,0.5126677076064077,-6.364999999999981,8.996938948985717,58469.448394,504.43,7.700000000000017
2026-05-27 17:00:00+00:00,2026-05-27 19:00:00+02:00,2026-05-27,19,0,0,2,5,136.52,113.08,,15194.82618,,0.4586998788156107,,1.7536248173426396,0.5129122568795824,6.499999999999993,10.146077816807365,58499.229934,530.58,23.440000000000012
2026-05-27 17:15:00+00:00,2026-05-27 19:15:00+02:00,2026-05-27,19,15,1,2,5,147.52,131.87,,14968.87114,,1.037308501624054,,1.5061374439273687,0.6286514050995058,1.5049999999999955,9.18948388473495,58356.567005,566.92,15.650000000000006
2026-05-27 17:30:00+00:00,2026-05-27 19:30:00+02:00,2026-05-27,19,30,2,2,5,156.0,150.0,,14734.09616,,1.4193433200264614,,5.4022958082651975,0.5798548352977828,4.650000000000006,9.035283098735384,58180.328913,599.44,6.0
2026-05-27 17:45:00+00:00,2026-05-27 19:45:00+02:00,2026-05-27,19,45,3,2,5,172.17,152.99,,14491.41745,,0.35484078410894637,,8.775195154525052,0.5734753458663552,-17.184999999999988,6.390041392843517,58066.019141,634.01,19.17999999999998
2026-05-27 18:00:00+00:00,2026-05-27 20:00:00+02:00,2026-05-27,20,0,0,2,5,159.28,157.39,,14243.75719,,1.530635399323871,,5.819488809165306,0.7636051653792786,-0.664999999999992,7.723297470629185,57642.477222,665.49,1.8900000000000148
2026-05-27 18:15:00+00:00,2026-05-27 20:15:00+02:00,2026-05-27,20,15,1,2,5,161.4,162.41,,14113.55902,,0.8619142994688853,,2.7365032431919225,0.8090223085157859,-4.484999999999999,7.313325101147303,57092.668408,678.14,-1.009999999999991
2026-05-27 18:30:00+00:00,2026-05-27 20:30:00+02:00,2026-05-27,20,30,2,2,5,178.3,164.87,,13976.14572,,0.9445207049059094,,2.5314422766478124,0.7558021986043201,2.410000000000011,6.4791415861964765,56608.169899,688.78,13.430000000000007
2026-05-27 18:45:00+00:00,2026-05-27 20:45:00+02:00,2026-05-27,20,45,3,2,5,182.18,181.61,,13821.57717,,1.1117704663830492,,9.48230193571159,0.8389949514451691,6.52500000000002,5.948355923390099,55970.64791,700.96,0.5699999999999932
2026-05-27 19:00:00+00:00,2026-05-27 21:00:00+02:00,2026-05-27,21,0,0,2,5,186.95,179.8,,13654.28149,,1.0580234280238174,,1.2515790027002487,0.8537248866735417,-7.405000000000001,7.100566325746106,55499.146188,711.86,7.149999999999977
2026-05-27 19:15:00+00:00,2026-05-27 21:15:00+02:00,2026-05-27,21,15,1,2,5,171.67,165.8,,13549.06901,,1.2921562836328975,,0.480832611206957,0.6912370629660853,-3.0600000000000023,8.538587001545244,55013.260449,719.34,5.869999999999976
2026-05-27 19:30:00+00:00,2026-05-27 21:30:00+02:00,2026-05-27,21,30,2,2,5,160.58,154.84,,13470.77259,,0.8220971650204484,,1.562705986422323,0.6429368093216757,-0.9150000000000063,9.551513002568964,54200.159506,724.87,5.740000000000009
2026-05-27 19:45:00+00:00,2026-05-27 21:45:00+02:00,2026-05-27,21,45,3,2,5,153.68,164.99,,13399.80554,,0.8289451328827135,,3.613315651863248,0.6248854226824097,-10.204999999999998,9.304766235449536,53402.100416,729.67,-11.310000000000002
2026-05-27 20:00:00+00:00,2026-05-27 22:00:00+02:00,2026-05-27,22,0,0,2,5,161.48,155.38,,13185.83992,,1.076970912317543,,5.692209588551718,0.5373460662589359,-4.435000000000002,8.906534660368777,52580.145648,735.3,6.099999999999994
2026-05-27 20:15:00+00:00,2026-05-27 22:15:00+02:00,2026-05-27,22,15,1,2,5,151.17,149.1,,12944.82642,,1.2108705434305918,,7.254915574973989,0.49859181859886503,-0.0799999999999983,10.13260977835282,51572.619801,722.03,2.069999999999993
2026-05-27 20:30:00+00:00,2026-05-27 22:30:00+02:00,2026-05-27,22,30,2,2,5,146.21,141.5,,12704.12044,,0.9434296477592576,,4.0375797205751915,0.5545377616037991,-3.624999999999986,10.503067847845188,50637.837211,715.91,4.710000000000008
2026-05-27 20:45:00+00:00,2026-05-27 22:45:00+02:00,2026-05-27,22,45,3,2,5,136.42,132.8,,12456.60869,,1.3310628464828234,,10.967226176203347,0.6900969850777685,-14.824999999999989,10.910089164441134,49683.173092,710.9,3.619999999999976
2026-05-27 21:00:00+00:00,2026-05-27 23:00:00+02:00,2026-05-27,23,0,0,2,5,145.87,143.6,,12190.28358,,0.43197402597823764,,0.26870057685086746,0.45688176168837885,-4.47999999999999,9.950134934080934,48763.072668,702.15,2.2700000000000102
2026-05-27 21:15:00+00:00,2026-05-27 23:15:00+02:00,2026-05-27,23,15,1,2,5,137.01,136.6,,11826.59469,,0.49682055275383735,,1.9021172413918308,0.4970776175359238,0.015000000000000568,9.93718100980868,48004.924485,694.8,0.4099999999999966
2026-05-27 21:30:00+00:00,2026-05-27 23:30:00+02:00,2026-05-27,23,30,2,2,5,133.8,130.27,,11459.41351,,0.35927950263200015,,1.8950461735799622,0.43208327153381026,-0.9200000000000088,10.01916898363138,47286.649059,688.58,3.530000000000001
2026-05-27 21:45:00+00:00,2026-05-27 23:45:00+02:00,2026-05-27,23,45,3,2,5,132.23,128.92,,11090.48255,,0.10873955308527385,,0.3606244584051433,0.358594460167443,-2.4949999999999974,9.016115339576531,46613.074761,681.45,3.3100000000000023
2026-05-28 10:00:00+00:00,2026-05-28 12:00:00+02:00,2026-05-28,12,0,0,3,5,-4.16,0.03,,669.58848,43.56,0.935129024661104,,6.682159082212875,0.3186122725955206,-1.3150000000000004,0.45425650381848703,62243.718669,1354.99,-4.19
2026-05-28 10:15:00+00:00,2026-05-28 12:15:00+02:00,2026-05-28,12,15,1,3,5,-5.82,0.0,,667.50255,35.68,0.955538242891256,,0.9475230867899735,0.318147539654054,3.29,0.3864521637302754,61461.734155,1361.27,-5.82
2026-05-28 10:30:00+00:00,2026-05-28 12:30:00+02:00,2026-05-28,12,30,2,3,5,-5.17,2.38,,669.4271,32.0,0.9717039045990546,,1.6475588001646557,0.3762516057666711,2.415,0.3456309297411366,61229.571552,1373.57,-7.55
2026-05-28 10:45:00+00:00,2026-05-28 12:45:00+02:00,2026-05-28,12,45,3,3,5,-5.82,2.09,,676.10422,23.98,0.37695858916476743,,5.282087655463511,0.4176493781509891,4.515,0.3209369002115475,61314.542051,1385.93,-7.91
2026-05-28 11:00:00+00:00,2026-05-28 13:00:00+02:00,2026-05-28,13,0,0,3,5,-5.82,-1.27,,684.77288,25.76,0.38231669127722573,,0.8909545442950504,0.404354231798056,3.85,0.3011451312414522,60728.460935,1403.01,-4.550000000000001
2026-05-28 11:15:00+00:00,2026-05-28 13:15:00+02:00,2026-05-28,13,15,1,3,5,-6.01,-0.01,,705.50238,20.01,0.9257992967580013,,0.558614357137372,0.49650421733138383,3.0549999999999997,0.30317188461854644,60631.634078,1428.13,-6.0
2026-05-28 11:30:00+00:00,2026-05-28 13:30:00+02:00,2026-05-28,13,30,2,3,5,-5.82,1.82,,728.85009,17.19,0.32228820308743744,,5.861915216036483,0.5660344778987506,2.244999999999997,0.30057646556007406,60179.862522,1457.25,-7.640000000000001
2026-05-28 11:45:00+00:00,2026-05-28 13:45:00+02:00,2026-05-28,13,45,3,3,5,-6.48,-0.03,,756.31391,13.72,0.28987059423813966,,7.247844507162114,0.6174466994305137,1.9549999999999992,0.2803763684709838,59318.373871,1486.37,-6.45
2026-05-28 12:00:00+00:00,2026-05-28 14:00:00+02:00,2026-05-28,14,0,0,3,5,-5.45,-0.02,,790.08745,18.39,1.354887450544605,,124.27401679353572,0.5133591842872471,92.975,0.27483780715489164,59304.330744,1442.6,-5.430000000000001
2026-05-28 12:15:00+00:00,2026-05-28 14:15:00+02:00,2026-05-28,14,15,1,3,5,-3.27,1.07,,837.12523,15.88,0.39381783051509645,,0.3889087296526021,0.5065683076522352,2.994999999999999,0.30441420683174736,58692.698741,1483.69,-4.34
2026-05-28 12:30:00+00:00,2026-05-28 14:30:00+02:00,2026-05-28,14,30,2,3,5,-3.99,-0.18,,892.41299,16.01,0.9160044755347104,,2.142533546995238,0.48152143773770745,2.095000000000001,0.348338926399428,58732.049105,1539.79,-3.81
2026-05-28 12:45:00+00:00,2026-05-28 14:45:00+02:00,2026-05-28,14,45,3,3,5,-2.0,0.25,,962.74613,18.14,0.7734537635632744,,0.9616652224137042,0.44918072836385997,3.2699999999999996,0.4050657362470239,58405.243173,1577.9,-2.25
2026-05-28 13:00:00+00:00,2026-05-28 15:00:00+02:00,2026-05-28,15,0,0,3,5,-4.97,-1.71,,1042.08629,17.2,1.0780192425266968,,53.973460607969166,0.4287634536931588,42.904999999999994,0.39480993682010185,58352.259753,1615.86,-3.26
2026-05-28 13:15:00+00:00,2026-05-28 15:15:00+02:00,2026-05-28,15,15,1,3,5,-1.89,0.01,,1120.65111,19.73,1.318482367881522,,48.84693644436671,0.3888253216310959,38.42,0.40037617292117195,57605.241314,1635.58,-1.9
2026-05-28 13:30:00+00:00,2026-05-28 15:30:00+02:00,2026-05-28,15,30,2,3,5,5.84,0.84,,1185.34179,35.08,1.4951833248259538,,62.98200100028579,0.4953325238034789,51.435,0.6808392041017455,57339.952473,1662.4,5.0
2026-05-28 13:45:00+00:00,2026-05-28 15:45:00+02:00,2026-05-28,15,45,3,3,5,9.17,4.34,,1244.36798,60.0,0.8750615124286704,,3.3304729393886388,0.6851894733477433,2.355,1.181098956353625,56957.166529,1683.34,4.83
2026-05-28 14:00:00+00:00,2026-05-28 16:00:00+02:00,2026-05-28,16,0,0,3,5,13.6,26.42,,1295.22208,47.7,0.6030502075558261,,9.256027765731908,0.5347578090550066,16.905,0.908677365111233,57123.925977,1713.91,-12.820000000000002
2026-05-28 14:15:00+00:00,2026-05-28 16:15:00+02:00,2026-05-28,16,15,1,3,5,18.44,10.0,,1339.27106,66.33,0.5736787103003033,,1.732411613907041,0.7667508731673928,9.885,1.4128228433185512,57071.338577,1744.73,8.440000000000001
2026-05-28 14:30:00+00:00,2026-05-28 16:30:00+02:00,2026-05-28,16,30,2,3,5,48.22,52.31,,1378.5204,86.05,0.9733442011197889,,3.988082245892128,0.9790797112498786,7.6899999999999995,1.7476193562557085,56583.192255,1772.53,-4.090000000000003
2026-05-28 14:45:00+00:00,2026-05-28 16:45:00+02:00,2026-05-28,16,45,3,3,5,87.66,60.01,,1412.50113,97.43,0.5838424462574596,,10.924799769332159,0.9933010013547242,9.815,1.8682009930069137,56709.238611,1796.55,27.65
2026-05-28 15:00:00+00:00,2026-05-28 17:00:00+02:00,2026-05-28,17,0,0,3,5,75.5,65.43,,1445.83,80.34,0.8066401947040129,,20.760655095637038,0.9263359306054683,14.89,1.8683399297580208,57352.038777,1841.52,10.069999999999993
2026-05-28 15:15:00+00:00,2026-05-28 17:15:00+02:00,2026-05-28,17,15,1,3,5,92.46,92.56,,1461.1987,92.77,1.5688331217167253,,32.46327232427439,1.0042934098941099,26.985,2.0043958041591536,57342.639396,1860.22,-0.10000000000000853
2026-05-28 15:30:00+00:00,2026-05-28 17:30:00+02:00,2026-05-28,17,30,2,3,5,108.0,114.99,,1479.08174,104.23,1.1118594991875126,,9.489373003523474,1.1851383414096266,19.69,2.7060096753346037,57509.058268,1906.03,-6.989999999999995
2026-05-28 15:45:00+00:00,2026-05-28 17:45:00+02:00,2026-05-28,17,45,3,3,5,124.04,143.02,,1493.90342,119.46,1.1807560564225172,,4.362848839920997,1.305630003639507,54.915000000000006,4.142157540085527,57978.625084,1924.75,-18.980000000000004
2026-05-28 16:00:00+00:00,2026-05-28 18:00:00+02:00,2026-05-28,18,0,0,3,5,105.28,110.33,,1510.51354,104.85,1.126122207642932,,26.1558798360904,1.1737794968345951,34.535000000000004,4.663072466840018,58506.282317,1936.36,-5.049999999999997
2026-05-28 16:15:00+00:00,2026-05-28 18:15:00+02:00,2026-05-28,18,15,1,3,5,120.0,131.36,,1509.30923,115.96,1.2875238419042856,,12.932983027901958,0.979156159475963,11.345000000000006,8.72083686744666,58279.379205,1935.1,-11.360000000000014
2026-05-28 16:30:00+00:00,2026-05-28 18:30:00+02:00,2026-05-28,18,30,2,3,5,138.73,147.28,,1507.47728,126.15,1.1630352009623168,,15.66241520328203,0.8000114477939785,6.114999999999995,10.669809868102739,58273.775808,1933.9,-8.550000000000011
2026-05-28 16:45:00+00:00,2026-05-28 18:45:00+02:00,2026-05-28,18,45,3,3,5,163.73,165.3,,1505.38715,137.04,0.8186935001646298,,13.173399333505378,0.5833649309608455,-1.6149999999999807,10.734796844237074,58508.236559,1930.9,-1.5700000000000216
2026-05-28 17:00:00+00:00,2026-05-28 19:00:00+02:00,2026-05-28,19,0,0,3,5,148.63,154.47,,1497.80093,124.48,0.8510611328297573,,11.101576464628808,0.6829794171155554,15.590000000000003,13.100070742863606,58461.767893,1932.01,-5.840000000000003
2026-05-28 17:15:00+00:00,2026-05-28 19:15:00+02:00,2026-05-28,19,15,1,3,5,171.25,173.31,,1526.71846,132.65,1.1321547706560975,,9.24895669792005,0.7397309943804355,9.11,11.517919055406546,58304.005792,1922.8,-2.0600000000000023
2026-05-28 17:30:00+00:00,2026-05-28 19:30:00+02:00,2026-05-28,19,30,2,3,5,205.89,204.14,,1552.62577,140.97,1.3521972914541307,,1.7465537495307715,0.6074479286536539,7.234999999999999,10.4133822434574,58104.662751,1916.62,1.75
2026-05-28 17:45:00+00:00,2026-05-28 19:45:00+02:00,2026-05-28,19,45,3,3,5,258.0,340.83,,1580.73569,150.37,0.7039503525803426,,21.32634052058625,0.5392612832166622,4.099999999999994,6.843890375760554,57764.627683,1903.11,-82.82999999999998
2026-05-28 18:00:00+00:00,2026-05-28 20:00:00+02:00,2026-05-28,20,0,0,3,5,244.12,256.44,,1611.3295,143.01,1.4127487460334793,,1.1030865786510158,0.6956743780965922,2.670000000000016,7.922020616881134,57253.817215,1893.81,-12.319999999999993
2026-05-28 18:15:00+00:00,2026-05-28 20:15:00+02:00,2026-05-28,20,15,1,3,5,293.85,298.32,,1725.48842,148.83,0.779858949724072,,1.0889444430272976,0.7892800410671267,-1.7800000000000011,7.829348457085492,56543.381136,1870.93,-4.46999999999997
2026-05-28 18:30:00+00:00,2026-05-28 20:30:00+02:00,2026-05-28,20,30,2,3,5,345.0,468.31,,1831.62917,153.27,1.0141537025811922,,6.5265955903518265,0.7382672474489188,8.815000000000012,7.26207103699625,55894.814073,1848.07,-123.31
2026-05-28 18:45:00+00:00,2026-05-28 20:45:00+02:00,2026-05-28,20,45,3,3,5,373.24,340.09,,1920.63355,158.74,1.0017280099033712,,8.951971849821708,0.8262969736602047,6.900000000000006,6.632368707103376,55425.184649,1833.11,33.150000000000034
2026-05-28 19:00:00+00:00,2026-05-28 21:00:00+02:00,2026-05-28,21,0,0,3,5,360.97,302.17,,1965.60535,160.17,0.96317654866529,,10.917728701520272,0.8015142641178759,-0.5700000000000074,7.832562983624574,54894.925448,1814.14,58.80000000000001
2026-05-28 19:15:00+00:00,2026-05-28 21:15:00+02:00,2026-05-28,21,15,1,3,5,352.04,275.98,,2000.00527,159.99,1.1803527962983482,,6.554879861599292,0.7170998798134568,1.2349999999999852,9.81912047801264,54270.841841,1786.51,76.06
2026-05-28 19:30:00+00:00,2026-05-28 21:30:00+02:00,2026-05-28,21,30,2,3,5,283.7,361.81,,2051.39046,152.24,0.894054559305146,,3.924442635585347,0.6973312937240819,2.9650000000000034,11.613556068148265,53690.863624,1759.89,-78.11000000000001
2026-05-28 19:45:00+00:00,2026-05-28 21:45:00+02:00,2026-05-28,21,45,3,3,5,204.09,244.12,,2111.30727,145.21,0.7602111980222471,,1.025304832720486,0.6412274857035929,-12.034999999999997,10.97376074388902,52902.657196,1728.23,-40.03
2026-05-28 20:00:00+00:00,2026-05-28 22:00:00+02:00,2026-05-28,22,0,0,3,5,242.54,215.17,,2178.21515,155.84,0.9974477034645118,,10.295474734076134,0.5999947402060414,-1.1800000000000068,10.640108245535034,51935.536656,1713.47,27.370000000000005
2026-05-28 20:15:00+00:00,2026-05-28 22:15:00+02:00,2026-05-28,22,15,1,3,5,204.85,217.18,,2184.334,152.41,1.1337284721336103,,5.147737367038067,0.5711408955227941,-1.5700000000000074,12.82098700155187,51010.447576,1690.2,-12.330000000000013
2026-05-28 20:30:00+00:00,2026-05-28 22:30:00+02:00,2026-05-28,22,30,2,3,5,180.12,190.0,,2192.37873,146.19,0.9649987552086,,7.912524881477466,0.6136784793063107,-0.8849999999999909,13.298799402926832,50063.245827,1673.9,-9.879999999999995
2026-05-28 20:45:00+00:00,2026-05-28 22:45:00+02:00,2026-05-28,22,45,3,3,5,161.3,185.0,,2195.5063,138.19,1.3318800360893064,,18.526197667087516,0.7479953601483513,-9.480000000000004,13.203116779897178,49002.53635,1657.59,-23.69999999999999
2026-05-28 21:00:00+00:00,2026-05-28 23:00:00+02:00,2026-05-28,23,0,0,3,5,172.1,170.0,,2197.80536,145.67,0.5263194808103089,,4.907321061434638,0.4964143218668569,-1.1999999999999886,12.446714770504512,48100.043983,1642.06,2.0999999999999943
2026-05-28 21:15:00+00:00,2026-05-28 23:15:00+02:00,2026-05-28,23,15,1,3,5,162.36,165.0,,2192.66653,137.24,0.4722559800871556,,0.6717514421272323,0.557674981904113,0.8850000000000051,12.236834654001244,47175.618225,1657.88,-2.6399999999999864
2026-05-28 21:30:00+00:00,2026-05-28 23:30:00+02:00,2026-05-28,23,30,2,3,5,151.84,155.42,,2186.36091,130.3,0.5468450394756319,,4.0941482630701245,0.4574610511125845,0.6349999999999909,12.22393241723532,46393.786754,1673.72,-3.579999999999984
2026-05-28 21:45:00+00:00,2026-05-28 23:45:00+02:00,2026-05-28,23,45,3,3,5,148.0,143.88,,2182.18807,126.8,0.40598815790608384,,4.285067093990479,0.3734691859214513,0.28000000000000114,10.816469928592223,45710.525368,1691.62,4.1200000000000045
2026-05-31 10:00:00+00:00,2026-05-31 12:00:00+02:00,2026-05-31,12,0,0,6,5,24.19,10.43,,2686.18118,,0.36745767436483295,,,0.16287515781512454,,0.4590603124795375,50193.202029,3040.19,13.760000000000002
2026-05-31 10:15:00+00:00,2026-05-31 12:15:00+02:00,2026-05-31,12,15,1,6,5,24.0,1.8,,2832.14234,,0.43789034246894715,,,0.19294512495633573,,0.39405318281854196,49897.554227,2954.65,22.2
2026-05-31 10:30:00+00:00,2026-05-31 12:30:00+02:00,2026-05-31,12,30,2,6,5,24.85,-0.01,,2973.92509,,0.5091922516298237,,,0.2959010402175408,,0.3535583081047921,49895.141271,2775.22,24.860000000000003
2026-05-31 10:45:00+00:00,2026-05-31 12:45:00+02:00,2026-05-31,12,45,3,6,5,24.5,-4.11,,3125.87345,,1.1939215941434829,,,0.3618211028226325,,0.3326033374318645,49782.144044,2691.78,28.61
2026-05-31 11:00:00+00:00,2026-05-31 13:00:00+02:00,2026-05-31,13,0,0,6,5,24.0,-0.03,,3273.4503,,0.6638534800556736,,,0.3515353656602696,,0.31297636516603544,49197.457655,2609.91,24.03
2026-05-31 11:15:00+00:00,2026-05-31 13:15:00+02:00,2026-05-31,13,15,1,6,5,23.1,0.73,,3423.34715,,0.5163771580716208,,,0.47048335499757343,,0.31737284890367096,48872.382276,2510.07,22.37
2026-05-31 11:30:00+00:00,2026-05-31 13:30:00+02:00,2026-05-31,13,30,2,6,5,23.0,3.03,,3572.30008,,0.832370242179438,,,0.5713850487894101,,0.31949796447452383,48730.804395,2407.22,19.97
2026-05-31 11:45:00+00:00,2026-05-31 13:45:00+02:00,2026-05-31,13,45,3,6,5,22.02,3.07,,3715.07413,,0.7978308182729631,,,0.6249573479531187,,0.2991645218430881,48367.16015,2298.47,18.95
2026-05-31 12:00:00+00:00,2026-05-31 14:00:00+02:00,2026-05-31,14,0,0,6,5,20.69,-4.11,,3903.86591,,1.8250966958011692,,,0.4985156644336339,,0.28688841443224805,48065.172418,2117.49,24.8
2026-05-31 12:15:00+00:00,2026-05-31 14:15:00+02:00,2026-05-31,14,15,1,6,5,21.81,1.7,,4116.2685,,0.8658066674782334,,,0.4772530630129188,,0.3149797870745424,47822.194051,2030.57,20.11
2026-05-31 12:30:00+00:00,2026-05-31 14:30:00+02:00,2026-05-31,14,30,2,6,5,20.08,3.67,,4336.84835,,0.5802197161540593,,,0.4066061718452195,,0.35708342830094764,47412.982163,1933.68,16.409999999999997
2026-05-31 12:45:00+00:00,2026-05-31 14:45:00+02:00,2026-05-31,14,45,3,6,5,19.99,6.9,,4563.73212,,0.3008585773649298,,,0.3081220527284937,,0.41268912641284716,47206.181698,1844.77,13.089999999999998
2026-05-31 13:00:00+00:00,2026-05-31 15:00:00+02:00,2026-05-31,15,0,0,6,5,20.99,-7.79,,4787.66038,,1.76738893781019,,,0.3100258491289825,,0.39702577246206067,47162.631412,1752.19,28.779999999999998
2026-05-31 13:15:00+00:00,2026-05-31 15:15:00+02:00,2026-05-31,15,15,1,6,5,20.12,2.4,,5059.26625,,1.5487399762310954,,,0.2555464670402473,,0.39970894630424886,47056.678266,1665.13,17.720000000000002
2026-05-31 13:30:00+00:00,2026-05-31 15:30:00+02:00,2026-05-31,15,30,2,6,5,21.01,8.9,,5375.1645,,1.8262139568313767,,,0.22023734625981126,,0.6861435742217665,46791.314533,1584.07,12.110000000000001
2026-05-31 13:45:00+00:00,2026-05-31 15:45:00+02:00,2026-05-31,15,45,3,6,5,30.0,12.75,,5722.72297,,0.4804078067882177,,,0.25117812720881993,,1.1939419540247964,46963.606731,1503.04,17.25
2026-05-31 14:00:00+00:00,2026-05-31 16:00:00+02:00,2026-05-31,16,0,0,6,5,27.01,-0.23,,6123.29075,,1.0551036150089612,,,0.2898391312312236,,0.9237140828945352,47094.983619,1431.52,27.240000000000002
2026-05-31 14:15:00+00:00,2026-05-31 16:15:00+02:00,2026-05-31,16,15,1,6,5,51.54,28.1,,6587.79263,,0.48833887899769396,,,0.27215632255073313,,1.4465105073997415,46761.752644,1365.62,23.439999999999998
2026-05-31 14:30:00+00:00,2026-05-31 16:30:00+02:00,2026-05-31,16,30,2,6,5,78.94,63.88,,6927.74406,,0.6469204143389268,,,0.5157403276403263,,1.8310707363283616,46908.15458,1293.84,15.059999999999995
2026-05-31 14:45:00+00:00,2026-05-31 16:45:00+02:00,2026-05-31,16,45,3,6,5,93.2,38.56,,7197.56472,,0.7312587255304955,,,0.8919144005985841,,1.975532917807129,46165.214017,1221.3,54.64
2026-05-31 15:00:00+00:00,2026-05-31 17:00:00+02:00,2026-05-31,17,0,0,6,5,79.12,65.94,,7460.8499,,0.7318301419067867,,,0.9102631327737689,,1.9858349142042702,46702.823038,1159.55,13.180000000000007
2026-05-31 15:15:00+00:00,2026-05-31 17:15:00+02:00,2026-05-31,17,15,1,6,5,94.99,89.41,,7655.44524,,2.0014175896848356,,,1.0880279504812842,,2.2268766919812637,46515.321313,1115.28,5.579999999999998
2026-05-31 15:30:00+00:00,2026-05-31 17:30:00+02:00,2026-05-31,17,30,2,6,5,112.99,104.0,,7837.35337,,1.1905817556542446,,,1.284204275626022,,2.7862093350640746,46923.825148,1074.87,8.989999999999995
2026-05-31 15:45:00+00:00,2026-05-31 17:45:00+02:00,2026-05-31,17,45,3,6,5,124.23,120.57,,8015.42957,,1.6144374791325424,,,1.4841653798143926,,4.277453799076199,47300.45161,1036.06,3.660000000000011
2026-05-31 16:00:00+00:00,2026-05-31 18:00:00+02:00,2026-05-31,18,0,0,6,5,109.99,92.1,,8185.14264,,1.3420773910787376,,,1.2866083056039412,,4.806234771027206,47488.914027,1002.99,17.89
2026-05-31 16:15:00+00:00,2026-05-31 18:15:00+02:00,2026-05-31,18,15,1,6,5,120.79,119.02,,8232.22974,,1.5081015620224236,,,0.9927413047968927,,8.859476980534334,47743.207231,985.61,1.7700000000000102
2026-05-31 16:30:00+00:00,2026-05-31 18:30:00+02:00,2026-05-31,18,30,2,6,5,132.6,136.47,,8273.27889,,1.4751910666643813,,,0.9551838637325362,,10.884913036993472,47981.957645,974.36,-3.8700000000000045
2026-05-31 16:45:00+00:00,2026-05-31 18:45:00+02:00,2026-05-31,18,45,3,6,5,143.49,149.57,,8304.91162,,0.6200856649443316,,,0.9775225846464676,,10.155732184333631,48444.769597,959.36,-6.079999999999984
2026-05-31 17:00:00+00:00,2026-05-31 19:00:00+02:00,2026-05-31,19,0,0,6,5,132.21,131.77,,8327.23875,,1.0204861095763265,,,1.1368627585238829,,12.671103718912935,49123.555843,949.67,0.4399999999999977
2026-05-31 17:15:00+00:00,2026-05-31 19:15:00+02:00,2026-05-31,19,15,1,6,5,136.99,137.98,,8289.01472,,0.70103681355276,,,1.3099512178147328,,9.92387268138453,49138.876199,945.67,-0.9899999999999807
2026-05-31 17:30:00+00:00,2026-05-31 19:30:00+02:00,2026-05-31,19,30,2,6,5,144.71,160.81,,8255.13556,,0.38847926405931743,,,1.5370769122745784,,7.712856433398287,48981.902655,949.77,-16.099999999999994
2026-05-31 17:45:00+00:00,2026-05-31 19:45:00+02:00,2026-05-31,19,45,3,6,5,148.01,150.51,,8227.1468,,1.6753821179059445,,,1.5738221594219541,,5.529955162564307,48743.1972,951.14,-2.5
2026-05-31 18:00:00+00:00,2026-05-31 20:00:00+02:00,2026-05-31,20,0,0,6,5,138.99,144.07,,8201.29849,,0.5458347280180582,,,1.6870382269270658,,5.537852932578747,48594.781572,950.12,-5.079999999999984
2026-05-31 18:15:00+00:00,2026-05-31 20:15:00+02:00,2026-05-31,20,15,1,6,5,142.36,147.98,,8230.28073,,0.26569969336290294,,,1.8055439003599056,,4.340183147423949,48084.508792,960.26,-5.619999999999976
2026-05-31 18:30:00+00:00,2026-05-31 20:30:00+02:00,2026-05-31,20,30,2,6,5,147.98,157.35,,8261.53597,,2.015308236970669,,,1.7493194194754709,,3.4796854765047702,47739.397503,969.48,-9.370000000000005
2026-05-31 18:45:00+00:00,2026-05-31 20:45:00+02:00,2026-05-31,20,45,3,6,5,150.67,179.6,,8290.9088,,0.8530174529205854,,,1.730101270112407,,3.0175253324583595,47301.479828,984.94,-28.930000000000007
2026-05-31 19:00:00+00:00,2026-05-31 21:00:00+02:00,2026-05-31,21,0,0,6,5,150.99,158.51,,8320.06469,,1.6312378297865813,,,1.7769101992806582,,3.3013234445920268,46867.637468,1001.01,-7.519999999999982
2026-05-31 19:15:00+00:00,2026-05-31 21:15:00+02:00,2026-05-31,21,15,1,6,5,150.0,178.84,,8343.73201,,1.6896080627263041,,,1.8322268071307546,,3.16447706992656,46520.28212,1020.39,-28.840000000000003
2026-05-31 19:30:00+00:00,2026-05-31 21:30:00+02:00,2026-05-31,21,30,2,6,5,146.98,167.4,,8365.36812,,1.9015214408666894,,,1.7829276985631288,,4.306695902030185,46163.523698,1037.8,-20.420000000000016
2026-05-31 19:45:00+00:00,2026-05-31 21:45:00+02:00,2026-05-31,21,45,3,6,5,147.77,154.8,,8386.80733,,1.2233863240763683,,,1.3749153534205414,,7.217259086914574,45858.296483,1059.44,-7.030000000000001
2026-05-31 20:00:00+00:00,2026-05-31 22:00:00+02:00,2026-05-31,22,0,0,6,5,157.76,162.16,,8334.8294,,1.4509788133673636,,,1.5167767551762183,,5.848331735245268,45354.890497,1078.12,-4.400000000000006
2026-05-31 20:15:00+00:00,2026-05-31 22:15:00+02:00,2026-05-31,22,15,1,6,5,152.22,154.86,,8333.49622,,0.9592702682225881,,,1.4131862811362303,,7.903648885459352,44946.020382,1096.31,-2.640000000000015
2026-05-31 20:30:00+00:00,2026-05-31 22:30:00+02:00,2026-05-31,22,30,2,6,5,149.67,150.94,,8330.34226,,1.0645183360377994,,,1.249643571920684,,9.70402621671563,44464.825978,1112.48,-1.2700000000000102
2026-05-31 20:45:00+00:00,2026-05-31 22:45:00+02:00,2026-05-31,22,45,3,6,5,140.35,144.55,,8327.59015,,1.4719893437749547,,,1.1098143636275806,,10.97215382352893,43826.496613,1128.65,-4.200000000000017
2026-05-31 21:00:00+00:00,2026-05-31 23:00:00+02:00,2026-05-31,23,0,0,6,5,150.0,151.52,,8293.33144,,0.5216031378642236,,,1.0909122602695427,,9.962509834998606,43203.403943,1143.88,-1.5200000000000102
2026-05-31 21:15:00+00:00,2026-05-31 23:15:00+02:00,2026-05-31,23,15,1,6,5,143.98,146.95,,8219.45075,,0.31664439421752183,,,1.011841121131651,,10.190627668580243,42644.947345,1151.18,-2.969999999999999
2026-05-31 21:30:00+00:00,2026-05-31 23:30:00+02:00,2026-05-31,23,30,2,6,5,143.94,142.99,,8139.51903,,0.6815933040128036,,,0.8560904451994029,,10.834776029655076,42096.559328,1150.45,0.9499999999999886
2026-05-31 21:45:00+00:00,2026-05-31 23:45:00+02:00,2026-05-31,23,45,3,6,5,134.22,139.93,,8054.65406,,0.6032589301098632,,,0.777111331405113,,9.58284718217274,41528.883193,1149.7,-5.710000000000008
2026-06-01 10:00:00+00:00,2026-06-01 12:00:00+02:00,2026-06-01,12,0,0,0,6,100.0,100.01,,2724.58425,,0.5983942352936142,,,0.32377241125325484,,0.5238543010089531,49279.884215,654.21,-0.010000000000005116
2026-06-01 10:15:00+00:00,2026-06-01 12:15:00+02:00,2026-06-01,12,15,1,0,6,95.99,93.33,,2776.16149,,0.7462233345436341,,,0.3302940085578837,,0.4761817447768033,48891.131147,664.73,2.6599999999999966
2026-06-01 10:30:00+00:00,2026-06-01 12:30:00+02:00,2026-06-01,12,30,2,0,6,93.29,91.81,,2828.18285,,0.8154917236490008,,,0.36411516562640034,,0.4671595211769192,48943.203023,674.56,1.480000000000004
2026-06-01 10:45:00+00:00,2026-06-01 12:45:00+02:00,2026-06-01,12,45,3,0,6,90.83,87.18,,2880.38641,,1.3073958962029233,,,0.3785059206528603,,0.4560418519494032,48805.13181,687.33,3.6499999999999915
2026-06-01 11:00:00+00:00,2026-06-01 13:00:00+02:00,2026-06-01,13,0,0,0,6,94.46,92.62,,2931.116,,0.8539121589295654,,,0.3890800979179219,,0.43284249980197764,48320.783987,698.38,1.8399999999999892
2026-06-01 11:15:00+00:00,2026-06-01 13:15:00+02:00,2026-06-01,13,15,1,0,6,91.99,92.21,,2954.56941,,0.5742144867036321,,,0.41658252681387337,,0.3775760164399825,48472.768506,706.09,-0.21999999999999886
2026-06-01 11:30:00+00:00,2026-06-01 13:30:00+02:00,2026-06-01,13,30,2,0,6,90.46,88.45,,2987.4538,,0.890642530488421,,,0.49490819442886347,,0.3478589801260162,48135.913947,714.97,2.009999999999991
2026-06-01 11:45:00+00:00,2026-06-01 13:45:00+02:00,2026-06-01,13,45,3,0,6,86.93,48.23,,3038.91101,,1.0275281305400241,,,0.5175898519141545,,0.3466882300614302,47509.337479,725.04,38.70000000000001
2026-06-01 12:00:00+00:00,2026-06-01 14:00:00+02:00,2026-06-01,14,0,0,0,6,92.0,50.2,,3086.73464,,1.868596530692396,,,0.44384142631957263,,0.3698738776222032,47339.037103,768.32,41.8
2026-06-01 12:15:00+00:00,2026-06-01 14:15:00+02:00,2026-06-01,14,15,1,0,6,92.38,86.95,,3079.30792,,0.9062984545276952,,,0.4397953919040988,,0.3556804190047847,46738.212691,749.21,5.429999999999993
2026-06-01 12:30:00+00:00,2026-06-01 14:30:00+02:00,2026-06-01,14,30,2,0,6,92.66,57.24,,3054.64357,,0.5549668218788907,,,0.4040664665028542,,0.38871725970158605,46690.285984,729.26,35.419999999999995
2026-06-01 12:45:00+00:00,2026-06-01 14:45:00+02:00,2026-06-01,14,45,3,0,6,93.91,62.24,,3019.47137,,0.42171283217331773,,,0.3456016102829502,,0.4411695702115468,46340.103343,710.57,31.669999999999995
2026-06-01 13:00:00+00:00,2026-06-01 15:00:00+02:00,2026-06-01,15,0,0,0,6,90.68,86.0,,2975.96749,,1.702478283650905,,,0.3381254017930885,,0.44437589248947257,46370.061684,692.74,4.680000000000007
2026-06-01 13:15:00+00:00,2026-06-01 15:15:00+02:00,2026-06-01,15,15,1,0,6,93.13,92.59,,2864.95155,,1.4206183826605883,,,0.28272193971390147,,0.45331233524365444,46114.465217,678.47,0.539999999999992
2026-06-01 13:30:00+00:00,2026-06-01 15:30:00+02:00,2026-06-01,15,30,2,0,6,98.79,84.99,,2751.46899,,1.7422156495275822,,,0.24024810593624774,,0.701021700511802,45559.8934,663.24,13.800000000000011
2026-06-01 13:45:00+00:00,2026-06-01 15:45:00+02:00,2026-06-01,15,45,3,0,6,105.39,94.99,,2637.44221,,0.5501660135069608,,,0.3387467449865273,,1.2319901873465915,45316.332998,647.82,10.400000000000006
2026-06-01 14:00:00+00:00,2026-06-01 16:00:00+02:00,2026-06-01,16,0,0,0,6,97.4,86.17,,2519.58795,,1.1434378834981824,,,0.3458046936148663,,0.9517140277506144,45921.16303,635.51,11.230000000000004
2026-06-01 14:15:00+00:00,2026-06-01 16:15:00+02:00,2026-06-01,16,15,1,0,6,99.14,93.48,,2389.83903,,0.7978397735084104,,,0.5404478281297771,,1.518011193252899,46059.564397,619.21,5.659999999999997
2026-06-01 14:30:00+00:00,2026-06-01 16:30:00+02:00,2026-06-01,16,30,2,0,6,110.11,111.32,,2255.57365,,0.7695468514523847,,,0.846994458082187,,1.9475555502917477,45990.90622,600.43,-1.2099999999999937
2026-06-01 14:45:00+00:00,2026-06-01 16:45:00+02:00,2026-06-01,16,45,3,0,6,118.11,127.1,,2122.9649,,1.0344961351021666,,,1.055568997917615,,2.1502228069379314,46162.558846,584.39,-8.989999999999995
2026-06-01 15:00:00+00:00,2026-06-01 17:00:00+02:00,2026-06-01,17,0,0,0,6,103.27,105.54,,1986.26707,,0.7232194580017988,,,1.004871661865065,,2.0974912860583967,47014.417763,564.32,-2.2700000000000102
2026-06-01 15:15:00+00:00,2026-06-01 17:15:00+02:00,2026-06-01,17,15,1,0,6,109.55,118.45,,1861.53629,,1.4792228896370119,,,1.0289337281381814,,2.2730188521466297,46864.915092,548.71,-8.900000000000006
2026-06-01 15:30:00+00:00,2026-06-01 17:30:00+02:00,2026-06-01,17,30,2,0,6,123.49,131.0,,1732.65176,,1.1997236128772666,,,1.0498470358890069,,2.77928953115227,46738.130995,536.7,-7.510000000000005
2026-06-01 15:45:00+00:00,2026-06-01 17:45:00+02:00,2026-06-01,17,45,3,0,6,135.09,155.93,,1605.25286,,1.6300572928268633,,,0.628257934410608,,4.360422271652045,47070.046843,520.9,-20.840000000000003
2026-06-01 16:00:00+00:00,2026-06-01 18:00:00+02:00,2026-06-01,18,0,0,0,6,113.42,112.73,,1483.56831,,1.3051393260035005,,,0.6479603463451128,,4.799382341861248,47888.667005,507.97,0.6899999999999977
2026-06-01 16:15:00+00:00,2026-06-01 18:15:00+02:00,2026-06-01,18,15,1,0,6,125.87,141.44,,1384.02472,,1.5621704421401676,,,0.4554800891153761,,8.953385770965987,48002.83462,495.07,-15.569999999999993
2026-06-01 16:30:00+00:00,2026-06-01 18:30:00+02:00,2026-06-01,18,30,2,0,6,144.09,147.76,,1280.55839,,1.5848452497842769,,,0.23508309641075556,,10.933897047879414,48432.986955,482.13,-3.6699999999999875
2026-06-01 16:45:00+00:00,2026-06-01 18:45:00+02:00,2026-06-01,18,45,3,0,6,163.99,175.29,,1177.65158,,0.7896315738491416,,,0.6302333643789141,,10.356290399417118,48978.461418,469.19,-11.299999999999983
2026-06-01 17:00:00+00:00,2026-06-01 19:00:00+02:00,2026-06-01,19,0,0,0,6,143.61,199.99,,1071.23676,,1.0666718723145812,,,0.7425111232298107,,12.85740012308115,49542.179061,456.9,-56.379999999999995
2026-06-01 17:15:00+00:00,2026-06-01 19:15:00+02:00,2026-06-01,19,15,1,0,6,157.3,219.9,,1002.92905,,0.7352145061427322,,,1.038912670678645,,9.990161354726746,49883.724768,441.51,-62.599999999999994
2026-06-01 17:30:00+00:00,2026-06-01 19:30:00+02:00,2026-06-01,19,30,2,0,6,183.4,230.0,,929.95695,,1.2050014180342459,,,1.4149426257833568,,7.7364781423005455,49983.302808,430.3,-46.599999999999994
2026-06-01 17:45:00+00:00,2026-06-01 19:45:00+02:00,2026-06-01,19,45,3,0,6,245.99,290.0,,858.25614,,1.843470635718756,,,1.5713423209368882,,5.466481286476863,49853.712023,414.21,-44.00999999999999
2026-06-01 18:00:00+00:00,2026-06-01 20:00:00+02:00,2026-06-01,20,0,0,0,6,212.7,294.5,,790.13086,,0.5666725460896995,,,1.622265678475396,,5.471326760757779,49787.499258,406.26,-81.80000000000001
2026-06-01 18:15:00+00:00,2026-06-01 20:15:00+02:00,2026-06-01,20,15,1,0,6,250.79,338.27,,805.35601,,0.25357442511449296,,,1.8228217529131066,,4.300451685878158,49783.09981,394.89,-87.47999999999999
2026-06-01 18:30:00+00:00,2026-06-01 20:30:00+02:00,2026-06-01,20,30,2,0,6,298.97,380.0,,814.28111,,2.018575805343777,,,1.8042632473629845,,3.469613766430966,49335.030547,382.45,-81.02999999999997
2026-06-01 18:45:00+00:00,2026-06-01 20:45:00+02:00,2026-06-01,20,45,3,0,6,355.38,459.64,,814.93836,,1.3382893792150494,,,1.7921616148819701,,3.0244421589509343,48758.767751,363.64,-104.25999999999999
2026-06-01 19:00:00+00:00,2026-06-01 21:00:00+02:00,2026-06-01,21,0,0,0,6,357.06,317.2,,838.39157,,1.6267126756390105,,,1.838051327209062,,3.3126554808550632,48643.470722,351.81,39.860000000000014
2026-06-01 19:15:00+00:00,2026-06-01 21:15:00+02:00,2026-06-01,21,15,1,0,6,292.92,387.44,,919.71428,,1.8665290218855441,,,1.8807563459067487,,3.1848185958275614,48254.399887,336.91,-94.51999999999998
2026-06-01 19:30:00+00:00,2026-06-01 21:30:00+02:00,2026-06-01,21,30,2,0,6,237.91,285.0,,1021.39389,,1.8355307600630861,,,1.8302867664289841,,4.362306484807445,47833.395756,321.07,-47.09
2026-06-01 19:45:00+00:00,2026-06-01 21:45:00+02:00,2026-06-01,21,45,3,0,6,196.17,399.01,,1131.90726,,1.2455546007860607,,,1.3467608106539213,,7.564216513047815,47495.591676,308.33,-202.84
2026-06-01 20:00:00+00:00,2026-06-01 22:00:00+02:00,2026-06-01,22,0,0,0,6,220.43,237.4,,1255.63477,,1.57149514483184,,,1.5328308056956326,,6.002880012743728,47125.443443,297.36,-16.97
2026-06-01 20:15:00+00:00,2026-06-01 22:15:00+02:00,2026-06-01,22,15,1,0,6,184.38,250.0,,1468.83465,,0.7968502018623678,,,1.3856245279141048,,8.095011343884849,46759.518206,288.73,-65.62
2026-06-01 20:30:00+00:00,2026-06-01 22:30:00+02:00,2026-06-01,22,30,2,0,6,169.1,186.32,,1685.82625,,1.1640268192392063,,,1.0785396061160943,,9.99821784010393,46349.922214,281.08,-17.22
2026-06-01 20:45:00+00:00,2026-06-01 22:45:00+02:00,2026-06-01,22,45,3,0,6,155.55,241.08,,1903.29653,,1.5603338287429367,,,0.9113470929851974,,11.255477378213385,45766.930895,274.67,-85.53
2026-06-01 21:00:00+00:00,2026-06-01 23:00:00+02:00,2026-06-01,23,0,0,0,6,161.63,166.1,,2129.82168,,0.5017973621374918,,,0.920861563825573,,10.282602637011543,45112.232773,268.84,-4.469999999999999
2026-06-01 21:15:00+00:00,2026-06-01 23:15:00+02:00,2026-06-01,23,15,1,0,6,153.31,160.6,,2388.82091,,0.41251454523973957,,,0.8224392534072336,,10.373853306621827,44554.715537,268.92,-7.289999999999992
2026-06-01 21:30:00+00:00,2026-06-01 23:30:00+02:00,2026-06-01,23,30,2,0,6,144.01,155.88,,2650.80204,,0.6956983354003027,,,0.6348645392110581,,10.78151144081678,44009.923823,262.09,-11.870000000000005
2026-06-01 21:45:00+00:00,2026-06-01 23:45:00+02:00,2026-06-01,23,45,3,0,6,136.18,147.08,,2916.68937,,0.7902490336063855,,,0.6518141553485421,,9.728718124302668,43440.52108,261.3,-10.900000000000006
2026-06-02 10:00:00+00:00,2026-06-02 12:00:00+02:00,2026-06-02,12,0,0,1,6,72.03,86.33,,6510.4587,68.09,0.6112019385940166,,9.736860376938765,1.057611029426397,6.874999999999998,0.537392990177835,61228.753645,583.47,-14.299999999999997
2026-06-02 10:15:00+00:00,2026-06-02 12:15:00+02:00,2026-06-02,12,15,1,1,6,70.57,82.43,,6713.22112,66.58,0.7741222833927394,,13.81686650438514,1.03264023473085,12.429999999999998,0.534053722165205,61534.506724,617.7,-11.860000000000014
2026-06-02 10:30:00+00:00,2026-06-02 12:30:00+02:00,2026-06-02,12,30,2,1,6,68.23,79.41,,6899.79047,65.42,0.8366257177971038,,16.53215654414148,1.0011467103772764,13.170000000000003,0.5535069749561315,61458.55196,682.95,-11.179999999999993
2026-06-02 10:45:00+00:00,2026-06-02 12:45:00+02:00,2026-06-02,12,45,3,1,6,64.9,73.95,,7078.84791,63.92,1.3147174939750892,,17.64938525841623,0.965353233142969,16.129999999999995,0.5261999003256802,61081.771778,721.19,-9.049999999999997
2026-06-02 11:00:00+00:00,2026-06-02 13:00:00+02:00,2026-06-02,13,0,0,1,6,69.45,80.09,,7243.12387,67.7,0.8912298435945865,,15.690699474529497,0.9865724462927739,12.934999999999995,0.5188231034376439,60515.380821,754.44,-10.64
2026-06-02 11:15:00+00:00,2026-06-02 13:15:00+02:00,2026-06-02,13,15,1,1,6,71.7,85.6,,7216.10099,68.18,0.6063018300604803,,15.973542187004108,0.9300610046880549,11.075000000000001,0.41777425713974625,60248.052312,782.77,-13.899999999999991
2026-06-02 11:30:00+00:00,2026-06-02 13:30:00+02:00,2026-06-02,13,30,2,1,6,72.01,86.52,,7203.38343,70.18,0.8762909526662196,,12.6996377901104,0.8744018399541302,10.989999999999995,0.34704895890601384,59964.840151,812.07,-14.509999999999991
2026-06-02 11:45:00+00:00,2026-06-02 13:45:00+02:00,2026-06-02,13,45,3,1,6,73.07,86.69,,7215.43739,67.85,1.4473687372858821,,13.965358928434323,0.8471445449368505,28.825000000000003,0.358509624113109,59276.803827,842.39,-13.620000000000005
2026-06-02 12:00:00+00:00,2026-06-02 14:00:00+02:00,2026-06-02,14,0,0,1,6,68.0,84.91,,7241.49843,67.19,0.46139887958901604,,12.020815280171307,0.9438842085533184,33.3,0.39002943296694775,59274.821724,950.87,-16.909999999999997
2026-06-02 12:15:00+00:00,2026-06-02 14:15:00+02:00,2026-06-02,14,15,1,1,6,75.75,89.21,,7160.89561,69.93,0.9224178397813128,,10.380327547818522,0.9350923200743868,12.769999999999996,0.3557163293902899,58919.839825,974.44,-13.459999999999994
2026-06-02 12:30:00+00:00,2026-06-02 14:30:00+02:00,2026-06-02,14,30,2,1,6,80.53,92.5,,7052.13745,71.92,1.0461845484297574,,13.442099910356268,0.9550581161560872,25.914999999999996,0.39052997319434224,58474.539674,1004.01,-11.969999999999999
2026-06-02 12:45:00+00:00,2026-06-02 14:45:00+02:00,2026-06-02,14,45,3,1,6,84.4,96.51,,6928.0613,72.0,0.955177385495382,,13.138043994446052,0.9844588524037561,22.379999999999995,0.4383330342242149,58367.190556,1031.56,-12.11
2026-06-02 13:00:00+00:00,2026-06-02 15:00:00+02:00,2026-06-02,15,0,0,1,6,78.66,91.88,,6802.90194,71.72,0.6415054105442178,,17.04127342659579,0.9794733020283513,16.730000000000004,0.46728659222962243,58381.011066,1065.94,-13.219999999999999
2026-06-02 13:15:00+00:00,2026-06-02 15:15:00+02:00,2026-06-02,15,15,1,1,6,84.41,96.5,,6802.64863,77.32,0.3744106568930549,,12.148094500784893,0.9855260999517366,9.129999999999997,0.4478732381350698,58538.563598,1090.95,-12.090000000000003
2026-06-02 13:30:00+00:00,2026-06-02 15:30:00+02:00,2026-06-02,15,30,2,1,6,91.99,101.83,,6807.18379,82.06,0.17035010075817864,,1.1950104602052731,1.0116854210896098,12.955000000000005,0.7940231261907617,57990.108776,1121.97,-9.840000000000003
2026-06-02 13:45:00+00:00,2026-06-02 15:45:00+02:00,2026-06-02,15,45,3,1,6,104.04,108.74,,6820.14788,89.78,0.4557291427719528,,4.843681451127846,1.0479647551121691,13.825000000000003,1.331683848929552,58046.928474,1147.99,-4.699999999999989
2026-06-02 14:00:00+00:00,2026-06-02 16:00:00+02:00,2026-06-02,16,0,0,1,6,91.73,110.0,,6863.86268,85.8,1.0689526220544194,,11.320779566796624,1.0057740919979152,19.235000000000003,1.0863350397884752,58406.974629,1180.25,-18.269999999999996
2026-06-02 14:15:00+00:00,2026-06-02 16:15:00+02:00,2026-06-02,16,15,1,1,6,96.8,111.4,,6949.1591,92.49,0.9071518012372456,,12.572358569496815,0.9571137407009133,14.549999999999997,1.5724172241363064,58096.803527,1227.92,-14.600000000000009
2026-06-02 14:30:00+00:00,2026-06-02 16:30:00+02:00,2026-06-02,16,30,2,1,6,106.28,114.32,,7040.56113,96.46,0.8792008378546258,,11.504627329905121,0.9945447775126097,6.925000000000001,2.0078806238663964,58092.341643,1305.66,-8.039999999999992
2026-06-02 14:45:00+00:00,2026-06-02 16:45:00+02:00,2026-06-02,16,45,3,1,6,117.04,126.08,,7135.39138,100.32,1.2452076189546444,,44.99320448690001,0.9301381085860086,22.825000000000003,2.162926683177812,57858.560341,1349.35,-9.039999999999992
2026-06-02 15:00:00+00:00,2026-06-02 17:00:00+02:00,2026-06-02,17,0,0,1,6,106.29,120.58,,7220.58349,101.77,0.8028175510356517,,10.924799769332171,0.7978786349585979,5.454999999999998,2.1141574588016305,58210.328541,1404.49,-14.289999999999992
2026-06-02 15:15:00+00:00,2026-06-02 17:15:00+02:00,2026-06-02,17,15,1,1,6,116.92,121.42,,7378.11732,111.06,1.6785491617077668,,10.238906191581211,0.5806595798598797,-1.6600000000000037,2.313736500016286,58454.46921,1445.98,-4.5
2026-06-02 15:30:00+00:00,2026-06-02 17:30:00+02:00,2026-06-02,17,30,2,1,6,125.04,134.06,,7535.48993,121.02,1.4222922295214313,,11.667261889578034,0.6319007198807403,0.7399999999999949,2.8302126261090876,58737.761487,1488.53,-9.019999999999996
2026-06-02 15:45:00+00:00,2026-06-02 17:45:00+02:00,2026-06-02,17,45,3,1,6,131.75,147.2,,7686.27046,127.18,1.4513227425106987,,17.324116139070423,0.44499404939187315,-8.589999999999996,4.457994245176283,59013.475065,1531.17,-15.449999999999989
2026-06-02 16:00:00+00:00,2026-06-02 18:00:00+02:00,2026-06-02,18,0,0,1,6,129.17,135.46,,7842.27483,119.6,1.4642238753885872,,12.16223663640862,0.44746041621900634,9.29,4.928690695534996,58959.280248,1581.83,-6.2900000000000205
2026-06-02 16:15:00+00:00,2026-06-02 18:15:00+02:00,2026-06-02,18,15,1,1,6,136.94,137.69,,8118.61494,130.37,1.8663885604068695,,12.261231585774738,0.3549113591332652,-6.8999999999999915,9.31532947864597,59338.630264,1648.95,-0.75
2026-06-02 16:30:00+00:00,2026-06-02 18:30:00+02:00,2026-06-02,18,30,2,1,6,143.64,148.72,,8390.79596,141.03,1.6135562262082563,,0.14142135623732158,0.387964575143058,-3.769999999999996,11.08403492049259,58964.141938,1718.09,-5.0800000000000125
2026-06-02 16:45:00+00:00,2026-06-02 18:45:00+02:00,2026-06-02,18,45,3,1,6,154.85,170.0,,8660.42429,155.91,0.8105095374321661,,3.6910973977937775,0.7031947410291268,-8.689999999999984,10.174331852256055,58791.077906,1787.34,-15.150000000000006
2026-06-02 17:00:00+00:00,2026-06-02 19:00:00+02:00,2026-06-02,19,0,0,1,6,146.85,154.42,,8927.70744,143.23,1.9233677912047478,,40.17780730701963,0.7107041377653479,-27.97,12.914153176670597,58656.061663,1862.74,-7.569999999999993
2026-06-02 17:15:00+00:00,2026-06-02 19:15:00+02:00,2026-06-02,19,15,1,1,6,150.37,161.7,,9197.27726,155.99,1.9012853922256236,,43.5648487889032,1.0353301628789366,-31.794999999999987,10.20361662613526,58668.805244,1981.25,-11.329999999999984
2026-06-02 17:30:00+00:00,2026-06-02 19:30:00+02:00,2026-06-02,19,30,2,1,6,159.72,175.18,,9471.79243,167.99,1.7084466164336607,,21.5667568261897,1.3542424276239131,-31.349999999999994,7.536992561532676,58581.128325,2104.73,-15.460000000000008
2026-06-02 17:45:00+00:00,2026-06-02 19:45:00+02:00,2026-06-02,19,45,3,1,6,164.0,212.5,,9745.26271,194.99,1.8316546825566715,,29.352002487053582,1.5642673926386916,-23.254999999999995,4.9428395728161645,58478.249275,2228.23,-48.5
2026-06-02 18:00:00+00:00,2026-06-02 20:00:00+02:00,2026-06-02,20,0,0,1,6,158.59,168.46,,10016.87021,185.33,1.733676410264265,,54.24923225263195,1.5845955132545868,-43.44,5.223497094247969,57751.080926,2361.81,-9.870000000000005
2026-06-02 18:15:00+00:00,2026-06-02 20:15:00+02:00,2026-06-02,20,15,1,1,6,155.8,181.47,,10418.69807,184.0,1.9060124041134463,,57.88376110793079,1.7384398998538697,-46.54999999999998,4.000327764152352,57490.111524,2529.1,-25.669999999999987
2026-06-02 18:30:00+00:00,2026-06-02 20:30:00+02:00,2026-06-02,20,30,2,1,6,153.79,164.29,,10806.38429,181.6,1.814999963570885,,50.671271939827975,1.7020255511121105,-45.19999999999999,3.2137340740072164,56960.001202,2682.41,-10.5
2026-06-02 18:45:00+00:00,2026-06-02 20:45:00+02:00,2026-06-02,20,45,3,1,6,148.0,192.73,,11168.945,175.67,1.8858510386717262,,53.26635382678261,1.6825377141062445,-66.595,2.565682618030716,56283.78833,2839.85,-44.72999999999999
2026-06-02 19:00:00+00:00,2026-06-02 21:00:00+02:00,2026-06-02,21,0,0,1,6,153.98,180.47,,11564.48834,179.99,1.4670299528933375,,33.502719292618615,1.6918181920239292,16.170000000000016,2.7504779160695296,55526.64157,2991.54,-26.49000000000001
2026-06-02 19:15:00+00:00,2026-06-02 21:15:00+02:00,2026-06-02,21,15,1,1,6,142.51,165.01,,12053.4678,157.3,2.1551347068092936,,46.44277338833243,1.715411460145265,-61.67999999999999,2.835174918688884,54833.920513,3135.47,-22.5
2026-06-02 19:30:00+00:00,2026-06-02 21:30:00+02:00,2026-06-02,21,30,2,1,6,139.95,165.34,,12572.68511,152.0,1.6258121283924758,,18.858537854245213,1.6797707300203364,-33.75500000000001,3.946726250760128,53970.748938,3280.36,-25.390000000000015
2026-06-02 19:45:00+00:00,2026-06-02 21:45:00+02:00,2026-06-02,21,45,3,1,6,129.54,150.01,,13104.09882,141.11,1.940587221329649,,138.45857882413787,1.3051519068989255,-104.935,6.628177638885929,53390.170432,3405.57,-20.47
2026-06-02 20:00:00+00:00,2026-06-02 22:00:00+02:00,2026-06-02,22,0,0,1,6,137.05,162.71,,13439.45478,147.99,1.7321240046417494,,8.888332239514897,1.4534300515437621,-10.685000000000002,5.396540004837308,52364.575411,3531.16,-25.659999999999997
2026-06-02 20:15:00+00:00,2026-06-02 22:15:00+02:00,2026-06-02,22,15,1,1,6,130.0,144.7,,13798.53843,141.59,1.8117320508632198,,44.533585079128756,1.3257315357635802,-34.13000000000001,7.5865162204294565,51640.262781,3651.2,-14.699999999999989
2026-06-02 20:30:00+00:00,2026-06-02 22:30:00+02:00,2026-06-02,22,30,2,1,6,126.09,137.94,,14156.763,133.85,1.545990070211029,,11.278353159925425,1.0519214588171952,-9.245000000000005,9.444823026787619,50868.757949,3769.27,-11.849999999999994
2026-06-02 20:45:00+00:00,2026-06-02 22:45:00+02:00,2026-06-02,22,45,3,1,6,119.29,125.0,,14505.36457,125.84,1.9142416347130309,,57.5089945139019,0.937218205011355,-44.86500000000001,10.731201759397976,50439.87664,3892.16,-5.709999999999994
2026-06-02 21:00:00+00:00,2026-06-02 23:00:00+02:00,2026-06-02,23,0,0,1,6,132.08,139.7,,14817.43975,126.93,0.5013330526050934,,2.085965004500307,0.8149117120250537,-2.9950000000000045,9.90677079415821,49639.053385,4005.29,-7.619999999999976
2026-06-02 21:15:00+00:00,2026-06-02 23:15:00+02:00,2026-06-02,23,15,1,1,6,121.44,120.01,,14916.18733,121.23,0.5914854423416317,,3.0547012947258807,0.8136506146365494,-5.1299999999999955,10.1108536034175,49139.436712,4088.61,1.4299999999999926
2026-06-02 21:30:00+00:00,2026-06-02 23:30:00+02:00,2026-06-02,23,30,2,1,6,116.0,125.5,,15019.33504,116.34,1.2914105870052617,,9.065108934811533,0.6032674870912729,-5.460000000000008,10.7430005508778,48560.834958,4173.93,-9.5
2026-06-02 21:45:00+00:00,2026-06-02 23:45:00+02:00,2026-06-02,23,45,3,1,6,99.79,113.04,,15125.80241,105.9,1.186509440589729,,3.66988419435818,0.5490231382265033,-8.305000000000007,9.831307422430188,47825.694716,4260.19,-13.25
2026-06-03 10:00:00+00:00,2026-06-03 12:00:00+02:00,2026-06-03,12,0,0,2,6,90.56,33.44,,14238.47551,,0.6670135599473481,,14.030803018121711,1.0734917819998342,-0.010000000000005116,0.5751623910597525,60970.589659,3093.12,57.120000000000005
2026-06-03 10:15:00+00:00,2026-06-03 12:15:00+02:00,2026-06-03,12,15,1,2,6,82.47,27.25,,14218.47146,,0.8035907309710035,,17.09154566835117,1.0472281750336236,2.6599999999999966,0.5676274728754904,60661.827362,3056.07,55.22
2026-06-03 10:30:00+00:00,2026-06-03 12:30:00+02:00,2026-06-03,12,30,2,2,6,73.47,52.37,,14199.37026,,0.8265428341996718,,18.28378881231495,1.0168725337551758,1.480000000000004,0.5910144031104535,60944.458752,3018.93,21.1
2026-06-03 10:45:00+00:00,2026-06-03 12:45:00+02:00,2026-06-03,12,45,3,2,6,63.47,18.7,,14181.06156,,1.2430832195248833,,19.15971120172048,0.9759502668258478,3.6499999999999915,0.5630656811389939,60782.105665,2984.82,44.769999999999996
2026-06-03 11:00:00+00:00,2026-06-03 13:00:00+02:00,2026-06-03,13,0,0,2,6,69.26,50.09,,14175.14722,,0.8929155623760895,,17.56016040169717,1.002566651337006,1.8399999999999892,0.5527911916491112,60277.498191,2941.6,19.17
2026-06-03 11:15:00+00:00,2026-06-03 13:15:00+02:00,2026-06-03,13,15,1,2,6,60.73,40.0,,14161.58658,,0.6416621745098648,,18.316492568174723,0.9566606812415337,-0.21999999999999886,0.4421472383236371,60403.284134,2903.51,20.729999999999997
2026-06-03 11:30:00+00:00,2026-06-03 13:30:00+02:00,2026-06-03,13,30,2,2,6,51.51,35.35,,14151.39988,,0.9442677017006861,,17.245010872713298,0.9012226236233883,2.009999999999991,0.3657489341327807,60126.638469,2859.5,16.159999999999997
2026-06-03 11:45:00+00:00,2026-06-03 13:45:00+02:00,2026-06-03,13,45,3,2,6,46.94,15.0,,14163.30568,,1.454223924209671,,26.42047753795025,0.8912541611162582,18.95,0.3779188336521103,59655.385544,2794.55,31.939999999999998
2026-06-03 12:00:00+00:00,2026-06-03 14:00:00+02:00,2026-06-03,14,0,0,2,6,40.79,29.21,,14219.9363,,0.5067677659382299,,30.20923754968558,0.9514761622893573,24.8,0.41053745870470615,59097.416756,2561.42,11.579999999999998
2026-06-03 12:15:00+00:00,2026-06-03 14:15:00+02:00,2026-06-03,14,15,1,2,6,45.2,36.06,,14266.71125,,1.0330600474084513,,16.828940350875726,0.9681379834121717,5.429999999999993,0.3716213574653379,58814.804685,2569.61,9.14
2026-06-03 12:30:00+00:00,2026-06-03 14:30:00+02:00,2026-06-03,14,30,2,2,6,46.35,37.88,,14298.21422,,1.0771650134116981,,23.848887465316555,1.0090809005288346,16.409999999999997,0.406186089270611,58370.015167,2575.96,8.469999999999999
2026-06-03 12:45:00+00:00,2026-06-03 14:45:00+02:00,2026-06-03,14,45,3,2,6,47.66,49.02,,14327.40461,,1.008096962380467,,21.973259506348466,1.0531248944636105,13.089999999999998,0.45466750094613106,57971.8461,2579.46,-1.3600000000000065
2026-06-03 13:00:00+00:00,2026-06-03 15:00:00+02:00,2026-06-03,15,0,0,2,6,35.7,29.38,,14363.90771,,0.7078248035725855,,21.076131839911547,1.0400931041682278,4.680000000000007,0.4896670291277974,58081.138027,2591.11,6.320000000000004
2026-06-03 13:15:00+00:00,2026-06-03 15:15:00+02:00,2026-06-03,15,15,1,2,6,47.09,44.81,,14346.16044,,0.4506551784747992,,14.962761554383384,1.06237140982088,0.539999999999992,0.46647860798674917,58190.02483,2611.31,2.280000000000001
2026-06-03 13:30:00+00:00,2026-06-03 15:30:00+02:00,2026-06-03,15,30,2,2,6,49.09,48.75,,14326.86536,,0.37480961922001926,,13.187798653806233,1.0940233265324406,12.110000000000001,0.8177956735224025,57110.877169,2634.09,0.3400000000000034
2026-06-03 13:45:00+00:00,2026-06-03 15:45:00+02:00,2026-06-03,15,45,3,2,6,61.0,65.46,,14298.11994,,0.6173350738758195,,11.230427418402199,1.143890321052651,10.400000000000006,1.3512992787578744,57197.802612,2650.72,-4.459999999999994
2026-06-03 14:00:00+00:00,2026-06-03 16:00:00+02:00,2026-06-03,16,0,0,2,6,45.73,39.19,,14262.87005,,1.1655863320176751,,23.08581887941888,1.0777360042496387,11.230000000000004,1.1065280723922442,57773.118339,2664.89,6.539999999999999
2026-06-03 14:15:00+00:00,2026-06-03 16:15:00+02:00,2026-06-03,16,15,1,2,6,61.94,54.55,,14081.57046,,1.387713232398184,,19.033468767761,1.0165922748040817,5.659999999999997,1.6060617680279925,57563.612993,2646.51,7.390000000000001
2026-06-03 14:30:00+00:00,2026-06-03 16:30:00+02:00,2026-06-03,16,30,2,2,6,72.39,84.14,,13882.35208,,0.9190188547399849,,11.867124054855632,0.990102614768107,-1.2099999999999937,2.03307878190267,57472.419072,2628.15,-11.75
2026-06-03 14:45:00+00:00,2026-06-03 16:45:00+02:00,2026-06-03,16,45,3,2,6,87.51,107.76,,13666.157,,1.2486470165848946,,36.751239888381086,0.9046344108204248,-8.989999999999995,2.2003193101725835,57558.89411,2609.55,-20.25
2026-06-03 15:00:00+00:00,2026-06-03 17:00:00+02:00,2026-06-03,17,0,0,2,6,74.11,67.87,,13435.72235,,1.0021714238527315,,13.770643896831162,0.8026723487949528,-2.2700000000000102,2.1182288981533,58040.631681,2587.88,6.239999999999995
2026-06-03 15:15:00+00:00,2026-06-03 17:15:00+02:00,2026-06-03,17,15,1,2,6,77.94,95.07,,13189.25926,,1.520652418289019,,7.423350546305445,0.608409572844996,-4.5,2.3558991861763974,58116.459473,2550.35,-17.129999999999995
2026-06-03 15:30:00+00:00,2026-06-03 17:30:00+02:00,2026-06-03,17,30,2,2,6,97.46,106.37,,12917.98852,,1.3547638276353187,,9.990747386123486,0.623620202489034,-7.510000000000005,2.915137210902172,58157.350918,2522.5,-8.91000000000001
2026-06-03 15:45:00+00:00,2026-06-03 17:45:00+02:00,2026-06-03,17,45,3,2,6,102.13,117.41,,12631.6281,,1.2790992482580548,,12.874355647306528,0.4367807958440501,-15.449999999999989,4.686206713563967,58291.80249,2475.09,-15.280000000000001
2026-06-03 16:00:00+00:00,2026-06-03 18:00:00+02:00,2026-06-03,18,0,0,2,6,102.15,103.26,,12320.72643,,1.3845160162230796,,12.444763289566161,0.6490825294823348,0.6899999999999977,5.030451053143508,59190.280218,2430.62,-1.1099999999999994
2026-06-03 16:15:00+00:00,2026-06-03 18:15:00+02:00,2026-06-03,18,15,1,2,6,111.98,124.99,,11939.14973,,1.6227591062147315,,9.368906019381345,0.6852544319310797,-0.75,9.773491741187971,59240.440274,2405.84,-13.009999999999991
2026-06-03 16:30:00+00:00,2026-06-03 18:30:00+02:00,2026-06-03,18,30,2,2,6,118.82,130.81,,11549.31326,,1.437321096422648,,0.7629110913686795,0.43153426865397015,-3.8700000000000045,12.389486285209474,59012.871521,2382.08,-11.990000000000009
2026-06-03 16:45:00+00:00,2026-06-03 18:45:00+02:00,2026-06-03,18,45,3,2,6,128.29,150.9,,11159.20835,,0.8660662258346891,,4.552211916566871,0.667049885208413,-11.299999999999983,11.136939839879508,59201.972716,2362.28,-22.610000000000014
2026-06-03 17:00:00+00:00,2026-06-03 19:00:00+02:00,2026-06-03,19,0,0,2,6,123.06,132.76,,10771.74134,,1.673774005774818,,30.75464355182807,0.698119906902041,-7.569999999999993,13.271401721795161,59317.401695,2338.45,-9.699999999999989
2026-06-03 17:15:00+00:00,2026-06-03 19:15:00+02:00,2026-06-03,19,15,1,2,6,136.91,146.82,,10476.13487,,1.64285626686538,,32.99323314459093,0.9683988136598223,-11.329999999999984,10.962949799720258,58997.239953,2322.17,-9.909999999999997
2026-06-03 17:30:00+00:00,2026-06-03 19:30:00+02:00,2026-06-03,19,30,2,2,6,139.03,141.58,,10195.4965,,1.5109818955778909,,17.796812448675553,1.2279308477105075,-16.099999999999994,7.67423394845036,59035.386759,2307.03,-2.5500000000000114
2026-06-03 17:45:00+00:00,2026-06-03 19:45:00+02:00,2026-06-03,19,45,3,2,6,152.21,175.0,,9928.32001,,1.5400705500012617,,25.361520064854155,1.4590792382039073,-44.00999999999999,4.851834242864193,58907.432661,2292.09,-22.789999999999992
2026-06-03 18:00:00+00:00,2026-06-03 20:00:00+02:00,2026-06-03,20,0,0,2,6,146.41,152.9,,9731.07752,,1.529371084155971,,42.97834222023926,1.4452722117063193,-9.870000000000005,5.219759190565897,58482.533781,2278.63,-6.490000000000009
2026-06-03 18:15:00+00:00,2026-06-03 20:15:00+02:00,2026-06-03,20,15,1,2,6,147.9,154.91,,9943.57517,,1.6195962864967117,,42.66836884625425,1.6114690393358924,-25.669999999999987,3.8611663699384784,58075.658979,2257.6,-7.009999999999991
2026-06-03 18:30:00+00:00,2026-06-03 20:30:00+02:00,2026-06-03,20,30,2,2,6,146.33,145.29,,10159.24354,,1.6578216278836355,,41.050605760857316,1.629340286639377,-10.5,3.1957527208577683,57464.835426,2231.77,1.0400000000000205
2026-06-03 18:45:00+00:00,2026-06-03 20:45:00+02:00,2026-06-03,20,45,3,2,6,149.23,162.09,,10364.62115,,1.595200645050087,,39.72419455864817,1.6401085027684936,-44.72999999999999,2.5557647066264413,56929.690719,2207.18,-12.860000000000014
2026-06-03 19:00:00+00:00,2026-06-03 21:00:00+02:00,2026-06-03,21,0,0,2,6,136.53,160.52,,10803.88401,,1.5647565218640396,,34.17369309863949,1.6390891660898728,-7.519999999999982,2.7376107594783843,56327.865092,2190.15,-23.99000000000001
2026-06-03 19:15:00+00:00,2026-06-03 21:15:00+02:00,2026-06-03,21,15,1,2,6,130.14,150.01,,11543.66354,,1.8600364138293348,,39.876765164692074,1.6675236120297423,-28.840000000000003,2.8131337842603403,55704.134371,2190.99,-19.870000000000005
2026-06-03 19:30:00+00:00,2026-06-03 21:30:00+02:00,2026-06-03,21,30,2,2,6,126.73,143.11,,12318.20461,,1.4264217383620421,,14.182617294890711,1.6400900499347792,-25.390000000000015,3.920650864772681,54969.244797,2191.94,-16.38000000000001
2026-06-03 19:45:00+00:00,2026-06-03 21:45:00+02:00,2026-06-03,21,45,3,2,6,124.7,132.75,,13114.48306,,1.746564329763813,,109.37779070725465,1.4472258390968145,-20.47,6.554256143094192,54224.937765,2192.25,-8.049999999999997
2026-06-03 20:00:00+00:00,2026-06-03 22:00:00+02:00,2026-06-03,22,0,0,2,6,129.69,139.12,,13773.67932,,1.6510806600657923,,10.688846211511008,1.5241462579094975,-16.97,5.325609469739764,53182.067112,2195.24,-9.430000000000007
2026-06-03 20:15:00+00:00,2026-06-03 22:15:00+02:00,2026-06-03,22,15,1,2,6,129.69,127.45,,14752.99286,,1.6036533129914277,,33.42845693916088,1.4750689932661485,-14.699999999999989,7.419052384696443,52283.062569,2199.53,2.239999999999995
2026-06-03 20:30:00+00:00,2026-06-03 22:30:00+02:00,2026-06-03,22,30,2,2,6,115.9,117.73,,15737.30684,,1.3846101468808332,,8.115579667117638,1.3484721286585668,-11.849999999999994,9.2730403746437,51510.343204,2202.82,-1.8299999999999983
2026-06-03 20:45:00+00:00,2026-06-03 22:45:00+02:00,2026-06-03,22,45,3,2,6,109.85,111.2,,16711.96419,,1.7414656576714878,,46.526124202788836,1.2873523274484573,-5.709999999999994,10.571109145959243,50871.950018,2206.03,-1.3500000000000085
2026-06-03 21:00:00+00:00,2026-06-03 23:00:00+02:00,2026-06-03,23,0,0,2,6,107.88,115.97,,17639.38283,,0.6496957418888242,,3.05054639914446,1.0612698033672803,-4.469999999999999,10.007031482395956,50101.807569,2216.43,-8.090000000000003
2026-06-03 21:15:00+00:00,2026-06-03 23:15:00+02:00,2026-06-03,23,15,1,2,6,104.99,108.8,,18435.89727,,0.6564689310377365,,4.360061161650519,1.150337409783226,-2.969999999999999,10.081680351003518,49692.515984,2229.26,-3.8100000000000023
2026-06-03 21:30:00+00:00,2026-06-03 23:30:00+02:00,2026-06-03,23,30,2,2,6,98.69,100.3,,19218.05445,,1.2446829944184534,,6.821190023253513,1.119791810689225,-9.5,10.666342400120227,49015.885784,2243.3,-1.6099999999999994
2026-06-03 21:45:00+00:00,2026-06-03 23:45:00+02:00,2026-06-03,23,45,3,2,6,86.57,82.41,,19986.7576,,1.4261586349926103,,3.8581126646759945,1.2842967552103275,-10.900000000000006,9.04163854329603,48265.652826,2257.0,4.159999999999997
2026-06-04 10:00:00+00:00,2026-06-04 12:00:00+02:00,2026-06-04,12,0,0,3,6,-0.03,5.6,,20904.38589,21.62,1.4403870558177878,,37.79077797558553,1.0504564573351733,-0.010000000000005116,0.7948389776213662,62633.503595,948.24,-5.63
2026-06-04 10:15:00+00:00,2026-06-04 12:15:00+02:00,2026-06-04,12,15,1,3,6,-0.51,-1.82,,20989.26793,17.7,1.3984191369706915,,35.29190275403128,1.007992263310901,2.6599999999999966,0.7028748512793545,63027.753874,968.24,1.31
2026-06-04 10:30:00+00:00,2026-06-04 12:30:00+02:00,2026-06-04,12,30,2,3,6,-0.46,2.5,,21099.69404,15.9,0.976343003127139,,16.2645750021327,0.9583166734503028,1.480000000000004,0.6794614857472597,62821.502937,985.28,-2.96
2026-06-04 10:45:00+00:00,2026-06-04 12:45:00+02:00,2026-06-04,12,45,3,3,6,1.0,-3.4,,21249.40769,13.88,1.5938696550022087,,28.132830169276133,0.9076674290896908,3.6499999999999915,0.5774346691367394,63620.364132,1004.26,4.4
2026-06-04 11:00:00+00:00,2026-06-04 13:00:00+02:00,2026-06-04,13,0,0,3,6,0.06,0.4,,21420.01629,15.0,1.037478342754233,,14.97061232325964,0.9386993902090478,1.8399999999999892,0.5785861943311708,62117.38587,1069.01,-0.34
2026-06-04 11:15:00+00:00,2026-06-04 13:15:00+02:00,2026-06-04,13,15,1,3,6,0.51,-0.05,,21629.28909,15.38,0.7852527203869483,,17.44172105422321,0.88478723557801,-0.21999999999999886,0.4845948486476941,62035.150031,1118.05,0.56
2026-06-04 11:30:00+00:00,2026-06-04 13:30:00+02:00,2026-06-04,13,30,2,3,6,-0.01,0.5,,21917.60066,15.05,1.071696926004067,,15.350254069558584,0.8361455484292878,2.009999999999991,0.43758424408164653,61730.452926,1149.15,-0.51
2026-06-04 11:45:00+00:00,2026-06-04 13:45:00+02:00,2026-06-04,13,45,3,3,6,0.0,-0.08,,22362.4398,17.76,1.5400592270020939,,28.456966341009256,0.8251989854908325,31.939999999999998,0.43377739929539155,60376.918315,1179.32,0.08
2026-06-04 12:00:00+00:00,2026-06-04 14:00:00+02:00,2026-06-04,14,0,0,3,6,-0.69,-5.01,,22943.61388,15.5,0.5183097992846962,,29.359247833235322,0.8798626692127149,11.579999999999998,0.44857550598533036,61061.780813,1122.44,4.32
2026-06-04 12:15:00+00:00,2026-06-04 14:15:00+02:00,2026-06-04,14,15,1,3,6,-1.0,-0.01,,23320.22459,16.78,1.0952240921689584,,12.119929867783881,0.8846241833665891,5.429999999999993,0.4389338745770894,60415.983109,1145.43,-0.99
2026-06-04 12:30:00+00:00,2026-06-04 14:30:00+02:00,2026-06-04,14,30,2,3,6,0.21,-0.04,,23554.61283,18.2,1.1006633215680568,,23.769406807911714,0.9267279626335552,8.469999999999999,0.4388651596715223,60187.857562,1167.42,0.25
2026-06-04 12:45:00+00:00,2026-06-04 14:45:00+02:00,2026-06-04,14,45,3,3,6,1.0,-0.01,,23758.17377,23.88,1.0471229200421555,,22.815315762297335,0.9577572503272189,-1.3600000000000065,0.512772891076205,59452.294546,1191.95,1.01
2026-06-04 13:00:00+00:00,2026-06-04 15:00:00+02:00,2026-06-04,15,0,0,3,6,-0.39,-3.89,,23923.15191,20.78,0.7307233019929228,,10.83905899974717,0.9696824032422343,4.680000000000007,0.5072265535465654,59728.022666,1218.97,3.5
2026-06-04 13:15:00+00:00,2026-06-04 15:15:00+02:00,2026-06-04,15,15,1,3,6,-2.1,0.0,,24033.94272,23.99,0.4611481931062678,,7.842633486272327,0.9709287893958469,0.539999999999992,0.5260612859974201,58681.58568,1256.32,-2.1
2026-06-04 13:30:00+00:00,2026-06-04 15:30:00+02:00,2026-06-04,15,30,2,3,6,-0.5,11.8,,24150.46826,44.31,0.3939028737259688,,11.857863776133268,0.9958770261976233,0.3400000000000034,0.9532498980787594,58912.350892,1288.63,-12.3
2026-06-04 13:45:00+00:00,2026-06-04 15:45:00+02:00,2026-06-04,15,45,3,3,6,2.99,6.45,,24289.16543,59.67,0.7283501626753085,,8.649539486778085,1.0068345634071205,-4.459999999999994,1.3944358002735988,59024.611501,1316.16,-3.46
2026-06-04 14:00:00+00:00,2026-06-04 16:00:00+02:00,2026-06-04,16,0,0,3,6,3.05,6.3,,24382.22164,44.57,1.1830519881915444,,15.852351034888589,0.9685813656074566,6.539999999999999,1.1554234516059967,59324.775088,1349.11,-3.25
2026-06-04 14:15:00+00:00,2026-06-04 16:15:00+02:00,2026-06-04,16,15,1,3,6,8.4,14.67,,24377.90711,70.08,1.4064016296728772,,12.227159659272198,0.8396170920429408,5.659999999999997,1.5995173595708074,58946.021679,1383.62,-6.27
2026-06-04 14:30:00+00:00,2026-06-04 16:30:00+02:00,2026-06-04,16,30,2,3,6,13.53,34.98,,24322.65923,89.51,0.9449842704728956,,5.346410010464973,0.6228110050417578,-8.039999999999992,2.028283745347947,58972.281982,1420.07,-21.449999999999996
2026-06-04 14:45:00+00:00,2026-06-04 16:45:00+02:00,2026-06-04,16,45,3,3,6,28.0,24.99,,24211.0785,98.83,1.437936907372767,,6.486578450924662,0.37847921978182125,-9.039999999999992,2.2600047734110533,58937.116095,1453.96,3.0100000000000016
2026-06-04 15:00:00+00:00,2026-06-04 17:00:00+02:00,2026-06-04,17,0,0,3,6,21.5,37.06,,24060.15869,83.99,0.6844165254071345,,10.314887299432788,0.43501123532082225,-2.2700000000000102,2.17202400023973,58811.433824,1504.93,-15.560000000000002
2026-06-04 15:15:00+00:00,2026-06-04 17:15:00+02:00,2026-06-04,17,15,1,3,6,27.98,62.0,,23829.57943,100.32,0.5468828355945465,,6.411055555314841,0.3996699694000126,-8.900000000000006,2.4238796968289367,59197.529045,1552.89,-34.019999999999996
2026-06-04 15:30:00+00:00,2026-06-04 17:30:00+02:00,2026-06-04,17,30,2,3,6,59.35,84.13,,23608.69813,115.99,0.6911124732839358,,0.8418432158068422,0.32674443903872014,-8.91000000000001,2.9948039572907725,58935.337883,1609.94,-24.779999999999994
2026-06-04 15:45:00+00:00,2026-06-04 17:45:00+02:00,2026-06-04,17,45,3,3,6,78.29,98.73,,23408.46761,131.26,0.41469583545859345,,3.162135354471729,0.5098386584788328,-15.449999999999989,4.767115805739624,58846.375505,1656.75,-20.439999999999998
2026-06-04 16:00:00+00:00,2026-06-04 18:00:00+02:00,2026-06-04,18,0,0,3,6,63.93,74.4,,23196.49215,115.98,0.5588933704557892,,3.623828546348936,0.5183027590593684,-1.1099999999999994,5.177446663164075,58955.252857,1701.96,-10.470000000000006
2026-06-04 16:15:00+00:00,2026-06-04 18:15:00+02:00,2026-06-04,18,15,1,3,6,80.64,91.71,,23037.65374,127.68,0.8915058095722493,,7.921422431188307,0.764919428850357,-13.009999999999991,9.820031171335684,58844.852814,1735.33,-11.069999999999993
2026-06-04 16:30:00+00:00,2026-06-04 18:30:00+02:00,2026-06-04,18,30,2,3,6,92.48,102.14,,22877.22339,142.06,0.49967513842714817,,4.452688326543123,0.9481527388247436,-5.0800000000000125,12.096267219787357,58978.308117,1767.1,-9.659999999999997
2026-06-04 16:45:00+00:00,2026-06-04 18:45:00+02:00,2026-06-04,18,45,3,3,6,101.61,117.29,,22718.74771,151.43,0.7484195769377947,,5.7502202856354545,1.1349517288135742,-15.150000000000006,10.91036242757482,59181.08974,1797.91,-15.680000000000007
2026-06-04 17:00:00+00:00,2026-06-04 19:00:00+02:00,2026-06-04,19,0,0,3,6,94.63,110.05,,22554.31698,136.02,1.3578411884794477,,27.58615413572541,1.0873746971518035,-9.699999999999989,13.208463224224964,59023.886468,1827.88,-15.420000000000002
2026-06-04 17:15:00+00:00,2026-06-04 19:15:00+02:00,2026-06-04,19,15,1,3,6,102.99,110.54,,22426.11491,150.38,1.4599599849766949,,30.01906449797084,1.132880473075107,-11.329999999999984,11.032908985571519,58779.276155,1842.12,-7.550000000000011
2026-06-04 17:30:00+00:00,2026-06-04 19:30:00+02:00,2026-06-04,19,30,2,3,6,106.0,113.1,,22303.52376,161.27,1.419412148329182,,22.644978104059472,1.4080363719861189,-15.460000000000008,7.7364789214129335,58781.746566,1854.47,-7.099999999999994
2026-06-04 17:45:00+00:00,2026-06-04 19:45:00+02:00,2026-06-04,19,45,3,3,6,109.1,117.72,,22180.08542,184.33,1.1826652050871134,,13.732277062939472,1.5746980821839398,-44.00999999999999,4.878909708122018,58903.486547,1869.4,-8.620000000000005
2026-06-04 18:00:00+00:00,2026-06-04 20:00:00+02:00,2026-06-04,20,0,0,3,6,105.95,114.27,,22073.02748,174.81,1.518029974144778,,42.538111147534515,1.5413920251169373,-9.870000000000005,5.30507174786779,58562.219534,1872.0,-8.319999999999993
2026-06-04 18:15:00+00:00,2026-06-04 20:15:00+02:00,2026-06-04,20,15,1,3,6,109.0,112.21,,21978.81923,191.79,1.6279344551354404,,42.11906258849232,1.6933931702444973,-25.669999999999987,3.8629524242331432,57876.931057,1860.7,-3.2099999999999937
2026-06-04 18:30:00+00:00,2026-06-04 20:30:00+02:00,2026-06-04,20,30,2,3,6,110.94,117.0,,21892.72041,209.79,1.6140419308985774,,44.428101842565056,1.7446351391596266,-10.5,3.0800081083295625,57719.36801,1845.16,-6.060000000000002
2026-06-04 18:45:00+00:00,2026-06-04 20:45:00+02:00,2026-06-04,20,45,3,3,6,110.95,121.3,,21828.41504,222.41,1.5933946490699722,,46.3923086297718,1.7466122207460224,-44.72999999999999,2.5227212202671225,57023.835648,1828.52,-10.349999999999994
2026-06-04 19:00:00+00:00,2026-06-04 21:00:00+02:00,2026-06-04,21,0,0,3,6,109.34,115.92,,21855.29056,215.49,1.7179407926516628,,37.6062827197797,1.7830225375809408,-23.99000000000001,2.6344993272808996,56292.005778,1808.86,-6.579999999999998
2026-06-04 19:15:00+00:00,2026-06-04 21:15:00+02:00,2026-06-04,21,15,1,3,6,108.83,114.35,,21981.65123,194.15,1.8795924256435939,,42.36039777905773,1.8061277726691918,-22.5,2.825635884591244,55732.222235,1762.92,-5.519999999999996
2026-06-04 19:30:00+00:00,2026-06-04 21:30:00+02:00,2026-06-04,21,30,2,3,6,107.22,111.23,,22101.171,178.17,1.198244522982101,,15.785933611921719,1.7971805359534025,-25.390000000000015,3.926573637451909,54836.565177,1716.64,-4.010000000000005
2026-06-04 19:45:00+00:00,2026-06-04 21:45:00+02:00,2026-06-04,21,45,3,3,6,102.89,101.88,,22210.16609,161.23,1.8041323453793952,,109.05366981445421,1.6615255865665433,-20.47,6.487121645486021,54149.415125,1672.73,1.0100000000000051
2026-06-04 20:00:00+00:00,2026-06-04 22:00:00+02:00,2026-06-04,22,0,0,3,6,108.08,116.0,,21905.98479,177.17,1.640155704294373,,8.121787570069365,1.7098451143487796,-16.97,5.264296471313037,53489.685373,1641.56,-7.920000000000002
2026-06-04 20:15:00+00:00,2026-06-04 22:15:00+02:00,2026-06-04,22,15,1,3,6,104.93,108.9,,22096.15733,160.01,1.6422030193240793,,35.319469607191635,1.6564893693119935,-14.699999999999989,7.375264452457661,52805.652179,1606.23,-3.969999999999999
2026-06-04 20:30:00+00:00,2026-06-04 22:30:00+02:00,2026-06-04,22,30,2,3,6,102.93,102.75,,22296.7758,153.18,1.1025675554549978,,7.811203492420358,1.6585041889333458,-11.849999999999994,8.688811578113485,51676.274746,1573.37,0.18000000000000682
2026-06-04 20:45:00+00:00,2026-06-04 22:45:00+02:00,2026-06-04,22,45,3,3,6,100.06,97.56,,22504.43179,150.24,1.7417223770693016,,47.392886948711336,1.607692389134751,-5.709999999999994,9.724790569320877,51232.263052,1533.45,2.5
2026-06-04 21:00:00+00:00,2026-06-04 23:00:00+02:00,2026-06-04,23,0,0,3,6,99.3,95.0,,22701.74759,149.8,0.6555107063522159,,1.9684088328732219,1.5841608076420892,-7.619999999999976,8.973613024248198,50002.038647,1503.93,4.299999999999997
2026-06-04 21:15:00+00:00,2026-06-04 23:15:00+02:00,2026-06-04,23,15,1,3,6,96.21,91.54,,22917.47208,144.81,0.6118293662933918,,4.389502629379924,1.5654856077087032,-3.8100000000000023,9.103126717757247,49174.96317,1471.31,4.6699999999999875
2026-06-04 21:30:00+00:00,2026-06-04 23:30:00+02:00,2026-06-04,23,30,2,3,6,88.41,99.31,,23129.84443,140.39,1.0499707233567261,,5.37178741202591,1.5971422501964547,-9.5,9.264560002193798,48472.964021,1436.03,-10.900000000000006
2026-06-04 21:45:00+00:00,2026-06-04 23:45:00+02:00,2026-06-04,23,45,3,3,6,80.08,90.21,,23339.94021,136.64,1.4040406500197733,,9.44664137846533,1.6282090970746215,-10.900000000000006,7.79393183281054,47583.383066,1403.24,-10.129999999999995
2026-06-05 10:00:00+00:00,2026-06-05 12:00:00+02:00,2026-06-05,12,0,0,4,6,86.76,39.1,,11758.70088,19.33,1.4421128654808086,,38.9733836526075,1.0731232940692008,-5.63,0.5665359201558866,53629.765464,828.82,47.660000000000004
2026-06-05 10:15:00+00:00,2026-06-05 12:15:00+02:00,2026-06-05,12,15,1,4,6,84.47,45.78,,11540.59612,17.43,1.3472729456536103,,35.54214259157712,1.0283220519578107,1.31,0.5231597778150123,53294.301362,827.85,38.69
2026-06-05 10:30:00+00:00,2026-06-05 12:30:00+02:00,2026-06-05,12,30,2,4,6,80.02,40.03,,11320.13424,16.09,0.920676365523527,,16.77523174206544,0.9861167352082731,-2.96,0.5247789315954902,53168.951112,823.05,39.989999999999995
2026-06-05 10:45:00+00:00,2026-06-05 12:45:00+02:00,2026-06-05,12,45,3,4,6,72.96,26.5,,11103.55295,16.7,1.4553328498777063,,28.009616800901316,0.9321098524828952,4.4,0.5301215791502155,52904.594788,823.43,46.459999999999994
2026-06-05 11:00:00+00:00,2026-06-05 13:00:00+02:00,2026-06-05,13,0,0,4,6,75.99,27.0,,10883.59001,13.89,0.9945053421871952,,15.140267500939343,0.954934496986227,-0.34,0.48545262063666655,52411.971035,813.44,48.989999999999995
2026-06-05 11:15:00+00:00,2026-06-05 13:15:00+02:00,2026-06-05,13,15,1,4,6,69.06,23.89,,10708.68811,15.08,0.7469870471079387,,17.393281269885023,0.8969586094985957,0.56,0.42720192460250045,52328.296141,801.49,45.17
2026-06-05 11:30:00+00:00,2026-06-05 13:30:00+02:00,2026-06-05,13,30,2,4,6,65.56,33.73,,10542.77336,16.61,0.9965146126748714,,15.354357687640336,0.8557474149606864,-0.51,0.39656614419685704,52002.762508,789.63,31.830000000000005
2026-06-05 11:45:00+00:00,2026-06-05 13:45:00+02:00,2026-06-05,13,45,3,4,6,58.43,24.59,,10408.94963,16.01,1.45248235014752,,23.375425842823343,0.84210914664465,0.08,0.39822148113293293,51507.035757,772.45,33.84
2026-06-05 12:00:00+00:00,2026-06-05 14:00:00+02:00,2026-06-05,14,0,0,4,6,55.75,25.47,,10311.27883,11.39,0.48891811947021535,,14.804844927703,0.9189467309820414,4.32,0.4226031609082503,51503.113441,766.57,30.28
2026-06-05 12:15:00+00:00,2026-06-05 14:15:00+02:00,2026-06-05,14,15,1,4,6,53.08,24.71,,10191.4279,13.77,1.0543529845677777,,11.320172260173424,0.9381840233791219,-0.99,0.40138557900173866,51169.772934,748.79,28.369999999999997
2026-06-05 12:30:00+00:00,2026-06-05 14:30:00+02:00,2026-06-05,14,30,2,4,6,55.73,18.0,,10062.50999,17.1,1.0611174473849674,,10.285024712334593,0.9693596754567092,0.25,0.43744652841094744,51043.003777,730.18,37.73
2026-06-05 12:45:00+00:00,2026-06-05 14:45:00+02:00,2026-06-05,14,45,3,4,6,55.44,31.39,,9915.76476,19.2,1.028255066057475,,6.991826180143013,1.008883537752421,-1.3600000000000065,0.4935842137392294,50687.558758,713.5,24.049999999999997
2026-06-05 13:00:00+00:00,2026-06-05 15:00:00+02:00,2026-06-05,15,0,0,4,6,48.9,16.0,,9764.22109,17.81,0.7095911132943356,,10.561900081582548,1.0091034243432595,3.5,0.5051437268006463,50947.11536,695.34,32.9
2026-06-05 13:15:00+00:00,2026-06-05 15:15:00+02:00,2026-06-05,15,15,1,4,6,56.01,30.15,,9601.85196,16.0,0.4623012775025322,,7.365249486609401,1.0371757897743743,-2.1,0.5068718661266338,50780.764811,668.03,25.86
2026-06-05 13:30:00+00:00,2026-06-05 15:30:00+02:00,2026-06-05,15,30,2,4,6,67.56,44.96,,9434.99653,25.5,0.48632892466045646,,6.701412786370749,1.0971214613705524,-9.840000000000003,0.7667622258574243,50260.848649,643.88,22.6
2026-06-05 13:45:00+00:00,2026-06-05 15:45:00+02:00,2026-06-05,15,45,3,4,6,79.99,52.89,,9272.78859,48.64,0.7700325935922996,,0.6576726642740457,1.088045032028455,-4.459999999999994,1.3054931739395699,49886.890903,614.96,27.099999999999994
2026-06-05 14:00:00+00:00,2026-06-05 16:00:00+02:00,2026-06-05,16,0,0,4,6,67.21,45.97,,9100.03916,31.76,1.0956268143132102,,12.49653685359801,1.095577746353435,-3.25,1.0220512493212521,50159.413719,594.3,21.239999999999995
2026-06-05 14:15:00+00:00,2026-06-05 16:15:00+02:00,2026-06-05,16,15,1,4,6,79.08,61.26,,8833.83531,61.29,1.4591477236983452,,11.102136431035849,0.9594728211859674,-6.27,1.5855855935489411,50019.212229,569.46,17.82
2026-06-05 14:30:00+00:00,2026-06-05 16:30:00+02:00,2026-06-05,16,30,2,4,6,95.22,65.1,,8571.3855,94.01,1.1150536788110883,,6.924379635269386,0.9493216644660804,-11.75,1.9539705942914525,50610.215277,548.07,30.120000000000005
2026-06-05 14:45:00+00:00,2026-06-05 16:45:00+02:00,2026-06-05,16,45,3,4,6,102.72,103.56,,8321.49522,100.62,1.354840399022288,,11.63252767028732,0.8939097243821391,-9.039999999999992,2.200596403632973,50434.553244,525.6,-0.8400000000000034
2026-06-05 15:00:00+00:00,2026-06-05 17:00:00+02:00,2026-06-05,17,0,0,4,6,91.44,72.27,,8060.75542,77.3,0.7637004756614578,,12.236106406859982,0.9375232474548538,-14.289999999999992,2.1425767443282338,51459.967801,508.17,19.17
2026-06-05 15:15:00+00:00,2026-06-05 17:15:00+02:00,2026-06-05,17,15,1,4,6,99.46,91.2,,7689.10506,87.34,0.8394762459892361,,14.811141076905585,0.9186238891038659,-17.129999999999995,2.357044811004759,51200.262252,480.69,8.259999999999991
2026-06-05 15:30:00+00:00,2026-06-05 17:30:00+02:00,2026-06-05,17,30,2,4,6,113.18,114.7,,7308.52886,103.94,0.9600545495603865,,9.13096015396701,0.7847546202365234,-9.019999999999996,3.013266843894772,51233.198461,458.5,-1.519999999999996
2026-06-05 15:45:00+00:00,2026-06-05 17:45:00+02:00,2026-06-05,17,45,3,4,6,130.58,132.59,,6937.86912,120.73,0.4122084768686447,,2.9312852698659957,0.9482793953267431,-15.449999999999989,4.664838618550451,51301.46059,435.09,-2.009999999999991
2026-06-05 16:00:00+00:00,2026-06-05 18:00:00+02:00,2026-06-05,18,0,0,4,6,109.67,109.99,,6528.583,104.98,0.6160873574223559,,4.688894681407699,1.1492341551849197,-6.2900000000000205,4.956716384310988,52566.431434,413.85,-0.3199999999999932
2026-06-05 16:15:00+00:00,2026-06-05 18:15:00+02:00,2026-06-05,18,15,1,4,6,122.39,125.0,,6050.29482,120.24,0.8757567889391843,,6.5900632268084705,1.5673868532835362,-11.069999999999993,8.478994287432831,52511.061792,395.95,-2.6099999999999994
2026-06-05 16:30:00+00:00,2026-06-05 18:30:00+02:00,2026-06-05,18,30,2,4,6,130.75,149.41,,5575.59085,134.12,0.5252489802747917,,3.5155227207344266,1.616985424145394,-9.659999999999997,9.936874027297087,52190.485786,374.21,-18.659999999999997
2026-06-05 16:45:00+00:00,2026-06-05 18:45:00+02:00,2026-06-05,18,45,3,4,6,150.95,168.4,,5100.87601,145.61,0.5472676588316285,,4.162479229177409,1.5535503338755163,-15.680000000000007,9.154076765529673,51968.574449,357.74,-17.450000000000017
2026-06-05 17:00:00+00:00,2026-06-05 19:00:00+02:00,2026-06-05,19,0,0,4,6,131.52,133.65,,4632.19412,128.82,1.3116685884049724,,4.059511464860444,1.6611976297401667,-9.699999999999989,10.351804699568401,52170.032447,346.8,-2.1299999999999955
2026-06-05 17:15:00+00:00,2026-06-05 19:15:00+02:00,2026-06-05,19,15,1,4,6,147.98,144.3,,4212.81992,136.06,1.4579172303334993,,1.9093803532385276,1.394362118083567,-9.909999999999997,9.214122587025427,52235.150168,345.11,3.6799999999999784
2026-06-05 17:30:00+00:00,2026-06-05 19:30:00+02:00,2026-06-05,19,30,2,4,6,162.51,158.07,,3797.87975,155.74,1.290738593296789,,6.548030238170855,1.3137041217033205,-7.099999999999994,7.026449989523081,52200.208838,342.54,4.439999999999998
2026-06-05 17:45:00+00:00,2026-06-05 19:45:00+02:00,2026-06-05,19,45,3,4,6,175.65,172.54,,3389.05543,187.38,0.81066987531964,,20.216360536291724,1.4041701402690114,-22.789999999999992,4.589763953860876,52171.744035,339.18,3.1100000000000136
2026-06-05 18:00:00+00:00,2026-06-05 20:00:00+02:00,2026-06-05,20,0,0,4,6,171.08,164.88,,2985.20859,168.67,1.5411584059336778,,1.6919318347183205,1.2439342789906225,-8.319999999999993,5.030823869397706,52314.125352,343.56,6.200000000000017
2026-06-05 18:15:00+00:00,2026-06-05 20:15:00+02:00,2026-06-05,20,15,1,4,6,173.9,197.6,,2731.06007,187.44,1.6468120510612918,,12.021419771945993,1.2368557987877364,-7.009999999999991,3.6260650151277414,52313.897234,371.79,-23.69999999999999
2026-06-05 18:30:00+00:00,2026-06-05 20:30:00+02:00,2026-06-05,20,30,2,4,6,191.99,189.02,,2462.84465,201.18,0.9922596811864606,,5.820870496182979,1.2753443997030722,-6.060000000000002,2.7415672001331215,51725.411088,396.49,2.969999999999999
2026-06-05 18:45:00+00:00,2026-06-05 20:45:00+02:00,2026-06-05,20,45,3,4,6,196.0,190.01,,2159.10137,214.71,1.280089175685188,,19.16586114249327,1.3954608725465907,-12.860000000000014,2.3080617752020074,51369.175487,433.52,5.990000000000009
2026-06-05 19:00:00+00:00,2026-06-05 21:00:00+02:00,2026-06-05,21,0,0,4,6,199.9,194.72,,1897.96746,199.02,1.2087758810890121,,10.845630456547932,1.4688414725410075,-23.99000000000001,2.3857078003800036,51083.25922,474.1,5.180000000000007
2026-06-05 19:15:00+00:00,2026-06-05 21:15:00+02:00,2026-06-05,21,15,1,4,6,194.05,192.47,,1771.1029,180.68,1.0825612587446958,,9.139290636221908,1.2485674466874668,-19.870000000000005,2.6938640849565636,50821.853734,539.5,1.5800000000000125
2026-06-05 19:30:00+00:00,2026-06-05 21:30:00+02:00,2026-06-05,21,30,2,4,6,187.01,214.98,,1676.91635,160.32,0.7464328230690959,,10.733913545394339,1.2338712798577902,-16.38000000000001,3.7029232870366506,50316.076825,601.59,-27.97
2026-06-05 19:45:00+00:00,2026-06-05 21:45:00+02:00,2026-06-05,21,45,3,4,6,180.01,180.34,,1599.3101,146.3,1.877221052385599,,10.783709936751977,1.4104316150482512,-8.049999999999997,5.767743744837245,49986.162594,675.82,-0.3300000000000125
2026-06-05 20:00:00+00:00,2026-06-05 22:00:00+02:00,2026-06-05,22,0,0,4,6,183.87,185.0,,1526.74447,164.93,0.6901688514510864,,9.835315619406083,1.3261515548437726,-9.430000000000007,4.821498781000897,49593.245293,750.88,-1.1299999999999955
2026-06-05 20:15:00+00:00,2026-06-05 22:15:00+02:00,2026-06-05,22,15,1,4,6,172.0,170.99,,1509.7364,148.5,1.6857388852289177,,8.569914429755578,1.3056631199310158,-3.969999999999999,6.4860201782037255,49092.652273,865.28,1.009999999999991
2026-06-05 20:30:00+00:00,2026-06-05 22:30:00+02:00,2026-06-05,22,30,2,4,6,164.62,161.35,,1493.79504,141.88,1.2438690298165411,,6.444136870054824,1.4080565329144403,-1.8299999999999983,7.430518605813556,48569.649842,978.67,3.2700000000000102
2026-06-05 20:45:00+00:00,2026-06-05 22:45:00+02:00,2026-06-05,22,45,3,4,6,154.98,158.73,,1479.73895,133.84,1.8216990062699077,,4.107639224664251,1.4217668356817075,-1.3500000000000085,8.295459531792647,48019.879348,1098.93,-3.75
2026-06-05 21:00:00+00:00,2026-06-05 23:00:00+02:00,2026-06-05,23,0,0,4,6,163.96,157.39,,1469.71116,143.62,0.8290797299467505,,7.021626117455503,1.4363921574060228,-7.619999999999976,7.566027024099793,47217.111662,1228.08,6.570000000000022
2026-06-05 21:15:00+00:00,2026-06-05 23:15:00+02:00,2026-06-05,23,15,1,4,6,158.29,153.92,,1469.28352,138.01,0.9223444984807281,,4.279127636952805,1.4075661305812865,1.4299999999999926,7.785320433472554,46696.574894,1382.91,4.3700000000000045
2026-06-05 21:30:00+00:00,2026-06-05 23:30:00+02:00,2026-06-05,23,30,2,4,6,153.57,148.58,,1468.54177,134.34,1.0561389842849296,,5.008595944307483,1.4995151691496056,-9.5,7.6524849231980445,46222.432836,1533.8,4.989999999999981
2026-06-05 21:45:00+00:00,2026-06-05 23:45:00+02:00,2026-06-05,23,45,3,4,6,141.6,141.99,,1466.50736,129.02,1.1588568068486773,,9.283018546428382,1.3990792470509286,-10.129999999999995,6.677507526090932,45743.677282,1686.85,-0.3900000000000148
2026-06-06 10:00:00+00:00,2026-06-06 12:00:00+02:00,2026-06-06,12,0,0,5,6,-30.01,-17.87,,2667.22316,-2.0,1.4054971634007998,,33.83015962126103,0.9981038039481627,47.660000000000004,0.5628037109527845,57390.005569,417.94,-12.14
2026-06-06 10:15:00+00:00,2026-06-06 12:15:00+02:00,2026-06-06,12,15,1,5,6,-32.0,-6.1,,2796.32519,-4.28,1.2850329068212,,27.61881423957227,0.9694437728918166,38.69,0.5230595925756372,56933.220808,411.18,-25.9
2026-06-06 10:30:00+00:00,2026-06-06 12:30:00+02:00,2026-06-06,12,30,2,5,6,-28.8,-21.15,,2942.05764,-4.0,1.0811392345933128,,21.526798027884528,0.9280499119557917,21.1,0.5237377170705951,56908.582422,400.4,-7.650000000000002
2026-06-06 10:45:00+00:00,2026-06-06 12:45:00+02:00,2026-06-06,12,45,3,5,6,-30.83,-6.17,,3102.69579,-5.0,1.3768442393525344,,23.8104899851585,0.8770614011758121,44.769999999999996,0.5331990622016921,56583.501504,393.65,-24.659999999999997
2026-06-06 11:00:00+00:00,2026-06-06 13:00:00+02:00,2026-06-06,13,0,0,5,6,-28.25,-0.01,,3258.9099,-5.74,1.3246888634563077,,24.843917431301634,0.8965666310367805,19.17,0.48914409901460104,56074.608577,393.56,-28.24
2026-06-06 11:15:00+00:00,2026-06-06 13:15:00+02:00,2026-06-06,13,15,1,5,6,-26.47,-0.02,,3436.14976,-7.98,0.9845719622271181,,22.339033849594603,0.8407482900213517,20.729999999999997,0.4354310684436096,55979.665216,401.92,-26.45
2026-06-06 11:30:00+00:00,2026-06-06 13:30:00+02:00,2026-06-06,13,30,2,5,6,-25.9,-0.04,,3604.68291,-11.02,1.201914376196448,,16.172576583010308,0.7994698624831387,16.159999999999997,0.4039079002717288,55692.112976,409.32,-25.86
2026-06-06 11:45:00+00:00,2026-06-06 13:45:00+02:00,2026-06-06,13,45,3,5,6,-25.22,-0.03,,3790.33273,-11.71,1.3352417064305486,,18.96666900995885,0.775729566920567,31.939999999999998,0.4048806222627536,55404.270237,414.7,-25.189999999999998
2026-06-06 12:00:00+00:00,2026-06-06 14:00:00+02:00,2026-06-06,14,0,0,5,6,-28.16,-14.7,,3959.87436,-9.0,0.46361551730034023,,13.393525799181237,0.8516252123222142,11.579999999999998,0.43342504155004713,55298.555706,371.85,-13.46
2026-06-06 12:15:00+00:00,2026-06-06 14:15:00+02:00,2026-06-06,14,15,1,5,6,-26.16,0.0,,4125.20513,-8.0,1.2324560906696596,,14.91318991139499,0.8713198297718368,9.14,0.4156195567544649,55221.023238,359.73,-26.16
2026-06-06 12:30:00+00:00,2026-06-06 14:30:00+02:00,2026-06-06,14,30,2,5,6,-20.29,0.03,,4293.44493,-8.98,1.1269625922545685,,19.699688660822364,0.9066587655804654,8.469999999999999,0.45557878089505993,55037.06371,345.7,-20.32
2026-06-06 12:45:00+00:00,2026-06-06 14:45:00+02:00,2026-06-06,14,45,3,5,6,-17.58,0.09,,4492.97299,-9.0,1.0818920199733812,,14.036420483869808,0.9531133954137542,1.01,0.520104614229714,54727.142096,334.87,-17.669999999999998
2026-06-06 13:00:00+00:00,2026-06-06 15:00:00+02:00,2026-06-06,15,0,0,5,6,-19.6,-15.75,,4734.84589,-5.99,0.7912666930662142,,16.22143026986215,0.9530737376750147,6.320000000000004,0.5328782419384582,54917.516462,322.69,-3.8500000000000014
2026-06-06 13:15:00+00:00,2026-06-06 15:15:00+02:00,2026-06-06,15,15,1,5,6,-13.72,-3.46,,4946.8821,-4.0,0.5906106887329183,,15.038630256775383,0.9898968688319904,2.280000000000001,0.5389809276229993,54566.809009,306.9,-10.260000000000002
2026-06-06 13:30:00+00:00,2026-06-06 15:30:00+02:00,2026-06-06,15,30,2,5,6,-8.23,8.94,,5104.75822,-3.15,0.5656309562394849,,17.669593468253122,1.0530183145618073,0.3400000000000034,0.812078763809515,54230.947295,292.15,-17.17
2026-06-06 13:45:00+00:00,2026-06-06 15:45:00+02:00,2026-06-06,15,45,3,5,6,-2.25,20.89,,5218.81012,-1.0,1.009857835895363,,17.939468591163262,1.0234963361035494,-3.46,1.3475529130193358,53875.303824,275.42,-23.14
2026-06-06 14:00:00+00:00,2026-06-06 16:00:00+02:00,2026-06-06,16,0,0,5,6,-5.82,12.21,,5354.36802,-0.82,1.0530092487554064,,12.32676086136716,1.0304378958143405,6.539999999999999,1.0614604495750457,54258.698884,270.13,-18.03
2026-06-06 14:15:00+00:00,2026-06-06 16:15:00+02:00,2026-06-06,16,15,1,5,6,6.1,38.16,,5419.07054,-0.82,1.370698247113446,,12.081036103469492,0.8975310998154398,7.390000000000001,1.6291647513458085,54348.371789,265.23,-32.059999999999995
2026-06-06 14:30:00+00:00,2026-06-06 16:30:00+02:00,2026-06-06,16,30,2,5,6,20.88,57.41,,5505.1532,-0.49,1.3472693225793448,,27.406361183734944,0.8756749890095955,-11.75,1.9666144223306952,54217.848144,264.36,-36.53
2026-06-06 14:45:00+00:00,2026-06-06 16:45:00+02:00,2026-06-06,16,45,3,5,6,44.24,71.39,,5588.78063,6.65,1.2187474880668938,,12.467278505485206,0.8174910278797102,-0.8400000000000034,2.216822957047513,54468.877263,263.49,-27.15
2026-06-06 15:00:00+00:00,2026-06-06 17:00:00+02:00,2026-06-06,17,0,0,5,6,47.31,63.72,,5676.01575,6.17,0.8508900695675448,,17.552767113288244,0.8601712632179356,6.239999999999995,2.1570383656562693,55058.791934,542.28,-16.409999999999997
2026-06-06 15:15:00+00:00,2026-06-06 17:15:00+02:00,2026-06-06,17,15,1,5,6,67.82,82.05,,5657.65518,12.0,0.8783927873967743,,21.281927387652956,0.8403383754499715,-17.129999999999995,2.3724884393307195,54735.044581,538.77,-14.230000000000004
2026-06-06 15:30:00+00:00,2026-06-06 17:30:00+02:00,2026-06-06,17,30,2,5,6,92.86,99.69,,5626.36629,69.76,0.8906079361205752,,11.884840484134958,0.7137126047239877,-8.91000000000001,3.0253779049795066,54344.422015,534.73,-6.829999999999998
2026-06-06 15:45:00+00:00,2026-06-06 17:45:00+02:00,2026-06-06,17,45,3,5,6,112.01,118.02,,5582.56991,109.87,0.4196856075990848,,9.507745964913736,0.8844424460484922,-15.280000000000001,4.644551698477758,54590.329918,530.94,-6.009999999999991
2026-06-06 16:00:00+00:00,2026-06-06 18:00:00+02:00,2026-06-06,18,0,0,5,6,98.94,110.99,,5533.88034,89.29,0.5753999828103997,,5.645886408114622,1.0387024725101925,-1.1099999999999994,4.977972614350117,55024.743718,538.79,-12.049999999999997
2026-06-06 16:15:00+00:00,2026-06-06 18:15:00+02:00,2026-06-06,18,15,1,5,6,107.02,116.0,,5467.965,107.43,0.8232345783156062,,5.530147677353045,1.4242565225183144,-11.069999999999993,8.51528752452539,54827.368706,549.87,-8.980000000000004
2026-06-06 16:30:00+00:00,2026-06-06 18:30:00+02:00,2026-06-06,18,30,2,5,6,115.96,129.43,,5414.51513,128.59,0.7617926274943851,,4.6711490377992995,1.4544250275588693,-11.990000000000009,9.89515262549721,54422.978045,555.98,-13.470000000000013
2026-06-06 16:45:00+00:00,2026-06-06 18:45:00+02:00,2026-06-06,18,45,3,5,6,118.01,127.03,,5368.8104,145.6,0.5264429474595558,,3.600541625922411,1.4123062745854842,-17.450000000000017,9.128501203946694,54296.108638,569.07,-9.019999999999996
2026-06-06 17:00:00+00:00,2026-06-06 19:00:00+02:00,2026-06-06,19,0,0,5,6,111.8,122.95,,5322.24941,123.57,1.237048110054488,,6.666425828983128,1.4936530564871486,-9.699999999999989,10.34969039242373,54157.28716,576.25,-11.150000000000006
2026-06-06 17:15:00+00:00,2026-06-06 19:15:00+02:00,2026-06-06,19,15,1,5,6,121.0,135.01,,5463.2014,139.25,1.3959824167090584,,7.261434660818287,1.2751291461252077,-7.550000000000011,9.157125052753122,54228.956348,576.11,-14.009999999999991
2026-06-06 17:30:00+00:00,2026-06-06 19:30:00+02:00,2026-06-06,19,30,2,5,6,126.31,151.5,,5614.38514,153.17,1.3508079686608343,,5.81283350297711,1.2036839878822168,-2.5500000000000114,6.973404367436082,54083.705339,577.97,-25.189999999999998
2026-06-06 17:45:00+00:00,2026-06-06 19:45:00+02:00,2026-06-06,19,45,3,5,6,131.08,147.53,,5772.87989,171.24,0.8908579784443118,,12.969141580433666,1.2630545973627723,-8.620000000000005,4.633177632658917,54109.878814,583.1,-16.44999999999999
2026-06-06 18:00:00+00:00,2026-06-06 20:00:00+02:00,2026-06-06,20,0,0,5,6,128.46,153.97,,5953.69103,156.74,1.4880745459825448,,7.907964339828556,1.1340693859850124,-6.490000000000009,5.010426283579443,53727.577781,579.48,-25.50999999999999
2026-06-06 18:15:00+00:00,2026-06-06 20:15:00+02:00,2026-06-06,20,15,1,5,6,130.0,160.0,,6143.69658,166.44,1.4715436667329167,,10.89981804129473,1.1156823793767303,-7.009999999999991,3.698097037731595,53251.9811,572.8,-30.0
2026-06-06 18:30:00+00:00,2026-06-06 20:30:00+02:00,2026-06-06,20,30,2,5,6,134.99,156.97,,6335.47963,184.0,0.9343338129551995,,4.755274264785726,1.1564476710382716,1.0400000000000205,2.9700883323607146,52740.352645,567.24,-21.97999999999999
2026-06-06 18:45:00+00:00,2026-06-06 20:45:00+02:00,2026-06-06,20,45,3,5,6,135.15,170.33,,6497.60484,189.64,1.3042009996076147,,10.235707107962833,1.258791913813797,-10.349999999999994,2.444889830134277,52176.793283,560.76,-35.18000000000001
2026-06-06 19:00:00+00:00,2026-06-06 21:00:00+02:00,2026-06-06,21,0,0,5,6,138.75,175.68,,6687.34631,183.78,1.121459957259509,,14.675913373052236,1.3226895582580604,-6.579999999999998,2.5390491054799122,51773.322347,557.84,-36.93000000000001
2026-06-06 19:15:00+00:00,2026-06-06 21:15:00+02:00,2026-06-06,21,15,1,5,6,133.65,160.39,,7026.76998,175.0,1.0742530211843397,,10.927297622620774,1.1398504104741503,-5.519999999999996,2.728282167963984,51246.861264,549.87,-26.73999999999998
2026-06-06 19:30:00+00:00,2026-06-06 21:30:00+02:00,2026-06-06,21,30,2,5,6,127.96,145.11,,7413.0142,168.36,0.6765125844236997,,11.982115839867344,1.1549695565304876,-16.38000000000001,3.707243337979711,50711.483663,550.63,-17.15000000000002
2026-06-06 19:45:00+00:00,2026-06-06 21:45:00+02:00,2026-06-06,21,45,3,5,6,124.11,151.0,,7820.53179,163.03,1.7251636758126156,,4.89008520716528,1.367370461353015,-0.3300000000000125,5.634546580664829,50305.824135,546.5,-26.89
2026-06-06 20:00:00+00:00,2026-06-06 22:00:00+02:00,2026-06-06,22,0,0,5,6,133.03,154.6,,8199.9575,177.99,0.7377840750923688,,4.421051911027515,1.2545147591640484,-7.920000000000002,4.8365614892498705,49553.540596,552.4,-21.569999999999993
2026-06-06 20:15:00+00:00,2026-06-06 22:15:00+02:00,2026-06-06,22,15,1,5,6,125.02,145.68,,8737.81876,162.01,1.566578889408509,,3.288297431802609,1.2820334160793632,1.009999999999991,6.479015267519312,48839.775131,550.0,-20.66000000000001
2026-06-06 20:30:00+00:00,2026-06-06 22:30:00+02:00,2026-06-06,22,30,2,5,6,121.32,136.92,,9274.43151,151.6,1.229234502067808,,2.5689881276487063,1.389083826686696,0.18000000000000682,7.382782736383359,48192.101782,553.76,-15.599999999999994
2026-06-06 20:45:00+00:00,2026-06-06 22:45:00+02:00,2026-06-06,22,45,3,5,6,110.1,134.38,,9794.47338,140.37,1.6524819679483496,,3.152908709958741,1.4202271274439493,-1.3500000000000085,8.108374527307362,47672.729961,557.53,-24.28
2026-06-06 21:00:00+00:00,2026-06-06 23:00:00+02:00,2026-06-06,23,0,0,5,6,118.41,135.6,,10285.39879,152.41,0.97124909699956,,7.8907181760175344,1.433084069398453,4.299999999999997,7.499327345031486,46864.736156,568.08,-17.189999999999998
2026-06-06 21:15:00+00:00,2026-06-06 23:15:00+02:00,2026-06-06,23,15,1,5,6,116.0,127.64,,10706.31015,147.78,0.9315450875896647,,4.811666378016387,1.4287969607800923,4.3700000000000045,7.5364997497751895,46179.037071,590.41,-11.64
2026-06-06 21:30:00+00:00,2026-06-06 23:30:00+02:00,2026-06-06,23,30,2,5,6,110.98,120.07,,11135.43064,139.5,1.2124029656376858,,7.982858719364463,1.5002871803782956,-1.6099999999999994,7.33895665582858,45555.779169,614.18,-9.08999999999999
2026-06-06 21:45:00+00:00,2026-06-06 23:45:00+02:00,2026-06-06,23,45,3,5,6,103.63,114.29,,11585.88933,134.44,1.140695512152327,,7.3003904005196825,1.412544940102278,-0.3900000000000148,6.579959514103758,44920.152065,631.51,-10.66000000000001
2026-06-07 10:00:00+00:00,2026-06-07 12:00:00+02:00,2026-06-07,12,0,0,6,6,-3.39,-14.99,,15207.31822,-14.0,1.3734943164570905,,32.80813974204167,1.2088393717427204,-5.63,0.5439498381626213,50213.418526,373.35,11.6
2026-06-07 10:15:00+00:00,2026-06-07 12:15:00+02:00,2026-06-07,12,15,1,6,6,-4.99,-19.0,,14874.25944,-18.95,1.3600095480285261,,32.42816831089909,1.1945992302003765,1.31,0.5041908592222198,50382.966157,385.89,14.01
2026-06-07 10:30:00+00:00,2026-06-07 12:30:00+02:00,2026-06-07,12,30,2,6,6,-5.03,-15.0,,14638.96492,-29.46,1.0634994833294724,,26.2560094708494,1.1390333682602178,-2.96,0.5043180371069164,50188.341522,398.61,9.969999999999999
2026-06-07 10:45:00+00:00,2026-06-07 12:45:00+02:00,2026-06-07,12,45,3,6,6,-6.99,-1.74,,14457.48184,-36.85,1.4598491042268107,,35.75747381084594,1.1051596625869722,4.4,0.5109648800410643,49957.656449,410.54,-5.25
2026-06-07 11:00:00+00:00,2026-06-07 13:00:00+02:00,2026-06-07,13,0,0,6,6,-7.72,-23.36,,14206.00871,-35.27,1.3947262086197385,,39.1073987032292,1.1051636247582588,-0.34,0.47395995472069824,49545.42854,421.18,15.64
2026-06-07 11:15:00+00:00,2026-06-07 13:15:00+02:00,2026-06-07,13,15,1,6,6,-10.91,-10.01,,13926.05489,-48.94,1.0640987899816368,,36.16862498538386,1.0371075195654047,0.56,0.4242031729292448,49447.45459,432.09,-0.9000000000000004
2026-06-07 11:30:00+00:00,2026-06-07 13:30:00+02:00,2026-06-07,13,30,2,6,6,-15.68,-40.11,,13736.70422,-58.02,1.3053043775835353,,28.915492387299928,0.9837476760194127,-0.51,0.39577340560884683,49307.003687,442.18,24.43
2026-06-07 11:45:00+00:00,2026-06-07 13:45:00+02:00,2026-06-07,13,45,3,6,6,-19.79,-50.25,,13613.41379,-64.57,1.4637273007371068,,29.616581504285737,0.9521497620432212,0.08,0.39749176815547443,48853.010921,452.83,30.46
2026-06-07 12:00:00+00:00,2026-06-07 14:00:00+02:00,2026-06-07,14,0,0,6,6,-19.08,-24.78,,13510.51256,-49.5,0.48788781548089727,,21.997111931645332,1.0303374581947908,4.32,0.42203618614348454,48510.744133,467.1,5.700000000000003
2026-06-07 12:15:00+00:00,2026-06-07 14:15:00+02:00,2026-06-07,14,15,1,6,6,-18.67,-45.43,,13418.5429,-46.52,1.3522148606073612,,27.291816233686852,1.0416069702332935,-0.99,0.40549218989477925,48041.208688,471.07,26.759999999999998
2026-06-07 12:30:00+00:00,2026-06-07 14:30:00+02:00,2026-06-07,14,30,2,6,6,-16.29,-44.45,,13386.54193,-38.97,1.1996876764277924,,29.432628719387832,1.0502128742674464,0.25,0.4470517363136766,47699.171995,477.19,28.160000000000004
2026-06-07 12:45:00+00:00,2026-06-07 14:45:00+02:00,2026-06-07,14,45,3,6,6,-15.53,-45.04,,13363.0798,-29.01,1.133289165117195,,20.89793610224065,1.0897864487849718,1.01,0.5127118282846831,47495.890974,482.77,29.509999999999998
2026-06-07 13:00:00+00:00,2026-06-07 15:00:00+02:00,2026-06-07,15,0,0,6,6,-19.63,-50.07,,13497.73521,-29.0,0.7742792229168782,,19.44627213632474,1.0864228810404084,3.5,0.5236288218839403,47363.783281,487.88,30.44
2026-06-07 13:15:00+00:00,2026-06-07 15:15:00+02:00,2026-06-07,15,15,1,6,6,-17.05,-24.59,,13685.47721,-24.0,0.5904671725654079,,18.94290368449357,1.0977333921125858,-2.1,0.5317449486540747,47070.325668,496.29,7.539999999999999
2026-06-07 13:30:00+00:00,2026-06-07 15:30:00+02:00,2026-06-07,15,30,2,6,6,-11.0,-31.78,,13979.80718,-15.0,0.598009798699395,,21.692471044120357,1.1414276376078096,-12.3,0.8037118647195578,46905.516714,506.58,20.78
2026-06-07 13:45:00+00:00,2026-06-07 15:45:00+02:00,2026-06-07,15,45,3,6,6,-9.2,-23.87,,14352.16238,-16.98,1.1133935630175027,,25.31558676652258,1.100393074709254,-3.46,1.3210004301343565,46338.746578,516.04,14.670000000000002
2026-06-07 14:00:00+00:00,2026-06-07 16:00:00+02:00,2026-06-07,16,0,0,6,6,-9.56,-28.06,,14827.27661,-11.59,1.1697385296422562,,19.83406749341479,1.1152876467197885,-3.25,1.0389367022371703,46862.058423,528.08,18.5
2026-06-07 14:15:00+00:00,2026-06-07 16:15:00+02:00,2026-06-07,16,15,1,6,6,-9.0,-8.4,,15352.73093,-8.6,1.494571299123439,,24.94482778720537,1.0017127470901104,-6.27,1.606880053894839,47075.459752,540.0,-0.5999999999999996
2026-06-07 14:30:00+00:00,2026-06-07 16:30:00+02:00,2026-06-07,16,30,2,6,6,-2.1,-12.79,,15796.65756,-2.4,1.3417729153984872,,34.950187886953245,0.950517810817683,-21.449999999999996,1.931470278886605,47468.536069,552.0,10.69
2026-06-07 14:45:00+00:00,2026-06-07 16:45:00+02:00,2026-06-07,16,45,3,6,6,-1.51,16.1,,16321.66739,1.0,1.250175507068067,,16.41475048038603,0.8526679959721255,-0.8400000000000034,2.188163493544885,46820.807031,569.01,-17.610000000000003
2026-06-07 15:00:00+00:00,2026-06-07 17:00:00+02:00,2026-06-07,17,0,0,6,6,-2.07,-14.7,,16647.96182,0.0,1.0578417834088298,,20.301197830013216,0.8520752265620115,-15.560000000000002,2.1530174516719787,47582.699896,650.69,12.629999999999999
2026-06-07 15:15:00+00:00,2026-06-07 17:15:00+02:00,2026-06-07,17,15,1,6,6,-3.5,-1.0,,16833.30475,-2.02,0.8019448556718654,,21.154363616048574,0.7928736296609805,-14.230000000000004,2.3749623031279516,47323.818237,648.63,-2.5
2026-06-07 15:30:00+00:00,2026-06-07 17:30:00+02:00,2026-06-07,17,30,2,6,6,3.61,18.89,,16995.22244,-1.66,0.8121593978086504,,12.188971791473362,0.6656293643143583,-6.829999999999998,3.0255193975927166,47480.593752,653.67,-15.280000000000001
2026-06-07 15:45:00+00:00,2026-06-07 17:45:00+02:00,2026-06-07,17,45,3,6,6,13.0,16.55,,17033.98246,30.01,0.40059270674756187,,9.694412480049188,0.8111792400256091,-6.009999999999991,4.646521075692441,47925.143471,650.68,-3.5500000000000007
2026-06-07 16:00:00+00:00,2026-06-07 18:00:00+02:00,2026-06-07,18,0,0,6,6,17.0,0.05,,16964.33875,40.07,0.604742308526015,,6.365424835259106,0.9550884547218933,-10.470000000000006,4.9844178239712145,48274.171657,647.3,16.95
2026-06-07 16:15:00+00:00,2026-06-07 18:15:00+02:00,2026-06-07,18,15,1,6,6,42.94,21.29,,16733.07863,90.01,0.7643040883326717,,4.406748612450376,1.3168127274230124,-8.980000000000004,8.453856571809585,48405.964672,632.46,21.65
2026-06-07 16:30:00+00:00,2026-06-07 18:30:00+02:00,2026-06-07,18,30,2,6,6,92.53,87.9,,16207.55237,114.53,0.713992133759967,,4.517598919780285,1.3636033256536895,-13.470000000000013,9.887606869717203,48174.87681,618.62,4.6299999999999955
2026-06-07 16:45:00+00:00,2026-06-07 18:45:00+02:00,2026-06-07,18,45,3,6,6,107.94,115.97,,15487.52359,129.8,0.5668818618801171,,4.445098424107173,1.328358360498197,-15.680000000000007,8.690377621880934,48466.846386,601.26,-8.030000000000001
2026-06-07 17:00:00+00:00,2026-06-07 19:00:00+02:00,2026-06-07,19,0,0,6,6,95.31,78.62,,14735.78623,120.07,1.1529946135401214,,6.785000614099707,1.3976772920895324,-11.150000000000006,9.945585589687752,49111.636344,582.67,16.689999999999998
2026-06-07 17:15:00+00:00,2026-06-07 19:15:00+02:00,2026-06-07,19,15,1,6,6,114.8,107.43,,13961.37736,125.66,1.2721161929144167,,8.951541766645551,1.2195451668098933,-7.550000000000011,8.96146206428876,49431.522101,558.82,7.36999999999999
2026-06-07 17:30:00+00:00,2026-06-07 19:30:00+02:00,2026-06-07,19,30,2,6,6,125.59,120.23,,13184.94427,135.22,1.2076476371159077,,14.935174365682283,1.150143284154664,-7.099999999999994,6.864684009593213,49412.863042,536.16,5.359999999999999
2026-06-07 17:45:00+00:00,2026-06-07 19:45:00+02:00,2026-06-07,19,45,3,6,6,129.4,148.12,,12404.90684,149.87,0.8500099635792968,,9.844587345338558,1.1793128016091405,-8.620000000000005,4.516313707678529,49466.448052,510.74,-18.72
2026-06-07 18:00:00+00:00,2026-06-07 20:00:00+02:00,2026-06-07,20,0,0,6,6,127.81,99.75,,11629.12967,134.13,1.3475435391910686,,15.873723570731604,1.0641908239112037,-8.319999999999993,4.911170322854204,49199.27972,488.86,28.060000000000002
2026-06-07 18:15:00+00:00,2026-06-07 20:15:00+02:00,2026-06-07,20,15,1,6,6,131.0,125.62,,10974.92422,148.08,1.3296174974400143,,14.007344502081782,1.0405498948367902,-23.69999999999999,3.6306060735164385,49090.224219,468.57,5.3799999999999955
2026-06-07 18:30:00+00:00,2026-06-07 20:30:00+02:00,2026-06-07,20,30,2,6,6,138.69,129.28,,10259.1118,160.58,0.8618092953146805,,12.63256242150947,1.0769803345200488,-6.060000000000002,2.9387674710467175,48563.717429,449.35,9.409999999999997
2026-06-07 18:45:00+00:00,2026-06-07 20:45:00+02:00,2026-06-07,20,45,3,6,6,142.99,135.06,,9485.41215,165.02,1.1680853433675111,,20.73038591054206,1.1736405743768377,-10.349999999999994,2.430573727788071,48105.026148,431.37,7.930000000000007
2026-06-07 19:00:00+00:00,2026-06-07 21:00:00+02:00,2026-06-07,21,0,0,6,6,141.0,133.35,,8709.45136,163.48,1.082940703163534,,21.728139205494188,1.2264980560684937,-6.579999999999998,2.522861155733927,47735.808149,409.42,7.650000000000006
2026-06-07 19:15:00+00:00,2026-06-07 21:15:00+02:00,2026-06-07,21,15,1,6,6,141.65,135.01,,8111.5027,158.8,0.9757770017712107,,14.734996889491809,1.0563742779783325,-5.519999999999996,2.7026020439153395,47258.13987,397.28,6.640000000000015
2026-06-07 19:30:00+00:00,2026-06-07 21:30:00+02:00,2026-06-07,21,30,2,6,6,145.0,141.3,,7605.82474,151.01,0.6400889880749817,,11.998705485731918,1.0738298965193134,-17.15000000000002,3.654960245825361,46863.974095,380.36,3.6999999999999886
2026-06-07 19:45:00+00:00,2026-06-07 21:45:00+02:00,2026-06-07,21,45,3,6,6,144.56,135.0,,7149.46442,142.09,1.5794527951636494,,15.735518209875918,1.2788358668388504,-0.3300000000000125,5.578498806521015,46652.749389,366.33,9.560000000000002
2026-06-07 20:00:00+00:00,2026-06-07 22:00:00+02:00,2026-06-07,22,0,0,6,6,149.92,145.7,,6635.43859,155.99,0.7177070958037257,,10.410092859015874,1.1635550792240268,-7.920000000000002,4.783488092099646,46313.750745,354.45,4.219999999999999
2026-06-07 20:15:00+00:00,2026-06-07 22:15:00+02:00,2026-06-07,22,15,1,6,6,145.62,143.25,,6358.84031,147.68,1.4265416971231966,,11.35007635803976,1.1875994008982755,-3.969999999999999,6.320312977159023,45698.041673,352.12,2.3700000000000045
2026-06-07 20:30:00+00:00,2026-06-07 22:30:00+02:00,2026-06-07,22,30,2,6,6,145.68,138.78,,6092.46757,138.61,1.1882573297843124,,10.12121040192328,1.2838525346081775,0.18000000000000682,7.2418974755587575,45154.810711,348.84,6.900000000000006
2026-06-07 20:45:00+00:00,2026-06-07 22:45:00+02:00,2026-06-07,22,45,3,6,6,142.5,136.6,,5830.34503,130.53,1.49518485970275,,14.010185580498224,1.312140761218363,-3.75,7.749568947033859,44657.499519,345.84,5.900000000000006
2026-06-07 21:00:00+00:00,2026-06-07 23:00:00+02:00,2026-06-07,23,0,0,6,6,146.83,148.73,,5563.44146,136.91,1.1118098882688818,,13.111766979828976,1.3218032976874603,4.299999999999997,7.330266451555482,44089.227159,344.15,-1.8999999999999773
2026-06-07 21:15:00+00:00,2026-06-07 23:15:00+02:00,2026-06-07,23,15,1,6,6,142.81,137.92,,5357.95713,131.47,1.1510022412946732,,9.331186062518167,1.3011001795474182,4.3700000000000045,7.345072896414998,43532.976194,349.84,4.890000000000015
2026-06-07 21:30:00+00:00,2026-06-07 23:30:00+02:00,2026-06-07,23,30,2,6,6,140.9,125.69,,5152.25717,127.63,1.1645978490730786,,8.698798767646013,1.3627120076293486,-9.08999999999999,7.158639334642699,43141.989356,358.28,15.210000000000008
2026-06-07 21:45:00+00:00,2026-06-07 23:45:00+02:00,2026-06-07,23,45,3,6,6,137.0,139.25,,4950.19575,125.11,1.0471892839823316,,5.782464872353307,1.2748385434257388,-10.129999999999995,6.440199049040249,42619.449181,363.0,-2.25
