feature,selection_frequency,clean_selection_frequency,selected_folds,selected_clean_folds,mean_abs_coefficient,median_abs_coefficient,max_abs_coefficient,fold_all_missing_frequency,coefficient_sign_stability,selected_pre_cap,prefilter_keep,prefilter_reason,non_missing_count,non_missing_fraction,unique_values,family_x,pool_x,base_signal_x,corr_prune_keep,corr_prune_reason,correlated_with,max_abs_corr_with_kept,univariate_abs_spearman,family_y,pool_y,base_signal_y,family,pool,base_signal,selected,selection_method
ida1_minus_da_spread_eur_mwh_rolling_median_28d_same_local_qh,1.0,1.0,18.0,18.0,5.997057401658166,6.229306960310108,8.038430174463098,0.0,1.0,True,True,kept,81500,0.9872086825912109,27759,ida1_history,market_history,ida1_minus_da_spread_eur_mwh,True,first_ranked_feature,,0.0,0.6180447145601338,ida1_history,market_history,ida1_minus_da_spread_eur_mwh,ida1_history,market_history,ida1_minus_da_spread_eur_mwh,True,elasticnet_coefficients
ida1_minus_da_spread_eur_mwh_rolling_median_7d_same_local_qh,1.0,1.0,18.0,18.0,3.3940977147950693,3.438078902783462,4.16597721883546,0.0,1.0,True,True,kept,81408,0.9860942875139299,30963,ida1_history,market_history,ida1_minus_da_spread_eur_mwh,True,kept,ida1_minus_da_spread_eur_mwh_rolling_mean_14d_same_local_qh,0.8842295531640916,0.5979534106044282,ida1_history,market_history,ida1_minus_da_spread_eur_mwh,ida1_history,market_history,ida1_minus_da_spread_eur_mwh,True,elasticnet_coefficients
ida1_minus_da_spread_eur_mwh_lag_1d_same_local_qh,1.0,1.0,18.0,18.0,2.156304003358832,2.32424930892602,3.13877981767172,0.0,1.0,True,True,kept,77268,0.9359465090362905,54513,ida1_history,market_history,ida1_minus_da_spread_eur_mwh,True,kept,ida1_minus_da_spread_eur_mwh_rolling_mean_3d_same_local_qh,0.78356526299323,0.5106414910772987,ida1_history,market_history,ida1_minus_da_spread_eur_mwh,ida1_history,market_history,ida1_minus_da_spread_eur_mwh,True,elasticnet_coefficients
ida1_minus_da_spread_eur_mwh_rolling_mean_14d_same_local_qh,1.0,1.0,18.0,18.0,1.6444443952672603,1.4944604050815895,2.668457615548435,0.0,1.0,True,True,kept,81596,0.9883715296283735,80871,ida1_history,market_history,ida1_minus_da_spread_eur_mwh,True,kept,ida1_minus_da_spread_eur_mwh_rolling_median_28d_same_local_qh,0.9197541533283058,0.5992663982848759,ida1_history,market_history,ida1_minus_da_spread_eur_mwh,ida1_history,market_history,ida1_minus_da_spread_eur_mwh,True,elasticnet_coefficients
wind_onshore_da_forecast_error_mw_lag_1d_same_local_qh,0.8333333333333334,0.8333333333333334,15.0,15.0,0.5121991416198226,0.5448931390905359,1.0987706404240616,0.0,1.0,True,True,kept,75810,0.9182857696593827,74826,lagged_forecast_error,lagged_forecast_error,wind_onshore_da_forecast_error_mw,True,kept,wind_onshore_da_forecast_error_mw_rolling_mean_3d_same_local_qh,0.6250368960657472,0.025822878430953572,lagged_forecast_error,lagged_forecast_error,wind_onshore_da_forecast_error_mw,lagged_forecast_error,lagged_forecast_error,wind_onshore_da_forecast_error_mw,True,elasticnet_coefficients
wind_total_forecast_revision_id_minus_da_mw_rolling_std_3d_same_local_qh,0.7222222222222222,0.7222222222222222,13.0,13.0,0.19613177195474338,0.11331470865666288,0.7130252734069704,0.0,1.0,True,True,kept,82360,0.997625853965793,82360,forecast_revision,forecast_revision,wind_total_forecast_revision_id_minus_da_mw,True,kept,wind_total_forecast_revision_id_minus_da_mw_rolling_std_7d_same_local_qh,0.5849808806172971,0.022340213818592154,forecast_revision,forecast_revision,wind_total_forecast_revision_id_minus_da_mw,forecast_revision,forecast_revision,wind_total_forecast_revision_id_minus_da_mw,True,elasticnet_coefficients
da_price_eur_mwh,0.6666666666666666,0.6666666666666666,12.0,12.0,0.5496713265763461,0.3688781324091961,2.0537899780667552,0.0,1.0,True,True,kept,82556,1.0,12631,da_price,market_history,da_price_eur_mwh,True,kept,ida1_price_eur_mwh_lag_1d_same_local_qh,0.7477750833410122,0.07125076012790317,da_price,market_history,da_price_eur_mwh,da_price,market_history,da_price_eur_mwh,True,elasticnet_coefficients
wind_total_forecast_id_mw_lag_1d_same_local_qh,0.6666666666666666,0.6666666666666666,12.0,12.0,0.28061474421265226,0.23364305960284554,0.8271714828799911,0.0,1.0,True,True,kept,82444,0.9986433451233102,81801,id_forecast,forecast_level,wind_total_forecast_id_mw,True,kept,total_generation_forecast_da_mw_lag_1d_same_local_qh,0.36481576939653093,0.01855128124807627,id_forecast,forecast_level,wind_total_forecast_id_mw,id_forecast,forecast_level,wind_total_forecast_id_mw,True,elasticnet_coefficients
ida1_minus_da_spread_eur_mwh_lag_7d_same_local_qh,0.6111111111111112,0.6111111111111112,11.0,11.0,0.36626773733699214,0.2315447694581243,0.9855418919545178,0.0,1.0,False,True,kept,74772,0.9057124860700615,53600,ida1_history,market_history,ida1_minus_da_spread_eur_mwh,True,kept,ida1_minus_da_spread_eur_mwh_rolling_median_7d_same_local_qh,0.6963071042634081,0.47181178180696487,ida1_history,market_history,ida1_minus_da_spread_eur_mwh,ida1_history,market_history,ida1_minus_da_spread_eur_mwh,False,elasticnet_coefficients
residual_load_revision_id_minus_da_approx_mw_rolling_median_7d_same_local_qh,0.5555555555555556,0.5555555555555556,10.0,10.0,0.1353455624175457,0.10218982762383796,0.6090613907988583,0.0,1.0,False,True,kept,82264,0.9964630069286302,35238,forecast_revision,forecast_revision,residual_load_revision_id_minus_da_approx_mw,True,kept,wind_total_forecast_revision_id_minus_da_mw_rolling_median_7d_same_local_qh,0.8332889424055924,0.007221147642597375,forecast_revision,forecast_revision,residual_load_revision_id_minus_da_approx_mw,forecast_revision,forecast_revision,residual_load_revision_id_minus_da_approx_mw,False,elasticnet_coefficients
ida1_minus_da_spread_eur_mwh_lag_14d_same_local_qh,0.5555555555555556,0.5555555555555556,10.0,10.0,0.17989117101902607,0.011066797277748461,0.9589546331529551,0.0,1.0,False,True,kept,72948,0.8836183923639711,52518,ida1_history,market_history,ida1_minus_da_spread_eur_mwh,True,kept,ida1_minus_da_spread_eur_mwh_rolling_mean_14d_same_local_qh,0.6751979504886735,0.4523897099783434,ida1_history,market_history,ida1_minus_da_spread_eur_mwh,ida1_history,market_history,ida1_minus_da_spread_eur_mwh,False,elasticnet_coefficients
ida1_minus_da_spread_eur_mwh_rolling_mean_3d_same_local_qh,0.4444444444444444,0.4444444444444444,8.0,8.0,0.2901226912954362,0.0,1.4099752637766634,0.0,1.0,False,True,kept,76896,0.9314404767672853,71916,ida1_history,market_history,ida1_minus_da_spread_eur_mwh,True,kept,ida1_minus_da_spread_eur_mwh_rolling_median_7d_same_local_qh,0.8427244293572519,0.5485248114048386,ida1_history,market_history,ida1_minus_da_spread_eur_mwh,ida1_history,market_history,ida1_minus_da_spread_eur_mwh,False,elasticnet_coefficients
wind_onshore_forecast_revision_id_minus_da_mw_lag_1d_same_local_qh,0.4444444444444444,0.4444444444444444,8.0,8.0,0.07717588759663081,0.0,0.375345285593571,0.0,1.0,False,True,kept,82439,0.998582780173458,79329,forecast_revision,forecast_revision,wind_onshore_forecast_revision_id_minus_da_mw,True,kept,wind_total_forecast_revision_id_minus_da_mw_rolling_mean_3d_same_local_qh,0.5180876366890327,0.010966542019741057,forecast_revision,forecast_revision,wind_onshore_forecast_revision_id_minus_da_mw,forecast_revision,forecast_revision,wind_onshore_forecast_revision_id_minus_da_mw,False,elasticnet_coefficients
wind_onshore_id_forecast_error_mw_rolling_mean_3d_same_local_qh,0.4444444444444444,0.4444444444444444,8.0,8.0,0.06523392289438074,0.0,0.33954005882001054,0.0,1.0,False,True,kept,75636,0.9161781094045254,75519,lagged_forecast_error,lagged_forecast_error,wind_onshore_id_forecast_error_mw,True,kept,solar_da_forecast_error_mw_rolling_std_3d_same_local_qh,0.11188769340460826,0.026278048308459805,lagged_forecast_error,lagged_forecast_error,wind_onshore_id_forecast_error_mw,lagged_forecast_error,lagged_forecast_error,wind_onshore_id_forecast_error_mw,False,elasticnet_coefficients
wind_total_forecast_revision_id_minus_da_mw_regime_vol_7d_over_28d,0.4444444444444444,0.4444444444444444,8.0,8.0,0.06159070810985252,0.0,0.31930791327417934,0.0,1.0,False,True,kept,81592,0.9883230776684917,81592,regime_volatility,regime,wind_total_forecast_revision_id_minus_da_mw,True,kept,ida1_price_eur_mwh_regime_mean_shift_7d_vs_28d_z,0.14418749466977498,0.03266362392272149,regime_volatility,regime,wind_total_forecast_revision_id_minus_da_mw,regime_volatility,regime,wind_total_forecast_revision_id_minus_da_mw,False,elasticnet_coefficients
da_price_eur_mwh_rolling_median_3d_same_local_qh,0.3888888888888889,0.3888888888888889,7.0,7.0,0.09713575863882118,0.0,0.4389727429654015,0.0,1.0,False,True,kept,82364,0.9976743059256747,10698,da_price,market_history,da_price_eur_mwh,True,kept,ida1_price_eur_mwh_rolling_mean_3d_same_local_qh,0.9194021424203904,0.04353170867381354,da_price,market_history,da_price_eur_mwh,da_price,market_history,da_price_eur_mwh,False,elasticnet_coefficients
da_price_eur_mwh_rolling_std_7d_same_local_qh,0.3888888888888889,0.3888888888888889,7.0,7.0,0.25070481952372226,0.0,1.0647291641024597,0.0,1.0,False,True,kept,82268,0.996511458888512,54654,da_price,market_history,da_price_eur_mwh,True,kept,ida1_price_eur_mwh_rolling_median_28d_same_local_qh,0.37865447662754825,0.028966579321691725,da_price,market_history,da_price_eur_mwh,da_price,market_history,da_price_eur_mwh,False,elasticnet_coefficients
load_da_forecast_error_mw_rolling_median_3d_same_local_qh,0.3888888888888889,0.3888888888888889,7.0,7.0,0.12820892504110015,0.0,0.5792000987690056,0.0,1.0,False,True,kept,75648,0.9163234652841707,50334,lagged_forecast_error,lagged_forecast_error,load_da_forecast_error_mw,True,kept,solar_da_forecast_error_mw_rolling_std_3d_same_local_qh,0.07014636447960049,0.02679959398507577,lagged_forecast_error,lagged_forecast_error,load_da_forecast_error_mw,lagged_forecast_error,lagged_forecast_error,load_da_forecast_error_mw,False,elasticnet_coefficients
residual_load_revision_id_minus_da_approx_mw_rolling_mean_14d_same_local_qh,0.3888888888888889,0.3888888888888889,7.0,7.0,0.06816806247207434,0.0,0.3415886027776985,0.0,1.0,False,True,kept,82072,0.994137312854305,81957,forecast_revision,forecast_revision,residual_load_revision_id_minus_da_approx_mw,True,kept,wind_total_forecast_revision_id_minus_da_mw_rolling_median_7d_same_local_qh,0.5210074967970515,0.01103661949805996,forecast_revision,forecast_revision,residual_load_revision_id_minus_da_approx_mw,forecast_revision,forecast_revision,residual_load_revision_id_minus_da_approx_mw,False,elasticnet_coefficients
month_cos,0.3333333333333333,0.3333333333333333,6.0,6.0,0.09016999903393028,0.0,0.4479685467942973,0.0,1.0,False,True,kept,82556,1.0,11,calendar,calendar,month_cos,True,kept,weekday_cos,0.015704983282125096,0.00030871264566463633,calendar,calendar,month_cos,calendar,calendar,month_cos,False,elasticnet_coefficients
wind_offshore_da_forecast_error_mw_rolling_mean_14d_same_local_qh,0.3333333333333333,0.3333333333333333,6.0,6.0,0.06977713364198816,0.0,0.35870260698092116,0.0,1.0,False,True,kept,80151,0.9708682591210814,80034,lagged_forecast_error,lagged_forecast_error,wind_offshore_da_forecast_error_mw,True,kept,wind_offshore_id_forecast_error_mw_rolling_mean_14d_same_local_qh,0.8552841984062003,0.0029233998470677073,lagged_forecast_error,lagged_forecast_error,wind_offshore_da_forecast_error_mw,lagged_forecast_error,lagged_forecast_error,wind_offshore_da_forecast_error_mw,False,elasticnet_coefficients
wind_offshore_da_forecast_error_mw_rolling_median_7d_same_local_qh,0.3333333333333333,0.3333333333333333,6.0,6.0,0.0432016906004998,0.0,0.2731603351952799,0.0,1.0,False,True,kept,79962,0.9685789040166675,38589,lagged_forecast_error,lagged_forecast_error,wind_offshore_da_forecast_error_mw,True,kept,wind_offshore_da_forecast_error_mw_rolling_mean_7d_same_local_qh,0.7964298177535339,0.0006640033710613967,lagged_forecast_error,lagged_forecast_error,wind_offshore_da_forecast_error_mw,lagged_forecast_error,lagged_forecast_error,wind_offshore_da_forecast_error_mw,False,elasticnet_coefficients
wind_offshore_da_forecast_error_mw_rolling_std_14d_same_local_qh,0.3333333333333333,0.3333333333333333,6.0,6.0,0.0576915098187398,0.0,0.3219441789112769,0.0,1.0,False,True,kept,80151,0.9708682591210814,80147,lagged_forecast_error,lagged_forecast_error,wind_offshore_da_forecast_error_mw,True,kept,wind_offshore_da_forecast_error_mw_rolling_std_28d_same_local_qh,0.7233028477923376,0.002895991556770405,lagged_forecast_error,lagged_forecast_error,wind_offshore_da_forecast_error_mw,lagged_forecast_error,lagged_forecast_error,wind_offshore_da_forecast_error_mw,False,elasticnet_coefficients
wind_onshore_forecast_da_mw_lag_14d_same_local_qh,0.3333333333333333,0.3333333333333333,6.0,6.0,0.045069007808914985,0.0,0.3031325108294463,0.0,1.0,False,True,kept,79276,0.9602693928969427,78201,da_forecast,forecast_level,wind_onshore_forecast_da_mw,True,kept,renewable_total_forecast_id_mw_lag_14d_same_local_qh,0.5946720164007863,0.02007416353767496,da_forecast,forecast_level,wind_onshore_forecast_da_mw,da_forecast,forecast_level,wind_onshore_forecast_da_mw,False,elasticnet_coefficients
da_price_eur_mwh_regime_vol_28d,0.2777777777777778,0.2777777777777778,5.0,5.0,0.1038270642257531,0.0,0.5397333170671431,0.0,1.0,False,True,kept,81596,0.9883715296283735,55777,regime_volatility,regime,da_price_eur_mwh,True,kept,da_price_eur_mwh_regime_abs_median_28d_over_vol,0.7477694630405401,0.00818657652831307,regime_volatility,regime,da_price_eur_mwh,regime_volatility,regime,da_price_eur_mwh,False,elasticnet_coefficients
da_price_eur_mwh_rolling_std_28d_same_local_qh,0.2777777777777778,0.2777777777777778,5.0,5.0,0.10206478506269098,0.0,0.5099110998322233,0.0,1.0,False,True,kept,81596,0.9883715296283735,55777,da_price,market_history,da_price_eur_mwh,True,kept,da_price_eur_mwh_rolling_std_14d_same_local_qh,0.8867881704599689,0.00818657652831307,da_price,market_history,da_price_eur_mwh,da_price,market_history,da_price_eur_mwh,False,elasticnet_coefficients
ida1_minus_da_spread_eur_mwh_regime_mean_shift_7d_vs_28d_z,0.2777777777777778,0.2777777777777778,5.0,5.0,0.027158479544522107,0.0,0.23702806158805811,0.0,1.0,False,True,kept,80736,0.9779543582537914,80736,regime_mean_shift,regime,ida1_minus_da_spread_eur_mwh,True,kept,ida1_price_eur_mwh_regime_abs_median_28d_over_vol,0.04316303424623961,0.06944432131182006,regime_mean_shift,regime,ida1_minus_da_spread_eur_mwh,regime_mean_shift,regime,ida1_minus_da_spread_eur_mwh,False,elasticnet_coefficients
ida1_minus_da_spread_eur_mwh_rolling_std_14d_same_local_qh,0.2777777777777778,0.2777777777777778,5.0,5.0,0.08172280275532678,0.0,0.4759729485687598,0.0,1.0,False,True,kept,81596,0.9883715296283735,81590,ida1_history,market_history,ida1_minus_da_spread_eur_mwh,True,kept,ida1_minus_da_spread_eur_mwh_rolling_std_7d_same_local_qh,0.8379806085339041,0.018702100170196818,ida1_history,market_history,ida1_minus_da_spread_eur_mwh,ida1_history,market_history,ida1_minus_da_spread_eur_mwh,False,elasticnet_coefficients
load_da_forecast_error_mw_rolling_std_3d_same_local_qh,0.2777777777777778,0.2777777777777778,5.0,5.0,0.08116376755094487,0.0,0.33738452951389436,0.0,1.0,False,True,kept,75648,0.9163234652841707,75648,lagged_forecast_error,lagged_forecast_error,load_da_forecast_error_mw,True,kept,load_da_forecast_error_mw_rolling_std_28d_same_local_qh,0.28113496487546874,0.01575828318837423,lagged_forecast_error,lagged_forecast_error,load_da_forecast_error_mw,lagged_forecast_error,lagged_forecast_error,load_da_forecast_error_mw,False,elasticnet_coefficients
renewable_total_forecast_revision_id_minus_da_mw_rolling_std_7d_same_local_qh,0.2777777777777778,0.2777777777777778,5.0,5.0,0.03442886063878611,0.0,0.2784088561408958,0.0,1.0,False,True,kept,82264,0.9964630069286302,82263,forecast_revision,forecast_revision,renewable_total_forecast_revision_id_minus_da_mw,True,kept,wind_total_forecast_revision_id_minus_da_mw_rolling_std_7d_same_local_qh,0.8358715410907589,0.02468485562804119,forecast_revision,forecast_revision,renewable_total_forecast_revision_id_minus_da_mw,forecast_revision,forecast_revision,renewable_total_forecast_revision_id_minus_da_mw,False,elasticnet_coefficients
wind_offshore_da_forecast_error_mw_rolling_std_3d_same_local_qh,0.2777777777777778,0.2777777777777778,5.0,5.0,0.1110727329241082,0.0,0.5298625787297139,0.0,1.0,False,True,kept,75632,0.9161296574446436,75630,lagged_forecast_error,lagged_forecast_error,wind_offshore_da_forecast_error_mw,True,kept,wind_onshore_da_forecast_error_mw_rolling_std_3d_same_local_qh,0.31563601572994626,0.011248366521852245,lagged_forecast_error,lagged_forecast_error,wind_offshore_da_forecast_error_mw,lagged_forecast_error,lagged_forecast_error,wind_offshore_da_forecast_error_mw,False,elasticnet_coefficients
wind_offshore_forecast_da_mw_lag_2d_same_local_qh,0.2777777777777778,0.2777777777777778,5.0,5.0,0.12622375593666088,0.0,0.5755880763202474,0.0,1.0,False,True,kept,82333,0.9972988032365909,76981,da_forecast,forecast_level,wind_offshore_forecast_da_mw,True,kept,wind_total_forecast_da_mw_lag_2d_same_local_qh,0.8369504366541207,0.007595965164597315,da_forecast,forecast_level,wind_offshore_forecast_da_mw,da_forecast,forecast_level,wind_offshore_forecast_da_mw,False,elasticnet_coefficients
wind_offshore_id_forecast_error_mw_lag_14d_same_local_qh,0.2777777777777778,0.2777777777777778,5.0,5.0,0.032479723264909714,0.0,0.30162581491898016,0.0,1.0,False,True,kept,72631,0.8797785745433403,69669,lagged_forecast_error,lagged_forecast_error,wind_offshore_id_forecast_error_mw,True,kept,wind_offshore_da_forecast_error_mw_lag_14d_same_local_qh,0.8444814143614108,0.009004362648546241,lagged_forecast_error,lagged_forecast_error,wind_offshore_id_forecast_error_mw,lagged_forecast_error,lagged_forecast_error,wind_offshore_id_forecast_error_mw,False,elasticnet_coefficients
wind_offshore_id_forecast_error_mw_rolling_median_3d_same_local_qh,0.2777777777777778,0.2777777777777778,5.0,5.0,0.044028292980800736,0.0,0.19864757562467816,0.0,1.0,False,True,kept,75628,0.9160812054847619,47130,lagged_forecast_error,lagged_forecast_error,wind_offshore_id_forecast_error_mw,True,kept,wind_offshore_da_forecast_error_mw_rolling_median_28d_same_local_qh,0.29324258313607143,0.0146337810891482,lagged_forecast_error,lagged_forecast_error,wind_offshore_id_forecast_error_mw,lagged_forecast_error,lagged_forecast_error,wind_offshore_id_forecast_error_mw,False,elasticnet_coefficients
wind_offshore_id_forecast_error_mw_rolling_std_14d_same_local_qh,0.2777777777777778,0.2777777777777778,5.0,5.0,0.029289436585632798,0.0,0.22741286380204861,0.0,1.0,False,True,kept,80152,0.9708803721110519,80146,lagged_forecast_error,lagged_forecast_error,wind_offshore_id_forecast_error_mw,True,kept,wind_offshore_id_forecast_error_mw_rolling_std_28d_same_local_qh,0.8275892970454318,0.0020512896318167586,lagged_forecast_error,lagged_forecast_error,wind_offshore_id_forecast_error_mw,lagged_forecast_error,lagged_forecast_error,wind_offshore_id_forecast_error_mw,False,elasticnet_coefficients
da_price_eur_mwh_regime_vol_7d_over_28d,0.2222222222222222,0.2222222222222222,4.0,4.0,0.010061114792422105,0.0,0.10219195720512922,0.0,1.0,False,True,kept,81596,0.9883715296283735,55877,regime_volatility,regime,da_price_eur_mwh,True,kept,ida1_price_eur_mwh_regime_mean_shift_7d_vs_28d_z,0.15602800814970338,0.031058463568043596,regime_volatility,regime,da_price_eur_mwh,regime_volatility,regime,da_price_eur_mwh,False,elasticnet_coefficients
ida1_minus_da_spread_eur_mwh_rolling_std_3d_same_local_qh,0.2222222222222222,0.2222222222222222,4.0,4.0,0.03235646890026505,0.0,0.23061079851237312,0.0,1.0,False,True,kept,76896,0.9314404767672853,75560,ida1_history,market_history,ida1_minus_da_spread_eur_mwh,True,kept,ida1_minus_da_spread_eur_mwh_rolling_std_7d_same_local_qh,0.7023323552712293,0.016697962924035283,ida1_history,market_history,ida1_minus_da_spread_eur_mwh,ida1_history,market_history,ida1_minus_da_spread_eur_mwh,False,elasticnet_coefficients
ida1_price_eur_mwh_regime_mean_shift_7d_vs_28d_z,0.2222222222222222,0.2222222222222222,4.0,4.0,0.010568355672611902,0.0,0.11148111372117261,0.0,1.0,False,True,kept,80736,0.9779543582537914,80736,regime_mean_shift,regime,ida1_price_eur_mwh,True,kept,ida1_minus_da_spread_eur_mwh_regime_mean_shift_7d_vs_28d_z,0.3021441834286058,0.034430966369256286,regime_mean_shift,regime,ida1_price_eur_mwh,regime_mean_shift,regime,ida1_price_eur_mwh,False,elasticnet_coefficients
ida1_price_eur_mwh_rolling_std_3d_same_local_qh,0.2222222222222222,0.2222222222222222,4.0,4.0,0.10362931755781407,0.0,0.8493253789358455,0.0,1.0,False,True,kept,76896,0.9314404767672853,76050,ida1_history,market_history,ida1_price_eur_mwh,True,kept,da_price_eur_mwh_rolling_std_3d_same_local_qh,0.7915196564668188,0.00456731365733776,ida1_history,market_history,ida1_price_eur_mwh,ida1_history,market_history,ida1_price_eur_mwh,False,elasticnet_coefficients
ida1_volume_mw_lag_2d_same_local_qh,0.2222222222222222,0.2222222222222222,4.0,4.0,0.014855256338428827,0.0,0.10458269732296778,0.05555555555555555,1.0,False,True,kept,40984,0.4964387809486894,6663,ida1_history,market_history,ida1_volume_mw,True,kept,ida1_volume_mw_lag_7d_same_local_qh,0.6672065023419843,0.0071765316814054346,ida1_history,market_history,ida1_volume_mw,ida1_history,market_history,ida1_volume_mw,False,elasticnet_coefficients
residual_load_revision_id_minus_da_approx_mw_lag_1d_same_local_qh,0.2222222222222222,0.2222222222222222,4.0,4.0,0.036653175747078284,0.0,0.3469681566429875,0.0,1.0,False,True,kept,82443,0.9986312321333398,79314,forecast_revision,forecast_revision,residual_load_revision_id_minus_da_approx_mw,True,kept,wind_onshore_forecast_revision_id_minus_da_mw_lag_1d_same_local_qh,0.8325084058178694,0.0023990623082313324,forecast_revision,forecast_revision,residual_load_revision_id_minus_da_approx_mw,forecast_revision,forecast_revision,residual_load_revision_id_minus_da_approx_mw,False,elasticnet_coefficients
residual_load_revision_id_minus_da_approx_mw_regime_vol_7d_over_28d,0.2222222222222222,0.2222222222222222,4.0,4.0,0.025310170103094477,0.0,0.1922296875859942,0.0,1.0,False,True,kept,81592,0.9883230776684917,81592,regime_volatility,regime,residual_load_revision_id_minus_da_approx_mw,True,kept,wind_total_forecast_revision_id_minus_da_mw_regime_vol_7d_over_28d,0.8869638003185405,0.031760155704924,regime_volatility,regime,residual_load_revision_id_minus_da_approx_mw,regime_volatility,regime,residual_load_revision_id_minus_da_approx_mw,False,elasticnet_coefficients
residual_load_revision_id_minus_da_approx_mw_rolling_median_28d_same_local_qh,0.2222222222222222,0.2222222222222222,4.0,4.0,0.018531587039616118,0.0,0.16875070197327122,0.0,1.0,False,True,kept,81592,0.9883230776684917,29541,forecast_revision,forecast_revision,residual_load_revision_id_minus_da_approx_mw,True,kept,residual_load_revision_id_minus_da_approx_mw_rolling_mean_14d_same_local_qh,0.6043956245638389,0.008790490252885563,forecast_revision,forecast_revision,residual_load_revision_id_minus_da_approx_mw,forecast_revision,forecast_revision,residual_load_revision_id_minus_da_approx_mw,False,elasticnet_coefficients
solar_da_forecast_error_mw_rolling_std_3d_same_local_qh,0.2222222222222222,0.2222222222222222,4.0,4.0,0.02391357310731136,0.0,0.22951713946113061,0.0,1.0,False,True,kept,43051,0.5214763312175977,42925,lagged_forecast_error,lagged_forecast_error,solar_da_forecast_error_mw,True,kept,solar_id_forecast_error_mw_rolling_std_7d_same_local_qh,0.8340013863078193,0.0457082330796596,lagged_forecast_error,lagged_forecast_error,solar_da_forecast_error_mw,lagged_forecast_error,lagged_forecast_error,solar_da_forecast_error_mw,False,elasticnet_coefficients
solar_forecast_id_mw_lag_1d_same_local_qh,0.2222222222222222,0.2222222222222222,4.0,4.0,0.06324043799485801,0.0,0.3631672295652841,0.0,1.0,False,True,kept,47626,0.5768932603323804,43659,id_forecast,forecast_level,solar_forecast_id_mw,True,first_ranked_feature,,0.0,0.056985159968333574,id_forecast,forecast_level,solar_forecast_id_mw,id_forecast,forecast_level,solar_forecast_id_mw,False,elasticnet_coefficients
solar_forecast_revision_id_minus_da_mw_lag_2d_same_local_qh,0.2222222222222222,0.2222222222222222,4.0,4.0,0.03837788411771798,0.0,0.26177195332513586,0.0,1.0,False,True,kept,46753,0.5663186200881826,42719,forecast_revision,forecast_revision,solar_forecast_revision_id_minus_da_mw,True,kept,wind_offshore_forecast_revision_id_minus_da_mw_lag_1d_same_local_qh,0.05708967327158714,0.01631649704971921,forecast_revision,forecast_revision,solar_forecast_revision_id_minus_da_mw,forecast_revision,forecast_revision,solar_forecast_revision_id_minus_da_mw,False,elasticnet_coefficients
wind_offshore_da_forecast_error_mw_lag_14d_same_local_qh,0.2222222222222222,0.2222222222222222,4.0,4.0,0.01928006778926535,0.0,0.17311150614706677,0.0,1.0,False,True,kept,72635,0.8798270265032221,70299,lagged_forecast_error,lagged_forecast_error,wind_offshore_da_forecast_error_mw,True,kept,wind_offshore_da_forecast_error_mw_rolling_median_28d_same_local_qh,0.2410180445774173,0.017322048797900697,lagged_forecast_error,lagged_forecast_error,wind_offshore_da_forecast_error_mw,lagged_forecast_error,lagged_forecast_error,wind_offshore_da_forecast_error_mw,False,elasticnet_coefficients
wind_onshore_da_forecast_error_mw_rolling_mean_3d_same_local_qh,0.2222222222222222,0.2222222222222222,4.0,4.0,0.04239557470647928,0.0,0.44540517254175377,0.0,1.0,False,True,kept,75636,0.9161781094045254,75550,lagged_forecast_error,lagged_forecast_error,wind_onshore_da_forecast_error_mw,True,kept,wind_onshore_id_forecast_error_mw_rolling_mean_3d_same_local_qh,0.8735785349552365,0.025921831033303692,lagged_forecast_error,lagged_forecast_error,wind_onshore_da_forecast_error_mw,lagged_forecast_error,lagged_forecast_error,wind_onshore_da_forecast_error_mw,False,elasticnet_coefficients
wind_onshore_da_forecast_error_mw_rolling_std_28d_same_local_qh,0.2222222222222222,0.2222222222222222,4.0,4.0,0.042336242739848616,0.0,0.3526709215227047,0.0,1.0,False,True,kept,79576,0.9639032898880759,79288,lagged_forecast_error,lagged_forecast_error,wind_onshore_da_forecast_error_mw,True,kept,wind_onshore_id_forecast_error_mw_rolling_std_28d_same_local_qh,0.8967871075252716,0.004856783876166839,lagged_forecast_error,lagged_forecast_error,wind_onshore_da_forecast_error_mw,lagged_forecast_error,lagged_forecast_error,wind_onshore_da_forecast_error_mw,False,elasticnet_coefficients
da_price_eur_mwh_regime_abs_median_28d_over_vol,0.16666666666666666,0.16666666666666666,3.0,3.0,0.0075083799792488425,0.0,0.09887549299844423,0.0,1.0,False,True,kept,81596,0.9883715296283735,55751,regime_level,regime,da_price_eur_mwh,True,kept,ida1_price_eur_mwh_regime_abs_median_28d_over_vol,0.8706946077636252,0.03579428743310812,regime_level,regime,da_price_eur_mwh,regime_level,regime,da_price_eur_mwh,False,elasticnet_coefficients
ida1_minus_da_spread_eur_mwh_lag_2d_same_local_qh,0.16666666666666666,0.16666666666666666,3.0,3.0,0.01943332239778171,0.0,0.2248854484341113,0.0,1.0,False,True,kept,75828,0.9185038034788507,54149,ida1_history,market_history,ida1_minus_da_spread_eur_mwh,True,kept,ida1_minus_da_spread_eur_mwh_rolling_mean_3d_same_local_qh,0.8026232571124742,0.44964173312546496,ida1_history,market_history,ida1_minus_da_spread_eur_mwh,ida1_history,market_history,ida1_minus_da_spread_eur_mwh,False,elasticnet_coefficients
load_da_forecast_error_mw_lag_1d_same_local_qh,0.16666666666666666,0.16666666666666666,3.0,3.0,0.012285474060705948,0.0,0.12244920344308496,0.0,1.0,False,True,kept,75827,0.9184916904888802,74913,lagged_forecast_error,lagged_forecast_error,load_da_forecast_error_mw,True,kept,load_da_forecast_error_mw_rolling_median_3d_same_local_qh,0.8345397644067867,0.021078256885750234,lagged_forecast_error,lagged_forecast_error,load_da_forecast_error_mw,lagged_forecast_error,lagged_forecast_error,load_da_forecast_error_mw,False,elasticnet_coefficients
month_sin,0.16666666666666666,0.16666666666666666,3.0,3.0,0.010705138494079613,0.0,0.11404345197142139,0.0,1.0,False,True,kept,82556,1.0,11,calendar,calendar,month_sin,True,kept,hour_cos,0.0020567607806885042,0.011899293049387511,calendar,calendar,month_sin,calendar,calendar,month_sin,False,elasticnet_coefficients
renewable_total_forecast_revision_id_minus_da_mw_regime_abs_median_28d_over_vol,0.16666666666666666,0.16666666666666666,3.0,3.0,0.008399396260528621,0.0,0.09493176273085562,0.0,1.0,False,True,kept,81592,0.9883230776684917,81592,regime_level,regime,renewable_total_forecast_revision_id_minus_da_mw,True,kept,ida1_price_eur_mwh_regime_mean_shift_7d_vs_28d_z,0.05496733205710084,0.026204719604343465,regime_level,regime,renewable_total_forecast_revision_id_minus_da_mw,regime_level,regime,renewable_total_forecast_revision_id_minus_da_mw,False,elasticnet_coefficients
renewable_total_forecast_revision_id_minus_da_mw_rolling_std_3d_same_local_qh,0.16666666666666666,0.16666666666666666,3.0,3.0,0.014159376139934685,0.0,0.1277182862056694,0.0,1.0,False,True,kept,82360,0.997625853965793,82360,forecast_revision,forecast_revision,renewable_total_forecast_revision_id_minus_da_mw,True,kept,wind_total_forecast_revision_id_minus_da_mw_rolling_std_3d_same_local_qh,0.8371960504826169,0.018078394864935673,forecast_revision,forecast_revision,renewable_total_forecast_revision_id_minus_da_mw,forecast_revision,forecast_revision,renewable_total_forecast_revision_id_minus_da_mw,False,elasticnet_coefficients
solar_da_forecast_error_mw_lag_14d_same_local_qh,0.16666666666666666,0.16666666666666666,3.0,3.0,0.03242852381340381,0.0,0.232515477138758,0.0,1.0,False,True,kept,41450,0.5020834342749164,40506,lagged_forecast_error,lagged_forecast_error,solar_da_forecast_error_mw,True,kept,solar_id_forecast_error_mw_rolling_std_7d_same_local_qh,0.038942902858803086,0.03197460498945591,lagged_forecast_error,lagged_forecast_error,solar_da_forecast_error_mw,lagged_forecast_error,lagged_forecast_error,solar_da_forecast_error_mw,False,elasticnet_coefficients
wind_offshore_da_forecast_error_mw_rolling_mean_7d_same_local_qh,0.16666666666666666,0.16666666666666666,3.0,3.0,0.016282671129361197,0.0,0.16732694354993669,0.0,1.0,False,True,kept,79962,0.9685789040166675,79771,lagged_forecast_error,lagged_forecast_error,wind_offshore_da_forecast_error_mw,True,kept,wind_offshore_id_forecast_error_mw_rolling_median_7d_same_local_qh,0.6803112430255148,0.006506893577986136,lagged_forecast_error,lagged_forecast_error,wind_offshore_da_forecast_error_mw,lagged_forecast_error,lagged_forecast_error,wind_offshore_da_forecast_error_mw,False,elasticnet_coefficients
wind_offshore_forecast_revision_id_minus_da_mw_lag_1d_same_local_qh,0.16666666666666666,0.16666666666666666,3.0,3.0,0.01378731885085035,0.0,0.11242115280534114,0.0,1.0,False,True,kept,82415,0.9982920684141674,73593,forecast_revision,forecast_revision,wind_offshore_forecast_revision_id_minus_da_mw,True,kept,renewable_total_forecast_revision_id_minus_da_mw_rolling_std_3d_same_local_qh,0.02169634107380892,0.017452433360805306,forecast_revision,forecast_revision,wind_offshore_forecast_revision_id_minus_da_mw,forecast_revision,forecast_revision,wind_offshore_forecast_revision_id_minus_da_mw,False,elasticnet_coefficients
wind_onshore_id_forecast_error_mw_lag_1d_same_local_qh,0.16666666666666666,0.16666666666666666,3.0,3.0,0.01269968651755717,0.0,0.10537666199528384,0.0,1.0,False,True,kept,75815,0.918346334609235,74487,lagged_forecast_error,lagged_forecast_error,wind_onshore_id_forecast_error_mw,True,kept,wind_onshore_da_forecast_error_mw_lag_1d_same_local_qh,0.8528848293938733,0.02096108389095723,lagged_forecast_error,lagged_forecast_error,wind_onshore_id_forecast_error_mw,lagged_forecast_error,lagged_forecast_error,wind_onshore_id_forecast_error_mw,False,elasticnet_coefficients
wind_onshore_id_forecast_error_mw_rolling_std_28d_same_local_qh,0.16666666666666666,0.16666666666666666,3.0,3.0,0.01579246394944993,0.0,0.15979068376208697,0.0,1.0,False,True,kept,79576,0.9639032898880759,79288,lagged_forecast_error,lagged_forecast_error,wind_onshore_id_forecast_error_mw,True,kept,wind_onshore_id_forecast_error_mw_rolling_std_14d_same_local_qh,0.9016655367595321,0.007138132604647651,lagged_forecast_error,lagged_forecast_error,wind_onshore_id_forecast_error_mw,lagged_forecast_error,lagged_forecast_error,wind_onshore_id_forecast_error_mw,False,elasticnet_coefficients
wind_total_forecast_revision_id_minus_da_mw_rolling_median_3d_same_local_qh,0.16666666666666666,0.16666666666666666,3.0,3.0,0.018930062352196995,0.0,0.302177675941574,0.0,1.0,False,True,kept,82360,0.997625853965793,50691,forecast_revision,forecast_revision,wind_total_forecast_revision_id_minus_da_mw,True,kept,wind_total_forecast_revision_id_minus_da_mw_rolling_median_7d_same_local_qh,0.5781234143733369,0.012267668575224325,forecast_revision,forecast_revision,wind_total_forecast_revision_id_minus_da_mw,forecast_revision,forecast_revision,wind_total_forecast_revision_id_minus_da_mw,False,elasticnet_coefficients
wind_total_forecast_revision_id_minus_da_mw_rolling_std_7d_same_local_qh,0.16666666666666666,0.16666666666666666,3.0,3.0,0.007600890952609333,0.0,0.06809616324432714,0.0,1.0,False,True,kept,82264,0.9964630069286302,82264,forecast_revision,forecast_revision,wind_total_forecast_revision_id_minus_da_mw,True,first_ranked_feature,,0.0,0.03221587173060827,forecast_revision,forecast_revision,wind_total_forecast_revision_id_minus_da_mw,forecast_revision,forecast_revision,wind_total_forecast_revision_id_minus_da_mw,False,elasticnet_coefficients
da_price_eur_mwh_rolling_std_3d_same_local_qh,0.1111111111111111,0.1111111111111111,2.0,2.0,0.007297977429642214,0.0,0.06804797760028489,0.0,1.0,False,True,kept,82364,0.9976743059256747,53601,da_price,market_history,da_price_eur_mwh,True,kept,da_price_eur_mwh_rolling_std_7d_same_local_qh,0.6936710381338135,0.027172021172041025,da_price,market_history,da_price_eur_mwh,da_price,market_history,da_price_eur_mwh,False,elasticnet_coefficients
solar_da_forecast_error_mw_rolling_mean_28d_same_local_qh,0.1111111111111111,0.1111111111111111,2.0,2.0,0.010005716736032557,0.0,0.1525708293639704,0.0,1.0,False,True,kept,45814,0.5549445225059354,45507,lagged_forecast_error,lagged_forecast_error,solar_da_forecast_error_mw,True,kept,solar_id_forecast_error_mw_lag_7d_same_local_qh,0.8541430544532302,0.025263291075847225,lagged_forecast_error,lagged_forecast_error,solar_da_forecast_error_mw,lagged_forecast_error,lagged_forecast_error,solar_da_forecast_error_mw,False,elasticnet_coefficients
solar_forecast_revision_id_minus_da_mw_lag_14d_same_local_qh,0.1111111111111111,0.1111111111111111,2.0,2.0,0.006268927019377293,0.0,0.0858507315354316,0.0,1.0,False,True,kept,45111,0.5464290905567131,41262,forecast_revision,forecast_revision,solar_forecast_revision_id_minus_da_mw,True,kept,wind_total_forecast_revision_id_minus_da_mw_rolling_std_3d_same_local_qh,0.04463510811716976,0.01718622042277543,forecast_revision,forecast_revision,solar_forecast_revision_id_minus_da_mw,forecast_revision,forecast_revision,solar_forecast_revision_id_minus_da_mw,False,elasticnet_coefficients
wind_onshore_da_forecast_error_mw_lag_7d_same_local_qh,0.1111111111111111,0.1111111111111111,2.0,2.0,0.00856160532286011,0.0,0.08864829378353192,0.0,1.0,False,True,kept,73986,0.8961916759532923,73015,lagged_forecast_error,lagged_forecast_error,wind_onshore_da_forecast_error_mw,True,kept,wind_onshore_da_forecast_error_mw_rolling_mean_7d_same_local_qh,0.45314554289756753,0.008522784284001076,lagged_forecast_error,lagged_forecast_error,wind_onshore_da_forecast_error_mw,lagged_forecast_error,lagged_forecast_error,wind_onshore_da_forecast_error_mw,False,elasticnet_coefficients
wind_onshore_da_forecast_error_mw_rolling_mean_7d_same_local_qh,0.1111111111111111,0.1111111111111111,2.0,2.0,0.005029412248666256,0.0,0.05022486160150902,0.0,1.0,False,True,kept,79964,0.9686031299966084,79911,lagged_forecast_error,lagged_forecast_error,wind_onshore_da_forecast_error_mw,True,kept,wind_onshore_da_forecast_error_mw_rolling_mean_3d_same_local_qh,0.7257147163655876,0.022153042093541048,lagged_forecast_error,lagged_forecast_error,wind_onshore_da_forecast_error_mw,lagged_forecast_error,lagged_forecast_error,wind_onshore_da_forecast_error_mw,False,elasticnet_coefficients
wind_total_forecast_revision_id_minus_da_mw_regime_mean_shift_7d_vs_28d_z,0.1111111111111111,0.1111111111111111,2.0,2.0,0.010229472190827113,0.0,0.11098910283328031,0.0,1.0,False,True,kept,81592,0.9883230776684917,81592,regime_mean_shift,regime,wind_total_forecast_revision_id_minus_da_mw,True,kept,ida1_minus_da_spread_eur_mwh_regime_mean_shift_7d_vs_28d_z,0.1391100544910009,0.004970732338105015,regime_mean_shift,regime,wind_total_forecast_revision_id_minus_da_mw,regime_mean_shift,regime,wind_total_forecast_revision_id_minus_da_mw,False,elasticnet_coefficients
wind_total_forecast_revision_id_minus_da_mw_rolling_mean_3d_same_local_qh,0.1111111111111111,0.1111111111111111,2.0,2.0,0.021117892995548396,0.0,0.3774475089193905,0.0,1.0,False,True,kept,82360,0.997625853965793,82040,forecast_revision,forecast_revision,wind_total_forecast_revision_id_minus_da_mw,True,kept,wind_total_forecast_revision_id_minus_da_mw_rolling_median_3d_same_local_qh,0.8302074091906989,0.011713105179666122,forecast_revision,forecast_revision,wind_total_forecast_revision_id_minus_da_mw,forecast_revision,forecast_revision,wind_total_forecast_revision_id_minus_da_mw,False,elasticnet_coefficients
ida1_minus_da_spread_eur_mwh_regime_vol_7d_over_28d,0.05555555555555555,0.05555555555555555,1.0,1.0,0.002290047190118718,0.0,0.041220849422136926,0.0,1.0,False,True,kept,80736,0.9779543582537914,80736,regime_volatility,regime,ida1_minus_da_spread_eur_mwh,True,kept,da_price_eur_mwh_regime_vol_7d_over_28d,0.32831648017021997,0.02415487744413077,regime_volatility,regime,ida1_minus_da_spread_eur_mwh,regime_volatility,regime,ida1_minus_da_spread_eur_mwh,False,elasticnet_coefficients
ida1_minus_da_spread_eur_mwh_rolling_std_7d_same_local_qh,0.05555555555555555,0.05555555555555555,1.0,1.0,0.005455222534329179,0.0,0.09819400561792523,0.0,1.0,False,True,kept,81408,0.9860942875139299,81393,ida1_history,market_history,ida1_minus_da_spread_eur_mwh,True,kept,da_price_eur_mwh_rolling_std_7d_same_local_qh,0.4175018793558604,0.026505948567965436,ida1_history,market_history,ida1_minus_da_spread_eur_mwh,ida1_history,market_history,ida1_minus_da_spread_eur_mwh,False,elasticnet_coefficients
ida1_price_eur_mwh_rolling_std_7d_same_local_qh,0.05555555555555555,0.05555555555555555,1.0,1.0,0.0007490052814696781,0.0,0.013482095066454206,0.0,1.0,False,True,kept,81408,0.9860942875139299,81390,ida1_history,market_history,ida1_price_eur_mwh,True,kept,da_price_eur_mwh_rolling_std_7d_same_local_qh,0.874970098310691,0.0006287642441134422,ida1_history,market_history,ida1_price_eur_mwh,ida1_history,market_history,ida1_price_eur_mwh,False,elasticnet_coefficients
load_da_forecast_error_mw_lag_7d_same_local_qh,0.05555555555555555,0.05555555555555555,1.0,1.0,0.003208477888076174,0.0,0.05775260198537113,0.0,1.0,False,True,kept,74003,0.8963975967827899,73110,lagged_forecast_error,lagged_forecast_error,load_da_forecast_error_mw,True,kept,load_da_forecast_error_mw_rolling_median_3d_same_local_qh,0.5656455092541989,0.017305421286162605,lagged_forecast_error,lagged_forecast_error,load_da_forecast_error_mw,lagged_forecast_error,lagged_forecast_error,load_da_forecast_error_mw,False,elasticnet_coefficients
renewable_total_forecast_revision_id_minus_da_mw_regime_mean_shift_7d_vs_28d_z,0.05555555555555555,0.05555555555555555,1.0,1.0,0.0002948489281056384,0.0,0.005307280705901491,0.0,1.0,False,True,kept,81592,0.9883230776684917,81592,regime_mean_shift,regime,renewable_total_forecast_revision_id_minus_da_mw,True,kept,wind_total_forecast_revision_id_minus_da_mw_regime_mean_shift_7d_vs_28d_z,0.9021693879584844,0.0008435706031554161,regime_mean_shift,regime,renewable_total_forecast_revision_id_minus_da_mw,regime_mean_shift,regime,renewable_total_forecast_revision_id_minus_da_mw,False,elasticnet_coefficients
residual_load_forecast_da_mw_lag_7d_same_local_qh,0.05555555555555555,0.05555555555555555,1.0,1.0,0.0003234936481691686,0.0,0.005822885667045035,0.0,1.0,False,True,kept,80907,0.9800256795387373,80610,da_forecast,forecast_level,residual_load_forecast_da_mw,True,kept,solar_forecast_id_mw_lag_7d_same_local_qh,0.5253752322418238,0.002953944695197482,da_forecast,forecast_level,residual_load_forecast_da_mw,da_forecast,forecast_level,residual_load_forecast_da_mw,False,elasticnet_coefficients
residual_load_revision_id_minus_da_approx_mw_lag_2d_same_local_qh,0.05555555555555555,0.05555555555555555,1.0,1.0,0.00026232732532137983,0.0,0.004721891855784837,0.0,1.0,False,True,kept,82347,0.9974683850961772,79213,forecast_revision,forecast_revision,residual_load_revision_id_minus_da_approx_mw,True,kept,wind_total_forecast_revision_id_minus_da_mw_lag_2d_same_local_qh,0.8953432817890781,0.0017067034603518187,forecast_revision,forecast_revision,residual_load_revision_id_minus_da_approx_mw,forecast_revision,forecast_revision,residual_load_revision_id_minus_da_approx_mw,False,elasticnet_coefficients
residual_load_revision_id_minus_da_approx_mw_rolling_mean_28d_same_local_qh,0.05555555555555555,0.05555555555555555,1.0,1.0,0.0018896222484920677,0.0,0.03401320047285722,0.0,1.0,False,True,kept,81592,0.9883230776684917,81549,forecast_revision,forecast_revision,residual_load_revision_id_minus_da_approx_mw,True,kept,wind_total_forecast_revision_id_minus_da_mw_rolling_mean_28d_same_local_qh,0.886214121091447,0.0030746311792078334,forecast_revision,forecast_revision,residual_load_revision_id_minus_da_approx_mw,forecast_revision,forecast_revision,residual_load_revision_id_minus_da_approx_mw,False,elasticnet_coefficients
residual_load_revision_id_minus_da_approx_mw_rolling_mean_3d_same_local_qh,0.05555555555555555,0.05555555555555555,1.0,1.0,0.007378831881557476,0.0,0.13281897386803457,0.0,1.0,False,True,kept,82360,0.997625853965793,81540,forecast_revision,forecast_revision,residual_load_revision_id_minus_da_approx_mw,True,kept,wind_total_forecast_revision_id_minus_da_mw_rolling_mean_3d_same_local_qh,0.8924318683106782,0.003599053932332778,forecast_revision,forecast_revision,residual_load_revision_id_minus_da_approx_mw,forecast_revision,forecast_revision,residual_load_revision_id_minus_da_approx_mw,False,elasticnet_coefficients
residual_load_revision_id_minus_da_approx_mw_rolling_mean_7d_same_local_qh,0.05555555555555555,0.05555555555555555,1.0,1.0,0.0030571081298249396,0.0,0.05502794633684891,0.0,1.0,False,True,kept,82264,0.9964630069286302,81991,forecast_revision,forecast_revision,residual_load_revision_id_minus_da_approx_mw,True,kept,wind_total_forecast_revision_id_minus_da_mw_rolling_mean_7d_same_local_qh,0.8908132838314307,0.00018530690749568138,forecast_revision,forecast_revision,residual_load_revision_id_minus_da_approx_mw,forecast_revision,forecast_revision,residual_load_revision_id_minus_da_approx_mw,False,elasticnet_coefficients
solar_forecast_id_mw_lag_14d_same_local_qh,0.05555555555555555,0.05555555555555555,1.0,1.0,0.0015393408754349207,0.0,0.027708135757828573,0.0,1.0,False,True,kept,45896,0.5559377876835118,42096,id_forecast,forecast_level,solar_forecast_id_mw,True,kept,solar_forecast_id_mw_lag_7d_same_local_qh,0.9174375305246969,0.03536739627793679,id_forecast,forecast_level,solar_forecast_id_mw,id_forecast,forecast_level,solar_forecast_id_mw,False,elasticnet_coefficients
solar_id_forecast_error_mw_lag_2d_same_local_qh,0.05555555555555555,0.05555555555555555,1.0,1.0,0.0008346639430010735,0.0,0.015023950974019323,0.0,1.0,False,True,kept,43261,0.524020059111391,42210,lagged_forecast_error,lagged_forecast_error,solar_id_forecast_error_mw,True,kept,solar_da_forecast_error_mw_rolling_mean_28d_same_local_qh,0.8525501716058312,0.02348527200595148,lagged_forecast_error,lagged_forecast_error,solar_id_forecast_error_mw,lagged_forecast_error,lagged_forecast_error,solar_id_forecast_error_mw,False,elasticnet_coefficients
solar_id_forecast_error_mw_lag_7d_same_local_qh,0.05555555555555555,0.05555555555555555,1.0,1.0,0.0038387428924889708,0.0,0.06909737206480147,0.0,1.0,False,True,kept,42862,0.5191869761131838,41791,lagged_forecast_error,lagged_forecast_error,solar_id_forecast_error_mw,True,kept,solar_da_forecast_error_mw_lag_14d_same_local_qh,0.7821151679457822,0.02663561327715889,lagged_forecast_error,lagged_forecast_error,solar_id_forecast_error_mw,lagged_forecast_error,lagged_forecast_error,solar_id_forecast_error_mw,False,elasticnet_coefficients
total_generation_forecast_da_mw_lag_7d_same_local_qh,0.05555555555555555,0.05555555555555555,1.0,1.0,0.0022050598239502337,0.0,0.039691076831104205,0.0,1.0,False,True,kept,46643,0.5649861911914337,46460,da_forecast,forecast_level,total_generation_forecast_da_mw,True,kept,total_generation_forecast_da_mw_lag_14d_same_local_qh,0.7262256853639887,0.030114631844066878,da_forecast,forecast_level,total_generation_forecast_da_mw,da_forecast,forecast_level,total_generation_forecast_da_mw,False,elasticnet_coefficients
weekday_sin,0.05555555555555555,0.05555555555555555,1.0,1.0,0.001328118881937123,0.0,0.023906139874868216,0.0,1.0,False,True,kept,82556,1.0,7,calendar,calendar,weekday_sin,True,kept,month_sin,0.004845952966357203,0.004489819165855069,calendar,calendar,weekday_sin,calendar,calendar,weekday_sin,False,elasticnet_coefficients
wind_offshore_da_forecast_error_mw_lag_2d_same_local_qh,0.05555555555555555,0.05555555555555555,1.0,1.0,0.0015720830226996789,0.0,0.02829749440859422,0.0,1.0,False,True,kept,74651,0.9042468142836377,72201,lagged_forecast_error,lagged_forecast_error,wind_offshore_da_forecast_error_mw,True,kept,wind_offshore_id_forecast_error_mw_rolling_mean_3d_same_local_qh,0.5042789528639595,0.009748024582742489,lagged_forecast_error,lagged_forecast_error,wind_offshore_da_forecast_error_mw,lagged_forecast_error,lagged_forecast_error,wind_offshore_da_forecast_error_mw,False,elasticnet_coefficients
wind_offshore_da_forecast_error_mw_rolling_mean_3d_same_local_qh,0.05555555555555555,0.05555555555555555,1.0,1.0,0.003086084717673762,0.0,0.055549524918127716,0.0,1.0,False,True,kept,75632,0.9161296574446436,75354,lagged_forecast_error,lagged_forecast_error,wind_offshore_da_forecast_error_mw,True,kept,wind_offshore_id_forecast_error_mw_rolling_mean_3d_same_local_qh,0.8516044737471935,8.090451017535203e-05,lagged_forecast_error,lagged_forecast_error,wind_offshore_da_forecast_error_mw,lagged_forecast_error,lagged_forecast_error,wind_offshore_da_forecast_error_mw,False,elasticnet_coefficients
wind_offshore_da_forecast_error_mw_rolling_std_28d_same_local_qh,0.05555555555555555,0.05555555555555555,1.0,1.0,0.00968603596941358,0.0,0.17434864744944445,0.0,1.0,False,True,kept,79572,0.9638548379281942,79285,lagged_forecast_error,lagged_forecast_error,wind_offshore_da_forecast_error_mw,True,kept,wind_onshore_id_forecast_error_mw_rolling_std_14d_same_local_qh,0.4373628911771894,0.010397933262652995,lagged_forecast_error,lagged_forecast_error,wind_offshore_da_forecast_error_mw,lagged_forecast_error,lagged_forecast_error,wind_offshore_da_forecast_error_mw,False,elasticnet_coefficients
wind_offshore_id_forecast_error_mw_lag_1d_same_local_qh,0.05555555555555555,0.05555555555555555,1.0,1.0,0.0036223001303597657,0.0,0.06520140234647578,0.0,1.0,False,True,kept,75800,0.9181646397596783,72654,lagged_forecast_error,lagged_forecast_error,wind_offshore_id_forecast_error_mw,True,kept,wind_offshore_id_forecast_error_mw_rolling_median_3d_same_local_qh,0.5375479083539759,0.012597193548901589,lagged_forecast_error,lagged_forecast_error,wind_offshore_id_forecast_error_mw,lagged_forecast_error,lagged_forecast_error,wind_offshore_id_forecast_error_mw,False,elasticnet_coefficients
wind_offshore_id_forecast_error_mw_rolling_std_28d_same_local_qh,0.05555555555555555,0.05555555555555555,1.0,1.0,0.0013684922805008695,0.0,0.02463286104901565,0.0,1.0,False,True,kept,79575,0.9638911768981056,79286,lagged_forecast_error,lagged_forecast_error,wind_offshore_id_forecast_error_mw,True,kept,wind_offshore_da_forecast_error_mw_rolling_std_28d_same_local_qh,0.8188298740208161,0.005265131422411033,lagged_forecast_error,lagged_forecast_error,wind_offshore_id_forecast_error_mw,lagged_forecast_error,lagged_forecast_error,wind_offshore_id_forecast_error_mw,False,elasticnet_coefficients
wind_onshore_da_forecast_error_mw_lag_2d_same_local_qh,0.05555555555555555,0.05555555555555555,1.0,1.0,0.009899309164944326,0.0,0.17818756496899787,0.0,1.0,False,True,kept,74658,0.9043316052134309,73678,lagged_forecast_error,lagged_forecast_error,wind_onshore_da_forecast_error_mw,True,kept,wind_onshore_da_forecast_error_mw_rolling_mean_3d_same_local_qh,0.6507245369487609,0.012980764962675041,lagged_forecast_error,lagged_forecast_error,wind_onshore_da_forecast_error_mw,lagged_forecast_error,lagged_forecast_error,wind_onshore_da_forecast_error_mw,False,elasticnet_coefficients
wind_onshore_id_forecast_error_mw_lag_7d_same_local_qh,0.05555555555555555,0.05555555555555555,1.0,1.0,0.006127263568960563,0.0,0.11029074424129012,0.0,1.0,False,True,kept,73991,0.8962522409031445,72685,lagged_forecast_error,lagged_forecast_error,wind_onshore_id_forecast_error_mw,True,kept,wind_onshore_da_forecast_error_mw_lag_7d_same_local_qh,0.8533644804646695,0.007920592285693707,lagged_forecast_error,lagged_forecast_error,wind_onshore_id_forecast_error_mw,lagged_forecast_error,lagged_forecast_error,wind_onshore_id_forecast_error_mw,False,elasticnet_coefficients
wind_total_forecast_revision_id_minus_da_mw_regime_abs_median_28d_over_vol,0.05555555555555555,0.05555555555555555,1.0,1.0,0.003103714523408178,0.0,0.055866861421347204,0.0,1.0,False,True,kept,81592,0.9883230776684917,81592,regime_level,regime,wind_total_forecast_revision_id_minus_da_mw,True,kept,renewable_total_forecast_revision_id_minus_da_mw_regime_abs_median_28d_over_vol,0.7038037346141505,0.021850786854923532,regime_level,regime,wind_total_forecast_revision_id_minus_da_mw,regime_level,regime,wind_total_forecast_revision_id_minus_da_mw,False,elasticnet_coefficients
wind_total_forecast_revision_id_minus_da_mw_rolling_mean_7d_same_local_qh,0.05555555555555555,0.05555555555555555,1.0,1.0,0.0016292219160175224,0.0,0.029325994488315403,0.0,1.0,False,True,kept,82264,0.9964630069286302,82183,forecast_revision,forecast_revision,wind_total_forecast_revision_id_minus_da_mw,True,kept,wind_total_forecast_revision_id_minus_da_mw_rolling_median_7d_same_local_qh,0.7841464446527266,0.007270647156914941,forecast_revision,forecast_revision,wind_total_forecast_revision_id_minus_da_mw,forecast_revision,forecast_revision,wind_total_forecast_revision_id_minus_da_mw,False,elasticnet_coefficients
wind_total_forecast_revision_id_minus_da_mw_rolling_median_14d_same_local_qh,0.05555555555555555,0.05555555555555555,1.0,1.0,0.006962975259203811,0.0,0.1253335546656686,0.0,1.0,False,True,kept,82072,0.994137312854305,39867,forecast_revision,forecast_revision,wind_total_forecast_revision_id_minus_da_mw,True,kept,residual_load_revision_id_minus_da_approx_mw_rolling_median_14d_same_local_qh,0.8375689656782833,0.005623041488941954,forecast_revision,forecast_revision,wind_total_forecast_revision_id_minus_da_mw,forecast_revision,forecast_revision,wind_total_forecast_revision_id_minus_da_mw,False,elasticnet_coefficients
da_price_eur_mwh_regime_mean_shift_7d_vs_28d_z,0.0,0.0,0.0,0.0,0.0,0.0,0.0,0.0,,False,True,kept,81596,0.9883715296283735,55819,regime_mean_shift,regime,da_price_eur_mwh,True,kept,ida1_price_eur_mwh_regime_mean_shift_7d_vs_28d_z,0.9029296179130609,0.01557506503846443,regime_mean_shift,regime,da_price_eur_mwh,regime_mean_shift,regime,da_price_eur_mwh,False,elasticnet_coefficients
da_price_eur_mwh_rolling_mean_14d_same_local_qh,0.0,0.0,0.0,0.0,0.0,0.0,0.0,0.0,,False,True,kept,82076,0.9941857648141867,38861,da_price,market_history,da_price_eur_mwh,True,kept,ida1_price_eur_mwh_rolling_median_28d_same_local_qh,0.9124457189156199,0.05694911933139496,da_price,market_history,da_price_eur_mwh,da_price,market_history,da_price_eur_mwh,False,elasticnet_coefficients
da_price_eur_mwh_rolling_std_14d_same_local_qh,0.0,0.0,0.0,0.0,0.0,0.0,0.0,0.0,,False,True,kept,82076,0.9941857648141867,55642,da_price,market_history,da_price_eur_mwh,True,kept,da_price_eur_mwh_rolling_std_7d_same_local_qh,0.8746219240013823,0.019424236829118178,da_price,market_history,da_price_eur_mwh,da_price,market_history,da_price_eur_mwh,False,elasticnet_coefficients
hour_cos,0.0,0.0,0.0,0.0,0.0,0.0,0.0,0.0,,False,True,kept,82556,1.0,22,calendar,calendar,hour_cos,True,kept,hour_sin,0.007019254820603659,0.01220672897708458,calendar,calendar,hour_cos,calendar,calendar,hour_cos,False,elasticnet_coefficients
hour_sin,0.0,0.0,0.0,0.0,0.0,0.0,0.0,0.0,,False,True,kept,82556,1.0,22,calendar,calendar,hour_sin,True,first_ranked_feature,,0.0,0.01902445157321608,calendar,calendar,hour_sin,calendar,calendar,hour_sin,False,elasticnet_coefficients
ida1_minus_da_spread_eur_mwh_regime_abs_median_28d_over_vol,0.0,0.0,0.0,0.0,0.0,0.0,0.0,0.0,,False,True,kept,81500,0.9872086825912109,81479,regime_level,regime,ida1_minus_da_spread_eur_mwh,True,kept,ida1_price_eur_mwh_regime_abs_median_28d_over_vol,0.1388194476413913,0.02986536952681449,regime_level,regime,ida1_minus_da_spread_eur_mwh,regime_level,regime,ida1_minus_da_spread_eur_mwh,False,elasticnet_coefficients
ida1_minus_da_spread_eur_mwh_regime_vol_28d,0.0,0.0,0.0,0.0,0.0,0.0,0.0,0.0,,False,True,kept,81500,0.9872086825912109,81485,regime_volatility,regime,ida1_minus_da_spread_eur_mwh,True,kept,da_price_eur_mwh_regime_vol_28d,0.4821631100152219,0.0010530528171114027,regime_volatility,regime,ida1_minus_da_spread_eur_mwh,regime_volatility,regime,ida1_minus_da_spread_eur_mwh,False,elasticnet_coefficients
ida1_minus_da_spread_eur_mwh_rolling_std_28d_same_local_qh,0.0,0.0,0.0,0.0,0.0,0.0,0.0,0.0,,False,True,kept,81500,0.9872086825912109,81485,ida1_history,market_history,ida1_minus_da_spread_eur_mwh,True,kept,ida1_minus_da_spread_eur_mwh_rolling_std_14d_same_local_qh,0.8564224531637639,0.0010530528171114027,ida1_history,market_history,ida1_minus_da_spread_eur_mwh,ida1_history,market_history,ida1_minus_da_spread_eur_mwh,False,elasticnet_coefficients
ida1_price_eur_mwh_lag_14d_same_local_qh,0.0,0.0,0.0,0.0,0.0,0.0,0.0,0.0,,False,True,kept,72948,0.8836183923639711,50174,ida1_history,market_history,ida1_price_eur_mwh,True,kept,ida1_price_eur_mwh_rolling_median_28d_same_local_qh,0.7929224511654606,0.07829910922137558,ida1_history,market_history,ida1_price_eur_mwh,ida1_history,market_history,ida1_price_eur_mwh,False,elasticnet_coefficients
ida1_price_eur_mwh_lag_1d_same_local_qh,0.0,0.0,0.0,0.0,0.0,0.0,0.0,0.0,,False,True,kept,77268,0.9359465090362905,51928,ida1_history,market_history,ida1_price_eur_mwh,True,kept,ida1_price_eur_mwh_rolling_mean_3d_same_local_qh,0.8864505384564694,0.10538967349034824,ida1_history,market_history,ida1_price_eur_mwh,ida1_history,market_history,ida1_price_eur_mwh,False,elasticnet_coefficients
ida1_price_eur_mwh_lag_7d_same_local_qh,0.0,0.0,0.0,0.0,0.0,0.0,0.0,0.0,,False,True,kept,74772,0.9057124860700615,51078,ida1_history,market_history,ida1_price_eur_mwh,True,kept,ida1_price_eur_mwh_rolling_median_7d_same_local_qh,0.8040912183557095,0.10672420200013884,ida1_history,market_history,ida1_price_eur_mwh,ida1_history,market_history,ida1_price_eur_mwh,False,elasticnet_coefficients
ida1_price_eur_mwh_regime_abs_median_28d_over_vol,0.0,0.0,0.0,0.0,0.0,0.0,0.0,0.0,,False,True,kept,81500,0.9872086825912109,81471,regime_level,regime,ida1_price_eur_mwh,True,first_ranked_feature,,0.0,0.07097692429672652,regime_level,regime,ida1_price_eur_mwh,regime_level,regime,ida1_price_eur_mwh,False,elasticnet_coefficients
ida1_price_eur_mwh_regime_vol_7d_over_28d,0.0,0.0,0.0,0.0,0.0,0.0,0.0,0.0,,False,True,kept,80736,0.9779543582537914,80735,regime_volatility,regime,ida1_price_eur_mwh,True,kept,da_price_eur_mwh_regime_vol_7d_over_28d,0.7825658841651646,0.0019792897909697116,regime_volatility,regime,ida1_price_eur_mwh,regime_volatility,regime,ida1_price_eur_mwh,False,elasticnet_coefficients
ida1_price_eur_mwh_rolling_mean_3d_same_local_qh,0.0,0.0,0.0,0.0,0.0,0.0,0.0,0.0,,False,True,kept,76896,0.9314404767672853,74664,ida1_history,market_history,ida1_price_eur_mwh,True,kept,ida1_price_eur_mwh_rolling_median_7d_same_local_qh,0.9119049582605603,0.11448075500900558,ida1_history,market_history,ida1_price_eur_mwh,ida1_history,market_history,ida1_price_eur_mwh,False,elasticnet_coefficients
ida1_price_eur_mwh_rolling_median_28d_same_local_qh,0.0,0.0,0.0,0.0,0.0,0.0,0.0,0.0,,False,True,kept,81500,0.9872086825912109,31052,ida1_history,market_history,ida1_price_eur_mwh,True,kept,ida1_price_eur_mwh_rolling_median_7d_same_local_qh,0.8876345757103605,0.10810562408430631,ida1_history,market_history,ida1_price_eur_mwh,ida1_history,market_history,ida1_price_eur_mwh,False,elasticnet_coefficients
ida1_price_eur_mwh_rolling_median_7d_same_local_qh,0.0,0.0,0.0,0.0,0.0,0.0,0.0,0.0,,False,True,kept,81408,0.9860942875139299,30788,ida1_history,market_history,ida1_price_eur_mwh,True,kept,ida1_minus_da_spread_eur_mwh_rolling_mean_14d_same_local_qh,0.22356259602777526,0.12195488404161434,ida1_history,market_history,ida1_price_eur_mwh,ida1_history,market_history,ida1_price_eur_mwh,False,elasticnet_coefficients
ida1_price_eur_mwh_rolling_std_14d_same_local_qh,0.0,0.0,0.0,0.0,0.0,0.0,0.0,0.0,,False,True,kept,81596,0.9883715296283735,81572,ida1_history,market_history,ida1_price_eur_mwh,True,kept,da_price_eur_mwh_rolling_std_14d_same_local_qh,0.9085243447787065,0.003068232098982419,ida1_history,market_history,ida1_price_eur_mwh,ida1_history,market_history,ida1_price_eur_mwh,False,elasticnet_coefficients
ida1_volume_mw_lag_14d_same_local_qh,0.0,0.0,0.0,0.0,0.0,0.0,0.0,0.05555555555555555,,False,True,kept,39256,0.4755075342797616,6552,ida1_history,market_history,ida1_volume_mw,True,kept,ida1_volume_mw_lag_7d_same_local_qh,0.7142509903818428,0.005773641478854635,ida1_history,market_history,ida1_volume_mw,ida1_history,market_history,ida1_volume_mw,False,elasticnet_coefficients
ida1_volume_mw_lag_1d_same_local_qh,0.0,0.0,0.0,0.0,0.0,0.0,0.0,0.05555555555555555,,False,True,kept,42328,0.5127186394689666,6739,ida1_history,market_history,ida1_volume_mw,True,kept,ida1_volume_mw_lag_2d_same_local_qh,0.7219867271179954,0.002522158886802713,ida1_history,market_history,ida1_volume_mw,ida1_history,market_history,ida1_volume_mw,False,elasticnet_coefficients
ida1_volume_mw_lag_7d_same_local_qh,0.0,0.0,0.0,0.0,0.0,0.0,0.0,0.05555555555555555,,False,True,kept,40408,0.48946169872571343,6785,ida1_history,market_history,ida1_volume_mw,True,kept,ida1_minus_da_spread_eur_mwh_rolling_std_14d_same_local_qh,0.4316009705599926,0.016271316043306942,ida1_history,market_history,ida1_volume_mw,ida1_history,market_history,ida1_volume_mw,False,elasticnet_coefficients
is_weekend,0.0,0.0,0.0,0.0,0.0,0.0,0.0,0.0,,False,True,kept,82556,1.0,2,calendar,calendar,is_weekend,True,kept,weekday_sin,0.7915466906179178,0.004340106850766198,calendar,calendar,is_weekend,calendar,calendar,is_weekend,False,elasticnet_coefficients
load_da_forecast_error_mw_lag_14d_same_local_qh,0.0,0.0,0.0,0.0,0.0,0.0,0.0,0.0,,False,True,kept,72659,0.8801177382625127,71789,lagged_forecast_error,lagged_forecast_error,load_da_forecast_error_mw,True,kept,load_da_forecast_error_mw_lag_7d_same_local_qh,0.5099736454988544,0.011153099355573202,lagged_forecast_error,lagged_forecast_error,load_da_forecast_error_mw,lagged_forecast_error,lagged_forecast_error,load_da_forecast_error_mw,False,elasticnet_coefficients
load_da_forecast_error_mw_lag_2d_same_local_qh,0.0,0.0,0.0,0.0,0.0,0.0,0.0,0.0,,False,True,kept,74675,0.9045375260429285,73771,lagged_forecast_error,lagged_forecast_error,load_da_forecast_error_mw,True,kept,load_da_forecast_error_mw_rolling_median_3d_same_local_qh,0.899259210473698,0.023748158736198212,lagged_forecast_error,lagged_forecast_error,load_da_forecast_error_mw,lagged_forecast_error,lagged_forecast_error,load_da_forecast_error_mw,False,elasticnet_coefficients
load_da_forecast_error_mw_rolling_mean_28d_same_local_qh,0.0,0.0,0.0,0.0,0.0,0.0,0.0,0.0,,False,True,kept,79580,0.9639517418479577,79285,lagged_forecast_error,lagged_forecast_error,load_da_forecast_error_mw,True,kept,load_da_forecast_error_mw_rolling_median_3d_same_local_qh,0.7420154630118297,0.0056746861212457166,lagged_forecast_error,lagged_forecast_error,load_da_forecast_error_mw,lagged_forecast_error,lagged_forecast_error,load_da_forecast_error_mw,False,elasticnet_coefficients
load_da_forecast_error_mw_rolling_mean_7d_same_local_qh,0.0,0.0,0.0,0.0,0.0,0.0,0.0,0.0,,False,True,kept,79968,0.9686515819564901,79901,lagged_forecast_error,lagged_forecast_error,load_da_forecast_error_mw,True,kept,load_da_forecast_error_mw_rolling_median_3d_same_local_qh,0.883476276312612,0.004706528275056767,lagged_forecast_error,lagged_forecast_error,load_da_forecast_error_mw,lagged_forecast_error,lagged_forecast_error,load_da_forecast_error_mw,False,elasticnet_coefficients
load_da_forecast_error_mw_rolling_std_14d_same_local_qh,0.0,0.0,0.0,0.0,0.0,0.0,0.0,0.0,,False,True,kept,80156,0.9709288240709336,80156,lagged_forecast_error,lagged_forecast_error,load_da_forecast_error_mw,True,kept,load_da_forecast_error_mw_rolling_std_28d_same_local_qh,0.7772304171813239,0.012364898820055752,lagged_forecast_error,lagged_forecast_error,load_da_forecast_error_mw,lagged_forecast_error,lagged_forecast_error,load_da_forecast_error_mw,False,elasticnet_coefficients
load_da_forecast_error_mw_rolling_std_28d_same_local_qh,0.0,0.0,0.0,0.0,0.0,0.0,0.0,0.0,,False,True,kept,79580,0.9639517418479577,79292,lagged_forecast_error,lagged_forecast_error,load_da_forecast_error_mw,True,kept,load_da_forecast_error_mw_rolling_median_3d_same_local_qh,0.1142535740763669,0.02286419584973925,lagged_forecast_error,lagged_forecast_error,load_da_forecast_error_mw,lagged_forecast_error,lagged_forecast_error,load_da_forecast_error_mw,False,elasticnet_coefficients
load_da_forecast_error_mw_rolling_std_7d_same_local_qh,0.0,0.0,0.0,0.0,0.0,0.0,0.0,0.0,,False,True,kept,79968,0.9686515819564901,79968,lagged_forecast_error,lagged_forecast_error,load_da_forecast_error_mw,True,kept,load_da_forecast_error_mw_rolling_std_14d_same_local_qh,0.7071716923119976,0.010746675032986135,lagged_forecast_error,lagged_forecast_error,load_da_forecast_error_mw,lagged_forecast_error,lagged_forecast_error,load_da_forecast_error_mw,False,elasticnet_coefficients
load_forecast_da_mw_lag_14d_same_local_qh,0.0,0.0,0.0,0.0,0.0,0.0,0.0,0.0,,False,True,kept,79283,0.9603541838267358,78560,da_forecast,forecast_level,load_forecast_da_mw,True,kept,total_generation_forecast_da_mw_lag_14d_same_local_qh,0.7438478982269202,0.010019464973605117,da_forecast,forecast_level,load_forecast_da_mw,da_forecast,forecast_level,load_forecast_da_mw,False,elasticnet_coefficients
load_forecast_da_mw_lag_1d_same_local_qh,0.0,0.0,0.0,0.0,0.0,0.0,0.0,0.0,,False,True,kept,82447,0.9986796840932216,81668,da_forecast,forecast_level,load_forecast_da_mw,True,kept,load_forecast_da_mw_lag_2d_same_local_qh,0.7877670556281746,0.00019217515160345908,da_forecast,forecast_level,load_forecast_da_mw,da_forecast,forecast_level,load_forecast_da_mw,False,elasticnet_coefficients
load_forecast_da_mw_lag_2d_same_local_qh,0.0,0.0,0.0,0.0,0.0,0.0,0.0,0.0,,False,True,kept,82351,0.9975168370560589,81578,da_forecast,forecast_level,load_forecast_da_mw,True,kept,total_generation_forecast_da_mw_lag_2d_same_local_qh,0.7432960153968942,0.0013392860489342938,da_forecast,forecast_level,load_forecast_da_mw,da_forecast,forecast_level,load_forecast_da_mw,False,elasticnet_coefficients
renewable_total_forecast_da_mw_lag_2d_same_local_qh,0.0,0.0,0.0,0.0,0.0,0.0,0.0,0.0,,False,True,kept,82348,0.9974804980861476,81945,da_forecast,forecast_level,renewable_total_forecast_da_mw,True,kept,residual_load_forecast_da_mw_lag_2d_same_local_qh,0.7425805038543457,0.004468351873719953,da_forecast,forecast_level,renewable_total_forecast_da_mw,da_forecast,forecast_level,renewable_total_forecast_da_mw,False,elasticnet_coefficients
renewable_total_forecast_id_mw_lag_14d_same_local_qh,0.0,0.0,0.0,0.0,0.0,0.0,0.0,0.0,,False,True,kept,79280,0.9603178448568245,78891,id_forecast,forecast_level,renewable_total_forecast_id_mw,True,kept,total_generation_forecast_da_mw_lag_14d_same_local_qh,0.73937540612528,0.026865168722605498,id_forecast,forecast_level,renewable_total_forecast_id_mw,id_forecast,forecast_level,renewable_total_forecast_id_mw,False,elasticnet_coefficients
renewable_total_forecast_id_mw_lag_1d_same_local_qh,0.0,0.0,0.0,0.0,0.0,0.0,0.0,0.0,,False,True,kept,82444,0.9986433451233102,82020,id_forecast,forecast_level,renewable_total_forecast_id_mw,True,kept,total_generation_forecast_da_mw_lag_1d_same_local_qh,0.7353479020233937,0.016326490919176546,id_forecast,forecast_level,renewable_total_forecast_id_mw,id_forecast,forecast_level,renewable_total_forecast_id_mw,False,elasticnet_coefficients
renewable_total_forecast_id_mw_lag_7d_same_local_qh,0.0,0.0,0.0,0.0,0.0,0.0,0.0,0.0,,False,True,kept,80908,0.9800377925287078,80485,id_forecast,forecast_level,renewable_total_forecast_id_mw,True,kept,total_generation_forecast_da_mw_lag_7d_same_local_qh,0.741873858348457,0.000621615351482858,id_forecast,forecast_level,renewable_total_forecast_id_mw,id_forecast,forecast_level,renewable_total_forecast_id_mw,False,elasticnet_coefficients
renewable_total_forecast_revision_id_minus_da_mw_lag_14d_same_local_qh,0.0,0.0,0.0,0.0,0.0,0.0,0.0,0.0,,False,True,kept,79280,0.9603178448568245,77526,forecast_revision,forecast_revision,renewable_total_forecast_revision_id_minus_da_mw,True,kept,wind_total_forecast_revision_id_minus_da_mw_lag_14d_same_local_qh,0.8904740207327062,0.0017504143126459578,forecast_revision,forecast_revision,renewable_total_forecast_revision_id_minus_da_mw,forecast_revision,forecast_revision,renewable_total_forecast_revision_id_minus_da_mw,False,elasticnet_coefficients
renewable_total_forecast_revision_id_minus_da_mw_lag_7d_same_local_qh,0.0,0.0,0.0,0.0,0.0,0.0,0.0,0.0,,False,True,kept,80908,0.9800377925287078,79093,forecast_revision,forecast_revision,renewable_total_forecast_revision_id_minus_da_mw,True,kept,residual_load_revision_id_minus_da_approx_mw_rolling_median_7d_same_local_qh,0.3523028812575378,0.0060620711717574004,forecast_revision,forecast_revision,renewable_total_forecast_revision_id_minus_da_mw,forecast_revision,forecast_revision,renewable_total_forecast_revision_id_minus_da_mw,False,elasticnet_coefficients
renewable_total_forecast_revision_id_minus_da_mw_rolling_std_14d_same_local_qh,0.0,0.0,0.0,0.0,0.0,0.0,0.0,0.0,,False,True,kept,82072,0.994137312854305,82072,forecast_revision,forecast_revision,renewable_total_forecast_revision_id_minus_da_mw,True,kept,wind_total_forecast_revision_id_minus_da_mw_rolling_std_14d_same_local_qh,0.8255584508402911,0.00304897422191932,forecast_revision,forecast_revision,renewable_total_forecast_revision_id_minus_da_mw,forecast_revision,forecast_revision,renewable_total_forecast_revision_id_minus_da_mw,False,elasticnet_coefficients
residual_load_forecast_da_mw_lag_2d_same_local_qh,0.0,0.0,0.0,0.0,0.0,0.0,0.0,0.0,,False,True,kept,82347,0.9974683850961772,82050,da_forecast,forecast_level,residual_load_forecast_da_mw,True,kept,residual_load_forecast_id_approx_mw_lag_1d_same_local_qh,0.6172981677050037,0.006160871538737229,da_forecast,forecast_level,residual_load_forecast_da_mw,da_forecast,forecast_level,residual_load_forecast_da_mw,False,elasticnet_coefficients
residual_load_forecast_id_approx_mw_lag_14d_same_local_qh,0.0,0.0,0.0,0.0,0.0,0.0,0.0,0.0,,False,True,kept,79279,0.960305731866854,79024,id_forecast,forecast_level,residual_load_forecast_id_approx_mw,True,kept,solar_forecast_id_mw_lag_14d_same_local_qh,0.5205004970001629,0.033923083281101926,id_forecast,forecast_level,residual_load_forecast_id_approx_mw,id_forecast,forecast_level,residual_load_forecast_id_approx_mw,False,elasticnet_coefficients
residual_load_forecast_id_approx_mw_lag_1d_same_local_qh,0.0,0.0,0.0,0.0,0.0,0.0,0.0,0.0,,False,True,kept,82443,0.9986312321333398,82163,id_forecast,forecast_level,residual_load_forecast_id_approx_mw,True,kept,renewable_total_forecast_id_mw_lag_1d_same_local_qh,0.7481544790870573,0.01600897539421216,id_forecast,forecast_level,residual_load_forecast_id_approx_mw,id_forecast,forecast_level,residual_load_forecast_id_approx_mw,False,elasticnet_coefficients
residual_load_revision_id_minus_da_approx_mw_regime_vol_28d,0.0,0.0,0.0,0.0,0.0,0.0,0.0,0.0,,False,True,kept,81592,0.9883230776684917,81592,regime_volatility,regime,residual_load_revision_id_minus_da_approx_mw,True,kept,wind_total_forecast_revision_id_minus_da_mw_regime_vol_28d,0.7948893582340606,0.0005390061388690677,regime_volatility,regime,residual_load_revision_id_minus_da_approx_mw,regime_volatility,regime,residual_load_revision_id_minus_da_approx_mw,False,elasticnet_coefficients
residual_load_revision_id_minus_da_approx_mw_rolling_median_14d_same_local_qh,0.0,0.0,0.0,0.0,0.0,0.0,0.0,0.0,,False,True,kept,82072,0.994137312854305,39630,forecast_revision,forecast_revision,residual_load_revision_id_minus_da_approx_mw,True,kept,residual_load_revision_id_minus_da_approx_mw_rolling_mean_14d_same_local_qh,0.8191251669346993,0.005806145278182105,forecast_revision,forecast_revision,residual_load_revision_id_minus_da_approx_mw,forecast_revision,forecast_revision,residual_load_revision_id_minus_da_approx_mw,False,elasticnet_coefficients
residual_load_revision_id_minus_da_approx_mw_rolling_median_3d_same_local_qh,0.0,0.0,0.0,0.0,0.0,0.0,0.0,0.0,,False,True,kept,82360,0.997625853965793,50360,forecast_revision,forecast_revision,residual_load_revision_id_minus_da_approx_mw,True,kept,wind_total_forecast_revision_id_minus_da_mw_rolling_median_3d_same_local_qh,0.8547005705612576,0.0014009436213261311,forecast_revision,forecast_revision,residual_load_revision_id_minus_da_approx_mw,forecast_revision,forecast_revision,residual_load_revision_id_minus_da_approx_mw,False,elasticnet_coefficients
residual_load_revision_id_minus_da_approx_mw_rolling_std_28d_same_local_qh,0.0,0.0,0.0,0.0,0.0,0.0,0.0,0.0,,False,True,kept,81592,0.9883230776684917,81592,forecast_revision,forecast_revision,residual_load_revision_id_minus_da_approx_mw,True,kept,wind_total_forecast_revision_id_minus_da_mw_rolling_std_28d_same_local_qh,0.7948893582340606,0.0005390061388690677,forecast_revision,forecast_revision,residual_load_revision_id_minus_da_approx_mw,forecast_revision,forecast_revision,residual_load_revision_id_minus_da_approx_mw,False,elasticnet_coefficients
solar_da_forecast_error_mw_rolling_mean_3d_same_local_qh,0.0,0.0,0.0,0.0,0.0,0.0,0.0,0.0,,False,True,kept,43051,0.5214763312175977,42783,lagged_forecast_error,lagged_forecast_error,solar_da_forecast_error_mw,True,kept,solar_id_forecast_error_mw_rolling_median_7d_same_local_qh,0.9185980742094296,0.013874559808470289,lagged_forecast_error,lagged_forecast_error,solar_da_forecast_error_mw,lagged_forecast_error,lagged_forecast_error,solar_da_forecast_error_mw,False,elasticnet_coefficients
solar_da_forecast_error_mw_rolling_std_14d_same_local_qh,0.0,0.0,0.0,0.0,0.0,0.0,0.0,0.0,,False,True,kept,45914,0.5561558215029798,45784,lagged_forecast_error,lagged_forecast_error,solar_da_forecast_error_mw,True,kept,solar_id_forecast_error_mw_rolling_std_7d_same_local_qh,0.9197941934698243,0.04765771056160643,lagged_forecast_error,lagged_forecast_error,solar_da_forecast_error_mw,lagged_forecast_error,lagged_forecast_error,solar_da_forecast_error_mw,False,elasticnet_coefficients
solar_forecast_id_mw_lag_7d_same_local_qh,0.0,0.0,0.0,0.0,0.0,0.0,0.0,0.0,,False,True,kept,46810,0.5670090605164979,42920,id_forecast,forecast_level,solar_forecast_id_mw,True,kept,solar_forecast_id_mw_lag_1d_same_local_qh,0.9194242973531097,0.03959206889820264,id_forecast,forecast_level,solar_forecast_id_mw,id_forecast,forecast_level,solar_forecast_id_mw,False,elasticnet_coefficients
solar_forecast_revision_id_minus_da_mw_lag_1d_same_local_qh,0.0,0.0,0.0,0.0,0.0,0.0,0.0,0.0,,False,True,kept,46814,0.5670575124763797,42767,forecast_revision,forecast_revision,solar_forecast_revision_id_minus_da_mw,True,kept,solar_forecast_revision_id_minus_da_mw_lag_2d_same_local_qh,0.12503909664053936,0.011864716232118076,forecast_revision,forecast_revision,solar_forecast_revision_id_minus_da_mw,forecast_revision,forecast_revision,solar_forecast_revision_id_minus_da_mw,False,elasticnet_coefficients
solar_forecast_revision_id_minus_da_mw_lag_7d_same_local_qh,0.0,0.0,0.0,0.0,0.0,0.0,0.0,0.0,,False,True,kept,46007,0.5572823295702312,42061,forecast_revision,forecast_revision,solar_forecast_revision_id_minus_da_mw,True,kept,renewable_total_forecast_revision_id_minus_da_mw_lag_7d_same_local_qh,0.5017229332902858,0.002261320261023124,forecast_revision,forecast_revision,solar_forecast_revision_id_minus_da_mw,forecast_revision,forecast_revision,solar_forecast_revision_id_minus_da_mw,False,elasticnet_coefficients
solar_id_forecast_error_mw_lag_1d_same_local_qh,0.0,0.0,0.0,0.0,0.0,0.0,0.0,0.0,,False,True,kept,43891,0.531651242792771,42805,lagged_forecast_error,lagged_forecast_error,solar_id_forecast_error_mw,True,kept,solar_da_forecast_error_mw_rolling_mean_28d_same_local_qh,0.8482387344460386,0.0201358531392255,lagged_forecast_error,lagged_forecast_error,solar_id_forecast_error_mw,lagged_forecast_error,lagged_forecast_error,solar_id_forecast_error_mw,False,elasticnet_coefficients
solar_id_forecast_error_mw_rolling_median_7d_same_local_qh,0.0,0.0,0.0,0.0,0.0,0.0,0.0,0.0,,False,True,kept,46247,0.5601894471631378,24940,lagged_forecast_error,lagged_forecast_error,solar_id_forecast_error_mw,True,kept,solar_da_forecast_error_mw_rolling_mean_28d_same_local_qh,0.9119245776506455,0.018349865617865682,lagged_forecast_error,lagged_forecast_error,solar_id_forecast_error_mw,lagged_forecast_error,lagged_forecast_error,solar_id_forecast_error_mw,False,elasticnet_coefficients
solar_id_forecast_error_mw_rolling_std_7d_same_local_qh,0.0,0.0,0.0,0.0,0.0,0.0,0.0,0.0,,False,True,kept,46247,0.5601894471631378,46147,lagged_forecast_error,lagged_forecast_error,solar_id_forecast_error_mw,True,first_ranked_feature,,0.0,0.0541529479595131,lagged_forecast_error,lagged_forecast_error,solar_id_forecast_error_mw,lagged_forecast_error,lagged_forecast_error,solar_id_forecast_error_mw,False,elasticnet_coefficients
total_generation_forecast_da_mw_lag_14d_same_local_qh,0.0,0.0,0.0,0.0,0.0,0.0,0.0,0.0,,False,True,kept,45519,0.5513711904646543,45346,da_forecast,forecast_level,total_generation_forecast_da_mw,True,kept,solar_forecast_id_mw_lag_1d_same_local_qh,0.4820640625042498,0.03948863039123719,da_forecast,forecast_level,total_generation_forecast_da_mw,da_forecast,forecast_level,total_generation_forecast_da_mw,False,elasticnet_coefficients
total_generation_forecast_da_mw_lag_1d_same_local_qh,0.0,0.0,0.0,0.0,0.0,0.0,0.0,0.0,,False,True,kept,47796,0.5789524686273559,47614,da_forecast,forecast_level,total_generation_forecast_da_mw,True,kept,total_generation_forecast_da_mw_lag_14d_same_local_qh,0.7003638008409898,0.03928847304287442,da_forecast,forecast_level,total_generation_forecast_da_mw,da_forecast,forecast_level,total_generation_forecast_da_mw,False,elasticnet_coefficients
total_generation_forecast_da_mw_lag_2d_same_local_qh,0.0,0.0,0.0,0.0,0.0,0.0,0.0,0.0,,False,True,kept,47723,0.5780682203595136,47538,da_forecast,forecast_level,total_generation_forecast_da_mw,True,kept,total_generation_forecast_da_mw_lag_1d_same_local_qh,0.7705686800492102,0.023932864636593946,da_forecast,forecast_level,total_generation_forecast_da_mw,da_forecast,forecast_level,total_generation_forecast_da_mw,False,elasticnet_coefficients
weekday_cos,0.0,0.0,0.0,0.0,0.0,0.0,0.0,0.0,,False,True,kept,82556,1.0,7,calendar,calendar,weekday_cos,True,kept,weekday_sin,0.21452701980620856,0.00033577124949571034,calendar,calendar,weekday_cos,calendar,calendar,weekday_cos,False,elasticnet_coefficients
wind_offshore_da_forecast_error_mw_lag_1d_same_local_qh,0.0,0.0,0.0,0.0,0.0,0.0,0.0,0.0,,False,True,kept,75803,0.9182009787295896,73327,lagged_forecast_error,lagged_forecast_error,wind_offshore_da_forecast_error_mw,True,kept,wind_offshore_id_forecast_error_mw_lag_1d_same_local_qh,0.8446139512693787,0.010938788802716488,lagged_forecast_error,lagged_forecast_error,wind_offshore_da_forecast_error_mw,lagged_forecast_error,lagged_forecast_error,wind_offshore_da_forecast_error_mw,False,elasticnet_coefficients
wind_offshore_da_forecast_error_mw_lag_7d_same_local_qh,0.0,0.0,0.0,0.0,0.0,0.0,0.0,0.0,,False,True,kept,73981,0.8961311110034401,71550,lagged_forecast_error,lagged_forecast_error,wind_offshore_da_forecast_error_mw,True,kept,wind_offshore_id_forecast_error_mw_rolling_median_7d_same_local_qh,0.3107104124138787,0.009411303550385502,lagged_forecast_error,lagged_forecast_error,wind_offshore_da_forecast_error_mw,lagged_forecast_error,lagged_forecast_error,wind_offshore_da_forecast_error_mw,False,elasticnet_coefficients
wind_offshore_da_forecast_error_mw_rolling_mean_28d_same_local_qh,0.0,0.0,0.0,0.0,0.0,0.0,0.0,0.0,,False,True,kept,79572,0.9638548379281942,79237,lagged_forecast_error,lagged_forecast_error,wind_offshore_da_forecast_error_mw,True,kept,wind_offshore_da_forecast_error_mw_rolling_median_28d_same_local_qh,0.806461956345675,0.015008105654091074,lagged_forecast_error,lagged_forecast_error,wind_offshore_da_forecast_error_mw,lagged_forecast_error,lagged_forecast_error,wind_offshore_da_forecast_error_mw,False,elasticnet_coefficients
wind_offshore_da_forecast_error_mw_rolling_median_14d_same_local_qh,0.0,0.0,0.0,0.0,0.0,0.0,0.0,0.0,,False,True,kept,80151,0.9708682591210814,39156,lagged_forecast_error,lagged_forecast_error,wind_offshore_da_forecast_error_mw,True,kept,wind_offshore_id_forecast_error_mw_rolling_median_14d_same_local_qh,0.7722881374744985,0.00998082450186123,lagged_forecast_error,lagged_forecast_error,wind_offshore_da_forecast_error_mw,lagged_forecast_error,lagged_forecast_error,wind_offshore_da_forecast_error_mw,False,elasticnet_coefficients
wind_offshore_da_forecast_error_mw_rolling_median_28d_same_local_qh,0.0,0.0,0.0,0.0,0.0,0.0,0.0,0.0,,False,True,kept,79572,0.9638548379281942,29537,lagged_forecast_error,lagged_forecast_error,wind_offshore_da_forecast_error_mw,True,kept,solar_da_forecast_error_mw_rolling_std_14d_same_local_qh,0.20805247742760935,0.01964045715261893,lagged_forecast_error,lagged_forecast_error,wind_offshore_da_forecast_error_mw,lagged_forecast_error,lagged_forecast_error,wind_offshore_da_forecast_error_mw,False,elasticnet_coefficients
wind_offshore_da_forecast_error_mw_rolling_median_3d_same_local_qh,0.0,0.0,0.0,0.0,0.0,0.0,0.0,0.0,,False,True,kept,75632,0.9161296574446436,47570,lagged_forecast_error,lagged_forecast_error,wind_offshore_da_forecast_error_mw,True,kept,wind_offshore_id_forecast_error_mw_rolling_median_3d_same_local_qh,0.7835185320716814,0.002571281575790676,lagged_forecast_error,lagged_forecast_error,wind_offshore_da_forecast_error_mw,lagged_forecast_error,lagged_forecast_error,wind_offshore_da_forecast_error_mw,False,elasticnet_coefficients
wind_offshore_da_forecast_error_mw_rolling_std_7d_same_local_qh,0.0,0.0,0.0,0.0,0.0,0.0,0.0,0.0,,False,True,kept,79962,0.9685789040166675,79960,lagged_forecast_error,lagged_forecast_error,wind_offshore_da_forecast_error_mw,True,kept,wind_offshore_id_forecast_error_mw_rolling_std_7d_same_local_qh,0.7852664895689004,0.0028498332152675603,lagged_forecast_error,lagged_forecast_error,wind_offshore_da_forecast_error_mw,lagged_forecast_error,lagged_forecast_error,wind_offshore_da_forecast_error_mw,False,elasticnet_coefficients
wind_offshore_forecast_da_mw_lag_14d_same_local_qh,0.0,0.0,0.0,0.0,0.0,0.0,0.0,0.0,,False,True,kept,79264,0.9601240370172973,74239,da_forecast,forecast_level,wind_offshore_forecast_da_mw,True,kept,wind_onshore_forecast_da_mw_lag_14d_same_local_qh,0.7420174605812477,0.007107833529622723,da_forecast,forecast_level,wind_offshore_forecast_da_mw,da_forecast,forecast_level,wind_offshore_forecast_da_mw,False,elasticnet_coefficients
wind_offshore_forecast_da_mw_lag_7d_same_local_qh,0.0,0.0,0.0,0.0,0.0,0.0,0.0,0.0,,False,True,kept,80892,0.9798439846891807,75688,da_forecast,forecast_level,wind_offshore_forecast_da_mw,True,kept,total_generation_forecast_da_mw_lag_7d_same_local_qh,0.35159076886995616,0.01131673798871277,da_forecast,forecast_level,wind_offshore_forecast_da_mw,da_forecast,forecast_level,wind_offshore_forecast_da_mw,False,elasticnet_coefficients
wind_offshore_forecast_id_mw_lag_1d_same_local_qh,0.0,0.0,0.0,0.0,0.0,0.0,0.0,0.0,,False,True,kept,82428,0.9984495372837832,77001,id_forecast,forecast_level,wind_offshore_forecast_id_mw,True,kept,wind_total_forecast_id_mw_lag_1d_same_local_qh,0.823826487527544,0.016355824309271093,id_forecast,forecast_level,wind_offshore_forecast_id_mw,id_forecast,forecast_level,wind_offshore_forecast_id_mw,False,elasticnet_coefficients
wind_offshore_forecast_revision_id_minus_da_mw_lag_14d_same_local_qh,0.0,0.0,0.0,0.0,0.0,0.0,0.0,0.0,,False,True,kept,79246,0.9599060031978294,70972,forecast_revision,forecast_revision,wind_offshore_forecast_revision_id_minus_da_mw,True,kept,wind_total_forecast_revision_id_minus_da_mw_lag_14d_same_local_qh,0.5315006486256201,0.008914013723475823,forecast_revision,forecast_revision,wind_offshore_forecast_revision_id_minus_da_mw,forecast_revision,forecast_revision,wind_offshore_forecast_revision_id_minus_da_mw,False,elasticnet_coefficients
wind_offshore_forecast_revision_id_minus_da_mw_lag_2d_same_local_qh,0.0,0.0,0.0,0.0,0.0,0.0,0.0,0.0,,False,True,kept,82317,0.9971049953970638,73584,forecast_revision,forecast_revision,wind_offshore_forecast_revision_id_minus_da_mw,True,kept,wind_offshore_forecast_revision_id_minus_da_mw_lag_1d_same_local_qh,0.07347737999789165,0.016600458244392696,forecast_revision,forecast_revision,wind_offshore_forecast_revision_id_minus_da_mw,forecast_revision,forecast_revision,wind_offshore_forecast_revision_id_minus_da_mw,False,elasticnet_coefficients
wind_offshore_forecast_revision_id_minus_da_mw_lag_7d_same_local_qh,0.0,0.0,0.0,0.0,0.0,0.0,0.0,0.0,,False,True,kept,80879,0.9796865158195649,72261,forecast_revision,forecast_revision,wind_offshore_forecast_revision_id_minus_da_mw,True,kept,renewable_total_forecast_revision_id_minus_da_mw_lag_7d_same_local_qh,0.47052233922465975,0.001368502883102033,forecast_revision,forecast_revision,wind_offshore_forecast_revision_id_minus_da_mw,forecast_revision,forecast_revision,wind_offshore_forecast_revision_id_minus_da_mw,False,elasticnet_coefficients
wind_offshore_id_forecast_error_mw_lag_2d_same_local_qh,0.0,0.0,0.0,0.0,0.0,0.0,0.0,0.0,,False,True,kept,74648,0.9042104753137264,71525,lagged_forecast_error,lagged_forecast_error,wind_offshore_id_forecast_error_mw,True,kept,wind_offshore_da_forecast_error_mw_lag_2d_same_local_qh,0.8471047613063412,0.0002825878668945095,lagged_forecast_error,lagged_forecast_error,wind_offshore_id_forecast_error_mw,lagged_forecast_error,lagged_forecast_error,wind_offshore_id_forecast_error_mw,False,elasticnet_coefficients
wind_offshore_id_forecast_error_mw_lag_7d_same_local_qh,0.0,0.0,0.0,0.0,0.0,0.0,0.0,0.0,,False,True,kept,73978,0.8960947720335287,70876,lagged_forecast_error,lagged_forecast_error,wind_offshore_id_forecast_error_mw,True,kept,wind_offshore_da_forecast_error_mw_lag_7d_same_local_qh,0.8451994362806258,0.008938109950108939,lagged_forecast_error,lagged_forecast_error,wind_offshore_id_forecast_error_mw,lagged_forecast_error,lagged_forecast_error,wind_offshore_id_forecast_error_mw,False,elasticnet_coefficients
wind_offshore_id_forecast_error_mw_rolling_mean_14d_same_local_qh,0.0,0.0,0.0,0.0,0.0,0.0,0.0,0.0,,False,True,kept,80152,0.9708803721110519,80033,lagged_forecast_error,lagged_forecast_error,wind_offshore_id_forecast_error_mw,True,kept,wind_offshore_id_forecast_error_mw_rolling_mean_28d_same_local_qh,0.7781685818070792,0.012318766051048419,lagged_forecast_error,lagged_forecast_error,wind_offshore_id_forecast_error_mw,lagged_forecast_error,lagged_forecast_error,wind_offshore_id_forecast_error_mw,False,elasticnet_coefficients
wind_offshore_id_forecast_error_mw_rolling_mean_28d_same_local_qh,0.0,0.0,0.0,0.0,0.0,0.0,0.0,0.0,,False,True,kept,79575,0.9638911768981056,79222,lagged_forecast_error,lagged_forecast_error,wind_offshore_id_forecast_error_mw,True,kept,wind_offshore_da_forecast_error_mw_rolling_mean_28d_same_local_qh,0.8651507887803227,0.014403571711143575,lagged_forecast_error,lagged_forecast_error,wind_offshore_id_forecast_error_mw,lagged_forecast_error,lagged_forecast_error,wind_offshore_id_forecast_error_mw,False,elasticnet_coefficients
wind_offshore_id_forecast_error_mw_rolling_mean_3d_same_local_qh,0.0,0.0,0.0,0.0,0.0,0.0,0.0,0.0,,False,True,kept,75628,0.9160812054847619,75315,lagged_forecast_error,lagged_forecast_error,wind_offshore_id_forecast_error_mw,True,kept,wind_offshore_id_forecast_error_mw_rolling_median_3d_same_local_qh,0.8167596465092007,0.010633929030677074,lagged_forecast_error,lagged_forecast_error,wind_offshore_id_forecast_error_mw,lagged_forecast_error,lagged_forecast_error,wind_offshore_id_forecast_error_mw,False,elasticnet_coefficients
wind_offshore_id_forecast_error_mw_rolling_mean_7d_same_local_qh,0.0,0.0,0.0,0.0,0.0,0.0,0.0,0.0,,False,True,kept,79958,0.9685304520567857,79763,lagged_forecast_error,lagged_forecast_error,wind_offshore_id_forecast_error_mw,True,kept,wind_offshore_da_forecast_error_mw_rolling_mean_7d_same_local_qh,0.8512030404898374,0.003999212192052638,lagged_forecast_error,lagged_forecast_error,wind_offshore_id_forecast_error_mw,lagged_forecast_error,lagged_forecast_error,wind_offshore_id_forecast_error_mw,False,elasticnet_coefficients
wind_offshore_id_forecast_error_mw_rolling_median_14d_same_local_qh,0.0,0.0,0.0,0.0,0.0,0.0,0.0,0.0,,False,True,kept,80152,0.9708803721110519,39362,lagged_forecast_error,lagged_forecast_error,wind_offshore_id_forecast_error_mw,True,kept,wind_offshore_id_forecast_error_mw_rolling_mean_14d_same_local_qh,0.7598899244188012,0.012055302044584378,lagged_forecast_error,lagged_forecast_error,wind_offshore_id_forecast_error_mw,lagged_forecast_error,lagged_forecast_error,wind_offshore_id_forecast_error_mw,False,elasticnet_coefficients
wind_offshore_id_forecast_error_mw_rolling_median_28d_same_local_qh,0.0,0.0,0.0,0.0,0.0,0.0,0.0,0.0,,False,True,kept,79575,0.9638911768981056,29257,lagged_forecast_error,lagged_forecast_error,wind_offshore_id_forecast_error_mw,True,kept,wind_offshore_da_forecast_error_mw_rolling_median_28d_same_local_qh,0.8000592459056589,0.01049544735722699,lagged_forecast_error,lagged_forecast_error,wind_offshore_id_forecast_error_mw,lagged_forecast_error,lagged_forecast_error,wind_offshore_id_forecast_error_mw,False,elasticnet_coefficients
wind_offshore_id_forecast_error_mw_rolling_median_7d_same_local_qh,0.0,0.0,0.0,0.0,0.0,0.0,0.0,0.0,,False,True,kept,79958,0.9685304520567857,38243,lagged_forecast_error,lagged_forecast_error,wind_offshore_id_forecast_error_mw,True,kept,wind_offshore_id_forecast_error_mw_rolling_median_14d_same_local_qh,0.6925026234291236,0.009415738359656825,lagged_forecast_error,lagged_forecast_error,wind_offshore_id_forecast_error_mw,lagged_forecast_error,lagged_forecast_error,wind_offshore_id_forecast_error_mw,False,elasticnet_coefficients
wind_offshore_id_forecast_error_mw_rolling_std_3d_same_local_qh,0.0,0.0,0.0,0.0,0.0,0.0,0.0,0.0,,False,True,kept,75628,0.9160812054847619,75626,lagged_forecast_error,lagged_forecast_error,wind_offshore_id_forecast_error_mw,True,kept,wind_offshore_da_forecast_error_mw_rolling_std_3d_same_local_qh,0.7481473102990994,0.003493107382921048,lagged_forecast_error,lagged_forecast_error,wind_offshore_id_forecast_error_mw,lagged_forecast_error,lagged_forecast_error,wind_offshore_id_forecast_error_mw,False,elasticnet_coefficients
wind_offshore_id_forecast_error_mw_rolling_std_7d_same_local_qh,0.0,0.0,0.0,0.0,0.0,0.0,0.0,0.0,,False,True,kept,79958,0.9685304520567857,79956,lagged_forecast_error,lagged_forecast_error,wind_offshore_id_forecast_error_mw,True,kept,wind_onshore_id_forecast_error_mw_rolling_std_7d_same_local_qh,0.6075634813032318,0.007296227429684885,lagged_forecast_error,lagged_forecast_error,wind_offshore_id_forecast_error_mw,lagged_forecast_error,lagged_forecast_error,wind_offshore_id_forecast_error_mw,False,elasticnet_coefficients
wind_onshore_da_forecast_error_mw_lag_14d_same_local_qh,0.0,0.0,0.0,0.0,0.0,0.0,0.0,0.0,,False,True,kept,72643,0.8799239304229856,71699,lagged_forecast_error,lagged_forecast_error,wind_onshore_da_forecast_error_mw,True,kept,wind_onshore_da_forecast_error_mw_rolling_mean_14d_same_local_qh,0.3613847850091296,0.008113358912971585,lagged_forecast_error,lagged_forecast_error,wind_onshore_da_forecast_error_mw,lagged_forecast_error,lagged_forecast_error,wind_onshore_da_forecast_error_mw,False,elasticnet_coefficients
wind_onshore_da_forecast_error_mw_rolling_mean_14d_same_local_qh,0.0,0.0,0.0,0.0,0.0,0.0,0.0,0.0,,False,True,kept,80152,0.9708803721110519,80128,lagged_forecast_error,lagged_forecast_error,wind_onshore_da_forecast_error_mw,True,kept,wind_onshore_da_forecast_error_mw_rolling_mean_7d_same_local_qh,0.7860380794364642,0.017167299541355718,lagged_forecast_error,lagged_forecast_error,wind_onshore_da_forecast_error_mw,lagged_forecast_error,lagged_forecast_error,wind_onshore_da_forecast_error_mw,False,elasticnet_coefficients
wind_onshore_da_forecast_error_mw_rolling_mean_28d_same_local_qh,0.0,0.0,0.0,0.0,0.0,0.0,0.0,0.0,,False,True,kept,79576,0.9639032898880759,79274,lagged_forecast_error,lagged_forecast_error,wind_onshore_da_forecast_error_mw,True,kept,wind_onshore_da_forecast_error_mw_rolling_mean_14d_same_local_qh,0.8172748771612488,0.012117173815300863,lagged_forecast_error,lagged_forecast_error,wind_onshore_da_forecast_error_mw,lagged_forecast_error,lagged_forecast_error,wind_onshore_da_forecast_error_mw,False,elasticnet_coefficients
wind_onshore_da_forecast_error_mw_rolling_median_14d_same_local_qh,0.0,0.0,0.0,0.0,0.0,0.0,0.0,0.0,,False,True,kept,80152,0.9708803721110519,40692,lagged_forecast_error,lagged_forecast_error,wind_onshore_da_forecast_error_mw,True,kept,wind_onshore_da_forecast_error_mw_rolling_mean_14d_same_local_qh,0.8666305211770473,0.007355679086520948,lagged_forecast_error,lagged_forecast_error,wind_onshore_da_forecast_error_mw,lagged_forecast_error,lagged_forecast_error,wind_onshore_da_forecast_error_mw,False,elasticnet_coefficients
wind_onshore_da_forecast_error_mw_rolling_median_28d_same_local_qh,0.0,0.0,0.0,0.0,0.0,0.0,0.0,0.0,,False,True,kept,79576,0.9639032898880759,31166,lagged_forecast_error,lagged_forecast_error,wind_onshore_da_forecast_error_mw,True,kept,wind_onshore_da_forecast_error_mw_rolling_mean_28d_same_local_qh,0.873233648891596,0.0011320813308588534,lagged_forecast_error,lagged_forecast_error,wind_onshore_da_forecast_error_mw,lagged_forecast_error,lagged_forecast_error,wind_onshore_da_forecast_error_mw,False,elasticnet_coefficients
wind_onshore_da_forecast_error_mw_rolling_median_3d_same_local_qh,0.0,0.0,0.0,0.0,0.0,0.0,0.0,0.0,,False,True,kept,75636,0.9161781094045254,49464,lagged_forecast_error,lagged_forecast_error,wind_onshore_da_forecast_error_mw,True,kept,wind_onshore_da_forecast_error_mw_rolling_mean_3d_same_local_qh,0.8826969366560948,0.0163111267661962,lagged_forecast_error,lagged_forecast_error,wind_onshore_da_forecast_error_mw,lagged_forecast_error,lagged_forecast_error,wind_onshore_da_forecast_error_mw,False,elasticnet_coefficients
wind_onshore_da_forecast_error_mw_rolling_median_7d_same_local_qh,0.0,0.0,0.0,0.0,0.0,0.0,0.0,0.0,,False,True,kept,79964,0.9686031299966084,39993,lagged_forecast_error,lagged_forecast_error,wind_onshore_da_forecast_error_mw,True,kept,wind_onshore_da_forecast_error_mw_rolling_mean_7d_same_local_qh,0.8547759748448092,0.01205575403794956,lagged_forecast_error,lagged_forecast_error,wind_onshore_da_forecast_error_mw,lagged_forecast_error,lagged_forecast_error,wind_onshore_da_forecast_error_mw,False,elasticnet_coefficients
wind_onshore_da_forecast_error_mw_rolling_std_14d_same_local_qh,0.0,0.0,0.0,0.0,0.0,0.0,0.0,0.0,,False,True,kept,80152,0.9708803721110519,80152,lagged_forecast_error,lagged_forecast_error,wind_onshore_da_forecast_error_mw,True,kept,wind_onshore_id_forecast_error_mw_rolling_std_14d_same_local_qh,0.8597665053620309,0.011579055325247051,lagged_forecast_error,lagged_forecast_error,wind_onshore_da_forecast_error_mw,lagged_forecast_error,lagged_forecast_error,wind_onshore_da_forecast_error_mw,False,elasticnet_coefficients
wind_onshore_da_forecast_error_mw_rolling_std_3d_same_local_qh,0.0,0.0,0.0,0.0,0.0,0.0,0.0,0.0,,False,True,kept,75636,0.9161781094045254,75634,lagged_forecast_error,lagged_forecast_error,wind_onshore_da_forecast_error_mw,True,kept,wind_onshore_da_forecast_error_mw_rolling_std_7d_same_local_qh,0.6629608907890043,0.011389791987796207,lagged_forecast_error,lagged_forecast_error,wind_onshore_da_forecast_error_mw,lagged_forecast_error,lagged_forecast_error,wind_onshore_da_forecast_error_mw,False,elasticnet_coefficients
wind_onshore_da_forecast_error_mw_rolling_std_7d_same_local_qh,0.0,0.0,0.0,0.0,0.0,0.0,0.0,0.0,,False,True,kept,79964,0.9686031299966084,79964,lagged_forecast_error,lagged_forecast_error,wind_onshore_da_forecast_error_mw,True,kept,load_da_forecast_error_mw_rolling_median_3d_same_local_qh,0.25509654869564774,0.019337481350274265,lagged_forecast_error,lagged_forecast_error,wind_onshore_da_forecast_error_mw,lagged_forecast_error,lagged_forecast_error,wind_onshore_da_forecast_error_mw,False,elasticnet_coefficients
wind_onshore_forecast_revision_id_minus_da_mw_lag_7d_same_local_qh,0.0,0.0,0.0,0.0,0.0,0.0,0.0,0.0,,False,True,kept,80903,0.9799772275788555,77852,forecast_revision,forecast_revision,wind_onshore_forecast_revision_id_minus_da_mw,True,kept,renewable_total_forecast_revision_id_minus_da_mw_lag_7d_same_local_qh,0.8313692395940645,0.0034437248177820864,forecast_revision,forecast_revision,wind_onshore_forecast_revision_id_minus_da_mw,forecast_revision,forecast_revision,wind_onshore_forecast_revision_id_minus_da_mw,False,elasticnet_coefficients
wind_onshore_id_forecast_error_mw_lag_14d_same_local_qh,0.0,0.0,0.0,0.0,0.0,0.0,0.0,0.0,,False,True,kept,72647,0.8799723823828673,71378,lagged_forecast_error,lagged_forecast_error,wind_onshore_id_forecast_error_mw,True,kept,wind_onshore_da_forecast_error_mw_lag_14d_same_local_qh,0.8523250019954492,0.003584697457879813,lagged_forecast_error,lagged_forecast_error,wind_onshore_id_forecast_error_mw,lagged_forecast_error,lagged_forecast_error,wind_onshore_id_forecast_error_mw,False,elasticnet_coefficients
wind_onshore_id_forecast_error_mw_lag_2d_same_local_qh,0.0,0.0,0.0,0.0,0.0,0.0,0.0,0.0,,False,True,kept,74663,0.9043921701632831,73345,lagged_forecast_error,lagged_forecast_error,wind_onshore_id_forecast_error_mw,True,kept,wind_onshore_da_forecast_error_mw_lag_2d_same_local_qh,0.8511476289682061,0.0074730114926891906,lagged_forecast_error,lagged_forecast_error,wind_onshore_id_forecast_error_mw,lagged_forecast_error,lagged_forecast_error,wind_onshore_id_forecast_error_mw,False,elasticnet_coefficients
wind_onshore_id_forecast_error_mw_rolling_mean_14d_same_local_qh,0.0,0.0,0.0,0.0,0.0,0.0,0.0,0.0,,False,True,kept,80152,0.9708803721110519,80127,lagged_forecast_error,lagged_forecast_error,wind_onshore_id_forecast_error_mw,True,kept,wind_onshore_da_forecast_error_mw_rolling_mean_14d_same_local_qh,0.9086219408239954,0.01130894826399146,lagged_forecast_error,lagged_forecast_error,wind_onshore_id_forecast_error_mw,lagged_forecast_error,lagged_forecast_error,wind_onshore_id_forecast_error_mw,False,elasticnet_coefficients
wind_onshore_id_forecast_error_mw_rolling_mean_7d_same_local_qh,0.0,0.0,0.0,0.0,0.0,0.0,0.0,0.0,,False,True,kept,79964,0.9686031299966084,79913,lagged_forecast_error,lagged_forecast_error,wind_onshore_id_forecast_error_mw,True,kept,wind_onshore_da_forecast_error_mw_rolling_mean_7d_same_local_qh,0.8866618183101491,0.017729614173641314,lagged_forecast_error,lagged_forecast_error,wind_onshore_id_forecast_error_mw,lagged_forecast_error,lagged_forecast_error,wind_onshore_id_forecast_error_mw,False,elasticnet_coefficients
wind_onshore_id_forecast_error_mw_rolling_median_14d_same_local_qh,0.0,0.0,0.0,0.0,0.0,0.0,0.0,0.0,,False,True,kept,80152,0.9708803721110519,40714,lagged_forecast_error,lagged_forecast_error,wind_onshore_id_forecast_error_mw,True,kept,wind_onshore_id_forecast_error_mw_rolling_mean_14d_same_local_qh,0.8703308350872168,0.0007278162085173847,lagged_forecast_error,lagged_forecast_error,wind_onshore_id_forecast_error_mw,lagged_forecast_error,lagged_forecast_error,wind_onshore_id_forecast_error_mw,False,elasticnet_coefficients
wind_onshore_id_forecast_error_mw_rolling_median_28d_same_local_qh,0.0,0.0,0.0,0.0,0.0,0.0,0.0,0.0,,False,True,kept,79576,0.9639032898880759,31422,lagged_forecast_error,lagged_forecast_error,wind_onshore_id_forecast_error_mw,True,kept,wind_onshore_da_forecast_error_mw_rolling_mean_28d_same_local_qh,0.801176516291892,0.0018139566567386563,lagged_forecast_error,lagged_forecast_error,wind_onshore_id_forecast_error_mw,lagged_forecast_error,lagged_forecast_error,wind_onshore_id_forecast_error_mw,False,elasticnet_coefficients
wind_onshore_id_forecast_error_mw_rolling_median_3d_same_local_qh,0.0,0.0,0.0,0.0,0.0,0.0,0.0,0.0,,False,True,kept,75636,0.9161781094045254,49168,lagged_forecast_error,lagged_forecast_error,wind_onshore_id_forecast_error_mw,True,kept,wind_onshore_id_forecast_error_mw_rolling_mean_3d_same_local_qh,0.8745356268188421,0.016854878563423308,lagged_forecast_error,lagged_forecast_error,wind_onshore_id_forecast_error_mw,lagged_forecast_error,lagged_forecast_error,wind_onshore_id_forecast_error_mw,False,elasticnet_coefficients
wind_onshore_id_forecast_error_mw_rolling_median_7d_same_local_qh,0.0,0.0,0.0,0.0,0.0,0.0,0.0,0.0,,False,True,kept,79964,0.9686031299966084,39996,lagged_forecast_error,lagged_forecast_error,wind_onshore_id_forecast_error_mw,True,kept,wind_onshore_id_forecast_error_mw_rolling_mean_7d_same_local_qh,0.8515722356378819,0.0064188319761914175,lagged_forecast_error,lagged_forecast_error,wind_onshore_id_forecast_error_mw,lagged_forecast_error,lagged_forecast_error,wind_onshore_id_forecast_error_mw,False,elasticnet_coefficients
wind_onshore_id_forecast_error_mw_rolling_std_14d_same_local_qh,0.0,0.0,0.0,0.0,0.0,0.0,0.0,0.0,,False,True,kept,80152,0.9708803721110519,80152,lagged_forecast_error,lagged_forecast_error,wind_onshore_id_forecast_error_mw,True,kept,wind_onshore_id_forecast_error_mw_rolling_std_7d_same_local_qh,0.8747418838001114,0.01169613084071289,lagged_forecast_error,lagged_forecast_error,wind_onshore_id_forecast_error_mw,lagged_forecast_error,lagged_forecast_error,wind_onshore_id_forecast_error_mw,False,elasticnet_coefficients
wind_onshore_id_forecast_error_mw_rolling_std_3d_same_local_qh,0.0,0.0,0.0,0.0,0.0,0.0,0.0,0.0,,False,True,kept,75636,0.9161781094045254,75634,lagged_forecast_error,lagged_forecast_error,wind_onshore_id_forecast_error_mw,True,kept,wind_onshore_id_forecast_error_mw_rolling_std_7d_same_local_qh,0.7578887768215459,0.007654444695323636,lagged_forecast_error,lagged_forecast_error,wind_onshore_id_forecast_error_mw,lagged_forecast_error,lagged_forecast_error,wind_onshore_id_forecast_error_mw,False,elasticnet_coefficients
wind_onshore_id_forecast_error_mw_rolling_std_7d_same_local_qh,0.0,0.0,0.0,0.0,0.0,0.0,0.0,0.0,,False,True,kept,79964,0.9686031299966084,79964,lagged_forecast_error,lagged_forecast_error,wind_onshore_id_forecast_error_mw,True,kept,wind_onshore_da_forecast_error_mw_rolling_std_7d_same_local_qh,0.8218161668908569,0.01376617193521879,lagged_forecast_error,lagged_forecast_error,wind_onshore_id_forecast_error_mw,lagged_forecast_error,lagged_forecast_error,wind_onshore_id_forecast_error_mw,False,elasticnet_coefficients
wind_total_forecast_da_mw_lag_2d_same_local_qh,0.0,0.0,0.0,0.0,0.0,0.0,0.0,0.0,,False,True,kept,82348,0.9974804980861476,81711,da_forecast,forecast_level,wind_total_forecast_da_mw,True,kept,wind_total_forecast_id_mw_lag_1d_same_local_qh,0.49615541046043005,0.009999134438121919,da_forecast,forecast_level,wind_total_forecast_da_mw,da_forecast,forecast_level,wind_total_forecast_da_mw,False,elasticnet_coefficients
wind_total_forecast_da_mw_lag_7d_same_local_qh,0.0,0.0,0.0,0.0,0.0,0.0,0.0,0.0,,False,True,kept,80908,0.9800377925287078,80278,da_forecast,forecast_level,wind_total_forecast_da_mw,True,kept,wind_offshore_forecast_da_mw_lag_7d_same_local_qh,0.8377586806601677,0.010610777663386422,da_forecast,forecast_level,wind_total_forecast_da_mw,da_forecast,forecast_level,wind_total_forecast_da_mw,False,elasticnet_coefficients
wind_total_forecast_revision_id_minus_da_mw_lag_14d_same_local_qh,0.0,0.0,0.0,0.0,0.0,0.0,0.0,0.0,,False,True,kept,79280,0.9603178448568245,77246,forecast_revision,forecast_revision,wind_total_forecast_revision_id_minus_da_mw,True,kept,wind_total_forecast_revision_id_minus_da_mw_rolling_mean_14d_same_local_qh,0.2729450620581538,0.008953076698858206,forecast_revision,forecast_revision,wind_total_forecast_revision_id_minus_da_mw,forecast_revision,forecast_revision,wind_total_forecast_revision_id_minus_da_mw,False,elasticnet_coefficients
wind_total_forecast_revision_id_minus_da_mw_lag_2d_same_local_qh,0.0,0.0,0.0,0.0,0.0,0.0,0.0,0.0,,False,True,kept,82348,0.9974804980861476,80230,forecast_revision,forecast_revision,wind_total_forecast_revision_id_minus_da_mw,True,kept,wind_total_forecast_revision_id_minus_da_mw_rolling_mean_3d_same_local_qh,0.5990410761532907,0.010044320382257303,forecast_revision,forecast_revision,wind_total_forecast_revision_id_minus_da_mw,forecast_revision,forecast_revision,wind_total_forecast_revision_id_minus_da_mw,False,elasticnet_coefficients
wind_total_forecast_revision_id_minus_da_mw_regime_vol_28d,0.0,0.0,0.0,0.0,0.0,0.0,0.0,0.0,,False,True,kept,81592,0.9883230776684917,81592,regime_volatility,regime,wind_total_forecast_revision_id_minus_da_mw,True,kept,ida1_price_eur_mwh_regime_mean_shift_7d_vs_28d_z,0.1019244506246641,0.007618752993068584,regime_volatility,regime,wind_total_forecast_revision_id_minus_da_mw,regime_volatility,regime,wind_total_forecast_revision_id_minus_da_mw,False,elasticnet_coefficients
wind_total_forecast_revision_id_minus_da_mw_rolling_mean_14d_same_local_qh,0.0,0.0,0.0,0.0,0.0,0.0,0.0,0.0,,False,True,kept,82072,0.994137312854305,82018,forecast_revision,forecast_revision,wind_total_forecast_revision_id_minus_da_mw,True,kept,residual_load_revision_id_minus_da_approx_mw_rolling_mean_14d_same_local_qh,0.8850041382227881,0.010152928701922283,forecast_revision,forecast_revision,wind_total_forecast_revision_id_minus_da_mw,forecast_revision,forecast_revision,wind_total_forecast_revision_id_minus_da_mw,False,elasticnet_coefficients
wind_total_forecast_revision_id_minus_da_mw_rolling_mean_28d_same_local_qh,0.0,0.0,0.0,0.0,0.0,0.0,0.0,0.0,,False,True,kept,81592,0.9883230776684917,81569,forecast_revision,forecast_revision,wind_total_forecast_revision_id_minus_da_mw,True,kept,wind_total_forecast_revision_id_minus_da_mw_rolling_median_28d_same_local_qh,0.8060385251972797,0.0044088086007949105,forecast_revision,forecast_revision,wind_total_forecast_revision_id_minus_da_mw,forecast_revision,forecast_revision,wind_total_forecast_revision_id_minus_da_mw,False,elasticnet_coefficients
wind_total_forecast_revision_id_minus_da_mw_rolling_median_28d_same_local_qh,0.0,0.0,0.0,0.0,0.0,0.0,0.0,0.0,,False,True,kept,81592,0.9883230776684917,29844,forecast_revision,forecast_revision,wind_total_forecast_revision_id_minus_da_mw,True,kept,residual_load_revision_id_minus_da_approx_mw_rolling_median_28d_same_local_qh,0.8387112861386805,0.006488273951289895,forecast_revision,forecast_revision,wind_total_forecast_revision_id_minus_da_mw,forecast_revision,forecast_revision,wind_total_forecast_revision_id_minus_da_mw,False,elasticnet_coefficients
wind_total_forecast_revision_id_minus_da_mw_rolling_median_7d_same_local_qh,0.0,0.0,0.0,0.0,0.0,0.0,0.0,0.0,,False,True,kept,82264,0.9964630069286302,36058,forecast_revision,forecast_revision,wind_total_forecast_revision_id_minus_da_mw,True,kept,wind_offshore_forecast_revision_id_minus_da_mw_lag_2d_same_local_qh,0.18416688358838967,0.013478255269917874,forecast_revision,forecast_revision,wind_total_forecast_revision_id_minus_da_mw,forecast_revision,forecast_revision,wind_total_forecast_revision_id_minus_da_mw,False,elasticnet_coefficients
wind_total_forecast_revision_id_minus_da_mw_rolling_std_14d_same_local_qh,0.0,0.0,0.0,0.0,0.0,0.0,0.0,0.0,,False,True,kept,82072,0.994137312854305,82071,forecast_revision,forecast_revision,wind_total_forecast_revision_id_minus_da_mw,True,kept,wind_total_forecast_revision_id_minus_da_mw_rolling_std_7d_same_local_qh,0.7245502469129709,0.010246616985577243,forecast_revision,forecast_revision,wind_total_forecast_revision_id_minus_da_mw,forecast_revision,forecast_revision,wind_total_forecast_revision_id_minus_da_mw,False,elasticnet_coefficients
wind_total_forecast_revision_id_minus_da_mw_rolling_std_28d_same_local_qh,0.0,0.0,0.0,0.0,0.0,0.0,0.0,0.0,,False,True,kept,81592,0.9883230776684917,81592,forecast_revision,forecast_revision,wind_total_forecast_revision_id_minus_da_mw,True,kept,wind_total_forecast_revision_id_minus_da_mw_rolling_std_14d_same_local_qh,0.7532131734858218,0.007618752993068584,forecast_revision,forecast_revision,wind_total_forecast_revision_id_minus_da_mw,forecast_revision,forecast_revision,wind_total_forecast_revision_id_minus_da_mw,False,elasticnet_coefficients
da_price_eur_mwh_lag_14d_same_local_qh,,,,,,,,,,False,True,kept,79270,0.96019671495712,13243,da_price,market_history,da_price_eur_mwh,False,too_correlated_with_kept_feature,ida1_price_eur_mwh_lag_14d_same_local_qh,0.9214706416254395,0.07144482247863669,da_price,market_history,da_price_eur_mwh,da_price,market_history,da_price_eur_mwh,False,elasticnet_coefficients
da_price_eur_mwh_lag_1d_same_local_qh,,,,,,,,,,False,True,kept,82440,0.9985948931634284,13520,da_price,market_history,da_price_eur_mwh,False,too_correlated_with_kept_feature,ida1_price_eur_mwh_lag_1d_same_local_qh,0.9223554241998098,0.05867352788028898,da_price,market_history,da_price_eur_mwh,da_price,market_history,da_price_eur_mwh,False,elasticnet_coefficients
da_price_eur_mwh_lag_2d_same_local_qh,,,,,,,,,,False,True,kept,82338,0.9973593681864431,13702,da_price,market_history,da_price_eur_mwh,False,too_correlated_with_kept_feature,da_price_eur_mwh_rolling_median_3d_same_local_qh,0.9440238711505656,0.03604433508768729,da_price,market_history,da_price_eur_mwh,da_price,market_history,da_price_eur_mwh,False,elasticnet_coefficients
da_price_eur_mwh_lag_7d_same_local_qh,,,,,,,,,,False,True,kept,80899,0.9799287756189737,13483,da_price,market_history,da_price_eur_mwh,False,too_correlated_with_kept_feature,ida1_price_eur_mwh_lag_7d_same_local_qh,0.9225466457477612,0.05359865220501536,da_price,market_history,da_price_eur_mwh,da_price,market_history,da_price_eur_mwh,False,elasticnet_coefficients
da_price_eur_mwh_rolling_mean_28d_same_local_qh,,,,,,,,,,False,True,kept,81596,0.9883715296283735,45807,da_price,market_history,da_price_eur_mwh,False,too_correlated_with_kept_feature,ida1_price_eur_mwh_rolling_median_28d_same_local_qh,0.9358762909838866,0.06380249350814489,da_price,market_history,da_price_eur_mwh,da_price,market_history,da_price_eur_mwh,False,elasticnet_coefficients
da_price_eur_mwh_rolling_mean_3d_same_local_qh,,,,,,,,,,False,True,kept,82364,0.9976743059256747,34715,da_price,market_history,da_price_eur_mwh,False,too_correlated_with_kept_feature,ida1_price_eur_mwh_rolling_mean_3d_same_local_qh,0.9385427565801775,0.045436663490691004,da_price,market_history,da_price_eur_mwh,da_price,market_history,da_price_eur_mwh,False,elasticnet_coefficients
da_price_eur_mwh_rolling_mean_7d_same_local_qh,,,,,,,,,,False,True,kept,82268,0.996511458888512,33881,da_price,market_history,da_price_eur_mwh,False,too_correlated_with_kept_feature,da_price_eur_mwh_rolling_mean_14d_same_local_qh,0.9599128394387636,0.05161634265018106,da_price,market_history,da_price_eur_mwh,da_price,market_history,da_price_eur_mwh,False,elasticnet_coefficients
da_price_eur_mwh_rolling_median_14d_same_local_qh,,,,,,,,,,False,True,kept,82076,0.9941857648141867,12630,da_price,market_history,da_price_eur_mwh,False,too_correlated_with_kept_feature,da_price_eur_mwh_rolling_mean_14d_same_local_qh,0.9830275705061694,0.054656203335376026,da_price,market_history,da_price_eur_mwh,da_price,market_history,da_price_eur_mwh,False,elasticnet_coefficients
da_price_eur_mwh_rolling_median_28d_same_local_qh,,,,,,,,,,False,True,kept,81596,0.9883715296283735,11717,da_price,market_history,da_price_eur_mwh,False,too_correlated_with_kept_feature,ida1_price_eur_mwh_rolling_median_28d_same_local_qh,0.9484307625013819,0.06287771952628173,da_price,market_history,da_price_eur_mwh,da_price,market_history,da_price_eur_mwh,False,elasticnet_coefficients
da_price_eur_mwh_rolling_median_7d_same_local_qh,,,,,,,,,,False,True,kept,82268,0.996511458888512,8507,da_price,market_history,da_price_eur_mwh,False,too_correlated_with_kept_feature,da_price_eur_mwh_rolling_mean_14d_same_local_qh,0.9380118003043488,0.04340810931586447,da_price,market_history,da_price_eur_mwh,da_price,market_history,da_price_eur_mwh,False,elasticnet_coefficients
ida1_minus_da_spread_eur_mwh_rolling_mean_28d_same_local_qh,,,,,,,,,,False,True,kept,81500,0.9872086825912109,81200,ida1_history,market_history,ida1_minus_da_spread_eur_mwh,False,too_correlated_with_kept_feature,ida1_minus_da_spread_eur_mwh_rolling_median_28d_same_local_qh,0.9631034465211025,0.6049469484512433,ida1_history,market_history,ida1_minus_da_spread_eur_mwh,ida1_history,market_history,ida1_minus_da_spread_eur_mwh,False,elasticnet_coefficients
ida1_minus_da_spread_eur_mwh_rolling_mean_7d_same_local_qh,,,,,,,,,,False,True,kept,81408,0.9860942875139299,79968,ida1_history,market_history,ida1_minus_da_spread_eur_mwh,False,too_correlated_with_kept_feature,ida1_minus_da_spread_eur_mwh_rolling_median_7d_same_local_qh,0.9342351205757079,0.5867962958910403,ida1_history,market_history,ida1_minus_da_spread_eur_mwh,ida1_history,market_history,ida1_minus_da_spread_eur_mwh,False,elasticnet_coefficients
ida1_minus_da_spread_eur_mwh_rolling_median_14d_same_local_qh,,,,,,,,,,False,True,kept,81596,0.9883715296283735,34253,ida1_history,market_history,ida1_minus_da_spread_eur_mwh,False,too_correlated_with_kept_feature,ida1_minus_da_spread_eur_mwh_rolling_median_28d_same_local_qh,0.9418878574795507,0.6143640640003174,ida1_history,market_history,ida1_minus_da_spread_eur_mwh,ida1_history,market_history,ida1_minus_da_spread_eur_mwh,False,elasticnet_coefficients
ida1_minus_da_spread_eur_mwh_rolling_median_3d_same_local_qh,,,,,,,,,,False,True,kept,76896,0.9314404767672853,38688,ida1_history,market_history,ida1_minus_da_spread_eur_mwh,False,too_correlated_with_kept_feature,ida1_minus_da_spread_eur_mwh_rolling_mean_3d_same_local_qh,0.931786350873595,0.5459034370273909,ida1_history,market_history,ida1_minus_da_spread_eur_mwh,ida1_history,market_history,ida1_minus_da_spread_eur_mwh,False,elasticnet_coefficients
ida1_price_eur_mwh_lag_2d_same_local_qh,,,,,,,,,,False,True,kept,75828,0.9185038034788507,51500,ida1_history,market_history,ida1_price_eur_mwh,False,too_correlated_with_kept_feature,ida1_price_eur_mwh_rolling_mean_3d_same_local_qh,0.9215772275437929,0.10376301232730703,ida1_history,market_history,ida1_price_eur_mwh,ida1_history,market_history,ida1_price_eur_mwh,False,elasticnet_coefficients
ida1_price_eur_mwh_regime_vol_28d,,,,,,,,,,False,True,kept,81500,0.9872086825912109,81492,regime_volatility,regime,ida1_price_eur_mwh,False,too_correlated_with_kept_feature,da_price_eur_mwh_regime_vol_28d,0.927591320904354,0.005194558524589211,regime_volatility,regime,ida1_price_eur_mwh,regime_volatility,regime,ida1_price_eur_mwh,False,elasticnet_coefficients
ida1_price_eur_mwh_rolling_mean_14d_same_local_qh,,,,,,,,,,False,True,kept,81596,0.9883715296283735,80248,ida1_history,market_history,ida1_price_eur_mwh,False,too_correlated_with_kept_feature,ida1_price_eur_mwh_rolling_median_7d_same_local_qh,0.9289523799203896,0.11434556266412689,ida1_history,market_history,ida1_price_eur_mwh,ida1_history,market_history,ida1_price_eur_mwh,False,elasticnet_coefficients
ida1_price_eur_mwh_rolling_mean_28d_same_local_qh,,,,,,,,,,False,True,kept,81500,0.9872086825912109,81081,ida1_history,market_history,ida1_price_eur_mwh,False,too_correlated_with_kept_feature,ida1_price_eur_mwh_rolling_median_28d_same_local_qh,0.9801100790961282,0.10511106816306881,ida1_history,market_history,ida1_price_eur_mwh,ida1_history,market_history,ida1_price_eur_mwh,False,elasticnet_coefficients
ida1_price_eur_mwh_rolling_mean_7d_same_local_qh,,,,,,,,,,False,True,kept,81408,0.9860942875139299,78156,ida1_history,market_history,ida1_price_eur_mwh,False,too_correlated_with_kept_feature,ida1_price_eur_mwh_rolling_median_7d_same_local_qh,0.9760909632653813,0.11778129753241418,ida1_history,market_history,ida1_price_eur_mwh,ida1_history,market_history,ida1_price_eur_mwh,False,elasticnet_coefficients
ida1_price_eur_mwh_rolling_median_14d_same_local_qh,,,,,,,,,,False,True,kept,81596,0.9883715296283735,35012,ida1_history,market_history,ida1_price_eur_mwh,False,too_correlated_with_kept_feature,ida1_price_eur_mwh_rolling_median_7d_same_local_qh,0.9411288270133268,0.11634069344294894,ida1_history,market_history,ida1_price_eur_mwh,ida1_history,market_history,ida1_price_eur_mwh,False,elasticnet_coefficients
ida1_price_eur_mwh_rolling_median_3d_same_local_qh,,,,,,,,,,False,True,kept,76896,0.9314404767672853,38707,ida1_history,market_history,ida1_price_eur_mwh,False,too_correlated_with_kept_feature,ida1_price_eur_mwh_rolling_mean_3d_same_local_qh,0.9766632038556805,0.11358452909018509,ida1_history,market_history,ida1_price_eur_mwh,ida1_history,market_history,ida1_price_eur_mwh,False,elasticnet_coefficients
ida1_price_eur_mwh_rolling_std_28d_same_local_qh,,,,,,,,,,False,True,kept,81500,0.9872086825912109,81492,ida1_history,market_history,ida1_price_eur_mwh,False,too_correlated_with_kept_feature,da_price_eur_mwh_rolling_std_28d_same_local_qh,0.927591320904354,0.005194558524589211,ida1_history,market_history,ida1_price_eur_mwh,ida1_history,market_history,ida1_price_eur_mwh,False,elasticnet_coefficients
load_da_forecast_error_mw_rolling_mean_14d_same_local_qh,,,,,,,,,,False,True,kept,80156,0.9709288240709336,80137,lagged_forecast_error,lagged_forecast_error,load_da_forecast_error_mw,False,too_correlated_with_kept_feature,load_da_forecast_error_mw_rolling_mean_28d_same_local_qh,0.9351385695860441,0.0026356924803253084,lagged_forecast_error,lagged_forecast_error,load_da_forecast_error_mw,lagged_forecast_error,lagged_forecast_error,load_da_forecast_error_mw,False,elasticnet_coefficients
load_da_forecast_error_mw_rolling_mean_3d_same_local_qh,,,,,,,,,,False,True,kept,75648,0.9163234652841707,75445,lagged_forecast_error,lagged_forecast_error,load_da_forecast_error_mw,False,too_correlated_with_kept_feature,load_da_forecast_error_mw_rolling_median_3d_same_local_qh,0.9765627460854234,0.023515450111368467,lagged_forecast_error,lagged_forecast_error,load_da_forecast_error_mw,lagged_forecast_error,lagged_forecast_error,load_da_forecast_error_mw,False,elasticnet_coefficients
load_da_forecast_error_mw_rolling_median_14d_same_local_qh,,,,,,,,,,False,True,kept,80156,0.9709288240709336,43671,lagged_forecast_error,lagged_forecast_error,load_da_forecast_error_mw,False,too_correlated_with_kept_feature,load_da_forecast_error_mw_rolling_mean_28d_same_local_qh,0.9222875622574693,0.0020783737823861725,lagged_forecast_error,lagged_forecast_error,load_da_forecast_error_mw,lagged_forecast_error,lagged_forecast_error,load_da_forecast_error_mw,False,elasticnet_coefficients
load_da_forecast_error_mw_rolling_median_28d_same_local_qh,,,,,,,,,,False,True,kept,79580,0.9639517418479577,35539,lagged_forecast_error,lagged_forecast_error,load_da_forecast_error_mw,False,too_correlated_with_kept_feature,load_da_forecast_error_mw_rolling_mean_28d_same_local_qh,0.9871302788476328,0.00495366993516846,lagged_forecast_error,lagged_forecast_error,load_da_forecast_error_mw,lagged_forecast_error,lagged_forecast_error,load_da_forecast_error_mw,False,elasticnet_coefficients
load_da_forecast_error_mw_rolling_median_7d_same_local_qh,,,,,,,,,,False,True,kept,79968,0.9686515819564901,41527,lagged_forecast_error,lagged_forecast_error,load_da_forecast_error_mw,False,too_correlated_with_kept_feature,load_da_forecast_error_mw_rolling_mean_7d_same_local_qh,0.9756556034547902,0.00397450095184692,lagged_forecast_error,lagged_forecast_error,load_da_forecast_error_mw,lagged_forecast_error,lagged_forecast_error,load_da_forecast_error_mw,False,elasticnet_coefficients
load_forecast_da_mw_lag_7d_same_local_qh,,,,,,,,,,False,True,kept,80911,0.9800741314986191,80170,da_forecast,forecast_level,load_forecast_da_mw,False,too_correlated_with_kept_feature,load_forecast_da_mw_lag_14d_same_local_qh,0.929777764358462,0.004110348908078131,da_forecast,forecast_level,load_forecast_da_mw,da_forecast,forecast_level,load_forecast_da_mw,False,elasticnet_coefficients
quarter_cos,,,,,,,,,,False,True,kept,82556,1.0,89,calendar,calendar,quarter_cos,False,too_correlated_with_kept_feature,hour_cos,0.9851470429558504,0.008268435380194014,calendar,calendar,quarter_cos,calendar,calendar,quarter_cos,False,elasticnet_coefficients
quarter_sin,,,,,,,,,,False,True,kept,82556,1.0,87,calendar,calendar,quarter_sin,False,too_correlated_with_kept_feature,hour_sin,0.9845796248385705,0.005596148599980526,calendar,calendar,quarter_sin,calendar,calendar,quarter_sin,False,elasticnet_coefficients
renewable_total_forecast_da_mw_lag_14d_same_local_qh,,,,,,,,,,False,True,kept,79280,0.9603178448568245,78898,da_forecast,forecast_level,renewable_total_forecast_da_mw,False,too_correlated_with_kept_feature,renewable_total_forecast_id_mw_lag_14d_same_local_qh,0.9951446252569333,0.026594392282877008,da_forecast,forecast_level,renewable_total_forecast_da_mw,da_forecast,forecast_level,renewable_total_forecast_da_mw,False,elasticnet_coefficients
renewable_total_forecast_da_mw_lag_1d_same_local_qh,,,,,,,,,,False,True,kept,82444,0.9986433451233102,82043,da_forecast,forecast_level,renewable_total_forecast_da_mw,False,too_correlated_with_kept_feature,renewable_total_forecast_id_mw_lag_1d_same_local_qh,0.9951360623032369,0.016216612710880523,da_forecast,forecast_level,renewable_total_forecast_da_mw,da_forecast,forecast_level,renewable_total_forecast_da_mw,False,elasticnet_coefficients
renewable_total_forecast_da_mw_lag_7d_same_local_qh,,,,,,,,,,False,True,kept,80908,0.9800377925287078,80502,da_forecast,forecast_level,renewable_total_forecast_da_mw,False,too_correlated_with_kept_feature,renewable_total_forecast_id_mw_lag_7d_same_local_qh,0.9951573778253386,0.00041255219591679695,da_forecast,forecast_level,renewable_total_forecast_da_mw,da_forecast,forecast_level,renewable_total_forecast_da_mw,False,elasticnet_coefficients
renewable_total_forecast_id_mw_lag_2d_same_local_qh,,,,,,,,,,False,True,kept,82348,0.9974804980861476,81927,id_forecast,forecast_level,renewable_total_forecast_id_mw,False,too_correlated_with_kept_feature,renewable_total_forecast_da_mw_lag_2d_same_local_qh,0.9950821617666924,0.003474299949355114,id_forecast,forecast_level,renewable_total_forecast_id_mw,id_forecast,forecast_level,renewable_total_forecast_id_mw,False,elasticnet_coefficients
renewable_total_forecast_revision_id_minus_da_mw_lag_1d_same_local_qh,,,,,,,,,,False,True,kept,82444,0.9986433451233102,80586,forecast_revision,forecast_revision,renewable_total_forecast_revision_id_minus_da_mw,False,too_correlated_with_kept_feature,residual_load_revision_id_minus_da_approx_mw_lag_1d_same_local_qh,0.9999999999690276,0.002364142927211108,forecast_revision,forecast_revision,renewable_total_forecast_revision_id_minus_da_mw,forecast_revision,forecast_revision,renewable_total_forecast_revision_id_minus_da_mw,False,elasticnet_coefficients
renewable_total_forecast_revision_id_minus_da_mw_lag_2d_same_local_qh,,,,,,,,,,False,True,kept,82348,0.9974804980861476,80494,forecast_revision,forecast_revision,renewable_total_forecast_revision_id_minus_da_mw,False,too_correlated_with_kept_feature,residual_load_revision_id_minus_da_approx_mw_lag_2d_same_local_qh,0.999999999970245,0.0017066951237075776,forecast_revision,forecast_revision,renewable_total_forecast_revision_id_minus_da_mw,forecast_revision,forecast_revision,renewable_total_forecast_revision_id_minus_da_mw,False,elasticnet_coefficients
renewable_total_forecast_revision_id_minus_da_mw_regime_vol_28d,,,,,,,,,,False,True,kept,81592,0.9883230776684917,81592,regime_volatility,regime,renewable_total_forecast_revision_id_minus_da_mw,False,too_correlated_with_kept_feature,residual_load_revision_id_minus_da_approx_mw_regime_vol_28d,0.9984797592015574,0.0003171066363505421,regime_volatility,regime,renewable_total_forecast_revision_id_minus_da_mw,regime_volatility,regime,renewable_total_forecast_revision_id_minus_da_mw,False,elasticnet_coefficients
renewable_total_forecast_revision_id_minus_da_mw_regime_vol_7d_over_28d,,,,,,,,,,False,True,kept,81592,0.9883230776684917,81592,regime_volatility,regime,renewable_total_forecast_revision_id_minus_da_mw,False,too_correlated_with_kept_feature,residual_load_revision_id_minus_da_approx_mw_regime_vol_7d_over_28d,0.9992390476140192,0.03166574949253891,regime_volatility,regime,renewable_total_forecast_revision_id_minus_da_mw,regime_volatility,regime,renewable_total_forecast_revision_id_minus_da_mw,False,elasticnet_coefficients
renewable_total_forecast_revision_id_minus_da_mw_rolling_mean_14d_same_local_qh,,,,,,,,,,False,True,kept,82072,0.994137312854305,82028,forecast_revision,forecast_revision,renewable_total_forecast_revision_id_minus_da_mw,False,too_correlated_with_kept_feature,residual_load_revision_id_minus_da_approx_mw_rolling_mean_14d_same_local_qh,0.9999085403452056,0.010882464865837722,forecast_revision,forecast_revision,renewable_total_forecast_revision_id_minus_da_mw,forecast_revision,forecast_revision,renewable_total_forecast_revision_id_minus_da_mw,False,elasticnet_coefficients
renewable_total_forecast_revision_id_minus_da_mw_rolling_mean_28d_same_local_qh,,,,,,,,,,False,True,kept,81592,0.9883230776684917,81565,forecast_revision,forecast_revision,renewable_total_forecast_revision_id_minus_da_mw,False,too_correlated_with_kept_feature,residual_load_revision_id_minus_da_approx_mw_rolling_mean_28d_same_local_qh,0.9997279446246014,0.002711845886360976,forecast_revision,forecast_revision,renewable_total_forecast_revision_id_minus_da_mw,forecast_revision,forecast_revision,renewable_total_forecast_revision_id_minus_da_mw,False,elasticnet_coefficients
renewable_total_forecast_revision_id_minus_da_mw_rolling_mean_3d_same_local_qh,,,,,,,,,,False,True,kept,82360,0.997625853965793,82011,forecast_revision,forecast_revision,renewable_total_forecast_revision_id_minus_da_mw,False,too_correlated_with_kept_feature,residual_load_revision_id_minus_da_approx_mw_rolling_mean_3d_same_local_qh,0.9999745824465973,0.0035460088829064383,forecast_revision,forecast_revision,renewable_total_forecast_revision_id_minus_da_mw,forecast_revision,forecast_revision,renewable_total_forecast_revision_id_minus_da_mw,False,elasticnet_coefficients
renewable_total_forecast_revision_id_minus_da_mw_rolling_mean_7d_same_local_qh,,,,,,,,,,False,True,kept,82264,0.9964630069286302,82183,forecast_revision,forecast_revision,renewable_total_forecast_revision_id_minus_da_mw,False,too_correlated_with_kept_feature,residual_load_revision_id_minus_da_approx_mw_rolling_mean_7d_same_local_qh,0.9999689644979853,9.407205365161205e-05,forecast_revision,forecast_revision,renewable_total_forecast_revision_id_minus_da_mw,forecast_revision,forecast_revision,renewable_total_forecast_revision_id_minus_da_mw,False,elasticnet_coefficients
renewable_total_forecast_revision_id_minus_da_mw_rolling_median_14d_same_local_qh,,,,,,,,,,False,True,kept,82072,0.994137312854305,40099,forecast_revision,forecast_revision,renewable_total_forecast_revision_id_minus_da_mw,False,too_correlated_with_kept_feature,residual_load_revision_id_minus_da_approx_mw_rolling_median_14d_same_local_qh,0.9999740581444735,0.005724665760066646,forecast_revision,forecast_revision,renewable_total_forecast_revision_id_minus_da_mw,forecast_revision,forecast_revision,renewable_total_forecast_revision_id_minus_da_mw,False,elasticnet_coefficients
renewable_total_forecast_revision_id_minus_da_mw_rolling_median_28d_same_local_qh,,,,,,,,,,False,True,kept,81592,0.9883230776684917,29833,forecast_revision,forecast_revision,renewable_total_forecast_revision_id_minus_da_mw,False,too_correlated_with_kept_feature,residual_load_revision_id_minus_da_approx_mw_rolling_median_28d_same_local_qh,0.9999854654138337,0.008727636662155824,forecast_revision,forecast_revision,renewable_total_forecast_revision_id_minus_da_mw,forecast_revision,forecast_revision,renewable_total_forecast_revision_id_minus_da_mw,False,elasticnet_coefficients
renewable_total_forecast_revision_id_minus_da_mw_rolling_median_3d_same_local_qh,,,,,,,,,,False,True,kept,82360,0.997625853965793,51137,forecast_revision,forecast_revision,renewable_total_forecast_revision_id_minus_da_mw,False,too_correlated_with_kept_feature,residual_load_revision_id_minus_da_approx_mw_rolling_median_3d_same_local_qh,0.9999925549511334,0.0013693659639697853,forecast_revision,forecast_revision,renewable_total_forecast_revision_id_minus_da_mw,forecast_revision,forecast_revision,renewable_total_forecast_revision_id_minus_da_mw,False,elasticnet_coefficients
renewable_total_forecast_revision_id_minus_da_mw_rolling_median_7d_same_local_qh,,,,,,,,,,False,True,kept,82264,0.9964630069286302,35744,forecast_revision,forecast_revision,renewable_total_forecast_revision_id_minus_da_mw,False,too_correlated_with_kept_feature,residual_load_revision_id_minus_da_approx_mw_rolling_median_7d_same_local_qh,0.999984522216091,0.0071695119420391645,forecast_revision,forecast_revision,renewable_total_forecast_revision_id_minus_da_mw,forecast_revision,forecast_revision,renewable_total_forecast_revision_id_minus_da_mw,False,elasticnet_coefficients
renewable_total_forecast_revision_id_minus_da_mw_rolling_std_28d_same_local_qh,,,,,,,,,,False,True,kept,81592,0.9883230776684917,81592,forecast_revision,forecast_revision,renewable_total_forecast_revision_id_minus_da_mw,False,too_correlated_with_kept_feature,residual_load_revision_id_minus_da_approx_mw_rolling_std_28d_same_local_qh,0.9984797592015574,0.0003171066363505421,forecast_revision,forecast_revision,renewable_total_forecast_revision_id_minus_da_mw,forecast_revision,forecast_revision,renewable_total_forecast_revision_id_minus_da_mw,False,elasticnet_coefficients
residual_load_forecast_da_mw_lag_14d_same_local_qh,,,,,,,,,,False,True,kept,79279,0.960305731866854,78999,da_forecast,forecast_level,residual_load_forecast_da_mw,False,too_correlated_with_kept_feature,residual_load_forecast_id_approx_mw_lag_14d_same_local_qh,0.9953478199886021,0.03251510256217276,da_forecast,forecast_level,residual_load_forecast_da_mw,da_forecast,forecast_level,residual_load_forecast_da_mw,False,elasticnet_coefficients
residual_load_forecast_da_mw_lag_1d_same_local_qh,,,,,,,,,,False,True,kept,82443,0.9986312321333398,82141,da_forecast,forecast_level,residual_load_forecast_da_mw,False,too_correlated_with_kept_feature,residual_load_forecast_id_approx_mw_lag_1d_same_local_qh,0.9955427901167555,0.015472694115871561,da_forecast,forecast_level,residual_load_forecast_da_mw,da_forecast,forecast_level,residual_load_forecast_da_mw,False,elasticnet_coefficients
residual_load_forecast_id_approx_mw_lag_2d_same_local_qh,,,,,,,,,,False,True,kept,82347,0.9974683850961772,82073,id_forecast,forecast_level,residual_load_forecast_id_approx_mw,False,too_correlated_with_kept_feature,residual_load_forecast_da_mw_lag_2d_same_local_qh,0.9953873264800326,0.005558784607973247,id_forecast,forecast_level,residual_load_forecast_id_approx_mw,id_forecast,forecast_level,residual_load_forecast_id_approx_mw,False,elasticnet_coefficients
residual_load_forecast_id_approx_mw_lag_7d_same_local_qh,,,,,,,,,,False,True,kept,80907,0.9800256795387373,80644,id_forecast,forecast_level,residual_load_forecast_id_approx_mw,False,too_correlated_with_kept_feature,residual_load_forecast_da_mw_lag_7d_same_local_qh,0.99545591774638,0.002268428903088468,id_forecast,forecast_level,residual_load_forecast_id_approx_mw,id_forecast,forecast_level,residual_load_forecast_id_approx_mw,False,elasticnet_coefficients
residual_load_revision_id_minus_da_approx_mw_lag_14d_same_local_qh,,,,,,,,,,False,True,kept,79279,0.960305731866854,76303,forecast_revision,forecast_revision,residual_load_revision_id_minus_da_approx_mw,False,too_correlated_with_kept_feature,renewable_total_forecast_revision_id_minus_da_mw_lag_14d_same_local_qh,0.9999999999679853,0.001750405075570743,forecast_revision,forecast_revision,residual_load_revision_id_minus_da_approx_mw,forecast_revision,forecast_revision,residual_load_revision_id_minus_da_approx_mw,False,elasticnet_coefficients
residual_load_revision_id_minus_da_approx_mw_lag_7d_same_local_qh,,,,,,,,,,False,True,kept,80907,0.9800256795387373,77827,forecast_revision,forecast_revision,residual_load_revision_id_minus_da_approx_mw,False,too_correlated_with_kept_feature,renewable_total_forecast_revision_id_minus_da_mw_lag_7d_same_local_qh,0.9999999999671282,0.006023368595570427,forecast_revision,forecast_revision,residual_load_revision_id_minus_da_approx_mw,forecast_revision,forecast_revision,residual_load_revision_id_minus_da_approx_mw,False,elasticnet_coefficients
residual_load_revision_id_minus_da_approx_mw_regime_abs_median_28d_over_vol,,,,,,,,,,False,True,kept,81592,0.9883230776684917,81592,regime_level,regime,residual_load_revision_id_minus_da_approx_mw,False,too_correlated_with_kept_feature,renewable_total_forecast_revision_id_minus_da_mw_regime_abs_median_28d_over_vol,0.9998604462492093,0.02596504946658171,regime_level,regime,residual_load_revision_id_minus_da_approx_mw,regime_level,regime,residual_load_revision_id_minus_da_approx_mw,False,elasticnet_coefficients
residual_load_revision_id_minus_da_approx_mw_regime_mean_shift_7d_vs_28d_z,,,,,,,,,,False,True,kept,81592,0.9883230776684917,81592,regime_mean_shift,regime,residual_load_revision_id_minus_da_approx_mw,False,too_correlated_with_kept_feature,renewable_total_forecast_revision_id_minus_da_mw_regime_mean_shift_7d_vs_28d_z,0.9999328428795431,0.0008379880605367213,regime_mean_shift,regime,residual_load_revision_id_minus_da_approx_mw,regime_mean_shift,regime,residual_load_revision_id_minus_da_approx_mw,False,elasticnet_coefficients
residual_load_revision_id_minus_da_approx_mw_rolling_std_14d_same_local_qh,,,,,,,,,,False,True,kept,82072,0.994137312854305,82072,forecast_revision,forecast_revision,residual_load_revision_id_minus_da_approx_mw,False,too_correlated_with_kept_feature,renewable_total_forecast_revision_id_minus_da_mw_rolling_std_14d_same_local_qh,0.9994956712926383,0.0026975429104062194,forecast_revision,forecast_revision,residual_load_revision_id_minus_da_approx_mw,forecast_revision,forecast_revision,residual_load_revision_id_minus_da_approx_mw,False,elasticnet_coefficients
residual_load_revision_id_minus_da_approx_mw_rolling_std_3d_same_local_qh,,,,,,,,,,False,True,kept,82360,0.997625853965793,82360,forecast_revision,forecast_revision,residual_load_revision_id_minus_da_approx_mw,False,too_correlated_with_kept_feature,renewable_total_forecast_revision_id_minus_da_mw_rolling_std_3d_same_local_qh,0.9998761379309705,0.01799030883968766,forecast_revision,forecast_revision,residual_load_revision_id_minus_da_approx_mw,forecast_revision,forecast_revision,residual_load_revision_id_minus_da_approx_mw,False,elasticnet_coefficients
residual_load_revision_id_minus_da_approx_mw_rolling_std_7d_same_local_qh,,,,,,,,,,False,True,kept,82264,0.9964630069286302,82263,forecast_revision,forecast_revision,residual_load_revision_id_minus_da_approx_mw,False,too_correlated_with_kept_feature,renewable_total_forecast_revision_id_minus_da_mw_rolling_std_7d_same_local_qh,0.9997126915290149,0.024431869450210246,forecast_revision,forecast_revision,residual_load_revision_id_minus_da_approx_mw,forecast_revision,forecast_revision,residual_load_revision_id_minus_da_approx_mw,False,elasticnet_coefficients
solar_da_forecast_error_mw_lag_1d_same_local_qh,,,,,,,,,,False,True,kept,43171,0.5229298900140511,42181,lagged_forecast_error,lagged_forecast_error,solar_da_forecast_error_mw,False,too_correlated_with_kept_feature,solar_id_forecast_error_mw_lag_1d_same_local_qh,0.9609607754084741,0.016772430600357248,lagged_forecast_error,lagged_forecast_error,solar_da_forecast_error_mw,lagged_forecast_error,lagged_forecast_error,solar_da_forecast_error_mw,False,elasticnet_coefficients
solar_da_forecast_error_mw_lag_2d_same_local_qh,,,,,,,,,,False,True,kept,42558,0.5155046271621687,41595,lagged_forecast_error,lagged_forecast_error,solar_da_forecast_error_mw,False,too_correlated_with_kept_feature,solar_id_forecast_error_mw_lag_2d_same_local_qh,0.9617081427920927,0.01708326559742188,lagged_forecast_error,lagged_forecast_error,solar_da_forecast_error_mw,lagged_forecast_error,lagged_forecast_error,solar_da_forecast_error_mw,False,elasticnet_coefficients
solar_da_forecast_error_mw_lag_7d_same_local_qh,,,,,,,,,,False,True,kept,42150,0.5105625272542275,41185,lagged_forecast_error,lagged_forecast_error,solar_da_forecast_error_mw,False,too_correlated_with_kept_feature,solar_id_forecast_error_mw_lag_7d_same_local_qh,0.9611693944612134,0.025811018849671366,lagged_forecast_error,lagged_forecast_error,solar_da_forecast_error_mw,lagged_forecast_error,lagged_forecast_error,solar_da_forecast_error_mw,False,elasticnet_coefficients
solar_da_forecast_error_mw_rolling_mean_14d_same_local_qh,,,,,,,,,,False,True,kept,45914,0.5561558215029798,45712,lagged_forecast_error,lagged_forecast_error,solar_da_forecast_error_mw,False,too_correlated_with_kept_feature,solar_da_forecast_error_mw_rolling_mean_28d_same_local_qh,0.9662172858430665,0.024878888483892306,lagged_forecast_error,lagged_forecast_error,solar_da_forecast_error_mw,lagged_forecast_error,lagged_forecast_error,solar_da_forecast_error_mw,False,elasticnet_coefficients
solar_da_forecast_error_mw_rolling_mean_7d_same_local_qh,,,,,,,,,,False,True,kept,45537,0.5515892242841223,45252,lagged_forecast_error,lagged_forecast_error,solar_da_forecast_error_mw,False,too_correlated_with_kept_feature,solar_id_forecast_error_mw_rolling_median_7d_same_local_qh,0.9590090497003964,0.01739251818045051,lagged_forecast_error,lagged_forecast_error,solar_da_forecast_error_mw,lagged_forecast_error,lagged_forecast_error,solar_da_forecast_error_mw,False,elasticnet_coefficients
solar_da_forecast_error_mw_rolling_median_14d_same_local_qh,,,,,,,,,,False,True,kept,45914,0.5561558215029798,25760,lagged_forecast_error,lagged_forecast_error,solar_da_forecast_error_mw,False,too_correlated_with_kept_feature,solar_da_forecast_error_mw_rolling_mean_28d_same_local_qh,0.9459944134450652,0.022947758884395472,lagged_forecast_error,lagged_forecast_error,solar_da_forecast_error_mw,lagged_forecast_error,lagged_forecast_error,solar_da_forecast_error_mw,False,elasticnet_coefficients
solar_da_forecast_error_mw_rolling_median_28d_same_local_qh,,,,,,,,,,False,True,kept,45814,0.5549445225059354,23072,lagged_forecast_error,lagged_forecast_error,solar_da_forecast_error_mw,False,too_correlated_with_kept_feature,solar_da_forecast_error_mw_rolling_mean_28d_same_local_qh,0.981275071122507,0.021801352051255423,lagged_forecast_error,lagged_forecast_error,solar_da_forecast_error_mw,lagged_forecast_error,lagged_forecast_error,solar_da_forecast_error_mw,False,elasticnet_coefficients
solar_da_forecast_error_mw_rolling_median_3d_same_local_qh,,,,,,,,,,False,True,kept,43051,0.5214763312175977,29279,lagged_forecast_error,lagged_forecast_error,solar_da_forecast_error_mw,False,too_correlated_with_kept_feature,solar_da_forecast_error_mw_rolling_mean_3d_same_local_qh,0.9794894559892041,0.01252477126303955,lagged_forecast_error,lagged_forecast_error,solar_da_forecast_error_mw,lagged_forecast_error,lagged_forecast_error,solar_da_forecast_error_mw,False,elasticnet_coefficients
solar_da_forecast_error_mw_rolling_median_7d_same_local_qh,,,,,,,,,,False,True,kept,45537,0.5515892242841223,24825,lagged_forecast_error,lagged_forecast_error,solar_da_forecast_error_mw,False,too_correlated_with_kept_feature,solar_id_forecast_error_mw_rolling_median_7d_same_local_qh,0.9618671295441441,0.015294586019469533,lagged_forecast_error,lagged_forecast_error,solar_da_forecast_error_mw,lagged_forecast_error,lagged_forecast_error,solar_da_forecast_error_mw,False,elasticnet_coefficients
solar_da_forecast_error_mw_rolling_std_28d_same_local_qh,,,,,,,,,,False,True,kept,45814,0.5549445225059354,45537,lagged_forecast_error,lagged_forecast_error,solar_da_forecast_error_mw,False,too_correlated_with_kept_feature,solar_da_forecast_error_mw_rolling_std_14d_same_local_qh,0.9557575466751019,0.045251812213159236,lagged_forecast_error,lagged_forecast_error,solar_da_forecast_error_mw,lagged_forecast_error,lagged_forecast_error,solar_da_forecast_error_mw,False,elasticnet_coefficients
solar_da_forecast_error_mw_rolling_std_7d_same_local_qh,,,,,,,,,,False,True,kept,45537,0.5515892242841223,45426,lagged_forecast_error,lagged_forecast_error,solar_da_forecast_error_mw,False,too_correlated_with_kept_feature,solar_id_forecast_error_mw_rolling_std_7d_same_local_qh,0.9679895786261035,0.053451277263500734,lagged_forecast_error,lagged_forecast_error,solar_da_forecast_error_mw,lagged_forecast_error,lagged_forecast_error,solar_da_forecast_error_mw,False,elasticnet_coefficients
solar_forecast_da_mw_lag_14d_same_local_qh,,,,,,,,,,False,True,kept,45163,0.5470589660351761,42092,da_forecast,forecast_level,solar_forecast_da_mw,False,too_correlated_with_kept_feature,solar_forecast_id_mw_lag_14d_same_local_qh,0.9986610675403708,0.033972812838361774,da_forecast,forecast_level,solar_forecast_da_mw,da_forecast,forecast_level,solar_forecast_da_mw,False,elasticnet_coefficients
solar_forecast_da_mw_lag_1d_same_local_qh,,,,,,,,,,False,True,kept,46871,0.567747952904695,43631,da_forecast,forecast_level,solar_forecast_da_mw,False,too_correlated_with_kept_feature,solar_forecast_id_mw_lag_1d_same_local_qh,0.9986803722673214,0.05589959009962074,da_forecast,forecast_level,solar_forecast_da_mw,da_forecast,forecast_level,solar_forecast_da_mw,False,elasticnet_coefficients
solar_forecast_da_mw_lag_2d_same_local_qh,,,,,,,,,,False,True,kept,46813,0.5670453994864092,43593,da_forecast,forecast_level,solar_forecast_da_mw,False,too_correlated_with_kept_feature,solar_forecast_id_mw_lag_1d_same_local_qh,0.9651293939447243,0.05055925120798058,da_forecast,forecast_level,solar_forecast_da_mw,da_forecast,forecast_level,solar_forecast_da_mw,False,elasticnet_coefficients
solar_forecast_da_mw_lag_7d_same_local_qh,,,,,,,,,,False,True,kept,46060,0.5579243180386647,42906,da_forecast,forecast_level,solar_forecast_da_mw,False,too_correlated_with_kept_feature,solar_forecast_id_mw_lag_7d_same_local_qh,0.9987194718432395,0.038061662477021765,da_forecast,forecast_level,solar_forecast_da_mw,da_forecast,forecast_level,solar_forecast_da_mw,False,elasticnet_coefficients
solar_forecast_id_mw_lag_2d_same_local_qh,,,,,,,,,,False,True,kept,47563,0.5761301419642425,43615,id_forecast,forecast_level,solar_forecast_id_mw,False,too_correlated_with_kept_feature,solar_forecast_id_mw_lag_1d_same_local_qh,0.966026712969879,0.052796191766413925,id_forecast,forecast_level,solar_forecast_id_mw,id_forecast,forecast_level,solar_forecast_id_mw,False,elasticnet_coefficients
solar_id_forecast_error_mw_lag_14d_same_local_qh,,,,,,,,,,False,True,kept,42141,0.5104535103444935,41108,lagged_forecast_error,lagged_forecast_error,solar_id_forecast_error_mw,False,too_correlated_with_kept_feature,solar_da_forecast_error_mw_lag_14d_same_local_qh,0.9611739976317973,0.031603183112434506,lagged_forecast_error,lagged_forecast_error,solar_id_forecast_error_mw,lagged_forecast_error,lagged_forecast_error,solar_id_forecast_error_mw,False,elasticnet_coefficients
solar_id_forecast_error_mw_rolling_mean_14d_same_local_qh,,,,,,,,,,False,True,kept,46650,0.5650709821212268,46435,lagged_forecast_error,lagged_forecast_error,solar_id_forecast_error_mw,False,too_correlated_with_kept_feature,solar_da_forecast_error_mw_rolling_mean_28d_same_local_qh,0.964117845921048,0.021754097920655496,lagged_forecast_error,lagged_forecast_error,solar_id_forecast_error_mw,lagged_forecast_error,lagged_forecast_error,solar_id_forecast_error_mw,False,elasticnet_coefficients
solar_id_forecast_error_mw_rolling_mean_28d_same_local_qh,,,,,,,,,,False,True,kept,46528,0.5635931973448326,46201,lagged_forecast_error,lagged_forecast_error,solar_id_forecast_error_mw,False,too_correlated_with_kept_feature,solar_da_forecast_error_mw_rolling_mean_28d_same_local_qh,0.9867836048902195,0.02241657110605003,lagged_forecast_error,lagged_forecast_error,solar_id_forecast_error_mw,lagged_forecast_error,lagged_forecast_error,solar_id_forecast_error_mw,False,elasticnet_coefficients
solar_id_forecast_error_mw_rolling_mean_3d_same_local_qh,,,,,,,,,,False,True,kept,43733,0.5297373903774407,43472,lagged_forecast_error,lagged_forecast_error,solar_id_forecast_error_mw,False,too_correlated_with_kept_feature,solar_id_forecast_error_mw_rolling_median_7d_same_local_qh,0.9361879065599072,0.017865490142052694,lagged_forecast_error,lagged_forecast_error,solar_id_forecast_error_mw,lagged_forecast_error,lagged_forecast_error,solar_id_forecast_error_mw,False,elasticnet_coefficients
solar_id_forecast_error_mw_rolling_mean_7d_same_local_qh,,,,,,,,,,False,True,kept,46247,0.5601894471631378,45957,lagged_forecast_error,lagged_forecast_error,solar_id_forecast_error_mw,False,too_correlated_with_kept_feature,solar_id_forecast_error_mw_rolling_median_7d_same_local_qh,0.9774468513114505,0.01738676818723511,lagged_forecast_error,lagged_forecast_error,solar_id_forecast_error_mw,lagged_forecast_error,lagged_forecast_error,solar_id_forecast_error_mw,False,elasticnet_coefficients
solar_id_forecast_error_mw_rolling_median_14d_same_local_qh,,,,,,,,,,False,True,kept,46650,0.5650709821212268,26105,lagged_forecast_error,lagged_forecast_error,solar_id_forecast_error_mw,False,too_correlated_with_kept_feature,solar_da_forecast_error_mw_rolling_mean_28d_same_local_qh,0.9473960077243356,0.022760751824141064,lagged_forecast_error,lagged_forecast_error,solar_id_forecast_error_mw,lagged_forecast_error,lagged_forecast_error,solar_id_forecast_error_mw,False,elasticnet_coefficients
solar_id_forecast_error_mw_rolling_median_28d_same_local_qh,,,,,,,,,,False,True,kept,46528,0.5635931973448326,23299,lagged_forecast_error,lagged_forecast_error,solar_id_forecast_error_mw,False,too_correlated_with_kept_feature,solar_da_forecast_error_mw_rolling_mean_28d_same_local_qh,0.9742729696271311,0.022506968513423112,lagged_forecast_error,lagged_forecast_error,solar_id_forecast_error_mw,lagged_forecast_error,lagged_forecast_error,solar_id_forecast_error_mw,False,elasticnet_coefficients
solar_id_forecast_error_mw_rolling_median_3d_same_local_qh,,,,,,,,,,False,True,kept,43733,0.5297373903774407,29374,lagged_forecast_error,lagged_forecast_error,solar_id_forecast_error_mw,False,too_correlated_with_kept_feature,solar_id_forecast_error_mw_lag_2d_same_local_qh,0.9345914781924117,0.01965622514121868,lagged_forecast_error,lagged_forecast_error,solar_id_forecast_error_mw,lagged_forecast_error,lagged_forecast_error,solar_id_forecast_error_mw,False,elasticnet_coefficients
solar_id_forecast_error_mw_rolling_std_14d_same_local_qh,,,,,,,,,,False,True,kept,46650,0.5650709821212268,46512,lagged_forecast_error,lagged_forecast_error,solar_id_forecast_error_mw,False,too_correlated_with_kept_feature,solar_id_forecast_error_mw_rolling_std_7d_same_local_qh,0.9427159401373113,0.05052066118564678,lagged_forecast_error,lagged_forecast_error,solar_id_forecast_error_mw,lagged_forecast_error,lagged_forecast_error,solar_id_forecast_error_mw,False,elasticnet_coefficients
solar_id_forecast_error_mw_rolling_std_28d_same_local_qh,,,,,,,,,,False,True,kept,46528,0.5635931973448326,46224,lagged_forecast_error,lagged_forecast_error,solar_id_forecast_error_mw,False,too_correlated_with_kept_feature,solar_da_forecast_error_mw_rolling_std_14d_same_local_qh,0.9432728954899645,0.045791974454020376,lagged_forecast_error,lagged_forecast_error,solar_id_forecast_error_mw,lagged_forecast_error,lagged_forecast_error,solar_id_forecast_error_mw,False,elasticnet_coefficients
solar_id_forecast_error_mw_rolling_std_3d_same_local_qh,,,,,,,,,,False,True,kept,43733,0.5297373903774407,43599,lagged_forecast_error,lagged_forecast_error,solar_id_forecast_error_mw,False,too_correlated_with_kept_feature,solar_da_forecast_error_mw_rolling_std_3d_same_local_qh,0.9339919313321705,0.04479355717556959,lagged_forecast_error,lagged_forecast_error,solar_id_forecast_error_mw,lagged_forecast_error,lagged_forecast_error,solar_id_forecast_error_mw,False,elasticnet_coefficients
wind_offshore_forecast_da_mw_lag_1d_same_local_qh,,,,,,,,,,False,True,kept,82431,0.9984858762536944,77008,da_forecast,forecast_level,wind_offshore_forecast_da_mw,False,too_correlated_with_kept_feature,wind_offshore_forecast_id_mw_lag_1d_same_local_qh,0.9809164179987571,0.015223769695853234,da_forecast,forecast_level,wind_offshore_forecast_da_mw,da_forecast,forecast_level,wind_offshore_forecast_da_mw,False,elasticnet_coefficients
wind_offshore_forecast_id_mw_lag_14d_same_local_qh,,,,,,,,,,False,True,kept,79262,0.9600998110373564,74228,id_forecast,forecast_level,wind_offshore_forecast_id_mw,False,too_correlated_with_kept_feature,wind_offshore_forecast_da_mw_lag_14d_same_local_qh,0.9806914462860604,0.005599779002860702,id_forecast,forecast_level,wind_offshore_forecast_id_mw,id_forecast,forecast_level,wind_offshore_forecast_id_mw,False,elasticnet_coefficients
wind_offshore_forecast_id_mw_lag_2d_same_local_qh,,,,,,,,,,False,True,kept,82332,0.9972866902466204,76976,id_forecast,forecast_level,wind_offshore_forecast_id_mw,False,too_correlated_with_kept_feature,wind_offshore_forecast_da_mw_lag_2d_same_local_qh,0.9807179968357054,0.004777752872860313,id_forecast,forecast_level,wind_offshore_forecast_id_mw,id_forecast,forecast_level,wind_offshore_forecast_id_mw,False,elasticnet_coefficients
wind_offshore_forecast_id_mw_lag_7d_same_local_qh,,,,,,,,,,False,True,kept,80895,0.9798803236590921,75679,id_forecast,forecast_level,wind_offshore_forecast_id_mw,False,too_correlated_with_kept_feature,wind_offshore_forecast_da_mw_lag_7d_same_local_qh,0.981211333347783,0.011188318496977873,id_forecast,forecast_level,wind_offshore_forecast_id_mw,id_forecast,forecast_level,wind_offshore_forecast_id_mw,False,elasticnet_coefficients
wind_onshore_forecast_da_mw_lag_1d_same_local_qh,,,,,,,,,,False,True,kept,82439,0.998582780173458,81305,da_forecast,forecast_level,wind_onshore_forecast_da_mw,False,too_correlated_with_kept_feature,wind_total_forecast_id_mw_lag_1d_same_local_qh,0.979522031288364,0.01401262505421433,da_forecast,forecast_level,wind_onshore_forecast_da_mw,da_forecast,forecast_level,wind_onshore_forecast_da_mw,False,elasticnet_coefficients
wind_onshore_forecast_da_mw_lag_2d_same_local_qh,,,,,,,,,,False,True,kept,82343,0.9974199331362954,81202,da_forecast,forecast_level,wind_onshore_forecast_da_mw,False,too_correlated_with_kept_feature,wind_total_forecast_da_mw_lag_2d_same_local_qh,0.9873918456661388,0.009234513282995875,da_forecast,forecast_level,wind_onshore_forecast_da_mw,da_forecast,forecast_level,wind_onshore_forecast_da_mw,False,elasticnet_coefficients
wind_onshore_forecast_da_mw_lag_7d_same_local_qh,,,,,,,,,,False,True,kept,80903,0.9799772275788555,79764,da_forecast,forecast_level,wind_onshore_forecast_da_mw,False,too_correlated_with_kept_feature,wind_total_forecast_da_mw_lag_7d_same_local_qh,0.986685141696661,0.00965807773013266,da_forecast,forecast_level,wind_onshore_forecast_da_mw,da_forecast,forecast_level,wind_onshore_forecast_da_mw,False,elasticnet_coefficients
wind_onshore_forecast_id_mw_lag_14d_same_local_qh,,,,,,,,,,False,True,kept,79280,0.9603178448568245,78215,id_forecast,forecast_level,wind_onshore_forecast_id_mw,False,too_correlated_with_kept_feature,wind_onshore_forecast_da_mw_lag_14d_same_local_qh,0.9924276163222743,0.01901359265902822,id_forecast,forecast_level,wind_onshore_forecast_id_mw,id_forecast,forecast_level,wind_onshore_forecast_id_mw,False,elasticnet_coefficients
wind_onshore_forecast_id_mw_lag_1d_same_local_qh,,,,,,,,,,False,True,kept,82444,0.9986433451233102,81319,id_forecast,forecast_level,wind_onshore_forecast_id_mw,False,too_correlated_with_kept_feature,wind_total_forecast_id_mw_lag_1d_same_local_qh,0.9863596147190644,0.015475393671212196,id_forecast,forecast_level,wind_onshore_forecast_id_mw,id_forecast,forecast_level,wind_onshore_forecast_id_mw,False,elasticnet_coefficients
wind_onshore_forecast_id_mw_lag_2d_same_local_qh,,,,,,,,,,False,True,kept,82348,0.9974804980861476,81221,id_forecast,forecast_level,wind_onshore_forecast_id_mw,False,too_correlated_with_kept_feature,wind_total_forecast_da_mw_lag_2d_same_local_qh,0.9805451904048935,0.007567093911365605,id_forecast,forecast_level,wind_onshore_forecast_id_mw,id_forecast,forecast_level,wind_onshore_forecast_id_mw,False,elasticnet_coefficients
wind_onshore_forecast_id_mw_lag_7d_same_local_qh,,,,,,,,,,False,True,kept,80908,0.9800377925287078,79803,id_forecast,forecast_level,wind_onshore_forecast_id_mw,False,too_correlated_with_kept_feature,wind_total_forecast_da_mw_lag_7d_same_local_qh,0.9800513123624773,0.0090331814692505,id_forecast,forecast_level,wind_onshore_forecast_id_mw,id_forecast,forecast_level,wind_onshore_forecast_id_mw,False,elasticnet_coefficients
wind_onshore_forecast_revision_id_minus_da_mw_lag_14d_same_local_qh,,,,,,,,,,False,True,kept,79276,0.9602693928969427,76338,forecast_revision,forecast_revision,wind_onshore_forecast_revision_id_minus_da_mw,False,too_correlated_with_kept_feature,wind_total_forecast_revision_id_minus_da_mw_lag_14d_same_local_qh,0.9236877533520405,0.007062451224817013,forecast_revision,forecast_revision,wind_onshore_forecast_revision_id_minus_da_mw,forecast_revision,forecast_revision,wind_onshore_forecast_revision_id_minus_da_mw,False,elasticnet_coefficients
wind_onshore_forecast_revision_id_minus_da_mw_lag_2d_same_local_qh,,,,,,,,,,False,True,kept,82343,0.9974199331362954,79231,forecast_revision,forecast_revision,wind_onshore_forecast_revision_id_minus_da_mw,False,too_correlated_with_kept_feature,wind_total_forecast_revision_id_minus_da_mw_lag_2d_same_local_qh,0.9255755015191619,0.004940476963736751,forecast_revision,forecast_revision,wind_onshore_forecast_revision_id_minus_da_mw,forecast_revision,forecast_revision,wind_onshore_forecast_revision_id_minus_da_mw,False,elasticnet_coefficients
wind_onshore_id_forecast_error_mw_rolling_mean_28d_same_local_qh,,,,,,,,,,False,True,kept,79576,0.9639032898880759,79270,lagged_forecast_error,lagged_forecast_error,wind_onshore_id_forecast_error_mw,False,too_correlated_with_kept_feature,wind_onshore_da_forecast_error_mw_rolling_mean_28d_same_local_qh,0.9205764556430471,0.0066030084759440754,lagged_forecast_error,lagged_forecast_error,wind_onshore_id_forecast_error_mw,lagged_forecast_error,lagged_forecast_error,wind_onshore_id_forecast_error_mw,False,elasticnet_coefficients
wind_total_forecast_da_mw_lag_14d_same_local_qh,,,,,,,,,,False,True,kept,79280,0.9603178448568245,78681,da_forecast,forecast_level,wind_total_forecast_da_mw,False,too_correlated_with_kept_feature,wind_onshore_forecast_da_mw_lag_14d_same_local_qh,0.986598837056451,0.017847943836583304,da_forecast,forecast_level,wind_total_forecast_da_mw,da_forecast,forecast_level,wind_total_forecast_da_mw,False,elasticnet_coefficients
wind_total_forecast_da_mw_lag_1d_same_local_qh,,,,,,,,,,False,True,kept,82444,0.9986433451233102,81813,da_forecast,forecast_level,wind_total_forecast_da_mw,False,too_correlated_with_kept_feature,wind_total_forecast_id_mw_lag_1d_same_local_qh,0.9932668460462786,0.0167930601045791,da_forecast,forecast_level,wind_total_forecast_da_mw,da_forecast,forecast_level,wind_total_forecast_da_mw,False,elasticnet_coefficients
wind_total_forecast_id_mw_lag_14d_same_local_qh,,,,,,,,,,False,True,kept,79280,0.9603178448568245,78673,id_forecast,forecast_level,wind_total_forecast_id_mw,False,too_correlated_with_kept_feature,wind_onshore_forecast_da_mw_lag_14d_same_local_qh,0.9789841927029064,0.017079591976416595,id_forecast,forecast_level,wind_total_forecast_id_mw,id_forecast,forecast_level,wind_total_forecast_id_mw,False,elasticnet_coefficients
wind_total_forecast_id_mw_lag_2d_same_local_qh,,,,,,,,,,False,True,kept,82348,0.9974804980861476,81706,id_forecast,forecast_level,wind_total_forecast_id_mw,False,too_correlated_with_kept_feature,wind_total_forecast_da_mw_lag_2d_same_local_qh,0.9932170161405919,0.007737423364864138,id_forecast,forecast_level,wind_total_forecast_id_mw,id_forecast,forecast_level,wind_total_forecast_id_mw,False,elasticnet_coefficients
wind_total_forecast_id_mw_lag_7d_same_local_qh,,,,,,,,,,False,True,kept,80908,0.9800377925287078,80268,id_forecast,forecast_level,wind_total_forecast_id_mw,False,too_correlated_with_kept_feature,wind_total_forecast_da_mw_lag_7d_same_local_qh,0.9931791895520189,0.009953444736030029,id_forecast,forecast_level,wind_total_forecast_id_mw,id_forecast,forecast_level,wind_total_forecast_id_mw,False,elasticnet_coefficients
wind_total_forecast_revision_id_minus_da_mw_lag_1d_same_local_qh,,,,,,,,,,False,True,kept,82444,0.9986433451233102,80320,forecast_revision,forecast_revision,wind_total_forecast_revision_id_minus_da_mw,False,too_correlated_with_kept_feature,wind_onshore_forecast_revision_id_minus_da_mw_lag_1d_same_local_qh,0.9256789646038394,0.010835198416433836,forecast_revision,forecast_revision,wind_total_forecast_revision_id_minus_da_mw,forecast_revision,forecast_revision,wind_total_forecast_revision_id_minus_da_mw,False,elasticnet_coefficients
wind_total_forecast_revision_id_minus_da_mw_lag_7d_same_local_qh,,,,,,,,,,False,True,kept,80908,0.9800377925287078,78817,forecast_revision,forecast_revision,wind_total_forecast_revision_id_minus_da_mw,False,too_correlated_with_kept_feature,wind_onshore_forecast_revision_id_minus_da_mw_lag_7d_same_local_qh,0.9260227431699111,0.0018387688647885367,forecast_revision,forecast_revision,wind_total_forecast_revision_id_minus_da_mw,forecast_revision,forecast_revision,wind_total_forecast_revision_id_minus_da_mw,False,elasticnet_coefficients
