timestamp_utc,timestamp_local,date_local,hour_local,minute_local,quarter_hour_local,weekday_local,month_local,ida1_price_eur_mwh,da_price_eur_mwh,ida1_minus_da_spread_eur_mwh_rolling_median_28d_same_local_qh,ida1_minus_da_spread_eur_mwh_rolling_median_7d_same_local_qh,ida1_minus_da_spread_eur_mwh_lag_1d_same_local_qh,ida1_minus_da_spread_eur_mwh_rolling_mean_14d_same_local_qh,wind_onshore_da_forecast_error_mw_lag_1d_same_local_qh,wind_total_forecast_revision_id_minus_da_mw_rolling_std_3d_same_local_qh,wind_total_forecast_id_mw_lag_1d_same_local_qh,ida1_minus_da_spread_eur_mwh
2026-05-13 12:00:00+00:00,2026-05-13 14:00:00+02:00,2026-05-13,14,0,0,2,5,67.63,66.8,7.31,8.579999999999998,5.890000000000001,15.08444444444445,4555.691869999999,765.6036567107103,24388.85341,0.8299999999999983
2026-05-13 12:15:00+00:00,2026-05-13 14:15:00+02:00,2026-05-13,14,15,1,2,5,68.83,66.8,6.069999999999993,6.069999999999993,3.620000000000001,17.040000000000006,4440.54305,719.2287158883355,24624.189039999997,2.030000000000001
2026-05-13 12:30:00+00:00,2026-05-13 14:30:00+02:00,2026-05-13,14,30,2,2,5,74.78,66.8,11.84,6.679999999999993,6.140000000000001,19.838888888888885,4138.145260000001,724.5555033046079,24802.88146,7.980000000000004
2026-05-13 12:45:00+00:00,2026-05-13 14:45:00+02:00,2026-05-13,14,45,3,2,5,70.45,66.8,13.41,11.25,9.990000000000002,22.64888888888889,3680.391489999998,740.5352456089585,24993.41728,3.6500000000000057
2026-05-13 13:00:00+00:00,2026-05-13 15:00:00+02:00,2026-05-13,15,0,0,2,5,70.96,79.32,0.37999999999999545,0.46999999999999886,-0.0800000000000054,2.0844444444444457,3788.4825699999965,743.2836613025688,25091.845830000002,-8.36
2026-05-13 13:15:00+00:00,2026-05-13 15:15:00+02:00,2026-05-13,15,15,1,2,5,79.19,79.32,5.16,5.28,6.869999999999997,7.687777777777779,3603.8704199999993,737.2095215614934,25307.75679,-0.12999999999999545
2026-05-13 13:30:00+00:00,2026-05-13 15:30:00+02:00,2026-05-13,15,30,2,2,5,83.41,79.32,7.959999999999999,5.87,13.949999999999996,11.97888888888889,3644.5750399999997,736.7694862599545,25536.567339999998,4.090000000000003
2026-05-13 13:45:00+00:00,2026-05-13 15:45:00+02:00,2026-05-13,15,45,3,2,5,88.28,79.32,17.870000000000005,6.700000000000003,21.059999999999995,15.886666666666665,2951.0862899999993,717.7461024391409,25709.07823,8.960000000000008
2026-05-13 14:00:00+00:00,2026-05-13 16:00:00+02:00,2026-05-13,16,0,0,2,5,78.32,91.01,-8.59,-2.0600000000000023,-2.0600000000000023,-5.13777777777778,2334.8036699999975,715.916598208446,25949.553269999997,-12.690000000000012
2026-05-13 14:15:00+00:00,2026-05-13 16:15:00+02:00,2026-05-13,16,15,1,2,5,90.0,91.01,-0.9699999999999989,-2.1499999999999915,13.230000000000004,0.08777777777777847,1904.6448400000008,691.1851711618746,26056.20602,-1.0100000000000051
2026-05-13 14:30:00+00:00,2026-05-13 16:30:00+02:00,2026-05-13,16,30,2,2,5,97.51,91.01,5.32,3.990000000000009,28.480000000000004,9.589999999999996,1210.7359199999992,722.5652214190039,26145.29519,6.5
2026-05-13 14:45:00+00:00,2026-05-13 16:45:00+02:00,2026-05-13,16,45,3,2,5,108.71,91.01,12.540000000000006,12.540000000000006,33.58,20.686666666666667,256.7869299999984,808.213435447065,26194.419090000003,17.69999999999999
2026-05-13 15:00:00+00:00,2026-05-13 17:00:00+02:00,2026-05-13,17,0,0,2,5,97.89,111.65,-26.98,-15.709999999999994,-15.709999999999994,-24.96111111111111,-658.6356899999992,954.7123872336296,26201.675539999997,-13.760000000000005
2026-05-13 15:15:00+00:00,2026-05-13 17:15:00+02:00,2026-05-13,17,15,1,2,5,110.99,111.65,-10.39,-6.309999999999995,1.4399999999999977,-7.155555555555561,-1304.3647799999999,1037.2248179371659,26029.06718,-0.6600000000000108
2026-05-13 15:30:00+00:00,2026-05-13 17:30:00+02:00,2026-05-13,17,30,2,2,5,123.06,111.65,10.719999999999985,11.040000000000006,11.040000000000006,9.773333333333325,-1454.3346700000002,1137.2593592029054,25829.242230000003,11.409999999999997
2026-05-13 15:45:00+00:00,2026-05-13 17:45:00+02:00,2026-05-13,17,45,3,2,5,132.06,111.65,25.849999999999998,24.040000000000006,24.040000000000006,35.01555555555556,-1572.0344299999997,1269.4477133690868,25464.153739999998,20.409999999999997
2026-05-13 16:00:00+00:00,2026-05-13 18:00:00+02:00,2026-05-13,18,0,0,2,5,114.39,133.28,-17.019999999999996,-16.14,-16.14,-25.781111111111105,-1714.8356399999975,1425.3124677841915,24978.88467,-18.89
2026-05-13 16:15:00+00:00,2026-05-13 18:15:00+02:00,2026-05-13,18,15,1,2,5,128.93,133.28,-4.939999999999998,-4.140000000000001,-4.140000000000001,-5.464444444444441,-1912.7640200000023,1603.393630903862,24396.94636,-4.349999999999994
2026-05-13 16:30:00+00:00,2026-05-13 18:30:00+02:00,2026-05-13,18,30,2,2,5,138.11,133.28,8.129999999999995,3.1400000000000006,6.409999999999997,9.913333333333334,-2285.9324300000007,1769.317480048003,23780.18278,4.8300000000000125
2026-05-13 16:45:00+00:00,2026-05-13 18:45:00+02:00,2026-05-13,18,45,3,2,5,150.58,133.28,15.590000000000003,14.849999999999994,15.310000000000002,22.03666666666667,-2769.0433999999987,1865.357701285866,23199.92925,17.30000000000001
2026-05-13 17:00:00+00:00,2026-05-13 19:00:00+02:00,2026-05-13,19,0,0,2,5,134.57,152.95,-20.0,-14.98999999999998,-14.98999999999998,-21.625555555555554,-2825.88235,2023.3914370912032,22507.56299,-18.379999999999995
2026-05-13 17:15:00+00:00,2026-05-13 19:15:00+02:00,2026-05-13,19,15,1,2,5,145.99,152.95,-7.590000000000003,-7.579999999999984,-7.579999999999984,-12.220000000000004,-2767.916289999999,2026.1787017382237,21779.29486,-6.9599999999999795
2026-05-13 17:30:00+00:00,2026-05-13 19:30:00+02:00,2026-05-13,19,30,2,2,5,153.1,152.95,2.4399999999999977,-0.4300000000000068,1.3300000000000125,5.256666666666661,-2644.0108499999988,2038.890074840899,21058.35215,0.15000000000000568
2026-05-13 17:45:00+00:00,2026-05-13 19:45:00+02:00,2026-05-13,19,45,3,2,5,174.34,152.95,15.400000000000006,8.519999999999982,15.400000000000006,28.041111111111107,-2779.6884100000007,2029.5583397835737,20459.96793,21.390000000000015
2026-05-13 18:00:00+00:00,2026-05-13 20:00:00+02:00,2026-05-13,20,0,0,2,5,164.1,172.78,-1.509999999999991,-4.840000000000018,-3.490000000000009,2.4888888888888974,-2663.042020000001,2029.0475059037103,19893.07049,-8.680000000000007
2026-05-13 18:15:00+00:00,2026-05-13 20:15:00+02:00,2026-05-13,20,15,1,2,5,167.81,172.78,-3.0600000000000165,-3.0600000000000165,-0.04999999999998295,3.25111111111111,-2286.7427400000015,1963.2035883870876,19462.81774,-4.969999999999999
2026-05-13 18:30:00+00:00,2026-05-13 20:30:00+02:00,2026-05-13,20,30,2,2,5,174.21,172.78,-1.25,-1.410000000000025,2.6200000000000045,3.110000000000001,-1815.2503499999984,1898.1984688349394,19266.62992,1.4300000000000068
2026-05-13 18:45:00+00:00,2026-05-13 20:45:00+02:00,2026-05-13,20,45,3,2,5,173.84,172.78,-5.390000000000015,-1.2600000000000193,1.0300000000000011,-2.5377777777777815,-1322.5301800000016,1838.5114848126925,19108.37713,1.0600000000000023
2026-05-13 19:00:00+00:00,2026-05-13 21:00:00+02:00,2026-05-13,21,0,0,2,5,179.99,157.63,10.340000000000003,8.710000000000008,10.0,17.729999999999993,-1020.0043000000005,1771.1378143417958,19030.26469,22.360000000000014
2026-05-13 19:15:00+00:00,2026-05-13 21:15:00+02:00,2026-05-13,21,15,1,2,5,163.29,157.63,0.12000000000000455,2.6599999999999966,2.6599999999999966,2.589999999999991,-919.5059600000004,1654.768032221193,19042.091529999998,5.659999999999997
2026-05-13 19:30:00+00:00,2026-05-13 21:30:00+02:00,2026-05-13,21,30,2,2,5,152.73,157.63,-6.329999999999998,-5.930000000000007,-5.939999999999998,-8.423333333333337,-616.1920900000005,1518.2349939129729,19047.82507,-4.900000000000006
2026-05-13 19:45:00+00:00,2026-05-13 21:45:00+02:00,2026-05-13,21,45,3,2,5,144.6,157.63,-13.980000000000018,-13.900000000000006,-13.980000000000018,-17.33555555555556,-482.70110999999997,1372.0899476011452,19044.44521,-13.030000000000001
2026-05-13 20:00:00+00:00,2026-05-13 22:00:00+02:00,2026-05-13,22,0,0,2,5,152.19,140.42,6.5,8.419999999999987,5.199999999999989,9.25333333333333,-188.5027599999994,1295.4863019947222,19054.73445,11.77000000000001
2026-05-13 20:15:00+00:00,2026-05-13 22:15:00+02:00,2026-05-13,22,15,1,2,5,145.0,140.42,-0.2300000000000182,1.8700000000000045,-0.2300000000000182,1.0499999999999972,18.9706299999998,1283.362064546491,19323.30205,4.5800000000000125
2026-05-13 20:30:00+00:00,2026-05-13 22:30:00+02:00,2026-05-13,22,30,2,2,5,136.38,140.42,-3.0,-2.049999999999983,-1.6400000000000148,-3.633333333333335,621.7828899999986,1273.374099230577,19599.85121,-4.039999999999992
2026-05-13 20:45:00+00:00,2026-05-13 22:45:00+02:00,2026-05-13,22,45,3,2,5,131.27,140.42,-11.090000000000003,-7.47999999999999,-7.010000000000005,-9.293333333333338,500.4935399999995,1295.1041310181065,19956.08583,-9.149999999999977
2026-05-13 21:00:00+00:00,2026-05-13 23:00:00+02:00,2026-05-13,23,0,0,2,5,128.97,123.87,6.13000000000001,6.460000000000008,6.150000000000006,6.302222222222225,320.14921999999933,1339.1539514728863,20322.60584,5.099999999999994
2026-05-13 21:15:00+00:00,2026-05-13 23:15:00+02:00,2026-05-13,23,15,1,2,5,126.18,123.87,-0.09999999999999432,2.719999999999999,-0.09999999999999432,1.385555555555557,355.72063999999955,1412.1657127206308,20711.701129999998,2.3100000000000023
2026-05-13 21:30:00+00:00,2026-05-13 23:30:00+02:00,2026-05-13,23,30,2,2,5,119.5,123.87,-2.8700000000000045,0.14999999999999147,-2.510000000000005,-1.5144444444444487,315.65409,1477.953065749116,21106.71993,-4.3700000000000045
2026-05-13 21:45:00+00:00,2026-05-13 23:45:00+02:00,2026-05-13,23,45,3,2,5,120.39,123.87,-7.909999999999997,-6.260000000000005,-12.25,-7.949999999999999,326.2852500000008,1530.392084145372,21507.764580000003,-3.480000000000004
2026-05-14 22:00:00+00:00,2026-05-15 00:00:00+02:00,2026-05-15,0,0,0,4,5,143.08,133.05,6.310000000000002,8.870000000000005,,7.836250000000005,,226.52469715490594,14185.57621,10.030000000000001
2026-05-14 22:15:00+00:00,2026-05-15 00:15:00+02:00,2026-05-15,0,15,1,4,5,137.0,133.05,1.25,0.13000000000000966,,0.8537500000000051,,340.70105344961917,14515.691,3.9499999999999886
2026-05-14 22:30:00+00:00,2026-05-15 00:30:00+02:00,2026-05-15,0,30,2,4,5,136.29,133.05,-1.2600000000000051,-2.480000000000004,,-2.01375,,370.2622778532642,14576.54596,3.2399999999999807
2026-05-14 22:45:00+00:00,2026-05-15 00:45:00+02:00,2026-05-15,0,45,3,4,5,131.65,133.05,-3.8599999999999994,-9.469999999999999,,-4.819999999999991,,398.9554143468663,14461.36716,-1.4000000000000057
2026-05-14 23:00:00+00:00,2026-05-15 01:00:00+02:00,2026-05-15,1,0,0,4,5,136.99,128.49,1.8499999999999943,3.680000000000007,,4.963750000000001,,287.3414102296716,14529.29032,8.5
2026-05-14 23:15:00+00:00,2026-05-15 01:15:00+02:00,2026-05-15,1,15,1,4,5,131.66,128.49,-0.10999999999999943,-0.04999999999999716,,1.6599999999999981,,435.29959977538994,14869.95687,3.1699999999999875
2026-05-14 23:30:00+00:00,2026-05-15 01:30:00+02:00,2026-05-15,1,30,2,4,5,132.34,128.49,-0.7999999999999972,-1.1999999999999886,,0.6862499999999994,,550.861441400564,14856.44654,3.8499999999999943
2026-05-14 23:45:00+00:00,2026-05-15 01:45:00+02:00,2026-05-15,1,45,3,4,5,132.0,128.49,-1.7800000000000011,-2.989999999999995,,-1.5950000000000006,,454.9367509429601,15001.28385,3.509999999999991
2026-05-15 00:00:00+00:00,2026-05-15 02:00:00+02:00,2026-05-15,2,0,0,4,5,132.63,122.11,0.9399999999999977,-1.1700000000000017,,1.5699999999999967,,276.56010179769237,15196.4133,10.519999999999996
2026-05-15 00:15:00+00:00,2026-05-15 02:15:00+02:00,2026-05-15,2,15,1,4,5,131.34,122.11,-1.0700000000000074,-1.460000000000008,,1.4574999999999967,,252.18463824416963,15290.62719,9.230000000000004
2026-05-15 00:30:00+00:00,2026-05-15 02:30:00+02:00,2026-05-15,2,30,2,4,5,129.19,122.11,0.0899999999999892,-0.4200000000000017,,1.5387499999999936,,301.59894900664057,15254.04409,7.079999999999998
2026-05-15 00:45:00+00:00,2026-05-15 02:45:00+02:00,2026-05-15,2,45,3,4,5,128.94,122.11,-1.0400000000000063,-1.8499999999999943,,0.5212499999999967,,320.05164354611793,15289.34951,6.829999999999998
2026-05-15 01:00:00+00:00,2026-05-15 03:00:00+02:00,2026-05-15,3,0,0,4,5,126.49,119.95,-0.7999999999999972,-2.8699999999999903,,1.1049999999999982,,214.3986201986004,15220.31146,6.539999999999992
2026-05-15 01:15:00+00:00,2026-05-15 03:15:00+02:00,2026-05-15,3,15,1,4,5,125.99,119.95,-0.6500000000000057,-2.3499999999999943,,1.234999999999998,,142.52724354076466,15156.27545,6.039999999999992
2026-05-15 01:30:00+00:00,2026-05-15 03:30:00+02:00,2026-05-15,3,30,2,4,5,125.6,119.95,-0.5600000000000023,-1.5400000000000063,,1.179999999999998,,119.71434127527267,15223.649249999999,5.6499999999999915
2026-05-15 01:45:00+00:00,2026-05-15 03:45:00+02:00,2026-05-15,3,45,3,4,5,125.19,119.95,-0.6299999999999955,-1.019999999999996,,0.9612499999999962,,139.64970279358894,15248.59467,5.239999999999995
2026-05-15 02:00:00+00:00,2026-05-15 04:00:00+02:00,2026-05-15,4,0,0,4,5,126.26,122.09,-3.75,-3.539999999999992,,-0.3637499999999996,,105.91324280532936,15134.472819999999,4.170000000000002
2026-05-15 02:15:00+00:00,2026-05-15 04:15:00+02:00,2026-05-15,4,15,1,4,5,125.08,122.09,-2.799999999999997,-2.339999999999989,,0.516250000000003,,272.9189340490032,14999.29796,2.989999999999995
2026-05-15 02:30:00+00:00,2026-05-15 04:30:00+02:00,2026-05-15,4,30,2,4,5,127.54,122.09,0.37000000000000455,0.37000000000000455,,2.1099999999999977,,301.4860355799434,15139.62848,5.450000000000003
2026-05-15 02:45:00+00:00,2026-05-15 04:45:00+02:00,2026-05-15,4,45,3,4,5,129.92,122.09,3.8700000000000045,2.0700000000000074,,3.9962500000000007,,402.913416212734,15197.408780000002,7.829999999999984
2026-05-15 03:00:00+00:00,2026-05-15 05:00:00+02:00,2026-05-15,5,0,0,4,5,126.34,127.27,-8.579999999999998,-9.209999999999994,,-4.428750000000001,,355.29489637903214,15178.962759999999,-0.9299999999999926
2026-05-15 03:15:00+00:00,2026-05-15 05:15:00+02:00,2026-05-15,5,15,1,4,5,127.13,127.27,-4.810000000000002,-5.849999999999994,,-1.53125,,433.74791302200197,14949.0734,-0.14000000000000057
2026-05-15 03:30:00+00:00,2026-05-15 05:30:00+02:00,2026-05-15,5,30,2,4,5,131.25,127.27,-1.3000000000000114,-1.3700000000000045,,2.8825000000000003,,445.7195241561224,14992.47502,3.980000000000004
2026-05-15 03:45:00+00:00,2026-05-15 05:45:00+02:00,2026-05-15,5,45,3,4,5,134.39,127.27,4.030000000000001,2.930000000000007,,6.526250000000001,,558.840364552119,15292.94225,7.11999999999999
2026-05-15 04:00:00+00:00,2026-05-15 06:00:00+02:00,2026-05-15,6,0,0,4,5,129.41,137.73,-12.039999999999992,-8.570000000000007,,-3.6425,,409.85998250987535,15486.03671,-8.319999999999993
2026-05-15 04:15:00+00:00,2026-05-15 06:15:00+02:00,2026-05-15,6,15,1,4,5,135.75,137.73,-3.299999999999983,-3.3999999999999915,,1.5637499999999953,,403.91126894084744,15457.83145,-1.9799999999999898
2026-05-15 04:30:00+00:00,2026-05-15 06:30:00+02:00,2026-05-15,6,30,2,4,5,137.44,137.73,-0.7599999999999909,-1.7999999999999972,,2.3437500000000053,,437.5952153527891,15341.576159999999,-0.28999999999999204
2026-05-15 04:45:00+00:00,2026-05-15 06:45:00+02:00,2026-05-15,6,45,3,4,5,136.72,137.73,3.3600000000000136,-1.0999999999999943,,1.0587499999999945,,508.4889826930094,15352.77979,-1.009999999999991
2026-05-15 05:00:00+00:00,2026-05-15 07:00:00+02:00,2026-05-15,7,0,0,4,5,140.35,134.86,9.530000000000001,5.030000000000001,,11.296250000000002,,538.3949774684819,15214.461589999999,5.489999999999981
2026-05-15 05:15:00+00:00,2026-05-15 07:15:00+02:00,2026-05-15,7,15,1,4,5,136.28,134.86,5.140000000000015,4.319999999999993,,6.315000000000003,,638.5227982965056,15150.03604,1.4199999999999875
2026-05-15 05:30:00+00:00,2026-05-15 07:30:00+02:00,2026-05-15,7,30,2,4,5,131.12,134.86,-0.8899999999999864,-0.35999999999999943,,0.13000000000000433,,571.7075477757326,14861.44969,-3.740000000000009
2026-05-15 05:45:00+00:00,2026-05-15 07:45:00+02:00,2026-05-15,7,45,3,4,5,116.37,134.86,-12.959999999999994,-9.36,,-10.378749999999998,,591.4839393857528,14697.7198,-18.49000000000001
2026-05-15 06:00:00+00:00,2026-05-15 08:00:00+02:00,2026-05-15,8,0,0,4,5,134.24,121.05,20.460000000000008,23.05000000000001,,23.791249999999994,,695.0226378720595,14549.418479999998,13.190000000000012
2026-05-15 06:15:00+00:00,2026-05-15 08:15:00+02:00,2026-05-15,8,15,1,4,5,125.74,121.05,9.460000000000008,13.060000000000002,,11.741249999999997,,802.9816806563439,14437.67397,4.689999999999998
2026-05-15 06:30:00+00:00,2026-05-15 08:30:00+02:00,2026-05-15,8,30,2,4,5,115.1,121.05,-3.609999999999985,-3.609999999999985,,-0.6387500000000008,,918.6551297869988,14483.064849999999,-5.950000000000003
2026-05-15 06:45:00+00:00,2026-05-15 08:45:00+02:00,2026-05-15,8,45,3,4,5,106.5,121.05,-21.44999999999999,-21.44999999999999,,-20.7725,,906.6315173038201,14502.392020000001,-14.549999999999997
2026-05-15 07:00:00+00:00,2026-05-15 09:00:00+02:00,2026-05-15,9,0,0,4,5,123.86,103.34,20.92,19.070000000000007,,22.33875,,927.4471172725148,14405.64511,20.519999999999996
2026-05-15 07:15:00+00:00,2026-05-15 09:15:00+02:00,2026-05-15,9,15,1,4,5,116.38,103.34,8.820000000000007,4.680000000000007,,8.66875,,941.1192429235738,14288.12829,13.039999999999992
2026-05-15 07:30:00+00:00,2026-05-15 09:30:00+02:00,2026-05-15,9,30,2,4,5,100.83,103.34,-6.030000000000001,-6.030000000000001,,-1.7387499999999978,,956.7384726606939,14171.641179999999,-2.510000000000005
2026-05-15 07:45:00+00:00,2026-05-15 09:45:00+02:00,2026-05-15,9,45,3,4,5,93.85,103.34,-18.72,-12.519999999999996,,-14.307500000000001,,944.8350872257572,14043.95846,-9.490000000000009
2026-05-15 08:00:00+00:00,2026-05-15 10:00:00+02:00,2026-05-15,10,0,0,4,5,91.37,80.68,17.89999999999999,14.549999999999997,,12.441250000000004,,931.0172638868794,13917.300220000001,10.689999999999998
2026-05-15 08:15:00+00:00,2026-05-15 10:15:00+02:00,2026-05-15,10,15,1,4,5,83.09,80.68,1.6700000000000017,4.279999999999999,,3.5862500000000006,,820.5873510255108,13744.66033,2.4099999999999966
2026-05-15 08:30:00+00:00,2026-05-15 10:30:00+02:00,2026-05-15,10,30,2,4,5,77.84,80.68,-2.6200000000000045,-2.5700000000000074,,-2.0749999999999953,,695.4196538383069,13562.734250000001,-2.8400000000000034
2026-05-15 08:45:00+00:00,2026-05-15 10:45:00+02:00,2026-05-15,10,45,3,4,5,66.73,80.68,-13.689999999999998,-5.62,,-4.983750000000005,,603.9128381213628,13402.52577,-13.950000000000003
2026-05-15 09:00:00+00:00,2026-05-15 11:00:00+02:00,2026-05-15,11,0,0,4,5,76.0,64.65,7.430000000000007,7.430000000000007,,11.295,,496.15687619077084,13194.08769,11.349999999999994
2026-05-15 09:15:00+00:00,2026-05-15 11:15:00+02:00,2026-05-15,11,15,1,4,5,66.89,64.65,5.67,6.48,,7.872499999999992,,410.68046207877893,13012.51027,2.239999999999995
2026-05-15 09:30:00+00:00,2026-05-15 11:30:00+02:00,2026-05-15,11,30,2,4,5,51.99,64.65,3.25,5.75,,6.691249999999995,,337.95144411938077,12836.59282,-12.660000000000004
2026-05-15 09:45:00+00:00,2026-05-15 11:45:00+02:00,2026-05-15,11,45,3,4,5,43.3,64.65,-0.7599999999999909,3.3000000000000043,,4.044999999999998,,296.2692327858496,12668.94675,-21.35000000000001
2026-05-15 10:00:00+00:00,2026-05-15 12:00:00+02:00,2026-05-15,12,0,0,4,5,60.74,53.53,13.38,13.38,,15.04,,249.06890579423975,12511.07519,7.210000000000001
2026-05-15 10:15:00+00:00,2026-05-15 12:15:00+02:00,2026-05-15,12,15,1,4,5,52.96,53.53,8.34,7.909999999999997,,11.589999999999993,,209.94110051315,12370.72212,-0.5700000000000003
2026-05-15 10:30:00+00:00,2026-05-15 12:30:00+02:00,2026-05-15,12,30,2,4,5,42.51,53.53,5.709999999999994,3.299999999999997,,10.437499999999998,,165.93804070258528,12238.54741,-11.020000000000003
2026-05-15 10:45:00+00:00,2026-05-15 12:45:00+02:00,2026-05-15,12,45,3,4,5,35.23,53.53,2.25,4.289999999999999,,8.063750000000004,,118.9724983067158,12096.40603,-18.300000000000004
2026-05-15 11:00:00+00:00,2026-05-15 13:00:00+02:00,2026-05-15,13,0,0,4,5,45.03,42.78,12.509999999999998,6.84,,19.977499999999996,,71.11428322434081,11942.75447,2.25
2026-05-15 11:15:00+00:00,2026-05-15 13:15:00+02:00,2026-05-15,13,15,1,4,5,35.7,42.78,6.090000000000002,4.809999999999999,,17.993750000000002,,94.56302649023107,11796.80605,-7.079999999999998
2026-05-15 11:30:00+00:00,2026-05-15 13:30:00+02:00,2026-05-15,13,30,2,4,5,32.94,42.78,4.090000000000003,4.090000000000003,,17.078750000000007,,199.20747948663896,11636.789,-9.840000000000003
2026-05-15 11:45:00+00:00,2026-05-15 13:45:00+02:00,2026-05-15,13,45,3,4,5,27.53,42.78,2.5600000000000023,2.8400000000000034,,15.627500000000008,,306.0502228217011,11511.04985,-15.25
2026-05-15 12:00:00+00:00,2026-05-15 14:00:00+02:00,2026-05-15,14,0,0,4,5,30.16,43.11,7.31,5.890000000000001,,13.617500000000003,,1115.8669379343562,11091.17564,-12.95
2026-05-15 12:15:00+00:00,2026-05-15 14:15:00+02:00,2026-05-15,14,15,1,4,5,31.11,43.11,6.069999999999993,3.620000000000001,,13.987500000000006,,1171.0728301675329,10985.35172,-12.0
2026-05-15 12:30:00+00:00,2026-05-15 14:30:00+02:00,2026-05-15,14,30,2,4,5,37.5,43.11,7.980000000000004,7.980000000000004,,16.994999999999997,,1216.3630361702446,10859.94082,-5.609999999999999
2026-05-15 12:45:00+00:00,2026-05-15 14:45:00+02:00,2026-05-15,14,45,3,4,5,42.05,43.11,11.25,9.990000000000002,,17.72875,,1257.7482660386597,10696.89406,-1.0600000000000023
2026-05-15 13:00:00+00:00,2026-05-15 15:00:00+02:00,2026-05-15,15,0,0,4,5,25.8,53.75,0.37999999999999545,-0.0800000000000054,,0.4100000000000015,,1273.0595017216992,10486.58092,-27.95
2026-05-15 13:15:00+00:00,2026-05-15 15:15:00+02:00,2026-05-15,15,15,1,4,5,40.33,53.75,5.16,5.28,,5.067500000000003,,1284.5338501793638,10237.62673,-13.420000000000002
2026-05-15 13:30:00+00:00,2026-05-15 15:30:00+02:00,2026-05-15,15,30,2,4,5,52.52,53.75,7.959999999999999,5.87,,10.061250000000001,,1302.645918952953,9996.01036,-1.2299999999999969
2026-05-15 13:45:00+00:00,2026-05-15 15:45:00+02:00,2026-05-15,15,45,3,4,5,67.11,53.75,17.509999999999998,8.960000000000008,,13.274999999999997,,1311.485269943474,9723.31896,13.36
2026-05-15 14:00:00+00:00,2026-05-15 16:00:00+02:00,2026-05-15,16,0,0,4,5,43.1,81.59,-8.59,-2.0600000000000023,,-7.305000000000003,,1327.0252114059408,9445.9033,-38.49
2026-05-15 14:15:00+00:00,2026-05-15 16:15:00+02:00,2026-05-15,16,15,1,4,5,63.76,81.59,-0.9699999999999989,-1.0100000000000051,,-1.5012499999999998,,1255.3395073638876,9112.05456,-17.830000000000005
2026-05-15 14:30:00+00:00,2026-05-15 16:30:00+02:00,2026-05-15,16,30,2,4,5,90.47,81.59,5.32,4.93,,9.736249999999997,,1165.3806336395146,8781.33281,8.879999999999995
2026-05-15 14:45:00+00:00,2026-05-15 16:45:00+02:00,2026-05-15,16,45,3,4,5,96.88,81.59,17.15,17.69999999999999,,22.665,,1081.2015685845217,8444.52341,15.289999999999992
2026-05-15 15:00:00+00:00,2026-05-15 17:00:00+02:00,2026-05-15,17,0,0,4,5,89.12,107.53,-26.98,-15.709999999999994,,-23.99,,1009.7061227175288,8129.241389999999,-18.409999999999997
2026-05-15 15:15:00+00:00,2026-05-15 17:15:00+02:00,2026-05-15,17,15,1,4,5,94.44,107.53,-6.759999999999991,-0.6600000000000108,,-3.207500000000007,,933.8401545869935,7827.863670000001,-13.090000000000003
2026-05-15 15:30:00+00:00,2026-05-15 17:30:00+02:00,2026-05-15,17,30,2,4,5,109.23,107.53,11.040000000000006,11.409999999999997,,13.624999999999991,,839.3224210469327,7555.32856,1.7000000000000028
2026-05-15 15:45:00+00:00,2026-05-15 17:45:00+02:00,2026-05-15,17,45,3,4,5,123.29,107.53,25.849999999999998,24.040000000000006,,29.568749999999998,,787.7035881302875,7257.8105,15.760000000000005
2026-05-15 16:00:00+00:00,2026-05-15 18:00:00+02:00,2026-05-15,18,0,0,4,5,111.38,126.02,-18.89,-16.14,,-17.96249999999999,,716.8165648871349,6951.69183,-14.64
2026-05-15 16:15:00+00:00,2026-05-15 18:15:00+02:00,2026-05-15,18,15,1,4,5,117.14,126.02,-4.75,-4.140000000000001,,-3.649999999999995,,699.2158422685147,6601.7970700000005,-8.879999999999995
2026-05-15 16:30:00+00:00,2026-05-15 18:30:00+02:00,2026-05-15,18,30,2,4,5,127.9,126.02,6.409999999999997,4.8300000000000125,,8.955,,669.2365639287091,6249.85507,1.8800000000000097
2026-05-15 16:45:00+00:00,2026-05-15 18:45:00+02:00,2026-05-15,18,45,3,4,5,131.31,126.02,15.590000000000003,15.310000000000002,,20.85,,577.782642862043,5894.38833,5.290000000000006
2026-05-15 17:00:00+00:00,2026-05-15 19:00:00+02:00,2026-05-15,19,0,0,4,5,129.3,140.34,-18.379999999999995,-14.98999999999998,,-19.518750000000004,,537.2358583299206,5560.82639,-11.039999999999992
2026-05-15 17:15:00+00:00,2026-05-15 19:15:00+02:00,2026-05-15,19,15,1,4,5,135.54,140.34,-7.579999999999984,-6.9599999999999795,,-10.42125,,510.1462662300967,5284.6679699999995,-4.800000000000011
2026-05-15 17:30:00+00:00,2026-05-15 19:30:00+02:00,2026-05-15,19,30,2,4,5,140.6,140.34,2.4399999999999977,0.15000000000000568,,7.453749999999996,,489.8983762041938,5010.9119,0.2599999999999909
2026-05-15 17:45:00+00:00,2026-05-15 19:45:00+02:00,2026-05-15,19,45,3,4,5,149.89,140.34,15.400000000000006,13.069999999999993,,27.181249999999995,,480.1721617664825,4759.8017199999995,9.549999999999983
2026-05-15 18:00:00+00:00,2026-05-15 20:00:00+02:00,2026-05-15,20,0,0,4,5,143.4,152.44,-1.7199999999999989,-4.840000000000018,,0.32125000000000803,,476.2553229136389,4516.83302,-9.039999999999992
2026-05-15 18:15:00+00:00,2026-05-15 20:15:00+02:00,2026-05-15,20,15,1,4,5,148.12,152.44,-3.0600000000000165,-3.0600000000000165,,1.5474999999999994,,449.1973221579705,4289.2824200000005,-4.319999999999993
2026-05-15 18:30:00+00:00,2026-05-15 20:30:00+02:00,2026-05-15,20,30,2,4,5,149.27,152.44,-0.3400000000000034,-1.25,,2.41,,443.1616418682423,4121.25435,-3.1699999999999875
2026-05-15 18:45:00+00:00,2026-05-15 20:45:00+02:00,2026-05-15,20,45,3,4,5,153.01,152.44,-5.109999999999985,-0.6100000000000136,,-2.108750000000004,,429.0395049097365,3953.6376600000003,0.5699999999999932
2026-05-15 19:00:00+00:00,2026-05-15 21:00:00+02:00,2026-05-15,21,0,0,4,5,159.77,153.22,10.340000000000003,10.0,,17.842499999999994,,390.9028534127993,3781.85795,6.550000000000011
2026-05-15 19:15:00+00:00,2026-05-15 21:15:00+02:00,2026-05-15,21,15,1,4,5,151.84,153.22,0.6800000000000068,2.6599999999999966,,4.839999999999991,,292.0265983878898,3649.95392,-1.3799999999999955
2026-05-15 19:30:00+00:00,2026-05-15 21:30:00+02:00,2026-05-15,21,30,2,4,5,144.45,153.22,-6.280000000000001,-5.930000000000007,,-6.132500000000004,,200.42351780021377,3554.34024,-8.77000000000001
2026-05-15 19:45:00+00:00,2026-05-15 21:45:00+02:00,2026-05-15,21,45,3,4,5,138.35,153.22,-13.900000000000006,-13.030000000000001,,-14.856250000000003,,153.07553704788967,3469.9957,-14.870000000000005
2026-05-15 20:00:00+00:00,2026-05-15 22:00:00+02:00,2026-05-15,22,0,0,4,5,152.76,142.64,6.5,8.419999999999987,,11.069999999999997,,160.93109513909909,3437.0215200000002,10.120000000000005
2026-05-15 20:15:00+00:00,2026-05-15 22:15:00+02:00,2026-05-15,22,15,1,4,5,146.53,142.64,1.8700000000000045,1.8700000000000045,,3.3024999999999984,,158.39550613562204,3421.0616600000003,3.890000000000015
2026-05-15 20:30:00+00:00,2026-05-15 22:30:00+02:00,2026-05-15,22,30,2,4,5,141.72,142.64,-3.0,-2.049999999999983,,-2.4749999999999996,,174.84331414229496,3412.31568,-0.9199999999999875
2026-05-15 20:45:00+00:00,2026-05-15 22:45:00+02:00,2026-05-15,22,45,3,4,5,135.06,142.64,-10.13000000000001,-7.47999999999999,,-8.5825,,219.63256015074901,3416.3482,-7.579999999999984
2026-05-15 21:00:00+00:00,2026-05-15 23:00:00+02:00,2026-05-15,23,0,0,4,5,142.21,133.56,5.609999999999999,6.150000000000006,,8.217500000000005,,303.1879610894841,3414.49098,8.650000000000006
2026-05-15 21:15:00+00:00,2026-05-15 23:15:00+02:00,2026-05-15,23,15,1,4,5,134.25,133.56,-0.09999999999999432,2.3100000000000023,,2.966250000000004,,396.68884810263944,3484.79716,0.6899999999999977
2026-05-15 21:30:00+00:00,2026-05-15 23:30:00+02:00,2026-05-15,23,30,2,4,5,131.24,133.56,-2.8700000000000045,-2.510000000000005,,-0.8675000000000033,,480.93949293539964,3557.46134,-2.319999999999993
2026-05-15 21:45:00+00:00,2026-05-15 23:45:00+02:00,2026-05-15,23,45,3,4,5,127.84,133.56,-7.430000000000007,-6.260000000000005,,-5.4399999999999995,,562.9157667652672,3633.10011,-5.719999999999999
2026-05-29 22:00:00+00:00,2026-05-30 00:00:00+02:00,2026-05-30,0,0,0,5,5,143.22,145.0,,,,,,745.722667231278,3009.1745600000004,-1.7800000000000011
2026-05-29 22:15:00+00:00,2026-05-30 00:15:00+02:00,2026-05-30,0,15,1,5,5,135.45,136.85,,,,,,839.5773129838784,3130.8999400000002,-1.4000000000000057
2026-05-29 22:30:00+00:00,2026-05-30 00:30:00+02:00,2026-05-30,0,30,2,5,5,130.01,132.43,,,,,,806.1756782260198,3244.30029,-2.420000000000016
2026-05-29 22:45:00+00:00,2026-05-30 00:45:00+02:00,2026-05-30,0,45,3,5,5,123.02,127.78,,,,,,741.7330651355147,3296.2099500000004,-4.760000000000005
2026-05-29 23:00:00+00:00,2026-05-30 01:00:00+02:00,2026-05-30,1,0,0,5,5,132.5,135.0,,,,,,738.0300187593798,3392.2637999999997,-2.5
2026-05-29 23:15:00+00:00,2026-05-30 01:15:00+02:00,2026-05-30,1,15,1,5,5,127.92,129.2,,,,,,786.6365586132777,3615.86971,-1.279999999999987
2026-05-29 23:30:00+00:00,2026-05-30 01:30:00+02:00,2026-05-30,1,30,2,5,5,126.38,126.54,,,,,,838.1431114648254,3743.87388,-0.1600000000000108
2026-05-29 23:45:00+00:00,2026-05-30 01:45:00+02:00,2026-05-30,1,45,3,5,5,125.2,124.67,,,,,,803.4593151197791,3915.1457,0.5300000000000011
2026-05-30 00:00:00+00:00,2026-05-30 02:00:00+02:00,2026-05-30,2,0,0,5,5,125.87,125.01,,,,,,751.1106424128783,4190.96703,0.8599999999999994
2026-05-30 00:15:00+00:00,2026-05-30 02:15:00+02:00,2026-05-30,2,15,1,5,5,123.59,123.65,,,,,,672.756102799926,4391.89295,-0.060000000000002274
2026-05-30 00:30:00+00:00,2026-05-30 02:30:00+02:00,2026-05-30,2,30,2,5,5,123.4,127.98,,,,,,550.3227130820757,4609.82297,-4.579999999999998
2026-05-30 00:45:00+00:00,2026-05-30 02:45:00+02:00,2026-05-30,2,45,3,5,5,119.89,126.77,,,,,,453.0111008604644,4861.949430000001,-6.8799999999999955
2026-05-30 01:00:00+00:00,2026-05-30 03:00:00+02:00,2026-05-30,3,0,0,5,5,121.92,125.8,,,,,,222.7739681910435,5323.72316,-3.8799999999999955
2026-05-30 01:15:00+00:00,2026-05-30 03:15:00+02:00,2026-05-30,3,15,1,5,5,119.11,123.6,,,,,,202.07160493698103,5583.1041000000005,-4.489999999999995
2026-05-30 01:30:00+00:00,2026-05-30 03:30:00+02:00,2026-05-30,3,30,2,5,5,119.88,123.82,,,,,,209.1730676268631,5865.76335,-3.9399999999999977
2026-05-30 01:45:00+00:00,2026-05-30 03:45:00+02:00,2026-05-30,3,45,3,5,5,119.84,122.0,,,,,,250.64003337617947,6132.869479999999,-2.1599999999999966
2026-05-30 02:00:00+00:00,2026-05-30 04:00:00+02:00,2026-05-30,4,0,0,5,5,122.4,122.77,,,,,,251.96866335247975,6439.603950000001,-0.36999999999999034
2026-05-30 02:15:00+00:00,2026-05-30 04:15:00+02:00,2026-05-30,4,15,1,5,5,124.31,123.34,,,,,,320.4588433493853,6754.697099999999,0.9699999999999989
2026-05-30 02:30:00+00:00,2026-05-30 04:30:00+02:00,2026-05-30,4,30,2,5,5,126.36,124.7,,,,,,319.9057478678622,7051.79581,1.6599999999999966
2026-05-30 02:45:00+00:00,2026-05-30 04:45:00+02:00,2026-05-30,4,45,3,5,5,126.99,128.07,,,,,,265.74559250013505,7514.69311,-1.0799999999999983
2026-05-30 03:00:00+00:00,2026-05-30 05:00:00+02:00,2026-05-30,5,0,0,5,5,127.26,128.62,,,,,,256.46220478644176,7804.01749,-1.3599999999999994
2026-05-30 03:15:00+00:00,2026-05-30 05:15:00+02:00,2026-05-30,5,15,1,5,5,125.9,125.87,,,,,,200.88286177282447,8214.79005,0.030000000000001137
2026-05-30 03:30:00+00:00,2026-05-30 05:30:00+02:00,2026-05-30,5,30,2,5,5,125.6,124.0,,,,,,143.39580760176457,8539.37832,1.5999999999999943
2026-05-30 03:45:00+00:00,2026-05-30 05:45:00+02:00,2026-05-30,5,45,3,5,5,125.24,120.55,,,,,,79.0212600265849,8862.57131,4.689999999999998
2026-05-30 04:00:00+00:00,2026-05-30 06:00:00+02:00,2026-05-30,6,0,0,5,5,124.36,123.2,,,,,,87.13239678474935,9188.52321,1.1599999999999966
2026-05-30 04:15:00+00:00,2026-05-30 06:15:00+02:00,2026-05-30,6,15,1,5,5,119.94,121.7,,,,,,20.166245598988752,9267.58854,-1.7600000000000051
2026-05-30 04:30:00+00:00,2026-05-30 06:30:00+02:00,2026-05-30,6,30,2,5,5,114.72,116.6,,,,,,159.23061718092228,9469.29038,-1.8799999999999955
2026-05-30 04:45:00+00:00,2026-05-30 06:45:00+02:00,2026-05-30,6,45,3,5,5,111.33,112.47,,,,,,167.20593466154008,9700.16856,-1.1400000000000006
2026-05-30 05:00:00+00:00,2026-05-30 07:00:00+02:00,2026-05-30,7,0,0,5,5,117.23,120.53,,,,,,298.50967263384615,9804.78418,-3.299999999999997
2026-05-30 05:15:00+00:00,2026-05-30 07:15:00+02:00,2026-05-30,7,15,1,5,5,112.03,110.13,,,,,,342.49387951683946,9672.58193,1.9000000000000057
2026-05-30 05:30:00+00:00,2026-05-30 07:30:00+02:00,2026-05-30,7,30,2,5,5,107.4,108.48,,,,,,432.45708582327126,9589.43298,-1.0799999999999983
2026-05-30 05:45:00+00:00,2026-05-30 07:45:00+02:00,2026-05-30,7,45,3,5,5,99.22,98.38,,,,,,429.0601829506365,9484.47942,0.8400000000000034
2026-05-30 06:00:00+00:00,2026-05-30 08:00:00+02:00,2026-05-30,8,0,0,5,5,112.15,110.0,,,,,,451.27295061703023,9284.10948,2.1500000000000057
2026-05-30 06:15:00+00:00,2026-05-30 08:15:00+02:00,2026-05-30,8,15,1,5,5,101.67,92.49,,,,,,408.0678099258536,8895.53223,9.180000000000007
2026-05-30 06:30:00+00:00,2026-05-30 08:30:00+02:00,2026-05-30,8,30,2,5,5,87.72,72.29,,,,,,360.87895385167184,8453.421839999999,15.429999999999993
2026-05-30 06:45:00+00:00,2026-05-30 08:45:00+02:00,2026-05-30,8,45,3,5,5,61.23,56.27,,,,,,307.25531050855295,8018.169040000001,4.959999999999994
2026-05-30 07:00:00+00:00,2026-05-30 09:00:00+02:00,2026-05-30,9,0,0,5,5,74.58,75.59,,,,,,289.4571821209009,7606.55482,-1.0100000000000051
2026-05-30 07:15:00+00:00,2026-05-30 09:15:00+02:00,2026-05-30,9,15,1,5,5,43.26,53.4,,,,,,295.48198245510093,7467.795319999999,-10.14
2026-05-30 07:30:00+00:00,2026-05-30 09:30:00+02:00,2026-05-30,9,30,2,5,5,23.58,16.59,,,,,,279.166674467993,7317.86569,6.989999999999998
2026-05-30 07:45:00+00:00,2026-05-30 09:45:00+02:00,2026-05-30,9,45,3,5,5,13.69,15.4,,,,,,275.76193039621415,7172.5553,-1.7100000000000009
2026-05-30 08:00:00+00:00,2026-05-30 10:00:00+02:00,2026-05-30,10,0,0,5,5,23.0,19.8,,,,,,403.3636616361371,7024.76132,3.1999999999999993
2026-05-30 08:15:00+00:00,2026-05-30 10:15:00+02:00,2026-05-30,10,15,1,5,5,13.61,1.75,,,,,,423.17682188871174,6913.06726,11.86
2026-05-30 08:30:00+00:00,2026-05-30 10:30:00+02:00,2026-05-30,10,30,2,5,5,1.95,4.01,,,,,,471.3491390074099,6786.4937,-2.0599999999999996
2026-05-30 08:45:00+00:00,2026-05-30 10:45:00+02:00,2026-05-30,10,45,3,5,5,1.0,-5.7,,,,,,424.8799147233498,6401.489369999999,6.7
2026-05-30 09:00:00+00:00,2026-05-30 11:00:00+02:00,2026-05-30,11,0,0,5,5,1.0,2.21,,,,,,483.89149279597217,6249.52109,-1.21
2026-05-30 09:15:00+00:00,2026-05-30 11:15:00+02:00,2026-05-30,11,15,1,5,5,0.0,2.59,,,,,,469.3775367808255,6017.213610000001,-2.59
2026-05-30 09:30:00+00:00,2026-05-30 11:30:00+02:00,2026-05-30,11,30,2,5,5,1.0,-0.01,,,,,,425.57990187611387,5779.45079,1.01
2026-05-30 09:45:00+00:00,2026-05-30 11:45:00+02:00,2026-05-30,11,45,3,5,5,0.84,-6.3,,,,,,403.9820463651189,5558.5248599999995,7.14
2026-05-30 10:00:00+00:00,2026-05-30 12:00:00+02:00,2026-05-30,12,0,0,5,5,0.0,4.3,,,,,,385.93175271828784,5395.68134,-4.3
2026-05-30 10:15:00+00:00,2026-05-30 12:15:00+02:00,2026-05-30,12,15,1,5,5,0.0,-4.61,,,,,,357.3154161460368,5294.183279999999,4.61
2026-05-30 10:30:00+00:00,2026-05-30 12:30:00+02:00,2026-05-30,12,30,2,5,5,0.0,-7.33,,,,,,315.18462375799095,5186.00524,7.33
2026-05-30 10:45:00+00:00,2026-05-30 12:45:00+02:00,2026-05-30,12,45,3,5,5,0.0,-10.17,,,,,,262.0012188554371,5078.50513,10.17
2026-05-30 11:00:00+00:00,2026-05-30 13:00:00+02:00,2026-05-30,13,0,0,5,5,0.0,-6.6,,,,,,244.36661065759978,4985.755359999999,6.6
2026-05-30 11:15:00+00:00,2026-05-30 13:15:00+02:00,2026-05-30,13,15,1,5,5,0.0,-11.03,,,,,,247.93344100870823,4867.13105,11.03
2026-05-30 11:30:00+00:00,2026-05-30 13:30:00+02:00,2026-05-30,13,30,2,5,5,0.0,-1.44,,,,,,235.62206010000386,4735.420529999999,1.44
2026-05-30 11:45:00+00:00,2026-05-30 13:45:00+02:00,2026-05-30,13,45,3,5,5,0.0,-2.03,,,,,,239.2242281316373,4624.76986,2.03
2026-05-30 12:00:00+00:00,2026-05-30 14:00:00+02:00,2026-05-30,14,0,0,5,5,0.0,-1.08,,,,,,217.18428397387163,4305.74935,1.08
2026-05-30 12:15:00+00:00,2026-05-30 14:15:00+02:00,2026-05-30,14,15,1,5,5,0.0,-9.42,,,,,,252.10158956549841,4270.55002,9.42
2026-05-30 12:30:00+00:00,2026-05-30 14:30:00+02:00,2026-05-30,14,30,2,5,5,0.0,-7.4,,,,,,225.84026438060383,4357.40849,7.4
2026-05-30 12:45:00+00:00,2026-05-30 14:45:00+02:00,2026-05-30,14,45,3,5,5,0.0,-0.2,,,,,,748.4835219897948,4470.432049999999,0.2
2026-05-30 13:00:00+00:00,2026-05-30 15:00:00+02:00,2026-05-30,15,0,0,5,5,0.0,-13.41,,,,,,202.9797937322979,4592.28341,13.41
2026-05-30 13:15:00+00:00,2026-05-30 15:15:00+02:00,2026-05-30,15,15,1,5,5,0.0,-5.92,,,,,,308.60765914133276,4769.0405599999995,5.92
2026-05-30 13:30:00+00:00,2026-05-30 15:30:00+02:00,2026-05-30,15,30,2,5,5,0.37,2.07,,,,,,473.4603882264764,5033.33779,-1.6999999999999997
2026-05-30 13:45:00+00:00,2026-05-30 15:45:00+02:00,2026-05-30,15,45,3,5,5,-0.01,5.0,,,,,,514.437558103565,5246.82091,-5.01
2026-05-30 14:00:00+00:00,2026-05-30 16:00:00+02:00,2026-05-30,16,0,0,5,5,-1.31,-8.5,,,,,,540.403101319625,5476.28642,7.1899999999999995
2026-05-30 14:15:00+00:00,2026-05-30 16:15:00+02:00,2026-05-30,16,15,1,5,5,4.87,0.47,,,,,,554.8597392332082,5581.0149,4.4
2026-05-30 14:30:00+00:00,2026-05-30 16:30:00+02:00,2026-05-30,16,30,2,5,5,6.76,9.43,,,,,,528.6742444915083,5603.257600000001,-2.67
2026-05-30 14:45:00+00:00,2026-05-30 16:45:00+02:00,2026-05-30,16,45,3,5,5,18.52,11.52,,,,,,490.10015844528976,5575.40652,7.0
2026-05-30 15:00:00+00:00,2026-05-30 17:00:00+02:00,2026-05-30,17,0,0,5,5,11.62,8.44,,,,,,425.3485704850546,5563.21132,3.1799999999999997
2026-05-30 15:15:00+00:00,2026-05-30 17:15:00+02:00,2026-05-30,17,15,1,5,5,47.92,49.08,,,,,,363.14849552550766,5760.87756,-1.1599999999999966
2026-05-30 15:30:00+00:00,2026-05-30 17:30:00+02:00,2026-05-30,17,30,2,5,5,84.55,87.48,,,,,,306.4417141834811,5970.062989999999,-2.930000000000007
2026-05-30 15:45:00+00:00,2026-05-30 17:45:00+02:00,2026-05-30,17,45,3,5,5,94.1,89.99,,,,,,248.14194313062293,6190.00255,4.109999999999999
2026-05-30 16:00:00+00:00,2026-05-30 18:00:00+02:00,2026-05-30,18,0,0,5,5,81.98,82.2,,,,,,200.1500616867211,6391.719709999999,-0.21999999999999886
2026-05-30 16:15:00+00:00,2026-05-30 18:15:00+02:00,2026-05-30,18,15,1,5,5,96.9,102.19,,,,,,189.630726591286,6433.2728,-5.289999999999992
2026-05-30 16:30:00+00:00,2026-05-30 18:30:00+02:00,2026-05-30,18,30,2,5,5,114.26,119.58,,,,,,173.7367911921116,6456.66773,-5.319999999999993
2026-05-30 16:45:00+00:00,2026-05-30 18:45:00+02:00,2026-05-30,18,45,3,5,5,124.92,147.61,,,,,,179.2438216886488,6473.335150000001,-22.690000000000012
2026-05-30 17:00:00+00:00,2026-05-30 19:00:00+02:00,2026-05-30,19,0,0,5,5,124.99,125.3,,,,,,187.53525758259008,6505.7347899999995,-0.3100000000000023
2026-05-30 17:15:00+00:00,2026-05-30 19:15:00+02:00,2026-05-30,19,15,1,5,5,130.68,136.99,,,,,,251.719664875938,6828.647819999999,-6.310000000000002
2026-05-30 17:30:00+00:00,2026-05-30 19:30:00+02:00,2026-05-30,19,30,2,5,5,145.0,157.9,,,,,,353.14283962365477,7133.54304,-12.900000000000006
2026-05-30 17:45:00+00:00,2026-05-30 19:45:00+02:00,2026-05-30,19,45,3,5,5,160.65,185.9,,,,,,468.62479042651734,7426.387790000001,-25.25
2026-05-30 18:00:00+00:00,2026-05-30 20:00:00+02:00,2026-05-30,20,0,0,5,5,144.69,162.36,,,,,,618.5838550135056,7749.88472,-17.670000000000016
2026-05-30 18:15:00+00:00,2026-05-30 20:15:00+02:00,2026-05-30,20,15,1,5,5,156.15,155.2,,,,,,664.8337718231652,8140.1354,0.950000000000017
2026-05-30 18:30:00+00:00,2026-05-30 20:30:00+02:00,2026-05-30,20,30,2,5,5,165.0,168.14,,,,,,716.345299248611,8524.4115,-3.1399999999999864
2026-05-30 18:45:00+00:00,2026-05-30 20:45:00+02:00,2026-05-30,20,45,3,5,5,171.5,181.06,,,,,,783.6120986164775,8874.60569,-9.560000000000002
2026-05-30 19:00:00+00:00,2026-05-30 21:00:00+02:00,2026-05-30,21,0,0,5,5,175.77,182.8,,,,,,781.0451917861715,9082.02232,-7.030000000000001
2026-05-30 19:15:00+00:00,2026-05-30 21:15:00+02:00,2026-05-30,21,15,1,5,5,174.18,170.38,,,,,,720.3644119868344,9305.05857,3.8000000000000114
2026-05-30 19:30:00+00:00,2026-05-30 21:30:00+02:00,2026-05-30,21,30,2,5,5,171.39,169.3,,,,,,676.0860244745857,9555.59612,2.089999999999975
2026-05-30 19:45:00+00:00,2026-05-30 21:45:00+02:00,2026-05-30,21,45,3,5,5,161.33,156.1,,,,,,648.090614479058,9825.22274,5.230000000000018
2026-05-30 20:00:00+00:00,2026-05-30 22:00:00+02:00,2026-05-30,22,0,0,5,5,177.69,169.04,,,,,,600.4635035061937,10018.74265,8.650000000000006
2026-05-30 20:15:00+00:00,2026-05-30 22:15:00+02:00,2026-05-30,22,15,1,5,5,160.01,157.79,,,,,,512.2877569366344,10313.233970000001,2.219999999999999
2026-05-30 20:30:00+00:00,2026-05-30 22:30:00+02:00,2026-05-30,22,30,2,5,5,155.99,152.49,,,,,,452.4579990278221,10624.13494,3.5
2026-05-30 20:45:00+00:00,2026-05-30 22:45:00+02:00,2026-05-30,22,45,3,5,5,149.31,147.18,,,,,,402.37188069536535,10940.51601,2.1299999999999955
2026-05-30 21:00:00+00:00,2026-05-30 23:00:00+02:00,2026-05-30,23,0,0,5,5,153.2,150.13,,,,,,369.41947422373727,11279.71561,3.069999999999993
2026-05-30 21:15:00+00:00,2026-05-30 23:15:00+02:00,2026-05-30,23,15,1,5,5,143.14,142.71,,,,,,352.83167725829395,11638.61507,0.4299999999999784
2026-05-30 21:30:00+00:00,2026-05-30 23:30:00+02:00,2026-05-30,23,30,2,5,5,142.39,140.61,,,,,,340.1037245129911,11974.609380000002,1.7799999999999727
2026-05-30 21:45:00+00:00,2026-05-30 23:45:00+02:00,2026-05-30,23,45,3,5,5,141.21,138.71,,,,,,319.13010412606803,12283.55872,2.5
2026-05-30 22:00:00+00:00,2026-05-31 00:00:00+02:00,2026-05-31,0,0,0,6,5,145.25,146.56,9.28500000000001,,-1.7800000000000011,,,2428.980898750664,17085.92499,-1.3100000000000023
2026-05-30 22:15:00+00:00,2026-05-31 00:15:00+02:00,2026-05-31,0,15,1,6,5,139.0,139.0,0.8900000000000006,,-1.4000000000000057,,,2094.8894456509206,16747.29956,0.0
2026-05-30 22:30:00+00:00,2026-05-31 00:30:00+02:00,2026-05-31,0,30,2,6,5,134.99,134.18,-1.1199999999999974,,-2.420000000000016,,,1866.0605790610553,16519.332029999998,0.8100000000000023
2026-05-30 22:45:00+00:00,2026-05-31 00:45:00+02:00,2026-05-31,0,45,3,6,5,127.0,129.2,-4.105000000000004,,-4.760000000000005,,,1925.5058850679588,16771.83681,-2.1999999999999886
2026-05-30 23:00:00+00:00,2026-05-31 01:00:00+02:00,2026-05-31,1,0,0,6,5,133.66,132.55,3.8500000000000085,,-2.5,,,2034.3415395093866,17082.51591,1.1099999999999852
2026-05-30 23:15:00+00:00,2026-05-31 01:15:00+02:00,2026-05-31,1,15,1,6,5,129.7,133.05,0.22500000000000142,,-1.279999999999987,,,2129.3143088129964,17240.3583,-3.3500000000000227
2026-05-30 23:30:00+00:00,2026-05-31 01:30:00+02:00,2026-05-31,1,30,2,6,5,128.43,128.09,-0.2050000000000054,,-0.1600000000000108,,,2140.704934419814,17156.02218,0.3400000000000034
2026-05-30 23:45:00+00:00,2026-05-31 01:45:00+02:00,2026-05-31,1,45,3,6,5,125.22,126.17,-0.37999999999999545,,0.5300000000000011,,,2291.0044140763657,17355.555519999998,-0.9500000000000028
2026-05-31 00:00:00+00:00,2026-05-31 02:00:00+02:00,2026-05-31,2,0,0,6,5,127.28,129.29,1.8699999999999974,,0.8599999999999994,,,2426.3458122699676,17564.57585,-2.009999999999991
2026-05-31 00:15:00+00:00,2026-05-31 02:15:00+02:00,2026-05-31,2,15,1,6,5,126.6,128.47,0.9200000000000017,,-0.060000000000002274,,,2327.9189530316535,17288.044719999998,-1.8700000000000045
2026-05-31 00:30:00+00:00,2026-05-31 02:30:00+02:00,2026-05-31,2,30,2,6,5,126.5,128.65,0.9899999999999949,,-4.579999999999998,,,2089.898113984778,16750.31062,-2.1500000000000057
2026-05-31 00:45:00+00:00,2026-05-31 02:45:00+02:00,2026-05-31,2,45,3,6,5,125.31,122.5,-0.865000000000002,,-6.8799999999999955,,,1975.885831570286,16456.72157,2.8100000000000023
2026-05-31 01:00:00+00:00,2026-05-31 03:00:00+02:00,2026-05-31,3,0,0,6,5,124.91,127.79,0.365000000000002,,-3.8799999999999955,,,1706.8583765067742,16009.779289999999,-2.8800000000000097
2026-05-31 01:15:00+00:00,2026-05-31 03:15:00+02:00,2026-05-31,3,15,1,6,5,125.45,121.7,-0.05000000000000426,,-4.489999999999995,,,1563.4530322179935,15758.68533,3.75
2026-05-31 01:30:00+00:00,2026-05-31 03:30:00+02:00,2026-05-31,3,30,2,6,5,126.73,127.79,-0.4350000000000023,,-3.9399999999999977,,,1328.6427971826765,15385.399440000001,-1.0600000000000023
2026-05-31 01:45:00+00:00,2026-05-31 03:45:00+02:00,2026-05-31,3,45,3,6,5,127.13,126.57,-0.1700000000000017,,-2.1599999999999966,,,1040.285182738907,14928.85969,0.5600000000000023
2026-05-31 02:00:00+00:00,2026-05-31 04:00:00+02:00,2026-05-31,4,0,0,6,5,127.29,127.8,0.1150000000000091,,-0.36999999999999034,,,844.2627577149517,14633.84809,-0.5099999999999909
2026-05-31 02:15:00+00:00,2026-05-31 04:15:00+02:00,2026-05-31,4,15,1,6,5,127.29,126.6,1.3249999999999957,,0.9699999999999989,,,909.8774911761238,14719.89193,0.6900000000000119
2026-05-31 02:30:00+00:00,2026-05-31 04:30:00+02:00,2026-05-31,4,30,2,6,5,126.1,127.8,2.5749999999999957,,1.6599999999999966,,,836.4374475635573,14498.94912,-1.7000000000000028
2026-05-31 02:45:00+00:00,2026-05-31 04:45:00+02:00,2026-05-31,4,45,3,6,5,125.86,124.6,4.25,,-1.0799999999999983,,,665.4435822687777,14239.702700000002,1.2600000000000051
2026-05-31 03:00:00+00:00,2026-05-31 05:00:00+02:00,2026-05-31,5,0,0,6,5,126.22,128.99,-1.7650000000000006,,-1.3599999999999994,,,718.157066196088,14240.86515,-2.7700000000000102
2026-05-31 03:15:00+00:00,2026-05-31 05:15:00+02:00,2026-05-31,5,15,1,6,5,122.74,126.7,-0.054999999999999716,,0.030000000000001137,,,744.9496220894324,14206.19144,-3.960000000000008
2026-05-31 03:30:00+00:00,2026-05-31 05:30:00+02:00,2026-05-31,5,30,2,6,5,121.15,122.76,2.6950000000000003,,1.5999999999999943,,,836.8784215651405,14194.724760000001,-1.6099999999999994
2026-05-31 03:45:00+00:00,2026-05-31 05:45:00+02:00,2026-05-31,5,45,3,6,5,122.4,117.0,5.010000000000005,,4.689999999999998,,,994.2254539197835,14271.51228,5.400000000000006
2026-05-31 04:00:00+00:00,2026-05-31 06:00:00+02:00,2026-05-31,6,0,0,6,5,127.0,121.1,-5.765000000000015,,1.1599999999999966,,,1405.1338971671598,14889.68683,5.900000000000006
2026-05-31 04:15:00+00:00,2026-05-31 06:15:00+02:00,2026-05-31,6,15,1,6,5,125.0,121.33,-0.7600000000000122,,-1.7600000000000051,,,1382.675146182787,14366.541749999999,3.6700000000000017
2026-05-31 04:30:00+00:00,2026-05-31 06:30:00+02:00,2026-05-31,6,30,2,6,5,115.0,112.08,-0.14999999999999147,,-1.8799999999999955,,,1257.7593641938893,13737.44792,2.9200000000000017
2026-05-31 04:45:00+00:00,2026-05-31 06:45:00+02:00,2026-05-31,6,45,3,6,5,108.77,105.07,1.2900000000000063,,-1.1400000000000006,,,1167.0011232510362,13272.89955,3.700000000000003
2026-05-31 05:00:00+00:00,2026-05-31 07:00:00+02:00,2026-05-31,7,0,0,6,5,112.43,111.87,6.954999999999984,,-3.299999999999997,,,1188.3931494003941,12832.50468,0.5600000000000023
2026-05-31 05:15:00+00:00,2026-05-31 07:15:00+02:00,2026-05-31,7,15,1,6,5,102.48,111.04,4.834999999999994,,1.9000000000000057,,,1189.6982687324419,12273.76693,-8.560000000000002
2026-05-31 05:30:00+00:00,2026-05-31 07:30:00+02:00,2026-05-31,7,30,2,6,5,97.2,100.3,-0.5450000000000017,,-1.0799999999999983,,,1292.0357261174345,11864.36602,-3.0999999999999943
2026-05-31 05:45:00+00:00,2026-05-31 07:45:00+02:00,2026-05-31,7,45,3,6,5,86.84,85.41,-8.729999999999997,,0.8400000000000034,,,1293.6580203442104,11404.42988,1.4300000000000068
2026-05-31 06:00:00+00:00,2026-05-31 08:00:00+02:00,2026-05-31,8,0,0,6,5,105.41,106.1,21.75500000000001,,2.1500000000000057,,,1330.4098701103596,11029.4171,-0.6899999999999977
2026-05-31 06:15:00+00:00,2026-05-31 08:15:00+02:00,2026-05-31,8,15,1,6,5,97.4,87.3,9.769999999999996,,9.180000000000007,,,1325.1063228077269,10804.25858,10.100000000000009
2026-05-31 06:30:00+00:00,2026-05-31 08:30:00+02:00,2026-05-31,8,30,2,6,5,86.81,75.22,-1.115000000000009,,15.429999999999993,,,1317.940322198985,10536.23786,11.590000000000003
2026-05-31 06:45:00+00:00,2026-05-31 08:45:00+02:00,2026-05-31,8,45,3,6,5,80.68,60.1,-16.840000000000003,,4.959999999999994,,,1292.227117441428,10290.47526,20.580000000000005
2026-05-31 07:00:00+00:00,2026-05-31 09:00:00+02:00,2026-05-31,9,0,0,6,5,83.38,77.89,19.795,,-1.0100000000000051,,,1278.62281746193,10065.16922,5.489999999999995
2026-05-31 07:15:00+00:00,2026-05-31 09:15:00+02:00,2026-05-31,9,15,1,6,5,67.59,35.0,6.750000000000007,,-10.14,,,1230.0982141916836,9988.10805,32.59
2026-05-31 07:30:00+00:00,2026-05-31 09:30:00+02:00,2026-05-31,9,30,2,6,5,54.37,23.87,-2.0300000000000025,,6.989999999999998,,,1172.8003413572212,9840.1027,30.499999999999996
2026-05-31 07:45:00+00:00,2026-05-31 09:45:00+02:00,2026-05-31,9,45,3,6,5,36.43,23.9,-10.63000000000001,,-1.7100000000000009,,,1131.0473600345276,9636.012279999999,12.530000000000001
2026-05-31 08:00:00+00:00,2026-05-31 10:00:00+02:00,2026-05-31,10,0,0,6,5,32.34,26.2,11.939999999999998,,3.1999999999999993,,,1072.8013897168494,9474.00603,6.140000000000004
2026-05-31 08:15:00+00:00,2026-05-31 10:15:00+02:00,2026-05-31,10,15,1,6,5,9.81,4.06,3.344999999999998,,11.86,,,1036.2885525891738,9455.41548,5.750000000000001
2026-05-31 08:30:00+00:00,2026-05-31 10:30:00+02:00,2026-05-31,10,30,2,6,5,6.55,7.3,-2.3150000000000035,,-2.0599999999999996,,,995.4883765152108,9419.52441,-0.75
2026-05-31 08:45:00+00:00,2026-05-31 10:45:00+02:00,2026-05-31,10,45,3,6,5,5.58,0.0,-3.385,,6.7,,,996.6808345597174,9379.50252,5.58
2026-05-31 09:00:00+00:00,2026-05-31 11:00:00+02:00,2026-05-31,11,0,0,6,5,4.4,9.2,9.39,,-1.21,,,987.476570037875,9371.32208,-4.799999999999999
2026-05-31 09:15:00+00:00,2026-05-31 11:15:00+02:00,2026-05-31,11,15,1,6,5,2.66,3.26,5.795000000000001,,-2.59,,,957.0693261134719,9443.34812,-0.5999999999999996
2026-05-31 09:30:00+00:00,2026-05-31 11:30:00+02:00,2026-05-31,11,30,2,6,5,2.62,3.4,4.745000000000001,,1.01,,,937.0888110086375,9506.60307,-0.7799999999999998
2026-05-31 09:45:00+00:00,2026-05-31 11:45:00+02:00,2026-05-31,11,45,3,6,5,0.0,-3.29,2.230000000000002,,7.14,,,913.5095988207448,9602.02204,3.29
2026-05-31 10:00:00+00:00,2026-05-31 12:00:00+02:00,2026-05-31,12,0,0,6,5,0.01,10.43,13.475000000000001,,-4.3,,,881.9658005645098,9684.48934,-10.42
2026-05-31 10:15:00+00:00,2026-05-31 12:15:00+02:00,2026-05-31,12,15,1,6,5,0.0,1.8,8.0,,4.61,,,830.2098453707794,9817.89559,-1.8
2026-05-31 10:30:00+00:00,2026-05-31 12:30:00+02:00,2026-05-31,12,30,2,6,5,7.87,-0.01,6.519999999999997,,7.33,,,775.4394961630134,9961.23705,7.88
2026-05-31 10:45:00+00:00,2026-05-31 12:45:00+02:00,2026-05-31,12,45,3,6,5,4.08,-4.11,7.2299999999999995,,10.17,,,717.8758331989,10106.98505,8.190000000000001
2026-05-31 11:00:00+00:00,2026-05-31 13:00:00+02:00,2026-05-31,13,0,0,6,5,0.84,-0.03,9.674999999999999,,6.6,,,670.3237538735467,10254.51384,0.87
2026-05-31 11:15:00+00:00,2026-05-31 13:15:00+02:00,2026-05-31,13,15,1,6,5,0.04,0.73,9.860000000000003,,11.03,,,621.88915441961,10314.33849,-0.69
2026-05-31 11:30:00+00:00,2026-05-31 13:30:00+02:00,2026-05-31,13,30,2,6,5,0.0,3.03,5.780000000000001,,1.44,,,585.0797357045161,10385.468389999998,-3.03
2026-05-31 11:45:00+00:00,2026-05-31 13:45:00+02:00,2026-05-31,13,45,3,6,5,0.0,3.07,4.509999999999998,,2.03,,,526.0505100404692,10479.72309,-3.07
2026-05-31 12:00:00+00:00,2026-05-31 14:00:00+02:00,2026-05-31,14,0,0,6,5,0.06,-4.11,6.865000000000002,,1.08,,,496.9529170950075,10422.02505,4.17
2026-05-31 12:15:00+00:00,2026-05-31 14:15:00+02:00,2026-05-31,14,15,1,6,5,0.05,1.7,7.7449999999999966,,9.42,,,490.7808892304165,10518.34964,-1.65
2026-05-31 12:30:00+00:00,2026-05-31 14:30:00+02:00,2026-05-31,14,30,2,6,5,1.21,3.67,7.690000000000002,,7.4,,,431.13878215400865,10608.42305,-2.46
2026-05-31 12:45:00+00:00,2026-05-31 14:45:00+02:00,2026-05-31,14,45,3,6,5,3.99,6.9,10.620000000000001,,0.2,,,370.7650048747111,10710.63688,-2.91
2026-05-31 13:00:00+00:00,2026-05-31 15:00:00+02:00,2026-05-31,15,0,0,6,5,1.35,-7.79,0.42499999999999716,,13.41,,,325.9307442057374,10835.867279999999,9.14
2026-05-31 13:15:00+00:00,2026-05-31 15:15:00+02:00,2026-05-31,15,15,1,6,5,-0.5,2.4,3.6349999999999976,,5.92,,,335.2339282798752,10920.373739999999,-2.9
2026-05-31 13:30:00+00:00,2026-05-31 15:30:00+02:00,2026-05-31,15,30,2,6,5,0.0,8.9,5.3000000000000025,,-1.6999999999999997,,,325.92451446462866,11042.53812,-8.9
2026-05-31 13:45:00+00:00,2026-05-31 15:45:00+02:00,2026-05-31,15,45,3,6,5,0.01,12.75,11.160000000000004,,-5.01,,,339.5195858812271,11199.421199999999,-12.74
2026-05-31 14:00:00+00:00,2026-05-31 16:00:00+02:00,2026-05-31,16,0,0,6,5,11.01,-0.23,-5.970000000000004,,7.1899999999999995,,,377.8789600817005,11378.816359999999,11.24
2026-05-31 14:15:00+00:00,2026-05-31 16:15:00+02:00,2026-05-31,16,15,1,6,5,39.0,28.1,-0.990000000000002,,4.4,,,443.00381523533923,11518.18764,10.899999999999999
2026-05-31 14:30:00+00:00,2026-05-31 16:30:00+02:00,2026-05-31,16,30,2,6,5,63.75,63.88,5.715,,-2.67,,,534.4112903470358,11711.27137,-0.13000000000000256
2026-05-31 14:45:00+00:00,2026-05-31 16:45:00+02:00,2026-05-31,16,45,3,6,5,83.3,38.56,16.49499999999999,,7.0,,,638.1982360298435,11874.13875,44.739999999999995
2026-05-31 15:00:00+00:00,2026-05-31 17:00:00+02:00,2026-05-31,17,0,0,6,5,67.4,65.94,-17.059999999999995,,3.1799999999999997,,,749.3244676469296,12040.17187,1.460000000000008
2026-05-31 15:15:00+00:00,2026-05-31 17:15:00+02:00,2026-05-31,17,15,1,6,5,84.44,89.41,-3.734999999999996,,-1.1599999999999966,,,748.9783065306611,12084.318000000001,-4.969999999999999
2026-05-31 15:30:00+00:00,2026-05-31 17:30:00+02:00,2026-05-31,17,30,2,6,5,107.58,104.0,8.399999999999999,,-2.930000000000007,,,741.9264147211032,11931.92469,3.5799999999999983
2026-05-31 15:45:00+00:00,2026-05-31 17:45:00+02:00,2026-05-31,17,45,3,6,5,121.08,120.57,22.225,,4.109999999999999,,,706.8268012920514,11725.84138,0.5100000000000051
2026-05-31 16:00:00+00:00,2026-05-31 18:00:00+02:00,2026-05-31,18,0,0,6,5,111.79,92.1,-15.39,,-0.21999999999999886,,,675.4536440770972,11496.06423,19.690000000000012
2026-05-31 16:15:00+00:00,2026-05-31 18:15:00+02:00,2026-05-31,18,15,1,6,5,121.0,119.02,-4.644999999999996,,-5.289999999999992,,,680.0225174144412,11156.69612,1.980000000000004
2026-05-31 16:30:00+00:00,2026-05-31 18:30:00+02:00,2026-05-31,18,30,2,6,5,140.68,136.47,3.9850000000000065,,-5.319999999999993,,,675.4813777859212,10797.210050000002,4.210000000000008
2026-05-31 16:45:00+00:00,2026-05-31 18:45:00+02:00,2026-05-31,18,45,3,6,5,148.98,149.57,15.079999999999998,,-22.690000000000012,,,671.1966027234441,10428.60995,-0.5900000000000034
2026-05-31 17:00:00+00:00,2026-05-31 19:00:00+02:00,2026-05-31,19,0,0,6,5,132.0,131.77,-14.769999999999989,,-0.3100000000000023,,,656.2500022964635,10040.530589999998,0.22999999999998977
2026-05-31 17:15:00+00:00,2026-05-31 19:15:00+02:00,2026-05-31,19,15,1,6,5,138.26,137.98,-6.634999999999991,,-6.310000000000002,,,537.849789808907,9597.727789999999,0.28000000000000114
2026-05-31 17:30:00+00:00,2026-05-31 19:30:00+02:00,2026-05-31,19,30,2,6,5,145.73,160.81,0.2049999999999983,,-12.900000000000006,,,453.98231194307795,9139.362369999999,-15.080000000000013
2026-05-31 17:45:00+00:00,2026-05-31 19:45:00+02:00,2026-05-31,19,45,3,6,5,150.01,150.51,11.309999999999988,,-25.25,,,427.73011668028505,8681.94199,-0.5
2026-05-31 18:00:00+00:00,2026-05-31 20:00:00+02:00,2026-05-31,20,0,0,6,5,140.2,144.07,-6.335000000000015,,-17.670000000000016,,,478.54567309997526,8223.39833,-3.8700000000000045
2026-05-31 18:15:00+00:00,2026-05-31 20:15:00+02:00,2026-05-31,20,15,1,6,5,144.37,147.98,-2.940000000000019,,0.950000000000017,,,499.9644598417924,7965.96343,-3.609999999999985
2026-05-31 18:30:00+00:00,2026-05-31 20:30:00+02:00,2026-05-31,20,30,2,6,5,151.5,157.35,-1.3300000000000125,,-3.1399999999999864,,,529.8775313192049,7678.180689999999,-5.849999999999994
2026-05-31 18:45:00+00:00,2026-05-31 20:45:00+02:00,2026-05-31,20,45,3,6,5,155.12,179.6,-2.265000000000015,,-9.560000000000002,,,579.4793458481947,7339.03624,-24.47999999999999
2026-05-31 19:00:00+00:00,2026-05-31 21:00:00+02:00,2026-05-31,21,0,0,6,5,153.16,158.51,9.355000000000004,,-7.030000000000001,,,551.7022239274007,7014.44854,-5.349999999999994
2026-05-31 19:15:00+00:00,2026-05-31 21:15:00+02:00,2026-05-31,21,15,1,6,5,153.0,178.84,3.0549999999999926,,3.8000000000000114,,,456.8082627628322,6866.11561,-25.840000000000003
2026-05-31 19:30:00+00:00,2026-05-31 21:30:00+02:00,2026-05-31,21,30,2,6,5,150.42,167.4,-5.415000000000006,,2.089999999999975,,,364.02832199944174,6769.87927,-16.980000000000018
2026-05-31 19:45:00+00:00,2026-05-31 21:45:00+02:00,2026-05-31,21,45,3,6,5,147.62,154.8,-13.465000000000003,,5.230000000000018,,,284.17063308885116,6703.57349,-7.180000000000007
2026-05-31 20:00:00+00:00,2026-05-31 22:00:00+02:00,2026-05-31,22,0,0,6,5,159.21,162.16,9.875,,8.650000000000006,,,169.3453383475879,6619.72936,-2.9499999999999886
2026-05-31 20:15:00+00:00,2026-05-31 22:15:00+02:00,2026-05-31,22,15,1,6,5,153.52,154.86,3.4350000000000023,,2.219999999999999,,,74.24543673239425,6564.155269999999,-1.3400000000000034
2026-05-31 20:30:00+00:00,2026-05-31 22:30:00+02:00,2026-05-31,22,30,2,6,5,150.74,150.94,-1.8449999999999989,,3.5,,,50.05711873255466,6506.492270000001,-0.19999999999998863
2026-05-31 20:45:00+00:00,2026-05-31 22:45:00+02:00,2026-05-31,22,45,3,6,5,140.89,144.55,-7.244999999999997,,2.1299999999999955,,,119.19312342072057,6458.11284,-3.660000000000025
2026-05-31 21:00:00+00:00,2026-05-31 23:00:00+02:00,2026-05-31,23,0,0,6,5,158.5,151.52,7.455000000000005,,3.069999999999993,,,177.1659809077354,6411.67242,6.97999999999999
2026-05-31 21:15:00+00:00,2026-05-31 23:15:00+02:00,2026-05-31,23,15,1,6,5,146.38,146.95,2.5150000000000006,,0.4299999999999784,,,127.41887275114743,6321.036679999999,-0.5699999999999932
2026-05-31 21:30:00+00:00,2026-05-31 23:30:00+02:00,2026-05-31,23,30,2,6,5,143.29,142.99,0.23499999999999233,,1.7799999999999727,,,96.25540526882747,6231.70733,0.29999999999998295
2026-05-31 21:45:00+00:00,2026-05-31 23:45:00+02:00,2026-05-31,23,45,3,6,5,139.85,139.93,-4.005000000000003,,2.5,,,85.32443593861959,6139.5775300000005,-0.0800000000000125
2026-05-31 22:00:00+00:00,2026-06-01 00:00:00+02:00,2026-06-01,0,0,0,0,6,152.87,151.03,9.28500000000001,,-1.3100000000000023,,,3362.000494261126,3800.10093,1.8400000000000034
2026-05-31 22:15:00+00:00,2026-06-01 00:15:00+02:00,2026-06-01,0,15,1,0,6,141.86,141.16,0.8700000000000045,,0.0,,,3028.6246312864164,3732.2656399999996,0.700000000000017
2026-05-31 22:30:00+00:00,2026-06-01 00:30:00+02:00,2026-06-01,0,30,2,0,6,138.87,134.7,-0.08499999999999375,,0.8100000000000023,,,2728.9981809156566,3756.87471,4.170000000000016
2026-05-31 22:45:00+00:00,2026-06-01 00:45:00+02:00,2026-06-01,0,45,3,0,6,133.23,133.19,-3.479999999999997,,-2.1999999999999886,,,2715.994557165165,3716.09802,0.03999999999999204
2026-05-31 23:00:00+00:00,2026-06-01 01:00:00+02:00,2026-06-01,1,0,0,0,6,140.51,138.53,3.8500000000000085,,1.1099999999999852,,,2789.0601234286773,3622.05244,1.9799999999999898
2026-05-31 23:15:00+00:00,2026-06-01 01:15:00+02:00,2026-06-01,1,15,1,0,6,132.96,128.04,0.22500000000000142,,-3.3500000000000227,,,2870.4510166972727,3546.8644700000004,4.920000000000016
2026-05-31 23:30:00+00:00,2026-06-01 01:30:00+02:00,2026-06-01,1,30,2,0,6,126.62,131.1,0.0899999999999963,,0.3400000000000034,,,2836.248087447141,3450.3259,-4.47999999999999
2026-05-31 23:45:00+00:00,2026-06-01 01:45:00+02:00,2026-06-01,1,45,3,0,6,122.36,127.7,-0.21000000000000085,,-0.9500000000000028,,,2959.963574168395,3333.42278,-5.340000000000003
2026-06-01 00:00:00+00:00,2026-06-01 02:00:00+02:00,2026-06-01,2,0,0,0,6,122.16,121.29,0.8999999999999986,,-2.009999999999991,,,3076.694773102595,3269.5896,0.8699999999999903
2026-06-01 00:15:00+00:00,2026-06-01 02:15:00+02:00,2026-06-01,2,15,1,0,6,125.38,125.7,0.11500000000000199,,-1.8700000000000045,,,2916.124296131437,3231.03583,-0.3200000000000074
2026-06-01 00:30:00+00:00,2026-06-01 02:30:00+02:00,2026-06-01,2,30,2,0,6,125.38,124.02,0.0899999999999963,,-2.1500000000000057,,,2622.0378301769706,3182.6252099999997,1.3599999999999994
2026-06-01 00:45:00+00:00,2026-06-01 02:45:00+02:00,2026-06-01,2,45,3,0,6,123.37,126.46,-0.865000000000002,,2.8100000000000023,,,2470.895057656683,3139.6012800000003,-3.089999999999989
2026-06-01 01:00:00+00:00,2026-06-01 03:00:00+02:00,2026-06-01,3,0,0,0,6,121.75,122.93,-1.8349999999999937,,-2.8800000000000097,,,2026.8914801328656,3501.88624,-1.1800000000000068
2026-06-01 01:15:00+00:00,2026-06-01 03:15:00+02:00,2026-06-01,3,15,1,0,6,121.24,120.14,-0.05000000000000426,,3.75,,,1821.9738784904819,3551.01753,1.0999999999999943
2026-06-01 01:30:00+00:00,2026-06-01 03:30:00+02:00,2026-06-01,3,30,2,0,6,121.18,124.33,-0.8100000000000023,,-1.0600000000000023,,,1577.0645958646078,3499.02699,-3.1499999999999915
2026-06-01 01:45:00+00:00,2026-06-01 03:45:00+02:00,2026-06-01,3,45,3,0,6,120.9,117.74,-0.1700000000000017,,0.5600000000000023,,,1318.096651069599,3382.9352599999997,3.160000000000011
2026-06-01 02:00:00+00:00,2026-06-01 04:00:00+02:00,2026-06-01,4,0,0,0,6,122.15,126.2,-0.4399999999999906,,-0.5099999999999909,,,1136.2174386070546,3302.6151299999997,-4.049999999999997
2026-06-01 02:15:00+00:00,2026-06-01 04:15:00+02:00,2026-06-01,4,15,1,0,6,123.0,121.49,0.8300000000000054,,0.6900000000000119,,,1228.6024644595602,3288.1780400000002,1.5100000000000051
2026-06-01 02:30:00+00:00,2026-06-01 04:30:00+02:00,2026-06-01,4,30,2,0,6,124.8,125.99,1.5549999999999997,,-1.7000000000000028,,,1145.5051758362201,3287.89658,-1.1899999999999977
2026-06-01 02:45:00+00:00,2026-06-01 04:45:00+02:00,2026-06-01,4,45,3,0,6,128.69,129.7,2.970000000000006,,1.2600000000000051,,,1018.106462472109,3295.7809700000003,-1.009999999999991
2026-06-01 03:00:00+00:00,2026-06-01 05:00:00+02:00,2026-06-01,5,0,0,0,6,127.92,124.65,-2.470000000000006,,-2.7700000000000102,,,1069.947860171646,3289.90332,3.269999999999996
2026-06-01 03:15:00+00:00,2026-06-01 05:15:00+02:00,2026-06-01,5,15,1,0,6,131.41,130.16,-0.615000000000002,,-3.960000000000008,,,1125.927966157525,3291.38121,1.25
2026-06-01 03:30:00+00:00,2026-06-01 05:30:00+02:00,2026-06-01,5,30,2,0,6,137.97,138.23,1.3549999999999969,,-1.6099999999999994,,,1205.2469064602908,3283.3332,-0.2599999999999909
2026-06-01 03:45:00+00:00,2026-06-01 05:45:00+02:00,2026-06-01,5,45,3,0,6,145.11,147.33,5.010000000000005,,5.400000000000006,,,1326.9906373271283,3303.35578,-2.219999999999999
2026-06-01 04:00:00+00:00,2026-06-01 06:00:00+02:00,2026-06-01,6,0,0,0,6,156.73,164.99,-5.765000000000015,,5.900000000000006,,,1823.6746540475249,3083.03912,-8.26000000000002
2026-06-01 04:15:00+00:00,2026-06-01 06:15:00+02:00,2026-06-01,6,15,1,0,6,160.2,172.17,-0.7600000000000122,,3.6700000000000017,,,1747.287428440416,3076.88553,-11.969999999999999
2026-06-01 04:30:00+00:00,2026-06-01 06:30:00+02:00,2026-06-01,6,30,2,0,6,159.08,156.1,-0.14999999999999147,,2.9200000000000017,,,1592.1868594373716,3063.5359000000003,2.980000000000018
2026-06-01 04:45:00+00:00,2026-06-01 06:45:00+02:00,2026-06-01,6,45,3,0,6,158.4,158.1,1.2900000000000063,,3.700000000000003,,,1516.7445134113996,3067.86902,0.30000000000001137
2026-06-01 05:00:00+00:00,2026-06-01 07:00:00+02:00,2026-06-01,7,0,0,0,6,167.38,175.0,5.259999999999991,,0.5600000000000023,,,1449.9384458707407,3090.18035,-7.6200000000000045
2026-06-01 05:15:00+00:00,2026-06-01 07:15:00+02:00,2026-06-01,7,15,1,0,6,158.67,161.15,3.1099999999999994,,-8.560000000000002,,,1329.1473836289588,3047.53927,-2.480000000000018
2026-06-01 05:30:00+00:00,2026-06-01 07:30:00+02:00,2026-06-01,7,30,2,0,6,152.88,169.9,-0.8099999999999952,,-3.0999999999999943,,,1311.4162598072255,2952.55425,-17.02000000000001
2026-06-01 05:45:00+00:00,2026-06-01 07:45:00+02:00,2026-06-01,7,45,3,0,6,147.1,149.78,-8.729999999999997,,1.4300000000000068,,,1263.58877265936,2855.64267,-2.680000000000007
2026-06-01 06:00:00+00:00,2026-06-01 08:00:00+02:00,2026-06-01,8,0,0,0,6,171.29,175.0,18.729999999999997,,-0.6899999999999977,,,1274.1739423293625,2736.32903,-3.710000000000008
2026-06-01 06:15:00+00:00,2026-06-01 08:15:00+02:00,2026-06-01,8,15,1,0,6,159.37,165.41,9.769999999999996,,10.100000000000009,,,1295.104150800544,2580.93974,-6.039999999999992
2026-06-01 06:30:00+00:00,2026-06-01 08:30:00+02:00,2026-06-01,8,30,2,0,6,142.97,149.99,-1.115000000000009,,11.590000000000003,,,1315.996580576139,2430.90359,-7.02000000000001
2026-06-01 06:45:00+00:00,2026-06-01 08:45:00+02:00,2026-06-01,8,45,3,0,6,126.29,123.24,-16.840000000000003,,20.580000000000005,,,1315.974442483856,2294.42287,3.0500000000000114
2026-06-01 07:00:00+00:00,2026-06-01 09:00:00+02:00,2026-06-01,9,0,0,0,6,158.5,162.51,17.155,,5.489999999999995,,,1316.7965417230819,2157.03137,-4.009999999999991
2026-06-01 07:15:00+00:00,2026-06-01 09:15:00+02:00,2026-06-01,9,15,1,0,6,136.77,138.13,6.750000000000007,,32.59,,,1275.9978411818454,2175.3234599999996,-1.3599999999999852
2026-06-01 07:30:00+00:00,2026-06-01 09:30:00+02:00,2026-06-01,9,30,2,0,6,123.72,119.4,-2.0300000000000025,,30.499999999999996,,,1226.0878359292058,2195.9107999999997,4.319999999999993
2026-06-01 07:45:00+00:00,2026-06-01 09:45:00+02:00,2026-06-01,9,45,3,0,6,115.81,111.42,-10.63000000000001,,12.530000000000001,,,1190.6783782733314,2216.2596000000003,4.390000000000001
2026-06-01 08:00:00+00:00,2026-06-01 10:00:00+02:00,2026-06-01,10,0,0,0,6,128.81,123.8,11.939999999999998,,6.140000000000004,,,1137.2577474123148,2253.57479,5.010000000000005
2026-06-01 08:15:00+00:00,2026-06-01 10:15:00+02:00,2026-06-01,10,15,1,0,6,120.65,115.9,4.929999999999999,,5.750000000000001,,,1069.088501324268,2362.14241,4.75
2026-06-01 08:30:00+00:00,2026-06-01 10:30:00+02:00,2026-06-01,10,30,2,0,6,116.38,100.79,-2.3150000000000035,,-0.75,,,998.0123326670724,2444.7319899999998,15.58999999999999
2026-06-01 08:45:00+00:00,2026-06-01 10:45:00+02:00,2026-06-01,10,45,3,0,6,113.64,111.14,-2.835,,5.58,,,982.3801880191495,2497.08975,2.5
2026-06-01 09:00:00+00:00,2026-06-01 11:00:00+02:00,2026-06-01,11,0,0,0,6,116.17,102.05,9.39,,-4.799999999999999,,,947.5553522848587,2551.45005,14.120000000000005
2026-06-01 09:15:00+00:00,2026-06-01 11:15:00+02:00,2026-06-01,11,15,1,0,6,114.08,101.28,4.825000000000001,,-0.5999999999999996,,,889.1240623301387,2745.06037,12.799999999999997
2026-06-01 09:30:00+00:00,2026-06-01 11:30:00+02:00,2026-06-01,11,30,2,0,6,111.2,82.54,3.2150000000000007,,-0.7799999999999998,,,844.9643410894024,2957.61018,28.659999999999997
2026-06-01 09:45:00+00:00,2026-06-01 11:45:00+02:00,2026-06-01,11,45,3,0,6,103.98,80.0,3.295000000000002,,3.29,,,809.704140746867,3163.9139,23.980000000000004
2026-06-01 10:00:00+00:00,2026-06-01 12:00:00+02:00,2026-06-01,12,0,0,0,6,104.59,100.01,10.295000000000002,,-10.42,,,772.9582368375193,3383.33359,4.579999999999998
2026-06-01 10:15:00+00:00,2026-06-01 12:15:00+02:00,2026-06-01,12,15,1,0,6,99.78,93.33,6.259999999999998,,-1.8,,,712.561658229471,3663.97328,6.450000000000003
2026-06-01 10:30:00+00:00,2026-06-01 12:30:00+02:00,2026-06-01,12,30,2,0,6,98.8,91.81,6.519999999999997,,7.88,,,668.5791677587653,3933.5748000000003,6.989999999999995
2026-06-01 10:45:00+00:00,2026-06-01 12:45:00+02:00,2026-06-01,12,45,3,0,6,96.64,87.18,6.24,,8.190000000000001,,,639.4866566071831,4198.615699999999,9.459999999999994
2026-06-01 11:00:00+00:00,2026-06-01 13:00:00+02:00,2026-06-01,13,0,0,0,6,101.81,92.62,6.72,,0.87,,,630.5626210222783,4486.9409399999995,9.189999999999998
2026-06-01 11:15:00+00:00,2026-06-01 13:15:00+02:00,2026-06-01,13,15,1,0,6,100.01,92.21,7.095000000000001,,-0.69,,,610.9439796746135,4742.73311,7.800000000000011
2026-06-01 11:30:00+00:00,2026-06-01 13:30:00+02:00,2026-06-01,13,30,2,0,6,97.99,88.45,2.915000000000002,,-3.03,,,657.0951580534315,4985.25499,9.539999999999992
2026-06-01 11:45:00+00:00,2026-06-01 13:45:00+02:00,2026-06-01,13,45,3,0,6,94.56,48.23,2.5050000000000017,,-3.07,,,689.1128081509943,5201.3397700000005,46.330000000000005
2026-06-01 12:00:00+00:00,2026-06-01 14:00:00+02:00,2026-06-01,14,0,0,0,6,94.79,50.2,5.03,,4.17,,,803.1941404600311,5301.81647,44.59
2026-06-01 12:15:00+00:00,2026-06-01 14:15:00+02:00,2026-06-01,14,15,1,0,6,99.03,86.95,4.844999999999997,,-1.65,,,836.0211707884482,5506.40975,12.079999999999998
2026-06-01 12:30:00+00:00,2026-06-01 14:30:00+02:00,2026-06-01,14,30,2,0,6,99.16,57.24,7.0399999999999965,,-2.46,,,800.5998547103902,5707.1349199999995,41.919999999999995
2026-06-01 12:45:00+00:00,2026-06-01 14:45:00+02:00,2026-06-01,14,45,3,0,6,100.82,62.24,6.820000000000004,,-2.91,,,758.3381339866264,5904.47079,38.57999999999999
2026-06-01 13:00:00+00:00,2026-06-01 15:00:00+02:00,2026-06-01,15,0,0,0,6,98.36,86.0,0.42499999999999716,,9.14,,,723.9224257757268,6114.1172400000005,12.36
2026-06-01 13:15:00+00:00,2026-06-01 15:15:00+02:00,2026-06-01,15,15,1,0,6,98.0,92.59,1.6899999999999977,,-2.9,,,679.7863221401292,6310.47172,5.409999999999997
2026-06-01 13:30:00+00:00,2026-06-01 15:30:00+02:00,2026-06-01,15,30,2,0,6,103.51,84.99,4.410000000000004,,-8.9,,,642.7380968737156,6567.59549,18.52000000000001
2026-06-01 13:45:00+00:00,2026-06-01 15:45:00+02:00,2026-06-01,15,45,3,0,6,114.51,94.99,7.830000000000005,,-12.74,,,615.693998440478,6858.24111,19.52000000000001
2026-06-01 14:00:00+00:00,2026-06-01 16:00:00+02:00,2026-06-01,16,0,0,0,6,98.93,86.17,-5.565000000000005,,11.24,,,600.2418473068615,7214.94084,12.760000000000005
2026-06-01 14:15:00+00:00,2026-06-01 16:15:00+02:00,2026-06-01,16,15,1,0,6,104.74,93.48,-0.990000000000002,,10.899999999999999,,,646.5846539541958,7661.3385100000005,11.259999999999991
2026-06-01 14:30:00+00:00,2026-06-01 16:30:00+02:00,2026-06-01,16,30,2,0,6,116.63,111.32,4.460000000000004,,-0.13000000000000256,,,702.0132667846013,7961.2962099999995,5.310000000000002
2026-06-01 14:45:00+00:00,2026-06-01 16:45:00+02:00,2026-06-01,16,45,3,0,6,128.15,127.1,16.49499999999999,,44.739999999999995,,,777.006605025425,8173.058,1.0500000000000114
2026-06-01 15:00:00+00:00,2026-06-01 17:00:00+02:00,2026-06-01,17,0,0,0,6,110.11,105.54,-15.419999999999995,,1.460000000000008,,,852.9400487059144,8369.23311,4.569999999999993
2026-06-01 15:15:00+00:00,2026-06-01 17:15:00+02:00,2026-06-01,17,15,1,0,6,114.5,118.45,-5.639999999999997,,-4.969999999999999,,,811.0991746673151,8448.00963,-3.950000000000003
2026-06-01 15:30:00+00:00,2026-06-01 17:30:00+02:00,2026-06-01,17,30,2,0,6,128.14,131.0,4.669999999999995,,3.5799999999999983,,,765.0304058101171,8521.06954,-2.8600000000000136
2026-06-01 15:45:00+00:00,2026-06-01 17:45:00+02:00,2026-06-01,17,45,3,0,6,147.79,155.93,18.085,,0.5100000000000051,,,702.0791157667824,8581.968589999999,-8.140000000000015
2026-06-01 16:00:00+00:00,2026-06-01 18:00:00+02:00,2026-06-01,18,0,0,0,6,117.24,112.73,-15.39,,19.690000000000012,,,654.7231403796221,8670.43813,4.509999999999991
2026-06-01 16:15:00+00:00,2026-06-01 18:15:00+02:00,2026-06-01,18,15,1,0,6,129.71,141.44,-4.644999999999996,,1.980000000000004,,,653.5989757253994,8697.2451,-11.72999999999999
2026-06-01 16:30:00+00:00,2026-06-01 18:30:00+02:00,2026-06-01,18,30,2,0,6,148.33,147.76,3.6750000000000043,,4.210000000000008,,,644.2221966095153,8721.7978,0.5700000000000216
2026-06-01 16:45:00+00:00,2026-06-01 18:45:00+02:00,2026-06-01,18,45,3,0,6,170.2,175.29,14.574999999999996,,-0.5900000000000034,,,637.074802365976,8743.042309999999,-5.090000000000003
2026-06-01 17:00:00+00:00,2026-06-01 19:00:00+02:00,2026-06-01,19,0,0,0,6,161.58,199.99,-14.769999999999989,,0.22999999999998977,,,619.2783791431443,8756.63824,-38.41
2026-06-01 17:15:00+00:00,2026-06-01 19:15:00+02:00,2026-06-01,19,15,1,0,6,179.03,219.9,-6.634999999999991,,0.28000000000000114,,,480.80583593532964,8711.27459,-40.870000000000005
2026-06-01 17:30:00+00:00,2026-06-01 19:30:00+02:00,2026-06-01,19,30,2,0,6,223.65,230.0,-0.14000000000000057,,-15.080000000000013,,,377.2368582122752,8666.266029999999,-6.349999999999994
2026-06-01 17:45:00+00:00,2026-06-01 19:45:00+02:00,2026-06-01,19,45,3,0,6,311.77,290.0,9.034999999999982,,-0.5,,,339.5807270074346,8621.91198,21.769999999999982
2026-06-01 18:00:00+00:00,2026-06-01 20:00:00+02:00,2026-06-01,20,0,0,0,6,269.58,294.5,-6.335000000000015,,-3.8700000000000045,,,396.1502128222249,8578.0669,-24.920000000000016
2026-06-01 18:15:00+00:00,2026-06-01 20:15:00+02:00,2026-06-01,20,15,1,0,6,329.21,338.27,-3.335000000000001,,-3.609999999999985,,,436.46247661213897,8577.1844,-9.060000000000002
2026-06-01 18:30:00+00:00,2026-06-01 20:30:00+02:00,2026-06-01,20,30,2,0,6,363.32,380.0,-2.1500000000000057,,-5.849999999999994,,,488.55049382699946,8576.58401,-16.680000000000007
2026-06-01 18:45:00+00:00,2026-06-01 20:45:00+02:00,2026-06-01,20,45,3,0,6,391.28,459.64,-2.2900000000000063,,-24.47999999999999,,,549.777705899346,8586.46392,-68.36000000000001
2026-06-01 19:00:00+00:00,2026-06-01 21:00:00+02:00,2026-06-01,21,0,0,0,6,381.76,317.2,7.8300000000000125,,-5.349999999999994,,,535.8505910042167,8588.2884,64.56
2026-06-01 19:15:00+00:00,2026-06-01 21:15:00+02:00,2026-06-01,21,15,1,0,6,344.51,387.44,2.674999999999997,,-25.840000000000003,,,475.62871814740674,8546.95143,-42.93000000000001
2026-06-01 19:30:00+00:00,2026-06-01 21:30:00+02:00,2026-06-01,21,30,2,0,6,299.75,285.0,-5.935000000000002,,-16.980000000000018,,,423.017614686993,8496.70083,14.75
2026-06-01 19:45:00+00:00,2026-06-01 21:45:00+02:00,2026-06-01,21,45,3,0,6,253.86,399.01,-13.465000000000003,,-7.180000000000007,,,384.8011351135853,8445.38323,-145.14999999999998
2026-06-01 20:00:00+00:00,2026-06-01 22:00:00+02:00,2026-06-01,22,0,0,0,6,286.56,237.4,9.14,,-2.9499999999999886,,,302.21076990083947,8347.29166,49.16
2026-06-01 20:15:00+00:00,2026-06-01 22:15:00+02:00,2026-06-01,22,15,1,0,6,222.35,250.0,2.5999999999999943,,-1.3400000000000034,,,217.44857408006627,8333.19885,-27.650000000000006
2026-06-01 20:30:00+00:00,2026-06-01 22:30:00+02:00,2026-06-01,22,30,2,0,6,179.98,186.32,-1.8449999999999989,,-0.19999999999998863,,,164.20570859911405,8318.49679,-6.340000000000003
2026-06-01 20:45:00+00:00,2026-06-01 22:45:00+02:00,2026-06-01,22,45,3,0,6,160.0,241.08,-7.244999999999997,,-3.660000000000025,,,145.19377458877753,8313.69298,-81.08000000000001
2026-06-01 21:00:00+00:00,2026-06-01 23:00:00+02:00,2026-06-01,23,0,0,0,6,165.59,166.1,6.719999999999999,,6.97999999999999,,,167.3358544149636,8283.64691,-0.5099999999999909
2026-06-01 21:15:00+00:00,2026-06-01 23:15:00+02:00,2026-06-01,23,15,1,0,6,158.19,160.6,1.5,,-0.5699999999999932,,,149.87692516781266,8214.41422,-2.4099999999999966
2026-06-01 21:30:00+00:00,2026-06-01 23:30:00+02:00,2026-06-01,23,30,2,0,6,153.86,155.88,0.2249999999999872,,0.29999999999998295,,,152.41591141638233,8148.37767,-2.019999999999982
2026-06-01 21:45:00+00:00,2026-06-01 23:45:00+02:00,2026-06-01,23,45,3,0,6,143.57,147.08,-4.005000000000003,,-0.0800000000000125,,,158.1161371283941,8080.6076,-3.5100000000000193
2026-06-01 22:00:00+00:00,2026-06-02 00:00:00+02:00,2026-06-02,0,0,0,1,6,151.94,151.73,5.355000000000004,-1.3100000000000023,1.8400000000000034,,,3687.8894451753886,6150.947340000001,0.21000000000000796
2026-06-01 22:15:00+00:00,2026-06-02 00:15:00+02:00,2026-06-02,0,15,1,1,6,140.62,146.61,0.41500000000001336,0.0,0.700000000000017,,,3310.2824254466977,6189.38926,-5.990000000000009
2026-06-01 22:30:00+00:00,2026-06-02 00:30:00+02:00,2026-06-02,0,30,2,1,6,140.1,142.03,-0.08499999999999375,0.8100000000000023,4.170000000000016,,,3020.297210486777,6071.80608,-1.9300000000000068
2026-06-01 22:45:00+00:00,2026-06-02 00:45:00+02:00,2026-06-02,0,45,3,1,6,130.88,132.36,-3.479999999999997,-2.1999999999999886,0.03999999999999204,,,2964.836682255381,6144.75008,-1.4800000000000182
2026-06-01 23:00:00+00:00,2026-06-02 01:00:00+02:00,2026-06-02,1,0,0,1,6,141.31,144.81,2.8299999999999983,1.1099999999999852,1.9799999999999898,,,3032.8120376505976,6075.27096,-3.5
2026-06-01 23:15:00+00:00,2026-06-02 01:15:00+02:00,2026-06-02,1,15,1,1,6,130.68,132.47,0.22500000000000142,-1.279999999999987,4.920000000000016,,,3103.939450613606,6105.39505,-1.789999999999992
2026-06-01 23:30:00+00:00,2026-06-02 01:30:00+02:00,2026-06-02,1,30,2,1,6,127.23,127.61,-0.2050000000000054,-0.1600000000000108,-4.47999999999999,,,3071.3158082489945,6005.41143,-0.37999999999999545
2026-06-01 23:45:00+00:00,2026-06-02 01:45:00+02:00,2026-06-02,1,45,3,1,6,121.6,127.1,-1.1199999999999974,-0.9500000000000028,-5.340000000000003,,,3209.7362572471293,5884.68749,-5.5
2026-06-02 00:00:00+00:00,2026-06-02 02:00:00+02:00,2026-06-02,2,0,0,1,6,125.5,130.01,0.8649999999999949,0.8599999999999994,0.8699999999999903,,,3344.955899762469,5806.77891,-4.509999999999991
2026-06-02 00:15:00+00:00,2026-06-02 02:15:00+02:00,2026-06-02,2,15,1,1,6,118.83,124.98,-0.19000000000000483,-0.3200000000000074,-0.3200000000000074,,,3196.4292777036494,5706.94852,-6.150000000000006
2026-06-02 00:30:00+00:00,2026-06-02 02:30:00+02:00,2026-06-02,2,30,2,1,6,119.68,124.61,0.0899999999999963,-2.1500000000000057,1.3599999999999994,,,2964.274166664938,5468.67072,-4.929999999999993
2026-06-02 00:45:00+00:00,2026-06-02 02:45:00+02:00,2026-06-02,2,45,3,1,6,116.86,122.41,-1.4450000000000003,-3.089999999999989,-3.089999999999989,,,2819.9429236721053,5445.196739999999,-5.549999999999997
2026-06-02 01:00:00+00:00,2026-06-02 03:00:00+02:00,2026-06-02,3,0,0,1,6,117.97,124.34,-2.0249999999999986,-2.8800000000000097,-1.1800000000000068,,,2343.1187560911935,5810.19557,-6.3700000000000045
2026-06-02 01:15:00+00:00,2026-06-02 03:15:00+02:00,2026-06-02,3,15,1,1,6,117.88,122.99,-0.05000000000000426,1.0999999999999943,1.0999999999999943,,,2167.2061557206002,5745.04914,-5.109999999999999
2026-06-02 01:30:00+00:00,2026-06-02 03:30:00+02:00,2026-06-02,3,30,2,1,6,116.8,120.2,-1.3000000000000043,-3.1499999999999915,-3.1499999999999915,,,1910.4477336661912,5774.23894,-3.4000000000000057
2026-06-02 01:45:00+00:00,2026-06-02 03:45:00+02:00,2026-06-02,3,45,3,1,6,114.98,119.06,-0.1700000000000017,0.5600000000000023,3.160000000000011,,,1645.9555439310795,5754.91328,-4.079999999999998
2026-06-02 02:00:00+00:00,2026-06-02 04:00:00+02:00,2026-06-02,4,0,0,1,6,115.29,122.41,-1.3899999999999935,-0.5099999999999909,-4.049999999999997,,,1445.2906812439423,5803.56617,-7.11999999999999
2026-06-02 02:15:00+00:00,2026-06-02 04:15:00+02:00,2026-06-02,4,15,1,1,6,115.87,119.01,0.8300000000000054,0.9699999999999989,1.5100000000000051,,,1533.1321736261132,5804.2593,-3.1400000000000006
2026-06-02 02:30:00+00:00,2026-06-02 04:30:00+02:00,2026-06-02,4,30,2,1,6,116.49,120.72,0.9100000000000037,-1.1899999999999977,-1.1899999999999977,,,1478.8848449329614,5712.55992,-4.230000000000004
2026-06-02 02:45:00+00:00,2026-06-02 04:45:00+02:00,2026-06-02,4,45,3,1,6,117.98,123.97,1.6650000000000063,-1.009999999999991,-1.009999999999991,,,1381.6947710734917,5690.94414,-5.989999999999995
2026-06-02 03:00:00+00:00,2026-06-02 05:00:00+02:00,2026-06-02,5,0,0,1,6,116.97,121.56,-2.065000000000005,-1.3599999999999994,3.269999999999996,,,1441.001320067547,5646.91187,-4.590000000000003
2026-06-02 03:15:00+00:00,2026-06-02 05:15:00+02:00,2026-06-02,5,15,1,1,6,118.5,122.36,-0.615000000000002,0.030000000000001137,1.25,,,1534.7586393234321,5539.431329999999,-3.8599999999999994
2026-06-02 03:30:00+00:00,2026-06-02 05:30:00+02:00,2026-06-02,5,30,2,1,6,120.18,125.0,0.42500000000000426,-0.2599999999999909,-0.2599999999999909,,,1642.2750522851168,5414.67428,-4.819999999999993
2026-06-02 03:45:00+00:00,2026-06-02 05:45:00+02:00,2026-06-02,5,45,3,1,6,124.31,127.94,4.359999999999999,4.689999999999998,-2.219999999999999,,,1777.8693812742542,5339.2484699999995,-3.6299999999999955
2026-06-02 04:00:00+00:00,2026-06-02 06:00:00+02:00,2026-06-02,6,0,0,1,6,127.21,128.96,-7.6750000000000185,1.1599999999999966,-8.26000000000002,,,2207.6269112009863,5359.3109,-1.7500000000000142
2026-06-02 04:15:00+00:00,2026-06-02 06:15:00+02:00,2026-06-02,6,15,1,1,6,134.17,144.0,-1.8699999999999974,-1.7600000000000051,-11.969999999999999,,,2115.263191790626,5096.56636,-9.830000000000013
2026-06-02 04:30:00+00:00,2026-06-02 06:30:00+02:00,2026-06-02,6,30,2,1,6,134.09,134.0,-0.14999999999999147,2.9200000000000017,2.980000000000018,,,1965.6162990152313,4800.1375800000005,0.09000000000000341
2026-06-02 04:45:00+00:00,2026-06-02 06:45:00+02:00,2026-06-02,6,45,3,1,6,127.99,139.46,-0.35499999999998977,0.30000000000001137,0.30000000000001137,,,1882.4307743037346,4560.33806,-11.470000000000013
2026-06-02 05:00:00+00:00,2026-06-02 07:00:00+02:00,2026-06-02,7,0,0,1,6,141.77,148.1,3.585000000000008,-3.299999999999997,-7.6200000000000045,,,1833.428041898308,4233.9303899999995,-6.329999999999984
2026-06-02 05:15:00+00:00,2026-06-02 07:15:00+02:00,2026-06-02,7,15,1,1,6,134.87,142.56,1.6599999999999966,-2.480000000000018,-2.480000000000018,,,1757.8920456455048,3762.90854,-7.689999999999998
2026-06-02 05:30:00+00:00,2026-06-02 07:30:00+02:00,2026-06-02,7,30,2,1,6,132.0,130.42,-0.9050000000000011,-3.0999999999999943,-17.02000000000001,,,1790.301197551047,3265.51806,1.5800000000000125
2026-06-02 05:45:00+00:00,2026-06-02 07:45:00+02:00,2026-06-02,7,45,3,1,6,125.76,122.3,-8.064999999999998,0.8400000000000034,-2.680000000000007,,,1752.7255346460618,2831.91687,3.460000000000008
2026-06-02 06:00:00+00:00,2026-06-02 08:00:00+02:00,2026-06-02,8,0,0,1,6,136.22,144.02,15.094999999999999,-0.6899999999999977,-3.710000000000008,,,1756.0629336302263,2487.3692899999996,-7.800000000000011
2026-06-02 06:15:00+00:00,2026-06-02 08:15:00+02:00,2026-06-02,8,15,1,1,6,129.01,137.44,9.629999999999995,9.180000000000007,-6.039999999999992,,,1723.5467560269449,2397.3496999999998,-8.430000000000007
2026-06-02 06:30:00+00:00,2026-06-02 08:30:00+02:00,2026-06-02,8,30,2,1,6,118.56,127.53,-2.4849999999999994,11.590000000000003,-7.02000000000001,,,1712.1521191314473,2288.20117,-8.969999999999999
2026-06-02 06:45:00+00:00,2026-06-02 08:45:00+02:00,2026-06-02,8,45,3,1,6,108.6,108.36,-15.509999999999998,4.959999999999994,3.0500000000000114,,,1681.7449251383089,2205.9228399999997,0.23999999999999488
2026-06-02 07:00:00+00:00,2026-06-02 09:00:00+02:00,2026-06-02,9,0,0,1,6,125.02,121.93,14.045000000000002,-1.0100000000000051,-4.009999999999991,,,1667.6051513500015,2111.883,3.089999999999989
2026-06-02 07:15:00+00:00,2026-06-02 09:15:00+02:00,2026-06-02,9,15,1,1,6,110.05,121.27,6.750000000000007,-1.3599999999999852,-1.3599999999999852,,,1627.338866571189,2085.37511,-11.219999999999999
2026-06-02 07:30:00+00:00,2026-06-02 09:30:00+02:00,2026-06-02,9,30,2,1,6,99.4,97.54,-0.9450000000000016,6.989999999999998,4.319999999999993,,,1571.1794286918966,2061.1643,1.8599999999999994
2026-06-02 07:45:00+00:00,2026-06-02 09:45:00+02:00,2026-06-02,9,45,3,1,6,96.11,94.08,-8.485000000000007,4.390000000000001,4.390000000000001,,,1531.598378944713,2038.6372,2.030000000000001
2026-06-02 08:00:00+00:00,2026-06-02 10:00:00+02:00,2026-06-02,10,0,0,1,6,99.27,98.93,8.415000000000001,5.010000000000005,5.010000000000005,,,1500.5074872460661,2023.16912,0.3399999999999892
2026-06-02 08:15:00+00:00,2026-06-02 10:15:00+02:00,2026-06-02,10,15,1,1,6,94.17,93.24,5.164999999999999,5.750000000000001,4.75,,,1457.6602242420133,2045.81414,0.9300000000000068
2026-06-02 08:30:00+00:00,2026-06-02 10:30:00+02:00,2026-06-02,10,30,2,1,6,89.75,93.4,-1.4049999999999998,-0.75,15.58999999999999,,,1411.448941090745,2061.89517,-3.6500000000000057
2026-06-02 08:45:00+00:00,2026-06-02 10:45:00+02:00,2026-06-02,10,45,3,1,6,85.59,84.3,0.830000000000004,5.58,2.5,,,1376.4945275975817,2077.82268,1.2900000000000063
2026-06-02 09:00:00+00:00,2026-06-02 11:00:00+02:00,2026-06-02,11,0,0,1,6,92.25,89.82,9.39,-1.21,14.120000000000005,,,1362.5383628790676,2086.89352,2.430000000000007
2026-06-02 09:15:00+00:00,2026-06-02 11:15:00+02:00,2026-06-02,11,15,1,1,6,88.23,94.91,5.105,-0.5999999999999996,12.799999999999997,,,1313.3793440509232,2127.64974,-6.679999999999993
2026-06-02 09:30:00+00:00,2026-06-02 11:30:00+02:00,2026-06-02,11,30,2,1,6,86.58,83.54,3.38,1.01,28.659999999999997,,,1275.9071578615549,2170.23624,3.039999999999992
2026-06-02 09:45:00+00:00,2026-06-02 11:45:00+02:00,2026-06-02,11,45,3,1,6,84.73,81.12,4.350000000000005,7.14,23.980000000000004,,,1249.2343762773135,2203.37539,3.6099999999999994
2026-06-02 10:00:00+00:00,2026-06-02 12:00:00+02:00,2026-06-02,12,0,0,1,6,85.41,86.33,5.895,-4.3,4.579999999999998,,,1231.3696835554158,2239.79572,-0.9200000000000017
2026-06-02 10:15:00+00:00,2026-06-02 12:15:00+02:00,2026-06-02,12,15,1,1,6,83.63,82.43,5.530000000000001,4.61,6.450000000000003,,,1201.0569608119952,2302.98672,1.1999999999999886
2026-06-02 10:30:00+00:00,2026-06-02 12:30:00+02:00,2026-06-02,12,30,2,1,6,84.1,79.41,7.1599999999999975,7.33,6.989999999999995,,,1185.296065124674,2362.1505799999995,4.689999999999998
2026-06-02 10:45:00+00:00,2026-06-02 12:45:00+02:00,2026-06-02,12,45,3,1,6,84.94,73.95,8.824999999999998,9.459999999999994,9.459999999999994,,,1178.6172890946434,2416.7351,10.989999999999995
2026-06-02 11:00:00+00:00,2026-06-02 13:00:00+02:00,2026-06-02,13,0,0,1,6,85.99,80.09,6.72,6.6,9.189999999999998,,,1184.0813904462193,2483.49554,5.8999999999999915
2026-06-02 11:15:00+00:00,2026-06-02 13:15:00+02:00,2026-06-02,13,15,1,1,6,86.56,85.6,6.305000000000005,7.800000000000011,7.800000000000011,,,1176.7198552811187,2546.09195,0.960000000000008
2026-06-02 11:30:00+00:00,2026-06-02 13:30:00+02:00,2026-06-02,13,30,2,1,6,86.5,86.52,2.915000000000002,1.44,9.539999999999992,,,1169.2295588366385,2610.35462,-0.01999999999999602
2026-06-02 11:45:00+00:00,2026-06-02 13:45:00+02:00,2026-06-02,13,45,3,1,6,87.78,86.69,2.5050000000000017,2.03,46.330000000000005,,,1165.080433201062,2670.43024,1.0900000000000034
2026-06-02 12:00:00+00:00,2026-06-02 14:00:00+02:00,2026-06-02,14,0,0,1,6,84.9,84.91,5.03,4.17,44.59,,,1124.2091058605606,2641.27894,-0.009999999999990905
2026-06-02 12:15:00+00:00,2026-06-02 14:15:00+02:00,2026-06-02,14,15,1,1,6,89.2,89.21,4.844999999999997,9.42,12.079999999999998,,,1092.1022992968192,2659.90709,-0.009999999999990905
2026-06-02 12:30:00+00:00,2026-06-02 14:30:00+02:00,2026-06-02,14,30,2,1,6,91.47,92.5,7.0399999999999965,7.4,41.919999999999995,,,1059.458884800128,2665.83554,-1.0300000000000011
2026-06-02 12:45:00+00:00,2026-06-02 14:45:00+02:00,2026-06-02,14,45,3,1,6,96.23,96.51,6.820000000000004,0.2,38.57999999999999,,,1024.0171877006624,2662.7642499999997,-0.28000000000000114
2026-06-02 13:00:00+00:00,2026-06-02 15:00:00+02:00,2026-06-02,15,0,0,1,6,89.69,91.88,0.7949999999999994,12.36,12.36,,,996.641073904491,2652.94721,-2.1899999999999977
2026-06-02 13:15:00+00:00,2026-06-02 15:15:00+02:00,2026-06-02,15,15,1,1,6,94.08,96.5,3.3350000000000004,5.409999999999997,5.409999999999997,,,940.0559050727063,2580.22775,-2.4200000000000017
2026-06-02 13:30:00+00:00,2026-06-02 15:30:00+02:00,2026-06-02,15,30,2,1,6,98.84,101.83,4.410000000000004,-1.6999999999999997,18.52000000000001,,,885.0813748856884,2510.76588,-2.989999999999995
2026-06-02 13:45:00+00:00,2026-06-02 15:45:00+02:00,2026-06-02,15,45,3,1,6,105.8,108.74,7.830000000000005,-5.01,19.52000000000001,,,832.2304212394099,2446.1257100000003,-2.9399999999999977
2026-06-02 14:00:00+00:00,2026-06-02 16:00:00+02:00,2026-06-02,16,0,0,1,6,100.61,110.0,-1.5200000000000031,11.24,12.760000000000005,,,790.0906554974406,2381.97831,-9.39
2026-06-02 14:15:00+00:00,2026-06-02 16:15:00+02:00,2026-06-02,16,15,1,1,6,106.27,111.4,1.6949999999999976,10.899999999999999,11.259999999999991,,,749.6051167390717,2299.61385,-5.13000000000001
2026-06-02 14:30:00+00:00,2026-06-02 16:30:00+02:00,2026-06-02,16,30,2,1,6,114.17,114.32,4.460000000000004,-0.13000000000000256,5.310000000000002,,,717.4709948561036,2208.96259,-0.14999999999999147
2026-06-02 14:45:00+00:00,2026-06-02 16:45:00+02:00,2026-06-02,16,45,3,1,6,125.91,126.08,13.915,7.0,1.0500000000000114,,,675.1182874497927,2120.8570799999998,-0.1700000000000017
2026-06-02 15:00:00+00:00,2026-06-02 17:00:00+02:00,2026-06-02,17,0,0,1,6,116.42,120.58,-14.980000000000004,3.1799999999999997,4.569999999999993,,,647.7686765033283,2033.76613,-4.159999999999997
2026-06-02 15:15:00+00:00,2026-06-02 17:15:00+02:00,2026-06-02,17,15,1,1,6,124.87,121.42,-4.460000000000001,-3.950000000000003,-3.950000000000003,,,617.4067919690566,1929.00175,3.450000000000003
2026-06-02 15:30:00+00:00,2026-06-02 17:30:00+02:00,2026-06-02,17,30,2,1,6,131.05,134.06,3.1399999999999935,-2.8600000000000136,-2.8600000000000136,,,609.1367691825511,1827.36432,-3.009999999999991
2026-06-02 15:45:00+00:00,2026-06-02 17:45:00+02:00,2026-06-02,17,45,3,1,6,139.85,147.2,14.635000000000005,0.5100000000000051,-8.140000000000015,,,598.8469320971899,1720.78425,-7.349999999999994
2026-06-02 16:00:00+00:00,2026-06-02 18:00:00+02:00,2026-06-02,18,0,0,1,6,131.69,135.46,-13.840000000000003,4.509999999999991,4.509999999999991,,,601.1648745781027,1610.00191,-3.7700000000000102
2026-06-02 16:15:00+00:00,2026-06-02 18:15:00+02:00,2026-06-02,18,15,1,1,6,140.61,137.69,-4.644999999999996,-5.289999999999992,-11.72999999999999,,,625.9303244478347,1495.50495,2.920000000000016
2026-06-02 16:30:00+00:00,2026-06-02 18:30:00+02:00,2026-06-02,18,30,2,1,6,149.39,148.72,3.059999999999995,0.5700000000000216,0.5700000000000216,,,639.17789186167,1378.22448,0.6699999999999875
2026-06-02 16:45:00+00:00,2026-06-02 18:45:00+02:00,2026-06-02,18,45,3,1,6,163.48,170.0,13.130000000000003,-5.090000000000003,-5.090000000000003,,,653.70813238659,1258.16679,-6.52000000000001
2026-06-02 17:00:00+00:00,2026-06-02 19:00:00+02:00,2026-06-02,19,0,0,1,6,152.98,154.42,-14.769999999999989,-0.3100000000000023,-38.41,,,660.2509593157577,1137.40985,-1.4399999999999977
2026-06-02 17:15:00+00:00,2026-06-02 19:15:00+02:00,2026-06-02,19,15,1,1,6,157.23,161.7,-6.634999999999991,-6.310000000000002,-40.870000000000005,,,614.2734146672491,1103.76936,-4.469999999999999
2026-06-02 17:30:00+00:00,2026-06-02 19:30:00+02:00,2026-06-02,19,30,2,1,6,167.94,175.18,-1.3600000000000136,-12.900000000000006,-6.349999999999994,,,561.6763956195679,1065.161,-7.240000000000009
2026-06-02 17:45:00+00:00,2026-06-02 19:45:00+02:00,2026-06-02,19,45,3,1,6,175.0,212.5,9.034999999999982,-0.5,21.769999999999982,,,514.3104580687118,1026.63817,-37.5
2026-06-02 18:00:00+00:00,2026-06-02 20:00:00+02:00,2026-06-02,20,0,0,1,6,166.73,168.46,-8.25500000000001,-17.670000000000016,-24.920000000000016,,,465.79266033560293,991.56027,-1.7300000000000182
2026-06-02 18:15:00+00:00,2026-06-02 20:15:00+02:00,2026-06-02,20,15,1,1,6,160.98,181.47,-3.964999999999989,-3.609999999999985,-9.060000000000002,,,431.89679627560093,1052.64698,-20.49000000000001
2026-06-02 18:30:00+00:00,2026-06-02 20:30:00+02:00,2026-06-02,20,30,2,1,6,159.29,164.29,-3.0149999999999864,-5.849999999999994,-16.680000000000007,,,398.97002794140946,1103.67083,-5.0
2026-06-02 18:45:00+00:00,2026-06-02 20:45:00+02:00,2026-06-02,20,45,3,1,6,154.08,192.73,-2.2900000000000063,-24.47999999999999,-68.36000000000001,,,366.5611388348037,1135.3252,-38.64999999999998
2026-06-02 19:00:00+00:00,2026-06-02 21:00:00+02:00,2026-06-02,21,0,0,1,6,162.61,180.47,7.8300000000000125,-5.349999999999994,64.56,,,323.3260510407104,1178.0688599999999,-17.859999999999985
2026-06-02 19:15:00+00:00,2026-06-02 21:15:00+02:00,2026-06-02,21,15,1,1,6,152.34,165.01,2.1899999999999977,-25.840000000000003,-42.93000000000001,,,277.81599626309173,1294.6685,-12.669999999999987
2026-06-02 19:30:00+00:00,2026-06-02 21:30:00+02:00,2026-06-02,21,30,2,1,6,144.85,165.34,-5.415000000000006,2.089999999999975,14.75,,,240.2319539643207,1435.89418,-20.49000000000001
2026-06-02 19:45:00+00:00,2026-06-02 21:45:00+02:00,2026-06-02,21,45,3,1,6,135.92,150.01,-13.465000000000003,-7.180000000000007,-145.14999999999998,,,224.05526409519362,1589.8787399999999,-14.090000000000003
2026-06-02 20:00:00+00:00,2026-06-02 22:00:00+02:00,2026-06-02,22,0,0,1,6,149.08,162.71,9.14,8.650000000000006,49.16,,,215.58830017005693,1765.75792,-13.629999999999995
2026-06-02 20:15:00+00:00,2026-06-02 22:15:00+02:00,2026-06-02,22,15,1,1,6,141.75,144.7,2.0450000000000017,-1.3400000000000034,-27.650000000000006,,,206.43141465908286,2047.02857,-2.9499999999999886
2026-06-02 20:30:00+00:00,2026-06-02 22:30:00+02:00,2026-06-02,22,30,2,1,6,135.09,137.94,-1.8449999999999989,-0.19999999999998863,-6.340000000000003,,,208.52024493757443,2332.42581,-2.8499999999999943
2026-06-02 20:45:00+00:00,2026-06-02 22:45:00+02:00,2026-06-02,22,45,3,1,6,131.22,125.0,-7.529999999999987,-3.660000000000025,-81.08000000000001,,,212.55142698351244,2624.6350700000003,6.219999999999999
2026-06-02 21:00:00+00:00,2026-06-02 23:00:00+02:00,2026-06-02,23,0,0,1,6,133.62,139.7,6.305000000000007,3.069999999999993,-0.5099999999999909,,,227.44155122378783,2930.68103,-6.079999999999984
2026-06-02 21:15:00+00:00,2026-06-02 23:15:00+02:00,2026-06-02,23,15,1,1,6,122.21,120.01,0.5599999999999881,-0.5699999999999932,-2.4099999999999966,,,273.1197435083225,3326.04383,2.1999999999999886
2026-06-02 21:30:00+00:00,2026-06-02 23:30:00+02:00,2026-06-02,23,30,2,1,6,117.7,125.5,-0.9349999999999952,0.29999999999998295,-2.019999999999982,,,315.59566644554957,3726.84865,-7.799999999999997
2026-06-02 21:45:00+00:00,2026-06-02 23:45:00+02:00,2026-06-02,23,45,3,1,6,108.5,113.04,-3.4950000000000117,-0.0800000000000125,-3.5100000000000193,,,347.01006116924344,4125.41847,-4.540000000000006
2026-06-02 22:00:00+00:00,2026-06-03 00:00:00+02:00,2026-06-03,0,0,0,2,6,118.0,119.1,1.8400000000000034,-0.5499999999999972,0.21000000000000796,,,1078.4451789435318,5035.73363,-1.0999999999999943
2026-06-02 22:15:00+00:00,2026-06-03 00:15:00+02:00,2026-06-03,0,15,1,2,6,119.47,118.8,0.13000000000000966,-0.7000000000000028,-5.990000000000009,,,1038.3970002849785,5561.43432,0.6700000000000017
2026-06-02 22:30:00+00:00,2026-06-03 00:30:00+02:00,2026-06-03,0,30,2,2,6,117.57,115.01,-0.9799999999999898,-0.5600000000000023,-1.9300000000000068,,,1059.5514608631843,6194.58463,2.559999999999988
2026-06-02 22:45:00+00:00,2026-06-03 00:45:00+02:00,2026-06-03,0,45,3,2,6,115.29,112.99,-2.1999999999999886,-1.8400000000000034,-1.4800000000000182,,,1044.8470200659938,6797.39995,2.3000000000000114
2026-06-02 23:00:00+00:00,2026-06-03 01:00:00+02:00,2026-06-03,1,0,0,2,6,120.41,115.01,1.9799999999999898,-0.6950000000000074,-3.5,,,1037.0352902486825,7311.09067,5.3999999999999915
2026-06-02 23:15:00+00:00,2026-06-03 01:15:00+02:00,2026-06-03,1,15,1,2,6,116.96,114.25,-0.04999999999999716,-1.5349999999999895,-1.789999999999992,,,1008.4612328648484,7798.81947,2.7099999999999937
2026-06-02 23:30:00+00:00,2026-06-03 01:30:00+02:00,2026-06-03,1,30,2,2,6,114.11,111.1,-0.25,-0.2700000000000031,-0.37999999999999545,,,1049.7677652687462,8357.73492,3.010000000000005
2026-06-02 23:45:00+00:00,2026-06-03 01:45:00+02:00,2026-06-03,1,45,3,2,6,110.2,110.01,-1.289999999999992,-3.145000000000003,-5.5,,,1095.5362485538167,8894.804960000001,0.18999999999999773
2026-06-03 00:00:00+00:00,2026-06-03 02:00:00+02:00,2026-06-03,2,0,0,2,6,111.73,107.91,0.8599999999999994,-0.5749999999999957,-4.509999999999991,,,1121.181106224735,9376.38355,3.8200000000000074
2026-06-03 00:15:00+00:00,2026-06-03 02:15:00+02:00,2026-06-03,2,15,1,2,6,109.22,107.68,-0.3200000000000074,-1.095000000000006,-6.150000000000006,,,1119.2891404029626,9707.136770000001,1.539999999999992
2026-06-03 00:30:00+00:00,2026-06-03 02:30:00+02:00,2026-06-03,2,30,2,2,6,109.66,107.76,-0.4200000000000017,-3.365000000000002,-4.929999999999993,,,1161.4200205898871,10020.096720000001,1.8999999999999915
2026-06-03 00:45:00+00:00,2026-06-03 02:45:00+02:00,2026-06-03,2,45,3,2,6,109.73,103.25,-1.8499999999999943,-4.319999999999993,-5.549999999999997,,,1149.8819379595911,10358.29052,6.480000000000004
2026-06-03 01:00:00+00:00,2026-06-03 03:00:00+02:00,2026-06-03,3,0,0,2,6,109.34,105.23,-2.8699999999999903,-3.3800000000000026,-6.3700000000000045,,,835.4342291821645,10536.34477,4.109999999999999
2026-06-03 01:15:00+00:00,2026-06-03 03:15:00+02:00,2026-06-03,3,15,1,2,6,109.52,104.3,-0.6500000000000057,-1.6950000000000003,-5.109999999999999,,,863.9937225930265,10818.82425,5.219999999999999
2026-06-03 01:30:00+00:00,2026-06-03 03:30:00+02:00,2026-06-03,3,30,2,2,6,110.08,106.73,-1.5400000000000063,-3.2749999999999986,-3.4000000000000057,,,777.7524196018375,10938.358,3.3499999999999943
2026-06-03 01:45:00+00:00,2026-06-03 03:45:00+02:00,2026-06-03,3,45,3,2,6,110.71,108.34,-0.6299999999999955,-0.7999999999999972,-4.079999999999998,,,780.5987156563586,11152.8075,2.3699999999999903
2026-06-03 02:00:00+00:00,2026-06-03 04:00:00+02:00,2026-06-03,4,0,0,2,6,110.52,105.01,-2.269999999999996,-2.279999999999994,-7.11999999999999,,,700.4484813340622,11277.840329999999,5.509999999999991
2026-06-03 02:15:00+00:00,2026-06-03 04:15:00+02:00,2026-06-03,4,15,1,2,6,110.87,106.42,0.6900000000000119,0.8300000000000054,-3.1400000000000006,,,637.787457496317,11381.78276,4.450000000000003
2026-06-03 02:30:00+00:00,2026-06-03 04:30:00+02:00,2026-06-03,4,30,2,2,6,114.46,107.68,0.37000000000000455,-1.4450000000000003,-4.230000000000004,,,588.2870049070814,11417.74146,6.779999999999987
2026-06-03 02:45:00+00:00,2026-06-03 04:45:00+02:00,2026-06-03,4,45,3,2,6,112.31,108.14,1.2600000000000051,-1.0449999999999946,-5.989999999999995,,,559.1291722646664,11547.09363,4.170000000000002
2026-06-03 03:00:00+00:00,2026-06-03 05:00:00+02:00,2026-06-03,5,0,0,2,6,110.42,108.29,-2.7700000000000102,-2.065000000000005,-4.590000000000003,,,529.4179182769227,11664.76296,2.1299999999999955
2026-06-03 03:15:00+00:00,2026-06-03 05:15:00+02:00,2026-06-03,5,15,1,2,6,114.88,109.84,-1.0900000000000034,-1.9149999999999991,-3.8599999999999994,,,485.6830960036338,11715.340049999999,5.039999999999992
2026-06-03 03:30:00+00:00,2026-06-03 05:30:00+02:00,2026-06-03,5,30,2,2,6,122.67,113.69,-0.2599999999999909,-0.9349999999999952,-4.819999999999993,,,462.37556267779297,11772.330030000001,8.980000000000004
2026-06-03 03:45:00+00:00,2026-06-03 05:45:00+02:00,2026-06-03,5,45,3,2,6,125.15,121.28,4.030000000000001,1.2349999999999994,-3.6299999999999955,,,414.77308298151246,11733.24555,3.8700000000000045
2026-06-03 04:00:00+00:00,2026-06-03 06:00:00+02:00,2026-06-03,6,0,0,2,6,128.44,127.34,-7.090000000000018,-0.2950000000000088,-1.7500000000000142,,,267.7497194667162,12009.35971,1.0999999999999943
2026-06-03 04:15:00+00:00,2026-06-03 06:15:00+02:00,2026-06-03,6,15,1,2,6,133.22,131.5,-1.9799999999999898,-5.795000000000009,-9.830000000000013,,,247.04626573858909,11812.35889,1.7199999999999989
2026-06-03 04:30:00+00:00,2026-06-03 06:30:00+02:00,2026-06-03,6,30,2,2,6,134.7,132.23,-0.009999999999990905,1.5050000000000026,0.09000000000000341,,,265.94004865860535,11755.48343,2.469999999999999
2026-06-03 04:45:00+00:00,2026-06-03 06:45:00+02:00,2026-06-03,6,45,3,2,6,135.5,136.28,-1.009999999999991,-0.4199999999999946,-11.470000000000013,,,294.9553749296153,11667.59137,-0.7800000000000011
2026-06-03 05:00:00+00:00,2026-06-03 07:00:00+02:00,2026-06-03,7,0,0,2,6,144.62,137.94,2.140000000000015,-4.814999999999991,-6.329999999999984,,,337.0363002043968,11631.35953,6.680000000000007
2026-06-03 05:15:00+00:00,2026-06-03 07:15:00+02:00,2026-06-03,7,15,1,2,6,140.46,135.01,1.4199999999999875,-5.085000000000008,-7.689999999999998,,,453.30307791929266,11164.943360000001,5.450000000000017
2026-06-03 05:30:00+00:00,2026-06-03 07:30:00+02:00,2026-06-03,7,30,2,2,6,136.17,134.02,-0.730000000000004,-2.0899999999999963,1.5800000000000125,,,508.980655570303,10752.774529999999,2.1499999999999773
2026-06-03 05:45:00+00:00,2026-06-03 07:45:00+02:00,2026-06-03,7,45,3,2,6,130.0,126.0,-8.030000000000001,1.1350000000000051,3.460000000000008,,,571.0285001586328,10275.81589,4.0
2026-06-03 06:00:00+00:00,2026-06-03 08:00:00+02:00,2026-06-03,8,0,0,2,6,148.0,140.0,13.190000000000012,-2.200000000000003,-7.800000000000011,,,569.6983358211398,9759.885849999999,8.0
2026-06-03 06:15:00+00:00,2026-06-03 08:15:00+02:00,2026-06-03,8,15,1,2,6,133.34,127.0,9.180000000000007,1.5700000000000074,-8.430000000000007,,,499.3368043191692,9139.92788,6.340000000000003
2026-06-03 06:30:00+00:00,2026-06-03 08:30:00+02:00,2026-06-03,8,30,2,2,6,124.32,119.0,-3.609999999999985,2.2849999999999966,-8.969999999999999,,,439.5045118604548,8529.00621,5.319999999999993
2026-06-03 06:45:00+00:00,2026-06-03 08:45:00+02:00,2026-06-03,8,45,3,2,6,113.0,113.31,-14.549999999999997,4.005000000000003,0.23999999999999488,,,368.3527099237181,7960.27152,-0.3100000000000023
2026-06-03 07:00:00+00:00,2026-06-03 09:00:00+02:00,2026-06-03,9,0,0,2,6,126.6,133.27,9.019999999999996,1.039999999999992,3.089999999999989,,,304.644080000223,7517.637000000001,-6.670000000000016
2026-06-03 07:15:00+00:00,2026-06-03 09:15:00+02:00,2026-06-03,9,15,1,2,6,117.37,108.8,4.680000000000007,-5.749999999999993,-11.219999999999999,,,302.311187035917,7467.72472,8.570000000000007
2026-06-03 07:30:00+00:00,2026-06-03 09:30:00+02:00,2026-06-03,9,30,2,2,6,107.84,106.27,-0.3400000000000034,5.654999999999996,1.8599999999999994,,,342.0320329154085,7419.3825400000005,1.5700000000000074
2026-06-03 07:45:00+00:00,2026-06-03 09:45:00+02:00,2026-06-03,9,45,3,2,6,96.5,92.16,-7.480000000000004,3.210000000000001,2.030000000000001,,,428.0155181818905,7363.765530000001,4.340000000000003
2026-06-03 08:00:00+00:00,2026-06-03 10:00:00+02:00,2026-06-03,10,0,0,2,6,103.14,103.2,6.140000000000004,4.105000000000002,0.3399999999999892,,,517.3071059681699,7336.576929999999,-0.060000000000002274
2026-06-03 08:15:00+00:00,2026-06-03 10:15:00+02:00,2026-06-03,10,15,1,2,6,95.35,94.48,4.75,5.25,0.9300000000000068,,,570.5586188531443,7506.21673,0.8699999999999903
2026-06-03 08:30:00+00:00,2026-06-03 10:30:00+02:00,2026-06-03,10,30,2,2,6,93.74,73.0,-2.0599999999999996,-1.4049999999999998,-3.6500000000000057,,,632.2486899620121,7694.00506,20.739999999999995
2026-06-03 08:45:00+00:00,2026-06-03 10:45:00+02:00,2026-06-03,10,45,3,2,6,88.17,65.11,1.2900000000000063,4.04,1.2900000000000063,,,644.3775161620879,7785.301890000001,23.060000000000002
2026-06-03 09:00:00+00:00,2026-06-03 11:00:00+02:00,2026-06-03,11,0,0,2,6,87.61,89.95,7.430000000000007,0.6100000000000034,2.430000000000007,,,713.4423172235108,8007.19814,-2.3400000000000034
2026-06-03 09:15:00+00:00,2026-06-03 11:15:00+02:00,2026-06-03,11,15,1,2,6,77.98,57.14,3.73,-1.5949999999999998,-6.679999999999993,,,767.2485494476125,8266.41487,20.840000000000003
2026-06-03 09:30:00+00:00,2026-06-03 11:30:00+02:00,2026-06-03,11,30,2,2,6,73.42,42.56,3.039999999999992,2.024999999999996,3.039999999999992,,,836.3423783315063,8545.0487,30.86
2026-06-03 09:45:00+00:00,2026-06-03 11:45:00+02:00,2026-06-03,11,45,3,2,6,61.07,27.98,3.6099999999999994,5.375,3.6099999999999994,,,897.5774197622485,8803.80859,33.09
2026-06-03 10:00:00+00:00,2026-06-03 12:00:00+02:00,2026-06-03,12,0,0,2,6,68.46,33.44,4.579999999999998,-2.6100000000000008,-0.9200000000000017,,,956.7922568768539,9071.71017,35.019999999999996
2026-06-03 10:15:00+00:00,2026-06-03 12:15:00+02:00,2026-06-03,12,15,1,2,6,54.26,27.25,4.61,2.9049999999999945,1.1999999999999886,,,994.8743672405152,9268.52875,27.009999999999998
2026-06-03 10:30:00+00:00,2026-06-03 12:30:00+02:00,2026-06-03,12,30,2,2,6,46.84,52.37,6.989999999999995,7.1599999999999975,4.689999999999998,,,1051.1834118740944,9483.81492,-5.529999999999994
2026-06-03 10:45:00+00:00,2026-06-03 12:45:00+02:00,2026-06-03,12,45,3,2,6,39.68,18.7,9.459999999999994,9.814999999999998,10.989999999999995,,,1108.8252711586406,9691.18399,20.98
2026-06-03 11:00:00+00:00,2026-06-03 13:00:00+02:00,2026-06-03,13,0,0,2,6,45.53,50.09,6.6,6.249999999999996,5.8999999999999915,,,1158.82107448215,9881.59588,-4.560000000000002
2026-06-03 11:15:00+00:00,2026-06-03 13:15:00+02:00,2026-06-03,13,15,1,2,6,38.38,40.0,4.809999999999999,4.38000000000001,0.960000000000008,,,1218.7822577298655,9915.095319999999,-1.6199999999999974
2026-06-03 11:30:00+00:00,2026-06-03 13:30:00+02:00,2026-06-03,13,30,2,2,6,33.31,35.35,1.74,0.710000000000002,-0.01999999999999602,,,1256.7959974575197,9960.13234,-2.039999999999999
2026-06-03 11:45:00+00:00,2026-06-03 13:45:00+02:00,2026-06-03,13,45,3,2,6,23.9,15.0,2.17,1.5600000000000016,1.0900000000000034,,,1261.133611060256,9897.96354,8.899999999999999
2026-06-03 12:00:00+00:00,2026-06-03 14:00:00+02:00,2026-06-03,14,0,0,2,6,26.77,29.21,4.17,2.625,-0.009999999999990905,,,1152.2862665383423,9369.827,-2.4400000000000013
2026-06-03 12:15:00+00:00,2026-06-03 14:15:00+02:00,2026-06-03,14,15,1,2,6,30.97,36.06,3.620000000000001,4.7050000000000045,-0.009999999999990905,,,1133.8050123065607,9271.57077,-5.090000000000003
2026-06-03 12:30:00+00:00,2026-06-03 14:30:00+02:00,2026-06-03,14,30,2,2,6,31.82,37.88,6.679999999999993,3.1849999999999996,-1.0300000000000011,,,1113.3889983201004,9152.39736,-6.060000000000002
2026-06-03 12:45:00+00:00,2026-06-03 14:45:00+02:00,2026-06-03,14,45,3,2,6,39.64,49.02,3.6500000000000057,-0.04000000000000056,-0.28000000000000114,,,1091.7324582996278,9028.57708,-9.380000000000003
2026-06-03 13:00:00+00:00,2026-06-03 15:00:00+02:00,2026-06-03,15,0,0,2,6,25.47,29.38,0.46999999999999886,10.75,-2.1899999999999977,,,1079.1782570109654,8920.68472,-3.91
2026-06-03 13:15:00+00:00,2026-06-03 15:15:00+02:00,2026-06-03,15,15,1,2,6,39.43,44.81,1.3900000000000006,1.4949999999999974,-2.4200000000000017,,,1035.1153096991836,8931.77152,-5.380000000000003
2026-06-03 13:30:00+00:00,2026-06-03 15:30:00+02:00,2026-06-03,15,30,2,2,6,40.49,48.75,4.090000000000003,-2.344999999999997,-2.989999999999995,,,994.0849362249089,8943.97416,-8.259999999999998
2026-06-03 13:45:00+00:00,2026-06-03 15:45:00+02:00,2026-06-03,15,45,3,2,6,43.7,65.46,6.700000000000003,-3.9749999999999988,-2.9399999999999977,,,954.0954131789529,8973.15951,-21.75999999999999
2026-06-03 14:00:00+00:00,2026-06-03 16:00:00+02:00,2026-06-03,16,0,0,2,6,41.16,39.19,-2.0600000000000023,9.215,-9.39,,,909.7491513275053,9007.32815,1.9699999999999989
2026-06-03 14:15:00+00:00,2026-06-03 16:15:00+02:00,2026-06-03,16,15,1,2,6,59.62,54.55,-1.0100000000000051,7.6499999999999995,-5.13000000000001,,,907.7869520733057,9224.27267,5.07
2026-06-03 14:30:00+00:00,2026-06-03 16:30:00+02:00,2026-06-03,16,30,2,2,6,73.0,84.14,3.990000000000009,-0.13999999999999702,-0.14999999999999147,,,923.1061105270602,9457.33343,-11.14
2026-06-03 14:45:00+00:00,2026-06-03 16:45:00+02:00,2026-06-03,16,45,3,2,6,94.22,107.76,12.540000000000006,4.025000000000006,-0.1700000000000017,,,938.0932499088052,9681.714810000001,-13.540000000000006
2026-06-03 15:00:00+00:00,2026-06-03 17:00:00+02:00,2026-06-03,17,0,0,2,6,68.01,67.87,-14.830000000000013,2.320000000000004,-4.159999999999997,,,976.4330019461379,9932.065270000001,0.14000000000000057
2026-06-03 15:15:00+00:00,2026-06-03 17:15:00+02:00,2026-06-03,17,15,1,2,6,83.84,95.07,-3.950000000000003,-2.5549999999999997,3.450000000000003,,,1008.3842305055069,10202.28658,-11.22999999999999
2026-06-03 15:30:00+00:00,2026-06-03 17:30:00+02:00,2026-06-03,17,30,2,2,6,102.46,106.37,2.6999999999999886,-2.8950000000000102,-3.009999999999991,,,1045.2848852335549,10471.53104,-3.910000000000011
2026-06-03 15:45:00+00:00,2026-06-03 17:45:00+02:00,2026-06-03,17,45,3,2,6,112.5,117.41,13.510000000000005,-3.4199999999999946,-7.349999999999994,,,1101.1490132539486,10750.7167,-4.909999999999997
2026-06-03 16:00:00+00:00,2026-06-03 18:00:00+02:00,2026-06-03,18,0,0,2,6,98.31,103.26,-13.040000000000006,2.144999999999996,-3.7700000000000102,,,1145.7448976181722,11005.34311,-4.950000000000003
2026-06-03 16:15:00+00:00,2026-06-03 18:15:00+02:00,2026-06-03,18,15,1,2,6,109.48,124.99,-4.349999999999994,-1.654999999999994,2.920000000000016,,,1060.7223465760444,11152.65898,-15.509999999999991
2026-06-03 16:30:00+00:00,2026-06-03 18:30:00+02:00,2026-06-03,18,30,2,2,6,126.76,130.81,2.9799999999999898,0.6200000000000045,0.6699999999999875,,,977.2428241784713,11299.0167,-4.049999999999997
2026-06-03 16:45:00+00:00,2026-06-03 18:45:00+02:00,2026-06-03,18,45,3,2,6,133.29,150.9,11.960000000000008,-5.805000000000007,-6.52000000000001,,,899.6193006743127,11451.33505,-17.610000000000014
2026-06-03 17:00:00+00:00,2026-06-03 19:00:00+02:00,2026-06-03,19,0,0,2,6,121.89,132.76,-14.549999999999997,-0.875,-1.4399999999999977,,,846.7282040805354,11642.35009,-10.86999999999999
2026-06-03 17:15:00+00:00,2026-06-03 19:15:00+02:00,2026-06-03,19,15,1,2,6,131.81,146.82,-6.310000000000002,-5.390000000000001,-4.469999999999999,,,857.9742853965367,11993.87208,-15.009999999999991
2026-06-03 17:30:00+00:00,2026-06-03 19:30:00+02:00,2026-06-03,19,30,2,2,6,140.22,141.58,-2.2900000000000205,-10.070000000000007,-7.240000000000009,,,867.1420348372619,12337.06524,-1.3600000000000136
2026-06-03 17:45:00+00:00,2026-06-03 19:45:00+02:00,2026-06-03,19,45,3,2,6,150.92,175.0,8.519999999999982,-12.875,-37.5,,,889.9415272329976,12691.61508,-24.080000000000013
2026-06-03 18:00:00+00:00,2026-06-03 20:00:00+02:00,2026-06-03,20,0,0,2,6,147.0,152.9,-7.8300000000000125,-10.77000000000001,-1.7300000000000182,,,906.1278010843976,13025.74471,-5.900000000000006
2026-06-03 18:15:00+00:00,2026-06-03 20:15:00+02:00,2026-06-03,20,15,1,2,6,146.64,154.91,-4.319999999999993,-6.334999999999994,-20.49000000000001,,,936.100860134932,13514.174009999999,-8.27000000000001
2026-06-03 18:30:00+00:00,2026-06-03 20:30:00+02:00,2026-06-03,20,30,2,2,6,147.99,145.29,-3.1399999999999864,-5.424999999999997,-5.0,,,978.2003421590507,13990.35896,2.700000000000017
2026-06-03 18:45:00+00:00,2026-06-03 20:45:00+02:00,2026-06-03,20,45,3,2,6,143.81,162.09,-3.319999999999993,-31.564999999999984,-38.64999999999998,,,1019.3390516065343,14448.13383,-18.28
2026-06-03 19:00:00+00:00,2026-06-03 21:00:00+02:00,2026-06-03,21,0,0,2,6,149.28,160.52,6.950000000000017,-6.189999999999998,-17.859999999999985,,,1041.3344749490977,14883.12088,-11.240000000000009
2026-06-03 19:15:00+00:00,2026-06-03 21:15:00+02:00,2026-06-03,21,15,1,2,6,139.65,150.01,1.7199999999999989,-19.254999999999995,-12.669999999999987,,,1034.429025893133,15341.73918,-10.359999999999985
2026-06-03 19:30:00+00:00,2026-06-03 21:30:00+02:00,2026-06-03,21,30,2,2,6,129.64,143.11,-5.930000000000007,-7.445000000000022,-20.49000000000001,,,1021.7991119623214,15812.58403,-13.470000000000027
2026-06-03 19:45:00+00:00,2026-06-03 21:45:00+02:00,2026-06-03,21,45,3,2,6,122.0,132.75,-13.900000000000006,-10.635000000000005,-14.090000000000003,,,1013.775575169973,16292.4374,-10.75
2026-06-03 20:00:00+00:00,2026-06-03 22:00:00+02:00,2026-06-03,22,0,0,2,6,136.41,139.12,8.650000000000006,2.8500000000000085,-13.629999999999995,,,1001.9306448661509,16576.19737,-2.710000000000008
2026-06-03 20:15:00+00:00,2026-06-03 22:15:00+02:00,2026-06-03,22,15,1,2,6,126.81,127.45,1.8700000000000045,-2.144999999999996,-2.9499999999999886,,,1011.6245992767863,16940.23454,-0.6400000000000006
2026-06-03 20:30:00+00:00,2026-06-03 22:30:00+02:00,2026-06-03,22,30,2,2,6,115.97,117.73,-2.049999999999983,-1.5249999999999915,-2.8499999999999943,,,1024.8578329536545,17309.18799,-1.7600000000000051
2026-06-03 20:45:00+00:00,2026-06-03 22:45:00+02:00,2026-06-03,22,45,3,2,6,107.4,111.2,-7.47999999999999,-0.7650000000000148,6.219999999999999,,,1040.0704357507857,17683.2878,-3.799999999999997
2026-06-03 21:00:00+00:00,2026-06-03 23:00:00+02:00,2026-06-03,23,0,0,2,6,111.69,115.97,6.150000000000006,1.2800000000000011,-6.079999999999984,,,1064.0020549856895,18034.13236,-4.280000000000001
2026-06-03 21:15:00+00:00,2026-06-03 23:15:00+02:00,2026-06-03,23,15,1,2,6,101.92,108.8,0.6899999999999977,-0.07000000000000739,2.1999999999999886,,,1013.9211025995297,18050.94002,-6.8799999999999955
2026-06-03 21:30:00+00:00,2026-06-03 23:30:00+02:00,2026-06-03,23,30,2,2,6,98.88,100.3,-2.019999999999982,-0.8599999999999994,-7.799999999999997,,,960.288291957772,18063.38336,-1.4200000000000017
2026-06-03 21:45:00+00:00,2026-06-03 23:45:00+02:00,2026-06-03,23,45,3,2,6,83.51,82.41,-3.5100000000000193,-1.795000000000016,-4.540000000000006,,,912.8149631009129,18091.500829999997,1.1000000000000085
2026-06-03 22:00:00+00:00,2026-06-04 00:00:00+02:00,2026-06-04,0,0,0,3,6,92.55,100.55,0.21000000000000796,-1.0999999999999943,-1.0999999999999943,-0.42799999999999727,,859.1756125723832,19035.0994,-8.0
2026-06-03 22:15:00+00:00,2026-06-04 00:15:00+02:00,2026-06-04,0,15,1,3,6,83.43,90.2,0.13000000000000966,0.0,0.6700000000000017,-1.2039999999999964,,811.0141701237359,19096.88538,-6.769999999999996
2026-06-03 22:30:00+00:00,2026-06-04 00:30:00+02:00,2026-06-04,0,30,2,3,6,79.55,84.99,-0.9799999999999898,0.8100000000000023,2.559999999999988,0.6379999999999939,,918.5202710143142,19272.96879,-5.439999999999998
2026-06-03 22:45:00+00:00,2026-06-04 00:45:00+02:00,2026-06-04,0,45,3,3,6,65.21,79.99,-2.1999999999999886,-1.4800000000000182,2.3000000000000114,-1.219999999999996,,871.2966661949339,19279.22993,-14.780000000000001
2026-06-03 23:00:00+00:00,2026-06-04 01:00:00+02:00,2026-06-04,1,0,0,3,6,71.64,80.46,1.9799999999999898,1.1099999999999852,5.3999999999999915,0.497999999999994,,843.68856396489,19062.96871,-8.819999999999993
2026-06-03 23:15:00+00:00,2026-06-04 01:15:00+02:00,2026-06-04,1,15,1,3,6,70.5,79.81,-0.04999999999999716,-1.279999999999987,2.7099999999999937,0.24200000000000124,,790.388034906438,18691.352359999997,-9.310000000000002
2026-06-03 23:30:00+00:00,2026-06-04 01:30:00+02:00,2026-06-04,1,30,2,3,6,66.12,73.25,-0.25,-0.1600000000000108,3.010000000000005,-0.3339999999999975,,860.0943739105456,18691.05822,-7.1299999999999955
2026-06-03 23:45:00+00:00,2026-06-04 01:45:00+02:00,2026-06-04,1,45,3,3,6,62.61,69.09,-1.289999999999992,-0.9500000000000028,0.18999999999999773,-2.2140000000000013,,924.6767501281231,18397.1683,-6.480000000000004
2026-06-04 00:00:00+00:00,2026-06-04 02:00:00+02:00,2026-06-04,2,0,0,3,6,61.47,69.99,0.8599999999999994,0.8599999999999994,3.8200000000000074,-0.19399999999999692,,981.5217134011049,17992.1303,-8.519999999999996
2026-06-04 00:15:00+00:00,2026-06-04 02:15:00+02:00,2026-06-04,2,15,1,3,6,60.3,68.7,-0.3200000000000074,-0.3200000000000074,1.539999999999992,-1.3720000000000045,,1050.091379142534,17538.92026,-8.400000000000006
2026-06-04 00:30:00+00:00,2026-06-04 02:30:00+02:00,2026-06-04,2,30,2,3,6,58.38,63.57,-0.4200000000000017,-2.1500000000000057,1.8999999999999915,-1.6800000000000033,,1133.3604052287262,17311.14543,-5.189999999999998
2026-06-04 00:45:00+00:00,2026-06-04 02:45:00+02:00,2026-06-04,2,45,3,3,6,56.05,65.83,-1.8499999999999943,-3.089999999999989,6.480000000000004,-1.245999999999998,,1143.5104166160286,17114.15262,-9.780000000000001
2026-06-04 01:00:00+00:00,2026-06-04 03:00:00+02:00,2026-06-04,3,0,0,3,6,59.9,66.4,-2.8699999999999903,-2.8800000000000097,4.109999999999999,-2.040000000000004,,918.3601193010451,16975.67835,-6.500000000000007
2026-06-04 01:15:00+00:00,2026-06-04 03:15:00+02:00,2026-06-04,3,15,1,3,6,58.62,65.0,-0.6500000000000057,1.0999999999999943,5.219999999999999,0.09400000000000049,,971.3955437518536,16834.32787,-6.380000000000003
2026-06-04 01:30:00+00:00,2026-06-04 03:30:00+02:00,2026-06-04,3,30,2,3,6,58.21,66.98,-1.5400000000000063,-3.1499999999999915,3.3499999999999943,-1.6400000000000035,,858.7451223002771,16861.62976,-8.770000000000003
2026-06-04 01:45:00+00:00,2026-06-04 03:45:00+02:00,2026-06-04,3,45,3,3,6,57.86,68.69,-0.6299999999999955,0.5600000000000023,2.3699999999999903,-0.030000000000001137,,845.2423722908468,16840.84229,-10.829999999999998
2026-06-04 02:00:00+00:00,2026-06-04 04:00:00+02:00,2026-06-04,4,0,0,3,6,57.81,66.49,-2.269999999999996,-0.5099999999999909,5.509999999999991,-1.3079999999999985,,718.9454198674183,17026.0157,-8.679999999999993
2026-06-04 02:15:00+00:00,2026-06-04 04:15:00+02:00,2026-06-04,4,15,1,3,6,57.17,66.2,0.6900000000000119,0.9699999999999989,4.450000000000003,0.8960000000000065,,660.675629451581,17001.21788,-9.030000000000001
2026-06-04 02:30:00+00:00,2026-06-04 04:30:00+02:00,2026-06-04,4,30,2,3,6,57.44,66.17,0.37000000000000455,-1.1899999999999977,6.779999999999987,0.26399999999999296,,588.3342826067512,17246.52541,-8.730000000000004
2026-06-04 02:45:00+00:00,2026-06-04 04:45:00+02:00,2026-06-04,4,45,3,3,6,59.79,70.0,1.2600000000000051,-1.009999999999991,4.170000000000002,-0.5299999999999969,,586.0463517384703,17517.85323,-10.21
2026-06-04 03:00:00+00:00,2026-06-04 05:00:00+02:00,2026-06-04,5,0,0,3,6,54.72,64.12,-2.7700000000000102,-1.3599999999999994,2.1299999999999955,-0.6640000000000044,,569.6783270017197,17574.60191,-9.400000000000006
2026-06-04 03:15:00+00:00,2026-06-04 05:15:00+02:00,2026-06-04,5,15,1,3,6,56.41,68.59,-1.0900000000000034,0.030000000000001137,5.039999999999992,-0.3000000000000028,,538.3277473356883,17589.27571,-12.180000000000007
2026-06-04 03:30:00+00:00,2026-06-04 05:30:00+02:00,2026-06-04,5,30,2,3,6,55.86,73.07,-0.2599999999999909,-0.2599999999999909,8.980000000000004,0.7780000000000058,,493.2796854166831,17509.7909,-17.209999999999994
2026-06-04 03:45:00+00:00,2026-06-04 05:45:00+02:00,2026-06-04,5,45,3,3,6,56.4,72.0,3.8700000000000045,3.8700000000000045,3.8700000000000045,1.6220000000000028,,428.62558929494827,17499.18682,-15.600000000000001
2026-06-04 04:00:00+00:00,2026-06-04 06:00:00+02:00,2026-06-04,6,0,0,3,6,58.0,80.0,-4.440000000000012,1.0999999999999943,1.0999999999999943,-0.37000000000000455,,243.7015636026557,17358.09977,-22.0
2026-06-04 04:15:00+00:00,2026-06-04 06:15:00+02:00,2026-06-04,6,15,1,3,6,61.56,85.09,-1.9799999999999898,-1.7600000000000051,1.7199999999999989,-3.634000000000006,,246.85221618297538,17328.94422,-23.53
2026-06-04 04:30:00+00:00,2026-06-04 06:30:00+02:00,2026-06-04,6,30,2,3,6,65.0,74.77,-0.009999999999990905,2.469999999999999,2.469999999999999,1.316000000000011,,350.2986263643959,17377.39947,-9.769999999999996
2026-06-04 04:45:00+00:00,2026-06-04 06:45:00+02:00,2026-06-04,6,45,3,3,6,63.44,88.47,-1.009999999999991,-0.7800000000000011,-0.7800000000000011,-1.8780000000000001,,278.396270711769,17111.16623,-25.03
2026-06-04 05:00:00+00:00,2026-06-04 07:00:00+02:00,2026-06-04,7,0,0,3,6,86.83,89.02,2.140000000000015,-3.299999999999997,6.680000000000007,-2.0019999999999953,,163.53740314889626,16776.41848,-2.1899999999999977
2026-06-04 05:15:00+00:00,2026-06-04 07:15:00+02:00,2026-06-04,7,15,1,3,6,84.5,79.26,1.4199999999999875,-2.480000000000018,5.450000000000017,-2.2759999999999927,,134.29606196478056,16669.35551,5.239999999999995
2026-06-04 05:30:00+00:00,2026-06-04 07:30:00+02:00,2026-06-04,7,30,2,3,6,79.9,76.4,-0.730000000000004,-1.0799999999999983,2.1499999999999773,-3.4940000000000024,,43.937857221864924,16494.39958,3.5
2026-06-04 05:45:00+00:00,2026-06-04 07:45:00+02:00,2026-06-04,7,45,3,3,6,76.14,78.73,-7.280000000000001,1.4300000000000068,4.0,1.4100000000000024,,118.05955056553088,16566.67524,-2.5900000000000034
2026-06-04 06:00:00+00:00,2026-06-04 08:00:00+02:00,2026-06-04,8,0,0,3,6,91.8,102.37,8.0,-0.6899999999999977,8.0,-0.41000000000001363,,104.23501939403393,16454.56087,-10.570000000000007
2026-06-04 06:15:00+00:00,2026-06-04 08:15:00+02:00,2026-06-04,8,15,1,3,6,78.76,70.01,8.350000000000009,6.340000000000003,6.340000000000003,2.229999999999998,,98.35581990879894,16570.96869,8.75
2026-06-04 06:30:00+00:00,2026-06-04 08:30:00+02:00,2026-06-04,8,30,2,3,6,69.41,60.27,-3.609999999999985,5.319999999999993,5.319999999999993,3.2699999999999934,,117.5808215286798,16768.14648,9.139999999999993
2026-06-04 06:45:00+00:00,2026-06-04 08:45:00+02:00,2026-06-04,8,45,3,3,6,47.81,45.82,-13.829999999999998,3.0500000000000114,-0.3100000000000023,5.703999999999995,,103.78143039068746,16957.84616,1.990000000000002
2026-06-04 07:00:00+00:00,2026-06-04 09:00:00+02:00,2026-06-04,9,0,0,3,6,57.73,49.99,5.489999999999995,-1.0100000000000051,-6.670000000000016,-0.6220000000000055,,126.22628279895682,17124.41017,7.739999999999995
2026-06-04 07:15:00+00:00,2026-06-04 09:15:00+02:00,2026-06-04,9,15,1,3,6,42.59,34.99,4.680000000000007,-1.3599999999999852,8.570000000000007,3.6879999999999997,,218.85610809939155,17199.0738,7.600000000000001
2026-06-04 07:30:00+00:00,2026-06-04 09:30:00+02:00,2026-06-04,9,30,2,3,6,22.0,20.54,1.5700000000000074,4.319999999999993,1.5700000000000074,9.048000000000005,,313.13479154428336,17269.6624,1.4600000000000009
2026-06-04 07:45:00+00:00,2026-06-04 09:45:00+02:00,2026-06-04,9,45,3,3,6,8.16,9.76,-6.25,4.340000000000003,4.340000000000003,4.316000000000007,,428.37470749276747,17364.46583,-1.5999999999999996
2026-06-04 08:00:00+00:00,2026-06-04 10:00:00+02:00,2026-06-04,10,0,0,3,6,16.5,14.14,5.030000000000001,3.1999999999999993,-0.060000000000002274,2.9260000000000104,,528.0484258090809,17443.918680000002,2.3599999999999994
2026-06-04 08:15:00+00:00,2026-06-04 10:15:00+02:00,2026-06-04,10,15,1,3,6,5.0,5.0,4.279999999999999,4.75,0.8699999999999903,4.8320000000000025,,579.7994395909272,17445.97474,0.0
2026-06-04 08:30:00+00:00,2026-06-04 10:30:00+02:00,2026-06-04,10,30,2,3,6,2.5,0.02,-2.0599999999999996,-0.75,20.739999999999995,5.974000000000003,,639.6646877986851,17450.31067,2.48
2026-06-04 08:45:00+00:00,2026-06-04 10:45:00+02:00,2026-06-04,10,45,3,3,6,-0.01,0.0,1.2900000000000063,5.58,23.060000000000002,7.825999999999991,,640.2033193605884,17354.43738,-0.01
2026-06-04 09:00:00+00:00,2026-06-04 11:00:00+02:00,2026-06-04,11,0,0,3,6,3.41,4.26,6.29,-1.21,-2.3400000000000034,1.640000000000002,,706.5551175511255,17348.63355,-0.8499999999999996
2026-06-04 09:15:00+00:00,2026-06-04 11:15:00+02:00,2026-06-04,11,15,1,3,6,0.0,1.75,3.73,-0.5999999999999996,20.840000000000003,4.753999999999988,,754.0541575022323,17302.965229999998,-1.75
2026-06-04 09:30:00+00:00,2026-06-04 11:30:00+02:00,2026-06-04,11,30,2,3,6,0.44,0.46,3.039999999999992,3.039999999999992,30.86,12.55799999999999,,816.5960130888391,17258.32462,-0.020000000000000018
2026-06-04 09:45:00+00:00,2026-06-04 11:45:00+02:00,2026-06-04,11,45,3,3,6,4.15,-0.01,3.6099999999999994,7.14,33.09,14.221999999999998,,869.585820709696,17205.83292,4.16
2026-06-04 10:00:00+00:00,2026-06-04 12:00:00+02:00,2026-06-04,12,0,0,3,6,5.47,5.6,4.579999999999998,-0.9200000000000017,35.019999999999996,4.791999999999999,,916.2290334762682,17137.239690000002,-0.1299999999999999
2026-06-04 10:15:00+00:00,2026-06-04 12:15:00+02:00,2026-06-04,12,15,1,3,6,5.21,-1.82,4.61,4.61,27.009999999999998,7.493999999999987,,931.0350635080167,17160.77463,7.03
2026-06-04 10:30:00+00:00,2026-06-04 12:30:00+02:00,2026-06-04,12,30,2,3,6,3.0,2.5,4.689999999999998,6.989999999999995,-5.529999999999994,4.2719999999999985,,966.5450165495134,17215.92122,0.5
2026-06-04 10:45:00+00:00,2026-06-04 12:45:00+02:00,2026-06-04,12,45,3,3,6,2.24,-3.4,9.459999999999994,10.17,20.98,11.958000000000004,,1003.7637110736549,17234.55281,5.640000000000001
2026-06-04 11:00:00+00:00,2026-06-04 13:00:00+02:00,2026-06-04,13,0,0,3,6,4.29,0.4,5.8999999999999915,5.8999999999999915,-4.560000000000002,3.5999999999999943,,1025.627811753013,17252.60733,3.89
2026-06-04 11:15:00+00:00,2026-06-04 13:15:00+02:00,2026-06-04,13,15,1,3,6,8.53,-0.05,2.23,0.960000000000008,-1.6199999999999974,3.4960000000000107,,1092.4178085787416,17248.452859999998,8.58
2026-06-04 11:30:00+00:00,2026-06-04 13:30:00+02:00,2026-06-04,13,30,2,3,6,3.84,0.5,1.44,-0.01999999999999602,-2.039999999999999,1.178000000000008,,1125.947855389706,17239.03298,3.34
2026-06-04 11:45:00+00:00,2026-06-04 13:45:00+02:00,2026-06-04,13,45,3,3,6,10.03,-0.08,2.17,2.03,8.899999999999999,11.056000000000013,,1100.3904040083105,17234.0814,10.11
2026-06-04 12:00:00+00:00,2026-06-04 14:00:00+02:00,2026-06-04,14,0,0,3,6,3.87,-5.01,1.81,1.08,-2.4400000000000013,9.478000000000009,,889.5885687896392,16900.22383,8.879999999999999
2026-06-04 12:15:00+00:00,2026-06-04 14:15:00+02:00,2026-06-04,14,15,1,3,6,5.41,-0.01,2.030000000000001,-0.009999999999990905,-5.090000000000003,2.950000000000012,,890.6201934990879,16866.95727,5.42
2026-06-04 12:30:00+00:00,2026-06-04 14:30:00+02:00,2026-06-04,14,30,2,3,6,8.3,-0.04,6.140000000000001,-1.0300000000000011,-6.060000000000002,7.953999999999995,,899.8228859603078,16815.04559,8.34
2026-06-04 12:45:00+00:00,2026-06-04 14:45:00+02:00,2026-06-04,14,45,3,3,6,6.42,-0.01,1.8,-0.28000000000000114,-9.380000000000003,5.2419999999999956,,917.5031071468752,16762.16323,6.43
2026-06-04 13:00:00+00:00,2026-06-04 15:00:00+02:00,2026-06-04,15,0,0,3,6,3.98,-3.89,-0.0800000000000054,9.14,-3.91,5.762000000000006,,955.0773286759327,16696.20556,7.87
2026-06-04 13:15:00+00:00,2026-06-04 15:15:00+02:00,2026-06-04,15,15,1,3,6,2.14,0.0,-0.12999999999999545,-2.4200000000000017,-5.380000000000003,0.12600000000000372,,972.2066859749987,16611.54802,2.14
2026-06-04 13:30:00+00:00,2026-06-04 15:30:00+02:00,2026-06-04,15,30,2,3,6,3.69,11.8,-0.71,-2.989999999999995,-8.259999999999998,-0.6659999999999957,,991.0986196980781,16518.29271,-8.110000000000001
2026-06-04 13:45:00+00:00,2026-06-04 15:45:00+02:00,2026-06-04,15,45,3,3,6,8.66,6.45,6.31,-5.01,-21.75999999999999,-4.586000000000001,,1010.6793049524349,16430.57013,2.21
2026-06-04 14:00:00+00:00,2026-06-04 16:00:00+02:00,2026-06-04,16,0,0,3,6,10.55,6.3,-0.980000000000004,7.1899999999999995,1.9699999999999989,4.7540000000000004,,1019.8780430699741,16332.13935,4.250000000000001
2026-06-04 14:15:00+00:00,2026-06-04 16:15:00+02:00,2026-06-04,16,15,1,3,6,19.5,14.67,4.4,5.07,5.07,5.299999999999995,,1044.6827289801613,16216.048719999999,4.83
2026-06-04 14:30:00+00:00,2026-06-04 16:30:00+02:00,2026-06-04,16,30,2,3,6,31.68,34.98,3.990000000000009,-0.14999999999999147,-11.14,-1.7560000000000042,,1080.6940808836398,16094.735789999999,-3.299999999999997
2026-06-04 14:45:00+00:00,2026-06-04 16:45:00+02:00,2026-06-04,16,45,3,3,6,49.9,24.99,12.540000000000006,1.0500000000000114,-13.540000000000006,7.816,,1108.4793425161613,15967.12015,24.91
2026-06-04 15:00:00+00:00,2026-06-04 17:00:00+02:00,2026-06-04,17,0,0,3,6,38.82,37.06,-13.760000000000005,1.460000000000008,0.14000000000000057,1.0380000000000067,,1150.2423302802138,16024.16867,1.759999999999998
2026-06-04 15:15:00+00:00,2026-06-04 17:15:00+02:00,2026-06-04,17,15,1,3,6,53.53,62.0,-3.950000000000003,-3.950000000000003,-11.22999999999999,-3.5720000000000027,,1161.434270557613,15932.99012,-8.469999999999999
2026-06-04 15:30:00+00:00,2026-06-04 17:30:00+02:00,2026-06-04,17,30,2,3,6,76.27,84.13,1.7000000000000028,-2.930000000000007,-3.910000000000011,-1.826000000000016,,1162.98786062127,15923.38644,-7.859999999999999
2026-06-04 15:45:00+00:00,2026-06-04 17:45:00+02:00,2026-06-04,17,45,3,3,6,87.06,98.73,13.510000000000005,-4.909999999999997,-4.909999999999997,-3.156,,1176.1282399863953,15826.59468,-11.670000000000002
2026-06-04 16:00:00+00:00,2026-06-04 18:00:00+02:00,2026-06-04,18,0,0,3,6,70.96,74.4,-12.819999999999993,-0.21999999999999886,-4.950000000000003,3.0520000000000094,,1174.0967940055648,15715.91527,-3.440000000000012
2026-06-04 16:15:00+00:00,2026-06-04 18:15:00+02:00,2026-06-04,18,15,1,3,6,91.76,91.71,-4.349999999999994,-5.289999999999992,-15.509999999999991,-5.525999999999991,,1078.2308985672194,15446.266889999999,0.05000000000001137
2026-06-04 16:30:00+00:00,2026-06-04 18:30:00+02:00,2026-06-04,18,30,2,3,6,105.47,102.14,2.9799999999999898,0.5700000000000216,-4.049999999999997,-0.7839999999999918,,984.090828190046,15155.16692,3.3299999999999983
2026-06-04 16:45:00+00:00,2026-06-04 18:45:00+02:00,2026-06-04,18,45,3,3,6,112.89,117.29,5.290000000000006,-6.52000000000001,-17.610000000000014,-10.500000000000009,,896.9766076666617,14864.1388,-4.400000000000006
2026-06-04 17:00:00+00:00,2026-06-04 19:00:00+02:00,2026-06-04,19,0,0,3,6,100.8,110.05,-11.289999999999992,-1.4399999999999977,-10.86999999999999,-10.16,,837.9990448770423,14561.13689,-9.25
2026-06-04 17:15:00+00:00,2026-06-04 19:15:00+02:00,2026-06-04,19,15,1,3,6,110.54,110.54,-6.310000000000002,-6.310000000000002,-15.009999999999991,-13.276000000000002,,837.3731440840465,14339.68423,0.0
2026-06-04 17:30:00+00:00,2026-06-04 19:30:00+02:00,2026-06-04,19,30,2,3,6,114.96,113.1,-1.3600000000000136,-7.240000000000009,-1.3600000000000136,-8.586000000000007,,835.1497592158448,14105.483199999999,1.8599999999999994
2026-06-04 17:45:00+00:00,2026-06-04 19:45:00+02:00,2026-06-04,19,45,3,3,6,120.72,117.72,8.519999999999982,-24.080000000000013,-24.080000000000013,-13.112000000000005,,846.0081585178485,13854.886700000001,3.0
2026-06-04 18:00:00+00:00,2026-06-04 20:00:00+02:00,2026-06-04,20,0,0,3,6,114.27,114.27,-5.900000000000006,-5.900000000000006,-5.900000000000006,-10.817999999999989,,848.5018422478786,13688.246060000001,0.0
2026-06-04 18:15:00+00:00,2026-06-04 20:15:00+02:00,2026-06-04,20,15,1,3,6,119.43,112.21,-4.319999999999993,-8.27000000000001,-8.27000000000001,-8.096,,857.4260045866139,14085.35995,7.220000000000013
2026-06-04 18:30:00+00:00,2026-06-04 20:30:00+02:00,2026-06-04,20,30,2,3,6,121.55,117.0,-2.8899999999999864,-5.0,2.700000000000017,-5.593999999999994,,877.6589902980146,14479.77738,4.549999999999997
2026-06-04 18:45:00+00:00,2026-06-04 20:45:00+02:00,2026-06-04,20,45,3,3,6,120.63,121.3,-5.390000000000015,-24.47999999999999,-18.28,-31.865999999999996,,902.9051313510521,14871.09154,-0.6700000000000017
2026-06-04 19:00:00+00:00,2026-06-04 21:00:00+02:00,2026-06-04,21,0,0,3,6,117.91,115.92,6.550000000000011,-7.030000000000001,-11.240000000000009,4.615999999999991,,914.3690066564567,15514.82841,1.9899999999999949
2026-06-04 19:15:00+00:00,2026-06-04 21:15:00+02:00,2026-06-04,21,15,1,3,6,113.86,114.35,0.12000000000000455,-12.669999999999987,-10.359999999999985,-17.6,,892.2784496444269,16668.226609999998,-0.4899999999999949
2026-06-04 19:30:00+00:00,2026-06-04 21:30:00+02:00,2026-06-04,21,30,2,3,6,112.98,111.23,-5.939999999999998,-13.470000000000027,-13.470000000000027,-6.820000000000013,,872.0381770229918,17847.8332,1.75
2026-06-04 19:45:00+00:00,2026-06-04 21:45:00+02:00,2026-06-04,21,45,3,3,6,110.6,101.88,-13.030000000000001,-10.75,-10.75,-34.38799999999999,,853.3330668726504,19043.56412,8.719999999999999
2026-06-04 20:00:00+00:00,2026-06-04 22:00:00+02:00,2026-06-04,22,0,0,3,6,117.86,116.0,8.419999999999987,-2.710000000000008,-2.710000000000008,7.704000000000002,,828.8134950869696,20026.05309,1.8599999999999994
2026-06-04 20:15:00+00:00,2026-06-04 22:15:00+02:00,2026-06-04,22,15,1,3,6,115.22,108.9,-0.2300000000000182,-1.3400000000000034,-0.6400000000000006,-6.072,,832.1491355400719,21307.89,6.319999999999993
2026-06-04 20:30:00+00:00,2026-06-04 22:30:00+02:00,2026-06-04,22,30,2,3,6,107.76,102.75,-1.7600000000000051,-1.7600000000000051,-1.7600000000000051,-1.5299999999999983,,824.2691001591977,22557.85241,5.010000000000005
2026-06-04 20:45:00+00:00,2026-06-04 22:45:00+02:00,2026-06-04,22,45,3,3,6,105.94,97.56,-7.010000000000005,-3.660000000000025,-3.799999999999997,-16.038000000000014,,818.9019526355462,23764.4912,8.379999999999995
2026-06-04 21:00:00+00:00,2026-06-04 23:00:00+02:00,2026-06-04,23,0,0,3,6,100.76,95.0,5.099999999999994,-0.5099999999999909,-4.280000000000001,-0.16399999999999865,,821.5359282048,24895.67191,5.760000000000005
2026-06-04 21:15:00+00:00,2026-06-04 23:15:00+02:00,2026-06-04,23,15,1,3,6,97.48,91.54,0.4299999999999784,-0.5699999999999932,-6.8799999999999955,-1.4460000000000037,,756.9405783334594,25821.021159999997,5.939999999999998
2026-06-04 21:30:00+00:00,2026-06-04 23:30:00+02:00,2026-06-04,23,30,2,3,6,93.49,99.31,-2.019999999999982,-1.4200000000000017,-1.4200000000000017,-1.8320000000000107,,691.6873359456035,26731.57805,-5.820000000000007
2026-06-04 21:45:00+00:00,2026-06-04 23:45:00+02:00,2026-06-04,23,45,3,3,6,86.8,90.21,-3.5100000000000193,-0.0800000000000125,1.1000000000000085,-0.9060000000000059,,650.3472334741215,27655.69883,-3.4099999999999966
2026-06-04 22:00:00+00:00,2026-06-05 00:00:00+02:00,2026-06-05,0,0,0,4,6,86.01,93.68,-0.4449999999999932,-1.2049999999999983,-8.0,-1.6899999999999977,,1373.7581471773444,31579.95306,-7.670000000000002
2026-06-04 22:15:00+00:00,2026-06-05 00:15:00+02:00,2026-06-05,0,15,1,4,6,78.73,80.73,0.06500000000000483,-0.7000000000000028,-6.769999999999996,-2.131666666666663,,1422.2514082700916,32332.38341,-2.0
2026-06-04 22:30:00+00:00,2026-06-05 00:30:00+02:00,2026-06-05,0,30,2,4,6,75.0,78.88,-1.4549999999999983,-0.5600000000000023,-5.439999999999998,-0.3750000000000047,,1405.273933867093,33068.72846,-3.8799999999999955
2026-06-04 22:45:00+00:00,2026-06-05 00:45:00+02:00,2026-06-05,0,45,3,4,6,69.79,74.99,-3.479999999999997,-1.8400000000000034,-14.780000000000001,-3.479999999999997,,1314.1268256233975,33538.703330000004,-5.199999999999989
2026-06-04 23:00:00+00:00,2026-06-05 01:00:00+02:00,2026-06-05,1,0,0,4,6,76.79,82.11,1.5449999999999875,-0.6950000000000074,-8.819999999999993,-1.055000000000004,,1368.272650624077,34003.27991,-5.319999999999993
2026-06-04 23:15:00+00:00,2026-06-05 01:15:00+02:00,2026-06-05,1,15,1,4,6,76.54,79.21,-0.664999999999992,-1.5349999999999895,-9.310000000000002,-1.3499999999999994,,1379.272685495134,34114.874149999996,-2.6699999999999875
2026-06-04 23:30:00+00:00,2026-06-05 01:30:00+02:00,2026-06-05,1,30,2,4,6,75.27,73.97,-0.3149999999999977,-0.2700000000000031,-7.1299999999999955,-1.466666666666664,,1271.6634328351333,34299.88697,1.2999999999999972
2026-06-04 23:45:00+00:00,2026-06-05 01:45:00+02:00,2026-06-05,1,45,3,4,6,73.0,75.0,-2.1399999999999935,-3.145000000000003,-6.480000000000004,-2.925000000000002,,1323.4314192640677,34505.7049,-2.0
2026-06-05 00:00:00+00:00,2026-06-05 02:00:00+02:00,2026-06-05,2,0,0,4,6,71.89,72.4,-0.15500000000000114,-0.5749999999999957,-8.519999999999996,-1.5816666666666634,,1311.9474117913344,34345.43323,-0.5100000000000051
2026-06-05 00:15:00+00:00,2026-06-05 02:15:00+02:00,2026-06-05,2,15,1,4,6,77.49,71.54,-0.8900000000000077,-1.095000000000006,-8.400000000000006,-2.543333333333338,,1405.2029287139435,34232.0522,5.949999999999989
2026-06-05 00:30:00+00:00,2026-06-05 02:30:00+02:00,2026-06-05,2,30,2,4,6,83.29,86.5,-1.2850000000000037,-3.365000000000002,-5.189999999999998,-2.2650000000000023,,1281.65661692158,33908.17142,-3.2099999999999937
2026-06-05 00:45:00+00:00,2026-06-05 02:45:00+02:00,2026-06-05,2,45,3,4,6,86.15,91.39,-2.4699999999999918,-4.319999999999993,-9.780000000000001,-2.6683333333333317,,1212.2997210794342,33651.40176,-5.239999999999995
2026-06-05 01:00:00+00:00,2026-06-05 03:00:00+02:00,2026-06-05,3,0,0,4,6,85.35,72.2,-2.875,-3.3800000000000026,-6.500000000000007,-2.783333333333338,,1084.9209596099706,33420.19337,13.149999999999991
2026-06-05 01:15:00+00:00,2026-06-05 03:15:00+02:00,2026-06-05,3,15,1,4,6,83.21,75.0,-1.5,-1.6950000000000003,-6.380000000000003,-0.985,,1062.8747448944337,33117.21541,8.209999999999994
2026-06-05 01:30:00+00:00,2026-06-05 03:30:00+02:00,2026-06-05,3,30,2,4,6,82.5,82.8,-1.9399999999999977,-3.2749999999999986,-8.770000000000003,-2.8283333333333367,,880.340701432293,32712.69009,-0.29999999999999716
2026-06-05 01:45:00+00:00,2026-06-05 03:45:00+02:00,2026-06-05,3,45,3,4,6,89.02,76.81,-0.8249999999999957,-0.7999999999999972,-10.829999999999998,-1.8300000000000007,,795.5053572063321,32392.971410000002,12.209999999999994
2026-06-05 02:00:00+00:00,2026-06-05 04:00:00+02:00,2026-06-05,4,0,0,4,6,85.5,80.9,-2.904999999999994,-2.279999999999994,-8.679999999999993,-2.536666666666664,,586.7539527864955,32112.66508,4.599999999999994
2026-06-05 02:15:00+00:00,2026-06-05 04:15:00+02:00,2026-06-05,4,15,1,4,6,85.99,86.8,-0.5499999999999972,0.8300000000000054,-9.030000000000001,-0.7583333333333281,,600.3299313740655,31949.860419999997,-0.8100000000000023
2026-06-05 02:30:00+00:00,2026-06-05 04:30:00+02:00,2026-06-05,4,30,2,4,6,91.8,91.81,-0.4099999999999966,-1.4450000000000003,-8.730000000000004,-1.2350000000000065,,348.2312553125426,31530.908919999998,-0.010000000000005116
2026-06-05 02:45:00+00:00,2026-06-05 04:45:00+02:00,2026-06-05,4,45,3,4,6,96.02,99.82,0.9500000000000028,-1.0449999999999946,-10.21,-2.143333333333331,,152.6637922551353,31234.27085,-3.799999999999997
2026-06-05 03:00:00+00:00,2026-06-05 05:00:00+02:00,2026-06-05,5,0,0,4,6,92.24,89.99,-3.0600000000000094,-2.065000000000005,-9.400000000000006,-2.1200000000000045,,69.87561809340767,30888.86292,2.25
2026-06-05 03:15:00+00:00,2026-06-05 05:15:00+02:00,2026-06-05,5,15,1,4,6,93.07,93.1,-2.4750000000000014,-1.9149999999999991,-12.180000000000007,-2.2800000000000034,,17.93816187337962,30558.27547,-0.030000000000001137
2026-06-05 03:30:00+00:00,2026-06-05 05:30:00+02:00,2026-06-05,5,30,2,4,6,98.99,94.2,-0.8149999999999977,-0.9349999999999952,-17.209999999999994,-2.219999999999994,,101.71293617693087,30427.6845,4.789999999999992
2026-06-05 03:45:00+00:00,2026-06-05 05:45:00+02:00,2026-06-05,5,45,3,4,6,108.99,108.53,3.4000000000000057,0.8250000000000028,-15.600000000000001,-1.2483333333333313,,167.07025360254696,30079.906600000002,0.45999999999999375
2026-06-05 04:00:00+00:00,2026-06-05 06:00:00+02:00,2026-06-05,6,0,0,4,6,117.72,114.19,-6.350000000000016,-0.32500000000000995,-22.0,-3.9750000000000036,,145.56497966028107,29791.86505,3.530000000000001
2026-06-05 04:15:00+00:00,2026-06-05 06:15:00+02:00,2026-06-05,6,15,1,4,6,114.51,113.08,-2.6899999999999906,-5.795000000000009,-23.53,-6.9500000000000055,,274.8845638350638,29203.1935,1.4300000000000068
2026-06-05 04:30:00+00:00,2026-06-05 06:30:00+02:00,2026-06-05,6,30,2,4,6,116.33,117.7,-0.14999999999999147,1.2800000000000011,-9.769999999999996,-0.5316666666666569,,394.8857425539312,28752.87903,-1.3700000000000045
2026-06-05 04:45:00+00:00,2026-06-05 06:45:00+02:00,2026-06-05,6,45,3,4,6,114.22,115.12,-1.0549999999999926,-0.9600000000000009,-25.03,-5.736666666666667,,270.2535967391365,28555.696669999998,-0.9000000000000057
2026-06-05 05:00:00+00:00,2026-06-05 07:00:00+02:00,2026-06-05,7,0,0,4,6,129.59,126.11,1.3500000000000085,-2.7449999999999974,-2.1899999999999977,-2.033333333333329,,158.7092191372686,28044.91983,3.480000000000004
2026-06-05 05:15:00+00:00,2026-06-05 07:15:00+02:00,2026-06-05,7,15,1,4,6,119.36,126.41,1.6599999999999966,-0.29000000000000625,5.239999999999995,-1.023333333333328,,158.5276711610366,27536.54006,-7.049999999999997
2026-06-05 05:30:00+00:00,2026-06-05 07:30:00+02:00,2026-06-05,7,30,2,4,6,118.87,115.0,-0.5450000000000017,0.2500000000000071,3.5,-2.3283333333333354,,202.30938963181967,27027.70807,3.8700000000000045
2026-06-05 05:45:00+00:00,2026-06-05 07:45:00+02:00,2026-06-05,7,45,3,4,6,112.18,112.36,-4.980000000000004,1.1350000000000051,-2.5900000000000034,0.7433333333333346,,422.66523693919174,26688.29866,-0.1799999999999926
2026-06-05 06:00:00+00:00,2026-06-05 08:00:00+02:00,2026-06-05,8,0,0,4,6,123.81,121.68,5.214999999999996,-2.200000000000003,-10.570000000000007,-2.103333333333346,,601.7149934690916,26342.78627,2.1299999999999955
2026-06-05 06:15:00+00:00,2026-06-05 08:15:00+02:00,2026-06-05,8,15,1,4,6,116.76,115.9,8.550000000000004,7.545000000000002,8.75,3.316666666666665,,609.6410195030942,26169.0863,0.8599999999999994
2026-06-05 06:30:00+00:00,2026-06-05 08:30:00+02:00,2026-06-05,8,30,2,4,6,110.99,110.0,-2.239999999999995,7.229999999999993,9.139999999999993,4.248333333333327,,680.7673678131923,26153.87772,0.9899999999999949
2026-06-05 06:45:00+00:00,2026-06-05 08:45:00+02:00,2026-06-05,8,45,3,4,6,104.54,95.0,-7.07,2.5200000000000067,1.990000000000002,5.084999999999996,,598.3878387070339,26122.6406,9.540000000000006
2026-06-05 07:00:00+00:00,2026-06-05 09:00:00+02:00,2026-06-05,9,0,0,4,6,113.83,113.3,6.614999999999995,1.039999999999992,7.739999999999995,0.7716666666666612,,537.0280670865902,26247.33706,0.5300000000000011
2026-06-05 07:15:00+00:00,2026-06-05 09:15:00+02:00,2026-06-05,9,15,1,4,6,105.52,99.99,6.140000000000004,3.120000000000008,7.600000000000001,4.34,,455.23488409866343,26467.61556,5.530000000000001
2026-06-05 07:30:00+00:00,2026-06-05 09:30:00+02:00,2026-06-05,9,30,2,4,6,89.96,85.0,1.5150000000000041,3.0899999999999963,1.4600000000000009,7.7833333333333385,,378.19777613174597,26715.13411,4.959999999999994
2026-06-05 07:45:00+00:00,2026-06-05 09:45:00+02:00,2026-06-05,9,45,3,4,6,75.33,73.53,-3.9800000000000004,3.1850000000000023,-1.5999999999999996,3.3300000000000054,,284.39855860410944,26800.46887,1.7999999999999972
2026-06-05 08:00:00+00:00,2026-06-05 10:00:00+02:00,2026-06-05,10,0,0,4,6,96.18,84.53,5.020000000000003,2.7799999999999994,2.3599999999999994,2.8316666666666754,,329.93452910567595,26998.222270000002,11.650000000000006
2026-06-05 08:15:00+00:00,2026-06-05 10:15:00+02:00,2026-06-05,10,15,1,4,6,85.89,65.0,3.344999999999998,2.8400000000000034,0.0,4.026666666666668,,291.55664394418585,26956.59444,20.89
2026-06-05 08:30:00+00:00,2026-06-05 10:30:00+02:00,2026-06-05,10,30,2,4,6,76.12,75.66,-1.4049999999999998,0.865,2.48,5.391666666666669,,280.7788110134475,26969.60842,0.46000000000000796
2026-06-05 08:45:00+00:00,2026-06-05 10:45:00+02:00,2026-06-05,10,45,3,4,6,72.91,71.08,0.6400000000000031,4.04,-0.01,6.5199999999999925,,268.3847883539713,26838.914210000003,1.8299999999999983
2026-06-05 09:00:00+00:00,2026-06-05 11:00:00+02:00,2026-06-05,11,0,0,4,6,81.91,81.91,4.360000000000003,-1.0299999999999998,-0.8499999999999996,1.2250000000000016,,283.5131847806785,26821.163030000003,0.0
2026-06-05 09:15:00+00:00,2026-06-05 11:15:00+02:00,2026-06-05,11,15,1,4,6,77.47,44.99,2.9849999999999977,-1.1749999999999998,-1.75,3.6699999999999897,,329.51349735422997,26864.082739999998,32.48
2026-06-05 09:30:00+00:00,2026-06-05 11:30:00+02:00,2026-06-05,11,30,2,4,6,68.54,44.36,2.024999999999996,2.024999999999996,-0.020000000000000018,10.461666666666657,,374.0819905125613,26896.2703,24.180000000000007
2026-06-05 09:45:00+00:00,2026-06-05 11:45:00+02:00,2026-06-05,11,45,3,4,6,61.04,35.0,3.885,5.65,4.16,12.544999999999996,,420.4074475949677,26948.846270000002,26.04
2026-06-05 10:00:00+00:00,2026-06-05 12:00:00+02:00,2026-06-05,12,0,0,4,6,63.7,39.1,3.905000000000001,-0.5250000000000008,-0.1299999999999999,3.971666666666666,,460.7420848594334,27010.04936,24.6
2026-06-05 10:15:00+00:00,2026-06-05 12:15:00+02:00,2026-06-05,12,15,1,4,6,52.91,45.78,5.530000000000001,5.530000000000001,7.03,7.416666666666656,,480.7347823467983,27079.38673,7.1299999999999955
2026-06-05 10:30:00+00:00,2026-06-05 12:30:00+02:00,2026-06-05,12,30,2,4,6,46.99,40.03,3.9949999999999974,5.839999999999996,0.5,3.643333333333332,,467.8606937661411,26943.86855,6.960000000000001
2026-06-05 10:45:00+00:00,2026-06-05 12:45:00+02:00,2026-06-05,12,45,3,4,6,42.58,26.5,8.824999999999998,9.814999999999998,5.640000000000001,10.905000000000003,,505.6179211376777,27116.3836,16.08
2026-06-05 11:00:00+00:00,2026-06-05 13:00:00+02:00,2026-06-05,13,0,0,4,6,45.49,27.0,4.894999999999996,4.894999999999996,3.89,3.6483333333333285,,535.1060029260593,27341.72984,18.490000000000002
2026-06-05 11:15:00+00:00,2026-06-05 13:15:00+02:00,2026-06-05,13,15,1,4,6,41.99,23.89,3.5199999999999996,4.38000000000001,8.58,4.343333333333342,,612.5313061908322,27483.51802,18.1
2026-06-05 11:30:00+00:00,2026-06-05 13:30:00+02:00,2026-06-05,13,30,2,4,6,37.61,33.73,1.5899999999999999,0.710000000000002,3.34,1.53833333333334,,661.070077697071,27669.46497,3.8800000000000026
2026-06-05 11:45:00+00:00,2026-06-05 13:45:00+02:00,2026-06-05,13,45,3,4,6,29.99,24.59,2.5050000000000017,5.464999999999999,10.11,10.898333333333346,,648.57592177929,27929.044429999998,5.399999999999999
2026-06-05 12:00:00+00:00,2026-06-05 14:00:00+02:00,2026-06-05,14,0,0,4,6,30.5,25.47,2.99,2.625,8.879999999999999,9.37833333333334,,598.1045841400235,27814.33535,5.030000000000001
2026-06-05 12:15:00+00:00,2026-06-05 14:15:00+02:00,2026-06-05,14,15,1,4,6,29.8,24.71,2.825000000000001,2.7050000000000045,5.42,3.3616666666666766,,635.0769815525745,28093.25604,5.09
2026-06-05 12:30:00+00:00,2026-06-05 14:30:00+02:00,2026-06-05,14,30,2,4,6,32.55,18.0,6.7700000000000005,3.1849999999999996,8.34,8.018333333333329,,673.6185001702529,28261.181249999998,14.549999999999997
2026-06-05 12:45:00+00:00,2026-06-05 14:45:00+02:00,2026-06-05,14,45,3,4,6,37.0,31.39,2.7250000000000028,-0.04000000000000056,6.43,5.439999999999997,,716.106622917631,28422.6417,5.609999999999999
2026-06-05 13:00:00+00:00,2026-06-05 15:00:00+02:00,2026-06-05,15,0,0,4,6,29.0,16.0,0.5199999999999972,8.505,7.87,6.113333333333338,,780.8599559019518,28608.54905,13.0
2026-06-05 13:15:00+00:00,2026-06-05 15:15:00+02:00,2026-06-05,15,15,1,4,6,35.6,30.15,1.0050000000000023,-0.1400000000000008,2.14,0.4616666666666698,,823.9646582009655,28722.049919999998,5.450000000000003
2026-06-05 13:30:00+00:00,2026-06-05 15:30:00+02:00,2026-06-05,15,30,2,4,6,47.1,44.96,-0.9699999999999984,-5.549999999999998,-8.110000000000001,-1.9066666666666634,,869.2859458756783,28843.02,2.1400000000000006
2026-06-05 13:45:00+00:00,2026-06-05 15:45:00+02:00,2026-06-05,15,45,3,4,6,61.99,52.89,4.26,-3.9749999999999988,2.21,-3.4533333333333345,,911.6166902908366,28996.09111,9.100000000000001
2026-06-05 14:00:00+00:00,2026-06-05 16:00:00+02:00,2026-06-05,16,0,0,4,6,48.35,45.97,0.49499999999999744,5.720000000000001,4.250000000000001,4.670000000000001,,943.886120863825,29075.557719999997,2.3800000000000026
2026-06-05 14:15:00+00:00,2026-06-05 16:15:00+02:00,2026-06-05,16,15,1,4,6,63.57,61.26,4.615,4.95,4.83,5.221666666666663,,959.6430348172655,29097.42149,2.3100000000000023
2026-06-05 14:30:00+00:00,2026-06-05 16:30:00+02:00,2026-06-05,16,30,2,4,6,76.92,65.1,3.140000000000006,-1.4099999999999957,-3.299999999999997,-2.0133333333333363,,984.1660798248598,29070.40078,11.820000000000007
2026-06-05 14:45:00+00:00,2026-06-05 16:45:00+02:00,2026-06-05,16,45,3,4,6,89.4,103.56,13.915,4.025000000000006,24.91,10.665,,1005.4581523312661,28971.74342,-14.159999999999997
2026-06-05 15:00:00+00:00,2026-06-05 17:00:00+02:00,2026-06-05,17,0,0,4,6,71.87,72.27,-8.96,1.610000000000003,1.759999999999998,1.1583333333333385,,1031.9374484382581,28940.632879999997,-0.3999999999999915
2026-06-05 15:15:00+00:00,2026-06-05 17:15:00+02:00,2026-06-05,17,15,1,4,6,95.0,91.2,-4.460000000000001,-4.460000000000001,-8.469999999999999,-4.388333333333335,,1016.3979879020368,28880.84192,3.799999999999997
2026-06-05 15:30:00+00:00,2026-06-05 17:30:00+02:00,2026-06-05,17,30,2,4,6,113.39,114.7,0.035000000000003695,-2.969999999999999,-7.859999999999999,-2.83166666666668,,989.4764719963785,28789.568040000002,-1.3100000000000023
2026-06-05 15:45:00+00:00,2026-06-05 17:45:00+02:00,2026-06-05,17,45,3,4,6,130.0,132.59,8.810000000000002,-6.1299999999999955,-11.670000000000002,-4.575,,985.7663195939999,28673.670439999998,-2.5900000000000034
2026-06-05 16:00:00+00:00,2026-06-05 18:00:00+02:00,2026-06-05,18,0,0,4,6,104.0,109.99,-8.884999999999998,-1.8300000000000054,-3.440000000000012,1.970000000000006,,956.090165444708,28535.84915,-5.989999999999995
2026-06-05 16:15:00+00:00,2026-06-05 18:15:00+02:00,2026-06-05,18,15,1,4,6,123.89,125.0,-4.244999999999997,-2.6199999999999903,0.05000000000001137,-4.596666666666657,,883.5376532438913,28283.351010000002,-1.1099999999999994
2026-06-05 16:30:00+00:00,2026-06-05 18:30:00+02:00,2026-06-05,18,30,2,4,6,137.81,149.41,3.059999999999995,0.6200000000000045,3.3299999999999983,-0.09833333333332679,,838.7462889058309,27965.296560000003,-11.599999999999994
2026-06-05 16:45:00+00:00,2026-06-05 18:45:00+02:00,2026-06-05,18,45,3,4,6,159.15,168.4,2.3500000000000014,-5.805000000000007,-4.400000000000006,-9.483333333333341,,803.0270046966347,27676.59949,-9.25
2026-06-05 17:00:00+00:00,2026-06-05 19:00:00+02:00,2026-06-05,19,0,0,4,6,130.78,133.65,-11.164999999999992,-5.344999999999999,-9.25,-10.008333333333333,,804.7528244686754,27386.26224,-2.8700000000000045
2026-06-05 17:15:00+00:00,2026-06-05 19:15:00+02:00,2026-06-05,19,15,1,4,6,146.29,144.3,-6.069999999999993,-5.390000000000001,0.0,-11.063333333333334,,843.2860018774808,27248.77993,1.9899999999999807
2026-06-05 17:30:00+00:00,2026-06-05 19:30:00+02:00,2026-06-05,19,30,2,4,6,159.01,158.07,-0.8950000000000102,-6.795000000000002,1.8599999999999994,-6.845000000000006,,884.8610695121838,27111.22782,0.9399999999999977
2026-06-05 17:45:00+00:00,2026-06-05 19:45:00+02:00,2026-06-05,19,45,3,4,6,174.07,172.54,6.169999999999995,-12.290000000000006,3.0,-10.426666666666671,,932.8255553621476,26977.879699999998,1.5300000000000011
2026-06-05 18:00:00+00:00,2026-06-05 20:00:00+02:00,2026-06-05,20,0,0,4,6,166.33,164.88,-5.370000000000012,-4.885000000000005,0.0,-9.014999999999992,,968.9998427618793,26872.9954,1.450000000000017
2026-06-05 18:15:00+00:00,2026-06-05 20:15:00+02:00,2026-06-05,20,15,1,4,6,174.78,197.6,-3.964999999999989,-5.939999999999998,7.220000000000013,-5.543333333333332,,948.4842076603993,26957.91676,-22.819999999999993
2026-06-05 18:30:00+00:00,2026-06-05 20:30:00+02:00,2026-06-05,20,30,2,4,6,189.0,189.02,-2.1500000000000057,-4.069999999999993,4.549999999999997,-3.903333333333329,,930.3624675059831,27054.72192,-0.020000000000010232
2026-06-05 18:45:00+00:00,2026-06-05 20:45:00+02:00,2026-06-05,20,45,3,4,6,191.0,190.01,-4.355000000000004,-21.379999999999995,-0.6700000000000017,-26.666666666666668,,906.1600390300819,27185.10106,0.9900000000000091
2026-06-05 19:00:00+00:00,2026-06-05 21:00:00+02:00,2026-06-05,21,0,0,4,6,192.72,194.72,4.3799999999999955,-6.189999999999998,1.9899999999999949,4.178333333333325,,862.3827379493797,27404.89572,-2.0
2026-06-05 19:15:00+00:00,2026-06-05 21:15:00+02:00,2026-06-05,21,15,1,4,6,189.15,192.47,-0.18499999999999517,-11.514999999999986,-0.4899999999999949,-14.748333333333335,,819.8289311431616,27657.02378,-3.319999999999993
2026-06-05 19:30:00+00:00,2026-06-05 21:30:00+02:00,2026-06-05,21,30,2,4,6,184.29,214.98,-5.935000000000002,-5.860000000000014,1.75,-5.391666666666677,,779.8755380158385,27891.39277,-30.689999999999998
2026-06-05 19:45:00+00:00,2026-06-05 21:45:00+02:00,2026-06-05,21,45,3,4,6,175.37,180.34,-12.329999999999998,-8.965000000000003,8.719999999999999,-27.20333333333333,,748.0706448876907,28113.92892,-4.969999999999999
2026-06-05 20:00:00+00:00,2026-06-05 22:00:00+02:00,2026-06-05,22,0,0,4,6,177.68,185.0,6.809999999999988,-0.42500000000000426,1.8599999999999994,6.730000000000001,,709.5997162469818,27911.282450000002,-7.319999999999993
2026-06-05 20:15:00+00:00,2026-06-05 22:15:00+02:00,2026-06-05,22,15,1,4,6,171.06,170.99,0.8199999999999932,-0.990000000000002,6.319999999999993,-4.006666666666668,,731.3619698835121,28128.60637,0.06999999999999318
2026-06-05 20:30:00+00:00,2026-06-05 22:30:00+02:00,2026-06-05,22,30,2,4,6,164.24,161.35,-1.70000000000001,-0.9799999999999969,5.010000000000005,-0.4399999999999977,,750.6413855355833,28347.00013,2.890000000000015
2026-06-05 20:45:00+00:00,2026-06-05 22:45:00+02:00,2026-06-05,22,45,3,4,6,155.07,158.73,-5.405000000000001,-0.7650000000000148,8.379999999999995,-11.968333333333346,,783.3206662444386,28551.03123,-3.6599999999999966
2026-06-05 21:00:00+00:00,2026-06-05 23:00:00+02:00,2026-06-05,23,0,0,4,6,163.82,157.39,5.43,1.2800000000000011,5.760000000000005,0.8233333333333354,,833.9067129995233,28729.38526,6.430000000000007
2026-06-05 21:15:00+00:00,2026-06-05 23:15:00+02:00,2026-06-05,23,15,1,4,6,154.8,153.92,0.5599999999999881,-0.07000000000000739,5.939999999999998,-0.2150000000000034,,832.4020699030837,28933.48769,0.8800000000000239
2026-06-05 21:30:00+00:00,2026-06-05 23:30:00+02:00,2026-06-05,23,30,2,4,6,149.24,148.58,-2.1699999999999875,-1.7199999999999918,-5.820000000000007,-2.496666666666677,,840.8664576806035,29121.7589,0.6599999999999966
2026-06-05 21:45:00+00:00,2026-06-05 23:45:00+02:00,2026-06-05,23,45,3,4,6,142.67,141.99,-3.4950000000000117,-1.7450000000000045,-3.4099999999999966,-1.3233333333333377,,863.1914230403089,29312.44815,0.6799999999999784
2026-06-05 22:00:00+00:00,2026-06-06 00:00:00+02:00,2026-06-06,0,0,0,5,6,153.2,164.04,-1.1099999999999923,-1.3100000000000023,-7.670000000000002,-2.5442857142857127,,1893.1325392618678,28141.422270000003,-10.840000000000003
2026-06-05 22:15:00+00:00,2026-06-06 00:15:00+02:00,2026-06-06,0,15,1,5,6,146.79,151.18,-0.7000000000000028,-1.4000000000000057,-2.0,-2.11285714285714,,1901.5700624766673,28344.977049999998,-4.390000000000015
2026-06-05 22:30:00+00:00,2026-06-06 00:30:00+02:00,2026-06-06,0,30,2,5,6,140.69,144.01,-2.1750000000000114,-1.9300000000000068,-3.8799999999999955,-0.8757142857142891,,2019.0037273262199,28255.98972,-3.319999999999993
2026-06-05 22:45:00+00:00,2026-06-06 00:45:00+02:00,2026-06-06,0,45,3,5,6,132.73,133.74,-3.479999999999997,-2.1999999999999886,-5.199999999999989,-3.7257142857142815,,1814.9234105177518,28636.96544,-1.0100000000000193
2026-06-05 23:00:00+00:00,2026-06-06 01:00:00+02:00,2026-06-06,1,0,0,5,6,136.91,139.9,0.5699999999999932,-2.5,-5.319999999999993,-1.6642857142857166,,1693.021995812631,28985.98182,-2.990000000000009
2026-06-05 23:15:00+00:00,2026-06-06 01:15:00+02:00,2026-06-06,1,15,1,5,6,132.81,136.51,-1.5349999999999895,-1.789999999999992,-2.6699999999999875,-1.5385714285714263,,1562.06606620145,29046.32763,-3.6999999999999886
2026-06-05 23:30:00+00:00,2026-06-06 01:30:00+02:00,2026-06-06,1,30,2,5,6,130.7,134.8,-0.2050000000000054,-0.1600000000000108,1.2999999999999972,-1.0714285714285694,,1495.7669995487383,28760.58382,-4.100000000000023
2026-06-05 23:45:00+00:00,2026-06-06 01:45:00+02:00,2026-06-06,1,45,3,5,6,132.0,149.0,-2.4949999999999974,-2.0,-2.0,-2.7928571428571445,,1518.658978162357,28520.7641,-17.0
2026-06-06 00:00:00+00:00,2026-06-06 02:00:00+02:00,2026-06-06,2,0,0,5,6,136.81,140.4,-0.8400000000000034,-0.5100000000000051,-0.5100000000000051,-1.4285714285714266,,1416.0119084915907,28341.43682,-3.5900000000000034
2026-06-06 00:15:00+00:00,2026-06-06 02:15:00+02:00,2026-06-06,2,15,1,5,6,133.86,136.2,-0.8900000000000077,-0.3200000000000074,5.949999999999989,-1.3300000000000056,,1412.1664071118598,28373.217060000003,-2.339999999999975
2026-06-06 00:30:00+00:00,2026-06-06 02:30:00+02:00,2026-06-06,2,30,2,5,6,130.69,151.02,-2.6799999999999997,-3.2099999999999937,-3.2099999999999937,-2.4000000000000012,,1273.6861487047256,28332.44473,-20.330000000000013
2026-06-06 00:45:00+00:00,2026-06-06 02:45:00+02:00,2026-06-06,2,45,3,5,6,130.0,132.54,-3.269999999999996,-5.239999999999995,-5.239999999999995,-3.035714285714284,,1252.3987101347082,28283.975169999998,-2.539999999999992
2026-06-06 01:00:00+00:00,2026-06-06 03:00:00+02:00,2026-06-06,3,0,0,5,6,122.49,130.01,-2.875,-2.8800000000000097,13.149999999999991,-0.5071428571428623,,1277.677658397437,28292.26945,-7.519999999999996
2026-06-06 01:15:00+00:00,2026-06-06 03:15:00+02:00,2026-06-06,3,15,1,5,6,120.3,132.38,-0.8999999999999986,1.0999999999999943,8.209999999999994,0.3285714285714277,,1342.8513882570146,28005.50961,-12.079999999999998
2026-06-06 01:30:00+00:00,2026-06-06 03:30:00+02:00,2026-06-06,3,30,2,5,6,117.57,147.53,-1.9399999999999977,-3.1499999999999915,-0.29999999999999716,-2.4671428571428597,,1245.1640657283033,27526.3735,-29.960000000000008
2026-06-06 01:45:00+00:00,2026-06-06 03:45:00+02:00,2026-06-06,3,45,3,5,6,120.32,130.07,-0.1700000000000017,0.5600000000000023,12.209999999999994,0.17571428571428424,,1178.3540644825755,26975.9984,-9.75
2026-06-06 02:00:00+00:00,2026-06-06 04:00:00+02:00,2026-06-06,4,0,0,5,6,134.01,129.47,-1.3899999999999935,-0.5099999999999909,4.599999999999994,-1.5171428571428558,,1088.535748482403,26570.96427,4.539999999999992
2026-06-06 02:15:00+00:00,2026-06-06 04:15:00+02:00,2026-06-06,4,15,1,5,6,136.31,132.64,-0.05999999999999517,0.6900000000000119,-0.8100000000000023,-0.7657142857142816,,1018.6590821639793,25977.6711,3.670000000000016
2026-06-06 02:30:00+00:00,2026-06-06 04:30:00+02:00,2026-06-06,4,30,2,5,6,136.6,134.26,-0.6000000000000014,-1.1899999999999977,-0.010000000000005116,-1.0600000000000063,,857.8492230918778,25464.13496,2.3400000000000034
2026-06-06 02:45:00+00:00,2026-06-06 04:45:00+02:00,2026-06-06,4,45,3,5,6,134.78,134.39,-0.18499999999999517,-1.0799999999999983,-3.799999999999997,-2.3799999999999977,,801.222669307647,25112.00116,0.3900000000000148
2026-06-06 03:00:00+00:00,2026-06-06 05:00:00+02:00,2026-06-06,5,0,0,5,6,132.59,136.7,-2.065000000000005,-1.3599999999999994,2.25,-1.4957142857142895,,887.8752128018907,24828.904069999997,-4.109999999999985
2026-06-06 03:15:00+00:00,2026-06-06 05:15:00+02:00,2026-06-06,5,15,1,5,6,127.57,127.2,-0.615000000000002,-0.030000000000001137,-0.030000000000001137,-1.9585714285714317,,982.3019200923695,24576.67701,0.36999999999999034
2026-06-06 03:30:00+00:00,2026-06-06 05:30:00+02:00,2026-06-06,5,30,2,5,6,124.44,132.43,0.42500000000000426,-0.2599999999999909,4.789999999999992,-1.2185714285714246,,907.4666429320185,24097.173540000003,-7.990000000000009
2026-06-06 03:45:00+00:00,2026-06-06 05:45:00+02:00,2026-06-06,5,45,3,5,6,117.0,132.1,2.230000000000004,0.45999999999999375,0.45999999999999375,-1.0042857142857133,,868.5927646520599,23600.84959,-15.099999999999994
2026-06-06 04:00:00+00:00,2026-06-06 06:00:00+02:00,2026-06-06,6,0,0,5,6,118.81,139.8,-3.095000000000013,1.0999999999999943,3.530000000000001,-2.902857142857146,,1091.643250513766,23486.656600000002,-20.99000000000001
2026-06-06 04:15:00+00:00,2026-06-06 06:15:00+02:00,2026-06-06,6,15,1,5,6,115.26,133.8,-1.8699999999999974,-1.7600000000000051,1.4300000000000068,-5.752857142857146,,929.3686542522117,22646.15283,-18.540000000000006
2026-06-06 04:30:00+00:00,2026-06-06 06:30:00+02:00,2026-06-06,6,30,2,5,6,113.1,130.32,-0.14999999999999147,0.09000000000000341,-1.3700000000000045,-0.6514285714285636,,886.8992525838886,22107.82553,-17.22
2026-06-06 04:45:00+00:00,2026-06-06 06:45:00+02:00,2026-06-06,6,45,3,5,6,110.64,108.25,-0.9549999999999983,-0.9000000000000057,-0.9000000000000057,-5.045714285714287,,818.9630621684055,21696.00331,2.3900000000000006
2026-06-06 05:00:00+00:00,2026-06-06 07:00:00+02:00,2026-06-06,7,0,0,5,6,120.0,122.79,2.020000000000003,-2.1899999999999977,3.480000000000004,-1.2457142857142816,,763.5482207494867,21082.847690000002,-2.7900000000000063
2026-06-06 05:15:00+00:00,2026-06-06 07:15:00+02:00,2026-06-06,7,15,1,5,6,104.18,122.12,1.6599999999999966,-2.480000000000018,-7.049999999999997,-1.8842857142857095,,748.8337013333315,20769.30744,-17.939999999999998
2026-06-06 05:30:00+00:00,2026-06-06 07:30:00+02:00,2026-06-06,7,30,2,5,6,93.42,113.56,0.6100000000000065,1.5800000000000125,3.8700000000000045,-1.4428571428571442,,650.8592229964456,20270.78226,-20.14
2026-06-06 05:45:00+00:00,2026-06-06 07:45:00+02:00,2026-06-06,7,45,3,5,6,79.99,76.8,-2.635000000000005,0.8400000000000034,-0.1799999999999926,0.6114285714285737,,511.5631895148771,19776.68786,3.1899999999999977
2026-06-06 06:00:00+00:00,2026-06-06 08:00:00+02:00,2026-06-06,8,0,0,5,6,95.39,105.97,2.289999999999999,-0.6899999999999977,2.1299999999999955,-1.49857142857144,,537.9214490857618,19373.20782,-10.579999999999998
2026-06-06 06:15:00+00:00,2026-06-06 08:15:00+02:00,2026-06-06,8,15,1,5,6,86.8,103.4,7.345000000000006,6.340000000000003,0.8599999999999994,2.9657142857142844,,503.15913717033504,19146.69266,-16.60000000000001
2026-06-06 06:30:00+00:00,2026-06-06 08:30:00+02:00,2026-06-06,8,30,2,5,6,72.06,84.6,0.05999999999999517,5.319999999999993,0.9899999999999949,3.7828571428571363,,522.730640320267,18933.218090000002,-12.539999999999992
2026-06-06 06:45:00+00:00,2026-06-06 08:45:00+02:00,2026-06-06,8,45,3,5,6,53.83,78.12,-0.035000000000003695,3.0500000000000114,9.540000000000006,5.721428571428569,,476.261211268623,18770.77449,-24.290000000000006
2026-06-06 07:00:00+00:00,2026-06-06 09:00:00+02:00,2026-06-06,9,0,0,5,6,65.2,69.14,4.289999999999992,0.5300000000000011,0.5300000000000011,0.7371428571428525,,479.31674924299375,18656.14187,-3.9399999999999977
2026-06-06 07:15:00+00:00,2026-06-06 09:15:00+02:00,2026-06-06,9,15,1,5,6,44.81,72.0,6.565000000000001,5.530000000000001,5.530000000000001,4.51,,431.5135125449243,18355.38722,-27.189999999999998
2026-06-06 07:30:00+00:00,2026-06-06 09:30:00+02:00,2026-06-06,9,30,2,5,6,39.3,56.9,1.7150000000000034,4.319999999999993,4.959999999999994,7.3800000000000034,,385.43540588289926,18080.843829999998,-17.6
2026-06-06 07:45:00+00:00,2026-06-06 09:45:00+02:00,2026-06-06,9,45,3,5,6,22.24,40.7,-1.6550000000000002,2.030000000000001,1.7999999999999972,3.1114285714285757,,306.68809995656846,17828.54646,-18.460000000000004
2026-06-06 08:00:00+00:00,2026-06-06 10:00:00+02:00,2026-06-06,10,0,0,5,6,27.72,15.01,5.020000000000003,3.1999999999999993,11.650000000000006,4.09142857142858,,372.34140274840934,17554.92282,12.709999999999999
2026-06-06 08:15:00+00:00,2026-06-06 10:15:00+02:00,2026-06-06,10,15,1,5,6,16.48,18.43,3.344999999999998,4.75,20.89,6.435714285714288,,310.69927760969847,17350.08517,-1.9499999999999993
2026-06-06 08:30:00+00:00,2026-06-06 10:30:00+02:00,2026-06-06,10,30,2,5,6,7.28,25.0,-1.4049999999999998,0.46000000000000796,0.46000000000000796,4.68714285714286,,278.3867212679465,17152.32685,-17.72
2026-06-06 08:45:00+00:00,2026-06-06 10:45:00+02:00,2026-06-06,10,45,3,5,6,-6.03,20.0,0.6400000000000031,2.5,1.8299999999999983,5.849999999999993,,246.02052703831023,16953.89175,-26.03
2026-06-06 09:00:00+00:00,2026-06-06 11:00:00+02:00,2026-06-06,11,0,0,5,6,0.44,5.01,1.2150000000000034,-0.8499999999999996,0.0,1.0500000000000014,,255.61864812063268,16727.26858,-4.569999999999999
2026-06-06 09:15:00+00:00,2026-06-06 11:15:00+02:00,2026-06-06,11,15,1,5,6,-0.25,5.26,2.9849999999999977,-0.5999999999999996,32.48,7.785714285714277,,297.1717673719969,16427.88996,-5.51
2026-06-06 09:30:00+00:00,2026-06-06 11:30:00+02:00,2026-06-06,11,30,2,5,6,-1.96,0.01,2.024999999999996,3.039999999999992,24.180000000000007,12.421428571428565,,334.99415278309647,16169.38942,-1.97
2026-06-06 09:45:00+00:00,2026-06-06 11:45:00+02:00,2026-06-06,11,45,3,5,6,-7.32,0.0,3.885,7.14,26.04,14.472857142857139,,377.71423947001784,15860.71012,-7.32
2026-06-06 10:00:00+00:00,2026-06-06 12:00:00+02:00,2026-06-06,12,0,0,5,6,-2.1,-17.87,3.905000000000001,-0.1299999999999999,24.6,6.918571428571427,,440.57737236863835,15614.745869999999,15.770000000000001
2026-06-06 10:15:00+00:00,2026-06-06 12:15:00+02:00,2026-06-06,12,15,1,5,6,-0.15,-6.1,5.530000000000001,6.450000000000003,7.1299999999999955,7.375714285714276,,445.8658236542379,15327.160899999999,5.949999999999999
2026-06-06 10:30:00+00:00,2026-06-06 12:30:00+02:00,2026-06-06,12,30,2,5,6,-0.46,-21.15,3.9949999999999974,6.960000000000001,6.960000000000001,4.1171428571428565,,390.4597036993988,15043.916920000001,20.689999999999998
2026-06-06 10:45:00+00:00,2026-06-06 12:45:00+02:00,2026-06-06,12,45,3,5,6,-2.1,-6.17,8.824999999999998,10.17,16.08,11.644285714285717,,415.2291080027096,14786.2431,4.07
2026-06-06 11:00:00+00:00,2026-06-06 13:00:00+02:00,2026-06-06,13,0,0,5,6,-0.02,-0.01,4.894999999999996,5.8999999999999915,18.490000000000002,5.768571428571425,,434.62430049548686,14510.111529999998,-0.01
2026-06-06 11:15:00+00:00,2026-06-06 13:15:00+02:00,2026-06-06,13,15,1,5,6,-2.02,-0.02,3.5199999999999996,7.800000000000011,18.1,6.308571428571436,,414.771362581099,14224.08695,-2.0
2026-06-06 11:30:00+00:00,2026-06-06 13:30:00+02:00,2026-06-06,13,30,2,5,6,-2.3,-0.04,1.5899999999999999,1.44,3.8800000000000026,1.8728571428571488,,392.31139712825507,13931.210309999999,-2.26
2026-06-06 11:45:00+00:00,2026-06-06 13:45:00+02:00,2026-06-06,13,45,3,5,6,-2.45,-0.03,2.5050000000000017,5.399999999999999,5.399999999999999,10.112857142857152,,340.2587343718854,13644.783,-2.4200000000000004
2026-06-06 12:00:00+00:00,2026-06-06 14:00:00+02:00,2026-06-06,14,0,0,5,6,0.0,-14.7,2.99,4.17,5.030000000000001,8.757142857142863,,332.2778207734354,13220.495930000001,14.7
2026-06-06 12:15:00+00:00,2026-06-06 14:15:00+02:00,2026-06-06,14,15,1,5,6,-4.97,0.0,2.825000000000001,5.09,5.09,3.6085714285714374,,313.83726317137496,12947.069280000002,-4.97
2026-06-06 12:30:00+00:00,2026-06-06 14:30:00+02:00,2026-06-06,14,30,2,5,6,-1.57,0.03,6.7700000000000005,7.4,14.549999999999997,8.951428571428567,,306.85773890536024,12654.12907,-1.6
2026-06-06 12:45:00+00:00,2026-06-06 14:45:00+02:00,2026-06-06,14,45,3,5,6,-0.61,0.09,2.7250000000000028,0.2,5.609999999999999,5.464285714285711,,319.2876542573232,12343.734670000002,-0.7
2026-06-06 13:00:00+00:00,2026-06-06 15:00:00+02:00,2026-06-06,15,0,0,5,6,-0.57,-15.75,0.5199999999999972,9.14,13.0,7.097142857142862,,383.8600094770718,12002.46778,15.18
2026-06-06 13:15:00+00:00,2026-06-06 15:15:00+02:00,2026-06-06,15,15,1,5,6,3.13,-3.46,1.0050000000000023,2.14,5.450000000000003,1.1742857142857175,,415.48552719395803,11685.76841,6.59
2026-06-06 13:30:00+00:00,2026-06-06 15:30:00+02:00,2026-06-06,15,30,2,5,6,7.2,8.94,-0.9699999999999984,-2.989999999999995,2.1400000000000006,-1.3285714285714256,,453.6538221711991,11368.96287,-1.7399999999999993
2026-06-06 13:45:00+00:00,2026-06-06 15:45:00+02:00,2026-06-06,15,45,3,5,6,16.24,20.89,4.26,-2.9399999999999977,9.100000000000001,-1.6600000000000006,,504.67077527743294,11050.05502,-4.650000000000002
2026-06-06 14:00:00+00:00,2026-06-06 16:00:00+02:00,2026-06-06,16,0,0,5,6,12.61,12.21,2.1750000000000007,4.250000000000001,2.3800000000000026,4.342857142857143,,531.5781672917366,10754.453689999998,0.3999999999999986
2026-06-06 14:15:00+00:00,2026-06-06 16:15:00+02:00,2026-06-06,16,15,1,5,6,35.34,38.16,4.615,4.83,2.3100000000000023,4.8057142857142825,,524.3420226530224,10317.599989999999,-2.819999999999993
2026-06-06 14:30:00+00:00,2026-06-06 16:30:00+02:00,2026-06-06,16,30,2,5,6,50.85,57.41,3.610000000000001,-0.14999999999999147,11.820000000000007,-0.037142857142858636,,533.6563276747974,9896.61609,-6.559999999999995
2026-06-06 14:45:00+00:00,2026-06-06 16:45:00+02:00,2026-06-06,16,45,3,5,6,69.2,71.39,11.314999999999996,1.0500000000000114,-14.159999999999997,7.118571428571428,,543.633045188818,9477.3022,-2.1899999999999977
2026-06-06 15:00:00+00:00,2026-06-06 17:00:00+02:00,2026-06-06,17,0,0,5,6,64.96,63.72,-2.279999999999994,1.460000000000008,-0.3999999999999915,0.9357142857142914,,616.5525072268767,9061.59001,1.2399999999999949
2026-06-06 15:15:00+00:00,2026-06-06 17:15:00+02:00,2026-06-06,17,15,1,5,6,79.99,82.05,-2.5549999999999997,-3.950000000000003,3.799999999999997,-3.2185714285714306,,654.3911093534284,8647.96948,-2.0600000000000023
2026-06-06 15:30:00+00:00,2026-06-06 17:30:00+02:00,2026-06-06,17,30,2,5,6,100.3,99.69,0.19500000000000028,-2.930000000000007,-1.3100000000000023,-2.614285714285726,,678.5714876001139,8210.30833,0.6099999999999994
2026-06-06 15:45:00+00:00,2026-06-06 17:45:00+02:00,2026-06-06,17,45,3,5,6,117.77,118.02,2.3100000000000023,-4.909999999999997,-2.5900000000000034,-4.291428571428573,,650.1084322067405,7780.58028,-0.25
2026-06-06 16:00:00+00:00,2026-06-06 18:00:00+02:00,2026-06-06,18,0,0,5,6,108.0,110.99,-5.469999999999999,-3.440000000000012,-5.989999999999995,0.8328571428571487,,634.5403937936275,7342.60414,-2.989999999999995
2026-06-06 16:15:00+00:00,2026-06-06 18:15:00+02:00,2026-06-06,18,15,1,5,6,114.9,116.0,-4.244999999999997,-1.1099999999999994,-1.1099999999999994,-4.09857142857142,,543.5009358919882,6822.91204,-1.0999999999999943
2026-06-06 16:30:00+00:00,2026-06-06 18:30:00+02:00,2026-06-06,18,30,2,5,6,121.88,129.43,2.510000000000005,0.5700000000000216,-11.599999999999994,-1.741428571428565,,455.6183241151568,6293.2270100000005,-7.550000000000011
2026-06-06 16:45:00+00:00,2026-06-06 18:45:00+02:00,2026-06-06,18,45,3,5,6,128.29,127.03,-2.4950000000000045,-6.52000000000001,-9.25,-9.450000000000006,,407.9731652034722,5770.424849999999,1.259999999999991
2026-06-06 17:00:00+00:00,2026-06-06 19:00:00+02:00,2026-06-06,19,0,0,5,6,121.66,122.95,-10.954999999999991,-2.8700000000000045,-2.8700000000000045,-8.98857142857143,,400.6200295353918,5261.4044,-1.2900000000000063
2026-06-06 17:15:00+00:00,2026-06-06 19:15:00+02:00,2026-06-06,19,15,1,5,6,128.03,135.01,-5.314999999999998,-4.469999999999999,1.9899999999999807,-9.198571428571432,,437.92546576355227,4799.92779,-6.97999999999999
2026-06-06 17:30:00+00:00,2026-06-06 19:30:00+02:00,2026-06-06,19,30,2,5,6,135.0,151.5,-0.14000000000000057,-6.349999999999994,0.9399999999999977,-5.732857142857148,,473.8128388954687,4344.78328,-16.5
2026-06-06 17:45:00+00:00,2026-06-06 19:45:00+02:00,2026-06-06,19,45,3,5,6,142.55,147.53,3.4100000000000037,-0.5,1.5300000000000011,-8.718571428571433,,501.3654421251096,3890.28645,-4.97999999999999
2026-06-06 18:00:00+00:00,2026-06-06 20:00:00+02:00,2026-06-06,20,0,0,5,6,143.96,153.97,-5.370000000000012,-3.8700000000000045,1.450000000000017,-7.51999999999999,,526.6429805587784,3444.7132600000004,-10.009999999999991
2026-06-06 18:15:00+00:00,2026-06-06 20:15:00+02:00,2026-06-06,20,15,1,5,6,146.3,160.0,-4.3999999999999915,-8.27000000000001,-22.819999999999993,-8.011428571428569,,559.9334149889405,3161.1153,-13.699999999999989
2026-06-06 18:30:00+00:00,2026-06-06 20:30:00+02:00,2026-06-06,20,30,2,5,6,153.74,156.97,-2.1500000000000057,-3.1399999999999864,-0.020000000000010232,-3.348571428571426,,592.9010317369488,2853.8308500000003,-3.2299999999999898
2026-06-06 18:45:00+00:00,2026-06-06 20:45:00+02:00,2026-06-06,20,45,3,5,6,155.29,170.33,-1.9949999999999974,-18.28,0.9900000000000091,-22.715714285714284,,627.9090873063474,2524.63149,-15.04000000000002
2026-06-06 19:00:00+00:00,2026-06-06 21:00:00+02:00,2026-06-06,21,0,0,5,6,157.56,175.68,2.099999999999987,-5.349999999999994,-2.0,3.2957142857142787,,675.8969512687187,2228.5412699999997,-18.120000000000005
2026-06-06 19:15:00+00:00,2026-06-06 21:15:00+02:00,2026-06-06,21,15,1,5,6,149.6,160.39,-0.9349999999999952,-10.359999999999985,-3.319999999999993,-13.115714285714287,,725.9134832493938,2078.12338,-10.789999999999992
2026-06-06 19:30:00+00:00,2026-06-06 21:30:00+02:00,2026-06-06,21,30,2,5,6,143.53,145.11,-5.935000000000002,-13.470000000000027,-30.689999999999998,-9.005714285714294,,785.1616542404186,1956.6852900000001,-1.5800000000000125
2026-06-06 19:45:00+00:00,2026-06-06 21:45:00+02:00,2026-06-06,21,45,3,5,6,137.31,151.0,-11.89,-7.180000000000007,-4.969999999999999,-24.027142857142852,,846.2161334716991,1846.5596,-13.689999999999998
2026-06-06 20:00:00+00:00,2026-06-06 22:00:00+02:00,2026-06-06,22,0,0,5,6,144.18,154.6,4.034999999999997,-2.710000000000008,-7.319999999999993,4.722857142857145,,864.8541298055746,1755.49266,-10.419999999999987
2026-06-06 20:15:00+00:00,2026-06-06 22:15:00+02:00,2026-06-06,22,15,1,5,6,136.11,145.68,0.9699999999999989,-0.6400000000000006,0.06999999999999318,-3.424285714285716,,887.5106199916789,1739.4251,-9.569999999999993
2026-06-06 20:30:00+00:00,2026-06-06 22:30:00+02:00,2026-06-06,22,30,2,5,6,127.71,136.92,-1.3400000000000105,-0.19999999999998863,2.890000000000015,0.03571428571428977,,883.402600785316,1727.9495000000002,-9.209999999999994
2026-06-06 20:45:00+00:00,2026-06-06 22:45:00+02:00,2026-06-06,22,45,3,5,6,120.0,134.38,-3.730000000000011,-3.6599999999999966,-3.6599999999999966,-10.781428571428581,,872.2369149887716,1725.89631,-14.379999999999995
2026-06-06 21:00:00+00:00,2026-06-06 23:00:00+02:00,2026-06-06,23,0,0,5,6,130.45,135.6,5.955000000000005,3.069999999999993,6.430000000000007,1.624285714285717,,881.5034617549944,1717.02677,-5.150000000000006
2026-06-06 21:15:00+00:00,2026-06-06 23:15:00+02:00,2026-06-06,23,15,1,5,6,124.41,127.64,0.7850000000000108,0.4299999999999784,0.8800000000000239,-0.05857142857142809,,914.3044932337152,1703.26204,-3.230000000000004
2026-06-06 21:30:00+00:00,2026-06-06 23:30:00+02:00,2026-06-06,23,30,2,5,6,119.1,120.07,-1.7199999999999918,-1.4200000000000017,0.6599999999999966,-2.0457142857142947,,947.001324913986,1693.10849,-0.9699999999999989
2026-06-06 21:45:00+00:00,2026-06-06 23:45:00+02:00,2026-06-06,23,45,3,5,6,112.01,114.29,-3.4450000000000003,-0.0800000000000125,0.6799999999999784,-1.037142857142864,,997.5871105784015,1674.39485,-2.280000000000001
2026-06-06 22:00:00+00:00,2026-06-07 00:00:00+02:00,2026-06-07,0,0,0,6,6,110.71,120.63,-1.1099999999999923,-1.3100000000000023,-10.840000000000003,-3.581249999999999,,1852.9695354788437,1791.19675,-9.920000000000002
2026-06-06 22:15:00+00:00,2026-06-07 00:15:00+02:00,2026-06-07,0,15,1,6,6,110.18,121.7,-0.7000000000000028,-2.0,-4.390000000000015,-2.397499999999999,,1868.6673884386194,1768.70482,-11.519999999999996
2026-06-06 22:30:00+00:00,2026-06-07 00:30:00+02:00,2026-06-07,0,30,2,6,6,106.86,132.68,-2.1750000000000114,-1.9300000000000068,-3.319999999999993,-1.1812500000000021,,2017.9263492992975,1731.7150199999999,-25.820000000000007
2026-06-06 22:45:00+00:00,2026-06-07 00:45:00+02:00,2026-06-07,0,45,3,6,6,103.05,109.39,-1.8400000000000034,-1.4800000000000182,-1.0100000000000193,-3.3862499999999986,,1816.4938599919383,1773.48206,-6.340000000000003
2026-06-06 23:00:00+00:00,2026-06-07 01:00:00+02:00,2026-06-07,1,0,0,6,6,102.85,114.45,-0.6950000000000074,-2.990000000000009,-2.990000000000009,-1.8300000000000032,,1665.7160300877556,1787.1100299999998,-11.600000000000009
2026-06-06 23:15:00+00:00,2026-06-07 01:15:00+02:00,2026-06-07,1,15,1,6,6,99.54,108.8,-1.5349999999999895,-2.6699999999999875,-3.6999999999999886,-1.8087499999999965,,1458.6703866551768,1775.25432,-9.259999999999991
2026-06-06 23:30:00+00:00,2026-06-07 01:30:00+02:00,2026-06-07,1,30,2,6,6,95.28,104.3,-0.2050000000000054,-0.37999999999999545,-4.100000000000023,-1.450000000000001,,1427.0818539406862,1771.0620299999998,-9.019999999999996
2026-06-06 23:45:00+00:00,2026-06-07 01:45:00+02:00,2026-06-07,1,45,3,6,6,88.36,97.31,-2.4949999999999974,-5.340000000000003,-17.0,-4.568750000000001,,1409.3269402069523,1749.40668,-8.950000000000003
2026-06-07 00:00:00+00:00,2026-06-07 02:00:00+02:00,2026-06-07,2,0,0,6,6,95.19,99.45,-0.8400000000000034,-2.009999999999991,-3.5900000000000034,-1.6987499999999986,,1216.5636211299534,1725.45911,-4.260000000000005
2026-06-07 00:15:00+00:00,2026-06-07 02:15:00+02:00,2026-06-07,2,15,1,6,6,89.25,95.29,-0.8900000000000077,-1.8700000000000045,-2.339999999999975,-1.4562500000000018,,1025.7142163686747,1684.2107500000002,-6.040000000000006
2026-06-07 00:30:00+00:00,2026-06-07 02:30:00+02:00,2026-06-07,2,30,2,6,6,89.58,90.77,-2.6799999999999997,-3.2099999999999937,-20.330000000000013,-4.641250000000003,,770.3704153504256,1631.20555,-1.1899999999999977
2026-06-07 00:45:00+00:00,2026-06-07 02:45:00+02:00,2026-06-07,2,45,3,6,6,80.14,86.25,-2.8149999999999906,-3.089999999999989,-2.539999999999992,-2.9737499999999972,,653.8723336447681,1613.78678,-6.109999999999999
2026-06-07 01:00:00+00:00,2026-06-07 03:00:00+02:00,2026-06-07,3,0,0,6,6,86.38,91.2,-3.3800000000000026,-2.8800000000000097,-7.519999999999996,-1.383750000000004,,663.6684373299875,1607.99199,-4.820000000000007
2026-06-07 01:15:00+00:00,2026-06-07 03:15:00+02:00,2026-06-07,3,15,1,6,6,79.26,92.77,-1.1550000000000011,1.0999999999999943,-12.079999999999998,-1.2225000000000006,,721.6102985691541,1628.86498,-13.509999999999991
2026-06-07 01:30:00+00:00,2026-06-07 03:30:00+02:00,2026-06-07,3,30,2,6,6,77.62,86.23,-2.344999999999999,-3.1499999999999915,-29.960000000000008,-5.903750000000003,,720.1984963180857,1658.8291800000002,-8.61
2026-06-07 01:45:00+00:00,2026-06-07 03:45:00+02:00,2026-06-07,3,45,3,6,6,68.75,86.19,-0.1700000000000017,0.5600000000000023,-9.75,-1.0650000000000013,,689.6099666260018,1729.83949,-17.439999999999998
2026-06-07 02:00:00+00:00,2026-06-07 04:00:00+02:00,2026-06-07,4,0,0,6,6,68.0,75.03,-0.4399999999999906,-0.5099999999999909,4.539999999999992,-0.7599999999999998,,758.9017250242728,1753.54529,-7.030000000000001
2026-06-07 02:15:00+00:00,2026-06-07 04:15:00+02:00,2026-06-07,4,15,1,6,6,64.63,86.21,0.8300000000000054,0.6900000000000119,3.670000000000016,-0.2112499999999944,,666.7945568723269,1783.6157400000002,-21.58
2026-06-07 02:30:00+00:00,2026-06-07 04:30:00+02:00,2026-06-07,4,30,2,6,6,61.68,65.21,0.7199999999999989,-1.1899999999999977,2.3400000000000034,-0.6350000000000051,,677.9853466095883,1782.5426900000002,-3.529999999999994
2026-06-07 02:45:00+00:00,2026-06-07 04:45:00+02:00,2026-06-07,4,45,3,6,6,55.43,58.0,-0.30999999999998806,-1.009999999999991,0.3900000000000148,-2.033749999999996,,748.9020567835466,1813.3915200000001,-2.5700000000000003
2026-06-07 03:00:00+00:00,2026-06-07 05:00:00+02:00,2026-06-07,5,0,0,6,6,41.5,60.74,-2.065000000000005,-2.7700000000000102,-4.109999999999985,-1.8225000000000016,,860.480078459346,1869.1562,-19.240000000000002
2026-06-07 03:15:00+00:00,2026-06-07 05:15:00+02:00,2026-06-07,5,15,1,6,6,33.95,47.92,-0.08500000000000085,-0.030000000000001137,0.36999999999999034,-1.667500000000004,,981.2158314341128,1938.4423,-13.969999999999999
2026-06-07 03:30:00+00:00,2026-06-07 05:30:00+02:00,2026-06-07,5,30,2,6,6,28.41,75.37,0.42500000000000426,-1.6099999999999994,-7.990000000000009,-2.0649999999999977,,906.6997862991666,1996.97311,-46.96000000000001
2026-06-07 03:45:00+00:00,2026-06-07 05:45:00+02:00,2026-06-07,5,45,3,6,6,13.04,11.28,2.230000000000004,-2.219999999999999,-15.099999999999994,-2.7662499999999985,,897.9591168159861,2033.54554,1.7599999999999998
2026-06-07 04:00:00+00:00,2026-06-07 06:00:00+02:00,2026-06-07,6,0,0,6,6,12.41,8.55,-5.005000000000017,-1.7500000000000142,-20.99000000000001,-5.163750000000004,,1038.4161642003396,2258.50764,3.8599999999999994
2026-06-07 04:15:00+00:00,2026-06-07 06:15:00+02:00,2026-06-07,6,15,1,6,6,7.12,5.11,-1.8699999999999974,-9.830000000000013,-18.540000000000006,-7.351250000000004,,911.7199282975539,2374.54518,2.01
2026-06-07 04:30:00+00:00,2026-06-07 06:30:00+02:00,2026-06-07,6,30,2,6,6,6.2,62.85,-0.14999999999999147,0.09000000000000341,-17.22,-2.722499999999993,,889.7473426820026,2426.5266300000003,-56.65
2026-06-07 04:45:00+00:00,2026-06-07 06:45:00+02:00,2026-06-07,6,45,3,6,6,3.1,2.1,-0.8400000000000034,-0.7800000000000011,2.3900000000000006,-4.116250000000001,,811.7673508398135,2494.83223,1.0
2026-06-07 05:00:00+00:00,2026-06-07 07:00:00+02:00,2026-06-07,7,0,0,6,6,2.83,1.84,-0.11999999999999744,-2.1899999999999977,-2.7900000000000063,-1.438749999999997,,726.7974744051345,2555.77578,0.99
2026-06-07 05:15:00+00:00,2026-06-07 07:15:00+02:00,2026-06-07,7,15,1,6,6,0.09,0.01,0.9749999999999943,-7.049999999999997,-17.939999999999998,-3.8912499999999954,,677.7084238083786,2465.71918,0.08
2026-06-07 05:30:00+00:00,2026-06-07 07:30:00+02:00,2026-06-07,7,30,2,6,6,-2.2,44.7,-0.5450000000000017,1.5800000000000125,-20.14,-3.780000000000001,,515.2046711746194,2363.18315,-46.900000000000006
2026-06-07 05:45:00+00:00,2026-06-07 07:45:00+02:00,2026-06-07,7,45,3,6,6,-0.04,31.11,-1.384999999999998,1.4300000000000068,3.1899999999999977,0.9337500000000016,,350.3750782644581,2305.66673,-31.15
2026-06-07 06:00:00+00:00,2026-06-07 08:00:00+02:00,2026-06-07,8,0,0,6,6,3.02,11.07,2.1400000000000006,-3.710000000000008,-10.579999999999998,-2.63375000000001,,331.5125147368527,2207.29603,-8.05
2026-06-07 06:15:00+00:00,2026-06-07 08:15:00+02:00,2026-06-07,8,15,1,6,6,-0.01,-0.05,5.515000000000001,0.8599999999999994,-16.60000000000001,0.5199999999999978,,332.8531181432998,2072.3212,0.04
2026-06-07 06:30:00+00:00,2026-06-07 08:30:00+02:00,2026-06-07,8,30,2,6,6,-1.0,0.01,-2.7150000000000034,0.9899999999999949,-12.539999999999992,1.7424999999999953,,427.07933026704256,1941.00454,-1.01
2026-06-07 06:45:00+00:00,2026-06-07 08:45:00+02:00,2026-06-07,8,45,3,6,6,-4.4,-2.04,-0.035000000000003695,1.990000000000002,-24.290000000000006,1.969999999999997,,430.85619627240084,1802.9061199999999,-2.3600000000000003
2026-06-07 07:00:00+00:00,2026-06-07 09:00:00+02:00,2026-06-07,9,0,0,6,6,-3.3,-1.3,1.8099999999999952,0.5300000000000011,-3.9399999999999977,0.1524999999999963,,461.11649641564577,1685.41551,-1.9999999999999998
2026-06-07 07:15:00+00:00,2026-06-07 09:15:00+02:00,2026-06-07,9,15,1,6,6,-8.01,-3.4,3.9750000000000014,5.530000000000001,-27.189999999999998,0.5475000000000003,,446.19923861744894,1772.54872,-4.609999999999999
2026-06-07 07:30:00+00:00,2026-06-07 09:30:00+02:00,2026-06-07,9,30,2,6,6,-7.33,-5.5,1.7150000000000034,1.8599999999999994,-17.6,4.257500000000003,,432.79605349891614,1854.36877,-1.83
2026-06-07 07:45:00+00:00,2026-06-07 09:45:00+02:00,2026-06-07,9,45,3,6,6,-10.0,-10.0,-1.6550000000000002,2.030000000000001,-18.460000000000004,0.4150000000000036,,404.6997587122652,1929.05799,0.0
2026-06-07 08:00:00+00:00,2026-06-07 10:00:00+02:00,2026-06-07,10,0,0,6,6,-6.6,-4.99,5.020000000000003,5.010000000000005,12.709999999999999,5.168750000000007,,508.8378562127766,2014.0413899999999,-1.6099999999999994
2026-06-07 08:15:00+00:00,2026-06-07 10:15:00+02:00,2026-06-07,10,15,1,6,6,-9.0,-1.5,1.6700000000000017,0.9300000000000068,-1.9499999999999993,5.387500000000001,,501.77810360390896,2162.82164,-7.5
2026-06-07 08:30:00+00:00,2026-06-07 10:30:00+02:00,2026-06-07,10,30,2,6,6,-10.37,-1.55,-1.4049999999999998,0.46000000000000796,-17.72,1.886250000000003,,555.5536323388253,2302.04519,-8.819999999999999
2026-06-07 08:45:00+00:00,2026-06-07 10:45:00+02:00,2026-06-07,10,45,3,6,6,-14.03,-12.71,0.6400000000000031,1.8299999999999983,-26.03,1.8649999999999936,,567.4425598013298,2444.65373,-1.3199999999999985
2026-06-07 09:00:00+00:00,2026-06-07 11:00:00+02:00,2026-06-07,11,0,0,6,6,-13.0,-12.74,1.2150000000000034,-0.8499999999999996,-4.569999999999999,0.34750000000000136,,588.8297896622836,2604.6070600000003,-0.2599999999999998
2026-06-07 09:15:00+00:00,2026-06-07 11:15:00+02:00,2026-06-07,11,15,1,6,6,-14.53,-5.0,0.8199999999999976,-0.5999999999999996,-5.51,6.123749999999992,,615.5493334285219,2762.45457,-9.53
2026-06-07 09:30:00+00:00,2026-06-07 11:30:00+02:00,2026-06-07,11,30,2,6,6,-14.58,-8.11,2.024999999999996,3.039999999999992,-1.97,10.622499999999993,,621.4896288860928,2937.35541,-6.470000000000001
2026-06-07 09:45:00+00:00,2026-06-07 11:45:00+02:00,2026-06-07,11,45,3,6,6,-15.6,-14.57,3.885,4.16,-7.32,11.748749999999998,,621.9126473800824,3110.35427,-1.0299999999999994
2026-06-07 10:00:00+00:00,2026-06-07 12:00:00+02:00,2026-06-07,12,0,0,6,6,-12.57,-14.99,5.895,4.579999999999998,15.770000000000001,8.025,,647.2435629653762,3290.0792300000003,2.42
2026-06-07 10:15:00+00:00,2026-06-07 12:15:00+02:00,2026-06-07,12,15,1,6,6,-18.78,-19.0,6.200000000000001,6.450000000000003,5.949999999999999,7.197499999999991,,634.1604182024145,3455.76311,0.21999999999999886
2026-06-07 10:30:00+00:00,2026-06-07 12:30:00+02:00,2026-06-07,12,30,2,6,6,-19.06,-15.0,5.824999999999999,6.960000000000001,20.689999999999998,6.188749999999999,,579.2310221103897,3625.32649,-4.059999999999999
2026-06-07 10:45:00+00:00,2026-06-07 12:45:00+02:00,2026-06-07,12,45,3,6,6,-20.85,-1.74,8.824999999999998,9.459999999999994,4.07,10.697500000000002,,601.6887392288493,3790.15319,-19.110000000000003
2026-06-07 11:00:00+00:00,2026-06-07 13:00:00+02:00,2026-06-07,13,0,0,6,6,-29.0,-23.36,4.894999999999996,3.89,-0.01,5.046249999999997,,621.3930167703489,3963.46494,-5.640000000000001
2026-06-07 11:15:00+00:00,2026-06-07 13:15:00+02:00,2026-06-07,13,15,1,6,6,-32.1,-10.01,2.8850000000000033,0.960000000000008,-2.0,5.270000000000007,,596.4991401963175,4136.98822,-22.090000000000003
2026-06-07 11:30:00+00:00,2026-06-07 13:30:00+02:00,2026-06-07,13,30,2,6,6,-40.37,-40.11,1.1900000000000006,-0.01999999999999602,-2.26,1.3562500000000053,,558.846748580201,4303.94469,-0.259999999999998
2026-06-07 11:45:00+00:00,2026-06-07 13:45:00+02:00,2026-06-07,13,45,3,6,6,-50.09,-50.25,2.4350000000000014,5.399999999999999,-2.4200000000000004,8.546250000000008,,500.4065085146162,4472.68384,0.1599999999999966
2026-06-07 12:00:00+00:00,2026-06-07 14:00:00+02:00,2026-06-07,14,0,0,6,6,-41.88,-24.78,4.6000000000000005,5.030000000000001,14.7,9.500000000000005,,313.52833809061036,4549.5845,-17.1
2026-06-07 12:15:00+00:00,2026-06-07 14:15:00+02:00,2026-06-07,14,15,1,6,6,-42.85,-45.43,2.825000000000001,-0.009999999999990905,-4.97,2.5362500000000074,,264.74747429634937,4694.84241,2.5799999999999983
2026-06-07 12:30:00+00:00,2026-06-07 14:30:00+02:00,2026-06-07,14,30,2,6,6,-41.78,-44.45,6.7700000000000005,-1.0300000000000011,-1.6,7.632499999999997,,226.21331307336314,4831.27105,2.6700000000000017
2026-06-07 12:45:00+00:00,2026-06-07 14:45:00+02:00,2026-06-07,14,45,3,6,6,-37.06,-45.04,1.925000000000003,-0.28000000000000114,-0.7,4.693749999999997,,241.01044706750517,4965.464029999999,7.979999999999997
2026-06-07 13:00:00+00:00,2026-06-07 15:00:00+02:00,2026-06-07,15,0,0,6,6,-43.05,-50.07,4.495,9.14,15.18,8.107500000000003,,323.7433398109158,5104.05875,7.020000000000003
2026-06-07 13:15:00+00:00,2026-06-07 15:15:00+02:00,2026-06-07,15,15,1,6,6,-31.8,-24.59,3.71,2.14,6.59,1.8512500000000027,,387.5701834404535,5194.112700000001,-7.210000000000001
2026-06-07 13:30:00+00:00,2026-06-07 15:30:00+02:00,2026-06-07,15,30,2,6,6,-26.48,-31.78,-1.4649999999999983,-2.989999999999995,-1.7399999999999993,-1.3799999999999972,,432.41508829041493,5275.6143,5.300000000000001
2026-06-07 13:45:00+00:00,2026-06-07 15:45:00+02:00,2026-06-07,15,45,3,6,6,-21.29,-23.87,4.26,-2.9399999999999977,-4.650000000000002,-2.033750000000001,,480.78196761713184,5349.388669999999,2.580000000000002
2026-06-07 14:00:00+00:00,2026-06-07 16:00:00+02:00,2026-06-07,16,0,0,6,6,-23.05,-28.06,2.1750000000000007,2.3800000000000026,0.3999999999999986,3.8500000000000005,,498.87683465515516,5446.72581,5.009999999999998
2026-06-07 14:15:00+00:00,2026-06-07 16:15:00+02:00,2026-06-07,16,15,1,6,6,-14.1,-8.4,4.615,4.83,-2.819999999999993,3.8524999999999983,,535.6864487331222,5491.4181100000005,-5.699999999999999
2026-06-07 14:30:00+00:00,2026-06-07 16:30:00+02:00,2026-06-07,16,30,2,6,6,-9.99,-12.79,2.3999999999999986,-0.14999999999999147,-6.559999999999995,-0.8525000000000007,,579.0349796370988,5543.09006,2.799999999999999
2026-06-07 14:45:00+00:00,2026-06-07 16:45:00+02:00,2026-06-07,16,45,3,6,6,-4.1,16.1,7.17,-0.1700000000000017,-2.1899999999999977,5.955,,611.38278451118,5591.51504,-20.200000000000003
2026-06-07 15:00:00+00:00,2026-06-07 17:00:00+02:00,2026-06-07,17,0,0,6,6,-4.36,-14.7,-0.12999999999999545,1.2399999999999949,1.2399999999999949,0.9737500000000043,,693.164889994715,5658.6881300000005,10.34
2026-06-07 15:15:00+00:00,2026-06-07 17:15:00+02:00,2026-06-07,17,15,1,6,6,-2.02,-1.0,-3.0050000000000026,-3.950000000000003,-2.0600000000000023,-3.073750000000002,,748.5309303101845,5671.59958,-1.02
2026-06-07 15:30:00+00:00,2026-06-07 17:30:00+02:00,2026-06-07,17,30,2,6,6,-0.09,18.89,-0.3500000000000014,-2.8600000000000136,0.6099999999999994,-2.2112500000000104,,787.0554017690762,5670.78702,-18.98
2026-06-07 15:45:00+00:00,2026-06-07 17:45:00+02:00,2026-06-07,17,45,3,6,6,14.71,16.55,0.13000000000000256,-4.909999999999997,-0.25,-3.786250000000001,,753.662251091338,5654.26234,-1.8399999999999999
2026-06-07 16:00:00+00:00,2026-06-07 18:00:00+02:00,2026-06-07,18,0,0,6,6,16.32,0.05,-4.3600000000000065,-3.440000000000012,-2.989999999999995,0.35500000000000576,,741.3802920097881,5637.02274,16.27
2026-06-07 16:15:00+00:00,2026-06-07 18:15:00+02:00,2026-06-07,18,15,1,6,6,38.11,21.29,-2.625,-1.0999999999999943,-1.0999999999999943,-3.723749999999992,,650.3866737738966,5585.9242,16.82
2026-06-07 16:30:00+00:00,2026-06-07 18:30:00+02:00,2026-06-07,18,30,2,6,6,84.25,87.9,1.2749999999999986,0.5700000000000216,-7.550000000000011,-2.467499999999996,,530.1634179908093,5538.192279999999,-3.6500000000000057
2026-06-07 16:45:00+00:00,2026-06-07 18:45:00+02:00,2026-06-07,18,45,3,6,6,105.0,115.97,-2.4950000000000045,-5.090000000000003,1.259999999999991,-8.111250000000007,,438.3726600768934,5502.254779999999,-10.969999999999999
2026-06-07 17:00:00+00:00,2026-06-07 19:00:00+02:00,2026-06-07,19,0,0,6,6,97.51,78.62,-10.059999999999995,-2.8700000000000045,-1.2900000000000063,-8.026250000000001,,368.34653261405634,5485.81023,18.89
2026-06-07 17:15:00+00:00,2026-06-07 19:15:00+02:00,2026-06-07,19,15,1,6,6,108.53,107.43,-5.555000000000007,-4.469999999999999,-6.97999999999999,-8.921250000000002,,416.50726868639384,5624.135310000001,1.0999999999999943
2026-06-07 17:30:00+00:00,2026-06-07 19:30:00+02:00,2026-06-07,19,30,2,6,6,119.99,120.23,-0.605000000000004,-6.349999999999994,-16.5,-7.078750000000005,,476.5365130300342,5760.4103,-0.2400000000000091
2026-06-07 17:45:00+00:00,2026-06-07 19:45:00+02:00,2026-06-07,19,45,3,6,6,123.72,148.12,2.2650000000000006,-0.5,-4.97999999999999,-8.251250000000002,,542.9734628037911,5909.01774,-24.400000000000006
2026-06-07 18:00:00+00:00,2026-06-07 20:00:00+02:00,2026-06-07,20,0,0,6,6,124.21,99.75,-5.370000000000012,-3.8700000000000045,-10.009999999999991,-7.83124999999999,,621.7374604103612,6069.446610000001,24.459999999999994
2026-06-07 18:15:00+00:00,2026-06-07 20:15:00+02:00,2026-06-07,20,15,1,6,6,126.17,125.62,-4.644999999999996,-9.060000000000002,-13.699999999999989,-8.722499999999997,,584.4634250582027,6492.94984,0.5499999999999972
2026-06-07 18:30:00+00:00,2026-06-07 20:30:00+02:00,2026-06-07,20,30,2,6,6,132.75,129.28,-2.2750000000000057,-3.2299999999999898,-3.2299999999999898,-3.3337499999999967,,552.8964030678673,6910.57878,3.469999999999999
2026-06-07 18:45:00+00:00,2026-06-07 20:45:00+02:00,2026-06-07,20,45,3,6,6,135.7,135.06,-5.115000000000002,-18.28,-15.04000000000002,-21.75625,,529.3406700315327,7313.6664599999995,0.6399999999999864
2026-06-07 19:00:00+00:00,2026-06-07 21:00:00+02:00,2026-06-07,21,0,0,6,6,130.7,133.35,-0.005000000000002558,-5.349999999999994,-18.120000000000005,0.6187499999999932,,510.71392011870944,7728.85931,-2.6500000000000057
2026-06-07 19:15:00+00:00,2026-06-07 21:15:00+02:00,2026-06-07,21,15,1,6,6,133.71,135.01,-2.3499999999999943,-10.789999999999992,-10.789999999999992,-12.825,,492.67649676650524,8266.75847,-1.299999999999983
2026-06-07 19:30:00+00:00,2026-06-07 21:30:00+02:00,2026-06-07,21,30,2,6,6,135.57,141.3,-5.420000000000002,-13.470000000000027,-1.5800000000000125,-8.07750000000001,,466.58449938308536,8858.08671,-5.730000000000018
2026-06-07 19:45:00+00:00,2026-06-07 21:45:00+02:00,2026-06-07,21,45,3,6,6,137.27,135.0,-11.89,-10.75,-13.689999999999998,-22.734999999999996,,438.22356977412164,9480.605,2.2700000000000102
2026-06-07 20:00:00+00:00,2026-06-07 22:00:00+02:00,2026-06-07,22,0,0,6,6,142.61,145.7,2.365000000000002,-2.9499999999999886,-10.419999999999987,2.8300000000000036,,414.91715889534163,10082.708,-3.089999999999975
2026-06-07 20:15:00+00:00,2026-06-07 22:15:00+02:00,2026-06-07,22,15,1,6,6,138.11,143.25,-0.0800000000000125,-1.3400000000000034,-9.569999999999993,-4.192500000000001,,392.42922227357604,10770.51875,-5.139999999999986
2026-06-07 20:30:00+00:00,2026-06-07 22:30:00+02:00,2026-06-07,22,30,2,6,6,137.0,138.78,-1.3400000000000105,-1.7600000000000051,-9.209999999999994,-1.1199999999999957,,372.6952954872936,11436.82187,-1.7800000000000011
2026-06-07 20:45:00+00:00,2026-06-07 22:45:00+02:00,2026-06-07,22,45,3,6,6,132.41,136.6,-3.730000000000011,-3.660000000000025,-14.379999999999995,-11.231250000000008,,332.8241189936674,12108.06986,-4.189999999999998
2026-06-07 21:00:00+00:00,2026-06-07 23:00:00+02:00,2026-06-07,23,0,0,6,6,142.43,148.73,5.43,-0.5099999999999909,-5.150000000000006,0.7775000000000016,,285.8881279510544,12745.66578,-6.299999999999983
2026-06-07 21:15:00+00:00,2026-06-07 23:15:00+02:00,2026-06-07,23,15,1,6,6,133.96,137.92,0.5599999999999881,-0.5699999999999932,-3.230000000000004,-0.45500000000000007,,259.8554395050946,13296.73159,-3.9599999999999795
2026-06-07 21:30:00+00:00,2026-06-07 23:30:00+02:00,2026-06-07,23,30,2,6,6,132.02,125.69,-1.7199999999999918,-1.4200000000000017,-0.9699999999999989,-1.9112500000000079,,225.25849031371934,13853.442860000001,6.3300000000000125
2026-06-07 21:45:00+00:00,2026-06-07 23:45:00+02:00,2026-06-07,23,45,3,6,6,121.44,139.25,-2.904999999999994,-2.280000000000001,-2.280000000000001,-1.192500000000006,,195.29942319459573,14437.16307,-17.810000000000002
