feature,selection_frequency,clean_selection_frequency,selected_folds,selected_clean_folds,mean_importance,median_importance,max_importance,mean_rank,best_rank,selected_pre_cap,prefilter_keep,prefilter_reason,non_missing_count,non_missing_fraction,unique_values,family_x,pool_x,base_signal_x,corr_prune_keep,corr_prune_reason,correlated_with,max_abs_corr_with_kept,univariate_abs_spearman,family_y,pool_y,base_signal_y,family,pool,base_signal,selected
ida1_price_eur_mwh_rolling_mean_7d_same_local_qh,1.0,0.8888888888888888,18.0,16.0,0.20933052814100583,0.20150121535492038,0.27003115016338924,1.0555555555555556,1.0,True,True,kept,81408,0.9860942875139299,78156,ida1_history,market_history,ida1_price_eur_mwh,True,kept,ida1_price_eur_mwh_lag_1d_same_local_qh,0.8189114187133436,0.7504586576838356,ida1_history,market_history,ida1_price_eur_mwh,ida1_history,market_history,ida1_price_eur_mwh,True
da_price_eur_mwh,1.0,0.8888888888888888,18.0,16.0,0.1550472234480197,0.15323142682861618,0.17737893920484502,2.388888888888889,2.0,True,True,kept,82556,1.0,12631,da_price,market_history,da_price_eur_mwh,True,first_ranked_feature,,0.0,0.924131010271927,da_price,market_history,da_price_eur_mwh,da_price,market_history,da_price_eur_mwh,True
ida1_price_eur_mwh_lag_1d_same_local_qh,1.0,0.8888888888888888,18.0,16.0,0.14517087651191432,0.14934031262174408,0.16141525544137064,2.888888888888889,2.0,True,True,kept,77268,0.9359465090362905,51928,ida1_history,market_history,ida1_price_eur_mwh,True,kept,da_price_eur_mwh,0.7477750833410122,0.7558438954401016,ida1_history,market_history,ida1_price_eur_mwh,ida1_history,market_history,ida1_price_eur_mwh,True
ida1_price_eur_mwh_rolling_median_3d_same_local_qh,0.9444444444444444,0.8888888888888888,17.0,16.0,0.10873503628597643,0.10952398092300457,0.14118473023054415,4.166666666666667,3.0,True,True,kept,76896,0.9314404767672853,38707,ida1_history,market_history,ida1_price_eur_mwh,True,kept,ida1_price_eur_mwh_rolling_mean_7d_same_local_qh,0.9066714837935864,0.7280708788149781,ida1_history,market_history,ida1_price_eur_mwh,ida1_history,market_history,ida1_price_eur_mwh,True
da_price_eur_mwh_rolling_median_14d_same_local_qh,0.7777777777777778,0.7222222222222222,14.0,13.0,0.08116522102176127,0.06968554417796674,0.28982952034685633,4.944444444444445,1.0,True,True,kept,82076,0.9941857648141867,12630,da_price,market_history,da_price_eur_mwh,True,kept,ida1_price_eur_mwh_rolling_median_28d_same_local_qh,0.9158049651811826,0.7147986667704529,da_price,market_history,da_price_eur_mwh,da_price,market_history,da_price_eur_mwh,True
ida1_price_eur_mwh_rolling_median_28d_same_local_qh,0.3333333333333333,0.3333333333333333,6.0,6.0,0.04466390389837341,0.03885809291103778,0.17693212624381516,6.444444444444445,2.0,False,True,kept,81500,0.9872086825912109,31052,ida1_history,market_history,ida1_price_eur_mwh,True,kept,ida1_price_eur_mwh_rolling_mean_7d_same_local_qh,0.8925076405253151,0.7165029854366023,ida1_history,market_history,ida1_price_eur_mwh,ida1_history,market_history,ida1_price_eur_mwh,True
load_forecast_da_mw_lag_7d_same_local_qh,0.0,0.0,0.0,0.0,0.010033268891294474,0.007763511696948654,0.021693750277617083,16.555555555555557,7.0,False,True,kept,80911,0.9800741314986191,80170,da_forecast,forecast_level,load_forecast_da_mw,True,kept,residual_load_forecast_da_mw_lag_7d_same_local_qh,0.39228599307772266,0.22193219447388524,da_forecast,forecast_level,load_forecast_da_mw,da_forecast,forecast_level,load_forecast_da_mw,True
residual_load_forecast_da_mw_lag_1d_same_local_qh,0.0,0.0,0.0,0.0,0.009403028119476124,0.005884279407883714,0.032259748387102154,25.055555555555557,7.0,False,True,kept,82443,0.9986312321333398,82141,da_forecast,forecast_level,residual_load_forecast_da_mw,True,kept,solar_forecast_da_mw_lag_1d_same_local_qh,0.5275404150859898,0.4326125678846173,da_forecast,forecast_level,residual_load_forecast_da_mw,da_forecast,forecast_level,residual_load_forecast_da_mw,True
ida1_price_eur_mwh_lag_7d_same_local_qh,0.2777777777777778,0.2222222222222222,5.0,4.0,0.03475615883616416,0.03377864918032594,0.05215120669624569,6.722222222222222,5.0,False,True,kept,74772,0.9057124860700615,51078,ida1_history,market_history,ida1_price_eur_mwh,True,kept,ida1_price_eur_mwh_rolling_mean_7d_same_local_qh,0.8226919688838382,0.6661272015312033,ida1_history,market_history,ida1_price_eur_mwh,ida1_history,market_history,ida1_price_eur_mwh,False
ida1_price_eur_mwh_lag_14d_same_local_qh,0.1111111111111111,0.1111111111111111,2.0,2.0,0.009694357878932296,0.008227425666861635,0.03577765509025509,68.88888888888889,6.0,False,True,kept,72948,0.8836183923639711,50174,ida1_history,market_history,ida1_price_eur_mwh,True,kept,ida1_price_eur_mwh_rolling_median_28d_same_local_qh,0.7929224511654606,0.6414716264177043,ida1_history,market_history,ida1_price_eur_mwh,ida1_history,market_history,ida1_price_eur_mwh,False
ida1_minus_da_spread_eur_mwh_rolling_mean_28d_same_local_qh,0.0,0.0,0.0,0.0,0.012853514566643041,0.013177247765572532,0.014726654186225107,10.277777777777779,8.0,False,True,kept,81500,0.9872086825912109,81200,ida1_history,market_history,ida1_minus_da_spread_eur_mwh,True,kept,ida1_price_eur_mwh_rolling_mean_7d_same_local_qh,0.23890611606398654,0.20081341142963743,ida1_history,market_history,ida1_minus_da_spread_eur_mwh,ida1_history,market_history,ida1_minus_da_spread_eur_mwh,False
ida1_minus_da_spread_eur_mwh_rolling_mean_3d_same_local_qh,0.0,0.0,0.0,0.0,0.012435358869705197,0.012743964036602707,0.015278415787545968,11.055555555555555,8.0,False,True,kept,76896,0.9314404767672853,71916,ida1_history,market_history,ida1_minus_da_spread_eur_mwh,True,kept,ida1_minus_da_spread_eur_mwh_rolling_mean_7d_same_local_qh,0.87072496878614,0.16796916551239816,ida1_history,market_history,ida1_minus_da_spread_eur_mwh,ida1_history,market_history,ida1_minus_da_spread_eur_mwh,False
ida1_minus_da_spread_eur_mwh_rolling_median_14d_same_local_qh,0.0,0.0,0.0,0.0,0.01036456615032235,0.010622928659850612,0.011239738460046791,13.833333333333334,10.0,False,True,kept,81596,0.9883715296283735,34253,ida1_history,market_history,ida1_minus_da_spread_eur_mwh,True,kept,ida1_minus_da_spread_eur_mwh_rolling_mean_28d_same_local_qh,0.9132577720550639,0.16859094335031066,ida1_history,market_history,ida1_minus_da_spread_eur_mwh,ida1_history,market_history,ida1_minus_da_spread_eur_mwh,False
ida1_volume_mw_lag_7d_same_local_qh,0.0,0.0,0.0,0.0,0.009318926675505228,0.01151518076325073,0.013483910723425856,51.388888888888886,10.0,False,True,kept,40408,0.48946169872571343,6785,ida1_history,market_history,ida1_volume_mw,True,kept,ida1_volume_mw_lag_1d_same_local_qh,0.6876265423530122,0.021955043924219184,ida1_history,market_history,ida1_volume_mw,ida1_history,market_history,ida1_volume_mw,False
ida1_volume_mw_lag_14d_same_local_qh,0.0,0.0,0.0,0.0,0.009085162637002247,0.01100534569135678,0.013890595018240486,51.833333333333336,10.0,False,True,kept,39256,0.4755075342797616,6552,ida1_history,market_history,ida1_volume_mw,True,kept,ida1_volume_mw_lag_7d_same_local_qh,0.7142509903818428,0.004083416522883489,ida1_history,market_history,ida1_volume_mw,ida1_history,market_history,ida1_volume_mw,False
ida1_minus_da_spread_eur_mwh_lag_2d_same_local_qh,0.0,0.0,0.0,0.0,0.00892779075506968,0.009249629141771267,0.01706320105717733,25.333333333333332,8.0,False,True,kept,75828,0.9185038034788507,54149,ida1_history,market_history,ida1_minus_da_spread_eur_mwh,True,kept,ida1_minus_da_spread_eur_mwh_rolling_mean_3d_same_local_qh,0.8026232571124742,0.14214028233041265,ida1_history,market_history,ida1_minus_da_spread_eur_mwh,ida1_history,market_history,ida1_minus_da_spread_eur_mwh,False
ida1_minus_da_spread_eur_mwh_rolling_mean_7d_same_local_qh,0.0,0.0,0.0,0.0,0.007361712942229464,0.006757307816705761,0.011321600609096838,20.11111111111111,10.0,False,True,kept,81408,0.9860942875139299,79968,ida1_history,market_history,ida1_minus_da_spread_eur_mwh,True,kept,ida1_minus_da_spread_eur_mwh_rolling_mean_28d_same_local_qh,0.8687900452748867,0.18183738294872495,ida1_history,market_history,ida1_minus_da_spread_eur_mwh,ida1_history,market_history,ida1_minus_da_spread_eur_mwh,False
ida1_volume_mw_lag_1d_same_local_qh,0.0,0.0,0.0,0.0,0.007272232728506237,0.00810890429868492,0.012229864499605031,54.166666666666664,12.0,False,True,kept,42328,0.5127186394689666,6739,ida1_history,market_history,ida1_volume_mw,True,kept,ida1_volume_mw_lag_2d_same_local_qh,0.7219867271179954,0.04510806833451995,ida1_history,market_history,ida1_volume_mw,ida1_history,market_history,ida1_volume_mw,False
wind_onshore_id_forecast_error_mw_lag_2d_same_local_qh,0.0,0.0,0.0,0.0,0.005899193417181845,0.0,0.0209081256357457,101.66666666666667,8.0,False,True,kept,74663,0.9043921701632831,73345,lagged_forecast_error,lagged_forecast_error,wind_onshore_id_forecast_error_mw,True,kept,wind_onshore_da_forecast_error_mw_lag_2d_same_local_qh,0.8511476289682061,0.0355436667529674,lagged_forecast_error,lagged_forecast_error,wind_onshore_id_forecast_error_mw,lagged_forecast_error,lagged_forecast_error,wind_onshore_id_forecast_error_mw,False
wind_onshore_id_forecast_error_mw_rolling_std_28d_same_local_qh,0.0,0.0,0.0,0.0,0.005680317009749301,0.0077947241000027225,0.010356447981902604,66.5,13.0,False,True,kept,79576,0.9639032898880759,79288,lagged_forecast_error,lagged_forecast_error,wind_onshore_id_forecast_error_mw,True,kept,wind_onshore_id_forecast_error_mw_rolling_std_14d_same_local_qh,0.9016655367595321,0.06669493889455443,lagged_forecast_error,lagged_forecast_error,wind_onshore_id_forecast_error_mw,lagged_forecast_error,lagged_forecast_error,wind_onshore_id_forecast_error_mw,False
load_da_forecast_error_mw_lag_2d_same_local_qh,0.0,0.0,0.0,0.0,0.005065297541483729,0.005968444009727888,0.00897919890545155,48.55555555555556,14.0,False,True,kept,74675,0.9045375260429285,73771,lagged_forecast_error,lagged_forecast_error,load_da_forecast_error_mw,True,kept,load_da_forecast_error_mw_rolling_median_3d_same_local_qh,0.899259210473698,0.09762915731309046,lagged_forecast_error,lagged_forecast_error,load_da_forecast_error_mw,lagged_forecast_error,lagged_forecast_error,load_da_forecast_error_mw,False
ida1_price_eur_mwh_rolling_std_3d_same_local_qh,0.0,0.0,0.0,0.0,0.0050313799493221945,0.004908260507002279,0.010139144457751754,35.333333333333336,14.0,False,True,kept,76896,0.9314404767672853,76050,ida1_history,market_history,ida1_price_eur_mwh,True,kept,da_price_eur_mwh_rolling_std_3d_same_local_qh,0.7915196564668188,0.19936280900946973,ida1_history,market_history,ida1_price_eur_mwh,ida1_history,market_history,ida1_price_eur_mwh,False
da_price_eur_mwh_rolling_std_7d_same_local_qh,0.0,0.0,0.0,0.0,0.004966349641363387,0.004978284351067909,0.005820115476479443,28.166666666666668,21.0,False,True,kept,82268,0.996511458888512,54654,da_price,market_history,da_price_eur_mwh,True,kept,da_price_eur_mwh_rolling_std_14d_same_local_qh,0.8746219240013823,0.26488505553931596,da_price,market_history,da_price_eur_mwh,da_price,market_history,da_price_eur_mwh,False
renewable_total_forecast_da_mw_lag_1d_same_local_qh,0.0,0.0,0.0,0.0,0.004947369970695304,0.005729754585690607,0.007974302505721302,31.444444444444443,16.0,False,True,kept,82444,0.9986433451233102,82043,da_forecast,forecast_level,renewable_total_forecast_da_mw,True,kept,residual_load_forecast_da_mw_lag_1d_same_local_qh,0.7452689107309183,0.3214403717223453,da_forecast,forecast_level,renewable_total_forecast_da_mw,da_forecast,forecast_level,renewable_total_forecast_da_mw,False
ida1_minus_da_spread_eur_mwh_lag_1d_same_local_qh,0.0,0.0,0.0,0.0,0.004731707661376957,0.004582380917108484,0.006826276115368833,28.833333333333332,19.0,False,True,kept,77268,0.9359465090362905,54513,ida1_history,market_history,ida1_minus_da_spread_eur_mwh,True,kept,ida1_minus_da_spread_eur_mwh_rolling_mean_3d_same_local_qh,0.78356526299323,0.14675157557596172,ida1_history,market_history,ida1_minus_da_spread_eur_mwh,ida1_history,market_history,ida1_minus_da_spread_eur_mwh,False
da_price_eur_mwh_regime_abs_median_28d_over_vol,0.0,0.0,0.0,0.0,0.004629121324558037,0.006383179431249079,0.010635922107999251,90.11111111111111,16.0,False,True,kept,81596,0.9883715296283735,55751,regime_level,regime,da_price_eur_mwh,True,kept,ida1_price_eur_mwh_regime_abs_median_28d_over_vol,0.8706946077636252,0.13283472171599828,regime_level,regime,da_price_eur_mwh,regime_level,regime,da_price_eur_mwh,False
ida1_minus_da_spread_eur_mwh_lag_14d_same_local_qh,0.0,0.0,0.0,0.0,0.004340879435717062,0.004445213486581689,0.019453645644795195,63.72222222222222,8.0,False,True,kept,72948,0.8836183923639711,52518,ida1_history,market_history,ida1_minus_da_spread_eur_mwh,True,kept,ida1_minus_da_spread_eur_mwh_rolling_median_14d_same_local_qh,0.673847249747523,0.14625287119096117,ida1_history,market_history,ida1_minus_da_spread_eur_mwh,ida1_history,market_history,ida1_minus_da_spread_eur_mwh,False
ida1_price_eur_mwh_regime_vol_7d_over_28d,0.0,0.0,0.0,0.0,0.004276421402267325,0.005480405204955624,0.008327904539321827,93.66666666666667,16.0,False,True,kept,80736,0.9779543582537914,80735,regime_volatility,regime,ida1_price_eur_mwh,True,kept,da_price_eur_mwh_regime_vol_7d_over_28d,0.7825658841651646,0.0045833472772859995,regime_volatility,regime,ida1_price_eur_mwh,regime_volatility,regime,ida1_price_eur_mwh,False
da_price_eur_mwh_lag_2d_same_local_qh,0.0,0.0,0.0,0.0,0.004048280257841559,0.005148332591465273,0.007585622320236996,69.0,19.0,False,True,kept,82338,0.9973593681864431,13702,da_price,market_history,da_price_eur_mwh,True,kept,ida1_price_eur_mwh_rolling_median_3d_same_local_qh,0.8837255779313942,0.6265985066064589,da_price,market_history,da_price_eur_mwh,da_price,market_history,da_price_eur_mwh,False
weekday_sin,0.0,0.0,0.0,0.0,0.003994683328997224,0.00393246734024464,0.005007702481821133,31.88888888888889,26.0,False,True,kept,82556,1.0,7,calendar,calendar,weekday_sin,True,kept,is_weekend,0.7915466906179177,0.139663429622866,calendar,calendar,weekday_sin,calendar,calendar,weekday_sin,False
ida1_price_eur_mwh_rolling_std_7d_same_local_qh,0.0,0.0,0.0,0.0,0.003893269525888398,0.004967412921297256,0.006150249894514899,61.388888888888886,22.0,False,True,kept,81408,0.9860942875139299,81390,ida1_history,market_history,ida1_price_eur_mwh,True,kept,da_price_eur_mwh_rolling_std_7d_same_local_qh,0.874970098310691,0.23712078739510165,ida1_history,market_history,ida1_price_eur_mwh,ida1_history,market_history,ida1_price_eur_mwh,False
wind_offshore_da_forecast_error_mw_lag_2d_same_local_qh,0.0,0.0,0.0,0.0,0.003758262561026351,0.0,0.023048748146605146,100.5,8.0,False,True,kept,74651,0.9042468142836377,72201,lagged_forecast_error,lagged_forecast_error,wind_offshore_da_forecast_error_mw,True,kept,wind_offshore_da_forecast_error_mw_rolling_median_3d_same_local_qh,0.5899470734115317,0.0750507221700121,lagged_forecast_error,lagged_forecast_error,wind_offshore_da_forecast_error_mw,lagged_forecast_error,lagged_forecast_error,wind_offshore_da_forecast_error_mw,False
ida1_minus_da_spread_eur_mwh_lag_7d_same_local_qh,0.0,0.0,0.0,0.0,0.0037000224175595497,0.0037170849186106245,0.007890708500178477,64.55555555555556,20.0,False,True,kept,74772,0.9057124860700615,53600,ida1_history,market_history,ida1_minus_da_spread_eur_mwh,True,kept,ida1_minus_da_spread_eur_mwh_rolling_mean_7d_same_local_qh,0.7045774668709605,0.13294822022359046,ida1_history,market_history,ida1_minus_da_spread_eur_mwh,ida1_history,market_history,ida1_minus_da_spread_eur_mwh,False
is_weekend,0.0,0.0,0.0,0.0,0.0032087978586957822,0.003375824376980834,0.00472688211809079,33.55555555555556,27.0,False,True,kept,82556,1.0,2,calendar,calendar,is_weekend,True,kept,month_sin,0.002681478766739019,0.16520083011882264,calendar,calendar,is_weekend,calendar,calendar,is_weekend,False
wind_offshore_id_forecast_error_mw_rolling_std_14d_same_local_qh,0.0,0.0,0.0,0.0,0.0030448778524909547,0.00416457218404245,0.006806867975032188,84.33333333333333,21.0,False,True,kept,80152,0.9708803721110519,80146,lagged_forecast_error,lagged_forecast_error,wind_offshore_id_forecast_error_mw,True,kept,wind_offshore_id_forecast_error_mw_rolling_std_28d_same_local_qh,0.8275892970454318,0.002801222164807098,lagged_forecast_error,lagged_forecast_error,wind_offshore_id_forecast_error_mw,lagged_forecast_error,lagged_forecast_error,wind_offshore_id_forecast_error_mw,False
da_price_eur_mwh_rolling_std_3d_same_local_qh,0.0,0.0,0.0,0.0,0.0029259610220464622,0.0,0.009278137632156533,117.33333333333333,15.0,False,True,kept,82364,0.9976743059256747,53601,da_price,market_history,da_price_eur_mwh,True,kept,da_price_eur_mwh_rolling_std_7d_same_local_qh,0.6936710381338135,0.21571918821851246,da_price,market_history,da_price_eur_mwh,da_price,market_history,da_price_eur_mwh,False
residual_load_forecast_da_mw_lag_7d_same_local_qh,0.0,0.0,0.0,0.0,0.0028886459181422875,0.0,0.021434443327158048,56.388888888888886,7.0,False,True,kept,80907,0.9800256795387373,80610,da_forecast,forecast_level,residual_load_forecast_da_mw,True,kept,solar_forecast_da_mw_lag_7d_same_local_qh,0.5371936544308474,0.351744821574018,da_forecast,forecast_level,residual_load_forecast_da_mw,da_forecast,forecast_level,residual_load_forecast_da_mw,False
wind_total_forecast_id_mw_lag_14d_same_local_qh,0.0,0.0,0.0,0.0,0.0028178744979459503,0.0,0.008885077347708981,45.111111111111114,16.0,False,True,kept,79280,0.9603178448568245,78673,id_forecast,forecast_level,wind_total_forecast_id_mw,True,kept,wind_offshore_forecast_da_mw_lag_14d_same_local_qh,0.8329077843924204,0.04353811259773033,id_forecast,forecast_level,wind_total_forecast_id_mw,id_forecast,forecast_level,wind_total_forecast_id_mw,False
load_da_forecast_error_mw_lag_1d_same_local_qh,0.0,0.0,0.0,0.0,0.002522607831006275,0.0022604042402225456,0.006421240744713332,50.611111111111114,21.0,False,True,kept,75827,0.9184916904888802,74913,lagged_forecast_error,lagged_forecast_error,load_da_forecast_error_mw,True,kept,load_da_forecast_error_mw_rolling_median_3d_same_local_qh,0.8345397644067867,0.09788934244702677,lagged_forecast_error,lagged_forecast_error,load_da_forecast_error_mw,lagged_forecast_error,lagged_forecast_error,load_da_forecast_error_mw,False
solar_forecast_revision_id_minus_da_mw_lag_7d_same_local_qh,0.0,0.0,0.0,0.0,0.0021598456882144365,0.0,0.00842040560357662,79.44444444444444,17.0,False,True,kept,46007,0.5572823295702312,42061,forecast_revision,forecast_revision,solar_forecast_revision_id_minus_da_mw,True,kept,residual_load_revision_id_minus_da_approx_mw_lag_7d_same_local_qh,0.5017229577842806,0.03161639263393659,forecast_revision,forecast_revision,solar_forecast_revision_id_minus_da_mw,forecast_revision,forecast_revision,solar_forecast_revision_id_minus_da_mw,False
load_da_forecast_error_mw_rolling_median_3d_same_local_qh,0.0,0.0,0.0,0.0,0.0019644936793627877,0.0,0.006511278092465537,87.88888888888889,23.0,False,True,kept,75648,0.9163234652841707,50334,lagged_forecast_error,lagged_forecast_error,load_da_forecast_error_mw,True,kept,load_da_forecast_error_mw_rolling_std_28d_same_local_qh,0.1142535740763669,0.11532598684770312,lagged_forecast_error,lagged_forecast_error,load_da_forecast_error_mw,lagged_forecast_error,lagged_forecast_error,load_da_forecast_error_mw,False
solar_forecast_da_mw_lag_1d_same_local_qh,0.0,0.0,0.0,0.0,0.0018130223920051936,0.0010181870543822485,0.007476947504460342,51.111111111111114,22.0,False,True,kept,46871,0.567747952904695,43631,da_forecast,forecast_level,solar_forecast_da_mw,True,first_ranked_feature,,0.0,0.48689165617691577,da_forecast,forecast_level,solar_forecast_da_mw,da_forecast,forecast_level,solar_forecast_da_mw,False
wind_total_forecast_revision_id_minus_da_mw_rolling_std_14d_same_local_qh,0.0,0.0,0.0,0.0,0.001691576159015603,0.0,0.008340860593681073,52.44444444444444,13.0,False,True,kept,82072,0.994137312854305,82071,forecast_revision,forecast_revision,wind_total_forecast_revision_id_minus_da_mw,True,kept,renewable_total_forecast_revision_id_minus_da_mw_rolling_std_14d_same_local_qh,0.8255584508402911,0.05023049739509324,forecast_revision,forecast_revision,wind_total_forecast_revision_id_minus_da_mw,forecast_revision,forecast_revision,wind_total_forecast_revision_id_minus_da_mw,False
ida1_minus_da_spread_eur_mwh_regime_abs_median_28d_over_vol,0.0,0.0,0.0,0.0,0.001594276200885334,0.0,0.006533559985431554,136.44444444444446,20.0,False,True,kept,81500,0.9872086825912109,81479,regime_level,regime,ida1_minus_da_spread_eur_mwh,True,kept,ida1_minus_da_spread_eur_mwh_regime_vol_28d,0.19874989592594988,0.012016754157720756,regime_level,regime,ida1_minus_da_spread_eur_mwh,regime_level,regime,ida1_minus_da_spread_eur_mwh,False
load_da_forecast_error_mw_lag_14d_same_local_qh,0.0,0.0,0.0,0.0,0.0011028488681816076,0.0,0.0087465040450339,139.16666666666666,12.0,False,True,kept,72659,0.8801177382625127,71789,lagged_forecast_error,lagged_forecast_error,load_da_forecast_error_mw,True,kept,load_da_forecast_error_mw_rolling_median_14d_same_local_qh,0.709391170383578,0.06054087101456576,lagged_forecast_error,lagged_forecast_error,load_da_forecast_error_mw,lagged_forecast_error,lagged_forecast_error,load_da_forecast_error_mw,False
ida1_price_eur_mwh_rolling_std_14d_same_local_qh,0.0,0.0,0.0,0.0,0.0011028189136214484,0.0,0.006044336808551847,123.72222222222223,26.0,False,True,kept,81596,0.9883715296283735,81572,ida1_history,market_history,ida1_price_eur_mwh,True,kept,da_price_eur_mwh_rolling_std_14d_same_local_qh,0.9085243447787065,0.27240184101682374,ida1_history,market_history,ida1_price_eur_mwh,ida1_history,market_history,ida1_price_eur_mwh,False
da_price_eur_mwh_rolling_std_14d_same_local_qh,0.0,0.0,0.0,0.0,0.001093145676421248,0.0,0.005229419019988713,148.33333333333334,24.0,False,True,kept,82076,0.9941857648141867,55642,da_price,market_history,da_price_eur_mwh,True,kept,da_price_eur_mwh_rolling_std_28d_same_local_qh,0.8867881704599689,0.2899065931281261,da_price,market_history,da_price_eur_mwh,da_price,market_history,da_price_eur_mwh,False
wind_offshore_forecast_da_mw_lag_14d_same_local_qh,0.0,0.0,0.0,0.0,0.001000753781711365,0.0,0.004962895275250054,52.22222222222222,28.0,False,True,kept,79264,0.9601240370172973,74239,da_forecast,forecast_level,wind_offshore_forecast_da_mw,True,kept,renewable_total_forecast_da_mw_lag_14d_same_local_qh,0.5037697990783448,0.07227316677180093,da_forecast,forecast_level,wind_offshore_forecast_da_mw,da_forecast,forecast_level,wind_offshore_forecast_da_mw,False
wind_offshore_id_forecast_error_mw_lag_2d_same_local_qh,0.0,0.0,0.0,0.0,0.0009771879538238483,0.0,0.006391763327134586,132.72222222222223,25.0,False,True,kept,74648,0.9042104753137264,71525,lagged_forecast_error,lagged_forecast_error,wind_offshore_id_forecast_error_mw,True,kept,wind_offshore_da_forecast_error_mw_lag_2d_same_local_qh,0.8471047613063412,0.07385673275048359,lagged_forecast_error,lagged_forecast_error,wind_offshore_id_forecast_error_mw,lagged_forecast_error,lagged_forecast_error,wind_offshore_id_forecast_error_mw,False
da_price_eur_mwh_regime_vol_7d_over_28d,0.0,0.0,0.0,0.0,0.000856661868056508,0.0,0.008875211035409487,184.61111111111111,15.0,False,True,kept,81596,0.9883715296283735,55877,regime_volatility,regime,da_price_eur_mwh,True,kept,ida1_minus_da_spread_eur_mwh_regime_vol_7d_over_28d,0.32831648017022,0.010918771175140738,regime_volatility,regime,da_price_eur_mwh,regime_volatility,regime,da_price_eur_mwh,False
wind_offshore_da_forecast_error_mw_rolling_median_3d_same_local_qh,0.0,0.0,0.0,0.0,0.0006979804817088143,0.0,0.004587061070934513,115.16666666666667,26.0,False,True,kept,75632,0.9161296574446436,47570,lagged_forecast_error,lagged_forecast_error,wind_offshore_da_forecast_error_mw,True,kept,wind_offshore_da_forecast_error_mw_rolling_mean_3d_same_local_qh,0.8346753378846317,0.11641232732829672,lagged_forecast_error,lagged_forecast_error,wind_offshore_da_forecast_error_mw,lagged_forecast_error,lagged_forecast_error,wind_offshore_da_forecast_error_mw,False
renewable_total_forecast_da_mw_lag_14d_same_local_qh,0.0,0.0,0.0,0.0,0.0006842435710103724,0.0,0.0059309858107526245,45.5,21.0,False,True,kept,79280,0.9603178448568245,78898,da_forecast,forecast_level,renewable_total_forecast_da_mw,True,kept,residual_load_forecast_da_mw_lag_14d_same_local_qh,0.7369511153800736,0.20113914610730793,da_forecast,forecast_level,renewable_total_forecast_da_mw,da_forecast,forecast_level,renewable_total_forecast_da_mw,False
wind_total_forecast_revision_id_minus_da_mw_rolling_mean_28d_same_local_qh,0.0,0.0,0.0,0.0,0.0006577459728785296,0.0,0.006405263193302148,61.0,19.0,False,True,kept,81592,0.9883230776684917,81569,forecast_revision,forecast_revision,wind_total_forecast_revision_id_minus_da_mw,True,kept,residual_load_revision_id_minus_da_approx_mw_rolling_mean_28d_same_local_qh,0.8862141210914469,0.1341862212764068,forecast_revision,forecast_revision,wind_total_forecast_revision_id_minus_da_mw,forecast_revision,forecast_revision,wind_total_forecast_revision_id_minus_da_mw,False
solar_da_forecast_error_mw_lag_2d_same_local_qh,0.0,0.0,0.0,0.0,0.0006332006973473543,0.0,0.004988172639664322,129.5,32.0,False,True,kept,42558,0.5155046271621687,41595,lagged_forecast_error,lagged_forecast_error,solar_da_forecast_error_mw,True,kept,solar_da_forecast_error_mw_lag_7d_same_local_qh,0.7676285640039119,0.05181024099183775,lagged_forecast_error,lagged_forecast_error,solar_da_forecast_error_mw,lagged_forecast_error,lagged_forecast_error,solar_da_forecast_error_mw,False
wind_onshore_da_forecast_error_mw_lag_14d_same_local_qh,0.0,0.0,0.0,0.0,0.0006175240161356238,0.0,0.0066803285093752955,138.05555555555554,22.0,False,True,kept,72643,0.8799239304229856,71699,lagged_forecast_error,lagged_forecast_error,wind_onshore_da_forecast_error_mw,True,kept,wind_onshore_id_forecast_error_mw_lag_14d_same_local_qh,0.8523250019954492,0.052350508375156,lagged_forecast_error,lagged_forecast_error,wind_onshore_da_forecast_error_mw,lagged_forecast_error,lagged_forecast_error,wind_onshore_da_forecast_error_mw,False
renewable_total_forecast_da_mw_lag_7d_same_local_qh,0.0,0.0,0.0,0.0,0.0006168175524427261,0.0,0.005613924386798358,46.0,22.0,False,True,kept,80908,0.9800377925287078,80502,da_forecast,forecast_level,renewable_total_forecast_da_mw,True,kept,residual_load_forecast_da_mw_lag_7d_same_local_qh,0.7418301345512115,0.20089541094005683,da_forecast,forecast_level,renewable_total_forecast_da_mw,da_forecast,forecast_level,renewable_total_forecast_da_mw,False
wind_offshore_da_forecast_error_mw_rolling_mean_3d_same_local_qh,0.0,0.0,0.0,0.0,0.0005590901860511845,0.0,0.007985458891507,119.38888888888889,14.0,False,True,kept,75632,0.9161296574446436,75354,lagged_forecast_error,lagged_forecast_error,wind_offshore_da_forecast_error_mw,True,kept,wind_offshore_id_forecast_error_mw_rolling_mean_3d_same_local_qh,0.8516044737471935,0.11852142550594955,lagged_forecast_error,lagged_forecast_error,wind_offshore_da_forecast_error_mw,lagged_forecast_error,lagged_forecast_error,wind_offshore_da_forecast_error_mw,False
residual_load_forecast_da_mw_lag_2d_same_local_qh,0.0,0.0,0.0,0.0,0.0005496415007199243,0.0,0.003927686806980825,62.111111111111114,29.0,False,True,kept,82347,0.9974683850961772,82050,da_forecast,forecast_level,residual_load_forecast_da_mw,True,kept,residual_load_forecast_da_mw_lag_1d_same_local_qh,0.6249980918164423,0.3084458387475448,da_forecast,forecast_level,residual_load_forecast_da_mw,da_forecast,forecast_level,residual_load_forecast_da_mw,False
wind_onshore_da_forecast_error_mw_lag_2d_same_local_qh,0.0,0.0,0.0,0.0,0.0004849095017480476,0.0,0.004507027965458977,136.05555555555554,26.0,False,True,kept,74658,0.9043316052134309,73678,lagged_forecast_error,lagged_forecast_error,wind_onshore_da_forecast_error_mw,True,kept,wind_onshore_da_forecast_error_mw_rolling_mean_3d_same_local_qh,0.6507245369487609,0.039992448106573625,lagged_forecast_error,lagged_forecast_error,wind_onshore_da_forecast_error_mw,lagged_forecast_error,lagged_forecast_error,wind_onshore_da_forecast_error_mw,False
renewable_total_forecast_revision_id_minus_da_mw_rolling_std_3d_same_local_qh,0.0,0.0,0.0,0.0,0.00044795840183043376,0.0,0.006526398750564775,72.44444444444444,22.0,False,True,kept,82360,0.997625853965793,82360,forecast_revision,forecast_revision,renewable_total_forecast_revision_id_minus_da_mw,True,kept,renewable_total_forecast_revision_id_minus_da_mw_rolling_std_7d_same_local_qh,0.5803450655978979,0.04688876312432027,forecast_revision,forecast_revision,renewable_total_forecast_revision_id_minus_da_mw,forecast_revision,forecast_revision,renewable_total_forecast_revision_id_minus_da_mw,False
month_sin,0.0,0.0,0.0,0.0,0.00043307128877224943,0.0,0.004095400623032371,67.38888888888889,28.0,False,True,kept,82556,1.0,11,calendar,calendar,month_sin,True,first_ranked_feature,,0.0,0.2894007990042656,calendar,calendar,month_sin,calendar,calendar,month_sin,False
load_da_forecast_error_mw_rolling_mean_7d_same_local_qh,0.0,0.0,0.0,0.0,0.00042075036832983637,0.0,0.007155891552832299,122.44444444444444,21.0,False,True,kept,79968,0.9686515819564901,79901,lagged_forecast_error,lagged_forecast_error,load_da_forecast_error_mw,True,kept,load_da_forecast_error_mw_rolling_median_3d_same_local_qh,0.883476276312612,0.11467997584744277,lagged_forecast_error,lagged_forecast_error,load_da_forecast_error_mw,lagged_forecast_error,lagged_forecast_error,load_da_forecast_error_mw,False
load_forecast_da_mw_lag_1d_same_local_qh,0.0,0.0,0.0,0.0,0.0004168598675705843,0.0,0.003017805988962406,49.888888888888886,34.0,False,True,kept,82447,0.9986796840932216,81668,da_forecast,forecast_level,load_forecast_da_mw,True,kept,load_forecast_da_mw_lag_7d_same_local_qh,0.7620390481226176,0.16158916282110064,da_forecast,forecast_level,load_forecast_da_mw,da_forecast,forecast_level,load_forecast_da_mw,False
da_price_eur_mwh_rolling_std_28d_same_local_qh,0.0,0.0,0.0,0.0,0.0004119803367187511,0.0,0.0074156460609375195,172.83333333333334,17.0,False,True,kept,81596,0.9883715296283735,55777,da_price,market_history,da_price_eur_mwh,True,kept,ida1_price_eur_mwh_rolling_median_28d_same_local_qh,0.45393344651671547,0.3267342817135871,da_price,market_history,da_price_eur_mwh,da_price,market_history,da_price_eur_mwh,False
da_price_eur_mwh_regime_vol_28d,0.0,0.0,0.0,0.0,0.0003660465022847983,0.0,0.00658883704112637,182.5,19.0,False,True,kept,81596,0.9883715296283735,55777,regime_volatility,regime,da_price_eur_mwh,True,first_ranked_feature,,0.0,0.3267342817135871,regime_volatility,regime,da_price_eur_mwh,regime_volatility,regime,da_price_eur_mwh,False
wind_total_forecast_revision_id_minus_da_mw_rolling_mean_7d_same_local_qh,0.0,0.0,0.0,0.0,0.00034714836817947587,0.0,0.003410252618603546,53.611111111111114,33.0,False,True,kept,82264,0.9964630069286302,82183,forecast_revision,forecast_revision,wind_total_forecast_revision_id_minus_da_mw,True,kept,residual_load_revision_id_minus_da_approx_mw_rolling_mean_7d_same_local_qh,0.8908132838314307,0.067511216725652,forecast_revision,forecast_revision,wind_total_forecast_revision_id_minus_da_mw,forecast_revision,forecast_revision,wind_total_forecast_revision_id_minus_da_mw,False
da_price_eur_mwh_regime_mean_shift_7d_vs_28d_z,0.0,0.0,0.0,0.0,0.00032411309491707816,0.0,0.005834035708507407,184.5,21.0,False,True,kept,81596,0.9883715296283735,55819,regime_mean_shift,regime,da_price_eur_mwh,True,kept,da_price_eur_mwh_regime_vol_28d,0.006185653990874296,0.23012128600065201,regime_mean_shift,regime,da_price_eur_mwh,regime_mean_shift,regime,da_price_eur_mwh,False
renewable_total_forecast_revision_id_minus_da_mw_rolling_std_14d_same_local_qh,0.0,0.0,0.0,0.0,0.0003240350966496744,0.0,0.005832631739694139,48.111111111111114,22.0,False,True,kept,82072,0.994137312854305,82072,forecast_revision,forecast_revision,renewable_total_forecast_revision_id_minus_da_mw,True,kept,renewable_total_forecast_revision_id_minus_da_mw_rolling_std_28d_same_local_qh,0.7704468739606369,0.08474397064873636,forecast_revision,forecast_revision,renewable_total_forecast_revision_id_minus_da_mw,forecast_revision,forecast_revision,renewable_total_forecast_revision_id_minus_da_mw,False
wind_total_forecast_id_mw_lag_7d_same_local_qh,0.0,0.0,0.0,0.0,0.0003098683605928774,0.0,0.005577630490671794,59.333333333333336,24.0,False,True,kept,80908,0.9800377925287078,80268,id_forecast,forecast_level,wind_total_forecast_id_mw,True,kept,wind_offshore_forecast_id_mw_lag_7d_same_local_qh,0.8272675195570457,0.05597306688873611,id_forecast,forecast_level,wind_total_forecast_id_mw,id_forecast,forecast_level,wind_total_forecast_id_mw,False
residual_load_revision_id_minus_da_approx_mw_rolling_mean_28d_same_local_qh,0.0,0.0,0.0,0.0,0.00030412599512148216,0.0,0.005474267912186679,64.33333333333333,23.0,False,True,kept,81592,0.9883230776684917,81549,forecast_revision,forecast_revision,residual_load_revision_id_minus_da_approx_mw,True,first_ranked_feature,,0.0,0.1579007891699236,forecast_revision,forecast_revision,residual_load_revision_id_minus_da_approx_mw,forecast_revision,forecast_revision,residual_load_revision_id_minus_da_approx_mw,False
residual_load_revision_id_minus_da_approx_mw_rolling_median_3d_same_local_qh,0.0,0.0,0.0,0.0,0.00029863228645185096,0.0,0.0053753811561333175,100.88888888888889,26.0,False,True,kept,82360,0.997625853965793,50360,forecast_revision,forecast_revision,residual_load_revision_id_minus_da_approx_mw,True,kept,residual_load_revision_id_minus_da_approx_mw_rolling_median_7d_same_local_qh,0.5794209012614717,0.03952807215745656,forecast_revision,forecast_revision,residual_load_revision_id_minus_da_approx_mw,forecast_revision,forecast_revision,residual_load_revision_id_minus_da_approx_mw,False
wind_onshore_id_forecast_error_mw_lag_7d_same_local_qh,0.0,0.0,0.0,0.0,0.00029685900146627796,0.0,0.0053434620263930034,157.66666666666666,26.0,False,True,kept,73991,0.8962522409031445,72685,lagged_forecast_error,lagged_forecast_error,wind_onshore_id_forecast_error_mw,True,kept,wind_onshore_da_forecast_error_mw_lag_7d_same_local_qh,0.8533644804646695,0.06981153369486601,lagged_forecast_error,lagged_forecast_error,wind_onshore_id_forecast_error_mw,lagged_forecast_error,lagged_forecast_error,wind_onshore_id_forecast_error_mw,False
residual_load_revision_id_minus_da_approx_mw_rolling_mean_14d_same_local_qh,0.0,0.0,0.0,0.0,0.00025370057444777774,0.0,0.0023727322542597545,63.666666666666664,36.0,False,True,kept,82072,0.994137312854305,81957,forecast_revision,forecast_revision,residual_load_revision_id_minus_da_approx_mw,True,kept,residual_load_revision_id_minus_da_approx_mw_rolling_mean_28d_same_local_qh,0.7335595451028607,0.1401597819772504,forecast_revision,forecast_revision,residual_load_revision_id_minus_da_approx_mw,forecast_revision,forecast_revision,residual_load_revision_id_minus_da_approx_mw,False
ida1_minus_da_spread_eur_mwh_rolling_std_14d_same_local_qh,0.0,0.0,0.0,0.0,0.00022419977597553514,0.0,0.004035595967559633,169.94444444444446,33.0,False,True,kept,81596,0.9883715296283735,81590,ida1_history,market_history,ida1_minus_da_spread_eur_mwh,True,kept,ida1_minus_da_spread_eur_mwh_rolling_std_28d_same_local_qh,0.856422453163764,0.1895369164317657,ida1_history,market_history,ida1_minus_da_spread_eur_mwh,ida1_history,market_history,ida1_minus_da_spread_eur_mwh,False
wind_total_forecast_revision_id_minus_da_mw_regime_mean_shift_7d_vs_28d_z,0.0,0.0,0.0,0.0,0.000217173274314826,0.0,0.0027876223491006486,187.77777777777777,32.0,False,True,kept,81592,0.9883230776684917,81592,regime_mean_shift,regime,wind_total_forecast_revision_id_minus_da_mw,True,kept,ida1_minus_da_spread_eur_mwh_regime_mean_shift_7d_vs_28d_z,0.1391100544910009,0.007130393792147399,regime_mean_shift,regime,wind_total_forecast_revision_id_minus_da_mw,regime_mean_shift,regime,wind_total_forecast_revision_id_minus_da_mw,False
wind_onshore_forecast_da_mw_lag_2d_same_local_qh,0.0,0.0,0.0,0.0,0.00020084972090783352,0.0,0.0036152949763410035,62.888888888888886,32.0,False,True,kept,82343,0.9974199331362954,81202,da_forecast,forecast_level,wind_onshore_forecast_da_mw,True,kept,wind_offshore_forecast_id_mw_lag_2d_same_local_qh,0.726984900586095,0.016608932976275824,da_forecast,forecast_level,wind_onshore_forecast_da_mw,da_forecast,forecast_level,wind_onshore_forecast_da_mw,False
residual_load_revision_id_minus_da_approx_mw_regime_mean_shift_7d_vs_28d_z,0.0,0.0,0.0,0.0,0.0001944695488529627,0.0,0.0035004518793533288,197.88888888888889,32.0,False,True,kept,81592,0.9883230776684917,81592,regime_mean_shift,regime,residual_load_revision_id_minus_da_approx_mw,True,kept,wind_total_forecast_revision_id_minus_da_mw_regime_mean_shift_7d_vs_28d_z,0.9020940661102721,0.0066539320798279355,regime_mean_shift,regime,residual_load_revision_id_minus_da_approx_mw,regime_mean_shift,regime,residual_load_revision_id_minus_da_approx_mw,False
total_generation_forecast_da_mw_lag_2d_same_local_qh,0.0,0.0,0.0,0.0,0.00016421809499706606,0.0,0.002955925709947189,50.5,35.0,False,True,kept,47723,0.5780682203595136,47538,da_forecast,forecast_level,total_generation_forecast_da_mw,True,kept,renewable_total_forecast_da_mw_lag_2d_same_local_qh,0.7373129631251848,0.1727295430039484,da_forecast,forecast_level,total_generation_forecast_da_mw,da_forecast,forecast_level,total_generation_forecast_da_mw,False
quarter_cos,0.0,0.0,0.0,0.0,0.00014948565980846715,0.0,0.0015368882218876495,73.55555555555556,43.0,False,True,kept,82556,1.0,89,calendar,calendar,quarter_cos,True,kept,month_sin,0.0016930032759618862,0.11186258942237683,calendar,calendar,quarter_cos,calendar,calendar,quarter_cos,False
solar_forecast_revision_id_minus_da_mw_lag_2d_same_local_qh,0.0,0.0,0.0,0.0,0.0001371358265103361,0.0,0.0013863110011371903,94.88888888888889,36.0,False,True,kept,46753,0.5663186200881826,42719,forecast_revision,forecast_revision,solar_forecast_revision_id_minus_da_mw,True,kept,residual_load_revision_id_minus_da_approx_mw_rolling_mean_3d_same_local_qh,0.3254145180395085,0.018933822550784067,forecast_revision,forecast_revision,solar_forecast_revision_id_minus_da_mw,forecast_revision,forecast_revision,solar_forecast_revision_id_minus_da_mw,False
wind_offshore_id_forecast_error_mw_lag_1d_same_local_qh,0.0,0.0,0.0,0.0,0.00012909438910845594,0.0,0.002323699003952207,110.16666666666667,36.0,False,True,kept,75800,0.9181646397596783,72654,lagged_forecast_error,lagged_forecast_error,wind_offshore_id_forecast_error_mw,True,kept,wind_offshore_id_forecast_error_mw_rolling_mean_3d_same_local_qh,0.565895922493945,0.0808163244135737,lagged_forecast_error,lagged_forecast_error,wind_offshore_id_forecast_error_mw,lagged_forecast_error,lagged_forecast_error,wind_offshore_id_forecast_error_mw,False
load_forecast_da_mw_lag_2d_same_local_qh,0.0,0.0,0.0,0.0,0.00012258068006786209,0.0,0.0022064522412215174,58.55555555555556,37.0,False,True,kept,82351,0.9975168370560589,81578,da_forecast,forecast_level,load_forecast_da_mw,True,kept,load_forecast_da_mw_lag_1d_same_local_qh,0.7877670556281746,0.06876708782836471,da_forecast,forecast_level,load_forecast_da_mw,da_forecast,forecast_level,load_forecast_da_mw,False
wind_offshore_da_forecast_error_mw_rolling_std_14d_same_local_qh,0.0,0.0,0.0,0.0,0.00010857915244039003,0.0,0.0019544247439270204,168.5,41.0,False,True,kept,80151,0.9708682591210814,80147,lagged_forecast_error,lagged_forecast_error,wind_offshore_da_forecast_error_mw,True,kept,wind_offshore_da_forecast_error_mw_rolling_std_28d_same_local_qh,0.7233028477923376,0.013678818392247433,lagged_forecast_error,lagged_forecast_error,wind_offshore_da_forecast_error_mw,lagged_forecast_error,lagged_forecast_error,wind_offshore_da_forecast_error_mw,False
solar_da_forecast_error_mw_rolling_std_3d_same_local_qh,0.0,0.0,0.0,0.0,0.00010362213403490274,0.0,0.0018651984126282493,84.44444444444444,41.0,False,True,kept,43051,0.5214763312175977,42925,lagged_forecast_error,lagged_forecast_error,solar_da_forecast_error_mw,True,kept,solar_da_forecast_error_mw_rolling_std_7d_same_local_qh,0.8535287950423015,0.28485940250050384,lagged_forecast_error,lagged_forecast_error,solar_da_forecast_error_mw,lagged_forecast_error,lagged_forecast_error,solar_da_forecast_error_mw,False
wind_total_forecast_revision_id_minus_da_mw_lag_1d_same_local_qh,0.0,0.0,0.0,0.0,0.00010209402966483663,0.0,0.0018376925339670593,87.77777777777777,36.0,False,True,kept,82444,0.9986433451233102,80320,forecast_revision,forecast_revision,wind_total_forecast_revision_id_minus_da_mw,True,kept,wind_total_forecast_revision_id_minus_da_mw_rolling_mean_3d_same_local_qh,0.5447879915263831,0.0016676104977353988,forecast_revision,forecast_revision,wind_total_forecast_revision_id_minus_da_mw,forecast_revision,forecast_revision,wind_total_forecast_revision_id_minus_da_mw,False
solar_da_forecast_error_mw_lag_1d_same_local_qh,0.0,0.0,0.0,0.0,9.543634522123822e-05,0.0,0.001717854213982288,146.44444444444446,42.0,False,True,kept,43171,0.5229298900140511,42181,lagged_forecast_error,lagged_forecast_error,solar_da_forecast_error_mw,True,kept,solar_da_forecast_error_mw_rolling_mean_7d_same_local_qh,0.8693199203726262,0.04436492253408931,lagged_forecast_error,lagged_forecast_error,solar_da_forecast_error_mw,lagged_forecast_error,lagged_forecast_error,solar_da_forecast_error_mw,False
wind_onshore_forecast_revision_id_minus_da_mw_lag_7d_same_local_qh,0.0,0.0,0.0,0.0,7.745039637792316e-05,0.0,0.0013941071348026169,98.72222222222223,39.0,False,True,kept,80903,0.9799772275788555,77852,forecast_revision,forecast_revision,wind_onshore_forecast_revision_id_minus_da_mw,True,kept,residual_load_revision_id_minus_da_approx_mw_lag_7d_same_local_qh,0.8313692266837095,0.03439796858527397,forecast_revision,forecast_revision,wind_onshore_forecast_revision_id_minus_da_mw,forecast_revision,forecast_revision,wind_onshore_forecast_revision_id_minus_da_mw,False
solar_da_forecast_error_mw_lag_7d_same_local_qh,0.0,0.0,0.0,0.0,5.831982840675469e-05,0.0,0.0010497569113215844,153.5,47.0,False,True,kept,42150,0.5105625272542275,41185,lagged_forecast_error,lagged_forecast_error,solar_da_forecast_error_mw,True,kept,wind_onshore_id_forecast_error_mw_rolling_std_28d_same_local_qh,0.19972729675889692,0.054382797222648084,lagged_forecast_error,lagged_forecast_error,solar_da_forecast_error_mw,lagged_forecast_error,lagged_forecast_error,solar_da_forecast_error_mw,False
solar_da_forecast_error_mw_rolling_std_7d_same_local_qh,0.0,0.0,0.0,0.0,5.1168176323028784e-05,0.0,0.0009210271738145182,86.72222222222223,48.0,False,True,kept,45537,0.5515892242841223,45426,lagged_forecast_error,lagged_forecast_error,solar_da_forecast_error_mw,True,first_ranked_feature,,0.0,0.3132198674250252,lagged_forecast_error,lagged_forecast_error,solar_da_forecast_error_mw,lagged_forecast_error,lagged_forecast_error,solar_da_forecast_error_mw,False
solar_da_forecast_error_mw_lag_14d_same_local_qh,0.0,0.0,0.0,0.0,3.204241732194505e-05,0.0,0.0002017662476355369,154.5,38.0,False,True,kept,41450,0.5020834342749164,40506,lagged_forecast_error,lagged_forecast_error,solar_da_forecast_error_mw,True,kept,solar_da_forecast_error_mw_rolling_mean_7d_same_local_qh,0.7911023879123046,0.02741526744095943,lagged_forecast_error,lagged_forecast_error,solar_da_forecast_error_mw,lagged_forecast_error,lagged_forecast_error,solar_da_forecast_error_mw,False
solar_forecast_da_mw_lag_7d_same_local_qh,0.0,0.0,0.0,0.0,2.89575617331124e-05,0.0,0.0005212361111960232,71.33333333333333,51.0,False,True,kept,46060,0.5579243180386647,42906,da_forecast,forecast_level,solar_forecast_da_mw,True,kept,solar_forecast_da_mw_lag_1d_same_local_qh,0.9178681247683227,0.455035521534675,da_forecast,forecast_level,solar_forecast_da_mw,da_forecast,forecast_level,solar_forecast_da_mw,False
renewable_total_forecast_da_mw_lag_2d_same_local_qh,0.0,0.0,0.0,0.0,0.0,0.0,0.0,54.0,36.0,False,True,kept,82348,0.9974804980861476,81945,da_forecast,forecast_level,renewable_total_forecast_da_mw,True,kept,residual_load_forecast_da_mw_lag_2d_same_local_qh,0.7425805038543457,0.2550525459890628,da_forecast,forecast_level,renewable_total_forecast_da_mw,da_forecast,forecast_level,renewable_total_forecast_da_mw,False
residual_load_revision_id_minus_da_approx_mw_rolling_median_14d_same_local_qh,0.0,0.0,0.0,0.0,0.0,0.0,0.0,66.61111111111111,38.0,False,True,kept,82072,0.994137312854305,39630,forecast_revision,forecast_revision,residual_load_revision_id_minus_da_approx_mw,True,kept,residual_load_revision_id_minus_da_approx_mw_rolling_mean_14d_same_local_qh,0.8191251669346993,0.11675854336567103,forecast_revision,forecast_revision,residual_load_revision_id_minus_da_approx_mw,forecast_revision,forecast_revision,residual_load_revision_id_minus_da_approx_mw,False
wind_total_forecast_revision_id_minus_da_mw_rolling_mean_14d_same_local_qh,0.0,0.0,0.0,0.0,0.0,0.0,0.0,60.77777777777778,39.0,False,True,kept,82072,0.994137312854305,82018,forecast_revision,forecast_revision,wind_total_forecast_revision_id_minus_da_mw,True,kept,residual_load_revision_id_minus_da_approx_mw_rolling_mean_14d_same_local_qh,0.8850041382227881,0.11552275231232748,forecast_revision,forecast_revision,wind_total_forecast_revision_id_minus_da_mw,forecast_revision,forecast_revision,wind_total_forecast_revision_id_minus_da_mw,False
hour_sin,0.0,0.0,0.0,0.0,0.0,0.0,0.0,69.66666666666667,40.0,False,True,kept,82556,1.0,22,calendar,calendar,hour_sin,True,kept,quarter_cos,0.1363515913596717,0.09345500268901334,calendar,calendar,hour_sin,calendar,calendar,hour_sin,False
renewable_total_forecast_revision_id_minus_da_mw_rolling_std_28d_same_local_qh,0.0,0.0,0.0,0.0,0.0,0.0,0.0,54.833333333333336,40.0,False,True,kept,81592,0.9883230776684917,81592,forecast_revision,forecast_revision,renewable_total_forecast_revision_id_minus_da_mw,True,kept,wind_total_forecast_revision_id_minus_da_mw_rolling_mean_14d_same_local_qh,0.06519804778482892,0.11014688180734898,forecast_revision,forecast_revision,renewable_total_forecast_revision_id_minus_da_mw,forecast_revision,forecast_revision,renewable_total_forecast_revision_id_minus_da_mw,False
residual_load_forecast_da_mw_lag_14d_same_local_qh,0.0,0.0,0.0,0.0,0.0,0.0,0.0,68.0,41.0,False,True,kept,79279,0.960305731866854,78999,da_forecast,forecast_level,residual_load_forecast_da_mw,True,kept,solar_forecast_da_mw_lag_14d_same_local_qh,0.531442350214896,0.3408698480094339,da_forecast,forecast_level,residual_load_forecast_da_mw,da_forecast,forecast_level,residual_load_forecast_da_mw,False
wind_total_forecast_revision_id_minus_da_mw_rolling_median_28d_same_local_qh,0.0,0.0,0.0,0.0,0.0,0.0,0.0,52.44444444444444,41.0,False,True,kept,81592,0.9883230776684917,29844,forecast_revision,forecast_revision,wind_total_forecast_revision_id_minus_da_mw,True,kept,residual_load_revision_id_minus_da_approx_mw_rolling_median_28d_same_local_qh,0.8387112861386805,0.10239984849910673,forecast_revision,forecast_revision,wind_total_forecast_revision_id_minus_da_mw,forecast_revision,forecast_revision,wind_total_forecast_revision_id_minus_da_mw,False
wind_total_forecast_revision_id_minus_da_mw_rolling_median_14d_same_local_qh,0.0,0.0,0.0,0.0,0.0,0.0,0.0,51.44444444444444,42.0,False,True,kept,82072,0.994137312854305,39867,forecast_revision,forecast_revision,wind_total_forecast_revision_id_minus_da_mw,True,kept,residual_load_revision_id_minus_da_approx_mw_rolling_median_14d_same_local_qh,0.8375689656782833,0.09255064281624105,forecast_revision,forecast_revision,wind_total_forecast_revision_id_minus_da_mw,forecast_revision,forecast_revision,wind_total_forecast_revision_id_minus_da_mw,False
residual_load_revision_id_minus_da_approx_mw_rolling_mean_7d_same_local_qh,0.0,0.0,0.0,0.0,0.0,0.0,0.0,49.166666666666664,43.0,False,True,kept,82264,0.9964630069286302,81991,forecast_revision,forecast_revision,residual_load_revision_id_minus_da_approx_mw,True,kept,residual_load_revision_id_minus_da_approx_mw_rolling_mean_14d_same_local_qh,0.73199382168806,0.08774986901449944,forecast_revision,forecast_revision,residual_load_revision_id_minus_da_approx_mw,forecast_revision,forecast_revision,residual_load_revision_id_minus_da_approx_mw,False
solar_forecast_da_mw_lag_14d_same_local_qh,0.0,0.0,0.0,0.0,0.0,0.0,0.0,68.72222222222223,44.0,False,True,kept,45163,0.5470589660351761,42092,da_forecast,forecast_level,solar_forecast_da_mw,True,kept,solar_forecast_da_mw_lag_7d_same_local_qh,0.9166351489709924,0.44285644395491397,da_forecast,forecast_level,solar_forecast_da_mw,da_forecast,forecast_level,solar_forecast_da_mw,False
month_cos,0.0,0.0,0.0,0.0,0.0,0.0,0.0,73.11111111111111,45.0,False,True,kept,82556,1.0,11,calendar,calendar,month_cos,True,kept,is_weekend,0.01420808100573439,0.09559898826762646,calendar,calendar,month_cos,calendar,calendar,month_cos,False
renewable_total_forecast_revision_id_minus_da_mw_rolling_std_7d_same_local_qh,0.0,0.0,0.0,0.0,0.0,0.0,0.0,50.666666666666664,45.0,False,True,kept,82264,0.9964630069286302,82263,forecast_revision,forecast_revision,renewable_total_forecast_revision_id_minus_da_mw,True,kept,renewable_total_forecast_revision_id_minus_da_mw_rolling_std_14d_same_local_qh,0.7318369429158492,0.0818127897119671,forecast_revision,forecast_revision,renewable_total_forecast_revision_id_minus_da_mw,forecast_revision,forecast_revision,renewable_total_forecast_revision_id_minus_da_mw,False
residual_load_revision_id_minus_da_approx_mw_rolling_median_7d_same_local_qh,0.0,0.0,0.0,0.0,0.0,0.0,0.0,51.666666666666664,46.0,False,True,kept,82264,0.9964630069286302,35238,forecast_revision,forecast_revision,residual_load_revision_id_minus_da_approx_mw,True,kept,residual_load_revision_id_minus_da_approx_mw_rolling_mean_7d_same_local_qh,0.8021452634654667,0.07875644173253978,forecast_revision,forecast_revision,residual_load_revision_id_minus_da_approx_mw,forecast_revision,forecast_revision,residual_load_revision_id_minus_da_approx_mw,False
weekday_cos,0.0,0.0,0.0,0.0,0.0,0.0,0.0,71.05555555555556,47.0,False,True,kept,82556,1.0,7,calendar,calendar,weekday_cos,True,kept,weekday_sin,0.21452701980620856,0.005936200681283132,calendar,calendar,weekday_cos,calendar,calendar,weekday_cos,False
total_generation_forecast_da_mw_lag_14d_same_local_qh,0.0,0.0,0.0,0.0,0.0,0.0,0.0,57.333333333333336,48.0,False,True,kept,45519,0.5513711904646543,45346,da_forecast,forecast_level,total_generation_forecast_da_mw,True,kept,renewable_total_forecast_da_mw_lag_14d_same_local_qh,0.7394196946300569,0.09395483371318941,da_forecast,forecast_level,total_generation_forecast_da_mw,da_forecast,forecast_level,total_generation_forecast_da_mw,False
wind_total_forecast_revision_id_minus_da_mw_rolling_median_7d_same_local_qh,0.0,0.0,0.0,0.0,0.0,0.0,0.0,55.666666666666664,48.0,False,True,kept,82264,0.9964630069286302,36058,forecast_revision,forecast_revision,wind_total_forecast_revision_id_minus_da_mw,True,kept,residual_load_revision_id_minus_da_approx_mw_rolling_median_7d_same_local_qh,0.8332889424055925,0.055686543338098575,forecast_revision,forecast_revision,wind_total_forecast_revision_id_minus_da_mw,forecast_revision,forecast_revision,wind_total_forecast_revision_id_minus_da_mw,False
total_generation_forecast_da_mw_lag_1d_same_local_qh,0.0,0.0,0.0,0.0,0.0,0.0,0.0,60.388888888888886,49.0,False,True,kept,47796,0.5789524686273559,47614,da_forecast,forecast_level,total_generation_forecast_da_mw,True,kept,total_generation_forecast_da_mw_lag_2d_same_local_qh,0.7705686800492102,0.16627372055806225,da_forecast,forecast_level,total_generation_forecast_da_mw,da_forecast,forecast_level,total_generation_forecast_da_mw,False
wind_offshore_forecast_da_mw_lag_1d_same_local_qh,0.0,0.0,0.0,0.0,0.0,0.0,0.0,62.72222222222222,49.0,False,True,kept,82431,0.9984858762536944,77008,da_forecast,forecast_level,wind_offshore_forecast_da_mw,True,kept,wind_onshore_forecast_da_mw_lag_1d_same_local_qh,0.7428622092828082,0.003020871716331213,da_forecast,forecast_level,wind_offshore_forecast_da_mw,da_forecast,forecast_level,wind_offshore_forecast_da_mw,False
wind_total_forecast_revision_id_minus_da_mw_rolling_std_28d_same_local_qh,0.0,0.0,0.0,0.0,0.0,0.0,0.0,67.72222222222223,50.0,False,True,kept,81592,0.9883230776684917,81592,forecast_revision,forecast_revision,wind_total_forecast_revision_id_minus_da_mw,True,kept,renewable_total_forecast_revision_id_minus_da_mw_rolling_std_28d_same_local_qh,0.7964630184736334,0.04979651199763704,forecast_revision,forecast_revision,wind_total_forecast_revision_id_minus_da_mw,forecast_revision,forecast_revision,wind_total_forecast_revision_id_minus_da_mw,False
residual_load_revision_id_minus_da_approx_mw_lag_7d_same_local_qh,0.0,0.0,0.0,0.0,0.0,0.0,0.0,81.38888888888889,52.0,False,True,kept,80907,0.9800256795387373,77827,forecast_revision,forecast_revision,residual_load_revision_id_minus_da_approx_mw,True,kept,residual_load_revision_id_minus_da_approx_mw_rolling_mean_7d_same_local_qh,0.3775749178723613,0.04357133903635349,forecast_revision,forecast_revision,residual_load_revision_id_minus_da_approx_mw,forecast_revision,forecast_revision,residual_load_revision_id_minus_da_approx_mw,False
residual_load_revision_id_minus_da_approx_mw_rolling_mean_3d_same_local_qh,0.0,0.0,0.0,0.0,0.0,0.0,0.0,101.83333333333333,55.0,False,True,kept,82360,0.997625853965793,81540,forecast_revision,forecast_revision,residual_load_revision_id_minus_da_approx_mw,True,kept,residual_load_revision_id_minus_da_approx_mw_rolling_median_3d_same_local_qh,0.8457829781879495,0.033732462960494744,forecast_revision,forecast_revision,residual_load_revision_id_minus_da_approx_mw,forecast_revision,forecast_revision,residual_load_revision_id_minus_da_approx_mw,False
wind_offshore_forecast_id_mw_lag_7d_same_local_qh,0.0,0.0,0.0,0.0,0.0,0.0,0.0,56.611111111111114,55.0,False,True,kept,80895,0.9798803236590921,75679,id_forecast,forecast_level,wind_offshore_forecast_id_mw,True,kept,renewable_total_forecast_da_mw_lag_7d_same_local_qh,0.49424975699693374,0.09996309295400625,id_forecast,forecast_level,wind_offshore_forecast_id_mw,id_forecast,forecast_level,wind_offshore_forecast_id_mw,False
wind_onshore_forecast_da_mw_lag_1d_same_local_qh,0.0,0.0,0.0,0.0,0.0,0.0,0.0,58.5,57.0,False,True,kept,82439,0.998582780173458,81305,da_forecast,forecast_level,wind_onshore_forecast_da_mw,True,kept,renewable_total_forecast_da_mw_lag_1d_same_local_qh,0.5983697550096645,0.085891843323793,da_forecast,forecast_level,wind_onshore_forecast_da_mw,da_forecast,forecast_level,wind_onshore_forecast_da_mw,False
total_generation_forecast_da_mw_lag_7d_same_local_qh,0.0,0.0,0.0,0.0,0.0,0.0,0.0,60.27777777777778,60.0,False,True,kept,46643,0.5649861911914337,46460,da_forecast,forecast_level,total_generation_forecast_da_mw,True,kept,renewable_total_forecast_da_mw_lag_7d_same_local_qh,0.7428236814345502,0.05940021979682842,da_forecast,forecast_level,total_generation_forecast_da_mw,da_forecast,forecast_level,total_generation_forecast_da_mw,False
wind_offshore_forecast_id_mw_lag_2d_same_local_qh,0.0,0.0,0.0,0.0,0.0,0.0,0.0,63.55555555555556,62.0,False,True,kept,82332,0.9972866902466204,76976,id_forecast,forecast_level,wind_offshore_forecast_id_mw,True,kept,renewable_total_forecast_da_mw_lag_2d_same_local_qh,0.49664979761129663,0.04607910311749781,id_forecast,forecast_level,wind_offshore_forecast_id_mw,id_forecast,forecast_level,wind_offshore_forecast_id_mw,False
residual_load_revision_id_minus_da_approx_mw_rolling_median_28d_same_local_qh,0.0,0.0,0.0,0.0,0.0,0.0,0.0,67.55555555555556,67.0,False,True,kept,81592,0.9883230776684917,29541,forecast_revision,forecast_revision,residual_load_revision_id_minus_da_approx_mw,True,kept,residual_load_revision_id_minus_da_approx_mw_rolling_mean_28d_same_local_qh,0.8212366986692099,0.1486930277694138,forecast_revision,forecast_revision,residual_load_revision_id_minus_da_approx_mw,forecast_revision,forecast_revision,residual_load_revision_id_minus_da_approx_mw,False
wind_offshore_da_forecast_error_mw_rolling_median_14d_same_local_qh,0.0,0.0,0.0,0.0,0.0,0.0,0.0,82.0,82.0,False,True,kept,80151,0.9708682591210814,39156,lagged_forecast_error,lagged_forecast_error,wind_offshore_da_forecast_error_mw,True,kept,wind_offshore_da_forecast_error_mw_rolling_median_28d_same_local_qh,0.7515854392710152,0.20538033215126034,lagged_forecast_error,lagged_forecast_error,wind_offshore_da_forecast_error_mw,lagged_forecast_error,lagged_forecast_error,wind_offshore_da_forecast_error_mw,False
wind_offshore_da_forecast_error_mw_rolling_mean_28d_same_local_qh,0.0,0.0,0.0,0.0,0.0,0.0,0.0,83.0,83.0,False,True,kept,79572,0.9638548379281942,79237,lagged_forecast_error,lagged_forecast_error,wind_offshore_da_forecast_error_mw,True,kept,wind_offshore_id_forecast_error_mw_rolling_mean_28d_same_local_qh,0.8651507887803227,0.22092400568538284,lagged_forecast_error,lagged_forecast_error,wind_offshore_da_forecast_error_mw,lagged_forecast_error,lagged_forecast_error,wind_offshore_da_forecast_error_mw,False
wind_offshore_id_forecast_error_mw_rolling_median_28d_same_local_qh,0.0,0.0,0.0,0.0,0.0,0.0,0.0,84.0,84.0,False,True,kept,79575,0.9638911768981056,29257,lagged_forecast_error,lagged_forecast_error,wind_offshore_id_forecast_error_mw,True,kept,wind_offshore_da_forecast_error_mw_rolling_median_28d_same_local_qh,0.8000592459056589,0.22142988254275825,lagged_forecast_error,lagged_forecast_error,wind_offshore_id_forecast_error_mw,lagged_forecast_error,lagged_forecast_error,wind_offshore_id_forecast_error_mw,False
wind_offshore_id_forecast_error_mw_rolling_mean_28d_same_local_qh,0.0,0.0,0.0,0.0,0.0,0.0,0.0,85.0,85.0,False,True,kept,79575,0.9638911768981056,79222,lagged_forecast_error,lagged_forecast_error,wind_offshore_id_forecast_error_mw,True,kept,wind_offshore_da_forecast_error_mw_rolling_median_28d_same_local_qh,0.6646948687261466,0.22249797567112542,lagged_forecast_error,lagged_forecast_error,wind_offshore_id_forecast_error_mw,lagged_forecast_error,lagged_forecast_error,wind_offshore_id_forecast_error_mw,False
wind_offshore_da_forecast_error_mw_rolling_median_28d_same_local_qh,0.0,0.0,0.0,0.0,0.0,0.0,0.0,86.0,86.0,False,True,kept,79572,0.9638548379281942,29537,lagged_forecast_error,lagged_forecast_error,wind_offshore_da_forecast_error_mw,True,kept,solar_id_forecast_error_mw_rolling_std_14d_same_local_qh,0.21661030858429575,0.22459054100796916,lagged_forecast_error,lagged_forecast_error,wind_offshore_da_forecast_error_mw,lagged_forecast_error,lagged_forecast_error,wind_offshore_da_forecast_error_mw,False
solar_id_forecast_error_mw_rolling_std_14d_same_local_qh,0.0,0.0,0.0,0.0,0.0,0.0,0.0,87.94444444444444,87.0,False,True,kept,46650,0.5650709821212268,46512,lagged_forecast_error,lagged_forecast_error,solar_id_forecast_error_mw,True,kept,solar_da_forecast_error_mw_rolling_std_7d_same_local_qh,0.9193935304295211,0.29686248288796235,lagged_forecast_error,lagged_forecast_error,solar_id_forecast_error_mw,lagged_forecast_error,lagged_forecast_error,solar_id_forecast_error_mw,False
renewable_total_forecast_revision_id_minus_da_mw_lag_1d_same_local_qh,0.0,0.0,0.0,0.0,0.0,0.0,0.0,89.94444444444444,89.0,False,True,kept,82444,0.9986433451233102,80586,forecast_revision,forecast_revision,renewable_total_forecast_revision_id_minus_da_mw,True,kept,wind_total_forecast_revision_id_minus_da_mw_lag_1d_same_local_qh,0.8923640495563193,6.75204112387557e-05,forecast_revision,forecast_revision,renewable_total_forecast_revision_id_minus_da_mw,forecast_revision,forecast_revision,renewable_total_forecast_revision_id_minus_da_mw,False
wind_onshore_forecast_revision_id_minus_da_mw_lag_2d_same_local_qh,0.0,0.0,0.0,0.0,0.0,0.0,0.0,93.72222222222223,90.0,False,True,kept,82343,0.9974199331362954,79231,forecast_revision,forecast_revision,wind_onshore_forecast_revision_id_minus_da_mw,True,kept,residual_load_revision_id_minus_da_approx_mw_lag_2d_same_local_qh,0.8339871944983684,0.006457966672180676,forecast_revision,forecast_revision,wind_onshore_forecast_revision_id_minus_da_mw,forecast_revision,forecast_revision,wind_onshore_forecast_revision_id_minus_da_mw,False
wind_offshore_forecast_revision_id_minus_da_mw_lag_1d_same_local_qh,0.0,0.0,0.0,0.0,0.0,0.0,0.0,94.77777777777777,91.0,False,True,kept,82415,0.9982920684141674,73593,forecast_revision,forecast_revision,wind_offshore_forecast_revision_id_minus_da_mw,True,kept,wind_total_forecast_revision_id_minus_da_mw_rolling_mean_3d_same_local_qh,0.28410465238994076,0.009241096971820323,forecast_revision,forecast_revision,wind_offshore_forecast_revision_id_minus_da_mw,forecast_revision,forecast_revision,wind_offshore_forecast_revision_id_minus_da_mw,False
wind_offshore_forecast_revision_id_minus_da_mw_lag_2d_same_local_qh,0.0,0.0,0.0,0.0,0.0,0.0,0.0,91.94444444444444,91.0,False,True,kept,82317,0.9971049953970638,73584,forecast_revision,forecast_revision,wind_offshore_forecast_revision_id_minus_da_mw,True,kept,residual_load_revision_id_minus_da_approx_mw_lag_2d_same_local_qh,0.46986269776042966,0.0038411971407092366,forecast_revision,forecast_revision,wind_offshore_forecast_revision_id_minus_da_mw,forecast_revision,forecast_revision,wind_offshore_forecast_revision_id_minus_da_mw,False
wind_offshore_forecast_revision_id_minus_da_mw_lag_14d_same_local_qh,0.0,0.0,0.0,0.0,0.0,0.0,0.0,92.94444444444444,92.0,False,True,kept,79246,0.9599060031978294,70972,forecast_revision,forecast_revision,wind_offshore_forecast_revision_id_minus_da_mw,True,kept,residual_load_revision_id_minus_da_approx_mw_lag_14d_same_local_qh,0.47356626781528455,0.004579226621048481,forecast_revision,forecast_revision,wind_offshore_forecast_revision_id_minus_da_mw,forecast_revision,forecast_revision,wind_offshore_forecast_revision_id_minus_da_mw,False
solar_forecast_revision_id_minus_da_mw_lag_1d_same_local_qh,0.0,0.0,0.0,0.0,0.0,0.0,0.0,95.77777777777777,94.0,False,True,kept,46814,0.5670575124763797,42767,forecast_revision,forecast_revision,solar_forecast_revision_id_minus_da_mw,True,kept,residual_load_revision_id_minus_da_approx_mw_rolling_mean_3d_same_local_qh,0.3238235483830478,0.009830190637386582,forecast_revision,forecast_revision,solar_forecast_revision_id_minus_da_mw,forecast_revision,forecast_revision,solar_forecast_revision_id_minus_da_mw,False
residual_load_revision_id_minus_da_approx_mw_lag_2d_same_local_qh,0.0,0.0,0.0,0.0,0.0,0.0,0.0,96.83333333333333,95.0,False,True,kept,82347,0.9974683850961772,79213,forecast_revision,forecast_revision,residual_load_revision_id_minus_da_approx_mw,True,kept,residual_load_revision_id_minus_da_approx_mw_rolling_mean_3d_same_local_qh,0.6061619482370714,0.013474638183564385,forecast_revision,forecast_revision,residual_load_revision_id_minus_da_approx_mw,forecast_revision,forecast_revision,residual_load_revision_id_minus_da_approx_mw,False
solar_forecast_revision_id_minus_da_mw_lag_14d_same_local_qh,0.0,0.0,0.0,0.0,0.0,0.0,0.0,98.83333333333333,96.0,False,True,kept,45111,0.5464290905567131,41262,forecast_revision,forecast_revision,solar_forecast_revision_id_minus_da_mw,True,kept,residual_load_revision_id_minus_da_approx_mw_lag_14d_same_local_qh,0.5085164844366072,0.0154520797927754,forecast_revision,forecast_revision,solar_forecast_revision_id_minus_da_mw,forecast_revision,forecast_revision,solar_forecast_revision_id_minus_da_mw,False
wind_offshore_forecast_revision_id_minus_da_mw_lag_7d_same_local_qh,0.0,0.0,0.0,0.0,0.0,0.0,0.0,97.88888888888889,97.0,False,True,kept,80879,0.9796865158195649,72261,forecast_revision,forecast_revision,wind_offshore_forecast_revision_id_minus_da_mw,True,kept,residual_load_revision_id_minus_da_approx_mw_lag_7d_same_local_qh,0.4705223250108548,0.015086038313731816,forecast_revision,forecast_revision,wind_offshore_forecast_revision_id_minus_da_mw,forecast_revision,forecast_revision,wind_offshore_forecast_revision_id_minus_da_mw,False
wind_total_forecast_revision_id_minus_da_mw_rolling_median_3d_same_local_qh,0.0,0.0,0.0,0.0,0.0,0.0,0.0,105.44444444444444,98.0,False,True,kept,82360,0.997625853965793,50691,forecast_revision,forecast_revision,wind_total_forecast_revision_id_minus_da_mw,True,kept,residual_load_revision_id_minus_da_approx_mw_rolling_median_3d_same_local_qh,0.8547005705612576,0.026928597408169466,forecast_revision,forecast_revision,wind_total_forecast_revision_id_minus_da_mw,forecast_revision,forecast_revision,wind_total_forecast_revision_id_minus_da_mw,False
wind_onshore_forecast_revision_id_minus_da_mw_lag_14d_same_local_qh,0.0,0.0,0.0,0.0,0.0,0.0,0.0,100.0,100.0,False,True,kept,79276,0.9602693928969427,76338,forecast_revision,forecast_revision,wind_onshore_forecast_revision_id_minus_da_mw,True,kept,residual_load_revision_id_minus_da_approx_mw_lag_14d_same_local_qh,0.8274829271761048,0.017751229831983312,forecast_revision,forecast_revision,wind_onshore_forecast_revision_id_minus_da_mw,forecast_revision,forecast_revision,wind_onshore_forecast_revision_id_minus_da_mw,False
wind_total_forecast_revision_id_minus_da_mw_rolling_std_3d_same_local_qh,0.0,0.0,0.0,0.0,0.0,0.0,0.0,101.0,101.0,False,True,kept,82360,0.997625853965793,82360,forecast_revision,forecast_revision,wind_total_forecast_revision_id_minus_da_mw,True,kept,renewable_total_forecast_revision_id_minus_da_mw_rolling_std_3d_same_local_qh,0.8371960504826169,0.017916840637092864,forecast_revision,forecast_revision,wind_total_forecast_revision_id_minus_da_mw,forecast_revision,forecast_revision,wind_total_forecast_revision_id_minus_da_mw,False
residual_load_revision_id_minus_da_approx_mw_lag_14d_same_local_qh,0.0,0.0,0.0,0.0,0.0,0.0,0.0,102.88888888888889,102.0,False,True,kept,79279,0.960305731866854,76303,forecast_revision,forecast_revision,residual_load_revision_id_minus_da_approx_mw,True,kept,residual_load_revision_id_minus_da_approx_mw_rolling_mean_14d_same_local_qh,0.2725190443159577,0.02140144659077798,forecast_revision,forecast_revision,residual_load_revision_id_minus_da_approx_mw,forecast_revision,forecast_revision,residual_load_revision_id_minus_da_approx_mw,False
wind_total_forecast_revision_id_minus_da_mw_rolling_std_7d_same_local_qh,0.0,0.0,0.0,0.0,0.0,0.0,0.0,103.88888888888889,103.0,False,True,kept,82264,0.9964630069286302,82264,forecast_revision,forecast_revision,wind_total_forecast_revision_id_minus_da_mw,True,kept,renewable_total_forecast_revision_id_minus_da_mw_rolling_std_7d_same_local_qh,0.8358715410907589,0.022990398131734542,forecast_revision,forecast_revision,wind_total_forecast_revision_id_minus_da_mw,forecast_revision,forecast_revision,wind_total_forecast_revision_id_minus_da_mw,False
wind_total_forecast_revision_id_minus_da_mw_rolling_mean_3d_same_local_qh,0.0,0.0,0.0,0.0,0.0,0.0,0.0,104.88888888888889,104.0,False,True,kept,82360,0.997625853965793,82040,forecast_revision,forecast_revision,wind_total_forecast_revision_id_minus_da_mw,True,kept,residual_load_revision_id_minus_da_approx_mw_rolling_mean_3d_same_local_qh,0.8924318683106782,0.02614944230026879,forecast_revision,forecast_revision,wind_total_forecast_revision_id_minus_da_mw,forecast_revision,forecast_revision,wind_total_forecast_revision_id_minus_da_mw,False
wind_onshore_da_forecast_error_mw_rolling_mean_14d_same_local_qh,0.0,0.0,0.0,0.0,0.0,0.0,0.0,119.33333333333333,107.0,False,True,kept,80152,0.9708803721110519,80128,lagged_forecast_error,lagged_forecast_error,wind_onshore_da_forecast_error_mw,True,kept,wind_onshore_da_forecast_error_mw_rolling_mean_28d_same_local_qh,0.8172748771612488,0.166695811474968,lagged_forecast_error,lagged_forecast_error,wind_onshore_da_forecast_error_mw,lagged_forecast_error,lagged_forecast_error,wind_onshore_da_forecast_error_mw,False
wind_offshore_da_forecast_error_mw_rolling_mean_14d_same_local_qh,0.0,0.0,0.0,0.0,0.0,0.0,0.0,117.72222222222223,108.0,False,True,kept,80151,0.9708682591210814,80034,lagged_forecast_error,lagged_forecast_error,wind_offshore_da_forecast_error_mw,True,kept,wind_offshore_da_forecast_error_mw_rolling_median_14d_same_local_qh,0.8011691286846755,0.20517953706476294,lagged_forecast_error,lagged_forecast_error,wind_offshore_da_forecast_error_mw,lagged_forecast_error,lagged_forecast_error,wind_offshore_da_forecast_error_mw,False
wind_offshore_id_forecast_error_mw_rolling_mean_14d_same_local_qh,0.0,0.0,0.0,0.0,0.0,0.0,0.0,118.44444444444444,109.0,False,True,kept,80152,0.9708803721110519,80033,lagged_forecast_error,lagged_forecast_error,wind_offshore_id_forecast_error_mw,True,kept,wind_offshore_da_forecast_error_mw_rolling_mean_14d_same_local_qh,0.8552841984062003,0.19938096486671508,lagged_forecast_error,lagged_forecast_error,wind_offshore_id_forecast_error_mw,lagged_forecast_error,lagged_forecast_error,wind_offshore_id_forecast_error_mw,False
wind_onshore_id_forecast_error_mw_rolling_mean_14d_same_local_qh,0.0,0.0,0.0,0.0,0.0,0.0,0.0,122.44444444444444,109.0,False,True,kept,80152,0.9708803721110519,80127,lagged_forecast_error,lagged_forecast_error,wind_onshore_id_forecast_error_mw,True,kept,wind_onshore_da_forecast_error_mw_rolling_mean_14d_same_local_qh,0.9086219408239954,0.1431846092562196,lagged_forecast_error,lagged_forecast_error,wind_onshore_id_forecast_error_mw,lagged_forecast_error,lagged_forecast_error,wind_onshore_id_forecast_error_mw,False
wind_offshore_da_forecast_error_mw_rolling_median_7d_same_local_qh,0.0,0.0,0.0,0.0,0.0,0.0,0.0,115.16666666666667,110.0,False,True,kept,79962,0.9685789040166675,38589,lagged_forecast_error,lagged_forecast_error,wind_offshore_da_forecast_error_mw,True,kept,wind_offshore_da_forecast_error_mw_rolling_median_14d_same_local_qh,0.6935656007539461,0.18140337399745265,lagged_forecast_error,lagged_forecast_error,wind_offshore_da_forecast_error_mw,lagged_forecast_error,lagged_forecast_error,wind_offshore_da_forecast_error_mw,False
wind_offshore_id_forecast_error_mw_rolling_mean_7d_same_local_qh,0.0,0.0,0.0,0.0,0.0,0.0,0.0,127.0,111.0,False,True,kept,79958,0.9685304520567857,79763,lagged_forecast_error,lagged_forecast_error,wind_offshore_id_forecast_error_mw,True,kept,wind_offshore_id_forecast_error_mw_rolling_mean_14d_same_local_qh,0.7422865404761881,0.18076792838275113,lagged_forecast_error,lagged_forecast_error,wind_offshore_id_forecast_error_mw,lagged_forecast_error,lagged_forecast_error,wind_offshore_id_forecast_error_mw,False
wind_offshore_id_forecast_error_mw_rolling_median_14d_same_local_qh,0.0,0.0,0.0,0.0,0.0,0.0,0.0,120.88888888888889,112.0,False,True,kept,80152,0.9708803721110519,39362,lagged_forecast_error,lagged_forecast_error,wind_offshore_id_forecast_error_mw,True,kept,wind_offshore_da_forecast_error_mw_rolling_median_14d_same_local_qh,0.7722881374744985,0.1988172992076684,lagged_forecast_error,lagged_forecast_error,wind_offshore_id_forecast_error_mw,lagged_forecast_error,lagged_forecast_error,wind_offshore_id_forecast_error_mw,False
wind_onshore_da_forecast_error_mw_rolling_mean_28d_same_local_qh,0.0,0.0,0.0,0.0,0.0,0.0,0.0,129.88888888888889,113.0,False,True,kept,79576,0.9639032898880759,79274,lagged_forecast_error,lagged_forecast_error,wind_onshore_da_forecast_error_mw,True,kept,wind_offshore_da_forecast_error_mw_rolling_median_28d_same_local_qh,0.22455023536999122,0.18297126266559233,lagged_forecast_error,lagged_forecast_error,wind_onshore_da_forecast_error_mw,lagged_forecast_error,lagged_forecast_error,wind_onshore_da_forecast_error_mw,False
wind_onshore_id_forecast_error_mw_rolling_median_7d_same_local_qh,0.0,0.0,0.0,0.0,0.0,0.0,0.0,124.83333333333333,114.0,False,True,kept,79964,0.9686031299966084,39996,lagged_forecast_error,lagged_forecast_error,wind_onshore_id_forecast_error_mw,True,kept,wind_onshore_id_forecast_error_mw_rolling_mean_7d_same_local_qh,0.8515722356378819,0.08085307856995792,lagged_forecast_error,lagged_forecast_error,wind_onshore_id_forecast_error_mw,lagged_forecast_error,lagged_forecast_error,wind_onshore_id_forecast_error_mw,False
load_da_forecast_error_mw_rolling_std_14d_same_local_qh,0.0,0.0,0.0,0.0,0.0,0.0,0.0,125.5,115.0,False,True,kept,80156,0.9709288240709336,80156,lagged_forecast_error,lagged_forecast_error,load_da_forecast_error_mw,True,kept,load_da_forecast_error_mw_rolling_std_28d_same_local_qh,0.7772304171813239,0.07971700475011045,lagged_forecast_error,lagged_forecast_error,load_da_forecast_error_mw,lagged_forecast_error,lagged_forecast_error,load_da_forecast_error_mw,False
wind_onshore_id_forecast_error_mw_rolling_std_3d_same_local_qh,0.0,0.0,0.0,0.0,0.0,0.0,0.0,134.16666666666666,115.0,False,True,kept,75636,0.9161781094045254,75634,lagged_forecast_error,lagged_forecast_error,wind_onshore_id_forecast_error_mw,True,kept,wind_onshore_id_forecast_error_mw_rolling_std_7d_same_local_qh,0.7578887768215459,0.08100740966414362,lagged_forecast_error,lagged_forecast_error,wind_onshore_id_forecast_error_mw,lagged_forecast_error,lagged_forecast_error,wind_onshore_id_forecast_error_mw,False
wind_offshore_id_forecast_error_mw_lag_7d_same_local_qh,0.0,0.0,0.0,0.0,0.0,0.0,0.0,125.16666666666667,116.0,False,True,kept,73978,0.8960947720335287,70876,lagged_forecast_error,lagged_forecast_error,wind_offshore_id_forecast_error_mw,True,kept,wind_offshore_id_forecast_error_mw_rolling_mean_7d_same_local_qh,0.38688796222482325,0.07854685304652397,lagged_forecast_error,lagged_forecast_error,wind_offshore_id_forecast_error_mw,lagged_forecast_error,lagged_forecast_error,wind_offshore_id_forecast_error_mw,False
wind_onshore_id_forecast_error_mw_rolling_median_14d_same_local_qh,0.0,0.0,0.0,0.0,0.0,0.0,0.0,138.22222222222223,116.0,False,True,kept,80152,0.9708803721110519,40714,lagged_forecast_error,lagged_forecast_error,wind_onshore_id_forecast_error_mw,True,kept,wind_onshore_id_forecast_error_mw_rolling_mean_14d_same_local_qh,0.8703308350872168,0.08932238897900338,lagged_forecast_error,lagged_forecast_error,wind_onshore_id_forecast_error_mw,lagged_forecast_error,lagged_forecast_error,wind_onshore_id_forecast_error_mw,False
wind_onshore_da_forecast_error_mw_lag_7d_same_local_qh,0.0,0.0,0.0,0.0,0.0,0.0,0.0,133.88888888888889,117.0,False,True,kept,73986,0.8961916759532923,73015,lagged_forecast_error,lagged_forecast_error,wind_onshore_da_forecast_error_mw,True,kept,wind_onshore_da_forecast_error_mw_rolling_mean_7d_same_local_qh,0.45314554289756753,0.07896179519076643,lagged_forecast_error,lagged_forecast_error,wind_onshore_da_forecast_error_mw,lagged_forecast_error,lagged_forecast_error,wind_onshore_da_forecast_error_mw,False
wind_onshore_id_forecast_error_mw_rolling_median_28d_same_local_qh,0.0,0.0,0.0,0.0,0.0,0.0,0.0,138.38888888888889,117.0,False,True,kept,79576,0.9639032898880759,31422,lagged_forecast_error,lagged_forecast_error,wind_onshore_id_forecast_error_mw,True,kept,wind_onshore_da_forecast_error_mw_rolling_median_28d_same_local_qh,0.8575547077184632,0.09172396914305118,lagged_forecast_error,lagged_forecast_error,wind_onshore_id_forecast_error_mw,lagged_forecast_error,lagged_forecast_error,wind_onshore_id_forecast_error_mw,False
load_da_forecast_error_mw_lag_7d_same_local_qh,0.0,0.0,0.0,0.0,0.0,0.0,0.0,151.38888888888889,118.0,False,True,kept,74003,0.8963975967827899,73110,lagged_forecast_error,lagged_forecast_error,load_da_forecast_error_mw,True,kept,load_da_forecast_error_mw_rolling_mean_7d_same_local_qh,0.7709148522314451,0.07808831709365675,lagged_forecast_error,lagged_forecast_error,load_da_forecast_error_mw,lagged_forecast_error,lagged_forecast_error,load_da_forecast_error_mw,False
wind_offshore_da_forecast_error_mw_lag_1d_same_local_qh,0.0,0.0,0.0,0.0,0.0,0.0,0.0,125.94444444444444,118.0,False,True,kept,75803,0.9182009787295896,73327,lagged_forecast_error,lagged_forecast_error,wind_offshore_da_forecast_error_mw,True,kept,wind_offshore_id_forecast_error_mw_lag_1d_same_local_qh,0.8446139512693787,0.07636166624187589,lagged_forecast_error,lagged_forecast_error,wind_offshore_da_forecast_error_mw,lagged_forecast_error,lagged_forecast_error,wind_offshore_da_forecast_error_mw,False
wind_onshore_id_forecast_error_mw_rolling_std_14d_same_local_qh,0.0,0.0,0.0,0.0,0.0,0.0,0.0,138.83333333333334,119.0,False,True,kept,80152,0.9708803721110519,80152,lagged_forecast_error,lagged_forecast_error,wind_onshore_id_forecast_error_mw,True,kept,wind_onshore_id_forecast_error_mw_rolling_std_7d_same_local_qh,0.8747418838001114,0.09261095925460296,lagged_forecast_error,lagged_forecast_error,wind_onshore_id_forecast_error_mw,lagged_forecast_error,lagged_forecast_error,wind_onshore_id_forecast_error_mw,False
wind_offshore_da_forecast_error_mw_lag_7d_same_local_qh,0.0,0.0,0.0,0.0,0.0,0.0,0.0,146.72222222222223,120.0,False,True,kept,73981,0.8961311110034401,71550,lagged_forecast_error,lagged_forecast_error,wind_offshore_da_forecast_error_mw,True,kept,wind_offshore_id_forecast_error_mw_lag_7d_same_local_qh,0.8451994362806258,0.07387967151192107,lagged_forecast_error,lagged_forecast_error,wind_offshore_da_forecast_error_mw,lagged_forecast_error,lagged_forecast_error,wind_offshore_da_forecast_error_mw,False
wind_offshore_id_forecast_error_mw_rolling_median_7d_same_local_qh,0.0,0.0,0.0,0.0,0.0,0.0,0.0,141.55555555555554,122.0,False,True,kept,79958,0.9685304520567857,38243,lagged_forecast_error,lagged_forecast_error,wind_offshore_id_forecast_error_mw,True,kept,wind_offshore_id_forecast_error_mw_rolling_mean_7d_same_local_qh,0.7723472525198471,0.1734917238620475,lagged_forecast_error,lagged_forecast_error,wind_offshore_id_forecast_error_mw,lagged_forecast_error,lagged_forecast_error,wind_offshore_id_forecast_error_mw,False
wind_offshore_id_forecast_error_mw_lag_14d_same_local_qh,0.0,0.0,0.0,0.0,0.0,0.0,0.0,164.5,123.0,False,True,kept,72631,0.8797785745433403,69669,lagged_forecast_error,lagged_forecast_error,wind_offshore_id_forecast_error_mw,True,kept,wind_offshore_id_forecast_error_mw_rolling_median_14d_same_local_qh,0.30646136652991507,0.06841643842739849,lagged_forecast_error,lagged_forecast_error,wind_offshore_id_forecast_error_mw,lagged_forecast_error,lagged_forecast_error,wind_offshore_id_forecast_error_mw,False
wind_onshore_da_forecast_error_mw_rolling_mean_7d_same_local_qh,0.0,0.0,0.0,0.0,0.0,0.0,0.0,124.88888888888889,124.0,False,True,kept,79964,0.9686031299966084,79911,lagged_forecast_error,lagged_forecast_error,wind_onshore_da_forecast_error_mw,True,kept,wind_onshore_da_forecast_error_mw_rolling_mean_14d_same_local_qh,0.7860380794364643,0.13244532197721964,lagged_forecast_error,lagged_forecast_error,wind_onshore_da_forecast_error_mw,lagged_forecast_error,lagged_forecast_error,wind_onshore_da_forecast_error_mw,False
load_da_forecast_error_mw_rolling_std_28d_same_local_qh,0.0,0.0,0.0,0.0,0.0,0.0,0.0,127.77777777777777,125.0,False,True,kept,79580,0.9639517418479577,79292,lagged_forecast_error,lagged_forecast_error,load_da_forecast_error_mw,True,kept,wind_offshore_da_forecast_error_mw_rolling_mean_28d_same_local_qh,0.14778651570829088,0.13232398894508282,lagged_forecast_error,lagged_forecast_error,load_da_forecast_error_mw,lagged_forecast_error,lagged_forecast_error,load_da_forecast_error_mw,False
wind_onshore_da_forecast_error_mw_rolling_median_28d_same_local_qh,0.0,0.0,0.0,0.0,0.0,0.0,0.0,128.16666666666666,126.0,False,True,kept,79576,0.9639032898880759,31166,lagged_forecast_error,lagged_forecast_error,wind_onshore_da_forecast_error_mw,True,kept,wind_onshore_da_forecast_error_mw_rolling_mean_28d_same_local_qh,0.873233648891596,0.12805765283402648,lagged_forecast_error,lagged_forecast_error,wind_onshore_da_forecast_error_mw,lagged_forecast_error,lagged_forecast_error,wind_onshore_da_forecast_error_mw,False
wind_offshore_id_forecast_error_mw_rolling_mean_3d_same_local_qh,0.0,0.0,0.0,0.0,0.0,0.0,0.0,131.22222222222223,127.0,False,True,kept,75628,0.9160812054847619,75315,lagged_forecast_error,lagged_forecast_error,wind_offshore_id_forecast_error_mw,True,kept,wind_offshore_id_forecast_error_mw_rolling_mean_7d_same_local_qh,0.6706815524451509,0.12440947284061206,lagged_forecast_error,lagged_forecast_error,wind_offshore_id_forecast_error_mw,lagged_forecast_error,lagged_forecast_error,wind_offshore_id_forecast_error_mw,False
wind_offshore_da_forecast_error_mw_rolling_mean_7d_same_local_qh,0.0,0.0,0.0,0.0,0.0,0.0,0.0,135.11111111111111,128.0,False,True,kept,79962,0.9685789040166675,79771,lagged_forecast_error,lagged_forecast_error,wind_offshore_da_forecast_error_mw,True,kept,wind_offshore_id_forecast_error_mw_rolling_mean_7d_same_local_qh,0.8512030404898374,0.176440808087196,lagged_forecast_error,lagged_forecast_error,wind_offshore_da_forecast_error_mw,lagged_forecast_error,lagged_forecast_error,wind_offshore_da_forecast_error_mw,False
wind_onshore_id_forecast_error_mw_rolling_mean_7d_same_local_qh,0.0,0.0,0.0,0.0,0.0,0.0,0.0,133.05555555555554,130.0,False,True,kept,79964,0.9686031299966084,79913,lagged_forecast_error,lagged_forecast_error,wind_onshore_id_forecast_error_mw,True,kept,wind_onshore_da_forecast_error_mw_rolling_mean_7d_same_local_qh,0.8866618183101491,0.11951804797130884,lagged_forecast_error,lagged_forecast_error,wind_onshore_id_forecast_error_mw,lagged_forecast_error,lagged_forecast_error,wind_onshore_id_forecast_error_mw,False
wind_onshore_da_forecast_error_mw_rolling_median_14d_same_local_qh,0.0,0.0,0.0,0.0,0.0,0.0,0.0,133.83333333333334,131.0,False,True,kept,80152,0.9708803721110519,40692,lagged_forecast_error,lagged_forecast_error,wind_onshore_da_forecast_error_mw,True,kept,wind_onshore_da_forecast_error_mw_rolling_mean_14d_same_local_qh,0.8666305211770473,0.11572219087558099,lagged_forecast_error,lagged_forecast_error,wind_onshore_da_forecast_error_mw,lagged_forecast_error,lagged_forecast_error,wind_onshore_da_forecast_error_mw,False
wind_offshore_id_forecast_error_mw_rolling_median_3d_same_local_qh,0.0,0.0,0.0,0.0,0.0,0.0,0.0,136.38888888888889,134.0,False,True,kept,75628,0.9160812054847619,47130,lagged_forecast_error,lagged_forecast_error,wind_offshore_id_forecast_error_mw,True,kept,wind_offshore_id_forecast_error_mw_rolling_mean_3d_same_local_qh,0.8167596465092006,0.10926414269403915,lagged_forecast_error,lagged_forecast_error,wind_offshore_id_forecast_error_mw,lagged_forecast_error,lagged_forecast_error,wind_offshore_id_forecast_error_mw,False
wind_onshore_da_forecast_error_mw_rolling_median_7d_same_local_qh,0.0,0.0,0.0,0.0,0.0,0.0,0.0,135.83333333333334,135.0,False,True,kept,79964,0.9686031299966084,39993,lagged_forecast_error,lagged_forecast_error,wind_onshore_da_forecast_error_mw,True,kept,wind_onshore_da_forecast_error_mw_rolling_mean_7d_same_local_qh,0.8547759748448092,0.09980354850015544,lagged_forecast_error,lagged_forecast_error,wind_onshore_da_forecast_error_mw,lagged_forecast_error,lagged_forecast_error,wind_onshore_da_forecast_error_mw,False
load_da_forecast_error_mw_rolling_median_14d_same_local_qh,0.0,0.0,0.0,0.0,0.0,0.0,0.0,138.05555555555554,138.0,False,True,kept,80156,0.9709288240709336,43671,lagged_forecast_error,lagged_forecast_error,load_da_forecast_error_mw,True,kept,load_da_forecast_error_mw_rolling_mean_7d_same_local_qh,0.9156606272860158,0.09718585074849792,lagged_forecast_error,lagged_forecast_error,load_da_forecast_error_mw,lagged_forecast_error,lagged_forecast_error,load_da_forecast_error_mw,False
wind_onshore_id_forecast_error_mw_rolling_std_7d_same_local_qh,0.0,0.0,0.0,0.0,0.0,0.0,0.0,139.11111111111111,139.0,False,True,kept,79964,0.9686031299966084,79964,lagged_forecast_error,lagged_forecast_error,wind_onshore_id_forecast_error_mw,True,kept,solar_id_forecast_error_mw_rolling_std_14d_same_local_qh,0.43094523939993573,0.09711803536433715,lagged_forecast_error,lagged_forecast_error,wind_onshore_id_forecast_error_mw,lagged_forecast_error,lagged_forecast_error,wind_onshore_id_forecast_error_mw,False
load_da_forecast_error_mw_rolling_std_3d_same_local_qh,0.0,0.0,0.0,0.0,0.0,0.0,0.0,146.0,146.0,False,True,kept,75648,0.9163234652841707,75648,lagged_forecast_error,lagged_forecast_error,load_da_forecast_error_mw,True,kept,load_da_forecast_error_mw_rolling_std_7d_same_local_qh,0.5181337919993797,0.030432281787584003,lagged_forecast_error,lagged_forecast_error,load_da_forecast_error_mw,lagged_forecast_error,lagged_forecast_error,load_da_forecast_error_mw,False
wind_offshore_id_forecast_error_mw_rolling_std_28d_same_local_qh,0.0,0.0,0.0,0.0,0.0,0.0,0.0,147.0,147.0,False,True,kept,79575,0.9638911768981056,79286,lagged_forecast_error,lagged_forecast_error,wind_offshore_id_forecast_error_mw,True,kept,wind_offshore_da_forecast_error_mw_rolling_std_28d_same_local_qh,0.8188298740208161,0.030490198064235897,lagged_forecast_error,lagged_forecast_error,wind_offshore_id_forecast_error_mw,lagged_forecast_error,lagged_forecast_error,wind_offshore_id_forecast_error_mw,False
wind_onshore_da_forecast_error_mw_rolling_std_7d_same_local_qh,0.0,0.0,0.0,0.0,0.0,0.0,0.0,148.66666666666666,148.0,False,True,kept,79964,0.9686031299966084,79964,lagged_forecast_error,lagged_forecast_error,wind_onshore_da_forecast_error_mw,True,kept,wind_onshore_id_forecast_error_mw_rolling_std_7d_same_local_qh,0.8218161668908569,0.039857427709100474,lagged_forecast_error,lagged_forecast_error,wind_onshore_da_forecast_error_mw,lagged_forecast_error,lagged_forecast_error,wind_onshore_da_forecast_error_mw,False
load_da_forecast_error_mw_rolling_std_7d_same_local_qh,0.0,0.0,0.0,0.0,0.0,0.0,0.0,150.88888888888889,150.0,False,True,kept,79968,0.9686515819564901,79968,lagged_forecast_error,lagged_forecast_error,load_da_forecast_error_mw,True,kept,load_da_forecast_error_mw_rolling_std_14d_same_local_qh,0.7071716923119976,0.041805215361009083,lagged_forecast_error,lagged_forecast_error,load_da_forecast_error_mw,lagged_forecast_error,lagged_forecast_error,load_da_forecast_error_mw,False
wind_onshore_da_forecast_error_mw_rolling_std_3d_same_local_qh,0.0,0.0,0.0,0.0,0.0,0.0,0.0,151.22222222222223,150.0,False,True,kept,75636,0.9161781094045254,75634,lagged_forecast_error,lagged_forecast_error,wind_onshore_da_forecast_error_mw,True,kept,wind_onshore_id_forecast_error_mw_rolling_std_3d_same_local_qh,0.757020653927513,0.04245826199988219,lagged_forecast_error,lagged_forecast_error,wind_onshore_da_forecast_error_mw,lagged_forecast_error,lagged_forecast_error,wind_onshore_da_forecast_error_mw,False
wind_onshore_da_forecast_error_mw_rolling_median_3d_same_local_qh,0.0,0.0,0.0,0.0,0.0,0.0,0.0,154.83333333333334,152.0,False,True,kept,75636,0.9161781094045254,49464,lagged_forecast_error,lagged_forecast_error,wind_onshore_da_forecast_error_mw,True,kept,wind_onshore_da_forecast_error_mw_rolling_mean_3d_same_local_qh,0.8826969366560948,0.046896280467052354,lagged_forecast_error,lagged_forecast_error,wind_onshore_da_forecast_error_mw,lagged_forecast_error,lagged_forecast_error,wind_onshore_da_forecast_error_mw,False
solar_da_forecast_error_mw_rolling_mean_7d_same_local_qh,0.0,0.0,0.0,0.0,0.0,0.0,0.0,153.55555555555554,153.0,False,True,kept,45537,0.5515892242841223,45252,lagged_forecast_error,lagged_forecast_error,solar_da_forecast_error_mw,True,kept,solar_da_forecast_error_mw_lag_2d_same_local_qh,0.8842081349862934,0.045463747497412436,lagged_forecast_error,lagged_forecast_error,solar_da_forecast_error_mw,lagged_forecast_error,lagged_forecast_error,solar_da_forecast_error_mw,False
wind_onshore_id_forecast_error_mw_lag_14d_same_local_qh,0.0,0.0,0.0,0.0,0.0,0.0,0.0,158.83333333333334,155.0,False,True,kept,72647,0.8799723823828673,71378,lagged_forecast_error,lagged_forecast_error,wind_onshore_id_forecast_error_mw,True,kept,wind_onshore_id_forecast_error_mw_rolling_median_14d_same_local_qh,0.4020989152058701,0.05360994272775038,lagged_forecast_error,lagged_forecast_error,wind_onshore_id_forecast_error_mw,lagged_forecast_error,lagged_forecast_error,wind_onshore_id_forecast_error_mw,False
wind_onshore_id_forecast_error_mw_rolling_median_3d_same_local_qh,0.0,0.0,0.0,0.0,0.0,0.0,0.0,156.0,156.0,False,True,kept,75636,0.9161781094045254,49168,lagged_forecast_error,lagged_forecast_error,wind_onshore_id_forecast_error_mw,True,kept,wind_onshore_id_forecast_error_mw_rolling_mean_3d_same_local_qh,0.8745356268188421,0.04724428250785692,lagged_forecast_error,lagged_forecast_error,wind_onshore_id_forecast_error_mw,lagged_forecast_error,lagged_forecast_error,wind_onshore_id_forecast_error_mw,False
load_da_forecast_error_mw_rolling_median_28d_same_local_qh,0.0,0.0,0.0,0.0,0.0,0.0,0.0,157.0,157.0,False,True,kept,79580,0.9639517418479577,35539,lagged_forecast_error,lagged_forecast_error,load_da_forecast_error_mw,True,kept,load_da_forecast_error_mw_rolling_median_14d_same_local_qh,0.9180144394662437,0.051108981429308524,lagged_forecast_error,lagged_forecast_error,load_da_forecast_error_mw,lagged_forecast_error,lagged_forecast_error,load_da_forecast_error_mw,False
wind_onshore_id_forecast_error_mw_rolling_mean_3d_same_local_qh,0.0,0.0,0.0,0.0,0.0,0.0,0.0,164.44444444444446,158.0,False,True,kept,75636,0.9161781094045254,75519,lagged_forecast_error,lagged_forecast_error,wind_onshore_id_forecast_error_mw,True,kept,wind_onshore_da_forecast_error_mw_rolling_mean_3d_same_local_qh,0.8735785349552366,0.06210445759052556,lagged_forecast_error,lagged_forecast_error,wind_onshore_id_forecast_error_mw,lagged_forecast_error,lagged_forecast_error,wind_onshore_id_forecast_error_mw,False
wind_offshore_da_forecast_error_mw_lag_14d_same_local_qh,0.0,0.0,0.0,0.0,0.0,0.0,0.0,162.5,160.0,False,True,kept,72635,0.8798270265032221,70299,lagged_forecast_error,lagged_forecast_error,wind_offshore_da_forecast_error_mw,True,kept,wind_offshore_id_forecast_error_mw_lag_14d_same_local_qh,0.8444814143614108,0.06019529990868196,lagged_forecast_error,lagged_forecast_error,wind_offshore_da_forecast_error_mw,lagged_forecast_error,lagged_forecast_error,wind_offshore_da_forecast_error_mw,False
wind_offshore_da_forecast_error_mw_rolling_std_28d_same_local_qh,0.0,0.0,0.0,0.0,0.0,0.0,0.0,161.44444444444446,161.0,False,True,kept,79572,0.9638548379281942,79285,lagged_forecast_error,lagged_forecast_error,wind_offshore_da_forecast_error_mw,True,kept,wind_onshore_id_forecast_error_mw_rolling_std_28d_same_local_qh,0.4631657522323426,0.059053885831609775,lagged_forecast_error,lagged_forecast_error,wind_offshore_da_forecast_error_mw,lagged_forecast_error,lagged_forecast_error,wind_offshore_da_forecast_error_mw,False
wind_onshore_da_forecast_error_mw_rolling_mean_3d_same_local_qh,0.0,0.0,0.0,0.0,0.0,0.0,0.0,165.83333333333334,165.0,False,True,kept,75636,0.9161781094045254,75550,lagged_forecast_error,lagged_forecast_error,wind_onshore_da_forecast_error_mw,True,kept,wind_onshore_da_forecast_error_mw_rolling_mean_7d_same_local_qh,0.7257147163655876,0.06344901599472247,lagged_forecast_error,lagged_forecast_error,wind_onshore_da_forecast_error_mw,lagged_forecast_error,lagged_forecast_error,wind_onshore_da_forecast_error_mw,False
wind_onshore_da_forecast_error_mw_lag_1d_same_local_qh,0.0,0.0,0.0,0.0,0.0,0.0,0.0,181.55555555555554,168.0,False,True,kept,75810,0.9182857696593827,74826,lagged_forecast_error,lagged_forecast_error,wind_onshore_da_forecast_error_mw,True,kept,wind_onshore_id_forecast_error_mw_lag_1d_same_local_qh,0.8528848293938732,0.024008496469147808,lagged_forecast_error,lagged_forecast_error,wind_onshore_da_forecast_error_mw,lagged_forecast_error,lagged_forecast_error,wind_onshore_da_forecast_error_mw,False
wind_offshore_id_forecast_error_mw_rolling_std_3d_same_local_qh,0.0,0.0,0.0,0.0,0.0,0.0,0.0,183.0,169.0,False,True,kept,75628,0.9160812054847619,75626,lagged_forecast_error,lagged_forecast_error,wind_offshore_id_forecast_error_mw,True,kept,wind_offshore_id_forecast_error_mw_rolling_std_7d_same_local_qh,0.6872539032888455,0.020050175118010688,lagged_forecast_error,lagged_forecast_error,wind_offshore_id_forecast_error_mw,lagged_forecast_error,lagged_forecast_error,wind_offshore_id_forecast_error_mw,False
wind_offshore_id_forecast_error_mw_rolling_std_7d_same_local_qh,0.0,0.0,0.0,0.0,0.0,0.0,0.0,182.88888888888889,170.0,False,True,kept,79958,0.9685304520567857,79956,lagged_forecast_error,lagged_forecast_error,wind_offshore_id_forecast_error_mw,True,kept,wind_offshore_id_forecast_error_mw_rolling_std_28d_same_local_qh,0.647192134947619,0.024878953436424774,lagged_forecast_error,lagged_forecast_error,wind_offshore_id_forecast_error_mw,lagged_forecast_error,lagged_forecast_error,wind_offshore_id_forecast_error_mw,False
wind_onshore_da_forecast_error_mw_rolling_std_28d_same_local_qh,0.0,0.0,0.0,0.0,0.0,0.0,0.0,172.88888888888889,171.0,False,True,kept,79576,0.9639032898880759,79288,lagged_forecast_error,lagged_forecast_error,wind_onshore_da_forecast_error_mw,True,kept,wind_onshore_id_forecast_error_mw_rolling_std_28d_same_local_qh,0.8967871075252716,0.010533467068399503,lagged_forecast_error,lagged_forecast_error,wind_onshore_da_forecast_error_mw,lagged_forecast_error,lagged_forecast_error,wind_onshore_da_forecast_error_mw,False
wind_offshore_da_forecast_error_mw_rolling_std_7d_same_local_qh,0.0,0.0,0.0,0.0,0.0,0.0,0.0,172.0,172.0,False,True,kept,79962,0.9685789040166675,79960,lagged_forecast_error,lagged_forecast_error,wind_offshore_da_forecast_error_mw,True,kept,wind_offshore_id_forecast_error_mw_rolling_std_7d_same_local_qh,0.7852664895689004,0.009467830887371478,lagged_forecast_error,lagged_forecast_error,wind_offshore_da_forecast_error_mw,lagged_forecast_error,lagged_forecast_error,wind_offshore_da_forecast_error_mw,False
wind_offshore_da_forecast_error_mw_rolling_std_3d_same_local_qh,0.0,0.0,0.0,0.0,0.0,0.0,0.0,175.11111111111111,173.0,False,True,kept,75632,0.9161296574446436,75630,lagged_forecast_error,lagged_forecast_error,wind_offshore_da_forecast_error_mw,True,kept,wind_offshore_id_forecast_error_mw_rolling_std_3d_same_local_qh,0.7481473102990994,0.00834998809170458,lagged_forecast_error,lagged_forecast_error,wind_offshore_da_forecast_error_mw,lagged_forecast_error,lagged_forecast_error,wind_offshore_da_forecast_error_mw,False
wind_onshore_id_forecast_error_mw_lag_1d_same_local_qh,0.0,0.0,0.0,0.0,0.0,0.0,0.0,177.33333333333334,174.0,False,True,kept,75815,0.918346334609235,74487,lagged_forecast_error,lagged_forecast_error,wind_onshore_id_forecast_error_mw,True,kept,wind_onshore_id_forecast_error_mw_rolling_mean_3d_same_local_qh,0.6346987802354376,0.028716293951223645,lagged_forecast_error,lagged_forecast_error,wind_onshore_id_forecast_error_mw,lagged_forecast_error,lagged_forecast_error,wind_onshore_id_forecast_error_mw,False
solar_id_forecast_error_mw_rolling_mean_28d_same_local_qh,0.0,0.0,0.0,0.0,0.0,0.0,0.0,184.55555555555554,176.0,False,True,kept,46528,0.5635931973448326,46201,lagged_forecast_error,lagged_forecast_error,solar_id_forecast_error_mw,True,kept,solar_da_forecast_error_mw_rolling_mean_7d_same_local_qh,0.9101884129945269,0.015734537223448697,lagged_forecast_error,lagged_forecast_error,solar_id_forecast_error_mw,lagged_forecast_error,lagged_forecast_error,solar_id_forecast_error_mw,False
wind_onshore_da_forecast_error_mw_rolling_std_14d_same_local_qh,0.0,0.0,0.0,0.0,0.0,0.0,0.0,181.77777777777777,176.0,False,True,kept,80152,0.9708803721110519,80152,lagged_forecast_error,lagged_forecast_error,wind_onshore_da_forecast_error_mw,True,kept,wind_onshore_id_forecast_error_mw_rolling_std_14d_same_local_qh,0.8597665053620309,0.026587106319609616,lagged_forecast_error,lagged_forecast_error,wind_onshore_da_forecast_error_mw,lagged_forecast_error,lagged_forecast_error,wind_onshore_da_forecast_error_mw,False
solar_id_forecast_error_mw_rolling_median_3d_same_local_qh,0.0,0.0,0.0,0.0,0.0,0.0,0.0,184.5,177.0,False,True,kept,43733,0.5297373903774407,29374,lagged_forecast_error,lagged_forecast_error,solar_id_forecast_error_mw,True,kept,solar_da_forecast_error_mw_rolling_mean_7d_same_local_qh,0.9180868774499976,0.014616289526834414,lagged_forecast_error,lagged_forecast_error,solar_id_forecast_error_mw,lagged_forecast_error,lagged_forecast_error,solar_id_forecast_error_mw,False
ida1_minus_da_spread_eur_mwh_rolling_std_28d_same_local_qh,0.0,0.0,0.0,0.0,0.0,0.0,0.0,179.0,178.0,False,True,kept,81500,0.9872086825912109,81485,ida1_history,market_history,ida1_minus_da_spread_eur_mwh,True,kept,ida1_price_eur_mwh_rolling_std_14d_same_local_qh,0.5243380493233722,0.20230022489443478,ida1_history,market_history,ida1_minus_da_spread_eur_mwh,ida1_history,market_history,ida1_minus_da_spread_eur_mwh,False
ida1_minus_da_spread_eur_mwh_rolling_std_7d_same_local_qh,0.0,0.0,0.0,0.0,0.0,0.0,0.0,192.0,185.0,False,True,kept,81408,0.9860942875139299,81393,ida1_history,market_history,ida1_minus_da_spread_eur_mwh,True,kept,ida1_minus_da_spread_eur_mwh_rolling_std_14d_same_local_qh,0.8379806085339042,0.16132063104928662,ida1_history,market_history,ida1_minus_da_spread_eur_mwh,ida1_history,market_history,ida1_minus_da_spread_eur_mwh,False
ida1_minus_da_spread_eur_mwh_rolling_std_3d_same_local_qh,0.0,0.0,0.0,0.0,0.0,0.0,0.0,190.33333333333334,186.0,False,True,kept,76896,0.9314404767672853,75560,ida1_history,market_history,ida1_minus_da_spread_eur_mwh,True,kept,ida1_minus_da_spread_eur_mwh_rolling_std_7d_same_local_qh,0.7023323552712293,0.14570803032496174,ida1_history,market_history,ida1_minus_da_spread_eur_mwh,ida1_history,market_history,ida1_minus_da_spread_eur_mwh,False
ida1_volume_mw_lag_2d_same_local_qh,0.0,0.0,0.0,0.0,0.0,0.0,0.0,190.16666666666666,187.0,False,True,kept,40984,0.4964387809486894,6663,ida1_history,market_history,ida1_volume_mw,True,kept,ida1_minus_da_spread_eur_mwh_rolling_std_14d_same_local_qh,0.41808758522716377,0.04775485431336952,ida1_history,market_history,ida1_volume_mw,ida1_history,market_history,ida1_volume_mw,False
ida1_price_eur_mwh_regime_mean_shift_7d_vs_28d_z,0.0,0.0,0.0,0.0,0.0,0.0,0.0,194.0,194.0,False,True,kept,80736,0.9779543582537914,80736,regime_mean_shift,regime,ida1_price_eur_mwh,True,kept,da_price_eur_mwh_regime_mean_shift_7d_vs_28d_z,0.902929617913061,0.2217557094978023,regime_mean_shift,regime,ida1_price_eur_mwh,regime_mean_shift,regime,ida1_price_eur_mwh,False
ida1_price_eur_mwh_regime_abs_median_28d_over_vol,0.0,0.0,0.0,0.0,0.0,0.0,0.0,196.27777777777777,195.0,False,True,kept,81500,0.9872086825912109,81471,regime_level,regime,ida1_price_eur_mwh,True,kept,da_price_eur_mwh_regime_vol_28d,0.6072143000865059,0.20932049189698684,regime_level,regime,ida1_price_eur_mwh,regime_level,regime,ida1_price_eur_mwh,False
ida1_minus_da_spread_eur_mwh_regime_vol_28d,0.0,0.0,0.0,0.0,0.0,0.0,0.0,197.05555555555554,196.0,False,True,kept,81500,0.9872086825912109,81485,regime_volatility,regime,ida1_minus_da_spread_eur_mwh,True,kept,da_price_eur_mwh_regime_vol_28d,0.4821631100152219,0.20230022489443478,regime_volatility,regime,ida1_minus_da_spread_eur_mwh,regime_volatility,regime,ida1_minus_da_spread_eur_mwh,False
residual_load_revision_id_minus_da_approx_mw_regime_abs_median_28d_over_vol,0.0,0.0,0.0,0.0,0.0,0.0,0.0,199.5,196.0,False,True,kept,81592,0.9883230776684917,81592,regime_level,regime,residual_load_revision_id_minus_da_approx_mw,True,kept,ida1_minus_da_spread_eur_mwh_regime_vol_28d,0.12795640659632687,0.15817998949065576,regime_level,regime,residual_load_revision_id_minus_da_approx_mw,regime_level,regime,residual_load_revision_id_minus_da_approx_mw,False
renewable_total_forecast_revision_id_minus_da_mw_regime_vol_28d,0.0,0.0,0.0,0.0,0.0,0.0,0.0,198.0,198.0,False,True,kept,81592,0.9883230776684917,81592,regime_volatility,regime,renewable_total_forecast_revision_id_minus_da_mw,True,kept,da_price_eur_mwh_regime_abs_median_28d_over_vol,0.3518715327237985,0.11014688180734898,regime_volatility,regime,renewable_total_forecast_revision_id_minus_da_mw,regime_volatility,regime,renewable_total_forecast_revision_id_minus_da_mw,False
wind_total_forecast_revision_id_minus_da_mw_regime_abs_median_28d_over_vol,0.0,0.0,0.0,0.0,0.0,0.0,0.0,199.0,199.0,False,True,kept,81592,0.9883230776684917,81592,regime_level,regime,wind_total_forecast_revision_id_minus_da_mw,True,kept,residual_load_revision_id_minus_da_approx_mw_regime_abs_median_28d_over_vol,0.7036102894503182,0.06980286017776495,regime_level,regime,wind_total_forecast_revision_id_minus_da_mw,regime_level,regime,wind_total_forecast_revision_id_minus_da_mw,False
wind_total_forecast_revision_id_minus_da_mw_regime_vol_28d,0.0,0.0,0.0,0.0,0.0,0.0,0.0,201.0,200.0,False,True,kept,81592,0.9883230776684917,81592,regime_volatility,regime,wind_total_forecast_revision_id_minus_da_mw,True,kept,renewable_total_forecast_revision_id_minus_da_mw_regime_vol_28d,0.7964630184736334,0.04979651199763704,regime_volatility,regime,wind_total_forecast_revision_id_minus_da_mw,regime_volatility,regime,wind_total_forecast_revision_id_minus_da_mw,False
residual_load_revision_id_minus_da_approx_mw_regime_vol_7d_over_28d,0.0,0.0,0.0,0.0,0.0,0.0,0.0,201.94444444444446,201.0,False,True,kept,81592,0.9883230776684917,81592,regime_volatility,regime,residual_load_revision_id_minus_da_approx_mw,True,kept,da_price_eur_mwh_regime_mean_shift_7d_vs_28d_z,0.14139024665028924,0.024828851316008392,regime_volatility,regime,residual_load_revision_id_minus_da_approx_mw,regime_volatility,regime,residual_load_revision_id_minus_da_approx_mw,False
ida1_minus_da_spread_eur_mwh_regime_mean_shift_7d_vs_28d_z,0.0,0.0,0.0,0.0,0.0,0.0,0.0,203.61111111111111,202.0,False,True,kept,80736,0.9779543582537914,80736,regime_mean_shift,regime,ida1_minus_da_spread_eur_mwh,True,kept,ida1_price_eur_mwh_regime_mean_shift_7d_vs_28d_z,0.3021441834286058,0.017124156160331753,regime_mean_shift,regime,ida1_minus_da_spread_eur_mwh,regime_mean_shift,regime,ida1_minus_da_spread_eur_mwh,False
ida1_minus_da_spread_eur_mwh_regime_vol_7d_over_28d,0.0,0.0,0.0,0.0,0.0,0.0,0.0,204.38888888888889,203.0,False,True,kept,80736,0.9779543582537914,80736,regime_volatility,regime,ida1_minus_da_spread_eur_mwh,True,kept,ida1_minus_da_spread_eur_mwh_regime_vol_28d,0.09249960576833441,0.01321495816582158,regime_volatility,regime,ida1_minus_da_spread_eur_mwh,regime_volatility,regime,ida1_minus_da_spread_eur_mwh,False
wind_total_forecast_revision_id_minus_da_mw_regime_vol_7d_over_28d,0.0,0.0,0.0,0.0,0.0,0.0,0.0,208.61111111111111,208.0,False,True,kept,81592,0.9883230776684917,81592,regime_volatility,regime,wind_total_forecast_revision_id_minus_da_mw,True,kept,residual_load_revision_id_minus_da_approx_mw_regime_vol_7d_over_28d,0.8869638003185405,0.004857929355749057,regime_volatility,regime,wind_total_forecast_revision_id_minus_da_mw,regime_volatility,regime,wind_total_forecast_revision_id_minus_da_mw,False
da_price_eur_mwh_lag_14d_same_local_qh,,,,,,,,,,False,True,kept,79270,0.96019671495712,13243,da_price,market_history,da_price_eur_mwh,False,too_correlated_with_kept_feature,ida1_price_eur_mwh_lag_14d_same_local_qh,0.9214706416254395,0.6210075892030895,da_price,market_history,da_price_eur_mwh,da_price,market_history,da_price_eur_mwh,False
da_price_eur_mwh_lag_1d_same_local_qh,,,,,,,,,,False,True,kept,82440,0.9985948931634284,13520,da_price,market_history,da_price_eur_mwh,False,too_correlated_with_kept_feature,ida1_price_eur_mwh_lag_1d_same_local_qh,0.9223554241998098,0.7263556887457616,da_price,market_history,da_price_eur_mwh,da_price,market_history,da_price_eur_mwh,False
da_price_eur_mwh_lag_7d_same_local_qh,,,,,,,,,,False,True,kept,80899,0.9799287756189737,13483,da_price,market_history,da_price_eur_mwh,False,too_correlated_with_kept_feature,ida1_price_eur_mwh_lag_7d_same_local_qh,0.9225466457477612,0.6440334813531698,da_price,market_history,da_price_eur_mwh,da_price,market_history,da_price_eur_mwh,False
da_price_eur_mwh_rolling_mean_14d_same_local_qh,,,,,,,,,,False,True,kept,82076,0.9941857648141867,38861,da_price,market_history,da_price_eur_mwh,False,too_correlated_with_kept_feature,da_price_eur_mwh_rolling_median_14d_same_local_qh,0.9830275705061695,0.7091496878468482,da_price,market_history,da_price_eur_mwh,da_price,market_history,da_price_eur_mwh,False
da_price_eur_mwh_rolling_mean_28d_same_local_qh,,,,,,,,,,False,True,kept,81596,0.9883715296283735,45807,da_price,market_history,da_price_eur_mwh,False,too_correlated_with_kept_feature,da_price_eur_mwh_rolling_median_14d_same_local_qh,0.941715216908396,0.670568211428121,da_price,market_history,da_price_eur_mwh,da_price,market_history,da_price_eur_mwh,False
da_price_eur_mwh_rolling_mean_3d_same_local_qh,,,,,,,,,,False,True,kept,82364,0.9976743059256747,34715,da_price,market_history,da_price_eur_mwh,False,too_correlated_with_kept_feature,ida1_price_eur_mwh_rolling_median_3d_same_local_qh,0.9218663635789279,0.7072142722261483,da_price,market_history,da_price_eur_mwh,da_price,market_history,da_price_eur_mwh,False
da_price_eur_mwh_rolling_mean_7d_same_local_qh,,,,,,,,,,False,True,kept,82268,0.996511458888512,33881,da_price,market_history,da_price_eur_mwh,False,too_correlated_with_kept_feature,ida1_price_eur_mwh_rolling_mean_7d_same_local_qh,0.9460885076390708,0.7205687394509328,da_price,market_history,da_price_eur_mwh,da_price,market_history,da_price_eur_mwh,False
da_price_eur_mwh_rolling_median_28d_same_local_qh,,,,,,,,,,False,True,kept,81596,0.9883715296283735,11717,da_price,market_history,da_price_eur_mwh,False,too_correlated_with_kept_feature,da_price_eur_mwh_rolling_median_14d_same_local_qh,0.9601765566093559,0.6816280910426155,da_price,market_history,da_price_eur_mwh,da_price,market_history,da_price_eur_mwh,False
da_price_eur_mwh_rolling_median_3d_same_local_qh,,,,,,,,,,False,True,kept,82364,0.9976743059256747,10698,da_price,market_history,da_price_eur_mwh,False,too_correlated_with_kept_feature,ida1_price_eur_mwh_rolling_median_3d_same_local_qh,0.9279852519534494,0.6947993839661649,da_price,market_history,da_price_eur_mwh,da_price,market_history,da_price_eur_mwh,False
da_price_eur_mwh_rolling_median_7d_same_local_qh,,,,,,,,,,False,True,kept,82268,0.996511458888512,8507,da_price,market_history,da_price_eur_mwh,False,too_correlated_with_kept_feature,da_price_eur_mwh_rolling_median_14d_same_local_qh,0.9494197168002427,0.7125670128495656,da_price,market_history,da_price_eur_mwh,da_price,market_history,da_price_eur_mwh,False
hour_cos,,,,,,,,,,False,True,kept,82556,1.0,22,calendar,calendar,hour_cos,False,too_correlated_with_kept_feature,quarter_cos,0.9851470429558503,0.10053348512229107,calendar,calendar,hour_cos,calendar,calendar,hour_cos,False
ida1_minus_da_spread_eur_mwh_rolling_mean_14d_same_local_qh,,,,,,,,,,False,True,kept,81596,0.9883715296283735,80871,ida1_history,market_history,ida1_minus_da_spread_eur_mwh,False,too_correlated_with_kept_feature,ida1_minus_da_spread_eur_mwh_rolling_mean_28d_same_local_qh,0.9416604228506008,0.18512555204944128,ida1_history,market_history,ida1_minus_da_spread_eur_mwh,ida1_history,market_history,ida1_minus_da_spread_eur_mwh,False
ida1_minus_da_spread_eur_mwh_rolling_median_28d_same_local_qh,,,,,,,,,,False,True,kept,81500,0.9872086825912109,27759,ida1_history,market_history,ida1_minus_da_spread_eur_mwh,False,too_correlated_with_kept_feature,ida1_minus_da_spread_eur_mwh_rolling_mean_28d_same_local_qh,0.9631034465211024,0.1768091419767671,ida1_history,market_history,ida1_minus_da_spread_eur_mwh,ida1_history,market_history,ida1_minus_da_spread_eur_mwh,False
ida1_minus_da_spread_eur_mwh_rolling_median_3d_same_local_qh,,,,,,,,,,False,True,kept,76896,0.9314404767672853,38688,ida1_history,market_history,ida1_minus_da_spread_eur_mwh,False,too_correlated_with_kept_feature,ida1_minus_da_spread_eur_mwh_rolling_mean_3d_same_local_qh,0.931786350873595,0.15729007133698353,ida1_history,market_history,ida1_minus_da_spread_eur_mwh,ida1_history,market_history,ida1_minus_da_spread_eur_mwh,False
ida1_minus_da_spread_eur_mwh_rolling_median_7d_same_local_qh,,,,,,,,,,False,True,kept,81408,0.9860942875139299,30963,ida1_history,market_history,ida1_minus_da_spread_eur_mwh,False,too_correlated_with_kept_feature,ida1_minus_da_spread_eur_mwh_rolling_mean_7d_same_local_qh,0.934235120575708,0.16709752145086823,ida1_history,market_history,ida1_minus_da_spread_eur_mwh,ida1_history,market_history,ida1_minus_da_spread_eur_mwh,False
ida1_price_eur_mwh_lag_2d_same_local_qh,,,,,,,,,,False,True,kept,75828,0.9185038034788507,51500,ida1_history,market_history,ida1_price_eur_mwh,False,too_correlated_with_kept_feature,ida1_price_eur_mwh_rolling_median_3d_same_local_qh,0.9294510287027964,0.6534526918687961,ida1_history,market_history,ida1_price_eur_mwh,ida1_history,market_history,ida1_price_eur_mwh,False
ida1_price_eur_mwh_regime_vol_28d,,,,,,,,,,False,True,kept,81500,0.9872086825912109,81492,regime_volatility,regime,ida1_price_eur_mwh,False,too_correlated_with_kept_feature,da_price_eur_mwh_regime_vol_28d,0.927591320904354,0.31455562599343223,regime_volatility,regime,ida1_price_eur_mwh,regime_volatility,regime,ida1_price_eur_mwh,False
ida1_price_eur_mwh_rolling_mean_14d_same_local_qh,,,,,,,,,,False,True,kept,81596,0.9883715296283735,80248,ida1_history,market_history,ida1_price_eur_mwh,False,too_correlated_with_kept_feature,ida1_price_eur_mwh_rolling_mean_7d_same_local_qh,0.9526886289709231,0.7405530131911364,ida1_history,market_history,ida1_price_eur_mwh,ida1_history,market_history,ida1_price_eur_mwh,False
ida1_price_eur_mwh_rolling_mean_28d_same_local_qh,,,,,,,,,,False,True,kept,81500,0.9872086825912109,81081,ida1_history,market_history,ida1_price_eur_mwh,False,too_correlated_with_kept_feature,ida1_price_eur_mwh_rolling_median_28d_same_local_qh,0.9801100790961282,0.7048895950082078,ida1_history,market_history,ida1_price_eur_mwh,ida1_history,market_history,ida1_price_eur_mwh,False
ida1_price_eur_mwh_rolling_mean_3d_same_local_qh,,,,,,,,,,False,True,kept,76896,0.9314404767672853,74664,ida1_history,market_history,ida1_price_eur_mwh,False,too_correlated_with_kept_feature,ida1_price_eur_mwh_rolling_mean_7d_same_local_qh,0.927676613347364,0.7425108551278498,ida1_history,market_history,ida1_price_eur_mwh,ida1_history,market_history,ida1_price_eur_mwh,False
ida1_price_eur_mwh_rolling_median_14d_same_local_qh,,,,,,,,,,False,True,kept,81596,0.9883715296283735,35012,ida1_history,market_history,ida1_price_eur_mwh,False,too_correlated_with_kept_feature,ida1_price_eur_mwh_rolling_mean_7d_same_local_qh,0.9459122522855686,0.7472578273456657,ida1_history,market_history,ida1_price_eur_mwh,ida1_history,market_history,ida1_price_eur_mwh,False
ida1_price_eur_mwh_rolling_median_7d_same_local_qh,,,,,,,,,,False,True,kept,81408,0.9860942875139299,30788,ida1_history,market_history,ida1_price_eur_mwh,False,too_correlated_with_kept_feature,ida1_price_eur_mwh_rolling_mean_7d_same_local_qh,0.976090963265381,0.7415900106406903,ida1_history,market_history,ida1_price_eur_mwh,ida1_history,market_history,ida1_price_eur_mwh,False
ida1_price_eur_mwh_rolling_std_28d_same_local_qh,,,,,,,,,,False,True,kept,81500,0.9872086825912109,81492,ida1_history,market_history,ida1_price_eur_mwh,False,too_correlated_with_kept_feature,da_price_eur_mwh_rolling_std_28d_same_local_qh,0.927591320904354,0.31455562599343223,ida1_history,market_history,ida1_price_eur_mwh,ida1_history,market_history,ida1_price_eur_mwh,False
load_da_forecast_error_mw_rolling_mean_14d_same_local_qh,,,,,,,,,,False,True,kept,80156,0.9709288240709336,80137,lagged_forecast_error,lagged_forecast_error,load_da_forecast_error_mw,False,too_correlated_with_kept_feature,load_da_forecast_error_mw_rolling_mean_7d_same_local_qh,0.9286856651764207,0.10295534629763146,lagged_forecast_error,lagged_forecast_error,load_da_forecast_error_mw,lagged_forecast_error,lagged_forecast_error,load_da_forecast_error_mw,False
load_da_forecast_error_mw_rolling_mean_28d_same_local_qh,,,,,,,,,,False,True,kept,79580,0.9639517418479577,79285,lagged_forecast_error,lagged_forecast_error,load_da_forecast_error_mw,False,too_correlated_with_kept_feature,load_da_forecast_error_mw_rolling_median_14d_same_local_qh,0.9222875622574693,0.05862053903512929,lagged_forecast_error,lagged_forecast_error,load_da_forecast_error_mw,lagged_forecast_error,lagged_forecast_error,load_da_forecast_error_mw,False
load_da_forecast_error_mw_rolling_mean_3d_same_local_qh,,,,,,,,,,False,True,kept,75648,0.9163234652841707,75445,lagged_forecast_error,lagged_forecast_error,load_da_forecast_error_mw,False,too_correlated_with_kept_feature,load_da_forecast_error_mw_rolling_median_3d_same_local_qh,0.9765627460854234,0.1115885397341457,lagged_forecast_error,lagged_forecast_error,load_da_forecast_error_mw,lagged_forecast_error,lagged_forecast_error,load_da_forecast_error_mw,False
load_da_forecast_error_mw_rolling_median_7d_same_local_qh,,,,,,,,,,False,True,kept,79968,0.9686515819564901,41527,lagged_forecast_error,lagged_forecast_error,load_da_forecast_error_mw,False,too_correlated_with_kept_feature,load_da_forecast_error_mw_rolling_mean_7d_same_local_qh,0.9756556034547902,0.10917979271132412,lagged_forecast_error,lagged_forecast_error,load_da_forecast_error_mw,lagged_forecast_error,lagged_forecast_error,load_da_forecast_error_mw,False
load_forecast_da_mw_lag_14d_same_local_qh,,,,,,,,,,False,True,kept,79283,0.9603541838267358,78560,da_forecast,forecast_level,load_forecast_da_mw,False,too_correlated_with_kept_feature,load_forecast_da_mw_lag_7d_same_local_qh,0.929777764358462,0.19873947492713817,da_forecast,forecast_level,load_forecast_da_mw,da_forecast,forecast_level,load_forecast_da_mw,False
quarter_sin,,,,,,,,,,False,True,kept,82556,1.0,87,calendar,calendar,quarter_sin,False,too_correlated_with_kept_feature,hour_sin,0.9845796248385705,0.08094197793958692,calendar,calendar,quarter_sin,calendar,calendar,quarter_sin,False
renewable_total_forecast_id_mw_lag_14d_same_local_qh,,,,,,,,,,False,True,kept,79280,0.9603178448568245,78891,id_forecast,forecast_level,renewable_total_forecast_id_mw,False,too_correlated_with_kept_feature,renewable_total_forecast_da_mw_lag_14d_same_local_qh,0.9951446252569334,0.1982444416873335,id_forecast,forecast_level,renewable_total_forecast_id_mw,id_forecast,forecast_level,renewable_total_forecast_id_mw,False
renewable_total_forecast_id_mw_lag_1d_same_local_qh,,,,,,,,,,False,True,kept,82444,0.9986433451233102,82020,id_forecast,forecast_level,renewable_total_forecast_id_mw,False,too_correlated_with_kept_feature,renewable_total_forecast_da_mw_lag_1d_same_local_qh,0.9951360623032371,0.3208369343988786,id_forecast,forecast_level,renewable_total_forecast_id_mw,id_forecast,forecast_level,renewable_total_forecast_id_mw,False
renewable_total_forecast_id_mw_lag_2d_same_local_qh,,,,,,,,,,False,True,kept,82348,0.9974804980861476,81927,id_forecast,forecast_level,renewable_total_forecast_id_mw,False,too_correlated_with_kept_feature,renewable_total_forecast_da_mw_lag_2d_same_local_qh,0.9950821617666924,0.25334758726597784,id_forecast,forecast_level,renewable_total_forecast_id_mw,id_forecast,forecast_level,renewable_total_forecast_id_mw,False
renewable_total_forecast_id_mw_lag_7d_same_local_qh,,,,,,,,,,False,True,kept,80908,0.9800377925287078,80485,id_forecast,forecast_level,renewable_total_forecast_id_mw,False,too_correlated_with_kept_feature,renewable_total_forecast_da_mw_lag_7d_same_local_qh,0.9951573778253388,0.19663332356427124,id_forecast,forecast_level,renewable_total_forecast_id_mw,id_forecast,forecast_level,renewable_total_forecast_id_mw,False
renewable_total_forecast_revision_id_minus_da_mw_lag_14d_same_local_qh,,,,,,,,,,False,True,kept,79280,0.9603178448568245,77526,forecast_revision,forecast_revision,renewable_total_forecast_revision_id_minus_da_mw,False,too_correlated_with_kept_feature,residual_load_revision_id_minus_da_approx_mw_lag_14d_same_local_qh,0.9999999999679853,0.02140140063283828,forecast_revision,forecast_revision,renewable_total_forecast_revision_id_minus_da_mw,forecast_revision,forecast_revision,renewable_total_forecast_revision_id_minus_da_mw,False
renewable_total_forecast_revision_id_minus_da_mw_lag_2d_same_local_qh,,,,,,,,,,False,True,kept,82348,0.9974804980861476,80494,forecast_revision,forecast_revision,renewable_total_forecast_revision_id_minus_da_mw,False,too_correlated_with_kept_feature,residual_load_revision_id_minus_da_approx_mw_lag_2d_same_local_qh,0.999999999970245,0.013474625223198007,forecast_revision,forecast_revision,renewable_total_forecast_revision_id_minus_da_mw,forecast_revision,forecast_revision,renewable_total_forecast_revision_id_minus_da_mw,False
renewable_total_forecast_revision_id_minus_da_mw_lag_7d_same_local_qh,,,,,,,,,,False,True,kept,80908,0.9800377925287078,79093,forecast_revision,forecast_revision,renewable_total_forecast_revision_id_minus_da_mw,False,too_correlated_with_kept_feature,residual_load_revision_id_minus_da_approx_mw_lag_7d_same_local_qh,0.9999999999671282,0.04356186746290662,forecast_revision,forecast_revision,renewable_total_forecast_revision_id_minus_da_mw,forecast_revision,forecast_revision,renewable_total_forecast_revision_id_minus_da_mw,False
renewable_total_forecast_revision_id_minus_da_mw_regime_abs_median_28d_over_vol,,,,,,,,,,False,True,kept,81592,0.9883230776684917,81592,regime_level,regime,renewable_total_forecast_revision_id_minus_da_mw,False,too_correlated_with_kept_feature,residual_load_revision_id_minus_da_approx_mw_regime_abs_median_28d_over_vol,0.9998604462492093,0.15804246661276747,regime_level,regime,renewable_total_forecast_revision_id_minus_da_mw,regime_level,regime,renewable_total_forecast_revision_id_minus_da_mw,False
renewable_total_forecast_revision_id_minus_da_mw_regime_mean_shift_7d_vs_28d_z,,,,,,,,,,False,True,kept,81592,0.9883230776684917,81592,regime_mean_shift,regime,renewable_total_forecast_revision_id_minus_da_mw,False,too_correlated_with_kept_feature,residual_load_revision_id_minus_da_approx_mw_regime_mean_shift_7d_vs_28d_z,0.9999328428795431,0.0066310661687883875,regime_mean_shift,regime,renewable_total_forecast_revision_id_minus_da_mw,regime_mean_shift,regime,renewable_total_forecast_revision_id_minus_da_mw,False
renewable_total_forecast_revision_id_minus_da_mw_regime_vol_7d_over_28d,,,,,,,,,,False,True,kept,81592,0.9883230776684917,81592,regime_volatility,regime,renewable_total_forecast_revision_id_minus_da_mw,False,too_correlated_with_kept_feature,residual_load_revision_id_minus_da_approx_mw_regime_vol_7d_over_28d,0.9992390476140192,0.024807009625514156,regime_volatility,regime,renewable_total_forecast_revision_id_minus_da_mw,regime_volatility,regime,renewable_total_forecast_revision_id_minus_da_mw,False
renewable_total_forecast_revision_id_minus_da_mw_rolling_mean_14d_same_local_qh,,,,,,,,,,False,True,kept,82072,0.994137312854305,82028,forecast_revision,forecast_revision,renewable_total_forecast_revision_id_minus_da_mw,False,too_correlated_with_kept_feature,residual_load_revision_id_minus_da_approx_mw_rolling_mean_14d_same_local_qh,0.9999085403452056,0.14009634984617758,forecast_revision,forecast_revision,renewable_total_forecast_revision_id_minus_da_mw,forecast_revision,forecast_revision,renewable_total_forecast_revision_id_minus_da_mw,False
renewable_total_forecast_revision_id_minus_da_mw_rolling_mean_28d_same_local_qh,,,,,,,,,,False,True,kept,81592,0.9883230776684917,81565,forecast_revision,forecast_revision,renewable_total_forecast_revision_id_minus_da_mw,False,too_correlated_with_kept_feature,residual_load_revision_id_minus_da_approx_mw_rolling_mean_28d_same_local_qh,0.9997279446246014,0.15774017771657237,forecast_revision,forecast_revision,renewable_total_forecast_revision_id_minus_da_mw,forecast_revision,forecast_revision,renewable_total_forecast_revision_id_minus_da_mw,False
renewable_total_forecast_revision_id_minus_da_mw_rolling_mean_3d_same_local_qh,,,,,,,,,,False,True,kept,82360,0.997625853965793,82011,forecast_revision,forecast_revision,renewable_total_forecast_revision_id_minus_da_mw,False,too_correlated_with_kept_feature,residual_load_revision_id_minus_da_approx_mw_rolling_mean_3d_same_local_qh,0.9999745824465973,0.03369774623542164,forecast_revision,forecast_revision,renewable_total_forecast_revision_id_minus_da_mw,forecast_revision,forecast_revision,renewable_total_forecast_revision_id_minus_da_mw,False
renewable_total_forecast_revision_id_minus_da_mw_rolling_mean_7d_same_local_qh,,,,,,,,,,False,True,kept,82264,0.9964630069286302,82183,forecast_revision,forecast_revision,renewable_total_forecast_revision_id_minus_da_mw,False,too_correlated_with_kept_feature,residual_load_revision_id_minus_da_approx_mw_rolling_mean_7d_same_local_qh,0.9999689644979853,0.08770613246513634,forecast_revision,forecast_revision,renewable_total_forecast_revision_id_minus_da_mw,forecast_revision,forecast_revision,renewable_total_forecast_revision_id_minus_da_mw,False
renewable_total_forecast_revision_id_minus_da_mw_rolling_median_14d_same_local_qh,,,,,,,,,,False,True,kept,82072,0.994137312854305,40099,forecast_revision,forecast_revision,renewable_total_forecast_revision_id_minus_da_mw,False,too_correlated_with_kept_feature,residual_load_revision_id_minus_da_approx_mw_rolling_median_14d_same_local_qh,0.9999740581444735,0.11674745294859075,forecast_revision,forecast_revision,renewable_total_forecast_revision_id_minus_da_mw,forecast_revision,forecast_revision,renewable_total_forecast_revision_id_minus_da_mw,False
renewable_total_forecast_revision_id_minus_da_mw_rolling_median_28d_same_local_qh,,,,,,,,,,False,True,kept,81592,0.9883230776684917,29833,forecast_revision,forecast_revision,renewable_total_forecast_revision_id_minus_da_mw,False,too_correlated_with_kept_feature,residual_load_revision_id_minus_da_approx_mw_rolling_median_28d_same_local_qh,0.9999854654138337,0.14866811686467812,forecast_revision,forecast_revision,renewable_total_forecast_revision_id_minus_da_mw,forecast_revision,forecast_revision,renewable_total_forecast_revision_id_minus_da_mw,False
renewable_total_forecast_revision_id_minus_da_mw_rolling_median_3d_same_local_qh,,,,,,,,,,False,True,kept,82360,0.997625853965793,51137,forecast_revision,forecast_revision,renewable_total_forecast_revision_id_minus_da_mw,False,too_correlated_with_kept_feature,residual_load_revision_id_minus_da_approx_mw_rolling_median_3d_same_local_qh,0.9999925549511334,0.039504459050979136,forecast_revision,forecast_revision,renewable_total_forecast_revision_id_minus_da_mw,forecast_revision,forecast_revision,renewable_total_forecast_revision_id_minus_da_mw,False
renewable_total_forecast_revision_id_minus_da_mw_rolling_median_7d_same_local_qh,,,,,,,,,,False,True,kept,82264,0.9964630069286302,35744,forecast_revision,forecast_revision,renewable_total_forecast_revision_id_minus_da_mw,False,too_correlated_with_kept_feature,residual_load_revision_id_minus_da_approx_mw_rolling_median_7d_same_local_qh,0.999984522216091,0.07871920383854432,forecast_revision,forecast_revision,renewable_total_forecast_revision_id_minus_da_mw,forecast_revision,forecast_revision,renewable_total_forecast_revision_id_minus_da_mw,False
residual_load_forecast_id_approx_mw_lag_14d_same_local_qh,,,,,,,,,,False,True,kept,79279,0.960305731866854,79024,id_forecast,forecast_level,residual_load_forecast_id_approx_mw,False,too_correlated_with_kept_feature,residual_load_forecast_da_mw_lag_14d_same_local_qh,0.9953478199886019,0.33747569193847027,id_forecast,forecast_level,residual_load_forecast_id_approx_mw,id_forecast,forecast_level,residual_load_forecast_id_approx_mw,False
residual_load_forecast_id_approx_mw_lag_1d_same_local_qh,,,,,,,,,,False,True,kept,82443,0.9986312321333398,82163,id_forecast,forecast_level,residual_load_forecast_id_approx_mw,False,too_correlated_with_kept_feature,residual_load_forecast_da_mw_lag_1d_same_local_qh,0.9955427901167554,0.43185980455911005,id_forecast,forecast_level,residual_load_forecast_id_approx_mw,id_forecast,forecast_level,residual_load_forecast_id_approx_mw,False
residual_load_forecast_id_approx_mw_lag_2d_same_local_qh,,,,,,,,,,False,True,kept,82347,0.9974683850961772,82073,id_forecast,forecast_level,residual_load_forecast_id_approx_mw,False,too_correlated_with_kept_feature,residual_load_forecast_da_mw_lag_2d_same_local_qh,0.9953873264800326,0.30689274233336145,id_forecast,forecast_level,residual_load_forecast_id_approx_mw,id_forecast,forecast_level,residual_load_forecast_id_approx_mw,False
residual_load_forecast_id_approx_mw_lag_7d_same_local_qh,,,,,,,,,,False,True,kept,80907,0.9800256795387373,80644,id_forecast,forecast_level,residual_load_forecast_id_approx_mw,False,too_correlated_with_kept_feature,residual_load_forecast_da_mw_lag_7d_same_local_qh,0.99545591774638,0.3468126271605857,id_forecast,forecast_level,residual_load_forecast_id_approx_mw,id_forecast,forecast_level,residual_load_forecast_id_approx_mw,False
residual_load_revision_id_minus_da_approx_mw_lag_1d_same_local_qh,,,,,,,,,,False,True,kept,82443,0.9986312321333398,79314,forecast_revision,forecast_revision,residual_load_revision_id_minus_da_approx_mw,False,too_correlated_with_kept_feature,renewable_total_forecast_revision_id_minus_da_mw_lag_1d_same_local_qh,0.9999999999690276,5.138398482213738e-05,forecast_revision,forecast_revision,residual_load_revision_id_minus_da_approx_mw,forecast_revision,forecast_revision,residual_load_revision_id_minus_da_approx_mw,False
residual_load_revision_id_minus_da_approx_mw_regime_vol_28d,,,,,,,,,,False,True,kept,81592,0.9883230776684917,81592,regime_volatility,regime,residual_load_revision_id_minus_da_approx_mw,False,too_correlated_with_kept_feature,renewable_total_forecast_revision_id_minus_da_mw_regime_vol_28d,0.9984797592015574,0.10994835429847935,regime_volatility,regime,residual_load_revision_id_minus_da_approx_mw,regime_volatility,regime,residual_load_revision_id_minus_da_approx_mw,False
residual_load_revision_id_minus_da_approx_mw_rolling_std_14d_same_local_qh,,,,,,,,,,False,True,kept,82072,0.994137312854305,82072,forecast_revision,forecast_revision,residual_load_revision_id_minus_da_approx_mw,False,too_correlated_with_kept_feature,renewable_total_forecast_revision_id_minus_da_mw_rolling_std_14d_same_local_qh,0.9994956712926383,0.08469297090870018,forecast_revision,forecast_revision,residual_load_revision_id_minus_da_approx_mw,forecast_revision,forecast_revision,residual_load_revision_id_minus_da_approx_mw,False
residual_load_revision_id_minus_da_approx_mw_rolling_std_28d_same_local_qh,,,,,,,,,,False,True,kept,81592,0.9883230776684917,81592,forecast_revision,forecast_revision,residual_load_revision_id_minus_da_approx_mw,False,too_correlated_with_kept_feature,renewable_total_forecast_revision_id_minus_da_mw_rolling_std_28d_same_local_qh,0.9984797592015574,0.10994835429847935,forecast_revision,forecast_revision,residual_load_revision_id_minus_da_approx_mw,forecast_revision,forecast_revision,residual_load_revision_id_minus_da_approx_mw,False
residual_load_revision_id_minus_da_approx_mw_rolling_std_3d_same_local_qh,,,,,,,,,,False,True,kept,82360,0.997625853965793,82360,forecast_revision,forecast_revision,residual_load_revision_id_minus_da_approx_mw,False,too_correlated_with_kept_feature,renewable_total_forecast_revision_id_minus_da_mw_rolling_std_3d_same_local_qh,0.9998761379309705,0.046831781746020706,forecast_revision,forecast_revision,residual_load_revision_id_minus_da_approx_mw,forecast_revision,forecast_revision,residual_load_revision_id_minus_da_approx_mw,False
residual_load_revision_id_minus_da_approx_mw_rolling_std_7d_same_local_qh,,,,,,,,,,False,True,kept,82264,0.9964630069286302,82263,forecast_revision,forecast_revision,residual_load_revision_id_minus_da_approx_mw,False,too_correlated_with_kept_feature,renewable_total_forecast_revision_id_minus_da_mw_rolling_std_7d_same_local_qh,0.9997126915290149,0.08169432998419351,forecast_revision,forecast_revision,residual_load_revision_id_minus_da_approx_mw,forecast_revision,forecast_revision,residual_load_revision_id_minus_da_approx_mw,False
solar_da_forecast_error_mw_rolling_mean_14d_same_local_qh,,,,,,,,,,False,True,kept,45914,0.5561558215029798,45712,lagged_forecast_error,lagged_forecast_error,solar_da_forecast_error_mw,False,too_correlated_with_kept_feature,solar_da_forecast_error_mw_rolling_mean_7d_same_local_qh,0.950095147955031,0.03813532868587858,lagged_forecast_error,lagged_forecast_error,solar_da_forecast_error_mw,lagged_forecast_error,lagged_forecast_error,solar_da_forecast_error_mw,False
solar_da_forecast_error_mw_rolling_mean_28d_same_local_qh,,,,,,,,,,False,True,kept,45814,0.5549445225059354,45507,lagged_forecast_error,lagged_forecast_error,solar_da_forecast_error_mw,False,too_correlated_with_kept_feature,solar_id_forecast_error_mw_rolling_mean_28d_same_local_qh,0.9867836048902195,0.015430162920322378,lagged_forecast_error,lagged_forecast_error,solar_da_forecast_error_mw,lagged_forecast_error,lagged_forecast_error,solar_da_forecast_error_mw,False
solar_da_forecast_error_mw_rolling_mean_3d_same_local_qh,,,,,,,,,,False,True,kept,43051,0.5214763312175977,42783,lagged_forecast_error,lagged_forecast_error,solar_da_forecast_error_mw,False,too_correlated_with_kept_feature,solar_da_forecast_error_mw_rolling_mean_7d_same_local_qh,0.9368046888276454,0.04373064422965776,lagged_forecast_error,lagged_forecast_error,solar_da_forecast_error_mw,lagged_forecast_error,lagged_forecast_error,solar_da_forecast_error_mw,False
solar_da_forecast_error_mw_rolling_median_14d_same_local_qh,,,,,,,,,,False,True,kept,45914,0.5561558215029798,25760,lagged_forecast_error,lagged_forecast_error,solar_da_forecast_error_mw,False,too_correlated_with_kept_feature,solar_da_forecast_error_mw_rolling_mean_7d_same_local_qh,0.9400045419151464,0.033823613208560616,lagged_forecast_error,lagged_forecast_error,solar_da_forecast_error_mw,lagged_forecast_error,lagged_forecast_error,solar_da_forecast_error_mw,False
solar_da_forecast_error_mw_rolling_median_28d_same_local_qh,,,,,,,,,,False,True,kept,45814,0.5549445225059354,23072,lagged_forecast_error,lagged_forecast_error,solar_da_forecast_error_mw,False,too_correlated_with_kept_feature,solar_id_forecast_error_mw_rolling_mean_28d_same_local_qh,0.9705708902018874,0.013422963613061582,lagged_forecast_error,lagged_forecast_error,solar_da_forecast_error_mw,lagged_forecast_error,lagged_forecast_error,solar_da_forecast_error_mw,False
solar_da_forecast_error_mw_rolling_median_3d_same_local_qh,,,,,,,,,,False,True,kept,43051,0.5214763312175977,29279,lagged_forecast_error,lagged_forecast_error,solar_da_forecast_error_mw,False,too_correlated_with_kept_feature,solar_da_forecast_error_mw_lag_2d_same_local_qh,0.9304862593606579,0.038363783709812034,lagged_forecast_error,lagged_forecast_error,solar_da_forecast_error_mw,lagged_forecast_error,lagged_forecast_error,solar_da_forecast_error_mw,False
solar_da_forecast_error_mw_rolling_median_7d_same_local_qh,,,,,,,,,,False,True,kept,45537,0.5515892242841223,24825,lagged_forecast_error,lagged_forecast_error,solar_da_forecast_error_mw,False,too_correlated_with_kept_feature,solar_da_forecast_error_mw_rolling_mean_7d_same_local_qh,0.9778288339714251,0.04300099410066605,lagged_forecast_error,lagged_forecast_error,solar_da_forecast_error_mw,lagged_forecast_error,lagged_forecast_error,solar_da_forecast_error_mw,False
solar_da_forecast_error_mw_rolling_std_14d_same_local_qh,,,,,,,,,,False,True,kept,45914,0.5561558215029798,45784,lagged_forecast_error,lagged_forecast_error,solar_da_forecast_error_mw,False,too_correlated_with_kept_feature,solar_da_forecast_error_mw_rolling_std_7d_same_local_qh,0.930180223050316,0.3064975371845907,lagged_forecast_error,lagged_forecast_error,solar_da_forecast_error_mw,lagged_forecast_error,lagged_forecast_error,solar_da_forecast_error_mw,False
solar_da_forecast_error_mw_rolling_std_28d_same_local_qh,,,,,,,,,,False,True,kept,45814,0.5549445225059354,45537,lagged_forecast_error,lagged_forecast_error,solar_da_forecast_error_mw,False,too_correlated_with_kept_feature,solar_id_forecast_error_mw_rolling_std_14d_same_local_qh,0.9516002508061344,0.2720152272101633,lagged_forecast_error,lagged_forecast_error,solar_da_forecast_error_mw,lagged_forecast_error,lagged_forecast_error,solar_da_forecast_error_mw,False
solar_forecast_da_mw_lag_2d_same_local_qh,,,,,,,,,,False,True,kept,46813,0.5670453994864092,43593,da_forecast,forecast_level,solar_forecast_da_mw,False,too_correlated_with_kept_feature,solar_forecast_da_mw_lag_1d_same_local_qh,0.9655717809081183,0.4734097429988469,da_forecast,forecast_level,solar_forecast_da_mw,da_forecast,forecast_level,solar_forecast_da_mw,False
solar_forecast_id_mw_lag_14d_same_local_qh,,,,,,,,,,False,True,kept,45896,0.5559377876835118,42096,id_forecast,forecast_level,solar_forecast_id_mw,False,too_correlated_with_kept_feature,solar_forecast_da_mw_lag_14d_same_local_qh,0.9986610675403708,0.4305936812247617,id_forecast,forecast_level,solar_forecast_id_mw,id_forecast,forecast_level,solar_forecast_id_mw,False
solar_forecast_id_mw_lag_1d_same_local_qh,,,,,,,,,,False,True,kept,47626,0.5768932603323804,43659,id_forecast,forecast_level,solar_forecast_id_mw,False,too_correlated_with_kept_feature,solar_forecast_da_mw_lag_1d_same_local_qh,0.9986803722673215,0.47332431965857386,id_forecast,forecast_level,solar_forecast_id_mw,id_forecast,forecast_level,solar_forecast_id_mw,False
solar_forecast_id_mw_lag_2d_same_local_qh,,,,,,,,,,False,True,kept,47563,0.5761301419642425,43615,id_forecast,forecast_level,solar_forecast_id_mw,False,too_correlated_with_kept_feature,solar_forecast_da_mw_lag_1d_same_local_qh,0.9645004291646821,0.45969652170294134,id_forecast,forecast_level,solar_forecast_id_mw,id_forecast,forecast_level,solar_forecast_id_mw,False
solar_forecast_id_mw_lag_7d_same_local_qh,,,,,,,,,,False,True,kept,46810,0.5670090605164979,42920,id_forecast,forecast_level,solar_forecast_id_mw,False,too_correlated_with_kept_feature,solar_forecast_da_mw_lag_7d_same_local_qh,0.9987194718432395,0.43962042237512056,id_forecast,forecast_level,solar_forecast_id_mw,id_forecast,forecast_level,solar_forecast_id_mw,False
solar_id_forecast_error_mw_lag_14d_same_local_qh,,,,,,,,,,False,True,kept,42141,0.5104535103444935,41108,lagged_forecast_error,lagged_forecast_error,solar_id_forecast_error_mw,False,too_correlated_with_kept_feature,solar_da_forecast_error_mw_lag_14d_same_local_qh,0.9611739976317973,0.009875516582292802,lagged_forecast_error,lagged_forecast_error,solar_id_forecast_error_mw,lagged_forecast_error,lagged_forecast_error,solar_id_forecast_error_mw,False
solar_id_forecast_error_mw_lag_1d_same_local_qh,,,,,,,,,,False,True,kept,43891,0.531651242792771,42805,lagged_forecast_error,lagged_forecast_error,solar_id_forecast_error_mw,False,too_correlated_with_kept_feature,solar_da_forecast_error_mw_lag_1d_same_local_qh,0.9609607754084744,0.020668613739270175,lagged_forecast_error,lagged_forecast_error,solar_id_forecast_error_mw,lagged_forecast_error,lagged_forecast_error,solar_id_forecast_error_mw,False
solar_id_forecast_error_mw_lag_2d_same_local_qh,,,,,,,,,,False,True,kept,43261,0.524020059111391,42210,lagged_forecast_error,lagged_forecast_error,solar_id_forecast_error_mw,False,too_correlated_with_kept_feature,solar_da_forecast_error_mw_lag_2d_same_local_qh,0.9617081427920927,0.032043818290635045,lagged_forecast_error,lagged_forecast_error,solar_id_forecast_error_mw,lagged_forecast_error,lagged_forecast_error,solar_id_forecast_error_mw,False
solar_id_forecast_error_mw_lag_7d_same_local_qh,,,,,,,,,,False,True,kept,42862,0.5191869761131838,41791,lagged_forecast_error,lagged_forecast_error,solar_id_forecast_error_mw,False,too_correlated_with_kept_feature,solar_da_forecast_error_mw_lag_7d_same_local_qh,0.9611693944612135,0.026680687774566142,lagged_forecast_error,lagged_forecast_error,solar_id_forecast_error_mw,lagged_forecast_error,lagged_forecast_error,solar_id_forecast_error_mw,False
solar_id_forecast_error_mw_rolling_mean_14d_same_local_qh,,,,,,,,,,False,True,kept,46650,0.5650709821212268,46435,lagged_forecast_error,lagged_forecast_error,solar_id_forecast_error_mw,False,too_correlated_with_kept_feature,solar_id_forecast_error_mw_rolling_mean_28d_same_local_qh,0.9736645260549311,0.0031521048767903528,lagged_forecast_error,lagged_forecast_error,solar_id_forecast_error_mw,lagged_forecast_error,lagged_forecast_error,solar_id_forecast_error_mw,False
solar_id_forecast_error_mw_rolling_mean_3d_same_local_qh,,,,,,,,,,False,True,kept,43733,0.5297373903774407,43472,lagged_forecast_error,lagged_forecast_error,solar_id_forecast_error_mw,False,too_correlated_with_kept_feature,solar_id_forecast_error_mw_rolling_median_3d_same_local_qh,0.9803467469486332,0.01413795510502131,lagged_forecast_error,lagged_forecast_error,solar_id_forecast_error_mw,lagged_forecast_error,lagged_forecast_error,solar_id_forecast_error_mw,False
solar_id_forecast_error_mw_rolling_mean_7d_same_local_qh,,,,,,,,,,False,True,kept,46247,0.5601894471631378,45957,lagged_forecast_error,lagged_forecast_error,solar_id_forecast_error_mw,False,too_correlated_with_kept_feature,solar_da_forecast_error_mw_rolling_mean_7d_same_local_qh,0.973382518603858,0.010829684447876731,lagged_forecast_error,lagged_forecast_error,solar_id_forecast_error_mw,lagged_forecast_error,lagged_forecast_error,solar_id_forecast_error_mw,False
solar_id_forecast_error_mw_rolling_median_14d_same_local_qh,,,,,,,,,,False,True,kept,46650,0.5650709821212268,26105,lagged_forecast_error,lagged_forecast_error,solar_id_forecast_error_mw,False,too_correlated_with_kept_feature,solar_id_forecast_error_mw_rolling_mean_28d_same_local_qh,0.9561095245241261,0.004920956393237038,lagged_forecast_error,lagged_forecast_error,solar_id_forecast_error_mw,lagged_forecast_error,lagged_forecast_error,solar_id_forecast_error_mw,False
solar_id_forecast_error_mw_rolling_median_28d_same_local_qh,,,,,,,,,,False,True,kept,46528,0.5635931973448326,23299,lagged_forecast_error,lagged_forecast_error,solar_id_forecast_error_mw,False,too_correlated_with_kept_feature,solar_id_forecast_error_mw_rolling_mean_28d_same_local_qh,0.9847156087706729,0.014770235186511969,lagged_forecast_error,lagged_forecast_error,solar_id_forecast_error_mw,lagged_forecast_error,lagged_forecast_error,solar_id_forecast_error_mw,False
solar_id_forecast_error_mw_rolling_median_7d_same_local_qh,,,,,,,,,,False,True,kept,46247,0.5601894471631378,24940,lagged_forecast_error,lagged_forecast_error,solar_id_forecast_error_mw,False,too_correlated_with_kept_feature,solar_da_forecast_error_mw_rolling_mean_7d_same_local_qh,0.9590090497003965,0.01530878560193392,lagged_forecast_error,lagged_forecast_error,solar_id_forecast_error_mw,lagged_forecast_error,lagged_forecast_error,solar_id_forecast_error_mw,False
solar_id_forecast_error_mw_rolling_std_28d_same_local_qh,,,,,,,,,,False,True,kept,46528,0.5635931973448326,46224,lagged_forecast_error,lagged_forecast_error,solar_id_forecast_error_mw,False,too_correlated_with_kept_feature,solar_id_forecast_error_mw_rolling_std_14d_same_local_qh,0.9646436690143054,0.2662565943891608,lagged_forecast_error,lagged_forecast_error,solar_id_forecast_error_mw,lagged_forecast_error,lagged_forecast_error,solar_id_forecast_error_mw,False
solar_id_forecast_error_mw_rolling_std_3d_same_local_qh,,,,,,,,,,False,True,kept,43733,0.5297373903774407,43599,lagged_forecast_error,lagged_forecast_error,solar_id_forecast_error_mw,False,too_correlated_with_kept_feature,solar_da_forecast_error_mw_rolling_std_3d_same_local_qh,0.9339919313321705,0.27907896923331565,lagged_forecast_error,lagged_forecast_error,solar_id_forecast_error_mw,lagged_forecast_error,lagged_forecast_error,solar_id_forecast_error_mw,False
solar_id_forecast_error_mw_rolling_std_7d_same_local_qh,,,,,,,,,,False,True,kept,46247,0.5601894471631378,46147,lagged_forecast_error,lagged_forecast_error,solar_id_forecast_error_mw,False,too_correlated_with_kept_feature,solar_da_forecast_error_mw_rolling_std_7d_same_local_qh,0.9679895786261035,0.30291974044155684,lagged_forecast_error,lagged_forecast_error,solar_id_forecast_error_mw,lagged_forecast_error,lagged_forecast_error,solar_id_forecast_error_mw,False
wind_offshore_forecast_da_mw_lag_2d_same_local_qh,,,,,,,,,,False,True,kept,82333,0.9972988032365909,76981,da_forecast,forecast_level,wind_offshore_forecast_da_mw,False,too_correlated_with_kept_feature,wind_offshore_forecast_id_mw_lag_2d_same_local_qh,0.9807179968357054,0.0444446369741196,da_forecast,forecast_level,wind_offshore_forecast_da_mw,da_forecast,forecast_level,wind_offshore_forecast_da_mw,False
wind_offshore_forecast_da_mw_lag_7d_same_local_qh,,,,,,,,,,False,True,kept,80892,0.9798439846891807,75688,da_forecast,forecast_level,wind_offshore_forecast_da_mw,False,too_correlated_with_kept_feature,wind_offshore_forecast_id_mw_lag_7d_same_local_qh,0.9812113333477828,0.09734776147523024,da_forecast,forecast_level,wind_offshore_forecast_da_mw,da_forecast,forecast_level,wind_offshore_forecast_da_mw,False
wind_offshore_forecast_id_mw_lag_14d_same_local_qh,,,,,,,,,,False,True,kept,79262,0.9600998110373564,74228,id_forecast,forecast_level,wind_offshore_forecast_id_mw,False,too_correlated_with_kept_feature,wind_offshore_forecast_da_mw_lag_14d_same_local_qh,0.9806914462860604,0.07148600072244941,id_forecast,forecast_level,wind_offshore_forecast_id_mw,id_forecast,forecast_level,wind_offshore_forecast_id_mw,False
wind_offshore_forecast_id_mw_lag_1d_same_local_qh,,,,,,,,,,False,True,kept,82428,0.9984495372837832,77001,id_forecast,forecast_level,wind_offshore_forecast_id_mw,False,too_correlated_with_kept_feature,wind_offshore_forecast_da_mw_lag_1d_same_local_qh,0.9809164179987571,3.2833950113858326e-05,id_forecast,forecast_level,wind_offshore_forecast_id_mw,id_forecast,forecast_level,wind_offshore_forecast_id_mw,False
wind_onshore_forecast_da_mw_lag_14d_same_local_qh,,,,,,,,,,False,True,kept,79276,0.9602693928969427,78201,da_forecast,forecast_level,wind_onshore_forecast_da_mw,False,too_correlated_with_kept_feature,wind_total_forecast_id_mw_lag_14d_same_local_qh,0.9789841927029064,0.02941515077943895,da_forecast,forecast_level,wind_onshore_forecast_da_mw,da_forecast,forecast_level,wind_onshore_forecast_da_mw,False
wind_onshore_forecast_da_mw_lag_7d_same_local_qh,,,,,,,,,,False,True,kept,80903,0.9799772275788555,79764,da_forecast,forecast_level,wind_onshore_forecast_da_mw,False,too_correlated_with_kept_feature,wind_total_forecast_id_mw_lag_7d_same_local_qh,0.9790169876077065,0.0369851259769176,da_forecast,forecast_level,wind_onshore_forecast_da_mw,da_forecast,forecast_level,wind_onshore_forecast_da_mw,False
wind_onshore_forecast_id_mw_lag_14d_same_local_qh,,,,,,,,,,False,True,kept,79280,0.9603178448568245,78215,id_forecast,forecast_level,wind_onshore_forecast_id_mw,False,too_correlated_with_kept_feature,wind_total_forecast_id_mw_lag_14d_same_local_qh,0.985780029444295,0.0317588700491063,id_forecast,forecast_level,wind_onshore_forecast_id_mw,id_forecast,forecast_level,wind_onshore_forecast_id_mw,False
wind_onshore_forecast_id_mw_lag_1d_same_local_qh,,,,,,,,,,False,True,kept,82444,0.9986433451233102,81319,id_forecast,forecast_level,wind_onshore_forecast_id_mw,False,too_correlated_with_kept_feature,wind_onshore_forecast_da_mw_lag_1d_same_local_qh,0.9924257013122642,0.0858094133875175,id_forecast,forecast_level,wind_onshore_forecast_id_mw,id_forecast,forecast_level,wind_onshore_forecast_id_mw,False
wind_onshore_forecast_id_mw_lag_2d_same_local_qh,,,,,,,,,,False,True,kept,82348,0.9974804980861476,81221,id_forecast,forecast_level,wind_onshore_forecast_id_mw,False,too_correlated_with_kept_feature,wind_onshore_forecast_da_mw_lag_2d_same_local_qh,0.9924146399514789,0.01519135397296759,id_forecast,forecast_level,wind_onshore_forecast_id_mw,id_forecast,forecast_level,wind_onshore_forecast_id_mw,False
wind_onshore_forecast_id_mw_lag_7d_same_local_qh,,,,,,,,,,False,True,kept,80908,0.9800377925287078,79803,id_forecast,forecast_level,wind_onshore_forecast_id_mw,False,too_correlated_with_kept_feature,wind_total_forecast_id_mw_lag_7d_same_local_qh,0.9859618122343834,0.0401789925270883,id_forecast,forecast_level,wind_onshore_forecast_id_mw,id_forecast,forecast_level,wind_onshore_forecast_id_mw,False
wind_onshore_forecast_revision_id_minus_da_mw_lag_1d_same_local_qh,,,,,,,,,,False,True,kept,82439,0.998582780173458,79329,forecast_revision,forecast_revision,wind_onshore_forecast_revision_id_minus_da_mw,False,too_correlated_with_kept_feature,wind_total_forecast_revision_id_minus_da_mw_lag_1d_same_local_qh,0.9256789646038394,0.0011284808185880945,forecast_revision,forecast_revision,wind_onshore_forecast_revision_id_minus_da_mw,forecast_revision,forecast_revision,wind_onshore_forecast_revision_id_minus_da_mw,False
wind_onshore_id_forecast_error_mw_rolling_mean_28d_same_local_qh,,,,,,,,,,False,True,kept,79576,0.9639032898880759,79270,lagged_forecast_error,lagged_forecast_error,wind_onshore_id_forecast_error_mw,False,too_correlated_with_kept_feature,wind_onshore_da_forecast_error_mw_rolling_mean_28d_same_local_qh,0.9205764556430471,0.1575642480734157,lagged_forecast_error,lagged_forecast_error,wind_onshore_id_forecast_error_mw,lagged_forecast_error,lagged_forecast_error,wind_onshore_id_forecast_error_mw,False
wind_total_forecast_da_mw_lag_14d_same_local_qh,,,,,,,,,,False,True,kept,79280,0.9603178448568245,78681,da_forecast,forecast_level,wind_total_forecast_da_mw,False,too_correlated_with_kept_feature,wind_total_forecast_id_mw_lag_14d_same_local_qh,0.9931986392004064,0.04114154996362006,da_forecast,forecast_level,wind_total_forecast_da_mw,da_forecast,forecast_level,wind_total_forecast_da_mw,False
wind_total_forecast_da_mw_lag_1d_same_local_qh,,,,,,,,,,False,True,kept,82444,0.9986433451233102,81813,da_forecast,forecast_level,wind_total_forecast_da_mw,False,too_correlated_with_kept_feature,wind_onshore_forecast_da_mw_lag_1d_same_local_qh,0.9869915675635099,0.07091911586948327,da_forecast,forecast_level,wind_total_forecast_da_mw,da_forecast,forecast_level,wind_total_forecast_da_mw,False
wind_total_forecast_da_mw_lag_2d_same_local_qh,,,,,,,,,,False,True,kept,82348,0.9974804980861476,81711,da_forecast,forecast_level,wind_total_forecast_da_mw,False,too_correlated_with_kept_feature,wind_onshore_forecast_da_mw_lag_2d_same_local_qh,0.9873918456661388,0.004126793641134444,da_forecast,forecast_level,wind_total_forecast_da_mw,da_forecast,forecast_level,wind_total_forecast_da_mw,False
wind_total_forecast_da_mw_lag_7d_same_local_qh,,,,,,,,,,False,True,kept,80908,0.9800377925287078,80278,da_forecast,forecast_level,wind_total_forecast_da_mw,False,too_correlated_with_kept_feature,wind_total_forecast_id_mw_lag_7d_same_local_qh,0.9931791895520188,0.052336696586321195,da_forecast,forecast_level,wind_total_forecast_da_mw,da_forecast,forecast_level,wind_total_forecast_da_mw,False
wind_total_forecast_id_mw_lag_1d_same_local_qh,,,,,,,,,,False,True,kept,82444,0.9986433451233102,81801,id_forecast,forecast_level,wind_total_forecast_id_mw,False,too_correlated_with_kept_feature,wind_onshore_forecast_da_mw_lag_1d_same_local_qh,0.979522031288364,0.06996130055776585,id_forecast,forecast_level,wind_total_forecast_id_mw,id_forecast,forecast_level,wind_total_forecast_id_mw,False
wind_total_forecast_id_mw_lag_2d_same_local_qh,,,,,,,,,,False,True,kept,82348,0.9974804980861476,81706,id_forecast,forecast_level,wind_total_forecast_id_mw,False,too_correlated_with_kept_feature,wind_onshore_forecast_da_mw_lag_2d_same_local_qh,0.9800775512896184,0.001814602819392494,id_forecast,forecast_level,wind_total_forecast_id_mw,id_forecast,forecast_level,wind_total_forecast_id_mw,False
wind_total_forecast_revision_id_minus_da_mw_lag_14d_same_local_qh,,,,,,,,,,False,True,kept,79280,0.9603178448568245,77246,forecast_revision,forecast_revision,wind_total_forecast_revision_id_minus_da_mw,False,too_correlated_with_kept_feature,wind_onshore_forecast_revision_id_minus_da_mw_lag_14d_same_local_qh,0.9236877533520405,0.012895847554814478,forecast_revision,forecast_revision,wind_total_forecast_revision_id_minus_da_mw,forecast_revision,forecast_revision,wind_total_forecast_revision_id_minus_da_mw,False
wind_total_forecast_revision_id_minus_da_mw_lag_2d_same_local_qh,,,,,,,,,,False,True,kept,82348,0.9974804980861476,80230,forecast_revision,forecast_revision,wind_total_forecast_revision_id_minus_da_mw,False,too_correlated_with_kept_feature,wind_onshore_forecast_revision_id_minus_da_mw_lag_2d_same_local_qh,0.9255755015191619,0.005553313932123143,forecast_revision,forecast_revision,wind_total_forecast_revision_id_minus_da_mw,forecast_revision,forecast_revision,wind_total_forecast_revision_id_minus_da_mw,False
wind_total_forecast_revision_id_minus_da_mw_lag_7d_same_local_qh,,,,,,,,,,False,True,kept,80908,0.9800377925287078,78817,forecast_revision,forecast_revision,wind_total_forecast_revision_id_minus_da_mw,False,too_correlated_with_kept_feature,wind_onshore_forecast_revision_id_minus_da_mw_lag_7d_same_local_qh,0.9260227431699111,0.03396024148537813,forecast_revision,forecast_revision,wind_total_forecast_revision_id_minus_da_mw,forecast_revision,forecast_revision,wind_total_forecast_revision_id_minus_da_mw,False
