timestamp_utc,timestamp_local,date_local,hour_local,minute_local,quarter_hour_local,weekday_local,month_local,ida1_minus_da_spread_eur_mwh,da_price_eur_mwh,ida1_price_eur_mwh_rolling_mean_7d_same_local_qh,ida1_price_eur_mwh_lag_1d_same_local_qh,ida1_price_eur_mwh_rolling_median_3d_same_local_qh,da_price_eur_mwh_rolling_median_14d_same_local_qh,ida1_price_eur_mwh_rolling_median_28d_same_local_qh,load_forecast_da_mw_lag_7d_same_local_qh,residual_load_forecast_da_mw_lag_1d_same_local_qh,ida1_price_eur_mwh
2026-05-13 12:00:00+00:00,2026-05-13 14:00:00+02:00,2026-05-13,14,0,0,2,5,0.8299999999999983,66.8,38.69,24.0,12.37,8.155,0.56,60584.128585,5488.660980999994,67.63
2026-05-13 12:15:00+00:00,2026-05-13 14:15:00+02:00,2026-05-13,14,15,1,2,5,2.030000000000001,66.8,38.512,21.73,12.63,18.11,3.53,59892.945279,4952.229281,68.83
2026-05-13 12:30:00+00:00,2026-05-13 14:30:00+02:00,2026-05-13,14,30,2,2,5,7.980000000000004,66.8,40.989999999999995,24.25,15.01,8.155,4.29,60212.7567,5038.312615000003,74.78
2026-05-13 12:45:00+00:00,2026-05-13 14:45:00+02:00,2026-05-13,14,45,3,2,5,3.6500000000000057,66.8,42.32,28.1,18.630000000000003,8.155,4.88,59566.884315,4839.854799000001,70.45
2026-05-13 13:00:00+00:00,2026-05-13 15:00:00+02:00,2026-05-13,15,0,0,2,5,-8.36,79.32,42.514,32.23,15.709999999999999,16.515,-0.31,59774.725405,5388.483993999995,70.96
2026-05-13 13:15:00+00:00,2026-05-13 15:15:00+02:00,2026-05-13,15,15,1,2,5,-0.12999999999999545,79.32,46.821999999999996,39.18,21.265,16.515,3.35,58535.56601,5946.449673000003,79.19
2026-05-13 13:30:00+00:00,2026-05-13 15:30:00+02:00,2026-05-13,15,30,2,2,5,4.090000000000003,79.32,50.41200000000002,46.26,25.099999999999998,16.515,4.9,58808.945427,5544.562049000007,83.41
2026-05-13 13:45:00+00:00,2026-05-13 15:45:00+02:00,2026-05-13,15,45,3,2,5,8.960000000000008,79.32,52.55400000000001,53.37,28.875,16.515,8.98,58145.657686,6191.288755000001,88.28
2026-05-13 14:00:00+00:00,2026-05-13 16:00:00+02:00,2026-05-13,16,0,0,2,5,-12.690000000000012,91.01,53.041999999999994,55.0,32.5,43.105000000000004,10.0,58972.736629,7433.953886999996,78.32
2026-05-13 14:15:00+00:00,2026-05-13 16:15:00+02:00,2026-05-13,16,15,1,2,5,-1.0100000000000051,91.01,57.528,70.29,40.150000000000006,43.105000000000004,10.01,59075.3302,8023.10845,90.0
2026-05-13 14:30:00+00:00,2026-05-13 16:30:00+02:00,2026-05-13,16,30,2,2,5,6.5,91.01,67.82600000000002,85.54,47.785000000000004,43.105000000000004,31.44,59408.988501,9172.883127000001,97.51
2026-05-13 14:45:00+00:00,2026-05-13 16:45:00+02:00,2026-05-13,16,45,3,2,5,17.69999999999999,91.01,78.21400000000001,90.64,51.54,43.105000000000004,58.0,59263.898652,10584.144956999997,108.71
2026-05-13 15:00:00+00:00,2026-05-13 17:00:00+02:00,2026-05-13,17,0,0,2,5,-13.760000000000005,111.65,74.45200000000001,73.95,47.085,91.305,62.29,59246.279924,12184.485375000004,97.89
2026-05-13 15:15:00+00:00,2026-05-13 17:15:00+02:00,2026-05-13,17,15,1,2,5,-0.6600000000000108,111.65,93.96800000000005,91.1,77.115,86.14,85.01,60296.556872,14016.765486999997,110.99
2026-05-13 15:30:00+00:00,2026-05-13 17:30:00+02:00,2026-05-13,17,30,2,2,5,11.409999999999997,111.65,108.85800000000002,100.7,98.445,91.305,101.21,59627.163344,15890.073610999993,123.06
2026-05-13 15:45:00+00:00,2026-05-13 17:45:00+02:00,2026-05-13,17,45,3,2,5,20.409999999999997,111.65,123.898,113.7,113.855,99.325,114.01,59597.421018,18294.989965,132.06
2026-05-13 16:00:00+00:00,2026-05-13 18:00:00+02:00,2026-05-13,18,0,0,2,5,-18.89,133.28,107.36200000000001,101.55,97.975,119.10499999999999,101.55,59190.897533,21119.814159,114.39
2026-05-13 16:15:00+00:00,2026-05-13 18:15:00+02:00,2026-05-13,18,15,1,2,5,-4.349999999999994,133.28,120.194,113.55,110.46000000000001,115.6,113.55,59228.188471,23702.282808000004,128.93
2026-05-13 16:30:00+00:00,2026-05-13 18:30:00+02:00,2026-05-13,18,30,2,2,5,4.8300000000000125,133.28,128.568,124.1,119.785,119.875,125.2,59863.577708,26267.358291999997,138.11
2026-05-13 16:45:00+00:00,2026-05-13 18:45:00+02:00,2026-05-13,18,45,3,2,5,17.30000000000001,133.28,138.296,133.0,127.25999999999999,127.23,133.0,60279.609305,28605.344366999998,150.58
2026-05-13 17:00:00+00:00,2026-05-13 19:00:00+02:00,2026-05-13,19,0,0,2,5,-18.379999999999995,152.95,125.548,124.65,118.47,137.685,117.96,59740.588826,31025.586423,134.57
2026-05-13 17:15:00+00:00,2026-05-13 19:15:00+02:00,2026-05-13,19,15,1,2,5,-6.9599999999999795,152.95,133.646,132.06,127.17500000000001,139.29,129.18,59918.015819,33248.583062000005,145.99
2026-05-13 17:30:00+00:00,2026-05-13 19:30:00+02:00,2026-05-13,19,30,2,2,5,0.15000000000000568,152.95,140.97400000000002,140.97,133.495,142.97,140.97,59773.28715,35467.316397999995,153.1
2026-05-13 17:45:00+00:00,2026-05-13 19:45:00+02:00,2026-05-13,19,45,3,2,5,21.390000000000015,152.95,151.10199999999998,155.04,141.22,144.145,155.04,59314.495699,37065.387782,174.34
2026-05-13 18:00:00+00:00,2026-05-13 20:00:00+02:00,2026-05-13,20,0,0,2,5,-8.680000000000007,172.78,140.726,140.89,133.44,151.695,148.64,58320.584612,38141.436399,164.1
2026-05-13 18:15:00+00:00,2026-05-13 20:15:00+02:00,2026-05-13,20,15,1,2,5,-4.969999999999999,172.78,142.646,144.33,136.05,150.775,147.42,57907.963543,38581.09489,167.81
2026-05-13 18:30:00+00:00,2026-05-13 20:30:00+02:00,2026-05-13,20,30,2,2,5,1.4300000000000068,172.78,144.364,147.0,138.20999999999998,155.385,147.0,57867.650516,38582.570349999995,174.21
2026-05-13 18:45:00+00:00,2026-05-13 20:45:00+02:00,2026-05-13,20,45,3,2,5,1.0600000000000023,172.78,145.266,145.41,137.815,150.29500000000002,143.18,57443.665829,38573.967452,173.84
2026-05-13 19:00:00+00:00,2026-05-13 21:00:00+02:00,2026-05-13,21,0,0,2,5,22.360000000000014,157.63,148.494,151.8,141.72,141.615,150.43,56503.174281,38099.591655,179.99
2026-05-13 19:15:00+00:00,2026-05-13 21:15:00+02:00,2026-05-13,21,15,1,2,5,5.659999999999997,157.63,142.974,144.46,137.005,140.865,140.02,55779.190568,37298.245563000004,163.29
2026-05-13 19:30:00+00:00,2026-05-13 21:30:00+02:00,2026-05-13,21,30,2,2,5,-4.900000000000006,157.63,135.934,135.86,131.58,140.68,131.0,54827.214292,36518.317146,152.73
2026-05-13 19:45:00+00:00,2026-05-13 21:45:00+02:00,2026-05-13,21,45,3,2,5,-13.030000000000001,157.63,128.98,127.82,127.285,135.135,125.65,54019.133927,35557.452133,144.6
2026-05-13 20:00:00+00:00,2026-05-13 22:00:00+02:00,2026-05-13,22,0,0,2,5,11.77000000000001,140.42,139.82,135.75,131.715,131.455,135.55,53319.419942,34703.631666,152.19
2026-05-13 20:15:00+00:00,2026-05-13 22:15:00+02:00,2026-05-13,22,15,1,2,5,4.5800000000000125,140.42,133.598,130.32,128.5,129.3,129.29,52333.267702,33608.9338,145.0
2026-05-13 20:30:00+00:00,2026-05-13 22:30:00+02:00,2026-05-13,22,30,2,2,5,-4.039999999999992,140.42,130.094,128.91,126.34,130.29000000000002,123.96,51111.286734,32524.287209999995,136.38
2026-05-13 20:45:00+00:00,2026-05-13 22:45:00+02:00,2026-05-13,22,45,3,2,5,-9.149999999999977,140.42,123.08600000000001,123.54,122.37,124.605,118.49,50262.171823,31569.221241000003,131.27
2026-05-13 21:00:00+00:00,2026-05-13 23:00:00+02:00,2026-05-13,23,0,0,2,5,5.099999999999994,123.87,127.88199999999999,124.4,125.1,118.445,124.4,49085.74365,30405.630249,128.97
2026-05-13 21:15:00+00:00,2026-05-13 23:15:00+02:00,2026-05-13,23,15,1,2,5,2.3100000000000023,123.87,122.774,118.15,120.26,117.83,118.15,48319.769678,29646.243355,126.18
2026-05-13 21:30:00+00:00,2026-05-13 23:30:00+02:00,2026-05-13,23,30,2,2,5,-4.3700000000000045,123.87,120.178,115.74,117.58,117.8,115.74,47749.099242,28709.617681000003,119.5
2026-05-13 21:45:00+00:00,2026-05-13 23:45:00+02:00,2026-05-13,23,45,3,2,5,-3.480000000000004,123.87,114.05,106.0,110.475,115.905,108.8,47110.357741,27658.635702,120.39
2026-05-14 22:00:00+00:00,2026-05-15 00:00:00+02:00,2026-05-15,0,0,0,4,5,10.030000000000001,133.05,123.95,,112.27000000000001,124.115,120.61,47361.138758,30506.360595,143.08
2026-05-14 22:15:00+00:00,2026-05-15 00:15:00+02:00,2026-05-15,0,15,1,4,5,3.9499999999999886,133.05,116.72800000000002,,104.495,120.67,115.58,46753.569323,29470.759789000003,137.0
2026-05-14 22:30:00+00:00,2026-05-15 00:30:00+02:00,2026-05-15,0,30,2,4,5,3.2399999999999807,133.05,113.742,,98.745,118.815,111.49,46339.582745,28784.970437000004,136.29
2026-05-14 22:45:00+00:00,2026-05-15 00:45:00+02:00,2026-05-15,0,45,3,4,5,-1.4000000000000057,133.05,111.042,,94.91499999999999,118.46,105.0,45949.729575,28133.431984,131.65
2026-05-14 23:00:00+00:00,2026-05-15 01:00:00+02:00,2026-05-15,1,0,0,4,5,8.5,128.49,116.292,,101.39,116.17500000000001,108.62,45620.884642,27600.687345,136.99
2026-05-14 23:15:00+00:00,2026-05-15 01:15:00+02:00,2026-05-15,1,15,1,4,5,3.1699999999999875,128.49,112.91199999999999,,97.15,113.78,106.55,45159.437631,27096.949571,131.66
2026-05-14 23:30:00+00:00,2026-05-15 01:30:00+02:00,2026-05-15,1,30,2,4,5,3.8499999999999943,128.49,112.54199999999999,,98.245,113.83000000000001,106.35,44953.70816,26739.923859000002,132.34
2026-05-14 23:45:00+00:00,2026-05-15 01:45:00+02:00,2026-05-15,1,45,3,4,5,3.509999999999991,128.49,110.21999999999998,,93.72,113.83000000000001,105.06,44838.040115,26496.24482,132.0
2026-05-15 00:00:00+00:00,2026-05-15 02:00:00+02:00,2026-05-15,2,0,0,4,5,10.519999999999996,122.11,110.42,,93.65,110.36500000000001,107.23,44504.806321,26274.960998,132.63
2026-05-15 00:15:00+00:00,2026-05-15 02:15:00+02:00,2026-05-15,2,15,1,4,5,9.230000000000004,122.11,110.16400000000002,,94.49,110.02000000000001,103.9,44343.10161,26039.285795,131.34
2026-05-15 00:30:00+00:00,2026-05-15 02:30:00+02:00,2026-05-15,2,30,2,4,5,7.079999999999998,122.11,110.13400000000001,,95.00999999999999,110.39500000000001,104.5,44279.777394,25806.159029000002,129.19
2026-05-15 00:45:00+00:00,2026-05-15 02:45:00+02:00,2026-05-15,2,45,3,4,5,6.829999999999998,122.11,109.148,,94.61500000000001,110.36500000000001,104.32,44164.608095,25543.712632999996,128.94
2026-05-15 01:00:00+00:00,2026-05-15 03:00:00+02:00,2026-05-15,3,0,0,4,5,6.539999999999992,119.95,109.7,,94.75,109.295,105.3,44128.631308,25545.604934000003,126.49
2026-05-15 01:15:00+00:00,2026-05-15 03:15:00+02:00,2026-05-15,3,15,1,4,5,6.039999999999992,119.95,109.91999999999999,,95.455,109.295,104.94,44156.719037,25503.141778999998,125.99
2026-05-15 01:30:00+00:00,2026-05-15 03:30:00+02:00,2026-05-15,3,30,2,4,5,5.6499999999999915,119.95,110.33,,96.86,111.935,105.46,44403.818935,25433.004543999996,125.6
2026-05-15 01:45:00+00:00,2026-05-15 03:45:00+02:00,2026-05-15,3,45,3,4,5,5.239999999999995,119.95,109.878,,95.57,110.07,106.37,44701.906301,25381.568937999997,125.19
2026-05-15 02:00:00+00:00,2026-05-15 04:00:00+02:00,2026-05-15,4,0,0,4,5,4.170000000000002,122.09,109.822,,95.84,110.58,106.63,45285.571791,25461.573433999998,126.26
2026-05-15 02:15:00+00:00,2026-05-15 04:15:00+02:00,2026-05-15,4,15,1,4,5,2.989999999999995,122.09,111.27799999999999,,97.33,110.58,107.05,45543.089111,25550.187602,125.08
2026-05-15 02:30:00+00:00,2026-05-15 04:30:00+02:00,2026-05-15,4,30,2,4,5,5.450000000000003,122.09,113.17,,100.41,111.475,109.58,45947.615713,25636.969579999997,127.54
2026-05-15 02:45:00+00:00,2026-05-15 04:45:00+02:00,2026-05-15,4,45,3,4,5,7.829999999999984,122.09,115.388,,103.33500000000001,112.305,112.0,46518.676436,25673.396724000006,129.92
2026-05-15 03:00:00+00:00,2026-05-15 05:00:00+02:00,2026-05-15,5,0,0,4,5,-0.9299999999999926,127.27,111.418,,97.82,116.955,111.15,47477.629613,25915.415467,126.34
2026-05-15 03:15:00+00:00,2026-05-15 05:15:00+02:00,2026-05-15,5,15,1,4,5,-0.14000000000000057,127.27,114.2,,102.435,116.955,113.81,48375.674855,26027.682967,127.13
2026-05-15 03:30:00+00:00,2026-05-15 05:30:00+02:00,2026-05-15,5,30,2,4,5,3.980000000000004,127.27,117.96400000000001,,108.83,116.955,117.79,49461.359658,24630.574447,131.25
2026-05-15 03:45:00+00:00,2026-05-15 05:45:00+02:00,2026-05-15,5,45,3,4,5,7.11999999999999,127.27,120.84200000000001,,113.305,116.955,115.41,50465.946399,24908.789588,134.39
2026-05-15 04:00:00+00:00,2026-05-15 06:00:00+02:00,2026-05-15,6,0,0,4,5,-8.319999999999993,137.73,120.578,,114.705,127.12,115.0,52598.854084,25071.454097,129.41
2026-05-15 04:15:00+00:00,2026-05-15 06:15:00+02:00,2026-05-15,6,15,1,4,5,-1.9799999999999898,137.73,126.20599999999999,,123.975,130.455,124.9,53808.968844,23618.357766,135.75
2026-05-15 04:30:00+00:00,2026-05-15 06:30:00+02:00,2026-05-15,6,30,2,4,5,-0.28999999999999204,137.73,126.34400000000001,,127.055,130.455,128.74,55253.65049,23285.098453,137.44
2026-05-15 04:45:00+00:00,2026-05-15 06:45:00+02:00,2026-05-15,6,45,3,4,5,-1.009999999999991,137.73,125.752,,129.56,130.455,131.01,56648.124688,22614.678673,136.72
2026-05-15 05:00:00+00:00,2026-05-15 07:00:00+02:00,2026-05-15,7,0,0,4,5,5.489999999999981,134.86,132.148,,133.6,132.57999999999998,139.98,58252.329548,22260.303513000003,140.35
2026-05-15 05:15:00+00:00,2026-05-15 07:15:00+02:00,2026-05-15,7,15,1,4,5,1.4199999999999875,134.86,128.962,,133.91,131.485,131.48,59325.861569,21620.367868,136.28
2026-05-15 05:30:00+00:00,2026-05-15 07:30:00+02:00,2026-05-15,7,30,2,4,5,-3.740000000000009,134.86,124.68399999999997,,132.175,131.485,121.86,60162.650581,21163.527966,131.12
2026-05-15 05:45:00+00:00,2026-05-15 07:45:00+02:00,2026-05-15,7,45,3,4,5,-18.49000000000001,134.86,113.588,,122.755,131.485,113.23,60912.254857,20322.777390999996,116.37
2026-05-15 06:00:00+00:00,2026-05-15 08:00:00+02:00,2026-05-15,8,0,0,4,5,13.190000000000012,121.05,131.02399999999997,,129.875,120.16,126.95,61648.943893,19893.200336,134.24
2026-05-15 06:15:00+00:00,2026-05-15 08:15:00+02:00,2026-05-15,8,15,1,4,5,4.689999999999998,121.05,118.854,,120.025,120.16,115.7,62200.383613,19164.600994000004,125.74
2026-05-15 06:30:00+00:00,2026-05-15 08:30:00+02:00,2026-05-15,8,30,2,4,5,-5.950000000000003,121.05,104.55800000000004,,109.66499999999999,120.16,109.12,62698.512709,18363.552149999996,115.1
2026-05-15 06:45:00+00:00,2026-05-15 08:45:00+02:00,2026-05-15,8,45,3,4,5,-14.549999999999997,121.05,82.5,,95.465,120.16,92.71,63276.042065,17302.641636,106.5
2026-05-15 07:00:00+00:00,2026-05-15 09:00:00+02:00,2026-05-15,9,0,0,4,5,20.519999999999996,103.34,96.39,,97.745,101.75,111.49,62540.500152,16103.854196999997,123.86
2026-05-15 07:15:00+00:00,2026-05-15 09:15:00+02:00,2026-05-15,9,15,1,4,5,13.039999999999992,103.34,84.082,,96.04,98.825,93.79,62990.367029,16002.487184999998,116.38
2026-05-15 07:30:00+00:00,2026-05-15 09:30:00+02:00,2026-05-15,9,30,2,4,5,-2.510000000000005,103.34,70.894,,94.60499999999999,96.92,74.2,63295.634636,14513.464478000002,100.83
2026-05-15 07:45:00+00:00,2026-05-15 09:45:00+02:00,2026-05-15,9,45,3,4,5,-9.490000000000009,103.34,56.988,,81.8,96.92,51.71,63500.980926,13867.162326999998,93.85
2026-05-15 08:00:00+00:00,2026-05-15 10:00:00+02:00,2026-05-15,10,0,0,4,5,10.689999999999998,80.68,63.516,,89.69,84.86,75.4,63294.755242,13000.973057000003,91.37
2026-05-15 08:15:00+00:00,2026-05-15 10:15:00+02:00,2026-05-15,10,15,1,4,5,2.4099999999999966,80.68,56.364,,82.79499999999999,79.9,34.09,63157.107406,12263.788499000002,83.09
2026-05-15 08:30:00+00:00,2026-05-15 10:30:00+02:00,2026-05-15,10,30,2,4,5,-2.8400000000000034,80.68,49.011999999999986,,71.715,79.9,18.91,63248.925487,11693.406459999998,77.84
2026-05-15 08:45:00+00:00,2026-05-15 10:45:00+02:00,2026-05-15,10,45,3,4,5,-13.950000000000003,80.68,46.55200000000001,,66.95,79.9,16.11,63096.651155,11287.758041000001,66.73
2026-05-15 09:00:00+00:00,2026-05-15 11:00:00+02:00,2026-05-15,11,0,0,4,5,11.349999999999994,64.65,49.56400000000001,,77.245,59.315,14.0,62907.275706,10227.528845,76.0
2026-05-15 09:15:00+00:00,2026-05-15 11:15:00+02:00,2026-05-15,11,15,1,4,5,2.239999999999995,64.65,46.648,,68.625,59.315,3.23,62453.484266,9888.578245999997,66.89
2026-05-15 09:30:00+00:00,2026-05-15 11:30:00+02:00,2026-05-15,11,30,2,4,5,-12.660000000000004,64.65,45.40600000000001,,68.27,59.315,0.61,62498.164605,9367.133366999995,51.99
2026-05-15 09:45:00+00:00,2026-05-15 11:45:00+02:00,2026-05-15,11,45,3,4,5,-21.35000000000001,64.65,43.422000000000004,,66.94,59.315,0.02,62416.432154,8470.790652999996,43.3
2026-05-15 10:00:00+00:00,2026-05-15 12:00:00+02:00,2026-05-15,12,0,0,4,5,7.210000000000001,53.53,42.931999999999995,,63.34,43.769999999999996,2.09,61897.272259,7976.168586,60.74
2026-05-15 10:15:00+00:00,2026-05-15 12:15:00+02:00,2026-05-15,12,15,1,4,5,-0.5700000000000003,53.53,39.95600000000001,,59.785,43.769999999999996,0.71,61714.440889,7082.411930999995,52.96
2026-05-15 10:30:00+00:00,2026-05-15 12:30:00+02:00,2026-05-15,12,30,2,4,5,-11.020000000000003,53.53,37.886,,57.269999999999996,43.769999999999996,0.96,61464.697404,6450.705125,42.51
2026-05-15 10:45:00+00:00,2026-05-15 12:45:00+02:00,2026-05-15,12,45,3,4,5,-18.300000000000004,53.53,36.625999999999976,,56.30500000000001,43.769999999999996,0.37,61142.232932,5977.171591999999,35.23
2026-05-15 11:00:00+00:00,2026-05-15 13:00:00+02:00,2026-05-15,13,0,0,4,5,2.25,42.78,36.696000000000005,,49.415,34.5,0.19,60622.132366,5280.660148999996,45.03
2026-05-15 11:15:00+00:00,2026-05-15 13:15:00+02:00,2026-05-15,13,15,1,4,5,-7.079999999999998,42.78,35.57000000000002,,48.165,34.5,0.0,60102.754687,5096.379375999997,35.7
2026-05-15 11:30:00+00:00,2026-05-15 13:30:00+02:00,2026-05-15,13,30,2,4,5,-9.840000000000003,42.78,34.77199999999999,,49.55,34.5,-0.49,59475.531382,4709.382297999997,32.94
2026-05-15 11:45:00+00:00,2026-05-15 13:45:00+02:00,2026-05-15,13,45,3,4,5,-15.25,42.78,31.688,,48.5,44.84,-0.06,58754.802519,4243.291519999999,27.53
2026-05-15 12:00:00+00:00,2026-05-15 14:00:00+02:00,2026-05-15,14,0,0,4,5,-12.95,43.11,32.916,,45.815,34.515,0.56,58432.590902,4146.819519000004,30.16
2026-05-15 12:15:00+00:00,2026-05-15 14:15:00+02:00,2026-05-15,14,15,1,4,5,-12.0,43.11,33.480000000000004,,45.28,50.92,3.53,57994.277155,3975.762469000001,31.11
2026-05-15 12:30:00+00:00,2026-05-15 14:30:00+02:00,2026-05-15,14,30,2,4,5,-5.609999999999999,43.11,37.02599999999999,,49.515,34.515,4.29,57929.247559,4091.378267,37.5
2026-05-15 12:45:00+00:00,2026-05-15 14:45:00+02:00,2026-05-15,14,45,3,4,5,-1.0600000000000023,43.11,36.576,,49.275000000000006,34.515,4.88,57586.45634,4201.133967000002,42.05
2026-05-15 13:00:00+00:00,2026-05-15 15:00:00+02:00,2026-05-15,15,0,0,4,5,-27.95,53.75,36.55,,51.595,52.81,-0.31,57468.571536,5206.830850999999,25.8
2026-05-15 13:15:00+00:00,2026-05-15 15:15:00+02:00,2026-05-15,15,15,1,4,5,-13.420000000000002,53.75,42.32,,59.185,52.81,3.35,57244.425653,5851.412498000005,40.33
2026-05-15 13:30:00+00:00,2026-05-15 15:30:00+02:00,2026-05-15,15,30,2,4,5,-1.2299999999999969,53.75,46.08600000000001,,64.835,52.81,4.9,57170.861695,6374.326604999995,52.52
2026-05-15 13:45:00+00:00,2026-05-15 15:45:00+02:00,2026-05-15,15,45,3,4,5,13.36,53.75,48.80800000000001,,70.825,56.935,8.98,56916.98427,7382.965628999998,67.11
2026-05-15 14:00:00+00:00,2026-05-15 16:00:00+02:00,2026-05-15,16,0,0,4,5,-38.49,81.59,48.068,,66.66,69.96000000000001,10.0,56998.962007,9594.592370999999,43.1
2026-05-15 14:15:00+00:00,2026-05-15 16:15:00+02:00,2026-05-15,16,15,1,4,5,-17.830000000000005,81.59,54.528,,80.14500000000001,65.785,10.01,56900.730824,10810.792586000003,63.76
2026-05-15 14:30:00+00:00,2026-05-15 16:30:00+02:00,2026-05-15,16,30,2,4,5,8.879999999999995,81.59,64.69000000000003,,91.525,86.43,31.44,56632.896345,12541.435580000005,90.47
2026-05-15 14:45:00+00:00,2026-05-15 16:45:00+02:00,2026-05-15,16,45,3,4,5,15.289999999999992,81.59,75.45400000000001,,99.675,92.975,58.0,56381.992742,14466.139038000001,96.88
2026-05-15 15:00:00+00:00,2026-05-15 17:00:00+02:00,2026-05-15,17,0,0,4,5,-18.409999999999997,107.53,71.76000000000002,,85.92,97.30000000000001,62.29,57387.503043,17412.513787999997,89.12
2026-05-15 15:15:00+00:00,2026-05-15 17:15:00+02:00,2026-05-15,17,15,1,4,5,-13.090000000000003,107.53,92.20600000000005,,101.04499999999999,91.73,85.01,57833.913988,19179.881323,94.44
2026-05-15 15:30:00+00:00,2026-05-15 17:30:00+02:00,2026-05-15,17,30,2,4,5,1.7000000000000028,107.53,107.694,,111.88,102.61,101.21,57872.192163,21457.002129999997,109.23
2026-05-15 15:45:00+00:00,2026-05-15 17:45:00+02:00,2026-05-15,17,45,3,4,5,15.760000000000005,107.53,122.50999999999999,,122.88,109.84,114.01,58075.66778,23918.54411,123.29
2026-05-15 16:00:00+00:00,2026-05-15 18:00:00+02:00,2026-05-15,18,0,0,4,5,-14.64,126.02,105.624,,107.97,121.28999999999999,101.55,58294.714198,26990.898858999994,111.38
2026-05-15 16:15:00+00:00,2026-05-15 18:15:00+02:00,2026-05-15,18,15,1,4,5,-8.879999999999995,126.02,119.69200000000001,,121.24000000000001,119.875,113.55,58335.932455,29495.903325000003,117.14
2026-05-15 16:30:00+00:00,2026-05-15 18:30:00+02:00,2026-05-15,18,30,2,4,5,1.8800000000000097,126.02,127.652,,131.10500000000002,127.405,125.2,58291.576187,31952.907323000003,127.9
2026-05-15 16:45:00+00:00,2026-05-15 18:45:00+02:00,2026-05-15,18,45,3,4,5,5.290000000000006,126.02,137.422,,141.79000000000002,136.69,133.0,58315.032775,34176.150142,131.31
2026-05-15 17:00:00+00:00,2026-05-15 19:00:00+02:00,2026-05-15,19,0,0,4,5,-11.039999999999992,140.34,124.436,,129.61,139.29,117.96,57950.194012,36304.56997899999,129.3
2026-05-15 17:15:00+00:00,2026-05-15 19:15:00+02:00,2026-05-15,19,15,1,4,5,-4.800000000000011,140.34,133.468,,139.025,142.825,129.18,57803.981707,38204.85454,135.54
2026-05-15 17:30:00+00:00,2026-05-15 19:30:00+02:00,2026-05-15,19,30,2,4,5,0.2599999999999909,140.34,140.522,,147.035,149.625,140.97,57434.12054,40023.679028,140.6
2026-05-15 17:45:00+00:00,2026-05-15 19:45:00+02:00,2026-05-15,19,45,3,4,5,9.549999999999983,140.34,152.72199999999998,,164.69,149.755,155.04,57284.493477,40962.245071,149.89
2026-05-15 18:00:00+00:00,2026-05-15 20:00:00+02:00,2026-05-15,20,0,0,4,5,-9.039999999999992,152.44,143.818,,152.495,151.695,148.64,56585.159822,41957.993848000006,143.4
2026-05-15 18:15:00+00:00,2026-05-15 20:15:00+02:00,2026-05-15,20,15,1,4,5,-4.319999999999993,152.44,145.86999999999998,,156.07,150.775,147.42,56049.746854,42867.844609,148.12
2026-05-15 18:30:00+00:00,2026-05-15 20:30:00+02:00,2026-05-15,20,30,2,4,5,-3.1699999999999875,152.44,148.64600000000002,,160.60500000000002,161.67000000000002,147.0,55653.046117,43184.10431,149.27
2026-05-15 18:45:00+00:00,2026-05-15 20:45:00+02:00,2026-05-15,20,45,3,4,5,0.5699999999999932,152.44,147.5,,159.625,155.17000000000002,143.18,55101.818194,43420.008549,153.01
2026-05-15 19:00:00+00:00,2026-05-15 21:00:00+02:00,2026-05-15,21,0,0,4,5,6.550000000000011,153.22,152.238,,165.895,155.66,150.43,54452.652306,43724.557047,159.77
2026-05-15 19:15:00+00:00,2026-05-15 21:15:00+02:00,2026-05-15,21,15,1,4,5,-1.3799999999999955,153.22,144.23,,153.875,144.87,140.02,53780.801373,43507.478572,151.84
2026-05-15 19:30:00+00:00,2026-05-15 21:30:00+02:00,2026-05-15,21,30,2,4,5,-8.77000000000001,153.22,136.478,,144.29500000000002,141.615,131.0,53064.365417,43210.32941,144.45
2026-05-15 19:45:00+00:00,2026-05-15 21:45:00+02:00,2026-05-15,21,45,3,4,5,-14.870000000000005,153.22,130.47,,136.20999999999998,139.35500000000002,125.65,52327.794269,43142.186831,138.35
2026-05-15 20:00:00+00:00,2026-05-15 22:00:00+02:00,2026-05-15,22,0,0,4,5,10.120000000000005,142.64,139.858,,143.97,136.83999999999997,135.55,51549.374007,42671.239828000005,152.76
2026-05-15 20:15:00+00:00,2026-05-15 22:15:00+02:00,2026-05-15,22,15,1,4,5,3.890000000000015,142.64,133.796,,137.66,131.97500000000002,129.29,50799.889561,42237.973438,146.53
2026-05-15 20:30:00+00:00,2026-05-15 22:30:00+02:00,2026-05-15,22,30,2,4,5,-0.9199999999999875,142.64,129.764,,132.64499999999998,132.81,123.96,50044.42815,41613.227773,141.72
2026-05-15 20:45:00+00:00,2026-05-15 22:45:00+02:00,2026-05-15,22,45,3,4,5,-7.579999999999984,142.64,124.15800000000002,,127.405,131.455,118.49,49278.182043,41137.875298,135.06
2026-05-15 21:00:00+00:00,2026-05-15 23:00:00+02:00,2026-05-15,23,0,0,4,5,8.650000000000006,133.56,126.05,,126.685,124.355,124.4,48207.646137,40542.05333,142.21
2026-05-15 21:15:00+00:00,2026-05-15 23:15:00+02:00,2026-05-15,23,15,1,4,5,0.6899999999999977,133.56,122.21,,122.165,121.255,118.15,47409.220052,39961.2227,134.25
2026-05-15 21:30:00+00:00,2026-05-15 23:30:00+02:00,2026-05-15,23,30,2,4,5,-2.319999999999993,133.56,118.41,,117.62,118.685,115.74,46664.6629,39312.533263000005,131.24
2026-05-15 21:45:00+00:00,2026-05-15 23:45:00+02:00,2026-05-15,23,45,3,4,5,-5.719999999999999,133.56,112.55,,113.195,118.445,108.8,45736.610522,38638.546666,127.84
2026-05-29 22:00:00+00:00,2026-05-30 00:00:00+02:00,2026-05-30,0,0,0,5,5,-1.7800000000000011,145.0,,,,144.985,,43487.316698,42487.078531,143.22
2026-05-29 22:15:00+00:00,2026-05-30 00:15:00+02:00,2026-05-30,0,15,1,5,5,-1.4000000000000057,136.85,,,,135.01,,42973.945319,41772.817091,135.45
2026-05-29 22:30:00+00:00,2026-05-30 00:30:00+02:00,2026-05-30,0,30,2,5,5,-2.420000000000016,132.43,,,,132.64499999999998,,42409.110646,41179.137769,130.01
2026-05-29 22:45:00+00:00,2026-05-30 00:45:00+02:00,2026-05-30,0,45,3,5,5,-4.760000000000005,127.78,,,,128.54500000000002,,41874.728338,40569.958486,123.02
2026-05-29 23:00:00+00:00,2026-05-30 01:00:00+02:00,2026-05-30,1,0,0,5,5,-2.5,135.0,,,,132.31,,41314.146612,40059.165863,132.5
2026-05-29 23:15:00+00:00,2026-05-30 01:15:00+02:00,2026-05-30,1,15,1,5,5,-1.279999999999987,129.2,,,,128.175,,40803.582034,39491.349651,127.92
2026-05-29 23:30:00+00:00,2026-05-30 01:30:00+02:00,2026-05-30,1,30,2,5,5,-0.1600000000000108,126.54,,,,127.365,,40373.087601,39017.833159,126.38
2026-05-29 23:45:00+00:00,2026-05-30 01:45:00+02:00,2026-05-30,1,45,3,5,5,0.5300000000000011,124.67,,,,123.285,,40085.968917,38507.298268000006,125.2
2026-05-30 00:00:00+00:00,2026-05-30 02:00:00+02:00,2026-05-30,2,0,0,5,5,0.8599999999999994,125.01,,,,124.48500000000001,,39853.627402,38046.55667599999,125.87
2026-05-30 00:15:00+00:00,2026-05-30 02:15:00+02:00,2026-05-30,2,15,1,5,5,-0.060000000000002274,123.65,,,,123.55,,39654.920312,37545.538922,123.59
2026-05-30 00:30:00+00:00,2026-05-30 02:30:00+02:00,2026-05-30,2,30,2,5,5,-4.579999999999998,127.98,,,,124.89500000000001,,39406.530035,37423.322723000005,123.4
2026-05-30 00:45:00+00:00,2026-05-30 02:45:00+02:00,2026-05-30,2,45,3,5,5,-6.8799999999999955,126.77,,,,122.235,,39314.886736,37117.520715,119.89
2026-05-30 01:00:00+00:00,2026-05-30 03:00:00+02:00,2026-05-30,3,0,0,5,5,-3.8799999999999955,125.8,,,,122.00999999999999,,39314.718655,36953.99961,121.92
2026-05-30 01:15:00+00:00,2026-05-30 03:15:00+02:00,2026-05-30,3,15,1,5,5,-4.489999999999995,123.6,,,,124.52,,39231.946929,36805.668888,119.11
2026-05-30 01:30:00+00:00,2026-05-30 03:30:00+02:00,2026-05-30,3,30,2,5,5,-3.9399999999999977,123.82,,,,125.735,,39277.996603,36538.294691,119.88
2026-05-30 01:45:00+00:00,2026-05-30 03:45:00+02:00,2026-05-30,3,45,3,5,5,-2.1599999999999966,122.0,,,,120.135,,39206.184012,36264.678388,119.84
2026-05-30 02:00:00+00:00,2026-05-30 04:00:00+02:00,2026-05-30,4,0,0,5,5,-0.36999999999999034,122.77,,,,124.3,,39195.673079,36145.622138,122.4
2026-05-30 02:15:00+00:00,2026-05-30 04:15:00+02:00,2026-05-30,4,15,1,5,5,0.9699999999999989,123.34,,,,122.905,,39307.909974,36199.595369,124.31
2026-05-30 02:30:00+00:00,2026-05-30 04:30:00+02:00,2026-05-30,4,30,2,5,5,1.6599999999999966,124.7,,,,123.82,,39418.092232,36380.125092999995,126.36
2026-05-30 02:45:00+00:00,2026-05-30 04:45:00+02:00,2026-05-30,4,45,3,5,5,-1.0799999999999983,128.07,,,,125.535,,39445.872366,36208.966882999994,126.99
2026-05-30 03:00:00+00:00,2026-05-30 05:00:00+02:00,2026-05-30,5,0,0,5,5,-1.3599999999999994,128.62,,,,123.685,,39760.177883,36783.598194,127.26
2026-05-30 03:15:00+00:00,2026-05-30 05:15:00+02:00,2026-05-30,5,15,1,5,5,0.030000000000001137,125.87,,,,124.71000000000001,,39410.536342,36233.892631,125.9
2026-05-30 03:30:00+00:00,2026-05-30 05:30:00+02:00,2026-05-30,5,30,2,5,5,1.5999999999999943,124.0,,,,130.495,,39609.531919,36250.45024599999,125.6
2026-05-30 03:45:00+00:00,2026-05-30 05:45:00+02:00,2026-05-30,5,45,3,5,5,4.689999999999998,120.55,,,,132.575,,40108.425345,37696.493118,125.24
2026-05-30 04:00:00+00:00,2026-05-30 06:00:00+02:00,2026-05-30,6,0,0,5,5,1.1599999999999966,123.2,,,,133.57,,41688.658143,38334.082698,124.36
2026-05-30 04:15:00+00:00,2026-05-30 06:15:00+02:00,2026-05-30,6,15,1,5,5,-1.7600000000000051,121.7,,,,137.57,,40897.96907,37051.136363,119.94
2026-05-30 04:30:00+00:00,2026-05-30 06:30:00+02:00,2026-05-30,6,30,2,5,5,-1.8799999999999955,116.6,,,,144.57999999999998,,41422.309447,37063.019863,114.72
2026-05-30 04:45:00+00:00,2026-05-30 06:45:00+02:00,2026-05-30,6,45,3,5,5,-1.1400000000000006,112.47,,,,132.79,,42113.185773,36185.060227999995,111.33
2026-05-30 05:00:00+00:00,2026-05-30 07:00:00+02:00,2026-05-30,7,0,0,5,5,-3.299999999999997,120.53,,,,145.0,,42753.310837,34803.235801,117.23
2026-05-30 05:15:00+00:00,2026-05-30 07:15:00+02:00,2026-05-30,7,15,1,5,5,1.9000000000000057,110.13,,,,133.62,,43469.588348,33568.312524999994,112.03
2026-05-30 05:30:00+00:00,2026-05-30 07:30:00+02:00,2026-05-30,7,30,2,5,5,-1.0799999999999983,108.48,,,,129.35,,44342.256642,31699.945279,107.4
2026-05-30 05:45:00+00:00,2026-05-30 07:45:00+02:00,2026-05-30,7,45,3,5,5,0.8400000000000034,98.38,,,,113.46000000000001,,45399.94663,29339.759346,99.22
2026-05-30 06:00:00+00:00,2026-05-30 08:00:00+02:00,2026-05-30,8,0,0,5,5,2.1500000000000057,110.0,,,,139.11,,45942.474037,26630.642956,112.15
2026-05-30 06:15:00+00:00,2026-05-30 08:15:00+02:00,2026-05-30,8,15,1,5,5,9.180000000000007,92.49,,,,123.65,,46955.919842,25174.850741,101.67
2026-05-30 06:30:00+00:00,2026-05-30 08:30:00+02:00,2026-05-30,8,30,2,5,5,15.429999999999993,72.29,,,,107.08500000000001,,47814.239929,22789.891149000003,87.72
2026-05-30 06:45:00+00:00,2026-05-30 08:45:00+02:00,2026-05-30,8,45,3,5,5,4.959999999999994,56.27,,,,90.6,,48894.066988,20741.417999999998,61.23
2026-05-30 07:00:00+00:00,2026-05-30 09:00:00+02:00,2026-05-30,9,0,0,5,5,-1.0100000000000051,75.59,,,,112.47,,49354.718852,18232.739285000003,74.58
2026-05-30 07:15:00+00:00,2026-05-30 09:15:00+02:00,2026-05-30,9,15,1,5,5,-10.14,53.4,,,,87.66,,49908.36146,15888.842716999992,43.26
2026-05-30 07:30:00+00:00,2026-05-30 09:30:00+02:00,2026-05-30,9,30,2,5,5,6.989999999999998,16.59,,,,65.05,,50589.022155,13451.941961000004,23.58
2026-05-30 07:45:00+00:00,2026-05-30 09:45:00+02:00,2026-05-30,9,45,3,5,5,-1.7100000000000009,15.4,,,,30.805,,51231.800204,11807.709330000005,13.69
2026-05-30 08:00:00+00:00,2026-05-30 10:00:00+02:00,2026-05-30,10,0,0,5,5,3.1999999999999993,19.8,,,,41.445,,51103.405391,9677.560499,23.0
2026-05-30 08:15:00+00:00,2026-05-30 10:15:00+02:00,2026-05-30,10,15,1,5,5,11.86,1.75,,,,15.65,,51300.440852,8048.042712000002,13.61
2026-05-30 08:30:00+00:00,2026-05-30 10:30:00+02:00,2026-05-30,10,30,2,5,5,-2.0599999999999996,4.01,,,,11.71,,51296.789319,6088.364400000006,1.95
2026-05-30 08:45:00+00:00,2026-05-30 10:45:00+02:00,2026-05-30,10,45,3,5,5,6.7,-5.7,,,,5.055,,51646.196542,4921.938013999999,1.0
2026-05-30 09:00:00+00:00,2026-05-30 11:00:00+02:00,2026-05-30,11,0,0,5,5,-1.21,2.21,,,,13.0,,51723.276569,3167.8656990000018,1.0
2026-05-30 09:15:00+00:00,2026-05-30 11:15:00+02:00,2026-05-30,11,15,1,5,5,-2.59,2.59,,,,6.025,,51333.768332,1648.7161190000043,0.0
2026-05-30 09:30:00+00:00,2026-05-30 11:30:00+02:00,2026-05-30,11,30,2,5,5,1.01,-0.01,,,,1.83,,51382.276555,1521.047185000003,1.0
2026-05-30 09:45:00+00:00,2026-05-30 11:45:00+02:00,2026-05-30,11,45,3,5,5,7.14,-6.3,,,,0.095,,50789.563701,1303.833424000004,0.84
2026-05-30 10:00:00+00:00,2026-05-30 12:00:00+02:00,2026-05-30,12,0,0,5,5,-4.3,4.3,,,,1.78,,50361.441843,592.5656829999934,0.0
2026-05-30 10:15:00+00:00,2026-05-30 12:15:00+02:00,2026-05-30,12,15,1,5,5,4.61,-4.61,,,,0.105,,50306.462992,69.19686300000467,0.0
2026-05-30 10:30:00+00:00,2026-05-30 12:30:00+02:00,2026-05-30,12,30,2,5,5,7.33,-7.33,,,,1.495,,50304.650511,-365.32290600000124,0.0
2026-05-30 10:45:00+00:00,2026-05-30 12:45:00+02:00,2026-05-30,12,45,3,5,5,10.17,-10.17,,,,1.33,,49948.160011,-1035.6967769999974,0.0
2026-05-30 11:00:00+00:00,2026-05-30 13:00:00+02:00,2026-05-30,13,0,0,5,5,6.6,-6.6,,,,-1.22,,49054.261089,-607.0846109999984,0.0
2026-05-30 11:15:00+00:00,2026-05-30 13:15:00+02:00,2026-05-30,13,15,1,5,5,11.03,-11.03,,,,-0.02,,48729.679446,-1139.4049059999961,0.0
2026-05-30 11:30:00+00:00,2026-05-30 13:30:00+02:00,2026-05-30,13,30,2,5,5,1.44,-1.44,,,,0.905,,48453.492513,-970.2899009999965,0.0
2026-05-30 11:45:00+00:00,2026-05-30 13:45:00+02:00,2026-05-30,13,45,3,5,5,2.03,-2.03,,,,0.1,,48151.10845,-812.5286550000019,0.0
2026-05-30 12:00:00+00:00,2026-05-30 14:00:00+02:00,2026-05-30,14,0,0,5,5,1.08,-1.08,,,,-1.5899999999999999,,47999.190335,-698.2432310000004,0.0
2026-05-30 12:15:00+00:00,2026-05-30 14:15:00+02:00,2026-05-30,14,15,1,5,5,9.42,-9.42,,,,0.49000000000000005,,47222.650545,-719.7361749999982,0.0
2026-05-30 12:30:00+00:00,2026-05-30 14:30:00+02:00,2026-05-30,14,30,2,5,5,7.4,-7.4,,,,0.0,,46969.949496,-124.53714500000206,0.0
2026-05-30 12:45:00+00:00,2026-05-30 14:45:00+02:00,2026-05-30,14,45,3,5,5,0.2,-0.2,,,,1.51,,47223.703489,1055.1766969999953,0.0
2026-05-30 13:00:00+00:00,2026-05-30 15:00:00+02:00,2026-05-30,15,0,0,5,5,13.41,-13.41,,,,-0.38000000000000006,,46828.471126,2334.814634999995,0.0
2026-05-30 13:15:00+00:00,2026-05-30 15:15:00+02:00,2026-05-30,15,15,1,5,5,5.92,-5.92,,,,2.685,,46470.078857,2531.12111,0.0
2026-05-30 13:30:00+00:00,2026-05-30 15:30:00+02:00,2026-05-30,15,30,2,5,5,-1.6999999999999997,2.07,,,,7.75,,46311.480433,4375.141726000002,0.37
2026-05-30 13:45:00+00:00,2026-05-30 15:45:00+02:00,2026-05-30,15,45,3,5,5,-5.01,5.0,,,,18.165,,46362.311695,5193.019607000002,-0.01
2026-05-30 14:00:00+00:00,2026-05-30 16:00:00+02:00,2026-05-30,16,0,0,5,5,7.1899999999999995,-8.5,,,,8.89,,46498.927285,7960.474718999998,-1.31
2026-05-30 14:15:00+00:00,2026-05-30 16:15:00+02:00,2026-05-30,16,15,1,5,5,4.4,0.47,,,,18.17,,46523.573197,9181.765291000003,4.87
2026-05-30 14:30:00+00:00,2026-05-30 16:30:00+02:00,2026-05-30,16,30,2,5,5,-2.67,9.43,,,,59.655,,46434.420263,10432.997292,6.76
2026-05-30 14:45:00+00:00,2026-05-30 16:45:00+02:00,2026-05-30,16,45,3,5,5,7.0,11.52,,,,75.885,,46517.161642,13043.932315000005,18.52
2026-05-30 15:00:00+00:00,2026-05-30 17:00:00+02:00,2026-05-30,17,0,0,5,5,3.1799999999999997,8.44,,,,66.18,,47078.130731,16580.470597,11.62
2026-05-30 15:15:00+00:00,2026-05-30 17:15:00+02:00,2026-05-30,17,15,1,5,5,-1.1599999999999966,49.08,,,,87.82499999999999,,47410.305578,19487.270947000005,47.92
2026-05-30 15:30:00+00:00,2026-05-30 17:30:00+02:00,2026-05-30,17,30,2,5,5,-2.930000000000007,87.48,,,,110.475,,47770.764439,22537.426423999997,84.55
2026-05-30 15:45:00+00:00,2026-05-30 17:45:00+02:00,2026-05-30,17,45,3,5,5,4.109999999999999,89.99,,,,131.36,,48043.899816,25604.088937,94.1
2026-05-30 16:00:00+00:00,2026-05-30 18:00:00+02:00,2026-05-30,18,0,0,5,5,-0.21999999999999886,82.2,,,,105.285,,48232.213887,28099.379739000004,81.98
2026-05-30 16:15:00+00:00,2026-05-30 18:15:00+02:00,2026-05-30,18,15,1,5,5,-5.289999999999992,102.19,,,,116.19,,48166.870964,31209.318098,96.9
2026-05-30 16:30:00+00:00,2026-05-30 18:30:00+02:00,2026-05-30,18,30,2,5,5,-5.319999999999993,119.58,,,,140.5,,48431.557572,34165.946523,114.26
2026-05-30 16:45:00+00:00,2026-05-30 18:45:00+02:00,2026-05-30,18,45,3,5,5,-22.690000000000012,147.61,,,,153.565,,48180.338478,36548.891065,124.92
2026-05-30 17:00:00+00:00,2026-05-30 19:00:00+02:00,2026-05-30,19,0,0,5,5,-0.3100000000000023,125.3,,,,128.98000000000002,,48132.288258,39001.303006,124.99
2026-05-30 17:15:00+00:00,2026-05-30 19:15:00+02:00,2026-05-30,19,15,1,5,5,-6.310000000000002,136.99,,,,145.52,,47977.159782,41292.496223,130.68
2026-05-30 17:30:00+00:00,2026-05-30 19:30:00+02:00,2026-05-30,19,30,2,5,5,-12.900000000000006,157.9,,,,160.05,,48235.802047,42715.3557,145.0
2026-05-30 17:45:00+00:00,2026-05-30 19:45:00+02:00,2026-05-30,19,45,3,5,5,-25.25,185.9,,,,186.95499999999998,,48208.104034,43390.837724,160.65
2026-05-30 18:00:00+00:00,2026-05-30 20:00:00+02:00,2026-05-30,20,0,0,5,5,-17.670000000000016,162.36,,,,169.275,,47920.604039,44147.631914,144.69
2026-05-30 18:15:00+00:00,2026-05-30 20:15:00+02:00,2026-05-30,20,15,1,5,5,0.950000000000017,155.2,,,,167.53,,47510.731743,44237.944283,156.15
2026-05-30 18:30:00+00:00,2026-05-30 20:30:00+02:00,2026-05-30,20,30,2,5,5,-3.1399999999999864,168.14,,,,185.38,,47234.590734,44358.687258000005,165.0
2026-05-30 18:45:00+00:00,2026-05-30 20:45:00+02:00,2026-05-30,20,45,3,5,5,-9.560000000000002,181.06,,,,185.96,,46732.751021,44048.640201,171.5
2026-05-30 19:00:00+00:00,2026-05-30 21:00:00+02:00,2026-05-30,21,0,0,5,5,-7.030000000000001,182.8,,,,187.2,,46327.186246,43449.874197,175.77
2026-05-30 19:15:00+00:00,2026-05-30 21:15:00+02:00,2026-05-30,21,15,1,5,5,3.8000000000000114,170.38,,,,171.005,,46023.736508,42531.594258,174.18
2026-05-30 19:30:00+00:00,2026-05-30 21:30:00+02:00,2026-05-30,21,30,2,5,5,2.089999999999975,169.3,,,,168.185,,45584.211558,41584.160919999995,171.39
2026-05-30 19:45:00+00:00,2026-05-30 21:45:00+02:00,2026-05-30,21,45,3,5,5,5.230000000000018,156.1,,,,160.87,,45223.174981,40575.288075,161.33
2026-05-30 20:00:00+00:00,2026-05-30 22:00:00+02:00,2026-05-30,22,0,0,5,5,8.650000000000006,169.04,,,,164.06,,44637.158012,39431.38985,177.69
2026-05-30 20:15:00+00:00,2026-05-30 22:15:00+02:00,2026-05-30,22,15,1,5,5,2.219999999999999,157.79,,,,155.265,,44150.867517,38159.776186999996,160.01
2026-05-30 20:30:00+00:00,2026-05-30 22:30:00+02:00,2026-05-30,22,30,2,5,5,3.5,152.49,,,,148.26,,43661.058752,36988.018025,155.99
2026-05-30 20:45:00+00:00,2026-05-30 22:45:00+02:00,2026-05-30,22,45,3,5,5,2.1299999999999955,147.18,,,,138.185,,43113.595079,35883.46446,149.31
2026-05-30 21:00:00+00:00,2026-05-30 23:00:00+02:00,2026-05-30,23,0,0,5,5,3.069999999999993,150.13,,,,145.67,,42323.840891,34835.055378,153.2
2026-05-30 21:15:00+00:00,2026-05-30 23:15:00+02:00,2026-05-30,23,15,1,5,5,0.4299999999999784,142.71,,,,142.515,,41754.591941,33468.28243,143.14
2026-05-30 21:30:00+00:00,2026-05-30 23:30:00+02:00,2026-05-30,23,30,2,5,5,1.7799999999999727,140.61,,,,136.35000000000002,,41203.645425,32619.332237999995,142.39
2026-05-30 21:45:00+00:00,2026-05-30 23:45:00+02:00,2026-05-30,23,45,3,5,5,2.5,138.71,,,,131.3,,40728.715869,31895.788684000006,141.21
2026-05-30 22:00:00+00:00,2026-05-31 00:00:00+02:00,2026-05-31,0,0,0,6,5,-1.3100000000000023,146.56,,143.22,,145.78,127.78,39994.487908,32274.889117,145.25
2026-05-30 22:15:00+00:00,2026-05-31 00:15:00+02:00,2026-05-31,0,15,1,6,5,0.0,139.0,,135.45,,135.91,121.325,39459.071938,31518.068064,139.0
2026-05-30 22:30:00+00:00,2026-05-31 00:30:00+02:00,2026-05-31,0,30,2,6,5,0.8100000000000023,134.18,,130.01,,132.98000000000002,120.41499999999999,38946.639867,30869.848400999996,134.99
2026-05-30 22:45:00+00:00,2026-05-31 00:45:00+02:00,2026-05-31,0,45,3,6,5,-2.1999999999999886,129.2,,123.02,,128.985,117.58500000000001,38393.492057,30215.987846000004,127.0
2026-05-30 23:00:00+00:00,2026-05-31 01:00:00+02:00,2026-05-31,1,0,0,6,5,1.1099999999999852,132.55,,132.5,,134.245,123.845,37796.945353,29515.005443000002,133.66
2026-05-30 23:15:00+00:00,2026-05-31 01:15:00+02:00,2026-05-31,1,15,1,6,5,-3.3500000000000227,133.05,,127.92,,128.725,119.28,37410.777452,29004.334661,129.7
2026-05-30 23:30:00+00:00,2026-05-31 01:30:00+02:00,2026-05-31,1,30,2,6,5,0.3400000000000034,128.09,,126.38,,127.365,117.505,36994.574471,28656.808952000003,128.43
2026-05-30 23:45:00+00:00,2026-05-31 01:45:00+02:00,2026-05-31,1,45,3,6,5,-0.9500000000000028,126.17,,125.2,,123.805,115.865,36719.33213,28328.499811,125.22
2026-05-31 00:00:00+00:00,2026-05-31 02:00:00+02:00,2026-05-31,2,0,0,6,5,-2.009999999999991,129.29,,125.87,,125.345,117.02000000000001,36511.355584,28090.202277999997,127.28
2026-05-31 00:15:00+00:00,2026-05-31 02:15:00+02:00,2026-05-31,2,15,1,6,5,-1.8700000000000045,128.47,,123.59,,124.61500000000001,117.52,36155.012769,27838.718345,126.6
2026-05-31 00:30:00+00:00,2026-05-31 02:30:00+02:00,2026-05-31,2,30,2,6,5,-2.1500000000000057,128.65,,123.4,,126.49000000000001,117.27,35905.356744,27646.204443000002,126.5
2026-05-31 00:45:00+00:00,2026-05-31 02:45:00+02:00,2026-05-31,2,45,3,6,5,2.8100000000000023,122.5,,119.89,,125.16,116.94,35664.499671,27565.750819999997,125.31
2026-05-31 01:00:00+00:00,2026-05-31 03:00:00+02:00,2026-05-31,3,0,0,6,5,-2.8800000000000097,127.79,,121.92,,122.995,117.32,35655.232274,27546.678053000003,124.91
2026-05-31 01:15:00+00:00,2026-05-31 03:15:00+02:00,2026-05-31,3,15,1,6,5,3.75,121.7,,119.11,,124.52,117.125,35523.030805,27464.633167,125.45
2026-05-31 01:30:00+00:00,2026-05-31 03:30:00+02:00,2026-05-31,3,30,2,6,5,-1.0600000000000023,127.79,,119.88,,125.735,115.78,35413.054718,27347.66003,126.73
2026-05-31 01:45:00+00:00,2026-05-31 03:45:00+02:00,2026-05-31,3,45,3,6,5,0.5600000000000023,126.57,,119.84,,121.32,116.08,35378.623032,27279.198544,127.13
2026-05-31 02:00:00+00:00,2026-05-31 04:00:00+02:00,2026-05-31,4,0,0,6,5,-0.5099999999999909,127.8,,122.4,,124.3,116.595,35408.896462,27398.467193999997,127.29
2026-05-31 02:15:00+00:00,2026-05-31 04:15:00+02:00,2026-05-31,4,15,1,6,5,0.6900000000000119,126.6,,124.31,,124.0,117.52000000000001,35383.223827,27461.498378999997,127.29
2026-05-31 02:30:00+00:00,2026-05-31 04:30:00+02:00,2026-05-31,4,30,2,6,5,-1.7000000000000028,127.8,,126.36,,124.86,118.16,35429.430136,27689.746655999996,126.1
2026-05-31 02:45:00+00:00,2026-05-31 04:45:00+02:00,2026-05-31,4,45,3,6,5,1.2600000000000051,124.6,,126.99,,125.88,118.905,35325.240904,27836.735591999997,125.86
2026-05-31 03:00:00+00:00,2026-05-31 05:00:00+02:00,2026-05-31,5,0,0,6,5,-2.7700000000000102,128.99,,127.26,,125.63999999999999,117.045,35585.295026,28161.461195,126.22
2026-05-31 03:15:00+00:00,2026-05-31 05:15:00+02:00,2026-05-31,5,15,1,6,5,-3.960000000000008,126.7,,125.9,,124.775,119.78,35164.072295,28038.227163999996,122.74
2026-05-31 03:30:00+00:00,2026-05-31 05:30:00+02:00,2026-05-31,5,30,2,6,5,-1.6099999999999994,122.76,,125.6,,130.495,122.805,35825.088207,28108.840712000005,121.15
2026-05-31 03:45:00+00:00,2026-05-31 05:45:00+02:00,2026-05-31,5,45,3,6,5,5.400000000000006,117.0,,125.24,,132.575,125.71000000000001,35828.573298,28926.40597,122.4
2026-05-31 04:00:00+00:00,2026-05-31 06:00:00+02:00,2026-05-31,6,0,0,6,5,5.900000000000006,121.1,,124.36,,133.57,124.69,36547.670401,29466.160390999998,127.0
2026-05-31 04:15:00+00:00,2026-05-31 06:15:00+02:00,2026-05-31,6,15,1,6,5,3.6700000000000017,121.33,,119.94,,137.57,128.51,35458.459339,27742.783585,125.0
2026-05-31 04:30:00+00:00,2026-05-31 06:30:00+02:00,2026-05-31,6,30,2,6,5,2.9200000000000017,112.08,,114.72,,144.57999999999998,130.82,36123.390001,27330.423918999997,115.0
2026-05-31 04:45:00+00:00,2026-05-31 06:45:00+02:00,2026-05-31,6,45,3,6,5,3.700000000000003,105.07,,111.33,,132.79,128.34,36529.450518,26924.508142000002,108.77
2026-05-31 05:00:00+00:00,2026-05-31 07:00:00+02:00,2026-05-31,7,0,0,6,5,0.5600000000000023,111.87,,117.23,,145.0,132.22,37008.504224,26318.488966999998,112.43
2026-05-31 05:15:00+00:00,2026-05-31 07:15:00+02:00,2026-05-31,7,15,1,6,5,-8.560000000000002,111.04,,112.03,,133.62,129.7,37750.123573,25541.535860999997,102.48
2026-05-31 05:30:00+00:00,2026-05-31 07:30:00+02:00,2026-05-31,7,30,2,6,5,-3.0999999999999943,100.3,,107.4,,129.35,126.49000000000001,38708.153248,24780.923011,97.2
2026-05-31 05:45:00+00:00,2026-05-31 07:45:00+02:00,2026-05-31,7,45,3,6,5,1.4300000000000068,85.41,,99.22,,113.46000000000001,114.80000000000001,39271.135932,23721.393691999998,86.84
2026-05-31 06:00:00+00:00,2026-05-31 08:00:00+02:00,2026-05-31,8,0,0,6,5,-0.6899999999999977,106.1,,112.15,,139.11,130.595,40238.707107,22039.483901000003,105.41
2026-05-31 06:15:00+00:00,2026-05-31 08:15:00+02:00,2026-05-31,8,15,1,6,5,10.100000000000009,87.3,,101.67,,123.65,119.715,41269.04987,20459.475089,97.4
2026-05-31 06:30:00+00:00,2026-05-31 08:30:00+02:00,2026-05-31,8,30,2,6,5,11.590000000000003,75.22,,87.72,,107.08500000000001,112.11,42243.15597,18782.542404,86.81
2026-05-31 06:45:00+00:00,2026-05-31 08:45:00+02:00,2026-05-31,8,45,3,6,5,20.580000000000005,60.1,,61.23,,90.6,96.045,42953.666381,17084.2321,80.68
2026-05-31 07:00:00+00:00,2026-05-31 09:00:00+02:00,2026-05-31,9,0,0,6,5,5.489999999999995,77.89,,74.58,,112.47,114.15,43359.179422,14629.005074,83.38
2026-05-31 07:15:00+00:00,2026-05-31 09:15:00+02:00,2026-05-31,9,15,1,6,5,32.59,35.0,,43.26,,87.66,96.04,44348.902083,12661.77723,67.59
2026-05-31 07:30:00+00:00,2026-05-31 09:30:00+02:00,2026-05-31,9,30,2,6,5,30.499999999999996,23.87,,23.58,,65.05,94.60499999999999,44834.611404,11043.506733000002,54.37
2026-05-31 07:45:00+00:00,2026-05-31 09:45:00+02:00,2026-05-31,9,45,3,6,5,12.530000000000001,23.9,,13.69,,30.805,81.8,45430.332511,9602.265659999997,36.43
2026-05-31 08:00:00+00:00,2026-05-31 10:00:00+02:00,2026-05-31,10,0,0,6,5,6.140000000000004,26.2,,23.0,,35.595,89.325,45479.779359,7593.768126999996,32.34
2026-05-31 08:15:00+00:00,2026-05-31 10:15:00+02:00,2026-05-31,10,15,1,6,5,5.750000000000001,4.06,,13.61,,15.65,81.9,45893.725832,6140.279399999999,9.81
2026-05-31 08:30:00+00:00,2026-05-31 10:30:00+02:00,2026-05-31,10,30,2,6,5,-0.75,7.3,,1.95,,11.71,71.715,46032.050434,4743.859285000006,6.55
2026-05-31 08:45:00+00:00,2026-05-31 10:45:00+02:00,2026-05-31,10,45,3,6,5,5.58,0.0,,1.0,,5.055,64.45,46341.072408,3461.6398199999967,5.58
2026-05-31 09:00:00+00:00,2026-05-31 11:00:00+02:00,2026-05-31,11,0,0,6,5,-4.799999999999999,9.2,,1.0,,9.625,71.6,46229.135547,2118.0979730000035,4.4
2026-05-31 09:15:00+00:00,2026-05-31 11:15:00+02:00,2026-05-31,11,15,1,6,5,-0.5999999999999996,3.26,,0.0,,4.195,63.75,46460.76303,736.1174540000065,2.66
2026-05-31 09:30:00+00:00,2026-05-31 11:30:00+02:00,2026-05-31,11,30,2,6,5,-0.7799999999999998,3.4,,1.0,,0.645,55.644999999999996,46674.90579,-490.8694400000022,2.62
2026-05-31 09:45:00+00:00,2026-05-31 11:45:00+02:00,2026-05-31,11,45,3,6,5,3.29,-3.29,,0.84,,-0.85,50.075,46594.864702,-1303.4449440000026,0.0
2026-05-31 10:00:00+00:00,2026-05-31 12:00:00+02:00,2026-05-31,12,0,0,6,5,-10.42,10.43,,0.0,,2.705,55.475,46294.007669,-2641.0361709999997,0.01
2026-05-31 10:15:00+00:00,2026-05-31 12:15:00+02:00,2026-05-31,12,15,1,6,5,-1.8,1.8,,0.0,,0.105,48.754999999999995,46004.325424,-3642.511262999993,0.0
2026-05-31 10:30:00+00:00,2026-05-31 12:30:00+02:00,2026-05-31,12,30,2,6,5,7.88,-0.01,,0.0,,1.495,41.224999999999994,45880.163007,-4239.582629000004,7.87
2026-05-31 10:45:00+00:00,2026-05-31 12:45:00+02:00,2026-05-31,12,45,3,6,5,8.190000000000001,-4.11,,0.0,,1.33,38.08,45692.355571,-4799.9244460000045,4.08
2026-05-31 11:00:00+00:00,2026-05-31 13:00:00+02:00,2026-05-31,13,0,0,6,5,0.87,-0.03,,0.0,,-1.22,38.015,44967.988297,-5661.885934999998,0.84
2026-05-31 11:15:00+00:00,2026-05-31 13:15:00+02:00,2026-05-31,13,15,1,6,5,-0.69,0.73,,0.0,,-0.02,32.335,44621.133966,-6024.6905740000075,0.04
2026-05-31 11:30:00+00:00,2026-05-31 13:30:00+02:00,2026-05-31,13,30,2,6,5,-3.03,3.03,,0.0,,0.905,29.02,44243.3934,-6005.402575,0.0
2026-05-31 11:45:00+00:00,2026-05-31 13:45:00+02:00,2026-05-31,13,45,3,6,5,-3.07,3.07,,0.0,,0.1,25.89,43834.749557,-6189.543409999998,0.0
2026-05-31 12:00:00+00:00,2026-05-31 14:00:00+02:00,2026-05-31,14,0,0,6,5,4.17,-4.11,,0.0,,-1.17,27.08,43619.887544,-6179.716971999995,0.06
2026-05-31 12:15:00+00:00,2026-05-31 14:15:00+02:00,2026-05-31,14,15,1,6,5,-1.65,1.7,,0.0,,0.49000000000000005,26.42,43287.293553,-5978.762709000002,0.05
2026-05-31 12:30:00+00:00,2026-05-31 14:30:00+02:00,2026-05-31,14,30,2,6,5,-2.46,3.67,,0.0,,-0.09,30.875,42873.882299,-5826.165756999995,1.21
2026-05-31 12:45:00+00:00,2026-05-31 14:45:00+02:00,2026-05-31,14,45,3,6,5,-2.91,6.9,,0.0,,0.275,35.075,42470.789903,-5301.752701999998,3.99
2026-05-31 13:00:00+00:00,2026-05-31 15:00:00+02:00,2026-05-31,15,0,0,6,5,9.14,-7.79,,0.0,,-0.435,29.015,42649.328792,-4520.039227999994,1.35
2026-05-31 13:15:00+00:00,2026-05-31 15:15:00+02:00,2026-05-31,15,15,1,6,5,-2.9,2.4,,0.0,,2.685,39.754999999999995,42329.920213,-3687.8515439999974,-0.5
2026-05-31 13:30:00+00:00,2026-05-31 15:30:00+02:00,2026-05-31,15,30,2,6,5,-8.9,8.9,,0.37,,5.585,49.39,41929.155805,-2935.672406999998,0.0
2026-05-31 13:45:00+00:00,2026-05-31 15:45:00+02:00,2026-05-31,15,45,3,6,5,-12.74,12.75,,-0.01,,13.625,60.239999999999995,41629.088425,-1557.9963789999965,0.01
2026-05-31 14:00:00+00:00,2026-05-31 16:00:00+02:00,2026-05-31,16,0,0,6,5,11.24,-0.23,,-1.31,,8.89,49.05,42112.942673,-38.86178099999961,11.01
2026-05-31 14:15:00+00:00,2026-05-31 16:15:00+02:00,2026-05-31,16,15,1,6,5,10.899999999999999,28.1,,4.87,,18.17,67.025,41962.902413,1168.0207440000013,39.0
2026-05-31 14:30:00+00:00,2026-05-31 16:30:00+02:00,2026-05-31,16,30,2,6,5,-0.13000000000000256,63.88,,6.76,,59.655,88.005,41943.961091,2902.614830000006,63.75
2026-05-31 14:45:00+00:00,2026-05-31 16:45:00+02:00,2026-05-31,16,45,3,6,5,44.739999999999995,38.56,,18.52,,75.885,93.75999999999999,42389.359274,3910.7013369999986,83.3
2026-05-31 15:00:00+00:00,2026-05-31 17:00:00+02:00,2026-05-31,17,0,0,6,5,1.460000000000008,65.94,,11.62,,66.18,81.535,43317.909526,6368.683318000003,67.4
2026-05-31 15:15:00+00:00,2026-05-31 17:15:00+02:00,2026-05-31,17,15,1,6,5,-4.969999999999999,89.41,,47.92,,87.82499999999999,93.77,42944.531575,8312.225182999995,84.44
2026-05-31 15:30:00+00:00,2026-05-31 17:30:00+02:00,2026-05-31,17,30,2,6,5,3.5799999999999983,104.0,,84.55,,110.475,107.625,42837.306551,11181.962748000005,107.58
2026-05-31 15:45:00+00:00,2026-05-31 17:45:00+02:00,2026-05-31,17,45,3,6,5,0.5100000000000051,120.57,,94.1,,131.36,125.16499999999999,43171.127244,14175.629229999999,121.08
2026-05-31 16:00:00+00:00,2026-05-31 18:00:00+02:00,2026-05-31,18,0,0,6,5,19.690000000000012,92.1,,81.98,,105.285,108.89,43967.249836,17091.502667,111.79
2026-05-31 16:15:00+00:00,2026-05-31 18:15:00+02:00,2026-05-31,18,15,1,6,5,1.980000000000004,119.02,,96.9,,116.19,117.13,44207.056652,20269.576801,121.0
2026-05-31 16:30:00+00:00,2026-05-31 18:30:00+02:00,2026-05-31,18,30,2,6,5,4.210000000000008,136.47,,114.26,,140.5,128.64499999999998,44726.677718,23426.594305000002,140.68
2026-05-31 16:45:00+00:00,2026-05-31 18:45:00+02:00,2026-05-31,18,45,3,6,5,-0.5900000000000034,149.57,,124.92,,153.565,138.82999999999998,44933.354697,26699.267127,148.98
2026-05-31 17:00:00+00:00,2026-05-31 19:00:00+02:00,2026-05-31,19,0,0,6,5,0.22999999999998977,131.77,,124.99,,128.98000000000002,126.13,45692.852553,30003.288543000002,132.0
2026-05-31 17:15:00+00:00,2026-05-31 19:15:00+02:00,2026-05-31,19,15,1,6,5,0.28000000000000114,137.98,,130.68,,145.52,133.5,45285.51391,32430.348079,138.26
2026-05-31 17:30:00+00:00,2026-05-31 19:30:00+02:00,2026-05-31,19,30,2,6,5,-15.080000000000013,160.81,,145.0,,160.05,142.49,45178.741595,34439.409585,145.73
2026-05-31 17:45:00+00:00,2026-05-31 19:45:00+02:00,2026-05-31,19,45,3,6,5,-0.5,150.51,,160.65,,190.35500000000002,154.93,44870.442867,36142.5168,150.01
2026-05-31 18:00:00+00:00,2026-05-31 20:00:00+02:00,2026-05-31,20,0,0,6,5,-3.8700000000000045,144.07,,144.69,,169.275,144.04500000000002,45236.29169,37711.368172,140.2
2026-05-31 18:15:00+00:00,2026-05-31 20:15:00+02:00,2026-05-31,20,15,1,6,5,-3.609999999999985,147.98,,156.15,,167.53,147.76999999999998,45455.985004,38552.856872000004,144.37
2026-05-31 18:30:00+00:00,2026-05-31 20:30:00+02:00,2026-05-31,20,30,2,6,5,-5.849999999999994,157.35,,165.0,,185.38,149.13,45094.229766,39394.300902999996,151.5
2026-05-31 18:45:00+00:00,2026-05-31 20:45:00+02:00,2026-05-31,20,45,3,6,5,-24.47999999999999,179.6,,171.5,,185.96,149.20999999999998,44967.263215,39987.003708000004,155.12
2026-05-31 19:00:00+00:00,2026-05-31 21:00:00+02:00,2026-05-31,21,0,0,6,5,-5.349999999999994,158.51,,175.77,,187.2,155.78500000000003,44785.871499,40259.491658,153.16
2026-05-31 19:15:00+00:00,2026-05-31 21:15:00+02:00,2026-05-31,21,15,1,6,5,-25.840000000000003,178.84,,174.18,,171.29,148.15,44585.037008,40148.10055,153.0
2026-05-31 19:30:00+00:00,2026-05-31 21:30:00+02:00,2026-05-31,21,30,2,6,5,-16.980000000000018,167.4,,171.39,,171.47,140.155,44401.739705,39830.779407999995,150.42
2026-05-31 19:45:00+00:00,2026-05-31 21:45:00+02:00,2026-05-31,21,45,3,6,5,-7.180000000000007,154.8,,161.33,,160.87,132.485,44107.736767,39512.629713,147.62
2026-05-31 20:00:00+00:00,2026-05-31 22:00:00+02:00,2026-05-31,22,0,0,6,5,-2.9499999999999886,162.16,,177.69,,168.31,147.445,43905.622062,39015.626997,159.21
2026-05-31 20:15:00+00:00,2026-05-31 22:15:00+02:00,2026-05-31,22,15,1,6,5,-1.3400000000000034,154.86,,160.01,,158.355,141.18,43617.263446,38592.621202,153.52
2026-05-31 20:30:00+00:00,2026-05-31 22:30:00+02:00,2026-05-31,22,30,2,6,5,-0.19999999999998863,150.94,,155.99,,150.70499999999998,133.79500000000002,43095.744256,38100.080638,150.74
2026-05-31 20:45:00+00:00,2026-05-31 22:45:00+02:00,2026-05-31,22,45,3,6,5,-3.660000000000025,144.55,,149.31,,139.865,125.845,42710.899296,37454.071973000006,140.89
2026-05-31 21:00:00+00:00,2026-05-31 23:00:00+02:00,2026-05-31,23,0,0,6,5,6.97999999999999,151.52,,153.2,,147.385,130.135,42168.114524,36835.583312999996,158.5
2026-05-31 21:15:00+00:00,2026-05-31 23:15:00+02:00,2026-05-31,23,15,1,6,5,-0.5699999999999932,146.95,,143.14,,142.62,126.87,41682.591299,36372.928015,146.38
2026-05-31 21:30:00+00:00,2026-05-31 23:30:00+02:00,2026-05-31,23,30,2,6,5,0.29999999999998295,142.99,,142.39,,138.07,122.245,41176.697819,35925.81365800001,143.29
2026-05-31 21:45:00+00:00,2026-05-31 23:45:00+02:00,2026-05-31,23,45,3,6,5,-0.0800000000000125,139.93,,141.21,,132.865,119.485,40695.221829,35460.951043,139.85
2026-05-31 22:00:00+00:00,2026-06-01 00:00:00+02:00,2026-06-01,0,0,0,0,6,1.8400000000000034,151.03,,145.25,144.235,146.56,130.185,38989.479523,35814.696467999995,152.87
2026-05-31 22:15:00+00:00,2026-06-01 00:15:00+02:00,2026-06-01,0,15,1,0,6,0.700000000000017,141.16,,139.0,137.225,136.68,123.11500000000001,38378.710177,35449.659487,141.86
2026-05-31 22:30:00+00:00,2026-06-01 00:30:00+02:00,2026-06-01,0,30,2,0,6,4.170000000000016,134.7,,134.99,132.5,133.85500000000002,123.935,38066.495771,35135.36613,138.87
2026-05-31 22:45:00+00:00,2026-06-01 00:45:00+02:00,2026-06-01,0,45,3,0,6,0.03999999999999204,133.19,,127.0,125.00999999999999,129.695,121.095,37671.070768,34859.235941,133.23
2026-05-31 23:00:00+00:00,2026-06-01 01:00:00+02:00,2026-06-01,1,0,0,0,6,1.9799999999999898,138.53,,133.66,133.07999999999998,134.245,126.25,37293.178233,34561.278567,140.51
2026-05-31 23:15:00+00:00,2026-06-01 01:15:00+02:00,2026-06-01,1,15,1,0,6,4.920000000000016,128.04,,129.7,128.81,131.055,121.88499999999999,36862.006716,34283.922417,132.96
2026-05-31 23:30:00+00:00,2026-06-01 01:30:00+02:00,2026-06-01,1,30,2,0,6,-4.47999999999999,131.1,,128.43,127.405,127.97,120.36500000000001,36532.29133,34095.416477000006,126.62
2026-05-31 23:45:00+00:00,2026-06-01 01:45:00+02:00,2026-06-01,1,45,3,0,6,-5.340000000000003,127.7,,125.22,125.21000000000001,125.195,119.68,36142.682579,33942.389797,122.36
2026-06-01 00:00:00+00:00,2026-06-01 02:00:00+02:00,2026-06-01,2,0,0,0,6,0.8699999999999903,121.29,,127.28,126.575,126.795,120.21000000000001,35983.946007,33798.548181,122.16
2026-06-01 00:15:00+00:00,2026-06-01 02:15:00+02:00,2026-06-01,2,15,1,0,6,-0.3200000000000074,125.7,,126.6,125.095,125.705,120.39,35807.852231,33495.199366,125.38
2026-06-01 00:30:00+00:00,2026-06-01 02:30:00+02:00,2026-06-01,2,30,2,0,6,1.3599999999999994,124.02,,126.5,124.95,128.315,119.775,35561.281806,33458.46918,125.38
2026-06-01 00:45:00+00:00,2026-06-01 02:45:00+02:00,2026-06-01,2,45,3,0,6,-3.089999999999989,126.46,,125.31,122.6,125.16,118.56,35304.173799,33468.235573000005,123.37
2026-06-01 01:00:00+00:00,2026-06-01 03:00:00+02:00,2026-06-01,3,0,0,0,6,-1.1800000000000068,122.93,,124.91,123.41499999999999,124.485,119.025,35131.24504,33558.765350999995,121.75
2026-06-01 01:15:00+00:00,2026-06-01 03:15:00+02:00,2026-06-01,3,15,1,0,6,1.0999999999999943,120.14,,125.45,122.28,124.52,118.265,35023.688148,33525.869867,121.24
2026-06-01 01:30:00+00:00,2026-06-01 03:30:00+02:00,2026-06-01,3,30,2,0,6,-3.1499999999999915,124.33,,126.73,123.305,126.275,118.22,35042.547386,33546.701393999996,121.18
2026-06-01 01:45:00+00:00,2026-06-01 03:45:00+02:00,2026-06-01,3,45,3,0,6,3.160000000000011,117.74,,127.13,123.485,121.97999999999999,118.295,35043.53325,33738.1853,120.9
2026-06-01 02:00:00+00:00,2026-06-01 04:00:00+02:00,2026-06-01,4,0,0,0,6,-4.049999999999997,126.2,,127.29,124.845,125.195,117.515,35435.955132,33929.880501,122.15
2026-06-01 02:15:00+00:00,2026-06-01 04:15:00+02:00,2026-06-01,4,15,1,0,6,1.5100000000000051,121.49,,127.29,125.80000000000001,125.63,119.42500000000001,35544.401279,34068.978459,123.0
2026-06-01 02:30:00+00:00,2026-06-01 04:30:00+02:00,2026-06-01,4,30,2,0,6,-1.1899999999999977,125.99,,126.1,126.22999999999999,125.21000000000001,121.315,35662.642568,34197.416183,124.8
2026-06-01 02:45:00+00:00,2026-06-01 04:45:00+02:00,2026-06-01,4,45,3,0,6,-1.009999999999991,129.7,,125.86,126.425,125.88,122.48,35925.889997,34348.453414,128.69
2026-06-01 03:00:00+00:00,2026-06-01 05:00:00+02:00,2026-06-01,5,0,0,0,6,3.269999999999996,124.65,,126.22,126.74000000000001,126.34,120.075,36358.247957,34687.012478,127.92
2026-06-01 03:15:00+00:00,2026-06-01 05:15:00+02:00,2026-06-01,5,15,1,0,6,1.25,130.16,,122.74,124.32,125.35,121.285,36256.52337,34251.022302000005,131.41
2026-06-01 03:30:00+00:00,2026-06-01 05:30:00+02:00,2026-06-01,5,30,2,0,6,-0.2599999999999909,138.23,,121.15,123.375,130.495,122.805,35359.157686,33871.678224,137.97
2026-06-01 03:45:00+00:00,2026-06-01 05:45:00+02:00,2026-06-01,5,45,3,0,6,-2.219999999999999,147.33,,122.4,123.82,132.575,125.71000000000001,36890.527354,34536.173312,145.11
2026-06-01 04:00:00+00:00,2026-06-01 06:00:00+02:00,2026-06-01,6,0,0,0,6,-8.26000000000002,164.99,,127.0,125.68,133.57,126.00999999999999,37843.535612,34858.052174,156.73
2026-06-01 04:15:00+00:00,2026-06-01 06:15:00+02:00,2026-06-01,6,15,1,0,6,-11.969999999999999,172.17,,125.0,122.47,137.57,128.675,36503.187187,33153.743394000005,160.2
2026-06-01 04:30:00+00:00,2026-06-01 06:30:00+02:00,2026-06-01,6,30,2,0,6,2.980000000000018,156.1,,115.0,114.86,144.57999999999998,130.82,37143.19978,32781.006564,159.08
2026-06-01 04:45:00+00:00,2026-06-01 06:45:00+02:00,2026-06-01,6,45,3,0,6,0.30000000000001137,158.1,,108.77,110.05,132.79,128.34,37784.305393,31351.585327999997,158.4
2026-06-01 05:00:00+00:00,2026-06-01 07:00:00+02:00,2026-06-01,7,0,0,0,6,-7.6200000000000045,175.0,,112.43,114.83000000000001,145.0,132.22,38348.979988,30312.586719000003,167.38
2026-06-01 05:15:00+00:00,2026-06-01 07:15:00+02:00,2026-06-01,7,15,1,0,6,-2.480000000000018,161.15,,102.48,107.255,133.62,129.7,39015.546068,29159.678144999998,158.67
2026-06-01 05:30:00+00:00,2026-06-01 07:30:00+02:00,2026-06-01,7,30,2,0,6,-17.02000000000001,169.9,,97.2,102.30000000000001,129.35,126.49000000000001,40140.425408,27918.989298999997,152.88
2026-06-01 05:45:00+00:00,2026-06-01 07:45:00+02:00,2026-06-01,7,45,3,0,6,-2.680000000000007,149.78,,86.84,93.03,113.46000000000001,114.80000000000001,40832.008133,26387.373248000004,147.1
2026-06-01 06:00:00+00:00,2026-06-01 08:00:00+02:00,2026-06-01,8,0,0,0,6,-3.710000000000008,175.0,,105.41,108.78,139.11,130.595,41553.055866,24886.763002,171.29
2026-06-01 06:15:00+00:00,2026-06-01 08:15:00+02:00,2026-06-01,8,15,1,0,6,-6.039999999999992,165.41,,97.4,99.535,123.65,119.715,42678.507774,23692.532001999996,159.37
2026-06-01 06:30:00+00:00,2026-06-01 08:30:00+02:00,2026-06-01,8,30,2,0,6,-7.02000000000001,149.99,,86.81,87.265,107.08500000000001,112.11,43571.849016,22346.287491000003,142.97
2026-06-01 06:45:00+00:00,2026-06-01 08:45:00+02:00,2026-06-01,8,45,3,0,6,3.0500000000000114,123.24,,80.68,70.955,90.6,96.045,44276.374334,20648.866806,126.29
2026-06-01 07:00:00+00:00,2026-06-01 09:00:00+02:00,2026-06-01,9,0,0,0,6,-4.009999999999991,162.51,,83.38,78.97999999999999,112.47,114.15,44723.207285,18962.595578999997,158.5
2026-06-01 07:15:00+00:00,2026-06-01 09:15:00+02:00,2026-06-01,9,15,1,0,6,-1.3599999999999852,138.13,,67.59,55.425,87.66,96.04,45425.596729,17623.807144,136.77
2026-06-01 07:30:00+00:00,2026-06-01 09:30:00+02:00,2026-06-01,9,30,2,0,6,4.319999999999993,119.4,,54.37,38.974999999999994,65.05,94.60499999999999,45732.099884,16405.060654,123.72
2026-06-01 07:45:00+00:00,2026-06-01 09:45:00+02:00,2026-06-01,9,45,3,0,6,4.390000000000001,111.42,,36.43,25.06,30.805,81.8,46298.125718,15308.079701000002,115.81
2026-06-01 08:00:00+00:00,2026-06-01 10:00:00+02:00,2026-06-01,10,0,0,0,6,5.010000000000005,123.8,,32.34,27.67,38.795,89.325,46423.446372,14374.565953000005,128.81
2026-06-01 08:15:00+00:00,2026-06-01 10:15:00+02:00,2026-06-01,10,15,1,0,6,4.75,115.9,,9.81,11.71,15.65,81.9,46468.855908,13376.319691999997,120.65
2026-06-01 08:30:00+00:00,2026-06-01 10:30:00+02:00,2026-06-01,10,30,2,0,6,15.58999999999999,100.79,,6.55,4.25,7.609999999999999,71.715,46730.439594,12462.609471000003,116.38
2026-06-01 08:45:00+00:00,2026-06-01 10:45:00+02:00,2026-06-01,10,45,3,0,6,2.5,111.14,,5.58,3.29,2.9,64.45,46852.820845,11788.886481999994,113.64
2026-06-01 09:00:00+00:00,2026-06-01 11:00:00+02:00,2026-06-01,11,0,0,0,6,14.120000000000005,102.05,,4.4,2.7,9.235,71.6,46619.146867,11133.115774000005,116.17
2026-06-01 09:15:00+00:00,2026-06-01 11:15:00+02:00,2026-06-01,11,15,1,0,6,12.799999999999997,101.28,,2.66,1.33,4.455,63.75,46831.824198,10324.423010000006,114.08
2026-06-01 09:30:00+00:00,2026-06-01 11:30:00+02:00,2026-06-01,11,30,2,0,6,28.659999999999997,82.54,,2.62,1.81,2.055,55.644999999999996,46838.372448,9904.204535000004,111.2
2026-06-01 09:45:00+00:00,2026-06-01 11:45:00+02:00,2026-06-01,11,45,3,0,6,23.980000000000004,80.0,,0.0,0.42,-1.655,50.075,46557.600881,9380.754611000004,103.98
2026-06-01 10:00:00+00:00,2026-06-01 12:00:00+02:00,2026-06-01,12,0,0,0,6,4.579999999999998,100.01,,0.01,0.005,3.5949999999999998,55.475,46491.473284,8998.124474999997,104.59
2026-06-01 10:15:00+00:00,2026-06-01 12:15:00+02:00,2026-06-01,12,15,1,0,6,6.450000000000003,93.33,,0.0,0.0,0.105,48.754999999999995,46210.282731,8321.536367,99.78
2026-06-01 10:30:00+00:00,2026-06-01 12:30:00+02:00,2026-06-01,12,30,2,0,6,6.989999999999995,91.81,,7.87,3.935,0.39,41.224999999999994,46206.471569,8078.743283000003,98.8
2026-06-01 10:45:00+00:00,2026-06-01 12:45:00+02:00,2026-06-01,12,45,3,0,6,9.459999999999994,87.18,,4.08,2.04,-1.35,38.08,45821.833051,7599.749920000002,96.64
2026-06-01 11:00:00+00:00,2026-06-01 13:00:00+02:00,2026-06-01,13,0,0,0,6,9.189999999999998,92.62,,0.84,0.42,-1.22,38.015,45106.053836,7016.569447000002,101.81
2026-06-01 11:15:00+00:00,2026-06-01 13:15:00+02:00,2026-06-01,13,15,1,0,6,7.800000000000011,92.21,,0.04,0.02,0.09999999999999999,32.335,44935.040131,7208.128565999999,100.01
2026-06-01 11:30:00+00:00,2026-06-01 13:30:00+02:00,2026-06-01,13,30,2,0,6,9.539999999999992,88.45,,0.0,0.0,0.905,29.02,44554.678252,6923.855527,97.99
2026-06-01 11:45:00+00:00,2026-06-01 13:45:00+02:00,2026-06-01,13,45,3,0,6,46.330000000000005,48.23,,0.0,0.0,0.1,25.89,44299.233529,6478.603029000005,94.56
2026-06-01 12:00:00+00:00,2026-06-01 14:00:00+02:00,2026-06-01,14,0,0,0,6,44.59,50.2,,0.06,0.03,-1.17,27.08,44052.435631,6588.362563000002,94.79
2026-06-01 12:15:00+00:00,2026-06-01 14:15:00+02:00,2026-06-01,14,15,1,0,6,12.079999999999998,86.95,,0.05,0.025,0.49000000000000005,26.42,43726.108391,6361.387581000003,99.03
2026-06-01 12:30:00+00:00,2026-06-01 14:30:00+02:00,2026-06-01,14,30,2,0,6,41.919999999999995,57.24,,1.21,0.605,-0.09,30.875,43591.139228,6732.539694000006,99.16
2026-06-01 12:45:00+00:00,2026-06-01 14:45:00+02:00,2026-06-01,14,45,3,0,6,38.57999999999999,62.24,,3.99,1.995,0.275,35.075,43136.812038,6984.063913000005,100.82
2026-06-01 13:00:00+00:00,2026-06-01 15:00:00+02:00,2026-06-01,15,0,0,0,6,12.36,86.0,,1.35,0.675,-1.755,29.015,43115.392872,7786.670493999998,98.36
2026-06-01 13:15:00+00:00,2026-06-01 15:15:00+02:00,2026-06-01,15,15,1,0,6,5.409999999999997,92.59,,-0.5,-0.25,1.2049999999999998,39.754999999999995,43026.24745,8314.763146999998,98.0
2026-06-01 13:30:00+00:00,2026-06-01 15:30:00+02:00,2026-06-01,15,30,2,0,6,18.52000000000001,84.99,,0.0,0.185,5.485,49.39,42778.289912,8650.085209999997,103.51
2026-06-01 13:45:00+00:00,2026-06-01 15:45:00+02:00,2026-06-01,15,45,3,0,6,19.52000000000001,94.99,,0.01,0.0,8.875,60.239999999999995,42407.934865,9525.346467999996,114.51
2026-06-01 14:00:00+00:00,2026-06-01 16:00:00+02:00,2026-06-01,16,0,0,0,6,12.760000000000005,86.17,,11.01,4.85,2.63,49.05,43039.14947,11221.612679999998,98.93
2026-06-01 14:15:00+00:00,2026-06-01 16:15:00+02:00,2026-06-01,16,15,1,0,6,11.259999999999991,93.48,,39.0,21.935,19.05,67.025,43032.252238,12558.321517000004,104.74
2026-06-01 14:30:00+00:00,2026-06-01 16:30:00+02:00,2026-06-01,16,30,2,0,6,5.310000000000002,111.32,,63.75,35.255,58.095,88.005,43158.928834,13908.229749999999,116.63
2026-06-01 14:45:00+00:00,2026-06-01 16:45:00+02:00,2026-06-01,16,45,3,0,6,1.0500000000000114,127.1,,83.3,50.91,49.285,93.75999999999999,43369.527277,15636.252536,128.15
2026-06-01 15:00:00+00:00,2026-06-01 17:00:00+02:00,2026-06-01,17,0,0,0,6,4.569999999999993,105.54,,67.4,39.510000000000005,65.685,81.535,43985.55848,18092.738012999995,110.11
2026-06-01 15:15:00+00:00,2026-06-01 17:15:00+02:00,2026-06-01,17,15,1,0,6,-3.950000000000003,118.45,,84.44,66.18,87.72999999999999,93.77,43926.270074,19693.117042000005,114.5
2026-06-01 15:30:00+00:00,2026-06-01 17:30:00+02:00,2026-06-01,17,30,2,0,6,-2.8600000000000136,131.0,,107.58,96.065,107.83,108.405,43737.032724,21315.068155,128.14
2026-06-01 15:45:00+00:00,2026-06-01 17:45:00+02:00,2026-06-01,17,45,3,0,6,-8.140000000000015,155.93,,121.08,107.59,127.595,124.215,43995.738568,23381.535672999995,147.79
2026-06-01 16:00:00+00:00,2026-06-01 18:00:00+02:00,2026-06-01,18,0,0,0,6,4.509999999999991,112.73,,111.79,96.885,99.185,110.19999999999999,44786.069729,25896.582455000003,117.24
2026-06-01 16:15:00+00:00,2026-06-01 18:15:00+02:00,2026-06-01,18,15,1,0,6,-11.72999999999999,141.44,,121.0,108.95,116.305,119.07,44871.932684,27768.076460000004,129.71
2026-06-01 16:30:00+00:00,2026-06-01 18:30:00+02:00,2026-06-01,18,30,2,0,6,0.5700000000000216,147.76,,140.68,127.47,140.5,131.64,44728.180113,29878.800915,148.33
2026-06-01 16:45:00+00:00,2026-06-01 18:45:00+02:00,2026-06-01,18,45,3,0,6,-5.090000000000003,175.29,,148.98,136.95,153.565,141.005,44868.052971,31996.274447999996,170.2
2026-06-01 17:00:00+00:00,2026-06-01 19:00:00+02:00,2026-06-01,19,0,0,0,6,-38.41,199.99,,132.0,128.495,129.025,127.79,45089.283678,34044.484851,161.58
2026-06-01 17:15:00+00:00,2026-06-01 19:15:00+02:00,2026-06-01,19,15,1,0,6,-40.870000000000005,219.9,,138.26,134.47,145.52,134.71499999999997,45175.17918,35819.508268000005,179.03
2026-06-01 17:30:00+00:00,2026-06-01 19:30:00+02:00,2026-06-01,19,30,2,0,6,-6.349999999999994,230.0,,145.73,145.365,160.45499999999998,144.505,45647.812005,37219.508458,223.65
2026-06-01 17:45:00+00:00,2026-06-01 19:45:00+02:00,2026-06-01,19,45,3,0,6,21.769999999999982,290.0,,150.01,155.32999999999998,190.35500000000002,154.93,45417.281253,38223.342942999996,311.77
2026-06-01 18:00:00+00:00,2026-06-01 20:00:00+02:00,2026-06-01,20,0,0,0,6,-24.920000000000016,294.5,,140.2,142.445,169.275,144.04500000000002,45447.291936,39117.16125800001,269.58
2026-06-01 18:15:00+00:00,2026-06-01 20:15:00+02:00,2026-06-01,20,15,1,0,6,-9.060000000000002,338.27,,144.37,150.26,167.53,147.76999999999998,45658.401983,39860.74852,329.21
2026-06-01 18:30:00+00:00,2026-06-01 20:30:00+02:00,2026-06-01,20,30,2,0,6,-16.680000000000007,380.0,,151.5,158.25,185.38,150.385,45659.751294,39994.055227000004,363.32
2026-06-01 18:45:00+00:00,2026-06-01 20:45:00+02:00,2026-06-01,20,45,3,0,6,-68.36000000000001,459.64,,155.12,163.31,185.96,154.065,45577.303734,39849.344431000005,391.28
2026-06-01 19:00:00+00:00,2026-06-01 21:00:00+02:00,2026-06-01,21,0,0,0,6,64.56,317.2,,153.16,164.465,187.2,156.465,45620.079333,39992.702862,381.76
2026-06-01 19:15:00+00:00,2026-06-01 21:15:00+02:00,2026-06-01,21,15,1,0,6,-42.93000000000001,387.44,,153.0,163.59,174.44,152.42000000000002,45542.300747,39715.977457,344.51
2026-06-01 19:30:00+00:00,2026-06-01 21:30:00+02:00,2026-06-01,21,30,2,0,6,14.75,285.0,,150.42,160.90499999999997,171.47,147.23,45343.728727,39314.652996,299.75
2026-06-01 19:45:00+00:00,2026-06-01 21:45:00+02:00,2026-06-01,21,45,3,0,6,-145.14999999999998,399.01,,147.62,154.47500000000002,160.87,137.75,45116.536555,38960.557126,253.86
2026-06-01 20:00:00+00:00,2026-06-01 22:00:00+02:00,2026-06-01,22,0,0,0,6,49.16,237.4,,159.21,168.45,168.31,152.095,44733.306185,38646.804043,286.56
2026-06-01 20:15:00+00:00,2026-06-01 22:15:00+02:00,2026-06-01,22,15,1,0,6,-27.650000000000006,250.0,,153.52,156.765,158.355,144.505,44194.083958,38271.881986,222.35
2026-06-01 20:30:00+00:00,2026-06-01 22:30:00+02:00,2026-06-01,22,30,2,0,6,-6.340000000000003,186.32,,150.74,153.365,151.715,137.20499999999998,43670.831818,37852.999954,179.98
2026-06-01 20:45:00+00:00,2026-06-01 22:45:00+02:00,2026-06-01,22,45,3,0,6,-81.08000000000001,241.08,,140.89,145.1,142.755,128.59,43320.575175,37266.840744999994,160.0
2026-06-01 21:00:00+00:00,2026-06-01 23:00:00+02:00,2026-06-01,23,0,0,0,6,-0.5099999999999909,166.1,,158.5,155.85,149.615,134.715,42739.013051,36628.101333000006,165.59
2026-06-01 21:15:00+00:00,2026-06-01 23:15:00+02:00,2026-06-01,23,15,1,0,6,-2.4099999999999966,160.6,,146.38,144.76,142.62,128.28,42226.173312,36116.024786999995,158.19
2026-06-01 21:30:00+00:00,2026-06-01 23:30:00+02:00,2026-06-01,23,30,2,0,6,-2.019999999999982,155.88,,143.29,142.83999999999997,138.07,126.66499999999999,41828.474357,35621.564793,153.86
2026-06-01 21:45:00+00:00,2026-06-01 23:45:00+02:00,2026-06-01,23,45,3,0,6,-3.5100000000000193,147.08,,139.85,140.53,132.91,123.805,41390.190606,35115.32702,143.57
2026-06-01 22:00:00+00:00,2026-06-02 00:00:00+02:00,2026-06-02,0,0,0,1,6,0.21000000000000796,151.73,147.11333333333334,152.87,145.25,148.79500000000002,136.31,41610.613271,34118.144796,151.94
2026-06-01 22:15:00+00:00,2026-06-02 00:15:00+02:00,2026-06-02,0,15,1,1,6,-5.990000000000009,146.61,138.77,141.86,139.0,137.925,129.325,41164.036254,33864.440117,140.62
2026-06-01 22:30:00+00:00,2026-06-02 00:30:00+02:00,2026-06-02,0,30,2,1,6,-1.9300000000000068,142.03,134.62333333333333,138.87,134.99,134.44,127.61500000000001,41014.895807,33689.925145,140.1
2026-06-01 22:45:00+00:00,2026-06-02 00:45:00+02:00,2026-06-02,0,45,3,1,6,-1.4800000000000182,132.36,127.75,133.23,127.0,130.62,124.00999999999999,40489.744844,33494.196996,130.88
2026-06-01 23:00:00+00:00,2026-06-02 01:00:00+02:00,2026-06-02,1,0,0,1,6,-3.5,144.81,135.55666666666664,140.51,133.66,135.5,127.99000000000001,40029.109111,33209.144375,141.31
2026-06-01 23:15:00+00:00,2026-06-02 01:15:00+02:00,2026-06-02,1,15,1,1,6,-1.789999999999992,132.47,130.19333333333336,132.96,129.7,131.055,125.24,39757.642108,32811.048502000005,130.68
2026-06-01 23:30:00+00:00,2026-06-02 01:30:00+02:00,2026-06-02,1,30,2,1,6,-0.37999999999999545,127.61,127.14333333333333,126.62,126.62,128.925,123.89,39449.728334,32646.319938999997,127.23
2026-06-01 23:45:00+00:00,2026-06-02 01:45:00+02:00,2026-06-02,1,45,3,1,6,-5.5,127.1,124.25999999999999,122.36,125.2,125.945,122.28,39173.003141,32590.343235999997,121.6
2026-06-02 00:00:00+00:00,2026-06-02 02:00:00+02:00,2026-06-02,2,0,0,1,6,-4.509999999999991,130.01,125.10333333333334,122.16,125.87,126.795,121.8,39118.50154,32481.514435999998,125.5
2026-06-02 00:15:00+00:00,2026-06-02 02:15:00+02:00,2026-06-02,2,15,1,1,6,-6.150000000000006,124.98,125.19,125.38,125.38,125.765,120.92500000000001,39090.139278,32528.043826,118.83
2026-06-02 00:30:00+00:00,2026-06-02 02:30:00+02:00,2026-06-02,2,30,2,1,6,-4.929999999999993,124.61,125.09333333333332,125.38,125.38,128.315,120.995,39083.226295,32549.178089,119.68
2026-06-02 00:45:00+00:00,2026-06-02 02:45:00+02:00,2026-06-02,2,45,3,1,6,-5.549999999999997,122.41,122.85666666666667,123.37,123.37,126.50999999999999,119.02000000000001,39072.240685,32558.245684,116.86
2026-06-02 01:00:00+00:00,2026-06-02 03:00:00+02:00,2026-06-02,3,0,0,1,6,-6.3700000000000045,124.34,122.86000000000001,121.75,121.92,124.485,120.30000000000001,39035.699475,32719.331401,117.97
2026-06-02 01:15:00+00:00,2026-06-02 03:15:00+02:00,2026-06-02,3,15,1,1,6,-5.109999999999999,122.99,121.93333333333332,121.24,121.24,124.52,119.455,38911.967948,32773.929827,117.88
2026-06-02 01:30:00+00:00,2026-06-02 03:30:00+02:00,2026-06-02,3,30,2,1,6,-3.4000000000000057,120.2,122.59666666666668,121.18,121.18,125.735,119.88499999999999,39051.937857,33160.273461,116.8
2026-06-02 01:45:00+00:00,2026-06-02 03:45:00+02:00,2026-06-02,3,45,3,1,6,-4.079999999999998,119.06,122.62333333333333,120.9,120.9,121.97999999999999,119.635,39338.717831,33497.522982,114.98
2026-06-02 02:00:00+00:00,2026-06-02 04:00:00+02:00,2026-06-02,4,0,0,1,6,-7.11999999999999,122.41,123.94666666666667,122.15,122.4,125.195,120.14,39906.108301,34030.616263,115.29
2026-06-02 02:15:00+00:00,2026-06-02 04:15:00+02:00,2026-06-02,4,15,1,1,6,-3.1400000000000006,119.01,124.86666666666667,123.0,124.31,124.0,121.21000000000001,40206.513355,34421.475353999995,115.87
2026-06-02 02:30:00+00:00,2026-06-02 04:30:00+02:00,2026-06-02,4,30,2,1,6,-4.230000000000004,120.72,125.75333333333333,124.8,126.1,125.695,122.325,40602.127848,35096.553033000004,116.49
2026-06-02 02:45:00+00:00,2026-06-02 04:45:00+02:00,2026-06-02,4,45,3,1,6,-5.989999999999995,123.97,127.17999999999999,128.69,126.99,126.18,124.63,41208.63034,35903.377596,117.98
2026-06-02 03:00:00+00:00,2026-06-02 05:00:00+02:00,2026-06-02,5,0,0,1,6,-4.590000000000003,121.56,127.13333333333333,127.92,127.26,125.77,121.015,42242.61955,37176.013460999995,116.97
2026-06-02 03:15:00+00:00,2026-06-02 05:15:00+02:00,2026-06-02,5,15,1,1,6,-3.8599999999999994,122.36,126.68333333333334,131.41,125.9,125.35,122.02,42584.658053,37986.402875,118.5
2026-06-02 03:30:00+00:00,2026-06-02 05:30:00+02:00,2026-06-02,5,30,2,1,6,-4.819999999999993,125.0,128.24,137.97,125.6,130.495,122.805,43637.789102,39946.393087000004,120.18
2026-06-02 03:45:00+00:00,2026-06-02 05:45:00+02:00,2026-06-02,5,45,3,1,6,-3.6299999999999955,127.94,130.91666666666666,145.11,125.24,132.575,125.71000000000001,46459.049947,42026.545612,124.31
2026-06-02 04:00:00+00:00,2026-06-02 06:00:00+02:00,2026-06-02,6,0,0,1,6,-1.7500000000000142,128.96,136.03,156.73,127.0,133.57,126.00999999999999,49320.673162,44693.028315999996,127.21
2026-06-02 04:15:00+00:00,2026-06-02 06:15:00+02:00,2026-06-02,6,15,1,1,6,-9.830000000000013,144.0,135.04666666666665,160.2,125.0,137.57,128.675,49111.554127,43911.683607,134.17
2026-06-02 04:30:00+00:00,2026-06-02 06:30:00+02:00,2026-06-02,6,30,2,1,6,0.09000000000000341,134.0,129.6,159.08,115.0,144.57999999999998,130.82,50920.528384,44159.963260000004,134.09
2026-06-02 04:45:00+00:00,2026-06-02 06:45:00+02:00,2026-06-02,6,45,3,1,6,-11.470000000000013,139.46,126.16666666666667,158.4,111.33,132.79,128.34,52314.485488,44501.712448,127.99
2026-06-02 05:00:00+00:00,2026-06-02 07:00:00+02:00,2026-06-02,7,0,0,1,6,-6.329999999999984,148.1,132.34666666666666,167.38,117.23,145.0,132.22,53713.303873,44690.072051,141.77
2026-06-02 05:15:00+00:00,2026-06-02 07:15:00+02:00,2026-06-02,7,15,1,1,6,-7.689999999999998,142.56,124.39333333333333,158.67,112.03,133.62,129.7,54602.147531,44369.56303,134.87
2026-06-02 05:30:00+00:00,2026-06-02 07:30:00+02:00,2026-06-02,7,30,2,1,6,1.5800000000000125,130.42,119.15999999999997,152.88,107.4,129.35,126.49000000000001,55885.394743,43443.363789,132.0
2026-06-02 05:45:00+00:00,2026-06-02 07:45:00+02:00,2026-06-02,7,45,3,1,6,3.460000000000008,122.3,111.05333333333333,147.1,99.22,113.46000000000001,114.80000000000001,56854.688253,42060.640938,125.76
2026-06-02 06:00:00+00:00,2026-06-02 08:00:00+02:00,2026-06-02,8,0,0,1,6,-7.800000000000011,144.02,129.61666666666667,171.29,112.15,139.11,130.595,57907.976075,41091.171899,136.22
2026-06-02 06:15:00+00:00,2026-06-02 08:15:00+02:00,2026-06-02,8,15,1,1,6,-8.430000000000007,137.44,119.48,159.37,101.67,123.65,119.715,58744.719185,39607.46101100001,129.01
2026-06-02 06:30:00+00:00,2026-06-02 08:30:00+02:00,2026-06-02,8,30,2,1,6,-8.969999999999999,127.53,105.83333333333339,142.97,87.72,107.08500000000001,112.11,59320.068442,37540.88837100001,118.56
2026-06-02 06:45:00+00:00,2026-06-02 08:45:00+02:00,2026-06-02,8,45,3,1,6,0.23999999999999488,108.36,89.39999999999999,126.29,80.68,90.6,96.65,59955.367733,35125.326504,108.6
2026-06-02 07:00:00+00:00,2026-06-02 09:00:00+02:00,2026-06-02,9,0,0,1,6,3.089999999999989,121.93,105.48666666666666,158.5,83.38,112.47,114.15,59755.093873,32746.297863000003,125.02
2026-06-02 07:15:00+00:00,2026-06-02 09:15:00+02:00,2026-06-02,9,15,1,1,6,-11.219999999999999,121.27,82.53999999999998,136.77,67.59,87.66,96.04,60163.450733,30330.290646999998,110.05
2026-06-02 07:30:00+00:00,2026-06-02 09:30:00+02:00,2026-06-02,9,30,2,1,6,1.8599999999999994,97.54,67.22333333333333,123.72,54.37,65.05,94.60499999999999,60690.271217,28551.498716999995,99.4
2026-06-02 07:45:00+00:00,2026-06-02 09:45:00+02:00,2026-06-02,9,45,3,1,6,2.030000000000001,94.08,55.309999999999995,115.81,36.43,30.805,81.8,60937.499457,26819.341401000005,96.11
2026-06-02 08:00:00+00:00,2026-06-02 10:00:00+02:00,2026-06-02,10,0,0,1,6,0.3399999999999892,98.93,61.38333333333333,128.81,32.34,38.795,89.325,60672.565497,25098.839017,99.27
2026-06-02 08:15:00+00:00,2026-06-02 10:15:00+02:00,2026-06-02,10,15,1,1,6,0.9300000000000068,93.24,48.02333333333333,120.65,13.61,15.65,81.9,60734.138874,23126.921924000002,94.17
2026-06-02 08:30:00+00:00,2026-06-02 10:30:00+02:00,2026-06-02,10,30,2,1,6,-3.6500000000000057,93.4,41.62666666666666,116.38,6.55,7.609999999999999,71.715,60556.511787,22306.370423000008,89.75
2026-06-02 08:45:00+00:00,2026-06-02 10:45:00+02:00,2026-06-02,10,45,3,1,6,1.2900000000000063,84.3,40.07333333333333,113.64,5.58,2.9,64.45,60655.056218,20740.872987000002,85.59
2026-06-02 09:00:00+00:00,2026-06-02 11:00:00+02:00,2026-06-02,11,0,0,1,6,2.430000000000007,89.82,40.52333333333333,116.17,4.4,9.235,71.6,60368.200311,19213.597701,92.25
2026-06-02 09:15:00+00:00,2026-06-02 11:15:00+02:00,2026-06-02,11,15,1,1,6,-6.679999999999993,94.91,38.91333333333334,114.08,2.66,4.455,63.75,60527.424179,18466.784484999996,88.23
2026-06-02 09:30:00+00:00,2026-06-02 11:30:00+02:00,2026-06-02,11,30,2,1,6,3.039999999999992,83.54,38.273333333333355,111.2,2.62,2.055,55.644999999999996,60729.188952,17729.478816000003,86.58
2026-06-02 09:45:00+00:00,2026-06-02 11:45:00+02:00,2026-06-02,11,45,3,1,6,3.6099999999999994,81.12,34.940000000000005,103.98,0.84,-1.655,50.075,60634.581873,16941.063056000006,84.73
2026-06-02 10:00:00+00:00,2026-06-02 12:00:00+02:00,2026-06-02,12,0,0,1,6,-0.9200000000000017,86.33,34.86666666666667,104.59,0.01,3.5949999999999998,55.475,60116.246568,15848.326804999997,85.41
2026-06-02 10:15:00+00:00,2026-06-02 12:15:00+02:00,2026-06-02,12,15,1,1,6,1.1999999999999886,82.43,33.26000000000002,99.78,0.0,0.105,48.754999999999995,59974.06553,15695.685694,83.63
2026-06-02 10:30:00+00:00,2026-06-02 12:30:00+02:00,2026-06-02,12,30,2,1,6,4.689999999999998,79.41,35.55666666666667,98.8,7.87,0.39,41.224999999999994,60150.181949,15334.464549999997,84.1
2026-06-02 10:45:00+00:00,2026-06-02 12:45:00+02:00,2026-06-02,12,45,3,1,6,10.989999999999995,73.95,33.5733333333333,96.64,4.08,-1.35,38.08,60081.414917,14802.365297999997,84.94
2026-06-02 11:00:00+00:00,2026-06-02 13:00:00+02:00,2026-06-02,13,0,0,1,6,5.8999999999999915,80.09,34.216666666666676,101.81,0.84,-1.22,38.015,59845.408914,14230.080191000001,85.99
2026-06-02 11:15:00+00:00,2026-06-02 13:15:00+02:00,2026-06-02,13,15,1,1,6,0.960000000000008,85.6,33.350000000000044,100.01,0.04,0.09999999999999999,32.335,59608.319316,14102.773151999994,86.56
2026-06-02 11:30:00+00:00,2026-06-02 13:30:00+02:00,2026-06-02,13,30,2,1,6,-0.01999999999999602,86.52,32.66333333333331,97.99,0.0,0.905,29.02,59342.781337,13927.524630999993,86.5
2026-06-02 11:45:00+00:00,2026-06-02 13:45:00+02:00,2026-06-02,13,45,3,1,6,1.0900000000000034,86.69,31.520000000000007,94.56,0.0,0.1,25.89,59032.091724,13441.898387000001,87.78
2026-06-02 12:00:00+00:00,2026-06-02 14:00:00+02:00,2026-06-02,14,0,0,1,6,-0.009999999999990905,84.91,31.616666666666664,94.79,0.06,-1.17,27.08,58838.035222,13717.597303999995,84.9
2026-06-02 12:15:00+00:00,2026-06-02 14:15:00+02:00,2026-06-02,14,15,1,1,6,-0.009999999999990905,89.21,33.026666666666664,99.03,0.05,0.49000000000000005,26.42,58315.219812,13796.585405000005,89.2
2026-06-02 12:30:00+00:00,2026-06-02 14:30:00+02:00,2026-06-02,14,30,2,1,6,-1.0300000000000011,92.5,33.45666666666664,99.16,1.21,-0.09,30.875,58342.505375,13912.709113999997,91.47
2026-06-02 12:45:00+00:00,2026-06-02 14:45:00+02:00,2026-06-02,14,45,3,1,6,-0.28000000000000114,96.51,34.93666666666666,100.82,3.99,0.275,35.075,58079.874406,14581.312945999998,96.23
2026-06-02 13:00:00+00:00,2026-06-02 15:00:00+02:00,2026-06-02,15,0,0,1,6,-2.1899999999999977,91.88,33.23666666666667,98.36,1.35,-1.755,29.015,58039.315803,15600.704156,89.69
2026-06-02 13:15:00+00:00,2026-06-02 15:15:00+02:00,2026-06-02,15,15,1,1,6,-2.4200000000000017,96.5,32.5,98.0,0.0,1.2049999999999998,39.754999999999995,57611.472199,16954.936878,94.08
2026-06-02 13:30:00+00:00,2026-06-02 15:30:00+02:00,2026-06-02,15,30,2,1,6,-2.989999999999995,101.83,34.62666666666669,103.51,0.37,5.485,49.39,57278.278536,17708.744136,98.84
2026-06-02 13:45:00+00:00,2026-06-02 15:45:00+02:00,2026-06-02,15,45,3,1,6,-2.9399999999999977,108.74,38.17,114.51,0.01,8.875,60.239999999999995,56908.514425,19185.780814000005,105.8
2026-06-02 14:00:00+00:00,2026-06-02 16:00:00+02:00,2026-06-02,16,0,0,1,6,-9.39,110.0,36.21,98.93,11.01,2.63,49.05,57188.607837,21112.773729,100.61
2026-06-02 14:15:00+00:00,2026-06-02 16:15:00+02:00,2026-06-02,16,15,1,1,6,-5.13000000000001,111.4,49.53666666666666,104.74,39.0,19.05,67.025,57318.805482,22495.635796999995,106.27
2026-06-02 14:30:00+00:00,2026-06-02 16:30:00+02:00,2026-06-02,16,30,2,1,6,-0.14999999999999147,114.32,62.38000000000003,116.63,63.75,58.095,88.005,57133.250061,24268.562253000004,114.17
2026-06-02 14:45:00+00:00,2026-06-02 16:45:00+02:00,2026-06-02,16,45,3,1,6,-0.1700000000000017,126.08,76.65666666666667,128.15,83.3,49.285,93.75999999999999,56897.184649,25975.655630999998,125.91
2026-06-02 15:00:00+00:00,2026-06-02 17:00:00+02:00,2026-06-02,17,0,0,1,6,-4.159999999999997,120.58,63.04333333333335,110.11,67.4,65.685,81.535,57544.896806,28452.519131000005,116.42
2026-06-02 15:15:00+00:00,2026-06-02 17:15:00+02:00,2026-06-02,17,15,1,1,6,3.450000000000003,121.42,82.28666666666675,114.5,84.44,87.72999999999999,93.77,57579.487856,30934.829790000003,124.87
2026-06-02 15:30:00+00:00,2026-06-02 17:30:00+02:00,2026-06-02,17,30,2,1,6,-3.009999999999991,134.06,106.75666666666666,128.14,107.58,107.83,108.405,57954.939154,33535.465027,131.05
2026-06-02 15:45:00+00:00,2026-06-02 17:45:00+02:00,2026-06-02,17,45,3,1,6,-7.349999999999994,147.2,120.98999999999997,147.79,121.08,127.595,124.215,58049.441015,36179.406124999994,139.85
2026-06-02 16:00:00+00:00,2026-06-02 18:00:00+02:00,2026-06-02,18,0,0,1,6,-3.7700000000000102,135.46,103.67,117.24,111.79,99.185,110.19999999999999,58279.593105,38502.179518000004,131.69
2026-06-02 16:15:00+00:00,2026-06-02 18:15:00+02:00,2026-06-02,18,15,1,1,6,2.920000000000016,137.69,115.87,129.71,121.0,116.305,119.07,58212.447602,41259.327664,140.61
2026-06-02 16:30:00+00:00,2026-06-02 18:30:00+02:00,2026-06-02,18,30,2,1,6,0.6699999999999875,148.72,134.42333333333332,148.33,140.68,140.5,131.64,58275.515257,43268.969918,149.39
2026-06-02 16:45:00+00:00,2026-06-02 18:45:00+02:00,2026-06-02,18,45,3,1,6,-6.52000000000001,170.0,148.03333333333333,170.2,148.98,153.565,141.005,58469.448394,45391.224045999996,163.48
2026-06-02 17:00:00+00:00,2026-06-02 19:00:00+02:00,2026-06-02,19,0,0,1,6,-1.4399999999999977,154.42,139.52333333333334,161.58,132.0,129.025,127.79,58499.229934,47423.027903,152.98
2026-06-02 17:15:00+00:00,2026-06-02 19:15:00+02:00,2026-06-02,19,15,1,1,6,-4.469999999999999,161.7,149.3233333333333,179.03,138.26,145.52,134.71499999999997,58356.567005,49408.575764,157.23
2026-06-02 17:30:00+00:00,2026-06-02 19:30:00+02:00,2026-06-02,19,30,2,1,6,-7.240000000000009,175.18,171.46,223.65,145.73,160.45499999999998,144.505,58180.328913,51082.943665,167.94
2026-06-02 17:45:00+00:00,2026-06-02 19:45:00+02:00,2026-06-02,19,45,3,1,6,-37.5,212.5,207.4766666666666,311.77,160.65,190.35500000000002,154.93,58066.019141,52546.358785000004,175.0
2026-06-02 18:00:00+00:00,2026-06-02 20:00:00+02:00,2026-06-02,20,0,0,1,6,-1.7300000000000182,168.46,184.82333333333335,269.58,144.69,169.275,144.04500000000002,57642.477222,53211.611326,166.73
2026-06-02 18:15:00+00:00,2026-06-02 20:15:00+02:00,2026-06-02,20,15,1,1,6,-20.49000000000001,181.47,209.90999999999997,329.21,156.15,167.53,147.76999999999998,57092.668408,54076.494984,160.98
2026-06-02 18:30:00+00:00,2026-06-02 20:30:00+02:00,2026-06-02,20,30,2,1,6,-5.0,164.29,226.60666666666665,363.32,165.0,185.38,150.385,56608.169899,54474.735922,159.29
2026-06-02 18:45:00+00:00,2026-06-02 20:45:00+02:00,2026-06-02,20,45,3,1,6,-38.64999999999998,192.73,239.29999999999998,391.28,171.5,185.96,154.065,55970.64791,54528.51415,154.08
2026-06-02 19:00:00+00:00,2026-06-02 21:00:00+02:00,2026-06-02,21,0,0,1,6,-17.859999999999985,180.47,236.89666666666668,381.76,175.77,187.2,156.465,55499.146188,54186.70713,162.61
2026-06-02 19:15:00+00:00,2026-06-02 21:15:00+02:00,2026-06-02,21,15,1,1,6,-12.669999999999987,165.01,223.89666666666668,344.51,174.18,174.44,152.42000000000002,55013.260449,53584.777423,152.34
2026-06-02 19:30:00+00:00,2026-06-02 21:30:00+02:00,2026-06-02,21,30,2,1,6,-20.49000000000001,165.34,207.18666666666664,299.75,171.39,171.47,147.23,54200.159506,52643.364958,144.85
2026-06-02 19:45:00+00:00,2026-06-02 21:45:00+02:00,2026-06-02,21,45,3,1,6,-14.090000000000003,150.01,187.60333333333335,253.86,161.33,160.87,137.75,53402.100416,51948.023722,135.92
2026-06-02 20:00:00+00:00,2026-06-02 22:00:00+02:00,2026-06-02,22,0,0,1,6,-13.629999999999995,162.71,207.82000000000002,286.56,177.69,168.31,152.095,52580.145648,50784.020640999996,149.08
2026-06-02 20:15:00+00:00,2026-06-02 22:15:00+02:00,2026-06-02,22,15,1,1,6,-2.9499999999999886,144.7,178.62666666666667,222.35,160.01,158.355,144.505,51572.619801,49788.178131,141.75
2026-06-02 20:30:00+00:00,2026-06-02 22:30:00+02:00,2026-06-02,22,30,2,1,6,-2.8499999999999943,137.94,162.23666666666668,179.98,155.99,151.715,137.20499999999998,50637.837211,48749.421699,135.09
2026-06-02 20:45:00+00:00,2026-06-02 22:45:00+02:00,2026-06-02,22,45,3,1,6,6.219999999999999,125.0,150.06666666666666,160.0,149.31,142.755,128.59,49683.173092,48047.75011,131.22
2026-06-02 21:00:00+00:00,2026-06-02 23:00:00+02:00,2026-06-02,23,0,0,1,6,-6.079999999999984,139.7,159.09666666666666,165.59,158.5,149.615,134.715,48763.072668,46962.341705,133.62
2026-06-02 21:15:00+00:00,2026-06-02 23:15:00+02:00,2026-06-02,23,15,1,1,6,2.1999999999999886,120.01,149.23666666666665,158.19,146.38,142.62,128.28,48004.924485,46135.355802000005,122.21
2026-06-02 21:30:00+00:00,2026-06-02 23:30:00+02:00,2026-06-02,23,30,2,1,6,-7.799999999999997,125.5,146.51333333333332,153.86,143.29,139.97500000000002,126.66499999999999,47286.649059,45224.972918,117.7
2026-06-02 21:45:00+00:00,2026-06-02 23:45:00+02:00,2026-06-02,23,45,3,1,6,-4.540000000000006,113.04,141.54333333333332,143.57,141.21,132.91,124.11500000000001,46613.074761,44148.825346,108.5
2026-06-02 22:00:00+00:00,2026-06-03 00:00:00+02:00,2026-06-03,0,0,0,2,6,-1.0999999999999943,119.1,148.32,151.94,151.94,148.79500000000002,140.68,45902.25168,41601.856176,118.0
2026-06-02 22:15:00+00:00,2026-06-03 00:15:00+02:00,2026-06-03,0,15,1,2,6,0.6700000000000017,118.8,139.23250000000002,140.62,140.62,137.925,135.45,45375.193799,40523.343475,119.47
2026-06-02 22:30:00+00:00,2026-06-03 00:30:00+02:00,2026-06-03,0,30,2,2,6,2.559999999999988,115.01,135.9925,140.1,138.87,134.44,130.0,45135.334646,39490.038725,117.57
2026-06-02 22:45:00+00:00,2026-06-03 00:45:00+02:00,2026-06-03,0,45,3,2,6,2.3000000000000114,112.99,128.5325,130.88,130.88,130.62,125.0,44809.81963,38478.538781999996,115.29
2026-06-02 23:00:00+00:00,2026-06-03 01:00:00+02:00,2026-06-03,1,0,0,2,6,5.3999999999999915,115.01,136.995,141.31,140.51,135.5,128.47,44312.346777,37473.490464,120.41
2026-06-02 23:15:00+00:00,2026-06-03 01:15:00+02:00,2026-06-03,1,15,1,2,6,2.7099999999999937,114.25,130.315,130.68,130.68,130.83499999999998,126.49,43927.512513,36739.573282,116.96
2026-06-02 23:30:00+00:00,2026-06-03 01:30:00+02:00,2026-06-03,1,30,2,2,6,3.010000000000005,111.1,127.165,127.23,127.23,127.97,125.49,43621.770143,35962.702743,114.11
2026-06-02 23:45:00+00:00,2026-06-03 01:45:00+02:00,2026-06-03,1,45,3,2,6,0.18999999999999773,110.01,123.59499999999998,121.6,122.36,125.945,122.2,43353.6809,35289.349815,110.2
2026-06-03 00:00:00+00:00,2026-06-03 02:00:00+02:00,2026-06-03,2,0,0,2,6,3.8200000000000074,107.91,125.2025,125.5,125.5,126.795,122.16,43032.948045,34629.83523700001,111.73
2026-06-03 00:15:00+00:00,2026-06-03 02:15:00+02:00,2026-06-03,2,15,1,2,6,1.539999999999992,107.68,123.6,118.83,125.38,125.64,120.79,42905.322061,34174.680951999995,109.22
2026-06-03 00:30:00+00:00,2026-06-03 02:30:00+02:00,2026-06-03,2,30,2,2,6,1.8999999999999915,107.76,123.74000000000001,119.68,125.38,126.49000000000001,120.89,42929.12949,33797.61805,109.66
2026-06-03 00:45:00+00:00,2026-06-03 02:45:00+02:00,2026-06-03,2,45,3,2,6,6.480000000000004,103.25,121.3575,116.86,123.37,125.11,118.65,42747.105665,33400.527116,109.73
2026-06-03 01:00:00+00:00,2026-06-03 03:00:00+02:00,2026-06-03,3,0,0,2,6,4.109999999999999,105.23,121.6375,117.97,121.75,123.755,119.65,42786.595512,33049.504007999996,109.34
2026-06-03 01:15:00+00:00,2026-06-03 03:15:00+02:00,2026-06-03,3,15,1,2,6,5.219999999999999,104.3,120.91999999999999,117.88,121.24,123.78,119.11,42663.263256,32930.92621,109.52
2026-06-03 01:30:00+00:00,2026-06-03 03:30:00+02:00,2026-06-03,3,30,2,2,6,3.3499999999999943,106.73,121.14750000000001,116.8,121.18,124.9,119.88,42688.7719,32925.516277999996,110.08
2026-06-03 01:45:00+00:00,2026-06-03 03:45:00+02:00,2026-06-03,3,45,3,2,6,2.3699999999999903,108.34,120.7125,114.98,120.9,121.32,119.43,42877.401698,32869.31227,110.71
2026-06-03 02:00:00+00:00,2026-06-03 04:00:00+02:00,2026-06-03,4,0,0,2,6,5.509999999999991,105.01,121.7825,115.29,122.15,124.3,118.13,43202.693052,33051.440552,110.52
2026-06-03 02:15:00+00:00,2026-06-03 04:15:00+02:00,2026-06-03,4,15,1,2,6,4.450000000000003,106.42,122.6175,115.87,123.0,122.41499999999999,119.54,43482.742311,33105.859981,110.87
2026-06-03 02:30:00+00:00,2026-06-03 04:30:00+02:00,2026-06-03,4,30,2,2,6,6.779999999999987,107.68,123.4375,116.49,124.8,125.21000000000001,122.25,43714.233341,33512.080397,114.46
2026-06-03 02:45:00+00:00,2026-06-03 04:45:00+02:00,2026-06-03,4,45,3,2,6,4.170000000000002,108.14,124.88,117.98,125.86,125.725,123.95,44118.235786,33926.529407,112.31
2026-06-03 03:00:00+00:00,2026-06-03 05:00:00+02:00,2026-06-03,5,0,0,2,6,2.1299999999999955,108.29,124.5925,116.97,126.22,124.86,120.73,45008.189947,34850.573748,110.42
2026-06-03 03:15:00+00:00,2026-06-03 05:15:00+02:00,2026-06-03,5,15,1,2,6,5.039999999999992,109.84,124.6375,118.5,122.74,124.775,121.3,45272.571962,34700.655524,114.88
2026-06-03 03:30:00+00:00,2026-06-03 05:30:00+02:00,2026-06-03,5,30,2,2,6,8.980000000000004,113.69,126.225,120.18,121.15,127.86500000000001,122.33,45476.523064,33599.944180000006,122.67
2026-06-03 03:45:00+00:00,2026-06-03 05:45:00+02:00,2026-06-03,5,45,3,2,6,3.8700000000000045,121.28,129.265,124.31,124.31,129.57,125.24,47861.547133,35851.140529,125.15
2026-06-03 04:00:00+00:00,2026-06-03 06:00:00+02:00,2026-06-03,6,0,0,2,6,1.0999999999999943,127.34,133.825,127.21,127.21,130.62,127.0,50176.348994,36515.674685,128.44
2026-06-03 04:15:00+00:00,2026-06-03 06:15:00+02:00,2026-06-03,6,15,1,2,6,1.7199999999999989,131.5,134.8275,134.17,134.17,137.57,132.35,50264.50302,35981.647522,133.22
2026-06-03 04:30:00+00:00,2026-06-03 06:30:00+02:00,2026-06-03,6,30,2,2,6,2.469999999999999,132.23,130.7225,134.09,134.09,141.445,134.09,51559.980616,36593.164124,134.7
2026-06-03 04:45:00+00:00,2026-06-03 06:45:00+02:00,2026-06-03,6,45,3,2,6,-0.7800000000000011,136.28,126.6225,127.99,127.99,132.79,127.99,53102.418111,36282.153019,135.5
2026-06-03 05:00:00+00:00,2026-06-03 07:00:00+02:00,2026-06-03,7,0,0,2,6,6.680000000000007,137.94,134.70250000000001,141.77,141.77,145.0,140.35,54564.138572,35509.311468,144.62
2026-06-03 05:15:00+00:00,2026-06-03 07:15:00+02:00,2026-06-03,7,15,1,2,6,5.450000000000017,135.01,127.0125,134.87,134.87,133.62,134.87,55458.496191,35493.704486999995,140.46
2026-06-03 05:30:00+00:00,2026-06-03 07:30:00+02:00,2026-06-03,7,30,2,2,6,2.1499999999999773,134.02,122.36999999999998,132.0,132.0,128.225,131.12,56600.951638,34989.591085,136.17
2026-06-03 05:45:00+00:00,2026-06-03 07:45:00+02:00,2026-06-03,7,45,3,2,6,4.0,126.0,114.72999999999999,125.76,125.76,113.46000000000001,116.37,57633.381304,33773.099455,130.0
2026-06-03 06:00:00+00:00,2026-06-03 08:00:00+02:00,2026-06-03,8,0,0,2,6,8.0,140.0,131.26749999999998,136.22,136.22,139.11,134.24,58468.106493,32708.952321000004,148.0
2026-06-03 06:15:00+00:00,2026-06-03 08:15:00+02:00,2026-06-03,8,15,1,2,6,6.340000000000003,127.0,121.8625,129.01,129.01,123.65,125.74,59340.444139,31648.894659999998,133.34
2026-06-03 06:30:00+00:00,2026-06-03 08:30:00+02:00,2026-06-03,8,30,2,2,6,5.319999999999993,119.0,109.01500000000004,118.56,118.56,107.08500000000001,115.1,59937.448764,30344.045054999995,124.32
2026-06-03 06:45:00+00:00,2026-06-03 08:45:00+02:00,2026-06-03,8,45,3,2,6,-0.3100000000000023,113.31,94.2,108.6,108.6,90.6,106.5,60476.785932,28723.826757000003,113.0
2026-06-03 07:00:00+00:00,2026-06-03 09:00:00+02:00,2026-06-03,9,0,0,2,6,-6.670000000000016,133.27,110.36999999999999,125.02,125.02,112.47,116.81,60346.270297,26826.885782999998,126.6
2026-06-03 07:15:00+00:00,2026-06-03 09:15:00+02:00,2026-06-03,9,15,1,2,6,8.570000000000007,108.8,89.41749999999999,110.05,110.05,87.66,98.29,60956.795957,25193.109405999996,117.37
2026-06-03 07:30:00+00:00,2026-06-03 09:30:00+02:00,2026-06-03,9,30,2,2,6,1.5700000000000074,106.27,75.2675,99.4,99.4,65.05,95.49,61361.962072,24087.295033999995,107.84
2026-06-03 07:45:00+00:00,2026-06-03 09:45:00+02:00,2026-06-03,9,45,3,2,6,4.340000000000003,92.16,65.50999999999999,96.11,96.11,30.805,84.0,61764.289516,22703.668490000004,96.5
2026-06-03 08:00:00+00:00,2026-06-03 10:00:00+02:00,2026-06-03,10,0,0,2,6,-0.060000000000002274,103.2,70.855,99.27,99.27,38.795,91.37,61304.564852,21798.606806999996,103.14
2026-06-03 08:15:00+00:00,2026-06-03 10:15:00+02:00,2026-06-03,10,15,1,2,6,0.8699999999999903,94.48,59.56,94.17,94.17,15.65,83.09,61734.415224,20542.001233999996,95.35
2026-06-03 08:30:00+00:00,2026-06-03 10:30:00+02:00,2026-06-03,10,30,2,2,6,20.739999999999995,73.0,53.65749999999999,89.75,89.75,7.609999999999999,73.27,61808.48578,18950.073357999994,93.74
2026-06-03 08:45:00+00:00,2026-06-03 10:45:00+02:00,2026-06-03,10,45,3,2,6,23.060000000000002,65.11,51.4525,85.59,85.59,2.9,66.73,62117.536463,18055.826412000002,88.17
2026-06-03 09:00:00+00:00,2026-06-03 11:00:00+02:00,2026-06-03,11,0,0,2,6,-2.3400000000000034,89.95,53.455,92.25,92.25,9.235,76.0,61749.797042,16789.233477999995,87.61
2026-06-03 09:15:00+00:00,2026-06-03 11:15:00+02:00,2026-06-03,11,15,1,2,6,20.840000000000003,57.14,51.24250000000001,88.23,88.23,4.455,66.89,61874.490425,15799.471456,77.98
2026-06-03 09:30:00+00:00,2026-06-03 11:30:00+02:00,2026-06-03,11,30,2,2,6,30.86,42.56,50.350000000000016,86.58,86.58,2.055,59.3,61993.188522,15318.661281999994,73.42
2026-06-03 09:45:00+00:00,2026-06-03 11:45:00+02:00,2026-06-03,11,45,3,2,6,33.09,27.98,47.3875,84.73,84.73,-1.655,56.85,62376.690246,14496.008661,61.07
2026-06-03 10:00:00+00:00,2026-06-03 12:00:00+02:00,2026-06-03,12,0,0,2,6,35.019999999999996,33.44,47.5025,85.41,85.41,3.5949999999999998,60.74,62243.718669,14236.817208999993,68.46
2026-06-03 10:15:00+00:00,2026-06-03 12:15:00+02:00,2026-06-03,12,15,1,2,6,27.009999999999998,27.25,45.85250000000001,83.63,83.63,0.105,52.96,61461.734155,13703.646672000003,54.26
2026-06-03 10:30:00+00:00,2026-06-03 12:30:00+02:00,2026-06-03,12,30,2,2,6,-5.529999999999994,52.37,47.6925,84.1,84.1,0.39,42.51,61229.571552,13882.011722000003,46.84
2026-06-03 10:45:00+00:00,2026-06-03 12:45:00+02:00,2026-06-03,12,45,3,2,6,20.98,18.7,46.41499999999998,84.94,84.94,-1.35,40.93,61314.542051,13788.851025000004,39.68
2026-06-03 11:00:00+00:00,2026-06-03 13:00:00+02:00,2026-06-03,13,0,0,2,6,-4.560000000000002,50.09,47.160000000000004,85.99,85.99,-1.22,45.03,60728.460935,13486.709580999996,45.53
2026-06-03 11:15:00+00:00,2026-06-03 13:15:00+02:00,2026-06-03,13,15,1,2,6,-1.6199999999999974,40.0,46.65250000000003,86.56,86.56,0.09999999999999999,35.7,60631.634078,14257.404664000002,38.38
2026-06-03 11:30:00+00:00,2026-06-03 13:30:00+02:00,2026-06-03,13,30,2,2,6,-2.039999999999999,35.35,46.12249999999999,86.5,86.5,0.905,32.94,60179.862522,14633.615418999994,33.31
2026-06-03 11:45:00+00:00,2026-06-03 13:45:00+02:00,2026-06-03,13,45,3,2,6,8.899999999999999,15.0,45.58500000000001,87.78,87.78,0.1,27.53,59318.373871,14919.225833999997,23.9
2026-06-03 12:00:00+00:00,2026-06-03 14:00:00+02:00,2026-06-03,14,0,0,2,6,-2.4400000000000013,29.21,44.9375,84.9,84.9,-1.17,30.16,59304.330744,15095.885395999998,26.77
2026-06-03 12:15:00+00:00,2026-06-03 14:15:00+02:00,2026-06-03,14,15,1,2,6,-5.090000000000003,36.06,47.07,89.2,89.2,0.49000000000000005,31.11,58692.698741,15737.750655000003,30.97
2026-06-03 12:30:00+00:00,2026-06-03 14:30:00+02:00,2026-06-03,14,30,2,2,6,-6.060000000000002,37.88,47.95999999999998,91.47,91.47,-0.09,37.5,58732.049105,16290.578467,31.82
2026-06-03 12:45:00+00:00,2026-06-03 14:45:00+02:00,2026-06-03,14,45,3,2,6,-9.380000000000003,49.02,50.26,96.23,96.23,0.275,42.05,58405.243173,17054.729310000002,39.64
2026-06-03 13:00:00+00:00,2026-06-03 15:00:00+02:00,2026-06-03,15,0,0,2,6,-3.91,29.38,47.35,89.69,89.69,-1.755,32.23,58352.259753,18517.483117000003,25.47
2026-06-03 13:15:00+00:00,2026-06-03 15:15:00+02:00,2026-06-03,15,15,1,2,6,-5.380000000000003,44.81,47.894999999999996,94.08,94.08,1.2049999999999998,40.33,57605.241314,19899.16979,39.43
2026-06-03 13:30:00+00:00,2026-06-03 15:30:00+02:00,2026-06-03,15,30,2,2,6,-8.259999999999998,48.75,50.68000000000002,98.84,98.84,5.485,52.52,57339.952473,20182.870189,40.49
2026-06-03 13:45:00+00:00,2026-06-03 15:45:00+02:00,2026-06-03,15,45,3,2,6,-21.75999999999999,65.46,55.0775,105.8,105.8,8.875,67.11,56957.166529,21717.750181999996,43.7
2026-06-03 14:00:00+00:00,2026-06-03 16:00:00+02:00,2026-06-03,16,0,0,2,6,1.9699999999999989,39.19,52.31,100.61,98.93,2.63,55.0,57123.925977,23798.539188999996,41.16
2026-06-03 14:15:00+00:00,2026-06-03 16:15:00+02:00,2026-06-03,16,15,1,2,6,5.07,54.55,63.71999999999999,106.27,104.74,19.05,70.29,57071.338577,25091.512043000002,59.62
2026-06-03 14:30:00+00:00,2026-06-03 16:30:00+02:00,2026-06-03,16,30,2,2,6,-11.14,84.14,75.32750000000001,114.17,114.17,58.095,90.47,56583.192255,26524.407161999996,73.0
2026-06-03 14:45:00+00:00,2026-06-03 16:45:00+02:00,2026-06-03,16,45,3,2,6,-13.540000000000006,107.76,88.97,125.91,125.91,49.285,96.88,56709.238611,28202.44,94.22
2026-06-03 15:00:00+00:00,2026-06-03 17:00:00+02:00,2026-06-03,17,0,0,2,6,0.14000000000000057,67.87,76.38750000000002,116.42,110.11,65.685,89.12,57352.038777,30320.623461000003,68.01
2026-06-03 15:15:00+00:00,2026-06-03 17:15:00+02:00,2026-06-03,17,15,1,2,6,-11.22999999999999,95.07,92.93250000000006,124.87,114.5,87.72999999999999,94.44,57342.639396,31942.991713000003,83.84
2026-06-03 15:30:00+00:00,2026-06-03 17:30:00+02:00,2026-06-03,17,30,2,2,6,-3.910000000000011,106.37,112.83000000000001,131.05,128.14,107.83,109.23,57509.058268,33560.353678,102.46
2026-06-03 15:45:00+00:00,2026-06-03 17:45:00+02:00,2026-06-03,17,45,3,2,6,-4.909999999999997,117.41,125.70499999999998,139.85,139.85,127.595,125.14,57978.625084,35253.40543,112.5
2026-06-03 16:00:00+00:00,2026-06-03 18:00:00+02:00,2026-06-03,18,0,0,2,6,-4.950000000000003,103.26,110.675,131.69,117.24,99.185,111.38,58506.282317,37670.344668,98.31
2026-06-03 16:15:00+00:00,2026-06-03 18:15:00+02:00,2026-06-03,18,15,1,2,6,-15.509999999999991,124.99,122.055,140.61,129.71,116.305,121.0,58279.379205,39024.072204,109.48
2026-06-03 16:30:00+00:00,2026-06-03 18:30:00+02:00,2026-06-03,18,30,2,2,6,-4.049999999999997,130.81,138.165,149.39,148.33,140.5,135.38,58273.775808,40040.884261,126.76
2026-06-03 16:45:00+00:00,2026-06-03 18:45:00+02:00,2026-06-03,18,45,3,2,6,-17.610000000000014,150.9,151.89499999999998,163.48,163.48,153.565,144.36,58508.236559,41400.415976,133.29
2026-06-03 17:00:00+00:00,2026-06-03 19:00:00+02:00,2026-06-03,19,0,0,2,6,-10.86999999999999,132.76,142.8875,152.98,152.98,129.025,129.3,58461.767893,42582.333465,121.89
2026-06-03 17:15:00+00:00,2026-06-03 19:15:00+02:00,2026-06-03,19,15,1,2,6,-15.009999999999991,146.82,151.29999999999995,157.23,157.23,145.52,135.54,58304.005792,43222.89021299999,131.81
2026-06-03 17:30:00+00:00,2026-06-03 19:30:00+02:00,2026-06-03,19,30,2,2,6,-1.3600000000000136,141.58,170.57999999999998,167.94,167.94,160.45499999999998,145.0,58104.662751,44106.701559,140.22
2026-06-03 17:45:00+00:00,2026-06-03 19:45:00+02:00,2026-06-03,19,45,3,2,6,-24.080000000000013,175.0,199.35749999999996,175.0,175.0,190.35500000000002,155.04,57764.627683,44693.238091,150.92
2026-06-03 18:00:00+00:00,2026-06-03 20:00:00+02:00,2026-06-03,20,0,0,2,6,-5.900000000000006,152.9,180.29999999999998,166.73,166.73,166.35500000000002,144.69,57253.817215,44872.709491,147.0
2026-06-03 18:15:00+00:00,2026-06-03 20:15:00+02:00,2026-06-03,20,15,1,2,6,-8.27000000000001,154.91,197.67749999999998,160.98,160.98,167.53,148.12,56543.381136,44787.747239,146.64
2026-06-03 18:30:00+00:00,2026-06-03 20:30:00+02:00,2026-06-03,20,30,2,2,6,2.700000000000017,145.29,209.7775,159.29,159.29,176.76,151.5,55894.814073,44354.615956,147.99
2026-06-03 18:45:00+00:00,2026-06-03 20:45:00+02:00,2026-06-03,20,45,3,2,6,-18.28,162.09,217.995,154.08,155.12,191.51999999999998,154.08,55425.184649,43871.361109,143.81
2026-06-03 19:00:00+00:00,2026-06-03 21:00:00+02:00,2026-06-03,21,0,0,2,6,-11.240000000000009,160.52,218.325,162.61,162.61,184.12,159.77,54894.925448,43152.223562,149.28
2026-06-03 19:15:00+00:00,2026-06-03 21:15:00+02:00,2026-06-03,21,15,1,2,6,-10.359999999999985,150.01,206.0075,152.34,153.0,173.53,152.34,54270.841841,42174.106440999996,139.65
2026-06-03 19:30:00+00:00,2026-06-03 21:30:00+02:00,2026-06-03,21,30,2,2,6,-13.470000000000027,143.11,191.6025,144.85,150.42,171.47,144.85,53690.863624,40956.630076999994,129.64
2026-06-03 19:45:00+00:00,2026-06-03 21:45:00+02:00,2026-06-03,21,45,3,2,6,-10.75,132.75,174.6825,135.92,147.62,160.87,137.15,52902.657196,39699.867395,122.0
2026-06-03 20:00:00+00:00,2026-06-03 22:00:00+02:00,2026-06-03,22,0,0,2,6,-2.710000000000008,139.12,193.13500000000002,149.08,159.21,168.31,152.0,51935.536656,38346.402332,136.41
2026-06-03 20:15:00+00:00,2026-06-03 22:15:00+02:00,2026-06-03,22,15,1,2,6,-0.6400000000000006,127.45,169.4075,141.75,153.52,158.355,144.01,51010.447576,37088.944139,126.81
2026-06-03 20:30:00+00:00,2026-06-03 22:30:00+02:00,2026-06-03,22,30,2,2,6,-1.7600000000000051,117.73,155.45,135.09,150.74,151.715,136.38,50063.245827,35960.910204,115.97
2026-06-03 20:45:00+00:00,2026-06-03 22:45:00+02:00,2026-06-03,22,45,3,2,6,-3.799999999999997,111.2,145.355,131.22,140.89,142.755,131.22,49002.53635,34976.265448000006,107.4
2026-06-03 21:00:00+00:00,2026-06-03 23:00:00+02:00,2026-06-03,23,0,0,2,6,-4.280000000000001,115.97,152.7275,133.62,158.5,149.615,133.62,48100.043983,33894.807818999994,111.69
2026-06-03 21:15:00+00:00,2026-06-03 23:15:00+02:00,2026-06-03,23,15,1,2,6,-6.8799999999999955,108.8,142.48,122.21,146.38,142.62,127.56,47175.618225,33381.668653999994,101.92
2026-06-03 21:30:00+00:00,2026-06-03 23:30:00+02:00,2026-06-03,23,30,2,2,6,-1.4200000000000017,100.3,139.31,117.7,143.29,139.97500000000002,124.99,46393.786754,32598.950743999998,98.88
2026-06-03 21:45:00+00:00,2026-06-03 23:45:00+02:00,2026-06-03,23,45,3,2,6,1.1000000000000085,82.41,133.2825,108.5,139.85,132.91,120.39,45710.525368,31738.790415999996,83.51
2026-06-03 22:00:00+00:00,2026-06-04 00:00:00+02:00,2026-06-04,0,0,0,3,6,-8.0,100.55,142.256,118.0,151.94,148.79500000000002,140.68,45241.292695,27984.796302999996,92.55
2026-06-03 22:15:00+00:00,2026-06-04 00:15:00+02:00,2026-06-04,0,15,1,3,6,-6.769999999999996,90.2,135.28000000000003,119.47,140.62,137.925,135.45,44781.028119,27570.804776000004,83.43
2026-06-03 22:30:00+00:00,2026-06-04 00:30:00+02:00,2026-06-04,0,30,2,3,6,-5.439999999999998,84.99,132.308,117.57,138.87,134.44,130.0,44276.043547,27638.941919000004,79.55
2026-06-03 22:45:00+00:00,2026-06-04 00:45:00+02:00,2026-06-04,0,45,3,3,6,-14.780000000000001,79.99,125.88399999999999,115.29,130.88,130.62,125.0,43865.773717,27132.988634999998,65.21
2026-06-03 23:00:00+00:00,2026-06-04 01:00:00+02:00,2026-06-04,1,0,0,3,6,-8.819999999999993,80.46,133.678,120.41,140.51,135.5,128.47,43452.815642,26829.817946000003,71.64
2026-06-03 23:15:00+00:00,2026-06-04 01:15:00+02:00,2026-06-04,1,15,1,3,6,-9.310000000000002,79.81,127.644,116.96,130.68,130.83499999999998,126.49,43127.89173,26642.254259,70.5
2026-06-03 23:30:00+00:00,2026-06-04 01:30:00+02:00,2026-06-04,1,30,2,3,6,-7.1299999999999955,73.25,124.554,114.11,126.62,127.97,125.49,42817.411071,26395.04501,66.12
2026-06-03 23:45:00+00:00,2026-06-04 01:45:00+02:00,2026-06-04,1,45,3,3,6,-6.480000000000004,69.09,120.91599999999998,110.2,121.6,125.945,122.2,42823.962303,26345.059028,62.61
2026-06-04 00:00:00+00:00,2026-06-04 02:00:00+02:00,2026-06-04,2,0,0,3,6,-8.519999999999996,69.99,122.508,111.73,122.16,126.795,122.16,42694.404069,26240.607962000002,61.47
2026-06-04 00:15:00+00:00,2026-06-04 02:15:00+02:00,2026-06-04,2,15,1,3,6,-8.400000000000006,68.7,120.724,109.22,118.83,125.64,120.79,42406.529191,26173.341637999998,60.3
2026-06-04 00:30:00+00:00,2026-06-04 02:30:00+02:00,2026-06-04,2,30,2,3,6,-5.189999999999998,63.57,120.924,109.66,119.68,126.49000000000001,120.89,42289.145186,26454.015748,58.38
2026-06-04 00:45:00+00:00,2026-06-04 02:45:00+02:00,2026-06-04,2,45,3,3,6,-9.780000000000001,65.83,119.032,109.73,116.86,125.11,118.65,42304.014825,26520.261452000002,56.05
2026-06-04 01:00:00+00:00,2026-06-04 03:00:00+02:00,2026-06-04,3,0,0,3,6,-6.500000000000007,66.4,119.178,109.34,117.97,123.755,119.65,42314.60093,26478.067504000002,59.9
2026-06-04 01:15:00+00:00,2026-06-04 03:15:00+02:00,2026-06-04,3,15,1,3,6,-6.380000000000003,65.0,118.63999999999999,109.52,117.88,123.78,119.11,42158.652709,26328.646088000005,58.62
2026-06-04 01:30:00+00:00,2026-06-04 03:30:00+02:00,2026-06-04,3,30,2,3,6,-8.770000000000003,66.98,118.934,110.08,116.8,124.9,119.88,42260.21664,26536.924767999997,58.21
2026-06-04 01:45:00+00:00,2026-06-04 03:45:00+02:00,2026-06-04,3,45,3,3,6,-10.829999999999998,68.69,118.71199999999999,110.71,114.98,121.32,119.43,42254.341474,26868.594536000004,57.86
2026-06-04 02:00:00+00:00,2026-06-04 04:00:00+02:00,2026-06-04,4,0,0,3,6,-8.679999999999993,66.49,119.53,110.52,115.29,124.3,118.13,42441.34951,27362.655744000003,57.81
2026-06-04 02:15:00+00:00,2026-06-04 04:15:00+02:00,2026-06-04,4,15,1,3,6,-9.030000000000001,66.2,120.268,110.87,115.87,122.41499999999999,119.54,42577.925195,27786.388624,57.17
2026-06-04 02:30:00+00:00,2026-06-04 04:30:00+02:00,2026-06-04,4,30,2,3,6,-8.730000000000004,66.17,121.64200000000001,114.46,116.49,125.21000000000001,122.25,42967.233488,28322.011915,57.44
2026-06-04 02:45:00+00:00,2026-06-04 04:45:00+02:00,2026-06-04,4,45,3,3,6,-10.21,70.0,122.36600000000001,112.31,117.98,125.725,123.95,43028.477411,29117.838495999997,59.79
2026-06-04 03:00:00+00:00,2026-06-04 05:00:00+02:00,2026-06-04,5,0,0,3,6,-9.400000000000006,64.12,121.758,110.42,116.97,124.86,120.73,44200.191737,30015.700855999996,54.72
2026-06-04 03:15:00+00:00,2026-06-04 05:15:00+02:00,2026-06-04,5,15,1,3,6,-12.180000000000007,68.59,122.686,114.88,118.5,124.775,121.3,44398.426919,30167.087364000003,56.41
2026-06-04 03:30:00+00:00,2026-06-04 05:30:00+02:00,2026-06-04,5,30,2,3,6,-17.209999999999994,73.07,125.51400000000001,122.67,122.67,127.86500000000001,122.67,45015.797156,30366.358902999997,55.86
2026-06-04 03:45:00+00:00,2026-06-04 05:45:00+02:00,2026-06-04,5,45,3,3,6,-15.600000000000001,72.0,128.442,125.15,125.15,128.445,125.15,47202.718162,31640.727152999996,56.4
2026-06-04 04:00:00+00:00,2026-06-04 06:00:00+02:00,2026-06-04,6,0,0,3,6,-22.0,80.0,132.748,128.44,128.44,130.62,127.21,49589.160695,33469.848942,58.0
2026-06-04 04:15:00+00:00,2026-06-04 06:15:00+02:00,2026-06-04,6,15,1,3,6,-23.53,85.09,134.506,133.22,134.17,137.57,133.22,49243.165712,34082.759253000004,61.56
2026-06-04 04:30:00+00:00,2026-06-04 06:30:00+02:00,2026-06-04,6,30,2,3,6,-9.769999999999996,74.77,131.518,134.7,134.7,138.79500000000002,134.09,50578.456936,34924.341741,65.0
2026-06-04 04:45:00+00:00,2026-06-04 06:45:00+02:00,2026-06-04,6,45,3,3,6,-25.03,88.47,128.398,135.5,135.5,133.925,127.99,51772.543945,35440.577062000004,63.44
2026-06-04 05:00:00+00:00,2026-06-04 07:00:00+02:00,2026-06-04,7,0,0,3,6,-2.1899999999999977,89.02,136.686,144.62,144.62,145.0,140.35,52875.331035,35995.218024,86.83
2026-06-04 05:15:00+00:00,2026-06-04 07:15:00+02:00,2026-06-04,7,15,1,3,6,5.239999999999995,79.26,129.702,140.46,140.46,135.325,134.87,53874.973725,35723.61744,84.5
2026-06-04 05:30:00+00:00,2026-06-04 07:30:00+02:00,2026-06-04,7,30,2,3,6,3.5,76.4,125.12999999999997,136.17,136.17,128.225,131.12,55160.154131,35063.847903999995,79.9
2026-06-04 05:45:00+00:00,2026-06-04 07:45:00+02:00,2026-06-04,7,45,3,3,6,-2.5900000000000034,78.73,117.78399999999999,130.0,130.0,113.46000000000001,116.37,56354.905808,34282.393772,76.14
2026-06-04 06:00:00+00:00,2026-06-04 08:00:00+02:00,2026-06-04,8,0,0,3,6,-10.570000000000007,102.37,134.61399999999998,148.0,148.0,140.5,134.24,57232.023916,33251.403193,91.8
2026-06-04 06:15:00+00:00,2026-06-04 08:15:00+02:00,2026-06-04,8,15,1,3,6,8.75,70.01,124.15799999999999,133.34,133.34,124.0,125.74,57892.526853,32021.402498000003,78.76
2026-06-04 06:30:00+00:00,2026-06-04 08:30:00+02:00,2026-06-04,8,30,2,3,6,9.139999999999993,60.27,112.07600000000002,124.32,124.32,107.08500000000001,115.1,58414.788741,29929.604895999997,69.41
2026-06-04 06:45:00+00:00,2026-06-04 08:45:00+02:00,2026-06-04,8,45,3,3,6,1.990000000000002,45.82,97.96000000000001,113.0,113.0,90.6,106.5,59094.937744,27804.994988000006,47.81
2026-06-04 07:00:00+00:00,2026-06-04 09:00:00+02:00,2026-06-04,9,0,0,3,6,7.739999999999995,49.99,113.61599999999999,126.6,126.6,112.47,116.81,59138.137194,26100.104756,57.73
2026-06-04 07:15:00+00:00,2026-06-04 09:15:00+02:00,2026-06-04,9,15,1,3,6,7.600000000000001,34.99,95.008,117.37,117.37,87.66,98.29,59307.721175,24697.50181,42.59
2026-06-04 07:30:00+00:00,2026-06-04 09:30:00+02:00,2026-06-04,9,30,2,3,6,1.4600000000000009,20.54,81.782,107.84,107.84,65.05,95.49,59815.902077,23978.357529,22.0
2026-06-04 07:45:00+00:00,2026-06-04 09:45:00+02:00,2026-06-04,9,45,3,3,6,-1.5999999999999996,9.76,71.708,96.5,96.5,30.805,84.0,60452.909117,22694.485801000003,8.16
2026-06-04 08:00:00+00:00,2026-06-04 10:00:00+02:00,2026-06-04,10,0,0,3,6,2.3599999999999994,14.14,77.312,103.14,103.14,38.795,91.37,60259.425576,21375.738600000004,16.5
2026-06-04 08:15:00+00:00,2026-06-04 10:15:00+02:00,2026-06-04,10,15,1,3,6,0.0,5.0,66.718,95.35,95.35,15.65,83.09,60489.06746,20992.339401999998,5.0
2026-06-04 08:30:00+00:00,2026-06-04 10:30:00+02:00,2026-06-04,10,30,2,3,6,2.48,0.02,61.67399999999999,93.74,93.74,7.609999999999999,73.27,60891.542039,19107.193385,2.5
2026-06-04 08:45:00+00:00,2026-06-04 10:45:00+02:00,2026-06-04,10,45,3,3,6,-0.01,0.0,58.79600000000001,88.17,88.17,2.9,66.73,60628.889734,17926.010267999998,-0.01
2026-06-04 09:00:00+00:00,2026-06-04 11:00:00+02:00,2026-06-04,11,0,0,3,6,-0.8499999999999996,4.26,60.286,87.61,92.25,9.235,76.0,60605.697479,17301.016351,3.41
2026-06-04 09:15:00+00:00,2026-06-04 11:15:00+02:00,2026-06-04,11,15,1,3,6,-1.75,1.75,56.59000000000001,77.98,88.23,4.455,66.89,60844.81537,16367.670274999997,0.0
2026-06-04 09:30:00+00:00,2026-06-04 11:30:00+02:00,2026-06-04,11,30,2,3,6,-0.020000000000000018,0.46,54.96400000000001,73.42,86.58,2.055,59.3,60767.788689,14960.440883000003,0.44
2026-06-04 09:45:00+00:00,2026-06-04 11:45:00+02:00,2026-06-04,11,45,3,3,6,4.16,-0.01,50.124,61.07,84.73,-1.655,56.85,60504.316905,14296.351118999999,4.15
2026-06-04 10:00:00+00:00,2026-06-04 12:00:00+02:00,2026-06-04,12,0,0,3,6,-0.1299999999999999,5.6,51.694,68.46,85.41,3.5949999999999998,60.74,60272.766111,13130.702785000001,5.47
2026-06-04 10:15:00+00:00,2026-06-04 12:15:00+02:00,2026-06-04,12,15,1,3,6,7.03,-1.82,47.534000000000006,54.26,83.63,0.105,52.96,59941.862889,12917.112694000003,5.21
2026-06-04 10:30:00+00:00,2026-06-04 12:30:00+02:00,2026-06-04,12,30,2,3,6,0.5,2.5,47.522000000000006,46.84,84.1,0.39,42.51,59880.975306,12102.915846999997,3.0
2026-06-04 10:45:00+00:00,2026-06-04 12:45:00+02:00,2026-06-04,12,45,3,3,6,5.640000000000001,-3.4,45.06799999999998,39.68,84.94,-1.35,39.68,59726.412598,12398.894822000002,2.24
2026-06-04 11:00:00+00:00,2026-06-04 13:00:00+02:00,2026-06-04,13,0,0,3,6,3.89,0.4,46.834,45.53,85.99,-1.22,45.03,58655.426351,10504.249429999996,4.29
2026-06-04 11:15:00+00:00,2026-06-04 13:15:00+02:00,2026-06-04,13,15,1,3,6,8.58,-0.05,44.998000000000026,38.38,86.56,0.09999999999999999,35.7,58870.886767,10200.290180999997,8.53
2026-06-04 11:30:00+00:00,2026-06-04 13:30:00+02:00,2026-06-04,13,30,2,3,6,3.34,0.5,43.55999999999999,33.31,86.5,0.905,32.94,58239.775022,9777.327955999994,3.84
2026-06-04 11:45:00+00:00,2026-06-04 13:45:00+02:00,2026-06-04,13,45,3,3,6,10.11,-0.08,41.248000000000005,23.9,87.78,0.1,24.25,58001.14655,8394.843705000007,10.03
2026-06-04 12:00:00+00:00,2026-06-04 14:00:00+02:00,2026-06-04,14,0,0,3,6,8.879999999999999,-5.01,41.304,26.77,84.9,-1.17,26.77,57663.278274,9053.261663000005,3.87
2026-06-04 12:15:00+00:00,2026-06-04 14:15:00+02:00,2026-06-04,14,15,1,3,6,5.42,-0.01,43.85,30.97,89.2,0.49000000000000005,30.97,57231.090539,8503.188268999998,5.41
2026-06-04 12:30:00+00:00,2026-06-04 14:30:00+02:00,2026-06-04,14,30,2,3,6,8.34,-0.04,44.731999999999985,31.82,91.47,-0.09,31.82,56837.476948,8494.177861999997,8.3
2026-06-04 12:45:00+00:00,2026-06-04 14:45:00+02:00,2026-06-04,14,45,3,3,6,6.43,-0.01,48.136,39.64,96.23,0.275,39.64,56713.629399,8153.414865999999,6.42
2026-06-04 13:00:00+00:00,2026-06-04 15:00:00+02:00,2026-06-04,15,0,0,3,6,7.87,-3.89,42.974000000000004,25.47,89.69,-1.755,25.8,56791.067135,9011.012945999995,3.98
2026-06-04 13:15:00+00:00,2026-06-04 15:15:00+02:00,2026-06-04,15,15,1,3,6,2.14,0.0,46.202,39.43,94.08,1.2049999999999998,39.43,56189.687761,8653.393789999995,2.14
2026-06-04 13:30:00+00:00,2026-06-04 15:30:00+02:00,2026-06-04,15,30,2,3,6,-8.110000000000001,11.8,48.64200000000001,40.49,98.84,5.485,46.26,55601.807817,9689.945791999999,3.69
2026-06-04 13:45:00+00:00,2026-06-04 15:45:00+02:00,2026-06-04,15,45,3,3,6,2.21,6.45,52.802,43.7,105.8,8.875,53.37,55464.645754,10750.004001000001,8.66
2026-06-04 14:00:00+00:00,2026-06-04 16:00:00+02:00,2026-06-04,16,0,0,3,6,4.250000000000001,6.3,50.08,41.16,98.93,2.63,43.1,55679.741072,12196.719098000001,10.55
2026-06-04 14:15:00+00:00,2026-06-04 16:15:00+02:00,2026-06-04,16,15,1,3,6,4.83,14.67,62.89999999999999,59.62,104.74,19.05,63.76,55322.233536,13270.524058999996,19.5
2026-06-04 14:30:00+00:00,2026-06-04 16:30:00+02:00,2026-06-04,16,30,2,3,6,-3.299999999999997,34.98,74.86200000000001,73.0,114.17,58.095,85.54,54628.421274,14855.355712000004,31.68
2026-06-04 14:45:00+00:00,2026-06-04 16:45:00+02:00,2026-06-04,16,45,3,3,6,24.91,24.99,90.02000000000001,94.22,125.91,49.285,94.22,54655.058821,16547.275454999995,49.9
2026-06-04 15:00:00+00:00,2026-06-04 17:00:00+02:00,2026-06-04,17,0,0,3,6,1.759999999999998,37.06,74.71200000000002,68.01,110.11,65.685,73.95,54871.130542,18095.583124000004,38.82
2026-06-04 15:15:00+00:00,2026-06-04 17:15:00+02:00,2026-06-04,17,15,1,3,6,-8.469999999999999,62.0,91.11400000000005,83.84,114.5,89.505,93.1,54825.19339,20407.120345000003,53.53
2026-06-04 15:30:00+00:00,2026-06-04 17:30:00+02:00,2026-06-04,17,30,2,3,6,-7.859999999999999,84.13,110.756,102.46,128.14,107.56,107.58,54824.121967,22122.165403,76.27
2026-06-04 15:45:00+00:00,2026-06-04 17:45:00+02:00,2026-06-04,17,45,3,3,6,-11.670000000000002,98.73,123.064,112.5,139.85,127.595,123.29,55074.22713,24183.299865000008,87.06
2026-06-04 16:00:00+00:00,2026-06-04 18:00:00+02:00,2026-06-04,18,0,0,3,6,-3.440000000000012,74.4,108.202,98.31,117.24,97.94,109.02,55439.943796,26555.920157,70.96
2026-06-04 16:15:00+00:00,2026-06-04 18:15:00+02:00,2026-06-04,18,15,1,3,6,0.05000000000001137,91.71,119.54,109.48,129.71,120.35,117.14,55613.389606,28746.714104,91.76
2026-06-04 16:30:00+00:00,2026-06-04 18:30:00+02:00,2026-06-04,18,30,2,3,6,3.3299999999999983,102.14,135.884,126.76,148.33,140.485,127.9,55711.168251,31259.581577,105.47
2026-06-04 16:45:00+00:00,2026-06-04 18:45:00+02:00,2026-06-04,18,45,3,3,6,-4.400000000000006,117.29,148.174,133.29,163.48,153.565,137.65,55880.1934,33800.53351,112.89
2026-06-04 17:00:00+00:00,2026-06-04 19:00:00+02:00,2026-06-04,19,0,0,3,6,-9.25,110.05,138.68800000000002,121.89,152.98,130.925,126.28,55982.074077,35881.448288,100.8
2026-06-04 17:15:00+00:00,2026-06-04 19:15:00+02:00,2026-06-04,19,15,1,3,6,0.0,110.54,147.402,131.81,157.23,147.465,133.89,55801.599755,37701.077245,110.54
2026-06-04 17:30:00+00:00,2026-06-04 19:30:00+02:00,2026-06-04,19,30,2,3,6,1.8599999999999994,113.1,164.50799999999998,140.22,167.94,160.45499999999998,144.01,55503.456885,39583.749086,114.96
2026-06-04 17:45:00+00:00,2026-06-04 19:45:00+02:00,2026-06-04,19,45,3,3,6,3.0,117.72,189.66999999999996,150.92,175.0,190.35500000000002,154.82,55352.277941,41376.498237,120.72
2026-06-04 18:00:00+00:00,2026-06-04 20:00:00+02:00,2026-06-04,20,0,0,3,6,0.0,114.27,173.64,147.0,166.73,165.41000000000003,144.69,54787.378089,42441.143714000005,114.27
2026-06-04 18:15:00+00:00,2026-06-04 20:15:00+02:00,2026-06-04,20,15,1,3,6,7.220000000000013,112.21,187.46999999999997,146.64,160.98,167.53,147.42,54313.929052,42499.159917,119.43
2026-06-04 18:30:00+00:00,2026-06-04 20:30:00+02:00,2026-06-04,20,30,2,3,6,4.549999999999997,117.0,197.42000000000002,147.99,159.29,174.45,149.27,53725.981552,42881.40981,121.55
2026-06-04 18:45:00+00:00,2026-06-04 20:45:00+02:00,2026-06-04,20,45,3,3,6,-0.6700000000000017,121.3,203.158,143.81,154.08,191.51999999999998,153.01,53222.618168,42526.826838,120.63
2026-06-04 19:00:00+00:00,2026-06-04 21:00:00+02:00,2026-06-04,21,0,0,3,6,1.9899999999999949,115.92,204.51600000000002,149.28,162.61,184.12,153.16,52790.907207,41669.989298,117.91
2026-06-04 19:15:00+00:00,2026-06-04 21:15:00+02:00,2026-06-04,21,15,1,3,6,-0.4899999999999949,114.35,192.73600000000002,139.65,152.34,173.53,151.84,52449.28068,40221.662145,113.86
2026-06-04 19:30:00+00:00,2026-06-04 21:30:00+02:00,2026-06-04,21,30,2,3,6,1.75,111.23,179.20999999999998,129.64,144.85,171.47,144.45,51699.135003,38295.040236999994,112.98
2026-06-04 19:45:00+00:00,2026-06-04 21:45:00+02:00,2026-06-04,21,45,3,3,6,8.719999999999999,101.88,164.14600000000002,122.0,135.92,160.87,135.92,51015.927846,36527.346685,110.6
2026-06-04 20:00:00+00:00,2026-06-04 22:00:00+02:00,2026-06-04,22,0,0,3,6,1.8599999999999994,116.0,181.79000000000002,136.41,149.08,168.31,149.08,50312.944196,34922.996053,117.86
2026-06-04 20:15:00+00:00,2026-06-04 22:15:00+02:00,2026-06-04,22,15,1,3,6,6.319999999999993,108.9,160.888,126.81,141.75,158.355,141.75,49480.466506,32990.609318999996,115.22
2026-06-04 20:30:00+00:00,2026-06-04 22:30:00+02:00,2026-06-04,22,30,2,3,6,5.010000000000005,102.75,147.554,115.97,135.09,151.715,135.09,48812.162446,30598.937906000003,107.76
2026-06-04 20:45:00+00:00,2026-06-04 22:45:00+02:00,2026-06-04,22,45,3,3,6,8.379999999999995,97.56,137.76399999999998,107.4,131.22,142.755,131.22,48173.324368,28922.868862000003,105.94
2026-06-04 21:00:00+00:00,2026-06-04 23:00:00+02:00,2026-06-04,23,0,0,3,6,5.760000000000005,95.0,144.52,111.69,133.62,149.615,131.3,47202.352176,26557.565817000002,100.76
2026-06-04 21:15:00+00:00,2026-06-04 23:15:00+02:00,2026-06-04,23,15,1,3,6,5.939999999999998,91.54,134.368,101.92,122.21,142.62,126.18,46532.949822,24843.835900000002,97.48
2026-06-04 21:30:00+00:00,2026-06-04 23:30:00+02:00,2026-06-04,23,30,2,3,6,-5.820000000000007,99.31,131.224,98.88,117.7,139.97500000000002,119.5,45952.580806,23263.249571,93.49
2026-06-04 21:45:00+00:00,2026-06-04 23:45:00+02:00,2026-06-04,23,45,3,3,6,-3.4099999999999966,90.21,123.328,83.51,108.5,132.91,118.58,45424.042004,21512.735466000002,86.8
2026-06-04 22:00:00+00:00,2026-06-05 00:00:00+02:00,2026-06-05,0,0,0,4,6,-7.670000000000002,93.68,133.97166666666666,92.55,118.0,148.79500000000002,136.31,45555.912001,17089.783373,86.01
2026-06-04 22:15:00+00:00,2026-06-05 00:15:00+02:00,2026-06-05,0,15,1,4,6,-2.0,80.73,126.63833333333334,83.43,119.47,137.925,129.325,44960.036041,15561.706742999999,78.73
2026-06-04 22:30:00+00:00,2026-06-05 00:30:00+02:00,2026-06-05,0,30,2,4,6,-3.8799999999999955,78.88,123.515,79.55,117.57,134.44,127.61500000000001,44485.518079,14319.932587,75.0
2026-06-04 22:45:00+00:00,2026-06-05 00:45:00+02:00,2026-06-05,0,45,3,4,6,-5.199999999999989,74.99,115.77166666666666,65.21,115.29,130.62,124.00999999999999,43988.216006,13087.668895000003,69.79
2026-06-04 23:00:00+00:00,2026-06-05 01:00:00+02:00,2026-06-05,1,0,0,4,6,-5.319999999999993,82.11,123.33833333333332,71.64,120.41,135.5,127.99000000000001,43620.735193,12141.595181999997,76.79
2026-06-04 23:15:00+00:00,2026-06-05 01:15:00+02:00,2026-06-05,1,15,1,4,6,-2.6699999999999875,79.21,118.12,70.5,116.96,130.83499999999998,125.24,43268.330891,11496.095383,76.54
2026-06-04 23:30:00+00:00,2026-06-05 01:30:00+02:00,2026-06-05,1,30,2,4,6,1.2999999999999972,73.97,114.815,66.12,114.11,127.97,123.89,43023.100119,10915.798412,75.27
2026-06-04 23:45:00+00:00,2026-06-05 01:45:00+02:00,2026-06-05,1,45,3,4,6,-2.0,75.0,111.19833333333332,62.61,110.2,125.945,121.9,42747.190648,10487.762973,73.0
2026-06-05 00:00:00+00:00,2026-06-05 02:00:00+02:00,2026-06-05,2,0,0,4,6,-0.5100000000000051,72.4,112.335,61.47,111.73,126.795,121.8,42553.082886,10114.767313000004,71.89
2026-06-05 00:15:00+00:00,2026-06-05 02:15:00+02:00,2026-06-05,2,15,1,4,6,5.949999999999989,71.54,110.65333333333332,60.3,109.22,125.64,120.39,42316.800312,9835.568279,77.49
2026-06-05 00:30:00+00:00,2026-06-05 02:30:00+02:00,2026-06-05,2,30,2,4,6,-3.2099999999999937,86.5,110.5,58.38,109.66,126.49000000000001,120.285,42432.614563,9632.349363000001,83.29
2026-06-05 00:45:00+00:00,2026-06-05 02:45:00+02:00,2026-06-05,2,45,3,4,6,-5.239999999999995,91.39,108.53500000000001,56.05,109.73,125.11,118.56,42364.387725,9591.33527,86.15
2026-06-05 01:00:00+00:00,2026-06-05 03:00:00+02:00,2026-06-05,3,0,0,4,6,13.149999999999991,72.2,109.29833333333335,59.9,109.34,123.755,119.025,42435.13493,9508.167722999999,85.35
2026-06-05 01:15:00+00:00,2026-06-05 03:15:00+02:00,2026-06-05,3,15,1,4,6,8.209999999999994,75.0,108.63666666666666,58.62,109.52,123.78,118.495,42535.128688,9392.575679999998,83.21
2026-06-05 01:30:00+00:00,2026-06-05 03:30:00+02:00,2026-06-05,3,30,2,4,6,-0.29999999999999716,82.8,108.81333333333333,58.21,110.08,124.9,118.34,42511.195211,9465.887201000001,82.5
2026-06-05 01:45:00+00:00,2026-06-05 03:45:00+02:00,2026-06-05,3,45,3,4,6,12.209999999999994,76.81,108.57,57.86,110.71,121.32,118.295,42479.731988,9586.751133999998,89.02
2026-06-05 02:00:00+00:00,2026-06-05 04:00:00+02:00,2026-06-05,4,0,0,4,6,4.599999999999994,80.9,109.24333333333334,57.81,110.52,124.3,117.515,42607.381098,9824.994106999999,85.5
2026-06-05 02:15:00+00:00,2026-06-05 04:15:00+02:00,2026-06-05,4,15,1,4,6,-0.8100000000000023,86.8,109.75166666666667,57.17,110.87,122.41499999999999,119.42500000000001,42915.164659,10086.159107,85.99
2026-06-05 02:30:00+00:00,2026-06-05 04:30:00+02:00,2026-06-05,4,30,2,4,6,-0.010000000000005116,91.81,110.94166666666666,57.44,114.46,125.21000000000001,121.315,43351.352383,10383.503529999998,91.8
2026-06-05 02:45:00+00:00,2026-06-05 04:45:00+02:00,2026-06-05,4,45,3,4,6,-3.799999999999997,99.82,111.93666666666667,59.79,112.31,125.725,122.48,43440.973683,10677.276003000003,96.02
2026-06-05 03:00:00+00:00,2026-06-05 05:00:00+02:00,2026-06-05,5,0,0,4,6,2.25,89.99,110.585,54.72,110.42,124.86,120.075,44357.372714,11296.956854,92.24
2026-06-05 03:15:00+00:00,2026-06-05 05:15:00+02:00,2026-06-05,5,15,1,4,6,-0.030000000000001137,93.1,111.64,56.41,114.88,124.765,121.285,44286.352421,11205.012346,93.07
2026-06-05 03:30:00+00:00,2026-06-05 05:30:00+02:00,2026-06-05,5,30,2,4,6,4.789999999999992,94.2,113.90500000000002,55.86,120.18,125.4,122.315,44987.033026,11293.836372000005,98.99
2026-06-05 03:45:00+00:00,2026-06-05 05:45:00+02:00,2026-06-05,5,45,3,4,6,0.45999999999999375,108.53,116.435,56.4,124.31,127.875,124.73,47377.086898,12177.352507000003,108.99
2026-06-05 04:00:00+00:00,2026-06-05 06:00:00+02:00,2026-06-05,6,0,0,4,6,3.530000000000001,114.19,120.29,58.0,127.21,129.275,127.10499999999999,49252.473468,12223.985872000005,117.72
2026-06-05 04:15:00+00:00,2026-06-05 06:15:00+02:00,2026-06-05,6,15,1,4,6,1.4300000000000068,113.08,122.34833333333331,61.56,133.22,136.0,129.11,49356.382773,11438.036468000006,114.51
2026-06-05 04:30:00+00:00,2026-06-05 06:30:00+02:00,2026-06-05,6,30,2,4,6,-1.3700000000000045,117.7,120.43166666666667,65.0,134.09,133.115,129.145,51011.888023,11397.523644,116.33
2026-06-05 04:45:00+00:00,2026-06-05 06:45:00+02:00,2026-06-05,6,45,3,4,6,-0.9000000000000057,115.12,117.57166666666667,63.44,127.99,128.965,123.975,52077.486858,10659.762439999999,114.22
2026-06-05 05:00:00+00:00,2026-06-05 07:00:00+02:00,2026-06-05,7,0,0,4,6,3.480000000000004,126.11,128.37666666666667,86.83,141.77,141.7,132.22,53015.725521,10565.478405999995,129.59
2026-06-05 05:15:00+00:00,2026-06-05 07:15:00+02:00,2026-06-05,7,15,1,4,6,-7.049999999999997,126.41,122.16833333333334,84.5,134.87,132.655,128.995,54286.486535,10200.517114000002,119.36
2026-06-05 05:30:00+00:00,2026-06-05 07:30:00+02:00,2026-06-05,7,30,2,4,6,3.8700000000000045,115.0,117.59166666666665,79.9,132.0,125.5,126.49000000000001,55278.662389,9746.121534999998,118.87
2026-06-05 05:45:00+00:00,2026-06-05 07:45:00+02:00,2026-06-05,7,45,3,4,6,-0.1799999999999926,112.36,110.84333333333332,76.14,125.76,111.83,114.80000000000001,55996.305106,9429.202575999996,112.18
2026-06-05 06:00:00+00:00,2026-06-05 08:00:00+02:00,2026-06-05,8,0,0,4,6,2.1299999999999955,121.68,127.47833333333334,91.8,136.22,136.115,130.595,56339.235646,9119.325467000002,123.81
2026-06-05 06:15:00+00:00,2026-06-05 08:15:00+02:00,2026-06-05,8,15,1,4,6,0.8599999999999994,115.9,116.59166666666665,78.76,129.01,116.34,119.715,57810.786661,8213.443199999994,116.76
2026-06-05 06:30:00+00:00,2026-06-05 08:30:00+02:00,2026-06-05,8,30,2,4,6,0.9899999999999949,110.0,104.96500000000003,69.41,118.56,101.905,112.11,58248.716879,7281.99663300001,110.99
2026-06-05 06:45:00+00:00,2026-06-05 08:45:00+02:00,2026-06-05,8,45,3,4,6,9.540000000000006,95.0,89.60166666666667,47.81,108.6,79.84,96.65,58896.10679,6246.771099000005,104.54
2026-06-05 07:00:00+00:00,2026-06-05 09:00:00+02:00,2026-06-05,9,0,0,4,6,0.5300000000000011,113.3,104.30166666666666,57.73,125.02,101.02000000000001,114.15,58966.842005,4810.772043999998,113.83
2026-06-05 07:15:00+00:00,2026-06-05 09:15:00+02:00,2026-06-05,9,15,1,4,6,5.530000000000001,99.99,86.27166666666666,42.59,110.05,73.24,96.04,59245.902547,3727.454408999998,105.52
2026-06-05 07:30:00+00:00,2026-06-05 09:30:00+02:00,2026-06-05,9,30,2,4,6,4.959999999999994,85.0,71.81833333333333,22.0,99.4,42.75,94.60499999999999,59266.997401,2583.591570999997,89.96
2026-06-05 07:45:00+00:00,2026-06-05 09:45:00+02:00,2026-06-05,9,45,3,4,6,1.7999999999999972,73.53,61.11666666666667,8.16,96.11,23.994999999999997,81.8,59850.63546,1575.4755280000027,75.33
2026-06-05 08:00:00+00:00,2026-06-05 10:00:00+02:00,2026-06-05,10,0,0,4,6,11.650000000000006,84.53,67.17666666666666,16.5,99.27,23.0,89.325,59503.129959,740.7293549999958,96.18
2026-06-05 08:15:00+00:00,2026-06-05 10:15:00+02:00,2026-06-05,10,15,1,4,6,20.89,65.0,56.43166666666667,5.0,94.17,14.004999999999999,81.9,59658.491962,-70.9563049999997,85.89
2026-06-05 08:30:00+00:00,2026-06-05 10:30:00+02:00,2026-06-05,10,30,2,4,6,0.46000000000000796,75.66,51.81166666666666,2.5,89.75,6.8100000000000005,71.715,59253.08421,-488.42832500000804,76.12
2026-06-05 08:45:00+00:00,2026-06-05 10:45:00+02:00,2026-06-05,10,45,3,4,6,1.8299999999999983,71.08,48.995000000000005,-0.01,85.59,0.975,64.45,59467.398314,-790.7407410000014,72.91
2026-06-05 09:00:00+00:00,2026-06-05 11:00:00+02:00,2026-06-05,11,0,0,4,6,0.0,81.91,50.80666666666667,3.41,87.61,6.7299999999999995,71.6,58708.879549,-1345.5505589999957,81.91
2026-06-05 09:15:00+00:00,2026-06-05 11:15:00+02:00,2026-06-05,11,15,1,4,6,32.48,44.99,47.15833333333334,0.0,77.98,3.0,63.75,58001.916719,-1376.1489229999934,77.47
2026-06-05 09:30:00+00:00,2026-06-05 11:30:00+02:00,2026-06-05,11,30,2,4,6,24.180000000000007,44.36,45.87666666666667,0.44,73.42,0.85,55.644999999999996,58457.362555,-1625.0235649999959,68.54
2026-06-05 09:45:00+00:00,2026-06-05 11:45:00+02:00,2026-06-05,11,45,3,4,6,26.04,35.0,42.461666666666666,4.15,61.07,-1.655,50.075,58647.169324,-1860.746668000007,61.04
2026-06-05 10:00:00+00:00,2026-06-05 12:00:00+02:00,2026-06-05,12,0,0,4,6,24.6,39.1,43.99,5.47,68.46,3.5949999999999998,55.475,58251.982323,-2423.273316000006,63.7
2026-06-05 10:15:00+00:00,2026-06-05 12:15:00+02:00,2026-06-05,12,15,1,4,6,7.1299999999999955,45.78,40.48000000000001,5.21,54.26,-0.37,48.754999999999995,57928.636723,-2782.795438000001,52.91
2026-06-05 10:30:00+00:00,2026-06-05 12:30:00+02:00,2026-06-05,12,30,2,4,6,6.960000000000001,40.03,40.10166666666667,3.0,46.84,0.39,41.224999999999994,57568.284034,-2929.1787079999995,46.99
2026-06-05 10:45:00+00:00,2026-06-05 12:45:00+02:00,2026-06-05,12,45,3,4,6,16.08,26.5,37.929999999999986,2.24,39.68,-3.4299999999999997,37.455,56850.883493,-3111.6153019999983,42.58
2026-06-05 11:00:00+00:00,2026-06-05 13:00:00+02:00,2026-06-05,13,0,0,4,6,18.490000000000002,27.0,39.74333333333333,4.29,45.53,-1.22,38.015,57127.579399,-3462.8439449999933,45.49
2026-06-05 11:15:00+00:00,2026-06-05 13:15:00+02:00,2026-06-05,13,15,1,4,6,18.1,23.89,38.92000000000002,8.53,38.38,-0.030000000000000002,32.335,56238.565664,-3302.983288999996,41.99
2026-06-05 11:30:00+00:00,2026-06-05 13:30:00+02:00,2026-06-05,13,30,2,4,6,3.8800000000000026,33.73,36.93999999999999,3.84,33.31,0.245,29.02,55970.115329,-3360.2485219999944,37.61
2026-06-05 11:45:00+00:00,2026-06-05 13:45:00+02:00,2026-06-05,13,45,3,4,6,5.399999999999999,24.59,36.045,10.03,23.9,-0.055,24.075,55611.562305,-3620.6506130000053,29.99
2026-06-05 12:00:00+00:00,2026-06-05 14:00:00+02:00,2026-06-05,14,0,0,4,6,5.030000000000001,25.47,35.065,3.87,26.77,-2.175,25.384999999999998,55080.055549,-3523.6786990000037,30.5
2026-06-05 12:15:00+00:00,2026-06-05 14:15:00+02:00,2026-06-05,14,15,1,4,6,5.09,24.71,37.443333333333335,5.41,30.97,-0.049999999999999996,26.35,54397.688935,-3457.907456000001,29.8
2026-06-05 12:30:00+00:00,2026-06-05 14:30:00+02:00,2026-06-05,14,30,2,4,6,14.549999999999997,18.0,38.65999999999999,8.3,31.82,-0.11,28.035,54195.035985,-3010.6804429999975,32.55
2026-06-05 12:45:00+00:00,2026-06-05 14:45:00+02:00,2026-06-05,14,45,3,4,6,5.609999999999999,31.39,41.18333333333333,6.42,39.64,0.12,33.870000000000005,54401.093557,-2543.9355820000055,37.0
2026-06-05 13:00:00+00:00,2026-06-05 15:00:00+02:00,2026-06-05,15,0,0,4,6,13.0,16.0,36.475,3.98,25.47,-2.845,25.634999999999998,54332.849655,-1281.3275099999955,29.0
2026-06-05 13:15:00+00:00,2026-06-05 15:15:00+02:00,2026-06-05,15,15,1,4,6,5.450000000000003,30.15,38.858333333333334,2.14,39.43,0.005,39.305,53228.74897,-494.3409890000039,35.6
2026-06-05 13:30:00+00:00,2026-06-05 15:30:00+02:00,2026-06-05,15,30,2,4,6,2.1400000000000006,44.96,41.15000000000001,3.69,40.49,5.485,43.375,53709.433626,-6.503471000003628,47.1
2026-06-05 13:45:00+00:00,2026-06-05 15:45:00+02:00,2026-06-05,15,45,3,4,6,9.100000000000001,52.89,45.445,8.66,43.7,5.725,48.535,53019.479457,674.5483929999973,61.99
2026-06-05 14:00:00+00:00,2026-06-05 16:00:00+02:00,2026-06-05,16,0,0,4,6,2.3800000000000026,45.97,43.49166666666667,10.55,41.16,2.63,42.129999999999995,54094.827169,2074.9815089999975,48.35
2026-06-05 14:15:00+00:00,2026-06-05 16:15:00+02:00,2026-06-05,16,15,1,4,6,2.3100000000000023,61.26,55.66666666666666,19.5,59.62,12.335,61.69,53464.185501,3131.1660989999946,63.57
2026-06-05 14:30:00+00:00,2026-06-05 16:30:00+02:00,2026-06-05,16,30,2,4,6,11.820000000000007,65.1,67.665,31.68,73.0,43.644999999999996,79.27000000000001,52630.772582,4905.091027000002,76.92
2026-06-05 14:45:00+00:00,2026-06-05 16:45:00+02:00,2026-06-05,16,45,3,4,6,-14.159999999999997,103.56,83.33333333333333,49.9,94.22,31.775,92.43,52946.897035,6034.569424000001,89.4
2026-06-05 15:00:00+00:00,2026-06-05 17:00:00+02:00,2026-06-05,17,0,0,4,6,-0.3999999999999915,72.27,68.73,38.82,68.01,51.245000000000005,70.98,54030.265107,8401.053391000001,71.87
2026-06-05 15:15:00+00:00,2026-06-05 17:15:00+02:00,2026-06-05,17,15,1,4,6,3.799999999999997,91.2,84.85000000000004,53.53,83.84,86.63499999999999,92.1,54368.992437,9552.607212000003,95.0
2026-06-05 15:30:00+00:00,2026-06-05 17:30:00+02:00,2026-06-05,17,30,2,4,6,-1.3100000000000023,114.7,105.00833333333333,76.27,102.46,105.185,106.8,54724.836824,11017.698700999994,113.39
2026-06-05 15:45:00+00:00,2026-06-05 17:45:00+02:00,2026-06-05,17,45,3,4,6,-2.5900000000000034,132.59,117.06333333333332,87.06,112.5,118.99,122.185,55052.978867,12427.377740000004,130.0
2026-06-05 16:00:00+00:00,2026-06-05 18:00:00+02:00,2026-06-05,18,0,0,4,6,-5.989999999999995,109.99,101.995,70.96,98.31,92.36,108.89,54816.259229,15047.217544,104.0
2026-06-05 16:15:00+00:00,2026-06-05 18:15:00+02:00,2026-06-05,18,15,1,4,6,-1.1099999999999994,125.0,114.91000000000001,91.76,109.48,116.305,117.13,55144.229558,16240.121612000003,123.89
2026-06-05 16:30:00+00:00,2026-06-05 18:30:00+02:00,2026-06-05,18,30,2,4,6,-11.599999999999994,149.41,130.815,105.47,126.76,138.235,127.33000000000001,55415.058903,17113.284266000002,137.81
2026-06-05 16:45:00+00:00,2026-06-05 18:45:00+02:00,2026-06-05,18,45,3,4,6,-9.25,168.4,142.29333333333332,112.89,133.29,152.495,135.47,55300.205725,18029.321589,159.15
2026-06-05 17:00:00+00:00,2026-06-05 19:00:00+02:00,2026-06-05,19,0,0,4,6,-2.8700000000000045,133.65,132.37333333333333,100.8,121.89,129.025,125.63499999999999,55472.115056,19350.345246999997,130.78
2026-06-05 17:15:00+00:00,2026-06-05 19:15:00+02:00,2026-06-05,19,15,1,4,6,1.9899999999999807,144.3,141.2583333333333,110.54,131.81,144.75,133.5,55778.928603,20464.622738,146.29
2026-06-05 17:30:00+00:00,2026-06-05 19:30:00+02:00,2026-06-05,19,30,2,4,6,0.9399999999999977,158.07,156.25,114.96,140.22,160.405,142.49,55496.29171,21438.988527999998,159.01
2026-06-05 17:45:00+00:00,2026-06-05 19:45:00+02:00,2026-06-05,19,45,3,4,6,1.5300000000000011,172.54,178.17833333333328,120.72,150.92,182.5,153.415,54689.104094,22342.444195000004,174.07
2026-06-05 18:00:00+00:00,2026-06-05 20:00:00+02:00,2026-06-05,20,0,0,4,6,1.450000000000017,164.88,163.74499999999998,114.27,147.0,159.93,144.04500000000002,54174.400734,23283.257082000004,166.33
2026-06-05 18:15:00+00:00,2026-06-05 20:15:00+02:00,2026-06-05,20,15,1,4,6,-22.819999999999993,197.6,176.13,119.43,146.64,164.45499999999998,147.02999999999997,53464.752333,23890.489614,174.78
2026-06-05 18:30:00+00:00,2026-06-05 20:30:00+02:00,2026-06-05,20,30,2,4,6,-0.020000000000010232,189.02,184.775,121.55,147.99,166.505,149.13,52980.208698,23782.259108,189.0
2026-06-05 18:45:00+00:00,2026-06-05 20:45:00+02:00,2026-06-05,20,45,3,4,6,0.9900000000000091,190.01,189.40333333333334,120.63,143.81,185.96,149.20999999999998,52218.968491,23770.587507,191.0
2026-06-05 19:00:00+00:00,2026-06-05 21:00:00+02:00,2026-06-05,21,0,0,4,6,-2.0,194.72,190.08166666666668,117.91,149.28,183.9,152.48000000000002,51499.915827,23632.937550000002,192.72
2026-06-05 19:15:00+00:00,2026-06-05 21:15:00+02:00,2026-06-05,21,15,1,4,6,-3.319999999999993,192.47,179.59,113.86,139.65,170.095,148.15,50865.997878,23319.851573999997,189.15
2026-06-05 19:30:00+00:00,2026-06-05 21:30:00+02:00,2026-06-05,21,30,2,4,6,-30.689999999999998,214.98,168.17166666666665,112.98,129.64,168.35000000000002,140.155,50315.88531,22684.282704999998,184.29
2026-06-05 19:45:00+00:00,2026-06-05 21:45:00+02:00,2026-06-05,21,45,3,4,6,-4.969999999999999,180.34,155.22166666666666,110.6,122.0,158.92000000000002,131.87,49719.274775,22199.705374000005,175.37
2026-06-05 20:00:00+00:00,2026-06-05 22:00:00+02:00,2026-06-05,22,0,0,4,6,-7.319999999999993,185.0,171.135,117.86,136.41,165.70499999999998,145.985,48992.42697,22077.210503000002,177.68
2026-06-05 20:15:00+00:00,2026-06-05 22:15:00+02:00,2026-06-05,22,15,1,4,6,0.06999999999999318,170.99,153.27666666666667,115.22,126.81,156.325,140.05,48240.334417,21335.904943,171.06
2026-06-05 20:30:00+00:00,2026-06-05 22:30:00+02:00,2026-06-05,22,30,2,4,6,2.890000000000015,161.35,140.92166666666665,107.76,115.97,149.93,133.15,47567.185285,20565.324042,164.24
2026-06-05 20:45:00+00:00,2026-06-05 22:45:00+02:00,2026-06-05,22,45,3,4,6,-3.6599999999999966,158.73,132.46,105.94,107.4,139.865,128.5,46962.20338,19764.357558000003,155.07
2026-06-05 21:00:00+00:00,2026-06-05 23:00:00+02:00,2026-06-05,23,0,0,4,6,6.430000000000007,157.39,137.22666666666666,100.76,111.69,147.385,130.135,46391.149688,18719.694072000006,163.82
2026-06-05 21:15:00+00:00,2026-06-05 23:15:00+02:00,2026-06-05,23,15,1,4,6,0.8800000000000239,153.92,128.22,97.48,101.92,142.515,124.275,45301.16723,17952.692813999998,154.8
2026-06-05 21:30:00+00:00,2026-06-05 23:30:00+02:00,2026-06-05,23,30,2,4,6,0.6599999999999966,148.58,124.935,93.49,98.88,137.62,119.46000000000001,44725.484838,17232.408406,149.24
2026-06-05 21:45:00+00:00,2026-06-05 23:45:00+02:00,2026-06-05,23,45,3,4,6,0.6799999999999784,141.99,117.24,86.8,86.8,130.76999999999998,116.765,44266.271804,16511.087071999995,142.67
2026-06-05 22:00:00+00:00,2026-06-06 00:00:00+02:00,2026-06-06,0,0,0,5,6,-10.840000000000003,164.04,127.12,86.01,92.55,145.78,128.47,44859.460277,15331.636948000003,153.2
2026-06-05 22:15:00+00:00,2026-06-06 00:15:00+02:00,2026-06-06,0,15,1,5,6,-4.390000000000015,151.18,119.79428571428572,78.73,83.43,136.07999999999998,121.33500000000001,44295.163444,14767.184706,146.79
2026-06-05 22:30:00+00:00,2026-06-06 00:30:00+02:00,2026-06-06,0,30,2,5,6,-3.319999999999993,144.01,116.58428571428571,75.0,79.55,133.85500000000002,121.4,43818.376581,14444.454989999998,140.69
2026-06-05 22:45:00+00:00,2026-06-06 00:45:00+02:00,2026-06-06,0,45,3,5,6,-1.0100000000000193,133.74,109.20285714285714,69.79,69.79,129.695,119.155,43362.479786,13936.987715,132.73
2026-06-05 23:00:00+00:00,2026-06-06 01:00:00+02:00,2026-06-06,1,0,0,5,6,-2.990000000000009,139.9,116.68857142857142,76.79,76.79,134.245,125.58500000000001,42821.046303,13627.229861,136.91
2026-06-05 23:15:00+00:00,2026-06-06 01:15:00+02:00,2026-06-06,1,15,1,5,6,-3.6999999999999886,136.51,112.17999999999999,76.54,76.54,128.725,123.13499999999999,42273.554631,13442.788911,132.81
2026-06-05 23:30:00+00:00,2026-06-06 01:30:00+02:00,2026-06-06,1,30,2,5,6,-4.100000000000023,134.8,109.16571428571429,75.27,75.27,127.72999999999999,121.965,41899.815302,13509.775145000003,130.7
2026-06-05 23:45:00+00:00,2026-06-06 01:45:00+02:00,2026-06-06,1,45,3,5,6,-17.0,149.0,105.74142857142856,73.0,73.0,125.195,119.38,41557.884101,13414.579198000003,132.0
2026-06-06 00:00:00+00:00,2026-06-06 02:00:00+02:00,2026-06-06,2,0,0,5,6,-3.5900000000000034,140.4,106.55714285714285,71.89,71.89,125.345,120.57,41295.375468,13522.693184,136.81
2026-06-06 00:15:00+00:00,2026-06-06 02:15:00+02:00,2026-06-06,2,15,1,5,6,-2.339999999999975,136.2,105.91571428571429,77.49,77.49,125.28,119.41,41030.337515,13738.069227,133.86
2026-06-06 00:30:00+00:00,2026-06-06 02:30:00+02:00,2026-06-06,2,30,2,5,6,-20.330000000000013,151.02,106.61285714285714,83.29,83.29,124.89500000000001,119.17,40783.291663,13981.305599,130.69
2026-06-06 00:45:00+00:00,2026-06-06 02:45:00+02:00,2026-06-06,2,45,3,5,6,-2.539999999999992,132.54,105.33714285714287,86.15,86.15,123.13,117.66499999999999,40629.92314,14192.649879000004,130.0
2026-06-06 01:00:00+00:00,2026-06-06 03:00:00+02:00,2026-06-06,3,0,0,5,6,-7.519999999999996,130.01,105.87714285714286,85.35,85.35,123.05000000000001,118.185,40563.485523,14575.250521000002,122.49
2026-06-06 01:15:00+00:00,2026-06-06 03:15:00+02:00,2026-06-06,3,15,1,5,6,-12.079999999999998,132.38,105.00428571428571,83.21,83.21,123.29499999999999,117.65,40484.121527,15057.630867000003,120.3
2026-06-06 01:30:00+00:00,2026-06-06 03:30:00+02:00,2026-06-06,3,30,2,5,6,-29.960000000000008,147.53,105.05428571428571,82.5,82.5,124.07499999999999,116.68,40373.48802,15560.251084,117.57
2026-06-06 01:45:00+00:00,2026-06-06 03:45:00+02:00,2026-06-06,3,45,3,5,6,-9.75,130.07,105.77714285714286,89.02,89.02,119.99000000000001,116.07,40299.720684,16335.762833,120.32
2026-06-06 02:00:00+00:00,2026-06-06 04:00:00+02:00,2026-06-06,4,0,0,5,6,4.539999999999992,129.47,105.85142857142857,85.5,85.5,123.535,116.095,40407.782964,17138.626382000002,134.01
2026-06-06 02:15:00+00:00,2026-06-06 04:15:00+02:00,2026-06-06,4,15,1,5,6,3.670000000000016,132.64,106.35714285714286,85.99,85.99,121.32,117.59,40346.833509,17785.796157999997,136.31
2026-06-06 02:30:00+00:00,2026-06-06 04:30:00+02:00,2026-06-06,4,30,2,5,6,2.3400000000000034,134.26,108.20714285714284,91.8,91.8,124.86,118.435,40449.769056,18697.210919,136.6
2026-06-06 02:45:00+00:00,2026-06-06 04:45:00+02:00,2026-06-06,4,45,3,5,6,0.3900000000000148,134.39,109.66285714285713,96.02,96.02,124.99,119.495,40473.262932,19473.985551999995,134.78
2026-06-06 03:00:00+00:00,2026-06-06 05:00:00+02:00,2026-06-06,5,0,0,5,6,-4.109999999999985,136.7,107.96428571428571,92.24,92.24,123.475,118.85,40733.815725,20887.619889,132.59
2026-06-06 03:15:00+00:00,2026-06-06 05:15:00+02:00,2026-06-06,5,15,1,5,6,0.36999999999999034,127.2,108.98714285714286,93.07,93.07,123.53,119.88499999999999,40539.419264,21006.226438,127.57
2026-06-06 03:30:00+00:00,2026-06-06 05:30:00+02:00,2026-06-06,5,30,2,5,6,-7.990000000000009,132.43,111.77428571428571,98.99,98.99,124.5,121.86,40688.079252,21631.060547999998,124.44
2026-06-06 03:45:00+00:00,2026-06-06 05:45:00+02:00,2026-06-06,5,45,3,5,6,-15.099999999999994,132.1,115.37142857142858,108.99,108.99,124.545,124.16499999999999,41798.99138,23293.420044000006,117.0
2026-06-06 04:00:00+00:00,2026-06-06 06:00:00+02:00,2026-06-06,6,0,0,5,6,-20.99000000000001,139.8,119.92285714285713,117.72,117.72,128.15,125.68,42957.790141,24813.993146,118.81
2026-06-06 04:15:00+00:00,2026-06-06 06:15:00+02:00,2026-06-06,6,15,1,5,6,-18.540000000000006,133.8,121.22857142857143,114.51,114.51,133.23000000000002,124.83500000000001,41903.195735,23053.573652999996,115.26
2026-06-06 04:30:00+00:00,2026-06-06 06:30:00+02:00,2026-06-06,6,30,2,5,6,-17.22,130.32,119.84571428571428,116.33,116.33,128.615,120.265,42392.713909,23525.864104999997,113.1
2026-06-06 04:45:00+00:00,2026-06-06 06:45:00+02:00,2026-06-06,6,45,3,5,6,2.3900000000000006,108.25,117.09285714285714,114.22,114.22,120.74000000000001,118.84,43107.796582,23732.716382000002,110.64
2026-06-06 05:00:00+00:00,2026-06-06 07:00:00+02:00,2026-06-06,7,0,0,5,6,-2.7900000000000063,122.79,128.55,129.59,129.59,138.175,126.84,43834.170407,23936.657925000003,120.0
2026-06-06 05:15:00+00:00,2026-06-06 07:15:00+02:00,2026-06-06,7,15,1,5,6,-17.939999999999998,122.12,121.76714285714286,119.36,119.36,128.35500000000002,122.51,44572.217631,23804.340012999997,104.18
2026-06-06 05:30:00+00:00,2026-06-06 07:30:00+02:00,2026-06-06,7,30,2,5,6,-20.14,113.56,117.7742857142857,118.87,118.87,119.985,120.625,45530.263901,23534.870483,93.42
2026-06-06 05:45:00+00:00,2026-06-06 07:45:00+02:00,2026-06-06,7,45,3,5,6,3.1899999999999977,76.8,111.03428571428572,112.18,112.18,111.83,112.70500000000001,46391.747072,23265.258180999997,79.99
2026-06-06 06:00:00+00:00,2026-06-06 08:00:00+02:00,2026-06-06,8,0,0,5,6,-10.579999999999998,105.97,126.9542857142857,123.81,123.81,126.955,125.38,46825.083551,22951.674678999996,95.39
2026-06-06 06:15:00+00:00,2026-06-06 08:15:00+02:00,2026-06-06,8,15,1,5,6,-16.60000000000001,103.4,116.61571428571428,116.76,116.76,113.79,115.225,47649.993049,21903.442762,86.8
2026-06-06 06:30:00+00:00,2026-06-06 08:30:00+02:00,2026-06-06,8,30,2,5,6,-12.539999999999992,84.6,105.82571428571431,110.99,110.99,101.905,110.055,48397.206554,20739.972461000005,72.06
2026-06-06 06:45:00+00:00,2026-06-06 08:45:00+02:00,2026-06-06,8,45,3,5,6,-24.290000000000006,78.12,91.73571428571428,104.54,104.54,79.84,95.67,49140.0832,19503.489879,53.83
2026-06-06 07:00:00+00:00,2026-06-06 09:00:00+02:00,2026-06-06,9,0,0,5,6,-3.9399999999999977,69.14,105.66285714285713,113.83,113.83,101.02000000000001,112.66,49015.187584,18023.922881000006,65.2
2026-06-06 07:15:00+00:00,2026-06-06 09:15:00+02:00,2026-06-06,9,15,1,5,6,-27.189999999999998,72.0,89.02142857142857,105.52,105.52,73.24,96.04,49513.32372,17210.109889,44.81
2026-06-06 07:30:00+00:00,2026-06-06 09:30:00+02:00,2026-06-06,9,30,2,5,6,-17.6,56.9,74.41,89.96,89.96,42.75,91.84,50173.552853,16000.755618000003,39.3
2026-06-06 07:45:00+00:00,2026-06-06 09:45:00+02:00,2026-06-06,9,45,3,5,6,-18.460000000000004,40.7,63.14714285714285,75.33,75.33,23.994999999999997,77.465,50753.41244,14876.865794999998,22.24
2026-06-06 08:00:00+00:00,2026-06-06 10:00:00+02:00,2026-06-06,10,0,0,5,6,12.709999999999999,15.01,71.32000000000001,96.18,96.18,23.0,89.325,50626.714497,13657.712668000007,27.72
2026-06-06 08:15:00+00:00,2026-06-06 10:15:00+02:00,2026-06-06,10,15,1,5,6,-1.9499999999999993,18.43,60.64,85.89,85.89,14.004999999999999,81.9,50988.29697,12607.835769000005,16.48
2026-06-06 08:30:00+00:00,2026-06-06 10:30:00+02:00,2026-06-06,10,30,2,5,6,-17.72,25.0,55.28428571428571,76.12,76.12,6.8100000000000005,71.715,51228.819215,11748.405927,7.28
2026-06-06 08:45:00+00:00,2026-06-06 10:45:00+02:00,2026-06-06,10,45,3,5,6,-26.03,20.0,52.41142857142857,72.91,72.91,0.975,64.45,51382.93621,11137.520754999998,-6.03
2026-06-06 09:00:00+00:00,2026-06-06 11:00:00+02:00,2026-06-06,11,0,0,5,6,-4.569999999999999,5.01,55.25,81.91,81.91,6.7299999999999995,71.6,51222.459493,10323.898722999998,0.44
2026-06-06 09:15:00+00:00,2026-06-06 11:15:00+02:00,2026-06-06,11,15,1,5,6,-5.51,5.26,51.48857142857143,77.47,77.47,3.0,63.75,51042.447374,9752.794820000003,-0.25
2026-06-06 09:30:00+00:00,2026-06-06 11:30:00+02:00,2026-06-06,11,30,2,5,6,-1.97,0.01,49.11428571428572,68.54,68.54,0.85,55.644999999999996,50716.52539,9257.452473999998,-1.96
2026-06-06 09:45:00+00:00,2026-06-06 11:45:00+02:00,2026-06-06,11,45,3,5,6,-7.32,0.0,45.11571428571428,61.04,61.04,-1.655,50.075,50806.452586,8907.820071000002,-7.32
2026-06-06 10:00:00+00:00,2026-06-06 12:00:00+02:00,2026-06-06,12,0,0,5,6,15.770000000000001,-17.87,46.80571428571428,63.7,63.7,4.949999999999999,55.475,50193.202029,8174.876139,-2.1
2026-06-06 10:15:00+00:00,2026-06-06 12:15:00+02:00,2026-06-06,12,15,1,5,6,5.949999999999999,-6.1,42.2557142857143,52.91,52.91,-0.37,48.73,49897.554227,7277.529968000003,-0.15
2026-06-06 10:30:00+00:00,2026-06-06 12:30:00+02:00,2026-06-06,12,30,2,5,6,20.689999999999998,-21.15,41.08571428571429,46.99,46.84,0.39,41.224999999999994,49895.141271,6876.075932,-0.46
2026-06-06 10:45:00+00:00,2026-06-06 12:45:00+02:00,2026-06-06,12,45,3,5,6,4.07,-6.17,38.594285714285704,42.58,39.68,-3.4299999999999997,37.455,49782.144044,6334.344594000002,-2.1
2026-06-06 11:00:00+00:00,2026-06-06 13:00:00+02:00,2026-06-06,13,0,0,5,6,-0.01,-0.01,40.564285714285724,45.49,45.49,-0.63,38.015,49197.457655,5747.3466469999985,-0.02
2026-06-06 11:15:00+00:00,2026-06-06 13:15:00+02:00,2026-06-06,13,15,1,5,6,-2.0,-0.02,39.358571428571445,41.99,38.38,-0.030000000000000002,32.335,48872.382276,5668.369925999999,-2.02
2026-06-06 11:30:00+00:00,2026-06-06 13:30:00+02:00,2026-06-06,13,30,2,5,6,-2.26,-0.04,37.03571428571428,37.61,33.31,0.245,29.02,48730.804395,5526.714315999998,-2.3
2026-06-06 11:45:00+00:00,2026-06-06 13:45:00+02:00,2026-06-06,13,45,3,5,6,-2.4200000000000004,-0.03,35.18,29.99,23.9,-0.055,24.075,48367.16015,5416.271976999997,-2.45
2026-06-06 12:00:00+00:00,2026-06-06 14:00:00+02:00,2026-06-06,14,0,0,5,6,14.7,-14.7,34.41285714285714,30.5,26.77,-1.17,25.384999999999998,48065.172418,5512.937666000005,0.0
2026-06-06 12:15:00+00:00,2026-06-06 14:15:00+02:00,2026-06-06,14,15,1,5,6,-4.97,0.0,36.35142857142857,29.8,29.8,-0.049999999999999996,25.765,47822.194051,5752.107078000001,-4.97
2026-06-06 12:30:00+00:00,2026-06-06 14:30:00+02:00,2026-06-06,14,30,2,5,6,-1.6,0.03,37.78714285714285,32.55,31.82,-0.11,28.035,47412.982163,6001.83382,-1.57
2026-06-06 12:45:00+00:00,2026-06-06 14:45:00+02:00,2026-06-06,14,45,3,5,6,-0.7,0.09,40.58571428571429,37.0,37.0,0.12,32.55,47206.181698,6271.990136,-0.61
2026-06-06 13:00:00+00:00,2026-06-06 15:00:00+02:00,2026-06-06,15,0,0,5,6,15.18,-15.75,35.40714285714286,29.0,25.47,-2.845,25.634999999999998,47162.631412,7193.028831999996,-0.57
2026-06-06 13:15:00+00:00,2026-06-06 15:15:00+02:00,2026-06-06,15,15,1,5,6,6.59,-3.46,38.392857142857146,35.6,35.6,0.005,37.39,47056.678266,7627.549739000002,3.13
2026-06-06 13:30:00+00:00,2026-06-06 15:30:00+02:00,2026-06-06,15,30,2,5,6,-1.7399999999999993,8.94,42.00000000000001,47.1,40.49,5.485,43.375,46791.314533,8175.3681949999955,7.2
2026-06-06 13:45:00+00:00,2026-06-06 15:45:00+02:00,2026-06-06,15,45,3,5,6,-4.650000000000002,20.89,47.80857142857143,61.99,43.7,5.725,48.535,46963.606731,8829.732674000006,16.24
2026-06-06 14:00:00+00:00,2026-06-06 16:00:00+02:00,2026-06-06,16,0,0,5,6,0.3999999999999986,12.21,44.18571428571429,48.35,41.16,2.63,42.129999999999995,47094.983619,10432.194523999991,12.61
2026-06-06 14:15:00+00:00,2026-06-06 16:15:00+02:00,2026-06-06,16,15,1,5,6,-2.819999999999993,38.16,56.795714285714276,63.57,59.62,12.335,61.595,46761.752644,11999.824778999995,35.34
2026-06-06 14:30:00+00:00,2026-06-06 16:30:00+02:00,2026-06-06,16,30,2,5,6,-6.559999999999995,57.41,68.98714285714287,76.92,73.0,43.644999999999996,74.96000000000001,46908.15458,13483.833754000007,50.85
2026-06-06 14:45:00+00:00,2026-06-06 16:45:00+02:00,2026-06-06,16,45,3,5,6,-2.1899999999999977,71.39,84.2,89.4,89.4,31.775,90.02000000000001,46165.214017,15549.840593,69.2
2026-06-06 15:00:00+00:00,2026-06-06 17:00:00+02:00,2026-06-06,17,0,0,5,6,1.2399999999999949,63.72,69.17857142857143,71.87,68.01,51.245000000000005,69.94,46702.823038,18136.115134,64.96
2026-06-06 15:15:00+00:00,2026-06-06 17:15:00+02:00,2026-06-06,17,15,1,5,6,-2.0600000000000023,82.05,86.30000000000004,95.0,83.84,86.63499999999999,92.1,46515.321313,20105.451541000002,79.99
2026-06-06 15:30:00+00:00,2026-06-06 17:30:00+02:00,2026-06-06,17,30,2,5,6,0.6099999999999994,99.69,106.2057142857143,113.39,102.46,105.185,106.8,46923.825148,22157.614514999997,100.3
2026-06-06 15:45:00+00:00,2026-06-06 17:45:00+02:00,2026-06-06,17,45,3,5,6,-0.25,118.02,118.91142857142856,130.0,112.5,118.99,122.185,47300.45161,24927.928058,117.77
2026-06-06 16:00:00+00:00,2026-06-06 18:00:00+02:00,2026-06-06,18,0,0,5,6,-2.989999999999995,110.99,102.28142857142858,104.0,98.31,92.36,106.50999999999999,47488.914027,28016.362097999998,108.0
2026-06-06 16:15:00+00:00,2026-06-06 18:15:00+02:00,2026-06-06,18,15,1,5,6,-1.0999999999999943,116.0,116.19285714285715,123.89,109.48,116.305,117.13,47743.207231,30593.497116000002,114.9
2026-06-06 16:30:00+00:00,2026-06-06 18:30:00+02:00,2026-06-06,18,30,2,5,6,-7.550000000000011,129.43,131.81428571428572,137.81,126.76,138.235,127.33000000000001,47981.957645,33006.363405000004,121.88
2026-06-06 16:45:00+00:00,2026-06-06 18:45:00+02:00,2026-06-06,18,45,3,5,6,1.259999999999991,127.03,144.70142857142858,159.15,133.29,152.495,135.47,48444.769597,35670.017157999995,128.29
2026-06-06 17:00:00+00:00,2026-06-06 19:00:00+02:00,2026-06-06,19,0,0,5,6,-1.2900000000000063,122.95,132.1457142857143,130.78,121.89,129.87,127.14500000000001,49123.555843,38188.5505,121.66
2026-06-06 17:15:00+00:00,2026-06-06 19:15:00+02:00,2026-06-06,19,15,1,5,6,-6.97999999999999,135.01,141.97714285714284,146.29,131.81,143.49,134.325,49138.876199,40720.179678,128.03
2026-06-06 17:30:00+00:00,2026-06-06 19:30:00+02:00,2026-06-06,19,30,2,5,6,-16.5,151.5,156.6442857142857,159.01,140.22,159.035,142.985,48981.902655,42815.987479,135.0
2026-06-06 17:45:00+00:00,2026-06-06 19:45:00+02:00,2026-06-06,19,45,3,5,6,-4.97999999999999,147.53,177.59142857142857,174.07,150.92,178.42000000000002,153.52499999999998,48743.1972,44848.290324,142.55
2026-06-06 18:00:00+00:00,2026-06-06 20:00:00+02:00,2026-06-06,20,0,0,5,6,-10.009999999999991,153.97,164.1142857142857,166.33,147.0,159.93,144.04500000000002,48594.781572,46276.952881,143.96
2026-06-06 18:15:00+00:00,2026-06-06 20:15:00+02:00,2026-06-06,20,15,1,5,6,-13.699999999999989,160.0,175.93714285714285,174.78,146.64,164.45499999999998,147.38,48084.508792,47267.16544,146.3
2026-06-06 18:30:00+00:00,2026-06-06 20:30:00+02:00,2026-06-06,20,30,2,5,6,-3.2299999999999898,156.97,185.37857142857143,189.0,147.99,166.505,150.385,47739.397503,48041.053625,153.74
2026-06-06 18:45:00+00:00,2026-06-06 20:45:00+02:00,2026-06-06,20,45,3,5,6,-15.04000000000002,170.33,189.6314285714286,191.0,143.81,185.81,153.54500000000002,47301.479828,48577.754543,155.29
2026-06-06 19:00:00+00:00,2026-06-06 21:00:00+02:00,2026-06-06,21,0,0,5,6,-18.120000000000005,175.68,190.45857142857145,192.72,149.28,183.9,156.465,46867.637468,48990.509337,157.56
2026-06-06 19:15:00+00:00,2026-06-06 21:15:00+02:00,2026-06-06,21,15,1,5,6,-10.789999999999992,160.39,180.9557142857143,189.15,139.65,170.095,152.09,46520.28212,48859.341394,149.6
2026-06-06 19:30:00+00:00,2026-06-06 21:30:00+02:00,2026-06-06,21,30,2,5,6,-1.5800000000000125,145.11,170.4742857142857,184.29,129.64,168.35000000000002,144.64999999999998,46163.523698,48503.302723,143.53
2026-06-06 19:45:00+00:00,2026-06-06 21:45:00+02:00,2026-06-06,21,45,3,5,6,-13.689999999999998,151.0,158.1,175.37,122.0,160.54500000000002,137.135,45858.296483,48206.094185,137.31
2026-06-06 20:00:00+00:00,2026-06-06 22:00:00+02:00,2026-06-06,22,0,0,5,6,-10.419999999999987,154.6,172.07,177.68,136.41,165.70499999999998,150.635,45354.890497,47544.396126,144.18
2026-06-06 20:15:00+00:00,2026-06-06 22:15:00+02:00,2026-06-06,22,15,1,5,6,-9.569999999999993,145.68,155.81714285714287,171.06,126.81,156.325,143.375,44946.020382,46840.828731,136.11
2026-06-06 20:30:00+00:00,2026-06-06 22:30:00+02:00,2026-06-06,22,30,2,5,6,-9.209999999999994,136.92,144.25285714285715,164.24,115.97,149.93,135.735,44464.825978,46205.196742,127.71
2026-06-06 20:45:00+00:00,2026-06-06 22:45:00+02:00,2026-06-06,22,45,3,5,6,-14.379999999999995,134.38,135.69,155.07,107.4,139.865,131.245,43826.496613,45693.461011,120.0
2026-06-06 21:00:00+00:00,2026-06-06 23:00:00+02:00,2026-06-06,23,0,0,5,6,-5.150000000000006,135.6,141.0257142857143,163.82,111.69,147.385,132.46,43203.403943,44886.454996,130.45
2026-06-06 21:15:00+00:00,2026-06-06 23:15:00+02:00,2026-06-06,23,15,1,5,6,-3.230000000000004,127.64,132.01714285714286,154.8,101.92,142.515,126.87,42644.947345,44202.063551,124.41
2026-06-06 21:30:00+00:00,2026-06-06 23:30:00+02:00,2026-06-06,23,30,2,5,6,-0.9699999999999989,120.07,128.40714285714287,149.24,98.88,139.97500000000002,122.245,42096.559328,43575.427399,119.1
2026-06-06 21:45:00+00:00,2026-06-06 23:45:00+02:00,2026-06-06,23,45,3,5,6,-2.280000000000001,114.29,120.87285714285713,142.67,86.8,132.91,119.485,41528.883193,42944.044705,112.01
2026-06-06 22:00:00+00:00,2026-06-07 00:00:00+02:00,2026-06-07,0,0,0,6,6,-9.920000000000002,120.63,128.54571428571427,153.2,92.55,145.78,137.51,41672.619598,42294.382624,110.71
2026-06-06 22:15:00+00:00,2026-06-07 00:15:00+02:00,2026-06-07,0,15,1,6,6,-11.519999999999996,121.7,121.41428571428573,146.79,83.43,136.07999999999998,129.325,41143.915397,41869.990411,110.18
2026-06-06 22:30:00+00:00,2026-06-07 00:30:00+02:00,2026-06-07,0,30,2,6,6,-25.820000000000007,132.68,118.11,140.69,79.55,133.85500000000002,127.62,40665.47149,41658.647173,106.86
2026-06-06 22:45:00+00:00,2026-06-07 00:45:00+02:00,2026-06-07,0,45,3,6,6,-6.340000000000003,109.39,110.59,132.73,69.79,129.695,124.00999999999999,40229.220031,41249.070706,103.05
2026-06-06 23:00:00+00:00,2026-06-07 01:00:00+02:00,2026-06-07,1,0,0,6,6,-11.600000000000009,114.45,117.31857142857143,136.91,76.79,134.245,130.485,39794.373727,40738.264858,102.85
2026-06-06 23:15:00+00:00,2026-06-07 01:15:00+02:00,2026-06-07,1,15,1,6,6,-9.259999999999991,108.8,112.87857142857145,132.81,76.54,128.725,127.205,39377.128357,40324.218615000005,99.54
2026-06-06 23:30:00+00:00,2026-06-07 01:30:00+02:00,2026-06-07,1,30,2,6,6,-9.019999999999996,104.3,109.78285714285714,130.7,75.27,127.72999999999999,125.935,39046.136397,40043.832596,95.28
2026-06-06 23:45:00+00:00,2026-06-07 01:45:00+02:00,2026-06-07,1,45,3,6,6,-8.950000000000003,97.31,106.71285714285713,132.0,73.0,125.945,121.97999999999999,38755.359227,39553.727025,88.36
2026-06-07 00:00:00+00:00,2026-06-07 02:00:00+02:00,2026-06-07,2,0,0,6,6,-4.260000000000005,99.45,108.12,136.81,71.89,125.345,123.27,38511.284731,39268.591331,95.19
2026-06-07 00:15:00+00:00,2026-06-07 02:15:00+02:00,2026-06-07,2,15,1,6,6,-6.040000000000006,95.29,107.38285714285713,133.86,77.49,125.28,119.945,38106.038596,38942.724921999994,89.25
2026-06-07 00:30:00+00:00,2026-06-07 02:30:00+02:00,2026-06-07,2,30,2,6,6,-1.1899999999999977,90.77,107.65428571428572,130.69,83.29,124.89500000000001,120.285,37958.07976,38755.365436,89.58
2026-06-07 00:45:00+00:00,2026-06-07 02:45:00+02:00,2026-06-07,2,45,3,6,6,-6.109999999999999,86.25,106.78142857142858,130.0,86.15,123.13,117.66499999999999,37863.373373,38624.894997,80.14
2026-06-07 01:00:00+00:00,2026-06-07 03:00:00+02:00,2026-06-07,3,0,0,6,6,-4.820000000000007,91.2,105.95857142857143,122.49,85.35,123.05000000000001,118.185,37852.210531,38539.966837,86.38
2026-06-07 01:15:00+00:00,2026-06-07 03:15:00+02:00,2026-06-07,3,15,1,6,6,-13.509999999999991,92.77,105.1742857142857,120.3,83.21,123.29499999999999,117.65,37707.629387,38489.645807,79.26
2026-06-07 01:30:00+00:00,2026-06-07 03:30:00+02:00,2026-06-07,3,30,2,6,6,-8.61,86.23,104.7242857142857,117.57,82.5,124.07499999999999,116.68,37621.836024,38345.431851,77.62
2026-06-07 01:45:00+00:00,2026-06-07 03:45:00+02:00,2026-06-07,3,45,3,6,6,-17.439999999999998,86.19,105.84571428571428,120.32,89.02,119.99000000000001,116.07,37704.87515,38237.384678,68.75
2026-06-07 02:00:00+00:00,2026-06-07 04:00:00+02:00,2026-06-07,4,0,0,6,6,-7.030000000000001,75.03,107.51,134.01,85.5,123.535,116.095,37787.509701,38552.791355,68.0
2026-06-07 02:15:00+00:00,2026-06-07 04:15:00+02:00,2026-06-07,4,15,1,6,6,-21.58,86.21,108.07142857142858,136.31,85.99,122.41499999999999,117.59,37873.145259,38680.969799,64.63
2026-06-07 02:30:00+00:00,2026-06-07 04:30:00+02:00,2026-06-07,4,30,2,6,6,-3.529999999999994,65.21,109.66999999999999,136.6,91.8,124.86,118.435,37944.481643,38432.725798,61.68
2026-06-07 02:45:00+00:00,2026-06-07 04:45:00+02:00,2026-06-07,4,45,3,6,6,-2.5700000000000003,58.0,110.77571428571427,134.78,96.02,124.99,119.495,38044.529424,38527.518830999994,55.43
2026-06-07 03:00:00+00:00,2026-06-07 05:00:00+02:00,2026-06-07,5,0,0,6,6,-19.240000000000002,60.74,108.72571428571429,132.59,92.24,123.475,118.85,38410.321738,38612.212706000006,41.5
2026-06-07 03:15:00+00:00,2026-06-07 05:15:00+02:00,2026-06-07,5,15,1,6,6,-13.969999999999999,47.92,109.22571428571429,127.57,93.07,124.765,119.88499999999999,38086.003492,38300.948462,33.95
2026-06-07 03:30:00+00:00,2026-06-07 05:30:00+02:00,2026-06-07,5,30,2,6,6,-46.96000000000001,75.37,111.60857142857142,124.44,98.99,125.4,121.86,37996.000794,38040.935398,28.41
2026-06-07 03:45:00+00:00,2026-06-07 05:45:00+02:00,2026-06-07,5,45,3,6,6,1.7599999999999998,11.28,114.19428571428571,117.0,108.99,127.875,123.355,39172.352082,37928.578086,13.04
2026-06-07 04:00:00+00:00,2026-06-07 06:00:00+02:00,2026-06-07,6,0,0,6,6,3.8599999999999994,8.55,119.13,118.81,117.72,129.275,125.68,40291.760094,38338.474921,12.41
2026-06-07 04:15:00+00:00,2026-06-07 06:15:00+02:00,2026-06-07,6,15,1,6,6,2.01,5.11,120.56000000000002,115.26,114.51,134.38,122.47,39677.477374,36153.700249999994,7.12
2026-06-07 04:30:00+00:00,2026-06-07 06:30:00+02:00,2026-06-07,6,30,2,6,6,-56.65,62.85,119.61428571428571,113.1,113.1,131.27499999999998,115.66499999999999,40595.603944,34591.378986,6.2
2026-06-07 04:45:00+00:00,2026-06-07 06:45:00+02:00,2026-06-07,6,45,3,6,6,1.0,2.1,116.99428571428571,110.64,110.64,120.74000000000001,115.97,40671.369688,33734.302869,3.1
2026-06-07 05:00:00+00:00,2026-06-07 07:00:00+02:00,2026-06-07,7,0,0,6,6,0.99,1.84,128.94571428571427,120.0,120.0,138.175,125.69,41347.556729,32443.550972,2.83
2026-06-07 05:15:00+00:00,2026-06-07 07:15:00+02:00,2026-06-07,7,15,1,6,6,0.08,0.01,120.6457142857143,104.18,104.18,128.35500000000002,121.24000000000001,42020.394405,30742.170698,0.09
2026-06-07 05:30:00+00:00,2026-06-07 07:30:00+02:00,2026-06-07,7,30,2,6,6,-46.900000000000006,44.7,115.77714285714285,93.42,93.42,119.985,120.36500000000001,42749.005389,29012.251084000003,-2.2
2026-06-07 05:45:00+00:00,2026-06-07 07:45:00+02:00,2026-06-07,7,45,3,6,6,-31.15,31.11,108.28714285714285,79.99,79.99,111.83,112.70500000000001,43270.536778,27271.722781,-0.04
2026-06-07 06:00:00+00:00,2026-06-07 08:00:00+02:00,2026-06-07,8,0,0,6,6,-8.05,11.07,124.56000000000002,95.39,95.39,126.955,120.43,43910.484942,25266.839452999997,3.02
2026-06-07 06:15:00+00:00,2026-06-07 08:15:00+02:00,2026-06-07,8,15,1,6,6,0.04,-0.05,114.49142857142859,86.8,86.8,113.79,111.38,44845.302822,23657.893399,-0.01
2026-06-07 06:30:00+00:00,2026-06-07 08:30:00+02:00,2026-06-07,8,30,2,6,6,-1.01,0.01,103.58857142857144,72.06,72.06,101.905,102.745,45627.926111,21974.223137,-1.0
2026-06-07 06:45:00+00:00,2026-06-07 08:45:00+02:00,2026-06-07,8,45,3,6,6,-2.3600000000000003,-2.04,90.67857142857143,53.83,53.83,83.905,93.12,45996.468066,20627.507093,-4.4
2026-06-07 07:00:00+00:00,2026-06-07 09:00:00+02:00,2026-06-07,9,0,0,6,6,-1.9999999999999998,-1.3,104.32285714285713,65.2,65.2,101.02000000000001,97.745,46198.825579,18882.071167,-3.3
2026-06-07 07:15:00+00:00,2026-06-07 09:15:00+02:00,2026-06-07,9,15,1,6,6,-4.609999999999999,-3.4,89.24285714285713,44.81,44.81,77.425,96.04,46793.988094,17405.405882000003,-8.01
2026-06-07 07:30:00+00:00,2026-06-07 09:30:00+02:00,2026-06-07,9,30,2,6,6,-1.83,-5.5,76.6557142857143,39.3,39.3,59.265,91.84,47441.346784,15991.988763000001,-7.33
2026-06-07 07:45:00+00:00,2026-06-07 09:45:00+02:00,2026-06-07,9,45,3,6,6,0.0,-10.0,64.36857142857143,22.24,22.24,30.805,77.465,48027.422551,15026.148108000001,-10.0
2026-06-07 08:00:00+00:00,2026-06-07 10:00:00+02:00,2026-06-07,10,0,0,6,6,-1.6099999999999994,-4.99,71.99428571428572,27.72,27.72,23.0,89.325,48576.308553,13537.442815999995,-6.6
2026-06-07 08:15:00+00:00,2026-06-07 10:15:00+02:00,2026-06-07,10,15,1,6,6,-7.5,-1.5,61.05,16.48,16.48,15.65,81.9,48841.443252,12816.503084000004,-9.0
2026-06-07 08:30:00+00:00,2026-06-07 10:30:00+02:00,2026-06-07,10,30,2,6,6,-8.819999999999999,-1.55,56.04571428571428,7.28,7.28,7.609999999999999,71.715,48998.162161,11489.075446999996,-10.37
2026-06-07 08:45:00+00:00,2026-06-07 10:45:00+02:00,2026-06-07,10,45,3,6,6,-1.3199999999999985,-12.71,51.40714285714286,-6.03,-0.01,2.9,64.45,49284.374422,11049.692975999998,-14.03
2026-06-07 09:00:00+00:00,2026-06-07 11:00:00+02:00,2026-06-07,11,0,0,6,6,-0.2599999999999998,-12.74,55.17,0.44,3.41,7.1049999999999995,71.6,49392.487154,10064.742266999994,-13.0
2026-06-07 09:15:00+00:00,2026-06-07 11:15:00+02:00,2026-06-07,11,15,1,6,6,-9.53,-5.0,51.45285714285715,-0.25,0.0,4.26,63.75,49317.25252,9588.850174000007,-14.53
2026-06-07 09:30:00+00:00,2026-06-07 11:30:00+02:00,2026-06-07,11,30,2,6,6,-6.470000000000001,-8.11,48.69142857142858,-1.96,0.44,0.85,55.644999999999996,49441.170005,9044.165697000004,-14.58
2026-06-07 09:45:00+00:00,2026-06-07 11:45:00+02:00,2026-06-07,11,45,3,6,6,-1.0299999999999994,-14.57,43.95,-7.32,4.15,-0.015,50.075,49312.625671,8672.999190000002,-15.6
2026-06-07 10:00:00+00:00,2026-06-07 12:00:00+02:00,2026-06-07,12,0,0,6,6,2.42,-14.99,46.50571428571429,-2.1,5.47,4.949999999999999,55.475,49279.884215,8178.864406000001,-12.57
2026-06-07 10:15:00+00:00,2026-06-07 12:15:00+02:00,2026-06-07,12,15,1,6,6,0.21999999999999886,-19.0,42.23428571428572,-0.15,5.21,-0.37,48.73,48891.131147,8265.767507000004,-18.78
2026-06-07 10:30:00+00:00,2026-06-07 12:30:00+02:00,2026-06-07,12,30,2,6,6,-4.059999999999999,-15.0,41.02,-0.46,3.0,0.39,41.224999999999994,48943.203023,8014.711422,-19.06
2026-06-07 10:45:00+00:00,2026-06-07 12:45:00+02:00,2026-06-07,12,45,3,6,6,-19.110000000000003,-1.74,38.2942857142857,-2.1,2.24,-3.4299999999999997,37.455,48805.13181,7809.008528999999,-20.85
2026-06-07 11:00:00+00:00,2026-06-07 13:00:00+02:00,2026-06-07,13,0,0,6,6,-5.640000000000001,-23.36,40.56142857142857,-0.02,4.29,-0.06,38.015,48320.783987,7526.541860000005,-29.0
2026-06-07 11:15:00+00:00,2026-06-07 13:15:00+02:00,2026-06-07,13,15,1,6,6,-22.090000000000003,-10.01,39.070000000000014,-2.02,8.53,-0.015,32.335,48472.768506,7675.083139999995,-32.1
2026-06-07 11:30:00+00:00,2026-06-07 13:30:00+02:00,2026-06-07,13,30,2,6,6,-0.259999999999998,-40.11,36.70714285714285,-2.3,3.84,0.245,29.02,48135.913947,7857.295196999992,-40.37
2026-06-07 11:45:00+00:00,2026-06-07 13:45:00+02:00,2026-06-07,13,45,3,6,6,0.1599999999999966,-50.25,34.83,-2.45,10.03,-0.03,24.075,47509.337479,7758.163640999999,-50.09
2026-06-07 12:00:00+00:00,2026-06-07 14:00:00+02:00,2026-06-07,14,0,0,6,6,-17.1,-24.78,34.41285714285714,0.0,3.87,-1.17,25.384999999999998,47339.037103,7809.593543000003,-41.88
2026-06-07 12:15:00+00:00,2026-06-07 14:15:00+02:00,2026-06-07,14,15,1,6,6,2.5799999999999983,-45.43,35.64142857142857,-4.97,5.41,-0.005,25.765,46738.212691,7848.367917999996,-42.85
2026-06-07 12:30:00+00:00,2026-06-07 14:30:00+02:00,2026-06-07,14,30,2,6,6,2.6700000000000017,-44.45,37.56285714285713,-1.57,8.3,-0.02,28.035,46690.285984,8025.014335,-41.78
2026-06-07 12:45:00+00:00,2026-06-07 14:45:00+02:00,2026-06-07,14,45,3,6,6,7.979999999999997,-45.04,40.49857142857143,-0.61,6.42,0.16999999999999998,32.55,46340.103343,8564.253574000002,-37.06
2026-06-07 13:00:00+00:00,2026-06-07 15:00:00+02:00,2026-06-07,15,0,0,6,6,7.020000000000003,-50.07,35.325714285714284,-0.57,3.98,-2.845,25.634999999999998,46370.061684,9242.924801000001,-43.05
2026-06-07 13:15:00+00:00,2026-06-07 15:15:00+02:00,2026-06-07,15,15,1,6,6,-7.210000000000001,-24.59,38.839999999999996,3.13,3.13,0.005,37.39,46114.465217,9780.120508,-31.8
2026-06-07 13:30:00+00:00,2026-06-07 15:30:00+02:00,2026-06-07,15,30,2,6,6,5.300000000000001,-31.78,42.97571428571429,7.2,7.2,8.92,43.375,45559.8934,10554.330984,-26.48
2026-06-07 13:45:00+00:00,2026-06-07 15:45:00+02:00,2026-06-07,15,45,3,6,6,2.580000000000002,-23.87,50.13,16.24,16.24,9.6,48.535,45316.332998,11058.234047999998,-21.29
2026-06-07 14:00:00+00:00,2026-06-07 16:00:00+02:00,2026-06-07,16,0,0,6,6,5.009999999999998,-28.06,46.174285714285716,12.61,12.61,5.785,42.129999999999995,45921.16303,12780.827513000004,-23.05
2026-06-07 14:15:00+00:00,2026-06-07 16:15:00+02:00,2026-06-07,16,15,1,6,6,-5.699999999999999,-8.4,61.14857142857142,35.34,35.34,21.385,61.595,46059.564397,14281.877532000006,-14.1
2026-06-07 14:30:00+00:00,2026-06-07 16:30:00+02:00,2026-06-07,16,30,2,6,6,2.799999999999999,-12.79,75.2857142857143,50.85,50.85,54.86,74.96000000000001,45990.90622,16026.553009000003,-9.99
2026-06-07 14:45:00+00:00,2026-06-07 16:45:00+02:00,2026-06-07,16,45,3,6,6,-20.200000000000003,16.1,91.44000000000001,69.2,69.2,49.285,90.02000000000001,46162.558846,16878.019811,-4.1
2026-06-07 15:00:00+00:00,2026-06-07 17:00:00+02:00,2026-06-07,17,0,0,6,6,10.34,-14.7,76.79857142857144,64.96,64.96,64.575,69.94,47014.417763,19245.628485999998,-4.36
2026-06-07 15:15:00+00:00,2026-06-07 17:15:00+02:00,2026-06-07,17,15,1,6,6,-1.02,-1.0,90.88142857142861,79.99,79.99,86.63499999999999,87.77,46864.915092,20725.229227,-2.02
2026-06-07 15:30:00+00:00,2026-06-07 17:30:00+02:00,2026-06-07,17,30,2,6,6,-18.98,18.89,108.4557142857143,100.3,100.3,105.185,105.02,46738.130995,22688.222912,-0.09
2026-06-07 15:45:00+00:00,2026-06-07 17:45:00+02:00,2026-06-07,17,45,3,6,6,-1.8399999999999999,16.55,122.29285714285712,117.77,117.77,119.29499999999999,119.425,47070.046843,24972.553071000002,14.71
2026-06-07 16:00:00+00:00,2026-06-07 18:00:00+02:00,2026-06-07,18,0,0,6,6,16.27,0.05,105.99857142857142,108.0,104.0,97.94,106.0,47888.667005,27139.718676999997,16.32
2026-06-07 16:15:00+00:00,2026-06-07 18:15:00+02:00,2026-06-07,18,15,1,6,6,16.82,21.29,118.76428571428572,114.9,114.9,117.50999999999999,116.02000000000001,48002.83462,29028.809372000003,38.11
2026-06-07 16:30:00+00:00,2026-06-07 18:30:00+02:00,2026-06-07,18,30,2,6,6,-3.6500000000000057,87.9,132.90285714285713,121.88,121.88,133.64,127.33000000000001,48432.986955,30522.52859,84.25
2026-06-07 16:45:00+00:00,2026-06-07 18:45:00+02:00,2026-06-07,18,45,3,6,6,-10.969999999999999,115.97,145.18285714285713,128.29,128.29,150.235,133.14499999999998,48978.461418,32464.785006,105.0
2026-06-07 17:00:00+00:00,2026-06-07 19:00:00+02:00,2026-06-07,19,0,0,6,6,18.89,78.62,131.67000000000002,121.66,121.66,129.87,127.14500000000001,49542.179061,34681.202434,97.51
2026-06-07 17:15:00+00:00,2026-06-07 19:15:00+02:00,2026-06-07,19,15,1,6,6,1.0999999999999943,107.43,141.5985714285714,128.03,128.03,143.49,133.8,49883.724768,36251.410021,108.53
2026-06-07 17:30:00+00:00,2026-06-07 19:30:00+02:00,2026-06-07,19,30,2,6,6,-0.2400000000000091,120.23,155.21571428571428,135.0,135.0,157.985,142.985,49983.302808,37355.717582,119.99
2026-06-07 17:45:00+00:00,2026-06-07 19:45:00+02:00,2026-06-07,19,45,3,6,6,-24.400000000000006,148.12,175.00571428571425,142.55,142.55,177.05,152.98,49853.712023,38369.499171999996,123.72
2026-06-07 18:00:00+00:00,2026-06-07 20:00:00+02:00,2026-06-07,20,0,0,6,6,24.459999999999994,99.75,164.01,143.96,143.96,159.875,144.325,49787.499258,38900.7916,124.21
2026-06-07 18:15:00+00:00,2026-06-07 20:15:00+02:00,2026-06-07,20,15,1,6,6,0.5499999999999972,125.62,174.52999999999997,146.3,146.3,161.20499999999998,147.38,49783.09981,39434.945509000005,126.17
2026-06-07 18:30:00+00:00,2026-06-07 20:30:00+02:00,2026-06-07,20,30,2,6,6,3.469999999999999,129.28,183.76999999999998,153.74,153.74,164.57999999999998,152.62,49335.030547,39360.368699,132.75
2026-06-07 18:45:00+00:00,2026-06-07 20:45:00+02:00,2026-06-07,20,45,3,6,6,0.6399999999999864,135.06,187.31571428571428,155.29,155.29,181.335,154.60000000000002,48758.767751,39191.331218,135.7
2026-06-07 19:00:00+00:00,2026-06-07 21:00:00+02:00,2026-06-07,21,0,0,6,6,-2.6500000000000057,133.35,187.85714285714286,157.56,157.56,181.635,158.66500000000002,48643.470722,38908.305319,130.7
2026-06-07 19:15:00+00:00,2026-06-07 21:15:00+02:00,2026-06-07,21,15,1,6,6,-1.299999999999983,135.01,177.4442857142857,149.6,149.6,168.09,152.09,48254.399887,38168.18472,133.71
2026-06-07 19:30:00+00:00,2026-06-07 21:30:00+02:00,2026-06-07,21,30,2,6,6,-5.730000000000018,141.3,166.49428571428572,143.53,143.53,166.37,144.64999999999998,47833.395756,37345.331204999995,135.57
2026-06-07 19:45:00+00:00,2026-06-07 21:45:00+02:00,2026-06-07,21,45,3,6,6,2.2700000000000102,135.0,154.66857142857143,137.31,137.31,155.45,137.82999999999998,47495.591676,36647.647078999995,137.27
2026-06-07 20:00:00+00:00,2026-06-07 22:00:00+02:00,2026-06-07,22,0,0,6,6,-3.089999999999975,145.7,167.28285714285715,144.18,144.18,162.435,150.635,47125.443443,35853.045245,142.61
2026-06-07 20:15:00+00:00,2026-06-07 22:15:00+02:00,2026-06-07,22,15,1,6,6,-5.139999999999986,143.25,152.40285714285713,136.11,136.11,151.98000000000002,143.375,46759.518206,34579.932913,138.11
2026-06-07 20:30:00+00:00,2026-06-07 22:30:00+02:00,2026-06-07,22,30,2,6,6,-1.7800000000000011,138.78,140.21285714285713,127.71,127.71,149.26999999999998,135.735,46349.922214,33378.749201,137.0
2026-06-07 20:45:00+00:00,2026-06-07 22:45:00+02:00,2026-06-07,22,45,3,6,6,-4.189999999999998,136.6,131.50285714285715,120.0,120.0,139.28,131.245,45766.930895,32244.366138999998,132.41
2026-06-07 21:00:00+00:00,2026-06-07 23:00:00+02:00,2026-06-07,23,0,0,6,6,-6.299999999999983,148.73,137.7757142857143,130.45,130.45,144.635,132.035,45112.232773,31078.428369,142.43
2026-06-07 21:15:00+00:00,2026-06-07 23:15:00+02:00,2026-06-07,23,15,1,6,6,-3.9599999999999795,137.92,129.34142857142857,124.41,124.41,139.55,125.295,44554.715537,29990.286044000004,133.96
2026-06-07 21:30:00+00:00,2026-06-07 23:30:00+02:00,2026-06-07,23,30,2,6,6,6.3300000000000125,125.69,125.08,119.1,119.1,135.44,119.46000000000001,44009.923823,29067.378716,132.02
2026-06-07 21:45:00+00:00,2026-06-07 23:45:00+02:00,2026-06-07,23,45,3,6,6,-17.810000000000002,139.25,116.70142857142856,112.01,112.01,130.21499999999997,117.67,43440.52108,27999.049851000003,121.44
