feature,selection_frequency,clean_selection_frequency,selected_folds,selected_clean_folds,mean_abs_coefficient,median_abs_coefficient,max_abs_coefficient,fold_all_missing_frequency,coefficient_sign_stability,selected_pre_cap,prefilter_keep,prefilter_reason,non_missing_count,non_missing_fraction,unique_values,family_x,pool_x,base_signal_x,corr_prune_keep,corr_prune_reason,correlated_with,max_abs_corr_with_kept,univariate_abs_spearman,family_y,pool_y,base_signal_y,family,pool,base_signal,selected,selection_method
da_price_eur_mwh,1.0,0.7777777777777778,9.0,7.0,21.450398261974275,18.606871308489623,42.627250970229156,0.0,1.0,True,True,kept,5808,1.0,3062,da_price,market_history,da_price_eur_mwh,True,first_ranked_feature,,0.0,0.8913462748199017,da_price,market_history,da_price_eur_mwh,da_price,market_history,da_price_eur_mwh,True,elasticnet_coefficients
solar_forecast_id_mw,1.0,0.7777777777777778,9.0,7.0,3.251872494314543,3.504054792806391,6.163673407123914,0.0,1.0,True,True,kept,3469,0.5972796143250688,3349,id_forecast,forecast_level,solar_forecast_id_mw,True,kept,renewable_total_forecast_id_mw,0.7308696909694778,0.759654408965035,id_forecast,forecast_level,solar_forecast_id_mw,id_forecast,forecast_level,solar_forecast_id_mw,True,elasticnet_coefficients
ida3_minus_da_spread_eur_mwh_lag_1d_same_local_qh,1.0,0.7777777777777778,9.0,7.0,2.1437640576225374,2.4926565133250014,4.092199746118139,0.0,1.0,True,True,kept,3456,0.5950413223140496,2993,ida3_history,market_history,ida3_minus_da_spread_eur_mwh,True,kept,ida3_minus_da_spread_eur_mwh_rolling_median_3d_same_local_qh,0.6790424141289018,0.008834012301754821,ida3_history,market_history,ida3_minus_da_spread_eur_mwh,ida3_history,market_history,ida3_minus_da_spread_eur_mwh,True,elasticnet_coefficients
wind_onshore_da_forecast_error_mw_lag_2d_same_local_qh,0.7777777777777778,0.5555555555555556,7.0,5.0,2.443540583715476,3.1849818076645184,5.115755553535615,0.0,1.0,False,True,kept,2736,0.47107438016528924,2736,lagged_forecast_error,lagged_forecast_error,wind_onshore_da_forecast_error_mw,True,kept,wind_onshore_da_forecast_error_mw_rolling_mean_28d_same_local_qh,0.2700520312057825,0.17004211785745388,lagged_forecast_error,lagged_forecast_error,wind_onshore_da_forecast_error_mw,lagged_forecast_error,lagged_forecast_error,wind_onshore_da_forecast_error_mw,True,elasticnet_coefficients
load_da_forecast_error_mw_rolling_std_3d_same_local_qh,0.7777777777777778,0.5555555555555556,7.0,5.0,2.0155501268907066,2.343734216140428,4.215882468777865,0.0,1.0,False,True,kept,2736,0.47107438016528924,2640,lagged_forecast_error,lagged_forecast_error,load_da_forecast_error_mw,True,kept,wind_onshore_da_forecast_error_mw_rolling_mean_7d_same_local_qh,0.2059842215815188,0.1257278219743517,lagged_forecast_error,lagged_forecast_error,load_da_forecast_error_mw,lagged_forecast_error,lagged_forecast_error,load_da_forecast_error_mw,True,elasticnet_coefficients
ida3_minus_da_spread_eur_mwh_rolling_std_3d_same_local_qh,0.7777777777777778,0.5555555555555556,7.0,5.0,2.9262381917423377,2.2110401362354697,8.838651761665364,0.0,1.0,False,True,kept,3312,0.5702479338842975,3189,ida3_history,market_history,ida3_minus_da_spread_eur_mwh,True,kept,ida3_price_eur_mwh_rolling_std_3d_same_local_qh,0.32658646525137786,0.03285499476491395,ida3_history,market_history,ida3_minus_da_spread_eur_mwh,ida3_history,market_history,ida3_minus_da_spread_eur_mwh,True,elasticnet_coefficients
residual_load_forecast_id_approx_mw,0.6666666666666666,0.5555555555555556,6.0,5.0,3.9149642342133566,3.681881250383959,11.318434331466777,0.0,1.0,False,True,kept,5808,1.0,5808,id_forecast,forecast_level,residual_load_forecast_id_approx_mw,True,first_ranked_feature,,0.0,0.7741881830358736,id_forecast,forecast_level,residual_load_forecast_id_approx_mw,id_forecast,forecast_level,residual_load_forecast_id_approx_mw,False,elasticnet_coefficients
wind_offshore_da_forecast_error_mw_rolling_std_3d_same_local_qh,0.6666666666666666,0.5555555555555556,6.0,5.0,1.8171580235781686,1.2402816056499968,5.008904987538018,0.0,1.0,False,True,kept,2735,0.4709022038567493,2637,lagged_forecast_error,lagged_forecast_error,wind_offshore_da_forecast_error_mw,True,kept,wind_offshore_id_forecast_error_mw_rolling_std_7d_same_local_qh,0.39719268641268013,0.09415157076723436,lagged_forecast_error,lagged_forecast_error,wind_offshore_da_forecast_error_mw,lagged_forecast_error,lagged_forecast_error,wind_offshore_da_forecast_error_mw,False,elasticnet_coefficients
ida3_minus_da_spread_eur_mwh_rolling_median_28d_same_local_qh,0.6666666666666666,0.5555555555555556,6.0,5.0,1.1446046480140344,1.050375178549789,4.292600047585048,0.0,1.0,False,True,kept,5328,0.9173553719008265,2660,ida3_history,market_history,ida3_minus_da_spread_eur_mwh,True,kept,ida3_minus_da_spread_eur_mwh_rolling_mean_28d_same_local_qh,0.8157637854916678,0.07198138177811297,ida3_history,market_history,ida3_minus_da_spread_eur_mwh,ida3_history,market_history,ida3_minus_da_spread_eur_mwh,False,elasticnet_coefficients
wind_total_forecast_revision_id_minus_da_mw_rolling_median_28d_same_local_qh,0.7777777777777778,0.5555555555555556,7.0,5.0,0.8153483334330479,0.908458438833609,2.182204327324332,0.0,1.0,False,True,kept,5808,1.0,2556,forecast_revision,forecast_revision,wind_total_forecast_revision_id_minus_da_mw,True,kept,renewable_total_forecast_revision_id_minus_da_mw_rolling_median_28d_same_local_qh,0.7410049702712469,0.19730263998643452,forecast_revision,forecast_revision,wind_total_forecast_revision_id_minus_da_mw,forecast_revision,forecast_revision,wind_total_forecast_revision_id_minus_da_mw,False,elasticnet_coefficients
load_da_forecast_error_mw_rolling_median_3d_same_local_qh,0.6666666666666666,0.5555555555555556,6.0,5.0,2.3091270119565497,0.8498648388876366,9.371300954905454,0.0,1.0,False,True,kept,2736,0.47107438016528924,2517,lagged_forecast_error,lagged_forecast_error,load_da_forecast_error_mw,True,kept,load_da_forecast_error_mw_lag_2d_same_local_qh,0.9081567749183336,0.18516401420464812,lagged_forecast_error,lagged_forecast_error,load_da_forecast_error_mw,lagged_forecast_error,lagged_forecast_error,load_da_forecast_error_mw,False,elasticnet_coefficients
ida3_minus_da_spread_eur_mwh_rolling_std_7d_same_local_qh,0.6666666666666666,0.5555555555555556,6.0,5.0,0.8889833848669978,0.5792174624963746,3.037597491406018,0.0,1.0,False,True,kept,5376,0.9256198347107438,5376,ida3_history,market_history,ida3_minus_da_spread_eur_mwh,True,kept,ida3_minus_da_spread_eur_mwh_rolling_std_3d_same_local_qh,0.6542718460344741,0.007767671429501193,ida3_history,market_history,ida3_minus_da_spread_eur_mwh,ida3_history,market_history,ida3_minus_da_spread_eur_mwh,False,elasticnet_coefficients
wind_offshore_forecast_revision_id_minus_da_mw_lag_1d_same_local_qh,0.6666666666666666,0.5555555555555556,6.0,5.0,1.575871495815377,0.41415885418464626,7.20401221907706,0.0,1.0,False,True,kept,5802,0.9989669421487604,5734,forecast_revision,forecast_revision,wind_offshore_forecast_revision_id_minus_da_mw,True,kept,renewable_total_forecast_revision_id_minus_da_mw_rolling_mean_3d_same_local_qh,0.2699441887082769,0.09649538453117766,forecast_revision,forecast_revision,wind_offshore_forecast_revision_id_minus_da_mw,forecast_revision,forecast_revision,wind_offshore_forecast_revision_id_minus_da_mw,False,elasticnet_coefficients
ida3_minus_da_spread_eur_mwh_lag_7d_same_local_qh,0.6666666666666666,0.5555555555555556,6.0,5.0,0.7864499223113546,0.3443856887353731,2.8428931816876872,0.0,1.0,False,True,kept,3408,0.5867768595041323,2959,ida3_history,market_history,ida3_minus_da_spread_eur_mwh,True,kept,ida3_minus_da_spread_eur_mwh_rolling_mean_14d_same_local_qh,0.405872236560957,0.07769737818275772,ida3_history,market_history,ida3_minus_da_spread_eur_mwh,ida3_history,market_history,ida3_minus_da_spread_eur_mwh,False,elasticnet_coefficients
load_forecast_da_mw_lag_14d_same_local_qh,0.6666666666666666,0.5555555555555556,6.0,5.0,1.9231385406761907,0.2784846565521,10.832118660231995,0.0,1.0,False,True,kept,5472,0.9421487603305785,5472,da_forecast,forecast_level,load_forecast_da_mw,True,kept,load_forecast_da_mw,0.8212536567791555,0.1188452492764771,da_forecast,forecast_level,load_forecast_da_mw,da_forecast,forecast_level,load_forecast_da_mw,False,elasticnet_coefficients
renewable_total_forecast_revision_id_minus_da_mw,0.6666666666666666,0.4444444444444444,6.0,4.0,1.2616796270887152,0.8645187227985743,2.711569239785021,0.0,1.0,False,True,kept,5808,1.0,5808,forecast_revision,forecast_revision,renewable_total_forecast_revision_id_minus_da_mw,True,kept,wind_onshore_forecast_revision_id_minus_da_mw,0.8409323145775487,0.12419081911068061,forecast_revision,forecast_revision,renewable_total_forecast_revision_id_minus_da_mw,forecast_revision,forecast_revision,renewable_total_forecast_revision_id_minus_da_mw,False,elasticnet_coefficients
wind_offshore_id_forecast_error_mw_rolling_median_3d_same_local_qh,0.6666666666666666,0.4444444444444444,6.0,4.0,0.7903889611163448,0.8591437053852925,2.266219238136747,0.0,1.0,False,True,kept,2735,0.4709022038567493,2552,lagged_forecast_error,lagged_forecast_error,wind_offshore_id_forecast_error_mw,True,kept,wind_offshore_da_forecast_error_mw_rolling_mean_3d_same_local_qh,0.8925838326073148,0.011587349183012872,lagged_forecast_error,lagged_forecast_error,wind_offshore_id_forecast_error_mw,lagged_forecast_error,lagged_forecast_error,wind_offshore_id_forecast_error_mw,False,elasticnet_coefficients
ida3_price_eur_mwh_regime_vol_7d_over_28d,0.6666666666666666,0.4444444444444444,6.0,4.0,1.728186568250717,0.49899794497894445,6.394545950401337,0.0,1.0,False,True,kept,5040,0.8677685950413223,5040,regime_volatility,regime,ida3_price_eur_mwh,True,kept,da_price_eur_mwh_regime_mean_shift_7d_vs_28d_z,0.226282711291409,0.0494690169148741,regime_volatility,regime,ida3_price_eur_mwh,regime_volatility,regime,ida3_price_eur_mwh,False,elasticnet_coefficients
wind_offshore_da_forecast_error_mw_rolling_mean_3d_same_local_qh,0.5555555555555556,0.4444444444444444,5.0,4.0,0.5354049282462136,0.3082829011919719,1.4991288262263207,0.0,1.0,False,True,kept,2735,0.4709022038567493,2637,lagged_forecast_error,lagged_forecast_error,wind_offshore_da_forecast_error_mw,True,kept,wind_offshore_da_forecast_error_mw_rolling_mean_7d_same_local_qh,0.7800608053727281,0.041031291260464293,lagged_forecast_error,lagged_forecast_error,wind_offshore_da_forecast_error_mw,lagged_forecast_error,lagged_forecast_error,wind_offshore_da_forecast_error_mw,False,elasticnet_coefficients
wind_total_forecast_revision_id_minus_da_mw_rolling_median_7d_same_local_qh,0.5555555555555556,0.4444444444444444,5.0,4.0,0.6936903499270524,0.2652377795615635,2.294862122491494,0.0,1.0,False,True,kept,5808,1.0,3314,forecast_revision,forecast_revision,wind_total_forecast_revision_id_minus_da_mw,True,kept,renewable_total_forecast_revision_id_minus_da_mw_rolling_median_7d_same_local_qh,0.735359367539818,0.10051361886400832,forecast_revision,forecast_revision,wind_total_forecast_revision_id_minus_da_mw,forecast_revision,forecast_revision,wind_total_forecast_revision_id_minus_da_mw,False,elasticnet_coefficients
ida3_price_eur_mwh_rolling_median_14d_same_local_qh,0.5555555555555556,0.4444444444444444,5.0,4.0,0.6330872026792331,0.24592061007755636,2.4961281947443186,0.0,0.6,False,True,kept,5568,0.9586776859504132,3295,ida3_history,market_history,ida3_price_eur_mwh,True,kept,da_price_eur_mwh,0.7219333552960387,0.6816757604506167,ida3_history,market_history,ida3_price_eur_mwh,ida3_history,market_history,ida3_price_eur_mwh,False,elasticnet_coefficients
ida3_minus_da_spread_eur_mwh_regime_vol_7d_over_28d,0.5555555555555556,0.4444444444444444,5.0,4.0,0.18380534043553848,0.14359817388943086,0.5291854539124577,0.0,1.0,False,True,kept,5040,0.8677685950413223,5040,regime_volatility,regime,ida3_minus_da_spread_eur_mwh,True,kept,ida3_price_eur_mwh_regime_vol_7d_over_28d,0.5644789287814969,0.041025084064629395,regime_volatility,regime,ida3_minus_da_spread_eur_mwh,regime_volatility,regime,ida3_minus_da_spread_eur_mwh,False,elasticnet_coefficients
ida3_minus_da_spread_eur_mwh_regime_mean_shift_7d_vs_28d_z,0.6666666666666666,0.4444444444444444,6.0,4.0,0.6492922444196652,0.025240905777426152,2.3181869833663793,0.0,1.0,False,True,kept,5040,0.8677685950413223,5040,regime_mean_shift,regime,ida3_minus_da_spread_eur_mwh,True,kept,da_price_eur_mwh_regime_mean_shift_7d_vs_28d_z,0.20935683156534096,0.06244231103874219,regime_mean_shift,regime,ida3_minus_da_spread_eur_mwh,regime_mean_shift,regime,ida3_minus_da_spread_eur_mwh,False,elasticnet_coefficients
wind_offshore_id_forecast_error_mw_rolling_std_3d_same_local_qh,0.5555555555555556,0.4444444444444444,5.0,4.0,0.8918434959118794,0.001520241742796078,3.0197653762161587,0.0,0.6,False,True,kept,2735,0.4709022038567493,2639,lagged_forecast_error,lagged_forecast_error,wind_offshore_id_forecast_error_mw,True,kept,wind_offshore_da_forecast_error_mw_rolling_std_3d_same_local_qh,0.7311290940402754,0.05759030447039041,lagged_forecast_error,lagged_forecast_error,wind_offshore_id_forecast_error_mw,lagged_forecast_error,lagged_forecast_error,wind_offshore_id_forecast_error_mw,False,elasticnet_coefficients
renewable_total_forecast_revision_id_minus_da_mw_regime_vol_7d_over_28d,0.5555555555555556,0.3333333333333333,5.0,3.0,0.21371932758866233,0.1152423157300302,0.774727055002583,0.0,1.0,False,True,kept,5808,1.0,5808,regime_volatility,regime,renewable_total_forecast_revision_id_minus_da_mw,True,kept,ida3_minus_da_spread_eur_mwh_regime_mean_shift_7d_vs_28d_z,0.10563090554897372,0.025551701280876953,regime_volatility,regime,renewable_total_forecast_revision_id_minus_da_mw,regime_volatility,regime,renewable_total_forecast_revision_id_minus_da_mw,False,elasticnet_coefficients
ida3_minus_da_spread_eur_mwh_regime_abs_median_28d_over_vol,0.4444444444444444,0.3333333333333333,4.0,3.0,0.2727351721855935,0.0,1.0359386459703326,0.0,1.0,False,True,kept,5328,0.9173553719008265,5326,regime_level,regime,ida3_minus_da_spread_eur_mwh,True,kept,ida3_price_eur_mwh_regime_vol_28d,0.2927027359151605,0.07038121042012464,regime_level,regime,ida3_minus_da_spread_eur_mwh,regime_level,regime,ida3_minus_da_spread_eur_mwh,False,elasticnet_coefficients
ida3_minus_da_spread_eur_mwh_rolling_mean_28d_same_local_qh,0.4444444444444444,0.3333333333333333,4.0,3.0,0.705945865077968,0.0,4.439775282725332,0.0,1.0,False,True,kept,5328,0.9173553719008265,5316,ida3_history,market_history,ida3_minus_da_spread_eur_mwh,True,kept,ida3_price_eur_mwh_lag_2d_same_local_qh,0.1797125091249735,0.13537007847902205,ida3_history,market_history,ida3_minus_da_spread_eur_mwh,ida3_history,market_history,ida3_minus_da_spread_eur_mwh,False,elasticnet_coefficients
ida3_price_eur_mwh_lag_7d_same_local_qh,0.4444444444444444,0.3333333333333333,4.0,3.0,0.7056364603024178,0.0,2.6624303232420505,0.0,1.0,False,True,kept,3408,0.5867768595041323,2691,ida3_history,market_history,ida3_price_eur_mwh,True,kept,da_price_eur_mwh_lag_7d_same_local_qh,0.9034166374941565,0.4799610066690553,ida3_history,market_history,ida3_price_eur_mwh,ida3_history,market_history,ida3_price_eur_mwh,False,elasticnet_coefficients
ida3_volume_mw_lag_7d_same_local_qh,0.4444444444444444,0.3333333333333333,4.0,3.0,0.28459018032466166,0.0,1.1171373174448636,0.0,1.0,False,True,kept,3408,0.5867768595041323,784,ida3_history,market_history,ida3_volume_mw,True,kept,ida3_price_eur_mwh_rolling_std_28d_same_local_qh,0.23344261102805133,0.09872073958718071,ida3_history,market_history,ida3_volume_mw,ida3_history,market_history,ida3_volume_mw,False,elasticnet_coefficients
renewable_total_forecast_revision_id_minus_da_mw_lag_14d_same_local_qh,0.4444444444444444,0.3333333333333333,4.0,3.0,0.6110494358759652,0.0,2.160735524367449,0.0,1.0,False,True,kept,5472,0.9421487603305785,5472,forecast_revision,forecast_revision,renewable_total_forecast_revision_id_minus_da_mw,True,kept,solar_forecast_revision_id_minus_da_mw_lag_14d_same_local_qh,0.5074906123676137,0.08952089072353363,forecast_revision,forecast_revision,renewable_total_forecast_revision_id_minus_da_mw,forecast_revision,forecast_revision,renewable_total_forecast_revision_id_minus_da_mw,False,elasticnet_coefficients
renewable_total_forecast_revision_id_minus_da_mw_regime_mean_shift_7d_vs_28d_z,0.4444444444444444,0.3333333333333333,4.0,3.0,0.763433013511666,0.0,5.522809637412377,0.0,1.0,False,True,kept,5808,1.0,5808,regime_mean_shift,regime,renewable_total_forecast_revision_id_minus_da_mw,True,kept,ida3_minus_da_spread_eur_mwh_regime_mean_shift_7d_vs_28d_z,0.23965886388265786,0.02298754110787326,regime_mean_shift,regime,renewable_total_forecast_revision_id_minus_da_mw,regime_mean_shift,regime,renewable_total_forecast_revision_id_minus_da_mw,False,elasticnet_coefficients
renewable_total_forecast_revision_id_minus_da_mw_rolling_mean_7d_same_local_qh,0.3333333333333333,0.3333333333333333,3.0,3.0,0.20994683595021363,0.0,0.9378885125173416,0.0,1.0,False,True,kept,5808,1.0,5808,forecast_revision,forecast_revision,renewable_total_forecast_revision_id_minus_da_mw,True,kept,renewable_total_forecast_revision_id_minus_da_mw_rolling_median_7d_same_local_qh,0.7357928415073631,0.17317845197764536,forecast_revision,forecast_revision,renewable_total_forecast_revision_id_minus_da_mw,forecast_revision,forecast_revision,renewable_total_forecast_revision_id_minus_da_mw,False,elasticnet_coefficients
solar_id_forecast_error_mw_rolling_std_28d_same_local_qh,0.4444444444444444,0.3333333333333333,4.0,3.0,0.1730634871216247,0.0,0.7243101976268601,0.0,1.0,False,True,kept,2766,0.4762396694214876,2299,lagged_forecast_error,lagged_forecast_error,solar_id_forecast_error_mw,True,first_ranked_feature,,0.0,0.6458858837558407,lagged_forecast_error,lagged_forecast_error,solar_id_forecast_error_mw,lagged_forecast_error,lagged_forecast_error,solar_id_forecast_error_mw,False,elasticnet_coefficients
wind_offshore_forecast_da_mw_lag_2d_same_local_qh,0.3333333333333333,0.3333333333333333,3.0,3.0,0.38534077269150857,0.0,1.8034053589492365,0.0,1.0,False,True,kept,5758,0.9913911845730028,5741,da_forecast,forecast_level,wind_offshore_forecast_da_mw,True,kept,wind_total_forecast_id_mw_lag_2d_same_local_qh,0.8256881453773685,0.15485608877476587,da_forecast,forecast_level,wind_offshore_forecast_da_mw,da_forecast,forecast_level,wind_offshore_forecast_da_mw,False,elasticnet_coefficients
wind_offshore_forecast_id_mw_lag_14d_same_local_qh,0.4444444444444444,0.3333333333333333,4.0,3.0,0.7928795557703384,0.0,4.144288449308377,0.0,1.0,False,True,kept,5471,0.9419765840220385,5451,id_forecast,forecast_level,wind_offshore_forecast_id_mw,True,kept,wind_onshore_forecast_da_mw_lag_14d_same_local_qh,0.6804035802721241,0.04602173436749486,id_forecast,forecast_level,wind_offshore_forecast_id_mw,id_forecast,forecast_level,wind_offshore_forecast_id_mw,False,elasticnet_coefficients
wind_offshore_id_forecast_error_mw_rolling_std_28d_same_local_qh,0.4444444444444444,0.3333333333333333,4.0,3.0,0.5643764892211003,0.0,2.3835372997461626,0.0,1.0,False,True,kept,4896,0.8429752066115702,4176,lagged_forecast_error,lagged_forecast_error,wind_offshore_id_forecast_error_mw,True,kept,wind_onshore_id_forecast_error_mw_rolling_std_28d_same_local_qh,0.379392775756623,0.18558562563076716,lagged_forecast_error,lagged_forecast_error,wind_offshore_id_forecast_error_mw,lagged_forecast_error,lagged_forecast_error,wind_offshore_id_forecast_error_mw,False,elasticnet_coefficients
wind_total_forecast_id_mw_lag_1d_same_local_qh,0.4444444444444444,0.3333333333333333,4.0,3.0,1.1833525090696022,0.0,8.98766933480574,0.0,1.0,False,True,kept,5808,1.0,5808,id_forecast,forecast_level,wind_total_forecast_id_mw,True,kept,wind_offshore_forecast_id_mw_lag_1d_same_local_qh,0.8176377944946778,0.06828469033893997,id_forecast,forecast_level,wind_total_forecast_id_mw,id_forecast,forecast_level,wind_total_forecast_id_mw,False,elasticnet_coefficients
wind_total_forecast_revision_id_minus_da_mw_rolling_mean_7d_same_local_qh,0.4444444444444444,0.3333333333333333,4.0,3.0,0.4722090995405526,0.0,2.8982045813293325,0.0,0.5,False,True,kept,5808,1.0,5808,forecast_revision,forecast_revision,wind_total_forecast_revision_id_minus_da_mw,True,kept,renewable_total_forecast_revision_id_minus_da_mw_rolling_mean_7d_same_local_qh,0.8573124562941377,0.02846259552760003,forecast_revision,forecast_revision,wind_total_forecast_revision_id_minus_da_mw,forecast_revision,forecast_revision,wind_total_forecast_revision_id_minus_da_mw,False,elasticnet_coefficients
da_price_eur_mwh_regime_vol_7d_over_28d,0.3333333333333333,0.2222222222222222,3.0,2.0,0.07661598211202135,0.0,0.45340570987431006,0.0,1.0,False,True,kept,5808,1.0,5808,regime_volatility,regime,da_price_eur_mwh,True,kept,ida3_price_eur_mwh_regime_vol_7d_over_28d,0.5940159308943691,0.04317537881491161,regime_volatility,regime,da_price_eur_mwh,regime_volatility,regime,da_price_eur_mwh,False,elasticnet_coefficients
da_price_eur_mwh_rolling_std_14d_same_local_qh,0.3333333333333333,0.2222222222222222,3.0,2.0,0.2630265218899891,0.0,2.1330503758665027,0.0,1.0,False,True,kept,5808,1.0,5807,da_price,market_history,da_price_eur_mwh,True,kept,ida3_price_eur_mwh_rolling_std_14d_same_local_qh,0.8379347550251194,0.06940427548622785,da_price,market_history,da_price_eur_mwh,da_price,market_history,da_price_eur_mwh,False,elasticnet_coefficients
da_price_eur_mwh_rolling_std_3d_same_local_qh,0.4444444444444444,0.2222222222222222,4.0,2.0,0.19160005148046577,0.0,0.887523058404943,0.0,0.5,False,True,kept,5808,1.0,5802,da_price,market_history,da_price_eur_mwh,True,kept,da_price_eur_mwh_rolling_std_7d_same_local_qh,0.5672082690195414,0.022737261900897206,da_price,market_history,da_price_eur_mwh,da_price,market_history,da_price_eur_mwh,False,elasticnet_coefficients
hour_sin,0.4444444444444444,0.2222222222222222,4.0,2.0,0.421398271687423,0.0,2.479732212108686,0.0,0.5,False,True,kept,5808,1.0,12,calendar,calendar,hour_sin,True,first_ranked_feature,,0.0,0.4099948610286776,calendar,calendar,hour_sin,calendar,calendar,hour_sin,False,elasticnet_coefficients
ida3_minus_da_spread_eur_mwh_lag_2d_same_local_qh,0.3333333333333333,0.2222222222222222,3.0,2.0,0.47568168196539556,0.0,2.917870648515705,0.0,1.0,False,True,kept,3072,0.5289256198347108,2697,ida3_history,market_history,ida3_minus_da_spread_eur_mwh,True,kept,ida3_minus_da_spread_eur_mwh_rolling_mean_7d_same_local_qh,0.5628428895542968,0.04836549521158284,ida3_history,market_history,ida3_minus_da_spread_eur_mwh,ida3_history,market_history,ida3_minus_da_spread_eur_mwh,False,elasticnet_coefficients
ida3_minus_da_spread_eur_mwh_regime_vol_28d,0.3333333333333333,0.2222222222222222,3.0,2.0,0.15684330652781694,0.0,0.5070340937063431,0.0,1.0,False,True,kept,5328,0.9173553719008265,5328,regime_volatility,regime,ida3_minus_da_spread_eur_mwh,True,kept,ida3_price_eur_mwh_regime_vol_28d,0.6612651039989834,0.02833717479108259,regime_volatility,regime,ida3_minus_da_spread_eur_mwh,regime_volatility,regime,ida3_minus_da_spread_eur_mwh,False,elasticnet_coefficients
ida3_minus_da_spread_eur_mwh_rolling_median_7d_same_local_qh,0.3333333333333333,0.2222222222222222,3.0,2.0,1.764686139513171,0.0,9.22057077507639,0.0,1.0,False,True,kept,5376,0.9256198347107438,3620,ida3_history,market_history,ida3_minus_da_spread_eur_mwh,True,kept,ida3_minus_da_spread_eur_mwh_rolling_mean_7d_same_local_qh,0.8223465439271966,0.04311648717015513,ida3_history,market_history,ida3_minus_da_spread_eur_mwh,ida3_history,market_history,ida3_minus_da_spread_eur_mwh,False,elasticnet_coefficients
ida3_minus_da_spread_eur_mwh_rolling_std_28d_same_local_qh,0.3333333333333333,0.2222222222222222,3.0,2.0,0.14203345226259959,0.0,0.5065257063004733,0.0,1.0,False,True,kept,5328,0.9173553719008265,5328,ida3_history,market_history,ida3_minus_da_spread_eur_mwh,True,kept,ida3_price_eur_mwh_rolling_std_28d_same_local_qh,0.6612651039989834,0.02833717479108259,ida3_history,market_history,ida3_minus_da_spread_eur_mwh,ida3_history,market_history,ida3_minus_da_spread_eur_mwh,False,elasticnet_coefficients
ida3_price_eur_mwh_lag_1d_same_local_qh,0.4444444444444444,0.2222222222222222,4.0,2.0,0.8617113993553344,0.0,3.2521442255296553,0.0,1.0,False,True,kept,3456,0.5950413223140496,2717,ida3_history,market_history,ida3_price_eur_mwh,True,kept,ida3_price_eur_mwh_rolling_median_14d_same_local_qh,0.76104781218778,0.6775794946933403,ida3_history,market_history,ida3_price_eur_mwh,ida3_history,market_history,ida3_price_eur_mwh,False,elasticnet_coefficients
is_weekend,0.3333333333333333,0.2222222222222222,3.0,2.0,0.5198428224132263,0.0,3.7073988520796384,0.0,0.3333333333333333,False,True,kept,5808,1.0,2,calendar,calendar,is_weekend,True,kept,,0.0,0.18571129239924983,calendar,calendar,is_weekend,calendar,calendar,is_weekend,False,elasticnet_coefficients
load_da_forecast_error_mw_rolling_std_14d_same_local_qh,0.3333333333333333,0.2222222222222222,3.0,2.0,0.2963236544298803,0.0,1.3718879893023184,0.0,1.0,False,True,kept,4704,0.8099173553719008,4176,lagged_forecast_error,lagged_forecast_error,load_da_forecast_error_mw,True,kept,load_da_forecast_error_mw_rolling_std_28d_same_local_qh,0.7138611899964346,0.01705661072813452,lagged_forecast_error,lagged_forecast_error,load_da_forecast_error_mw,lagged_forecast_error,lagged_forecast_error,load_da_forecast_error_mw,False,elasticnet_coefficients
load_da_forecast_error_mw_rolling_std_28d_same_local_qh,0.4444444444444444,0.2222222222222222,4.0,2.0,0.6011395684787185,0.0,3.944133037205374,0.0,0.5,False,True,kept,4896,0.8429752066115702,4176,lagged_forecast_error,lagged_forecast_error,load_da_forecast_error_mw,True,kept,load_da_forecast_error_mw_rolling_std_7d_same_local_qh,0.40652391674047034,0.017499717702773022,lagged_forecast_error,lagged_forecast_error,load_da_forecast_error_mw,lagged_forecast_error,lagged_forecast_error,load_da_forecast_error_mw,False,elasticnet_coefficients
load_forecast_da_mw,0.3333333333333333,0.2222222222222222,3.0,2.0,0.5371861795615904,0.0,2.965584937720709,0.0,1.0,False,True,kept,5808,1.0,5808,da_forecast,forecast_level,load_forecast_da_mw,True,kept,total_generation_forecast_da_mw,0.5144915813063216,0.2171762407663955,da_forecast,forecast_level,load_forecast_da_mw,da_forecast,forecast_level,load_forecast_da_mw,False,elasticnet_coefficients
load_forecast_da_mw_lag_1d_same_local_qh,0.3333333333333333,0.2222222222222222,3.0,2.0,0.23497899737586275,0.0,2.0256243354490473,0.0,1.0,False,True,kept,5808,1.0,5808,da_forecast,forecast_level,load_forecast_da_mw,True,kept,load_forecast_da_mw,0.7568209855742403,0.15231164494691696,da_forecast,forecast_level,load_forecast_da_mw,da_forecast,forecast_level,load_forecast_da_mw,False,elasticnet_coefficients
month_sin,0.3333333333333333,0.2222222222222222,3.0,2.0,0.37323366461651025,0.0,2.4827716492721152,0.0,1.0,False,True,kept,5808,1.0,7,calendar,calendar,month_sin,True,kept,month_cos,0.605047051175707,0.07524319054337393,calendar,calendar,month_sin,calendar,calendar,month_sin,False,elasticnet_coefficients
renewable_total_forecast_id_mw,0.3333333333333333,0.2222222222222222,3.0,2.0,1.7011026330481651,0.0,12.598992841273224,0.0,1.0,False,True,kept,5808,1.0,5808,id_forecast,forecast_level,renewable_total_forecast_id_mw,True,kept,residual_load_forecast_id_approx_mw,0.8713509510966936,0.7665594276273461,id_forecast,forecast_level,renewable_total_forecast_id_mw,id_forecast,forecast_level,renewable_total_forecast_id_mw,False,elasticnet_coefficients
renewable_total_forecast_revision_id_minus_da_mw_rolling_std_7d_same_local_qh,0.3333333333333333,0.2222222222222222,3.0,2.0,0.7744300249245202,0.0,6.377961699381892,0.0,1.0,False,True,kept,5808,1.0,5808,forecast_revision,forecast_revision,renewable_total_forecast_revision_id_minus_da_mw,True,kept,renewable_total_forecast_revision_id_minus_da_mw_rolling_std_14d_same_local_qh,0.667553930082811,0.13025648261172945,forecast_revision,forecast_revision,renewable_total_forecast_revision_id_minus_da_mw,forecast_revision,forecast_revision,renewable_total_forecast_revision_id_minus_da_mw,False,elasticnet_coefficients
solar_da_forecast_error_mw_rolling_median_14d_same_local_qh,0.3333333333333333,0.2222222222222222,3.0,2.0,0.1509056940860775,0.0,0.9795589024642747,0.0,1.0,False,True,kept,2647,0.45575068870523416,1738,lagged_forecast_error,lagged_forecast_error,solar_da_forecast_error_mw,True,kept,solar_da_forecast_error_mw_rolling_mean_14d_same_local_qh,0.8704206810278851,0.1550433938753735,lagged_forecast_error,lagged_forecast_error,solar_da_forecast_error_mw,lagged_forecast_error,lagged_forecast_error,solar_da_forecast_error_mw,False,elasticnet_coefficients
solar_da_forecast_error_mw_rolling_std_3d_same_local_qh,0.3333333333333333,0.2222222222222222,3.0,2.0,0.4861453841282214,0.0,3.4931374813383966,0.0,1.0,False,True,kept,1485,0.2556818181818182,1438,lagged_forecast_error,lagged_forecast_error,solar_da_forecast_error_mw,True,kept,solar_id_forecast_error_mw_rolling_std_3d_same_local_qh,0.8561167769263478,0.48796954065393405,lagged_forecast_error,lagged_forecast_error,solar_da_forecast_error_mw,lagged_forecast_error,lagged_forecast_error,solar_da_forecast_error_mw,False,elasticnet_coefficients
solar_forecast_da_mw_lag_14d_same_local_qh,0.3333333333333333,0.2222222222222222,3.0,2.0,0.2827097792448414,0.0,1.7625169797860256,0.0,0.3333333333333333,False,True,kept,3160,0.5440771349862259,3047,da_forecast,forecast_level,solar_forecast_da_mw,True,kept,solar_forecast_id_mw,0.8762022136677887,0.6628745853964721,da_forecast,forecast_level,solar_forecast_da_mw,da_forecast,forecast_level,solar_forecast_da_mw,False,elasticnet_coefficients
solar_forecast_revision_id_minus_da_mw,0.3333333333333333,0.2222222222222222,3.0,2.0,0.2862816466738843,0.0,1.6889041683965245,0.0,1.0,False,True,kept,3469,0.5972796143250688,3351,forecast_revision,forecast_revision,solar_forecast_revision_id_minus_da_mw,True,kept,renewable_total_forecast_revision_id_minus_da_mw,0.49195267055390696,0.10647488890329873,forecast_revision,forecast_revision,solar_forecast_revision_id_minus_da_mw,forecast_revision,forecast_revision,solar_forecast_revision_id_minus_da_mw,False,elasticnet_coefficients
solar_forecast_revision_id_minus_da_mw_lag_14d_same_local_qh,0.3333333333333333,0.2222222222222222,3.0,2.0,0.34103228835703003,0.0,2.0598635372457443,0.0,1.0,False,True,kept,3160,0.5440771349862259,3047,forecast_revision,forecast_revision,solar_forecast_revision_id_minus_da_mw,True,kept,renewable_total_forecast_revision_id_minus_da_mw_rolling_mean_28d_same_local_qh,0.2405531696522883,0.19363709680626856,forecast_revision,forecast_revision,solar_forecast_revision_id_minus_da_mw,forecast_revision,forecast_revision,solar_forecast_revision_id_minus_da_mw,False,elasticnet_coefficients
solar_id_forecast_error_mw_rolling_std_7d_same_local_qh,0.2222222222222222,0.2222222222222222,2.0,2.0,0.04137139028482512,0.0,0.3047761202109309,0.0,1.0,False,True,kept,2442,0.42045454545454547,2194,lagged_forecast_error,lagged_forecast_error,solar_id_forecast_error_mw,True,kept,solar_id_forecast_error_mw_rolling_std_28d_same_local_qh,0.786529217923096,0.6128596222457786,lagged_forecast_error,lagged_forecast_error,solar_id_forecast_error_mw,lagged_forecast_error,lagged_forecast_error,solar_id_forecast_error_mw,False,elasticnet_coefficients
total_generation_forecast_da_mw,0.3333333333333333,0.2222222222222222,3.0,2.0,2.4418784556549116,0.0,18.832914649193764,0.0,1.0,False,True,kept,5808,1.0,5808,da_forecast,forecast_level,total_generation_forecast_da_mw,True,kept,renewable_total_forecast_id_mw,0.7996906382282327,0.46145417054510846,da_forecast,forecast_level,total_generation_forecast_da_mw,da_forecast,forecast_level,total_generation_forecast_da_mw,False,elasticnet_coefficients
total_generation_forecast_da_mw_lag_1d_same_local_qh,0.4444444444444444,0.2222222222222222,4.0,2.0,1.914970265611051,0.0,11.718607996951873,0.0,0.5,False,True,kept,5808,1.0,5808,da_forecast,forecast_level,total_generation_forecast_da_mw,True,kept,renewable_total_forecast_da_mw_lag_1d_same_local_qh,0.7774089975309147,0.2943096419507217,da_forecast,forecast_level,total_generation_forecast_da_mw,da_forecast,forecast_level,total_generation_forecast_da_mw,False,elasticnet_coefficients
total_generation_forecast_da_mw_lag_2d_same_local_qh,0.3333333333333333,0.2222222222222222,3.0,2.0,0.5333825094143635,0.0,4.132573836795388,0.0,0.3333333333333333,False,True,kept,5760,0.9917355371900827,5760,da_forecast,forecast_level,total_generation_forecast_da_mw,True,kept,renewable_total_forecast_da_mw_lag_2d_same_local_qh,0.795824402106373,0.2997124162326686,da_forecast,forecast_level,total_generation_forecast_da_mw,da_forecast,forecast_level,total_generation_forecast_da_mw,False,elasticnet_coefficients
total_generation_forecast_da_mw_lag_7d_same_local_qh,0.3333333333333333,0.2222222222222222,3.0,2.0,1.3637203778771985,0.0,9.802194130852522,0.0,1.0,False,True,kept,5664,0.9752066115702479,5664,da_forecast,forecast_level,total_generation_forecast_da_mw,True,kept,renewable_total_forecast_da_mw_lag_7d_same_local_qh,0.8051631291796798,0.2668232107350155,da_forecast,forecast_level,total_generation_forecast_da_mw,da_forecast,forecast_level,total_generation_forecast_da_mw,False,elasticnet_coefficients
wind_offshore_forecast_da_mw,0.4444444444444444,0.2222222222222222,4.0,2.0,1.2876379438467833,0.0,5.15671129164576,0.0,1.0,False,True,kept,5804,0.9993112947658402,5778,da_forecast,forecast_level,wind_offshore_forecast_da_mw,True,kept,wind_onshore_forecast_id_mw,0.7340363348704705,0.14979884923826997,da_forecast,forecast_level,wind_offshore_forecast_da_mw,da_forecast,forecast_level,wind_offshore_forecast_da_mw,False,elasticnet_coefficients
wind_offshore_id_forecast_error_mw_rolling_std_14d_same_local_qh,0.3333333333333333,0.2222222222222222,3.0,2.0,0.11515761172771846,0.0,0.667867590515905,0.0,1.0,False,True,kept,4704,0.8099173553719008,4176,lagged_forecast_error,lagged_forecast_error,wind_offshore_id_forecast_error_mw,True,kept,wind_offshore_id_forecast_error_mw_rolling_std_28d_same_local_qh,0.678700898970234,0.09566786815390037,lagged_forecast_error,lagged_forecast_error,wind_offshore_id_forecast_error_mw,lagged_forecast_error,lagged_forecast_error,wind_offshore_id_forecast_error_mw,False,elasticnet_coefficients
wind_onshore_forecast_revision_id_minus_da_mw_lag_7d_same_local_qh,0.3333333333333333,0.2222222222222222,3.0,2.0,0.6159667923140583,0.0,4.171525049832835,0.0,1.0,False,True,kept,5664,0.9752066115702479,5664,forecast_revision,forecast_revision,wind_onshore_forecast_revision_id_minus_da_mw,True,kept,renewable_total_forecast_revision_id_minus_da_mw_lag_7d_same_local_qh,0.8567911017719848,0.019385500924926486,forecast_revision,forecast_revision,wind_onshore_forecast_revision_id_minus_da_mw,forecast_revision,forecast_revision,wind_onshore_forecast_revision_id_minus_da_mw,False,elasticnet_coefficients
wind_onshore_id_forecast_error_mw_lag_1d_same_local_qh,0.3333333333333333,0.2222222222222222,3.0,2.0,0.698580502615894,0.0,4.806107018547651,0.0,0.3333333333333333,False,True,kept,2496,0.4297520661157025,2496,lagged_forecast_error,lagged_forecast_error,wind_onshore_id_forecast_error_mw,True,kept,wind_onshore_da_forecast_error_mw_rolling_mean_7d_same_local_qh,0.47234820266461847,0.11875706106394869,lagged_forecast_error,lagged_forecast_error,wind_onshore_id_forecast_error_mw,lagged_forecast_error,lagged_forecast_error,wind_onshore_id_forecast_error_mw,False,elasticnet_coefficients
wind_onshore_id_forecast_error_mw_lag_2d_same_local_qh,0.3333333333333333,0.2222222222222222,3.0,2.0,0.7466832550449836,0.0,4.305094440219495,0.0,1.0,False,True,kept,2736,0.47107438016528924,2736,lagged_forecast_error,lagged_forecast_error,wind_onshore_id_forecast_error_mw,True,kept,wind_onshore_da_forecast_error_mw_lag_2d_same_local_qh,0.8099350939803631,0.07842137488551218,lagged_forecast_error,lagged_forecast_error,wind_onshore_id_forecast_error_mw,lagged_forecast_error,lagged_forecast_error,wind_onshore_id_forecast_error_mw,False,elasticnet_coefficients
wind_total_forecast_id_mw_lag_2d_same_local_qh,0.3333333333333333,0.2222222222222222,3.0,2.0,0.23272586211071122,0.0,1.021944186934237,0.0,1.0,False,True,kept,5760,0.9917355371900827,5760,id_forecast,forecast_level,wind_total_forecast_id_mw,True,kept,total_generation_forecast_da_mw_lag_2d_same_local_qh,0.4411485553475403,0.16570302662755465,id_forecast,forecast_level,wind_total_forecast_id_mw,id_forecast,forecast_level,wind_total_forecast_id_mw,False,elasticnet_coefficients
wind_total_forecast_revision_id_minus_da_mw_lag_14d_same_local_qh,0.3333333333333333,0.2222222222222222,3.0,2.0,0.16853545670879358,0.0,0.7058591535303651,0.0,1.0,False,True,kept,5472,0.9421487603305785,5472,forecast_revision,forecast_revision,wind_total_forecast_revision_id_minus_da_mw,True,kept,renewable_total_forecast_revision_id_minus_da_mw_lag_14d_same_local_qh,0.8986680193828694,0.05653209841621015,forecast_revision,forecast_revision,wind_total_forecast_revision_id_minus_da_mw,forecast_revision,forecast_revision,wind_total_forecast_revision_id_minus_da_mw,False,elasticnet_coefficients
wind_total_forecast_revision_id_minus_da_mw_regime_mean_shift_7d_vs_28d_z,0.3333333333333333,0.2222222222222222,3.0,2.0,0.30363392899208286,0.0,2.343804326717107,0.0,0.3333333333333333,False,True,kept,5808,1.0,5808,regime_mean_shift,regime,wind_total_forecast_revision_id_minus_da_mw,True,kept,renewable_total_forecast_revision_id_minus_da_mw_regime_mean_shift_7d_vs_28d_z,0.9031728632326228,0.002606117999316265,regime_mean_shift,regime,wind_total_forecast_revision_id_minus_da_mw,regime_mean_shift,regime,wind_total_forecast_revision_id_minus_da_mw,False,elasticnet_coefficients
da_price_eur_mwh_rolling_std_7d_same_local_qh,0.2222222222222222,0.1111111111111111,2.0,1.0,0.09253062330359334,0.0,0.7367306397010913,0.0,1.0,False,True,kept,5808,1.0,5808,da_price,market_history,da_price_eur_mwh,True,kept,da_price_eur_mwh_rolling_std_14d_same_local_qh,0.833003195211161,0.038590440472915974,da_price,market_history,da_price_eur_mwh,da_price,market_history,da_price_eur_mwh,False,elasticnet_coefficients
ida3_minus_da_spread_eur_mwh_rolling_median_3d_same_local_qh,0.2222222222222222,0.1111111111111111,2.0,1.0,0.4107657304678658,0.0,3.68616306210508,0.0,0.0,False,True,kept,3312,0.5702479338842975,2972,ida3_history,market_history,ida3_minus_da_spread_eur_mwh,True,kept,ida3_minus_da_spread_eur_mwh_lag_2d_same_local_qh,0.7796128914949443,0.03289234053761735,ida3_history,market_history,ida3_minus_da_spread_eur_mwh,ida3_history,market_history,ida3_minus_da_spread_eur_mwh,False,elasticnet_coefficients
ida3_minus_da_spread_eur_mwh_rolling_std_14d_same_local_qh,0.3333333333333333,0.1111111111111111,3.0,1.0,0.3490889372693823,0.0,2.330453202438036,0.0,0.3333333333333333,False,True,kept,5568,0.9586776859504132,5568,ida3_history,market_history,ida3_minus_da_spread_eur_mwh,True,kept,ida3_minus_da_spread_eur_mwh_rolling_std_7d_same_local_qh,0.75834091795,0.005496557723081402,ida3_history,market_history,ida3_minus_da_spread_eur_mwh,ida3_history,market_history,ida3_minus_da_spread_eur_mwh,False,elasticnet_coefficients
ida3_price_eur_mwh_regime_abs_median_28d_over_vol,0.2222222222222222,0.1111111111111111,2.0,1.0,0.38204511460556667,0.0,3.408867537191346,0.0,1.0,False,True,kept,5328,0.9173553719008265,5327,regime_level,regime,ida3_price_eur_mwh,True,first_ranked_feature,,0.0,0.3393795769802338,regime_level,regime,ida3_price_eur_mwh,regime_level,regime,ida3_price_eur_mwh,False,elasticnet_coefficients
ida3_price_eur_mwh_rolling_mean_3d_same_local_qh,0.2222222222222222,0.1111111111111111,2.0,1.0,0.4204839189041109,0.0,3.7634430305094475,0.0,0.0,False,True,kept,3312,0.5702479338842975,3206,ida3_history,market_history,ida3_price_eur_mwh,True,kept,ida3_price_eur_mwh_lag_1d_same_local_qh,0.8561980089657633,0.6414344429910867,ida3_history,market_history,ida3_price_eur_mwh,ida3_history,market_history,ida3_price_eur_mwh,False,elasticnet_coefficients
ida3_price_eur_mwh_rolling_std_14d_same_local_qh,0.2222222222222222,0.1111111111111111,2.0,1.0,0.04474156746298549,0.0,0.3908856567887509,0.0,0.0,False,True,kept,5568,0.9586776859504132,5568,ida3_history,market_history,ida3_price_eur_mwh,True,kept,ida3_price_eur_mwh_rolling_std_7d_same_local_qh,0.7651698497726914,0.10789252710724417,ida3_history,market_history,ida3_price_eur_mwh,ida3_history,market_history,ida3_price_eur_mwh,False,elasticnet_coefficients
ida3_price_eur_mwh_rolling_std_7d_same_local_qh,0.2222222222222222,0.1111111111111111,2.0,1.0,0.5224006309977449,0.0,4.625816547087771,0.0,0.0,False,True,kept,5376,0.9256198347107438,5374,ida3_history,market_history,ida3_price_eur_mwh,True,kept,ida3_price_eur_mwh_rolling_std_3d_same_local_qh,0.6479083249356338,0.10900858834693035,ida3_history,market_history,ida3_price_eur_mwh,ida3_history,market_history,ida3_price_eur_mwh,False,elasticnet_coefficients
ida3_volume_mw_lag_1d_same_local_qh,0.2222222222222222,0.1111111111111111,2.0,1.0,0.2036012627351625,0.0,1.102509579004015,0.0,0.0,False,True,kept,3456,0.5950413223140496,865,ida3_history,market_history,ida3_volume_mw,True,kept,da_price_eur_mwh_lag_7d_same_local_qh,0.14929940352467994,0.172836152929391,ida3_history,market_history,ida3_volume_mw,ida3_history,market_history,ida3_volume_mw,False,elasticnet_coefficients
ida3_volume_mw_lag_2d_same_local_qh,0.2222222222222222,0.1111111111111111,2.0,1.0,0.1459020896772382,0.0,0.7973282067229659,0.0,1.0,False,True,kept,3072,0.5289256198347108,847,ida3_history,market_history,ida3_volume_mw,True,kept,ida3_price_eur_mwh_rolling_std_28d_same_local_qh,0.2528405873532265,0.1131418422263905,ida3_history,market_history,ida3_volume_mw,ida3_history,market_history,ida3_volume_mw,False,elasticnet_coefficients
load_da_forecast_error_mw_lag_7d_same_local_qh,0.2222222222222222,0.1111111111111111,2.0,1.0,0.46183618086646955,0.0,3.87461421377895,0.0,0.0,False,True,kept,2832,0.48760330578512395,2832,lagged_forecast_error,lagged_forecast_error,load_da_forecast_error_mw,True,kept,load_da_forecast_error_mw_rolling_mean_7d_same_local_qh,0.6430254121796414,0.1190447438650968,lagged_forecast_error,lagged_forecast_error,load_da_forecast_error_mw,lagged_forecast_error,lagged_forecast_error,load_da_forecast_error_mw,False,elasticnet_coefficients
load_da_forecast_error_mw_rolling_mean_7d_same_local_qh,0.2222222222222222,0.1111111111111111,2.0,1.0,0.5894952894285785,0.0,5.216888484108613,0.0,1.0,False,True,kept,4416,0.7603305785123967,3984,lagged_forecast_error,lagged_forecast_error,load_da_forecast_error_mw,True,kept,load_da_forecast_error_mw_rolling_mean_14d_same_local_qh,0.8162894856149775,0.2163853381520766,lagged_forecast_error,lagged_forecast_error,load_da_forecast_error_mw,lagged_forecast_error,lagged_forecast_error,load_da_forecast_error_mw,False,elasticnet_coefficients
load_da_forecast_error_mw_rolling_std_7d_same_local_qh,0.2222222222222222,0.1111111111111111,2.0,1.0,0.19871321745220616,0.0,1.4480185023727807,0.0,0.0,False,True,kept,4416,0.7603305785123967,3984,lagged_forecast_error,lagged_forecast_error,load_da_forecast_error_mw,True,kept,load_da_forecast_error_mw_rolling_std_3d_same_local_qh,0.5294248616790785,0.04722022435915577,lagged_forecast_error,lagged_forecast_error,load_da_forecast_error_mw,lagged_forecast_error,lagged_forecast_error,load_da_forecast_error_mw,False,elasticnet_coefficients
load_forecast_da_mw_lag_7d_same_local_qh,0.2222222222222222,0.1111111111111111,2.0,1.0,0.12107864476480341,0.0,1.055701143586579,0.0,0.0,False,True,kept,5664,0.9752066115702479,5664,da_forecast,forecast_level,load_forecast_da_mw,True,kept,load_forecast_da_mw_lag_14d_same_local_qh,0.8694511784759669,0.08754683389831247,da_forecast,forecast_level,load_forecast_da_mw,da_forecast,forecast_level,load_forecast_da_mw,False,elasticnet_coefficients
renewable_total_forecast_da_mw_lag_2d_same_local_qh,0.1111111111111111,0.1111111111111111,1.0,1.0,0.006653053708760617,0.0,0.059877483378845554,0.0,1.0,False,True,kept,5760,0.9917355371900827,5760,da_forecast,forecast_level,renewable_total_forecast_da_mw,True,kept,solar_forecast_id_mw,0.6956465150909316,0.4277385546904672,da_forecast,forecast_level,renewable_total_forecast_da_mw,da_forecast,forecast_level,renewable_total_forecast_da_mw,False,elasticnet_coefficients
renewable_total_forecast_da_mw_lag_7d_same_local_qh,0.2222222222222222,0.1111111111111111,2.0,1.0,0.10430871082348064,0.0,0.792002155879053,0.0,0.0,False,True,kept,5664,0.9752066115702479,5664,da_forecast,forecast_level,renewable_total_forecast_da_mw,True,kept,solar_forecast_id_mw_lag_7d_same_local_qh,0.7290608458848746,0.410955644741644,da_forecast,forecast_level,renewable_total_forecast_da_mw,da_forecast,forecast_level,renewable_total_forecast_da_mw,False,elasticnet_coefficients
renewable_total_forecast_revision_id_minus_da_mw_lag_1d_same_local_qh,0.3333333333333333,0.1111111111111111,3.0,1.0,0.713295973913914,0.0,2.3210703025579966,0.0,1.0,False,True,kept,5808,1.0,5808,forecast_revision,forecast_revision,renewable_total_forecast_revision_id_minus_da_mw,True,kept,renewable_total_forecast_revision_id_minus_da_mw_rolling_mean_3d_same_local_qh,0.6096229341524164,0.0809923786903234,forecast_revision,forecast_revision,renewable_total_forecast_revision_id_minus_da_mw,forecast_revision,forecast_revision,renewable_total_forecast_revision_id_minus_da_mw,False,elasticnet_coefficients
renewable_total_forecast_revision_id_minus_da_mw_rolling_median_3d_same_local_qh,0.2222222222222222,0.1111111111111111,2.0,1.0,0.2811519149230602,0.0,2.4525059760716093,0.0,1.0,False,True,kept,5808,1.0,4289,forecast_revision,forecast_revision,renewable_total_forecast_revision_id_minus_da_mw,True,kept,renewable_total_forecast_revision_id_minus_da_mw_rolling_mean_3d_same_local_qh,0.8552229448689498,0.08288983309922288,forecast_revision,forecast_revision,renewable_total_forecast_revision_id_minus_da_mw,forecast_revision,forecast_revision,renewable_total_forecast_revision_id_minus_da_mw,False,elasticnet_coefficients
renewable_total_forecast_revision_id_minus_da_mw_rolling_std_3d_same_local_qh,0.2222222222222222,0.1111111111111111,2.0,1.0,0.5706255551593281,0.0,3.8786465214113166,0.0,1.0,False,True,kept,5808,1.0,5808,forecast_revision,forecast_revision,renewable_total_forecast_revision_id_minus_da_mw,True,kept,renewable_total_forecast_revision_id_minus_da_mw_rolling_std_7d_same_local_qh,0.5903613079595653,0.1288184674210128,forecast_revision,forecast_revision,renewable_total_forecast_revision_id_minus_da_mw,forecast_revision,forecast_revision,renewable_total_forecast_revision_id_minus_da_mw,False,elasticnet_coefficients
residual_load_forecast_da_mw_lag_14d_same_local_qh,0.2222222222222222,0.1111111111111111,2.0,1.0,0.19249724656727793,0.0,1.4100014432674872,0.0,1.0,False,True,kept,5472,0.9421487603305785,5472,da_forecast,forecast_level,residual_load_forecast_da_mw,True,kept,renewable_total_forecast_da_mw_lag_14d_same_local_qh,0.8587181625995549,0.3886284953504776,da_forecast,forecast_level,residual_load_forecast_da_mw,da_forecast,forecast_level,residual_load_forecast_da_mw,False,elasticnet_coefficients
residual_load_forecast_da_mw_lag_7d_same_local_qh,0.2222222222222222,0.1111111111111111,2.0,1.0,0.20067942274319633,0.0,1.5608568668252507,0.0,0.0,False,True,kept,5664,0.9752066115702479,5664,da_forecast,forecast_level,residual_load_forecast_da_mw,True,kept,renewable_total_forecast_da_mw_lag_7d_same_local_qh,0.8580276512637237,0.4002778054687135,da_forecast,forecast_level,residual_load_forecast_da_mw,da_forecast,forecast_level,residual_load_forecast_da_mw,False,elasticnet_coefficients
solar_da_forecast_error_mw_rolling_mean_14d_same_local_qh,0.2222222222222222,0.1111111111111111,2.0,1.0,0.2625520882950091,0.0,2.2800670626890387,0.0,0.0,False,True,kept,2647,0.45575068870523416,2352,lagged_forecast_error,lagged_forecast_error,solar_da_forecast_error_mw,True,kept,solar_id_forecast_error_mw_rolling_std_28d_same_local_qh,0.4281022237767739,0.27732793850952725,lagged_forecast_error,lagged_forecast_error,solar_da_forecast_error_mw,lagged_forecast_error,lagged_forecast_error,solar_da_forecast_error_mw,False,elasticnet_coefficients
solar_da_forecast_error_mw_rolling_median_3d_same_local_qh,0.2222222222222222,0.1111111111111111,2.0,1.0,0.1893561360907107,0.0,0.926077626017533,0.0,1.0,False,True,kept,1485,0.2556818181818182,1404,lagged_forecast_error,lagged_forecast_error,solar_da_forecast_error_mw,True,kept,solar_da_forecast_error_mw_lag_2d_same_local_qh,0.7293323888751516,0.07607149373585627,lagged_forecast_error,lagged_forecast_error,solar_da_forecast_error_mw,lagged_forecast_error,lagged_forecast_error,solar_da_forecast_error_mw,False,elasticnet_coefficients
solar_id_forecast_error_mw_lag_1d_same_local_qh,0.2222222222222222,0.1111111111111111,2.0,1.0,0.15035079636427914,0.0,1.2813392021145367,0.0,0.0,False,True,kept,1360,0.23415977961432508,1354,lagged_forecast_error,lagged_forecast_error,solar_id_forecast_error_mw,True,kept,load_da_forecast_error_mw_lag_2d_same_local_qh,0.3853679569697579,0.1954347894160466,lagged_forecast_error,lagged_forecast_error,solar_id_forecast_error_mw,lagged_forecast_error,lagged_forecast_error,solar_id_forecast_error_mw,False,elasticnet_coefficients
solar_id_forecast_error_mw_lag_2d_same_local_qh,0.2222222222222222,0.1111111111111111,2.0,1.0,0.1103493594801615,0.0,0.8767339998603869,0.0,1.0,False,True,kept,1510,0.2599862258953168,1502,lagged_forecast_error,lagged_forecast_error,solar_id_forecast_error_mw,True,kept,solar_da_forecast_error_mw_lag_2d_same_local_qh,0.8025578204348931,0.011599377133925112,lagged_forecast_error,lagged_forecast_error,solar_id_forecast_error_mw,lagged_forecast_error,lagged_forecast_error,solar_id_forecast_error_mw,False,elasticnet_coefficients
total_generation_forecast_da_mw_lag_14d_same_local_qh,0.2222222222222222,0.1111111111111111,2.0,1.0,0.9726778988397301,0.0,8.322237460360247,0.0,1.0,False,True,kept,5472,0.9421487603305785,5472,da_forecast,forecast_level,total_generation_forecast_da_mw,True,kept,renewable_total_forecast_da_mw_lag_14d_same_local_qh,0.7842690023314999,0.22449954106479833,da_forecast,forecast_level,total_generation_forecast_da_mw,da_forecast,forecast_level,total_generation_forecast_da_mw,False,elasticnet_coefficients
wind_offshore_da_forecast_error_mw_rolling_mean_7d_same_local_qh,0.2222222222222222,0.1111111111111111,2.0,1.0,0.3518792615172328,0.0,2.803582704421373,0.0,1.0,False,True,kept,4416,0.7603305785123967,3984,lagged_forecast_error,lagged_forecast_error,wind_offshore_da_forecast_error_mw,True,kept,wind_offshore_da_forecast_error_mw_rolling_median_7d_same_local_qh,0.9067324687042424,0.12389533404326918,lagged_forecast_error,lagged_forecast_error,wind_offshore_da_forecast_error_mw,lagged_forecast_error,lagged_forecast_error,wind_offshore_da_forecast_error_mw,False,elasticnet_coefficients
wind_offshore_da_forecast_error_mw_rolling_median_14d_same_local_qh,0.2222222222222222,0.1111111111111111,2.0,1.0,0.36586523324937564,0.0,2.477847719291499,0.0,1.0,False,True,kept,4704,0.8099173553719008,2985,lagged_forecast_error,lagged_forecast_error,wind_offshore_da_forecast_error_mw,True,kept,wind_offshore_da_forecast_error_mw_rolling_mean_14d_same_local_qh,0.8840729157115285,0.1251905983293238,lagged_forecast_error,lagged_forecast_error,wind_offshore_da_forecast_error_mw,lagged_forecast_error,lagged_forecast_error,wind_offshore_da_forecast_error_mw,False,elasticnet_coefficients
wind_offshore_da_forecast_error_mw_rolling_median_7d_same_local_qh,0.2222222222222222,0.1111111111111111,2.0,1.0,0.5948401000907401,0.0,5.34678888938805,0.0,0.0,False,True,kept,4416,0.7603305785123967,3342,lagged_forecast_error,lagged_forecast_error,wind_offshore_da_forecast_error_mw,True,kept,wind_offshore_da_forecast_error_mw_rolling_mean_14d_same_local_qh,0.720931906644985,0.12985575592755497,lagged_forecast_error,lagged_forecast_error,wind_offshore_da_forecast_error_mw,lagged_forecast_error,lagged_forecast_error,wind_offshore_da_forecast_error_mw,False,elasticnet_coefficients
wind_offshore_forecast_revision_id_minus_da_mw_lag_7d_same_local_qh,0.2222222222222222,0.1111111111111111,2.0,1.0,0.5003943754281198,0.0,3.6288064861945775,0.0,1.0,False,True,kept,5659,0.9743457300275482,5579,forecast_revision,forecast_revision,wind_offshore_forecast_revision_id_minus_da_mw,True,kept,renewable_total_forecast_revision_id_minus_da_mw_lag_7d_same_local_qh,0.3778055091877194,0.03162591256908236,forecast_revision,forecast_revision,wind_offshore_forecast_revision_id_minus_da_mw,forecast_revision,forecast_revision,wind_offshore_forecast_revision_id_minus_da_mw,False,elasticnet_coefficients
wind_onshore_da_forecast_error_mw_rolling_mean_14d_same_local_qh,0.2222222222222222,0.1111111111111111,2.0,1.0,0.40056583164370535,0.0,3.335876022553899,0.0,1.0,False,True,kept,4704,0.8099173553719008,4176,lagged_forecast_error,lagged_forecast_error,wind_onshore_da_forecast_error_mw,True,kept,wind_onshore_da_forecast_error_mw_rolling_mean_7d_same_local_qh,0.689143467754927,0.093097818262275,lagged_forecast_error,lagged_forecast_error,wind_onshore_da_forecast_error_mw,lagged_forecast_error,lagged_forecast_error,wind_onshore_da_forecast_error_mw,False,elasticnet_coefficients
wind_onshore_da_forecast_error_mw_rolling_mean_3d_same_local_qh,0.2222222222222222,0.1111111111111111,2.0,1.0,0.27075766401824997,0.0,2.275821146326584,0.0,1.0,False,True,kept,2736,0.47107438016528924,2640,lagged_forecast_error,lagged_forecast_error,wind_onshore_da_forecast_error_mw,True,kept,wind_onshore_da_forecast_error_mw_lag_2d_same_local_qh,0.8110635306999251,0.16042855119356886,lagged_forecast_error,lagged_forecast_error,wind_onshore_da_forecast_error_mw,lagged_forecast_error,lagged_forecast_error,wind_onshore_da_forecast_error_mw,False,elasticnet_coefficients
wind_onshore_da_forecast_error_mw_rolling_mean_7d_same_local_qh,0.2222222222222222,0.1111111111111111,2.0,1.0,1.0923874340323785,0.0,9.760621175012107,0.0,1.0,False,True,kept,4416,0.7603305785123967,3984,lagged_forecast_error,lagged_forecast_error,wind_onshore_da_forecast_error_mw,True,kept,wind_onshore_da_forecast_error_mw_lag_2d_same_local_qh,0.5854291160864223,0.16194572641066585,lagged_forecast_error,lagged_forecast_error,wind_onshore_da_forecast_error_mw,lagged_forecast_error,lagged_forecast_error,wind_onshore_da_forecast_error_mw,False,elasticnet_coefficients
wind_onshore_da_forecast_error_mw_rolling_median_28d_same_local_qh,0.2222222222222222,0.1111111111111111,2.0,1.0,0.12322070708364202,0.0,1.0090912367399871,0.0,1.0,False,True,kept,4896,0.8429752066115702,2431,lagged_forecast_error,lagged_forecast_error,wind_onshore_da_forecast_error_mw,True,kept,wind_onshore_da_forecast_error_mw_rolling_mean_28d_same_local_qh,0.7151596809539668,0.07818594601955148,lagged_forecast_error,lagged_forecast_error,wind_onshore_da_forecast_error_mw,lagged_forecast_error,lagged_forecast_error,wind_onshore_da_forecast_error_mw,False,elasticnet_coefficients
wind_onshore_da_forecast_error_mw_rolling_std_28d_same_local_qh,0.2222222222222222,0.1111111111111111,2.0,1.0,0.46262919184911666,0.0,4.145765185537829,0.0,1.0,False,True,kept,4896,0.8429752066115702,4176,lagged_forecast_error,lagged_forecast_error,wind_onshore_da_forecast_error_mw,True,kept,wind_onshore_id_forecast_error_mw_rolling_std_28d_same_local_qh,0.7482158332442809,0.10618468122535812,lagged_forecast_error,lagged_forecast_error,wind_onshore_da_forecast_error_mw,lagged_forecast_error,lagged_forecast_error,wind_onshore_da_forecast_error_mw,False,elasticnet_coefficients
wind_onshore_da_forecast_error_mw_rolling_std_3d_same_local_qh,0.2222222222222222,0.1111111111111111,2.0,1.0,0.36841941152672797,0.0,3.276146097279443,0.0,1.0,False,True,kept,2736,0.47107438016528924,2640,lagged_forecast_error,lagged_forecast_error,wind_onshore_da_forecast_error_mw,True,kept,wind_onshore_id_forecast_error_mw_rolling_std_3d_same_local_qh,0.569145903186012,0.015170848106601263,lagged_forecast_error,lagged_forecast_error,wind_onshore_da_forecast_error_mw,lagged_forecast_error,lagged_forecast_error,wind_onshore_da_forecast_error_mw,False,elasticnet_coefficients
wind_onshore_forecast_id_mw,0.2222222222222222,0.1111111111111111,2.0,1.0,0.416041571674724,0.0,3.3472184552853625,0.0,1.0,False,True,kept,5808,1.0,5808,id_forecast,forecast_level,wind_onshore_forecast_id_mw,True,kept,renewable_total_forecast_id_mw,0.46531146168222365,0.2416559078036737,id_forecast,forecast_level,wind_onshore_forecast_id_mw,id_forecast,forecast_level,wind_onshore_forecast_id_mw,False,elasticnet_coefficients
wind_onshore_forecast_revision_id_minus_da_mw,0.2222222222222222,0.1111111111111111,2.0,1.0,0.4230837406142504,0.0,3.47419415473744,0.0,1.0,False,True,kept,5808,1.0,5808,forecast_revision,forecast_revision,wind_onshore_forecast_revision_id_minus_da_mw,True,kept,wind_total_forecast_revision_id_minus_da_mw_rolling_median_28d_same_local_qh,0.09611249683318078,0.17406962148295554,forecast_revision,forecast_revision,wind_onshore_forecast_revision_id_minus_da_mw,forecast_revision,forecast_revision,wind_onshore_forecast_revision_id_minus_da_mw,False,elasticnet_coefficients
wind_onshore_id_forecast_error_mw_lag_14d_same_local_qh,0.2222222222222222,0.1111111111111111,2.0,1.0,0.05556875162739426,0.0,0.3065846246642633,0.0,1.0,False,True,kept,2736,0.47107438016528924,2736,lagged_forecast_error,lagged_forecast_error,wind_onshore_id_forecast_error_mw,True,kept,wind_onshore_id_forecast_error_mw_rolling_median_14d_same_local_qh,0.37631992908536177,0.08476530215183337,lagged_forecast_error,lagged_forecast_error,wind_onshore_id_forecast_error_mw,lagged_forecast_error,lagged_forecast_error,wind_onshore_id_forecast_error_mw,False,elasticnet_coefficients
wind_onshore_id_forecast_error_mw_rolling_mean_7d_same_local_qh,0.2222222222222222,0.1111111111111111,2.0,1.0,1.4812473649431475,0.0,13.321285404694748,0.0,1.0,False,True,kept,4416,0.7603305785123967,3984,lagged_forecast_error,lagged_forecast_error,wind_onshore_id_forecast_error_mw,True,kept,wind_onshore_da_forecast_error_mw_rolling_mean_7d_same_local_qh,0.8653916692116702,0.06347007178677325,lagged_forecast_error,lagged_forecast_error,wind_onshore_id_forecast_error_mw,lagged_forecast_error,lagged_forecast_error,wind_onshore_id_forecast_error_mw,False,elasticnet_coefficients
wind_total_forecast_revision_id_minus_da_mw_regime_vol_7d_over_28d,0.2222222222222222,0.1111111111111111,2.0,1.0,0.3205733875127002,0.0,2.8810235003154903,0.0,1.0,False,True,kept,5808,1.0,5808,regime_volatility,regime,wind_total_forecast_revision_id_minus_da_mw,True,kept,renewable_total_forecast_revision_id_minus_da_mw_regime_vol_7d_over_28d,0.9045570511040973,0.0066200205924264325,regime_volatility,regime,wind_total_forecast_revision_id_minus_da_mw,regime_volatility,regime,wind_total_forecast_revision_id_minus_da_mw,False,elasticnet_coefficients
wind_total_forecast_revision_id_minus_da_mw_rolling_mean_3d_same_local_qh,0.1111111111111111,0.1111111111111111,1.0,1.0,0.03749823289357747,0.0,0.3374840960421972,0.0,1.0,False,True,kept,5808,1.0,5808,forecast_revision,forecast_revision,wind_total_forecast_revision_id_minus_da_mw,True,kept,renewable_total_forecast_revision_id_minus_da_mw_rolling_mean_3d_same_local_qh,0.8955178596233374,0.03689036806803293,forecast_revision,forecast_revision,wind_total_forecast_revision_id_minus_da_mw,forecast_revision,forecast_revision,wind_total_forecast_revision_id_minus_da_mw,False,elasticnet_coefficients
wind_total_forecast_revision_id_minus_da_mw_rolling_std_7d_same_local_qh,0.2222222222222222,0.1111111111111111,2.0,1.0,0.7073018478296397,0.0,6.262270908136975,0.0,0.0,False,True,kept,5808,1.0,5808,forecast_revision,forecast_revision,wind_total_forecast_revision_id_minus_da_mw,True,kept,renewable_total_forecast_revision_id_minus_da_mw_rolling_std_7d_same_local_qh,0.8602391913563993,0.02211054755036072,forecast_revision,forecast_revision,wind_total_forecast_revision_id_minus_da_mw,forecast_revision,forecast_revision,wind_total_forecast_revision_id_minus_da_mw,False,elasticnet_coefficients
da_price_eur_mwh_lag_14d_same_local_qh,0.1111111111111111,0.0,1.0,0.0,0.1311125265319972,0.0,1.1800127387879749,0.0,1.0,False,True,kept,5472,0.9421487603305785,2855,da_price,market_history,da_price_eur_mwh,True,kept,da_price_eur_mwh_rolling_median_28d_same_local_qh,0.7159341530091626,0.5269926465283941,da_price,market_history,da_price_eur_mwh,da_price,market_history,da_price_eur_mwh,False,elasticnet_coefficients
da_price_eur_mwh_lag_1d_same_local_qh,0.1111111111111111,0.0,1.0,0.0,0.06182138109896323,0.0,0.5563924298906691,0.0,1.0,False,True,kept,5806,0.9996556473829201,3242,da_price,market_history,da_price_eur_mwh,True,kept,ida3_price_eur_mwh_lag_1d_same_local_qh,0.8970188263206563,0.6536050740463899,da_price,market_history,da_price_eur_mwh,da_price,market_history,da_price_eur_mwh,False,elasticnet_coefficients
da_price_eur_mwh_lag_2d_same_local_qh,0.1111111111111111,0.0,1.0,0.0,0.4478985527193449,0.0,4.031086974474104,0.0,1.0,False,True,kept,5758,0.9913911845730028,2977,da_price,market_history,da_price_eur_mwh,True,kept,da_price_eur_mwh_rolling_mean_3d_same_local_qh,0.9093603228091128,0.5417033718674978,da_price,market_history,da_price_eur_mwh,da_price,market_history,da_price_eur_mwh,False,elasticnet_coefficients
da_price_eur_mwh_lag_7d_same_local_qh,0.1111111111111111,0.0,1.0,0.0,0.3562328144638513,0.0,3.2060953301746618,0.0,1.0,False,True,kept,5662,0.974862258953168,2866,da_price,market_history,da_price_eur_mwh,True,kept,ida3_price_eur_mwh_rolling_median_14d_same_local_qh,0.7602313677221048,0.5332043519440228,da_price,market_history,da_price_eur_mwh,da_price,market_history,da_price_eur_mwh,False,elasticnet_coefficients
da_price_eur_mwh_regime_abs_median_28d_over_vol,0.1111111111111111,0.0,1.0,0.0,0.24395947778038518,0.0,2.1956353000234667,0.0,1.0,False,True,kept,5808,1.0,5806,regime_level,regime,da_price_eur_mwh,True,kept,ida3_price_eur_mwh_regime_abs_median_28d_over_vol,0.9035847217976382,0.3220675447082141,regime_level,regime,da_price_eur_mwh,regime_level,regime,da_price_eur_mwh,False,elasticnet_coefficients
da_price_eur_mwh_regime_mean_shift_7d_vs_28d_z,0.1111111111111111,0.0,1.0,0.0,0.19902687205222447,0.0,1.7912418484700203,0.0,1.0,False,True,kept,5808,1.0,5808,regime_mean_shift,regime,da_price_eur_mwh,True,kept,da_price_eur_mwh_regime_abs_median_28d_over_vol,0.032288213308974495,0.2577436121926517,regime_mean_shift,regime,da_price_eur_mwh,regime_mean_shift,regime,da_price_eur_mwh,False,elasticnet_coefficients
da_price_eur_mwh_regime_vol_28d,0.0,0.0,0.0,0.0,0.0,0.0,0.0,0.0,,False,True,kept,5808,1.0,5806,regime_volatility,regime,da_price_eur_mwh,True,kept,da_price_eur_mwh_regime_abs_median_28d_over_vol,0.8975288293509058,0.09785532751911125,regime_volatility,regime,da_price_eur_mwh,regime_volatility,regime,da_price_eur_mwh,False,elasticnet_coefficients
da_price_eur_mwh_rolling_mean_3d_same_local_qh,0.1111111111111111,0.0,1.0,0.0,0.5765893673754703,0.0,5.189304306379232,0.0,1.0,False,True,kept,5808,1.0,5456,da_price,market_history,da_price_eur_mwh,True,kept,ida3_price_eur_mwh_rolling_mean_3d_same_local_qh,0.8839507050260522,0.628546267638141,da_price,market_history,da_price_eur_mwh,da_price,market_history,da_price_eur_mwh,False,elasticnet_coefficients
da_price_eur_mwh_rolling_median_28d_same_local_qh,0.1111111111111111,0.0,1.0,0.0,0.587066486403036,0.0,5.2835983776273245,0.0,1.0,False,True,kept,5808,1.0,2641,da_price,market_history,da_price_eur_mwh,True,kept,ida3_price_eur_mwh_rolling_median_14d_same_local_qh,0.8910086993846026,0.6136192431477898,da_price,market_history,da_price_eur_mwh,da_price,market_history,da_price_eur_mwh,False,elasticnet_coefficients
da_price_eur_mwh_rolling_std_28d_same_local_qh,0.0,0.0,0.0,0.0,0.0,0.0,0.0,0.0,,False,True,kept,5808,1.0,5806,da_price,market_history,da_price_eur_mwh,True,kept,ida3_price_eur_mwh_rolling_std_28d_same_local_qh,0.8341974567359239,0.09785532751911125,da_price,market_history,da_price_eur_mwh,da_price,market_history,da_price_eur_mwh,False,elasticnet_coefficients
hour_cos,0.1111111111111111,0.0,1.0,0.0,0.13179931751154944,0.0,1.186193857603945,0.0,1.0,False,True,kept,5808,1.0,12,calendar,calendar,hour_cos,True,kept,hour_sin,0.3356643356643357,0.32986601268512267,calendar,calendar,hour_cos,calendar,calendar,hour_cos,False,elasticnet_coefficients
ida3_minus_da_spread_eur_mwh_lag_14d_same_local_qh,0.1111111111111111,0.0,1.0,0.0,0.09887230550960154,0.0,0.8898507495864139,0.0,1.0,False,True,kept,3312,0.5702479338842975,2904,ida3_history,market_history,ida3_minus_da_spread_eur_mwh,True,kept,ida3_minus_da_spread_eur_mwh_rolling_mean_14d_same_local_qh,0.389853639732805,0.013673584556469944,ida3_history,market_history,ida3_minus_da_spread_eur_mwh,ida3_history,market_history,ida3_minus_da_spread_eur_mwh,False,elasticnet_coefficients
ida3_minus_da_spread_eur_mwh_rolling_mean_14d_same_local_qh,0.1111111111111111,0.0,1.0,0.0,0.04761258142818485,0.0,0.42851323285366366,0.0,1.0,False,True,kept,5568,0.9586776859504132,5549,ida3_history,market_history,ida3_minus_da_spread_eur_mwh,True,kept,ida3_minus_da_spread_eur_mwh_rolling_mean_7d_same_local_qh,0.7342631720276682,0.0778917049926818,ida3_history,market_history,ida3_minus_da_spread_eur_mwh,ida3_history,market_history,ida3_minus_da_spread_eur_mwh,False,elasticnet_coefficients
ida3_minus_da_spread_eur_mwh_rolling_mean_7d_same_local_qh,0.1111111111111111,0.0,1.0,0.0,0.5794250367802508,0.0,5.214825331022257,0.0,1.0,False,True,kept,5376,0.9256198347107438,5324,ida3_history,market_history,ida3_minus_da_spread_eur_mwh,True,kept,ida3_minus_da_spread_eur_mwh_rolling_mean_28d_same_local_qh,0.4587020424919509,0.09026991202936326,ida3_history,market_history,ida3_minus_da_spread_eur_mwh,ida3_history,market_history,ida3_minus_da_spread_eur_mwh,False,elasticnet_coefficients
ida3_minus_da_spread_eur_mwh_rolling_median_14d_same_local_qh,0.1111111111111111,0.0,1.0,0.0,0.09772323114937057,0.0,0.8795090803443351,0.0,1.0,False,True,kept,5568,0.9586776859504132,3277,ida3_history,market_history,ida3_minus_da_spread_eur_mwh,True,kept,ida3_minus_da_spread_eur_mwh_rolling_mean_14d_same_local_qh,0.8094447615003939,0.04076804060366737,ida3_history,market_history,ida3_minus_da_spread_eur_mwh,ida3_history,market_history,ida3_minus_da_spread_eur_mwh,False,elasticnet_coefficients
ida3_price_eur_mwh_lag_14d_same_local_qh,0.1111111111111111,0.0,1.0,0.0,0.07946316022624136,0.0,0.7151684420361722,0.0,1.0,False,True,kept,3312,0.5702479338842975,2605,ida3_history,market_history,ida3_price_eur_mwh,True,kept,da_price_eur_mwh_lag_14d_same_local_qh,0.8500100376572631,0.5037429060189172,ida3_history,market_history,ida3_price_eur_mwh,ida3_history,market_history,ida3_price_eur_mwh,False,elasticnet_coefficients
ida3_price_eur_mwh_lag_2d_same_local_qh,0.1111111111111111,0.0,1.0,0.0,0.2532527066582734,0.0,2.2792743599244605,0.0,1.0,False,True,kept,3072,0.5289256198347108,2515,ida3_history,market_history,ida3_price_eur_mwh,True,kept,ida3_price_eur_mwh_rolling_mean_3d_same_local_qh,0.909008700665246,0.5410531416071596,ida3_history,market_history,ida3_price_eur_mwh,ida3_history,market_history,ida3_price_eur_mwh,False,elasticnet_coefficients
ida3_price_eur_mwh_regime_mean_shift_7d_vs_28d_z,0.1111111111111111,0.0,1.0,0.0,0.49715718108984963,0.0,4.4744146298086465,0.0,1.0,False,True,kept,5040,0.8677685950413223,5040,regime_mean_shift,regime,ida3_price_eur_mwh,True,kept,da_price_eur_mwh_regime_mean_shift_7d_vs_28d_z,0.8139993601715126,0.2564238755553235,regime_mean_shift,regime,ida3_price_eur_mwh,regime_mean_shift,regime,ida3_price_eur_mwh,False,elasticnet_coefficients
ida3_price_eur_mwh_regime_vol_28d,0.1111111111111111,0.0,1.0,0.0,0.07375652092314078,0.0,0.663808688308267,0.0,1.0,False,True,kept,5328,0.9173553719008265,5328,regime_volatility,regime,ida3_price_eur_mwh,True,kept,ida3_price_eur_mwh_regime_abs_median_28d_over_vol,0.9189116856880358,0.11872637094615007,regime_volatility,regime,ida3_price_eur_mwh,regime_volatility,regime,ida3_price_eur_mwh,False,elasticnet_coefficients
ida3_price_eur_mwh_rolling_mean_7d_same_local_qh,0.1111111111111111,0.0,1.0,0.0,0.4071962810886273,0.0,3.664766529797646,0.0,1.0,False,True,kept,5376,0.9256198347107438,5299,ida3_history,market_history,ida3_price_eur_mwh,True,kept,ida3_price_eur_mwh_rolling_mean_3d_same_local_qh,0.9017978639794902,0.640085107212926,ida3_history,market_history,ida3_price_eur_mwh,ida3_history,market_history,ida3_price_eur_mwh,False,elasticnet_coefficients
ida3_price_eur_mwh_rolling_std_28d_same_local_qh,0.1111111111111111,0.0,1.0,0.0,0.06137959955149416,0.0,0.5524163959634475,0.0,1.0,False,True,kept,5328,0.9173553719008265,5328,ida3_history,market_history,ida3_price_eur_mwh,True,kept,ida3_price_eur_mwh_rolling_std_3d_same_local_qh,0.26803320983700435,0.11872637094615007,ida3_history,market_history,ida3_price_eur_mwh,ida3_history,market_history,ida3_price_eur_mwh,False,elasticnet_coefficients
ida3_price_eur_mwh_rolling_std_3d_same_local_qh,0.1111111111111111,0.0,1.0,0.0,0.302077554576045,0.0,2.718697991184405,0.0,1.0,False,True,kept,3312,0.5702479338842975,3187,ida3_history,market_history,ida3_price_eur_mwh,True,kept,da_price_eur_mwh_lag_7d_same_local_qh,0.1532810541707737,0.12299209027189986,ida3_history,market_history,ida3_price_eur_mwh,ida3_history,market_history,ida3_price_eur_mwh,False,elasticnet_coefficients
ida3_volume_mw_lag_14d_same_local_qh,0.1111111111111111,0.0,1.0,0.0,0.008332658531824641,0.0,0.07499392678642178,0.0,1.0,False,True,kept,3312,0.5702479338842975,831,ida3_history,market_history,ida3_volume_mw,True,kept,ida3_price_eur_mwh_rolling_std_28d_same_local_qh,0.2567015330325382,0.09815458285527723,ida3_history,market_history,ida3_volume_mw,ida3_history,market_history,ida3_volume_mw,False,elasticnet_coefficients
load_da_forecast_error_mw_lag_14d_same_local_qh,0.1111111111111111,0.0,1.0,0.0,0.05453834122358783,0.0,0.4908450710122905,0.0,1.0,False,True,kept,2736,0.47107438016528924,2736,lagged_forecast_error,lagged_forecast_error,load_da_forecast_error_mw,True,kept,load_da_forecast_error_mw_rolling_mean_14d_same_local_qh,0.5991586851963995,0.1301008256406986,lagged_forecast_error,lagged_forecast_error,load_da_forecast_error_mw,lagged_forecast_error,lagged_forecast_error,load_da_forecast_error_mw,False,elasticnet_coefficients
load_da_forecast_error_mw_lag_1d_same_local_qh,0.1111111111111111,0.0,1.0,0.0,0.04829445082863676,0.0,0.43465005745773083,0.0,1.0,False,True,kept,2496,0.4297520661157025,2496,lagged_forecast_error,lagged_forecast_error,load_da_forecast_error_mw,True,kept,solar_id_forecast_error_mw_rolling_std_7d_same_local_qh,0.2957541650202306,0.3198142789699714,lagged_forecast_error,lagged_forecast_error,load_da_forecast_error_mw,lagged_forecast_error,lagged_forecast_error,load_da_forecast_error_mw,False,elasticnet_coefficients
load_da_forecast_error_mw_lag_2d_same_local_qh,0.1111111111111111,0.0,1.0,0.0,0.060416652727379255,0.0,0.5437498745464133,0.0,1.0,False,True,kept,2736,0.47107438016528924,2736,lagged_forecast_error,lagged_forecast_error,load_da_forecast_error_mw,True,kept,load_da_forecast_error_mw_rolling_mean_7d_same_local_qh,0.8040831459587402,0.21381760846906936,lagged_forecast_error,lagged_forecast_error,load_da_forecast_error_mw,lagged_forecast_error,lagged_forecast_error,load_da_forecast_error_mw,False,elasticnet_coefficients
load_da_forecast_error_mw_rolling_mean_14d_same_local_qh,0.1111111111111111,0.0,1.0,0.0,0.47149504209310866,0.0,4.243455378837978,0.0,1.0,False,True,kept,4704,0.8099173553719008,4176,lagged_forecast_error,lagged_forecast_error,load_da_forecast_error_mw,True,kept,load_da_forecast_error_mw_lag_1d_same_local_qh,0.5768026374657356,0.2377803283211281,lagged_forecast_error,lagged_forecast_error,load_da_forecast_error_mw,lagged_forecast_error,lagged_forecast_error,load_da_forecast_error_mw,False,elasticnet_coefficients
load_da_forecast_error_mw_rolling_mean_28d_same_local_qh,0.1111111111111111,0.0,1.0,0.0,0.49154437399896334,0.0,4.42389936599067,0.0,1.0,False,True,kept,4896,0.8429752066115702,4176,lagged_forecast_error,lagged_forecast_error,load_da_forecast_error_mw,True,kept,load_da_forecast_error_mw_rolling_mean_14d_same_local_qh,0.8801827234591679,0.19430731284939334,lagged_forecast_error,lagged_forecast_error,load_da_forecast_error_mw,lagged_forecast_error,lagged_forecast_error,load_da_forecast_error_mw,False,elasticnet_coefficients
load_forecast_da_mw_lag_2d_same_local_qh,0.1111111111111111,0.0,1.0,0.0,0.3518251656545812,0.0,3.1664264908912307,0.0,1.0,False,True,kept,5760,0.9917355371900827,5760,da_forecast,forecast_level,load_forecast_da_mw,True,kept,load_forecast_da_mw_lag_1d_same_local_qh,0.7454077351759741,0.021801579595560804,da_forecast,forecast_level,load_forecast_da_mw,da_forecast,forecast_level,load_forecast_da_mw,False,elasticnet_coefficients
month_cos,0.1111111111111111,0.0,1.0,0.0,0.061947982946730255,0.0,0.5575318465205723,0.0,1.0,False,True,kept,5808,1.0,7,calendar,calendar,month_cos,True,kept,weekday_sin,0.09645983101859047,0.114679498710109,calendar,calendar,month_cos,calendar,calendar,month_cos,False,elasticnet_coefficients
renewable_total_forecast_da_mw_lag_14d_same_local_qh,0.1111111111111111,0.0,1.0,0.0,0.05554064131697147,0.0,0.4998657718527432,0.0,1.0,False,True,kept,5472,0.9421487603305785,5472,da_forecast,forecast_level,renewable_total_forecast_da_mw,True,kept,solar_forecast_da_mw_lag_14d_same_local_qh,0.7229985466676342,0.394062241095006,da_forecast,forecast_level,renewable_total_forecast_da_mw,da_forecast,forecast_level,renewable_total_forecast_da_mw,False,elasticnet_coefficients
renewable_total_forecast_da_mw_lag_1d_same_local_qh,0.1111111111111111,0.0,1.0,0.0,0.24404353066466639,0.0,2.1963917759819975,0.0,1.0,False,True,kept,5808,1.0,5808,da_forecast,forecast_level,renewable_total_forecast_da_mw,True,kept,residual_load_forecast_da_mw_lag_1d_same_local_qh,0.8638647508609725,0.5164615003780693,da_forecast,forecast_level,renewable_total_forecast_da_mw,da_forecast,forecast_level,renewable_total_forecast_da_mw,False,elasticnet_coefficients
renewable_total_forecast_revision_id_minus_da_mw_lag_2d_same_local_qh,0.1111111111111111,0.0,1.0,0.0,0.004782971823056468,0.0,0.04304674640750821,0.0,1.0,False,True,kept,5760,0.9917355371900827,5760,forecast_revision,forecast_revision,renewable_total_forecast_revision_id_minus_da_mw,True,kept,solar_forecast_revision_id_minus_da_mw_lag_2d_same_local_qh,0.5204781249399295,0.10554459726083866,forecast_revision,forecast_revision,renewable_total_forecast_revision_id_minus_da_mw,forecast_revision,forecast_revision,renewable_total_forecast_revision_id_minus_da_mw,False,elasticnet_coefficients
renewable_total_forecast_revision_id_minus_da_mw_lag_7d_same_local_qh,0.1111111111111111,0.0,1.0,0.0,0.16693521386229532,0.0,1.5024169247606578,0.0,1.0,False,True,kept,5664,0.9752066115702479,5664,forecast_revision,forecast_revision,renewable_total_forecast_revision_id_minus_da_mw,True,kept,solar_forecast_revision_id_minus_da_mw_lag_7d_same_local_qh,0.5216825592542299,0.09018661431404579,forecast_revision,forecast_revision,renewable_total_forecast_revision_id_minus_da_mw,forecast_revision,forecast_revision,renewable_total_forecast_revision_id_minus_da_mw,False,elasticnet_coefficients
renewable_total_forecast_revision_id_minus_da_mw_regime_abs_median_28d_over_vol,0.1111111111111111,0.0,1.0,0.0,0.171887362696446,0.0,1.5469862642680139,0.0,1.0,False,True,kept,5808,1.0,5808,regime_level,regime,renewable_total_forecast_revision_id_minus_da_mw,True,kept,ida3_price_eur_mwh_regime_abs_median_28d_over_vol,0.22160140582593632,0.18560586446493518,regime_level,regime,renewable_total_forecast_revision_id_minus_da_mw,regime_level,regime,renewable_total_forecast_revision_id_minus_da_mw,False,elasticnet_coefficients
renewable_total_forecast_revision_id_minus_da_mw_regime_vol_28d,0.1111111111111111,0.0,1.0,0.0,0.017937191018417807,0.0,0.16143471916576027,0.0,1.0,False,True,kept,5808,1.0,5808,regime_volatility,regime,renewable_total_forecast_revision_id_minus_da_mw,True,kept,ida3_price_eur_mwh_regime_mean_shift_7d_vs_28d_z,0.3118348201135647,0.24439405833286462,regime_volatility,regime,renewable_total_forecast_revision_id_minus_da_mw,regime_volatility,regime,renewable_total_forecast_revision_id_minus_da_mw,False,elasticnet_coefficients
renewable_total_forecast_revision_id_minus_da_mw_rolling_mean_14d_same_local_qh,0.1111111111111111,0.0,1.0,0.0,0.3458560165677628,0.0,3.1127041491098653,0.0,1.0,False,True,kept,5808,1.0,5808,forecast_revision,forecast_revision,renewable_total_forecast_revision_id_minus_da_mw,True,kept,renewable_total_forecast_revision_id_minus_da_mw_rolling_mean_28d_same_local_qh,0.608137453587168,0.22889069871726297,forecast_revision,forecast_revision,renewable_total_forecast_revision_id_minus_da_mw,forecast_revision,forecast_revision,renewable_total_forecast_revision_id_minus_da_mw,False,elasticnet_coefficients
renewable_total_forecast_revision_id_minus_da_mw_rolling_mean_28d_same_local_qh,0.0,0.0,0.0,0.0,0.0,0.0,0.0,0.0,,False,True,kept,5808,1.0,5808,forecast_revision,forecast_revision,renewable_total_forecast_revision_id_minus_da_mw,True,first_ranked_feature,,0.0,0.28555086404727587,forecast_revision,forecast_revision,renewable_total_forecast_revision_id_minus_da_mw,forecast_revision,forecast_revision,renewable_total_forecast_revision_id_minus_da_mw,False,elasticnet_coefficients
renewable_total_forecast_revision_id_minus_da_mw_rolling_mean_3d_same_local_qh,0.1111111111111111,0.0,1.0,0.0,0.010181188044735376,0.0,0.09163069240261838,0.0,1.0,False,True,kept,5808,1.0,5808,forecast_revision,forecast_revision,renewable_total_forecast_revision_id_minus_da_mw,True,kept,renewable_total_forecast_revision_id_minus_da_mw_rolling_mean_7d_same_local_qh,0.5988857208831225,0.10426262257592928,forecast_revision,forecast_revision,renewable_total_forecast_revision_id_minus_da_mw,forecast_revision,forecast_revision,renewable_total_forecast_revision_id_minus_da_mw,False,elasticnet_coefficients
renewable_total_forecast_revision_id_minus_da_mw_rolling_median_14d_same_local_qh,0.1111111111111111,0.0,1.0,0.0,0.06612823361802225,0.0,0.5951541025622002,0.0,1.0,False,True,kept,5808,1.0,3645,forecast_revision,forecast_revision,renewable_total_forecast_revision_id_minus_da_mw,True,kept,renewable_total_forecast_revision_id_minus_da_mw_rolling_mean_14d_same_local_qh,0.7778222452751463,0.17358311390036243,forecast_revision,forecast_revision,renewable_total_forecast_revision_id_minus_da_mw,forecast_revision,forecast_revision,renewable_total_forecast_revision_id_minus_da_mw,False,elasticnet_coefficients
renewable_total_forecast_revision_id_minus_da_mw_rolling_median_28d_same_local_qh,0.1111111111111111,0.0,1.0,0.0,0.1617888523111328,0.0,1.4560996708001952,0.0,1.0,False,True,kept,5808,1.0,2622,forecast_revision,forecast_revision,renewable_total_forecast_revision_id_minus_da_mw,True,kept,renewable_total_forecast_revision_id_minus_da_mw_rolling_mean_28d_same_local_qh,0.7399277587899268,0.22460800725845542,forecast_revision,forecast_revision,renewable_total_forecast_revision_id_minus_da_mw,forecast_revision,forecast_revision,renewable_total_forecast_revision_id_minus_da_mw,False,elasticnet_coefficients
renewable_total_forecast_revision_id_minus_da_mw_rolling_median_7d_same_local_qh,0.1111111111111111,0.0,1.0,0.0,0.13993834376441835,0.0,1.2594450938797652,0.0,1.0,False,True,kept,5808,1.0,3263,forecast_revision,forecast_revision,renewable_total_forecast_revision_id_minus_da_mw,True,kept,renewable_total_forecast_revision_id_minus_da_mw_rolling_mean_14d_same_local_qh,0.5617417631226284,0.21934140334337202,forecast_revision,forecast_revision,renewable_total_forecast_revision_id_minus_da_mw,forecast_revision,forecast_revision,renewable_total_forecast_revision_id_minus_da_mw,False,elasticnet_coefficients
renewable_total_forecast_revision_id_minus_da_mw_rolling_std_14d_same_local_qh,0.1111111111111111,0.0,1.0,0.0,0.16662347061947863,0.0,1.4996112355753077,0.0,1.0,False,True,kept,5808,1.0,5808,forecast_revision,forecast_revision,renewable_total_forecast_revision_id_minus_da_mw,True,kept,renewable_total_forecast_revision_id_minus_da_mw_rolling_std_28d_same_local_qh,0.7473466121202131,0.17956165103767124,forecast_revision,forecast_revision,renewable_total_forecast_revision_id_minus_da_mw,forecast_revision,forecast_revision,renewable_total_forecast_revision_id_minus_da_mw,False,elasticnet_coefficients
renewable_total_forecast_revision_id_minus_da_mw_rolling_std_28d_same_local_qh,0.1111111111111111,0.0,1.0,0.0,0.027077709266992836,0.0,0.24369938340293554,0.0,1.0,False,True,kept,5808,1.0,5808,forecast_revision,forecast_revision,renewable_total_forecast_revision_id_minus_da_mw,True,kept,renewable_total_forecast_revision_id_minus_da_mw_rolling_mean_28d_same_local_qh,0.14506536117451563,0.24439405833286462,forecast_revision,forecast_revision,renewable_total_forecast_revision_id_minus_da_mw,forecast_revision,forecast_revision,renewable_total_forecast_revision_id_minus_da_mw,False,elasticnet_coefficients
residual_load_forecast_da_mw_lag_1d_same_local_qh,0.1111111111111111,0.0,1.0,0.0,0.3859933374171651,0.0,3.473940036754486,0.0,1.0,False,True,kept,5808,1.0,5808,da_forecast,forecast_level,residual_load_forecast_da_mw,True,kept,solar_forecast_id_mw,0.7039546004784202,0.523617765985816,da_forecast,forecast_level,residual_load_forecast_da_mw,da_forecast,forecast_level,residual_load_forecast_da_mw,False,elasticnet_coefficients
residual_load_forecast_da_mw_lag_2d_same_local_qh,0.1111111111111111,0.0,1.0,0.0,0.051961414414336084,0.0,0.4676527297290248,0.0,1.0,False,True,kept,5760,0.9917355371900827,5760,da_forecast,forecast_level,residual_load_forecast_da_mw,True,kept,renewable_total_forecast_da_mw_lag_2d_same_local_qh,0.8619830861504876,0.38793753642235607,da_forecast,forecast_level,residual_load_forecast_da_mw,da_forecast,forecast_level,residual_load_forecast_da_mw,False,elasticnet_coefficients
solar_da_forecast_error_mw_lag_14d_same_local_qh,0.1111111111111111,0.0,1.0,0.0,0.21726899979925718,0.0,1.9554209981933146,0.0,1.0,False,True,kept,1521,0.2618801652892562,1510,lagged_forecast_error,lagged_forecast_error,solar_da_forecast_error_mw,True,kept,solar_da_forecast_error_mw_rolling_median_14d_same_local_qh,0.3576676571416377,0.06792046068203854,lagged_forecast_error,lagged_forecast_error,solar_da_forecast_error_mw,lagged_forecast_error,lagged_forecast_error,solar_da_forecast_error_mw,False,elasticnet_coefficients
solar_da_forecast_error_mw_lag_1d_same_local_qh,0.1111111111111111,0.0,1.0,0.0,0.021812401230945647,0.0,0.19631161107851083,0.0,1.0,False,True,kept,1360,0.23415977961432508,1354,lagged_forecast_error,lagged_forecast_error,solar_da_forecast_error_mw,True,kept,solar_id_forecast_error_mw_lag_1d_same_local_qh,0.7597884664256654,0.016573816264956312,lagged_forecast_error,lagged_forecast_error,solar_da_forecast_error_mw,lagged_forecast_error,lagged_forecast_error,solar_da_forecast_error_mw,False,elasticnet_coefficients
solar_da_forecast_error_mw_lag_2d_same_local_qh,0.1111111111111111,0.0,1.0,0.0,0.007911816772911088,0.0,0.07120635095619979,0.0,1.0,False,True,kept,1509,0.25981404958677684,1501,lagged_forecast_error,lagged_forecast_error,solar_da_forecast_error_mw,True,kept,solar_da_forecast_error_mw_rolling_mean_7d_same_local_qh,0.5595648837388432,0.10954673027375818,lagged_forecast_error,lagged_forecast_error,solar_da_forecast_error_mw,lagged_forecast_error,lagged_forecast_error,solar_da_forecast_error_mw,False,elasticnet_coefficients
solar_da_forecast_error_mw_lag_7d_same_local_qh,0.1111111111111111,0.0,1.0,0.0,0.5837850053457563,0.0,5.254065048111807,0.0,1.0,False,True,kept,1531,0.2636019283746556,1521,lagged_forecast_error,lagged_forecast_error,solar_da_forecast_error_mw,True,kept,solar_da_forecast_error_mw_rolling_mean_14d_same_local_qh,0.6405025403373432,0.13719871150575963,lagged_forecast_error,lagged_forecast_error,solar_da_forecast_error_mw,lagged_forecast_error,lagged_forecast_error,solar_da_forecast_error_mw,False,elasticnet_coefficients
solar_da_forecast_error_mw_rolling_mean_28d_same_local_qh,0.1111111111111111,0.0,1.0,0.0,0.11906225237665402,0.0,1.0715602713898862,0.0,1.0,False,True,kept,2760,0.47520661157024796,2298,lagged_forecast_error,lagged_forecast_error,solar_da_forecast_error_mw,True,kept,solar_da_forecast_error_mw_rolling_mean_14d_same_local_qh,0.7413992824639448,0.22745824909462328,lagged_forecast_error,lagged_forecast_error,solar_da_forecast_error_mw,lagged_forecast_error,lagged_forecast_error,solar_da_forecast_error_mw,False,elasticnet_coefficients
solar_da_forecast_error_mw_rolling_mean_7d_same_local_qh,0.1111111111111111,0.0,1.0,0.0,0.29491325266987306,0.0,2.6542192740288577,0.0,1.0,False,True,kept,2441,0.42028236914600553,2193,lagged_forecast_error,lagged_forecast_error,solar_da_forecast_error_mw,True,kept,solar_da_forecast_error_mw_rolling_mean_14d_same_local_qh,0.6979122964028689,0.21273145963954168,lagged_forecast_error,lagged_forecast_error,solar_da_forecast_error_mw,lagged_forecast_error,lagged_forecast_error,solar_da_forecast_error_mw,False,elasticnet_coefficients
solar_da_forecast_error_mw_rolling_median_28d_same_local_qh,0.1111111111111111,0.0,1.0,0.0,0.26976649662570046,0.0,2.427898469631304,0.0,1.0,False,True,kept,2760,0.47520661157024796,1555,lagged_forecast_error,lagged_forecast_error,solar_da_forecast_error_mw,True,kept,solar_da_forecast_error_mw_rolling_mean_28d_same_local_qh,0.884753450616639,0.11252086888286421,lagged_forecast_error,lagged_forecast_error,solar_da_forecast_error_mw,lagged_forecast_error,lagged_forecast_error,solar_da_forecast_error_mw,False,elasticnet_coefficients
solar_da_forecast_error_mw_rolling_median_7d_same_local_qh,0.1111111111111111,0.0,1.0,0.0,0.17069328879631968,0.0,1.5362395991668771,0.0,1.0,False,True,kept,2441,0.42028236914600553,1866,lagged_forecast_error,lagged_forecast_error,solar_da_forecast_error_mw,True,kept,solar_da_forecast_error_mw_rolling_mean_7d_same_local_qh,0.8870983978406439,0.15179806927151832,lagged_forecast_error,lagged_forecast_error,solar_da_forecast_error_mw,lagged_forecast_error,lagged_forecast_error,solar_da_forecast_error_mw,False,elasticnet_coefficients
solar_da_forecast_error_mw_rolling_std_14d_same_local_qh,0.1111111111111111,0.0,1.0,0.0,0.10536312985219652,0.0,0.9482681686697687,0.0,1.0,False,True,kept,2647,0.45575068870523416,2352,lagged_forecast_error,lagged_forecast_error,solar_da_forecast_error_mw,True,kept,solar_id_forecast_error_mw_rolling_std_28d_same_local_qh,0.904443270548189,0.6126228567008248,lagged_forecast_error,lagged_forecast_error,solar_da_forecast_error_mw,lagged_forecast_error,lagged_forecast_error,solar_da_forecast_error_mw,False,elasticnet_coefficients
solar_forecast_id_mw_lag_7d_same_local_qh,0.1111111111111111,0.0,1.0,0.0,0.3501378548781644,0.0,3.1512406939034796,0.0,1.0,False,True,kept,3319,0.5714531680440771,3202,id_forecast,forecast_level,solar_forecast_id_mw,True,kept,solar_forecast_da_mw_lag_14d_same_local_qh,0.9073115588506028,0.648147586512883,id_forecast,forecast_level,solar_forecast_id_mw,id_forecast,forecast_level,solar_forecast_id_mw,False,elasticnet_coefficients
solar_forecast_revision_id_minus_da_mw_lag_1d_same_local_qh,0.1111111111111111,0.0,1.0,0.0,0.10608347811360994,0.0,0.9547513030224895,0.0,1.0,False,True,kept,3459,0.5955578512396694,3342,forecast_revision,forecast_revision,solar_forecast_revision_id_minus_da_mw,True,kept,renewable_total_forecast_revision_id_minus_da_mw_rolling_mean_7d_same_local_qh,0.309554087953722,0.14522002427473812,forecast_revision,forecast_revision,solar_forecast_revision_id_minus_da_mw,forecast_revision,forecast_revision,solar_forecast_revision_id_minus_da_mw,False,elasticnet_coefficients
solar_forecast_revision_id_minus_da_mw_lag_2d_same_local_qh,0.1111111111111111,0.0,1.0,0.0,0.038943016063617476,0.0,0.3504871445725573,0.0,1.0,False,True,kept,3418,0.5884986225895317,3303,forecast_revision,forecast_revision,solar_forecast_revision_id_minus_da_mw,True,kept,renewable_total_forecast_revision_id_minus_da_mw_rolling_median_7d_same_local_qh,0.33669213169583556,0.12078477539457942,forecast_revision,forecast_revision,solar_forecast_revision_id_minus_da_mw,forecast_revision,forecast_revision,solar_forecast_revision_id_minus_da_mw,False,elasticnet_coefficients
solar_forecast_revision_id_minus_da_mw_lag_7d_same_local_qh,0.1111111111111111,0.0,1.0,0.0,0.17466926313191983,0.0,1.5720233681872784,0.0,1.0,False,True,kept,3318,0.5712809917355371,3203,forecast_revision,forecast_revision,solar_forecast_revision_id_minus_da_mw,True,kept,renewable_total_forecast_revision_id_minus_da_mw_rolling_mean_28d_same_local_qh,0.34954262330610886,0.2167709360974632,forecast_revision,forecast_revision,solar_forecast_revision_id_minus_da_mw,forecast_revision,forecast_revision,solar_forecast_revision_id_minus_da_mw,False,elasticnet_coefficients
solar_id_forecast_error_mw_lag_14d_same_local_qh,0.0,0.0,0.0,0.0,0.0,0.0,0.0,0.0,,False,True,kept,1521,0.2618801652892562,1510,lagged_forecast_error,lagged_forecast_error,solar_id_forecast_error_mw,True,kept,solar_da_forecast_error_mw_lag_14d_same_local_qh,0.7465886973142439,0.029870911566627713,lagged_forecast_error,lagged_forecast_error,solar_id_forecast_error_mw,lagged_forecast_error,lagged_forecast_error,solar_id_forecast_error_mw,False,elasticnet_coefficients
solar_id_forecast_error_mw_lag_7d_same_local_qh,0.1111111111111111,0.0,1.0,0.0,0.522520634664126,0.0,4.702685711977134,0.0,1.0,False,True,kept,1532,0.26377410468319556,1522,lagged_forecast_error,lagged_forecast_error,solar_id_forecast_error_mw,True,kept,solar_da_forecast_error_mw_lag_7d_same_local_qh,0.8238023033487449,0.06035252770776562,lagged_forecast_error,lagged_forecast_error,solar_id_forecast_error_mw,lagged_forecast_error,lagged_forecast_error,solar_id_forecast_error_mw,False,elasticnet_coefficients
solar_id_forecast_error_mw_rolling_mean_14d_same_local_qh,0.1111111111111111,0.0,1.0,0.0,0.41006623148070065,0.0,3.690596083326306,0.0,1.0,False,True,kept,2649,0.45609504132231404,2353,lagged_forecast_error,lagged_forecast_error,solar_id_forecast_error_mw,True,kept,solar_da_forecast_error_mw_rolling_mean_14d_same_local_qh,0.806372212175302,0.09291857150262844,lagged_forecast_error,lagged_forecast_error,solar_id_forecast_error_mw,lagged_forecast_error,lagged_forecast_error,solar_id_forecast_error_mw,False,elasticnet_coefficients
solar_id_forecast_error_mw_rolling_mean_28d_same_local_qh,0.0,0.0,0.0,0.0,0.0,0.0,0.0,0.0,,False,True,kept,2766,0.4762396694214876,2299,lagged_forecast_error,lagged_forecast_error,solar_id_forecast_error_mw,True,kept,solar_da_forecast_error_mw_rolling_mean_28d_same_local_qh,0.8547369633258503,0.04197868664044645,lagged_forecast_error,lagged_forecast_error,solar_id_forecast_error_mw,lagged_forecast_error,lagged_forecast_error,solar_id_forecast_error_mw,False,elasticnet_coefficients
solar_id_forecast_error_mw_rolling_mean_7d_same_local_qh,0.1111111111111111,0.0,1.0,0.0,0.09364564477689646,0.0,0.8428108029920682,0.0,1.0,False,True,kept,2442,0.42045454545454547,2194,lagged_forecast_error,lagged_forecast_error,solar_id_forecast_error_mw,True,kept,solar_da_forecast_error_mw_rolling_mean_7d_same_local_qh,0.8242796037235357,0.057268071840459726,lagged_forecast_error,lagged_forecast_error,solar_id_forecast_error_mw,lagged_forecast_error,lagged_forecast_error,solar_id_forecast_error_mw,False,elasticnet_coefficients
solar_id_forecast_error_mw_rolling_median_14d_same_local_qh,0.1111111111111111,0.0,1.0,0.0,0.12063561191755438,0.0,1.0857205072579894,0.0,1.0,False,True,kept,2649,0.45609504132231404,1762,lagged_forecast_error,lagged_forecast_error,solar_id_forecast_error_mw,True,kept,solar_id_forecast_error_mw_rolling_mean_14d_same_local_qh,0.8254862430541844,0.08599269110048444,lagged_forecast_error,lagged_forecast_error,solar_id_forecast_error_mw,lagged_forecast_error,lagged_forecast_error,solar_id_forecast_error_mw,False,elasticnet_coefficients
solar_id_forecast_error_mw_rolling_median_28d_same_local_qh,0.1111111111111111,0.0,1.0,0.0,0.008770607898156797,0.0,0.07893547108341117,0.0,1.0,False,True,kept,2766,0.4762396694214876,1501,lagged_forecast_error,lagged_forecast_error,solar_id_forecast_error_mw,True,kept,solar_da_forecast_error_mw_rolling_mean_28d_same_local_qh,0.5835969970654907,0.15785536168404715,lagged_forecast_error,lagged_forecast_error,solar_id_forecast_error_mw,lagged_forecast_error,lagged_forecast_error,solar_id_forecast_error_mw,False,elasticnet_coefficients
solar_id_forecast_error_mw_rolling_median_3d_same_local_qh,0.1111111111111111,0.0,1.0,0.0,0.06790222826183766,0.0,0.6111200543565389,0.0,1.0,False,True,kept,1485,0.2556818181818182,1402,lagged_forecast_error,lagged_forecast_error,solar_id_forecast_error_mw,True,kept,solar_da_forecast_error_mw_rolling_median_3d_same_local_qh,0.7699082465515131,0.06373357120444312,lagged_forecast_error,lagged_forecast_error,solar_id_forecast_error_mw,lagged_forecast_error,lagged_forecast_error,solar_id_forecast_error_mw,False,elasticnet_coefficients
solar_id_forecast_error_mw_rolling_median_7d_same_local_qh,0.1111111111111111,0.0,1.0,0.0,0.07525272060341061,0.0,0.6772744854306955,0.0,1.0,False,True,kept,2442,0.42045454545454547,1876,lagged_forecast_error,lagged_forecast_error,solar_id_forecast_error_mw,True,kept,solar_id_forecast_error_mw_rolling_mean_7d_same_local_qh,0.9035928637780791,0.04164425960665672,lagged_forecast_error,lagged_forecast_error,solar_id_forecast_error_mw,lagged_forecast_error,lagged_forecast_error,solar_id_forecast_error_mw,False,elasticnet_coefficients
solar_id_forecast_error_mw_rolling_std_3d_same_local_qh,0.1111111111111111,0.0,1.0,0.0,0.15356013996807868,0.0,1.382041259712708,0.0,1.0,False,True,kept,1485,0.2556818181818182,1439,lagged_forecast_error,lagged_forecast_error,solar_id_forecast_error_mw,True,kept,solar_id_forecast_error_mw_rolling_std_7d_same_local_qh,0.827494233325374,0.5147240623913841,lagged_forecast_error,lagged_forecast_error,solar_id_forecast_error_mw,lagged_forecast_error,lagged_forecast_error,solar_id_forecast_error_mw,False,elasticnet_coefficients
weekday_cos,0.1111111111111111,0.0,1.0,0.0,0.11508806203453946,0.0,1.0357925583108551,0.0,1.0,False,True,kept,5808,1.0,7,calendar,calendar,weekday_cos,True,kept,weekday_sin,0.2667531524051684,0.008104873972758168,calendar,calendar,weekday_cos,calendar,calendar,weekday_cos,False,elasticnet_coefficients
weekday_sin,0.1111111111111111,0.0,1.0,0.0,0.07555011645899931,0.0,0.6799510481309938,0.0,1.0,False,True,kept,5808,1.0,7,calendar,calendar,weekday_sin,True,kept,is_weekend,0.7796115024509163,0.12923261375092712,calendar,calendar,weekday_sin,calendar,calendar,weekday_sin,False,elasticnet_coefficients
wind_offshore_da_forecast_error_mw_lag_14d_same_local_qh,0.1111111111111111,0.0,1.0,0.0,0.7174380248943703,0.0,6.456942224049333,0.0,1.0,False,True,kept,2735,0.4709022038567493,2734,lagged_forecast_error,lagged_forecast_error,wind_offshore_da_forecast_error_mw,True,kept,wind_offshore_id_forecast_error_mw_lag_14d_same_local_qh,0.8581980119710889,0.07459482860898965,lagged_forecast_error,lagged_forecast_error,wind_offshore_da_forecast_error_mw,lagged_forecast_error,lagged_forecast_error,wind_offshore_da_forecast_error_mw,False,elasticnet_coefficients
wind_offshore_da_forecast_error_mw_lag_1d_same_local_qh,0.1111111111111111,0.0,1.0,0.0,0.9396653528832231,0.0,8.456988175949007,0.0,1.0,False,True,kept,2494,0.4294077134986226,2493,lagged_forecast_error,lagged_forecast_error,wind_offshore_da_forecast_error_mw,True,kept,wind_offshore_da_forecast_error_mw_rolling_median_7d_same_local_qh,0.5078307788165746,0.10965914948941947,lagged_forecast_error,lagged_forecast_error,wind_offshore_da_forecast_error_mw,lagged_forecast_error,lagged_forecast_error,wind_offshore_da_forecast_error_mw,False,elasticnet_coefficients
wind_offshore_da_forecast_error_mw_lag_2d_same_local_qh,0.2222222222222222,0.0,2.0,0.0,0.21171481914640022,0.0,1.2289555274128483,0.0,1.0,False,True,kept,2735,0.4709022038567493,2735,lagged_forecast_error,lagged_forecast_error,wind_offshore_da_forecast_error_mw,True,kept,wind_offshore_id_forecast_error_mw_lag_2d_same_local_qh,0.9013113275439341,0.0038137470747975043,lagged_forecast_error,lagged_forecast_error,wind_offshore_da_forecast_error_mw,lagged_forecast_error,lagged_forecast_error,wind_offshore_da_forecast_error_mw,False,elasticnet_coefficients
wind_offshore_da_forecast_error_mw_lag_7d_same_local_qh,0.1111111111111111,0.0,1.0,0.0,0.2714542278234255,0.0,2.443088050410829,0.0,1.0,False,True,kept,2831,0.487431129476584,2830,lagged_forecast_error,lagged_forecast_error,wind_offshore_da_forecast_error_mw,True,kept,wind_offshore_da_forecast_error_mw_rolling_mean_7d_same_local_qh,0.556299387780014,0.03328247071177152,lagged_forecast_error,lagged_forecast_error,wind_offshore_da_forecast_error_mw,lagged_forecast_error,lagged_forecast_error,wind_offshore_da_forecast_error_mw,False,elasticnet_coefficients
wind_offshore_da_forecast_error_mw_rolling_mean_14d_same_local_qh,0.1111111111111111,0.0,1.0,0.0,0.36570695574181844,0.0,3.291362601676366,0.0,1.0,False,True,kept,4704,0.8099173553719008,4174,lagged_forecast_error,lagged_forecast_error,wind_offshore_da_forecast_error_mw,True,kept,wind_offshore_da_forecast_error_mw_rolling_mean_28d_same_local_qh,0.7920603959752744,0.1444883638602003,lagged_forecast_error,lagged_forecast_error,wind_offshore_da_forecast_error_mw,lagged_forecast_error,lagged_forecast_error,wind_offshore_da_forecast_error_mw,False,elasticnet_coefficients
wind_offshore_da_forecast_error_mw_rolling_mean_28d_same_local_qh,0.1111111111111111,0.0,1.0,0.0,0.5092478191313143,0.0,4.583230372181829,0.0,1.0,False,True,kept,4896,0.8429752066115702,4176,lagged_forecast_error,lagged_forecast_error,wind_offshore_da_forecast_error_mw,True,kept,solar_id_forecast_error_mw_rolling_std_28d_same_local_qh,0.5253164775690773,0.16903040087649318,lagged_forecast_error,lagged_forecast_error,wind_offshore_da_forecast_error_mw,lagged_forecast_error,lagged_forecast_error,wind_offshore_da_forecast_error_mw,False,elasticnet_coefficients
wind_offshore_da_forecast_error_mw_rolling_median_28d_same_local_qh,0.1111111111111111,0.0,1.0,0.0,0.027072028700594195,0.0,0.24364825830534775,0.0,1.0,False,True,kept,4896,0.8429752066115702,2593,lagged_forecast_error,lagged_forecast_error,wind_offshore_da_forecast_error_mw,True,kept,wind_offshore_id_forecast_error_mw_rolling_median_28d_same_local_qh,0.9196975839588362,0.0931445709141339,lagged_forecast_error,lagged_forecast_error,wind_offshore_da_forecast_error_mw,lagged_forecast_error,lagged_forecast_error,wind_offshore_da_forecast_error_mw,False,elasticnet_coefficients
wind_offshore_da_forecast_error_mw_rolling_std_14d_same_local_qh,0.1111111111111111,0.0,1.0,0.0,0.04692280623471419,0.0,0.4223052561124277,0.0,1.0,False,True,kept,4704,0.8099173553719008,4174,lagged_forecast_error,lagged_forecast_error,wind_offshore_da_forecast_error_mw,True,kept,wind_offshore_id_forecast_error_mw_rolling_std_14d_same_local_qh,0.8027352546948682,0.05776098511698367,lagged_forecast_error,lagged_forecast_error,wind_offshore_da_forecast_error_mw,lagged_forecast_error,lagged_forecast_error,wind_offshore_da_forecast_error_mw,False,elasticnet_coefficients
wind_offshore_da_forecast_error_mw_rolling_std_28d_same_local_qh,0.1111111111111111,0.0,1.0,0.0,0.3272529589966051,0.0,2.9452766309694463,0.0,1.0,False,True,kept,4896,0.8429752066115702,4176,lagged_forecast_error,lagged_forecast_error,wind_offshore_da_forecast_error_mw,True,kept,wind_offshore_id_forecast_error_mw_rolling_std_28d_same_local_qh,0.819764312090123,0.024556532282222984,lagged_forecast_error,lagged_forecast_error,wind_offshore_da_forecast_error_mw,lagged_forecast_error,lagged_forecast_error,wind_offshore_da_forecast_error_mw,False,elasticnet_coefficients
wind_offshore_da_forecast_error_mw_rolling_std_7d_same_local_qh,0.1111111111111111,0.0,1.0,0.0,0.2518741205083493,0.0,2.2668670845751437,0.0,1.0,False,True,kept,4416,0.7603305785123967,3984,lagged_forecast_error,lagged_forecast_error,wind_offshore_da_forecast_error_mw,True,kept,wind_offshore_id_forecast_error_mw_rolling_std_7d_same_local_qh,0.7327674338976071,0.038533292479130524,lagged_forecast_error,lagged_forecast_error,wind_offshore_da_forecast_error_mw,lagged_forecast_error,lagged_forecast_error,wind_offshore_da_forecast_error_mw,False,elasticnet_coefficients
wind_offshore_forecast_id_mw_lag_1d_same_local_qh,0.1111111111111111,0.0,1.0,0.0,0.08447777982322226,0.0,0.7603000184090003,0.0,1.0,False,True,kept,5807,0.9998278236914601,5773,id_forecast,forecast_level,wind_offshore_forecast_id_mw,True,kept,wind_offshore_forecast_da_mw_lag_2d_same_local_qh,0.5588890441248456,0.07372771005707571,id_forecast,forecast_level,wind_offshore_forecast_id_mw,id_forecast,forecast_level,wind_offshore_forecast_id_mw,False,elasticnet_coefficients
wind_offshore_forecast_id_mw_lag_7d_same_local_qh,0.0,0.0,0.0,0.0,0.0,0.0,0.0,0.0,,False,True,kept,5663,0.975034435261708,5633,id_forecast,forecast_level,wind_offshore_forecast_id_mw,True,kept,wind_onshore_forecast_da_mw_lag_7d_same_local_qh,0.7206335024582713,0.029774969166023946,id_forecast,forecast_level,wind_offshore_forecast_id_mw,id_forecast,forecast_level,wind_offshore_forecast_id_mw,False,elasticnet_coefficients
wind_offshore_forecast_revision_id_minus_da_mw,0.1111111111111111,0.0,1.0,0.0,0.04595967765097785,0.0,0.4136370988588007,0.0,1.0,False,True,kept,5803,0.9991391184573003,5719,forecast_revision,forecast_revision,wind_offshore_forecast_revision_id_minus_da_mw,True,kept,renewable_total_forecast_revision_id_minus_da_mw,0.33167083839336686,0.013320033062117778,forecast_revision,forecast_revision,wind_offshore_forecast_revision_id_minus_da_mw,forecast_revision,forecast_revision,wind_offshore_forecast_revision_id_minus_da_mw,False,elasticnet_coefficients
wind_offshore_forecast_revision_id_minus_da_mw_lag_14d_same_local_qh,0.1111111111111111,0.0,1.0,0.0,0.16436593656526657,0.0,1.4792934290873991,0.0,1.0,False,True,kept,5469,0.9416322314049587,5385,forecast_revision,forecast_revision,wind_offshore_forecast_revision_id_minus_da_mw,True,kept,wind_total_forecast_revision_id_minus_da_mw_lag_14d_same_local_qh,0.46258890934580876,0.005246033299488634,forecast_revision,forecast_revision,wind_offshore_forecast_revision_id_minus_da_mw,forecast_revision,forecast_revision,wind_offshore_forecast_revision_id_minus_da_mw,False,elasticnet_coefficients
wind_offshore_forecast_revision_id_minus_da_mw_lag_2d_same_local_qh,0.1111111111111111,0.0,1.0,0.0,0.33311408876987525,0.0,2.998026798928877,0.0,1.0,False,True,kept,5758,0.9913911845730028,5675,forecast_revision,forecast_revision,wind_offshore_forecast_revision_id_minus_da_mw,True,kept,wind_total_forecast_revision_id_minus_da_mw_lag_2d_same_local_qh,0.3710688103323898,0.03801412510910215,forecast_revision,forecast_revision,wind_offshore_forecast_revision_id_minus_da_mw,forecast_revision,forecast_revision,wind_offshore_forecast_revision_id_minus_da_mw,False,elasticnet_coefficients
wind_offshore_id_forecast_error_mw_lag_14d_same_local_qh,0.1111111111111111,0.0,1.0,0.0,0.7801013218265688,0.0,7.020911896439119,0.0,1.0,False,True,kept,2735,0.4709022038567493,2735,lagged_forecast_error,lagged_forecast_error,wind_offshore_id_forecast_error_mw,True,kept,wind_offshore_id_forecast_error_mw_rolling_median_28d_same_local_qh,0.3861821587175553,0.0810734912105182,lagged_forecast_error,lagged_forecast_error,wind_offshore_id_forecast_error_mw,lagged_forecast_error,lagged_forecast_error,wind_offshore_id_forecast_error_mw,False,elasticnet_coefficients
wind_offshore_id_forecast_error_mw_lag_1d_same_local_qh,0.1111111111111111,0.0,1.0,0.0,0.7869256142989826,0.0,7.082330528690843,0.0,1.0,False,True,kept,2495,0.42957988980716255,2495,lagged_forecast_error,lagged_forecast_error,wind_offshore_id_forecast_error_mw,True,kept,wind_offshore_da_forecast_error_mw_lag_1d_same_local_qh,0.8811608135549216,0.01858317168116927,lagged_forecast_error,lagged_forecast_error,wind_offshore_id_forecast_error_mw,lagged_forecast_error,lagged_forecast_error,wind_offshore_id_forecast_error_mw,False,elasticnet_coefficients
wind_offshore_id_forecast_error_mw_lag_2d_same_local_qh,0.1111111111111111,0.0,1.0,0.0,0.1924162717654393,0.0,1.7317464458889535,0.0,1.0,False,True,kept,2736,0.47107438016528924,2736,lagged_forecast_error,lagged_forecast_error,wind_offshore_id_forecast_error_mw,True,kept,wind_offshore_da_forecast_error_mw_rolling_mean_3d_same_local_qh,0.7365706453132346,0.018742718054273442,lagged_forecast_error,lagged_forecast_error,wind_offshore_id_forecast_error_mw,lagged_forecast_error,lagged_forecast_error,wind_offshore_id_forecast_error_mw,False,elasticnet_coefficients
wind_offshore_id_forecast_error_mw_lag_7d_same_local_qh,0.1111111111111111,0.0,1.0,0.0,0.1534716634453278,0.0,1.3812449710079504,0.0,1.0,False,True,kept,2831,0.487431129476584,2831,lagged_forecast_error,lagged_forecast_error,wind_offshore_id_forecast_error_mw,True,kept,wind_offshore_da_forecast_error_mw_lag_7d_same_local_qh,0.8719691977078651,0.01898381521525362,lagged_forecast_error,lagged_forecast_error,wind_offshore_id_forecast_error_mw,lagged_forecast_error,lagged_forecast_error,wind_offshore_id_forecast_error_mw,False,elasticnet_coefficients
wind_offshore_id_forecast_error_mw_rolling_median_14d_same_local_qh,0.0,0.0,0.0,0.0,0.0,0.0,0.0,0.0,,False,True,kept,4704,0.8099173553719008,3002,lagged_forecast_error,lagged_forecast_error,wind_offshore_id_forecast_error_mw,True,kept,wind_offshore_da_forecast_error_mw_rolling_median_14d_same_local_qh,0.8857701687268624,0.11787021417500333,lagged_forecast_error,lagged_forecast_error,wind_offshore_id_forecast_error_mw,lagged_forecast_error,lagged_forecast_error,wind_offshore_id_forecast_error_mw,False,elasticnet_coefficients
wind_offshore_id_forecast_error_mw_rolling_median_28d_same_local_qh,0.1111111111111111,0.0,1.0,0.0,0.17065950330299087,0.0,1.535935529726918,0.0,1.0,False,True,kept,4896,0.8429752066115702,2489,lagged_forecast_error,lagged_forecast_error,wind_offshore_id_forecast_error_mw,True,kept,wind_offshore_da_forecast_error_mw_rolling_mean_28d_same_local_qh,0.8466366177858259,0.10724095374784243,lagged_forecast_error,lagged_forecast_error,wind_offshore_id_forecast_error_mw,lagged_forecast_error,lagged_forecast_error,wind_offshore_id_forecast_error_mw,False,elasticnet_coefficients
wind_offshore_id_forecast_error_mw_rolling_median_7d_same_local_qh,0.1111111111111111,0.0,1.0,0.0,0.13099540112917904,0.0,1.1789586101626113,0.0,1.0,False,True,kept,4416,0.7603305785123967,3365,lagged_forecast_error,lagged_forecast_error,wind_offshore_id_forecast_error_mw,True,kept,wind_offshore_da_forecast_error_mw_rolling_median_7d_same_local_qh,0.8807239949087243,0.11269541391145885,lagged_forecast_error,lagged_forecast_error,wind_offshore_id_forecast_error_mw,lagged_forecast_error,lagged_forecast_error,wind_offshore_id_forecast_error_mw,False,elasticnet_coefficients
wind_offshore_id_forecast_error_mw_rolling_std_7d_same_local_qh,0.1111111111111111,0.0,1.0,0.0,0.17727300345892902,0.0,1.595457031130361,0.0,1.0,False,True,kept,4416,0.7603305785123967,3984,lagged_forecast_error,lagged_forecast_error,wind_offshore_id_forecast_error_mw,True,kept,wind_offshore_id_forecast_error_mw_rolling_std_28d_same_local_qh,0.4209720466301988,0.10680483509470061,lagged_forecast_error,lagged_forecast_error,wind_offshore_id_forecast_error_mw,lagged_forecast_error,lagged_forecast_error,wind_offshore_id_forecast_error_mw,False,elasticnet_coefficients
wind_onshore_da_forecast_error_mw_lag_14d_same_local_qh,0.1111111111111111,0.0,1.0,0.0,0.17762967724778872,0.0,1.5986670952300985,0.0,1.0,False,True,kept,2736,0.47107438016528924,2736,lagged_forecast_error,lagged_forecast_error,wind_onshore_da_forecast_error_mw,True,kept,wind_onshore_id_forecast_error_mw_lag_14d_same_local_qh,0.7882738296059727,0.03705888597541242,lagged_forecast_error,lagged_forecast_error,wind_onshore_da_forecast_error_mw,lagged_forecast_error,lagged_forecast_error,wind_onshore_da_forecast_error_mw,False,elasticnet_coefficients
wind_onshore_da_forecast_error_mw_lag_1d_same_local_qh,0.1111111111111111,0.0,1.0,0.0,0.8843312417994016,0.0,7.958981176194614,0.0,1.0,False,True,kept,2496,0.4297520661157025,2496,lagged_forecast_error,lagged_forecast_error,wind_onshore_da_forecast_error_mw,True,kept,wind_onshore_id_forecast_error_mw_lag_1d_same_local_qh,0.8263587956542148,0.034852192470343435,lagged_forecast_error,lagged_forecast_error,wind_onshore_da_forecast_error_mw,lagged_forecast_error,lagged_forecast_error,wind_onshore_da_forecast_error_mw,False,elasticnet_coefficients
wind_onshore_da_forecast_error_mw_lag_7d_same_local_qh,0.1111111111111111,0.0,1.0,0.0,0.6275168891240438,0.0,5.647652002116394,0.0,1.0,False,True,kept,2832,0.48760330578512395,2832,lagged_forecast_error,lagged_forecast_error,wind_onshore_da_forecast_error_mw,True,kept,wind_onshore_da_forecast_error_mw_rolling_median_7d_same_local_qh,0.4557831210294597,0.052060443892112285,lagged_forecast_error,lagged_forecast_error,wind_onshore_da_forecast_error_mw,lagged_forecast_error,lagged_forecast_error,wind_onshore_da_forecast_error_mw,False,elasticnet_coefficients
wind_onshore_da_forecast_error_mw_rolling_mean_28d_same_local_qh,0.0,0.0,0.0,0.0,0.0,0.0,0.0,0.0,,False,True,kept,4896,0.8429752066115702,4176,lagged_forecast_error,lagged_forecast_error,wind_onshore_da_forecast_error_mw,True,kept,wind_onshore_id_forecast_error_mw_rolling_std_28d_same_local_qh,0.3925569511146168,0.21254704763731047,lagged_forecast_error,lagged_forecast_error,wind_onshore_da_forecast_error_mw,lagged_forecast_error,lagged_forecast_error,wind_onshore_da_forecast_error_mw,False,elasticnet_coefficients
wind_onshore_da_forecast_error_mw_rolling_median_14d_same_local_qh,0.0,0.0,0.0,0.0,0.0,0.0,0.0,0.0,,False,True,kept,4704,0.8099173553719008,3095,lagged_forecast_error,lagged_forecast_error,wind_onshore_da_forecast_error_mw,True,kept,wind_onshore_da_forecast_error_mw_rolling_mean_14d_same_local_qh,0.7805024468427217,0.02983173134946902,lagged_forecast_error,lagged_forecast_error,wind_onshore_da_forecast_error_mw,lagged_forecast_error,lagged_forecast_error,wind_onshore_da_forecast_error_mw,False,elasticnet_coefficients
wind_onshore_da_forecast_error_mw_rolling_median_7d_same_local_qh,0.1111111111111111,0.0,1.0,0.0,0.18390763190081608,0.0,1.6551686871073448,0.0,1.0,False,True,kept,4416,0.7603305785123967,3334,lagged_forecast_error,lagged_forecast_error,wind_onshore_da_forecast_error_mw,True,kept,wind_onshore_da_forecast_error_mw_rolling_mean_7d_same_local_qh,0.8370630709905936,0.11900968546295605,lagged_forecast_error,lagged_forecast_error,wind_onshore_da_forecast_error_mw,lagged_forecast_error,lagged_forecast_error,wind_onshore_da_forecast_error_mw,False,elasticnet_coefficients
wind_onshore_da_forecast_error_mw_rolling_std_14d_same_local_qh,0.1111111111111111,0.0,1.0,0.0,0.19562864532931246,0.0,1.760657807963812,0.0,1.0,False,True,kept,4704,0.8099173553719008,4176,lagged_forecast_error,lagged_forecast_error,wind_onshore_da_forecast_error_mw,True,kept,wind_onshore_id_forecast_error_mw_rolling_std_14d_same_local_qh,0.7129796407306012,0.0238122931297799,lagged_forecast_error,lagged_forecast_error,wind_onshore_da_forecast_error_mw,lagged_forecast_error,lagged_forecast_error,wind_onshore_da_forecast_error_mw,False,elasticnet_coefficients
wind_onshore_da_forecast_error_mw_rolling_std_7d_same_local_qh,0.0,0.0,0.0,0.0,0.0,0.0,0.0,0.0,,False,True,kept,4416,0.7603305785123967,3984,lagged_forecast_error,lagged_forecast_error,wind_onshore_da_forecast_error_mw,True,kept,wind_onshore_id_forecast_error_mw_rolling_std_14d_same_local_qh,0.38562472011755045,0.11373153626159396,lagged_forecast_error,lagged_forecast_error,wind_onshore_da_forecast_error_mw,lagged_forecast_error,lagged_forecast_error,wind_onshore_da_forecast_error_mw,False,elasticnet_coefficients
wind_onshore_forecast_da_mw_lag_14d_same_local_qh,0.1111111111111111,0.0,1.0,0.0,0.559798845474869,0.0,5.038189609273822,0.0,1.0,False,True,kept,5472,0.9421487603305785,5472,da_forecast,forecast_level,wind_onshore_forecast_da_mw,True,kept,renewable_total_forecast_da_mw_lag_14d_same_local_qh,0.5022286353961364,0.12285998015641748,da_forecast,forecast_level,wind_onshore_forecast_da_mw,da_forecast,forecast_level,wind_onshore_forecast_da_mw,False,elasticnet_coefficients
wind_onshore_forecast_da_mw_lag_7d_same_local_qh,0.1111111111111111,0.0,1.0,0.0,0.07002131957670282,0.0,0.6301918761903254,0.0,1.0,False,True,kept,5664,0.9752066115702479,5664,da_forecast,forecast_level,wind_onshore_forecast_da_mw,True,kept,total_generation_forecast_da_mw_lag_7d_same_local_qh,0.4979792237267483,0.10117865166067513,da_forecast,forecast_level,wind_onshore_forecast_da_mw,da_forecast,forecast_level,wind_onshore_forecast_da_mw,False,elasticnet_coefficients
wind_onshore_id_forecast_error_mw_lag_7d_same_local_qh,0.1111111111111111,0.0,1.0,0.0,0.5146935633646433,0.0,4.63224207028179,0.0,1.0,False,True,kept,2832,0.48760330578512395,2832,lagged_forecast_error,lagged_forecast_error,wind_onshore_id_forecast_error_mw,True,kept,wind_onshore_da_forecast_error_mw_lag_7d_same_local_qh,0.8052777530973466,0.043738756408131685,lagged_forecast_error,lagged_forecast_error,wind_onshore_id_forecast_error_mw,lagged_forecast_error,lagged_forecast_error,wind_onshore_id_forecast_error_mw,False,elasticnet_coefficients
wind_onshore_id_forecast_error_mw_rolling_mean_14d_same_local_qh,0.1111111111111111,0.0,1.0,0.0,0.04877805378712968,0.0,0.43900248408416714,0.0,1.0,False,True,kept,4704,0.8099173553719008,4176,lagged_forecast_error,lagged_forecast_error,wind_onshore_id_forecast_error_mw,True,kept,wind_onshore_da_forecast_error_mw_rolling_mean_14d_same_local_qh,0.8854185003982583,0.04695002182115588,lagged_forecast_error,lagged_forecast_error,wind_onshore_id_forecast_error_mw,lagged_forecast_error,lagged_forecast_error,wind_onshore_id_forecast_error_mw,False,elasticnet_coefficients
wind_onshore_id_forecast_error_mw_rolling_mean_28d_same_local_qh,0.1111111111111111,0.0,1.0,0.0,0.2946346078072106,0.0,2.6517114702648956,0.0,1.0,False,True,kept,4896,0.8429752066115702,4176,lagged_forecast_error,lagged_forecast_error,wind_onshore_id_forecast_error_mw,True,kept,wind_onshore_da_forecast_error_mw_rolling_mean_28d_same_local_qh,0.9136374499656139,0.15561246766492426,lagged_forecast_error,lagged_forecast_error,wind_onshore_id_forecast_error_mw,lagged_forecast_error,lagged_forecast_error,wind_onshore_id_forecast_error_mw,False,elasticnet_coefficients
wind_onshore_id_forecast_error_mw_rolling_median_14d_same_local_qh,0.1111111111111111,0.0,1.0,0.0,0.1691978700509897,0.0,1.5227808304589074,0.0,1.0,False,True,kept,4704,0.8099173553719008,3050,lagged_forecast_error,lagged_forecast_error,wind_onshore_id_forecast_error_mw,True,kept,wind_onshore_da_forecast_error_mw_rolling_mean_7d_same_local_qh,0.5194138270733607,0.1112841459776108,lagged_forecast_error,lagged_forecast_error,wind_onshore_id_forecast_error_mw,lagged_forecast_error,lagged_forecast_error,wind_onshore_id_forecast_error_mw,False,elasticnet_coefficients
wind_onshore_id_forecast_error_mw_rolling_median_28d_same_local_qh,0.1111111111111111,0.0,1.0,0.0,0.12217295298365644,0.0,1.0995565768529079,0.0,1.0,False,True,kept,4896,0.8429752066115702,2510,lagged_forecast_error,lagged_forecast_error,wind_onshore_id_forecast_error_mw,True,kept,wind_onshore_da_forecast_error_mw_rolling_median_28d_same_local_qh,0.7862531089072242,0.06311356570328677,lagged_forecast_error,lagged_forecast_error,wind_onshore_id_forecast_error_mw,lagged_forecast_error,lagged_forecast_error,wind_onshore_id_forecast_error_mw,False,elasticnet_coefficients
wind_onshore_id_forecast_error_mw_rolling_median_3d_same_local_qh,0.1111111111111111,0.0,1.0,0.0,0.00973715608608903,0.0,0.08763440477480128,0.0,1.0,False,True,kept,2736,0.47107438016528924,2580,lagged_forecast_error,lagged_forecast_error,wind_onshore_id_forecast_error_mw,True,kept,wind_onshore_da_forecast_error_mw_rolling_mean_3d_same_local_qh,0.8129861160030972,0.03310535000897311,lagged_forecast_error,lagged_forecast_error,wind_onshore_id_forecast_error_mw,lagged_forecast_error,lagged_forecast_error,wind_onshore_id_forecast_error_mw,False,elasticnet_coefficients
wind_onshore_id_forecast_error_mw_rolling_median_7d_same_local_qh,0.1111111111111111,0.0,1.0,0.0,0.034508819733023006,0.0,0.31057937759720705,0.0,1.0,False,True,kept,4416,0.7603305785123967,3269,lagged_forecast_error,lagged_forecast_error,wind_onshore_id_forecast_error_mw,True,kept,wind_onshore_id_forecast_error_mw_rolling_mean_7d_same_local_qh,0.8222510353727219,0.00022880892064539458,lagged_forecast_error,lagged_forecast_error,wind_onshore_id_forecast_error_mw,lagged_forecast_error,lagged_forecast_error,wind_onshore_id_forecast_error_mw,False,elasticnet_coefficients
wind_onshore_id_forecast_error_mw_rolling_std_14d_same_local_qh,0.1111111111111111,0.0,1.0,0.0,0.217648938231506,0.0,1.9588404440835538,0.0,1.0,False,True,kept,4704,0.8099173553719008,4176,lagged_forecast_error,lagged_forecast_error,wind_onshore_id_forecast_error_mw,True,kept,wind_onshore_id_forecast_error_mw_rolling_std_28d_same_local_qh,0.6754883858968145,0.20393168419924984,lagged_forecast_error,lagged_forecast_error,wind_onshore_id_forecast_error_mw,lagged_forecast_error,lagged_forecast_error,wind_onshore_id_forecast_error_mw,False,elasticnet_coefficients
wind_onshore_id_forecast_error_mw_rolling_std_28d_same_local_qh,0.1111111111111111,0.0,1.0,0.0,0.5940340244810413,0.0,5.346306220329371,0.0,1.0,False,True,kept,4896,0.8429752066115702,4176,lagged_forecast_error,lagged_forecast_error,wind_onshore_id_forecast_error_mw,True,kept,solar_da_forecast_error_mw_rolling_std_14d_same_local_qh,0.5677837794895815,0.3073737831566287,lagged_forecast_error,lagged_forecast_error,wind_onshore_id_forecast_error_mw,lagged_forecast_error,lagged_forecast_error,wind_onshore_id_forecast_error_mw,False,elasticnet_coefficients
wind_onshore_id_forecast_error_mw_rolling_std_3d_same_local_qh,0.1111111111111111,0.0,1.0,0.0,0.18102960561452275,0.0,1.6292664505307046,0.0,1.0,False,True,kept,2736,0.47107438016528924,2640,lagged_forecast_error,lagged_forecast_error,wind_onshore_id_forecast_error_mw,True,kept,wind_onshore_id_forecast_error_mw_rolling_std_7d_same_local_qh,0.5265058825212039,0.02569231166038216,lagged_forecast_error,lagged_forecast_error,wind_onshore_id_forecast_error_mw,lagged_forecast_error,lagged_forecast_error,wind_onshore_id_forecast_error_mw,False,elasticnet_coefficients
wind_onshore_id_forecast_error_mw_rolling_std_7d_same_local_qh,0.1111111111111111,0.0,1.0,0.0,0.10643999018665358,0.0,0.9579599116798823,0.0,1.0,False,True,kept,4416,0.7603305785123967,3984,lagged_forecast_error,lagged_forecast_error,wind_onshore_id_forecast_error_mw,True,kept,wind_onshore_da_forecast_error_mw_rolling_std_7d_same_local_qh,0.6963207166736668,0.08728789866125183,lagged_forecast_error,lagged_forecast_error,wind_onshore_id_forecast_error_mw,lagged_forecast_error,lagged_forecast_error,wind_onshore_id_forecast_error_mw,False,elasticnet_coefficients
wind_total_forecast_revision_id_minus_da_mw_lag_1d_same_local_qh,0.1111111111111111,0.0,1.0,0.0,0.46799950196970996,0.0,4.21199551772739,0.0,1.0,False,True,kept,5808,1.0,5808,forecast_revision,forecast_revision,wind_total_forecast_revision_id_minus_da_mw,True,kept,renewable_total_forecast_revision_id_minus_da_mw_lag_1d_same_local_qh,0.8891282041124209,0.050964618393476255,forecast_revision,forecast_revision,wind_total_forecast_revision_id_minus_da_mw,forecast_revision,forecast_revision,wind_total_forecast_revision_id_minus_da_mw,False,elasticnet_coefficients
wind_total_forecast_revision_id_minus_da_mw_lag_2d_same_local_qh,0.0,0.0,0.0,0.0,0.0,0.0,0.0,0.0,,False,True,kept,5760,0.9917355371900827,5760,forecast_revision,forecast_revision,wind_total_forecast_revision_id_minus_da_mw,True,kept,renewable_total_forecast_revision_id_minus_da_mw_lag_2d_same_local_qh,0.8848687724509539,0.07433857862091192,forecast_revision,forecast_revision,wind_total_forecast_revision_id_minus_da_mw,forecast_revision,forecast_revision,wind_total_forecast_revision_id_minus_da_mw,False,elasticnet_coefficients
wind_total_forecast_revision_id_minus_da_mw_regime_abs_median_28d_over_vol,0.1111111111111111,0.0,1.0,0.0,0.06507996385800537,0.0,0.5857196747220483,0.0,1.0,False,True,kept,5808,1.0,5808,regime_level,regime,wind_total_forecast_revision_id_minus_da_mw,True,kept,renewable_total_forecast_revision_id_minus_da_mw_regime_abs_median_28d_over_vol,0.5482467492132215,0.043487759720425616,regime_level,regime,wind_total_forecast_revision_id_minus_da_mw,regime_level,regime,wind_total_forecast_revision_id_minus_da_mw,False,elasticnet_coefficients
wind_total_forecast_revision_id_minus_da_mw_regime_vol_28d,0.0,0.0,0.0,0.0,0.0,0.0,0.0,0.0,,False,True,kept,5808,1.0,5808,regime_volatility,regime,wind_total_forecast_revision_id_minus_da_mw,True,kept,renewable_total_forecast_revision_id_minus_da_mw_regime_vol_28d,0.8046293704208212,0.02469266330733128,regime_volatility,regime,wind_total_forecast_revision_id_minus_da_mw,regime_volatility,regime,wind_total_forecast_revision_id_minus_da_mw,False,elasticnet_coefficients
wind_total_forecast_revision_id_minus_da_mw_rolling_mean_14d_same_local_qh,0.1111111111111111,0.0,1.0,0.0,0.02054043010142745,0.0,0.18486387091284706,0.0,1.0,False,True,kept,5808,1.0,5808,forecast_revision,forecast_revision,wind_total_forecast_revision_id_minus_da_mw,True,kept,renewable_total_forecast_revision_id_minus_da_mw_rolling_mean_14d_same_local_qh,0.8419957891894853,0.037651197546770425,forecast_revision,forecast_revision,wind_total_forecast_revision_id_minus_da_mw,forecast_revision,forecast_revision,wind_total_forecast_revision_id_minus_da_mw,False,elasticnet_coefficients
wind_total_forecast_revision_id_minus_da_mw_rolling_mean_28d_same_local_qh,0.1111111111111111,0.0,1.0,0.0,0.0443201915825915,0.0,0.39888172424332347,0.0,1.0,False,True,kept,5808,1.0,5808,forecast_revision,forecast_revision,wind_total_forecast_revision_id_minus_da_mw,True,kept,renewable_total_forecast_revision_id_minus_da_mw_rolling_mean_28d_same_local_qh,0.7388721983829828,0.09143271886306603,forecast_revision,forecast_revision,wind_total_forecast_revision_id_minus_da_mw,forecast_revision,forecast_revision,wind_total_forecast_revision_id_minus_da_mw,False,elasticnet_coefficients
wind_total_forecast_revision_id_minus_da_mw_rolling_median_14d_same_local_qh,0.1111111111111111,0.0,1.0,0.0,0.12824282235323922,0.0,1.154185401179153,0.0,1.0,False,True,kept,5808,1.0,3579,forecast_revision,forecast_revision,wind_total_forecast_revision_id_minus_da_mw,True,kept,renewable_total_forecast_revision_id_minus_da_mw_rolling_median_14d_same_local_qh,0.7727749264462034,0.08636794130016083,forecast_revision,forecast_revision,wind_total_forecast_revision_id_minus_da_mw,forecast_revision,forecast_revision,wind_total_forecast_revision_id_minus_da_mw,False,elasticnet_coefficients
wind_total_forecast_revision_id_minus_da_mw_rolling_median_3d_same_local_qh,0.1111111111111111,0.0,1.0,0.0,0.2655462901048226,0.0,2.3899166109434034,0.0,1.0,False,True,kept,5808,1.0,4245,forecast_revision,forecast_revision,wind_total_forecast_revision_id_minus_da_mw,True,kept,renewable_total_forecast_revision_id_minus_da_mw_rolling_median_3d_same_local_qh,0.8220324878509839,0.04084109805327401,forecast_revision,forecast_revision,wind_total_forecast_revision_id_minus_da_mw,forecast_revision,forecast_revision,wind_total_forecast_revision_id_minus_da_mw,False,elasticnet_coefficients
wind_total_forecast_revision_id_minus_da_mw_rolling_std_14d_same_local_qh,0.1111111111111111,0.0,1.0,0.0,0.11143461362447366,0.0,1.002911522620263,0.0,1.0,False,True,kept,5808,1.0,5808,forecast_revision,forecast_revision,wind_total_forecast_revision_id_minus_da_mw,True,kept,renewable_total_forecast_revision_id_minus_da_mw_rolling_std_14d_same_local_qh,0.8213433878195493,0.03313731867998193,forecast_revision,forecast_revision,wind_total_forecast_revision_id_minus_da_mw,forecast_revision,forecast_revision,wind_total_forecast_revision_id_minus_da_mw,False,elasticnet_coefficients
wind_total_forecast_revision_id_minus_da_mw_rolling_std_28d_same_local_qh,0.0,0.0,0.0,0.0,0.0,0.0,0.0,0.0,,False,True,kept,5808,1.0,5808,forecast_revision,forecast_revision,wind_total_forecast_revision_id_minus_da_mw,True,kept,renewable_total_forecast_revision_id_minus_da_mw_rolling_std_28d_same_local_qh,0.8046293704208212,0.02469266330733128,forecast_revision,forecast_revision,wind_total_forecast_revision_id_minus_da_mw,forecast_revision,forecast_revision,wind_total_forecast_revision_id_minus_da_mw,False,elasticnet_coefficients
wind_total_forecast_revision_id_minus_da_mw_rolling_std_3d_same_local_qh,0.1111111111111111,0.0,1.0,0.0,0.1819002891700885,0.0,1.6371026025307964,0.0,1.0,False,True,kept,5808,1.0,5808,forecast_revision,forecast_revision,wind_total_forecast_revision_id_minus_da_mw,True,kept,renewable_total_forecast_revision_id_minus_da_mw_rolling_std_3d_same_local_qh,0.8402125039665349,0.01798056325885191,forecast_revision,forecast_revision,wind_total_forecast_revision_id_minus_da_mw,forecast_revision,forecast_revision,wind_total_forecast_revision_id_minus_da_mw,False,elasticnet_coefficients
da_price_eur_mwh_rolling_mean_14d_same_local_qh,,,,,,,,,,False,True,kept,5808,1.0,5740,da_price,market_history,da_price_eur_mwh,False,too_correlated_with_kept_feature,ida3_price_eur_mwh_rolling_median_14d_same_local_qh,0.923476782311246,0.6435390570229962,da_price,market_history,da_price_eur_mwh,da_price,market_history,da_price_eur_mwh,False,elasticnet_coefficients
da_price_eur_mwh_rolling_mean_28d_same_local_qh,,,,,,,,,,False,True,kept,5808,1.0,5777,da_price,market_history,da_price_eur_mwh,False,too_correlated_with_kept_feature,da_price_eur_mwh_rolling_median_28d_same_local_qh,0.9588969157671309,0.601910551005983,da_price,market_history,da_price_eur_mwh,da_price,market_history,da_price_eur_mwh,False,elasticnet_coefficients
da_price_eur_mwh_rolling_mean_7d_same_local_qh,,,,,,,,,,False,True,kept,5808,1.0,5691,da_price,market_history,da_price_eur_mwh,False,too_correlated_with_kept_feature,ida3_price_eur_mwh_rolling_mean_7d_same_local_qh,0.9210452739968771,0.6376810287294922,da_price,market_history,da_price_eur_mwh,da_price,market_history,da_price_eur_mwh,False,elasticnet_coefficients
da_price_eur_mwh_rolling_median_14d_same_local_qh,,,,,,,,,,False,True,kept,5808,1.0,2857,da_price,market_history,da_price_eur_mwh,False,too_correlated_with_kept_feature,ida3_price_eur_mwh_rolling_median_14d_same_local_qh,0.9533474555231856,0.6529178006145969,da_price,market_history,da_price_eur_mwh,da_price,market_history,da_price_eur_mwh,False,elasticnet_coefficients
da_price_eur_mwh_rolling_median_3d_same_local_qh,,,,,,,,,,False,True,kept,5808,1.0,2560,da_price,market_history,da_price_eur_mwh,False,too_correlated_with_kept_feature,da_price_eur_mwh_rolling_mean_3d_same_local_qh,0.970600170881607,0.6268891968006024,da_price,market_history,da_price_eur_mwh,da_price,market_history,da_price_eur_mwh,False,elasticnet_coefficients
da_price_eur_mwh_rolling_median_7d_same_local_qh,,,,,,,,,,False,True,kept,5808,1.0,2142,da_price,market_history,da_price_eur_mwh,False,too_correlated_with_kept_feature,ida3_price_eur_mwh_rolling_median_14d_same_local_qh,0.9297605714567154,0.653388925369698,da_price,market_history,da_price_eur_mwh,da_price,market_history,da_price_eur_mwh,False,elasticnet_coefficients
ida3_minus_da_spread_eur_mwh_rolling_mean_3d_same_local_qh,,,,,,,,,,False,True,kept,3312,0.5702479338842975,3238,ida3_history,market_history,ida3_minus_da_spread_eur_mwh,False,too_correlated_with_kept_feature,ida3_minus_da_spread_eur_mwh_rolling_median_3d_same_local_qh,0.9416332890079332,0.03228826270543563,ida3_history,market_history,ida3_minus_da_spread_eur_mwh,ida3_history,market_history,ida3_minus_da_spread_eur_mwh,False,elasticnet_coefficients
ida3_price_eur_mwh_rolling_mean_14d_same_local_qh,,,,,,,,,,False,True,kept,5568,0.9586776859504132,5533,ida3_history,market_history,ida3_price_eur_mwh,False,too_correlated_with_kept_feature,ida3_price_eur_mwh_rolling_median_14d_same_local_qh,0.9398876379049368,0.6799851533637178,ida3_history,market_history,ida3_price_eur_mwh,ida3_history,market_history,ida3_price_eur_mwh,False,elasticnet_coefficients
ida3_price_eur_mwh_rolling_mean_28d_same_local_qh,,,,,,,,,,False,True,kept,5328,0.9173553719008265,5318,ida3_history,market_history,ida3_price_eur_mwh,False,too_correlated_with_kept_feature,ida3_price_eur_mwh_rolling_median_14d_same_local_qh,0.9220681192397416,0.6812057194971713,ida3_history,market_history,ida3_price_eur_mwh,ida3_history,market_history,ida3_price_eur_mwh,False,elasticnet_coefficients
ida3_price_eur_mwh_rolling_median_28d_same_local_qh,,,,,,,,,,False,True,kept,5328,0.9173553719008265,2809,ida3_history,market_history,ida3_price_eur_mwh,False,too_correlated_with_kept_feature,ida3_price_eur_mwh_rolling_median_14d_same_local_qh,0.9343797228009942,0.6726829662478501,ida3_history,market_history,ida3_price_eur_mwh,ida3_history,market_history,ida3_price_eur_mwh,False,elasticnet_coefficients
ida3_price_eur_mwh_rolling_median_3d_same_local_qh,,,,,,,,,,False,True,kept,3312,0.5702479338842975,2930,ida3_history,market_history,ida3_price_eur_mwh,False,too_correlated_with_kept_feature,ida3_price_eur_mwh_rolling_mean_3d_same_local_qh,0.98255028997082,0.6175626674706521,ida3_history,market_history,ida3_price_eur_mwh,ida3_history,market_history,ida3_price_eur_mwh,False,elasticnet_coefficients
ida3_price_eur_mwh_rolling_median_7d_same_local_qh,,,,,,,,,,False,True,kept,5376,0.9256198347107438,3594,ida3_history,market_history,ida3_price_eur_mwh,False,too_correlated_with_kept_feature,ida3_price_eur_mwh_rolling_mean_7d_same_local_qh,0.9379255345872084,0.627512530440984,ida3_history,market_history,ida3_price_eur_mwh,ida3_history,market_history,ida3_price_eur_mwh,False,elasticnet_coefficients
load_da_forecast_error_mw_rolling_mean_3d_same_local_qh,,,,,,,,,,False,True,kept,2736,0.47107438016528924,2640,lagged_forecast_error,lagged_forecast_error,load_da_forecast_error_mw,False,too_correlated_with_kept_feature,load_da_forecast_error_mw_rolling_median_3d_same_local_qh,0.9916843049990788,0.1803165959625657,lagged_forecast_error,lagged_forecast_error,load_da_forecast_error_mw,lagged_forecast_error,lagged_forecast_error,load_da_forecast_error_mw,False,elasticnet_coefficients
load_da_forecast_error_mw_rolling_median_14d_same_local_qh,,,,,,,,,,False,True,kept,4704,0.8099173553719008,3090,lagged_forecast_error,lagged_forecast_error,load_da_forecast_error_mw,False,too_correlated_with_kept_feature,load_da_forecast_error_mw_rolling_mean_14d_same_local_qh,0.950591528853807,0.23291229690909382,lagged_forecast_error,lagged_forecast_error,load_da_forecast_error_mw,lagged_forecast_error,lagged_forecast_error,load_da_forecast_error_mw,False,elasticnet_coefficients
load_da_forecast_error_mw_rolling_median_28d_same_local_qh,,,,,,,,,,False,True,kept,4896,0.8429752066115702,2821,lagged_forecast_error,lagged_forecast_error,load_da_forecast_error_mw,False,too_correlated_with_kept_feature,load_da_forecast_error_mw_rolling_mean_28d_same_local_qh,0.9656438637627323,0.18022044395507483,lagged_forecast_error,lagged_forecast_error,load_da_forecast_error_mw,lagged_forecast_error,lagged_forecast_error,load_da_forecast_error_mw,False,elasticnet_coefficients
load_da_forecast_error_mw_rolling_median_7d_same_local_qh,,,,,,,,,,False,True,kept,4416,0.7603305785123967,3362,lagged_forecast_error,lagged_forecast_error,load_da_forecast_error_mw,False,too_correlated_with_kept_feature,load_da_forecast_error_mw_rolling_mean_7d_same_local_qh,0.9449833509259364,0.17670568400653822,lagged_forecast_error,lagged_forecast_error,load_da_forecast_error_mw,lagged_forecast_error,lagged_forecast_error,load_da_forecast_error_mw,False,elasticnet_coefficients
quarter_cos,,,,,,,,,,False,True,kept,5808,1.0,48,calendar,calendar,quarter_cos,False,too_correlated_with_kept_feature,hour_cos,0.9967380580697666,0.32983025175821395,calendar,calendar,quarter_cos,calendar,calendar,quarter_cos,False,elasticnet_coefficients
quarter_sin,,,,,,,,,,False,True,kept,5808,1.0,48,calendar,calendar,quarter_sin,False,too_correlated_with_kept_feature,hour_sin,0.9361844784929758,0.3283197161895405,calendar,calendar,quarter_sin,calendar,calendar,quarter_sin,False,elasticnet_coefficients
renewable_total_forecast_da_mw,,,,,,,,,,False,True,kept,5808,1.0,5808,da_forecast,forecast_level,renewable_total_forecast_da_mw,False,too_correlated_with_kept_feature,renewable_total_forecast_id_mw,0.9955591352372128,0.7559653369156601,da_forecast,forecast_level,renewable_total_forecast_da_mw,da_forecast,forecast_level,renewable_total_forecast_da_mw,False,elasticnet_coefficients
renewable_total_forecast_id_mw_lag_14d_same_local_qh,,,,,,,,,,False,True,kept,5472,0.9421487603305785,5472,id_forecast,forecast_level,renewable_total_forecast_id_mw,False,too_correlated_with_kept_feature,renewable_total_forecast_da_mw_lag_14d_same_local_qh,0.994236949746525,0.3876531559731612,id_forecast,forecast_level,renewable_total_forecast_id_mw,id_forecast,forecast_level,renewable_total_forecast_id_mw,False,elasticnet_coefficients
renewable_total_forecast_id_mw_lag_1d_same_local_qh,,,,,,,,,,False,True,kept,5808,1.0,5808,id_forecast,forecast_level,renewable_total_forecast_id_mw,False,too_correlated_with_kept_feature,renewable_total_forecast_da_mw_lag_1d_same_local_qh,0.9950639316025959,0.5103739521472199,id_forecast,forecast_level,renewable_total_forecast_id_mw,id_forecast,forecast_level,renewable_total_forecast_id_mw,False,elasticnet_coefficients
renewable_total_forecast_id_mw_lag_2d_same_local_qh,,,,,,,,,,False,True,kept,5760,0.9917355371900827,5760,id_forecast,forecast_level,renewable_total_forecast_id_mw,False,too_correlated_with_kept_feature,renewable_total_forecast_da_mw_lag_2d_same_local_qh,0.9952727746990772,0.4164948583600285,id_forecast,forecast_level,renewable_total_forecast_id_mw,id_forecast,forecast_level,renewable_total_forecast_id_mw,False,elasticnet_coefficients
renewable_total_forecast_id_mw_lag_7d_same_local_qh,,,,,,,,,,False,True,kept,5664,0.9752066115702479,5664,id_forecast,forecast_level,renewable_total_forecast_id_mw,False,too_correlated_with_kept_feature,renewable_total_forecast_da_mw_lag_7d_same_local_qh,0.9961513841065569,0.40518272924351156,id_forecast,forecast_level,renewable_total_forecast_id_mw,id_forecast,forecast_level,renewable_total_forecast_id_mw,False,elasticnet_coefficients
residual_load_forecast_da_mw,,,,,,,,,,False,True,kept,5808,1.0,5808,da_forecast,forecast_level,residual_load_forecast_da_mw,False,too_correlated_with_kept_feature,residual_load_forecast_id_approx_mw,0.996136284368076,0.7578311209082719,da_forecast,forecast_level,residual_load_forecast_da_mw,da_forecast,forecast_level,residual_load_forecast_da_mw,False,elasticnet_coefficients
residual_load_forecast_id_approx_mw_lag_14d_same_local_qh,,,,,,,,,,False,True,kept,5472,0.9421487603305785,5472,id_forecast,forecast_level,residual_load_forecast_id_approx_mw,False,too_correlated_with_kept_feature,residual_load_forecast_da_mw_lag_14d_same_local_qh,0.9944051132366967,0.38579004251897275,id_forecast,forecast_level,residual_load_forecast_id_approx_mw,id_forecast,forecast_level,residual_load_forecast_id_approx_mw,False,elasticnet_coefficients
residual_load_forecast_id_approx_mw_lag_1d_same_local_qh,,,,,,,,,,False,True,kept,5808,1.0,5808,id_forecast,forecast_level,residual_load_forecast_id_approx_mw,False,too_correlated_with_kept_feature,residual_load_forecast_da_mw_lag_1d_same_local_qh,0.9957620732372299,0.5192694124474813,id_forecast,forecast_level,residual_load_forecast_id_approx_mw,id_forecast,forecast_level,residual_load_forecast_id_approx_mw,False,elasticnet_coefficients
residual_load_forecast_id_approx_mw_lag_2d_same_local_qh,,,,,,,,,,False,True,kept,5760,0.9917355371900827,5760,id_forecast,forecast_level,residual_load_forecast_id_approx_mw,False,too_correlated_with_kept_feature,residual_load_forecast_da_mw_lag_2d_same_local_qh,0.9953594670407984,0.3783316115057565,id_forecast,forecast_level,residual_load_forecast_id_approx_mw,id_forecast,forecast_level,residual_load_forecast_id_approx_mw,False,elasticnet_coefficients
residual_load_forecast_id_approx_mw_lag_7d_same_local_qh,,,,,,,,,,False,True,kept,5664,0.9752066115702479,5664,id_forecast,forecast_level,residual_load_forecast_id_approx_mw,False,too_correlated_with_kept_feature,residual_load_forecast_da_mw_lag_7d_same_local_qh,0.9962207277433913,0.39672634999141654,id_forecast,forecast_level,residual_load_forecast_id_approx_mw,id_forecast,forecast_level,residual_load_forecast_id_approx_mw,False,elasticnet_coefficients
residual_load_revision_id_minus_da_approx_mw,,,,,,,,,,False,True,kept,5808,1.0,5808,forecast_revision,forecast_revision,residual_load_revision_id_minus_da_approx_mw,False,too_correlated_with_kept_feature,renewable_total_forecast_revision_id_minus_da_mw,1.0,0.12419081911068061,forecast_revision,forecast_revision,residual_load_revision_id_minus_da_approx_mw,forecast_revision,forecast_revision,residual_load_revision_id_minus_da_approx_mw,False,elasticnet_coefficients
residual_load_revision_id_minus_da_approx_mw_lag_14d_same_local_qh,,,,,,,,,,False,True,kept,5472,0.9421487603305785,5472,forecast_revision,forecast_revision,residual_load_revision_id_minus_da_approx_mw,False,too_correlated_with_kept_feature,renewable_total_forecast_revision_id_minus_da_mw_lag_14d_same_local_qh,1.0,0.08952089072353363,forecast_revision,forecast_revision,residual_load_revision_id_minus_da_approx_mw,forecast_revision,forecast_revision,residual_load_revision_id_minus_da_approx_mw,False,elasticnet_coefficients
residual_load_revision_id_minus_da_approx_mw_lag_1d_same_local_qh,,,,,,,,,,False,True,kept,5808,1.0,5808,forecast_revision,forecast_revision,residual_load_revision_id_minus_da_approx_mw,False,too_correlated_with_kept_feature,renewable_total_forecast_revision_id_minus_da_mw_lag_1d_same_local_qh,1.0,0.0809923786903234,forecast_revision,forecast_revision,residual_load_revision_id_minus_da_approx_mw,forecast_revision,forecast_revision,residual_load_revision_id_minus_da_approx_mw,False,elasticnet_coefficients
residual_load_revision_id_minus_da_approx_mw_lag_2d_same_local_qh,,,,,,,,,,False,True,kept,5760,0.9917355371900827,5760,forecast_revision,forecast_revision,residual_load_revision_id_minus_da_approx_mw,False,too_correlated_with_kept_feature,renewable_total_forecast_revision_id_minus_da_mw_lag_2d_same_local_qh,1.0,0.10554459726083866,forecast_revision,forecast_revision,residual_load_revision_id_minus_da_approx_mw,forecast_revision,forecast_revision,residual_load_revision_id_minus_da_approx_mw,False,elasticnet_coefficients
residual_load_revision_id_minus_da_approx_mw_lag_7d_same_local_qh,,,,,,,,,,False,True,kept,5664,0.9752066115702479,5664,forecast_revision,forecast_revision,residual_load_revision_id_minus_da_approx_mw,False,too_correlated_with_kept_feature,renewable_total_forecast_revision_id_minus_da_mw_lag_7d_same_local_qh,1.0,0.09018661431404579,forecast_revision,forecast_revision,residual_load_revision_id_minus_da_approx_mw,forecast_revision,forecast_revision,residual_load_revision_id_minus_da_approx_mw,False,elasticnet_coefficients
residual_load_revision_id_minus_da_approx_mw_regime_abs_median_28d_over_vol,,,,,,,,,,False,True,kept,5808,1.0,5808,regime_level,regime,residual_load_revision_id_minus_da_approx_mw,False,too_correlated_with_kept_feature,renewable_total_forecast_revision_id_minus_da_mw_regime_abs_median_28d_over_vol,1.0,0.18560586446493518,regime_level,regime,residual_load_revision_id_minus_da_approx_mw,regime_level,regime,residual_load_revision_id_minus_da_approx_mw,False,elasticnet_coefficients
residual_load_revision_id_minus_da_approx_mw_regime_mean_shift_7d_vs_28d_z,,,,,,,,,,False,True,kept,5808,1.0,5808,regime_mean_shift,regime,residual_load_revision_id_minus_da_approx_mw,False,too_correlated_with_kept_feature,renewable_total_forecast_revision_id_minus_da_mw_regime_mean_shift_7d_vs_28d_z,1.0,0.02298754110787326,regime_mean_shift,regime,residual_load_revision_id_minus_da_approx_mw,regime_mean_shift,regime,residual_load_revision_id_minus_da_approx_mw,False,elasticnet_coefficients
residual_load_revision_id_minus_da_approx_mw_regime_vol_28d,,,,,,,,,,False,True,kept,5808,1.0,5808,regime_volatility,regime,residual_load_revision_id_minus_da_approx_mw,False,too_correlated_with_kept_feature,renewable_total_forecast_revision_id_minus_da_mw_regime_vol_28d,1.0,0.24439405833286462,regime_volatility,regime,residual_load_revision_id_minus_da_approx_mw,regime_volatility,regime,residual_load_revision_id_minus_da_approx_mw,False,elasticnet_coefficients
residual_load_revision_id_minus_da_approx_mw_regime_vol_7d_over_28d,,,,,,,,,,False,True,kept,5808,1.0,5808,regime_volatility,regime,residual_load_revision_id_minus_da_approx_mw,False,too_correlated_with_kept_feature,renewable_total_forecast_revision_id_minus_da_mw_regime_vol_7d_over_28d,1.0,0.025551701280876953,regime_volatility,regime,residual_load_revision_id_minus_da_approx_mw,regime_volatility,regime,residual_load_revision_id_minus_da_approx_mw,False,elasticnet_coefficients
residual_load_revision_id_minus_da_approx_mw_rolling_mean_14d_same_local_qh,,,,,,,,,,False,True,kept,5808,1.0,5808,forecast_revision,forecast_revision,residual_load_revision_id_minus_da_approx_mw,False,too_correlated_with_kept_feature,renewable_total_forecast_revision_id_minus_da_mw_rolling_mean_14d_same_local_qh,1.0,0.22889069871726297,forecast_revision,forecast_revision,residual_load_revision_id_minus_da_approx_mw,forecast_revision,forecast_revision,residual_load_revision_id_minus_da_approx_mw,False,elasticnet_coefficients
residual_load_revision_id_minus_da_approx_mw_rolling_mean_28d_same_local_qh,,,,,,,,,,False,True,kept,5808,1.0,5808,forecast_revision,forecast_revision,residual_load_revision_id_minus_da_approx_mw,False,too_correlated_with_kept_feature,renewable_total_forecast_revision_id_minus_da_mw_rolling_mean_28d_same_local_qh,1.0,0.28555086404727587,forecast_revision,forecast_revision,residual_load_revision_id_minus_da_approx_mw,forecast_revision,forecast_revision,residual_load_revision_id_minus_da_approx_mw,False,elasticnet_coefficients
residual_load_revision_id_minus_da_approx_mw_rolling_mean_3d_same_local_qh,,,,,,,,,,False,True,kept,5808,1.0,5808,forecast_revision,forecast_revision,residual_load_revision_id_minus_da_approx_mw,False,too_correlated_with_kept_feature,renewable_total_forecast_revision_id_minus_da_mw_rolling_mean_3d_same_local_qh,1.0,0.10426262257592928,forecast_revision,forecast_revision,residual_load_revision_id_minus_da_approx_mw,forecast_revision,forecast_revision,residual_load_revision_id_minus_da_approx_mw,False,elasticnet_coefficients
residual_load_revision_id_minus_da_approx_mw_rolling_mean_7d_same_local_qh,,,,,,,,,,False,True,kept,5808,1.0,5808,forecast_revision,forecast_revision,residual_load_revision_id_minus_da_approx_mw,False,too_correlated_with_kept_feature,renewable_total_forecast_revision_id_minus_da_mw_rolling_mean_7d_same_local_qh,1.0,0.17317845197764536,forecast_revision,forecast_revision,residual_load_revision_id_minus_da_approx_mw,forecast_revision,forecast_revision,residual_load_revision_id_minus_da_approx_mw,False,elasticnet_coefficients
residual_load_revision_id_minus_da_approx_mw_rolling_median_14d_same_local_qh,,,,,,,,,,False,True,kept,5808,1.0,3645,forecast_revision,forecast_revision,residual_load_revision_id_minus_da_approx_mw,False,too_correlated_with_kept_feature,renewable_total_forecast_revision_id_minus_da_mw_rolling_median_14d_same_local_qh,1.0,0.17358311390036243,forecast_revision,forecast_revision,residual_load_revision_id_minus_da_approx_mw,forecast_revision,forecast_revision,residual_load_revision_id_minus_da_approx_mw,False,elasticnet_coefficients
residual_load_revision_id_minus_da_approx_mw_rolling_median_28d_same_local_qh,,,,,,,,,,False,True,kept,5808,1.0,2622,forecast_revision,forecast_revision,residual_load_revision_id_minus_da_approx_mw,False,too_correlated_with_kept_feature,renewable_total_forecast_revision_id_minus_da_mw_rolling_median_28d_same_local_qh,1.0,0.22460800725845542,forecast_revision,forecast_revision,residual_load_revision_id_minus_da_approx_mw,forecast_revision,forecast_revision,residual_load_revision_id_minus_da_approx_mw,False,elasticnet_coefficients
residual_load_revision_id_minus_da_approx_mw_rolling_median_3d_same_local_qh,,,,,,,,,,False,True,kept,5808,1.0,4289,forecast_revision,forecast_revision,residual_load_revision_id_minus_da_approx_mw,False,too_correlated_with_kept_feature,renewable_total_forecast_revision_id_minus_da_mw_rolling_median_3d_same_local_qh,1.0,0.08288983309922288,forecast_revision,forecast_revision,residual_load_revision_id_minus_da_approx_mw,forecast_revision,forecast_revision,residual_load_revision_id_minus_da_approx_mw,False,elasticnet_coefficients
residual_load_revision_id_minus_da_approx_mw_rolling_median_7d_same_local_qh,,,,,,,,,,False,True,kept,5808,1.0,3263,forecast_revision,forecast_revision,residual_load_revision_id_minus_da_approx_mw,False,too_correlated_with_kept_feature,renewable_total_forecast_revision_id_minus_da_mw_rolling_median_7d_same_local_qh,1.0,0.21934140334337202,forecast_revision,forecast_revision,residual_load_revision_id_minus_da_approx_mw,forecast_revision,forecast_revision,residual_load_revision_id_minus_da_approx_mw,False,elasticnet_coefficients
residual_load_revision_id_minus_da_approx_mw_rolling_std_14d_same_local_qh,,,,,,,,,,False,True,kept,5808,1.0,5808,forecast_revision,forecast_revision,residual_load_revision_id_minus_da_approx_mw,False,too_correlated_with_kept_feature,renewable_total_forecast_revision_id_minus_da_mw_rolling_std_14d_same_local_qh,1.0,0.17956165103767124,forecast_revision,forecast_revision,residual_load_revision_id_minus_da_approx_mw,forecast_revision,forecast_revision,residual_load_revision_id_minus_da_approx_mw,False,elasticnet_coefficients
residual_load_revision_id_minus_da_approx_mw_rolling_std_28d_same_local_qh,,,,,,,,,,False,True,kept,5808,1.0,5808,forecast_revision,forecast_revision,residual_load_revision_id_minus_da_approx_mw,False,too_correlated_with_kept_feature,renewable_total_forecast_revision_id_minus_da_mw_rolling_std_28d_same_local_qh,1.0,0.24439405833286462,forecast_revision,forecast_revision,residual_load_revision_id_minus_da_approx_mw,forecast_revision,forecast_revision,residual_load_revision_id_minus_da_approx_mw,False,elasticnet_coefficients
residual_load_revision_id_minus_da_approx_mw_rolling_std_3d_same_local_qh,,,,,,,,,,False,True,kept,5808,1.0,5808,forecast_revision,forecast_revision,residual_load_revision_id_minus_da_approx_mw,False,too_correlated_with_kept_feature,renewable_total_forecast_revision_id_minus_da_mw_rolling_std_3d_same_local_qh,1.0,0.1288184674210128,forecast_revision,forecast_revision,residual_load_revision_id_minus_da_approx_mw,forecast_revision,forecast_revision,residual_load_revision_id_minus_da_approx_mw,False,elasticnet_coefficients
residual_load_revision_id_minus_da_approx_mw_rolling_std_7d_same_local_qh,,,,,,,,,,False,True,kept,5808,1.0,5808,forecast_revision,forecast_revision,residual_load_revision_id_minus_da_approx_mw,False,too_correlated_with_kept_feature,renewable_total_forecast_revision_id_minus_da_mw_rolling_std_7d_same_local_qh,1.0,0.13025648261172945,forecast_revision,forecast_revision,residual_load_revision_id_minus_da_approx_mw,forecast_revision,forecast_revision,residual_load_revision_id_minus_da_approx_mw,False,elasticnet_coefficients
solar_da_forecast_error_mw_rolling_mean_3d_same_local_qh,,,,,,,,,,False,True,kept,1485,0.2556818181818182,1438,lagged_forecast_error,lagged_forecast_error,solar_da_forecast_error_mw,False,too_correlated_with_kept_feature,solar_da_forecast_error_mw_rolling_median_3d_same_local_qh,0.9637731491795021,0.07550210978241256,lagged_forecast_error,lagged_forecast_error,solar_da_forecast_error_mw,lagged_forecast_error,lagged_forecast_error,solar_da_forecast_error_mw,False,elasticnet_coefficients
solar_da_forecast_error_mw_rolling_std_28d_same_local_qh,,,,,,,,,,False,True,kept,2760,0.47520661157024796,2298,lagged_forecast_error,lagged_forecast_error,solar_da_forecast_error_mw,False,too_correlated_with_kept_feature,solar_id_forecast_error_mw_rolling_std_28d_same_local_qh,0.9799923588538481,0.6204501410378055,lagged_forecast_error,lagged_forecast_error,solar_da_forecast_error_mw,lagged_forecast_error,lagged_forecast_error,solar_da_forecast_error_mw,False,elasticnet_coefficients
solar_da_forecast_error_mw_rolling_std_7d_same_local_qh,,,,,,,,,,False,True,kept,2441,0.42028236914600553,2193,lagged_forecast_error,lagged_forecast_error,solar_da_forecast_error_mw,False,too_correlated_with_kept_feature,solar_id_forecast_error_mw_rolling_std_7d_same_local_qh,0.929130391165669,0.5857308538561867,lagged_forecast_error,lagged_forecast_error,solar_da_forecast_error_mw,lagged_forecast_error,lagged_forecast_error,solar_da_forecast_error_mw,False,elasticnet_coefficients
solar_forecast_da_mw,,,,,,,,,,False,True,kept,3474,0.5981404958677686,3354,da_forecast,forecast_level,solar_forecast_da_mw,False,too_correlated_with_kept_feature,solar_forecast_id_mw,0.9990495919678173,0.7577024197818294,da_forecast,forecast_level,solar_forecast_da_mw,da_forecast,forecast_level,solar_forecast_da_mw,False,elasticnet_coefficients
solar_forecast_da_mw_lag_1d_same_local_qh,,,,,,,,,,False,True,kept,3466,0.596763085399449,3346,da_forecast,forecast_level,solar_forecast_da_mw,False,too_correlated_with_kept_feature,solar_forecast_id_mw,0.9621365445085761,0.7352883214247358,da_forecast,forecast_level,solar_forecast_da_mw,da_forecast,forecast_level,solar_forecast_da_mw,False,elasticnet_coefficients
solar_forecast_da_mw_lag_2d_same_local_qh,,,,,,,,,,False,True,kept,3425,0.5897038567493113,3306,da_forecast,forecast_level,solar_forecast_da_mw,False,too_correlated_with_kept_feature,solar_forecast_id_mw,0.9466110023388126,0.710120257696267,da_forecast,forecast_level,solar_forecast_da_mw,da_forecast,forecast_level,solar_forecast_da_mw,False,elasticnet_coefficients
solar_forecast_da_mw_lag_7d_same_local_qh,,,,,,,,,,False,True,kept,3320,0.571625344352617,3203,da_forecast,forecast_level,solar_forecast_da_mw,False,too_correlated_with_kept_feature,solar_forecast_id_mw_lag_7d_same_local_qh,0.9990416546231989,0.6478210476575125,da_forecast,forecast_level,solar_forecast_da_mw,da_forecast,forecast_level,solar_forecast_da_mw,False,elasticnet_coefficients
solar_forecast_id_mw_lag_14d_same_local_qh,,,,,,,,,,False,True,kept,3160,0.5440771349862259,3047,id_forecast,forecast_level,solar_forecast_id_mw,False,too_correlated_with_kept_feature,solar_forecast_da_mw_lag_14d_same_local_qh,0.9988926186617825,0.6589888139299432,id_forecast,forecast_level,solar_forecast_id_mw,id_forecast,forecast_level,solar_forecast_id_mw,False,elasticnet_coefficients
solar_forecast_id_mw_lag_1d_same_local_qh,,,,,,,,,,False,True,kept,3459,0.5955578512396694,3339,id_forecast,forecast_level,solar_forecast_id_mw,False,too_correlated_with_kept_feature,solar_forecast_id_mw,0.9623855578762751,0.7348269960922825,id_forecast,forecast_level,solar_forecast_id_mw,id_forecast,forecast_level,solar_forecast_id_mw,False,elasticnet_coefficients
solar_forecast_id_mw_lag_2d_same_local_qh,,,,,,,,,,False,True,kept,3419,0.5886707988980716,3300,id_forecast,forecast_level,solar_forecast_id_mw,False,too_correlated_with_kept_feature,solar_forecast_id_mw,0.9458563147090889,0.7109040350613077,id_forecast,forecast_level,solar_forecast_id_mw,id_forecast,forecast_level,solar_forecast_id_mw,False,elasticnet_coefficients
solar_id_forecast_error_mw_rolling_mean_3d_same_local_qh,,,,,,,,,,False,True,kept,1485,0.2556818181818182,1439,lagged_forecast_error,lagged_forecast_error,solar_id_forecast_error_mw,False,too_correlated_with_kept_feature,solar_id_forecast_error_mw_rolling_median_3d_same_local_qh,0.9582670452891804,0.03138453909922662,lagged_forecast_error,lagged_forecast_error,solar_id_forecast_error_mw,lagged_forecast_error,lagged_forecast_error,solar_id_forecast_error_mw,False,elasticnet_coefficients
solar_id_forecast_error_mw_rolling_std_14d_same_local_qh,,,,,,,,,,False,True,kept,2649,0.45609504132231404,2353,lagged_forecast_error,lagged_forecast_error,solar_id_forecast_error_mw,False,too_correlated_with_kept_feature,solar_id_forecast_error_mw_rolling_std_28d_same_local_qh,0.9209487271381174,0.6385338688422724,lagged_forecast_error,lagged_forecast_error,solar_id_forecast_error_mw,lagged_forecast_error,lagged_forecast_error,solar_id_forecast_error_mw,False,elasticnet_coefficients
wind_offshore_da_forecast_error_mw_rolling_median_3d_same_local_qh,,,,,,,,,,False,True,kept,2735,0.4709022038567493,2578,lagged_forecast_error,lagged_forecast_error,wind_offshore_da_forecast_error_mw,False,too_correlated_with_kept_feature,wind_offshore_da_forecast_error_mw_rolling_mean_3d_same_local_qh,0.9818598689249431,0.022380310711850204,lagged_forecast_error,lagged_forecast_error,wind_offshore_da_forecast_error_mw,lagged_forecast_error,lagged_forecast_error,wind_offshore_da_forecast_error_mw,False,elasticnet_coefficients
wind_offshore_forecast_da_mw_lag_14d_same_local_qh,,,,,,,,,,False,True,kept,5470,0.9418044077134986,5446,da_forecast,forecast_level,wind_offshore_forecast_da_mw,False,too_correlated_with_kept_feature,wind_offshore_forecast_id_mw_lag_14d_same_local_qh,0.984112218696021,0.044466919706945156,da_forecast,forecast_level,wind_offshore_forecast_da_mw,da_forecast,forecast_level,wind_offshore_forecast_da_mw,False,elasticnet_coefficients
wind_offshore_forecast_da_mw_lag_1d_same_local_qh,,,,,,,,,,False,True,kept,5803,0.9991391184573003,5779,da_forecast,forecast_level,wind_offshore_forecast_da_mw,False,too_correlated_with_kept_feature,wind_offshore_forecast_id_mw_lag_1d_same_local_qh,0.9850109173204793,0.06644050946756132,da_forecast,forecast_level,wind_offshore_forecast_da_mw,da_forecast,forecast_level,wind_offshore_forecast_da_mw,False,elasticnet_coefficients
wind_offshore_forecast_da_mw_lag_7d_same_local_qh,,,,,,,,,,False,True,kept,5660,0.9745179063360881,5636,da_forecast,forecast_level,wind_offshore_forecast_da_mw,False,too_correlated_with_kept_feature,wind_offshore_forecast_id_mw_lag_7d_same_local_qh,0.9878094650438857,0.026556591680301046,da_forecast,forecast_level,wind_offshore_forecast_da_mw,da_forecast,forecast_level,wind_offshore_forecast_da_mw,False,elasticnet_coefficients
wind_offshore_forecast_id_mw,,,,,,,,,,False,True,kept,5807,0.9998278236914601,5772,id_forecast,forecast_level,wind_offshore_forecast_id_mw,False,too_correlated_with_kept_feature,wind_offshore_forecast_da_mw,0.9876567403015054,0.14669856821017443,id_forecast,forecast_level,wind_offshore_forecast_id_mw,id_forecast,forecast_level,wind_offshore_forecast_id_mw,False,elasticnet_coefficients
wind_offshore_forecast_id_mw_lag_2d_same_local_qh,,,,,,,,,,False,True,kept,5760,0.9917355371900827,5729,id_forecast,forecast_level,wind_offshore_forecast_id_mw,False,too_correlated_with_kept_feature,wind_offshore_forecast_da_mw_lag_2d_same_local_qh,0.9854924596920911,0.15361618075826544,id_forecast,forecast_level,wind_offshore_forecast_id_mw,id_forecast,forecast_level,wind_offshore_forecast_id_mw,False,elasticnet_coefficients
wind_offshore_id_forecast_error_mw_rolling_mean_14d_same_local_qh,,,,,,,,,,False,True,kept,4704,0.8099173553719008,4176,lagged_forecast_error,lagged_forecast_error,wind_offshore_id_forecast_error_mw,False,too_correlated_with_kept_feature,wind_offshore_da_forecast_error_mw_rolling_mean_14d_same_local_qh,0.9504274598417535,0.11504608942309903,lagged_forecast_error,lagged_forecast_error,wind_offshore_id_forecast_error_mw,lagged_forecast_error,lagged_forecast_error,wind_offshore_id_forecast_error_mw,False,elasticnet_coefficients
wind_offshore_id_forecast_error_mw_rolling_mean_28d_same_local_qh,,,,,,,,,,False,True,kept,4896,0.8429752066115702,4176,lagged_forecast_error,lagged_forecast_error,wind_offshore_id_forecast_error_mw,False,too_correlated_with_kept_feature,wind_offshore_da_forecast_error_mw_rolling_mean_28d_same_local_qh,0.9643566745297338,0.16555244424336868,lagged_forecast_error,lagged_forecast_error,wind_offshore_id_forecast_error_mw,lagged_forecast_error,lagged_forecast_error,wind_offshore_id_forecast_error_mw,False,elasticnet_coefficients
wind_offshore_id_forecast_error_mw_rolling_mean_3d_same_local_qh,,,,,,,,,,False,True,kept,2735,0.4709022038567493,2639,lagged_forecast_error,lagged_forecast_error,wind_offshore_id_forecast_error_mw,False,too_correlated_with_kept_feature,wind_offshore_id_forecast_error_mw_rolling_median_3d_same_local_qh,0.9835012197063379,0.0018661623639653507,lagged_forecast_error,lagged_forecast_error,wind_offshore_id_forecast_error_mw,lagged_forecast_error,lagged_forecast_error,wind_offshore_id_forecast_error_mw,False,elasticnet_coefficients
wind_offshore_id_forecast_error_mw_rolling_mean_7d_same_local_qh,,,,,,,,,,False,True,kept,4416,0.7603305785123967,3984,lagged_forecast_error,lagged_forecast_error,wind_offshore_id_forecast_error_mw,False,too_correlated_with_kept_feature,wind_offshore_da_forecast_error_mw_rolling_mean_7d_same_local_qh,0.9331775465044169,0.09125447281495565,lagged_forecast_error,lagged_forecast_error,wind_offshore_id_forecast_error_mw,lagged_forecast_error,lagged_forecast_error,wind_offshore_id_forecast_error_mw,False,elasticnet_coefficients
wind_onshore_da_forecast_error_mw_rolling_median_3d_same_local_qh,,,,,,,,,,False,True,kept,2736,0.47107438016528924,2578,lagged_forecast_error,lagged_forecast_error,wind_onshore_da_forecast_error_mw,False,too_correlated_with_kept_feature,wind_onshore_da_forecast_error_mw_rolling_mean_3d_same_local_qh,0.9762408763115246,0.1492878728393708,lagged_forecast_error,lagged_forecast_error,wind_onshore_da_forecast_error_mw,lagged_forecast_error,lagged_forecast_error,wind_onshore_da_forecast_error_mw,False,elasticnet_coefficients
wind_onshore_forecast_da_mw,,,,,,,,,,False,True,kept,5808,1.0,5808,da_forecast,forecast_level,wind_onshore_forecast_da_mw,False,too_correlated_with_kept_feature,wind_onshore_forecast_id_mw,0.9923957045994384,0.22224451209606147,da_forecast,forecast_level,wind_onshore_forecast_da_mw,da_forecast,forecast_level,wind_onshore_forecast_da_mw,False,elasticnet_coefficients
wind_onshore_forecast_da_mw_lag_1d_same_local_qh,,,,,,,,,,False,True,kept,5808,1.0,5808,da_forecast,forecast_level,wind_onshore_forecast_da_mw,False,too_correlated_with_kept_feature,wind_total_forecast_id_mw_lag_1d_same_local_qh,0.9801513237199596,0.06517858871602333,da_forecast,forecast_level,wind_onshore_forecast_da_mw,da_forecast,forecast_level,wind_onshore_forecast_da_mw,False,elasticnet_coefficients
wind_onshore_forecast_da_mw_lag_2d_same_local_qh,,,,,,,,,,False,True,kept,5760,0.9917355371900827,5760,da_forecast,forecast_level,wind_onshore_forecast_da_mw,False,too_correlated_with_kept_feature,wind_total_forecast_id_mw_lag_2d_same_local_qh,0.9834842707047606,0.16407776004441127,da_forecast,forecast_level,wind_onshore_forecast_da_mw,da_forecast,forecast_level,wind_onshore_forecast_da_mw,False,elasticnet_coefficients
wind_onshore_forecast_id_mw_lag_14d_same_local_qh,,,,,,,,,,False,True,kept,5472,0.9421487603305785,5472,id_forecast,forecast_level,wind_onshore_forecast_id_mw,False,too_correlated_with_kept_feature,wind_onshore_forecast_da_mw_lag_14d_same_local_qh,0.9918168543816126,0.12112091328139896,id_forecast,forecast_level,wind_onshore_forecast_id_mw,id_forecast,forecast_level,wind_onshore_forecast_id_mw,False,elasticnet_coefficients
wind_onshore_forecast_id_mw_lag_1d_same_local_qh,,,,,,,,,,False,True,kept,5808,1.0,5808,id_forecast,forecast_level,wind_onshore_forecast_id_mw,False,too_correlated_with_kept_feature,wind_total_forecast_id_mw_lag_1d_same_local_qh,0.9880154799938681,0.06553145611595249,id_forecast,forecast_level,wind_onshore_forecast_id_mw,id_forecast,forecast_level,wind_onshore_forecast_id_mw,False,elasticnet_coefficients
wind_onshore_forecast_id_mw_lag_2d_same_local_qh,,,,,,,,,,False,True,kept,5760,0.9917355371900827,5760,id_forecast,forecast_level,wind_onshore_forecast_id_mw,False,too_correlated_with_kept_feature,wind_total_forecast_id_mw_lag_2d_same_local_qh,0.9905783690450293,0.1646079729034621,id_forecast,forecast_level,wind_onshore_forecast_id_mw,id_forecast,forecast_level,wind_onshore_forecast_id_mw,False,elasticnet_coefficients
wind_onshore_forecast_id_mw_lag_7d_same_local_qh,,,,,,,,,,False,True,kept,5664,0.9752066115702479,5664,id_forecast,forecast_level,wind_onshore_forecast_id_mw,False,too_correlated_with_kept_feature,wind_onshore_forecast_da_mw_lag_7d_same_local_qh,0.9935149788751323,0.09895448502836304,id_forecast,forecast_level,wind_onshore_forecast_id_mw,id_forecast,forecast_level,wind_onshore_forecast_id_mw,False,elasticnet_coefficients
wind_onshore_forecast_revision_id_minus_da_mw_lag_14d_same_local_qh,,,,,,,,,,False,True,kept,5472,0.9421487603305785,5472,forecast_revision,forecast_revision,wind_onshore_forecast_revision_id_minus_da_mw,False,too_correlated_with_kept_feature,wind_total_forecast_revision_id_minus_da_mw_lag_14d_same_local_qh,0.9370546596598363,0.04148415004360442,forecast_revision,forecast_revision,wind_onshore_forecast_revision_id_minus_da_mw,forecast_revision,forecast_revision,wind_onshore_forecast_revision_id_minus_da_mw,False,elasticnet_coefficients
wind_onshore_forecast_revision_id_minus_da_mw_lag_1d_same_local_qh,,,,,,,,,,False,True,kept,5808,1.0,5808,forecast_revision,forecast_revision,wind_onshore_forecast_revision_id_minus_da_mw,False,too_correlated_with_kept_feature,wind_total_forecast_revision_id_minus_da_mw_lag_1d_same_local_qh,0.946801730833821,0.04652103733559692,forecast_revision,forecast_revision,wind_onshore_forecast_revision_id_minus_da_mw,forecast_revision,forecast_revision,wind_onshore_forecast_revision_id_minus_da_mw,False,elasticnet_coefficients
wind_onshore_forecast_revision_id_minus_da_mw_lag_2d_same_local_qh,,,,,,,,,,False,True,kept,5760,0.9917355371900827,5760,forecast_revision,forecast_revision,wind_onshore_forecast_revision_id_minus_da_mw,False,too_correlated_with_kept_feature,wind_total_forecast_revision_id_minus_da_mw_lag_2d_same_local_qh,0.9406236813705737,0.059157196142328464,forecast_revision,forecast_revision,wind_onshore_forecast_revision_id_minus_da_mw,forecast_revision,forecast_revision,wind_onshore_forecast_revision_id_minus_da_mw,False,elasticnet_coefficients
wind_onshore_id_forecast_error_mw_rolling_mean_3d_same_local_qh,,,,,,,,,,False,True,kept,2736,0.47107438016528924,2640,lagged_forecast_error,lagged_forecast_error,wind_onshore_id_forecast_error_mw,False,too_correlated_with_kept_feature,wind_onshore_id_forecast_error_mw_rolling_median_3d_same_local_qh,0.9712494487552217,0.024897798354851734,lagged_forecast_error,lagged_forecast_error,wind_onshore_id_forecast_error_mw,lagged_forecast_error,lagged_forecast_error,wind_onshore_id_forecast_error_mw,False,elasticnet_coefficients
wind_total_forecast_da_mw,,,,,,,,,,False,True,kept,5808,1.0,5808,da_forecast,forecast_level,wind_total_forecast_da_mw,False,too_correlated_with_kept_feature,wind_onshore_forecast_id_mw,0.9834472374220341,0.22340474246439354,da_forecast,forecast_level,wind_total_forecast_da_mw,da_forecast,forecast_level,wind_total_forecast_da_mw,False,elasticnet_coefficients
wind_total_forecast_da_mw_lag_14d_same_local_qh,,,,,,,,,,False,True,kept,5472,0.9421487603305785,5472,da_forecast,forecast_level,wind_total_forecast_da_mw,False,too_correlated_with_kept_feature,wind_onshore_forecast_da_mw_lag_14d_same_local_qh,0.987052342931353,0.10864059790073256,da_forecast,forecast_level,wind_total_forecast_da_mw,da_forecast,forecast_level,wind_total_forecast_da_mw,False,elasticnet_coefficients
wind_total_forecast_da_mw_lag_1d_same_local_qh,,,,,,,,,,False,True,kept,5808,1.0,5808,da_forecast,forecast_level,wind_total_forecast_da_mw,False,too_correlated_with_kept_feature,wind_total_forecast_id_mw_lag_1d_same_local_qh,0.9932492094805133,0.06511490390761229,da_forecast,forecast_level,wind_total_forecast_da_mw,da_forecast,forecast_level,wind_total_forecast_da_mw,False,elasticnet_coefficients
wind_total_forecast_da_mw_lag_2d_same_local_qh,,,,,,,,,,False,True,kept,5760,0.9917355371900827,5760,da_forecast,forecast_level,wind_total_forecast_da_mw,False,too_correlated_with_kept_feature,wind_total_forecast_id_mw_lag_2d_same_local_qh,0.9937980875414361,0.16271449438138724,da_forecast,forecast_level,wind_total_forecast_da_mw,da_forecast,forecast_level,wind_total_forecast_da_mw,False,elasticnet_coefficients
wind_total_forecast_da_mw_lag_7d_same_local_qh,,,,,,,,,,False,True,kept,5664,0.9752066115702479,5664,da_forecast,forecast_level,wind_total_forecast_da_mw,False,too_correlated_with_kept_feature,wind_onshore_forecast_da_mw_lag_7d_same_local_qh,0.9873721024193391,0.08637072251904285,da_forecast,forecast_level,wind_total_forecast_da_mw,da_forecast,forecast_level,wind_total_forecast_da_mw,False,elasticnet_coefficients
wind_total_forecast_id_mw,,,,,,,,,,False,True,kept,5808,1.0,5808,id_forecast,forecast_level,wind_total_forecast_id_mw,False,too_correlated_with_kept_feature,wind_onshore_forecast_id_mw,0.9882655816418694,0.23716202525733626,id_forecast,forecast_level,wind_total_forecast_id_mw,id_forecast,forecast_level,wind_total_forecast_id_mw,False,elasticnet_coefficients
wind_total_forecast_id_mw_lag_14d_same_local_qh,,,,,,,,,,False,True,kept,5472,0.9421487603305785,5472,id_forecast,forecast_level,wind_total_forecast_id_mw,False,too_correlated_with_kept_feature,wind_onshore_forecast_da_mw_lag_14d_same_local_qh,0.9766946193297945,0.11018838052051075,id_forecast,forecast_level,wind_total_forecast_id_mw,id_forecast,forecast_level,wind_total_forecast_id_mw,False,elasticnet_coefficients
wind_total_forecast_id_mw_lag_7d_same_local_qh,,,,,,,,,,False,True,kept,5664,0.9752066115702479,5664,id_forecast,forecast_level,wind_total_forecast_id_mw,False,too_correlated_with_kept_feature,wind_onshore_forecast_da_mw_lag_7d_same_local_qh,0.9809684875253688,0.08481904383400111,id_forecast,forecast_level,wind_total_forecast_id_mw,id_forecast,forecast_level,wind_total_forecast_id_mw,False,elasticnet_coefficients
wind_total_forecast_revision_id_minus_da_mw,,,,,,,,,,False,True,kept,5808,1.0,5808,forecast_revision,forecast_revision,wind_total_forecast_revision_id_minus_da_mw,False,too_correlated_with_kept_feature,wind_onshore_forecast_revision_id_minus_da_mw,0.9510332817237139,0.15595712721502739,forecast_revision,forecast_revision,wind_total_forecast_revision_id_minus_da_mw,forecast_revision,forecast_revision,wind_total_forecast_revision_id_minus_da_mw,False,elasticnet_coefficients
wind_total_forecast_revision_id_minus_da_mw_lag_7d_same_local_qh,,,,,,,,,,False,True,kept,5664,0.9752066115702479,5664,forecast_revision,forecast_revision,wind_total_forecast_revision_id_minus_da_mw,False,too_correlated_with_kept_feature,wind_onshore_forecast_revision_id_minus_da_mw_lag_7d_same_local_qh,0.9503941670247107,0.017384132155893565,forecast_revision,forecast_revision,wind_total_forecast_revision_id_minus_da_mw,forecast_revision,forecast_revision,wind_total_forecast_revision_id_minus_da_mw,False,elasticnet_coefficients
