timestamp_utc,timestamp_local,date_local,hour_local,minute_local,quarter_hour_local,weekday_local,month_local,ida3_minus_da_spread_eur_mwh,da_price_eur_mwh,solar_forecast_id_mw,ida3_minus_da_spread_eur_mwh_lag_1d_same_local_qh,wind_onshore_da_forecast_error_mw_lag_2d_same_local_qh,load_da_forecast_error_mw_rolling_std_3d_same_local_qh,ida3_minus_da_spread_eur_mwh_rolling_std_3d_same_local_qh,ida3_price_eur_mwh
2026-05-08 12:00:00+00:00,2026-05-08 14:00:00+02:00,2026-05-08,14,0,0,4,5,21.179999999999993,50.92,36897.43648,1.1899999999999977,-1317.338020000001,,8.152941187080893,72.1
2026-05-08 12:15:00+00:00,2026-05-08 14:15:00+02:00,2026-05-08,14,15,1,4,5,25.480000000000004,50.92,36208.35779,1.0500000000000114,-1358.1805299999996,,1.4354267658086821,76.4
2026-05-08 12:30:00+00:00,2026-05-08 14:30:00+02:00,2026-05-08,14,30,2,4,5,30.129999999999995,50.92,35450.58107,1.4200000000000017,-1341.3107899999995,,0.8343860018001309,81.05
2026-05-08 12:45:00+00:00,2026-05-08 14:45:00+02:00,2026-05-08,14,45,3,4,5,35.53999999999999,50.92,34579.75788,0.3400000000000034,-1409.0622999999996,,1.9021172413918113,86.46
2026-05-08 13:00:00+00:00,2026-05-08 15:00:00+02:00,2026-05-08,15,0,0,4,5,8.179999999999993,73.31,33630.1355,-4.230000000000004,-1376.3231800000003,,2.510229073212242,81.49
2026-05-08 13:15:00+00:00,2026-05-08 15:15:00+02:00,2026-05-08,15,15,1,4,5,17.519999999999996,73.31,32638.19455,-3.049999999999997,-1207.3227800000004,,4.864894654563444,90.83
2026-05-08 13:30:00+00:00,2026-05-08 15:30:00+02:00,2026-05-08,15,30,2,4,5,25.049999999999997,73.31,31574.64916,0.6099999999999994,-1172.0977199999998,,1.3222896808188471,98.36
2026-05-08 13:45:00+00:00,2026-05-08 15:45:00+02:00,2026-05-08,15,45,3,4,5,26.489999999999995,73.31,30410.39522,0.4099999999999966,-1054.0797899999998,,2.3193102422918668,99.8
2026-05-08 14:00:00+00:00,2026-05-08 16:00:00+02:00,2026-05-08,16,0,0,4,5,-5.6299999999999955,94.94,29092.49214,-8.649999999999991,-866.3443199999983,,0.3040559159102102,89.31
2026-05-08 14:15:00+00:00,2026-05-08 16:15:00+02:00,2026-05-08,16,15,1,4,5,1.7600000000000051,94.94,27611.27559,0.12999999999999545,-643.402689999999,,3.853731957466686,96.7
2026-05-08 14:30:00+00:00,2026-05-08 16:30:00+02:00,2026-05-08,16,30,2,4,5,5.269999999999996,94.94,26018.6198,1.9500000000000028,-506.37351000000126,,3.0264170234784245,100.21
2026-05-08 14:45:00+00:00,2026-05-08 16:45:00+02:00,2026-05-08,16,45,3,4,5,14.120000000000005,94.94,24323.39577,2.3900000000000006,-385.31656999999905,,1.1101576464628748,109.06
2026-05-08 15:00:00+00:00,2026-05-08 17:00:00+02:00,2026-05-08,17,0,0,4,5,-17.689999999999998,114.13,22553.65287,-4.810000000000002,-363.61427000000003,,2.7789296500631266,96.44
2026-05-08 15:15:00+00:00,2026-05-08 17:15:00+02:00,2026-05-08,17,15,1,4,5,-8.599999999999994,114.13,20694.74194,-1.0799999999999983,-141.26774999999907,,4.023437584951443,105.53
2026-05-08 15:30:00+00:00,2026-05-08 17:30:00+02:00,2026-05-08,17,30,2,4,5,2.5400000000000063,114.13,18758.22131,1.049999999999983,119.80897000000004,,5.791204537917842,116.67
2026-05-08 15:45:00+00:00,2026-05-08 17:45:00+02:00,2026-05-08,17,45,3,4,5,13.870000000000005,114.13,16763.81785,2.910000000000025,402.0243799999989,,5.5154328932550385,128.0
2026-05-08 16:00:00+00:00,2026-05-08 18:00:00+02:00,2026-05-08,18,0,0,4,5,-19.930000000000007,132.4,14729.79857,-2.8499999999999943,462.189699999999,,2.6657925650732914,112.47
2026-05-08 16:15:00+00:00,2026-05-08 18:15:00+02:00,2026-05-08,18,15,1,4,5,-8.400000000000006,132.4,12644.7578,-0.12000000000000455,552.2659400000011,,5.062884553295678,124.0
2026-05-08 16:30:00+00:00,2026-05-08 18:30:00+02:00,2026-05-08,18,30,2,4,5,-0.21000000000000796,132.4,10561.70772,0.25,793.6383400000013,,3.8113055505954816,132.19
2026-05-08 16:45:00+00:00,2026-05-08 18:45:00+02:00,2026-05-08,18,45,3,4,5,10.310000000000002,132.4,8581.59699,-2.8300000000000125,1007.2055099999998,,2.814284989122472,142.71
2026-05-08 17:00:00+00:00,2026-05-08 19:00:00+02:00,2026-05-08,19,0,0,4,5,-12.350000000000023,146.3,6740.69669,-11.969999999999999,1177.775740000001,,0.0070710678118791415,133.95
2026-05-08 17:15:00+00:00,2026-05-08 19:15:00+02:00,2026-05-08,19,15,1,4,5,-2.6200000000000045,146.3,5055.19978,-22.810000000000002,1276.6382799999992,,11.808683245815356,143.68
2026-05-08 17:30:00+00:00,2026-05-08 19:30:00+02:00,2026-05-08,19,30,2,4,5,7.069999999999993,146.3,3575.93066,-5.189999999999998,1411.6484199999995,,10.366185412194785,153.37
2026-05-08 17:45:00+00:00,2026-05-08 19:45:00+02:00,2026-05-08,19,45,3,4,5,18.69999999999999,146.3,2357.28228,-4.439999999999998,1467.332989999999,,0.6646803743153531,165.0
2026-05-08 18:00:00+00:00,2026-05-08 20:00:00+02:00,2026-05-08,20,0,0,4,5,8.810000000000002,150.24,1423.19447,-17.069999999999993,1590.1489700000002,,6.682159082212866,159.05
2026-05-08 18:15:00+00:00,2026-05-08 20:15:00+02:00,2026-05-08,20,15,1,4,5,5.769999999999982,150.24,770.47427,-19.26000000000002,1710.6688699999995,,9.164103884177662,156.01
2026-05-08 18:30:00+00:00,2026-05-08 20:30:00+02:00,2026-05-08,20,30,2,4,5,3.769999999999982,150.24,359.30097,-15.869999999999976,1904.6844299999993,,9.10753534168271,154.01
2026-05-08 18:45:00+00:00,2026-05-08 20:45:00+02:00,2026-05-08,20,45,3,4,5,3.9299999999999784,150.24,132.3897,-47.829999999999984,2136.2670500000004,,30.1227488785469,154.17
2026-05-08 19:00:00+00:00,2026-05-08 21:00:00+02:00,2026-05-08,21,0,0,4,5,23.02000000000001,137.28,39.32333,-19.30000000000001,2113.78189,,17.97465437776205,160.3
2026-05-08 19:15:00+00:00,2026-05-08 21:15:00+02:00,2026-05-08,21,15,1,4,5,8.169999999999987,137.28,8.229,-23.97,2084.7924999999996,,19.27573085514528,145.45
2026-05-08 19:30:00+00:00,2026-05-08 21:30:00+02:00,2026-05-08,21,30,2,4,5,1.8100000000000023,137.28,0.0,-29.400000000000006,2141.7300400000004,,21.65868070774397,139.09
2026-05-08 19:45:00+00:00,2026-05-08 21:45:00+02:00,2026-05-08,21,45,3,4,5,-5.280000000000001,137.28,,-33.77000000000001,2134.0875300000007,,24.85480335870715,132.0
2026-05-08 20:00:00+00:00,2026-05-08 22:00:00+02:00,2026-05-08,22,0,0,4,5,5.639999999999986,132.36,,-8.560000000000002,2017.5109300000004,,5.133595231414329,138.0
2026-05-08 20:15:00+00:00,2026-05-08 22:15:00+02:00,2026-05-08,22,15,1,4,5,-1.5600000000000023,132.36,,-5.140000000000015,2091.8502499999995,,10.832875887777902,130.8
2026-05-08 20:30:00+00:00,2026-05-08 22:30:00+02:00,2026-05-08,22,30,2,4,5,-3.8000000000000114,132.36,,-9.569999999999993,2139.9127399999998,,7.18420489685532,128.56
2026-05-08 20:45:00+00:00,2026-05-08 22:45:00+02:00,2026-05-08,22,45,3,4,5,-9.240000000000009,132.36,,-4.1200000000000045,2061.1976399999985,,5.183092706097392,123.12
2026-05-08 21:00:00+00:00,2026-05-08 23:00:00+02:00,2026-05-08,23,0,0,4,5,3.7900000000000063,118.64,,-12.860000000000014,2005.9219000000003,,9.71564717350317,122.43
2026-05-08 21:15:00+00:00,2026-05-08 23:15:00+02:00,2026-05-08,23,15,1,4,5,0.8499999999999943,118.64,,-6.680000000000007,2088.748929999999,,8.004448763031723,119.49
2026-05-08 21:30:00+00:00,2026-05-08 23:30:00+02:00,2026-05-08,23,30,2,4,5,-1.1800000000000068,118.64,,-1.5300000000000011,2287.4734499999995,,4.928534264870236,117.46
2026-05-08 21:45:00+00:00,2026-05-08 23:45:00+02:00,2026-05-08,23,45,3,4,5,-8.870000000000005,118.64,,-7.329999999999998,2293.8229900000006,,11.660190821766165,109.77
2026-05-09 10:00:00+00:00,2026-05-09 12:00:00+02:00,2026-05-09,12,0,0,5,5,-9.54,-2.82,44368.04502,32.12,,1888.913558796183,24.437610357807078,-12.36
2026-05-09 10:15:00+00:00,2026-05-09 12:15:00+02:00,2026-05-09,12,15,1,5,5,-10.379999999999999,-2.82,44385.70878,33.470000000000006,,1864.3998573847616,23.652721830690012,-13.2
2026-05-09 10:30:00+00:00,2026-05-09 12:30:00+02:00,2026-05-09,12,30,2,5,5,-4.800000000000001,-2.82,44332.08706,28.07,,2051.7008061576757,18.568624073958738,-7.62
2026-05-09 10:45:00+00:00,2026-05-09 12:45:00+02:00,2026-05-09,12,45,3,5,5,-4.0,-2.82,44170.84709,25.140000000000008,,1889.4563318401051,13.399673503485072,-6.82
2026-05-09 11:00:00+00:00,2026-05-09 13:00:00+02:00,2026-05-09,13,0,0,5,5,-7.309999999999999,-2.23,43880.12927,35.33,,2616.248903589492,25.406346648032656,-9.54
2026-05-09 11:15:00+00:00,2026-05-09 13:15:00+02:00,2026-05-09,13,15,1,5,5,-6.789999999999999,-2.23,43455.31093,35.47999999999999,,3112.3907259197836,25.98617420860562,-9.02
2026-05-09 11:30:00+00:00,2026-05-09 13:30:00+02:00,2026-05-09,13,30,2,5,5,-8.7,-2.23,42891.11486,32.36,,3126.514132406204,21.821315267416857,-10.93
2026-05-09 11:45:00+00:00,2026-05-09 13:45:00+02:00,2026-05-09,13,45,3,5,5,-8.68,-2.23,42308.25028,25.22999999999999,,3271.199069281399,17.42311108843653,-10.91
2026-05-09 12:00:00+00:00,2026-05-09 14:00:00+02:00,2026-05-09,14,0,0,5,5,-9.17,-1.8,41638.99928,21.179999999999993,,2609.710460425026,14.135064555919081,-10.97
2026-05-09 12:15:00+00:00,2026-05-09 14:15:00+02:00,2026-05-09,14,15,1,5,5,-8.219999999999999,-1.8,40995.62136,25.480000000000004,,2838.038958744724,17.27461866438735,-10.02
2026-05-09 12:30:00+00:00,2026-05-09 14:30:00+02:00,2026-05-09,14,30,2,5,5,-5.7700000000000005,-1.8,40312.92508,30.129999999999995,,2624.9662623590675,20.301035687865774,-7.57
2026-05-09 12:45:00+00:00,2026-05-09 14:45:00+02:00,2026-05-09,14,45,3,5,5,-7.05,-1.8,39467.24574,35.53999999999999,,2732.096875465168,24.890158697766466,-8.85
2026-05-09 13:00:00+00:00,2026-05-09 15:00:00+02:00,2026-05-09,15,0,0,5,5,-10.41,0.72,38509.64322,8.179999999999993,,2640.4208885778467,8.775195154525052,-9.69
2026-05-09 13:15:00+00:00,2026-05-09 15:15:00+02:00,2026-05-09,15,15,1,5,5,-6.1,0.72,37445.5893,17.519999999999996,,3435.2061826135564,14.545186489007278,-5.38
2026-05-09 13:30:00+00:00,2026-05-09 15:30:00+02:00,2026-05-09,15,30,2,5,5,-2.8200000000000003,0.72,36302.14097,25.049999999999997,,3272.930419528026,17.28168973219922,-2.1
2026-05-09 13:45:00+00:00,2026-05-09 15:45:00+02:00,2026-05-09,15,45,3,5,5,11.469999999999999,0.72,35078.39235,26.489999999999995,,3483.8195553241394,18.441344853345157,12.19
2026-05-09 14:00:00+00:00,2026-05-09 16:00:00+02:00,2026-05-09,16,0,0,5,5,-22.169999999999998,29.15,33673.9316,-5.6299999999999955,,2722.4590757985297,2.1354624791833707,6.98
2026-05-09 14:15:00+00:00,2026-05-09 16:15:00+02:00,2026-05-09,16,15,1,5,5,-14.149999999999999,29.15,32088.0673,1.7600000000000051,,2223.493521532518,1.1525840533340792,15.0
2026-05-09 14:30:00+00:00,2026-05-09 16:30:00+02:00,2026-05-09,16,30,2,5,5,7.859999999999999,29.15,30343.47542,5.269999999999996,,2098.5551991312577,2.347594513539333,37.01
2026-05-09 14:45:00+00:00,2026-05-09 16:45:00+02:00,2026-05-09,16,45,3,5,5,36.68,29.15,28451.73588,14.120000000000005,,2298.4117225871078,8.294362543318206,65.83
2026-05-09 15:00:00+00:00,2026-05-09 17:00:00+02:00,2026-05-09,17,0,0,5,5,-42.89,92.95,26432.4464,-17.689999999999998,,3162.620489577822,9.107535341682729,50.06
2026-05-09 15:15:00+00:00,2026-05-09 17:15:00+02:00,2026-05-09,17,15,1,5,5,-8.079999999999998,92.95,24268.971,-8.599999999999994,,2475.9867315402116,5.3174429945228345,84.87
2026-05-09 15:30:00+00:00,2026-05-09 17:30:00+02:00,2026-05-09,17,30,2,5,5,0.5099999999999909,92.95,21971.86936,2.5400000000000063,,2960.832062714533,1.0535891039679723,93.46
2026-05-09 15:45:00+00:00,2026-05-09 17:45:00+02:00,2026-05-09,17,45,3,5,5,21.25999999999999,92.95,19593.17913,13.870000000000005,,3436.1169000852824,7.749890321804546,114.21
2026-05-09 16:00:00+00:00,2026-05-09 18:00:00+02:00,2026-05-09,18,0,0,5,5,-18.36,122.06,17138.49356,-19.930000000000007,,3198.2887205594047,12.07738382266624,103.7
2026-05-09 16:15:00+00:00,2026-05-09 18:15:00+02:00,2026-05-09,18,15,1,5,5,-11.030000000000001,122.06,14627.0323,-8.400000000000006,,3135.391571665751,5.854844148224615,111.03
2026-05-09 16:30:00+00:00,2026-05-09 18:30:00+02:00,2026-05-09,18,30,2,5,5,-5.920000000000002,122.06,12119.14254,-0.21000000000000796,,1904.9691861809918,0.3252691193458175,116.14
2026-05-09 16:45:00+00:00,2026-05-09 18:45:00+02:00,2026-05-09,18,45,3,5,5,9.289999999999992,122.06,9741.57837,10.310000000000002,,1817.5424903200644,9.291383104791244,131.35
2026-05-09 17:00:00+00:00,2026-05-09 19:00:00+02:00,2026-05-09,19,0,0,5,5,-19.14,138.94,7575.8105,-12.350000000000023,,1900.4010267658366,0.2687005768509049,119.8
2026-05-09 17:15:00+00:00,2026-05-09 19:15:00+02:00,2026-05-09,19,15,1,5,5,-12.829999999999998,138.94,5650.14085,-2.6200000000000045,,1106.2234301973672,14.276485912156392,126.11
2026-05-09 17:30:00+00:00,2026-05-09 19:30:00+02:00,2026-05-09,19,30,2,5,5,-6.800000000000011,138.94,4008.58627,7.069999999999993,,662.3266916124367,8.669129137347067,132.14
2026-05-09 17:45:00+00:00,2026-05-09 19:45:00+02:00,2026-05-09,19,45,3,5,5,11.800000000000011,138.94,2672.82081,18.69999999999999,,892.0237449025378,16.362450916656698,150.74
2026-05-09 18:00:00+00:00,2026-05-09 20:00:00+02:00,2026-05-09,20,0,0,5,5,-3.6100000000000136,146.5,1634.12769,8.810000000000002,,451.9435798137101,18.299923497107848,142.89
2026-05-09 18:15:00+00:00,2026-05-09 20:15:00+02:00,2026-05-09,20,15,1,5,5,3.5,146.5,883.4591,5.769999999999982,,444.53254283962906,17.698882733099286,150.0
2026-05-09 18:30:00+00:00,2026-05-09 20:30:00+02:00,2026-05-09,20,30,2,5,5,3.509999999999991,146.5,396.89166,3.769999999999982,,408.99954320152773,13.887577182503763,150.01
2026-05-09 18:45:00+00:00,2026-05-09 20:45:00+02:00,2026-05-09,20,45,3,5,5,-1.4000000000000057,146.5,133.40951,3.9299999999999784,,194.12378887056158,36.599846994215675,145.1
2026-05-09 19:00:00+00:00,2026-05-09 21:00:00+02:00,2026-05-09,21,0,0,5,5,9.049999999999983,141.43,34.78444,23.02000000000001,,274.6791823634919,29.92475897981471,150.48
2026-05-09 19:15:00+00:00,2026-05-09 21:15:00+02:00,2026-05-09,21,15,1,5,5,8.569999999999993,141.43,3.606,8.169999999999987,,406.93647007196,22.726411947335627,150.0
2026-05-09 19:30:00+00:00,2026-05-09 21:30:00+02:00,2026-05-09,21,30,2,5,5,2.0999999999999943,141.43,0.0,1.8100000000000023,,265.8680237580711,22.068802640832153,143.53
2026-05-09 19:45:00+00:00,2026-05-09 21:45:00+02:00,2026-05-09,21,45,3,5,5,-12.050000000000011,141.43,,-5.280000000000001,,393.2330326876683,20.145472196004746,129.38
2026-05-09 20:00:00+00:00,2026-05-09 22:00:00+02:00,2026-05-09,22,0,0,5,5,8.25,133.26,,5.639999999999986,,278.94125434496124,10.040916292848967,141.51
2026-05-09 20:15:00+00:00,2026-05-09 22:15:00+02:00,2026-05-09,22,15,1,5,5,4.650000000000006,133.26,,-1.5600000000000023,,23.86452930303158,2.5314422766478493,137.91
2026-05-09 20:30:00+00:00,2026-05-09 22:30:00+02:00,2026-05-09,22,30,2,5,5,-4.2099999999999795,133.26,,-3.8000000000000114,,207.03424984037676,4.080006127446366,129.05
2026-05-09 20:45:00+00:00,2026-05-09 22:45:00+02:00,2026-05-09,22,45,3,5,5,-9.33999999999999,133.26,,-9.240000000000009,,426.18846688799766,3.6203867196751265,123.92
2026-05-09 21:00:00+00:00,2026-05-09 23:00:00+02:00,2026-05-09,23,0,0,5,5,2.739999999999995,124.84,,3.7900000000000063,,411.2229881490714,11.77332790675603,127.58
2026-05-09 21:15:00+00:00,2026-05-09 23:15:00+02:00,2026-05-09,23,15,1,5,5,9.030000000000001,124.84,,0.8499999999999943,,679.2115346342505,5.324514062334703,133.87
2026-05-09 21:30:00+00:00,2026-05-09 23:30:00+02:00,2026-05-09,23,30,2,5,5,5.159999999999997,124.84,,-1.1800000000000068,,238.45616176535918,0.24748737341528762,130.0
2026-05-09 21:45:00+00:00,2026-05-09 23:45:00+02:00,2026-05-09,23,45,3,5,5,-4.210000000000008,124.84,,-8.870000000000005,,325.7572075797028,1.0889444430272877,120.63
2026-05-11 10:00:00+00:00,2026-05-11 12:00:00+02:00,2026-05-11,12,0,0,0,5,-7.200000000000003,95.0,21078.33963,,422.32701999999995,1343.906765330952,29.458068504231566,87.8
2026-05-11 10:15:00+00:00,2026-05-11 12:15:00+02:00,2026-05-11,12,15,1,0,5,-3.049999999999997,90.0,21398.96273,,367.53729999999996,1158.7558511072807,31.00663235503011,86.95
2026-05-11 10:30:00+00:00,2026-05-11 12:30:00+02:00,2026-05-11,12,30,2,0,5,-19.340000000000003,106.19,21589.58999,,410.44266000000016,633.7087731098882,23.242599897601817,86.85
2026-05-11 10:45:00+00:00,2026-05-11 12:45:00+02:00,2026-05-11,12,45,3,0,5,-11.420000000000002,97.02,21658.10511,,376.89247,573.8823462137741,20.605091603776,85.6
2026-05-11 11:00:00+00:00,2026-05-11 13:00:00+02:00,2026-05-11,13,0,0,0,5,-15.450000000000003,101.66,21616.62223,,396.4063000000001,1344.4166599819569,30.151033149794383,86.21
2026-05-11 11:15:00+00:00,2026-05-11 13:15:00+02:00,2026-05-11,13,15,1,0,5,-15.039999999999992,101.22,21498.04524,,481.94707000000005,1209.1976605382547,29.889403640755358,86.18
2026-05-11 11:30:00+00:00,2026-05-11 13:30:00+02:00,2026-05-11,13,30,2,0,5,-13.230000000000004,98.72,21351.82669,,492.6774700000001,1608.2996050165264,29.03380443551964,85.49
2026-05-11 11:45:00+00:00,2026-05-11 13:45:00+02:00,2026-05-11,13,45,3,0,5,6.3700000000000045,75.75,21095.77654,,459.6660300000001,1128.379367175046,23.977990950035817,82.12
2026-05-11 12:00:00+00:00,2026-05-11 14:00:00+02:00,2026-05-11,14,0,0,0,5,-13.340000000000003,97.33,20716.23634,,626.67746,1359.8325498774777,21.460690809011712,83.99
2026-05-11 12:15:00+00:00,2026-05-11 14:15:00+02:00,2026-05-11,14,15,1,0,5,-13.239999999999995,97.32,20275.27631,,708.1839500000001,1450.3062840352854,23.829498525986654,84.08
2026-05-11 12:30:00+00:00,2026-05-11 14:30:00+02:00,2026-05-11,14,30,2,0,5,-11.969999999999999,94.02,19796.13891,,641.49106,1900.427038231519,25.385133444597052,82.05
2026-05-11 12:45:00+00:00,2026-05-11 14:45:00+02:00,2026-05-11,14,45,3,0,5,-14.569999999999993,95.25,19237.15364,,629.4797599999999,1877.2758252898743,30.115677810735054,80.68
2026-05-11 13:00:00+00:00,2026-05-11 15:00:00+02:00,2026-05-11,15,0,0,0,5,-12.330000000000013,95.04,18638.49264,,422.46955,2557.479231471021,13.145115062257915,82.71
2026-05-11 13:15:00+00:00,2026-05-11 15:15:00+02:00,2026-05-11,15,15,1,0,5,-13.0,96.02,18013.75589,,365.92650000000003,2051.083242236291,16.70186217162625,83.02
2026-05-11 13:30:00+00:00,2026-05-11 15:30:00+02:00,2026-05-11,15,30,2,0,5,-12.600000000000009,95.9,17310.30614,,372.21605,1692.3040662782987,19.70706599166908,83.3
2026-05-11 13:45:00+00:00,2026-05-11 15:45:00+02:00,2026-05-11,15,45,3,0,5,-13.829999999999998,97.84,16515.71534,,336.19669999999996,2326.0372368409426,10.620743853421944,84.01
2026-05-11 14:00:00+00:00,2026-05-11 16:00:00+02:00,2026-05-11,16,0,0,0,5,0.20000000000000284,82.86,15674.08114,,422.8356100000001,2278.130577032572,11.695546160825499,83.06
2026-05-11 14:15:00+00:00,2026-05-11 16:15:00+02:00,2026-05-11,16,15,1,0,5,12.420000000000002,74.51,14773.30536,,368.86649999999986,2435.7211253073383,11.250068888677973,86.93
2026-05-11 14:30:00+00:00,2026-05-11 16:30:00+02:00,2026-05-11,16,30,2,0,5,-15.680000000000007,101.68,13839.8453,,446.1994199999999,2668.028781124332,1.8314065632731602,86.0
2026-05-11 14:45:00+00:00,2026-05-11 16:45:00+02:00,2026-05-11,16,45,3,0,5,-25.269999999999996,112.56,12901.11932,,455.2862600000001,2714.278099301304,15.952328983568504,87.29
2026-05-11 15:00:00+00:00,2026-05-11 17:00:00+02:00,2026-05-11,17,0,0,0,5,-14.070000000000007,101.65,11958.16269,,666.01522,3238.3098007174826,17.819090885900998,87.58
2026-05-11 15:15:00+00:00,2026-05-11 17:15:00+02:00,2026-05-11,17,15,1,0,5,17.36999999999999,82.62,11017.26824,,718.12149,2737.112339443608,0.3676955262169917,99.99
2026-05-11 15:30:00+00:00,2026-05-11 17:30:00+02:00,2026-05-11,17,30,2,0,5,-16.060000000000002,120.98,10075.85561,,668.7440900000001,3010.1664088025564,1.4354267658087023,104.92
2026-05-11 15:45:00+00:00,2026-05-11 17:45:00+02:00,2026-05-11,17,45,3,0,5,5.409999999999997,105.7,9114.03652,,655.9999499999999,3071.3377825611574,5.225519112968575,111.11
2026-05-11 16:00:00+00:00,2026-05-11 18:00:00+02:00,2026-05-11,18,0,0,0,5,-12.659999999999997,120.52,8124.23639,,579.3223499999999,2235.41218119027,1.1101576464628797,107.86
2026-05-11 16:15:00+00:00,2026-05-11 18:15:00+02:00,2026-05-11,18,15,1,0,5,5.780000000000001,109.2,7112.59271,,515.5149799999999,2258.003471818723,1.859690834520612,114.98
2026-05-11 16:30:00+00:00,2026-05-11 18:30:00+02:00,2026-05-11,18,30,2,0,5,-3.4399999999999977,122.52,6082.38351,,468.3029499999998,2381.843490190083,4.037579720575181,119.08
2026-05-11 16:45:00+00:00,2026-05-11 18:45:00+02:00,2026-05-11,18,45,3,0,5,0.23000000000000398,119.85,5079.87125,,391.4126500000002,2183.4322660603884,0.7212489168103,120.08
2026-05-11 17:00:00+00:00,2026-05-11 19:00:00+02:00,2026-05-11,19,0,0,0,5,19.58,109.2,4113.65178,,267.6126599999998,1620.5271467569337,4.801255044256642,128.78
2026-05-11 17:15:00+00:00,2026-05-11 19:15:00+02:00,2026-05-11,19,15,1,0,5,17.78,114.22,3200.28083,,-1.8133100000000013,1258.543708457377,7.219560235914645,132.0
2026-05-11 17:30:00+00:00,2026-05-11 19:30:00+02:00,2026-05-11,19,30,2,0,5,0.020000000000010232,131.98,2360.40556,,-241.79060000000027,943.9191670272724,9.807571055057418,132.0
2026-05-11 17:45:00+00:00,2026-05-11 19:45:00+02:00,2026-05-11,19,45,3,0,5,-4.990000000000009,141.99,1630.62088,,-461.72338999999965,405.0712209616768,4.879036790187161,137.0
2026-05-11 18:00:00+00:00,2026-05-11 20:00:00+02:00,2026-05-11,20,0,0,0,5,7.260000000000005,127.2,1049.51952,,-768.8600299999998,657.5210623168091,8.782266222336936,134.46
2026-05-11 18:15:00+00:00,2026-05-11 20:15:00+02:00,2026-05-11,20,15,1,0,5,8.200000000000017,128.14,613.9082,,-905.3540000000003,558.58428494543,1.6051323932934523,136.34
2026-05-11 18:30:00+00:00,2026-05-11 20:30:00+02:00,2026-05-11,20,30,2,0,5,3.789999999999992,133.33,314.64926,,-1045.0326099999993,672.3926479068513,0.18384776310861664,137.12
2026-05-11 18:45:00+00:00,2026-05-11 20:45:00+02:00,2026-05-11,20,45,3,0,5,1.2800000000000011,135.6,126.55716,,-1115.7870600000006,550.8814391178779,3.768879143724322,136.88
2026-05-11 19:00:00+00:00,2026-05-11 21:00:00+02:00,2026-05-11,21,0,0,0,5,8.129999999999995,128.78,36.87208,,-1511.84548,324.6705048768782,9.878281733176093,136.91
2026-05-11 19:15:00+00:00,2026-05-11 21:15:00+02:00,2026-05-11,21,15,1,0,5,6.75,128.2,12.54888,,-1584.1351399999994,484.8988395599099,0.28284271247489234,134.95
2026-05-11 19:30:00+00:00,2026-05-11 21:30:00+02:00,2026-05-11,21,30,2,0,5,10.409999999999997,121.5,0.0,,-1460.2110400000001,185.61038493260142,0.20506096654414135,131.91
2026-05-11 19:45:00+00:00,2026-05-11 21:45:00+02:00,2026-05-11,21,45,3,0,5,4.5,115.5,,,-1454.4216299999998,305.69551718325636,4.787112908632938,120.0
2026-05-11 20:00:00+00:00,2026-05-11 22:00:00+02:00,2026-05-11,22,0,0,0,5,4.579999999999998,125.61,,,-1364.5003800000004,461.21410068196093,1.845548698896895,130.19
2026-05-11 20:15:00+00:00,2026-05-11 22:15:00+02:00,2026-05-11,22,15,1,0,5,6.909999999999997,116.29,,,-1154.4463500000002,617.7998741373804,4.391133111168466,123.2
2026-05-11 20:30:00+00:00,2026-05-11 22:30:00+02:00,2026-05-11,22,30,2,0,5,-2.25,121.86,,,-1084.95021,589.9130019333137,0.2899137802864683,119.61
2026-05-11 20:45:00+00:00,2026-05-11 22:45:00+02:00,2026-05-11,22,45,3,0,5,4.950000000000003,110.05,,,-963.60286,749.2876863228065,0.07071067811864772,115.0
2026-05-11 21:00:00+00:00,2026-05-11 23:00:00+02:00,2026-05-11,23,0,0,0,5,5.780000000000001,110.71,,,-917.92598,605.1606223438196,0.742462120245901,116.49
2026-05-11 21:15:00+00:00,2026-05-11 23:15:00+02:00,2026-05-11,23,15,1,0,5,6.359999999999999,103.85,,,-701.1608200000001,610.4665251854944,5.784133470105964,110.21
2026-05-11 21:30:00+00:00,2026-05-11 23:30:00+02:00,2026-05-11,23,30,2,0,5,5.86999999999999,100.43,,,-578.48452,909.0434632939132,4.483056992722713,106.3
2026-05-11 21:45:00+00:00,2026-05-11 23:45:00+02:00,2026-05-11,23,45,3,0,5,-2.0600000000000023,101.06,,,-559.0788599999996,969.3999996589981,3.2951176003293092,99.0
2026-05-12 10:00:00+00:00,2026-05-12 12:00:00+02:00,2026-05-12,12,0,0,1,5,25.79,36.64,31541.068,-7.200000000000003,-694.0117599999999,1898.7927866382395,1.6546298679765186,62.43
2026-05-12 10:15:00+00:00,2026-05-12 12:15:00+02:00,2026-05-12,12,15,1,1,5,18.36,36.64,31948.81168,-3.049999999999997,-827.4508000000001,1452.0827678629107,5.183092706097394,55.0
2026-05-12 10:30:00+00:00,2026-05-12 12:30:00+02:00,2026-05-12,12,30,2,1,5,13.04,36.64,32243.87273,-19.340000000000003,-885.09826,890.837530850688,10.281332598452403,49.68
2026-05-12 10:45:00+00:00,2026-05-12 12:45:00+02:00,2026-05-12,12,45,3,1,5,7.359999999999999,36.64,32449.94575,-11.420000000000002,-895.3080399999999,805.049808099379,5.2467323164041835,44.0
2026-05-12 11:00:00+00:00,2026-05-12 13:00:00+02:00,2026-05-12,13,0,0,1,5,21.26,24.16,32522.74699,-15.450000000000003,-618.99719,1889.7520834939855,5.7558491988585,45.42
2026-05-12 11:15:00+00:00,2026-05-12 13:15:00+02:00,2026-05-12,13,15,1,1,5,13.870000000000001,24.16,32525.44173,-15.039999999999992,-628.0207700000001,1518.4456832648257,5.833630944789012,38.03
2026-05-12 11:30:00+00:00,2026-05-12 13:30:00+02:00,2026-05-12,13,30,2,1,5,3.84,24.16,32422.28544,-13.230000000000004,-691.7731899999999,2259.3325725418686,3.2031937187750636,28.0
2026-05-12 11:45:00+00:00,2026-05-12 13:45:00+02:00,2026-05-12,13,45,3,1,5,-1.0500000000000007,24.16,32229.94331,6.3700000000000045,-865.6103899999998,1457.6035804245641,10.641957056857544,23.11
2026-05-12 12:00:00+00:00,2026-05-12 14:00:00+02:00,2026-05-12,14,0,0,1,5,10.82,18.11,32130.99147,-13.340000000000003,-745.49658,1309.678808971402,2.948635277547905,28.93
2026-05-12 12:15:00+00:00,2026-05-12 14:15:00+02:00,2026-05-12,14,15,1,1,5,9.900000000000002,18.11,31810.39336,-13.239999999999995,-722.8235299999997,1645.0852020511404,3.5496760415564657,28.01
2026-05-12 12:30:00+00:00,2026-05-12 14:30:00+02:00,2026-05-12,14,30,2,1,5,13.899999999999999,18.11,31393.87382,-11.969999999999999,-763.5855799999999,1742.7345611537828,4.384062043356594,32.01
2026-05-12 12:45:00+00:00,2026-05-12 14:45:00+02:00,2026-05-12,14,45,3,1,5,20.090000000000003,18.11,30825.95396,-14.569999999999993,-762.20982,1913.5508002475688,5.317442994522833,38.2
2026-05-12 13:00:00+00:00,2026-05-12 15:00:00+02:00,2026-05-12,15,0,0,1,5,5.839999999999996,32.31,30131.53149,-12.330000000000013,-905.57404,3225.7813532384152,1.35764501987818,38.15
2026-05-12 13:15:00+00:00,2026-05-12 15:15:00+02:00,2026-05-12,15,15,1,1,5,10.68,32.31,29392.63534,-13.0,-850.6843600000002,2519.8311017610417,4.879036790187177,42.99
2026-05-12 13:30:00+00:00,2026-05-12 15:30:00+02:00,2026-05-12,15,30,2,1,5,19.78,32.31,28480.86914,-12.600000000000009,-1126.9691899999998,1536.3670140131117,6.915504320004441,52.09
2026-05-12 13:45:00+00:00,2026-05-12 15:45:00+02:00,2026-05-12,15,45,3,1,5,31.700000000000003,32.31,27386.21491,-13.829999999999998,-1149.84087,2990.1816942725513,17.88980156401965,64.01
2026-05-12 14:00:00+00:00,2026-05-12 16:00:00+02:00,2026-05-12,16,0,0,1,5,1.9399999999999977,57.06,26237.48321,0.20000000000000284,-1496.27747,2921.8399044810394,15.817978695143069,59.0
2026-05-12 14:15:00+00:00,2026-05-12 16:15:00+02:00,2026-05-12,16,15,1,1,5,17.14,57.06,24946.18177,12.420000000000002,-1320.2810099999997,2792.077826190645,18.78782717612657,74.2
2026-05-12 14:30:00+00:00,2026-05-12 16:30:00+02:00,2026-05-12,16,30,2,1,5,23.489999999999995,57.06,23600.82486,-15.680000000000007,-1594.7141699999993,3588.094900946293,16.645293629131334,80.55
2026-05-12 14:45:00+00:00,2026-05-12 16:45:00+02:00,2026-05-12,16,45,3,1,5,35.75,57.06,22085.80501,-25.269999999999996,-1244.4934699999994,3656.4869525949243,43.805265094506616,92.81
2026-05-12 15:00:00+00:00,2026-05-12 17:00:00+02:00,2026-05-12,17,0,0,1,5,-11.269999999999996,89.66,20441.01897,-14.070000000000007,-803.8247899999997,4548.532810847821,20.378817433796296,78.39
2026-05-12 15:15:00+00:00,2026-05-12 17:15:00+02:00,2026-05-12,17,15,1,1,5,-0.29999999999999716,89.66,18669.9949,17.36999999999999,31.872730000000047,3866.99533896652,17.995867581197626,89.36
2026-05-12 15:30:00+00:00,2026-05-12 17:30:00+02:00,2026-05-12,17,30,2,1,5,10.340000000000003,89.66,16831.9682,-16.060000000000002,357.6847600000001,4134.487532553755,11.716759364261089,100.0
2026-05-12 15:45:00+00:00,2026-05-12 17:45:00+02:00,2026-05-12,17,45,3,1,5,25.78,89.66,14952.09351,5.409999999999997,399.2690299999995,4073.0586109881756,11.207642481806774,115.44
2026-05-12 16:00:00+00:00,2026-05-12 18:00:00+02:00,2026-05-12,18,0,0,1,5,-18.599999999999994,117.69,13107.53476,-12.659999999999997,405.7435400000013,2970.4523098695427,4.030508652763323,99.09
2026-05-12 16:15:00+00:00,2026-05-12 18:15:00+02:00,2026-05-12,18,15,1,1,5,-9.689999999999998,117.69,11296.18851,5.780000000000001,437.8027499999989,2954.9464389152295,11.886464991745864,108.0
2026-05-12 16:30:00+00:00,2026-05-12 18:30:00+02:00,2026-05-12,18,30,2,1,5,3.740000000000009,117.69,9533.51697,-3.4399999999999977,423.40430000000015,3206.4321370181433,1.7536248173426408,121.43
2026-05-12 16:45:00+00:00,2026-05-12 18:45:00+02:00,2026-05-12,18,45,3,1,5,13.25,117.69,7843.5081,0.23000000000000398,308.9417400000002,2933.383683606316,6.406387437550112,130.94
2026-05-12 17:00:00+00:00,2026-05-12 19:00:00+02:00,2026-05-12,19,0,0,1,5,-14.929999999999993,139.64,6235.69812,19.58,269.94614999999976,2074.702092431173,27.37917456754312,124.71
2026-05-12 17:15:00+00:00,2026-05-12 19:15:00+02:00,2026-05-12,19,15,1,1,5,-7.049999999999983,139.64,4730.88783,17.78,140.58490000000165,1689.5823449680802,21.64453857212022,132.59
2026-05-12 17:30:00+00:00,2026-05-12 19:30:00+02:00,2026-05-12,19,30,2,1,5,1.200000000000017,139.64,3384.61455,0.020000000000010232,-92.94657000000007,1303.0347169827512,4.82246824769227,140.84
2026-05-12 17:45:00+00:00,2026-05-12 19:45:00+02:00,2026-05-12,19,45,3,1,5,11.470000000000027,139.64,2252.20134,-4.990000000000009,-487.08242999999857,447.8062068202111,11.872322856122148,151.11
2026-05-12 18:00:00+00:00,2026-05-12 20:00:00+02:00,2026-05-12,20,0,0,1,5,-3.509999999999991,144.38,1369.43352,7.260000000000005,-1091.4627099999998,748.1228204491505,7.6862507114977845,140.87
2026-05-12 18:15:00+00:00,2026-05-12 20:15:00+02:00,2026-05-12,20,15,1,1,5,-0.3199999999999932,144.38,752.31556,8.200000000000017,-1315.6528100000014,747.2047964430557,3.3234018715767855,144.06
2026-05-12 18:30:00+00:00,2026-05-12 20:30:00+02:00,2026-05-12,20,30,2,1,5,2.75,144.38,357.10953,3.789999999999992,-1334.2774800000007,950.602265293035,0.19798989873234624,147.13
2026-05-12 18:45:00+00:00,2026-05-12 20:45:00+02:00,2026-05-12,20,45,3,1,5,1.1200000000000045,144.38,137.06804,1.2800000000000011,-752.3302100000001,568.0330760313183,1.8950461735799522,145.5
2026-05-12 19:00:00+00:00,2026-05-12 21:00:00+02:00,2026-05-12,21,0,0,1,5,9.20999999999998,141.8,39.76406,8.129999999999995,-940.3890200000005,456.3147300872422,0.6505382386916149,151.01
2026-05-12 19:15:00+00:00,2026-05-12 21:15:00+02:00,2026-05-12,21,15,1,1,5,2.799999999999983,141.8,16.39516,6.75,-1174.779919999999,609.422287362158,1.2869343417595709,144.6
2026-05-12 19:30:00+00:00,2026-05-12 21:30:00+02:00,2026-05-12,21,30,2,1,5,-4.410000000000025,141.8,0.0,10.409999999999997,-880.7033800000008,48.38116803602846,5.876057351660213,137.39
2026-05-12 19:45:00+00:00,2026-05-12 21:45:00+02:00,2026-05-12,21,45,3,1,5,-9.340000000000003,141.8,,4.5,-1075.3185000000012,148.29705893081373,11.702617228637369,132.46
2026-05-12 20:00:00+00:00,2026-05-12 22:00:00+02:00,2026-05-12,22,0,0,1,5,5.569999999999993,130.55,,4.579999999999998,-1215.780200000001,557.7748884520319,2.5950818869546306,136.12
2026-05-12 20:15:00+00:00,2026-05-12 22:15:00+02:00,2026-05-12,22,15,1,1,5,2.7299999999999898,130.55,,6.909999999999997,-1254.9312799999989,753.3108063341748,1.598061325481591,133.28
2026-05-12 20:30:00+00:00,2026-05-12 22:30:00+02:00,2026-05-12,22,30,2,1,5,0.4899999999999807,130.55,,-2.25,-1342.3185599999997,582.4067403355183,1.3859292911256187,131.04
2026-05-12 20:45:00+00:00,2026-05-12 22:45:00+02:00,2026-05-12,22,45,3,1,5,-6.550000000000011,130.55,,4.950000000000003,-1442.3431099999998,1049.0710600388136,10.10455590315576,124.0
2026-05-12 21:00:00+00:00,2026-05-12 23:00:00+02:00,2026-05-12,23,0,0,1,5,10.719999999999999,118.25,,5.780000000000001,-1569.1421499999997,787.3102009654284,2.149604614807109,128.97
2026-05-12 21:15:00+00:00,2026-05-12 23:15:00+02:00,2026-05-12,23,15,1,1,5,3.1099999999999994,118.25,,6.359999999999999,-1474.2962900000002,808.9699479902024,1.8879751057680831,121.36
2026-05-12 21:30:00+00:00,2026-05-12 23:30:00+02:00,2026-05-12,23,30,2,1,5,-0.8599999999999994,118.25,,5.86999999999999,-1402.5551800000012,1079.7268224734767,0.5020458146424444,117.39
2026-05-12 21:45:00+00:00,2026-05-12 23:45:00+02:00,2026-05-12,23,45,3,1,5,-7.469999999999999,118.25,,-2.0600000000000023,-1234.88472,1156.2622467402166,1.5202795795510813,110.78
2026-05-14 10:00:00+00:00,2026-05-14 12:00:00+02:00,2026-05-14,12,0,0,3,5,16.660000000000004,26.9,29442.6591,,2014.6308900000004,1629.27325709816,23.327452711344204,43.56
2026-05-14 10:15:00+00:00,2026-05-14 12:15:00+02:00,2026-05-14,12,15,1,3,5,15.54,20.14,29923.19236,,2635.5971900000004,2295.33487682932,15.13915618520398,35.68
2026-05-14 10:30:00+00:00,2026-05-14 12:30:00+02:00,2026-05-14,12,30,2,3,5,17.78,14.22,30307.32626,,3321.759979999999,1062.6942959577627,22.89611757482041,32.0
2026-05-14 10:45:00+00:00,2026-05-14 12:45:00+02:00,2026-05-14,12,45,3,3,5,18.11,5.87,30624.39791,,3919.610700000001,2473.068579636001,13.279465350683363,23.98
2026-05-14 11:00:00+00:00,2026-05-14 13:00:00+02:00,2026-05-14,13,0,0,3,5,15.760000000000002,10.0,30785.21438,,3712.886119999999,1925.293022527023,25.95788993735816,25.76
2026-05-14 11:15:00+00:00,2026-05-14 13:15:00+02:00,2026-05-14,13,15,1,3,5,11.760000000000002,8.25,30832.27091,,3925.88205,1773.4583507963357,20.442457044103083,20.01
2026-05-14 11:30:00+00:00,2026-05-14 13:30:00+02:00,2026-05-14,13,30,2,3,5,11.720000000000002,5.47,30824.03852,,4296.400959999999,1896.0872659857737,12.070312754854369,17.19
2026-05-14 11:45:00+00:00,2026-05-14 13:45:00+02:00,2026-05-14,13,45,3,3,5,8.48,5.24,30759.10826,,4832.15178,1047.1701738703262,5.246732316404186,13.72
2026-05-14 12:00:00+00:00,2026-05-14 14:00:00+02:00,2026-05-14,14,0,0,3,5,16.71,1.68,30475.53388,,4555.691869999999,522.1097263138894,17.08369983346699,18.39
2026-05-14 12:15:00+00:00,2026-05-14 14:15:00+02:00,2026-05-14,14,15,1,3,5,15.66,0.22,30347.74879,,4440.54305,1155.4116283951419,16.36245091665671,15.88
2026-05-14 12:30:00+00:00,2026-05-14 14:30:00+02:00,2026-05-14,14,30,2,3,5,13.71,2.3,30212.60262,,4138.145260000001,1318.7227640997485,18.292852429295984,16.01
2026-05-14 12:45:00+00:00,2026-05-14 14:45:00+02:00,2026-05-14,14,45,3,3,5,12.4,5.74,29901.58114,,3680.391489999998,1097.683968180228,24.508321035925732,18.14
2026-05-14 13:00:00+00:00,2026-05-14 15:00:00+02:00,2026-05-14,15,0,0,3,5,16.21,0.99,29384.68608,,3788.4825699999965,853.1908257019538,12.848130214159575,17.2
2026-05-14 13:15:00+00:00,2026-05-14 15:15:00+02:00,2026-05-14,15,15,1,3,5,17.43,2.3,28790.76272,,3603.8704199999993,264.47874348791265,16.744288578497446,19.73
2026-05-14 13:30:00+00:00,2026-05-14 15:30:00+02:00,2026-05-14,15,30,2,3,5,24.08,11.0,28014.39573,,3644.5750399999997,809.5582176986333,22.896117574820416,35.08
2026-05-14 13:45:00+00:00,2026-05-14 15:45:00+02:00,2026-05-14,15,45,3,3,5,19.439999999999998,40.56,27022.39911,,2951.0862899999993,938.5461222509709,32.19457174742351,60.0
2026-05-14 14:00:00+00:00,2026-05-14 16:00:00+02:00,2026-05-14,16,0,0,3,5,34.940000000000005,12.76,25997.12288,,2334.8036699999975,689.0078428924985,1.230365799264589,47.7
2026-05-14 14:15:00+00:00,2026-05-14 16:15:00+02:00,2026-05-14,16,15,1,3,5,10.100000000000001,56.23,24810.81622,,1904.6448400000008,1065.2101840065488,3.3375440072005036,66.33
2026-05-14 14:30:00+00:00,2026-05-14 16:30:00+02:00,2026-05-14,16,30,2,3,5,4.200000000000003,81.85,23508.29133,,1210.7359199999992,1607.1517799518722,27.69737261907707,86.05
2026-05-14 14:45:00+00:00,2026-05-14 16:45:00+02:00,2026-05-14,16,45,3,3,5,-8.11,105.54,22060.05133,,256.7869299999984,1507.7422227672455,43.14765578800313,97.43
2026-05-14 15:00:00+00:00,2026-05-14 17:00:00+02:00,2026-05-14,17,0,0,3,5,17.860000000000007,62.48,20567.77325,,-658.6356899999992,1203.5262518229015,1.9798989873223412,80.34
2026-05-14 15:15:00+00:00,2026-05-14 17:15:00+02:00,2026-05-14,17,15,1,3,5,2.259999999999991,90.51,18987.866,,-1304.3647799999999,1203.8960318999132,12.494576823566286,92.77
2026-05-14 15:30:00+00:00,2026-05-14 17:30:00+02:00,2026-05-14,17,30,2,3,5,10.66000000000001,93.57,17350.26521,,-1454.3346700000002,1406.3512696502514,18.667619023324857,104.23
2026-05-14 15:45:00+00:00,2026-05-14 17:45:00+02:00,2026-05-14,17,45,3,3,5,11.429999999999993,108.03,15634.47506,,-1572.0344299999997,2016.4186710349818,14.403765132769976,119.46
2026-05-14 16:00:00+00:00,2026-05-14 18:00:00+02:00,2026-05-14,18,0,0,3,5,-0.9300000000000068,105.78,13851.08817,,-1714.8356399999975,1251.6885667746155,4.20021428024809,104.85
2026-05-14 16:15:00+00:00,2026-05-14 18:15:00+02:00,2026-05-14,18,15,1,3,5,2.069999999999993,113.89,11994.12488,,-1912.7640200000023,1259.360501402218,10.93894190495589,115.96
2026-05-14 16:30:00+00:00,2026-05-14 18:30:00+02:00,2026-05-14,18,30,2,3,5,-6.139999999999986,132.29,10139.30065,,-2285.9324300000007,1997.0654667324623,5.077026688919416,126.15
2026-05-14 16:45:00+00:00,2026-05-14 18:45:00+02:00,2026-05-14,18,45,3,3,5,-17.460000000000008,154.5,8356.27001,,-2769.0433999999987,1526.6490093456011,9.206530291048846,137.04
2026-05-14 17:00:00+00:00,2026-05-14 19:00:00+02:00,2026-05-14,19,0,0,3,5,-0.4299999999999926,124.91,6708.0701,,-2825.88235,620.5648279368401,24.40225501874775,124.48
2026-05-14 17:15:00+00:00,2026-05-14 19:15:00+02:00,2026-05-14,19,15,1,3,5,-3.1399999999999864,135.79,5196.60403,,-2767.916289999999,1154.8777316626492,17.557461376861966,132.65
2026-05-14 17:30:00+00:00,2026-05-14 19:30:00+02:00,2026-05-14,19,30,2,3,5,-5.1200000000000045,146.09,3846.69163,,-2644.0108499999988,1096.7698290187975,0.8343860018001309,140.97
2026-05-14 17:45:00+00:00,2026-05-14 19:45:00+02:00,2026-05-14,19,45,3,3,5,-22.430000000000007,172.8,2692.35441,,-2779.6884100000007,1626.738246053582,11.638977618330598,150.37
2026-05-14 18:00:00+00:00,2026-05-14 20:00:00+02:00,2026-05-14,20,0,0,3,5,-6.77000000000001,149.78,1749.69777,,-2663.042020000001,1373.9400615982777,7.615540033379114,143.01
2026-05-14 18:15:00+00:00,2026-05-14 20:15:00+02:00,2026-05-14,20,15,1,3,5,0.46000000000000796,148.37,1043.69047,,-2286.7427400000015,1562.35095588561,6.024549775709392,148.83
2026-05-14 18:30:00+00:00,2026-05-14 20:30:00+02:00,2026-05-14,20,30,2,3,5,-7.590000000000003,160.86,531.6564,,-1815.2503499999984,1430.013027598499,0.7353910524340336,153.27
2026-05-14 18:45:00+00:00,2026-05-14 20:45:00+02:00,2026-05-14,20,45,3,3,5,-1.9599999999999795,160.7,205.07818,,-1322.5301800000016,1787.1533587606905,0.11313708498984519,158.74
2026-05-14 19:00:00+00:00,2026-05-14 21:00:00+02:00,2026-05-14,21,0,0,3,5,-12.160000000000025,172.33,53.15883,,-1020.0043000000005,1274.2255264304943,0.7636753236814601,160.17
2026-05-14 19:15:00+00:00,2026-05-14 21:15:00+02:00,2026-05-14,21,15,1,3,5,-5.0,164.99,22.10819,,-919.5059600000004,956.4567353817735,2.7930717856868745,159.99
2026-05-14 19:30:00+00:00,2026-05-14 21:30:00+02:00,2026-05-14,21,30,2,3,5,-7.75,159.99,0.0,,-616.1920900000005,656.8547712420623,10.479322497184649,152.24
2026-05-14 19:45:00+00:00,2026-05-14 21:45:00+02:00,2026-05-14,21,45,3,3,5,-2.329999999999984,147.54,,,-482.70110999999997,787.6710912959871,9.78635785162182,145.21
2026-05-14 20:00:00+00:00,2026-05-14 22:00:00+02:00,2026-05-14,22,0,0,3,5,-12.329999999999984,168.17,,,-188.5027599999994,1226.489201595147,0.7000357133746784,155.84
2026-05-14 20:15:00+00:00,2026-05-14 22:15:00+02:00,2026-05-14,22,15,1,3,5,2.1399999999999864,150.27,,,18.9706299999998,1402.4347678238141,2.9557063453597734,152.41
2026-05-14 20:30:00+00:00,2026-05-14 22:30:00+02:00,2026-05-14,22,30,2,3,5,0.8000000000000114,145.39,,,621.7828899999986,1155.4851533582598,1.9374725804511266,146.19
2026-05-14 20:45:00+00:00,2026-05-14 22:45:00+02:00,2026-05-14,22,45,3,3,5,-1.6200000000000045,139.81,,,500.4935399999995,1331.188725726093,8.131727983645307,138.19
2026-05-14 21:00:00+00:00,2026-05-14 23:00:00+02:00,2026-05-14,23,0,0,3,5,1.25,144.42,,,320.14921999999933,1094.1325074011559,3.493107499061543,145.67
2026-05-14 21:15:00+00:00,2026-05-14 23:15:00+02:00,2026-05-14,23,15,1,3,5,-0.1599999999999966,137.4,,,355.72063999999955,671.920616010404,2.2980970388562794,137.24
2026-05-14 21:30:00+00:00,2026-05-14 23:30:00+02:00,2026-05-14,23,30,2,3,5,-3.4099999999999966,133.71,,,315.65409,498.1306089427481,4.758828637385458,130.3
2026-05-14 21:45:00+00:00,2026-05-14 23:45:00+02:00,2026-05-14,23,45,3,3,5,-2.950000000000003,129.75,,,326.2852500000008,744.6741312767649,3.8254476862192197,126.8
2026-05-19 10:00:00+00:00,2026-05-19 12:00:00+02:00,2026-05-19,12,0,0,1,5,-8.560000000000002,76.65,40597.50739,,,,,68.09
2026-05-19 10:15:00+00:00,2026-05-19 12:15:00+02:00,2026-05-19,12,15,1,1,5,-9.629999999999995,76.21,40471.635,,,,,66.58
2026-05-19 10:30:00+00:00,2026-05-19 12:30:00+02:00,2026-05-19,12,30,2,1,5,2.0799999999999983,63.34,40291.50955,,,,,65.42
2026-05-19 10:45:00+00:00,2026-05-19 12:45:00+02:00,2026-05-19,12,45,3,1,5,-5.469999999999999,69.39,39991.02888,,,,,63.92
2026-05-19 11:00:00+00:00,2026-05-19 13:00:00+02:00,2026-05-19,13,0,0,1,5,-6.420000000000002,74.12,39624.36597,,,,,67.7
2026-05-19 11:15:00+00:00,2026-05-19 13:15:00+02:00,2026-05-19,13,15,1,1,5,-5.469999999999999,73.65,39191.20532,,,,,68.18
2026-05-19 11:30:00+00:00,2026-05-19 13:30:00+02:00,2026-05-19,13,30,2,1,5,-3.839999999999989,74.02,38680.63857,,,,,70.18
2026-05-19 11:45:00+00:00,2026-05-19 13:45:00+02:00,2026-05-19,13,45,3,1,5,-5.310000000000002,73.16,38119.65213,,,,,67.85
2026-05-19 12:00:00+00:00,2026-05-19 14:00:00+02:00,2026-05-19,14,0,0,1,5,-8.570000000000007,75.76,37599.64391,,,,,67.19
2026-05-19 12:15:00+00:00,2026-05-19 14:15:00+02:00,2026-05-19,14,15,1,1,5,-8.079999999999998,78.01,36828.5488,,,,,69.93
2026-05-19 12:30:00+00:00,2026-05-19 14:30:00+02:00,2026-05-19,14,30,2,1,5,-5.230000000000004,77.15,35916.79346,,,,,71.92
2026-05-19 12:45:00+00:00,2026-05-19 14:45:00+02:00,2026-05-19,14,45,3,1,5,-9.0,81.0,34880.40669,,,,,72.0
2026-05-19 13:00:00+00:00,2026-05-19 15:00:00+02:00,2026-05-19,15,0,0,1,5,-5.950000000000003,77.67,33816.42165,,,,,71.72
2026-05-19 13:15:00+00:00,2026-05-19 15:15:00+02:00,2026-05-19,15,15,1,1,5,-7.38000000000001,84.7,32645.47459,,,,,77.32
2026-05-19 13:30:00+00:00,2026-05-19 15:30:00+02:00,2026-05-19,15,30,2,1,5,-13.079999999999998,95.14,31349.53189,,,,,82.06
2026-05-19 13:45:00+00:00,2026-05-19 15:45:00+02:00,2026-05-19,15,45,3,1,5,-6.8799999999999955,96.66,29987.42942,,,,,89.78
2026-05-19 14:00:00+00:00,2026-05-19 16:00:00+02:00,2026-05-19,16,0,0,1,5,-3.680000000000007,89.48,28457.98716,,,,,85.8
2026-05-19 14:15:00+00:00,2026-05-19 16:15:00+02:00,2026-05-19,16,15,1,1,5,-5.930000000000007,98.42,26871.06802,,,,,92.49
2026-05-19 14:30:00+00:00,2026-05-19 16:30:00+02:00,2026-05-19,16,30,2,1,5,-11.940000000000012,108.4,25216.70853,,,,,96.46
2026-05-19 14:45:00+00:00,2026-05-19 16:45:00+02:00,2026-05-19,16,45,3,1,5,-14.940000000000012,115.26,23482.14536,,,,,100.32
2026-05-19 15:00:00+00:00,2026-05-19 17:00:00+02:00,2026-05-19,17,0,0,1,5,-3.2900000000000063,105.06,21660.88513,,,,,101.77
2026-05-19 15:15:00+00:00,2026-05-19 17:15:00+02:00,2026-05-19,17,15,1,1,5,-8.929999999999993,119.99,19760.07275,,,,,111.06
2026-05-19 15:30:00+00:00,2026-05-19 17:30:00+02:00,2026-05-19,17,30,2,1,5,-15.570000000000007,136.59,17761.68752,,,,,121.02
2026-05-19 15:45:00+00:00,2026-05-19 17:45:00+02:00,2026-05-19,17,45,3,1,5,-20.109999999999985,147.29,15720.4865,,,,,127.18
2026-05-19 16:00:00+00:00,2026-05-19 18:00:00+02:00,2026-05-19,18,0,0,1,5,-9.610000000000014,129.21,13723.44007,,,,,119.6
2026-05-19 16:15:00+00:00,2026-05-19 18:15:00+02:00,2026-05-19,18,15,1,1,5,-8.289999999999992,138.66,11805.06087,,,,,130.37
2026-05-19 16:30:00+00:00,2026-05-19 18:30:00+02:00,2026-05-19,18,30,2,1,5,-8.969999999999999,150.0,9973.83751,,,,,141.03
2026-05-19 16:45:00+00:00,2026-05-19 18:45:00+02:00,2026-05-19,18,45,3,1,5,-12.990000000000009,168.9,8237.14634,,,,,155.91
2026-05-19 17:00:00+00:00,2026-05-19 19:00:00+02:00,2026-05-19,19,0,0,1,5,-5.610000000000014,148.84,6595.59202,,,,,143.23
2026-05-19 17:15:00+00:00,2026-05-19 19:15:00+02:00,2026-05-19,19,15,1,1,5,-3.359999999999985,159.35,5080.59318,,,,,155.99
2026-05-19 17:30:00+00:00,2026-05-19 19:30:00+02:00,2026-05-19,19,30,2,1,5,-4.489999999999981,172.48,3755.39791,,,,,167.99
2026-05-19 17:45:00+00:00,2026-05-19 19:45:00+02:00,2026-05-19,19,45,3,1,5,-17.70999999999998,212.7,2627.7579,,,,,194.99
2026-05-19 18:00:00+00:00,2026-05-19 20:00:00+02:00,2026-05-19,20,0,0,1,5,5.110000000000014,180.22,1711.86658,,,,,185.33
2026-05-19 18:15:00+00:00,2026-05-19 20:15:00+02:00,2026-05-19,20,15,1,1,5,-5.349999999999994,189.35,1020.18029,,,,,184.0
2026-05-19 18:30:00+00:00,2026-05-19 20:30:00+02:00,2026-05-19,20,30,2,1,5,-18.390000000000015,199.99,525.41131,,,,,181.6
2026-05-19 18:45:00+00:00,2026-05-19 20:45:00+02:00,2026-05-19,20,45,3,1,5,1.9899999999999807,173.68,203.14141,,,,,175.67
2026-05-19 19:00:00+00:00,2026-05-19 21:00:00+02:00,2026-05-19,21,0,0,1,5,-11.409999999999997,191.4,46.67219,,,,,179.99
2026-05-19 19:15:00+00:00,2026-05-19 21:15:00+02:00,2026-05-19,21,15,1,1,5,-14.899999999999977,172.2,16.50684,,,,,157.3
2026-05-19 19:30:00+00:00,2026-05-19 21:30:00+02:00,2026-05-19,21,30,2,1,5,-9.52000000000001,161.52,2.803,,,,,152.0
2026-05-19 19:45:00+00:00,2026-05-19 21:45:00+02:00,2026-05-19,21,45,3,1,5,-12.569999999999993,153.68,0.0,,,,,141.11
2026-05-19 20:00:00+00:00,2026-05-19 22:00:00+02:00,2026-05-19,22,0,0,1,5,-7.9599999999999795,155.95,,,,,,147.99
2026-05-19 20:15:00+00:00,2026-05-19 22:15:00+02:00,2026-05-19,22,15,1,1,5,-9.299999999999983,150.89,,,,,,141.59
2026-05-19 20:30:00+00:00,2026-05-19 22:30:00+02:00,2026-05-19,22,30,2,1,5,-7.530000000000001,141.38,,,,,,133.85
2026-05-19 20:45:00+00:00,2026-05-19 22:45:00+02:00,2026-05-19,22,45,3,1,5,-2.930000000000007,128.77,,,,,,125.84
2026-05-19 21:00:00+00:00,2026-05-19 23:00:00+02:00,2026-05-19,23,0,0,1,5,-13.95999999999998,140.89,,,,,,126.93
2026-05-19 21:15:00+00:00,2026-05-19 23:15:00+02:00,2026-05-19,23,15,1,1,5,-12.760000000000005,133.99,,,,,,121.23
2026-05-19 21:30:00+00:00,2026-05-19 23:30:00+02:00,2026-05-19,23,30,2,1,5,-13.049999999999983,129.39,,,,,,116.34
2026-05-19 21:45:00+00:00,2026-05-19 23:45:00+02:00,2026-05-19,23,45,3,1,5,-17.72,123.62,,,,,,105.9
2026-05-21 10:00:00+00:00,2026-05-21 12:00:00+02:00,2026-05-21,12,0,0,3,5,-12.779999999999998,34.4,39745.66222,,,,,21.62
2026-05-21 10:15:00+00:00,2026-05-21 12:15:00+02:00,2026-05-21,12,15,1,3,5,-18.610000000000003,36.31,39836.28804,,,,,17.7
2026-05-21 10:30:00+00:00,2026-05-21 12:30:00+02:00,2026-05-21,12,30,2,3,5,-14.700000000000001,30.6,39841.8518,,,,,15.9
2026-05-21 10:45:00+00:00,2026-05-21 12:45:00+02:00,2026-05-21,12,45,3,3,5,3.870000000000001,10.01,39762.28891,,,,,13.88
2026-05-21 11:00:00+00:00,2026-05-21 13:00:00+02:00,2026-05-21,13,0,0,3,5,4.880000000000001,10.12,39624.97844,,,,,15.0
2026-05-21 11:15:00+00:00,2026-05-21 13:15:00+02:00,2026-05-21,13,15,1,3,5,-8.519999999999998,23.9,39361.76253,,,,,15.38
2026-05-21 11:30:00+00:00,2026-05-21 13:30:00+02:00,2026-05-21,13,30,2,3,5,8.790000000000001,6.26,38953.92694,,,,,15.05
2026-05-21 11:45:00+00:00,2026-05-21 13:45:00+02:00,2026-05-21,13,45,3,3,5,4.460000000000001,13.3,38490.67635,,,,,17.76
2026-05-21 12:00:00+00:00,2026-05-21 14:00:00+02:00,2026-05-21,14,0,0,3,5,10.5,5.0,38224.68933,,,,,15.5
2026-05-21 12:15:00+00:00,2026-05-21 14:15:00+02:00,2026-05-21,14,15,1,3,5,7.6800000000000015,9.1,37653.86392,,,,,16.78
2026-05-21 12:30:00+00:00,2026-05-21 14:30:00+02:00,2026-05-21,14,30,2,3,5,8.86,9.34,36963.18785,,,,,18.2
2026-05-21 12:45:00+00:00,2026-05-21 14:45:00+02:00,2026-05-21,14,45,3,3,5,12.069999999999999,11.81,36113.65958,,,,,23.88
2026-05-21 13:00:00+00:00,2026-05-21 15:00:00+02:00,2026-05-21,15,0,0,3,5,11.680000000000001,9.1,35183.5812,,,,,20.78
2026-05-21 13:15:00+00:00,2026-05-21 15:15:00+02:00,2026-05-21,15,15,1,3,5,-20.7,44.69,34152.75182,,,,,23.99
2026-05-21 13:30:00+00:00,2026-05-21 15:30:00+02:00,2026-05-21,15,30,2,3,5,-2.4099999999999966,46.72,33037.20066,,,,,44.31
2026-05-21 13:45:00+00:00,2026-05-21 15:45:00+02:00,2026-05-21,15,45,3,3,5,-5.230000000000004,64.9,31886.32126,,,,,59.67
2026-05-21 14:00:00+00:00,2026-05-21 16:00:00+02:00,2026-05-21,16,0,0,3,5,17.0,27.57,30594.18242,,,,,44.57
2026-05-21 14:15:00+00:00,2026-05-21 16:15:00+02:00,2026-05-21,16,15,1,3,5,2.75,67.33,29213.58818,,,,,70.08
2026-05-21 14:30:00+00:00,2026-05-21 16:30:00+02:00,2026-05-21,16,30,2,3,5,-1.1499999999999915,90.66,27725.74339,,,,,89.51
2026-05-21 14:45:00+00:00,2026-05-21 16:45:00+02:00,2026-05-21,16,45,3,3,5,-2.4399999999999977,101.27,26109.86639,,,,,98.83
2026-05-21 15:00:00+00:00,2026-05-21 17:00:00+02:00,2026-05-21,17,0,0,3,5,0.5899999999999892,83.4,24398.05294,,,,,83.99
2026-05-21 15:15:00+00:00,2026-05-21 17:15:00+02:00,2026-05-21,17,15,1,3,5,0.3199999999999932,100.0,22574.92372,,,,,100.32
2026-05-21 15:30:00+00:00,2026-05-21 17:30:00+02:00,2026-05-21,17,30,2,3,5,-5.109999999999999,121.1,20656.58153,,,,,115.99
2026-05-21 15:45:00+00:00,2026-05-21 17:45:00+02:00,2026-05-21,17,45,3,3,5,-7.409999999999997,138.67,18680.02941,,,,,131.26
2026-05-21 16:00:00+00:00,2026-05-21 18:00:00+02:00,2026-05-21,18,0,0,3,5,2.8500000000000085,113.13,16691.90686,,,,,115.98
2026-05-21 16:15:00+00:00,2026-05-21 18:15:00+02:00,2026-05-21,18,15,1,3,5,-1.3100000000000023,128.99,14661.53485,,,,,127.68
2026-05-21 16:30:00+00:00,2026-05-21 18:30:00+02:00,2026-05-21,18,30,2,3,5,-4.389999999999986,146.45,12627.18983,,,,,142.06
2026-05-21 16:45:00+00:00,2026-05-21 18:45:00+02:00,2026-05-21,18,45,3,3,5,-1.6099999999999852,153.04,10634.20674,,,,,151.43
2026-05-21 17:00:00+00:00,2026-05-21 19:00:00+02:00,2026-05-21,19,0,0,3,5,-5.569999999999993,141.59,8736.93818,,,,,136.02
2026-05-21 17:15:00+00:00,2026-05-21 19:15:00+02:00,2026-05-21,19,15,1,3,5,2.269999999999982,148.11,6935.615,,,,,150.38
2026-05-21 17:30:00+00:00,2026-05-21 19:30:00+02:00,2026-05-21,19,30,2,3,5,1.170000000000016,160.1,5290.89608,,,,,161.27
2026-05-21 17:45:00+00:00,2026-05-21 19:45:00+02:00,2026-05-21,19,45,3,3,5,-10.47999999999999,194.81,3839.68327,,,,,184.33
2026-05-21 18:00:00+00:00,2026-05-21 20:00:00+02:00,2026-05-21,20,0,0,3,5,0.5099999999999909,174.3,2628.36607,,,,,174.81
2026-05-21 18:15:00+00:00,2026-05-21 20:15:00+02:00,2026-05-21,20,15,1,3,5,9.509999999999991,182.28,1645.44776,,,,,191.79
2026-05-21 18:30:00+00:00,2026-05-21 20:30:00+02:00,2026-05-21,20,30,2,3,5,-8.920000000000016,218.71,902.37855,,,,,209.79
2026-05-21 18:45:00+00:00,2026-05-21 20:45:00+02:00,2026-05-21,20,45,3,3,5,24.169999999999987,198.24,371.27386,,,,,222.41
2026-05-21 19:00:00+00:00,2026-05-21 21:00:00+02:00,2026-05-21,21,0,0,3,5,32.25,183.24,94.99691,,,,,215.49
2026-05-21 19:15:00+00:00,2026-05-21 21:15:00+02:00,2026-05-21,21,15,1,3,5,17.159999999999997,176.99,29.92031,,,,,194.15
2026-05-21 19:30:00+00:00,2026-05-21 21:30:00+02:00,2026-05-21,21,30,2,3,5,-1.5500000000000114,179.72,13.07157,,,,,178.17
2026-05-21 19:45:00+00:00,2026-05-21 21:45:00+02:00,2026-05-21,21,45,3,3,5,1.2299999999999898,160.0,0.0,,,,,161.23
2026-05-21 20:00:00+00:00,2026-05-21 22:00:00+02:00,2026-05-21,22,0,0,3,5,9.25,167.92,,,,,,177.17
2026-05-21 20:15:00+00:00,2026-05-21 22:15:00+02:00,2026-05-21,22,15,1,3,5,-1.4399999999999977,161.45,,,,,,160.01
2026-05-21 20:30:00+00:00,2026-05-21 22:30:00+02:00,2026-05-21,22,30,2,3,5,-6.810000000000002,159.99,,,,,,153.18
2026-05-21 20:45:00+00:00,2026-05-21 22:45:00+02:00,2026-05-21,22,45,3,3,5,0.8600000000000136,149.38,,,,,,150.24
2026-05-21 21:00:00+00:00,2026-05-21 23:00:00+02:00,2026-05-21,23,0,0,3,5,-1.9699999999999989,151.77,,,,,,149.8
2026-05-21 21:15:00+00:00,2026-05-21 23:15:00+02:00,2026-05-21,23,15,1,3,5,0.5099999999999909,144.3,,,,,,144.81
2026-05-21 21:30:00+00:00,2026-05-21 23:30:00+02:00,2026-05-21,23,30,2,3,5,-3.6200000000000045,144.01,,,,,,140.39
2026-05-21 21:45:00+00:00,2026-05-21 23:45:00+02:00,2026-05-21,23,45,3,3,5,-2.180000000000007,138.82,,,,,,136.64
2026-05-22 10:00:00+00:00,2026-05-22 12:00:00+02:00,2026-05-22,12,0,0,4,5,16.439999999999998,2.89,48022.43349,-12.779999999999998,,,2.983990616607227,19.33
2026-05-22 10:15:00+00:00,2026-05-22 12:15:00+02:00,2026-05-22,12,15,1,4,5,10.76,6.67,48344.4863,-18.610000000000003,,,6.349818895055202,17.43
2026-05-22 10:30:00+00:00,2026-05-22 12:30:00+02:00,2026-05-22,12,30,2,4,5,13.79,2.3,48522.78398,-14.700000000000001,,,11.865251788310268,16.09
2026-05-22 10:45:00+00:00,2026-05-22 12:45:00+02:00,2026-05-22,12,45,3,4,5,14.27,2.43,48571.1173,3.870000000000001,,,6.6043773362823535,16.7
2026-05-22 11:00:00+00:00,2026-05-22 13:00:00+02:00,2026-05-22,13,0,0,4,5,20.02,-6.13,48557.0475,4.880000000000001,,,7.990306627407989,13.89
2026-05-22 11:15:00+00:00,2026-05-22 13:15:00+02:00,2026-05-22,13,15,1,4,5,11.55,3.53,48400.33307,-8.519999999999998,,,2.1566756826189692,15.08
2026-05-22 11:30:00+00:00,2026-05-22 13:30:00+02:00,2026-05-22,13,30,2,4,5,9.7,6.91,48062.08377,8.790000000000001,,,8.930758646386089,16.61
2026-05-22 11:45:00+00:00,2026-05-22 13:45:00+02:00,2026-05-22,13,45,3,4,5,15.780000000000001,0.23,47691.89998,4.460000000000001,,,6.908433252192571,16.01
2026-05-22 12:00:00+00:00,2026-05-22 14:00:00+02:00,2026-05-22,14,0,0,4,5,18.64,-7.25,47198.01149,10.5,,,13.484526317227466,11.39
2026-05-22 12:15:00+00:00,2026-05-22 14:15:00+02:00,2026-05-22,14,15,1,4,5,8.28,5.49,46564.13959,7.6800000000000015,,,11.144002871499989,13.77
2026-05-22 12:30:00+00:00,2026-05-22 14:30:00+02:00,2026-05-22,14,30,2,4,5,17.01,0.09,45751.08388,8.86,,,9.963134546918457,17.1
2026-05-22 12:45:00+00:00,2026-05-22 14:45:00+02:00,2026-05-22,14,45,3,4,5,15.29,3.91,44718.46097,12.069999999999999,,,14.898739879600555,19.2
2026-05-22 13:00:00+00:00,2026-05-22 15:00:00+02:00,2026-05-22,15,0,0,4,5,2.8099999999999987,15.0,43580.58677,11.680000000000001,,,12.466292552318835,17.81
2026-05-22 13:15:00+00:00,2026-05-22 15:15:00+02:00,2026-05-22,15,15,1,4,5,6.9,9.1,42373.99198,-20.7,,,9.418662325404807,16.0
2026-05-22 13:30:00+00:00,2026-05-22 15:30:00+02:00,2026-05-22,15,30,2,4,5,3.129999999999999,22.37,41057.35727,-2.4099999999999966,,,7.544829355260464,25.5
2026-05-22 13:45:00+00:00,2026-05-22 15:45:00+02:00,2026-05-22,15,45,3,4,5,26.39,22.25,39684.04505,-5.230000000000004,,,1.1667261889577973,48.64
2026-05-22 14:00:00+00:00,2026-05-22 16:00:00+02:00,2026-05-22,16,0,0,4,5,-6.539999999999996,38.3,38159.70471,17.0,,,14.622968234937808,31.76
2026-05-22 14:15:00+00:00,2026-05-22 16:15:00+02:00,2026-05-22,16,15,1,4,5,3.990000000000002,57.3,36490.69523,2.75,,,6.137686860699237,61.29
2026-05-22 14:30:00+00:00,2026-05-22 16:30:00+02:00,2026-05-22,16,30,2,4,5,19.11,74.9,34653.62108,-1.1499999999999915,,,7.629682169002862,94.01
2026-05-22 14:45:00+00:00,2026-05-22 16:45:00+02:00,2026-05-22,16,45,3,4,5,-12.86999999999999,113.49,32602.87856,-2.4399999999999977,,,8.838834764831855,100.62
2026-05-22 15:00:00+00:00,2026-05-22 17:00:00+02:00,2026-05-22,17,0,0,4,5,5.230000000000004,72.07,30401.70019,0.5899999999999892,,,2.743574311003801,77.3
2026-05-22 15:15:00+00:00,2026-05-22 17:15:00+02:00,2026-05-22,17,15,1,4,5,-2.259999999999991,89.6,27995.29006,0.3199999999999932,,,6.540737725975555,87.34
2026-05-22 15:30:00+00:00,2026-05-22 17:30:00+02:00,2026-05-22,17,30,2,4,5,-8.260000000000005,112.2,25440.23514,-5.109999999999999,,,7.396336931211293,103.94
2026-05-22 15:45:00+00:00,2026-05-22 17:45:00+02:00,2026-05-22,17,45,3,4,5,-19.260000000000005,139.99,22802.78695,-7.409999999999997,,,8.980256121069145,120.73
2026-05-22 16:00:00+00:00,2026-05-22 18:00:00+02:00,2026-05-22,18,0,0,4,5,-4.189999999999998,109.17,20159.57685,2.8500000000000085,,,8.810550493584397,104.98
2026-05-22 16:15:00+00:00,2026-05-22 18:15:00+02:00,2026-05-22,18,15,1,4,5,-11.39,131.63,17481.13911,-1.3100000000000023,,,4.935605332682094,120.24
2026-05-22 16:30:00+00:00,2026-05-22 18:30:00+02:00,2026-05-22,18,30,2,4,5,-8.219999999999999,142.34,14819.57055,-4.389999999999986,,,3.2385490578343967,134.12
2026-05-22 16:45:00+00:00,2026-05-22 18:45:00+02:00,2026-05-22,18,45,3,4,5,-22.029999999999973,167.64,12253.10381,-1.6099999999999852,,,8.046875169902927,145.61
2026-05-22 17:00:00+00:00,2026-05-22 19:00:00+02:00,2026-05-22,19,0,0,4,5,-1.2600000000000193,130.08,9893.50592,-5.569999999999993,,,0.02828427124747637,128.82
2026-05-22 17:15:00+00:00,2026-05-22 19:15:00+02:00,2026-05-22,19,15,1,4,5,-23.639999999999986,159.7,7738.50135,2.269999999999982,,,3.9810111780802395,136.06
2026-05-22 17:30:00+00:00,2026-05-22 19:30:00+02:00,2026-05-22,19,30,2,4,5,-25.859999999999985,181.6,5866.73317,1.170000000000016,,,4.002224381515856,155.74
2026-05-22 17:45:00+00:00,2026-05-22 19:45:00+02:00,2026-05-22,19,45,3,4,5,-22.72,210.1,4271.20182,-10.47999999999999,,,5.1123820279787315,187.38
2026-05-22 18:00:00+00:00,2026-05-22 20:00:00+02:00,2026-05-22,20,0,0,4,5,-45.20000000000002,213.87,2959.24381,0.5099999999999909,,,3.252691193458135,168.67
2026-05-22 18:15:00+00:00,2026-05-22 20:15:00+02:00,2026-05-22,20,15,1,4,5,-18.49000000000001,205.93,1883.02532,9.509999999999991,,,10.507606768432085,187.44
2026-05-22 18:30:00+00:00,2026-05-22 20:30:00+02:00,2026-05-22,20,30,2,4,5,-30.039999999999992,231.22,1050.11047,-8.920000000000016,,,6.696301217836604,201.18
2026-05-22 18:45:00+00:00,2026-05-22 20:45:00+02:00,2026-05-22,20,45,3,4,5,-26.400000000000006,241.11,436.29879,24.169999999999987,,,15.683628406717629,214.71
2026-05-22 19:00:00+00:00,2026-05-22 21:00:00+02:00,2026-05-22,21,0,0,4,5,1.420000000000016,197.6,108.82734,32.25,,,30.87228206660466,199.02
2026-05-22 19:15:00+00:00,2026-05-22 21:15:00+02:00,2026-05-22,21,15,1,4,5,-26.629999999999995,207.31,32.33315,17.159999999999997,,,22.669843404840694,180.68
2026-05-22 19:30:00+00:00,2026-05-22 21:30:00+02:00,2026-05-22,21,30,2,4,5,-14.650000000000006,174.97,13.68568,-1.5500000000000114,,,5.635641046056783,160.32
2026-05-22 19:45:00+00:00,2026-05-22 21:45:00+02:00,2026-05-22,21,45,3,4,5,-15.439999999999998,161.74,0.0,1.2299999999999898,,,9.758073580374344,146.3
2026-05-22 20:00:00+00:00,2026-05-22 22:00:00+02:00,2026-05-22,22,0,0,4,5,-10.069999999999993,175.0,,9.25,,,12.169307704220468,164.93
2026-05-22 20:15:00+00:00,2026-05-22 22:15:00+02:00,2026-05-22,22,15,1,4,5,-18.69999999999999,167.2,,-1.4399999999999977,,,5.557859300126253,148.5
2026-05-22 20:30:00+00:00,2026-05-22 22:30:00+02:00,2026-05-22,22,30,2,4,5,-16.340000000000003,158.22,,-6.810000000000002,,,0.5091168824543134,141.88
2026-05-22 20:45:00+00:00,2026-05-22 22:45:00+02:00,2026-05-22,22,45,3,4,5,-15.400000000000006,149.24,,0.8600000000000136,,,2.6799347006970295,133.84
2026-05-22 21:00:00+00:00,2026-05-22 23:00:00+02:00,2026-05-22,23,0,0,4,5,-9.379999999999995,153.0,,-1.9699999999999989,,,8.478210306426691,143.62
2026-05-22 21:15:00+00:00,2026-05-22 23:15:00+02:00,2026-05-22,23,15,1,4,5,-6.0,144.01,,0.5099999999999909,,,9.383306986345483,138.01
2026-05-22 21:30:00+00:00,2026-05-22 23:30:00+02:00,2026-05-22,23,30,2,4,5,-1.5600000000000023,135.9,,-3.6200000000000045,,,6.668016946589128,134.34
2026-05-22 21:45:00+00:00,2026-05-22 23:45:00+02:00,2026-05-22,23,45,3,4,5,-1.009999999999991,130.03,,-2.180000000000007,,,10.988439379638942,129.02
2026-05-23 10:00:00+00:00,2026-05-23 12:00:00+02:00,2026-05-23,12,0,0,5,5,33.01,-35.01,49725.76042,16.439999999999998,,,20.661660146270915,-2.0
2026-05-23 10:15:00+00:00,2026-05-23 12:15:00+02:00,2026-05-23,12,15,1,5,5,38.73,-43.01,50015.67834,10.76,,,20.767726163448902,-4.28
2026-05-23 10:30:00+00:00,2026-05-23 12:30:00+02:00,2026-05-23,12,30,2,5,5,47.79,-51.79,50181.2081,13.79,,,20.14547219600474,-4.0
2026-05-23 10:45:00+00:00,2026-05-23 12:45:00+02:00,2026-05-23,12,45,3,5,5,14.989999999999998,-19.99,50275.11362,14.27,,,7.353910524340093,-5.0
2026-05-23 11:00:00+00:00,2026-05-23 13:00:00+02:00,2026-05-23,13,0,0,5,5,19.259999999999998,-25.0,50284.10684,20.02,,,10.705596667164329,-5.74
2026-05-23 11:15:00+00:00,2026-05-23 13:15:00+02:00,2026-05-23,13,15,1,5,5,69.47,-77.45,50185.2177,11.55,,,14.191633098414007,-7.98
2026-05-23 11:30:00+00:00,2026-05-23 13:30:00+02:00,2026-05-23,13,30,2,5,5,25.63,-36.65,49833.55566,9.7,,,0.6434671708797565,-11.02
2026-05-23 11:45:00+00:00,2026-05-23 13:45:00+02:00,2026-05-23,13,45,3,5,5,23.909999999999997,-35.62,49483.56833,15.780000000000001,,,8.004448763031718,-11.71
2026-05-23 12:00:00+00:00,2026-05-23 14:00:00+02:00,2026-05-23,14,0,0,5,5,18.03,-27.03,49117.9647,18.64,,,5.755849198858497,-9.0
2026-05-23 12:15:00+00:00,2026-05-23 14:15:00+02:00,2026-05-23,14,15,1,5,5,12.059999999999999,-20.06,48569.18802,8.28,,,0.424264068711927,-8.0
2026-05-23 12:30:00+00:00,2026-05-23 14:30:00+02:00,2026-05-23,14,30,2,5,5,50.56999999999999,-59.55,47948.82069,17.01,,,5.762920266670363,-8.98
2026-05-23 12:45:00+00:00,2026-05-23 14:45:00+02:00,2026-05-23,14,45,3,5,5,42.4,-51.4,47033.97303,15.29,,,2.2768838354206826,-9.0
2026-05-23 13:00:00+00:00,2026-05-23 15:00:00+02:00,2026-05-23,15,0,0,5,5,2.6799999999999997,-8.67,46016.18122,2.8099999999999987,,,6.272037149124678,-5.99
2026-05-23 13:15:00+00:00,2026-05-23 15:15:00+02:00,2026-05-23,15,15,1,5,5,-0.77,-3.23,44925.1865,6.9,,,19.516147160748712,-4.0
2026-05-23 13:30:00+00:00,2026-05-23 15:30:00+02:00,2026-05-23,15,30,2,5,5,11.07,-14.22,43718.55818,3.129999999999999,,,3.91737156777347,-3.15
2026-05-23 13:45:00+00:00,2026-05-23 15:45:00+02:00,2026-05-23,15,45,3,5,5,1.0,-2.0,42483.72695,26.39,,,22.358716421118636,-1.0
2026-05-23 14:00:00+00:00,2026-05-23 16:00:00+02:00,2026-05-23,16,0,0,5,5,0.2500000000000001,-1.07,41048.76689,-6.539999999999996,,,16.645293629131327,-0.82
2026-05-23 14:15:00+00:00,2026-05-23 16:15:00+02:00,2026-05-23,16,15,1,5,5,-0.73,-0.09,39253.7704,3.990000000000002,,,0.8768124086713204,-0.82
2026-05-23 14:30:00+00:00,2026-05-23 16:30:00+02:00,2026-05-23,16,30,2,5,5,-8.58,8.09,37196.27844,19.11,,,14.325983386839447,-0.49
2026-05-23 14:45:00+00:00,2026-05-23 16:45:00+02:00,2026-05-23,16,45,3,5,5,6.640000000000001,0.01,34919.77621,-12.86999999999999,,,7.375123727775685,6.65
2026-05-23 15:00:00+00:00,2026-05-23 17:00:00+02:00,2026-05-23,17,0,0,5,5,-17.380000000000003,23.55,32479.34881,5.230000000000004,,,3.280975464705591,6.17
2026-05-23 15:15:00+00:00,2026-05-23 17:15:00+02:00,2026-05-23,17,15,1,5,5,8.2,3.8,29834.22073,-2.259999999999991,,,1.8243354954612814,12.0
2026-05-23 15:30:00+00:00,2026-05-23 17:30:00+02:00,2026-05-23,17,30,2,5,5,-8.629999999999995,78.39,27013.03421,-8.260000000000005,,,2.2273863607376287,69.76
2026-05-23 15:45:00+00:00,2026-05-23 17:45:00+02:00,2026-05-23,17,45,3,5,5,6.920000000000002,102.95,24089.06353,-19.260000000000005,,,8.379215357060595,109.87
2026-05-23 16:00:00+00:00,2026-05-23 18:00:00+02:00,2026-05-23,18,0,0,5,5,6.920000000000002,82.37,21147.72074,-4.189999999999998,,,4.978031739553299,89.29
2026-05-23 16:15:00+00:00,2026-05-23 18:15:00+02:00,2026-05-23,18,15,1,5,5,-6.159999999999997,113.59,18187.40795,-11.39,,,7.127636354360398,107.43
2026-05-23 16:30:00+00:00,2026-05-23 18:30:00+02:00,2026-05-23,18,30,2,5,5,-11.409999999999997,140.0,15294.37648,-8.219999999999999,,,2.708218971944486,128.59
2026-05-23 16:45:00+00:00,2026-05-23 18:45:00+02:00,2026-05-23,18,45,3,5,5,-8.490000000000009,154.09,12545.91431,-22.029999999999973,,,14.439120471829291,145.6
2026-05-23 17:00:00+00:00,2026-05-23 19:00:00+02:00,2026-05-23,19,0,0,5,5,2.6399999999999864,120.93,10062.9178,-1.2600000000000193,,,3.047630226914001,123.57
2026-05-23 17:15:00+00:00,2026-05-23 19:15:00+02:00,2026-05-23,19,15,1,5,5,3.960000000000008,135.29,7859.40737,-23.639999999999986,,,18.321136700543423,139.25
2026-05-23 17:30:00+00:00,2026-05-23 19:30:00+02:00,2026-05-23,19,30,2,5,5,-6.8300000000000125,160.0,5990.6891,-25.859999999999985,,,19.11309629547238,153.17
2026-05-23 17:45:00+00:00,2026-05-23 19:45:00+02:00,2026-05-23,19,45,3,5,5,-6.5,177.74,4413.60111,-22.72,,,8.654987001723349,171.24
2026-05-23 18:00:00+00:00,2026-05-23 20:00:00+02:00,2026-05-23,20,0,0,5,5,-0.7599999999999909,157.5,3099.38333,-45.20000000000002,,,32.32185096803709,156.74
2026-05-23 18:15:00+00:00,2026-05-23 20:15:00+02:00,2026-05-23,20,15,1,5,5,-0.060000000000002274,166.5,2003.83119,-18.49000000000001,,,19.79898987322333,166.44
2026-05-23 18:30:00+00:00,2026-05-23 20:30:00+02:00,2026-05-23,20,30,2,5,5,-6.0,190.0,1119.98592,-30.039999999999992,,,14.934095218659866,184.0
2026-05-23 18:45:00+00:00,2026-05-23 20:45:00+02:00,2026-05-23,20,45,3,5,5,-0.6700000000000159,190.31,457.74603,-26.400000000000006,,,35.758389924603705,189.64
2026-05-23 19:00:00+00:00,2026-05-23 21:00:00+02:00,2026-05-23,21,0,0,5,5,-1.2199999999999989,185.0,112.19815,1.420000000000016,,,21.80010206398125,183.78
2026-05-23 19:15:00+00:00,2026-05-23 21:15:00+02:00,2026-05-23,21,15,1,5,5,5.189999999999998,169.81,29.60691,-26.629999999999995,,,30.96420594815891,175.0
2026-05-23 19:30:00+00:00,2026-05-23 21:30:00+02:00,2026-05-23,21,30,2,5,5,-16.639999999999986,185.0,9.83253,-14.650000000000006,,,9.263098833543769,168.36
2026-05-23 19:45:00+00:00,2026-05-23 21:45:00+02:00,2026-05-23,21,45,3,5,5,-21.960000000000008,184.99,0.0,-15.439999999999998,,,11.787470042379738,163.03
2026-05-23 20:00:00+00:00,2026-05-23 22:00:00+02:00,2026-05-23,22,0,0,5,5,9.29000000000002,168.7,,-10.069999999999993,,,13.661303012524094,177.99
2026-05-23 20:15:00+00:00,2026-05-23 22:15:00+02:00,2026-05-23,22,15,1,5,5,3.0900000000000034,158.92,,-18.69999999999999,,,12.204663043279803,162.01
2026-05-23 20:30:00+00:00,2026-05-23 22:30:00+02:00,2026-05-23,22,30,2,5,5,2.680000000000007,148.92,,-16.340000000000003,,,6.738727624707799,151.6
2026-05-23 20:45:00+00:00,2026-05-23 22:45:00+02:00,2026-05-23,22,45,3,5,5,1.5999999999999943,138.77,,-15.400000000000006,,,11.497556262093276,140.37
2026-05-23 21:00:00+00:00,2026-05-23 23:00:00+02:00,2026-05-23,23,0,0,5,5,-1.1899999999999977,153.6,,-9.379999999999995,,,5.239661248592315,152.41
2026-05-23 21:15:00+00:00,2026-05-23 23:15:00+02:00,2026-05-23,23,15,1,5,5,-1.0200000000000102,148.8,,-6.0,,,4.603265145524418,147.78
2026-05-23 21:30:00+00:00,2026-05-23 23:30:00+02:00,2026-05-23,23,30,2,5,5,0.1599999999999966,139.34,,-1.5600000000000023,,,1.4566399692442895,139.5
2026-05-23 21:45:00+00:00,2026-05-23 23:45:00+02:00,2026-05-23,23,45,3,5,5,-2.5,136.94,,-1.009999999999991,,,0.8273149339882718,134.44
2026-05-24 10:00:00+00:00,2026-05-24 12:00:00+02:00,2026-05-24,12,0,0,6,5,5.600000000000001,-19.6,47840.84885,33.01,,,23.184396333166262,-14.0
2026-05-24 10:15:00+00:00,2026-05-24 12:15:00+02:00,2026-05-24,12,15,1,6,5,11.04,-29.99,47839.31026,38.73,,,28.67284836449517,-18.95
2026-05-24 10:30:00+00:00,2026-05-24 12:30:00+02:00,2026-05-24,12,30,2,6,5,12.61,-42.07,47712.61641,47.79,,,31.285460414277644,-29.46
2026-05-24 10:45:00+00:00,2026-05-24 12:45:00+02:00,2026-05-24,12,45,3,6,5,21.939999999999998,-58.79,47566.7749,14.989999999999998,,,6.22271109190627,-36.85
2026-05-24 11:00:00+00:00,2026-05-24 13:00:00+02:00,2026-05-24,13,0,0,6,5,24.759999999999998,-60.03,47298.32458,19.259999999999998,,,8.530158263479054,-35.27
2026-05-24 11:15:00+00:00,2026-05-24 13:15:00+02:00,2026-05-24,13,15,1,6,5,23.070000000000007,-72.01,46909.39965,69.47,,,40.49685461036861,-48.94
2026-05-24 11:30:00+00:00,2026-05-24 13:30:00+02:00,2026-05-24,13,30,2,6,5,26.979999999999997,-85.0,46357.80716,25.63,,,9.470820098245628,-58.02
2026-05-24 11:45:00+00:00,2026-05-24 13:45:00+02:00,2026-05-24,13,45,3,6,5,22.14,-86.71,45804.43643,23.909999999999997,,,9.76850210284736,-64.57
2026-05-24 12:00:00+00:00,2026-05-24 14:00:00+02:00,2026-05-24,14,0,0,6,5,71.38,-120.88,45607.91878,18.03,,,4.53381002395704,-49.5
2026-05-24 12:15:00+00:00,2026-05-24 14:15:00+02:00,2026-05-24,14,15,1,6,5,23.490000000000002,-70.01,44992.94811,12.059999999999999,,,2.374615758391238,-46.52
2026-05-24 12:30:00+00:00,2026-05-24 14:30:00+02:00,2026-05-24,14,30,2,6,5,20.03,-59.0,44285.02991,50.56999999999999,,,22.107390167091182,-38.97
2026-05-24 12:45:00+00:00,2026-05-24 14:45:00+02:00,2026-05-24,14,45,3,6,5,11.080000000000002,-40.09,43300.55224,42.4,,,16.659478783363344,-29.01
2026-05-24 13:00:00+00:00,2026-05-24 15:00:00+02:00,2026-05-24,15,0,0,6,5,17.33,-46.33,42228.9595,2.6799999999999997,,,5.159034147331586,-29.0
2026-05-24 13:15:00+00:00,2026-05-24 15:15:00+02:00,2026-05-24,15,15,1,6,5,54.900000000000006,-78.9,41175.13505,-0.77,,,14.246600764158913,-24.0
2026-05-24 13:30:00+00:00,2026-05-24 15:30:00+02:00,2026-05-24,15,30,2,6,5,-0.6300000000000008,-14.37,40035.10892,11.07,,,6.775514740593513,-15.0
2026-05-24 13:45:00+00:00,2026-05-24 15:45:00+02:00,2026-05-24,15,45,3,6,5,15.120000000000001,-32.1,38831.28519,1.0,,,16.749574123939194,-16.98
2026-05-24 14:00:00+00:00,2026-05-24 16:00:00+02:00,2026-05-24,16,0,0,6,5,13.91,-25.5,37464.39191,0.2500000000000001,,,12.116092604466177,-11.59
2026-05-24 14:15:00+00:00,2026-05-24 16:15:00+02:00,2026-05-24,16,15,1,6,5,2.25,-10.85,35981.62299,-0.73,,,2.4469845388423153,-8.6
2026-05-24 14:30:00+00:00,2026-05-24 16:30:00+02:00,2026-05-24,16,30,2,6,5,-2.13,-0.27,34456.0901,-8.58,,,14.331832867199271,-2.4
2026-05-24 14:45:00+00:00,2026-05-24 16:45:00+02:00,2026-05-24,16,45,3,6,5,1.04,-0.04,32542.42603,6.640000000000001,,,9.76278136598377,1.0
2026-05-24 15:00:00+00:00,2026-05-24 17:00:00+02:00,2026-05-24,17,0,0,6,5,0.01,-0.01,30365.71383,-17.380000000000003,,,11.941961033822434,0.0
2026-05-24 15:15:00+00:00,2026-05-24 17:15:00+02:00,2026-05-24,17,15,1,6,5,-26.62,24.6,27933.16657,8.2,,,5.4491956592999395,-2.02
2026-05-24 15:30:00+00:00,2026-05-24 17:30:00+02:00,2026-05-24,17,30,2,6,5,-3.62,1.96,25332.15125,-8.629999999999995,,,1.9343302027661495,-1.66
2026-05-24 15:45:00+00:00,2026-05-24 17:45:00+02:00,2026-05-24,17,45,3,6,5,-11.27,41.28,22641.1664,6.920000000000002,,,13.109562667508532,30.01
2026-05-24 16:00:00+00:00,2026-05-24 18:00:00+02:00,2026-05-24,18,0,0,6,5,17.38,22.69,19938.19441,6.920000000000002,,,5.620773968058136,40.07
2026-05-24 16:15:00+00:00,2026-05-24 18:15:00+02:00,2026-05-24,18,15,1,6,5,-1.0899999999999892,91.1,17206.97511,-6.159999999999997,,,5.041193641721505,90.01
2026-05-24 16:30:00+00:00,2026-05-24 18:30:00+02:00,2026-05-24,18,30,2,6,5,-15.930000000000007,130.46,14530.51892,-11.409999999999997,,,3.5148589350546304,114.53
2026-05-24 16:45:00+00:00,2026-05-24 18:45:00+02:00,2026-05-24,18,45,3,6,5,-1.799999999999983,131.6,11990.70042,-8.490000000000009,,,10.389436943357412,129.8
2026-05-24 17:00:00+00:00,2026-05-24 19:00:00+02:00,2026-05-24,19,0,0,6,5,5.259999999999991,114.81,9688.16205,2.6399999999999864,,,4.106705898080997,120.07
2026-05-24 17:15:00+00:00,2026-05-24 19:15:00+02:00,2026-05-24,19,15,1,6,5,0.4399999999999977,125.22,7630.01713,3.960000000000008,,,15.470101270946259,125.66
2026-05-24 17:30:00+00:00,2026-05-24 19:30:00+02:00,2026-05-24,19,30,2,6,5,0.8300000000000125,134.39,5868.37538,-6.8300000000000125,,,13.885014704109363,135.22
2026-05-24 17:45:00+00:00,2026-05-24 19:45:00+02:00,2026-05-24,19,45,3,6,5,-23.389999999999986,173.26,4368.54245,-6.5,,,8.453267612783435,149.87
2026-05-24 18:00:00+00:00,2026-05-24 20:00:00+02:00,2026-05-24,20,0,0,6,5,-4.780000000000001,138.91,3098.3992,-0.7599999999999909,,,26.03180938774715,134.13
2026-05-24 18:15:00+00:00,2026-05-24 20:15:00+02:00,2026-05-24,20,15,1,6,5,-6.4199999999999875,154.5,2031.04466,-0.060000000000002274,,,14.23171224179766,148.08
2026-05-24 18:30:00+00:00,2026-05-24 20:30:00+02:00,2026-05-24,20,30,2,6,5,0.6200000000000045,159.96,1182.96131,-6.0,,,13.118068963583516,160.58
2026-05-24 18:45:00+00:00,2026-05-24 20:45:00+02:00,2026-05-24,20,45,3,6,5,-0.1799999999999784,165.2,536.15863,-0.6700000000000159,,,25.28630525271205,165.02
2026-05-24 19:00:00+00:00,2026-05-24 21:00:00+02:00,2026-05-24,21,0,0,6,5,-6.52000000000001,170.0,163.20928,-1.2199999999999989,,,18.6086870394806,163.48
2026-05-24 19:15:00+00:00,2026-05-24 21:15:00+02:00,2026-05-24,21,15,1,6,5,-2.719999999999999,161.52,53.43567,5.189999999999998,,,22.632415543492773,158.8
2026-05-24 19:30:00+00:00,2026-05-24 21:30:00+02:00,2026-05-24,21,30,2,6,5,-2.0200000000000102,153.03,23.1461,-16.639999999999986,,,8.198355526160913,151.01
2026-05-24 19:45:00+00:00,2026-05-24 21:45:00+02:00,2026-05-24,21,45,3,6,5,-7.650000000000006,149.74,0.0,-21.960000000000008,,,11.959482987710349,142.09
2026-05-24 20:00:00+00:00,2026-05-24 22:00:00+02:00,2026-05-24,22,0,0,6,5,-0.4099999999999966,156.4,,9.29000000000002,,,11.165972117703562,155.99
2026-05-24 20:15:00+00:00,2026-05-24 22:15:00+02:00,2026-05-24,22,15,1,6,5,5.050000000000011,142.63,,3.0900000000000034,,,11.498062155569226,147.68
2026-05-24 20:30:00+00:00,2026-05-24 22:30:00+02:00,2026-05-24,22,30,2,6,5,-0.7699999999999818,139.38,,2.680000000000007,,,9.51000701016216,138.61
2026-05-24 20:45:00+00:00,2026-05-24 22:45:00+02:00,2026-05-24,22,45,3,6,5,-7.069999999999993,137.6,,1.5999999999999943,,,9.608461548725344,130.53
2026-05-24 21:00:00+00:00,2026-05-24 23:00:00+02:00,2026-05-24,23,0,0,6,5,-4.289999999999992,141.2,,-1.1899999999999977,,,4.520188049185563,136.91
2026-05-24 21:15:00+00:00,2026-05-24 23:15:00+02:00,2026-05-24,23,15,1,6,5,-1.3300000000000125,132.8,,-1.0200000000000102,,,3.4039535837023345,131.47
2026-05-24 21:30:00+00:00,2026-05-24 23:30:00+02:00,2026-05-24,23,30,2,6,5,0.4200000000000017,127.21,,0.1599999999999966,,,1.8925467849787323,127.63
2026-05-24 21:45:00+00:00,2026-05-24 23:45:00+02:00,2026-05-24,23,45,3,6,5,-2.239999999999995,127.35,,-2.5,,,0.7843681108595271,125.11
2026-05-25 10:00:00+00:00,2026-05-25 12:00:00+02:00,2026-05-25,12,0,0,0,5,3.41,-10.67,50667.78975,5.600000000000001,,,13.804459424403406,-7.26
2026-05-25 10:15:00+00:00,2026-05-25 12:15:00+02:00,2026-05-25,12,15,1,0,5,3.96,-11.33,50947.03981,11.04,,,16.06826790084523,-7.37
2026-05-25 10:30:00+00:00,2026-05-25 12:30:00+02:00,2026-05-25,12,30,2,0,5,1.25,-13.06,51069.91599,12.61,,,19.979259245527597,-11.81
2026-05-25 10:45:00+00:00,2026-05-25 12:45:00+02:00,2026-05-25,12,45,3,0,5,0.7799999999999994,-15.79,51053.61868,21.939999999999998,,,4.235756524321637,-15.01
2026-05-25 11:00:00+00:00,2026-05-25 13:00:00+02:00,2026-05-25,13,0,0,0,5,4.48,-22.07,51024.68329,24.759999999999998,,,2.98035792034,-17.59
2026-05-25 11:15:00+00:00,2026-05-25 13:15:00+02:00,2026-05-25,13,15,1,0,5,3.4499999999999993,-27.45,50964.79143,23.070000000000007,,,30.660497930290255,-24.0
2026-05-25 11:30:00+00:00,2026-05-25 13:30:00+02:00,2026-05-25,13,30,2,0,5,-1.9000000000000057,-32.66,50623.28347,26.979999999999997,,,9.610634734501149,-34.56
2026-05-25 11:45:00+00:00,2026-05-25 13:45:00+02:00,2026-05-25,13,45,3,0,5,-3.1700000000000017,-35.0,50263.29399,22.14,,,4.275499970763654,-38.17
2026-05-25 12:00:00+00:00,2026-05-25 14:00:00+02:00,2026-05-25,14,0,0,0,5,180.85,-209.31,49983.46974,71.38,,,30.627063739988742,-28.46
2026-05-25 12:15:00+00:00,2026-05-25 14:15:00+02:00,2026-05-25,14,15,1,0,5,2.719999999999999,-30.0,49341.96723,23.490000000000002,,,7.919147681411178,-27.28
2026-05-25 12:30:00+00:00,2026-05-25 14:30:00+02:00,2026-05-25,14,30,2,0,5,0.5800000000000018,-25.01,48499.44873,20.03,,,18.565584648303787,-24.43
2026-05-25 12:45:00+00:00,2026-05-25 14:45:00+02:00,2026-05-25,14,45,3,0,5,3.9499999999999993,-21.36,47393.14937,11.080000000000002,,,16.998130289338686,-17.41
2026-05-25 13:00:00+00:00,2026-05-25 15:00:00+02:00,2026-05-25,15,0,0,0,5,81.07,-94.5,46226.12517,17.33,,,8.420904543654045,-13.43
2026-05-25 13:15:00+00:00,2026-05-25 15:15:00+02:00,2026-05-25,15,15,1,0,5,72.96000000000001,-82.01,45054.64824,54.900000000000006,,,30.171669382606815,-9.05
2026-05-25 13:30:00+00:00,2026-05-25 15:30:00+02:00,2026-05-25,15,30,2,0,5,95.97,-100.0,43795.87274,-0.6300000000000008,,,5.973151038885032,-4.03
2026-05-25 13:45:00+00:00,2026-05-25 15:45:00+02:00,2026-05-25,15,45,3,0,5,0.0,-5.0,42591.76543,15.120000000000001,,,12.721631184718413,-5.0
2026-05-25 14:00:00+00:00,2026-05-25 16:00:00+02:00,2026-05-25,16,0,0,0,5,23.45,-30.0,41383.75933,13.91,,,10.41555087357361,-6.55
2026-05-25 14:15:00+00:00,2026-05-25 16:15:00+02:00,2026-05-25,16,15,1,0,5,8.66,-10.0,39932.03901,2.25,,,2.386992528964709,-1.34
2026-05-25 14:30:00+00:00,2026-05-25 16:30:00+02:00,2026-05-25,16,30,2,0,5,4.87,-4.95,38421.96491,-2.13,,,14.488364296910813,-0.08
2026-05-25 14:45:00+00:00,2026-05-25 16:45:00+02:00,2026-05-25,16,45,3,0,5,2.09,-0.1,36462.82729,1.04,,,10.045630891088917,1.99
2026-05-25 15:00:00+00:00,2026-05-25 17:00:00+02:00,2026-05-25,17,0,0,0,5,0.21,0.0,34225.0064,0.01,,,11.83830365100226,0.21
2026-05-25 15:15:00+00:00,2026-05-25 17:15:00+02:00,2026-05-25,17,15,1,0,5,4.03,1.34,31713.38832,-26.62,,,17.8664191525144,5.37
2026-05-25 15:30:00+00:00,2026-05-25 17:30:00+02:00,2026-05-25,17,30,2,0,5,12.979999999999999,15.01,28808.03632,-3.62,,,2.791851237679639,27.99
2026-05-25 15:45:00+00:00,2026-05-25 17:45:00+02:00,2026-05-25,17,45,3,0,5,58.0,30.0,25764.29651,-11.27,,,13.41708239521544,88.0
2026-05-25 16:00:00+00:00,2026-05-25 18:00:00+02:00,2026-05-25,18,0,0,0,5,16.04,62.52,22691.23198,17.38,,,10.786632158988889,78.56
2026-05-25 16:15:00+00:00,2026-05-25 18:15:00+02:00,2026-05-25,18,15,1,0,5,2.200000000000003,105.58,19575.96764,-1.0899999999999892,,,5.150207115576363,107.78
2026-05-25 16:30:00+00:00,2026-05-25 18:30:00+02:00,2026-05-25,18,30,2,0,5,-4.960000000000008,140.97,16512.64566,-15.930000000000007,,,3.8740719318739254,136.01
2026-05-25 16:45:00+00:00,2026-05-25 18:45:00+02:00,2026-05-25,18,45,3,0,5,-10.929999999999978,157.76,13578.14572,-1.799999999999983,,,10.306475310858373,146.83
2026-05-25 17:00:00+00:00,2026-05-25 19:00:00+02:00,2026-05-25,19,0,0,0,5,7.739999999999995,124.99,10922.3422,5.259999999999991,,,3.280873867330679,132.73
2026-05-25 17:15:00+00:00,2026-05-25 19:15:00+02:00,2026-05-25,19,15,1,0,5,2.569999999999993,142.68,8551.29952,0.4399999999999977,,,15.022188034149126,145.25
2026-05-25 17:30:00+00:00,2026-05-25 19:30:00+02:00,2026-05-25,19,30,2,0,5,8.469999999999999,142.6,6543.25819,0.8300000000000125,,,13.742710795181562,151.07
2026-05-25 17:45:00+00:00,2026-05-25 19:45:00+02:00,2026-05-25,19,45,3,0,5,-10.97999999999999,179.1,4865.7031,-23.389999999999986,,,9.563902620443876,168.12
2026-05-25 18:00:00+00:00,2026-05-25 20:00:00+02:00,2026-05-25,20,0,0,0,5,3.450000000000017,154.32,3465.36708,-4.780000000000001,,,24.579294809520757,157.77
2026-05-25 18:15:00+00:00,2026-05-25 20:15:00+02:00,2026-05-25,20,15,1,0,5,-2.5500000000000114,168.56,2304.30918,-6.4199999999999875,,,9.361262379259191,166.01
2026-05-25 18:30:00+00:00,2026-05-25 20:30:00+02:00,2026-05-25,20,30,2,0,5,4.200000000000017,180.76,1353.94616,0.6200000000000045,,,16.13372038103218,184.96
2026-05-25 18:45:00+00:00,2026-05-25 20:45:00+02:00,2026-05-25,20,45,3,0,5,13.230000000000018,176.6,607.20415,-0.1799999999999784,,,14.998674385869354,189.83
2026-05-25 19:00:00+00:00,2026-05-25 21:00:00+02:00,2026-05-25,21,0,0,0,5,-8.289999999999992,189.4,170.91517,-6.52000000000001,,,4.043579272542274,181.11
2026-05-25 19:15:00+00:00,2026-05-25 21:15:00+02:00,2026-05-25,21,15,1,0,5,-3.4000000000000057,176.68,43.09671,-2.719999999999999,,,16.56687759758408,173.28
2026-05-25 19:30:00+00:00,2026-05-25 21:30:00+02:00,2026-05-25,21,30,2,0,5,0.18999999999999773,162.73,11.9894,-2.0200000000000102,,,7.929075187771472,162.92
2026-05-25 19:45:00+00:00,2026-05-25 21:45:00+02:00,2026-05-25,21,45,3,0,5,-12.759999999999991,169.48,0.0,-7.650000000000006,,,7.164386458960275,156.72
2026-05-25 20:00:00+00:00,2026-05-25 22:00:00+02:00,2026-05-25,22,0,0,0,5,-8.460000000000008,178.47,,-0.4099999999999966,,,9.680006887049899,170.01
2026-05-25 20:15:00+00:00,2026-05-25 22:15:00+02:00,2026-05-25,22,15,1,0,5,-5.210000000000008,165.0,,5.050000000000011,,,13.182742506777561,159.79
2026-05-25 20:30:00+00:00,2026-05-25 22:30:00+02:00,2026-05-25,22,30,2,0,5,-6.47999999999999,160.0,,-0.7699999999999818,,,10.133178178636758,153.52
2026-05-25 20:45:00+00:00,2026-05-25 22:45:00+02:00,2026-05-25,22,45,3,0,5,-22.579999999999984,167.26,,-7.069999999999993,,,8.500566647779037,144.68
2026-05-25 21:00:00+00:00,2026-05-25 23:00:00+02:00,2026-05-25,23,0,0,0,5,-4.6699999999999875,149.1,,-4.289999999999992,,,4.1350977416904335,144.43
2026-05-25 21:15:00+00:00,2026-05-25 23:15:00+02:00,2026-05-25,23,15,1,0,5,1.3600000000000136,142.5,,-1.3300000000000125,,,2.790023894760276,143.86
2026-05-25 21:30:00+00:00,2026-05-25 23:30:00+02:00,2026-05-25,23,30,2,0,5,-2.2600000000000193,140.99,,0.4200000000000017,,,1.0759801732993672,138.73
2026-05-25 21:45:00+00:00,2026-05-25 23:45:00+02:00,2026-05-25,23,45,3,0,5,-2.75,131.51,,-2.239999999999995,,,0.7958852513606092,128.76
2026-05-27 10:00:00+00:00,2026-05-27 12:00:00+02:00,2026-05-27,12,0,0,2,5,-6.040000000000001,9.55,51724.32776,,,,1.5485638507986164,3.51
2026-05-27 10:15:00+00:00,2026-05-27 12:15:00+02:00,2026-05-27,12,15,1,2,5,2.62,-0.74,52003.1385,,,,5.006316010800727,1.88
2026-05-27 10:30:00+00:00,2026-05-27 12:30:00+02:00,2026-05-27,12,30,2,2,5,3.58,-1.84,52150.93891,,,,8.032733034279216,1.74
2026-05-27 10:45:00+00:00,2026-05-27 12:45:00+02:00,2026-05-27,12,45,3,2,5,8.25,-6.76,52166.73779,,,,14.962379489907347,1.49
2026-05-27 11:00:00+00:00,2026-05-27 13:00:00+02:00,2026-05-27,13,0,0,2,5,3.2199999999999998,-1.17,52142.73349,,,,14.340125522463183,2.05
2026-05-27 11:15:00+00:00,2026-05-27 13:15:00+02:00,2026-05-27,13,15,1,2,5,2.66,-0.7,52001.64602,,,,13.873435046880084,1.96
2026-05-27 11:30:00+00:00,2026-05-27 13:30:00+02:00,2026-05-27,13,30,2,2,5,6.39,-2.0,51686.70349,,,,20.42124384066749,4.39
2026-05-27 11:45:00+00:00,2026-05-27 13:45:00+02:00,2026-05-27,13,45,3,2,5,7.08,-3.47,51308.73608,,,,17.89687263183152,3.61
2026-05-27 12:00:00+00:00,2026-05-27 14:00:00+02:00,2026-05-27,14,0,0,2,5,5.1,-3.09,50925.98273,,,,77.40697933649136,2.01
2026-05-27 12:15:00+00:00,2026-05-27 14:15:00+02:00,2026-05-27,14,15,1,2,5,3.27,-1.28,50306.91599,,,,14.686607845244595,1.99
2026-05-27 12:30:00+00:00,2026-05-27 14:30:00+02:00,2026-05-27,14,30,2,2,5,3.6100000000000003,-1.62,49595.09849,,,,13.75322689407837,1.99
2026-05-27 12:45:00+00:00,2026-05-27 14:45:00+02:00,2026-05-27,14,45,3,2,5,2.59,-1.77,48590.05603,,,,5.041671349860051,0.82
2026-05-27 13:00:00+00:00,2026-05-27 15:00:00+02:00,2026-05-27,15,0,0,2,5,4.74,-1.8,47548.94733,,,,45.07098623283054,2.94
2026-05-27 13:15:00+00:00,2026-05-27 15:15:00+02:00,2026-05-27,15,15,1,2,5,3.88,-2.02,46407.736,,,,12.770348468229045,1.86
2026-05-27 13:30:00+00:00,2026-05-27 15:30:00+02:00,2026-05-27,15,30,2,2,5,6.9,-1.9,45057.38546,,,,68.30651506262049,5.0
2026-05-27 13:45:00+00:00,2026-05-27 15:45:00+02:00,2026-05-27,15,45,3,2,5,4.71,-1.09,43585.61961,,,,10.691454531540597,3.62
2026-05-27 14:00:00+00:00,2026-05-27 16:00:00+02:00,2026-05-27,16,0,0,2,5,10.36,-1.88,42059.81655,,,,6.745798692519672,8.48
2026-05-27 14:15:00+00:00,2026-05-27 16:15:00+02:00,2026-05-27,16,15,1,2,5,11.11,-0.91,40350.73167,,,,4.532554467405769,10.2
2026-05-27 14:30:00+00:00,2026-05-27 16:30:00+02:00,2026-05-27,16,30,2,2,5,10.51,-0.01,38429.57795,,,,4.949747468305828,10.5
2026-05-27 14:45:00+00:00,2026-05-27 16:45:00+02:00,2026-05-27,16,45,3,2,5,17.54,6.46,36273.58598,,,,0.7424621202458913,24.0
2026-05-27 15:00:00+00:00,2026-05-27 17:00:00+02:00,2026-05-27,17,0,0,2,5,29.57,2.0,33947.30119,,,,0.14142135623744617,31.57
2026-05-27 15:15:00+00:00,2026-05-27 17:15:00+02:00,2026-05-27,17,15,1,2,5,49.94,5.0,31409.31618,,,,21.672822843367683,54.94
2026-05-27 15:30:00+00:00,2026-05-27 17:30:00+02:00,2026-05-27,17,30,2,2,5,26.400000000000006,43.39,28665.61314,,,,11.737972567696689,69.79
2026-05-27 15:45:00+00:00,2026-05-27 17:45:00+02:00,2026-05-27,17,45,3,2,5,51.830000000000005,54.18,25793.39567,,,,48.98128673279215,106.01
2026-05-27 16:00:00+00:00,2026-05-27 18:00:00+02:00,2026-05-27,18,0,0,2,5,53.03000000000001,38.62,22825.22396,,,,0.9475230867900094,91.65
2026-05-27 16:15:00+00:00,2026-05-27 18:15:00+02:00,2026-05-27,18,15,1,2,5,20.49000000000001,94.21,19789.16781,,,,2.3263813101037414,114.7
2026-05-27 16:30:00+00:00,2026-05-27 18:30:00+02:00,2026-05-27,18,30,2,2,5,17.189999999999998,121.37,16769.9371,,,,7.756961389616427,138.56
2026-05-27 16:45:00+00:00,2026-05-27 18:45:00+02:00,2026-05-27,18,45,3,2,5,7.700000000000017,143.35,13865.20442,,,,6.455884912233182,151.05
2026-05-27 17:00:00+00:00,2026-05-27 19:00:00+02:00,2026-05-27,19,0,0,2,5,23.440000000000012,113.08,11196.76693,,,,1.7536248173426396,136.52
2026-05-27 17:15:00+00:00,2026-05-27 19:15:00+02:00,2026-05-27,19,15,1,2,5,15.650000000000006,131.87,8813.15033,,,,1.5061374439273687,147.52
2026-05-27 17:30:00+00:00,2026-05-27 19:30:00+02:00,2026-05-27,19,30,2,2,5,6.0,150.0,6802.02614,,,,5.4022958082651975,156.0
2026-05-27 17:45:00+00:00,2026-05-27 19:45:00+02:00,2026-05-27,19,45,3,2,5,19.17999999999998,152.99,5126.63285,,,,8.775195154525052,172.17
2026-05-27 18:00:00+00:00,2026-05-27 20:00:00+02:00,2026-05-27,20,0,0,2,5,1.8900000000000148,157.39,3725.82208,,,,5.819488809165306,159.28
2026-05-27 18:15:00+00:00,2026-05-27 20:15:00+02:00,2026-05-27,20,15,1,2,5,-1.009999999999991,162.41,2542.03668,,,,2.7365032431919225,161.4
2026-05-27 18:30:00+00:00,2026-05-27 20:30:00+02:00,2026-05-27,20,30,2,2,5,13.430000000000007,164.87,1552.98747,,,,2.5314422766478124,178.3
2026-05-27 18:45:00+00:00,2026-05-27 20:45:00+02:00,2026-05-27,20,45,3,2,5,0.5699999999999932,181.61,759.75792,,,,9.48230193571159,182.18
2026-05-27 19:00:00+00:00,2026-05-27 21:00:00+02:00,2026-05-27,21,0,0,2,5,7.149999999999977,179.8,254.58058,,,,1.2515790027002487,186.95
2026-05-27 19:15:00+00:00,2026-05-27 21:15:00+02:00,2026-05-27,21,15,1,2,5,5.869999999999976,165.8,75.28895,,,,0.480832611206957,171.67
2026-05-27 19:30:00+00:00,2026-05-27 21:30:00+02:00,2026-05-27,21,30,2,2,5,5.740000000000009,154.84,30.29493,,,,1.562705986422323,160.58
2026-05-27 19:45:00+00:00,2026-05-27 21:45:00+02:00,2026-05-27,21,45,3,2,5,-11.310000000000002,164.99,6.544,,,,3.613315651863248,153.68
2026-05-27 20:00:00+00:00,2026-05-27 22:00:00+02:00,2026-05-27,22,0,0,2,5,6.099999999999994,155.38,0.0,,,,5.692209588551718,161.48
2026-05-27 20:15:00+00:00,2026-05-27 22:15:00+02:00,2026-05-27,22,15,1,2,5,2.069999999999993,149.1,,,,,7.254915574973989,151.17
2026-05-27 20:30:00+00:00,2026-05-27 22:30:00+02:00,2026-05-27,22,30,2,2,5,4.710000000000008,141.5,,,,,4.0375797205751915,146.21
2026-05-27 20:45:00+00:00,2026-05-27 22:45:00+02:00,2026-05-27,22,45,3,2,5,3.619999999999976,132.8,,,,,10.967226176203347,136.42
2026-05-27 21:00:00+00:00,2026-05-27 23:00:00+02:00,2026-05-27,23,0,0,2,5,2.2700000000000102,143.6,,,,,0.26870057685086746,145.87
2026-05-27 21:15:00+00:00,2026-05-27 23:15:00+02:00,2026-05-27,23,15,1,2,5,0.4099999999999966,136.6,,,,,1.9021172413918308,137.01
2026-05-27 21:30:00+00:00,2026-05-27 23:30:00+02:00,2026-05-27,23,30,2,2,5,3.530000000000001,130.27,,,,,1.8950461735799622,133.8
2026-05-27 21:45:00+00:00,2026-05-27 23:45:00+02:00,2026-05-27,23,45,3,2,5,3.3100000000000023,128.92,,,,,0.3606244584051433,132.23
2026-05-28 10:00:00+00:00,2026-05-28 12:00:00+02:00,2026-05-28,12,0,0,3,5,-4.19,0.03,54415.31583,-6.040000000000001,,,6.682159082212875,-4.16
2026-05-28 10:15:00+00:00,2026-05-28 12:15:00+02:00,2026-05-28,12,15,1,3,5,-5.82,0.0,54765.3377,2.62,,,0.9475230867899735,-5.82
2026-05-28 10:30:00+00:00,2026-05-28 12:30:00+02:00,2026-05-28,12,30,2,3,5,-7.55,2.38,54969.83896,3.58,,,1.6475588001646557,-5.17
2026-05-28 10:45:00+00:00,2026-05-28 12:45:00+02:00,2026-05-28,12,45,3,3,5,-7.91,2.09,55100.10893,8.25,,,5.282087655463511,-5.82
2026-05-28 11:00:00+00:00,2026-05-28 13:00:00+02:00,2026-05-28,13,0,0,3,5,-4.550000000000001,-1.27,55152.93998,3.2199999999999998,,,0.8909545442950504,-5.82
2026-05-28 11:15:00+00:00,2026-05-28 13:15:00+02:00,2026-05-28,13,15,1,3,5,-6.0,-0.01,55113.97638,2.66,,,0.558614357137372,-6.01
2026-05-28 11:30:00+00:00,2026-05-28 13:30:00+02:00,2026-05-28,13,30,2,3,5,-7.640000000000001,1.82,54900.12893,6.39,,,5.861915216036483,-5.82
2026-05-28 11:45:00+00:00,2026-05-28 13:45:00+02:00,2026-05-28,13,45,3,3,5,-6.45,-0.03,54636.15311,7.08,,,7.247844507162114,-6.48
2026-05-28 12:00:00+00:00,2026-05-28 14:00:00+02:00,2026-05-28,14,0,0,3,5,-5.430000000000001,-0.02,53794.75139,5.1,,,124.27401679353572,-5.45
2026-05-28 12:15:00+00:00,2026-05-28 14:15:00+02:00,2026-05-28,14,15,1,3,5,-4.34,1.07,53331.03431,3.27,,,0.3889087296526021,-3.27
2026-05-28 12:30:00+00:00,2026-05-28 14:30:00+02:00,2026-05-28,14,30,2,3,5,-3.81,-0.18,52694.58955,3.6100000000000003,,,2.142533546995238,-3.99
2026-05-28 12:45:00+00:00,2026-05-28 14:45:00+02:00,2026-05-28,14,45,3,3,5,-2.25,0.25,51837.99061,2.59,,,0.9616652224137042,-2.0
2026-05-28 13:00:00+00:00,2026-05-28 15:00:00+02:00,2026-05-28,15,0,0,3,5,-3.26,-1.71,50866.5266,4.74,,,53.973460607969166,-4.97
2026-05-28 13:15:00+00:00,2026-05-28 15:15:00+02:00,2026-05-28,15,15,1,3,5,-1.9,0.01,49529.03942,3.88,,,48.84693644436671,-1.89
2026-05-28 13:30:00+00:00,2026-05-28 15:30:00+02:00,2026-05-28,15,30,2,3,5,5.0,0.84,48049.33964,6.9,,,62.98200100028579,5.84
2026-05-28 13:45:00+00:00,2026-05-28 15:45:00+02:00,2026-05-28,15,45,3,3,5,4.83,4.34,46442.75377,4.71,,,3.3304729393886388,9.17
2026-05-28 14:00:00+00:00,2026-05-28 16:00:00+02:00,2026-05-28,16,0,0,3,5,-12.820000000000002,26.42,44665.09495,10.36,,,9.256027765731908,13.6
2026-05-28 14:15:00+00:00,2026-05-28 16:15:00+02:00,2026-05-28,16,15,1,3,5,8.440000000000001,10.0,42708.54618,11.11,,,1.732411613907041,18.44
2026-05-28 14:30:00+00:00,2026-05-28 16:30:00+02:00,2026-05-28,16,30,2,3,5,-4.090000000000003,52.31,40567.91216,10.51,,,3.988082245892128,48.22
2026-05-28 14:45:00+00:00,2026-05-28 16:45:00+02:00,2026-05-28,16,45,3,3,5,27.65,60.01,38225.67136,17.54,,,10.924799769332159,87.66
2026-05-28 15:00:00+00:00,2026-05-28 17:00:00+02:00,2026-05-28,17,0,0,3,5,10.069999999999993,65.43,35702.38778,29.57,,,20.760655095637038,75.5
2026-05-28 15:15:00+00:00,2026-05-28 17:15:00+02:00,2026-05-28,17,15,1,3,5,-0.10000000000000853,92.56,32963.31932,49.94,,,32.46327232427439,92.46
2026-05-28 15:30:00+00:00,2026-05-28 17:30:00+02:00,2026-05-28,17,30,2,3,5,-6.989999999999995,114.99,30023.3403,26.400000000000006,,,9.489373003523474,108.0
2026-05-28 15:45:00+00:00,2026-05-28 17:45:00+02:00,2026-05-28,17,45,3,3,5,-18.980000000000004,143.02,26935.82006,51.830000000000005,,,4.362848839920997,124.04
2026-05-28 16:00:00+00:00,2026-05-28 18:00:00+02:00,2026-05-28,18,0,0,3,5,-5.049999999999997,110.33,23811.48185,53.03000000000001,,,26.1558798360904,105.28
2026-05-28 16:15:00+00:00,2026-05-28 18:15:00+02:00,2026-05-28,18,15,1,3,5,-11.360000000000014,131.36,20656.02944,20.49000000000001,,,12.932983027901958,120.0
2026-05-28 16:30:00+00:00,2026-05-28 18:30:00+02:00,2026-05-28,18,30,2,3,5,-8.550000000000011,147.28,17541.11832,17.189999999999998,,,15.66241520328203,138.73
2026-05-28 16:45:00+00:00,2026-05-28 18:45:00+02:00,2026-05-28,18,45,3,3,5,-1.5700000000000216,165.3,14547.76263,7.700000000000017,,,13.173399333505378,163.73
2026-05-28 17:00:00+00:00,2026-05-28 19:00:00+02:00,2026-05-28,19,0,0,3,5,-5.840000000000003,154.47,11787.68086,23.440000000000012,,,11.101576464628808,148.63
2026-05-28 17:15:00+00:00,2026-05-28 19:15:00+02:00,2026-05-28,19,15,1,3,5,-2.0600000000000023,173.31,9299.20786,15.650000000000006,,,9.24895669792005,171.25
2026-05-28 17:30:00+00:00,2026-05-28 19:30:00+02:00,2026-05-28,19,30,2,3,5,1.75,204.14,7172.87862,6.0,,,1.7465537495307715,205.89
2026-05-28 17:45:00+00:00,2026-05-28 19:45:00+02:00,2026-05-28,19,45,3,3,5,-82.82999999999998,340.83,5401.07518,19.17999999999998,,,21.32634052058625,258.0
2026-05-28 18:00:00+00:00,2026-05-28 20:00:00+02:00,2026-05-28,20,0,0,3,5,-12.319999999999993,256.44,3921.15286,1.8900000000000148,,,1.1030865786510158,244.12
2026-05-28 18:15:00+00:00,2026-05-28 20:15:00+02:00,2026-05-28,20,15,1,3,5,-4.46999999999997,298.32,2676.78054,-1.009999999999991,,,1.0889444430272976,293.85
2026-05-28 18:30:00+00:00,2026-05-28 20:30:00+02:00,2026-05-28,20,30,2,3,5,-123.31,468.31,1632.34247,13.430000000000007,,,6.5265955903518265,345.0
2026-05-28 18:45:00+00:00,2026-05-28 20:45:00+02:00,2026-05-28,20,45,3,3,5,33.150000000000034,340.09,797.05956,0.5699999999999932,,,8.951971849821708,373.24
2026-05-28 19:00:00+00:00,2026-05-28 21:00:00+02:00,2026-05-28,21,0,0,3,5,58.80000000000001,302.17,272.11254,7.149999999999977,,,10.917728701520272,360.97
2026-05-28 19:15:00+00:00,2026-05-28 21:15:00+02:00,2026-05-28,21,15,1,3,5,76.06,275.98,74.80531,5.869999999999976,,,6.554879861599292,352.04
2026-05-28 19:30:00+00:00,2026-05-28 21:30:00+02:00,2026-05-28,21,30,2,3,5,-78.11000000000001,361.81,27.45443,5.740000000000009,,,3.924442635585347,283.7
2026-05-28 19:45:00+00:00,2026-05-28 21:45:00+02:00,2026-05-28,21,45,3,3,5,-40.03,244.12,4.566,-11.310000000000002,,,1.025304832720486,204.09
2026-05-28 20:00:00+00:00,2026-05-28 22:00:00+02:00,2026-05-28,22,0,0,3,5,27.370000000000005,215.17,0.0,6.099999999999994,,,10.295474734076134,242.54
2026-05-28 20:15:00+00:00,2026-05-28 22:15:00+02:00,2026-05-28,22,15,1,3,5,-12.330000000000013,217.18,,2.069999999999993,,,5.147737367038067,204.85
2026-05-28 20:30:00+00:00,2026-05-28 22:30:00+02:00,2026-05-28,22,30,2,3,5,-9.879999999999995,190.0,,4.710000000000008,,,7.912524881477466,180.12
2026-05-28 20:45:00+00:00,2026-05-28 22:45:00+02:00,2026-05-28,22,45,3,3,5,-23.69999999999999,185.0,,3.619999999999976,,,18.526197667087516,161.3
2026-05-28 21:00:00+00:00,2026-05-28 23:00:00+02:00,2026-05-28,23,0,0,3,5,2.0999999999999943,170.0,,2.2700000000000102,,,4.907321061434638,172.1
2026-05-28 21:15:00+00:00,2026-05-28 23:15:00+02:00,2026-05-28,23,15,1,3,5,-2.6399999999999864,165.0,,0.4099999999999966,,,0.6717514421272323,162.36
2026-05-28 21:30:00+00:00,2026-05-28 23:30:00+02:00,2026-05-28,23,30,2,3,5,-3.579999999999984,155.42,,3.530000000000001,,,4.0941482630701245,151.84
2026-05-28 21:45:00+00:00,2026-05-28 23:45:00+02:00,2026-05-28,23,45,3,3,5,4.1200000000000045,143.88,,3.3100000000000023,,,4.285067093990479,148.0
2026-05-31 10:00:00+00:00,2026-05-31 12:00:00+02:00,2026-05-31,12,0,0,6,5,13.760000000000002,10.43,36616.65136,,,,,24.19
2026-05-31 10:15:00+00:00,2026-05-31 12:15:00+02:00,2026-05-31,12,15,1,6,5,22.2,1.8,36540.23963,,,,,24.0
2026-05-31 10:30:00+00:00,2026-05-31 12:30:00+02:00,2026-05-31,12,30,2,6,5,24.860000000000003,-0.01,36376.52791,,,,,24.85
2026-05-31 10:45:00+00:00,2026-05-31 12:45:00+02:00,2026-05-31,12,45,3,6,5,28.61,-4.11,36148.54597,,,,,24.5
2026-05-31 11:00:00+00:00,2026-05-31 13:00:00+02:00,2026-05-31,13,0,0,6,5,24.03,-0.03,35690.88757,,,,,24.0
2026-05-31 11:15:00+00:00,2026-05-31 13:15:00+02:00,2026-05-31,13,15,1,6,5,22.37,0.73,35151.64276,,,,,23.1
2026-05-31 11:30:00+00:00,2026-05-31 13:30:00+02:00,2026-05-31,13,30,2,6,5,19.97,3.03,34673.36808,,,,,23.0
2026-05-31 11:45:00+00:00,2026-05-31 13:45:00+02:00,2026-05-31,13,45,3,6,5,18.95,3.07,34123.95752,,,,,22.02
2026-05-31 12:00:00+00:00,2026-05-31 14:00:00+02:00,2026-05-31,14,0,0,6,5,24.8,-4.11,34531.27802,,,,,20.69
2026-05-31 12:15:00+00:00,2026-05-31 14:15:00+02:00,2026-05-31,14,15,1,6,5,20.11,1.7,33842.56551,,,,,21.81
2026-05-31 12:30:00+00:00,2026-05-31 14:30:00+02:00,2026-05-31,14,30,2,6,5,16.409999999999997,3.67,33183.65117,,,,,20.08
2026-05-31 12:45:00+00:00,2026-05-31 14:45:00+02:00,2026-05-31,14,45,3,6,5,13.089999999999998,6.9,32416.40328,,,,,19.99
2026-05-31 13:00:00+00:00,2026-05-31 15:00:00+02:00,2026-05-31,15,0,0,6,5,28.779999999999998,-7.79,31442.69199,,,,,20.99
2026-05-31 13:15:00+00:00,2026-05-31 15:15:00+02:00,2026-05-31,15,15,1,6,5,17.720000000000002,2.4,30403.35515,,,,,20.12
2026-05-31 13:30:00+00:00,2026-05-31 15:30:00+02:00,2026-05-31,15,30,2,6,5,12.110000000000001,8.9,29239.83233,,,,,21.01
2026-05-31 13:45:00+00:00,2026-05-31 15:45:00+02:00,2026-05-31,15,45,3,6,5,17.25,12.75,27767.12996,,,,,30.0
2026-05-31 14:00:00+00:00,2026-05-31 16:00:00+02:00,2026-05-31,16,0,0,6,5,27.240000000000002,-0.23,26373.02852,,,,,27.01
2026-05-31 14:15:00+00:00,2026-05-31 16:15:00+02:00,2026-05-31,16,15,1,6,5,23.439999999999998,28.1,24808.97498,,,,,51.54
2026-05-31 14:30:00+00:00,2026-05-31 16:30:00+02:00,2026-05-31,16,30,2,6,5,15.059999999999995,63.88,23146.18969,,,,,78.94
2026-05-31 14:45:00+00:00,2026-05-31 16:45:00+02:00,2026-05-31,16,45,3,6,5,54.64,38.56,21365.9652,,,,,93.2
2026-05-31 15:00:00+00:00,2026-05-31 17:00:00+02:00,2026-05-31,17,0,0,6,5,13.180000000000007,65.94,19559.48775,,,,,79.12
2026-05-31 15:15:00+00:00,2026-05-31 17:15:00+02:00,2026-05-31,17,15,1,6,5,5.579999999999998,89.41,17652.45809,,,,,94.99
2026-05-31 15:30:00+00:00,2026-05-31 17:30:00+02:00,2026-05-31,17,30,2,6,5,8.989999999999995,104.0,15789.5601,,,,,112.99
2026-05-31 15:45:00+00:00,2026-05-31 17:45:00+02:00,2026-05-31,17,45,3,6,5,3.660000000000011,120.57,14000.68577,,,,,124.23
2026-05-31 16:00:00+00:00,2026-05-31 18:00:00+02:00,2026-05-31,18,0,0,6,5,17.89,92.1,12298.03106,,,,,109.99
2026-05-31 16:15:00+00:00,2026-05-31 18:15:00+02:00,2026-05-31,18,15,1,6,5,1.7700000000000102,119.02,10665.12597,,,,,120.79
2026-05-31 16:30:00+00:00,2026-05-31 18:30:00+02:00,2026-05-31,18,30,2,6,5,-3.8700000000000045,136.47,9143.98587,,,,,132.6
2026-05-31 16:45:00+00:00,2026-05-31 18:45:00+02:00,2026-05-31,18,45,3,6,5,-6.079999999999984,149.57,7738.95749,,,,,143.49
2026-05-31 17:00:00+00:00,2026-05-31 19:00:00+02:00,2026-05-31,19,0,0,6,5,0.4399999999999977,131.77,6411.0993,,,,,132.21
2026-05-31 17:15:00+00:00,2026-05-31 19:15:00+02:00,2026-05-31,19,15,1,6,5,-0.9899999999999807,137.98,5165.40512,,,,,136.99
2026-05-31 17:30:00+00:00,2026-05-31 19:30:00+02:00,2026-05-31,19,30,2,6,5,-16.099999999999994,160.81,4015.52661,,,,,144.71
2026-05-31 17:45:00+00:00,2026-05-31 19:45:00+02:00,2026-05-31,19,45,3,6,5,-2.5,150.51,2994.21151,,,,,148.01
2026-05-31 18:00:00+00:00,2026-05-31 20:00:00+02:00,2026-05-31,20,0,0,6,5,-5.079999999999984,144.07,2133.61283,,,,,138.99
2026-05-31 18:15:00+00:00,2026-05-31 20:15:00+02:00,2026-05-31,20,15,1,6,5,-5.619999999999976,147.98,1427.32883,,,,,142.36
2026-05-31 18:30:00+00:00,2026-05-31 20:30:00+02:00,2026-05-31,20,30,2,6,5,-9.370000000000005,157.35,866.4715,,,,,147.98
2026-05-31 18:45:00+00:00,2026-05-31 20:45:00+02:00,2026-05-31,20,45,3,6,5,-28.930000000000007,179.6,452.14818,,,,,150.67
2026-05-31 19:00:00+00:00,2026-05-31 21:00:00+02:00,2026-05-31,21,0,0,6,5,-7.519999999999982,158.51,193.12135,,,,,150.99
2026-05-31 19:15:00+00:00,2026-05-31 21:15:00+02:00,2026-05-31,21,15,1,6,5,-28.840000000000003,178.84,68.83726,,,,,150.0
2026-05-31 19:30:00+00:00,2026-05-31 21:30:00+02:00,2026-05-31,21,30,2,6,5,-20.420000000000016,167.4,27.7302,,,,,146.98
2026-05-31 19:45:00+00:00,2026-05-31 21:45:00+02:00,2026-05-31,21,45,3,6,5,-7.030000000000001,154.8,13.20411,,,,,147.77
2026-05-31 20:00:00+00:00,2026-05-31 22:00:00+02:00,2026-05-31,22,0,0,6,5,-4.400000000000006,162.16,0.0,,,,,157.76
2026-05-31 20:15:00+00:00,2026-05-31 22:15:00+02:00,2026-05-31,22,15,1,6,5,-2.640000000000015,154.86,,,,,,152.22
2026-05-31 20:30:00+00:00,2026-05-31 22:30:00+02:00,2026-05-31,22,30,2,6,5,-1.2700000000000102,150.94,,,,,,149.67
2026-05-31 20:45:00+00:00,2026-05-31 22:45:00+02:00,2026-05-31,22,45,3,6,5,-4.200000000000017,144.55,,,,,,140.35
2026-05-31 21:00:00+00:00,2026-05-31 23:00:00+02:00,2026-05-31,23,0,0,6,5,-1.5200000000000102,151.52,,,,,,150.0
2026-05-31 21:15:00+00:00,2026-05-31 23:15:00+02:00,2026-05-31,23,15,1,6,5,-2.969999999999999,146.95,,,,,,143.98
2026-05-31 21:30:00+00:00,2026-05-31 23:30:00+02:00,2026-05-31,23,30,2,6,5,0.9499999999999886,142.99,,,,,,143.94
2026-05-31 21:45:00+00:00,2026-05-31 23:45:00+02:00,2026-05-31,23,45,3,6,5,-5.710000000000008,139.93,,,,,,134.22
2026-06-01 10:00:00+00:00,2026-06-01 12:00:00+02:00,2026-06-01,12,0,0,0,6,-0.010000000000005116,100.01,41443.79556,13.760000000000002,,,,100.0
2026-06-01 10:15:00+00:00,2026-06-01 12:15:00+02:00,2026-06-01,12,15,1,0,6,2.6599999999999966,93.33,41911.81405,22.2,,,,95.99
2026-06-01 10:30:00+00:00,2026-06-01 12:30:00+02:00,2026-06-01,12,30,2,0,6,1.480000000000004,91.81,42225.41729,24.860000000000003,,,,93.29
2026-06-01 10:45:00+00:00,2026-06-01 12:45:00+02:00,2026-06-01,12,45,3,0,6,3.6499999999999915,87.18,42377.75583,28.61,,,,90.83
2026-06-01 11:00:00+00:00,2026-06-01 13:00:00+02:00,2026-06-01,13,0,0,0,6,1.8399999999999892,92.62,42382.70688,24.03,,,,94.46
2026-06-01 11:15:00+00:00,2026-06-01 13:15:00+02:00,2026-06-01,13,15,1,0,6,-0.21999999999999886,92.21,42263.24113,22.37,,,,91.99
2026-06-01 11:30:00+00:00,2026-06-01 13:30:00+02:00,2026-06-01,13,30,2,0,6,2.009999999999991,88.45,42122.79368,19.97,,,,90.46
2026-06-01 11:45:00+00:00,2026-06-01 13:45:00+02:00,2026-06-01,13,45,3,0,6,38.70000000000001,48.23,41869.47587,18.95,,,,86.93
2026-06-01 12:00:00+00:00,2026-06-01 14:00:00+02:00,2026-06-01,14,0,0,0,6,41.8,50.2,41989.36048,24.8,,,,92.0
2026-06-01 12:15:00+00:00,2026-06-01 14:15:00+02:00,2026-06-01,14,15,1,0,6,5.429999999999993,86.95,41569.33673,20.11,,,,92.38
2026-06-01 12:30:00+00:00,2026-06-01 14:30:00+02:00,2026-06-01,14,30,2,0,6,35.419999999999995,57.24,40999.81895,16.409999999999997,,,,92.66
2026-06-01 12:45:00+00:00,2026-06-01 14:45:00+02:00,2026-06-01,14,45,3,0,6,31.669999999999995,62.24,40275.59609,13.089999999999998,,,,93.91
2026-06-01 13:00:00+00:00,2026-06-01 15:00:00+02:00,2026-06-01,15,0,0,0,6,4.680000000000007,86.0,39323.63872,28.779999999999998,,,,90.68
2026-06-01 13:15:00+00:00,2026-06-01 15:15:00+02:00,2026-06-01,15,15,1,0,6,0.539999999999992,92.59,38265.91894,17.720000000000002,,,,93.13
2026-06-01 13:30:00+00:00,2026-06-01 15:30:00+02:00,2026-06-01,15,30,2,0,6,13.800000000000011,84.99,37103.48867,12.110000000000001,,,,98.79
2026-06-01 13:45:00+00:00,2026-06-01 15:45:00+02:00,2026-06-01,15,45,3,0,6,10.400000000000006,94.99,35817.59034,17.25,,,,105.39
2026-06-01 14:00:00+00:00,2026-06-01 16:00:00+02:00,2026-06-01,16,0,0,0,6,11.230000000000004,86.17,34392.99937,27.240000000000002,,,,97.4
2026-06-01 14:15:00+00:00,2026-06-01 16:15:00+02:00,2026-06-01,16,15,1,0,6,5.659999999999997,93.48,32851.05412,23.439999999999998,,,,99.14
2026-06-01 14:30:00+00:00,2026-06-01 16:30:00+02:00,2026-06-01,16,30,2,0,6,-1.2099999999999937,111.32,31256.19473,15.059999999999995,,,,110.11
2026-06-01 14:45:00+00:00,2026-06-01 16:45:00+02:00,2026-06-01,16,45,3,0,6,-8.989999999999995,127.1,29502.6079,54.64,,,,118.11
2026-06-01 15:00:00+00:00,2026-06-01 17:00:00+02:00,2026-06-01,17,0,0,0,6,-2.2700000000000102,105.54,27548.28017,13.180000000000007,,,,103.27
2026-06-01 15:15:00+00:00,2026-06-01 17:15:00+02:00,2026-06-01,17,15,1,0,6,-8.900000000000006,118.45,25435.1851,5.579999999999998,,,,109.55
2026-06-01 15:30:00+00:00,2026-06-01 17:30:00+02:00,2026-06-01,17,30,2,0,6,-7.510000000000005,131.0,23230.10298,8.989999999999995,,,,123.49
2026-06-01 15:45:00+00:00,2026-06-01 17:45:00+02:00,2026-06-01,17,45,3,0,6,-20.840000000000003,155.93,20987.75047,3.660000000000011,,,,135.09
2026-06-01 16:00:00+00:00,2026-06-01 18:00:00+02:00,2026-06-01,18,0,0,0,6,0.6899999999999977,112.73,18722.22359,17.89,,,,113.42
2026-06-01 16:15:00+00:00,2026-06-01 18:15:00+02:00,2026-06-01,18,15,1,0,6,-15.569999999999993,141.44,16460.43959,1.7700000000000102,,,,125.87
2026-06-01 16:30:00+00:00,2026-06-01 18:30:00+02:00,2026-06-01,18,30,2,0,6,-3.6699999999999875,147.76,14185.12242,-3.8700000000000045,,,,144.09
2026-06-01 16:45:00+00:00,2026-06-01 18:45:00+02:00,2026-06-01,18,45,3,0,6,-11.299999999999983,175.29,11984.05115,-6.079999999999984,,,,163.99
2026-06-01 17:00:00+00:00,2026-06-01 19:00:00+02:00,2026-06-01,19,0,0,0,6,-56.379999999999995,199.99,9911.52443,0.4399999999999977,,,,143.61
2026-06-01 17:15:00+00:00,2026-06-01 19:15:00+02:00,2026-06-01,19,15,1,0,6,-62.599999999999994,219.9,7988.3522,-0.9899999999999807,,,,157.3
2026-06-01 17:30:00+00:00,2026-06-01 19:30:00+02:00,2026-06-01,19,30,2,0,6,-46.599999999999994,230.0,6293.02858,-16.099999999999994,,,,183.4
2026-06-01 17:45:00+00:00,2026-06-01 19:45:00+02:00,2026-06-01,19,45,3,0,6,-44.00999999999999,290.0,4806.33909,-2.5,,,,245.99
2026-06-01 18:00:00+00:00,2026-06-01 20:00:00+02:00,2026-06-01,20,0,0,0,6,-81.80000000000001,294.5,3496.54296,-5.079999999999984,,,,212.7
2026-06-01 18:15:00+00:00,2026-06-01 20:15:00+02:00,2026-06-01,20,15,1,0,6,-87.47999999999999,338.27,2367.31925,-5.619999999999976,,,,250.79
2026-06-01 18:30:00+00:00,2026-06-01 20:30:00+02:00,2026-06-01,20,30,2,0,6,-81.02999999999997,380.0,1440.07654,-9.370000000000005,,,,298.97
2026-06-01 18:45:00+00:00,2026-06-01 20:45:00+02:00,2026-06-01,20,45,3,0,6,-104.25999999999999,459.64,725.21455,-28.930000000000007,,,,355.38
2026-06-01 19:00:00+00:00,2026-06-01 21:00:00+02:00,2026-06-01,21,0,0,0,6,39.860000000000014,317.2,269.6175,-7.519999999999982,,,,357.06
2026-06-01 19:15:00+00:00,2026-06-01 21:15:00+02:00,2026-06-01,21,15,1,0,6,-94.51999999999998,387.44,82.47807,-28.840000000000003,,,,292.92
2026-06-01 19:30:00+00:00,2026-06-01 21:30:00+02:00,2026-06-01,21,30,2,0,6,-47.09,285.0,32.24506,-20.420000000000016,,,,237.91
2026-06-01 19:45:00+00:00,2026-06-01 21:45:00+02:00,2026-06-01,21,45,3,0,6,-202.84,399.01,17.96064,-7.030000000000001,,,,196.17
2026-06-01 20:00:00+00:00,2026-06-01 22:00:00+02:00,2026-06-01,22,0,0,0,6,-16.97,237.4,0.0,-4.400000000000006,,,,220.43
2026-06-01 20:15:00+00:00,2026-06-01 22:15:00+02:00,2026-06-01,22,15,1,0,6,-65.62,250.0,,-2.640000000000015,,,,184.38
2026-06-01 20:30:00+00:00,2026-06-01 22:30:00+02:00,2026-06-01,22,30,2,0,6,-17.22,186.32,,-1.2700000000000102,,,,169.1
2026-06-01 20:45:00+00:00,2026-06-01 22:45:00+02:00,2026-06-01,22,45,3,0,6,-85.53,241.08,,-4.200000000000017,,,,155.55
2026-06-01 21:00:00+00:00,2026-06-01 23:00:00+02:00,2026-06-01,23,0,0,0,6,-4.469999999999999,166.1,,-1.5200000000000102,,,,161.63
2026-06-01 21:15:00+00:00,2026-06-01 23:15:00+02:00,2026-06-01,23,15,1,0,6,-7.289999999999992,160.6,,-2.969999999999999,,,,153.31
2026-06-01 21:30:00+00:00,2026-06-01 23:30:00+02:00,2026-06-01,23,30,2,0,6,-11.870000000000005,155.88,,0.9499999999999886,,,,144.01
2026-06-01 21:45:00+00:00,2026-06-01 23:45:00+02:00,2026-06-01,23,45,3,0,6,-10.900000000000006,147.08,,-5.710000000000008,,,,136.18
2026-06-02 10:00:00+00:00,2026-06-02 12:00:00+02:00,2026-06-02,12,0,0,1,6,-14.299999999999997,86.33,38704.22616,-0.010000000000005116,,,9.736860376938765,72.03
2026-06-02 10:15:00+00:00,2026-06-02 12:15:00+02:00,2026-06-02,12,15,1,1,6,-11.860000000000014,82.43,38736.72912,2.6599999999999966,,,13.81686650438514,70.57
2026-06-02 10:30:00+00:00,2026-06-02 12:30:00+02:00,2026-06-02,12,30,2,1,6,-11.179999999999993,79.41,38689.73111,1.480000000000004,,,16.53215654414148,68.23
2026-06-02 10:45:00+00:00,2026-06-02 12:45:00+02:00,2026-06-02,12,45,3,1,6,-9.049999999999997,73.95,38525.27515,3.6499999999999915,,,17.64938525841623,64.9
2026-06-02 11:00:00+00:00,2026-06-02 13:00:00+02:00,2026-06-02,13,0,0,1,6,-10.64,80.09,38219.88978,1.8399999999999892,,,15.690699474529497,69.45
2026-06-02 11:15:00+00:00,2026-06-02 13:15:00+02:00,2026-06-02,13,15,1,1,6,-13.899999999999991,85.6,37781.00196,-0.21999999999999886,,,15.973542187004108,71.7
2026-06-02 11:30:00+00:00,2026-06-02 13:30:00+02:00,2026-06-02,13,30,2,1,6,-14.509999999999991,86.52,37251.30692,2.009999999999991,,,12.6996377901104,72.01
2026-06-02 11:45:00+00:00,2026-06-02 13:45:00+02:00,2026-06-02,13,45,3,1,6,-13.620000000000005,86.69,36641.81564,38.70000000000001,,,13.965358928434323,73.07
2026-06-02 12:00:00+00:00,2026-06-02 14:00:00+02:00,2026-06-02,14,0,0,1,6,-16.909999999999997,84.91,36587.62119,41.8,,,12.020815280171307,68.0
2026-06-02 12:15:00+00:00,2026-06-02 14:15:00+02:00,2026-06-02,14,15,1,1,6,-13.459999999999994,89.21,35811.32626,5.429999999999993,,,10.380327547818522,75.75
2026-06-02 12:30:00+00:00,2026-06-02 14:30:00+02:00,2026-06-02,14,30,2,1,6,-11.969999999999999,92.5,34981.22953,35.419999999999995,,,13.442099910356268,80.53
2026-06-02 12:45:00+00:00,2026-06-02 14:45:00+02:00,2026-06-02,14,45,3,1,6,-12.11,96.51,34066.57302,31.669999999999995,,,13.138043994446052,84.4
2026-06-02 13:00:00+00:00,2026-06-02 15:00:00+02:00,2026-06-02,15,0,0,1,6,-13.219999999999999,91.88,32972.29617,4.680000000000007,,,17.04127342659579,78.66
2026-06-02 13:15:00+00:00,2026-06-02 15:15:00+02:00,2026-06-02,15,15,1,1,6,-12.090000000000003,96.5,31814.75075,0.539999999999992,,,12.148094500784893,84.41
2026-06-02 13:30:00+00:00,2026-06-02 15:30:00+02:00,2026-06-02,15,30,2,1,6,-9.840000000000003,101.83,30473.76276,13.800000000000011,,,1.1950104602052731,91.99
2026-06-02 13:45:00+00:00,2026-06-02 15:45:00+02:00,2026-06-02,15,45,3,1,6,-4.699999999999989,108.74,28957.137,10.400000000000006,,,4.843681451127846,104.04
2026-06-02 14:00:00+00:00,2026-06-02 16:00:00+02:00,2026-06-02,16,0,0,1,6,-18.269999999999996,110.0,27312.72196,11.230000000000004,,,11.320779566796624,91.73
2026-06-02 14:15:00+00:00,2026-06-02 16:15:00+02:00,2026-06-02,16,15,1,1,6,-14.600000000000009,111.4,25527.30363,5.659999999999997,,,12.572358569496815,96.8
2026-06-02 14:30:00+00:00,2026-06-02 16:30:00+02:00,2026-06-02,16,30,2,1,6,-8.039999999999992,114.32,23748.08044,-1.2099999999999937,,,11.504627329905121,106.28
2026-06-02 14:45:00+00:00,2026-06-02 16:45:00+02:00,2026-06-02,16,45,3,1,6,-9.039999999999992,126.08,21830.54084,-8.989999999999995,,,44.99320448690001,117.04
2026-06-02 15:00:00+00:00,2026-06-02 17:00:00+02:00,2026-06-02,17,0,0,1,6,-14.289999999999992,120.58,19922.49847,-2.2700000000000102,,,10.924799769332171,106.29
2026-06-02 15:15:00+00:00,2026-06-02 17:15:00+02:00,2026-06-02,17,15,1,1,6,-4.5,121.42,18040.91853,-8.900000000000006,,,10.238906191581211,116.92
2026-06-02 15:30:00+00:00,2026-06-02 17:30:00+02:00,2026-06-02,17,30,2,1,6,-9.019999999999996,134.06,16153.03071,-7.510000000000005,,,11.667261889578034,125.04
2026-06-02 15:45:00+00:00,2026-06-02 17:45:00+02:00,2026-06-02,17,45,3,1,6,-15.449999999999989,147.2,14336.62414,-20.840000000000003,,,17.324116139070423,131.75
2026-06-02 16:00:00+00:00,2026-06-02 18:00:00+02:00,2026-06-02,18,0,0,1,6,-6.2900000000000205,135.46,12589.18488,0.6899999999999977,,,12.16223663640862,129.17
2026-06-02 16:15:00+00:00,2026-06-02 18:15:00+02:00,2026-06-02,18,15,1,1,6,-0.75,137.69,10941.70471,-15.569999999999993,,,12.261231585774738,136.94
2026-06-02 16:30:00+00:00,2026-06-02 18:30:00+02:00,2026-06-02,18,30,2,1,6,-5.0800000000000125,148.72,9381.28214,-3.6699999999999875,,,0.14142135623732158,143.64
2026-06-02 16:45:00+00:00,2026-06-02 18:45:00+02:00,2026-06-02,18,45,3,1,6,-15.150000000000006,170.0,7919.75904,-11.299999999999983,,,3.6910973977937775,154.85
2026-06-02 17:00:00+00:00,2026-06-02 19:00:00+02:00,2026-06-02,19,0,0,1,6,-7.569999999999993,154.42,6563.71664,-56.379999999999995,,,40.17780730701963,146.85
2026-06-02 17:15:00+00:00,2026-06-02 19:15:00+02:00,2026-06-02,19,15,1,1,6,-11.329999999999984,161.7,5306.05661,-62.599999999999994,,,43.5648487889032,150.37
2026-06-02 17:30:00+00:00,2026-06-02 19:30:00+02:00,2026-06-02,19,30,2,1,6,-15.460000000000008,175.18,4153.96726,-46.599999999999994,,,21.5667568261897,159.72
2026-06-02 17:45:00+00:00,2026-06-02 19:45:00+02:00,2026-06-02,19,45,3,1,6,-48.5,212.5,3127.14564,-44.00999999999999,,,29.352002487053582,164.0
2026-06-02 18:00:00+00:00,2026-06-02 20:00:00+02:00,2026-06-02,20,0,0,1,6,-9.870000000000005,168.46,2214.48276,-81.80000000000001,,,54.24923225263195,158.59
2026-06-02 18:15:00+00:00,2026-06-02 20:15:00+02:00,2026-06-02,20,15,1,1,6,-25.669999999999987,181.47,1463.25944,-87.47999999999999,,,57.88376110793079,155.8
2026-06-02 18:30:00+00:00,2026-06-02 20:30:00+02:00,2026-06-02,20,30,2,1,6,-10.5,164.29,882.78293,-81.02999999999997,,,50.671271939827975,153.79
2026-06-02 18:45:00+00:00,2026-06-02 20:45:00+02:00,2026-06-02,20,45,3,1,6,-44.72999999999999,192.73,466.35288,-104.25999999999999,,,53.26635382678261,148.0
2026-06-02 19:00:00+00:00,2026-06-02 21:00:00+02:00,2026-06-02,21,0,0,1,6,-26.49000000000001,180.47,189.39211,39.860000000000014,,,33.502719292618615,153.98
2026-06-02 19:15:00+00:00,2026-06-02 21:15:00+02:00,2026-06-02,21,15,1,1,6,-22.5,165.01,60.7269,-94.51999999999998,,,46.44277338833243,142.51
2026-06-02 19:30:00+00:00,2026-06-02 21:30:00+02:00,2026-06-02,21,30,2,1,6,-25.390000000000015,165.34,23.95929,-47.09,,,18.858537854245213,139.95
2026-06-02 19:45:00+00:00,2026-06-02 21:45:00+02:00,2026-06-02,21,45,3,1,6,-20.47,150.01,11.53279,-202.84,,,138.45857882413787,129.54
2026-06-02 20:00:00+00:00,2026-06-02 22:00:00+02:00,2026-06-02,22,0,0,1,6,-25.659999999999997,162.71,0.0,-16.97,,,8.888332239514897,137.05
2026-06-02 20:15:00+00:00,2026-06-02 22:15:00+02:00,2026-06-02,22,15,1,1,6,-14.699999999999989,144.7,,-65.62,,,44.533585079128756,130.0
2026-06-02 20:30:00+00:00,2026-06-02 22:30:00+02:00,2026-06-02,22,30,2,1,6,-11.849999999999994,137.94,,-17.22,,,11.278353159925425,126.09
2026-06-02 20:45:00+00:00,2026-06-02 22:45:00+02:00,2026-06-02,22,45,3,1,6,-5.709999999999994,125.0,,-85.53,,,57.5089945139019,119.29
2026-06-02 21:00:00+00:00,2026-06-02 23:00:00+02:00,2026-06-02,23,0,0,1,6,-7.619999999999976,139.7,,-4.469999999999999,,,2.085965004500307,132.08
2026-06-02 21:15:00+00:00,2026-06-02 23:15:00+02:00,2026-06-02,23,15,1,1,6,1.4299999999999926,120.01,,-7.289999999999992,,,3.0547012947258807,121.44
2026-06-02 21:30:00+00:00,2026-06-02 23:30:00+02:00,2026-06-02,23,30,2,1,6,-9.5,125.5,,-11.870000000000005,,,9.065108934811533,116.0
2026-06-02 21:45:00+00:00,2026-06-02 23:45:00+02:00,2026-06-02,23,45,3,1,6,-13.25,113.04,,-10.900000000000006,,,3.66988419435818,99.79
2026-06-03 10:00:00+00:00,2026-06-03 12:00:00+02:00,2026-06-03,12,0,0,2,6,57.120000000000005,33.44,31293.67122,-14.299999999999997,,,14.030803018121711,90.56
2026-06-03 10:15:00+00:00,2026-06-03 12:15:00+02:00,2026-06-03,12,15,1,2,6,55.22,27.25,31876.42147,-11.860000000000014,,,17.09154566835117,82.47
2026-06-03 10:30:00+00:00,2026-06-03 12:30:00+02:00,2026-06-03,12,30,2,2,6,21.1,52.37,32459.10622,-11.179999999999993,,,18.28378881231495,73.47
2026-06-03 10:45:00+00:00,2026-06-03 12:45:00+02:00,2026-06-03,12,45,3,2,6,44.769999999999996,18.7,32900.83319,-9.049999999999997,,,19.15971120172048,63.47
2026-06-03 11:00:00+00:00,2026-06-03 13:00:00+02:00,2026-06-03,13,0,0,2,6,19.17,50.09,33284.75079,-10.64,,,17.56016040169717,69.26
2026-06-03 11:15:00+00:00,2026-06-03 13:15:00+02:00,2026-06-03,13,15,1,2,6,20.729999999999997,40.0,33578.002,-13.899999999999991,,,18.316492568174723,60.73
2026-06-03 11:30:00+00:00,2026-06-03 13:30:00+02:00,2026-06-03,13,30,2,2,6,16.159999999999997,35.35,33724.68859,-14.509999999999991,,,17.245010872713298,51.51
2026-06-03 11:45:00+00:00,2026-06-03 13:45:00+02:00,2026-06-03,13,45,3,2,6,31.939999999999998,15.0,33748.97446,-13.620000000000005,,,26.42047753795025,46.94
2026-06-03 12:00:00+00:00,2026-06-03 14:00:00+02:00,2026-06-03,14,0,0,2,6,11.579999999999998,29.21,34252.06891,-16.909999999999997,,,30.20923754968558,40.79
2026-06-03 12:15:00+00:00,2026-06-03 14:15:00+02:00,2026-06-03,14,15,1,2,6,9.14,36.06,34066.69584,-13.459999999999994,,,16.828940350875726,45.2
2026-06-03 12:30:00+00:00,2026-06-03 14:30:00+02:00,2026-06-03,14,30,2,2,6,8.469999999999999,37.88,33791.09025,-11.969999999999999,,,23.848887465316555,46.35
2026-06-03 12:45:00+00:00,2026-06-03 14:45:00+02:00,2026-06-03,14,45,3,2,6,-1.3600000000000065,49.02,33377.40693,-12.11,,,21.973259506348466,47.66
2026-06-03 13:00:00+00:00,2026-06-03 15:00:00+02:00,2026-06-03,15,0,0,2,6,6.320000000000004,29.38,32791.29947,-13.219999999999999,,,21.076131839911547,35.7
2026-06-03 13:15:00+00:00,2026-06-03 15:15:00+02:00,2026-06-03,15,15,1,2,6,2.280000000000001,44.81,32201.60368,-12.090000000000003,,,14.962761554383384,47.09
2026-06-03 13:30:00+00:00,2026-06-03 15:30:00+02:00,2026-06-03,15,30,2,2,6,0.3400000000000034,48.75,31490.67061,-9.840000000000003,,,13.187798653806233,49.09
2026-06-03 13:45:00+00:00,2026-06-03 15:45:00+02:00,2026-06-03,15,45,3,2,6,-4.459999999999994,65.46,30632.28633,-4.699999999999989,,,11.230427418402199,61.0
2026-06-03 14:00:00+00:00,2026-06-03 16:00:00+02:00,2026-06-03,16,0,0,2,6,6.539999999999999,39.19,29597.13134,-18.269999999999996,,,23.08581887941888,45.73
2026-06-03 14:15:00+00:00,2026-06-03 16:15:00+02:00,2026-06-03,16,15,1,2,6,7.390000000000001,54.55,28418.10845,-14.600000000000009,,,19.033468767761,61.94
2026-06-03 14:30:00+00:00,2026-06-03 16:30:00+02:00,2026-06-03,16,30,2,2,6,-11.75,84.14,27182.81394,-8.039999999999992,,,11.867124054855632,72.39
2026-06-03 14:45:00+00:00,2026-06-03 16:45:00+02:00,2026-06-03,16,45,3,2,6,-20.25,107.76,25768.95116,-9.039999999999992,,,36.751239888381086,87.51
2026-06-03 15:00:00+00:00,2026-06-03 17:00:00+02:00,2026-06-03,17,0,0,2,6,6.239999999999995,67.87,24216.25577,-14.289999999999992,,,13.770643896831162,74.11
2026-06-03 15:15:00+00:00,2026-06-03 17:15:00+02:00,2026-06-03,17,15,1,2,6,-17.129999999999995,95.07,22561.00925,-4.5,,,7.423350546305445,77.94
2026-06-03 15:30:00+00:00,2026-06-03 17:30:00+02:00,2026-06-03,17,30,2,2,6,-8.91000000000001,106.37,20771.47837,-9.019999999999996,,,9.990747386123486,97.46
2026-06-03 15:45:00+00:00,2026-06-03 17:45:00+02:00,2026-06-03,17,45,3,2,6,-15.280000000000001,117.41,18893.32928,-15.449999999999989,,,12.874355647306528,102.13
2026-06-03 16:00:00+00:00,2026-06-03 18:00:00+02:00,2026-06-03,18,0,0,2,6,-1.1099999999999994,103.26,16954.99652,-6.2900000000000205,,,12.444763289566161,102.15
2026-06-03 16:15:00+00:00,2026-06-03 18:15:00+02:00,2026-06-03,18,15,1,2,6,-13.009999999999991,124.99,14989.12796,-0.75,,,9.368906019381345,111.98
2026-06-03 16:30:00+00:00,2026-06-03 18:30:00+02:00,2026-06-03,18,30,2,2,6,-11.990000000000009,130.81,12976.82458,-5.0800000000000125,,,0.7629110913686795,118.82
2026-06-03 16:45:00+00:00,2026-06-03 18:45:00+02:00,2026-06-03,18,45,3,2,6,-22.610000000000014,150.9,11010.26363,-15.150000000000006,,,4.552211916566871,128.29
2026-06-03 17:00:00+00:00,2026-06-03 19:00:00+02:00,2026-06-03,19,0,0,2,6,-9.699999999999989,132.76,9126.64288,-7.569999999999993,,,30.75464355182807,123.06
2026-06-03 17:15:00+00:00,2026-06-03 19:15:00+02:00,2026-06-03,19,15,1,2,6,-9.909999999999997,146.82,7375.16336,-11.329999999999984,,,32.99323314459093,136.91
2026-06-03 17:30:00+00:00,2026-06-03 19:30:00+02:00,2026-06-03,19,30,2,2,6,-2.5500000000000114,141.58,5791.91506,-15.460000000000008,,,17.796812448675553,139.03
2026-06-03 17:45:00+00:00,2026-06-03 19:45:00+02:00,2026-06-03,19,45,3,2,6,-22.789999999999992,175.0,4398.77223,-48.5,,,25.361520064854155,152.21
2026-06-03 18:00:00+00:00,2026-06-03 20:00:00+02:00,2026-06-03,20,0,0,2,6,-6.490000000000009,152.9,3173.67842,-9.870000000000005,,,42.97834222023926,146.41
2026-06-03 18:15:00+00:00,2026-06-03 20:15:00+02:00,2026-06-03,20,15,1,2,6,-7.009999999999991,154.91,2125.85479,-25.669999999999987,,,42.66836884625425,147.9
2026-06-03 18:30:00+00:00,2026-06-03 20:30:00+02:00,2026-06-03,20,30,2,2,6,1.0400000000000205,145.29,1284.17998,-10.5,,,41.050605760857316,146.33
2026-06-03 18:45:00+00:00,2026-06-03 20:45:00+02:00,2026-06-03,20,45,3,2,6,-12.860000000000014,162.09,667.05117,-44.72999999999999,,,39.72419455864817,149.23
2026-06-03 19:00:00+00:00,2026-06-03 21:00:00+02:00,2026-06-03,21,0,0,2,6,-23.99000000000001,160.52,258.37267,-26.49000000000001,,,34.17369309863949,136.53
2026-06-03 19:15:00+00:00,2026-06-03 21:15:00+02:00,2026-06-03,21,15,1,2,6,-19.870000000000005,150.01,73.37456,-22.5,,,39.876765164692074,130.14
2026-06-03 19:30:00+00:00,2026-06-03 21:30:00+02:00,2026-06-03,21,30,2,2,6,-16.38000000000001,143.11,24.35106,-25.390000000000015,,,14.182617294890711,126.73
2026-06-03 19:45:00+00:00,2026-06-03 21:45:00+02:00,2026-06-03,21,45,3,2,6,-8.049999999999997,132.75,10.32077,-20.47,,,109.37779070725465,124.7
2026-06-03 20:00:00+00:00,2026-06-03 22:00:00+02:00,2026-06-03,22,0,0,2,6,-9.430000000000007,139.12,0.0,-25.659999999999997,,,10.688846211511008,129.69
2026-06-03 20:15:00+00:00,2026-06-03 22:15:00+02:00,2026-06-03,22,15,1,2,6,2.239999999999995,127.45,,-14.699999999999989,,,33.42845693916088,129.69
2026-06-03 20:30:00+00:00,2026-06-03 22:30:00+02:00,2026-06-03,22,30,2,2,6,-1.8299999999999983,117.73,,-11.849999999999994,,,8.115579667117638,115.9
2026-06-03 20:45:00+00:00,2026-06-03 22:45:00+02:00,2026-06-03,22,45,3,2,6,-1.3500000000000085,111.2,,-5.709999999999994,,,46.526124202788836,109.85
2026-06-03 21:00:00+00:00,2026-06-03 23:00:00+02:00,2026-06-03,23,0,0,2,6,-8.090000000000003,115.97,,-7.619999999999976,,,3.05054639914446,107.88
2026-06-03 21:15:00+00:00,2026-06-03 23:15:00+02:00,2026-06-03,23,15,1,2,6,-3.8100000000000023,108.8,,1.4299999999999926,,,4.360061161650519,104.99
2026-06-03 21:30:00+00:00,2026-06-03 23:30:00+02:00,2026-06-03,23,30,2,2,6,-1.6099999999999994,100.3,,-9.5,,,6.821190023253513,98.69
2026-06-03 21:45:00+00:00,2026-06-03 23:45:00+02:00,2026-06-03,23,45,3,2,6,4.159999999999997,82.41,,-13.25,,,3.8581126646759945,86.57
2026-06-04 10:00:00+00:00,2026-06-04 12:00:00+02:00,2026-06-04,12,0,0,3,6,-5.63,5.6,28789.73548,57.120000000000005,,,37.79077797558553,-0.03
2026-06-04 10:15:00+00:00,2026-06-04 12:15:00+02:00,2026-06-04,12,15,1,3,6,1.31,-1.82,28745.79052,55.22,,,35.29190275403128,-0.51
2026-06-04 10:30:00+00:00,2026-06-04 12:30:00+02:00,2026-06-04,12,30,2,3,6,-2.96,2.5,28721.77905,21.1,,,16.2645750021327,-0.46
2026-06-04 10:45:00+00:00,2026-06-04 12:45:00+02:00,2026-06-04,12,45,3,3,6,4.4,-3.4,28569.58243,44.769999999999996,,,28.132830169276133,1.0
2026-06-04 11:00:00+00:00,2026-06-04 13:00:00+02:00,2026-06-04,13,0,0,3,6,-0.34,0.4,28342.1064,19.17,,,14.97061232325964,0.06
2026-06-04 11:15:00+00:00,2026-06-04 13:15:00+02:00,2026-06-04,13,15,1,3,6,0.56,-0.05,27997.79734,20.729999999999997,,,17.44172105422321,0.51
2026-06-04 11:30:00+00:00,2026-06-04 13:30:00+02:00,2026-06-04,13,30,2,3,6,-0.51,0.5,27579.50425,16.159999999999997,,,15.350254069558584,-0.01
2026-06-04 11:45:00+00:00,2026-06-04 13:45:00+02:00,2026-06-04,13,45,3,3,6,0.08,-0.08,27105.31149,31.939999999999998,,,28.456966341009256,0.0
2026-06-04 12:00:00+00:00,2026-06-04 14:00:00+02:00,2026-06-04,14,0,0,3,6,4.32,-5.01,27793.81,11.579999999999998,,,29.359247833235322,-0.69
2026-06-04 12:15:00+00:00,2026-06-04 14:15:00+02:00,2026-06-04,14,15,1,3,6,-0.99,-0.01,27205.4328,9.14,,,12.119929867783881,-1.0
2026-06-04 12:30:00+00:00,2026-06-04 14:30:00+02:00,2026-06-04,14,30,2,3,6,0.25,-0.04,26545.1811,8.469999999999999,,,23.769406807911714,0.21
2026-06-04 12:45:00+00:00,2026-06-04 14:45:00+02:00,2026-06-04,14,45,3,3,6,1.01,-0.01,25724.45092,-1.3600000000000065,,,22.815315762297335,1.0
2026-06-04 13:00:00+00:00,2026-06-04 15:00:00+02:00,2026-06-04,15,0,0,3,6,3.5,-3.89,24713.10365,6.320000000000004,,,10.83905899974717,-0.39
2026-06-04 13:15:00+00:00,2026-06-04 15:15:00+02:00,2026-06-04,15,15,1,3,6,-2.1,0.0,23792.56656,2.280000000000001,,,7.842633486272327,-2.1
2026-06-04 13:30:00+00:00,2026-06-04 15:30:00+02:00,2026-06-04,15,30,2,3,6,-12.3,11.8,22823.12723,0.3400000000000034,,,11.857863776133268,-0.5
2026-06-04 13:45:00+00:00,2026-06-04 15:45:00+02:00,2026-06-04,15,45,3,3,6,-3.46,6.45,21793.29866,-4.459999999999994,,,8.649539486778085,2.99
2026-06-04 14:00:00+00:00,2026-06-04 16:00:00+02:00,2026-06-04,16,0,0,3,6,-3.25,6.3,20675.4143,6.539999999999999,,,15.852351034888589,3.05
2026-06-04 14:15:00+00:00,2026-06-04 16:15:00+02:00,2026-06-04,16,15,1,3,6,-6.27,14.67,19521.67496,7.390000000000001,,,12.227159659272198,8.4
2026-06-04 14:30:00+00:00,2026-06-04 16:30:00+02:00,2026-06-04,16,30,2,3,6,-21.449999999999996,34.98,18393.21544,-11.75,,,5.346410010464973,13.53
2026-06-04 14:45:00+00:00,2026-06-04 16:45:00+02:00,2026-06-04,16,45,3,3,6,3.0100000000000016,24.99,17145.92206,-20.25,,,6.486578450924662,28.0
2026-06-04 15:00:00+00:00,2026-06-04 17:00:00+02:00,2026-06-04,17,0,0,3,6,-15.560000000000002,37.06,15871.45466,6.239999999999995,,,10.314887299432788,21.5
2026-06-04 15:15:00+00:00,2026-06-04 17:15:00+02:00,2026-06-04,17,15,1,3,6,-34.019999999999996,62.0,14565.30327,-17.129999999999995,,,6.411055555314841,27.98
2026-06-04 15:30:00+00:00,2026-06-04 17:30:00+02:00,2026-06-04,17,30,2,3,6,-24.779999999999994,84.13,13205.0132,-8.91000000000001,,,0.8418432158068422,59.35
2026-06-04 15:45:00+00:00,2026-06-04 17:45:00+02:00,2026-06-04,17,45,3,3,6,-20.439999999999998,98.73,11860.02761,-15.280000000000001,,,3.162135354471729,78.29
2026-06-04 16:00:00+00:00,2026-06-04 18:00:00+02:00,2026-06-04,18,0,0,3,6,-10.470000000000006,74.4,10556.00675,-1.1099999999999994,,,3.623828546348936,63.93
2026-06-04 16:15:00+00:00,2026-06-04 18:15:00+02:00,2026-06-04,18,15,1,3,6,-11.069999999999993,91.71,9307.9101,-13.009999999999991,,,7.921422431188307,80.64
2026-06-04 16:30:00+00:00,2026-06-04 18:30:00+02:00,2026-06-04,18,30,2,3,6,-9.659999999999997,102.14,8112.28468,-11.990000000000009,,,4.452688326543123,92.48
2026-06-04 16:45:00+00:00,2026-06-04 18:45:00+02:00,2026-06-04,18,45,3,3,6,-15.680000000000007,117.29,6983.71472,-22.610000000000014,,,5.7502202856354545,101.61
2026-06-04 17:00:00+00:00,2026-06-04 19:00:00+02:00,2026-06-04,19,0,0,3,6,-15.420000000000002,110.05,5893.71047,-9.699999999999989,,,27.58615413572541,94.63
2026-06-04 17:15:00+00:00,2026-06-04 19:15:00+02:00,2026-06-04,19,15,1,3,6,-7.550000000000011,110.54,4833.39252,-9.909999999999997,,,30.01906449797084,102.99
2026-06-04 17:30:00+00:00,2026-06-04 19:30:00+02:00,2026-06-04,19,30,2,3,6,-7.099999999999994,113.1,3815.38142,-2.5500000000000114,,,22.644978104059472,106.0
2026-06-04 17:45:00+00:00,2026-06-04 19:45:00+02:00,2026-06-04,19,45,3,3,6,-8.620000000000005,117.72,2885.1429,-22.789999999999992,,,13.732277062939472,109.1
2026-06-04 18:00:00+00:00,2026-06-04 20:00:00+02:00,2026-06-04,20,0,0,3,6,-8.319999999999993,114.27,2077.60848,-6.490000000000009,,,42.538111147534515,105.95
2026-06-04 18:15:00+00:00,2026-06-04 20:15:00+02:00,2026-06-04,20,15,1,3,6,-3.2099999999999937,112.21,1422.87505,-7.009999999999991,,,42.11906258849232,109.0
2026-06-04 18:30:00+00:00,2026-06-04 20:30:00+02:00,2026-06-04,20,30,2,3,6,-6.060000000000002,117.0,909.39102,1.0400000000000205,,,44.428101842565056,110.94
2026-06-04 18:45:00+00:00,2026-06-04 20:45:00+02:00,2026-06-04,20,45,3,3,6,-10.349999999999994,121.3,521.98738,-12.860000000000014,,,46.3923086297718,110.95
2026-06-04 19:00:00+00:00,2026-06-04 21:00:00+02:00,2026-06-04,21,0,0,3,6,-6.579999999999998,115.92,248.1886,-23.99000000000001,,,37.6062827197797,109.34
2026-06-04 19:15:00+00:00,2026-06-04 21:15:00+02:00,2026-06-04,21,15,1,3,6,-5.519999999999996,114.35,99.27489,-19.870000000000005,,,42.36039777905773,108.83
2026-06-04 19:30:00+00:00,2026-06-04 21:30:00+02:00,2026-06-04,21,30,2,3,6,-4.010000000000005,111.23,40.60206,-16.38000000000001,,,15.785933611921719,107.22
2026-06-04 19:45:00+00:00,2026-06-04 21:45:00+02:00,2026-06-04,21,45,3,3,6,1.0100000000000051,101.88,19.13481,-8.049999999999997,,,109.05366981445421,102.89
2026-06-04 20:00:00+00:00,2026-06-04 22:00:00+02:00,2026-06-04,22,0,0,3,6,-7.920000000000002,116.0,0.0,-9.430000000000007,,,8.121787570069365,108.08
2026-06-04 20:15:00+00:00,2026-06-04 22:15:00+02:00,2026-06-04,22,15,1,3,6,-3.969999999999999,108.9,,2.239999999999995,,,35.319469607191635,104.93
2026-06-04 20:30:00+00:00,2026-06-04 22:30:00+02:00,2026-06-04,22,30,2,3,6,0.18000000000000682,102.75,,-1.8299999999999983,,,7.811203492420358,102.93
2026-06-04 20:45:00+00:00,2026-06-04 22:45:00+02:00,2026-06-04,22,45,3,3,6,2.5,97.56,,-1.3500000000000085,,,47.392886948711336,100.06
2026-06-04 21:00:00+00:00,2026-06-04 23:00:00+02:00,2026-06-04,23,0,0,3,6,4.299999999999997,95.0,,-8.090000000000003,,,1.9684088328732219,99.3
2026-06-04 21:15:00+00:00,2026-06-04 23:15:00+02:00,2026-06-04,23,15,1,3,6,4.6699999999999875,91.54,,-3.8100000000000023,,,4.389502629379924,96.21
2026-06-04 21:30:00+00:00,2026-06-04 23:30:00+02:00,2026-06-04,23,30,2,3,6,-10.900000000000006,99.31,,-1.6099999999999994,,,5.37178741202591,88.41
2026-06-04 21:45:00+00:00,2026-06-04 23:45:00+02:00,2026-06-04,23,45,3,3,6,-10.129999999999995,90.21,,4.159999999999997,,,9.44664137846533,80.08
2026-06-05 10:00:00+00:00,2026-06-05 12:00:00+02:00,2026-06-05,12,0,0,4,6,47.660000000000004,39.1,33869.266,-5.63,,,38.9733836526075,86.76
2026-06-05 10:15:00+00:00,2026-06-05 12:15:00+02:00,2026-06-05,12,15,1,4,6,38.69,45.78,34522.43759,1.31,,,35.54214259157712,84.47
2026-06-05 10:30:00+00:00,2026-06-05 12:30:00+02:00,2026-06-05,12,30,2,4,6,39.989999999999995,40.03,35094.4214,-2.96,,,16.77523174206544,80.02
2026-06-05 10:45:00+00:00,2026-06-05 12:45:00+02:00,2026-06-05,12,45,3,4,6,46.459999999999994,26.5,35491.24347,4.4,,,28.009616800901316,72.96
2026-06-05 11:00:00+00:00,2026-06-05 13:00:00+02:00,2026-06-05,13,0,0,4,6,48.989999999999995,27.0,35761.17167,-0.34,,,15.140267500939343,75.99
2026-06-05 11:15:00+00:00,2026-06-05 13:15:00+02:00,2026-06-05,13,15,1,4,6,45.17,23.89,35889.10268,0.56,,,17.393281269885023,69.06
2026-06-05 11:30:00+00:00,2026-06-05 13:30:00+02:00,2026-06-05,13,30,2,4,6,31.830000000000005,33.73,35900.44318,-0.51,,,15.354357687640336,65.56
2026-06-05 11:45:00+00:00,2026-06-05 13:45:00+02:00,2026-06-05,13,45,3,4,6,33.84,24.59,35864.54872,0.08,,,23.375425842823343,58.43
2026-06-05 12:00:00+00:00,2026-06-05 14:00:00+02:00,2026-06-05,14,0,0,4,6,30.28,25.47,36321.61244,4.32,,,14.804844927703,55.75
2026-06-05 12:15:00+00:00,2026-06-05 14:15:00+02:00,2026-06-05,14,15,1,4,6,28.369999999999997,24.71,36122.59909,-0.99,,,11.320172260173424,53.08
2026-06-05 12:30:00+00:00,2026-06-05 14:30:00+02:00,2026-06-05,14,30,2,4,6,37.73,18.0,35852.34427,0.25,,,10.285024712334593,55.73
2026-06-05 12:45:00+00:00,2026-06-05 14:45:00+02:00,2026-06-05,14,45,3,4,6,24.049999999999997,31.39,35438.80026,1.01,,,6.991826180143013,55.44
2026-06-05 13:00:00+00:00,2026-06-05 15:00:00+02:00,2026-06-05,15,0,0,4,6,32.9,16.0,34832.09829,3.5,,,10.561900081582548,48.9
2026-06-05 13:15:00+00:00,2026-06-05 15:15:00+02:00,2026-06-05,15,15,1,4,6,25.86,30.15,34201.8035,-2.1,,,7.365249486609401,56.01
2026-06-05 13:30:00+00:00,2026-06-05 15:30:00+02:00,2026-06-05,15,30,2,4,6,22.6,44.96,33480.75418,-12.3,,,6.701412786370749,67.56
2026-06-05 13:45:00+00:00,2026-06-05 15:45:00+02:00,2026-06-05,15,45,3,4,6,27.099999999999994,52.89,32616.28057,-3.46,,,0.6576726642740457,79.99
2026-06-05 14:00:00+00:00,2026-06-05 16:00:00+02:00,2026-06-05,16,0,0,4,6,21.239999999999995,45.97,31564.87492,-3.25,,,12.49653685359801,67.21
2026-06-05 14:15:00+00:00,2026-06-05 16:15:00+02:00,2026-06-05,16,15,1,4,6,17.82,61.26,30403.1899,-6.27,,,11.102136431035849,79.08
2026-06-05 14:30:00+00:00,2026-06-05 16:30:00+02:00,2026-06-05,16,30,2,4,6,30.120000000000005,65.1,29153.78758,-21.449999999999996,,,6.924379635269386,95.22
2026-06-05 14:45:00+00:00,2026-06-05 16:45:00+02:00,2026-06-05,16,45,3,4,6,-0.8400000000000034,103.56,27742.94952,3.0100000000000016,,,11.63252767028732,102.72
2026-06-05 15:00:00+00:00,2026-06-05 17:00:00+02:00,2026-06-05,17,0,0,4,6,19.17,72.27,26148.63034,-15.560000000000002,,,12.236106406859982,91.44
2026-06-05 15:15:00+00:00,2026-06-05 17:15:00+02:00,2026-06-05,17,15,1,4,6,8.259999999999991,91.2,24403.29059,-34.019999999999996,,,14.811141076905585,99.46
2026-06-05 15:30:00+00:00,2026-06-05 17:30:00+02:00,2026-06-05,17,30,2,4,6,-1.519999999999996,114.7,22528.0405,-24.779999999999994,,,9.13096015396701,113.18
2026-06-05 15:45:00+00:00,2026-06-05 17:45:00+02:00,2026-06-05,17,45,3,4,6,-2.009999999999991,132.59,20539.59594,-20.439999999999998,,,2.9312852698659957,130.58
2026-06-05 16:00:00+00:00,2026-06-05 18:00:00+02:00,2026-06-05,18,0,0,4,6,-0.3199999999999932,109.99,18490.2148,-10.470000000000006,,,4.688894681407699,109.67
2026-06-05 16:15:00+00:00,2026-06-05 18:15:00+02:00,2026-06-05,18,15,1,4,6,-2.6099999999999994,125.0,16406.56159,-11.069999999999993,,,6.5900632268084705,122.39
2026-06-05 16:30:00+00:00,2026-06-05 18:30:00+02:00,2026-06-05,18,30,2,4,6,-18.659999999999997,149.41,14276.02924,-9.659999999999997,,,3.5155227207344266,130.75
2026-06-05 16:45:00+00:00,2026-06-05 18:45:00+02:00,2026-06-05,18,45,3,4,6,-17.450000000000017,168.4,12179.90153,-15.680000000000007,,,4.162479229177409,150.95
2026-06-05 17:00:00+00:00,2026-06-05 19:00:00+02:00,2026-06-05,19,0,0,4,6,-2.1299999999999955,133.65,10166.05326,-15.420000000000002,,,4.059511464860444,131.52
2026-06-05 17:15:00+00:00,2026-06-05 19:15:00+02:00,2026-06-05,19,15,1,4,6,3.6799999999999784,144.3,8261.77217,-7.550000000000011,,,1.9093803532385276,147.98
2026-06-05 17:30:00+00:00,2026-06-05 19:30:00+02:00,2026-06-05,19,30,2,4,6,4.439999999999998,158.07,6553.22446,-7.099999999999994,,,6.548030238170855,162.51
2026-06-05 17:45:00+00:00,2026-06-05 19:45:00+02:00,2026-06-05,19,45,3,4,6,3.1100000000000136,172.54,5057.42934,-8.620000000000005,,,20.216360536291724,175.65
2026-06-05 18:00:00+00:00,2026-06-05 20:00:00+02:00,2026-06-05,20,0,0,4,6,6.200000000000017,164.88,3741.89538,-8.319999999999993,,,1.6919318347183205,171.08
2026-06-05 18:15:00+00:00,2026-06-05 20:15:00+02:00,2026-06-05,20,15,1,4,6,-23.69999999999999,197.6,2592.26055,-3.2099999999999937,,,12.021419771945993,173.9
2026-06-05 18:30:00+00:00,2026-06-05 20:30:00+02:00,2026-06-05,20,30,2,4,6,2.969999999999999,189.02,1634.85222,-6.060000000000002,,,5.820870496182979,191.99
2026-06-05 18:45:00+00:00,2026-06-05 20:45:00+02:00,2026-06-05,20,45,3,4,6,5.990000000000009,190.01,896.19233,-10.349999999999994,,,19.16586114249327,196.0
2026-06-05 19:00:00+00:00,2026-06-05 21:00:00+02:00,2026-06-05,21,0,0,4,6,5.180000000000007,194.72,381.66343,-6.579999999999998,,,10.845630456547932,199.9
2026-06-05 19:15:00+00:00,2026-06-05 21:15:00+02:00,2026-06-05,21,15,1,4,6,1.5800000000000125,192.47,123.17522,-5.519999999999996,,,9.139290636221908,194.05
2026-06-05 19:30:00+00:00,2026-06-05 21:30:00+02:00,2026-06-05,21,30,2,4,6,-27.97,214.98,42.92249,-4.010000000000005,,,10.733913545394339,187.01
2026-06-05 19:45:00+00:00,2026-06-05 21:45:00+02:00,2026-06-05,21,45,3,4,6,-0.3300000000000125,180.34,20.05309,1.0100000000000051,,,10.783709936751977,180.01
2026-06-05 20:00:00+00:00,2026-06-05 22:00:00+02:00,2026-06-05,22,0,0,4,6,-1.1299999999999955,185.0,0.0,-7.920000000000002,,,9.835315619406083,183.87
2026-06-05 20:15:00+00:00,2026-06-05 22:15:00+02:00,2026-06-05,22,15,1,4,6,1.009999999999991,170.99,,-3.969999999999999,,,8.569914429755578,172.0
2026-06-05 20:30:00+00:00,2026-06-05 22:30:00+02:00,2026-06-05,22,30,2,4,6,3.2700000000000102,161.35,,0.18000000000000682,,,6.444136870054824,164.62
2026-06-05 20:45:00+00:00,2026-06-05 22:45:00+02:00,2026-06-05,22,45,3,4,6,-3.75,158.73,,2.5,,,4.107639224664251,154.98
2026-06-05 21:00:00+00:00,2026-06-05 23:00:00+02:00,2026-06-05,23,0,0,4,6,6.570000000000022,157.39,,4.299999999999997,,,7.021626117455503,163.96
2026-06-05 21:15:00+00:00,2026-06-05 23:15:00+02:00,2026-06-05,23,15,1,4,6,4.3700000000000045,153.92,,4.6699999999999875,,,4.279127636952805,158.29
2026-06-05 21:30:00+00:00,2026-06-05 23:30:00+02:00,2026-06-05,23,30,2,4,6,4.989999999999981,148.58,,-10.900000000000006,,,5.008595944307483,153.57
2026-06-05 21:45:00+00:00,2026-06-05 23:45:00+02:00,2026-06-05,23,45,3,4,6,-0.3900000000000148,141.99,,-10.129999999999995,,,9.283018546428382,141.6
2026-06-06 10:00:00+00:00,2026-06-06 12:00:00+02:00,2026-06-06,12,0,0,5,6,-12.14,-17.87,40503.92232,47.660000000000004,,,33.83015962126103,-30.01
2026-06-06 10:15:00+00:00,2026-06-06 12:15:00+02:00,2026-06-06,12,15,1,5,6,-25.9,-6.1,40363.62143,38.69,,,27.61881423957227,-32.0
2026-06-06 10:30:00+00:00,2026-06-06 12:30:00+02:00,2026-06-06,12,30,2,5,6,-7.650000000000002,-21.15,40192.73928,39.989999999999995,,,21.526798027884528,-28.8
2026-06-06 10:45:00+00:00,2026-06-06 12:45:00+02:00,2026-06-06,12,45,3,5,6,-24.659999999999997,-6.17,39912.15562,46.459999999999994,,,23.8104899851585,-30.83
2026-06-06 11:00:00+00:00,2026-06-06 13:00:00+02:00,2026-06-06,13,0,0,5,6,-28.24,-0.01,39568.74739,48.989999999999995,,,24.843917431301634,-28.25
2026-06-06 11:15:00+00:00,2026-06-06 13:15:00+02:00,2026-06-06,13,15,1,5,6,-26.45,-0.02,39058.68157,45.17,,,22.339033849594603,-26.47
2026-06-06 11:30:00+00:00,2026-06-06 13:30:00+02:00,2026-06-06,13,30,2,5,6,-25.86,-0.04,38528.02281,31.830000000000005,,,16.172576583010308,-25.9
2026-06-06 11:45:00+00:00,2026-06-06 13:45:00+02:00,2026-06-06,13,45,3,5,6,-25.189999999999998,-0.03,37961.36016,33.84,,,18.96666900995885,-25.22
2026-06-06 12:00:00+00:00,2026-06-06 14:00:00+02:00,2026-06-06,14,0,0,5,6,-13.46,-14.7,38028.93028,30.28,,,13.393525799181237,-28.16
2026-06-06 12:15:00+00:00,2026-06-06 14:15:00+02:00,2026-06-06,14,15,1,5,6,-26.16,0.0,37384.96083,28.369999999999997,,,14.91318991139499,-26.16
2026-06-06 12:30:00+00:00,2026-06-06 14:30:00+02:00,2026-06-06,14,30,2,5,6,-20.32,0.03,36706.81641,37.73,,,19.699688660822364,-20.29
2026-06-06 12:45:00+00:00,2026-06-06 14:45:00+02:00,2026-06-06,14,45,3,5,6,-17.669999999999998,0.09,35760.60065,24.049999999999997,,,14.036420483869808,-17.58
2026-06-06 13:00:00+00:00,2026-06-06 15:00:00+02:00,2026-06-06,15,0,0,5,6,-3.8500000000000014,-15.75,34618.83767,32.9,,,16.22143026986215,-19.6
2026-06-06 13:15:00+00:00,2026-06-06 15:15:00+02:00,2026-06-06,15,15,1,5,6,-10.260000000000002,-3.46,33469.88909,25.86,,,15.038630256775383,-13.72
2026-06-06 13:30:00+00:00,2026-06-06 15:30:00+02:00,2026-06-06,15,30,2,5,6,-17.17,8.94,32267.36381,22.6,,,17.669593468253122,-8.23
2026-06-06 13:45:00+00:00,2026-06-06 15:45:00+02:00,2026-06-06,15,45,3,5,6,-23.14,20.89,30972.60007,27.099999999999994,,,17.939468591163262,-2.25
2026-06-06 14:00:00+00:00,2026-06-06 16:00:00+02:00,2026-06-06,16,0,0,5,6,-18.03,12.21,29503.34688,21.239999999999995,,,12.32676086136716,-5.82
2026-06-06 14:15:00+00:00,2026-06-06 16:15:00+02:00,2026-06-06,16,15,1,5,6,-32.059999999999995,38.16,27975.36963,17.82,,,12.081036103469492,6.1
2026-06-06 14:30:00+00:00,2026-06-06 16:30:00+02:00,2026-06-06,16,30,2,5,6,-36.53,57.41,26416.9188,30.120000000000005,,,27.406361183734944,20.88
2026-06-06 14:45:00+00:00,2026-06-06 16:45:00+02:00,2026-06-06,16,45,3,5,6,-27.15,71.39,24731.11808,-0.8400000000000034,,,12.467278505485206,44.24
2026-06-06 15:00:00+00:00,2026-06-06 17:00:00+02:00,2026-06-06,17,0,0,5,6,-16.409999999999997,63.72,22973.73162,19.17,,,17.552767113288244,47.31
2026-06-06 15:15:00+00:00,2026-06-06 17:15:00+02:00,2026-06-06,17,15,1,5,6,-14.230000000000004,82.05,21169.46982,8.259999999999991,,,21.281927387652956,67.82
2026-06-06 15:30:00+00:00,2026-06-06 17:30:00+02:00,2026-06-06,17,30,2,5,6,-6.829999999999998,99.69,19297.94503,-1.519999999999996,,,11.884840484134958,92.86
2026-06-06 15:45:00+00:00,2026-06-06 17:45:00+02:00,2026-06-06,17,45,3,5,6,-6.009999999999991,118.02,17433.7743,-2.009999999999991,,,9.507745964913736,112.01
2026-06-06 16:00:00+00:00,2026-06-06 18:00:00+02:00,2026-06-06,18,0,0,5,6,-12.049999999999997,110.99,15572.04687,-0.3199999999999932,,,5.645886408114622,98.94
2026-06-06 16:15:00+00:00,2026-06-06 18:15:00+02:00,2026-06-06,18,15,1,5,6,-8.980000000000004,116.0,13743.34982,-2.6099999999999994,,,5.530147677353045,107.02
2026-06-06 16:30:00+00:00,2026-06-06 18:30:00+02:00,2026-06-06,18,30,2,5,6,-13.470000000000013,129.43,11929.38261,-18.659999999999997,,,4.6711490377992995,115.96
2026-06-06 16:45:00+00:00,2026-06-06 18:45:00+02:00,2026-06-06,18,45,3,5,6,-9.019999999999996,127.03,10178.85158,-17.450000000000017,,,3.600541625922411,118.01
2026-06-06 17:00:00+00:00,2026-06-06 19:00:00+02:00,2026-06-06,19,0,0,5,6,-11.150000000000006,122.95,8505.40418,-2.1299999999999955,,,6.666425828983128,111.8
2026-06-06 17:15:00+00:00,2026-06-06 19:15:00+02:00,2026-06-06,19,15,1,5,6,-14.009999999999991,135.01,6924.38658,3.6799999999999784,,,7.261434660818287,121.0
2026-06-06 17:30:00+00:00,2026-06-06 19:30:00+02:00,2026-06-06,19,30,2,5,6,-25.189999999999998,151.5,5489.12982,4.439999999999998,,,5.81283350297711,126.31
2026-06-06 17:45:00+00:00,2026-06-06 19:45:00+02:00,2026-06-06,19,45,3,5,6,-16.44999999999999,147.53,4214.73608,3.1100000000000136,,,12.969141580433666,131.08
2026-06-06 18:00:00+00:00,2026-06-06 20:00:00+02:00,2026-06-06,20,0,0,5,6,-25.50999999999999,153.97,3082.39886,6.200000000000017,,,7.907964339828556,128.46
2026-06-06 18:15:00+00:00,2026-06-06 20:15:00+02:00,2026-06-06,20,15,1,5,6,-30.0,160.0,2096.99554,-23.69999999999999,,,10.89981804129473,130.0
2026-06-06 18:30:00+00:00,2026-06-06 20:30:00+02:00,2026-06-06,20,30,2,5,6,-21.97999999999999,156.97,1307.06075,2.969999999999999,,,4.755274264785726,134.99
2026-06-06 18:45:00+00:00,2026-06-06 20:45:00+02:00,2026-06-06,20,45,3,5,6,-35.18000000000001,170.33,709.85102,5.990000000000009,,,10.235707107962833,135.15
2026-06-06 19:00:00+00:00,2026-06-06 21:00:00+02:00,2026-06-06,21,0,0,5,6,-36.93000000000001,175.68,304.67049,5.180000000000007,,,14.675913373052236,138.75
2026-06-06 19:15:00+00:00,2026-06-06 21:15:00+02:00,2026-06-06,21,15,1,5,6,-26.73999999999998,160.39,105.04141,1.5800000000000125,,,10.927297622620774,133.65
2026-06-06 19:30:00+00:00,2026-06-06 21:30:00+02:00,2026-06-06,21,30,2,5,6,-17.15000000000002,145.11,40.45621,-27.97,,,11.982115839867344,127.96
2026-06-06 19:45:00+00:00,2026-06-06 21:45:00+02:00,2026-06-06,21,45,3,5,6,-26.89,151.0,20.30436,-0.3300000000000125,,,4.89008520716528,124.11
2026-06-06 20:00:00+00:00,2026-06-06 22:00:00+02:00,2026-06-06,22,0,0,5,6,-21.569999999999993,154.6,0.79,-1.1299999999999955,,,4.421051911027515,133.03
2026-06-06 20:15:00+00:00,2026-06-06 22:15:00+02:00,2026-06-06,22,15,1,5,6,-20.66000000000001,145.68,0.0,1.009999999999991,,,3.288297431802609,125.02
2026-06-06 20:30:00+00:00,2026-06-06 22:30:00+02:00,2026-06-06,22,30,2,5,6,-15.599999999999994,136.92,,3.2700000000000102,,,2.5689881276487063,121.32
2026-06-06 20:45:00+00:00,2026-06-06 22:45:00+02:00,2026-06-06,22,45,3,5,6,-24.28,134.38,,-3.75,,,3.152908709958741,110.1
2026-06-06 21:00:00+00:00,2026-06-06 23:00:00+02:00,2026-06-06,23,0,0,5,6,-17.189999999999998,135.6,,6.570000000000022,,,7.8907181760175344,118.41
2026-06-06 21:15:00+00:00,2026-06-06 23:15:00+02:00,2026-06-06,23,15,1,5,6,-11.64,127.64,,4.3700000000000045,,,4.811666378016387,116.0
2026-06-06 21:30:00+00:00,2026-06-06 23:30:00+02:00,2026-06-06,23,30,2,5,6,-9.08999999999999,120.07,,4.989999999999981,,,7.982858719364463,110.98
2026-06-06 21:45:00+00:00,2026-06-06 23:45:00+02:00,2026-06-06,23,45,3,5,6,-10.66000000000001,114.29,,-0.3900000000000148,,,7.3003904005196825,103.63
2026-06-07 10:00:00+00:00,2026-06-07 12:00:00+02:00,2026-06-07,12,0,0,6,6,11.6,-14.99,32588.09968,-12.14,,,32.80813974204167,-3.39
2026-06-07 10:15:00+00:00,2026-06-07 12:15:00+02:00,2026-06-07,12,15,1,6,6,14.01,-19.0,32919.60919,-25.9,,,32.42816831089909,-4.99
2026-06-07 10:30:00+00:00,2026-06-07 12:30:00+02:00,2026-06-07,12,30,2,6,6,9.969999999999999,-15.0,33282.32562,-7.650000000000002,,,26.2560094708494,-5.03
2026-06-07 10:45:00+00:00,2026-06-07 12:45:00+02:00,2026-06-07,12,45,3,6,6,-5.25,-1.74,33628.89938,-24.659999999999997,,,35.75747381084594,-6.99
2026-06-07 11:00:00+00:00,2026-06-07 13:00:00+02:00,2026-06-07,13,0,0,6,6,15.64,-23.36,33849.69531,-28.24,,,39.1073987032292,-7.72
2026-06-07 11:15:00+00:00,2026-06-07 13:15:00+02:00,2026-06-07,13,15,1,6,6,-0.9000000000000004,-10.01,34002.78617,-26.45,,,36.16862498538386,-10.91
2026-06-07 11:30:00+00:00,2026-06-07 13:30:00+02:00,2026-06-07,13,30,2,6,6,24.43,-40.11,34147.98755,-25.86,,,28.915492387299928,-15.68
2026-06-07 11:45:00+00:00,2026-06-07 13:45:00+02:00,2026-06-07,13,45,3,6,6,30.46,-50.25,34249.53738,-25.189999999999998,,,29.616581504285737,-19.79
2026-06-07 12:00:00+00:00,2026-06-07 14:00:00+02:00,2026-06-07,14,0,0,6,6,5.700000000000003,-24.78,35372.23913,-13.46,,,21.997111931645332,-19.08
2026-06-07 12:15:00+00:00,2026-06-07 14:15:00+02:00,2026-06-07,14,15,1,6,6,26.759999999999998,-45.43,35260.57727,-26.16,,,27.291816233686852,-18.67
2026-06-07 12:30:00+00:00,2026-06-07 14:30:00+02:00,2026-06-07,14,30,2,6,6,28.160000000000004,-44.45,35131.39522,-20.32,,,29.432628719387832,-16.29
2026-06-07 12:45:00+00:00,2026-06-07 14:45:00+02:00,2026-06-07,14,45,3,6,6,29.509999999999998,-45.04,34822.16652,-17.669999999999998,,,20.89793610224065,-15.53
2026-06-07 13:00:00+00:00,2026-06-07 15:00:00+02:00,2026-06-07,15,0,0,6,6,30.44,-50.07,34414.34935,-3.8500000000000014,,,19.44627213632474,-19.63
2026-06-07 13:15:00+00:00,2026-06-07 15:15:00+02:00,2026-06-07,15,15,1,6,6,7.539999999999999,-24.59,33987.67962,-10.260000000000002,,,18.94290368449357,-17.05
2026-06-07 13:30:00+00:00,2026-06-07 15:30:00+02:00,2026-06-07,15,30,2,6,6,20.78,-31.78,33476.70845,-17.17,,,21.692471044120357,-11.0
2026-06-07 13:45:00+00:00,2026-06-07 15:45:00+02:00,2026-06-07,15,45,3,6,6,14.670000000000002,-23.87,32840.1142,-23.14,,,25.31558676652258,-9.2
2026-06-07 14:00:00+00:00,2026-06-07 16:00:00+02:00,2026-06-07,16,0,0,6,6,18.5,-28.06,32059.36895,-18.03,,,19.83406749341479,-9.56
2026-06-07 14:15:00+00:00,2026-06-07 16:15:00+02:00,2026-06-07,16,15,1,6,6,-0.5999999999999996,-8.4,31185.8813,-32.059999999999995,,,24.94482778720537,-9.0
2026-06-07 14:30:00+00:00,2026-06-07 16:30:00+02:00,2026-06-07,16,30,2,6,6,10.69,-12.79,30123.24584,-36.53,,,34.950187886953245,-2.1
2026-06-07 14:45:00+00:00,2026-06-07 16:45:00+02:00,2026-06-07,16,45,3,6,6,-17.610000000000003,16.1,28882.60924,-27.15,,,16.41475048038603,-1.51
2026-06-07 15:00:00+00:00,2026-06-07 17:00:00+02:00,2026-06-07,17,0,0,6,6,12.629999999999999,-14.7,27451.17322,-16.409999999999997,,,20.301197830013216,-2.07
2026-06-07 15:15:00+00:00,2026-06-07 17:15:00+02:00,2026-06-07,17,15,1,6,6,-2.5,-1.0,25866.6615,-14.230000000000004,,,21.154363616048574,-3.5
2026-06-07 15:30:00+00:00,2026-06-07 17:30:00+02:00,2026-06-07,17,30,2,6,6,-15.280000000000001,18.89,24067.55509,-6.829999999999998,,,12.188971791473362,3.61
2026-06-07 15:45:00+00:00,2026-06-07 17:45:00+02:00,2026-06-07,17,45,3,6,6,-3.5500000000000007,16.55,22068.06672,-6.009999999999991,,,9.694412480049188,13.0
2026-06-07 16:00:00+00:00,2026-06-07 18:00:00+02:00,2026-06-07,18,0,0,6,6,16.95,0.05,19835.81775,-12.049999999999997,,,6.365424835259106,17.0
2026-06-07 16:15:00+00:00,2026-06-07 18:15:00+02:00,2026-06-07,18,15,1,6,6,21.65,21.29,17521.85342,-8.980000000000004,,,4.406748612450376,42.94
2026-06-07 16:30:00+00:00,2026-06-07 18:30:00+02:00,2026-06-07,18,30,2,6,6,4.6299999999999955,87.9,15158.19476,-13.470000000000013,,,4.517598919780285,92.53
2026-06-07 16:45:00+00:00,2026-06-07 18:45:00+02:00,2026-06-07,18,45,3,6,6,-8.030000000000001,115.97,12822.79211,-9.019999999999996,,,4.445098424107173,107.94
2026-06-07 17:00:00+00:00,2026-06-07 19:00:00+02:00,2026-06-07,19,0,0,6,6,16.689999999999998,78.62,10616.19376,-11.150000000000006,,,6.785000614099707,95.31
2026-06-07 17:15:00+00:00,2026-06-07 19:15:00+02:00,2026-06-07,19,15,1,6,6,7.36999999999999,107.43,8568.31707,-14.009999999999991,,,8.951541766645551,114.8
2026-06-07 17:30:00+00:00,2026-06-07 19:30:00+02:00,2026-06-07,19,30,2,6,6,5.359999999999999,120.23,6763.1167,-25.189999999999998,,,14.935174365682283,125.59
2026-06-07 17:45:00+00:00,2026-06-07 19:45:00+02:00,2026-06-07,19,45,3,6,6,-18.72,148.12,5211.61424,-16.44999999999999,,,9.844587345338558,129.4
2026-06-07 18:00:00+00:00,2026-06-07 20:00:00+02:00,2026-06-07,20,0,0,6,6,28.060000000000002,99.75,3863.5486,-25.50999999999999,,,15.873723570731604,127.81
2026-06-07 18:15:00+00:00,2026-06-07 20:15:00+02:00,2026-06-07,20,15,1,6,6,5.3799999999999955,125.62,2701.94515,-30.0,,,14.007344502081782,131.0
2026-06-07 18:30:00+00:00,2026-06-07 20:30:00+02:00,2026-06-07,20,30,2,6,6,9.409999999999997,129.28,1726.60089,-21.97999999999999,,,12.63256242150947,138.69
2026-06-07 18:45:00+00:00,2026-06-07 20:45:00+02:00,2026-06-07,20,45,3,6,6,7.930000000000007,135.06,968.20866,-35.18000000000001,,,20.73038591054206,142.99
2026-06-07 19:00:00+00:00,2026-06-07 21:00:00+02:00,2026-06-07,21,0,0,6,6,7.650000000000006,133.35,426.20529,-36.93000000000001,,,21.728139205494188,141.0
2026-06-07 19:15:00+00:00,2026-06-07 21:15:00+02:00,2026-06-07,21,15,1,6,6,6.640000000000015,135.01,142.50344,-26.73999999999998,,,14.734996889491809,141.65
2026-06-07 19:30:00+00:00,2026-06-07 21:30:00+02:00,2026-06-07,21,30,2,6,6,3.6999999999999886,141.3,48.00703,-17.15000000000002,,,11.998705485731918,145.0
2026-06-07 19:45:00+00:00,2026-06-07 21:45:00+02:00,2026-06-07,21,45,3,6,6,9.560000000000002,135.0,22.33566,-26.89,,,15.735518209875918,144.56
2026-06-07 20:00:00+00:00,2026-06-07 22:00:00+02:00,2026-06-07,22,0,0,6,6,4.219999999999999,145.7,5.261,-21.569999999999993,,,10.410092859015874,149.92
2026-06-07 20:15:00+00:00,2026-06-07 22:15:00+02:00,2026-06-07,22,15,1,6,6,2.3700000000000045,143.25,0.0,-20.66000000000001,,,11.35007635803976,145.62
2026-06-07 20:30:00+00:00,2026-06-07 22:30:00+02:00,2026-06-07,22,30,2,6,6,6.900000000000006,138.78,,-15.599999999999994,,,10.12121040192328,145.68
2026-06-07 20:45:00+00:00,2026-06-07 22:45:00+02:00,2026-06-07,22,45,3,6,6,5.900000000000006,136.6,,-24.28,,,14.010185580498224,142.5
2026-06-07 21:00:00+00:00,2026-06-07 23:00:00+02:00,2026-06-07,23,0,0,6,6,-1.8999999999999773,148.73,,-17.189999999999998,,,13.111766979828976,146.83
2026-06-07 21:15:00+00:00,2026-06-07 23:15:00+02:00,2026-06-07,23,15,1,6,6,4.890000000000015,137.92,,-11.64,,,9.331186062518167,142.81
2026-06-07 21:30:00+00:00,2026-06-07 23:30:00+02:00,2026-06-07,23,30,2,6,6,15.210000000000008,125.69,,-9.08999999999999,,,8.698798767646013,140.9
2026-06-07 21:45:00+00:00,2026-06-07 23:45:00+02:00,2026-06-07,23,45,3,6,6,-2.25,139.25,,-10.66000000000001,,,5.782464872353307,137.0
