timestamp_utc,timestamp_local,date_local,hour_local,minute_local,quarter_hour_local,weekday_local,month_local,ida2_minus_da_spread_eur_mwh,da_price_eur_mwh,ida2_minus_da_spread_eur_mwh_rolling_mean_28d_same_local_qh,ida2_minus_da_spread_eur_mwh_rolling_mean_7d_same_local_qh,ida2_minus_da_spread_eur_mwh_lag_1d_same_local_qh,ida2_minus_da_spread_eur_mwh_lag_7d_same_local_qh,da_price_eur_mwh_rolling_std_14d_same_local_qh,wind_offshore_id_forecast_error_mw_lag_1d_same_local_qh,ida2_price_eur_mwh
2026-05-16 12:00:00+00:00,2026-05-16 14:00:00+02:00,2026-05-16,14,0,0,5,5,2.0300000000000002,-2.06,,,,,67.67315347793581,527.922,-0.03
2026-05-16 12:15:00+00:00,2026-05-16 14:15:00+02:00,2026-05-16,14,15,1,5,5,2.02,-2.02,,,,,60.398380468244106,572.9949999999994,0.0
2026-05-16 12:30:00+00:00,2026-05-16 14:30:00+02:00,2026-05-16,14,30,2,5,5,-0.07,0.0,,,,,56.94648888345782,620.2540000000004,-0.07
2026-05-16 12:45:00+00:00,2026-05-16 14:45:00+02:00,2026-05-16,14,45,3,5,5,-3.02,2.72,,,,,53.89929450189674,333.9930000000004,-0.3
2026-05-16 13:00:00+00:00,2026-05-16 15:00:00+02:00,2026-05-16,15,0,0,5,5,0.79,-1.6,,,,,58.882138026496655,202.80200000000013,-0.81
2026-05-16 13:15:00+00:00,2026-05-16 15:15:00+02:00,2026-05-16,15,15,1,5,5,0.2300000000000001,-1.05,,,,,53.90393313240522,283.683,-0.82
2026-05-16 13:30:00+00:00,2026-05-16 15:30:00+02:00,2026-05-16,15,30,2,5,5,-7.220000000000001,6.4,,,,,45.43887535971814,307.6419999999998,-0.82
2026-05-16 13:45:00+00:00,2026-05-16 15:45:00+02:00,2026-05-16,15,45,3,5,5,-10.76,14.08,,,,,45.62662797938507,251.4059999999995,3.32
2026-05-16 14:00:00+00:00,2026-05-16 16:00:00+02:00,2026-05-16,16,0,0,5,5,7.57,-7.57,,,,,51.29359204243067,538.4940000000001,0.0
2026-05-16 14:15:00+00:00,2026-05-16 16:15:00+02:00,2026-05-16,16,15,1,5,5,-7.3,7.3,,,,,41.38119299954834,316.1410000000001,0.0
2026-05-16 14:30:00+00:00,2026-05-16 16:30:00+02:00,2026-05-16,16,30,2,5,5,5.75,0.25,,,,,43.059317940933454,190.65999999999985,6.0
2026-05-16 14:45:00+00:00,2026-05-16 16:45:00+02:00,2026-05-16,16,45,3,5,5,2.8900000000000006,19.04,,,,,44.12554827975454,190.9920000000002,21.93
2026-05-16 15:00:00+00:00,2026-05-16 17:00:00+02:00,2026-05-16,17,0,0,5,5,9.620000000000001,6.31,,,,,29.580879442157602,253.0590000000002,15.93
2026-05-16 15:15:00+00:00,2026-05-16 17:15:00+02:00,2026-05-16,17,15,1,5,5,-12.850000000000001,54.0,,,,,33.13313567518856,309.34199999999964,41.15
2026-05-16 15:30:00+00:00,2026-05-16 17:30:00+02:00,2026-05-16,17,30,2,5,5,-3.1299999999999955,86.33,,,,,24.471747345295046,247.7440000000006,83.2
2026-05-16 15:45:00+00:00,2026-05-16 17:45:00+02:00,2026-05-16,17,45,3,5,5,-6.560000000000002,106.5,,,,,25.865592487422113,171.65900000000056,99.94
2026-05-16 16:00:00+00:00,2026-05-16 18:00:00+02:00,2026-05-16,18,0,0,5,5,3.180000000000007,71.46,,,,,18.5414352728694,254.79699999999957,74.64
2026-05-16 16:15:00+00:00,2026-05-16 18:15:00+02:00,2026-05-16,18,15,1,5,5,-5.1000000000000085,97.4,,,,,15.851242957467742,296.7619999999997,92.3
2026-05-16 16:30:00+00:00,2026-05-16 18:30:00+02:00,2026-05-16,18,30,2,5,5,-5.489999999999995,114.52,,,,,16.981324454228,349.1239999999998,109.03
2026-05-16 16:45:00+00:00,2026-05-16 18:45:00+02:00,2026-05-16,18,45,3,5,5,-27.80000000000001,143.9,,,,,20.608834244107484,509.8010000000004,116.1
2026-05-16 17:00:00+00:00,2026-05-16 19:00:00+02:00,2026-05-16,19,0,0,5,5,10.47999999999999,97.4,,,,,23.91063643267217,886.9049999999997,107.88
2026-05-16 17:15:00+00:00,2026-05-16 19:15:00+02:00,2026-05-16,19,15,1,5,5,-3.8599999999999994,118.6,,,,,24.914039115627023,909.027,114.74
2026-05-16 17:30:00+00:00,2026-05-16 19:30:00+02:00,2026-05-16,19,30,2,5,5,-3.8499999999999943,132.0,,,,,22.707549308643035,1051.6350000000002,128.15
2026-05-16 17:45:00+00:00,2026-05-16 19:45:00+02:00,2026-05-16,19,45,3,5,5,-30.47999999999999,168.59,,,,,29.774801537431642,1111.4490000000005,138.11
2026-05-16 18:00:00+00:00,2026-05-16 20:00:00+02:00,2026-05-16,20,0,0,5,5,-3.3600000000000136,132.86,,,,,30.2990186255322,956.4659999999994,129.5
2026-05-16 18:15:00+00:00,2026-05-16 20:15:00+02:00,2026-05-16,20,15,1,5,5,-6.719999999999999,141.54,,,,,30.64561629013593,817.1149999999998,134.82
2026-05-16 18:30:00+00:00,2026-05-16 20:30:00+02:00,2026-05-16,20,30,2,5,5,-0.6200000000000045,141.44,,,,,29.614852237972475,1050.0810000000001,140.82
2026-05-16 18:45:00+00:00,2026-05-16 20:45:00+02:00,2026-05-16,20,45,3,5,5,-2.9199999999999875,148.6,,,,,32.8489241548619,1076.183,145.68
2026-05-16 19:00:00+00:00,2026-05-16 21:00:00+02:00,2026-05-16,21,0,0,5,5,-12.400000000000006,154.3,,,,,28.342417362991384,1088.906,141.9
2026-05-16 19:15:00+00:00,2026-05-16 21:15:00+02:00,2026-05-16,21,15,1,5,5,-8.629999999999995,147.75,,,,,19.812982215852415,1173.237,139.12
2026-05-16 19:30:00+00:00,2026-05-16 21:30:00+02:00,2026-05-16,21,30,2,5,5,-5.930000000000007,141.88,,,,,18.61290998559461,1123.38,135.95
2026-05-16 19:45:00+00:00,2026-05-16 21:45:00+02:00,2026-05-16,21,45,3,5,5,-3.4199999999999875,134.5,,,,,19.442343742968422,1029.6350000000002,131.08
2026-05-16 20:00:00+00:00,2026-05-16 22:00:00+02:00,2026-05-16,22,0,0,5,5,-8.25,150.0,,,,,13.807043591850123,1044.29,141.75
2026-05-16 20:15:00+00:00,2026-05-16 22:15:00+02:00,2026-05-16,22,15,1,5,5,-5.140000000000015,140.87,,,,,10.805550873061055,1106.8950000000004,135.73
2026-05-16 20:30:00+00:00,2026-05-16 22:30:00+02:00,2026-05-16,22,30,2,5,5,-2.740000000000009,134.31,,,,,10.809664987539339,1181.813,131.57
2026-05-16 20:45:00+00:00,2026-05-16 22:45:00+02:00,2026-05-16,22,45,3,5,5,1.1200000000000188,126.96,,,,,11.342060494624352,1022.2640000000001,128.08
2026-05-16 21:00:00+00:00,2026-05-16 23:00:00+02:00,2026-05-16,23,0,0,5,5,-4.960000000000008,138.09,,,,,12.628201324072608,942.8919999999998,133.13
2026-05-16 21:15:00+00:00,2026-05-16 23:15:00+02:00,2026-05-16,23,15,1,5,5,-6.099999999999994,133.6,,,,,10.812861796017772,1090.9300000000003,127.5
2026-05-16 21:30:00+00:00,2026-05-16 23:30:00+02:00,2026-05-16,23,30,2,5,5,-5.609999999999985,131.45,,,,,9.624180655863654,1298.223,125.84
2026-05-16 21:45:00+00:00,2026-05-16 23:45:00+02:00,2026-05-16,23,45,3,5,5,-1.269999999999996,119.38,,,,,9.918431310963415,1430.3899999999994,118.11
2026-05-19 22:00:00+00:00,2026-05-20 00:00:00+02:00,2026-05-20,0,0,0,2,5,-16.23999999999998,135.39,,,,,14.573979296248288,,119.15
2026-05-19 22:15:00+00:00,2026-05-20 00:15:00+02:00,2026-05-20,0,15,1,2,5,-7.320000000000007,123.98,,,,,13.357772421551024,,116.66
2026-05-19 22:30:00+00:00,2026-05-20 00:30:00+02:00,2026-05-20,0,30,2,2,5,-4.420000000000002,119.5,,,,,12.293545188297394,,115.08
2026-05-19 22:45:00+00:00,2026-05-20 00:45:00+02:00,2026-05-20,0,45,3,2,5,-3.3699999999999903,112.96,,,,,9.484712540611934,,109.59
2026-05-19 23:00:00+00:00,2026-05-20 01:00:00+02:00,2026-05-20,1,0,0,2,5,-3.030000000000001,120.11,,,,,11.146430266785599,,117.08
2026-05-19 23:15:00+00:00,2026-05-20 01:15:00+02:00,2026-05-20,1,15,1,2,5,-8.420000000000002,118.61,,,,,11.469343394985907,,110.19
2026-05-19 23:30:00+00:00,2026-05-20 01:30:00+02:00,2026-05-20,1,30,2,2,5,-7.640000000000001,113.69,,,,,9.966930843522738,,106.05
2026-05-19 23:45:00+00:00,2026-05-20 01:45:00+02:00,2026-05-20,1,45,3,2,5,-5.460000000000008,107.34,,,,,10.829497593696889,,101.88
2026-05-20 00:00:00+00:00,2026-05-20 02:00:00+02:00,2026-05-20,2,0,0,2,5,-5.650000000000006,111.62,,,,,11.226530390792847,,105.97
2026-05-20 00:15:00+00:00,2026-05-20 02:15:00+02:00,2026-05-20,2,15,1,2,5,-6.799999999999997,109.0,,,,,9.776336113402138,,102.2
2026-05-20 00:30:00+00:00,2026-05-20 02:30:00+02:00,2026-05-20,2,30,2,2,5,-7.170000000000002,109.2,,,,,9.641399087976788,,102.03
2026-05-20 00:45:00+00:00,2026-05-20 02:45:00+02:00,2026-05-20,2,45,3,2,5,3.219999999999999,103.06,,,,,10.390765765179735,,106.28
2026-05-20 01:00:00+00:00,2026-05-20 03:00:00+02:00,2026-05-20,3,0,0,2,5,2.990000000000009,103.1,,,,,10.742073106034498,,106.09
2026-05-20 01:15:00+00:00,2026-05-20 03:15:00+02:00,2026-05-20,3,15,1,2,5,3.030000000000001,102.9,,,,,10.577611464111834,,105.93
2026-05-20 01:30:00+00:00,2026-05-20 03:30:00+02:00,2026-05-20,3,30,2,2,5,-3.180000000000007,109.73,,,,,10.007552861998162,,106.55
2026-05-20 01:45:00+00:00,2026-05-20 03:45:00+02:00,2026-05-20,3,45,3,2,5,-2.9200000000000017,108.23,,,,,10.49506875308001,,105.31
2026-05-20 02:00:00+00:00,2026-05-20 04:00:00+02:00,2026-05-20,4,0,0,2,5,7.390000000000001,99.24,,,,,11.004694527716262,,106.63
2026-05-20 02:15:00+00:00,2026-05-20 04:15:00+02:00,2026-05-20,4,15,1,2,5,-1.9699999999999989,109.13,,,,,10.151151398992928,,107.16
2026-05-20 02:30:00+00:00,2026-05-20 04:30:00+02:00,2026-05-20,4,30,2,2,5,-2.4599999999999937,111.44,,,,,11.0766224470806,,108.98
2026-05-20 02:45:00+00:00,2026-05-20 04:45:00+02:00,2026-05-20,4,45,3,2,5,-5.509999999999991,112.38,,,,,11.172433009002532,,106.87
2026-05-20 03:00:00+00:00,2026-05-20 05:00:00+02:00,2026-05-20,5,0,0,2,5,-7.170000000000002,111.67,,,,,9.999256455873482,,104.5
2026-05-20 03:15:00+00:00,2026-05-20 05:15:00+02:00,2026-05-20,5,15,1,2,5,-8.489999999999995,115.0,,,,,12.038934548162484,,106.51
2026-05-20 03:30:00+00:00,2026-05-20 05:30:00+02:00,2026-05-20,5,30,2,2,5,-7.700000000000003,119.34,,,,,13.67392119617231,,111.64
2026-05-20 03:45:00+00:00,2026-05-20 05:45:00+02:00,2026-05-20,5,45,3,2,5,-8.64,130.19,,,,,16.220222166877445,,121.55
2026-05-20 04:00:00+00:00,2026-05-20 06:00:00+02:00,2026-05-20,6,0,0,2,5,-1.990000000000009,127.9,,,,,16.915070934679544,,125.91
2026-05-20 04:15:00+00:00,2026-05-20 06:15:00+02:00,2026-05-20,6,15,1,2,5,4.13000000000001,126.8,,,,,17.318686090811,,130.93
2026-05-20 04:30:00+00:00,2026-05-20 06:30:00+02:00,2026-05-20,6,30,2,2,5,-7.110000000000014,139.3,,,,,18.835409618441773,,132.19
2026-05-20 04:45:00+00:00,2026-05-20 06:45:00+02:00,2026-05-20,6,45,3,2,5,-3.039999999999992,134.01,,,,,20.795770715948372,,130.97
2026-05-20 05:00:00+00:00,2026-05-20 07:00:00+02:00,2026-05-20,7,0,0,2,5,-1.799999999999983,138.23,,,,,24.059592510227954,,136.43
2026-05-20 05:15:00+00:00,2026-05-20 07:15:00+02:00,2026-05-20,7,15,1,2,5,1.2199999999999989,131.6,,,,,25.27651505225382,,132.82
2026-05-20 05:30:00+00:00,2026-05-20 07:30:00+02:00,2026-05-20,7,30,2,2,5,-2.6599999999999966,132.67,,,,,25.35504606560603,,130.01
2026-05-20 05:45:00+00:00,2026-05-20 07:45:00+02:00,2026-05-20,7,45,3,2,5,-1.0600000000000023,125.97,,,,,26.89039279603953,,124.91
2026-05-20 06:00:00+00:00,2026-05-20 08:00:00+02:00,2026-05-20,8,0,0,2,5,0.5900000000000034,137.22,,,,,33.89550020380169,,137.81
2026-05-20 06:15:00+00:00,2026-05-20 08:15:00+02:00,2026-05-20,8,15,1,2,5,3.700000000000003,126.3,,,,,30.217579302471112,,130.0
2026-05-20 06:30:00+00:00,2026-05-20 08:30:00+02:00,2026-05-20,8,30,2,2,5,-3.1299999999999955,118.13,,,,,30.38607669875953,,115.0
2026-05-20 06:45:00+00:00,2026-05-20 08:45:00+02:00,2026-05-20,8,45,3,2,5,-1.1200000000000045,109.2,,,,,30.825841735163614,,108.08
2026-05-20 07:00:00+00:00,2026-05-20 09:00:00+02:00,2026-05-20,9,0,0,2,5,2.660000000000011,120.27,,,,,41.84704330674317,,122.93
2026-05-20 07:15:00+00:00,2026-05-20 09:15:00+02:00,2026-05-20,9,15,1,2,5,4.8500000000000085,106.3,,,,,38.371519522160504,,111.15
2026-05-20 07:30:00+00:00,2026-05-20 09:30:00+02:00,2026-05-20,9,30,2,2,5,1.0200000000000102,107.96,,,,,40.27963595326342,,108.98
2026-05-20 07:45:00+00:00,2026-05-20 09:45:00+02:00,2026-05-20,9,45,3,2,5,-1.490000000000009,97.34,,,,,44.89904323609206,,95.85
2026-05-20 08:00:00+00:00,2026-05-20 10:00:00+02:00,2026-05-20,10,0,0,2,5,-0.5499999999999972,95.27,,,,,45.915382307213996,,94.72
2026-05-20 08:15:00+00:00,2026-05-20 10:15:00+02:00,2026-05-20,10,15,1,2,5,-7.969999999999999,92.0,,,,,47.61523228552407,,84.03
2026-05-20 08:30:00+00:00,2026-05-20 10:30:00+02:00,2026-05-20,10,30,2,2,5,-0.35999999999999943,79.37,,,,,44.052178932276775,,79.01
2026-05-20 08:45:00+00:00,2026-05-20 10:45:00+02:00,2026-05-20,10,45,3,2,5,4.429999999999993,65.01,,,,,43.27053384753374,,69.44
2026-05-20 09:00:00+00:00,2026-05-20 11:00:00+02:00,2026-05-20,11,0,0,2,5,-11.83999999999999,88.32,,,,,43.752747907423284,,76.48
2026-05-20 09:15:00+00:00,2026-05-20 11:15:00+02:00,2026-05-20,11,15,1,2,5,-7.090000000000003,73.8,,,,,43.7515375930747,,66.71
2026-05-20 09:30:00+00:00,2026-05-20 11:30:00+02:00,2026-05-20,11,30,2,2,5,-2.039999999999999,62.64,,,,,43.84775840374226,,60.6
2026-05-20 09:45:00+00:00,2026-05-20 11:45:00+02:00,2026-05-20,11,45,3,2,5,-9.799999999999997,58.73,,,,,42.35078561618051,,48.93
2026-05-20 10:00:00+00:00,2026-05-20 12:00:00+02:00,2026-05-20,12,0,0,2,5,-6.400000000000006,64.06,,,,,42.63437781858692,,57.66
2026-05-20 10:15:00+00:00,2026-05-20 12:15:00+02:00,2026-05-20,12,15,1,2,5,-5.329999999999998,51.39,,,,,41.52371479178969,,46.06
2026-05-20 10:30:00+00:00,2026-05-20 12:30:00+02:00,2026-05-20,12,30,2,2,5,-24.449999999999996,59.12,,,,,41.856548216156035,,34.67
2026-05-20 10:45:00+00:00,2026-05-20 12:45:00+02:00,2026-05-20,12,45,3,2,5,-22.699999999999996,53.8,,,,,42.10511282284132,,31.1
2026-05-20 11:00:00+00:00,2026-05-20 13:00:00+02:00,2026-05-20,13,0,0,2,5,-23.57,60.01,,,,,43.85812541405708,,36.44
2026-05-20 11:15:00+00:00,2026-05-20 13:15:00+02:00,2026-05-20,13,15,1,2,5,-19.539999999999996,48.98,,,,,44.11692743453158,,29.44
2026-05-20 11:30:00+00:00,2026-05-20 13:30:00+02:00,2026-05-20,13,30,2,2,5,-19.999999999999996,42.01,,,,,43.863322634376956,,22.01
2026-05-20 11:45:00+00:00,2026-05-20 13:45:00+02:00,2026-05-20,13,45,3,2,5,-28.47,44.19,,,,,41.402401035911495,,15.72
2026-05-20 12:00:00+00:00,2026-05-20 14:00:00+02:00,2026-05-20,14,0,0,2,5,-9.689999999999998,27.36,,,,,42.12896868838791,,17.67
2026-05-20 12:15:00+00:00,2026-05-20 14:15:00+02:00,2026-05-20,14,15,1,2,5,-10.27,30.07,,,,,43.240100010303614,,19.8
2026-05-20 12:30:00+00:00,2026-05-20 14:30:00+02:00,2026-05-20,14,30,2,2,5,-14.530000000000001,35.95,,,,,41.585972460608005,,21.42
2026-05-20 12:45:00+00:00,2026-05-20 14:45:00+02:00,2026-05-20,14,45,3,2,5,-17.46,40.67,,,,,42.36547607648013,,23.21
2026-05-20 13:00:00+00:00,2026-05-20 15:00:00+02:00,2026-05-20,15,0,0,2,5,-6.600000000000001,31.59,,,,,42.993895707784425,,24.99
2026-05-20 13:15:00+00:00,2026-05-20 15:15:00+02:00,2026-05-20,15,15,1,2,5,-9.64,38.78,,,,,43.87191749918051,,29.14
2026-05-20 13:30:00+00:00,2026-05-20 15:30:00+02:00,2026-05-20,15,30,2,2,5,-15.64,48.84,,,,,42.53016656600143,,33.2
2026-05-20 13:45:00+00:00,2026-05-20 15:45:00+02:00,2026-05-20,15,45,3,2,5,-18.32,63.43,,,,,41.06741380855446,,45.11
2026-05-20 14:00:00+00:00,2026-05-20 16:00:00+02:00,2026-05-20,16,0,0,2,5,-35.19,50.8,,,,,43.28538697787163,,15.61
2026-05-20 14:15:00+00:00,2026-05-20 16:15:00+02:00,2026-05-20,16,15,1,2,5,-8.519999999999996,55.4,,,,,38.37284270343796,,46.88
2026-05-20 14:30:00+00:00,2026-05-20 16:30:00+02:00,2026-05-20,16,30,2,2,5,-16.980000000000004,84.72,,,,,39.51212397744173,,67.74
2026-05-20 14:45:00+00:00,2026-05-20 16:45:00+02:00,2026-05-20,16,45,3,2,5,-17.320000000000007,97.31,,,,,40.15222151148842,,79.99
2026-05-20 15:00:00+00:00,2026-05-20 17:00:00+02:00,2026-05-20,17,0,0,2,5,-3.730000000000004,72.69,,,,,31.09566465666225,,68.96
2026-05-20 15:15:00+00:00,2026-05-20 17:15:00+02:00,2026-05-20,17,15,1,2,5,3.5600000000000023,86.05,,,,,21.806914822277193,,89.61
2026-05-20 15:30:00+00:00,2026-05-20 17:30:00+02:00,2026-05-20,17,30,2,2,5,-10.159999999999997,106.91,,,,,20.937327306162036,,96.75
2026-05-20 15:45:00+00:00,2026-05-20 17:45:00+02:00,2026-05-20,17,45,3,2,5,-5.1200000000000045,117.0,,,,,22.944047325884263,,111.88
2026-05-20 16:00:00+00:00,2026-05-20 18:00:00+02:00,2026-05-20,18,0,0,2,5,-7.019999999999996,105.75,,,,,17.845534563193628,,98.73
2026-05-20 16:15:00+00:00,2026-05-20 18:15:00+02:00,2026-05-20,18,15,1,2,5,9.829999999999998,109.3,,,,,14.28777347521608,,119.13
2026-05-20 16:30:00+00:00,2026-05-20 18:30:00+02:00,2026-05-20,18,30,2,2,5,-9.650000000000006,140.03,,,,,14.578985780005695,,130.38
2026-05-20 16:45:00+00:00,2026-05-20 18:45:00+02:00,2026-05-20,18,45,3,2,5,-5.680000000000007,149.18,,,,,20.554012696115684,,143.5
2026-05-20 17:00:00+00:00,2026-05-20 19:00:00+02:00,2026-05-20,19,0,0,2,5,-7.430000000000007,126.12,,,,,18.86241581080813,,118.69
2026-05-20 17:15:00+00:00,2026-05-20 19:15:00+02:00,2026-05-20,19,15,1,2,5,-8.950000000000017,142.93,,,,,19.709861981777223,,133.98
2026-05-20 17:30:00+00:00,2026-05-20 19:30:00+02:00,2026-05-20,19,30,2,2,5,-8.400000000000006,153.0,,,,,21.215300059001432,,144.6
2026-05-20 17:45:00+00:00,2026-05-20 19:45:00+02:00,2026-05-20,19,45,3,2,5,-3.289999999999992,166.54,,,,,33.15542993336036,,163.25
2026-05-20 18:00:00+00:00,2026-05-20 20:00:00+02:00,2026-05-20,20,0,0,2,5,-13.830000000000013,164.25,,,,,31.744980091173915,,150.42
2026-05-20 18:15:00+00:00,2026-05-20 20:15:00+02:00,2026-05-20,20,15,1,2,5,-11.51000000000002,165.77,,,,,32.89200007116268,,154.26
2026-05-20 18:30:00+00:00,2026-05-20 20:30:00+02:00,2026-05-20,20,30,2,2,5,-9.429999999999978,172.76,,,,,35.021728804580135,,163.33
2026-05-20 18:45:00+00:00,2026-05-20 20:45:00+02:00,2026-05-20,20,45,3,2,5,2.5900000000000034,169.41,,,,,37.37385421081733,,172.0
2026-05-20 19:00:00+00:00,2026-05-20 21:00:00+02:00,2026-05-20,21,0,0,2,5,5.450000000000017,166.41,,,,,27.813069315076493,,171.86
2026-05-20 19:15:00+00:00,2026-05-20 21:15:00+02:00,2026-05-20,21,15,1,2,5,-0.6399999999999864,160.0,,,,,21.11683367092909,,159.36
2026-05-20 19:30:00+00:00,2026-05-20 21:30:00+02:00,2026-05-20,21,30,2,2,5,-5.390000000000015,157.28,,,,,18.702548160405506,,151.89
2026-05-20 19:45:00+00:00,2026-05-20 21:45:00+02:00,2026-05-20,21,45,3,2,5,-13.670000000000016,154.56,,,,,17.096056675330612,,140.89
2026-05-20 20:00:00+00:00,2026-05-20 22:00:00+02:00,2026-05-20,22,0,0,2,5,-3.2299999999999898,160.2,,,,,17.72879163246187,,156.97
2026-05-20 20:15:00+00:00,2026-05-20 22:15:00+02:00,2026-05-20,22,15,1,2,5,-1.0300000000000011,150.93,,,,,12.422729434121427,,149.9
2026-05-20 20:30:00+00:00,2026-05-20 22:30:00+02:00,2026-05-20,22,30,2,2,5,-2.6799999999999784,144.45,,,,,9.905774123660771,,141.77
2026-05-20 20:45:00+00:00,2026-05-20 22:45:00+02:00,2026-05-20,22,45,3,2,5,-4.550000000000011,136.56,,,,,9.948182257063934,,132.01
2026-05-20 21:00:00+00:00,2026-05-20 23:00:00+02:00,2026-05-20,23,0,0,2,5,2.2900000000000205,140.57,,,,,15.062995283909093,,142.86
2026-05-20 21:15:00+00:00,2026-05-20 23:15:00+02:00,2026-05-20,23,15,1,2,5,-0.5500000000000114,137.9,,,,,12.712323799118279,,137.35
2026-05-20 21:30:00+00:00,2026-05-20 23:30:00+02:00,2026-05-20,23,30,2,2,5,-1.6200000000000045,134.52,,,,,10.762176773362192,,132.9
2026-05-20 21:45:00+00:00,2026-05-20 23:45:00+02:00,2026-05-20,23,45,3,2,5,-1.5999999999999943,131.09,,,,,9.604294483586006,,129.49
2026-05-29 22:00:00+00:00,2026-05-30 00:00:00+02:00,2026-05-30,0,0,0,5,5,-17.060000000000002,145.0,,,,,9.360664512195836,,127.94
2026-05-29 22:15:00+00:00,2026-05-30 00:15:00+02:00,2026-05-30,0,15,1,5,5,-9.819999999999993,136.85,,,,,8.671360211183744,,127.03
2026-05-29 22:30:00+00:00,2026-05-30 00:30:00+02:00,2026-05-30,0,30,2,5,5,-9.920000000000002,132.43,,,,,8.051205936564338,,122.51
2026-05-29 22:45:00+00:00,2026-05-30 00:45:00+02:00,2026-05-30,0,45,3,5,5,-10.86,127.78,,,,,8.182094763890904,,116.92
2026-05-29 23:00:00+00:00,2026-05-30 01:00:00+02:00,2026-05-30,1,0,0,5,5,-11.709999999999994,135.0,,,,,9.770055985307742,,123.29
2026-05-29 23:15:00+00:00,2026-05-30 01:15:00+02:00,2026-05-30,1,15,1,5,5,-8.689999999999984,129.2,,,,,6.3886374065295355,,120.51
2026-05-29 23:30:00+00:00,2026-05-30 01:30:00+02:00,2026-05-30,1,30,2,5,5,-8.650000000000006,126.54,,,,,6.567201429481931,,117.89
2026-05-29 23:45:00+00:00,2026-05-30 01:45:00+02:00,2026-05-30,1,45,3,5,5,-9.159999999999997,124.67,,,,,9.061108536603426,,115.51
2026-05-30 00:00:00+00:00,2026-05-30 02:00:00+02:00,2026-05-30,2,0,0,5,5,-5.930000000000007,125.01,,,,,9.44155765692424,,119.08
2026-05-30 00:15:00+00:00,2026-05-30 02:15:00+02:00,2026-05-30,2,15,1,5,5,-6.8700000000000045,123.65,,,,,8.57214415969079,,116.78
2026-05-30 00:30:00+00:00,2026-05-30 02:30:00+02:00,2026-05-30,2,30,2,5,5,-10.530000000000001,127.98,,,,,8.278959860613117,,117.45
2026-05-30 00:45:00+00:00,2026-05-30 02:45:00+02:00,2026-05-30,2,45,3,5,5,-12.069999999999993,126.77,,,,,8.469099132133904,,114.7
2026-05-30 01:00:00+00:00,2026-05-30 03:00:00+02:00,2026-05-30,3,0,0,5,5,-9.700000000000003,125.8,,,,,8.555177855069607,,116.1
2026-05-30 01:15:00+00:00,2026-05-30 03:15:00+02:00,2026-05-30,3,15,1,5,5,-8.569999999999993,123.6,,,,,8.303043563511935,,115.03
2026-05-30 01:30:00+00:00,2026-05-30 03:30:00+02:00,2026-05-30,3,30,2,5,5,-7.109999999999999,123.82,,,,,7.696211569820667,,116.71
2026-05-30 01:45:00+00:00,2026-05-30 03:45:00+02:00,2026-05-30,3,45,3,5,5,-6.010000000000005,122.0,,,,,8.300898799475334,,115.99
2026-05-30 02:00:00+00:00,2026-05-30 04:00:00+02:00,2026-05-30,4,0,0,5,5,-4.609999999999999,122.77,,,,,9.360924892080002,,118.16
2026-05-30 02:15:00+00:00,2026-05-30 04:15:00+02:00,2026-05-30,4,15,1,5,5,-3.4399999999999977,123.34,,,,,8.288440016799917,,119.9
2026-05-30 02:30:00+00:00,2026-05-30 04:30:00+02:00,2026-05-30,4,30,2,5,5,-2.3800000000000097,124.7,,,,,10.094855098046613,,122.32
2026-05-30 02:45:00+00:00,2026-05-30 04:45:00+02:00,2026-05-30,4,45,3,5,5,-6.579999999999998,128.07,,,,,8.208611432413004,,121.49
2026-05-30 03:00:00+00:00,2026-05-30 05:00:00+02:00,2026-05-30,5,0,0,5,5,-3.8100000000000023,128.62,,,,,8.600130333793738,,124.81
2026-05-30 03:15:00+00:00,2026-05-30 05:15:00+02:00,2026-05-30,5,15,1,5,5,-2.8900000000000006,125.87,,,,,11.303782698579154,,122.98
2026-05-30 03:30:00+00:00,2026-05-30 05:30:00+02:00,2026-05-30,5,30,2,5,5,-1.8700000000000045,124.0,,,,,13.21874453731778,,122.13
2026-05-30 03:45:00+00:00,2026-05-30 05:45:00+02:00,2026-05-30,5,45,3,5,5,-0.03999999999999204,120.55,,,,,15.529552897196375,,120.51
2026-05-30 04:00:00+00:00,2026-05-30 06:00:00+02:00,2026-05-30,6,0,0,5,5,-0.8400000000000034,123.2,,,,,14.776478115385592,,122.36
2026-05-30 04:15:00+00:00,2026-05-30 06:15:00+02:00,2026-05-30,6,15,1,5,5,-5.109999999999999,121.7,,,,,16.029970230925386,,116.59
2026-05-30 04:30:00+00:00,2026-05-30 06:30:00+02:00,2026-05-30,6,30,2,5,5,-5.890000000000001,116.6,,,,,19.089408101047397,,110.71
2026-05-30 04:45:00+00:00,2026-05-30 06:45:00+02:00,2026-05-30,6,45,3,5,5,-4.530000000000001,112.47,,,,,21.377759175428185,,107.94
2026-05-30 05:00:00+00:00,2026-05-30 07:00:00+02:00,2026-05-30,7,0,0,5,5,-2.1500000000000057,120.53,,,,,19.46495921810812,,118.38
2026-05-30 05:15:00+00:00,2026-05-30 07:15:00+02:00,2026-05-30,7,15,1,5,5,3.469999999999999,110.13,,,,,23.48507813601957,,113.6
2026-05-30 05:30:00+00:00,2026-05-30 07:30:00+02:00,2026-05-30,7,30,2,5,5,-2.680000000000007,108.48,,,,,27.456475096509827,,105.8
2026-05-30 05:45:00+00:00,2026-05-30 07:45:00+02:00,2026-05-30,7,45,3,5,5,-6.3799999999999955,98.38,,,,,28.55083582618294,,92.0
2026-05-30 06:00:00+00:00,2026-05-30 08:00:00+02:00,2026-05-30,8,0,0,5,5,-0.29999999999999716,110.0,,,,,36.83214202654692,,109.7
2026-05-30 06:15:00+00:00,2026-05-30 08:15:00+02:00,2026-05-30,8,15,1,5,5,2.5900000000000034,92.49,,,,,29.89416327315817,,95.08
2026-05-30 06:30:00+00:00,2026-05-30 08:30:00+02:00,2026-05-30,8,30,2,5,5,6.939999999999998,72.29,,,,,35.38300784212832,,79.23
2026-05-30 06:45:00+00:00,2026-05-30 08:45:00+02:00,2026-05-30,8,45,3,5,5,-0.15000000000000568,56.27,,,,,36.60754822932957,,56.12
2026-05-30 07:00:00+00:00,2026-05-30 09:00:00+02:00,2026-05-30,9,0,0,5,5,-7.320000000000007,75.59,,,,,48.13824017382562,,68.27
2026-05-30 07:15:00+00:00,2026-05-30 09:15:00+02:00,2026-05-30,9,15,1,5,5,-7.439999999999998,53.4,,,,,42.08683851068123,,45.96
2026-05-30 07:30:00+00:00,2026-05-30 09:30:00+02:00,2026-05-30,9,30,2,5,5,7.73,16.59,,,,,43.134490699578706,,24.32
2026-05-30 07:45:00+00:00,2026-05-30 09:45:00+02:00,2026-05-30,9,45,3,5,5,1.3899999999999988,15.4,,,,,42.6968765939512,,16.79
2026-05-30 08:00:00+00:00,2026-05-30 10:00:00+02:00,2026-05-30,10,0,0,5,5,-1.8000000000000007,19.8,,,,,41.63447654723995,,18.0
2026-05-30 08:15:00+00:00,2026-05-30 10:15:00+02:00,2026-05-30,10,15,1,5,5,10.24,1.75,,,,,41.35635513968288,,11.99
2026-05-30 08:30:00+00:00,2026-05-30 10:30:00+02:00,2026-05-30,10,30,2,5,5,-2.05,4.01,,,,,40.54233790973104,,1.96
2026-05-30 08:45:00+00:00,2026-05-30 10:45:00+02:00,2026-05-30,10,45,3,5,5,5.7,-5.7,,,,,40.44814835680981,,0.0
2026-05-30 09:00:00+00:00,2026-05-30 11:00:00+02:00,2026-05-30,11,0,0,5,5,-2.21,2.21,,,,,40.69394901289022,,0.0
2026-05-30 09:15:00+00:00,2026-05-30 11:15:00+02:00,2026-05-30,11,15,1,5,5,-3.7,2.59,,,,,58.46595507897462,,-1.11
2026-05-30 09:30:00+00:00,2026-05-30 11:30:00+02:00,2026-05-30,11,30,2,5,5,0.8,-0.01,,,,,36.7823802778051,,0.79
2026-05-30 09:45:00+00:00,2026-05-30 11:45:00+02:00,2026-05-30,11,45,3,5,5,6.3,-6.3,,,,,49.290782684922895,,0.0
2026-05-30 10:00:00+00:00,2026-05-30 12:00:00+02:00,2026-05-30,12,0,0,5,5,-4.31,4.3,,,,,38.79950631270803,,-0.01
2026-05-30 10:15:00+00:00,2026-05-30 12:15:00+02:00,2026-05-30,12,15,1,5,5,4.050000000000001,-4.61,,,,,38.66010927171699,,-0.56
2026-05-30 10:30:00+00:00,2026-05-30 12:30:00+02:00,2026-05-30,12,30,2,5,5,3.35,-7.33,,,,,37.969371143790234,,-3.98
2026-05-30 10:45:00+00:00,2026-05-30 12:45:00+02:00,2026-05-30,12,45,3,5,5,5.63,-10.17,,,,,38.19624703962555,,-4.54
2026-05-30 11:00:00+00:00,2026-05-30 13:00:00+02:00,2026-05-30,13,0,0,5,5,1.0999999999999996,-6.6,,,,,41.07818613113501,,-5.5
2026-05-30 11:15:00+00:00,2026-05-30 13:15:00+02:00,2026-05-30,13,15,1,5,5,4.93,-11.03,,,,,47.35625423726644,,-6.1
2026-05-30 11:30:00+00:00,2026-05-30 13:30:00+02:00,2026-05-30,13,30,2,5,5,-5.17,-1.44,,,,,44.872379797390884,,-6.61
2026-05-30 11:45:00+00:00,2026-05-30 13:45:00+02:00,2026-05-30,13,45,3,5,5,-4.58,-2.03,,,,,45.11291182341041,,-6.61
2026-05-30 12:00:00+00:00,2026-05-30 14:00:00+02:00,2026-05-30,14,0,0,5,5,-4.02,-1.08,,,,,73.39895250322922,,-5.1
2026-05-30 12:15:00+00:00,2026-05-30 14:15:00+02:00,2026-05-30,14,15,1,5,5,4.42,-9.42,,,,,41.798615210511926,,-5.0
2026-05-30 12:30:00+00:00,2026-05-30 14:30:00+02:00,2026-05-30,14,30,2,5,5,1.9000000000000004,-7.4,,,,,41.99727325659295,,-5.5
2026-05-30 12:45:00+00:00,2026-05-30 14:45:00+02:00,2026-05-30,14,45,3,5,5,-4.91,-0.2,,,,,39.76436440989696,,-5.11
2026-05-30 13:00:00+00:00,2026-05-30 15:00:00+02:00,2026-05-30,15,0,0,5,5,10.15,-13.41,,,,,45.194871706548696,,-3.26
2026-05-30 13:15:00+00:00,2026-05-30 15:15:00+02:00,2026-05-30,15,15,1,5,5,4.57,-5.92,,,,,50.6323580299228,,-1.35
2026-05-30 13:30:00+00:00,2026-05-30 15:30:00+02:00,2026-05-30,15,30,2,5,5,-2.0799999999999996,2.07,,,,,48.59228663974418,,-0.01
2026-05-30 13:45:00+00:00,2026-05-30 15:45:00+02:00,2026-05-30,15,45,3,5,5,-10.0,5.0,,,,,41.263407864249544,,-5.0
2026-05-30 14:00:00+00:00,2026-05-30 16:00:00+02:00,2026-05-30,16,0,0,5,5,3.91,-8.5,,,,,39.2326977402513,,-4.59
2026-05-30 14:15:00+00:00,2026-05-30 16:15:00+02:00,2026-05-30,16,15,1,5,5,-0.44999999999999996,0.47,,,,,39.71698516301919,,0.02
2026-05-30 14:30:00+00:00,2026-05-30 16:30:00+02:00,2026-05-30,16,30,2,5,5,-7.92,9.43,,,,,44.790156401150064,,1.51
2026-05-30 14:45:00+00:00,2026-05-30 16:45:00+02:00,2026-05-30,16,45,3,5,5,5.080000000000002,11.52,,,,,51.89267837259171,,16.6
2026-05-30 15:00:00+00:00,2026-05-30 17:00:00+02:00,2026-05-30,17,0,0,5,5,8.06,8.44,,,,,40.1612017477591,,16.5
2026-05-30 15:15:00+00:00,2026-05-30 17:15:00+02:00,2026-05-30,17,15,1,5,5,-3.3699999999999974,49.08,,,,,43.35312762333785,,45.71
2026-05-30 15:30:00+00:00,2026-05-30 17:30:00+02:00,2026-05-30,17,30,2,5,5,-6.8500000000000085,87.48,,,,,43.66473236775127,,80.63
2026-05-30 15:45:00+00:00,2026-05-30 17:45:00+02:00,2026-05-30,17,45,3,5,5,5.609999999999999,89.99,,,,,40.9364051216741,,95.6
2026-05-30 16:00:00+00:00,2026-05-30 18:00:00+02:00,2026-05-30,18,0,0,5,5,-5.290000000000006,82.2,,,,,32.756686860333225,,76.91
2026-05-30 16:15:00+00:00,2026-05-30 18:15:00+02:00,2026-05-30,18,15,1,5,5,-8.929999999999993,102.19,,,,,19.770773370566374,,93.26
2026-05-30 16:30:00+00:00,2026-05-30 18:30:00+02:00,2026-05-30,18,30,2,5,5,-10.549999999999997,119.58,,,,,15.553572784849447,,109.03
2026-05-30 16:45:00+00:00,2026-05-30 18:45:00+02:00,2026-05-30,18,45,3,5,5,-23.190000000000012,147.61,,,,,15.433229882800765,,124.42
2026-05-30 17:00:00+00:00,2026-05-30 19:00:00+02:00,2026-05-30,19,0,0,5,5,-8.209999999999994,125.3,,,,,16.239220194563412,,117.09
2026-05-30 17:15:00+00:00,2026-05-30 19:15:00+02:00,2026-05-30,19,15,1,5,5,-8.990000000000009,136.99,,,,,18.666988388450694,,128.0
2026-05-30 17:30:00+00:00,2026-05-30 19:30:00+02:00,2026-05-30,19,30,2,5,5,-17.930000000000007,157.9,,,,,24.4077540372503,,139.97
2026-05-30 17:45:00+00:00,2026-05-30 19:45:00+02:00,2026-05-30,19,45,3,5,5,-31.930000000000007,185.9,,,,,49.9576091730353,,153.97
2026-05-30 18:00:00+00:00,2026-05-30 20:00:00+02:00,2026-05-30,20,0,0,5,5,-19.220000000000027,162.36,,,,,37.52957673183043,,143.14
2026-05-30 18:15:00+00:00,2026-05-30 20:15:00+02:00,2026-05-30,20,15,1,5,5,-2.8100000000000023,155.2,,,,,43.95237530617653,,152.39
2026-05-30 18:30:00+00:00,2026-05-30 20:30:00+02:00,2026-05-30,20,30,2,5,5,-10.099999999999994,168.14,,,,,83.15134872000611,,158.04
2026-05-30 18:45:00+00:00,2026-05-30 20:45:00+02:00,2026-05-30,20,45,3,5,5,-14.640000000000015,181.06,,,,,51.26818543611697,,166.42
2026-05-30 19:00:00+00:00,2026-05-30 21:00:00+02:00,2026-05-30,21,0,0,5,5,-16.920000000000016,182.8,,,,,36.275066551237224,,165.88
2026-05-30 19:15:00+00:00,2026-05-30 21:15:00+02:00,2026-05-30,21,15,1,5,5,-7.849999999999994,170.38,,,,,33.80121091530056,,162.53
2026-05-30 19:30:00+00:00,2026-05-30 21:30:00+02:00,2026-05-30,21,30,2,5,5,-6.810000000000002,169.3,,,,,53.74666685295173,,162.49
2026-05-30 19:45:00+00:00,2026-05-30 21:45:00+02:00,2026-05-30,21,45,3,5,5,-3.8700000000000045,156.1,,,,,26.56148530576387,,152.23
2026-05-30 20:00:00+00:00,2026-05-30 22:00:00+02:00,2026-05-30,22,0,0,5,5,-3.9199999999999875,169.04,,,,,19.450955173020585,,165.12
2026-05-30 20:15:00+00:00,2026-05-30 22:15:00+02:00,2026-05-30,22,15,1,5,5,-0.21999999999999886,157.79,,,,,20.517534567419464,,157.57
2026-05-30 20:30:00+00:00,2026-05-30 22:30:00+02:00,2026-05-30,22,30,2,5,5,4.799999999999983,152.49,,,,,13.811890183444598,,157.29
2026-05-30 20:45:00+00:00,2026-05-30 22:45:00+02:00,2026-05-30,22,45,3,5,5,-3.180000000000007,147.18,,,,,15.866156133088442,,144.0
2026-05-30 21:00:00+00:00,2026-05-30 23:00:00+02:00,2026-05-30,23,0,0,5,5,6.849999999999994,150.13,,,,,8.669063126687618,,156.98
2026-05-30 21:15:00+00:00,2026-05-30 23:15:00+02:00,2026-05-30,23,15,1,5,5,3.819999999999993,142.71,,,,,11.97830165088389,,146.53
2026-05-30 21:30:00+00:00,2026-05-30 23:30:00+02:00,2026-05-30,23,30,2,5,5,2.8499999999999943,140.61,,,,,12.79948599586098,,143.46
2026-05-30 21:45:00+00:00,2026-05-30 23:45:00+02:00,2026-05-30,23,45,3,5,5,2.6999999999999886,138.71,,,,,8.061697527998193,,141.41
2026-05-30 22:00:00+00:00,2026-05-31 00:00:00+02:00,2026-05-31,0,0,0,6,5,-6.5800000000000125,146.56,,,-17.060000000000002,,9.11889648350694,,139.98
2026-05-30 22:15:00+00:00,2026-05-31 00:15:00+02:00,2026-05-31,0,15,1,6,5,-0.22999999999998977,139.0,,,-9.819999999999993,,8.548137545367299,,138.77
2026-05-30 22:30:00+00:00,2026-05-31 00:30:00+02:00,2026-05-31,0,30,2,6,5,-0.9399999999999977,134.18,,,-9.920000000000002,,8.006371501209918,,133.24
2026-05-30 22:45:00+00:00,2026-05-31 00:45:00+02:00,2026-05-31,0,45,3,6,5,-1.1999999999999886,129.2,,,-10.86,,8.013730524736465,,128.0
2026-05-30 23:00:00+00:00,2026-05-31 01:00:00+02:00,2026-05-31,1,0,0,6,5,3.339999999999975,132.55,,,-11.709999999999994,,9.535014017173538,,135.89
2026-05-30 23:15:00+00:00,2026-05-31 01:15:00+02:00,2026-05-31,1,15,1,6,5,-0.8000000000000114,133.05,,,-8.689999999999984,,6.3590081471409645,,132.25
2026-05-30 23:30:00+00:00,2026-05-31 01:30:00+02:00,2026-05-31,1,30,2,6,5,1.1500000000000057,128.09,,,-8.650000000000006,,6.5158793777923005,,129.24
2026-05-30 23:45:00+00:00,2026-05-31 01:45:00+02:00,2026-05-31,1,45,3,6,5,-1.4300000000000068,126.17,,,-9.159999999999997,,9.060112072665014,,124.74
2026-05-31 00:00:00+00:00,2026-05-31 02:00:00+02:00,2026-05-31,2,0,0,6,5,0.18000000000000682,129.29,,,-5.930000000000007,,9.257033797350458,,129.47
2026-05-31 00:15:00+00:00,2026-05-31 02:15:00+02:00,2026-05-31,2,15,1,6,5,0.0800000000000125,128.47,,,-6.8700000000000045,,8.356940558273767,,128.55
2026-05-31 00:30:00+00:00,2026-05-31 02:30:00+02:00,2026-05-31,2,30,2,6,5,0.09000000000000341,128.65,,,-10.530000000000001,,7.990712878567804,,128.74
2026-05-31 00:45:00+00:00,2026-05-31 02:45:00+02:00,2026-05-31,2,45,3,6,5,2.9399999999999977,122.5,,,-12.069999999999993,,8.550017061869706,,125.44
2026-05-31 01:00:00+00:00,2026-05-31 03:00:00+02:00,2026-05-31,3,0,0,6,5,-1.3400000000000034,127.79,,,-9.700000000000003,,8.488002165953779,,126.45
2026-05-31 01:15:00+00:00,2026-05-31 03:15:00+02:00,2026-05-31,3,15,1,6,5,3.769999999999996,121.7,,,-8.569999999999993,,8.264839102161027,,125.47
2026-05-31 01:30:00+00:00,2026-05-31 03:30:00+02:00,2026-05-31,3,30,2,6,5,-1.8200000000000074,127.79,,,-7.109999999999999,,7.559305450970191,,125.97
2026-05-31 01:45:00+00:00,2026-05-31 03:45:00+02:00,2026-05-31,3,45,3,6,5,-1.6599999999999966,126.57,,,-6.010000000000005,,8.065736138168651,,124.91
2026-05-31 02:00:00+00:00,2026-05-31 04:00:00+02:00,2026-05-31,4,0,0,6,5,2.1799999999999926,127.8,,,-4.609999999999999,,9.348219081728788,,129.98
2026-05-31 02:15:00+00:00,2026-05-31 04:15:00+02:00,2026-05-31,4,15,1,6,5,3.0800000000000125,126.6,,,-3.4399999999999977,,7.792932413693706,,129.68
2026-05-31 02:30:00+00:00,2026-05-31 04:30:00+02:00,2026-05-31,4,30,2,6,5,-2.0600000000000023,127.8,,,-2.3800000000000097,,9.550115729119154,,125.74
2026-05-31 02:45:00+00:00,2026-05-31 04:45:00+02:00,2026-05-31,4,45,3,6,5,2.0,124.6,,,-6.579999999999998,,7.6595861076594165,,126.6
2026-05-31 03:00:00+00:00,2026-05-31 05:00:00+02:00,2026-05-31,5,0,0,6,5,1.2299999999999898,128.99,,,-3.8100000000000023,,8.380254133417235,,130.22
2026-05-31 03:15:00+00:00,2026-05-31 05:15:00+02:00,2026-05-31,5,15,1,6,5,1.2800000000000011,126.7,,,-2.8900000000000006,,10.449255928081353,,127.98
2026-05-31 03:30:00+00:00,2026-05-31 05:30:00+02:00,2026-05-31,5,30,2,6,5,1.6099999999999994,122.76,,,-1.8700000000000045,,11.836978680631566,,124.37
2026-05-31 03:45:00+00:00,2026-05-31 05:45:00+02:00,2026-05-31,5,45,3,6,5,2.1899999999999977,117.0,,,-0.03999999999999204,,14.168947726289947,,119.19
2026-05-31 04:00:00+00:00,2026-05-31 06:00:00+02:00,2026-05-31,6,0,0,6,5,5.5,121.1,,,-0.8400000000000034,,13.663992948500326,,126.6
2026-05-31 04:15:00+00:00,2026-05-31 06:15:00+02:00,2026-05-31,6,15,1,6,5,-2.289999999999992,121.33,,,-5.109999999999999,,14.315180446251752,,119.04
2026-05-31 04:30:00+00:00,2026-05-31 06:30:00+02:00,2026-05-31,6,30,2,6,5,2.4000000000000057,112.08,,,-5.890000000000001,,18.20520502795484,,114.48
2026-05-31 04:45:00+00:00,2026-05-31 06:45:00+02:00,2026-05-31,6,45,3,6,5,2.6000000000000085,105.07,,,-4.530000000000001,,20.74909542580055,,107.67
2026-05-31 05:00:00+00:00,2026-05-31 07:00:00+02:00,2026-05-31,7,0,0,6,5,0.8499999999999943,111.87,,,-2.1500000000000057,,19.260382956948874,,112.72
2026-05-31 05:15:00+00:00,2026-05-31 07:15:00+02:00,2026-05-31,7,15,1,6,5,-7.510000000000005,111.04,,,3.469999999999999,,22.951035122338446,,103.53
2026-05-31 05:30:00+00:00,2026-05-31 07:30:00+02:00,2026-05-31,7,30,2,6,5,-1.6499999999999915,100.3,,,-2.680000000000007,,26.650117178061066,,98.65
2026-05-31 05:45:00+00:00,2026-05-31 07:45:00+02:00,2026-05-31,7,45,3,6,5,0.6899999999999977,85.41,,,-6.3799999999999955,,28.29932540065033,,86.1
2026-05-31 06:00:00+00:00,2026-05-31 08:00:00+02:00,2026-05-31,8,0,0,6,5,-2.5,106.1,,,-0.29999999999999716,,36.61865081297541,,103.6
2026-05-31 06:15:00+00:00,2026-05-31 08:15:00+02:00,2026-05-31,8,15,1,6,5,1.7999999999999972,87.3,,,2.5900000000000034,,30.024690535595585,,89.1
2026-05-31 06:30:00+00:00,2026-05-31 08:30:00+02:00,2026-05-31,8,30,2,6,5,1.4200000000000017,75.22,,,6.939999999999998,,35.62267851699736,,76.64
2026-05-31 06:45:00+00:00,2026-05-31 08:45:00+02:00,2026-05-31,8,45,3,6,5,4.850000000000001,60.1,,,-0.15000000000000568,,37.046839293634825,,64.95
2026-05-31 07:00:00+00:00,2026-05-31 09:00:00+02:00,2026-05-31,9,0,0,6,5,-1.2900000000000063,77.89,,,-7.320000000000007,,48.27372249491886,,76.6
2026-05-31 07:15:00+00:00,2026-05-31 09:15:00+02:00,2026-05-31,9,15,1,6,5,20.0,35.0,,,-7.439999999999998,,42.32528112756556,,55.0
2026-05-31 07:30:00+00:00,2026-05-31 09:30:00+02:00,2026-05-31,9,30,2,6,5,13.309999999999999,23.87,,,7.73,,44.38739575204098,,37.18
2026-05-31 07:45:00+00:00,2026-05-31 09:45:00+02:00,2026-05-31,9,45,3,6,5,-5.799999999999997,23.9,,,1.3899999999999988,,42.27061021456947,,18.1
2026-05-31 08:00:00+00:00,2026-05-31 10:00:00+02:00,2026-05-31,10,0,0,6,5,-3.870000000000001,26.2,,,-1.8000000000000007,,42.21036172982498,,22.33
2026-05-31 08:15:00+00:00,2026-05-31 10:15:00+02:00,2026-05-31,10,15,1,6,5,-1.6199999999999997,4.06,,,10.24,,41.44281395575646,,2.44
2026-05-31 08:30:00+00:00,2026-05-31 10:30:00+02:00,2026-05-31,10,30,2,6,5,-7.3,7.3,,,-2.05,,40.32536869564322,,0.0
2026-05-31 08:45:00+00:00,2026-05-31 10:45:00+02:00,2026-05-31,10,45,3,6,5,-0.01,0.0,,,5.7,,40.70667132190841,,-0.01
2026-05-31 09:00:00+00:00,2026-05-31 11:00:00+02:00,2026-05-31,11,0,0,6,5,-8.27,9.2,,,-2.21,,41.175059478729295,,0.93
2026-05-31 09:15:00+00:00,2026-05-31 11:15:00+02:00,2026-05-31,11,15,1,6,5,-3.3299999999999996,3.26,,,-3.7,,58.51579766502036,,-0.07
2026-05-31 09:30:00+00:00,2026-05-31 11:30:00+02:00,2026-05-31,11,30,2,6,5,-3.4099999999999997,3.4,,,0.8,,36.87313749440486,,-0.01
2026-05-31 09:45:00+00:00,2026-05-31 11:45:00+02:00,2026-05-31,11,45,3,6,5,3.2800000000000002,-3.29,,,6.3,,49.375869718310256,,-0.01
2026-05-31 10:00:00+00:00,2026-05-31 12:00:00+02:00,2026-05-31,12,0,0,6,5,-10.33,10.43,,,-4.31,,38.645465850073684,,0.1
2026-05-31 10:15:00+00:00,2026-05-31 12:15:00+02:00,2026-05-31,12,15,1,6,5,-1.8,1.8,,,4.050000000000001,,38.77177432186891,,0.0
2026-05-31 10:30:00+00:00,2026-05-31 12:30:00+02:00,2026-05-31,12,30,2,6,5,3.8,-0.01,,,3.35,,38.136079517813,,3.79
2026-05-31 10:45:00+00:00,2026-05-31 12:45:00+02:00,2026-05-31,12,45,3,6,5,5.300000000000001,-4.11,,,5.63,,38.446696710017925,,1.19
2026-05-31 11:00:00+00:00,2026-05-31 13:00:00+02:00,2026-05-31,13,0,0,6,5,0.1,-0.03,,,1.0999999999999996,,41.18172675024525,,0.07
2026-05-31 11:15:00+00:00,2026-05-31 13:15:00+02:00,2026-05-31,13,15,1,6,5,-0.73,0.73,,,4.93,,47.51121813741571,,0.0
2026-05-31 11:30:00+00:00,2026-05-31 13:30:00+02:00,2026-05-31,13,30,2,6,5,-3.03,3.03,,,-5.17,,44.86330361819598,,0.0
2026-05-31 11:45:00+00:00,2026-05-31 13:45:00+02:00,2026-05-31,13,45,3,6,5,-3.07,3.07,,,-4.58,,45.11307578289687,,0.0
2026-05-31 12:00:00+00:00,2026-05-31 14:00:00+02:00,2026-05-31,14,0,0,6,5,4.12,-4.11,,,-4.02,,73.41073552355788,,0.01
2026-05-31 12:15:00+00:00,2026-05-31 14:15:00+02:00,2026-05-31,14,15,1,6,5,-1.65,1.7,,,4.42,,41.93978457526619,,0.05
2026-05-31 12:30:00+00:00,2026-05-31 14:30:00+02:00,2026-05-31,14,30,2,6,5,-2.6399999999999997,3.67,,,1.9000000000000004,,42.09400513946428,,1.03
2026-05-31 12:45:00+00:00,2026-05-31 14:45:00+02:00,2026-05-31,14,45,3,6,5,-3.99,6.9,,,-4.91,,39.805892655609334,,2.91
2026-05-31 13:00:00+00:00,2026-05-31 15:00:00+02:00,2026-05-31,15,0,0,6,5,7.84,-7.79,,,10.15,,45.421680650069405,,0.05
2026-05-31 13:15:00+00:00,2026-05-31 15:15:00+02:00,2026-05-31,15,15,1,6,5,-2.4,2.4,,,4.57,,50.72079344718541,,0.0
2026-05-31 13:30:00+00:00,2026-05-31 15:30:00+02:00,2026-05-31,15,30,2,6,5,-8.89,8.9,,,-2.0799999999999996,,48.66202787177438,,0.01
2026-05-31 13:45:00+00:00,2026-05-31 15:45:00+02:00,2026-05-31,15,45,3,6,5,-7.54,12.75,,,-10.0,,41.56402271935871,,5.21
2026-05-31 14:00:00+00:00,2026-05-31 16:00:00+02:00,2026-05-31,16,0,0,6,5,8.24,-0.23,,,3.91,,39.284667170859066,,8.01
2026-05-31 14:15:00+00:00,2026-05-31 16:15:00+02:00,2026-05-31,16,15,1,6,5,6.6299999999999955,28.1,,,-0.44999999999999996,,40.074170602153146,,34.73
2026-05-31 14:30:00+00:00,2026-05-31 16:30:00+02:00,2026-05-31,16,30,2,6,5,-0.8200000000000003,63.88,,,-7.92,,44.09853009560898,,63.06
2026-05-31 14:45:00+00:00,2026-05-31 16:45:00+02:00,2026-05-31,16,45,3,6,5,41.64,38.56,,,5.080000000000002,,52.38364624533092,,80.2
2026-05-31 15:00:00+00:00,2026-05-31 17:00:00+02:00,2026-05-31,17,0,0,6,5,-6.280000000000001,65.94,,,8.06,,39.99414413180006,,59.66
2026-05-31 15:15:00+00:00,2026-05-31 17:15:00+02:00,2026-05-31,17,15,1,6,5,-11.030000000000001,89.41,,,-3.3699999999999974,,43.50852532348483,,78.38
2026-05-31 15:30:00+00:00,2026-05-31 17:30:00+02:00,2026-05-31,17,30,2,6,5,-0.04999999999999716,104.0,,,-6.8500000000000085,,43.65171746806969,,103.95
2026-05-31 15:45:00+00:00,2026-05-31 17:45:00+02:00,2026-05-31,17,45,3,6,5,-0.5699999999999932,120.57,,,5.609999999999999,,41.351185161804324,,120.0
2026-05-31 16:00:00+00:00,2026-05-31 18:00:00+02:00,2026-05-31,18,0,0,6,5,13.300000000000011,92.1,,,-5.290000000000006,,32.36192464970154,,105.4
2026-05-31 16:15:00+00:00,2026-05-31 18:15:00+02:00,2026-05-31,18,15,1,6,5,-2.3499999999999943,119.02,,,-8.929999999999993,,19.494437076331387,,116.67
2026-05-31 16:30:00+00:00,2026-05-31 18:30:00+02:00,2026-05-31,18,30,2,6,5,-4.050000000000011,136.47,,,-10.549999999999997,,15.055183839446912,,132.42
2026-05-31 16:45:00+00:00,2026-05-31 18:45:00+02:00,2026-05-31,18,45,3,6,5,-7.6299999999999955,149.57,,,-23.190000000000012,,15.31372775297698,,141.94
2026-05-31 17:00:00+00:00,2026-05-31 19:00:00+02:00,2026-05-31,19,0,0,6,5,-0.7400000000000091,131.77,,,-8.209999999999994,,13.326871886746652,,131.03
2026-05-31 17:15:00+00:00,2026-05-31 19:15:00+02:00,2026-05-31,19,15,1,6,5,-0.5799999999999841,137.98,,,-8.990000000000009,,16.94890103086019,,137.4
2026-05-31 17:30:00+00:00,2026-05-31 19:30:00+02:00,2026-05-31,19,30,2,6,5,-15.110000000000014,160.81,,,-17.930000000000007,,22.572295719886007,,145.7
2026-05-31 17:45:00+00:00,2026-05-31 19:45:00+02:00,2026-05-31,19,45,3,6,5,0.9200000000000159,150.51,,,-31.930000000000007,,49.22215036204496,,151.43
2026-05-31 18:00:00+00:00,2026-05-31 20:00:00+02:00,2026-05-31,20,0,0,6,5,0.6200000000000045,144.07,,,-19.220000000000027,,35.40411688360142,,144.69
2026-05-31 18:15:00+00:00,2026-05-31 20:15:00+02:00,2026-05-31,20,15,1,6,5,-0.9799999999999898,147.98,,,-2.8100000000000023,,43.06312400303943,,147.0
2026-05-31 18:30:00+00:00,2026-05-31 20:30:00+02:00,2026-05-31,20,30,2,6,5,-1.3700000000000045,157.35,,,-10.099999999999994,,81.76674249700451,,155.98
2026-05-31 18:45:00+00:00,2026-05-31 20:45:00+02:00,2026-05-31,20,45,3,6,5,-21.150000000000006,179.6,,,-14.640000000000015,,49.187238567661794,,158.45
2026-05-31 19:00:00+00:00,2026-05-31 21:00:00+02:00,2026-05-31,21,0,0,6,5,-2.769999999999982,158.51,,,-16.920000000000016,,34.62204424643618,,155.74
2026-05-31 19:15:00+00:00,2026-05-31 21:15:00+02:00,2026-05-31,21,15,1,6,5,-24.189999999999998,178.84,,,-7.849999999999994,,32.72514647084771,,154.65
2026-05-31 19:30:00+00:00,2026-05-31 21:30:00+02:00,2026-05-31,21,30,2,6,5,-16.980000000000018,167.4,,,-6.810000000000002,,52.678512686873404,,150.42
2026-05-31 19:45:00+00:00,2026-05-31 21:45:00+02:00,2026-05-31,21,45,3,6,5,-7.450000000000017,154.8,,,-3.8700000000000045,,25.08448267114709,,147.35
2026-05-31 20:00:00+00:00,2026-05-31 22:00:00+02:00,2026-05-31,22,0,0,6,5,-3.0200000000000102,162.16,,,-3.9199999999999875,,18.835389650779792,,159.14
2026-05-31 20:15:00+00:00,2026-05-31 22:15:00+02:00,2026-05-31,22,15,1,6,5,-1.410000000000025,154.86,,,-0.21999999999999886,,19.93970247058271,,153.45
2026-05-31 20:30:00+00:00,2026-05-31 22:30:00+02:00,2026-05-31,22,30,2,6,5,-0.9399999999999977,150.94,,,4.799999999999983,,12.885632108481806,,150.0
2026-05-31 20:45:00+00:00,2026-05-31 22:45:00+02:00,2026-05-31,22,45,3,6,5,-6.450000000000017,144.55,,,-3.180000000000007,,15.127006215142051,,138.1
2026-05-31 21:00:00+00:00,2026-05-31 23:00:00+02:00,2026-05-31,23,0,0,6,5,0.07999999999998408,151.52,,,6.849999999999994,,8.184778186122898,,151.6
2026-05-31 21:15:00+00:00,2026-05-31 23:15:00+02:00,2026-05-31,23,15,1,6,5,-2.319999999999993,146.95,,,3.819999999999993,,11.829806831488723,,144.63
2026-05-31 21:30:00+00:00,2026-05-31 23:30:00+02:00,2026-05-31,23,30,2,6,5,-0.18999999999999773,142.99,,,2.8499999999999943,,12.832944297419012,,142.8
2026-05-31 21:45:00+00:00,2026-05-31 23:45:00+02:00,2026-05-31,23,45,3,6,5,-2.280000000000001,139.93,,,2.6999999999999886,,7.542010728190483,,137.65
2026-05-31 22:00:00+00:00,2026-06-01 00:00:00+02:00,2026-06-01,0,0,0,0,6,1.1899999999999977,151.03,,,-6.5800000000000125,,8.726417892283239,,152.22
2026-05-31 22:15:00+00:00,2026-06-01 00:15:00+02:00,2026-06-01,0,15,1,0,6,6.930000000000007,141.16,,,-0.22999999999998977,,8.070182297055297,,148.09
2026-05-31 22:30:00+00:00,2026-06-01 00:30:00+02:00,2026-06-01,0,30,2,0,6,7.25,134.7,,,-0.9399999999999977,,7.377296178214631,,141.95
2026-05-31 22:45:00+00:00,2026-06-01 00:45:00+02:00,2026-06-01,0,45,3,0,6,0.14000000000001478,133.19,,,-1.1999999999999886,,7.583593084148819,,133.33
2026-05-31 23:00:00+00:00,2026-06-01 01:00:00+02:00,2026-06-01,1,0,0,0,6,6.3700000000000045,138.53,,,3.339999999999975,,9.309054908888802,,144.9
2026-05-31 23:15:00+00:00,2026-06-01 01:15:00+02:00,2026-06-01,1,15,1,0,6,8.680000000000007,128.04,,,-0.8000000000000114,,6.136248675063495,,136.72
2026-05-31 23:30:00+00:00,2026-06-01 01:30:00+02:00,2026-06-01,1,30,2,0,6,-1.8599999999999852,131.1,,,1.1500000000000057,,6.133867790060284,,129.24
2026-05-31 23:45:00+00:00,2026-06-01 01:45:00+02:00,2026-06-01,1,45,3,0,6,-3.010000000000005,127.7,,,-1.4300000000000068,,8.769052882812268,,124.69
2026-06-01 00:00:00+00:00,2026-06-01 02:00:00+02:00,2026-06-01,2,0,0,0,6,6.359999999999999,121.29,,,0.18000000000000682,,8.745410853071752,,127.65
2026-06-01 00:15:00+00:00,2026-06-01 02:15:00+02:00,2026-06-01,2,15,1,0,6,3.8699999999999903,125.7,,,0.0800000000000125,,7.84549863941832,,129.57
2026-06-01 00:30:00+00:00,2026-06-01 02:30:00+02:00,2026-06-01,2,30,2,0,6,3.780000000000001,124.02,,,0.09000000000000341,,7.571915902833166,,127.8
2026-06-01 00:45:00+00:00,2026-06-01 02:45:00+02:00,2026-06-01,2,45,3,0,6,0.4000000000000057,126.46,,,2.9399999999999977,,8.094564856729598,,126.86
2026-06-01 01:00:00+00:00,2026-06-01 03:00:00+02:00,2026-06-01,3,0,0,0,6,4.659999999999997,122.93,,,-1.3400000000000034,,8.435053886368443,,127.59
2026-06-01 01:15:00+00:00,2026-06-01 03:15:00+02:00,2026-06-01,3,15,1,0,6,6.140000000000001,120.14,,,3.769999999999996,,7.893729915446586,,126.28
2026-06-01 01:30:00+00:00,2026-06-01 03:30:00+02:00,2026-06-01,3,30,2,0,6,1.0900000000000034,124.33,,,-1.8200000000000074,,7.040421753098791,,125.42
2026-06-01 01:45:00+00:00,2026-06-01 03:45:00+02:00,2026-06-01,3,45,3,0,6,8.180000000000007,117.74,,,-1.6599999999999966,,7.753242675038137,,125.92
2026-06-01 02:00:00+00:00,2026-06-01 04:00:00+02:00,2026-06-01,4,0,0,0,6,0.2599999999999909,126.2,,,2.1799999999999926,,8.95968835309655,,126.46
2026-06-01 02:15:00+00:00,2026-06-01 04:15:00+02:00,2026-06-01,4,15,1,0,6,3.969999999999999,121.49,,,3.0800000000000125,,7.424564700304896,,125.46
2026-06-01 02:30:00+00:00,2026-06-01 04:30:00+02:00,2026-06-01,4,30,2,0,6,0.4000000000000057,125.99,,,-2.0600000000000023,,8.19542716236534,,126.39
2026-06-01 02:45:00+00:00,2026-06-01 04:45:00+02:00,2026-06-01,4,45,3,0,6,-0.009999999999990905,129.7,,,2.0,,7.157639467536941,,129.69
2026-06-01 03:00:00+00:00,2026-06-01 05:00:00+02:00,2026-06-01,5,0,0,0,6,3.819999999999993,124.65,,,1.2299999999999898,,6.948770624132757,,128.47
2026-06-01 03:15:00+00:00,2026-06-01 05:15:00+02:00,2026-06-01,5,15,1,0,6,3.180000000000007,130.16,,,1.2800000000000011,,8.819665464239128,,133.34
2026-06-01 03:30:00+00:00,2026-06-01 05:30:00+02:00,2026-06-01,5,30,2,0,6,2.420000000000016,138.23,,,1.6099999999999994,,9.903534278670596,,140.65
2026-06-01 03:45:00+00:00,2026-06-01 05:45:00+02:00,2026-06-01,5,45,3,0,6,0.13999999999998636,147.33,,,2.1899999999999977,,12.293338073485923,,147.47
2026-06-01 04:00:00+00:00,2026-06-01 06:00:00+02:00,2026-06-01,6,0,0,0,6,-12.150000000000006,164.99,,,5.5,,13.555400691681939,,152.84
2026-06-01 04:15:00+00:00,2026-06-01 06:15:00+02:00,2026-06-01,6,15,1,0,6,-17.169999999999987,172.17,,,-2.289999999999992,,13.984447641009382,,155.0
2026-06-01 04:30:00+00:00,2026-06-01 06:30:00+02:00,2026-06-01,6,30,2,0,6,-4.400000000000006,156.1,,,2.4000000000000057,,18.00953826951987,,151.7
2026-06-01 04:45:00+00:00,2026-06-01 06:45:00+02:00,2026-06-01,6,45,3,0,6,-7.6299999999999955,158.1,,,2.6000000000000085,,19.799237594933434,,150.47
2026-06-01 05:00:00+00:00,2026-06-01 07:00:00+02:00,2026-06-01,7,0,0,0,6,-0.1699999999999875,175.0,,,0.8499999999999943,,19.870050589757827,,174.83
2026-06-01 05:15:00+00:00,2026-06-01 07:15:00+02:00,2026-06-01,7,15,1,0,6,-2.0800000000000125,161.15,,,-7.510000000000005,,21.808800484470225,,159.07
2026-06-01 05:30:00+00:00,2026-06-01 07:30:00+02:00,2026-06-01,7,30,2,0,6,-18.140000000000015,169.9,,,-1.6499999999999915,,25.48025304142279,,151.76
2026-06-01 05:45:00+00:00,2026-06-01 07:45:00+02:00,2026-06-01,7,45,3,0,6,-5.25,149.78,,,0.6899999999999977,,26.27316560236423,,144.53
2026-06-01 06:00:00+00:00,2026-06-01 08:00:00+02:00,2026-06-01,8,0,0,0,6,-10.0,175.0,,,-2.5,,35.182891766836185,,165.0
2026-06-01 06:15:00+00:00,2026-06-01 08:15:00+02:00,2026-06-01,8,15,1,0,6,-9.409999999999997,165.41,,,1.7999999999999972,,27.8907459642011,,156.0
2026-06-01 06:30:00+00:00,2026-06-01 08:30:00+02:00,2026-06-01,8,30,2,0,6,-10.54000000000002,149.99,,,1.4200000000000017,,33.753247503507495,,139.45
2026-06-01 06:45:00+00:00,2026-06-01 08:45:00+02:00,2026-06-01,8,45,3,0,6,-1.0499999999999972,123.24,,,4.850000000000001,,36.07188510536978,,122.19
2026-06-01 07:00:00+00:00,2026-06-01 09:00:00+02:00,2026-06-01,9,0,0,0,6,-12.22999999999999,162.51,,,-1.2900000000000063,,46.273145298586826,,150.28
2026-06-01 07:15:00+00:00,2026-06-01 09:15:00+02:00,2026-06-01,9,15,1,0,6,-7.97999999999999,138.13,,,20.0,,42.732750674626196,,130.15
2026-06-01 07:30:00+00:00,2026-06-01 09:30:00+02:00,2026-06-01,9,30,2,0,6,-1.8800000000000097,119.4,,,13.309999999999999,,44.69297504230191,,117.52
2026-06-01 07:45:00+00:00,2026-06-01 09:45:00+02:00,2026-06-01,9,45,3,0,6,-5.3700000000000045,111.42,,,-5.799999999999997,,41.4073415479177,,106.05
2026-06-01 08:00:00+00:00,2026-06-01 10:00:00+02:00,2026-06-01,10,0,0,0,6,-4.780000000000001,123.8,,,-3.870000000000001,,41.76224660813014,,119.02
2026-06-01 08:15:00+00:00,2026-06-01 10:15:00+02:00,2026-06-01,10,15,1,0,6,-4.280000000000001,115.9,,,-1.6199999999999997,,41.47085030145016,,111.62
2026-06-01 08:30:00+00:00,2026-06-01 10:30:00+02:00,2026-06-01,10,30,2,0,6,9.409999999999997,100.79,,,-7.3,,40.63188184145578,,110.2
2026-06-01 08:45:00+00:00,2026-06-01 10:45:00+02:00,2026-06-01,10,45,3,0,6,-3.969999999999999,111.14,,,-0.01,,40.913373535629205,,107.17
2026-06-01 09:00:00+00:00,2026-06-01 11:00:00+02:00,2026-06-01,11,0,0,0,6,4.280000000000001,102.05,,,-8.27,,41.33219408804522,,106.33
2026-06-01 09:15:00+00:00,2026-06-01 11:15:00+02:00,2026-06-01,11,15,1,0,6,5.319999999999993,101.28,,,-3.3299999999999996,,58.47795480180692,,106.6
2026-06-01 09:30:00+00:00,2026-06-01 11:30:00+02:00,2026-06-01,11,30,2,0,6,20.47,82.54,,,-3.4099999999999997,,36.751376919708356,,103.01
2026-06-01 09:45:00+00:00,2026-06-01 11:45:00+02:00,2026-06-01,11,45,3,0,6,17.11,80.0,,,3.2800000000000002,,49.394025086903994,,97.11
2026-06-01 10:00:00+00:00,2026-06-01 12:00:00+02:00,2026-06-01,12,0,0,0,6,0.5999999999999943,100.01,,,-10.33,,38.48330941909927,,100.61
2026-06-01 10:15:00+00:00,2026-06-01 12:15:00+02:00,2026-06-01,12,15,1,0,6,2.799999999999997,93.33,,,-1.8,,38.84983030638826,,96.13
2026-06-01 10:30:00+00:00,2026-06-01 12:30:00+02:00,2026-06-01,12,30,2,0,6,3.769999999999996,91.81,,,3.8,,38.17081322709181,,95.58
2026-06-01 10:45:00+00:00,2026-06-01 12:45:00+02:00,2026-06-01,12,45,3,0,6,3.8999999999999915,87.18,,,5.300000000000001,,38.55626113975444,,91.08
2026-06-01 11:00:00+00:00,2026-06-01 13:00:00+02:00,2026-06-01,13,0,0,0,6,2.6799999999999926,92.62,,,0.1,,41.20970768087119,,95.3
2026-06-01 11:15:00+00:00,2026-06-01 13:15:00+02:00,2026-06-01,13,15,1,0,6,1.9300000000000068,92.21,,,-0.73,,47.506789086831155,,94.14
2026-06-01 11:30:00+00:00,2026-06-01 13:30:00+02:00,2026-06-01,13,30,2,0,6,3.539999999999992,88.45,,,-3.03,,44.85834262761697,,91.99
2026-06-01 11:45:00+00:00,2026-06-01 13:45:00+02:00,2026-06-01,13,45,3,0,6,40.21,48.23,,,-3.07,,45.11202206303076,,88.44
2026-06-01 12:00:00+00:00,2026-06-01 14:00:00+02:00,2026-06-01,14,0,0,0,6,42.03,50.2,,,4.12,,73.38761934466055,,92.23
2026-06-01 12:15:00+00:00,2026-06-01 14:15:00+02:00,2026-06-01,14,15,1,0,6,6.11999999999999,86.95,,,-1.65,,41.939279662046935,,93.07
2026-06-01 12:30:00+00:00,2026-06-01 14:30:00+02:00,2026-06-01,14,30,2,0,6,35.54,57.24,,,-2.6399999999999997,,42.07082557824473,,92.78
2026-06-01 12:45:00+00:00,2026-06-01 14:45:00+02:00,2026-06-01,14,45,3,0,6,32.919999999999995,62.24,,,-3.99,,39.78694822301784,,95.16
2026-06-01 13:00:00+00:00,2026-06-01 15:00:00+02:00,2026-06-01,15,0,0,0,6,6.859999999999999,86.0,,,7.84,,45.51964503448924,,92.86
2026-06-01 13:15:00+00:00,2026-06-01 15:15:00+02:00,2026-06-01,15,15,1,0,6,2.530000000000001,92.59,,,-2.4,,50.7412036224497,,95.12
2026-06-01 13:30:00+00:00,2026-06-01 15:30:00+02:00,2026-06-01,15,30,2,0,6,16.040000000000006,84.99,,,-8.89,,48.67370680424775,,101.03
2026-06-01 13:45:00+00:00,2026-06-01 15:45:00+02:00,2026-06-01,15,45,3,0,6,15.079999999999998,94.99,,,-7.54,,41.73998815271746,,110.07
2026-06-01 14:00:00+00:00,2026-06-01 16:00:00+02:00,2026-06-01,16,0,0,0,6,8.939999999999998,86.17,,,8.24,,39.62882378679906,,95.11
2026-06-01 14:15:00+00:00,2026-06-01 16:15:00+02:00,2026-06-01,16,15,1,0,6,7.0,93.48,,,6.6299999999999955,,40.06198255395971,,100.48
2026-06-01 14:30:00+00:00,2026-06-01 16:30:00+02:00,2026-06-01,16,30,2,0,6,0.020000000000010232,111.32,,,-0.8200000000000003,,44.006711332563995,,111.34
2026-06-01 14:45:00+00:00,2026-06-01 16:45:00+02:00,2026-06-01,16,45,3,0,6,-3.309999999999988,127.1,,,41.64,,51.77099211648547,,123.79
2026-06-01 15:00:00+00:00,2026-06-01 17:00:00+02:00,2026-06-01,17,0,0,0,6,-1.5500000000000114,105.54,,,-6.280000000000001,,39.95955774898589,,103.99
2026-06-01 15:15:00+00:00,2026-06-01 17:15:00+02:00,2026-06-01,17,15,1,0,6,-5.560000000000002,118.45,,,-11.030000000000001,,43.02112727205539,,112.89
2026-06-01 15:30:00+00:00,2026-06-01 17:30:00+02:00,2026-06-01,17,30,2,0,6,-3.1899999999999977,131.0,,,-0.04999999999999716,,43.330237373908005,,127.81
2026-06-01 15:45:00+00:00,2026-06-01 17:45:00+02:00,2026-06-01,17,45,3,0,6,-11.930000000000007,155.93,,,-0.5699999999999932,,41.16149241332753,,144.0
2026-06-01 16:00:00+00:00,2026-06-01 18:00:00+02:00,2026-06-01,18,0,0,0,6,3.259999999999991,112.73,,,13.300000000000011,,32.175659560168484,,115.99
2026-06-01 16:15:00+00:00,2026-06-01 18:15:00+02:00,2026-06-01,18,15,1,0,6,-12.409999999999997,141.44,,,-2.3499999999999943,,19.49825459925963,,129.03
2026-06-01 16:30:00+00:00,2026-06-01 18:30:00+02:00,2026-06-01,18,30,2,0,6,1.3200000000000216,147.76,,,-4.050000000000011,,15.050299639234836,,149.08
2026-06-01 16:45:00+00:00,2026-06-01 18:45:00+02:00,2026-06-01,18,45,3,0,6,-2.819999999999993,175.29,,,-7.6299999999999955,,15.185956424521377,,172.47
2026-06-01 17:00:00+00:00,2026-06-01 19:00:00+02:00,2026-06-01,19,0,0,0,6,-53.900000000000006,199.99,,,-0.7400000000000091,,13.310518520957299,,146.09
2026-06-01 17:15:00+00:00,2026-06-01 19:15:00+02:00,2026-06-01,19,15,1,0,6,-49.900000000000006,219.9,,,-0.5799999999999841,,17.091570009354403,,170.0
2026-06-01 17:30:00+00:00,2026-06-01 19:30:00+02:00,2026-06-01,19,30,2,0,6,-20.189999999999998,230.0,,,-15.110000000000014,,21.88861975377443,,209.81
2026-06-01 17:45:00+00:00,2026-06-01 19:45:00+02:00,2026-06-01,19,45,3,0,6,17.600000000000023,290.0,,,0.9200000000000159,,50.79021797313207,,307.6
2026-06-01 18:00:00+00:00,2026-06-01 20:00:00+02:00,2026-06-01,20,0,0,0,6,-38.50999999999999,294.5,,,0.6200000000000045,,35.91636405029642,,255.99
2026-06-01 18:15:00+00:00,2026-06-01 20:15:00+02:00,2026-06-01,20,15,1,0,6,-28.339999999999975,338.27,,,-0.9799999999999898,,43.72124183234837,,309.93
2026-06-01 18:30:00+00:00,2026-06-01 20:30:00+02:00,2026-06-01,20,30,2,0,6,-33.31,380.0,,,-1.3700000000000045,,82.12925788048993,,346.69
2026-06-01 18:45:00+00:00,2026-06-01 20:45:00+02:00,2026-06-01,20,45,3,0,6,-71.72999999999996,459.64,,,-21.150000000000006,,48.70694381527303,,387.91
2026-06-01 19:00:00+00:00,2026-06-01 21:00:00+02:00,2026-06-01,21,0,0,0,6,62.80000000000001,317.2,,,-2.769999999999982,,35.070239230297766,,380.0
2026-06-01 19:15:00+00:00,2026-06-01 21:15:00+02:00,2026-06-01,21,15,1,0,6,-52.639999999999986,387.44,,,-24.189999999999998,,32.316086398415656,,334.8
2026-06-01 19:30:00+00:00,2026-06-01 21:30:00+02:00,2026-06-01,21,30,2,0,6,-6.100000000000023,285.0,,,-16.980000000000018,,52.53319304951876,,278.9
2026-06-01 19:45:00+00:00,2026-06-01 21:45:00+02:00,2026-06-01,21,45,3,0,6,-167.67999999999998,399.01,,,-7.450000000000017,,24.93407881321654,,231.33
2026-06-01 20:00:00+00:00,2026-06-01 22:00:00+02:00,2026-06-01,22,0,0,0,6,29.710000000000008,237.4,,,-3.0200000000000102,,18.77480899362899,,267.11
2026-06-01 20:15:00+00:00,2026-06-01 22:15:00+02:00,2026-06-01,22,15,1,0,6,-37.25999999999999,250.0,,,-1.410000000000025,,19.866899579478336,,212.74
2026-06-01 20:30:00+00:00,2026-06-01 22:30:00+02:00,2026-06-01,22,30,2,0,6,-9.97999999999999,186.32,,,-0.9399999999999977,,12.671441802834027,,176.34
2026-06-01 20:45:00+00:00,2026-06-01 22:45:00+02:00,2026-06-01,22,45,3,0,6,-81.17000000000002,241.08,,,-6.450000000000017,,14.956208825018509,,159.91
2026-06-01 21:00:00+00:00,2026-06-01 23:00:00+02:00,2026-06-01,23,0,0,0,6,3.319999999999993,166.1,,,0.07999999999998408,,8.153911486364184,,169.42
2026-06-01 21:15:00+00:00,2026-06-01 23:15:00+02:00,2026-06-01,23,15,1,0,6,0.9000000000000057,160.6,,,-2.319999999999993,,11.913991520731061,,161.5
2026-06-01 21:30:00+00:00,2026-06-01 23:30:00+02:00,2026-06-01,23,30,2,0,6,-2.9000000000000057,155.88,,,-0.18999999999999773,,12.770418793205097,,152.98
2026-06-01 21:45:00+00:00,2026-06-01 23:45:00+02:00,2026-06-01,23,45,3,0,6,-3.3100000000000023,147.08,,,-2.280000000000001,,7.794549377607684,,143.77
2026-06-01 22:00:00+00:00,2026-06-02 00:00:00+02:00,2026-06-02,0,0,0,1,6,-6.179999999999978,151.73,,-7.483333333333339,1.1899999999999977,,8.757308564661574,,145.55
2026-06-01 22:15:00+00:00,2026-06-02 00:15:00+02:00,2026-06-02,0,15,1,1,6,-3.8200000000000216,146.61,,-1.039999999999992,6.930000000000007,,7.742274277563615,,142.79
2026-06-01 22:30:00+00:00,2026-06-02 00:30:00+02:00,2026-06-02,0,30,2,1,6,-3.680000000000007,142.03,,-1.2033333333333378,7.25,,6.9276874421919645,,138.35
2026-06-01 22:45:00+00:00,2026-06-02 00:45:00+02:00,2026-06-02,0,45,3,1,6,-4.5800000000000125,132.36,,-3.973333333333322,0.14000000000001478,,7.268116584186995,,127.78
2026-06-01 23:00:00+00:00,2026-06-02 01:00:00+02:00,2026-06-02,1,0,0,1,6,-0.8100000000000023,144.81,,-0.6666666666666714,6.3700000000000045,,9.071392056688824,,144.0
2026-06-01 23:15:00+00:00,2026-06-02 01:15:00+02:00,2026-06-02,1,15,1,1,6,2.030000000000001,132.47,,-0.269999999999996,8.680000000000007,,5.722525810197138,,134.5
2026-06-01 23:30:00+00:00,2026-06-02 01:30:00+02:00,2026-06-02,1,30,2,1,6,-1.519999999999996,127.61,,-3.119999999999995,-1.8599999999999852,,5.9440214677267305,,126.09
2026-06-01 23:45:00+00:00,2026-06-02 01:45:00+02:00,2026-06-02,1,45,3,1,6,-8.129999999999995,127.1,,-4.533333333333336,-3.010000000000005,,8.411291338316715,,118.97
2026-06-02 00:00:00+00:00,2026-06-02 02:00:00+02:00,2026-06-02,2,0,0,1,6,0.0700000000000216,130.01,,0.20333333333333314,6.359999999999999,,8.836811866055433,,130.08
2026-06-02 00:15:00+00:00,2026-06-02 02:15:00+02:00,2026-06-02,2,15,1,1,6,-0.8299999999999983,124.98,,-0.9733333333333339,3.8699999999999903,,7.722415105066612,,124.15
2026-06-02 00:30:00+00:00,2026-06-02 02:30:00+02:00,2026-06-02,2,30,2,1,6,-2.030000000000001,124.61,,-2.219999999999999,3.780000000000001,,7.2812680410579445,,122.58
2026-06-02 00:45:00+00:00,2026-06-02 02:45:00+02:00,2026-06-02,2,45,3,1,6,-3.2299999999999898,122.41,,-2.9099999999999966,0.4000000000000057,,7.920719421483637,,119.18
2026-06-02 01:00:00+00:00,2026-06-02 03:00:00+02:00,2026-06-02,3,0,0,1,6,-2.980000000000004,124.34,,-2.12666666666667,4.659999999999997,,8.407359838293752,,121.36
2026-06-02 01:15:00+00:00,2026-06-02 03:15:00+02:00,2026-06-02,3,15,1,1,6,-3.030000000000001,122.99,,0.4466666666666678,6.140000000000001,,7.8861578898555305,,119.96
2026-06-02 01:30:00+00:00,2026-06-02 03:30:00+02:00,2026-06-02,3,30,2,1,6,-1.0900000000000034,120.2,,-2.6133333333333346,1.0900000000000034,,7.027328912774748,,119.11
2026-06-02 01:45:00+00:00,2026-06-02 03:45:00+02:00,2026-06-02,3,45,3,1,6,-1.5100000000000051,119.06,,0.1700000000000017,8.180000000000007,,7.712715631837659,,117.55
2026-06-02 02:00:00+00:00,2026-06-02 04:00:00+02:00,2026-06-02,4,0,0,1,6,-4.3799999999999955,122.41,,-0.7233333333333386,0.2599999999999909,,8.93701258564866,,118.03
2026-06-02 02:15:00+00:00,2026-06-02 04:15:00+02:00,2026-06-02,4,15,1,1,6,-0.20000000000000284,119.01,,1.2033333333333331,3.969999999999999,,7.404305103514882,,118.81
2026-06-02 02:30:00+00:00,2026-06-02 04:30:00+02:00,2026-06-02,4,30,2,1,6,0.09999999999999432,120.72,,-1.3466666666666687,0.4000000000000057,,8.124913964042097,,120.82
2026-06-02 02:45:00+00:00,2026-06-02 04:45:00+02:00,2026-06-02,4,45,3,1,6,-0.01999999999999602,123.97,,-1.5299999999999965,-0.009999999999990905,,7.186010829962713,,123.95
2026-06-02 03:00:00+00:00,2026-06-02 05:00:00+02:00,2026-06-02,5,0,0,1,6,-2.3400000000000034,121.56,,0.4133333333333269,3.819999999999993,,6.949338018912021,,119.22
2026-06-02 03:15:00+00:00,2026-06-02 05:15:00+02:00,2026-06-02,5,15,1,1,6,0.1700000000000017,122.36,,0.5233333333333358,3.180000000000007,,8.661181967659877,,122.53
2026-06-02 03:30:00+00:00,2026-06-02 05:30:00+02:00,2026-06-02,5,30,2,1,6,-0.75,125.0,,0.7200000000000036,2.420000000000016,,9.820826938616424,,124.25
2026-06-02 03:45:00+00:00,2026-06-02 05:45:00+02:00,2026-06-02,5,45,3,1,6,0.19999999999998863,127.94,,0.7633333333333306,0.13999999999998636,,12.197741188838927,,128.14
2026-06-02 04:00:00+00:00,2026-06-02 06:00:00+02:00,2026-06-02,6,0,0,1,6,-1.230000000000004,128.96,,-2.4966666666666697,-12.150000000000006,,14.295487953341743,,127.73
2026-06-02 04:15:00+00:00,2026-06-02 06:15:00+02:00,2026-06-02,6,15,1,1,6,-8.530000000000001,144.0,,-8.189999999999992,-17.169999999999987,,16.574538612574877,,135.47
2026-06-02 04:30:00+00:00,2026-06-02 06:30:00+02:00,2026-06-02,6,30,2,1,6,-0.5999999999999943,134.0,,-2.6300000000000003,-4.400000000000006,,18.19733093881312,,133.4
2026-06-02 04:45:00+00:00,2026-06-02 06:45:00+02:00,2026-06-02,6,45,3,1,6,-15.460000000000008,139.46,,-3.1866666666666674,-7.6299999999999955,,20.288183279170088,,124.0
2026-06-02 05:00:00+00:00,2026-06-02 07:00:00+02:00,2026-06-02,7,0,0,1,6,-6.180000000000007,148.1,,-0.4899999999999996,-0.1699999999999875,,20.33998692555733,,141.92
2026-06-02 05:15:00+00:00,2026-06-02 07:15:00+02:00,2026-06-02,7,15,1,1,6,-5.439999999999998,142.56,,-2.0400000000000063,-2.0800000000000125,,21.74826349010801,,137.12
2026-06-02 05:30:00+00:00,2026-06-02 07:30:00+02:00,2026-06-02,7,30,2,1,6,-2.2299999999999898,130.42,,-7.489999999999999,-18.140000000000015,,26.750913058259158,,128.19
2026-06-02 05:45:00+00:00,2026-06-02 07:45:00+02:00,2026-06-02,7,45,3,1,6,-2.280000000000001,122.3,,-3.6466666666666563,-5.25,,27.117471193975074,,120.02
2026-06-02 06:00:00+00:00,2026-06-02 08:00:00+02:00,2026-06-02,8,0,0,1,6,-6.570000000000022,144.02,,-4.266666666666666,-10.0,,36.27238686523242,,137.45
2026-06-02 06:15:00+00:00,2026-06-02 08:15:00+02:00,2026-06-02,8,15,1,1,6,-7.579999999999984,137.44,,-1.673333333333332,-9.409999999999997,,28.526543962415065,,129.86
2026-06-02 06:30:00+00:00,2026-06-02 08:30:00+02:00,2026-06-02,8,30,2,1,6,-8.0,127.53,,-0.7266666666666689,-10.54000000000002,,35.449656797112056,,119.53
2026-06-02 06:45:00+00:00,2026-06-02 08:45:00+02:00,2026-06-02,8,45,3,1,6,-0.06999999999999318,108.36,,1.2166666666666568,-1.0499999999999972,,35.40324688654903,,108.29
2026-06-02 07:00:00+00:00,2026-06-02 09:00:00+02:00,2026-06-02,9,0,0,1,6,0.04999999999999716,121.93,,-6.946666666666668,-12.22999999999999,,48.356738572659836,,121.98
2026-06-02 07:15:00+00:00,2026-06-02 09:15:00+02:00,2026-06-02,9,15,1,1,6,-14.280000000000001,121.27,,1.5266666666666755,-7.97999999999999,,43.47569302571173,,106.99
2026-06-02 07:30:00+00:00,2026-06-02 09:30:00+02:00,2026-06-02,9,30,2,1,6,-1.5300000000000011,97.54,,6.386666666666663,-1.8800000000000097,,45.00082505348607,,96.01
2026-06-02 07:45:00+00:00,2026-06-02 09:45:00+02:00,2026-06-02,9,45,3,1,6,-3.200000000000003,94.08,,-3.260000000000001,-5.3700000000000045,,41.48615755503631,,90.88
2026-06-02 08:00:00+00:00,2026-06-02 10:00:00+02:00,2026-06-02,10,0,0,1,6,3.0799999999999983,98.93,,-3.4833333333333365,-4.780000000000001,,42.310176373129316,,102.01
2026-06-02 08:15:00+00:00,2026-06-02 10:15:00+02:00,2026-06-02,10,15,1,1,6,-1.2299999999999898,93.24,,1.4466666666666665,-4.280000000000001,,42.45528192329934,,92.01
2026-06-02 08:30:00+00:00,2026-06-02 10:30:00+02:00,2026-06-02,10,30,2,1,6,-6.190000000000012,93.4,,0.01999999999999898,9.409999999999997,,39.88836146321107,,87.21
2026-06-02 08:45:00+00:00,2026-06-02 10:45:00+02:00,2026-06-02,10,45,3,1,6,-5.099999999999994,84.3,,0.5733333333333291,-3.969999999999999,,43.04538274686574,,79.2
2026-06-02 09:00:00+00:00,2026-06-02 11:00:00+02:00,2026-06-02,11,0,0,1,6,-4.029999999999987,89.82,,-2.0666666666666713,4.280000000000001,,40.91029433305943,,85.79
2026-06-02 09:15:00+00:00,2026-06-02 11:15:00+02:00,2026-06-02,11,15,1,1,6,-13.75,94.91,,-0.5700000000000068,5.319999999999993,,58.59327643984435,,81.16
2026-06-02 09:30:00+00:00,2026-06-02 11:30:00+02:00,2026-06-02,11,30,2,1,6,-4.75,83.54,,5.953333333333333,20.47,,35.2105049571946,,78.79
2026-06-02 09:45:00+00:00,2026-06-02 11:45:00+02:00,2026-06-02,11,45,3,1,6,-4.510000000000005,81.12,,8.896666666666667,17.11,,49.00870925067879,,76.61
2026-06-02 10:00:00+00:00,2026-06-02 12:00:00+02:00,2026-06-02,12,0,0,1,6,-15.11,86.33,,-4.6800000000000015,0.5999999999999943,,38.317706032647315,,71.22
2026-06-02 10:15:00+00:00,2026-06-02 12:15:00+02:00,2026-06-02,12,15,1,1,6,-10.420000000000002,82.43,,1.683333333333328,2.799999999999997,,38.46843753343428,,72.01
2026-06-02 10:30:00+00:00,2026-06-02 12:30:00+02:00,2026-06-02,12,30,2,1,6,-8.259999999999991,79.41,,3.640000000000008,3.769999999999996,,39.536173789480856,,71.15
2026-06-02 10:45:00+00:00,2026-06-02 12:45:00+02:00,2026-06-02,12,45,3,1,6,0.8999999999999915,73.95,,4.943333333333335,3.8999999999999915,,38.121731256017995,,74.85
2026-06-02 11:00:00+00:00,2026-06-02 13:00:00+02:00,2026-06-02,13,0,0,1,6,-4.060000000000002,80.09,,1.2933333333333212,2.6799999999999926,,40.83378232017487,,76.03
2026-06-02 11:15:00+00:00,2026-06-02 13:15:00+02:00,2026-06-02,13,15,1,1,6,-5.589999999999989,85.6,,2.043333333333345,1.9300000000000068,,47.04890768429927,,80.01
2026-06-02 11:30:00+00:00,2026-06-02 13:30:00+02:00,2026-06-02,13,30,2,1,6,-4.36999999999999,86.52,,-1.5533333333333559,3.539999999999992,,43.45102161825777,,82.15
2026-06-02 11:45:00+00:00,2026-06-02 13:45:00+02:00,2026-06-02,13,45,3,1,6,-3.259999999999991,86.69,,10.853333333333333,40.21,,39.6447940473265,,83.43
2026-06-02 12:00:00+00:00,2026-06-02 14:00:00+02:00,2026-06-02,14,0,0,1,6,-4.829999999999998,84.91,,14.043333333333335,42.03,,70.67703167644547,,80.08
2026-06-02 12:15:00+00:00,2026-06-02 14:15:00+02:00,2026-06-02,14,15,1,1,6,-5.329999999999998,89.21,,2.96333333333333,6.11999999999999,,40.683120193530804,,83.88
2026-06-02 12:30:00+00:00,2026-06-02 14:30:00+02:00,2026-06-02,14,30,2,1,6,-6.980000000000004,92.5,,11.6,35.54,,37.98265272058065,,85.52
2026-06-02 12:45:00+00:00,2026-06-02 14:45:00+02:00,2026-06-02,14,45,3,1,6,-0.5100000000000051,96.51,,8.006666666666655,32.919999999999995,,35.5113410842846,,96.0
2026-06-02 13:00:00+00:00,2026-06-02 15:00:00+02:00,2026-06-02,15,0,0,1,6,-6.549999999999997,91.88,,8.283333333333324,6.859999999999999,,44.93756176843904,,85.33
2026-06-02 13:15:00+00:00,2026-06-02 15:15:00+02:00,2026-06-02,15,15,1,1,6,-2.4599999999999937,96.5,,1.5666666666666764,2.530000000000001,,49.39349378786023,,94.04
2026-06-02 13:30:00+00:00,2026-06-02 15:30:00+02:00,2026-06-02,15,30,2,1,6,-2.519999999999996,101.83,,1.690000000000002,16.040000000000006,,47.539622924484135,,99.31
2026-06-02 13:45:00+00:00,2026-06-02 15:45:00+02:00,2026-06-02,15,45,3,1,6,2.5400000000000063,108.74,,-0.8200000000000003,15.079999999999998,,39.499300675406104,,111.28
2026-06-02 14:00:00+00:00,2026-06-02 16:00:00+02:00,2026-06-02,16,0,0,1,6,-15.819999999999993,110.0,,7.0299999999999985,8.939999999999998,,37.08764706522996,,94.18
2026-06-02 14:15:00+00:00,2026-06-02 16:15:00+02:00,2026-06-02,16,15,1,1,6,-7.510000000000005,111.4,,4.393333333333332,7.0,,38.03534117858487,,103.89
2026-06-02 14:30:00+00:00,2026-06-02 16:30:00+02:00,2026-06-02,16,30,2,1,6,-2.969999999999999,114.32,,-2.906666666666663,0.020000000000010232,,43.504731339258065,,111.35
2026-06-02 14:45:00+00:00,2026-06-02 16:45:00+02:00,2026-06-02,16,45,3,1,6,-0.5499999999999972,126.08,,14.469999999999999,-3.309999999999988,,51.67878305583244,,125.53
2026-06-02 15:00:00+00:00,2026-06-02 17:00:00+02:00,2026-06-02,17,0,0,1,6,-5.280000000000001,120.58,,0.07666666666664372,-1.5500000000000114,,40.18493813292843,,115.3
2026-06-02 15:15:00+00:00,2026-06-02 17:15:00+02:00,2026-06-02,17,15,1,1,6,2.760000000000005,121.42,,-6.653333333333333,-5.560000000000002,,42.66604134515036,,124.18
2026-06-02 15:30:00+00:00,2026-06-02 17:30:00+02:00,2026-06-02,17,30,2,1,6,-1.420000000000016,134.06,,-3.3633333333333346,-3.1899999999999977,,42.72538597360473,,132.64
2026-06-02 15:45:00+00:00,2026-06-02 17:45:00+02:00,2026-06-02,17,45,3,1,6,-7.119999999999976,147.2,,-2.296666666666667,-11.930000000000007,,41.704557476201884,,140.08
2026-06-02 16:00:00+00:00,2026-06-02 18:00:00+02:00,2026-06-02,18,0,0,1,6,-5.75,135.46,,3.756666666666675,3.259999999999991,,30.598545896643603,,129.71
2026-06-02 16:15:00+00:00,2026-06-02 18:15:00+02:00,2026-06-02,18,15,1,1,6,1.5,137.69,,-7.896666666666671,-12.409999999999997,,19.365990198634133,,139.19
2026-06-02 16:30:00+00:00,2026-06-02 18:30:00+02:00,2026-06-02,18,30,2,1,6,3.280000000000001,148.72,,-4.426666666666648,1.3200000000000216,,14.426075083253767,,152.0
2026-06-02 16:45:00+00:00,2026-06-02 18:45:00+02:00,2026-06-02,18,45,3,1,6,-7.050000000000011,170.0,,-11.213333333333352,-2.819999999999993,,15.569868265408902,,162.95
2026-06-02 17:00:00+00:00,2026-06-02 19:00:00+02:00,2026-06-02,19,0,0,1,6,-2.219999999999999,154.42,,-20.950000000000003,-53.900000000000006,,22.165943546277205,,152.2
2026-06-02 17:15:00+00:00,2026-06-02 19:15:00+02:00,2026-06-02,19,15,1,1,6,-6.969999999999999,161.7,,-19.823333333333338,-49.900000000000006,,25.11897340110304,,154.73
2026-06-02 17:30:00+00:00,2026-06-02 19:30:00+02:00,2026-06-02,19,30,2,1,6,-8.689999999999998,175.18,,-17.74333333333335,-20.189999999999998,,26.64058600195425,,166.49
2026-06-02 17:45:00+00:00,2026-06-02 19:45:00+02:00,2026-06-02,19,45,3,1,6,-38.91999999999999,212.5,,-4.470000000000009,17.600000000000023,,55.600335420760956,,173.58
2026-06-02 18:00:00+00:00,2026-06-02 20:00:00+02:00,2026-06-02,20,0,0,1,6,-5.8700000000000045,168.46,,-19.03666666666669,-38.50999999999999,,45.00663910121297,,162.59
2026-06-02 18:15:00+00:00,2026-06-02 20:15:00+02:00,2026-06-02,20,15,1,1,6,-21.359999999999985,181.47,,-10.70999999999998,-28.339999999999975,,58.75599987132526,,160.11
2026-06-02 18:30:00+00:00,2026-06-02 20:30:00+02:00,2026-06-02,20,30,2,1,6,-5.349999999999994,164.29,,-14.926666666666657,-33.31,,93.47037924473112,,158.94
2026-06-02 18:45:00+00:00,2026-06-02 20:45:00+02:00,2026-06-02,20,45,3,1,6,-37.84,192.73,,-35.839999999999975,-71.72999999999996,,82.5812369963428,,154.89
2026-06-02 19:00:00+00:00,2026-06-02 21:00:00+02:00,2026-06-02,21,0,0,1,6,-19.47999999999999,180.47,,14.370000000000005,62.80000000000001,,47.80960945869978,,160.99
2026-06-02 19:15:00+00:00,2026-06-02 21:15:00+02:00,2026-06-02,21,15,1,1,6,-15.629999999999995,165.01,,-28.22666666666666,-52.639999999999986,,63.901822774050295,,149.38
2026-06-02 19:30:00+00:00,2026-06-02 21:30:00+02:00,2026-06-02,21,30,2,1,6,-24.180000000000007,165.34,,-9.963333333333347,-6.100000000000023,,59.0412898778435,,141.16
2026-06-02 19:45:00+00:00,2026-06-02 21:45:00+02:00,2026-06-02,21,45,3,1,6,-21.939999999999998,150.01,,-59.666666666666664,-167.67999999999998,,66.27325146196324,,128.07
2026-06-02 20:00:00+00:00,2026-06-02 22:00:00+02:00,2026-06-02,22,0,0,1,6,-18.07000000000002,162.71,,7.590000000000003,29.710000000000008,,26.2075687834347,,144.64
2026-06-02 20:15:00+00:00,2026-06-02 22:15:00+02:00,2026-06-02,22,15,1,1,6,-8.689999999999998,144.7,,-12.963333333333338,-37.25999999999999,,31.398347483987934,,136.01
2026-06-02 20:30:00+00:00,2026-06-02 22:30:00+02:00,2026-06-02,22,30,2,1,6,-6.449999999999989,137.94,,-2.0400000000000014,-9.97999999999999,,15.445508913738237,,131.49
2026-06-02 20:45:00+00:00,2026-06-02 22:45:00+02:00,2026-06-02,22,45,3,1,6,2.280000000000001,125.0,,-30.26666666666668,-81.17000000000002,,29.60524241703497,,127.28
2026-06-02 21:00:00+00:00,2026-06-02 23:00:00+02:00,2026-06-02,23,0,0,1,6,-4.159999999999997,139.7,,3.416666666666657,3.319999999999993,,9.039968060090791,,135.54
2026-06-02 21:15:00+00:00,2026-06-02 23:15:00+02:00,2026-06-02,23,15,1,1,6,1.1599999999999966,120.01,,0.8000000000000019,0.9000000000000057,,12.877104586337746,,121.17
2026-06-02 21:30:00+00:00,2026-06-02 23:30:00+02:00,2026-06-02,23,30,2,1,6,-9.209999999999994,125.5,,-0.08000000000000303,-2.9000000000000057,,13.872560175547122,,116.29
2026-06-02 21:45:00+00:00,2026-06-02 23:45:00+02:00,2026-06-02,23,45,3,1,6,-0.14000000000000057,113.04,,-0.9633333333333383,-3.3100000000000023,,8.469008660538245,,112.9
2026-06-02 22:00:00+00:00,2026-06-03 00:00:00+02:00,2026-06-03,0,0,0,2,6,4.200000000000003,119.1,,-7.157499999999999,-6.179999999999978,,8.198727621733545,,123.3
2026-06-02 22:15:00+00:00,2026-06-03 00:15:00+02:00,2026-06-03,0,15,1,2,6,8.0,118.8,,-1.7349999999999994,-3.8200000000000216,,7.566248108512747,,126.8
2026-06-02 22:30:00+00:00,2026-06-03 00:30:00+02:00,2026-06-03,0,30,2,2,6,7.329999999999998,115.01,,-1.8225000000000051,-3.680000000000007,,5.89143208210221,,122.34
2026-06-02 22:45:00+00:00,2026-06-03 00:45:00+02:00,2026-06-03,0,45,3,2,6,13.560000000000002,112.99,,-4.124999999999995,-4.5800000000000125,,6.794795074901502,,126.55
2026-06-02 23:00:00+00:00,2026-06-03 01:00:00+02:00,2026-06-03,1,0,0,2,6,5.989999999999995,115.01,,-0.7025000000000041,-0.8100000000000023,,9.128092039726459,,121.0
2026-06-02 23:15:00+00:00,2026-06-03 01:15:00+02:00,2026-06-03,1,15,1,2,6,10.680000000000007,114.25,,0.30500000000000327,2.030000000000001,,5.045965911304064,,124.93
2026-06-02 23:30:00+00:00,2026-06-03 01:30:00+02:00,2026-06-03,1,30,2,2,6,8.040000000000006,111.1,,-2.7199999999999953,-1.519999999999996,,5.421513312112362,,119.14
2026-06-02 23:45:00+00:00,2026-06-03 01:45:00+02:00,2026-06-03,1,45,3,2,6,7.61999999999999,110.01,,-5.432500000000001,-8.129999999999995,,7.939429076826229,,117.63
2026-06-03 00:00:00+00:00,2026-06-03 02:00:00+02:00,2026-06-03,2,0,0,2,6,13.689999999999998,107.91,,0.17000000000000526,0.0700000000000216,,8.168220413608381,,121.6
2026-06-03 00:15:00+00:00,2026-06-03 02:15:00+02:00,2026-06-03,2,15,1,2,6,9.879999999999995,107.68,,-0.9375,-0.8299999999999983,,7.443341334360259,,117.56
2026-06-03 00:30:00+00:00,2026-06-03 02:30:00+02:00,2026-06-03,2,30,2,2,6,8.61999999999999,107.76,,-2.1724999999999994,-2.030000000000001,,7.030996677977563,,116.38
2026-06-03 00:45:00+00:00,2026-06-03 02:45:00+02:00,2026-06-03,2,45,3,2,6,12.11,103.25,,-2.989999999999995,-3.2299999999999898,,7.483352513091069,,115.36
2026-06-03 01:00:00+00:00,2026-06-03 03:00:00+02:00,2026-06-03,3,0,0,2,6,9.11,105.23,,-2.3400000000000034,-2.980000000000004,,7.632185067272952,,114.34
2026-06-03 01:15:00+00:00,2026-06-03 03:15:00+02:00,2026-06-03,3,15,1,2,6,8.790000000000006,104.3,,-0.42249999999999943,-3.030000000000001,,6.978499791549314,,113.09
2026-06-03 01:30:00+00:00,2026-06-03 03:30:00+02:00,2026-06-03,3,30,2,2,6,5.47999999999999,106.73,,-2.2325000000000017,-1.0900000000000034,,6.469408145897941,,112.21
2026-06-03 01:45:00+00:00,2026-06-03 03:45:00+02:00,2026-06-03,3,45,3,2,6,5.3799999999999955,108.34,,-0.25,-1.5100000000000051,,5.986362340014521,,113.72
2026-06-03 02:00:00+00:00,2026-06-03 04:00:00+02:00,2026-06-03,4,0,0,2,6,7.759999999999991,105.01,,-1.6375000000000028,-4.3799999999999955,,8.093993838874265,,112.77
2026-06-03 02:15:00+00:00,2026-06-03 04:15:00+02:00,2026-06-03,4,15,1,2,6,9.819999999999993,106.42,,0.8524999999999991,-0.20000000000000284,,6.600172200550929,,116.24
2026-06-03 02:30:00+00:00,2026-06-03 04:30:00+02:00,2026-06-03,4,30,2,2,6,14.539999999999992,107.68,,-0.985000000000003,0.09999999999999432,,6.571052402038684,,122.22
2026-06-03 02:45:00+00:00,2026-06-03 04:45:00+02:00,2026-06-03,4,45,3,2,6,12.629999999999995,108.14,,-1.1524999999999963,-0.01999999999999602,,5.109019873314635,,120.77
2026-06-03 03:00:00+00:00,2026-06-03 05:00:00+02:00,2026-06-03,5,0,0,2,6,7.459999999999994,108.29,,-0.2750000000000057,-2.3400000000000034,,5.586328730151489,,115.75
2026-06-03 03:15:00+00:00,2026-06-03 05:15:00+02:00,2026-06-03,5,15,1,2,6,11.149999999999991,109.84,,0.4350000000000023,0.1700000000000017,,6.824010132298175,,120.99
2026-06-03 03:30:00+00:00,2026-06-03 05:30:00+02:00,2026-06-03,5,30,2,2,6,9.040000000000006,113.69,,0.3525000000000027,-0.75,,8.319881160658738,,122.73
2026-06-03 03:45:00+00:00,2026-06-03 05:45:00+02:00,2026-06-03,5,45,3,2,6,5.090000000000003,121.28,,0.6224999999999952,0.19999999999998863,,10.476126496641472,,126.37
2026-06-03 04:00:00+00:00,2026-06-03 06:00:00+02:00,2026-06-03,6,0,0,2,6,4.930000000000007,127.34,,-2.1800000000000033,-1.230000000000004,,12.590889694404744,,132.27
2026-06-03 04:15:00+00:00,2026-06-03 06:15:00+02:00,2026-06-03,6,15,1,2,6,7.650000000000006,131.5,,-8.274999999999995,-8.530000000000001,,15.260225917557765,,139.15
2026-06-03 04:30:00+00:00,2026-06-03 06:30:00+02:00,2026-06-03,6,30,2,2,6,6.680000000000007,132.23,,-2.1224999999999987,-0.5999999999999943,,16.197182973088843,,138.91
2026-06-03 04:45:00+00:00,2026-06-03 06:45:00+02:00,2026-06-03,6,45,3,2,6,2.75,136.28,,-6.255000000000003,-15.460000000000008,,19.272356334431063,,139.03
2026-06-03 05:00:00+00:00,2026-06-03 07:00:00+02:00,2026-06-03,7,0,0,2,6,14.560000000000002,137.94,,-1.9125000000000014,-6.180000000000007,,18.44323223799425,,152.5
2026-06-03 05:15:00+00:00,2026-06-03 07:15:00+02:00,2026-06-03,7,15,1,2,6,9.01000000000002,135.01,,-2.890000000000004,-5.439999999999998,,20.314301463649777,,144.02
2026-06-03 05:30:00+00:00,2026-06-03 07:30:00+02:00,2026-06-03,7,30,2,2,6,3.1699999999999875,134.02,,-6.174999999999997,-2.2299999999999898,,25.793561723298634,,137.19
2026-06-03 05:45:00+00:00,2026-06-03 07:45:00+02:00,2026-06-03,7,45,3,2,6,3.0600000000000023,126.0,,-3.3049999999999926,-2.280000000000001,,25.586260961696304,,129.06
2026-06-03 06:00:00+00:00,2026-06-03 08:00:00+02:00,2026-06-03,8,0,0,2,6,14.02000000000001,140.0,,-4.842500000000005,-6.570000000000022,,34.77477146179062,,154.02
2026-06-03 06:15:00+00:00,2026-06-03 08:15:00+02:00,2026-06-03,8,15,1,2,6,10.990000000000009,127.0,,-3.149999999999995,-7.579999999999984,,28.331420991271415,,137.99
2026-06-03 06:30:00+00:00,2026-06-03 08:30:00+02:00,2026-06-03,8,30,2,2,6,12.800000000000011,119.0,,-2.5450000000000017,-8.0,,35.006083372422424,,131.8
2026-06-03 06:45:00+00:00,2026-06-03 08:45:00+02:00,2026-06-03,8,45,3,2,6,6.099999999999994,113.31,,0.8949999999999942,-0.06999999999999318,,35.39672254648755,,119.41
2026-06-03 07:00:00+00:00,2026-06-03 09:00:00+02:00,2026-06-03,9,0,0,2,6,-10.250000000000014,133.27,,-5.197500000000002,0.04999999999999716,,48.15094529100685,,123.02
2026-06-03 07:15:00+00:00,2026-06-03 09:15:00+02:00,2026-06-03,9,15,1,2,6,8.760000000000005,108.8,,-2.4249999999999936,-14.280000000000001,,43.88437199612739,,117.56
2026-06-03 07:30:00+00:00,2026-06-03 09:30:00+02:00,2026-06-03,9,30,2,2,6,4.920000000000002,106.27,,4.407499999999997,-1.5300000000000011,,43.83900882838136,,111.19
2026-06-03 07:45:00+00:00,2026-06-03 09:45:00+02:00,2026-06-03,9,45,3,2,6,4.740000000000009,92.16,,-3.2450000000000014,-3.200000000000003,,41.735771076650956,,96.9
2026-06-03 08:00:00+00:00,2026-06-03 10:00:00+02:00,2026-06-03,10,0,0,2,6,3.8100000000000023,103.2,,-1.842500000000003,3.0799999999999983,,41.84277957721366,,107.01
2026-06-03 08:15:00+00:00,2026-06-03 10:15:00+02:00,2026-06-03,10,15,1,2,6,-5.030000000000001,94.48,,0.7775000000000025,-1.2299999999999898,,41.89849175076622,,89.45
2026-06-03 08:30:00+00:00,2026-06-03 10:30:00+02:00,2026-06-03,10,30,2,2,6,16.0,73.0,,-1.5325000000000037,-6.190000000000012,,40.28412430324287,,89.0
2026-06-03 08:45:00+00:00,2026-06-03 10:45:00+02:00,2026-06-03,10,45,3,2,6,20.650000000000006,65.11,,-0.8450000000000017,-5.099999999999994,,43.04201086671649,,85.76
2026-06-03 09:00:00+00:00,2026-06-03 11:00:00+02:00,2026-06-03,11,0,0,2,6,-5.930000000000007,89.95,,-2.5575,-4.029999999999987,,40.64971283842145,,84.02
2026-06-03 09:15:00+00:00,2026-06-03 11:15:00+02:00,2026-06-03,11,15,1,2,6,25.22,57.14,,-3.865000000000005,-13.75,,59.40520656502208,,82.36
2026-06-03 09:30:00+00:00,2026-06-03 11:30:00+02:00,2026-06-03,11,30,2,2,6,46.61,42.56,,3.2775,-4.75,,35.14482582710503,,89.17
2026-06-03 09:45:00+00:00,2026-06-03 11:45:00+02:00,2026-06-03,11,45,3,2,6,39.50999999999999,27.98,,5.544999999999998,-4.510000000000005,,49.890190561729675,,67.49
2026-06-03 10:00:00+00:00,2026-06-03 12:00:00+02:00,2026-06-03,12,0,0,2,6,42.650000000000006,33.44,,-7.287500000000001,-15.11,,39.54523266303547,,76.09
2026-06-03 10:15:00+00:00,2026-06-03 12:15:00+02:00,2026-06-03,12,15,1,2,6,34.07,27.25,,-1.3425000000000045,-10.420000000000002,,39.28799174117894,,61.32
2026-06-03 10:30:00+00:00,2026-06-03 12:30:00+02:00,2026-06-03,12,30,2,2,6,-1.759999999999998,52.37,,0.6650000000000085,-8.259999999999991,,41.410273132147616,,50.61
2026-06-03 10:45:00+00:00,2026-06-03 12:45:00+02:00,2026-06-03,12,45,3,2,6,21.959999999999997,18.7,,3.932499999999999,0.8999999999999915,,38.70517009080643,,40.66
2026-06-03 11:00:00+00:00,2026-06-03 13:00:00+02:00,2026-06-03,13,0,0,2,6,1.769999999999996,50.09,,-0.04500000000000959,-4.060000000000002,,41.60097835388006,,51.86
2026-06-03 11:15:00+00:00,2026-06-03 13:15:00+02:00,2026-06-03,13,15,1,2,6,5.350000000000001,40.0,,0.13500000000001133,-5.589999999999989,,48.50054743658417,,45.35
2026-06-03 11:30:00+00:00,2026-06-03 13:30:00+02:00,2026-06-03,13,30,2,2,6,0.0899999999999963,35.35,,-2.2575000000000145,-4.36999999999999,,45.088948287715496,,35.44
2026-06-03 11:45:00+00:00,2026-06-03 13:45:00+02:00,2026-06-03,13,45,3,2,6,7.670000000000002,15.0,,7.325000000000003,-3.259999999999991,,41.6842279182768,,22.67
2026-06-03 12:00:00+00:00,2026-06-03 14:00:00+02:00,2026-06-03,14,0,0,2,6,-1.4499999999999993,29.21,,9.325000000000001,-4.829999999999998,,71.62108901544372,,27.76
2026-06-03 12:15:00+00:00,2026-06-03 14:15:00+02:00,2026-06-03,14,15,1,2,6,-3.020000000000003,36.06,,0.8899999999999979,-5.329999999999998,,42.33034871729062,,33.04
2026-06-03 12:30:00+00:00,2026-06-03 14:30:00+02:00,2026-06-03,14,30,2,2,6,-5.350000000000001,37.88,,6.954999999999998,-6.980000000000004,,40.497260231571985,,32.53
2026-06-03 12:45:00+00:00,2026-06-03 14:45:00+02:00,2026-06-03,14,45,3,2,6,-12.71,49.02,,5.877499999999991,-0.5100000000000051,,38.155131695818824,,36.31
2026-06-03 13:00:00+00:00,2026-06-03 15:00:00+02:00,2026-06-03,15,0,0,2,6,-28.59,29.38,,4.574999999999994,-6.549999999999997,,46.88911338302443,,0.79
2026-06-03 13:15:00+00:00,2026-06-03 15:15:00+02:00,2026-06-03,15,15,1,2,6,-25.810000000000002,44.81,,0.560000000000009,-2.4599999999999937,,50.898182333312484,,19.0
2026-06-03 13:30:00+00:00,2026-06-03 15:30:00+02:00,2026-06-03,15,30,2,2,6,-17.98,48.75,,0.6375000000000024,-2.519999999999996,,48.44856316267194,,30.77
2026-06-03 13:45:00+00:00,2026-06-03 15:45:00+02:00,2026-06-03,15,45,3,2,6,-36.3,65.46,,0.02000000000000135,2.5400000000000063,,41.27750708568498,,29.16
2026-06-03 14:00:00+00:00,2026-06-03 16:00:00+02:00,2026-06-03,16,0,0,2,6,-6.849999999999994,39.19,,1.3175000000000012,-15.819999999999993,,40.3749922600599,,32.34
2026-06-03 14:15:00+00:00,2026-06-03 16:15:00+02:00,2026-06-03,16,15,1,2,6,-10.659999999999997,54.55,,1.4174999999999975,-7.510000000000005,,39.945683623012584,,43.89
2026-06-03 14:30:00+00:00,2026-06-03 16:30:00+02:00,2026-06-03,16,30,2,2,6,-28.97,84.14,,-2.922499999999997,-2.969999999999999,,44.159118537397504,,55.17
2026-06-03 14:45:00+00:00,2026-06-03 16:45:00+02:00,2026-06-03,16,45,3,2,6,-16.290000000000006,107.76,,10.715,-0.5499999999999972,,52.71336872471365,,91.47
2026-06-03 15:00:00+00:00,2026-06-03 17:00:00+02:00,2026-06-03,17,0,0,2,6,2.1599999999999966,67.87,,-1.2625000000000175,-5.280000000000001,,42.03971910488479,,70.03
2026-06-03 15:15:00+00:00,2026-06-03 17:15:00+02:00,2026-06-03,17,15,1,2,6,-15.22999999999999,95.07,,-4.299999999999999,2.760000000000005,,42.801141404110375,,79.84
2026-06-03 15:30:00+00:00,2026-06-03 17:30:00+02:00,2026-06-03,17,30,2,2,6,-16.35000000000001,106.37,,-2.877500000000005,-1.420000000000016,,42.527246398795086,,90.02
2026-06-03 15:45:00+00:00,2026-06-03 17:45:00+02:00,2026-06-03,17,45,3,2,6,-7.219999999999999,117.41,,-3.502499999999994,-7.119999999999976,,41.69854922108165,,110.19
2026-06-03 16:00:00+00:00,2026-06-03 18:00:00+02:00,2026-06-03,18,0,0,2,6,3.799999999999997,103.26,,1.380000000000006,-5.75,,31.24683601565133,,107.06
2026-06-03 16:15:00+00:00,2026-06-03 18:15:00+02:00,2026-06-03,18,15,1,2,6,-6.47999999999999,124.99,,-5.547500000000003,1.5,,19.274884415496143,,118.51
2026-06-03 16:30:00+00:00,2026-06-03 18:30:00+02:00,2026-06-03,18,30,2,2,6,-8.5,130.81,,-2.499999999999986,3.280000000000001,,14.335281708021455,,122.31
2026-06-03 16:45:00+00:00,2026-06-03 18:45:00+02:00,2026-06-03,18,45,3,2,6,-10.02000000000001,150.9,,-10.172500000000017,-7.050000000000011,,15.659169837510204,,140.88
2026-06-03 17:00:00+00:00,2026-06-03 19:00:00+02:00,2026-06-03,19,0,0,2,6,-9.809999999999988,132.76,,-16.267500000000002,-2.219999999999999,,22.459883027398885,,122.95
2026-06-03 17:15:00+00:00,2026-06-03 19:15:00+02:00,2026-06-03,19,15,1,2,6,-9.009999999999991,146.82,,-16.610000000000003,-6.969999999999999,,25.167967343824724,,137.81
2026-06-03 17:30:00+00:00,2026-06-03 19:30:00+02:00,2026-06-03,19,30,2,2,6,3.0999999999999943,141.58,,-15.480000000000011,-8.689999999999998,,26.661727281787275,,144.68
2026-06-03 17:45:00+00:00,2026-06-03 19:45:00+02:00,2026-06-03,19,45,3,2,6,-10.009999999999991,175.0,,-13.082500000000003,-38.91999999999999,,55.59906535304253,,164.99
2026-06-03 18:00:00+00:00,2026-06-03 20:00:00+02:00,2026-06-03,20,0,0,2,6,-6.670000000000016,152.9,,-15.745000000000019,-5.8700000000000045,,45.243863945570496,,146.23
2026-06-03 18:15:00+00:00,2026-06-03 20:15:00+02:00,2026-06-03,20,15,1,2,6,-7.810000000000002,154.91,,-13.372499999999981,-21.359999999999985,,58.82123736232703,,147.1
2026-06-03 18:30:00+00:00,2026-06-03 20:30:00+02:00,2026-06-03,20,30,2,2,6,6.110000000000014,145.29,,-12.532499999999992,-5.349999999999994,,94.54102217067964,,151.4
2026-06-03 18:45:00+00:00,2026-06-03 20:45:00+02:00,2026-06-03,20,45,3,2,6,-14.189999999999998,162.09,,-36.33999999999998,-37.84,,81.85959205242226,,147.9
2026-06-03 19:00:00+00:00,2026-06-03 21:00:00+02:00,2026-06-03,21,0,0,2,6,-8.990000000000009,160.52,,5.907500000000006,-19.47999999999999,,48.11467270667357,,151.53
2026-06-03 19:15:00+00:00,2026-06-03 21:15:00+02:00,2026-06-03,21,15,1,2,6,-6.1699999999999875,150.01,,-25.077499999999993,-15.629999999999995,,64.13386212352333,,143.84
2026-06-03 19:30:00+00:00,2026-06-03 21:30:00+02:00,2026-06-03,21,30,2,2,6,-8.75,143.11,,-13.517500000000013,-24.180000000000007,,58.90159909861201,,134.36
2026-06-03 19:45:00+00:00,2026-06-03 21:45:00+02:00,2026-06-03,21,45,3,2,6,-16.799999999999997,132.75,,-50.235,-21.939999999999998,,66.41661812518586,,115.95
2026-06-03 20:00:00+00:00,2026-06-03 22:00:00+02:00,2026-06-03,22,0,0,2,6,-3.6200000000000045,139.12,,1.1749999999999972,-18.07000000000002,,25.943908260402388,,135.5
2026-06-03 20:15:00+00:00,2026-06-03 22:15:00+02:00,2026-06-03,22,15,1,2,6,-1.6200000000000045,127.45,,-11.895000000000003,-8.689999999999998,,31.662433663483327,,125.83
2026-06-03 20:30:00+00:00,2026-06-03 22:30:00+02:00,2026-06-03,22,30,2,2,6,-26.689999999999998,117.73,,-3.1424999999999983,-6.449999999999989,,15.712964077788184,,91.04
2026-06-03 20:45:00+00:00,2026-06-03 22:45:00+02:00,2026-06-03,22,45,3,2,6,-15.700000000000003,111.2,,-22.13000000000001,2.280000000000001,,29.851233044644776,,95.5
2026-06-03 21:00:00+00:00,2026-06-03 23:00:00+02:00,2026-06-03,23,0,0,2,6,-29.28,115.97,,1.5224999999999937,-4.159999999999997,,9.136592290417026,,86.69
2026-06-03 21:15:00+00:00,2026-06-03 23:15:00+02:00,2026-06-03,23,15,1,2,6,0.7000000000000028,108.8,,0.8900000000000006,1.1599999999999966,,14.041353308967777,,109.5
2026-06-03 21:30:00+00:00,2026-06-03 23:30:00+02:00,2026-06-03,23,30,2,2,6,8.329999999999998,100.3,,-2.3625000000000007,-9.209999999999994,,14.074578829605143,,108.63
2026-06-03 21:45:00+00:00,2026-06-03 23:45:00+02:00,2026-06-03,23,45,3,2,6,10.370000000000005,82.41,,-0.7575000000000038,-0.14000000000000057,,9.775326643594855,,92.78
2026-06-03 22:00:00+00:00,2026-06-04 00:00:00+02:00,2026-06-04,0,0,0,3,6,-20.099999999999994,100.55,,-4.885999999999998,4.200000000000003,,10.806774838848776,,80.45
2026-06-03 22:15:00+00:00,2026-06-04 00:15:00+02:00,2026-06-04,0,15,1,3,6,-21.689999999999998,90.2,,0.21200000000000047,8.0,,8.421462670848568,,68.51
2026-06-03 22:30:00+00:00,2026-06-04 00:30:00+02:00,2026-06-04,0,30,2,3,6,-26.769999999999996,84.99,,0.007999999999995566,7.329999999999998,,6.818233956510706,,58.22
2026-06-03 22:45:00+00:00,2026-06-04 00:45:00+02:00,2026-06-04,0,45,3,3,6,-39.169999999999995,79.99,,-0.5879999999999953,13.560000000000002,,6.789031716553342,,40.82
2026-06-03 23:00:00+00:00,2026-06-04 01:00:00+02:00,2026-06-04,1,0,0,3,6,-17.039999999999992,80.46,,0.6359999999999957,5.989999999999995,,9.821456579380815,,63.42
2026-06-03 23:15:00+00:00,2026-06-04 01:15:00+02:00,2026-06-04,1,15,1,3,6,-21.480000000000004,79.81,,2.380000000000004,10.680000000000007,,5.879817641264576,,58.33
2026-06-03 23:30:00+00:00,2026-06-04 01:30:00+02:00,2026-06-04,1,30,2,3,6,-30.22,73.25,,-0.567999999999995,8.040000000000006,,5.948908340154972,,43.03
2026-06-03 23:45:00+00:00,2026-06-04 01:45:00+02:00,2026-06-04,1,45,3,3,6,-31.07,69.09,,-2.8220000000000027,7.61999999999999,,7.496729140246269,,38.02
2026-06-04 00:00:00+00:00,2026-06-04 02:00:00+02:00,2026-06-04,2,0,0,3,6,-27.96999999999999,69.99,,2.8740000000000037,13.689999999999998,,8.737412798855065,,42.02
2026-06-04 00:15:00+00:00,2026-06-04 02:15:00+02:00,2026-06-04,2,15,1,3,6,-25.21,68.7,,1.225999999999999,9.879999999999995,,7.674172074757167,,43.49
2026-06-04 00:30:00+00:00,2026-06-04 02:30:00+02:00,2026-06-04,2,30,2,3,6,-25.549999999999997,63.57,,-0.014000000000001478,8.61999999999999,,7.306673451242646,,38.02
2026-06-04 00:45:00+00:00,2026-06-04 02:45:00+02:00,2026-06-04,2,45,3,3,6,-32.72,65.83,,0.03000000000000398,12.11,,7.444272412953692,,33.11
2026-06-04 01:00:00+00:00,2026-06-04 03:00:00+02:00,2026-06-04,3,0,0,3,6,-26.930000000000007,66.4,,-0.05000000000000284,9.11,,7.214062884166496,,39.47
2026-06-04 01:15:00+00:00,2026-06-04 03:15:00+02:00,2026-06-04,3,15,1,3,6,-28.990000000000002,65.0,,1.4200000000000017,8.790000000000006,,6.686248640240309,,36.01
2026-06-04 01:30:00+00:00,2026-06-04 03:30:00+02:00,2026-06-04,3,30,2,3,6,-31.96,66.98,,-0.6900000000000034,5.47999999999999,,6.998104138867223,,35.02
2026-06-04 01:45:00+00:00,2026-06-04 03:45:00+02:00,2026-06-04,3,45,3,3,6,-33.36,68.69,,0.8759999999999991,5.3799999999999955,,5.967456109398082,,35.33
2026-06-04 02:00:00+00:00,2026-06-04 04:00:00+02:00,2026-06-04,4,0,0,3,6,-29.479999999999997,66.49,,0.2419999999999959,7.759999999999991,,6.9377257017041485,,37.01
2026-06-04 02:15:00+00:00,2026-06-04 04:15:00+02:00,2026-06-04,4,15,1,3,6,-31.190000000000005,66.2,,2.645999999999998,9.819999999999993,,7.066413361968006,,35.01
2026-06-04 02:30:00+00:00,2026-06-04 04:30:00+02:00,2026-06-04,4,30,2,3,6,-32.77,66.17,,2.119999999999996,14.539999999999992,,7.2132408774456245,,33.4
2026-06-04 02:45:00+00:00,2026-06-04 04:45:00+02:00,2026-06-04,4,45,3,3,6,-31.990000000000002,70.0,,1.604000000000002,12.629999999999995,,6.005659647548104,,38.01
2026-06-04 03:00:00+00:00,2026-06-04 05:00:00+02:00,2026-06-04,5,0,0,3,6,-37.690000000000005,64.12,,1.2719999999999942,7.459999999999994,,6.2033755876390355,,26.43
2026-06-04 03:15:00+00:00,2026-06-04 05:15:00+02:00,2026-06-04,5,15,1,3,6,-40.36,68.59,,2.5780000000000003,11.149999999999991,,7.548817387911691,,28.23
2026-06-04 03:30:00+00:00,2026-06-04 05:30:00+02:00,2026-06-04,5,30,2,3,6,-44.24999999999999,73.07,,2.0900000000000034,9.040000000000006,,8.917078440391755,,28.82
2026-06-04 03:45:00+00:00,2026-06-04 05:45:00+02:00,2026-06-04,5,45,3,3,6,-38.99,72.0,,1.515999999999997,5.090000000000003,,10.746276968388896,,33.01
2026-06-04 04:00:00+00:00,2026-06-04 06:00:00+02:00,2026-06-04,6,0,0,3,6,-36.86,80.0,,-0.7580000000000012,4.930000000000007,,12.611488483054096,,43.14
2026-06-04 04:15:00+00:00,2026-06-04 06:15:00+02:00,2026-06-04,6,15,1,3,6,-35.95,85.09,,-5.0899999999999945,7.650000000000006,,15.060004907109231,,49.14
2026-06-04 04:30:00+00:00,2026-06-04 06:30:00+02:00,2026-06-04,6,30,2,3,6,-23.339999999999996,74.77,,-0.3619999999999976,6.680000000000007,,16.140374891815085,,51.43
2026-06-04 04:45:00+00:00,2026-06-04 06:45:00+02:00,2026-06-04,6,45,3,3,6,-36.18,88.47,,-4.454000000000002,2.75,,19.31758910684937,,52.29
2026-06-04 05:00:00+00:00,2026-06-04 07:00:00+02:00,2026-06-04,7,0,0,3,6,-16.099999999999994,89.02,,1.3819999999999992,14.560000000000002,,18.448389741815113,,72.92
2026-06-04 05:15:00+00:00,2026-06-04 07:15:00+02:00,2026-06-04,7,15,1,3,6,-11.260000000000005,79.26,,-0.5099999999999995,9.01000000000002,,20.35508696578364,,68.0
2026-06-04 05:30:00+00:00,2026-06-04 07:30:00+02:00,2026-06-04,7,30,2,3,6,-14.060000000000002,76.4,,-4.306,3.1699999999999875,,25.832830387399788,,62.34
2026-06-04 05:45:00+00:00,2026-06-04 07:45:00+02:00,2026-06-04,7,45,3,3,6,-23.400000000000006,78.73,,-2.031999999999994,3.0600000000000023,,25.587995210667117,,55.33
2026-06-04 06:00:00+00:00,2026-06-04 08:00:00+02:00,2026-06-04,8,0,0,3,6,-22.38000000000001,102.37,,-1.0700000000000016,14.02000000000001,,34.857874392206476,,79.99
2026-06-04 06:15:00+00:00,2026-06-04 08:15:00+02:00,2026-06-04,8,15,1,3,6,-6.320000000000007,70.01,,-0.3219999999999942,10.990000000000009,,28.3553866813026,,63.69
2026-06-04 06:30:00+00:00,2026-06-04 08:30:00+02:00,2026-06-04,8,30,2,3,6,-5.900000000000006,60.27,,0.5240000000000009,12.800000000000011,,35.04861117155731,,54.37
2026-06-04 06:45:00+00:00,2026-06-04 08:45:00+02:00,2026-06-04,8,45,3,3,6,-19.64,45.82,,1.9359999999999942,6.099999999999994,,35.687832175472195,,26.18
2026-06-04 07:00:00+00:00,2026-06-04 09:00:00+02:00,2026-06-04,9,0,0,3,6,0.25,49.99,,-6.208000000000004,-10.250000000000014,,48.85445545834914,,50.24
2026-06-04 07:15:00+00:00,2026-06-04 09:15:00+02:00,2026-06-04,9,15,1,3,6,-13.040000000000003,34.99,,-0.18799999999999387,8.760000000000005,,44.03600457467825,,21.95
2026-06-04 07:30:00+00:00,2026-06-04 09:30:00+02:00,2026-06-04,9,30,2,3,6,-12.809999999999999,20.54,,4.509999999999998,4.920000000000002,,43.68332342044157,,7.73
2026-06-04 07:45:00+00:00,2026-06-04 09:45:00+02:00,2026-06-04,9,45,3,3,6,-8.92,9.76,,-1.6479999999999992,4.740000000000009,,41.22446662967364,,0.84
2026-06-04 08:00:00+00:00,2026-06-04 10:00:00+02:00,2026-06-04,10,0,0,3,6,-1.17,14.14,,-0.7120000000000019,3.8100000000000023,,42.51354333660043,,12.97
2026-06-04 08:15:00+00:00,2026-06-04 10:15:00+02:00,2026-06-04,10,15,1,3,6,-5.02,5.0,,-0.38399999999999823,-5.030000000000001,,42.14891994757715,,-0.02
2026-06-04 08:30:00+00:00,2026-06-04 10:30:00+02:00,2026-06-04,10,30,2,3,6,-6.02,0.02,,1.973999999999997,16.0,,39.723420306906135,,-6.0
2026-06-04 08:45:00+00:00,2026-06-04 10:45:00+02:00,2026-06-04,10,45,3,3,6,-9.97,0.0,,3.4539999999999997,20.650000000000006,,43.04980857253443,,-9.97
2026-06-04 09:00:00+00:00,2026-06-04 11:00:00+02:00,2026-06-04,11,0,0,3,6,-4.76,4.26,,-3.2320000000000015,-5.930000000000007,,40.84881423891331,,-0.5
2026-06-04 09:15:00+00:00,2026-06-04 11:15:00+02:00,2026-06-04,11,15,1,3,6,-7.75,1.75,,1.9519999999999957,25.22,,58.22363832105165,,-6.0
2026-06-04 09:30:00+00:00,2026-06-04 11:30:00+02:00,2026-06-04,11,30,2,3,6,-5.18,0.46,,11.943999999999999,46.61,,33.57785893991719,,-4.72
2026-06-04 09:45:00+00:00,2026-06-04 11:45:00+02:00,2026-06-04,11,45,3,3,6,2.3299999999999996,-0.01,,12.337999999999997,39.50999999999999,,47.984533640344004,,2.32
2026-06-04 10:00:00+00:00,2026-06-04 12:00:00+02:00,2026-06-04,12,0,0,3,6,-5.6,5.6,,2.7,42.650000000000006,,37.57919450095544,,0.0
2026-06-04 10:15:00+00:00,2026-06-04 12:15:00+02:00,2026-06-04,12,15,1,3,6,1.81,-1.82,,5.739999999999997,34.07,,37.97897244268461,,-0.01
2026-06-04 10:30:00+00:00,2026-06-04 12:30:00+02:00,2026-06-04,12,30,2,3,6,-2.5,2.5,,0.18000000000000718,-1.759999999999998,,40.83708073781424,,0.0
2026-06-04 10:45:00+00:00,2026-06-04 12:45:00+02:00,2026-06-04,12,45,3,3,6,8.39,-3.4,,7.537999999999999,21.959999999999997,,36.5847379230891,,4.99
2026-06-04 11:00:00+00:00,2026-06-04 13:00:00+02:00,2026-06-04,13,0,0,3,6,4.6,0.4,,0.3179999999999915,1.769999999999996,,40.730789309835316,,5.0
2026-06-04 11:15:00+00:00,2026-06-04 13:15:00+02:00,2026-06-04,13,15,1,3,6,3.1199999999999997,-0.05,,1.1780000000000093,5.350000000000001,,47.92451705145692,,3.07
2026-06-04 11:30:00+00:00,2026-06-04 13:30:00+02:00,2026-06-04,13,30,2,3,6,1.49,0.5,,-1.7880000000000122,0.0899999999999963,,44.70540243799212,,1.99
2026-06-04 11:45:00+00:00,2026-06-04 13:45:00+02:00,2026-06-04,13,45,3,3,6,5.0200000000000005,-0.08,,7.394000000000003,7.670000000000002,,40.040498433900076,,4.94
2026-06-04 12:00:00+00:00,2026-06-04 14:00:00+02:00,2026-06-04,14,0,0,3,6,8.96,-5.01,,7.170000000000002,-1.4499999999999993,,71.70645367678539,,3.95
2026-06-04 12:15:00+00:00,2026-06-04 14:15:00+02:00,2026-06-04,14,15,1,3,6,3.01,-0.01,,0.1079999999999977,-3.020000000000003,,42.63620687002646,,3.0
2026-06-04 12:30:00+00:00,2026-06-04 14:30:00+02:00,2026-06-04,14,30,2,3,6,6.41,-0.04,,4.493999999999998,-5.350000000000001,,40.62551125629178,,6.37
2026-06-04 12:45:00+00:00,2026-06-04 14:45:00+02:00,2026-06-04,14,45,3,3,6,4.0,-0.01,,2.159999999999992,-12.71,,38.77064229344359,,3.99
2026-06-04 13:00:00+00:00,2026-06-04 15:00:00+02:00,2026-06-04,15,0,0,3,6,7.890000000000001,-3.89,,-2.0580000000000056,-28.59,,46.790197885153624,,4.0
2026-06-04 13:15:00+00:00,2026-06-04 15:15:00+02:00,2026-06-04,15,15,1,3,6,3.99,0.0,,-4.713999999999993,-25.810000000000002,,51.20424407740456,,3.99
2026-06-04 13:30:00+00:00,2026-06-04 15:30:00+02:00,2026-06-04,15,30,2,3,6,-5.370000000000001,11.8,,-3.085999999999998,-17.98,,48.44358386960865,,6.43
2026-06-04 13:45:00+00:00,2026-06-04 15:45:00+02:00,2026-06-04,15,45,3,3,6,3.0599999999999996,6.45,,-7.243999999999998,-36.3,,41.423009246733,,9.51
2026-06-04 14:00:00+00:00,2026-06-04 16:00:00+02:00,2026-06-04,16,0,0,3,6,4.090000000000001,6.3,,-0.3159999999999979,-6.849999999999994,,39.80471202571933,,10.39
2026-06-04 14:15:00+00:00,2026-06-04 16:15:00+02:00,2026-06-04,16,15,1,3,6,2.639999999999999,14.67,,-0.9980000000000013,-10.659999999999997,,39.90600040259351,,17.31
2026-06-04 14:30:00+00:00,2026-06-04 16:30:00+02:00,2026-06-04,16,30,2,3,6,-0.7299999999999969,34.98,,-8.131999999999998,-28.97,,44.12286736744563,,34.25
2026-06-04 14:45:00+00:00,2026-06-04 16:45:00+02:00,2026-06-04,16,45,3,3,6,25.900000000000002,24.99,,5.313999999999998,-16.290000000000006,,53.4100350491925,,50.89
2026-06-04 15:00:00+00:00,2026-06-04 17:00:00+02:00,2026-06-04,17,0,0,3,6,-16.01,37.06,,-0.5780000000000147,2.1599999999999966,,41.854536456375364,,21.05
2026-06-04 15:15:00+00:00,2026-06-04 17:15:00+02:00,2026-06-04,17,15,1,3,6,-33.97,62.0,,-6.485999999999997,-15.22999999999999,,43.15576843772678,,28.03
2026-06-04 15:30:00+00:00,2026-06-04 17:30:00+02:00,2026-06-04,17,30,2,3,6,-18.5,84.13,,-5.572000000000005,-16.35000000000001,,42.5127657169137,,65.63
2026-06-04 15:45:00+00:00,2026-06-04 17:45:00+02:00,2026-06-04,17,45,3,3,6,-11.25,98.73,,-4.245999999999995,-7.219999999999999,,41.70319264664504,,87.48
2026-06-04 16:00:00+00:00,2026-06-04 18:00:00+02:00,2026-06-04,18,0,0,3,6,-5.010000000000005,74.4,,1.8640000000000043,3.799999999999997,,31.16253974753145,,69.39
2026-06-04 16:15:00+00:00,2026-06-04 18:15:00+02:00,2026-06-04,18,15,1,3,6,-11.469999999999999,91.71,,-5.734,-6.47999999999999,,19.401868056089366,,80.24
2026-06-04 16:30:00+00:00,2026-06-04 18:30:00+02:00,2026-06-04,18,30,2,3,6,-9.25,102.14,,-3.6999999999999886,-8.5,,14.350328192440475,,92.89
2026-06-04 16:45:00+00:00,2026-06-04 18:45:00+02:00,2026-06-04,18,45,3,3,6,-13.190000000000012,117.29,,-10.142000000000015,-10.02000000000001,,15.633535664162046,,104.1
2026-06-04 17:00:00+00:00,2026-06-04 19:00:00+02:00,2026-06-04,19,0,0,3,6,-15.009999999999991,110.05,,-14.975999999999999,-9.809999999999988,,22.292188906964277,,95.04
2026-06-04 17:15:00+00:00,2026-06-04 19:15:00+02:00,2026-06-04,19,15,1,3,6,-9.310000000000002,110.54,,-15.09,-9.009999999999991,,25.060039652057313,,101.23
2026-06-04 17:30:00+00:00,2026-06-04 19:30:00+02:00,2026-06-04,19,30,2,3,6,-2.289999999999992,113.1,,-11.76400000000001,3.0999999999999943,,27.425590289860693,,110.81
2026-06-04 17:45:00+00:00,2026-06-04 19:45:00+02:00,2026-06-04,19,45,3,3,6,0.4399999999999977,117.72,,-12.468,-10.009999999999991,,55.15798058284992,,118.16
2026-06-04 18:00:00+00:00,2026-06-04 20:00:00+02:00,2026-06-04,20,0,0,3,6,-2.569999999999993,114.27,,-13.930000000000017,-6.670000000000016,,45.75759364110175,,111.7
2026-06-04 18:15:00+00:00,2026-06-04 20:15:00+02:00,2026-06-04,20,15,1,3,6,5.930000000000007,112.21,,-12.259999999999986,-7.810000000000002,,59.256030267618975,,118.14
2026-06-04 18:30:00+00:00,2026-06-04 20:30:00+02:00,2026-06-04,20,30,2,3,6,1.5900000000000034,117.0,,-8.803999999999991,6.110000000000014,,95.81777733149141,,118.59
2026-06-04 18:45:00+00:00,2026-06-04 20:45:00+02:00,2026-06-04,20,45,3,3,6,-2.6199999999999903,121.3,,-31.909999999999986,-14.189999999999998,,82.26007522379345,,118.68
2026-06-04 19:00:00+00:00,2026-06-04 21:00:00+02:00,2026-06-04,21,0,0,3,6,-0.060000000000002274,115.92,,2.928000000000003,-8.990000000000009,,48.48306930610569,,115.86
2026-06-04 19:15:00+00:00,2026-06-04 21:15:00+02:00,2026-06-04,21,15,1,3,6,-1.1999999999999886,114.35,,-21.295999999999992,-6.1699999999999875,,64.60952268805273,,113.15
2026-06-04 19:30:00+00:00,2026-06-04 21:30:00+02:00,2026-06-04,21,30,2,3,6,4.709999999999994,111.23,,-12.56400000000001,-8.75,,59.6536637416528,,115.94
2026-06-04 19:45:00+00:00,2026-06-04 21:45:00+02:00,2026-06-04,21,45,3,3,6,4.900000000000006,101.88,,-43.548,-16.799999999999997,,67.44364802811762,,106.78
2026-06-04 20:00:00+00:00,2026-06-04 22:00:00+02:00,2026-06-04,22,0,0,3,6,3.769999999999996,116.0,,0.2159999999999968,-3.6200000000000045,,27.306893586833283,,119.77
2026-06-04 20:15:00+00:00,2026-06-04 22:15:00+02:00,2026-06-04,22,15,1,3,6,7.030000000000001,108.9,,-9.840000000000003,-1.6200000000000045,,33.059583904097536,,115.93
2026-06-04 20:30:00+00:00,2026-06-04 22:30:00+02:00,2026-06-04,22,30,2,3,6,8.129999999999995,102.75,,-7.8519999999999985,-26.689999999999998,,18.504825877840705,,110.88
2026-06-04 20:45:00+00:00,2026-06-04 22:45:00+02:00,2026-06-04,22,45,3,3,6,4.509999999999991,97.56,,-20.84400000000001,-15.700000000000003,,31.57761079145605,,102.07
2026-06-04 21:00:00+00:00,2026-06-04 23:00:00+02:00,2026-06-04,23,0,0,3,6,5.359999999999999,95.0,,-4.638000000000005,-29.28,,12.720379080673402,,100.36
2026-06-04 21:15:00+00:00,2026-06-04 23:15:00+02:00,2026-06-04,23,15,1,3,6,8.459999999999994,91.54,,0.852000000000001,0.7000000000000028,,16.487797635801076,,100.0
2026-06-04 21:30:00+00:00,2026-06-04 23:30:00+02:00,2026-06-04,23,30,2,3,6,-9.070000000000007,99.31,,-0.22400000000000092,8.329999999999998,,17.12964309398978,,90.24
2026-06-04 21:45:00+00:00,2026-06-04 23:45:00+02:00,2026-06-04,23,45,3,3,6,-2.4599999999999937,90.21,,1.4679999999999978,10.370000000000005,,16.615964255252667,,87.75
2026-06-04 22:00:00+00:00,2026-06-05 00:00:00+02:00,2026-06-05,0,0,0,4,6,30.059999999999988,93.68,,-7.421666666666664,-20.099999999999994,,16.37033856141585,,123.74
2026-06-04 22:15:00+00:00,2026-06-05 00:15:00+02:00,2026-06-05,0,15,1,4,6,28.769999999999996,80.73,,-3.4383333333333326,-21.689999999999998,,15.404664984890664,,109.5
2026-06-04 22:30:00+00:00,2026-06-05 00:30:00+02:00,2026-06-05,0,30,2,4,6,26.760000000000005,78.88,,-4.455000000000003,-26.769999999999996,,14.828380069802241,,105.64
2026-06-04 22:45:00+00:00,2026-06-05 00:45:00+02:00,2026-06-05,0,45,3,4,6,23.150000000000006,74.99,,-7.018333333333328,-39.169999999999995,,14.958017659693724,,98.14
2026-06-04 23:00:00+00:00,2026-06-05 01:00:00+02:00,2026-06-05,1,0,0,4,6,24.209999999999994,82.11,,-2.3100000000000023,-17.039999999999992,,17.408305899360755,,106.32
2026-06-04 23:15:00+00:00,2026-06-05 01:15:00+02:00,2026-06-05,1,15,1,4,6,26.78,79.21,,-1.596666666666664,-21.480000000000004,,14.618800179267064,,105.99
2026-06-04 23:30:00+00:00,2026-06-05 01:30:00+02:00,2026-06-05,1,30,2,4,6,31.019999999999996,73.97,,-5.509999999999995,-30.22,,15.599267593401752,,104.99
2026-06-04 23:45:00+00:00,2026-06-05 01:45:00+02:00,2026-06-05,1,45,3,4,6,28.909999999999997,75.0,,-7.530000000000002,-31.07,,16.847153149146244,,103.91
2026-06-05 00:00:00+00:00,2026-06-05 02:00:00+02:00,2026-06-05,2,0,0,4,6,31.86999999999999,72.4,,-2.266666666666662,-27.96999999999999,,17.47964612260332,,104.27
2026-06-05 00:15:00+00:00,2026-06-05 02:15:00+02:00,2026-06-05,2,15,1,4,6,25.689999999999998,71.54,,-3.180000000000001,-25.21,,17.03678463705066,,97.23
2026-06-05 00:30:00+00:00,2026-06-05 02:30:00+02:00,2026-06-05,2,30,2,4,6,19.909999999999997,86.5,,-4.2700000000000005,-25.549999999999997,,18.31131530316388,,106.41
2026-06-05 00:45:00+00:00,2026-06-05 02:45:00+02:00,2026-06-05,2,45,3,4,6,15.230000000000004,91.39,,-5.42833333333333,-32.72,,17.033291319848704,,106.62
2026-06-05 01:00:00+00:00,2026-06-05 03:00:00+02:00,2026-06-05,3,0,0,4,6,33.739999999999995,72.2,,-4.530000000000004,-26.930000000000007,,16.743185853578698,,105.94
2026-06-05 01:15:00+00:00,2026-06-05 03:15:00+02:00,2026-06-05,3,15,1,4,6,27.92,75.0,,-3.648333333333332,-28.990000000000002,,16.646291538298165,,102.92
2026-06-05 01:30:00+00:00,2026-06-05 03:30:00+02:00,2026-06-05,3,30,2,4,6,22.14,82.8,,-5.90166666666667,-31.96,,16.605223211750538,,104.94
2026-06-05 01:45:00+00:00,2026-06-05 03:45:00+02:00,2026-06-05,3,45,3,4,6,31.39,76.81,,-4.830000000000001,-33.36,,15.386664145177555,,108.2
2026-06-05 02:00:00+00:00,2026-06-05 04:00:00+02:00,2026-06-05,4,0,0,4,6,24.349999999999994,80.9,,-4.71166666666667,-29.479999999999997,,16.23413980027715,,105.25
2026-06-05 02:15:00+00:00,2026-06-05 04:15:00+02:00,2026-06-05,4,15,1,4,6,19.17,86.8,,-2.993333333333336,-31.190000000000005,,16.761898971860514,,105.97
2026-06-05 02:30:00+00:00,2026-06-05 04:30:00+02:00,2026-06-05,4,30,2,4,6,18.179999999999993,91.81,,-3.695000000000004,-32.77,,17.24552314896031,,109.99
2026-06-05 02:45:00+00:00,2026-06-05 04:45:00+02:00,2026-06-05,4,45,3,4,6,14.440000000000012,99.82,,-3.9949999999999988,-31.990000000000002,,16.003529710248394,,114.26
2026-06-05 03:00:00+00:00,2026-06-05 05:00:00+02:00,2026-06-05,5,0,0,4,6,16.27000000000001,89.99,,-5.221666666666672,-37.690000000000005,,17.16310342655916,,106.26
2026-06-05 03:15:00+00:00,2026-06-05 05:15:00+02:00,2026-06-05,5,15,1,4,6,14.480000000000004,93.1,,-4.578333333333333,-40.36,,16.957009199413843,,107.58
2026-06-05 03:30:00+00:00,2026-06-05 05:30:00+02:00,2026-06-05,5,30,2,4,6,17.459999999999994,94.2,,-5.633333333333329,-44.24999999999999,,17.04775619278975,,111.66
2026-06-05 03:45:00+00:00,2026-06-05 05:45:00+02:00,2026-06-05,5,45,3,4,6,16.539999999999992,108.53,,-5.235000000000003,-38.99,,18.588449873007825,,125.07
2026-06-05 04:00:00+00:00,2026-06-05 06:00:00+02:00,2026-06-05,6,0,0,4,6,8.469999999999999,114.19,,-6.775000000000001,-36.86,,19.054473401103827,,122.66
2026-06-05 04:15:00+00:00,2026-06-05 06:15:00+02:00,2026-06-05,6,15,1,4,6,8.39,113.08,,-10.233333333333329,-35.95,,20.411937306765996,,121.47
2026-06-05 04:30:00+00:00,2026-06-05 06:30:00+02:00,2026-06-05,6,30,2,4,6,6.969999999999999,117.7,,-4.191666666666664,-23.339999999999996,,22.149756243542207,,124.67
2026-06-05 04:45:00+00:00,2026-06-05 06:45:00+02:00,2026-06-05,6,45,3,4,6,8.039999999999992,115.12,,-9.741666666666669,-36.18,,21.71791598485552,,123.16
2026-06-05 05:00:00+00:00,2026-06-05 07:00:00+02:00,2026-06-05,7,0,0,4,6,5.549999999999997,126.11,,-1.5316666666666663,-16.099999999999994,,22.926443835079436,,131.66
2026-06-05 05:15:00+00:00,2026-06-05 07:15:00+02:00,2026-06-05,7,15,1,4,6,1.8300000000000125,126.41,,-2.301666666666667,-11.260000000000005,,23.767170450198496,,128.24
2026-06-05 05:30:00+00:00,2026-06-05 07:30:00+02:00,2026-06-05,7,30,2,4,6,8.060000000000002,115.0,,-5.9316666666666675,-14.060000000000002,,28.141132628314434,,123.06
2026-06-05 05:45:00+00:00,2026-06-05 07:45:00+02:00,2026-06-05,7,45,3,4,6,2.9099999999999966,112.36,,-5.593333333333329,-23.400000000000006,,25.687180162978184,,115.27
2026-06-05 06:00:00+00:00,2026-06-05 08:00:00+02:00,2026-06-05,8,0,0,4,6,6.049999999999997,121.68,,-4.62166666666667,-22.38000000000001,,34.95128465308661,,127.73
2026-06-05 06:15:00+00:00,2026-06-05 08:15:00+02:00,2026-06-05,8,15,1,4,6,2.069999999999993,115.9,,-1.321666666666663,-6.320000000000007,,30.166525877477643,,117.97
2026-06-05 06:30:00+00:00,2026-06-05 08:30:00+02:00,2026-06-05,8,30,2,4,6,6.670000000000002,110.0,,-0.5466666666666669,-5.900000000000006,,35.42940595880039,,116.67
2026-06-05 06:45:00+00:00,2026-06-05 08:45:00+02:00,2026-06-05,8,45,3,4,6,10.939999999999998,95.0,,-1.6600000000000048,-19.64,,35.14259777778935,,105.94
2026-06-05 07:00:00+00:00,2026-06-05 09:00:00+02:00,2026-06-05,9,0,0,4,6,6.710000000000008,113.3,,-5.13166666666667,0.25,,49.32415383611059,,120.01
2026-06-05 07:15:00+00:00,2026-06-05 09:15:00+02:00,2026-06-05,9,15,1,4,6,12.010000000000005,99.99,,-2.329999999999995,-13.040000000000003,,43.465828696640536,,112.0
2026-06-05 07:30:00+00:00,2026-06-05 09:30:00+02:00,2026-06-05,9,30,2,4,6,12.540000000000006,85.0,,1.623333333333332,-12.809999999999999,,42.40649595169413,,97.54
2026-06-05 07:45:00+00:00,2026-06-05 09:45:00+02:00,2026-06-05,9,45,3,4,6,7.3799999999999955,73.53,,-2.8599999999999994,-8.92,,40.601189103194784,,80.91
2026-06-05 08:00:00+00:00,2026-06-05 10:00:00+02:00,2026-06-05,10,0,0,4,6,20.200000000000003,84.53,,-0.7883333333333349,-1.17,,42.16200416968376,,104.73
2026-06-05 08:15:00+00:00,2026-06-05 10:15:00+02:00,2026-06-05,10,15,1,4,6,23.97,65.0,,-1.1566666666666652,-5.02,,40.81969857505387,,88.97
2026-06-05 08:30:00+00:00,2026-06-05 10:30:00+02:00,2026-06-05,10,30,2,4,6,1.8500000000000085,75.66,,0.6416666666666643,-6.02,,38.274105160332304,,77.51
2026-06-05 08:45:00+00:00,2026-06-05 10:45:00+02:00,2026-06-05,10,45,3,4,6,1.2900000000000063,71.08,,1.2166666666666666,-9.97,,42.236193953412965,,72.37
2026-06-05 09:00:00+00:00,2026-06-05 11:00:00+02:00,2026-06-05,11,0,0,4,6,2.969999999999999,81.91,,-3.486666666666668,-4.76,,40.5879410243163,,84.88
2026-06-05 09:15:00+00:00,2026-06-05 11:15:00+02:00,2026-06-05,11,15,1,4,6,35.550000000000004,44.99,,0.3349999999999964,-7.75,,56.61024648059201,,80.54
2026-06-05 09:30:00+00:00,2026-06-05 11:30:00+02:00,2026-06-05,11,30,2,4,6,26.239999999999995,44.36,,9.09,-5.18,,32.39467168912379,,70.6
2026-06-05 09:45:00+00:00,2026-06-05 11:45:00+02:00,2026-06-05,11,45,3,4,6,30.569999999999993,35.0,,10.669999999999996,2.3299999999999996,,46.867118279494875,,65.57
2026-06-05 10:00:00+00:00,2026-06-05 12:00:00+02:00,2026-06-05,12,0,0,4,6,26.779999999999994,39.1,,1.3166666666666667,-5.6,,37.24997694519504,,65.88
2026-06-05 10:15:00+00:00,2026-06-05 12:15:00+02:00,2026-06-05,12,15,1,4,6,12.369999999999997,45.78,,5.084999999999996,1.81,,37.40442857367395,,58.15
2026-06-05 10:30:00+00:00,2026-06-05 12:30:00+02:00,2026-06-05,12,30,2,4,6,9.670000000000002,40.03,,-0.26666666666666067,-2.5,,40.44097664199254,,49.7
2026-06-05 10:45:00+00:00,2026-06-05 12:45:00+02:00,2026-06-05,12,45,3,4,6,17.200000000000003,26.5,,7.68,8.39,,36.631181277134054,,43.7
2026-06-05 11:00:00+00:00,2026-06-05 13:00:00+02:00,2026-06-05,13,0,0,4,6,16.58,27.0,,1.0316666666666594,4.6,,40.7701328139893,,43.58
2026-06-05 11:15:00+00:00,2026-06-05 13:15:00+02:00,2026-06-05,13,15,1,4,6,18.549999999999997,23.89,,1.5016666666666743,3.1199999999999997,,47.58443163541973,,42.44
2026-06-05 11:30:00+00:00,2026-06-05 13:30:00+02:00,2026-06-05,13,30,2,4,6,5.93,33.73,,-1.241666666666677,1.49,,44.71772582262237,,39.66
2026-06-05 11:45:00+00:00,2026-06-05 13:45:00+02:00,2026-06-05,13,45,3,4,6,6.460000000000001,24.59,,6.998333333333336,5.0200000000000005,,39.82273792062137,,31.05
2026-06-05 12:00:00+00:00,2026-06-05 14:00:00+02:00,2026-06-05,14,0,0,4,6,4.490000000000002,25.47,,7.468333333333334,8.96,,71.54531046058133,,29.96
2026-06-05 12:15:00+00:00,2026-06-05 14:15:00+02:00,2026-06-05,14,15,1,4,6,4.32,24.71,,0.5916666666666647,3.01,,42.63962894530582,,29.03
2026-06-05 12:30:00+00:00,2026-06-05 14:30:00+02:00,2026-06-05,14,30,2,4,6,13.649999999999999,18.0,,4.813333333333332,6.41,,40.571470027837364,,31.65
2026-06-05 12:45:00+00:00,2026-06-05 14:45:00+02:00,2026-06-05,14,45,3,4,6,3.5799999999999983,31.39,,2.46666666666666,4.0,,38.8166469966938,,34.97
2026-06-05 13:00:00+00:00,2026-06-05 15:00:00+02:00,2026-06-05,15,0,0,4,6,14.629999999999999,16.0,,-0.4000000000000045,7.890000000000001,,46.79197493888546,,30.63
2026-06-05 13:15:00+00:00,2026-06-05 15:15:00+02:00,2026-06-05,15,15,1,4,6,8.54,30.15,,-3.263333333333327,3.99,,50.14487126601955,,38.69
2026-06-05 13:30:00+00:00,2026-06-05 15:30:00+02:00,2026-06-05,15,30,2,4,6,0.8699999999999974,44.96,,-3.466666666666665,-5.370000000000001,,47.5165154457882,,45.83
2026-06-05 13:45:00+00:00,2026-06-05 15:45:00+02:00,2026-06-05,15,45,3,4,6,2.1199999999999974,52.89,,-5.526666666666665,3.0599999999999996,,40.124611942253935,,55.01
2026-06-05 14:00:00+00:00,2026-06-05 16:00:00+02:00,2026-06-05,16,0,0,4,6,4.030000000000001,45.97,,0.4183333333333352,4.090000000000001,,39.85754032650554,,50.0
2026-06-05 14:15:00+00:00,2026-06-05 16:15:00+02:00,2026-06-05,16,15,1,4,6,2.4200000000000017,61.26,,-0.39166666666666794,2.639999999999999,,38.65113847604531,,63.68
2026-06-05 14:30:00+00:00,2026-06-05 16:30:00+02:00,2026-06-05,16,30,2,4,6,14.120000000000005,65.1,,-6.898333333333331,-0.7299999999999969,,42.51469078351041,,79.22
2026-06-05 14:45:00+00:00,2026-06-05 16:45:00+02:00,2026-06-05,16,45,3,4,6,-14.460000000000008,103.56,,8.745,25.900000000000002,,52.41947471761095,,89.1
2026-06-05 15:00:00+00:00,2026-06-05 17:00:00+02:00,2026-06-05,17,0,0,4,6,4.810000000000002,72.27,,-3.150000000000013,-16.01,,40.75613317292041,,77.08
2026-06-05 15:15:00+00:00,2026-06-05 17:15:00+02:00,2026-06-05,17,15,1,4,6,8.789999999999992,91.2,,-11.066666666666663,-33.97,,42.235526397927586,,99.99
2026-06-05 15:30:00+00:00,2026-06-05 17:30:00+02:00,2026-06-05,17,30,2,4,6,2.5600000000000023,114.7,,-7.726666666666671,-18.5,,41.692935654815415,,117.26
2026-06-05 15:45:00+00:00,2026-06-05 17:45:00+02:00,2026-06-05,17,45,3,4,6,-1.5900000000000034,132.59,,-5.4133333333333296,-11.25,,41.03132282473193,,131.0
2026-06-05 16:00:00+00:00,2026-06-05 18:00:00+02:00,2026-06-05,18,0,0,4,6,-4.22999999999999,109.99,,0.718333333333336,-5.010000000000005,,30.732673569432087,,105.76
2026-06-05 16:15:00+00:00,2026-06-05 18:15:00+02:00,2026-06-05,18,15,1,4,6,-0.09999999999999432,125.0,,-6.69,-11.469999999999999,,19.982806909390604,,124.9
2026-06-05 16:30:00+00:00,2026-06-05 18:30:00+02:00,2026-06-05,18,30,2,4,6,-11.909999999999997,149.41,,-4.62499999999999,-9.25,,16.456366081713373,,137.5
2026-06-05 16:45:00+00:00,2026-06-05 18:45:00+02:00,2026-06-05,18,45,3,4,6,-13.01000000000002,168.4,,-10.650000000000015,-13.190000000000012,,18.335984571867712,,155.39
2026-06-05 17:00:00+00:00,2026-06-05 19:00:00+02:00,2026-06-05,19,0,0,4,6,-2.7700000000000102,133.65,,-14.981666666666664,-15.009999999999991,,23.363199354240386,,130.88
2026-06-05 17:15:00+00:00,2026-06-05 19:15:00+02:00,2026-06-05,19,15,1,4,6,-0.21999999999999886,144.3,,-14.126666666666667,-9.310000000000002,,27.62767727566686,,144.08
2026-06-05 17:30:00+00:00,2026-06-05 19:30:00+02:00,2026-06-05,19,30,2,4,6,-2.079999999999984,158.07,,-10.185000000000008,-2.289999999999992,,31.37531108378761,,155.99
2026-06-05 17:45:00+00:00,2026-06-05 19:45:00+02:00,2026-06-05,19,45,3,4,6,-5.150000000000006,172.54,,-10.316666666666668,0.4399999999999977,,60.253858920696466,,167.39
2026-06-05 18:00:00+00:00,2026-06-05 20:00:00+02:00,2026-06-05,20,0,0,4,6,-9.789999999999992,164.88,,-12.036666666666681,-2.569999999999993,,49.49190155197907,,155.09
2026-06-05 18:15:00+00:00,2026-06-05 20:15:00+02:00,2026-06-05,20,15,1,4,6,-33.349999999999994,197.6,,-9.22833333333332,5.930000000000007,,62.869145636607584,,164.25
2026-06-05 18:30:00+00:00,2026-06-05 20:30:00+02:00,2026-06-05,20,30,2,4,6,-14.360000000000014,189.02,,-7.071666666666658,1.5900000000000034,,99.35073025774531,,174.66
2026-06-05 18:45:00+00:00,2026-06-05 20:45:00+02:00,2026-06-05,20,45,3,4,6,-8.620000000000005,190.01,,-27.028333333333318,-2.6199999999999903,,86.5606010419708,,181.39
2026-06-05 19:00:00+00:00,2026-06-05 21:00:00+02:00,2026-06-05,21,0,0,4,6,-7.699999999999989,194.72,,2.430000000000002,-0.060000000000002274,,53.61034503764112,,187.02
2026-06-05 19:15:00+00:00,2026-06-05 21:15:00+02:00,2026-06-05,21,15,1,4,6,-9.47999999999999,192.47,,-17.94666666666666,-1.1999999999999886,,67.99509811032664,,182.99
2026-06-05 19:30:00+00:00,2026-06-05 21:30:00+02:00,2026-06-05,21,30,2,4,6,-37.849999999999994,214.98,,-9.68500000000001,4.709999999999994,,63.30990256813539,,177.13
2026-06-05 19:45:00+00:00,2026-06-05 21:45:00+02:00,2026-06-05,21,45,3,4,6,-8.680000000000007,180.34,,-35.47333333333333,4.900000000000006,,70.73308707099784,,171.66
2026-06-05 20:00:00+00:00,2026-06-05 22:00:00+02:00,2026-06-05,22,0,0,4,6,-3.7299999999999898,185.0,,0.80833333333333,3.769999999999996,,31.066238379194967,,181.27
2026-06-05 20:15:00+00:00,2026-06-05 22:15:00+02:00,2026-06-05,22,15,1,4,6,-0.12000000000000455,170.99,,-7.028333333333336,7.030000000000001,,36.13618992820702,,170.87
2026-06-05 20:30:00+00:00,2026-06-05 22:30:00+02:00,2026-06-05,22,30,2,4,6,-0.12000000000000455,161.35,,-5.188333333333333,8.129999999999995,,22.764131910712624,,161.23
2026-06-05 20:45:00+00:00,2026-06-05 22:45:00+02:00,2026-06-05,22,45,3,4,6,-7.539999999999992,158.73,,-16.618333333333343,4.509999999999991,,34.57076459720183,,151.19
2026-06-05 21:00:00+00:00,2026-06-05 23:00:00+02:00,2026-06-05,23,0,0,4,6,7.710000000000008,157.39,,-2.971666666666671,5.359999999999999,,18.969906778548058,,165.1
2026-06-05 21:15:00+00:00,2026-06-05 23:15:00+02:00,2026-06-05,23,15,1,4,6,0.45000000000001705,153.92,,2.1199999999999997,8.459999999999994,,20.67862246193111,,154.37
2026-06-05 21:30:00+00:00,2026-06-05 23:30:00+02:00,2026-06-05,23,30,2,4,6,2.059999999999974,148.58,,-1.6983333333333352,-9.070000000000007,,19.218246309400588,,150.64
2026-06-05 21:45:00+00:00,2026-06-05 23:45:00+02:00,2026-06-05,23,45,3,4,6,-0.8900000000000148,141.99,,0.8133333333333326,-2.4599999999999937,,19.2953022381487,,141.1
2026-06-05 22:00:00+00:00,2026-06-06 00:00:00+02:00,2026-06-06,0,0,0,5,6,-17.50999999999999,164.04,,-2.067142857142857,30.059999999999988,-17.060000000000002,20.811398662408788,,146.53
2026-06-05 22:15:00+00:00,2026-06-06 00:15:00+02:00,2026-06-06,0,15,1,5,6,-11.710000000000008,151.18,,1.162857142857143,28.769999999999996,-9.819999999999993,20.623780589993444,,139.47
2026-06-05 22:30:00+00:00,2026-06-06 00:30:00+02:00,2026-06-06,0,30,2,5,6,-8.449999999999989,144.01,,0.004285714285712418,26.760000000000005,-9.920000000000002,20.004041294995197,,135.56
2026-06-05 22:45:00+00:00,2026-06-06 00:45:00+02:00,2026-06-06,0,45,3,5,6,-2.3799999999999955,133.74,,-2.7085714285714237,23.150000000000006,-10.86,20.111701858579014,,131.36
2026-06-05 23:00:00+00:00,2026-06-06 01:00:00+02:00,2026-06-06,1,0,0,5,6,-3.3300000000000125,139.9,,1.4785714285714258,24.209999999999994,-11.709999999999994,20.874432084135133,,136.57
2026-06-05 23:15:00+00:00,2026-06-06 01:15:00+02:00,2026-06-06,1,15,1,5,6,-2.0999999999999943,136.51,,2.4571428571428595,26.78,-8.689999999999984,19.059103864293032,,134.41
2026-06-05 23:30:00+00:00,2026-06-06 01:30:00+02:00,2026-06-06,1,30,2,5,6,-2.890000000000015,134.8,,-0.29142857142856826,31.019999999999996,-8.650000000000006,20.27837142874649,,131.91
2026-06-05 23:45:00+00:00,2026-06-06 01:45:00+02:00,2026-06-06,1,45,3,5,6,-18.789999999999992,149.0,,-2.324285714285717,28.909999999999997,-9.159999999999997,20.50092257371957,,130.21
2026-06-06 00:00:00+00:00,2026-06-06 02:00:00+02:00,2026-06-06,2,0,0,5,6,-9.330000000000013,140.4,,2.6100000000000025,31.86999999999999,-5.930000000000007,21.40459286238369,,131.07
2026-06-06 00:15:00+00:00,2026-06-06 02:15:00+02:00,2026-06-06,2,15,1,5,6,-7.289999999999992,136.2,,0.9442857142857132,25.689999999999998,-6.8700000000000045,21.211729649542676,,128.91
2026-06-06 00:30:00+00:00,2026-06-06 02:30:00+02:00,2026-06-06,2,30,2,5,6,-21.840000000000003,151.02,,-0.8157142857142868,19.909999999999997,-10.530000000000001,20.36390957519767,,129.18
2026-06-06 00:45:00+00:00,2026-06-06 02:45:00+02:00,2026-06-06,2,45,3,5,6,-5.699999999999989,132.54,,-2.4771428571428538,15.230000000000004,-12.069999999999993,18.237858417872104,,126.84
2026-06-06 01:00:00+00:00,2026-06-06 03:00:00+02:00,2026-06-06,3,0,0,5,6,-12.11999999999999,130.01,,0.9371428571428534,33.739999999999995,-9.700000000000003,20.496227219168546,,117.89
2026-06-06 01:15:00+00:00,2026-06-06 03:15:00+02:00,2026-06-06,3,15,1,5,6,-16.36999999999999,132.38,,0.8614285714285727,27.92,-8.569999999999993,19.961165704029714,,116.01
2026-06-06 01:30:00+00:00,2026-06-06 03:30:00+02:00,2026-06-06,3,30,2,5,6,-32.78,147.53,,-1.8957142857142881,22.14,-7.109999999999999,18.75436757922475,,114.75
2026-06-06 01:45:00+00:00,2026-06-06 03:45:00+02:00,2026-06-06,3,45,3,5,6,-16.58,130.07,,0.3442857142857138,31.39,-6.010000000000005,18.60912797408981,,113.49
2026-06-06 02:00:00+00:00,2026-06-06 04:00:00+02:00,2026-06-06,4,0,0,5,6,0.789999999999992,129.47,,-0.5600000000000033,24.349999999999994,-4.609999999999999,18.86888350791221,,130.26
2026-06-06 02:15:00+00:00,2026-06-06 04:15:00+02:00,2026-06-06,4,15,1,5,6,-1.1399999999999864,132.64,,0.17285714285714096,19.17,-3.4399999999999977,18.278276498571813,,131.5
2026-06-06 02:30:00+00:00,2026-06-06 04:30:00+02:00,2026-06-06,4,30,2,5,6,-4.219999999999999,134.26,,-0.5700000000000044,18.179999999999993,-2.3800000000000097,18.456370590791177,,130.04
2026-06-06 02:45:00+00:00,2026-06-06 04:45:00+02:00,2026-06-06,4,45,3,5,6,-4.97999999999999,134.39,,-1.3614285714285685,14.440000000000012,-6.579999999999998,16.486457462727387,,129.41
2026-06-06 03:00:00+00:00,2026-06-06 05:00:00+02:00,2026-06-06,5,0,0,5,6,-4.439999999999998,136.7,,-2.151428571428575,16.27000000000001,-3.8100000000000023,18.609205331687885,,132.26
2026-06-06 03:15:00+00:00,2026-06-06 05:15:00+02:00,2026-06-06,5,15,1,5,6,-1.710000000000008,127.2,,-1.855714285714285,14.480000000000004,-2.8900000000000006,17.518543848488783,,125.49
2026-06-06 03:30:00+00:00,2026-06-06 05:30:00+02:00,2026-06-06,5,30,2,5,6,-8.300000000000011,132.43,,-2.334285714285712,17.459999999999994,-1.8700000000000045,18.275458714046003,,124.13
2026-06-06 03:45:00+00:00,2026-06-06 05:45:00+02:00,2026-06-06,5,45,3,5,6,-15.069999999999993,132.1,,-2.124285714285718,16.539999999999992,-0.03999999999999204,18.499024684715668,,117.03
2026-06-06 04:00:00+00:00,2026-06-06 06:00:00+02:00,2026-06-06,6,0,0,5,6,-22.280000000000015,139.8,,-4.597142857142858,8.469999999999999,-0.8400000000000034,19.085820638644734,,117.52
2026-06-06 04:15:00+00:00,2026-06-06 06:15:00+02:00,2026-06-06,6,15,1,5,6,-21.370000000000005,133.8,,-7.572857142857139,8.39,-5.109999999999999,20.679174532379736,,112.43
2026-06-06 04:30:00+00:00,2026-06-06 06:30:00+02:00,2026-06-06,6,30,2,5,6,-23.239999999999995,130.32,,-2.597142857142855,6.969999999999999,-5.890000000000001,21.733375508397156,,107.08
2026-06-06 04:45:00+00:00,2026-06-06 06:45:00+02:00,2026-06-06,6,45,3,5,6,-10.159999999999997,108.25,,-7.201428571428574,8.039999999999992,-4.530000000000001,20.072457662014784,,98.09
2026-06-06 05:00:00+00:00,2026-06-06 07:00:00+02:00,2026-06-06,7,0,0,5,6,-9.760000000000005,122.79,,-0.5200000000000001,5.549999999999997,-2.1500000000000057,22.316574594868417,,113.03
2026-06-06 05:15:00+00:00,2026-06-06 07:15:00+02:00,2026-06-06,7,15,1,5,6,-23.950000000000003,122.12,,-1.71142857142857,1.8300000000000125,3.469999999999999,22.65265639518329,,98.17
2026-06-06 05:30:00+00:00,2026-06-06 07:30:00+02:00,2026-06-06,7,30,2,5,6,-28.870000000000005,113.56,,-3.932857142857143,8.060000000000002,-2.680000000000007,27.159263896221525,,84.69
2026-06-06 05:45:00+00:00,2026-06-06 07:45:00+02:00,2026-06-06,7,45,3,5,6,-2.5900000000000034,76.8,,-4.3785714285714255,2.9099999999999966,-6.3799999999999955,25.603791185622267,,74.21
2026-06-06 06:00:00+00:00,2026-06-06 08:00:00+02:00,2026-06-06,8,0,0,5,6,-9.569999999999993,105.97,,-3.09714285714286,6.049999999999997,-0.29999999999999716,34.534096290382294,,96.4
2026-06-06 06:15:00+00:00,2026-06-06 08:15:00+02:00,2026-06-06,8,15,1,5,6,-20.10000000000001,103.4,,-0.8371428571428551,2.069999999999993,2.5900000000000034,29.654085314239957,,83.3
2026-06-06 06:30:00+00:00,2026-06-06 08:30:00+02:00,2026-06-06,8,30,2,5,6,-20.629999999999995,84.6,,0.4842857142857144,6.670000000000002,6.939999999999998,34.95843369294184,,63.97
2026-06-06 06:45:00+00:00,2026-06-06 08:45:00+02:00,2026-06-06,8,45,3,5,6,-30.120000000000005,78.12,,0.1399999999999955,10.939999999999998,-0.15000000000000568,34.728785326006395,,48.0
2026-06-06 07:00:00+00:00,2026-06-06 09:00:00+02:00,2026-06-06,9,0,0,5,6,-4.570000000000007,69.14,,-3.4400000000000017,6.710000000000008,-7.320000000000007,49.33985547669845,,64.57
2026-06-06 07:15:00+00:00,2026-06-06 09:15:00+02:00,2026-06-06,9,15,1,5,6,-28.5,72.0,,-0.2814285714285667,12.010000000000005,-7.439999999999998,43.79484758193891,,43.5
2026-06-06 07:30:00+00:00,2026-06-06 09:30:00+02:00,2026-06-06,9,30,2,5,6,-19.68,56.9,,3.1828571428571424,12.540000000000006,7.73,42.545576828764,,37.22
2026-06-06 07:45:00+00:00,2026-06-06 09:45:00+02:00,2026-06-06,9,45,3,5,6,-32.22,40.7,,-1.3971428571428572,7.3799999999999955,1.3899999999999988,41.11755511288962,,8.48
2026-06-06 08:00:00+00:00,2026-06-06 10:00:00+02:00,2026-06-06,10,0,0,5,6,-5.879999999999999,15.01,,2.209999999999999,20.200000000000003,-1.8000000000000007,41.5316488415105,,9.13
2026-06-06 08:15:00+00:00,2026-06-06 10:15:00+02:00,2026-06-06,10,15,1,5,6,-16.509999999999998,18.43,,2.432857142857144,23.97,10.24,41.56222132848839,,1.92
2026-06-06 08:30:00+00:00,2026-06-06 10:30:00+02:00,2026-06-06,10,30,2,5,6,-24.14,25.0,,0.8142857142857134,1.8500000000000085,-2.05,40.13206605476694,,0.86
2026-06-06 08:45:00+00:00,2026-06-06 10:45:00+02:00,2026-06-06,10,45,3,5,6,-27.27,20.0,,1.227142857142858,1.2900000000000063,5.7,44.381443361332394,,-7.27
2026-06-06 09:00:00+00:00,2026-06-06 11:00:00+02:00,2026-06-06,11,0,0,5,6,-7.46,5.01,,-2.564285714285716,2.969999999999999,-2.21,43.632818956719525,,-2.45
2026-06-06 09:15:00+00:00,2026-06-06 11:15:00+02:00,2026-06-06,11,15,1,5,6,-12.09,5.26,,5.365714285714283,35.550000000000004,-3.7,57.48444143064609,,-6.83
2026-06-06 09:30:00+00:00,2026-06-06 11:30:00+02:00,2026-06-06,11,30,2,5,6,-7.87,0.01,,11.540000000000001,26.239999999999995,0.8,33.38467369785204,,-7.86
2026-06-06 09:45:00+00:00,2026-06-06 11:45:00+02:00,2026-06-06,11,45,3,5,6,-10.82,0.0,,13.51285714285714,30.569999999999993,6.3,47.78653732433996,,-10.82
2026-06-06 10:00:00+00:00,2026-06-06 12:00:00+02:00,2026-06-06,12,0,0,5,6,9.74,-17.87,,4.954285714285713,26.779999999999994,-4.31,37.71740858595061,,-8.13
2026-06-06 10:15:00+00:00,2026-06-06 12:15:00+02:00,2026-06-06,12,15,1,5,6,0.9399999999999995,-6.1,,6.125714285714283,12.369999999999997,4.050000000000001,38.69543753808368,,-5.16
2026-06-06 10:30:00+00:00,2026-06-06 12:30:00+02:00,2026-06-06,12,30,2,5,6,16.86,-21.15,,1.1528571428571481,9.670000000000002,3.35,41.27338511294252,,-4.29
2026-06-06 10:45:00+00:00,2026-06-06 12:45:00+02:00,2026-06-06,12,45,3,5,6,1.17,-6.17,,9.040000000000001,17.200000000000003,5.63,37.08984364550984,,-5.0
2026-06-06 11:00:00+00:00,2026-06-06 13:00:00+02:00,2026-06-06,13,0,0,5,6,-7.29,-0.01,,3.252857142857136,16.58,1.0999999999999996,40.907085639220284,,-7.3
2026-06-06 11:15:00+00:00,2026-06-06 13:15:00+02:00,2026-06-06,13,15,1,5,6,-9.26,-0.02,,3.9371428571428635,18.549999999999997,4.93,47.9362422482105,,-9.28
2026-06-06 11:30:00+00:00,2026-06-06 13:30:00+02:00,2026-06-06,13,30,2,5,6,-8.010000000000002,-0.04,,-0.21714285714286596,5.93,-5.17,45.40195397474925,,-8.05
2026-06-06 11:45:00+00:00,2026-06-06 13:45:00+02:00,2026-06-06,13,45,3,5,6,-5.64,-0.03,,6.9214285714285735,6.460000000000001,-4.58,40.469495750055074,,-5.67
2026-06-06 12:00:00+00:00,2026-06-06 14:00:00+02:00,2026-06-06,14,0,0,5,6,5.539999999999999,-14.7,,7.0428571428571445,4.490000000000002,-4.02,72.36012509556645,,-9.16
2026-06-06 12:15:00+00:00,2026-06-06 14:15:00+02:00,2026-06-06,14,15,1,5,6,-7.5,0.0,,1.1242857142857126,4.32,4.42,42.984473308444194,,-7.5
2026-06-06 12:30:00+00:00,2026-06-06 14:30:00+02:00,2026-06-06,14,30,2,5,6,-5.41,0.03,,6.075714285714284,13.649999999999999,1.9000000000000004,40.812902674585644,,-5.38
2026-06-06 12:45:00+00:00,2026-06-06 14:45:00+02:00,2026-06-06,14,45,3,5,6,-1.34,0.09,,2.62571428571428,3.5799999999999983,-4.91,39.31595890634333,,-1.25
2026-06-06 13:00:00+00:00,2026-06-06 15:00:00+02:00,2026-06-06,15,0,0,5,6,11.82,-15.75,,1.7471428571428531,14.629999999999999,10.15,46.81373560994901,,-3.93
2026-06-06 13:15:00+00:00,2026-06-06 15:15:00+02:00,2026-06-06,15,15,1,5,6,1.91,-3.46,,-1.5771428571428523,8.54,4.57,50.58661613922739,,-1.55
2026-06-06 13:30:00+00:00,2026-06-06 15:30:00+02:00,2026-06-06,15,30,2,5,6,-8.91,8.94,,-2.847142857142856,0.8699999999999974,-2.0799999999999996,48.29294572288323,,0.03
2026-06-06 13:45:00+00:00,2026-06-06 15:45:00+02:00,2026-06-06,15,45,3,5,6,-11.780000000000001,20.89,,-4.434285714285713,2.1199999999999974,-10.0,40.97685854557081,,9.11
2026-06-06 14:00:00+00:00,2026-06-06 16:00:00+02:00,2026-06-06,16,0,0,5,6,-6.860000000000001,12.21,,0.934285714285716,4.030000000000001,3.91,40.21709959022958,,5.35
2026-06-06 14:15:00+00:00,2026-06-06 16:15:00+02:00,2026-06-06,16,15,1,5,6,-1.9299999999999997,38.16,,0.009999999999999152,2.4200000000000017,-0.44999999999999996,38.90398312893717,,36.23
2026-06-06 14:30:00+00:00,2026-06-06 16:30:00+02:00,2026-06-06,16,30,2,5,6,-7.369999999999997,57.41,,-3.8957142857142832,14.120000000000005,-7.92,42.05502633585921,,50.04
2026-06-06 14:45:00+00:00,2026-06-06 16:45:00+02:00,2026-06-06,16,45,3,5,6,-2.549999999999997,71.39,,5.429999999999999,-14.460000000000008,5.080000000000002,51.57617109407405,,68.84
2026-06-06 15:00:00+00:00,2026-06-06 17:00:00+02:00,2026-06-06,17,0,0,5,6,-8.29,63.72,,-2.012857142857153,4.810000000000002,8.06,40.76606561215514,,55.43
2026-06-06 15:15:00+00:00,2026-06-06 17:15:00+02:00,2026-06-06,17,15,1,5,6,-8.469999999999999,82.05,,-8.229999999999999,8.789999999999992,-3.3699999999999974,42.30581751490619,,73.58
2026-06-06 15:30:00+00:00,2026-06-06 17:30:00+02:00,2026-06-06,17,30,2,5,6,-4.109999999999999,99.69,,-6.257142857142861,2.5600000000000023,-6.8500000000000085,41.80442499844537,,95.58
2026-06-06 15:45:00+00:00,2026-06-06 17:45:00+02:00,2026-06-06,17,45,3,5,6,3.0799999999999983,118.02,,-4.867142857142854,-1.5900000000000034,5.609999999999999,40.63643796040698,,121.1
2026-06-06 16:00:00+00:00,2026-06-06 18:00:00+02:00,2026-06-06,18,0,0,5,6,-7.780000000000001,110.99,,0.011428571428575245,-4.22999999999999,-5.290000000000006,30.77704457996118,,103.21
2026-06-06 16:15:00+00:00,2026-06-06 18:15:00+02:00,2026-06-06,18,15,1,5,6,-0.29999999999999716,116.0,,-5.748571428571428,-0.09999999999999432,-8.929999999999993,19.582077643476232,,115.7
2026-06-06 16:30:00+00:00,2026-06-06 18:30:00+02:00,2026-06-06,18,30,2,5,6,-6.88000000000001,129.43,,-5.6657142857142775,-11.909999999999997,-10.549999999999997,16.893161452082786,,122.55
2026-06-06 16:45:00+00:00,2026-06-06 18:45:00+02:00,2026-06-06,18,45,3,5,6,6.47999999999999,127.03,,-10.987142857142873,-13.01000000000002,-23.190000000000012,18.39142133092,,133.51
2026-06-06 17:00:00+00:00,2026-06-06 19:00:00+02:00,2026-06-06,19,0,0,5,6,1.039999999999992,122.95,,-13.237142857142857,-2.7700000000000102,-8.209999999999994,23.327519144791072,,123.99
2026-06-06 17:15:00+00:00,2026-06-06 19:15:00+02:00,2026-06-06,19,15,1,5,6,-3.4399999999999977,135.01,,-12.14,-0.21999999999999886,-8.990000000000009,27.577832752787277,,131.57
2026-06-06 17:30:00+00:00,2026-06-06 19:30:00+02:00,2026-06-06,19,30,2,5,6,-12.830000000000013,151.5,,-9.027142857142861,-2.079999999999984,-17.930000000000007,31.164928019515614,,138.67
2026-06-06 17:45:00+00:00,2026-06-06 19:45:00+02:00,2026-06-06,19,45,3,5,6,-2.969999999999999,147.53,,-9.578571428571431,-5.150000000000006,-31.930000000000007,60.752370536664685,,144.56
2026-06-06 18:00:00+00:00,2026-06-06 20:00:00+02:00,2026-06-06,20,0,0,5,6,-8.870000000000005,153.97,,-11.715714285714297,-9.789999999999992,-19.220000000000027,48.68818569605613,,145.1
2026-06-06 18:15:00+00:00,2026-06-06 20:15:00+02:00,2026-06-06,20,15,1,5,6,-14.900000000000006,160.0,,-12.674285714285702,-33.349999999999994,-2.8100000000000023,62.70189998348146,,145.1
2026-06-06 18:30:00+00:00,2026-06-06 20:30:00+02:00,2026-06-06,20,30,2,5,6,-4.969999999999999,156.97,,-8.112857142857138,-14.360000000000014,-10.099999999999994,99.24156353271344,,152.0
2026-06-06 18:45:00+00:00,2026-06-06 20:45:00+02:00,2026-06-06,20,45,3,5,6,-17.54000000000002,170.33,,-24.398571428571415,-8.620000000000005,-14.640000000000015,86.60473538559411,,152.79
2026-06-06 19:00:00+00:00,2026-06-06 21:00:00+02:00,2026-06-06,21,0,0,5,6,-22.900000000000006,175.68,,0.9828571428571463,-7.699999999999989,-16.920000000000016,53.6163573173151,,152.78
2026-06-06 19:15:00+00:00,2026-06-06 21:15:00+02:00,2026-06-06,21,15,1,5,6,-13.029999999999973,160.39,,-16.73714285714285,-9.47999999999999,-7.849999999999994,67.82024849183674,,147.36
2026-06-06 19:30:00+00:00,2026-06-06 21:30:00+02:00,2026-06-06,21,30,2,5,6,-3.3500000000000227,145.11,,-13.708571428571435,-37.849999999999994,-6.810000000000002,63.69035511021993,,141.76
2026-06-06 19:45:00+00:00,2026-06-06 21:45:00+02:00,2026-06-06,21,45,3,5,6,-14.669999999999987,151.0,,-31.645714285714284,-8.680000000000007,-3.8700000000000045,70.5442838238488,,136.33
2026-06-06 20:00:00+00:00,2026-06-06 22:00:00+02:00,2026-06-06,22,0,0,5,6,-13.699999999999989,154.6,,0.15999999999999862,-3.7299999999999898,-3.9199999999999875,31.363539446200992,,140.9
2026-06-06 20:15:00+00:00,2026-06-06 22:15:00+02:00,2026-06-06,22,15,1,5,6,-6.730000000000018,145.68,,-6.0414285714285745,-0.12000000000000455,-0.21999999999999886,36.21137536043726,,138.95
2026-06-06 20:30:00+00:00,2026-06-06 22:30:00+02:00,2026-06-06,22,30,2,5,6,-10.169999999999987,136.92,,-4.464285714285714,-0.12000000000000455,4.799999999999983,22.87372594182049,,126.75
2026-06-06 20:45:00+00:00,2026-06-06 22:45:00+02:00,2026-06-06,22,45,3,5,6,-14.420000000000002,134.38,,-15.321428571428578,-7.539999999999992,-3.180000000000007,34.722295027517994,,119.96
2026-06-06 21:00:00+00:00,2026-06-06 23:00:00+02:00,2026-06-06,23,0,0,5,6,-13.419999999999987,135.6,,-1.4457142857142884,7.710000000000008,6.849999999999994,19.16480445165877,,122.18
2026-06-06 21:15:00+00:00,2026-06-06 23:15:00+02:00,2026-06-06,23,15,1,5,6,-11.61,127.64,,1.8814285714285737,0.45000000000001705,3.819999999999993,21.166342087442565,,116.03
2026-06-06 21:30:00+00:00,2026-06-06 23:30:00+02:00,2026-06-06,23,30,2,5,6,-9.759999999999991,120.07,,-1.1614285714285768,2.059999999999974,2.8499999999999943,19.753064750386596,,110.31
2026-06-06 21:45:00+00:00,2026-06-06 23:45:00+02:00,2026-06-06,23,45,3,5,6,-10.970000000000013,114.29,,0.5699999999999973,-0.8900000000000148,2.6999999999999886,19.763459859153283,,103.32
2026-06-06 22:00:00+00:00,2026-06-07 00:00:00+02:00,2026-06-07,0,0,0,6,6,-7.1499999999999915,120.63,-5.363999999999995,-2.1314285714285695,-17.50999999999999,-6.5800000000000125,21.279650251711388,,113.48
2026-06-06 22:15:00+00:00,2026-06-07 00:15:00+02:00,2026-06-07,0,15,1,6,6,-12.670000000000002,121.7,-0.9690000000000026,0.8928571428571408,-11.710000000000008,-0.22999999999998977,21.011866780569736,,109.03
2026-06-06 22:30:00+00:00,2026-06-07 00:30:00+02:00,2026-06-07,0,30,2,6,6,-24.730000000000004,132.68,-1.430000000000001,0.21428571428571427,-8.449999999999989,-0.9399999999999977,20.10422640219648,,107.95
2026-06-06 22:45:00+00:00,2026-06-07 00:45:00+02:00,2026-06-07,0,45,3,6,6,-5.909999999999997,109.39,-2.309999999999996,-1.4971428571428516,-2.3799999999999955,-1.1999999999999886,19.787445695260324,,103.48
2026-06-06 23:00:00+00:00,2026-06-07 01:00:00+02:00,2026-06-07,1,0,0,6,6,-9.439999999999998,114.45,0.8249999999999943,2.6757142857142804,-3.3300000000000125,3.339999999999975,21.0167609720967,,105.01
2026-06-06 23:15:00+00:00,2026-06-07 01:15:00+02:00,2026-06-07,1,15,1,6,6,-8.36,108.8,0.3380000000000017,3.3985714285714295,-2.0999999999999943,-0.8000000000000114,19.184310382059195,,100.44
2026-06-06 23:30:00+00:00,2026-06-07 01:30:00+02:00,2026-06-07,1,30,2,6,6,-8.429999999999993,104.3,-1.2449999999999988,0.5314285714285732,-2.890000000000015,1.1500000000000057,20.4292382719873,,95.87
2026-06-06 23:45:00+00:00,2026-06-07 01:45:00+02:00,2026-06-07,1,45,3,6,6,-8.650000000000006,97.31,-4.466000000000002,-3.700000000000002,-18.789999999999992,-1.4300000000000068,22.1509400490129,,88.66
2026-06-07 00:00:00+00:00,2026-06-07 02:00:00+02:00,2026-06-07,2,0,0,6,6,0.21999999999999886,99.45,0.761999999999999,2.124285714285716,-9.330000000000013,0.18000000000000682,21.80456706873485,,99.67
2026-06-07 00:15:00+00:00,2026-06-07 02:15:00+02:00,2026-06-07,2,15,1,6,6,-2.6200000000000045,95.29,-0.28999999999999987,0.884285714285715,-7.289999999999992,0.0800000000000125,21.405085459219656,,92.67
2026-06-07 00:30:00+00:00,2026-06-07 02:30:00+02:00,2026-06-07,2,30,2,6,6,-0.769999999999996,90.77,-3.0160000000000022,-2.431428571428573,-21.840000000000003,0.09000000000000341,21.892163131893142,,90.0
2026-06-07 00:45:00+00:00,2026-06-07 02:45:00+02:00,2026-06-07,2,45,3,6,6,-2.1299999999999955,86.25,-2.341999999999996,-1.567142857142853,-5.699999999999989,2.9399999999999977,18.38219523474741,,84.12
2026-06-07 01:00:00+00:00,2026-06-07 03:00:00+02:00,2026-06-07,3,0,0,6,6,-1.6599999999999966,91.2,0.375,0.5914285714285695,-12.11999999999999,-1.3400000000000034,20.427731380176915,,89.54
2026-06-07 01:15:00+00:00,2026-06-07 03:15:00+02:00,2026-06-07,3,15,1,6,6,-12.129999999999995,92.77,-0.24299999999999572,-0.2528571428571413,-16.36999999999999,3.769999999999996,20.24717752681083,,80.64
2026-06-07 01:30:00+00:00,2026-06-07 03:30:00+02:00,2026-06-07,3,30,2,6,6,-10.579999999999998,86.23,-4.6880000000000015,-5.562857142857146,-32.78,-1.8200000000000074,20.258997309294315,,75.65
2026-06-07 01:45:00+00:00,2026-06-07 03:45:00+02:00,2026-06-07,3,45,3,6,6,-18.769999999999996,86.19,-1.3039999999999992,-1.1657142857142853,-16.58,-1.6599999999999966,18.667405056366817,,67.42
2026-06-07 02:00:00+00:00,2026-06-07 04:00:00+02:00,2026-06-07,4,0,0,6,6,-7.030000000000001,75.03,0.5299999999999947,0.2114285714285669,0.789999999999992,2.1799999999999926,19.011308260039293,,68.0
2026-06-07 02:15:00+00:00,2026-06-07 04:15:00+02:00,2026-06-07,4,15,1,6,6,-26.069999999999993,86.21,0.4369999999999997,0.5014285714285711,-1.1399999999999864,3.0800000000000125,18.811058297866055,,60.14
2026-06-07 02:30:00+00:00,2026-06-07 04:30:00+02:00,2026-06-07,4,30,2,6,6,-11.709999999999994,65.21,-0.46500000000000413,-0.8328571428571456,-4.219999999999999,-2.0600000000000023,18.786328162368026,,53.5
2026-06-07 02:45:00+00:00,2026-06-07 04:45:00+02:00,2026-06-07,4,45,3,6,6,-13.93,58.0,-1.3899999999999963,-1.1328571428571388,-4.97999999999999,2.0,16.896437770744733,,44.07
2026-06-07 03:00:00+00:00,2026-06-07 05:00:00+02:00,2026-06-07,5,0,0,6,6,-11.270000000000003,60.74,-2.048000000000001,-2.241428571428574,-4.439999999999998,1.2299999999999898,19.202734366304576,,49.47
2026-06-07 03:15:00+00:00,2026-06-07 05:15:00+02:00,2026-06-07,5,15,1,6,6,-9.300000000000004,47.92,-1.3379999999999996,-1.6871428571428575,-1.710000000000008,1.2800000000000011,17.671959365112667,,38.62
2026-06-07 03:30:00+00:00,2026-06-07 05:30:00+02:00,2026-06-07,5,30,2,6,6,-48.470000000000006,75.37,-2.089000000000002,-3.2528571428571413,-8.300000000000011,1.6099999999999994,18.51225391612146,,26.9
2026-06-07 03:45:00+00:00,2026-06-07 05:45:00+02:00,2026-06-07,5,45,3,6,6,0.6500000000000004,11.28,-3.0450000000000026,-4.271428571428575,-15.069999999999993,2.1899999999999977,18.32841042129498,,11.93
2026-06-07 04:00:00+00:00,2026-06-07 06:00:00+02:00,2026-06-07,6,0,0,6,6,9.05,8.55,-5.299000000000004,-7.660000000000003,-22.280000000000015,5.5,19.23064118638605,,17.6
2026-06-07 04:15:00+00:00,2026-06-07 06:15:00+02:00,2026-06-07,6,15,1,6,6,3.7800000000000002,5.11,-6.381999999999996,-9.895714285714282,-21.370000000000005,-2.289999999999992,20.519731016486872,,8.89
2026-06-07 04:30:00+00:00,2026-06-07 06:30:00+02:00,2026-06-07,6,30,2,6,6,-56.43,62.85,-4.659999999999998,-5.075714285714283,-23.239999999999995,2.4000000000000057,21.20053534468138,,6.42
2026-06-07 04:45:00+00:00,2026-06-07 06:45:00+02:00,2026-06-07,6,45,3,6,6,1.27,2.1,-6.157,-8.005714285714287,-10.159999999999997,2.6000000000000085,20.124546722080478,,3.37
2026-06-07 05:00:00+00:00,2026-06-07 07:00:00+02:00,2026-06-07,7,0,0,6,6,3.7800000000000002,1.84,-2.0609999999999986,-1.6071428571428572,-9.760000000000005,0.8499999999999943,22.557818848655693,,5.62
2026-06-07 05:15:00+00:00,2026-06-07 07:15:00+02:00,2026-06-07,7,15,1,6,6,2.83,0.01,-2.694,-5.628571428571427,-23.950000000000003,-7.510000000000005,21.946195645184165,,2.84
2026-06-07 05:30:00+00:00,2026-06-07 07:30:00+02:00,2026-06-07,7,30,2,6,6,-44.370000000000005,44.7,-4.647999999999996,-7.674285714285714,-28.870000000000005,-1.6499999999999915,26.14502242879484,,0.33
2026-06-07 05:45:00+00:00,2026-06-07 07:45:00+02:00,2026-06-07,7,45,3,6,6,-30.46,31.11,-2.492000000000013,-3.837142857142855,-2.5900000000000034,0.6899999999999977,24.00173578887881,,0.65
2026-06-07 06:00:00+00:00,2026-06-07 08:00:00+02:00,2026-06-07,8,0,0,6,6,-7.41,11.07,-3.3370000000000006,-4.4214285714285735,-9.569999999999993,-2.5,33.76026649711215,,3.66
2026-06-07 06:15:00+00:00,2026-06-07 08:15:00+02:00,2026-06-07,8,15,1,6,6,-0.020000000000000004,-0.05,-2.077999999999998,-4.078571428571428,-20.10000000000001,1.7999999999999972,27.59782174076802,,-0.07
2026-06-07 06:30:00+00:00,2026-06-07 08:30:00+02:00,2026-06-07,8,30,2,6,6,-0.56,0.01,-1.0909999999999997,-3.4542857142857133,-20.629999999999995,1.4200000000000017,32.96590177244361,,-0.55
2026-06-07 06:45:00+00:00,2026-06-07 08:45:00+02:00,2026-06-07,8,45,3,6,6,-0.75,-2.04,-2.373000000000001,-4.141428571428576,-30.120000000000005,4.850000000000001,32.633035686738104,,-2.79
2026-06-07 07:00:00+00:00,2026-06-07 09:00:00+02:00,2026-06-07,9,0,0,6,6,0.78,-1.3,-2.966000000000001,-3.047142857142859,-4.570000000000007,-1.2900000000000063,46.326854386657736,,-0.52
2026-06-07 07:15:00+00:00,2026-06-07 09:15:00+02:00,2026-06-07,9,15,1,6,6,1.3900000000000001,-3.4,-2.2679999999999976,-3.2899999999999956,-28.5,20.0,40.55239495102258,,-2.01
2026-06-07 07:30:00+00:00,2026-06-07 09:30:00+02:00,2026-06-07,9,30,2,6,6,2.82,-5.5,-0.5439999999999987,-0.7328571428571432,-19.68,13.309999999999999,40.14763671831614,,-2.68
2026-06-07 07:45:00+00:00,2026-06-07 09:45:00+02:00,2026-06-07,9,45,3,6,6,2.71,-10.0,-3.081000000000001,-6.198571428571428,-32.22,-5.799999999999997,38.81553232921039,,-7.29
2026-06-07 08:00:00+00:00,2026-06-07 10:00:00+02:00,2026-06-07,10,0,0,6,6,0.0,-4.99,-0.22999999999999937,1.6271428571428568,-5.879999999999999,-3.870000000000001,40.40212306057979,,-4.99
2026-06-07 08:15:00+00:00,2026-06-07 10:15:00+02:00,2026-06-07,10,15,1,6,6,-3.7,-1.5,-0.6559999999999983,-1.3885714285714272,-16.509999999999998,-1.6199999999999997,40.69262862884737,,-5.2
2026-06-07 08:30:00+00:00,2026-06-07 10:30:00+02:00,2026-06-07,10,30,2,6,6,-5.21,-1.55,-1.3100000000000005,-2.3414285714285725,-24.14,-7.3,39.33554694289511,,-6.76
2026-06-07 08:45:00+00:00,2026-06-07 10:45:00+02:00,2026-06-07,10,45,3,6,6,4.170000000000002,-12.71,-1.273999999999999,-3.482857142857142,-27.27,-0.01,43.97260746354312,,-8.54
2026-06-07 09:00:00+00:00,2026-06-07 11:00:00+02:00,2026-06-07,11,0,0,6,6,3.040000000000001,-12.74,-5.634999999999999,-3.3142857142857154,-7.46,-8.27,43.32430859038765,,-9.7
2026-06-07 09:15:00+00:00,2026-06-07 11:15:00+02:00,2026-06-07,11,15,1,6,6,-5.58,-5.0,0.7110000000000053,4.167142857142855,-12.09,-3.3299999999999996,57.36325391267936,,-10.58
2026-06-07 09:30:00+00:00,2026-06-07 11:30:00+02:00,2026-06-07,11,30,2,6,6,-1.9700000000000006,-8.11,6.838000000000001,10.301428571428572,-7.87,-3.4099999999999997,32.542869621266945,,-10.08
2026-06-07 09:45:00+00:00,2026-06-07 11:45:00+02:00,2026-06-07,11,45,3,6,6,3.0600000000000005,-14.57,7.330000000000001,11.067142857142853,-10.82,3.2800000000000002,47.74107349967202,,-11.51
2026-06-07 10:00:00+00:00,2026-06-07 12:00:00+02:00,2026-06-07,12,0,0,6,6,2.0500000000000007,-14.99,3.8949999999999987,6.961428571428571,9.74,-10.33,36.18125719178374,,-12.94
2026-06-07 10:15:00+00:00,2026-06-07 12:15:00+02:00,2026-06-07,12,15,1,6,6,0.9899999999999984,-19.0,3.950999999999999,5.681428571428569,0.9399999999999995,-1.8,35.864839649396494,,-18.01
2026-06-07 10:30:00+00:00,2026-06-07 12:30:00+02:00,2026-06-07,12,30,2,6,6,-2.289999999999999,-15.0,0.1610000000000019,3.082857142857148,16.86,3.8,38.41272514085925,,-17.29
2026-06-07 10:45:00+00:00,2026-06-07 12:45:00+02:00,2026-06-07,12,45,3,6,6,-17.21,-1.74,4.3169999999999975,8.402857142857142,1.17,5.300000000000001,36.51887888250651,,-18.95
2026-06-07 11:00:00+00:00,2026-06-07 13:00:00+02:00,2026-06-07,13,0,0,6,6,4.16,-23.36,-0.030000000000001758,2.0542857142857076,-7.29,0.1,39.82023873844568,,-19.2
2026-06-07 11:15:00+00:00,2026-06-07 13:15:00+02:00,2026-06-07,13,15,1,6,6,-14.38,-10.01,0.2510000000000048,1.9100000000000066,-9.26,-0.73,41.94449491049692,,-24.39
2026-06-07 11:30:00+00:00,2026-06-07 13:30:00+02:00,2026-06-07,13,30,2,6,6,8.61,-40.11,-2.738000000000002,-0.6228571428571519,-8.010000000000002,-3.03,43.76043732328608,,-31.5
2026-06-07 11:45:00+00:00,2026-06-07 13:45:00+02:00,2026-06-07,13,45,3,6,6,9.950000000000003,-50.25,1.6169999999999987,6.770000000000002,-5.64,-3.07,39.196656983489135,,-40.3
2026-06-07 12:00:00+00:00,2026-06-07 14:00:00+02:00,2026-06-07,14,0,0,6,6,-9.54,-24.78,4.718000000000001,8.40857142857143,5.539999999999999,4.12,72.25137738524994,,-34.32
2026-06-07 12:15:00+00:00,2026-06-07 14:15:00+02:00,2026-06-07,14,15,1,6,6,9.780000000000001,-45.43,-0.7880000000000011,-0.5785714285714302,-7.5,-1.65,42.386293976153695,,-35.65
2026-06-07 12:30:00+00:00,2026-06-07 14:30:00+02:00,2026-06-07,14,30,2,6,6,11.030000000000001,-44.45,2.252000000000002,5.03142857142857,-5.41,-2.6399999999999997,36.742313369712704,,-33.42
2026-06-07 12:45:00+00:00,2026-06-07 14:45:00+02:00,2026-06-07,14,45,3,6,6,13.57,-45.04,-0.3440000000000015,3.13571428571428,-1.34,-3.99,35.40423222357268,,-31.47
2026-06-07 13:00:00+00:00,2026-06-07 15:00:00+02:00,2026-06-07,15,0,0,6,6,15.93,-50.07,1.8240000000000003,1.9857142857142818,11.82,7.84,46.97925597865146,,-34.14
2026-06-07 13:15:00+00:00,2026-06-07 15:15:00+02:00,2026-06-07,15,15,1,6,6,-1.1000000000000014,-24.59,-1.8539999999999999,-1.9571428571428522,1.91,-2.4,50.59010407944611,,-25.69
2026-06-07 13:30:00+00:00,2026-06-07 15:30:00+02:00,2026-06-07,15,30,2,6,6,10.170000000000002,-31.78,-5.17,-3.8228571428571425,-8.91,-8.89,47.67909054003877,,-21.61
2026-06-07 13:45:00+00:00,2026-06-07 15:45:00+02:00,2026-06-07,15,45,3,6,6,6.07,-23.87,-7.190000000000002,-4.688571428571428,-11.780000000000001,-7.54,40.31083049869462,,-17.8
2026-06-07 14:00:00+00:00,2026-06-07 16:00:00+02:00,2026-06-07,16,0,0,6,6,11.29,-28.06,-2.7939999999999987,-0.6042857142857126,-6.860000000000001,8.24,39.8877384627184,,-16.77
2026-06-07 14:15:00+00:00,2026-06-07 16:15:00+02:00,2026-06-07,16,15,1,6,6,-3.3100000000000005,-8.4,-1.768,-0.20142857142857223,-1.9299999999999997,6.6299999999999955,38.17370109767235,,-11.71
2026-06-07 14:30:00+00:00,2026-06-07 16:30:00+02:00,2026-06-07,16,30,2,6,6,3.09,-12.79,-4.586999999999993,-3.817142857142854,-7.369999999999997,-0.8200000000000003,40.876790756215144,,-9.7
2026-06-07 14:45:00+00:00,2026-06-07 16:45:00+02:00,2026-06-07,16,45,3,6,6,-19.71,16.1,2.1029999999999998,4.339999999999999,-2.549999999999997,41.64,49.66573422988262,,-3.61
2026-06-07 15:00:00+00:00,2026-06-07 17:00:00+02:00,2026-06-07,17,0,0,6,6,8.03,-14.7,-1.6490000000000016,-4.3485714285714385,-8.29,-6.280000000000001,40.48761148877477,,-6.67
2026-06-07 15:15:00+00:00,2026-06-07 17:15:00+02:00,2026-06-07,17,15,1,6,6,-6.96,-1.0,-7.536999999999997,-8.958571428571428,-8.469999999999999,-11.030000000000001,38.39987995774692,,-7.96
2026-06-07 15:30:00+00:00,2026-06-07 17:30:00+02:00,2026-06-07,17,30,2,6,6,-18.89,18.89,-6.120000000000002,-5.865714285714288,-4.109999999999999,-0.04999999999999716,41.762999344944184,,0.0
2026-06-07 15:45:00+00:00,2026-06-07 17:45:00+02:00,2026-06-07,17,45,3,6,6,-8.68,16.55,-4.266999999999999,-5.228571428571426,3.0799999999999983,-0.5699999999999932,40.70052196792631,,7.87
2026-06-07 16:00:00+00:00,2026-06-07 18:00:00+02:00,2026-06-07,18,0,0,6,6,16.27,0.05,-1.1539999999999992,-0.34428571428570975,-7.780000000000001,13.300000000000011,31.321792478495357,,16.32
2026-06-07 16:15:00+00:00,2026-06-07 18:15:00+02:00,2026-06-07,18,15,1,6,6,16.03,21.29,-3.5809999999999946,-4.515714285714286,-0.29999999999999716,-2.3499999999999943,19.60265429717293,,37.32
2026-06-07 16:30:00+00:00,2026-06-07 18:30:00+02:00,2026-06-07,18,30,2,6,6,1.0799999999999983,87.9,-6.167999999999999,-5.141428571428564,-6.88000000000001,-4.050000000000011,16.77931006191339,,88.98
2026-06-07 16:45:00+00:00,2026-06-07 18:45:00+02:00,2026-06-07,18,45,3,6,6,-3.969999999999999,115.97,-10.39100000000001,-6.748571428571444,6.47999999999999,-7.6299999999999955,19.3947960761426,,112.0
2026-06-07 17:00:00+00:00,2026-06-07 19:00:00+02:00,2026-06-07,19,0,0,6,6,16.129999999999995,78.62,-8.857000000000003,-11.915714285714287,1.039999999999992,-0.7400000000000091,23.23970938518244,,94.75
2026-06-07 17:15:00+00:00,2026-06-07 19:15:00+02:00,2026-06-07,19,15,1,6,6,5.759999999999991,107.43,-10.123000000000001,-11.347142857142856,-3.4399999999999977,-0.5799999999999841,27.589645732564215,,113.19
2026-06-07 17:30:00+00:00,2026-06-07 19:30:00+02:00,2026-06-07,19,30,2,6,6,-0.980000000000004,120.23,-8.827000000000002,-8.298571428571433,-12.830000000000013,-15.110000000000014,31.35957084394706,,119.25
2026-06-07 17:45:00+00:00,2026-06-07 19:45:00+02:00,2026-06-07,19,45,3,6,6,-18.560000000000002,148.12,-10.378999999999994,-5.441428571428572,-2.969999999999999,0.9200000000000159,62.14047869390548,,129.56
2026-06-07 18:00:00+00:00,2026-06-07 20:00:00+02:00,2026-06-07,20,0,0,6,6,26.510000000000005,99.75,-10.807000000000006,-10.237142857142866,-8.870000000000005,0.6200000000000045,48.80680337303934,,126.26
2026-06-07 18:15:00+00:00,2026-06-07 20:15:00+02:00,2026-06-07,20,15,1,6,6,3.3799999999999955,125.62,-12.184999999999999,-14.401428571428559,-14.900000000000006,-0.9799999999999898,62.873890596028566,,129.0
2026-06-07 18:30:00+00:00,2026-06-07 20:30:00+02:00,2026-06-07,20,30,2,6,6,2.719999999999999,129.28,-7.180999999999997,-7.3799999999999955,-4.969999999999999,-1.3700000000000045,100.02213945032268,,132.0
2026-06-07 18:45:00+00:00,2026-06-07 20:45:00+02:00,2026-06-07,20,45,3,6,6,4.02000000000001,135.06,-18.865999999999996,-24.812857142857133,-17.54000000000002,-21.150000000000006,87.20027275892406,,139.08
2026-06-07 19:00:00+00:00,2026-06-07 21:00:00+02:00,2026-06-07,21,0,0,6,6,1.9000000000000057,133.35,-2.2969999999999984,0.12857142857143344,-22.900000000000006,-2.769999999999982,53.84105048225706,,135.25
2026-06-07 19:15:00+00:00,2026-06-07 21:15:00+02:00,2026-06-07,21,15,1,6,6,1.1599999999999966,135.01,-13.945999999999989,-17.477142857142844,-13.029999999999973,-24.189999999999998,68.07110340431758,,136.17
2026-06-07 19:30:00+00:00,2026-06-07 21:30:00+02:00,2026-06-07,21,30,2,6,6,-1.4699999999999989,141.3,-11.063000000000008,-13.214285714285724,-3.3500000000000227,-16.980000000000018,64.74512892280588,,139.83
2026-06-07 19:45:00+00:00,2026-06-07 21:45:00+02:00,2026-06-07,21,45,3,6,6,5.789999999999992,135.0,-25.327999999999996,-33.18857142857143,-14.669999999999987,-7.450000000000017,70.98090362675222,,140.79
2026-06-07 20:00:00+00:00,2026-06-07 22:00:00+02:00,2026-06-07,22,0,0,6,6,1.8600000000000136,145.7,-2.405999999999999,-1.2371428571428587,-13.699999999999989,-3.0200000000000102,31.575134743432738,,147.56
2026-06-07 20:15:00+00:00,2026-06-07 22:15:00+02:00,2026-06-07,22,15,1,6,6,-0.09999999999999432,143.25,-5.5190000000000055,-6.971428571428577,-6.730000000000018,-1.410000000000025,36.41131770676303,,143.15
2026-06-07 20:30:00+00:00,2026-06-07 22:30:00+02:00,2026-06-07,22,30,2,6,6,1.9300000000000068,138.78,-4.6839999999999975,-6.602857142857139,-10.169999999999987,-0.9399999999999977,23.121035519986055,,140.71
2026-06-07 20:45:00+00:00,2026-06-07 22:45:00+02:00,2026-06-07,22,45,3,6,6,3.980000000000018,136.6,-12.510000000000003,-16.92714285714286,-14.420000000000002,-6.450000000000017,34.8232969890387,,140.58
2026-06-07 21:00:00+00:00,2026-06-07 23:00:00+02:00,2026-06-07,23,0,0,6,6,0.010000000000019327,148.73,-2.6209999999999996,-4.341428571428572,-13.419999999999987,0.07999999999998408,19.099981416479977,,148.74
2026-06-07 21:15:00+00:00,2026-06-07 23:15:00+02:00,2026-06-07,23,15,1,6,6,2.980000000000018,137.92,-0.5089999999999975,-0.3228571428571395,-11.61,-2.319999999999993,20.931038364901333,,140.9
2026-06-07 21:30:00+00:00,2026-06-07 23:30:00+02:00,2026-06-07,23,30,2,6,6,14.670000000000016,125.69,-2.512000000000002,-2.962857142857146,-9.759999999999991,-0.18999999999999773,19.87391455326121,,140.36
2026-06-07 21:45:00+00:00,2026-06-07 23:45:00+02:00,2026-06-07,23,45,3,6,6,-7.509999999999991,139.25,-0.9850000000000023,-1.382857142857146,-10.970000000000013,-2.280000000000001,19.770102080255036,,131.74
