feature,selection_frequency,clean_selection_frequency,selected_folds,selected_clean_folds,mean_importance,median_importance,max_importance,mean_rank,best_rank,selected_pre_cap,prefilter_keep,prefilter_reason,non_missing_count,non_missing_fraction,unique_values,family_x,pool_x,base_signal_x,corr_prune_keep,corr_prune_reason,correlated_with,max_abs_corr_with_kept,univariate_abs_spearman,family_y,pool_y,base_signal_y,family,pool,base_signal,selected
wind_offshore_forecast_da_mw,1.0,0.4444444444444444,9.0,4.0,0.051065053226461946,0.054594181134821174,0.06396114575562542,2.6666666666666665,1.0,False,True,kept,5804,0.9993112947658402,5778,da_forecast,forecast_level,wind_offshore_forecast_da_mw,True,kept,wind_onshore_forecast_id_mw,0.7340363348704705,0.14979884923826997,da_forecast,forecast_level,wind_offshore_forecast_da_mw,da_forecast,forecast_level,wind_offshore_forecast_da_mw,True
residual_load_forecast_id_approx_mw,1.0,0.4444444444444444,9.0,4.0,0.048819853413309,0.046692499506794834,0.0694209918249044,2.4444444444444446,2.0,False,True,kept,5808,1.0,5808,id_forecast,forecast_level,residual_load_forecast_id_approx_mw,True,first_ranked_feature,,0.0,0.7741881830358736,id_forecast,forecast_level,residual_load_forecast_id_approx_mw,id_forecast,forecast_level,residual_load_forecast_id_approx_mw,True
da_price_eur_mwh,1.0,0.4444444444444444,9.0,4.0,0.03745082847662855,0.03682830919466454,0.046767859869731136,4.222222222222222,2.0,False,True,kept,5808,1.0,3062,da_price,market_history,da_price_eur_mwh,True,first_ranked_feature,,0.0,0.8913462748199017,da_price,market_history,da_price_eur_mwh,da_price,market_history,da_price_eur_mwh,True
month_sin,0.6666666666666666,0.4444444444444444,6.0,4.0,0.014821286627469787,0.01634530882053638,0.04267299148436385,44.0,3.0,False,True,kept,5808,1.0,7,calendar,calendar,month_sin,True,kept,month_cos,0.605047051175707,0.07524319054337393,calendar,calendar,month_sin,calendar,calendar,month_sin,True
wind_onshore_forecast_id_mw,0.7777777777777778,0.3333333333333333,7.0,3.0,0.02322500220076191,0.020663185714634588,0.05604076935479991,31.11111111111111,2.0,False,True,kept,5808,1.0,5808,id_forecast,forecast_level,wind_onshore_forecast_id_mw,True,kept,renewable_total_forecast_id_mw,0.46531146168222365,0.2416559078036737,id_forecast,forecast_level,wind_onshore_forecast_id_mw,id_forecast,forecast_level,wind_onshore_forecast_id_mw,True
month_cos,0.8888888888888888,0.3333333333333333,8.0,3.0,0.023205168952308262,0.02299324228282935,0.03588810167997639,10.666666666666666,4.0,False,True,kept,5808,1.0,7,calendar,calendar,month_cos,True,kept,weekday_sin,0.09645983101859047,0.114679498710109,calendar,calendar,month_cos,calendar,calendar,month_cos,True
renewable_total_forecast_id_mw,0.6666666666666666,0.3333333333333333,6.0,3.0,0.023210982597810816,0.02077169283859201,0.03551911979454404,14.777777777777779,6.0,False,True,kept,5808,1.0,5808,id_forecast,forecast_level,renewable_total_forecast_id_mw,True,kept,residual_load_forecast_id_approx_mw,0.8713509510966936,0.7665594276273461,id_forecast,forecast_level,renewable_total_forecast_id_mw,id_forecast,forecast_level,renewable_total_forecast_id_mw,False
solar_forecast_id_mw_lag_7d_same_local_qh,0.2222222222222222,0.2222222222222222,2.0,2.0,0.02969630612296312,0.0,0.14692474583536355,95.55555555555556,1.0,False,True,kept,3319,0.5714531680440771,3202,id_forecast,forecast_level,solar_forecast_id_mw,True,kept,solar_forecast_da_mw_lag_14d_same_local_qh,0.9073115588506028,0.648147586512883,id_forecast,forecast_level,solar_forecast_id_mw,id_forecast,forecast_level,solar_forecast_id_mw,False
solar_forecast_id_mw,0.4444444444444444,0.2222222222222222,4.0,2.0,0.02352190731173067,0.009577136210267225,0.06221815808995424,62.44444444444444,3.0,False,True,kept,3469,0.5972796143250688,3349,id_forecast,forecast_level,solar_forecast_id_mw,True,kept,renewable_total_forecast_id_mw,0.7308696909694778,0.759654408965035,id_forecast,forecast_level,solar_forecast_id_mw,id_forecast,forecast_level,solar_forecast_id_mw,False
da_price_eur_mwh_rolling_std_14d_same_local_qh,0.5555555555555556,0.2222222222222222,5.0,2.0,0.016810875660926893,0.024900522013472797,0.03132488305219079,82.88888888888889,5.0,False,True,kept,5808,1.0,5807,da_price,market_history,da_price_eur_mwh,True,kept,ida3_price_eur_mwh_rolling_std_14d_same_local_qh,0.8379347550251194,0.06940427548622785,da_price,market_history,da_price_eur_mwh,da_price,market_history,da_price_eur_mwh,False
da_price_eur_mwh_rolling_std_7d_same_local_qh,0.6666666666666666,0.2222222222222222,6.0,2.0,0.01672032982727176,0.019681734909261388,0.02411203791153647,19.333333333333332,6.0,False,True,kept,5808,1.0,5808,da_price,market_history,da_price_eur_mwh,True,kept,da_price_eur_mwh_rolling_std_14d_same_local_qh,0.833003195211161,0.038590440472915974,da_price,market_history,da_price_eur_mwh,da_price,market_history,da_price_eur_mwh,False
wind_onshore_da_forecast_error_mw_lag_2d_same_local_qh,0.6666666666666666,0.2222222222222222,6.0,2.0,0.015638474779815444,0.017163895022597457,0.023054971905845628,20.666666666666668,7.0,False,True,kept,2736,0.47107438016528924,2736,lagged_forecast_error,lagged_forecast_error,wind_onshore_da_forecast_error_mw,True,kept,wind_onshore_da_forecast_error_mw_rolling_mean_28d_same_local_qh,0.2700520312057825,0.17004211785745388,lagged_forecast_error,lagged_forecast_error,wind_onshore_da_forecast_error_mw,lagged_forecast_error,lagged_forecast_error,wind_onshore_da_forecast_error_mw,False
ida3_minus_da_spread_eur_mwh_rolling_std_14d_same_local_qh,0.5555555555555556,0.2222222222222222,5.0,2.0,0.01437358988721942,0.016744330245674195,0.02279317555188534,26.11111111111111,8.0,False,True,kept,5568,0.9586776859504132,5568,ida3_history,market_history,ida3_minus_da_spread_eur_mwh,True,kept,ida3_minus_da_spread_eur_mwh_rolling_std_7d_same_local_qh,0.75834091795,0.005496557723081402,ida3_history,market_history,ida3_minus_da_spread_eur_mwh,ida3_history,market_history,ida3_minus_da_spread_eur_mwh,False
da_price_eur_mwh_rolling_mean_3d_same_local_qh,0.2222222222222222,0.2222222222222222,2.0,2.0,0.013978511019893836,0.008035966449624728,0.061092775512717586,111.22222222222223,2.0,False,True,kept,5808,1.0,5456,da_price,market_history,da_price_eur_mwh,True,kept,ida3_price_eur_mwh_rolling_mean_3d_same_local_qh,0.8839507050260522,0.628546267638141,da_price,market_history,da_price_eur_mwh,da_price,market_history,da_price_eur_mwh,False
ida3_price_eur_mwh_regime_vol_7d_over_28d,0.5555555555555556,0.2222222222222222,5.0,2.0,0.013305872053993133,0.016259172829101404,0.01999954288821859,30.666666666666668,10.0,False,True,kept,5040,0.8677685950413223,5040,regime_volatility,regime,ida3_price_eur_mwh,True,kept,da_price_eur_mwh_regime_mean_shift_7d_vs_28d_z,0.226282711291409,0.0494690169148741,regime_volatility,regime,ida3_price_eur_mwh,regime_volatility,regime,ida3_price_eur_mwh,False
load_forecast_da_mw,0.4444444444444444,0.2222222222222222,4.0,2.0,0.01314667263309527,0.011787916193320041,0.021597288413176596,27.333333333333332,11.0,False,True,kept,5808,1.0,5808,da_forecast,forecast_level,load_forecast_da_mw,True,kept,total_generation_forecast_da_mw,0.5144915813063216,0.2171762407663955,da_forecast,forecast_level,load_forecast_da_mw,da_forecast,forecast_level,load_forecast_da_mw,False
wind_onshore_da_forecast_error_mw_rolling_mean_3d_same_local_qh,0.3333333333333333,0.2222222222222222,3.0,2.0,0.011817862191652503,0.01135260959719478,0.021873271031659272,31.555555555555557,6.0,False,True,kept,2736,0.47107438016528924,2640,lagged_forecast_error,lagged_forecast_error,wind_onshore_da_forecast_error_mw,True,kept,wind_onshore_da_forecast_error_mw_lag_2d_same_local_qh,0.8110635306999251,0.16042855119356886,lagged_forecast_error,lagged_forecast_error,wind_onshore_da_forecast_error_mw,lagged_forecast_error,lagged_forecast_error,wind_onshore_da_forecast_error_mw,False
da_price_eur_mwh_lag_1d_same_local_qh,0.2222222222222222,0.2222222222222222,2.0,2.0,0.010972705140648893,0.009476451176750144,0.0325550567187243,71.44444444444444,7.0,False,True,kept,5806,0.9996556473829201,3242,da_price,market_history,da_price_eur_mwh,True,kept,ida3_price_eur_mwh_lag_1d_same_local_qh,0.8970188263206563,0.6536050740463899,da_price,market_history,da_price_eur_mwh,da_price,market_history,da_price_eur_mwh,False
ida3_price_eur_mwh_rolling_mean_3d_same_local_qh,0.3333333333333333,0.2222222222222222,3.0,2.0,0.01004313112581124,0.01014292318547389,0.01836995803350414,36.44444444444444,12.0,False,True,kept,3312,0.5702479338842975,3206,ida3_history,market_history,ida3_price_eur_mwh,True,kept,ida3_price_eur_mwh_lag_1d_same_local_qh,0.8561980089657633,0.6414344429910867,ida3_history,market_history,ida3_price_eur_mwh,ida3_history,market_history,ida3_price_eur_mwh,False
weekday_sin,0.3333333333333333,0.2222222222222222,3.0,2.0,0.010039092539958994,0.00733545266971991,0.018616195457123213,42.333333333333336,11.0,False,True,kept,5808,1.0,7,calendar,calendar,weekday_sin,True,kept,is_weekend,0.7796115024509163,0.12923261375092712,calendar,calendar,weekday_sin,calendar,calendar,weekday_sin,False
ida3_price_eur_mwh_regime_abs_median_28d_over_vol,0.2222222222222222,0.2222222222222222,2.0,2.0,0.008779928563370447,0.0,0.04053657267869682,177.33333333333334,5.0,False,True,kept,5328,0.9173553719008265,5327,regime_level,regime,ida3_price_eur_mwh,True,first_ranked_feature,,0.0,0.3393795769802338,regime_level,regime,ida3_price_eur_mwh,regime_level,regime,ida3_price_eur_mwh,False
load_forecast_da_mw_lag_7d_same_local_qh,0.3333333333333333,0.2222222222222222,3.0,2.0,0.007593814946992911,0.0,0.02242309162848085,62.44444444444444,9.0,False,True,kept,5664,0.9752066115702479,5664,da_forecast,forecast_level,load_forecast_da_mw,True,kept,load_forecast_da_mw_lag_14d_same_local_qh,0.8694511784759669,0.08754683389831247,da_forecast,forecast_level,load_forecast_da_mw,da_forecast,forecast_level,load_forecast_da_mw,False
wind_total_forecast_id_mw_lag_1d_same_local_qh,0.3333333333333333,0.2222222222222222,3.0,2.0,0.0072090096641373065,0.010119517305531957,0.014075419777064507,54.888888888888886,16.0,False,True,kept,5808,1.0,5808,id_forecast,forecast_level,wind_total_forecast_id_mw,True,kept,wind_offshore_forecast_id_mw_lag_1d_same_local_qh,0.8176377944946778,0.06828469033893997,id_forecast,forecast_level,wind_total_forecast_id_mw,id_forecast,forecast_level,wind_total_forecast_id_mw,False
wind_onshore_da_forecast_error_mw_lag_1d_same_local_qh,0.2222222222222222,0.2222222222222222,2.0,2.0,0.004884305982769974,0.0,0.013568151448425351,116.22222222222223,14.0,False,True,kept,2496,0.4297520661157025,2496,lagged_forecast_error,lagged_forecast_error,wind_onshore_da_forecast_error_mw,True,kept,wind_onshore_id_forecast_error_mw_lag_1d_same_local_qh,0.8263587956542148,0.034852192470343435,lagged_forecast_error,lagged_forecast_error,wind_onshore_da_forecast_error_mw,lagged_forecast_error,lagged_forecast_error,wind_onshore_da_forecast_error_mw,False
wind_offshore_da_forecast_error_mw_rolling_mean_28d_same_local_qh,0.2222222222222222,0.2222222222222222,2.0,2.0,0.003894384383251894,0.0,0.017866748929580754,96.66666666666667,11.0,False,True,kept,4896,0.8429752066115702,4176,lagged_forecast_error,lagged_forecast_error,wind_offshore_da_forecast_error_mw,True,kept,solar_id_forecast_error_mw_rolling_std_28d_same_local_qh,0.5253164775690773,0.16903040087649318,lagged_forecast_error,lagged_forecast_error,wind_offshore_da_forecast_error_mw,lagged_forecast_error,lagged_forecast_error,wind_offshore_da_forecast_error_mw,False
wind_offshore_da_forecast_error_mw_rolling_median_28d_same_local_qh,0.2222222222222222,0.2222222222222222,2.0,2.0,0.002854338317978893,0.0,0.013315921811771438,132.88888888888889,16.0,False,True,kept,4896,0.8429752066115702,2593,lagged_forecast_error,lagged_forecast_error,wind_offshore_da_forecast_error_mw,True,kept,wind_offshore_id_forecast_error_mw_rolling_median_28d_same_local_qh,0.9196975839588362,0.0931445709141339,lagged_forecast_error,lagged_forecast_error,wind_offshore_da_forecast_error_mw,lagged_forecast_error,lagged_forecast_error,wind_offshore_da_forecast_error_mw,False
ida3_price_eur_mwh_rolling_std_14d_same_local_qh,0.5555555555555556,0.1111111111111111,5.0,1.0,0.019374923844437134,0.019256687401539994,0.03237590816542541,17.555555555555557,4.0,False,True,kept,5568,0.9586776859504132,5568,ida3_history,market_history,ida3_price_eur_mwh,True,kept,ida3_price_eur_mwh_rolling_std_7d_same_local_qh,0.7651698497726914,0.10789252710724417,ida3_history,market_history,ida3_price_eur_mwh,ida3_history,market_history,ida3_price_eur_mwh,False
wind_total_forecast_id_mw_lag_2d_same_local_qh,0.5555555555555556,0.1111111111111111,5.0,1.0,0.01378063129890487,0.01493572253286171,0.019333522208650422,23.77777777777778,12.0,False,True,kept,5760,0.9917355371900827,5760,id_forecast,forecast_level,wind_total_forecast_id_mw,True,kept,total_generation_forecast_da_mw_lag_2d_same_local_qh,0.4411485553475403,0.16570302662755465,id_forecast,forecast_level,wind_total_forecast_id_mw,id_forecast,forecast_level,wind_total_forecast_id_mw,False
residual_load_forecast_da_mw_lag_7d_same_local_qh,0.2222222222222222,0.1111111111111111,2.0,1.0,0.010032242384999852,0.012795713360731384,0.017647029537201306,43.888888888888886,14.0,False,True,kept,5664,0.9752066115702479,5664,da_forecast,forecast_level,residual_load_forecast_da_mw,True,kept,renewable_total_forecast_da_mw_lag_7d_same_local_qh,0.8580276512637237,0.4002778054687135,da_forecast,forecast_level,residual_load_forecast_da_mw,da_forecast,forecast_level,residual_load_forecast_da_mw,False
ida3_price_eur_mwh_rolling_std_7d_same_local_qh,0.1111111111111111,0.1111111111111111,1.0,1.0,0.009754890168138573,0.00920337199176749,0.019815986920662262,41.0,7.0,False,True,kept,5376,0.9256198347107438,5374,ida3_history,market_history,ida3_price_eur_mwh,True,kept,ida3_price_eur_mwh_rolling_std_3d_same_local_qh,0.6479083249356338,0.10900858834693035,ida3_history,market_history,ida3_price_eur_mwh,ida3_history,market_history,ida3_price_eur_mwh,False
ida3_price_eur_mwh_lag_2d_same_local_qh,0.4444444444444444,0.1111111111111111,4.0,1.0,0.009101317421833427,0.011159609681043866,0.016158501197946297,68.55555555555556,16.0,False,True,kept,3072,0.5289256198347108,2515,ida3_history,market_history,ida3_price_eur_mwh,True,kept,ida3_price_eur_mwh_rolling_mean_3d_same_local_qh,0.909008700665246,0.5410531416071596,ida3_history,market_history,ida3_price_eur_mwh,ida3_history,market_history,ida3_price_eur_mwh,False
residual_load_forecast_da_mw_lag_2d_same_local_qh,0.1111111111111111,0.1111111111111111,1.0,1.0,0.008923481874017255,0.010671787096872136,0.017041906429744142,46.44444444444444,15.0,False,True,kept,5760,0.9917355371900827,5760,da_forecast,forecast_level,residual_load_forecast_da_mw,True,kept,renewable_total_forecast_da_mw_lag_2d_same_local_qh,0.8619830861504876,0.38793753642235607,da_forecast,forecast_level,residual_load_forecast_da_mw,da_forecast,forecast_level,residual_load_forecast_da_mw,False
load_forecast_da_mw_lag_14d_same_local_qh,0.1111111111111111,0.1111111111111111,1.0,1.0,0.007713433993999763,0.006421645266802976,0.01985079761960201,53.55555555555556,8.0,False,True,kept,5472,0.9421487603305785,5472,da_forecast,forecast_level,load_forecast_da_mw,True,kept,load_forecast_da_mw,0.8212536567791555,0.1188452492764771,da_forecast,forecast_level,load_forecast_da_mw,da_forecast,forecast_level,load_forecast_da_mw,False
renewable_total_forecast_da_mw_lag_1d_same_local_qh,0.2222222222222222,0.1111111111111111,2.0,1.0,0.007496381519326031,0.0023342132825771235,0.02991525437503311,63.77777777777778,7.0,False,True,kept,5808,1.0,5808,da_forecast,forecast_level,renewable_total_forecast_da_mw,True,kept,residual_load_forecast_da_mw_lag_1d_same_local_qh,0.8638647508609725,0.5164615003780693,da_forecast,forecast_level,renewable_total_forecast_da_mw,da_forecast,forecast_level,renewable_total_forecast_da_mw,False
renewable_total_forecast_da_mw_lag_7d_same_local_qh,0.1111111111111111,0.1111111111111111,1.0,1.0,0.006578477386207545,0.004960333154212057,0.016430768841200587,64.77777777777777,18.0,False,True,kept,5664,0.9752066115702479,5664,da_forecast,forecast_level,renewable_total_forecast_da_mw,True,kept,solar_forecast_id_mw_lag_7d_same_local_qh,0.7290608458848746,0.410955644741644,da_forecast,forecast_level,renewable_total_forecast_da_mw,da_forecast,forecast_level,renewable_total_forecast_da_mw,False
wind_offshore_forecast_id_mw_lag_7d_same_local_qh,0.1111111111111111,0.1111111111111111,1.0,1.0,0.004133520703799786,0.0,0.015695007474082503,71.22222222222223,17.0,False,True,kept,5663,0.975034435261708,5633,id_forecast,forecast_level,wind_offshore_forecast_id_mw,True,kept,wind_onshore_forecast_da_mw_lag_7d_same_local_qh,0.7206335024582713,0.029774969166023946,id_forecast,forecast_level,wind_offshore_forecast_id_mw,id_forecast,forecast_level,wind_offshore_forecast_id_mw,False
total_generation_forecast_da_mw_lag_7d_same_local_qh,0.1111111111111111,0.1111111111111111,1.0,1.0,0.004032922456738936,0.003752805184259116,0.014041838863424255,80.44444444444444,13.0,False,True,kept,5664,0.9752066115702479,5664,da_forecast,forecast_level,total_generation_forecast_da_mw,True,kept,renewable_total_forecast_da_mw_lag_7d_same_local_qh,0.8051631291796798,0.2668232107350155,da_forecast,forecast_level,total_generation_forecast_da_mw,da_forecast,forecast_level,total_generation_forecast_da_mw,False
load_da_forecast_error_mw_rolling_std_28d_same_local_qh,0.1111111111111111,0.1111111111111111,1.0,1.0,0.0033630728349152614,0.0,0.0166588609117844,135.11111111111111,17.0,False,True,kept,4896,0.8429752066115702,4176,lagged_forecast_error,lagged_forecast_error,load_da_forecast_error_mw,True,kept,load_da_forecast_error_mw_rolling_std_7d_same_local_qh,0.40652391674047034,0.017499717702773022,lagged_forecast_error,lagged_forecast_error,load_da_forecast_error_mw,lagged_forecast_error,lagged_forecast_error,load_da_forecast_error_mw,False
load_da_forecast_error_mw_rolling_mean_28d_same_local_qh,0.1111111111111111,0.1111111111111111,1.0,1.0,0.0030356635968537787,0.0,0.016953852911350428,101.11111111111111,13.0,False,True,kept,4896,0.8429752066115702,4176,lagged_forecast_error,lagged_forecast_error,load_da_forecast_error_mw,True,kept,load_da_forecast_error_mw_rolling_mean_14d_same_local_qh,0.8801827234591679,0.19430731284939334,lagged_forecast_error,lagged_forecast_error,load_da_forecast_error_mw,lagged_forecast_error,lagged_forecast_error,load_da_forecast_error_mw,False
load_da_forecast_error_mw_rolling_std_14d_same_local_qh,0.1111111111111111,0.1111111111111111,1.0,1.0,0.003005989781389024,0.0,0.01571940790678665,135.22222222222223,20.0,False,True,kept,4704,0.8099173553719008,4176,lagged_forecast_error,lagged_forecast_error,load_da_forecast_error_mw,True,kept,load_da_forecast_error_mw_rolling_std_28d_same_local_qh,0.7138611899964346,0.01705661072813452,lagged_forecast_error,lagged_forecast_error,load_da_forecast_error_mw,lagged_forecast_error,lagged_forecast_error,load_da_forecast_error_mw,False
load_forecast_da_mw_lag_1d_same_local_qh,0.1111111111111111,0.1111111111111111,1.0,1.0,0.0029033653107789197,0.0,0.015249653676758557,90.66666666666667,18.0,False,True,kept,5808,1.0,5808,da_forecast,forecast_level,load_forecast_da_mw,True,kept,load_forecast_da_mw,0.7568209855742403,0.15231164494691696,da_forecast,forecast_level,load_forecast_da_mw,da_forecast,forecast_level,load_forecast_da_mw,False
wind_onshore_id_forecast_error_mw_rolling_mean_28d_same_local_qh,0.1111111111111111,0.1111111111111111,1.0,1.0,0.0014044103540003115,0.0,0.012639693186002804,106.66666666666667,17.0,False,True,kept,4896,0.8429752066115702,4176,lagged_forecast_error,lagged_forecast_error,wind_onshore_id_forecast_error_mw,True,kept,wind_onshore_da_forecast_error_mw_rolling_mean_28d_same_local_qh,0.9136374499656139,0.15561246766492426,lagged_forecast_error,lagged_forecast_error,wind_onshore_id_forecast_error_mw,lagged_forecast_error,lagged_forecast_error,wind_onshore_id_forecast_error_mw,False
renewable_total_forecast_revision_id_minus_da_mw_rolling_mean_28d_same_local_qh,0.1111111111111111,0.1111111111111111,1.0,1.0,0.0012775870384301694,0.0,0.011498283345871524,91.11111111111111,20.0,False,True,kept,5808,1.0,5808,forecast_revision,forecast_revision,renewable_total_forecast_revision_id_minus_da_mw,True,first_ranked_feature,,0.0,0.28555086404727587,forecast_revision,forecast_revision,renewable_total_forecast_revision_id_minus_da_mw,forecast_revision,forecast_revision,renewable_total_forecast_revision_id_minus_da_mw,False
ida3_minus_da_spread_eur_mwh_rolling_std_3d_same_local_qh,0.3333333333333333,0.0,3.0,0.0,0.01510135365970554,0.014697234653295694,0.0253738368197592,20.22222222222222,8.0,False,True,kept,3312,0.5702479338842975,3189,ida3_history,market_history,ida3_minus_da_spread_eur_mwh,True,kept,ida3_price_eur_mwh_rolling_std_3d_same_local_qh,0.32658646525137786,0.03285499476491395,ida3_history,market_history,ida3_minus_da_spread_eur_mwh,ida3_history,market_history,ida3_minus_da_spread_eur_mwh,False
ida3_minus_da_spread_eur_mwh_regime_vol_28d,0.3333333333333333,0.0,3.0,0.0,0.012641395012613084,0.006893510815079929,0.04318336272734753,98.22222222222223,3.0,False,True,kept,5328,0.9173553719008265,5328,regime_volatility,regime,ida3_minus_da_spread_eur_mwh,True,kept,ida3_price_eur_mwh_regime_vol_28d,0.6612651039989834,0.02833717479108259,regime_volatility,regime,ida3_minus_da_spread_eur_mwh,regime_volatility,regime,ida3_minus_da_spread_eur_mwh,False
ida3_minus_da_spread_eur_mwh_rolling_std_28d_same_local_qh,0.3333333333333333,0.0,3.0,0.0,0.01176817242531463,0.004819139807923516,0.03880057606773413,81.66666666666667,4.0,False,True,kept,5328,0.9173553719008265,5328,ida3_history,market_history,ida3_minus_da_spread_eur_mwh,True,kept,ida3_price_eur_mwh_rolling_std_28d_same_local_qh,0.6612651039989834,0.02833717479108259,ida3_history,market_history,ida3_minus_da_spread_eur_mwh,ida3_history,market_history,ida3_minus_da_spread_eur_mwh,False
ida3_minus_da_spread_eur_mwh_lag_1d_same_local_qh,0.1111111111111111,0.0,1.0,0.0,0.010198390815372405,0.007544644415860912,0.02311424710227068,41.44444444444444,10.0,False,True,kept,3456,0.5950413223140496,2993,ida3_history,market_history,ida3_minus_da_spread_eur_mwh,True,kept,ida3_minus_da_spread_eur_mwh_rolling_median_3d_same_local_qh,0.6790424141289018,0.008834012301754821,ida3_history,market_history,ida3_minus_da_spread_eur_mwh,ida3_history,market_history,ida3_minus_da_spread_eur_mwh,False
wind_onshore_da_forecast_error_mw_lag_14d_same_local_qh,0.1111111111111111,0.0,1.0,0.0,0.009139443899033792,0.01316613000598589,0.014549563832221364,79.55555555555556,19.0,False,True,kept,2736,0.47107438016528924,2736,lagged_forecast_error,lagged_forecast_error,wind_onshore_da_forecast_error_mw,True,kept,wind_onshore_id_forecast_error_mw_lag_14d_same_local_qh,0.7882738296059727,0.03705888597541242,lagged_forecast_error,lagged_forecast_error,wind_onshore_da_forecast_error_mw,lagged_forecast_error,lagged_forecast_error,wind_onshore_da_forecast_error_mw,False
ida3_minus_da_spread_eur_mwh_regime_vol_7d_over_28d,0.0,0.0,0.0,0.0,0.008981169344412992,0.008270468324064726,0.014900547203348423,40.111111111111114,23.0,False,True,kept,5040,0.8677685950413223,5040,regime_volatility,regime,ida3_minus_da_spread_eur_mwh,True,kept,ida3_price_eur_mwh_regime_vol_7d_over_28d,0.5644789287814969,0.041025084064629395,regime_volatility,regime,ida3_minus_da_spread_eur_mwh,regime_volatility,regime,ida3_minus_da_spread_eur_mwh,False
ida3_price_eur_mwh_lag_7d_same_local_qh,0.0,0.0,0.0,0.0,0.008888578907195405,0.00957801670590972,0.013805487893860845,44.111111111111114,27.0,False,True,kept,3408,0.5867768595041323,2691,ida3_history,market_history,ida3_price_eur_mwh,True,kept,da_price_eur_mwh_lag_7d_same_local_qh,0.9034166374941565,0.4799610066690553,ida3_history,market_history,ida3_price_eur_mwh,ida3_history,market_history,ida3_price_eur_mwh,False
ida3_price_eur_mwh_rolling_mean_7d_same_local_qh,0.3333333333333333,0.0,3.0,0.0,0.008732990870109121,0.0015251963301926715,0.03146110514252659,114.0,7.0,False,True,kept,5376,0.9256198347107438,5299,ida3_history,market_history,ida3_price_eur_mwh,True,kept,ida3_price_eur_mwh_rolling_mean_3d_same_local_qh,0.9017978639794902,0.640085107212926,ida3_history,market_history,ida3_price_eur_mwh,ida3_history,market_history,ida3_price_eur_mwh,False
ida3_minus_da_spread_eur_mwh_rolling_std_7d_same_local_qh,0.1111111111111111,0.0,1.0,0.0,0.008244927702251471,0.008697970114397801,0.017116846022547944,62.0,19.0,False,True,kept,5376,0.9256198347107438,5376,ida3_history,market_history,ida3_minus_da_spread_eur_mwh,True,kept,ida3_minus_da_spread_eur_mwh_rolling_std_3d_same_local_qh,0.6542718460344741,0.007767671429501193,ida3_history,market_history,ida3_minus_da_spread_eur_mwh,ida3_history,market_history,ida3_minus_da_spread_eur_mwh,False
wind_offshore_da_forecast_error_mw_rolling_std_3d_same_local_qh,0.0,0.0,0.0,0.0,0.008107468495308816,0.007223424456307558,0.013084113220118442,46.111111111111114,24.0,False,True,kept,2735,0.4709022038567493,2637,lagged_forecast_error,lagged_forecast_error,wind_offshore_da_forecast_error_mw,True,kept,wind_offshore_id_forecast_error_mw_rolling_std_7d_same_local_qh,0.39719268641268013,0.09415157076723436,lagged_forecast_error,lagged_forecast_error,wind_offshore_da_forecast_error_mw,lagged_forecast_error,lagged_forecast_error,wind_offshore_da_forecast_error_mw,False
ida3_price_eur_mwh_rolling_std_3d_same_local_qh,0.1111111111111111,0.0,1.0,0.0,0.007999074919143232,0.00860049200635266,0.017809184489955977,78.0,13.0,False,True,kept,3312,0.5702479338842975,3187,ida3_history,market_history,ida3_price_eur_mwh,True,kept,da_price_eur_mwh_lag_7d_same_local_qh,0.1532810541707737,0.12299209027189986,ida3_history,market_history,ida3_price_eur_mwh,ida3_history,market_history,ida3_price_eur_mwh,False
renewable_total_forecast_revision_id_minus_da_mw_lag_14d_same_local_qh,0.0,0.0,0.0,0.0,0.007377528660651787,0.007581412100948404,0.011057629996588231,48.55555555555556,29.0,False,True,kept,5472,0.9421487603305785,5472,forecast_revision,forecast_revision,renewable_total_forecast_revision_id_minus_da_mw,True,kept,solar_forecast_revision_id_minus_da_mw_lag_14d_same_local_qh,0.5074906123676137,0.08952089072353363,forecast_revision,forecast_revision,renewable_total_forecast_revision_id_minus_da_mw,forecast_revision,forecast_revision,renewable_total_forecast_revision_id_minus_da_mw,False
ida3_price_eur_mwh_rolling_median_14d_same_local_qh,0.0,0.0,0.0,0.0,0.007274858601911607,0.006846180714883841,0.010299355117769981,49.666666666666664,29.0,False,True,kept,5568,0.9586776859504132,3295,ida3_history,market_history,ida3_price_eur_mwh,True,kept,da_price_eur_mwh,0.7219333552960387,0.6816757604506167,ida3_history,market_history,ida3_price_eur_mwh,ida3_history,market_history,ida3_price_eur_mwh,False
total_generation_forecast_da_mw_lag_1d_same_local_qh,0.1111111111111111,0.0,1.0,0.0,0.007255707823253624,0.006256662792808387,0.018368113670512318,52.111111111111114,13.0,False,True,kept,5808,1.0,5808,da_forecast,forecast_level,total_generation_forecast_da_mw,True,kept,renewable_total_forecast_da_mw_lag_1d_same_local_qh,0.7774089975309147,0.2943096419507217,da_forecast,forecast_level,total_generation_forecast_da_mw,da_forecast,forecast_level,total_generation_forecast_da_mw,False
load_da_forecast_error_mw_lag_7d_same_local_qh,0.2222222222222222,0.0,2.0,0.0,0.007129782999758866,0.006090254527974059,0.018765773082395118,93.22222222222223,16.0,False,True,kept,2832,0.48760330578512395,2832,lagged_forecast_error,lagged_forecast_error,load_da_forecast_error_mw,True,kept,load_da_forecast_error_mw_rolling_mean_7d_same_local_qh,0.6430254121796414,0.1190447438650968,lagged_forecast_error,lagged_forecast_error,load_da_forecast_error_mw,lagged_forecast_error,lagged_forecast_error,load_da_forecast_error_mw,False
wind_onshore_id_forecast_error_mw_lag_2d_same_local_qh,0.0,0.0,0.0,0.0,0.00687776923924285,0.009643519950146676,0.013671513418450233,85.66666666666667,27.0,False,True,kept,2736,0.47107438016528924,2736,lagged_forecast_error,lagged_forecast_error,wind_onshore_id_forecast_error_mw,True,kept,wind_onshore_da_forecast_error_mw_lag_2d_same_local_qh,0.8099350939803631,0.07842137488551218,lagged_forecast_error,lagged_forecast_error,wind_onshore_id_forecast_error_mw,lagged_forecast_error,lagged_forecast_error,wind_onshore_id_forecast_error_mw,False
wind_total_forecast_revision_id_minus_da_mw_lag_14d_same_local_qh,0.0,0.0,0.0,0.0,0.006859203569818537,0.007252043092850475,0.012549705028396384,55.55555555555556,23.0,False,True,kept,5472,0.9421487603305785,5472,forecast_revision,forecast_revision,wind_total_forecast_revision_id_minus_da_mw,True,kept,renewable_total_forecast_revision_id_minus_da_mw_lag_14d_same_local_qh,0.8986680193828694,0.05653209841621015,forecast_revision,forecast_revision,wind_total_forecast_revision_id_minus_da_mw,forecast_revision,forecast_revision,wind_total_forecast_revision_id_minus_da_mw,False
renewable_total_forecast_revision_id_minus_da_mw_lag_7d_same_local_qh,0.0,0.0,0.0,0.0,0.006793084307140412,0.007814183662012433,0.010145447343304156,58.44444444444444,32.0,False,True,kept,5664,0.9752066115702479,5664,forecast_revision,forecast_revision,renewable_total_forecast_revision_id_minus_da_mw,True,kept,solar_forecast_revision_id_minus_da_mw_lag_7d_same_local_qh,0.5216825592542299,0.09018661431404579,forecast_revision,forecast_revision,renewable_total_forecast_revision_id_minus_da_mw,forecast_revision,forecast_revision,renewable_total_forecast_revision_id_minus_da_mw,False
load_da_forecast_error_mw_rolling_std_3d_same_local_qh,0.0,0.0,0.0,0.0,0.0067364745174124975,0.0071858270988896834,0.00921241078956993,54.44444444444444,35.0,False,True,kept,2736,0.47107438016528924,2640,lagged_forecast_error,lagged_forecast_error,load_da_forecast_error_mw,True,kept,wind_onshore_da_forecast_error_mw_rolling_mean_7d_same_local_qh,0.2059842215815188,0.1257278219743517,lagged_forecast_error,lagged_forecast_error,load_da_forecast_error_mw,lagged_forecast_error,lagged_forecast_error,load_da_forecast_error_mw,False
load_forecast_da_mw_lag_2d_same_local_qh,0.0,0.0,0.0,0.0,0.006574530918274095,0.006445209012054255,0.012830481093011502,54.888888888888886,21.0,False,True,kept,5760,0.9917355371900827,5760,da_forecast,forecast_level,load_forecast_da_mw,True,kept,load_forecast_da_mw_lag_1d_same_local_qh,0.7454077351759741,0.021801579595560804,da_forecast,forecast_level,load_forecast_da_mw,da_forecast,forecast_level,load_forecast_da_mw,False
load_da_forecast_error_mw_rolling_median_3d_same_local_qh,0.1111111111111111,0.0,1.0,0.0,0.006293159373062434,0.006956113100723352,0.01450679748694265,63.55555555555556,17.0,False,True,kept,2736,0.47107438016528924,2517,lagged_forecast_error,lagged_forecast_error,load_da_forecast_error_mw,True,kept,load_da_forecast_error_mw_lag_2d_same_local_qh,0.9081567749183336,0.18516401420464812,lagged_forecast_error,lagged_forecast_error,load_da_forecast_error_mw,lagged_forecast_error,lagged_forecast_error,load_da_forecast_error_mw,False
residual_load_forecast_da_mw_lag_1d_same_local_qh,0.2222222222222222,0.0,2.0,0.0,0.006220202463103733,0.0,0.023697093098292803,75.33333333333333,6.0,False,True,kept,5808,1.0,5808,da_forecast,forecast_level,residual_load_forecast_da_mw,True,kept,solar_forecast_id_mw,0.7039546004784202,0.523617765985816,da_forecast,forecast_level,residual_load_forecast_da_mw,da_forecast,forecast_level,residual_load_forecast_da_mw,False
wind_offshore_forecast_revision_id_minus_da_mw_lag_1d_same_local_qh,0.0,0.0,0.0,0.0,0.0060397370127510475,0.006332203240373757,0.0114649914152424,59.44444444444444,36.0,False,True,kept,5802,0.9989669421487604,5734,forecast_revision,forecast_revision,wind_offshore_forecast_revision_id_minus_da_mw,True,kept,renewable_total_forecast_revision_id_minus_da_mw_rolling_mean_3d_same_local_qh,0.2699441887082769,0.09649538453117766,forecast_revision,forecast_revision,wind_offshore_forecast_revision_id_minus_da_mw,forecast_revision,forecast_revision,wind_offshore_forecast_revision_id_minus_da_mw,False
wind_onshore_da_forecast_error_mw_rolling_std_3d_same_local_qh,0.1111111111111111,0.0,1.0,0.0,0.0058599831590302985,0.0,0.01719214449127476,111.22222222222223,14.0,False,True,kept,2736,0.47107438016528924,2640,lagged_forecast_error,lagged_forecast_error,wind_onshore_da_forecast_error_mw,True,kept,wind_onshore_id_forecast_error_mw_rolling_std_3d_same_local_qh,0.569145903186012,0.015170848106601263,lagged_forecast_error,lagged_forecast_error,wind_onshore_da_forecast_error_mw,lagged_forecast_error,lagged_forecast_error,wind_onshore_da_forecast_error_mw,False
renewable_total_forecast_revision_id_minus_da_mw,0.0,0.0,0.0,0.0,0.005571755533947925,0.005194640685744747,0.007802589893676005,63.0,44.0,False,True,kept,5808,1.0,5808,forecast_revision,forecast_revision,renewable_total_forecast_revision_id_minus_da_mw,True,kept,wind_onshore_forecast_revision_id_minus_da_mw,0.8409323145775487,0.12419081911068061,forecast_revision,forecast_revision,renewable_total_forecast_revision_id_minus_da_mw,forecast_revision,forecast_revision,renewable_total_forecast_revision_id_minus_da_mw,False
ida3_volume_mw_lag_14d_same_local_qh,0.0,0.0,0.0,0.0,0.0053901836215317495,0.005757090153851295,0.01214458994794068,91.77777777777777,25.0,False,True,kept,3312,0.5702479338842975,831,ida3_history,market_history,ida3_volume_mw,True,kept,ida3_price_eur_mwh_rolling_std_28d_same_local_qh,0.2567015330325382,0.09815458285527723,ida3_history,market_history,ida3_volume_mw,ida3_history,market_history,ida3_volume_mw,False
wind_offshore_id_forecast_error_mw_rolling_std_3d_same_local_qh,0.0,0.0,0.0,0.0,0.005341969309559461,0.0056389925539330225,0.009407305818398968,85.66666666666667,40.0,False,True,kept,2735,0.4709022038567493,2639,lagged_forecast_error,lagged_forecast_error,wind_offshore_id_forecast_error_mw,True,kept,wind_offshore_da_forecast_error_mw_rolling_std_3d_same_local_qh,0.7311290940402754,0.05759030447039041,lagged_forecast_error,lagged_forecast_error,wind_offshore_id_forecast_error_mw,lagged_forecast_error,lagged_forecast_error,wind_offshore_id_forecast_error_mw,False
wind_onshore_id_forecast_error_mw_lag_7d_same_local_qh,0.2222222222222222,0.0,2.0,0.0,0.005222242831265252,0.0,0.022718352541077017,136.77777777777777,8.0,False,True,kept,2832,0.48760330578512395,2832,lagged_forecast_error,lagged_forecast_error,wind_onshore_id_forecast_error_mw,True,kept,wind_onshore_da_forecast_error_mw_lag_7d_same_local_qh,0.8052777530973466,0.043738756408131685,lagged_forecast_error,lagged_forecast_error,wind_onshore_id_forecast_error_mw,lagged_forecast_error,lagged_forecast_error,wind_onshore_id_forecast_error_mw,False
wind_offshore_forecast_id_mw_lag_14d_same_local_qh,0.0,0.0,0.0,0.0,0.005141431091140229,0.0058819080702819625,0.011415676355999589,65.44444444444444,27.0,False,True,kept,5471,0.9419765840220385,5451,id_forecast,forecast_level,wind_offshore_forecast_id_mw,True,kept,wind_onshore_forecast_da_mw_lag_14d_same_local_qh,0.6804035802721241,0.04602173436749486,id_forecast,forecast_level,wind_offshore_forecast_id_mw,id_forecast,forecast_level,wind_offshore_forecast_id_mw,False
wind_onshore_da_forecast_error_mw_rolling_median_28d_same_local_qh,0.0,0.0,0.0,0.0,0.004932053427048297,0.0054357242428780175,0.009749115417481078,84.0,37.0,False,True,kept,4896,0.8429752066115702,2431,lagged_forecast_error,lagged_forecast_error,wind_onshore_da_forecast_error_mw,True,kept,wind_onshore_da_forecast_error_mw_rolling_mean_28d_same_local_qh,0.7151596809539668,0.07818594601955148,lagged_forecast_error,lagged_forecast_error,wind_onshore_da_forecast_error_mw,lagged_forecast_error,lagged_forecast_error,wind_onshore_da_forecast_error_mw,False
residual_load_forecast_da_mw_lag_14d_same_local_qh,0.0,0.0,0.0,0.0,0.004923442318983736,0.003924984008283399,0.011735928048833078,67.44444444444444,35.0,False,True,kept,5472,0.9421487603305785,5472,da_forecast,forecast_level,residual_load_forecast_da_mw,True,kept,renewable_total_forecast_da_mw_lag_14d_same_local_qh,0.8587181625995549,0.3886284953504776,da_forecast,forecast_level,residual_load_forecast_da_mw,da_forecast,forecast_level,residual_load_forecast_da_mw,False
wind_onshore_da_forecast_error_mw_lag_7d_same_local_qh,0.0,0.0,0.0,0.0,0.004693431865044354,0.0,0.01357747657376733,125.22222222222223,21.0,False,True,kept,2832,0.48760330578512395,2832,lagged_forecast_error,lagged_forecast_error,wind_onshore_da_forecast_error_mw,True,kept,wind_onshore_da_forecast_error_mw_rolling_median_7d_same_local_qh,0.4557831210294597,0.052060443892112285,lagged_forecast_error,lagged_forecast_error,wind_onshore_da_forecast_error_mw,lagged_forecast_error,lagged_forecast_error,wind_onshore_da_forecast_error_mw,False
wind_offshore_da_forecast_error_mw_rolling_mean_3d_same_local_qh,0.0,0.0,0.0,0.0,0.004475775879807882,0.0,0.014221656829956016,125.11111111111111,24.0,False,True,kept,2735,0.4709022038567493,2637,lagged_forecast_error,lagged_forecast_error,wind_offshore_da_forecast_error_mw,True,kept,wind_offshore_da_forecast_error_mw_rolling_mean_7d_same_local_qh,0.7800608053727281,0.041031291260464293,lagged_forecast_error,lagged_forecast_error,wind_offshore_da_forecast_error_mw,lagged_forecast_error,lagged_forecast_error,wind_offshore_da_forecast_error_mw,False
wind_offshore_forecast_id_mw_lag_1d_same_local_qh,0.0,0.0,0.0,0.0,0.004435940685768356,0.003077474566733733,0.008836010279658028,69.11111111111111,28.0,False,True,kept,5807,0.9998278236914601,5773,id_forecast,forecast_level,wind_offshore_forecast_id_mw,True,kept,wind_offshore_forecast_da_mw_lag_2d_same_local_qh,0.5588890441248456,0.07372771005707571,id_forecast,forecast_level,wind_offshore_forecast_id_mw,id_forecast,forecast_level,wind_offshore_forecast_id_mw,False
ida3_minus_da_spread_eur_mwh_rolling_median_3d_same_local_qh,0.0,0.0,0.0,0.0,0.004286005701586166,0.00418272247160218,0.011378765054454561,126.33333333333333,29.0,False,True,kept,3312,0.5702479338842975,2972,ida3_history,market_history,ida3_minus_da_spread_eur_mwh,True,kept,ida3_minus_da_spread_eur_mwh_lag_2d_same_local_qh,0.7796128914949443,0.03289234053761735,ida3_history,market_history,ida3_minus_da_spread_eur_mwh,ida3_history,market_history,ida3_minus_da_spread_eur_mwh,False
load_da_forecast_error_mw_lag_1d_same_local_qh,0.0,0.0,0.0,0.0,0.004169676543875797,0.0,0.01210413399925185,91.44444444444444,25.0,False,True,kept,2496,0.4297520661157025,2496,lagged_forecast_error,lagged_forecast_error,load_da_forecast_error_mw,True,kept,solar_id_forecast_error_mw_rolling_std_7d_same_local_qh,0.2957541650202306,0.3198142789699714,lagged_forecast_error,lagged_forecast_error,load_da_forecast_error_mw,lagged_forecast_error,lagged_forecast_error,load_da_forecast_error_mw,False
wind_total_forecast_revision_id_minus_da_mw_rolling_median_28d_same_local_qh,0.0,0.0,0.0,0.0,0.004033453776381382,0.0035367623160126793,0.010986821542423114,68.88888888888889,38.0,False,True,kept,5808,1.0,2556,forecast_revision,forecast_revision,wind_total_forecast_revision_id_minus_da_mw,True,kept,renewable_total_forecast_revision_id_minus_da_mw_rolling_median_28d_same_local_qh,0.7410049702712469,0.19730263998643452,forecast_revision,forecast_revision,wind_total_forecast_revision_id_minus_da_mw,forecast_revision,forecast_revision,wind_total_forecast_revision_id_minus_da_mw,False
ida3_price_eur_mwh_lag_1d_same_local_qh,0.0,0.0,0.0,0.0,0.004015500353955858,0.0041334660193675,0.012769416825665568,123.44444444444444,22.0,False,True,kept,3456,0.5950413223140496,2717,ida3_history,market_history,ida3_price_eur_mwh,True,kept,ida3_price_eur_mwh_rolling_median_14d_same_local_qh,0.76104781218778,0.6775794946933403,ida3_history,market_history,ida3_price_eur_mwh,ida3_history,market_history,ida3_price_eur_mwh,False
da_price_eur_mwh_rolling_std_3d_same_local_qh,0.1111111111111111,0.0,1.0,0.0,0.0039729661723169815,0.0028801941763018416,0.01768884610440609,131.55555555555554,15.0,False,True,kept,5808,1.0,5802,da_price,market_history,da_price_eur_mwh,True,kept,da_price_eur_mwh_rolling_std_7d_same_local_qh,0.5672082690195414,0.022737261900897206,da_price,market_history,da_price_eur_mwh,da_price,market_history,da_price_eur_mwh,False
renewable_total_forecast_revision_id_minus_da_mw_lag_1d_same_local_qh,0.0,0.0,0.0,0.0,0.0037861204317558225,0.0031753725032842885,0.008142462461411327,83.44444444444444,35.0,False,True,kept,5808,1.0,5808,forecast_revision,forecast_revision,renewable_total_forecast_revision_id_minus_da_mw,True,kept,renewable_total_forecast_revision_id_minus_da_mw_rolling_mean_3d_same_local_qh,0.6096229341524164,0.0809923786903234,forecast_revision,forecast_revision,renewable_total_forecast_revision_id_minus_da_mw,forecast_revision,forecast_revision,renewable_total_forecast_revision_id_minus_da_mw,False
ida3_price_eur_mwh_lag_14d_same_local_qh,0.0,0.0,0.0,0.0,0.003777857897633164,0.004210160043537853,0.0067735021846327854,97.55555555555556,51.0,False,True,kept,3312,0.5702479338842975,2605,ida3_history,market_history,ida3_price_eur_mwh,True,kept,da_price_eur_mwh_lag_14d_same_local_qh,0.8500100376572631,0.5037429060189172,ida3_history,market_history,ida3_price_eur_mwh,ida3_history,market_history,ida3_price_eur_mwh,False
da_price_eur_mwh_rolling_std_28d_same_local_qh,0.1111111111111111,0.0,1.0,0.0,0.0036060066226011305,0.0,0.02480771190724144,172.0,9.0,False,True,kept,5808,1.0,5806,da_price,market_history,da_price_eur_mwh,True,kept,ida3_price_eur_mwh_rolling_std_28d_same_local_qh,0.8341974567359239,0.09785532751911125,da_price,market_history,da_price_eur_mwh,da_price,market_history,da_price_eur_mwh,False
wind_onshore_id_forecast_error_mw_rolling_median_3d_same_local_qh,0.0,0.0,0.0,0.0,0.003547636756519276,0.0,0.008474423655630477,125.88888888888889,42.0,False,True,kept,2736,0.47107438016528924,2580,lagged_forecast_error,lagged_forecast_error,wind_onshore_id_forecast_error_mw,True,kept,wind_onshore_da_forecast_error_mw_rolling_mean_3d_same_local_qh,0.8129861160030972,0.03310535000897311,lagged_forecast_error,lagged_forecast_error,wind_onshore_id_forecast_error_mw,lagged_forecast_error,lagged_forecast_error,wind_onshore_id_forecast_error_mw,False
weekday_cos,0.0,0.0,0.0,0.0,0.0033732312995364546,0.003951222056068588,0.009625696516620506,82.33333333333333,33.0,False,True,kept,5808,1.0,7,calendar,calendar,weekday_cos,True,kept,weekday_sin,0.2667531524051684,0.008104873972758168,calendar,calendar,weekday_cos,calendar,calendar,weekday_cos,False
wind_offshore_id_forecast_error_mw_lag_2d_same_local_qh,0.0,0.0,0.0,0.0,0.003365230557103041,0.003550827946543611,0.007633672806766017,115.44444444444444,49.0,False,True,kept,2736,0.47107438016528924,2736,lagged_forecast_error,lagged_forecast_error,wind_offshore_id_forecast_error_mw,True,kept,wind_offshore_da_forecast_error_mw_rolling_mean_3d_same_local_qh,0.7365706453132346,0.018742718054273442,lagged_forecast_error,lagged_forecast_error,wind_offshore_id_forecast_error_mw,lagged_forecast_error,lagged_forecast_error,wind_offshore_id_forecast_error_mw,False
wind_onshore_forecast_revision_id_minus_da_mw,0.0,0.0,0.0,0.0,0.0033610558770075555,0.0027859729376014685,0.012564229699961328,95.88888888888889,24.0,False,True,kept,5808,1.0,5808,forecast_revision,forecast_revision,wind_onshore_forecast_revision_id_minus_da_mw,True,kept,wind_total_forecast_revision_id_minus_da_mw_rolling_median_28d_same_local_qh,0.09611249683318078,0.17406962148295554,forecast_revision,forecast_revision,wind_onshore_forecast_revision_id_minus_da_mw,forecast_revision,forecast_revision,wind_onshore_forecast_revision_id_minus_da_mw,False
total_generation_forecast_da_mw_lag_14d_same_local_qh,0.0,0.0,0.0,0.0,0.00331502745025194,0.0,0.013567211999835786,79.33333333333333,25.0,False,True,kept,5472,0.9421487603305785,5472,da_forecast,forecast_level,total_generation_forecast_da_mw,True,kept,renewable_total_forecast_da_mw_lag_14d_same_local_qh,0.7842690023314999,0.22449954106479833,da_forecast,forecast_level,total_generation_forecast_da_mw,da_forecast,forecast_level,total_generation_forecast_da_mw,False
renewable_total_forecast_revision_id_minus_da_mw_rolling_std_3d_same_local_qh,0.0,0.0,0.0,0.0,0.0032753733842237976,0.0,0.010192621470822148,103.88888888888889,33.0,False,True,kept,5808,1.0,5808,forecast_revision,forecast_revision,renewable_total_forecast_revision_id_minus_da_mw,True,kept,renewable_total_forecast_revision_id_minus_da_mw_rolling_std_7d_same_local_qh,0.5903613079595653,0.1288184674210128,forecast_revision,forecast_revision,renewable_total_forecast_revision_id_minus_da_mw,forecast_revision,forecast_revision,renewable_total_forecast_revision_id_minus_da_mw,False
da_price_eur_mwh_regime_mean_shift_7d_vs_28d_z,0.1111111111111111,0.0,1.0,0.0,0.0032710995843800066,0.0,0.015869227711161542,150.88888888888889,20.0,False,True,kept,5808,1.0,5808,regime_mean_shift,regime,da_price_eur_mwh,True,kept,da_price_eur_mwh_regime_abs_median_28d_over_vol,0.032288213308974495,0.2577436121926517,regime_mean_shift,regime,da_price_eur_mwh,regime_mean_shift,regime,da_price_eur_mwh,False
da_price_eur_mwh_lag_7d_same_local_qh,0.0,0.0,0.0,0.0,0.003164923854476337,0.003934644096924292,0.006734678735005741,117.44444444444444,52.0,False,True,kept,5662,0.974862258953168,2866,da_price,market_history,da_price_eur_mwh,True,kept,ida3_price_eur_mwh_rolling_median_14d_same_local_qh,0.7602313677221048,0.5332043519440228,da_price,market_history,da_price_eur_mwh,da_price,market_history,da_price_eur_mwh,False
load_da_forecast_error_mw_lag_14d_same_local_qh,0.0,0.0,0.0,0.0,0.0029636522546493435,0.003309269710281191,0.008554229619365951,114.77777777777777,41.0,False,True,kept,2736,0.47107438016528924,2736,lagged_forecast_error,lagged_forecast_error,load_da_forecast_error_mw,True,kept,load_da_forecast_error_mw_rolling_mean_14d_same_local_qh,0.5991586851963995,0.1301008256406986,lagged_forecast_error,lagged_forecast_error,load_da_forecast_error_mw,lagged_forecast_error,lagged_forecast_error,load_da_forecast_error_mw,False
da_price_eur_mwh_lag_2d_same_local_qh,0.0,0.0,0.0,0.0,0.0029165086938988142,0.0,0.01338368277982711,159.0,28.0,False,True,kept,5758,0.9913911845730028,2977,da_price,market_history,da_price_eur_mwh,True,kept,da_price_eur_mwh_rolling_mean_3d_same_local_qh,0.9093603228091128,0.5417033718674978,da_price,market_history,da_price_eur_mwh,da_price,market_history,da_price_eur_mwh,False
renewable_total_forecast_revision_id_minus_da_mw_rolling_median_3d_same_local_qh,0.0,0.0,0.0,0.0,0.0026809071496289266,0.0,0.007074995779518283,101.11111111111111,53.0,False,True,kept,5808,1.0,4289,forecast_revision,forecast_revision,renewable_total_forecast_revision_id_minus_da_mw,True,kept,renewable_total_forecast_revision_id_minus_da_mw_rolling_mean_3d_same_local_qh,0.8552229448689498,0.08288983309922288,forecast_revision,forecast_revision,renewable_total_forecast_revision_id_minus_da_mw,forecast_revision,forecast_revision,renewable_total_forecast_revision_id_minus_da_mw,False
renewable_total_forecast_da_mw_lag_2d_same_local_qh,0.0,0.0,0.0,0.0,0.002654555558559288,0.0,0.011825841653974694,86.33333333333333,34.0,False,True,kept,5760,0.9917355371900827,5760,da_forecast,forecast_level,renewable_total_forecast_da_mw,True,kept,solar_forecast_id_mw,0.6956465150909316,0.4277385546904672,da_forecast,forecast_level,renewable_total_forecast_da_mw,da_forecast,forecast_level,renewable_total_forecast_da_mw,False
wind_onshore_forecast_revision_id_minus_da_mw_lag_7d_same_local_qh,0.0,0.0,0.0,0.0,0.0025945600216856837,0.0,0.007116099700662272,107.88888888888889,52.0,False,True,kept,5664,0.9752066115702479,5664,forecast_revision,forecast_revision,wind_onshore_forecast_revision_id_minus_da_mw,True,kept,renewable_total_forecast_revision_id_minus_da_mw_lag_7d_same_local_qh,0.8567911017719848,0.019385500924926486,forecast_revision,forecast_revision,wind_onshore_forecast_revision_id_minus_da_mw,forecast_revision,forecast_revision,wind_onshore_forecast_revision_id_minus_da_mw,False
ida3_volume_mw_lag_2d_same_local_qh,0.1111111111111111,0.0,1.0,0.0,0.0025909598740314265,0.0,0.015711726522022715,162.44444444444446,18.0,False,True,kept,3072,0.5289256198347108,847,ida3_history,market_history,ida3_volume_mw,True,kept,ida3_price_eur_mwh_rolling_std_28d_same_local_qh,0.2528405873532265,0.1131418422263905,ida3_history,market_history,ida3_volume_mw,ida3_history,market_history,ida3_volume_mw,False
ida3_minus_da_spread_eur_mwh_lag_2d_same_local_qh,0.0,0.0,0.0,0.0,0.0025697574028068896,0.0025731157081618316,0.0060989232350441335,124.77777777777777,55.0,False,True,kept,3072,0.5289256198347108,2697,ida3_history,market_history,ida3_minus_da_spread_eur_mwh,True,kept,ida3_minus_da_spread_eur_mwh_rolling_mean_7d_same_local_qh,0.5628428895542968,0.04836549521158284,ida3_history,market_history,ida3_minus_da_spread_eur_mwh,ida3_history,market_history,ida3_minus_da_spread_eur_mwh,False
wind_offshore_da_forecast_error_mw_rolling_mean_7d_same_local_qh,0.0,0.0,0.0,0.0,0.0025669974063585324,0.0,0.009884858289898414,132.11111111111111,26.0,False,True,kept,4416,0.7603305785123967,3984,lagged_forecast_error,lagged_forecast_error,wind_offshore_da_forecast_error_mw,True,kept,wind_offshore_da_forecast_error_mw_rolling_median_7d_same_local_qh,0.9067324687042424,0.12389533404326918,lagged_forecast_error,lagged_forecast_error,wind_offshore_da_forecast_error_mw,lagged_forecast_error,lagged_forecast_error,wind_offshore_da_forecast_error_mw,False
renewable_total_forecast_revision_id_minus_da_mw_rolling_median_7d_same_local_qh,0.0,0.0,0.0,0.0,0.0025471949592032533,0.0,0.00662396414763558,79.33333333333333,46.0,False,True,kept,5808,1.0,3263,forecast_revision,forecast_revision,renewable_total_forecast_revision_id_minus_da_mw,True,kept,renewable_total_forecast_revision_id_minus_da_mw_rolling_mean_14d_same_local_qh,0.5617417631226284,0.21934140334337202,forecast_revision,forecast_revision,renewable_total_forecast_revision_id_minus_da_mw,forecast_revision,forecast_revision,renewable_total_forecast_revision_id_minus_da_mw,False
ida3_volume_mw_lag_1d_same_local_qh,0.0,0.0,0.0,0.0,0.0025207014846242515,0.0,0.009607361569209312,148.88888888888889,34.0,False,True,kept,3456,0.5950413223140496,865,ida3_history,market_history,ida3_volume_mw,True,kept,da_price_eur_mwh_lag_7d_same_local_qh,0.14929940352467994,0.172836152929391,ida3_history,market_history,ida3_volume_mw,ida3_history,market_history,ida3_volume_mw,False
solar_forecast_revision_id_minus_da_mw_lag_14d_same_local_qh,0.0,0.0,0.0,0.0,0.002475435707881336,0.0,0.009268632554770244,77.55555555555556,27.0,False,True,kept,3160,0.5440771349862259,3047,forecast_revision,forecast_revision,solar_forecast_revision_id_minus_da_mw,True,kept,renewable_total_forecast_revision_id_minus_da_mw_rolling_mean_28d_same_local_qh,0.2405531696522883,0.19363709680626856,forecast_revision,forecast_revision,solar_forecast_revision_id_minus_da_mw,forecast_revision,forecast_revision,solar_forecast_revision_id_minus_da_mw,False
total_generation_forecast_da_mw_lag_2d_same_local_qh,0.0,0.0,0.0,0.0,0.0023550537453810114,0.0,0.008840317186499745,90.77777777777777,39.0,False,True,kept,5760,0.9917355371900827,5760,da_forecast,forecast_level,total_generation_forecast_da_mw,True,kept,renewable_total_forecast_da_mw_lag_2d_same_local_qh,0.795824402106373,0.2997124162326686,da_forecast,forecast_level,total_generation_forecast_da_mw,da_forecast,forecast_level,total_generation_forecast_da_mw,False
renewable_total_forecast_revision_id_minus_da_mw_rolling_median_28d_same_local_qh,0.0,0.0,0.0,0.0,0.002326824550336446,0.0,0.010440932915231361,87.22222222222223,22.0,False,True,kept,5808,1.0,2622,forecast_revision,forecast_revision,renewable_total_forecast_revision_id_minus_da_mw,True,kept,renewable_total_forecast_revision_id_minus_da_mw_rolling_mean_28d_same_local_qh,0.7399277587899268,0.22460800725845542,forecast_revision,forecast_revision,renewable_total_forecast_revision_id_minus_da_mw,forecast_revision,forecast_revision,renewable_total_forecast_revision_id_minus_da_mw,False
wind_onshore_forecast_da_mw_lag_7d_same_local_qh,0.0,0.0,0.0,0.0,0.002324413096990023,0.0,0.01053609854856594,84.33333333333333,31.0,False,True,kept,5664,0.9752066115702479,5664,da_forecast,forecast_level,wind_onshore_forecast_da_mw,True,kept,total_generation_forecast_da_mw_lag_7d_same_local_qh,0.4979792237267483,0.10117865166067513,da_forecast,forecast_level,wind_onshore_forecast_da_mw,da_forecast,forecast_level,wind_onshore_forecast_da_mw,False
wind_total_forecast_revision_id_minus_da_mw_rolling_std_7d_same_local_qh,0.0,0.0,0.0,0.0,0.0023050323515636257,0.0019546842911689565,0.0054872105414406165,104.55555555555556,63.0,False,True,kept,5808,1.0,5808,forecast_revision,forecast_revision,wind_total_forecast_revision_id_minus_da_mw,True,kept,renewable_total_forecast_revision_id_minus_da_mw_rolling_std_7d_same_local_qh,0.8602391913563993,0.02211054755036072,forecast_revision,forecast_revision,wind_total_forecast_revision_id_minus_da_mw,forecast_revision,forecast_revision,wind_total_forecast_revision_id_minus_da_mw,False
renewable_total_forecast_revision_id_minus_da_mw_rolling_mean_14d_same_local_qh,0.0,0.0,0.0,0.0,0.0021898773269277776,0.001742804501652527,0.006199166605393985,81.55555555555556,52.0,False,True,kept,5808,1.0,5808,forecast_revision,forecast_revision,renewable_total_forecast_revision_id_minus_da_mw,True,kept,renewable_total_forecast_revision_id_minus_da_mw_rolling_mean_28d_same_local_qh,0.608137453587168,0.22889069871726297,forecast_revision,forecast_revision,renewable_total_forecast_revision_id_minus_da_mw,forecast_revision,forecast_revision,renewable_total_forecast_revision_id_minus_da_mw,False
wind_offshore_forecast_revision_id_minus_da_mw_lag_7d_same_local_qh,0.1111111111111111,0.0,1.0,0.0,0.0021223286042169475,0.0,0.016832964389005202,122.77777777777777,16.0,False,True,kept,5659,0.9743457300275482,5579,forecast_revision,forecast_revision,wind_offshore_forecast_revision_id_minus_da_mw,True,kept,renewable_total_forecast_revision_id_minus_da_mw_lag_7d_same_local_qh,0.3778055091877194,0.03162591256908236,forecast_revision,forecast_revision,wind_offshore_forecast_revision_id_minus_da_mw,forecast_revision,forecast_revision,wind_offshore_forecast_revision_id_minus_da_mw,False
renewable_total_forecast_revision_id_minus_da_mw_rolling_mean_7d_same_local_qh,0.0,0.0,0.0,0.0,0.0020649685609910873,0.0,0.006452009041280429,105.22222222222223,48.0,False,True,kept,5808,1.0,5808,forecast_revision,forecast_revision,renewable_total_forecast_revision_id_minus_da_mw,True,kept,renewable_total_forecast_revision_id_minus_da_mw_rolling_median_7d_same_local_qh,0.7357928415073631,0.17317845197764536,forecast_revision,forecast_revision,renewable_total_forecast_revision_id_minus_da_mw,forecast_revision,forecast_revision,renewable_total_forecast_revision_id_minus_da_mw,False
wind_offshore_forecast_da_mw_lag_2d_same_local_qh,0.0,0.0,0.0,0.0,0.002053263416302216,0.0,0.005931105893072705,84.77777777777777,56.0,False,True,kept,5758,0.9913911845730028,5741,da_forecast,forecast_level,wind_offshore_forecast_da_mw,True,kept,wind_total_forecast_id_mw_lag_2d_same_local_qh,0.8256881453773685,0.15485608877476587,da_forecast,forecast_level,wind_offshore_forecast_da_mw,da_forecast,forecast_level,wind_offshore_forecast_da_mw,False
solar_id_forecast_error_mw_rolling_std_7d_same_local_qh,0.1111111111111111,0.0,1.0,0.0,0.001954674745112448,0.0,0.01759207270601203,121.55555555555556,15.0,False,True,kept,2442,0.42045454545454547,2194,lagged_forecast_error,lagged_forecast_error,solar_id_forecast_error_mw,True,kept,solar_id_forecast_error_mw_rolling_std_28d_same_local_qh,0.786529217923096,0.6128596222457786,lagged_forecast_error,lagged_forecast_error,solar_id_forecast_error_mw,lagged_forecast_error,lagged_forecast_error,solar_id_forecast_error_mw,False
ida3_minus_da_spread_eur_mwh_rolling_mean_7d_same_local_qh,0.0,0.0,0.0,0.0,0.0019484570776017193,0.0,0.010982697747241624,175.0,30.0,False,True,kept,5376,0.9256198347107438,5324,ida3_history,market_history,ida3_minus_da_spread_eur_mwh,True,kept,ida3_minus_da_spread_eur_mwh_rolling_mean_28d_same_local_qh,0.4587020424919509,0.09026991202936326,ida3_history,market_history,ida3_minus_da_spread_eur_mwh,ida3_history,market_history,ida3_minus_da_spread_eur_mwh,False
wind_total_forecast_revision_id_minus_da_mw_lag_1d_same_local_qh,0.0,0.0,0.0,0.0,0.0018663418432877026,0.0,0.008185714431802209,106.22222222222223,39.0,False,True,kept,5808,1.0,5808,forecast_revision,forecast_revision,wind_total_forecast_revision_id_minus_da_mw,True,kept,renewable_total_forecast_revision_id_minus_da_mw_lag_1d_same_local_qh,0.8891282041124209,0.050964618393476255,forecast_revision,forecast_revision,wind_total_forecast_revision_id_minus_da_mw,forecast_revision,forecast_revision,wind_total_forecast_revision_id_minus_da_mw,False
wind_offshore_id_forecast_error_mw_rolling_median_14d_same_local_qh,0.0,0.0,0.0,0.0,0.0018577500464229367,0.0,0.006057912774574667,121.66666666666667,58.0,False,True,kept,4704,0.8099173553719008,3002,lagged_forecast_error,lagged_forecast_error,wind_offshore_id_forecast_error_mw,True,kept,wind_offshore_da_forecast_error_mw_rolling_median_14d_same_local_qh,0.8857701687268624,0.11787021417500333,lagged_forecast_error,lagged_forecast_error,wind_offshore_id_forecast_error_mw,lagged_forecast_error,lagged_forecast_error,wind_offshore_id_forecast_error_mw,False
ida3_minus_da_spread_eur_mwh_lag_14d_same_local_qh,0.0,0.0,0.0,0.0,0.001848534564456867,0.0,0.007185134525876811,159.0,43.0,False,True,kept,3312,0.5702479338842975,2904,ida3_history,market_history,ida3_minus_da_spread_eur_mwh,True,kept,ida3_minus_da_spread_eur_mwh_rolling_mean_14d_same_local_qh,0.389853639732805,0.013673584556469944,ida3_history,market_history,ida3_minus_da_spread_eur_mwh,ida3_history,market_history,ida3_minus_da_spread_eur_mwh,False
wind_offshore_da_forecast_error_mw_lag_2d_same_local_qh,0.0,0.0,0.0,0.0,0.001698869989037922,0.0,0.005805512388062469,164.66666666666666,58.0,False,True,kept,2735,0.4709022038567493,2735,lagged_forecast_error,lagged_forecast_error,wind_offshore_da_forecast_error_mw,True,kept,wind_offshore_id_forecast_error_mw_lag_2d_same_local_qh,0.9013113275439341,0.0038137470747975043,lagged_forecast_error,lagged_forecast_error,wind_offshore_da_forecast_error_mw,lagged_forecast_error,lagged_forecast_error,wind_offshore_da_forecast_error_mw,False
wind_total_forecast_revision_id_minus_da_mw_rolling_std_28d_same_local_qh,0.0,0.0,0.0,0.0,0.0016614238895537909,0.0,0.007584183038939397,120.11111111111111,36.0,False,True,kept,5808,1.0,5808,forecast_revision,forecast_revision,wind_total_forecast_revision_id_minus_da_mw,True,kept,renewable_total_forecast_revision_id_minus_da_mw_rolling_std_28d_same_local_qh,0.8046293704208212,0.02469266330733128,forecast_revision,forecast_revision,wind_total_forecast_revision_id_minus_da_mw,forecast_revision,forecast_revision,wind_total_forecast_revision_id_minus_da_mw,False
ida3_minus_da_spread_eur_mwh_lag_7d_same_local_qh,0.0,0.0,0.0,0.0,0.0016075415638729424,0.0,0.005629086745086809,164.22222222222223,59.0,False,True,kept,3408,0.5867768595041323,2959,ida3_history,market_history,ida3_minus_da_spread_eur_mwh,True,kept,ida3_minus_da_spread_eur_mwh_rolling_mean_14d_same_local_qh,0.405872236560957,0.07769737818275772,ida3_history,market_history,ida3_minus_da_spread_eur_mwh,ida3_history,market_history,ida3_minus_da_spread_eur_mwh,False
wind_offshore_da_forecast_error_mw_rolling_median_7d_same_local_qh,0.0,0.0,0.0,0.0,0.0015945568991946242,0.0,0.007496256218954961,150.33333333333334,35.0,False,True,kept,4416,0.7603305785123967,3342,lagged_forecast_error,lagged_forecast_error,wind_offshore_da_forecast_error_mw,True,kept,wind_offshore_da_forecast_error_mw_rolling_mean_14d_same_local_qh,0.720931906644985,0.12985575592755497,lagged_forecast_error,lagged_forecast_error,wind_offshore_da_forecast_error_mw,lagged_forecast_error,lagged_forecast_error,wind_offshore_da_forecast_error_mw,False
load_da_forecast_error_mw_rolling_mean_14d_same_local_qh,0.0,0.0,0.0,0.0,0.0015821246131092889,0.0,0.0072956498063878545,109.11111111111111,38.0,False,True,kept,4704,0.8099173553719008,4176,lagged_forecast_error,lagged_forecast_error,load_da_forecast_error_mw,True,kept,load_da_forecast_error_mw_lag_1d_same_local_qh,0.5768026374657356,0.2377803283211281,lagged_forecast_error,lagged_forecast_error,load_da_forecast_error_mw,lagged_forecast_error,lagged_forecast_error,load_da_forecast_error_mw,False
da_price_eur_mwh_regime_vol_7d_over_28d,0.0,0.0,0.0,0.0,0.0015676209553268856,0.0,0.008110995100077794,195.22222222222223,42.0,False,True,kept,5808,1.0,5808,regime_volatility,regime,da_price_eur_mwh,True,kept,ida3_price_eur_mwh_regime_vol_7d_over_28d,0.5940159308943691,0.04317537881491161,regime_volatility,regime,da_price_eur_mwh,regime_volatility,regime,da_price_eur_mwh,False
ida3_price_eur_mwh_rolling_std_28d_same_local_qh,0.1111111111111111,0.0,1.0,0.0,0.0015431431624785747,0.0,0.013888288462307172,195.33333333333334,20.0,False,True,kept,5328,0.9173553719008265,5328,ida3_history,market_history,ida3_price_eur_mwh,True,kept,ida3_price_eur_mwh_rolling_std_3d_same_local_qh,0.26803320983700435,0.11872637094615007,ida3_history,market_history,ida3_price_eur_mwh,ida3_history,market_history,ida3_price_eur_mwh,False
solar_forecast_da_mw_lag_14d_same_local_qh,0.0,0.0,0.0,0.0,0.001533762129456908,0.0,0.007799578462093474,105.11111111111111,46.0,False,True,kept,3160,0.5440771349862259,3047,da_forecast,forecast_level,solar_forecast_da_mw,True,kept,solar_forecast_id_mw,0.8762022136677887,0.6628745853964721,da_forecast,forecast_level,solar_forecast_da_mw,da_forecast,forecast_level,solar_forecast_da_mw,False
wind_total_forecast_revision_id_minus_da_mw_lag_2d_same_local_qh,0.0,0.0,0.0,0.0,0.0015166771993773587,0.0,0.004919823786059993,115.11111111111111,64.0,False,True,kept,5760,0.9917355371900827,5760,forecast_revision,forecast_revision,wind_total_forecast_revision_id_minus_da_mw,True,kept,renewable_total_forecast_revision_id_minus_da_mw_lag_2d_same_local_qh,0.8848687724509539,0.07433857862091192,forecast_revision,forecast_revision,wind_total_forecast_revision_id_minus_da_mw,forecast_revision,forecast_revision,wind_total_forecast_revision_id_minus_da_mw,False
wind_onshore_da_forecast_error_mw_rolling_mean_7d_same_local_qh,0.0,0.0,0.0,0.0,0.00151166268923909,0.0,0.004304490859211221,102.33333333333333,71.0,False,True,kept,4416,0.7603305785123967,3984,lagged_forecast_error,lagged_forecast_error,wind_onshore_da_forecast_error_mw,True,kept,wind_onshore_da_forecast_error_mw_lag_2d_same_local_qh,0.5854291160864223,0.16194572641066585,lagged_forecast_error,lagged_forecast_error,wind_onshore_da_forecast_error_mw,lagged_forecast_error,lagged_forecast_error,wind_onshore_da_forecast_error_mw,False
total_generation_forecast_da_mw,0.0,0.0,0.0,0.0,0.0015106076743175662,0.0,0.013595469068858095,100.88888888888889,29.0,False,True,kept,5808,1.0,5808,da_forecast,forecast_level,total_generation_forecast_da_mw,True,kept,renewable_total_forecast_id_mw,0.7996906382282327,0.46145417054510846,da_forecast,forecast_level,total_generation_forecast_da_mw,da_forecast,forecast_level,total_generation_forecast_da_mw,False
wind_onshore_da_forecast_error_mw_rolling_median_7d_same_local_qh,0.0,0.0,0.0,0.0,0.0015091271138836736,0.0,0.005797468309396806,137.11111111111111,60.0,False,True,kept,4416,0.7603305785123967,3334,lagged_forecast_error,lagged_forecast_error,wind_onshore_da_forecast_error_mw,True,kept,wind_onshore_da_forecast_error_mw_rolling_mean_7d_same_local_qh,0.8370630709905936,0.11900968546295605,lagged_forecast_error,lagged_forecast_error,wind_onshore_da_forecast_error_mw,lagged_forecast_error,lagged_forecast_error,wind_onshore_da_forecast_error_mw,False
wind_onshore_id_forecast_error_mw_rolling_mean_7d_same_local_qh,0.0,0.0,0.0,0.0,0.0014824753358659473,0.0,0.004722249378037153,140.66666666666666,69.0,False,True,kept,4416,0.7603305785123967,3984,lagged_forecast_error,lagged_forecast_error,wind_onshore_id_forecast_error_mw,True,kept,wind_onshore_da_forecast_error_mw_rolling_mean_7d_same_local_qh,0.8653916692116702,0.06347007178677325,lagged_forecast_error,lagged_forecast_error,wind_onshore_id_forecast_error_mw,lagged_forecast_error,lagged_forecast_error,wind_onshore_id_forecast_error_mw,False
wind_total_forecast_revision_id_minus_da_mw_regime_mean_shift_7d_vs_28d_z,0.0,0.0,0.0,0.0,0.0014584289482047303,0.0,0.00680376782842576,198.33333333333334,47.0,False,True,kept,5808,1.0,5808,regime_mean_shift,regime,wind_total_forecast_revision_id_minus_da_mw,True,kept,renewable_total_forecast_revision_id_minus_da_mw_regime_mean_shift_7d_vs_28d_z,0.9031728632326228,0.002606117999316265,regime_mean_shift,regime,wind_total_forecast_revision_id_minus_da_mw,regime_mean_shift,regime,wind_total_forecast_revision_id_minus_da_mw,False
wind_total_forecast_revision_id_minus_da_mw_rolling_mean_14d_same_local_qh,0.0,0.0,0.0,0.0,0.0014542671981144933,0.0,0.007092376660673374,117.44444444444444,45.0,False,True,kept,5808,1.0,5808,forecast_revision,forecast_revision,wind_total_forecast_revision_id_minus_da_mw,True,kept,renewable_total_forecast_revision_id_minus_da_mw_rolling_mean_14d_same_local_qh,0.8419957891894853,0.037651197546770425,forecast_revision,forecast_revision,wind_total_forecast_revision_id_minus_da_mw,forecast_revision,forecast_revision,wind_total_forecast_revision_id_minus_da_mw,False
wind_onshore_id_forecast_error_mw_lag_1d_same_local_qh,0.0,0.0,0.0,0.0,0.0014419368565021299,0.0,0.006014983461737179,136.66666666666666,59.0,False,True,kept,2496,0.4297520661157025,2496,lagged_forecast_error,lagged_forecast_error,wind_onshore_id_forecast_error_mw,True,kept,wind_onshore_da_forecast_error_mw_rolling_mean_7d_same_local_qh,0.47234820266461847,0.11875706106394869,lagged_forecast_error,lagged_forecast_error,wind_onshore_id_forecast_error_mw,lagged_forecast_error,lagged_forecast_error,wind_onshore_id_forecast_error_mw,False
wind_total_forecast_revision_id_minus_da_mw_rolling_mean_3d_same_local_qh,0.0,0.0,0.0,0.0,0.0014061317386218043,0.0,0.004954243461789756,118.44444444444444,68.0,False,True,kept,5808,1.0,5808,forecast_revision,forecast_revision,wind_total_forecast_revision_id_minus_da_mw,True,kept,renewable_total_forecast_revision_id_minus_da_mw_rolling_mean_3d_same_local_qh,0.8955178596233374,0.03689036806803293,forecast_revision,forecast_revision,wind_total_forecast_revision_id_minus_da_mw,forecast_revision,forecast_revision,wind_total_forecast_revision_id_minus_da_mw,False
renewable_total_forecast_revision_id_minus_da_mw_rolling_mean_3d_same_local_qh,0.0,0.0,0.0,0.0,0.0013623166009876682,0.0,0.006615118446013421,119.33333333333333,47.0,False,True,kept,5808,1.0,5808,forecast_revision,forecast_revision,renewable_total_forecast_revision_id_minus_da_mw,True,kept,renewable_total_forecast_revision_id_minus_da_mw_rolling_mean_7d_same_local_qh,0.5988857208831225,0.10426262257592928,forecast_revision,forecast_revision,renewable_total_forecast_revision_id_minus_da_mw,forecast_revision,forecast_revision,renewable_total_forecast_revision_id_minus_da_mw,False
wind_total_forecast_revision_id_minus_da_mw_regime_vol_28d,0.0,0.0,0.0,0.0,0.0013579916616415406,0.0,0.006490047880547482,196.88888888888889,48.0,False,True,kept,5808,1.0,5808,regime_volatility,regime,wind_total_forecast_revision_id_minus_da_mw,True,kept,renewable_total_forecast_revision_id_minus_da_mw_regime_vol_28d,0.8046293704208212,0.02469266330733128,regime_volatility,regime,wind_total_forecast_revision_id_minus_da_mw,regime_volatility,regime,wind_total_forecast_revision_id_minus_da_mw,False
ida3_minus_da_spread_eur_mwh_regime_mean_shift_7d_vs_28d_z,0.0,0.0,0.0,0.0,0.0013379754095720743,0.0,0.007178816433570338,182.11111111111111,44.0,False,True,kept,5040,0.8677685950413223,5040,regime_mean_shift,regime,ida3_minus_da_spread_eur_mwh,True,kept,da_price_eur_mwh_regime_mean_shift_7d_vs_28d_z,0.20935683156534096,0.06244231103874219,regime_mean_shift,regime,ida3_minus_da_spread_eur_mwh,regime_mean_shift,regime,ida3_minus_da_spread_eur_mwh,False
is_weekend,0.0,0.0,0.0,0.0,0.0013258931660103167,0.0,0.006667299517416661,106.22222222222223,45.0,False,True,kept,5808,1.0,2,calendar,calendar,is_weekend,True,kept,,0.0,0.18571129239924983,calendar,calendar,is_weekend,calendar,calendar,is_weekend,False
renewable_total_forecast_da_mw_lag_14d_same_local_qh,0.0,0.0,0.0,0.0,0.001313114014080329,0.0,0.009375668071875573,91.22222222222223,37.0,False,True,kept,5472,0.9421487603305785,5472,da_forecast,forecast_level,renewable_total_forecast_da_mw,True,kept,solar_forecast_da_mw_lag_14d_same_local_qh,0.7229985466676342,0.394062241095006,da_forecast,forecast_level,renewable_total_forecast_da_mw,da_forecast,forecast_level,renewable_total_forecast_da_mw,False
wind_offshore_forecast_revision_id_minus_da_mw_lag_14d_same_local_qh,0.0,0.0,0.0,0.0,0.0013099861659887635,0.0,0.006231903580248353,118.44444444444444,58.0,False,True,kept,5469,0.9416322314049587,5385,forecast_revision,forecast_revision,wind_offshore_forecast_revision_id_minus_da_mw,True,kept,wind_total_forecast_revision_id_minus_da_mw_lag_14d_same_local_qh,0.46258890934580876,0.005246033299488634,forecast_revision,forecast_revision,wind_offshore_forecast_revision_id_minus_da_mw,forecast_revision,forecast_revision,wind_offshore_forecast_revision_id_minus_da_mw,False
load_da_forecast_error_mw_lag_2d_same_local_qh,0.0,0.0,0.0,0.0,0.0013036313303089176,0.0,0.006948475682267723,112.22222222222223,47.0,False,True,kept,2736,0.47107438016528924,2736,lagged_forecast_error,lagged_forecast_error,load_da_forecast_error_mw,True,kept,load_da_forecast_error_mw_rolling_mean_7d_same_local_qh,0.8040831459587402,0.21381760846906936,lagged_forecast_error,lagged_forecast_error,load_da_forecast_error_mw,lagged_forecast_error,lagged_forecast_error,load_da_forecast_error_mw,False
da_price_eur_mwh_lag_14d_same_local_qh,0.0,0.0,0.0,0.0,0.0012812906148718685,0.0,0.005797317084188732,179.33333333333334,55.0,False,True,kept,5472,0.9421487603305785,2855,da_price,market_history,da_price_eur_mwh,True,kept,da_price_eur_mwh_rolling_median_28d_same_local_qh,0.7159341530091626,0.5269926465283941,da_price,market_history,da_price_eur_mwh,da_price,market_history,da_price_eur_mwh,False
load_da_forecast_error_mw_rolling_mean_7d_same_local_qh,0.0,0.0,0.0,0.0,0.0012805551152533026,0.0,0.004095958396759394,110.66666666666667,76.0,False,True,kept,4416,0.7603305785123967,3984,lagged_forecast_error,lagged_forecast_error,load_da_forecast_error_mw,True,kept,load_da_forecast_error_mw_rolling_mean_14d_same_local_qh,0.8162894856149775,0.2163853381520766,lagged_forecast_error,lagged_forecast_error,load_da_forecast_error_mw,lagged_forecast_error,lagged_forecast_error,load_da_forecast_error_mw,False
solar_da_forecast_error_mw_rolling_mean_28d_same_local_qh,0.0,0.0,0.0,0.0,0.0012788339955019075,0.0,0.011509505959517169,116.11111111111111,26.0,False,True,kept,2760,0.47520661157024796,2298,lagged_forecast_error,lagged_forecast_error,solar_da_forecast_error_mw,True,kept,solar_da_forecast_error_mw_rolling_mean_14d_same_local_qh,0.7413992824639448,0.22745824909462328,lagged_forecast_error,lagged_forecast_error,solar_da_forecast_error_mw,lagged_forecast_error,lagged_forecast_error,solar_da_forecast_error_mw,False
load_da_forecast_error_mw_rolling_std_7d_same_local_qh,0.0,0.0,0.0,0.0,0.0012434578217311264,0.0,0.004204630730353712,158.77777777777777,72.0,False,True,kept,4416,0.7603305785123967,3984,lagged_forecast_error,lagged_forecast_error,load_da_forecast_error_mw,True,kept,load_da_forecast_error_mw_rolling_std_3d_same_local_qh,0.5294248616790785,0.04722022435915577,lagged_forecast_error,lagged_forecast_error,load_da_forecast_error_mw,lagged_forecast_error,lagged_forecast_error,load_da_forecast_error_mw,False
solar_forecast_revision_id_minus_da_mw_lag_7d_same_local_qh,0.0,0.0,0.0,0.0,0.0011717073881139155,0.0,0.005336312927241181,87.0,62.0,False,True,kept,3318,0.5712809917355371,3203,forecast_revision,forecast_revision,solar_forecast_revision_id_minus_da_mw,True,kept,renewable_total_forecast_revision_id_minus_da_mw_rolling_mean_28d_same_local_qh,0.34954262330610886,0.2167709360974632,forecast_revision,forecast_revision,solar_forecast_revision_id_minus_da_mw,forecast_revision,forecast_revision,solar_forecast_revision_id_minus_da_mw,False
wind_total_forecast_revision_id_minus_da_mw_rolling_mean_28d_same_local_qh,0.0,0.0,0.0,0.0,0.0010963883880499453,0.0,0.005681528586805295,110.44444444444444,57.0,False,True,kept,5808,1.0,5808,forecast_revision,forecast_revision,wind_total_forecast_revision_id_minus_da_mw,True,kept,renewable_total_forecast_revision_id_minus_da_mw_rolling_mean_28d_same_local_qh,0.7388721983829828,0.09143271886306603,forecast_revision,forecast_revision,wind_total_forecast_revision_id_minus_da_mw,forecast_revision,forecast_revision,wind_total_forecast_revision_id_minus_da_mw,False
wind_onshore_id_forecast_error_mw_rolling_median_7d_same_local_qh,0.0,0.0,0.0,0.0,0.0010514695778585947,0.0,0.006326650813798378,182.11111111111111,52.0,False,True,kept,4416,0.7603305785123967,3269,lagged_forecast_error,lagged_forecast_error,wind_onshore_id_forecast_error_mw,True,kept,wind_onshore_id_forecast_error_mw_rolling_mean_7d_same_local_qh,0.8222510353727219,0.00022880892064539458,lagged_forecast_error,lagged_forecast_error,wind_onshore_id_forecast_error_mw,lagged_forecast_error,lagged_forecast_error,wind_onshore_id_forecast_error_mw,False
ida3_volume_mw_lag_7d_same_local_qh,0.0,0.0,0.0,0.0,0.00103901281524635,0.0,0.005398408198076013,182.22222222222223,61.0,False,True,kept,3408,0.5867768595041323,784,ida3_history,market_history,ida3_volume_mw,True,kept,ida3_price_eur_mwh_rolling_std_28d_same_local_qh,0.23344261102805133,0.09872073958718071,ida3_history,market_history,ida3_volume_mw,ida3_history,market_history,ida3_volume_mw,False
wind_total_forecast_revision_id_minus_da_mw_rolling_std_14d_same_local_qh,0.0,0.0,0.0,0.0,0.0009890135758641846,0.0,0.0054845040407826015,125.33333333333333,61.0,False,True,kept,5808,1.0,5808,forecast_revision,forecast_revision,wind_total_forecast_revision_id_minus_da_mw,True,kept,renewable_total_forecast_revision_id_minus_da_mw_rolling_std_14d_same_local_qh,0.8213433878195493,0.03313731867998193,forecast_revision,forecast_revision,wind_total_forecast_revision_id_minus_da_mw,forecast_revision,forecast_revision,wind_total_forecast_revision_id_minus_da_mw,False
solar_forecast_revision_id_minus_da_mw,0.0,0.0,0.0,0.0,0.0009832641254108976,0.0,0.006508808672850823,122.55555555555556,50.0,False,True,kept,3469,0.5972796143250688,3351,forecast_revision,forecast_revision,solar_forecast_revision_id_minus_da_mw,True,kept,renewable_total_forecast_revision_id_minus_da_mw,0.49195267055390696,0.10647488890329873,forecast_revision,forecast_revision,solar_forecast_revision_id_minus_da_mw,forecast_revision,forecast_revision,solar_forecast_revision_id_minus_da_mw,False
renewable_total_forecast_revision_id_minus_da_mw_regime_mean_shift_7d_vs_28d_z,0.0,0.0,0.0,0.0,0.000922118329225446,0.0,0.005446555979609626,202.22222222222223,64.0,False,True,kept,5808,1.0,5808,regime_mean_shift,regime,renewable_total_forecast_revision_id_minus_da_mw,True,kept,ida3_minus_da_spread_eur_mwh_regime_mean_shift_7d_vs_28d_z,0.23965886388265786,0.02298754110787326,regime_mean_shift,regime,renewable_total_forecast_revision_id_minus_da_mw,regime_mean_shift,regime,renewable_total_forecast_revision_id_minus_da_mw,False
hour_cos,0.0,0.0,0.0,0.0,0.0009035892109799106,0.0,0.008132302898819195,102.77777777777777,45.0,False,True,kept,5808,1.0,12,calendar,calendar,hour_cos,True,kept,hour_sin,0.3356643356643357,0.32986601268512267,calendar,calendar,hour_cos,calendar,calendar,hour_cos,False
renewable_total_forecast_revision_id_minus_da_mw_regime_vol_28d,0.0,0.0,0.0,0.0,0.0008229215427925015,0.0,0.004004681457735971,197.55555555555554,79.0,False,True,kept,5808,1.0,5808,regime_volatility,regime,renewable_total_forecast_revision_id_minus_da_mw,True,kept,ida3_price_eur_mwh_regime_mean_shift_7d_vs_28d_z,0.3118348201135647,0.24439405833286462,regime_volatility,regime,renewable_total_forecast_revision_id_minus_da_mw,regime_volatility,regime,renewable_total_forecast_revision_id_minus_da_mw,False
wind_offshore_id_forecast_error_mw_rolling_median_28d_same_local_qh,0.0,0.0,0.0,0.0,0.0007721978932115742,0.0,0.006949781038904168,151.0,45.0,False,True,kept,4896,0.8429752066115702,2489,lagged_forecast_error,lagged_forecast_error,wind_offshore_id_forecast_error_mw,True,kept,wind_offshore_da_forecast_error_mw_rolling_mean_28d_same_local_qh,0.8466366177858259,0.10724095374784243,lagged_forecast_error,lagged_forecast_error,wind_offshore_id_forecast_error_mw,lagged_forecast_error,lagged_forecast_error,wind_offshore_id_forecast_error_mw,False
wind_offshore_da_forecast_error_mw_lag_7d_same_local_qh,0.0,0.0,0.0,0.0,0.0007254863201266238,0.0,0.006529376881139614,174.22222222222223,55.0,False,True,kept,2831,0.487431129476584,2830,lagged_forecast_error,lagged_forecast_error,wind_offshore_da_forecast_error_mw,True,kept,wind_offshore_da_forecast_error_mw_rolling_mean_7d_same_local_qh,0.556299387780014,0.03328247071177152,lagged_forecast_error,lagged_forecast_error,wind_offshore_da_forecast_error_mw,lagged_forecast_error,lagged_forecast_error,wind_offshore_da_forecast_error_mw,False
wind_total_forecast_revision_id_minus_da_mw_rolling_median_7d_same_local_qh,0.0,0.0,0.0,0.0,0.0006880800670272902,0.0,0.006192720603245611,120.44444444444444,52.0,False,True,kept,5808,1.0,3314,forecast_revision,forecast_revision,wind_total_forecast_revision_id_minus_da_mw,True,kept,renewable_total_forecast_revision_id_minus_da_mw_rolling_median_7d_same_local_qh,0.735359367539818,0.10051361886400832,forecast_revision,forecast_revision,wind_total_forecast_revision_id_minus_da_mw,forecast_revision,forecast_revision,wind_total_forecast_revision_id_minus_da_mw,False
wind_onshore_da_forecast_error_mw_rolling_std_7d_same_local_qh,0.0,0.0,0.0,0.0,0.0006831471103351059,0.0,0.006148323993015953,156.11111111111111,53.0,False,True,kept,4416,0.7603305785123967,3984,lagged_forecast_error,lagged_forecast_error,wind_onshore_da_forecast_error_mw,True,kept,wind_onshore_id_forecast_error_mw_rolling_std_14d_same_local_qh,0.38562472011755045,0.11373153626159396,lagged_forecast_error,lagged_forecast_error,wind_onshore_da_forecast_error_mw,lagged_forecast_error,lagged_forecast_error,wind_onshore_da_forecast_error_mw,False
renewable_total_forecast_revision_id_minus_da_mw_rolling_std_28d_same_local_qh,0.0,0.0,0.0,0.0,0.0006662631038586647,0.0,0.00372240022659229,90.66666666666667,83.0,False,True,kept,5808,1.0,5808,forecast_revision,forecast_revision,renewable_total_forecast_revision_id_minus_da_mw,True,kept,renewable_total_forecast_revision_id_minus_da_mw_rolling_mean_28d_same_local_qh,0.14506536117451563,0.24439405833286462,forecast_revision,forecast_revision,renewable_total_forecast_revision_id_minus_da_mw,forecast_revision,forecast_revision,renewable_total_forecast_revision_id_minus_da_mw,False
wind_offshore_id_forecast_error_mw_rolling_std_28d_same_local_qh,0.0,0.0,0.0,0.0,0.0006619704247893971,0.0,0.005957733823104574,115.11111111111111,61.0,False,True,kept,4896,0.8429752066115702,4176,lagged_forecast_error,lagged_forecast_error,wind_offshore_id_forecast_error_mw,True,kept,wind_onshore_id_forecast_error_mw_rolling_std_28d_same_local_qh,0.379392775756623,0.18558562563076716,lagged_forecast_error,lagged_forecast_error,wind_offshore_id_forecast_error_mw,lagged_forecast_error,lagged_forecast_error,wind_offshore_id_forecast_error_mw,False
hour_sin,0.0,0.0,0.0,0.0,0.0006369367305299157,0.0,0.005732430574769241,106.22222222222223,59.0,False,True,kept,5808,1.0,12,calendar,calendar,hour_sin,True,first_ranked_feature,,0.0,0.4099948610286776,calendar,calendar,hour_sin,calendar,calendar,hour_sin,False
wind_total_forecast_revision_id_minus_da_mw_rolling_mean_7d_same_local_qh,0.0,0.0,0.0,0.0,0.0006206524551207623,0.0,0.0030282560327314426,129.88888888888889,77.0,False,True,kept,5808,1.0,5808,forecast_revision,forecast_revision,wind_total_forecast_revision_id_minus_da_mw,True,kept,renewable_total_forecast_revision_id_minus_da_mw_rolling_mean_7d_same_local_qh,0.8573124562941377,0.02846259552760003,forecast_revision,forecast_revision,wind_total_forecast_revision_id_minus_da_mw,forecast_revision,forecast_revision,wind_total_forecast_revision_id_minus_da_mw,False
wind_total_forecast_revision_id_minus_da_mw_rolling_median_3d_same_local_qh,0.0,0.0,0.0,0.0,0.0005855722982773844,0.0,0.003004427533007679,128.33333333333334,87.0,False,True,kept,5808,1.0,4245,forecast_revision,forecast_revision,wind_total_forecast_revision_id_minus_da_mw,True,kept,renewable_total_forecast_revision_id_minus_da_mw_rolling_median_3d_same_local_qh,0.8220324878509839,0.04084109805327401,forecast_revision,forecast_revision,wind_total_forecast_revision_id_minus_da_mw,forecast_revision,forecast_revision,wind_total_forecast_revision_id_minus_da_mw,False
renewable_total_forecast_revision_id_minus_da_mw_lag_2d_same_local_qh,0.0,0.0,0.0,0.0,0.0005817498185430186,0.0,0.004332490703794815,113.77777777777777,74.0,False,True,kept,5760,0.9917355371900827,5760,forecast_revision,forecast_revision,renewable_total_forecast_revision_id_minus_da_mw,True,kept,solar_forecast_revision_id_minus_da_mw_lag_2d_same_local_qh,0.5204781249399295,0.10554459726083866,forecast_revision,forecast_revision,renewable_total_forecast_revision_id_minus_da_mw,forecast_revision,forecast_revision,renewable_total_forecast_revision_id_minus_da_mw,False
solar_da_forecast_error_mw_rolling_median_28d_same_local_qh,0.0,0.0,0.0,0.0,0.0005387300074175158,0.0,0.004848570066757642,158.0,68.0,False,True,kept,2760,0.47520661157024796,1555,lagged_forecast_error,lagged_forecast_error,solar_da_forecast_error_mw,True,kept,solar_da_forecast_error_mw_rolling_mean_28d_same_local_qh,0.884753450616639,0.11252086888286421,lagged_forecast_error,lagged_forecast_error,solar_da_forecast_error_mw,lagged_forecast_error,lagged_forecast_error,solar_da_forecast_error_mw,False
wind_offshore_forecast_revision_id_minus_da_mw_lag_2d_same_local_qh,0.0,0.0,0.0,0.0,0.0004990825284766095,0.0,0.004491742756289485,136.44444444444446,66.0,False,True,kept,5758,0.9913911845730028,5675,forecast_revision,forecast_revision,wind_offshore_forecast_revision_id_minus_da_mw,True,kept,wind_total_forecast_revision_id_minus_da_mw_lag_2d_same_local_qh,0.3710688103323898,0.03801412510910215,forecast_revision,forecast_revision,wind_offshore_forecast_revision_id_minus_da_mw,forecast_revision,forecast_revision,wind_offshore_forecast_revision_id_minus_da_mw,False
solar_da_forecast_error_mw_rolling_std_14d_same_local_qh,0.0,0.0,0.0,0.0,0.0004798174909058427,0.0,0.004318357418152585,126.33333333333333,75.0,False,True,kept,2647,0.45575068870523416,2352,lagged_forecast_error,lagged_forecast_error,solar_da_forecast_error_mw,True,kept,solar_id_forecast_error_mw_rolling_std_28d_same_local_qh,0.904443270548189,0.6126228567008248,lagged_forecast_error,lagged_forecast_error,solar_da_forecast_error_mw,lagged_forecast_error,lagged_forecast_error,solar_da_forecast_error_mw,False
solar_forecast_revision_id_minus_da_mw_lag_1d_same_local_qh,0.0,0.0,0.0,0.0,0.0004675169319364706,0.0,0.004207652387428235,127.0,77.0,False,True,kept,3459,0.5955578512396694,3342,forecast_revision,forecast_revision,solar_forecast_revision_id_minus_da_mw,True,kept,renewable_total_forecast_revision_id_minus_da_mw_rolling_mean_7d_same_local_qh,0.309554087953722,0.14522002427473812,forecast_revision,forecast_revision,solar_forecast_revision_id_minus_da_mw,forecast_revision,forecast_revision,solar_forecast_revision_id_minus_da_mw,False
solar_id_forecast_error_mw_rolling_mean_14d_same_local_qh,0.0,0.0,0.0,0.0,0.00045549315790559735,0.0,0.004099438421150376,168.66666666666666,74.0,False,True,kept,2649,0.45609504132231404,2353,lagged_forecast_error,lagged_forecast_error,solar_id_forecast_error_mw,True,kept,solar_da_forecast_error_mw_rolling_mean_14d_same_local_qh,0.806372212175302,0.09291857150262844,lagged_forecast_error,lagged_forecast_error,solar_id_forecast_error_mw,lagged_forecast_error,lagged_forecast_error,solar_id_forecast_error_mw,False
wind_offshore_da_forecast_error_mw_lag_1d_same_local_qh,0.0,0.0,0.0,0.0,0.0004295730166705458,0.0,0.0038661571500349123,156.88888888888889,75.0,False,True,kept,2494,0.4294077134986226,2493,lagged_forecast_error,lagged_forecast_error,wind_offshore_da_forecast_error_mw,True,kept,wind_offshore_da_forecast_error_mw_rolling_median_7d_same_local_qh,0.5078307788165746,0.10965914948941947,lagged_forecast_error,lagged_forecast_error,wind_offshore_da_forecast_error_mw,lagged_forecast_error,lagged_forecast_error,wind_offshore_da_forecast_error_mw,False
ida3_price_eur_mwh_regime_mean_shift_7d_vs_28d_z,0.0,0.0,0.0,0.0,0.0004284667461829332,0.0,0.0033617004712925154,193.55555555555554,79.0,False,True,kept,5040,0.8677685950413223,5040,regime_mean_shift,regime,ida3_price_eur_mwh,True,kept,da_price_eur_mwh_regime_mean_shift_7d_vs_28d_z,0.8139993601715126,0.2564238755553235,regime_mean_shift,regime,ida3_price_eur_mwh,regime_mean_shift,regime,ida3_price_eur_mwh,False
solar_id_forecast_error_mw_rolling_median_7d_same_local_qh,0.0,0.0,0.0,0.0,0.0004161058252562188,0.0,0.003744952427305969,179.88888888888889,69.0,False,True,kept,2442,0.42045454545454547,1876,lagged_forecast_error,lagged_forecast_error,solar_id_forecast_error_mw,True,kept,solar_id_forecast_error_mw_rolling_mean_7d_same_local_qh,0.9035928637780791,0.04164425960665672,lagged_forecast_error,lagged_forecast_error,solar_id_forecast_error_mw,lagged_forecast_error,lagged_forecast_error,solar_id_forecast_error_mw,False
renewable_total_forecast_revision_id_minus_da_mw_rolling_std_14d_same_local_qh,0.0,0.0,0.0,0.0,0.0004010239797786906,0.0,0.0036092158180082152,89.0,82.0,False,True,kept,5808,1.0,5808,forecast_revision,forecast_revision,renewable_total_forecast_revision_id_minus_da_mw,True,kept,renewable_total_forecast_revision_id_minus_da_mw_rolling_std_28d_same_local_qh,0.7473466121202131,0.17956165103767124,forecast_revision,forecast_revision,renewable_total_forecast_revision_id_minus_da_mw,forecast_revision,forecast_revision,renewable_total_forecast_revision_id_minus_da_mw,False
solar_forecast_revision_id_minus_da_mw_lag_2d_same_local_qh,0.0,0.0,0.0,0.0,0.00039371364649672737,0.0,0.003543422818470546,133.11111111111111,74.0,False,True,kept,3418,0.5884986225895317,3303,forecast_revision,forecast_revision,solar_forecast_revision_id_minus_da_mw,True,kept,renewable_total_forecast_revision_id_minus_da_mw_rolling_median_7d_same_local_qh,0.33669213169583556,0.12078477539457942,forecast_revision,forecast_revision,solar_forecast_revision_id_minus_da_mw,forecast_revision,forecast_revision,solar_forecast_revision_id_minus_da_mw,False
wind_offshore_da_forecast_error_mw_rolling_median_14d_same_local_qh,0.0,0.0,0.0,0.0,0.0003934293546713026,0.0,0.0035408641920417236,162.44444444444446,86.0,False,True,kept,4704,0.8099173553719008,2985,lagged_forecast_error,lagged_forecast_error,wind_offshore_da_forecast_error_mw,True,kept,wind_offshore_da_forecast_error_mw_rolling_mean_14d_same_local_qh,0.8840729157115285,0.1251905983293238,lagged_forecast_error,lagged_forecast_error,wind_offshore_da_forecast_error_mw,lagged_forecast_error,lagged_forecast_error,wind_offshore_da_forecast_error_mw,False
wind_offshore_id_forecast_error_mw_rolling_median_7d_same_local_qh,0.0,0.0,0.0,0.0,0.0003811142494997573,0.0,0.0034300282454978155,159.44444444444446,86.0,False,True,kept,4416,0.7603305785123967,3365,lagged_forecast_error,lagged_forecast_error,wind_offshore_id_forecast_error_mw,True,kept,wind_offshore_da_forecast_error_mw_rolling_median_7d_same_local_qh,0.8807239949087243,0.11269541391145885,lagged_forecast_error,lagged_forecast_error,wind_offshore_id_forecast_error_mw,lagged_forecast_error,lagged_forecast_error,wind_offshore_id_forecast_error_mw,False
wind_onshore_da_forecast_error_mw_rolling_median_14d_same_local_qh,0.0,0.0,0.0,0.0,0.00037166507756742994,0.0,0.0033449856981068696,175.22222222222223,73.0,False,True,kept,4704,0.8099173553719008,3095,lagged_forecast_error,lagged_forecast_error,wind_onshore_da_forecast_error_mw,True,kept,wind_onshore_da_forecast_error_mw_rolling_mean_14d_same_local_qh,0.7805024468427217,0.02983173134946902,lagged_forecast_error,lagged_forecast_error,wind_onshore_da_forecast_error_mw,lagged_forecast_error,lagged_forecast_error,wind_onshore_da_forecast_error_mw,False
ida3_minus_da_spread_eur_mwh_rolling_mean_28d_same_local_qh,0.0,0.0,0.0,0.0,0.00036791367742432116,0.0,0.0033112230968188904,204.55555555555554,88.0,False,True,kept,5328,0.9173553719008265,5316,ida3_history,market_history,ida3_minus_da_spread_eur_mwh,True,kept,ida3_price_eur_mwh_lag_2d_same_local_qh,0.1797125091249735,0.13537007847902205,ida3_history,market_history,ida3_minus_da_spread_eur_mwh,ida3_history,market_history,ida3_minus_da_spread_eur_mwh,False
wind_total_forecast_revision_id_minus_da_mw_rolling_median_14d_same_local_qh,0.0,0.0,0.0,0.0,0.00035676135587683607,0.0,0.0032108522028915245,134.88888888888889,76.0,False,True,kept,5808,1.0,3579,forecast_revision,forecast_revision,wind_total_forecast_revision_id_minus_da_mw,True,kept,renewable_total_forecast_revision_id_minus_da_mw_rolling_median_14d_same_local_qh,0.7727749264462034,0.08636794130016083,forecast_revision,forecast_revision,wind_total_forecast_revision_id_minus_da_mw,forecast_revision,forecast_revision,wind_total_forecast_revision_id_minus_da_mw,False
wind_offshore_da_forecast_error_mw_rolling_std_28d_same_local_qh,0.0,0.0,0.0,0.0,0.00034872214729840783,0.0,0.0031384993256856706,174.33333333333334,82.0,False,True,kept,4896,0.8429752066115702,4176,lagged_forecast_error,lagged_forecast_error,wind_offshore_da_forecast_error_mw,True,kept,wind_offshore_id_forecast_error_mw_rolling_std_28d_same_local_qh,0.819764312090123,0.024556532282222984,lagged_forecast_error,lagged_forecast_error,wind_offshore_da_forecast_error_mw,lagged_forecast_error,lagged_forecast_error,wind_offshore_da_forecast_error_mw,False
da_price_eur_mwh_rolling_median_28d_same_local_qh,0.0,0.0,0.0,0.0,0.0003397143953818943,0.0,0.0030574295584370487,198.88888888888889,84.0,False,True,kept,5808,1.0,2641,da_price,market_history,da_price_eur_mwh,True,kept,ida3_price_eur_mwh_rolling_median_14d_same_local_qh,0.8910086993846026,0.6136192431477898,da_price,market_history,da_price_eur_mwh,da_price,market_history,da_price_eur_mwh,False
renewable_total_forecast_revision_id_minus_da_mw_rolling_std_7d_same_local_qh,0.0,0.0,0.0,0.0,0.0003366506016449461,0.0,0.0030298554148045147,121.11111111111111,76.0,False,True,kept,5808,1.0,5808,forecast_revision,forecast_revision,renewable_total_forecast_revision_id_minus_da_mw,True,kept,renewable_total_forecast_revision_id_minus_da_mw_rolling_std_14d_same_local_qh,0.667553930082811,0.13025648261172945,forecast_revision,forecast_revision,renewable_total_forecast_revision_id_minus_da_mw,forecast_revision,forecast_revision,renewable_total_forecast_revision_id_minus_da_mw,False
wind_total_forecast_revision_id_minus_da_mw_rolling_std_3d_same_local_qh,0.0,0.0,0.0,0.0,0.00032719865324509393,0.0,0.002944787879205845,131.0,87.0,False,True,kept,5808,1.0,5808,forecast_revision,forecast_revision,wind_total_forecast_revision_id_minus_da_mw,True,kept,renewable_total_forecast_revision_id_minus_da_mw_rolling_std_3d_same_local_qh,0.8402125039665349,0.01798056325885191,forecast_revision,forecast_revision,wind_total_forecast_revision_id_minus_da_mw,forecast_revision,forecast_revision,wind_total_forecast_revision_id_minus_da_mw,False
solar_da_forecast_error_mw_rolling_median_7d_same_local_qh,0.0,0.0,0.0,0.0,0.0003264903909614475,0.0,0.002938413518653027,112.66666666666667,86.0,False,True,kept,2441,0.42028236914600553,1866,lagged_forecast_error,lagged_forecast_error,solar_da_forecast_error_mw,True,kept,solar_da_forecast_error_mw_rolling_mean_7d_same_local_qh,0.8870983978406439,0.15179806927151832,lagged_forecast_error,lagged_forecast_error,solar_da_forecast_error_mw,lagged_forecast_error,lagged_forecast_error,solar_da_forecast_error_mw,False
solar_da_forecast_error_mw_rolling_mean_14d_same_local_qh,0.0,0.0,0.0,0.0,0.00029528015697576185,0.0,0.0013895684086648137,120.77777777777777,75.0,False,True,kept,2647,0.45575068870523416,2352,lagged_forecast_error,lagged_forecast_error,solar_da_forecast_error_mw,True,kept,solar_id_forecast_error_mw_rolling_std_28d_same_local_qh,0.4281022237767739,0.27732793850952725,lagged_forecast_error,lagged_forecast_error,solar_da_forecast_error_mw,lagged_forecast_error,lagged_forecast_error,solar_da_forecast_error_mw,False
wind_total_forecast_revision_id_minus_da_mw_regime_vol_7d_over_28d,0.0,0.0,0.0,0.0,0.0002941759512769027,0.0,0.0026475835614921243,222.77777777777777,83.0,False,True,kept,5808,1.0,5808,regime_volatility,regime,wind_total_forecast_revision_id_minus_da_mw,True,kept,renewable_total_forecast_revision_id_minus_da_mw_regime_vol_7d_over_28d,0.9045570511040973,0.0066200205924264325,regime_volatility,regime,wind_total_forecast_revision_id_minus_da_mw,regime_volatility,regime,wind_total_forecast_revision_id_minus_da_mw,False
wind_offshore_id_forecast_error_mw_rolling_median_3d_same_local_qh,0.0,0.0,0.0,0.0,0.00028498879054272776,0.0,0.00256489911488455,199.33333333333334,85.0,False,True,kept,2735,0.4709022038567493,2552,lagged_forecast_error,lagged_forecast_error,wind_offshore_id_forecast_error_mw,True,kept,wind_offshore_da_forecast_error_mw_rolling_mean_3d_same_local_qh,0.8925838326073148,0.011587349183012872,lagged_forecast_error,lagged_forecast_error,wind_offshore_id_forecast_error_mw,lagged_forecast_error,lagged_forecast_error,wind_offshore_id_forecast_error_mw,False
wind_onshore_id_forecast_error_mw_rolling_std_14d_same_local_qh,0.0,0.0,0.0,0.0,0.000154695255642699,0.0,0.0013922573007842912,118.0,86.0,False,True,kept,4704,0.8099173553719008,4176,lagged_forecast_error,lagged_forecast_error,wind_onshore_id_forecast_error_mw,True,kept,wind_onshore_id_forecast_error_mw_rolling_std_28d_same_local_qh,0.6754883858968145,0.20393168419924984,lagged_forecast_error,lagged_forecast_error,wind_onshore_id_forecast_error_mw,lagged_forecast_error,lagged_forecast_error,wind_onshore_id_forecast_error_mw,False
renewable_total_forecast_revision_id_minus_da_mw_rolling_median_14d_same_local_qh,0.0,0.0,0.0,0.0,0.0,0.0,0.0,133.44444444444446,78.0,False,True,kept,5808,1.0,3645,forecast_revision,forecast_revision,renewable_total_forecast_revision_id_minus_da_mw,True,kept,renewable_total_forecast_revision_id_minus_da_mw_rolling_mean_14d_same_local_qh,0.7778222452751463,0.17358311390036243,forecast_revision,forecast_revision,renewable_total_forecast_revision_id_minus_da_mw,forecast_revision,forecast_revision,renewable_total_forecast_revision_id_minus_da_mw,False
wind_onshore_forecast_da_mw_lag_14d_same_local_qh,0.0,0.0,0.0,0.0,0.0,0.0,0.0,107.55555555555556,95.0,False,True,kept,5472,0.9421487603305785,5472,da_forecast,forecast_level,wind_onshore_forecast_da_mw,True,kept,renewable_total_forecast_da_mw_lag_14d_same_local_qh,0.5022286353961364,0.12285998015641748,da_forecast,forecast_level,wind_onshore_forecast_da_mw,da_forecast,forecast_level,wind_onshore_forecast_da_mw,False
solar_da_forecast_error_mw_lag_7d_same_local_qh,0.0,0.0,0.0,0.0,0.0,0.0,0.0,114.0,114.0,False,True,kept,1531,0.2636019283746556,1521,lagged_forecast_error,lagged_forecast_error,solar_da_forecast_error_mw,True,kept,solar_da_forecast_error_mw_rolling_mean_14d_same_local_qh,0.6405025403373432,0.13719871150575963,lagged_forecast_error,lagged_forecast_error,solar_da_forecast_error_mw,lagged_forecast_error,lagged_forecast_error,solar_da_forecast_error_mw,False
wind_offshore_da_forecast_error_mw_rolling_mean_14d_same_local_qh,0.0,0.0,0.0,0.0,0.0,0.0,0.0,115.0,115.0,False,True,kept,4704,0.8099173553719008,4174,lagged_forecast_error,lagged_forecast_error,wind_offshore_da_forecast_error_mw,True,kept,wind_offshore_da_forecast_error_mw_rolling_mean_28d_same_local_qh,0.7920603959752744,0.1444883638602003,lagged_forecast_error,lagged_forecast_error,wind_offshore_da_forecast_error_mw,lagged_forecast_error,lagged_forecast_error,wind_offshore_da_forecast_error_mw,False
solar_da_forecast_error_mw_rolling_median_14d_same_local_qh,0.0,0.0,0.0,0.0,0.0,0.0,0.0,116.88888888888889,116.0,False,True,kept,2647,0.45575068870523416,1738,lagged_forecast_error,lagged_forecast_error,solar_da_forecast_error_mw,True,kept,solar_da_forecast_error_mw_rolling_mean_14d_same_local_qh,0.8704206810278851,0.1550433938753735,lagged_forecast_error,lagged_forecast_error,solar_da_forecast_error_mw,lagged_forecast_error,lagged_forecast_error,solar_da_forecast_error_mw,False
solar_id_forecast_error_mw_rolling_median_28d_same_local_qh,0.0,0.0,0.0,0.0,0.0,0.0,0.0,118.77777777777777,118.0,False,True,kept,2766,0.4762396694214876,1501,lagged_forecast_error,lagged_forecast_error,solar_id_forecast_error_mw,True,kept,solar_da_forecast_error_mw_rolling_mean_28d_same_local_qh,0.5835969970654907,0.15785536168404715,lagged_forecast_error,lagged_forecast_error,solar_id_forecast_error_mw,lagged_forecast_error,lagged_forecast_error,solar_id_forecast_error_mw,False
solar_id_forecast_error_mw_lag_1d_same_local_qh,0.0,0.0,0.0,0.0,0.0,0.0,0.0,123.22222222222223,119.0,False,True,kept,1360,0.23415977961432508,1354,lagged_forecast_error,lagged_forecast_error,solar_id_forecast_error_mw,True,kept,load_da_forecast_error_mw_lag_2d_same_local_qh,0.3853679569697579,0.1954347894160466,lagged_forecast_error,lagged_forecast_error,solar_id_forecast_error_mw,lagged_forecast_error,lagged_forecast_error,solar_id_forecast_error_mw,False
wind_onshore_da_forecast_error_mw_rolling_mean_28d_same_local_qh,0.0,0.0,0.0,0.0,0.0,0.0,0.0,123.55555555555556,120.0,False,True,kept,4896,0.8429752066115702,4176,lagged_forecast_error,lagged_forecast_error,wind_onshore_da_forecast_error_mw,True,kept,wind_onshore_id_forecast_error_mw_rolling_std_28d_same_local_qh,0.3925569511146168,0.21254704763731047,lagged_forecast_error,lagged_forecast_error,wind_onshore_da_forecast_error_mw,lagged_forecast_error,lagged_forecast_error,wind_onshore_da_forecast_error_mw,False
wind_onshore_id_forecast_error_mw_rolling_std_28d_same_local_qh,0.0,0.0,0.0,0.0,0.0,0.0,0.0,131.44444444444446,124.0,False,True,kept,4896,0.8429752066115702,4176,lagged_forecast_error,lagged_forecast_error,wind_onshore_id_forecast_error_mw,True,kept,solar_da_forecast_error_mw_rolling_std_14d_same_local_qh,0.5677837794895815,0.3073737831566287,lagged_forecast_error,lagged_forecast_error,wind_onshore_id_forecast_error_mw,lagged_forecast_error,lagged_forecast_error,wind_onshore_id_forecast_error_mw,False
solar_da_forecast_error_mw_rolling_mean_7d_same_local_qh,0.0,0.0,0.0,0.0,0.0,0.0,0.0,129.0,129.0,False,True,kept,2441,0.42028236914600553,2193,lagged_forecast_error,lagged_forecast_error,solar_da_forecast_error_mw,True,kept,solar_da_forecast_error_mw_rolling_mean_14d_same_local_qh,0.6979122964028689,0.21273145963954168,lagged_forecast_error,lagged_forecast_error,solar_da_forecast_error_mw,lagged_forecast_error,lagged_forecast_error,solar_da_forecast_error_mw,False
solar_da_forecast_error_mw_rolling_std_3d_same_local_qh,0.0,0.0,0.0,0.0,0.0,0.0,0.0,136.22222222222223,130.0,False,True,kept,1485,0.2556818181818182,1438,lagged_forecast_error,lagged_forecast_error,solar_da_forecast_error_mw,True,kept,solar_id_forecast_error_mw_rolling_std_3d_same_local_qh,0.8561167769263478,0.48796954065393405,lagged_forecast_error,lagged_forecast_error,solar_da_forecast_error_mw,lagged_forecast_error,lagged_forecast_error,solar_da_forecast_error_mw,False
solar_id_forecast_error_mw_rolling_std_28d_same_local_qh,0.0,0.0,0.0,0.0,0.0,0.0,0.0,131.22222222222223,130.0,False,True,kept,2766,0.4762396694214876,2299,lagged_forecast_error,lagged_forecast_error,solar_id_forecast_error_mw,True,first_ranked_feature,,0.0,0.6458858837558407,lagged_forecast_error,lagged_forecast_error,solar_id_forecast_error_mw,lagged_forecast_error,lagged_forecast_error,solar_id_forecast_error_mw,False
wind_offshore_forecast_revision_id_minus_da_mw,0.0,0.0,0.0,0.0,0.0,0.0,0.0,134.88888888888889,130.0,False,True,kept,5803,0.9991391184573003,5719,forecast_revision,forecast_revision,wind_offshore_forecast_revision_id_minus_da_mw,True,kept,renewable_total_forecast_revision_id_minus_da_mw,0.33167083839336686,0.013320033062117778,forecast_revision,forecast_revision,wind_offshore_forecast_revision_id_minus_da_mw,forecast_revision,forecast_revision,wind_offshore_forecast_revision_id_minus_da_mw,False
solar_id_forecast_error_mw_rolling_std_3d_same_local_qh,0.0,0.0,0.0,0.0,0.0,0.0,0.0,133.22222222222223,131.0,False,True,kept,1485,0.2556818181818182,1439,lagged_forecast_error,lagged_forecast_error,solar_id_forecast_error_mw,True,kept,solar_id_forecast_error_mw_rolling_std_7d_same_local_qh,0.827494233325374,0.5147240623913841,lagged_forecast_error,lagged_forecast_error,solar_id_forecast_error_mw,lagged_forecast_error,lagged_forecast_error,solar_id_forecast_error_mw,False
wind_offshore_da_forecast_error_mw_lag_14d_same_local_qh,0.0,0.0,0.0,0.0,0.0,0.0,0.0,184.88888888888889,147.0,False,True,kept,2735,0.4709022038567493,2734,lagged_forecast_error,lagged_forecast_error,wind_offshore_da_forecast_error_mw,True,kept,wind_offshore_id_forecast_error_mw_lag_14d_same_local_qh,0.8581980119710889,0.07459482860898965,lagged_forecast_error,lagged_forecast_error,wind_offshore_da_forecast_error_mw,lagged_forecast_error,lagged_forecast_error,wind_offshore_da_forecast_error_mw,False
solar_da_forecast_error_mw_rolling_median_3d_same_local_qh,0.0,0.0,0.0,0.0,0.0,0.0,0.0,186.11111111111111,148.0,False,True,kept,1485,0.2556818181818182,1404,lagged_forecast_error,lagged_forecast_error,solar_da_forecast_error_mw,True,kept,solar_da_forecast_error_mw_lag_2d_same_local_qh,0.7293323888751516,0.07607149373585627,lagged_forecast_error,lagged_forecast_error,solar_da_forecast_error_mw,lagged_forecast_error,lagged_forecast_error,solar_da_forecast_error_mw,False
solar_id_forecast_error_mw_rolling_median_3d_same_local_qh,0.0,0.0,0.0,0.0,0.0,0.0,0.0,187.11111111111111,149.0,False,True,kept,1485,0.2556818181818182,1402,lagged_forecast_error,lagged_forecast_error,solar_id_forecast_error_mw,True,kept,solar_da_forecast_error_mw_rolling_median_3d_same_local_qh,0.7699082465515131,0.06373357120444312,lagged_forecast_error,lagged_forecast_error,solar_id_forecast_error_mw,lagged_forecast_error,lagged_forecast_error,solar_id_forecast_error_mw,False
wind_onshore_id_forecast_error_mw_rolling_median_28d_same_local_qh,0.0,0.0,0.0,0.0,0.0,0.0,0.0,185.22222222222223,149.0,False,True,kept,4896,0.8429752066115702,2510,lagged_forecast_error,lagged_forecast_error,wind_onshore_id_forecast_error_mw,True,kept,wind_onshore_da_forecast_error_mw_rolling_median_28d_same_local_qh,0.7862531089072242,0.06311356570328677,lagged_forecast_error,lagged_forecast_error,wind_onshore_id_forecast_error_mw,lagged_forecast_error,lagged_forecast_error,wind_onshore_id_forecast_error_mw,False
solar_id_forecast_error_mw_lag_7d_same_local_qh,0.0,0.0,0.0,0.0,0.0,0.0,0.0,187.0,150.0,False,True,kept,1532,0.26377410468319556,1522,lagged_forecast_error,lagged_forecast_error,solar_id_forecast_error_mw,True,kept,solar_da_forecast_error_mw_lag_7d_same_local_qh,0.8238023033487449,0.06035252770776562,lagged_forecast_error,lagged_forecast_error,solar_id_forecast_error_mw,lagged_forecast_error,lagged_forecast_error,solar_id_forecast_error_mw,False
wind_offshore_da_forecast_error_mw_rolling_std_14d_same_local_qh,0.0,0.0,0.0,0.0,0.0,0.0,0.0,187.22222222222223,151.0,False,True,kept,4704,0.8099173553719008,4174,lagged_forecast_error,lagged_forecast_error,wind_offshore_da_forecast_error_mw,True,kept,wind_offshore_id_forecast_error_mw_rolling_std_14d_same_local_qh,0.8027352546948682,0.05776098511698367,lagged_forecast_error,lagged_forecast_error,wind_offshore_da_forecast_error_mw,lagged_forecast_error,lagged_forecast_error,wind_offshore_da_forecast_error_mw,False
solar_id_forecast_error_mw_rolling_mean_7d_same_local_qh,0.0,0.0,0.0,0.0,0.0,0.0,0.0,194.33333333333334,152.0,False,True,kept,2442,0.42045454545454547,2194,lagged_forecast_error,lagged_forecast_error,solar_id_forecast_error_mw,True,kept,solar_da_forecast_error_mw_rolling_mean_7d_same_local_qh,0.8242796037235357,0.057268071840459726,lagged_forecast_error,lagged_forecast_error,solar_id_forecast_error_mw,lagged_forecast_error,lagged_forecast_error,solar_id_forecast_error_mw,False
solar_da_forecast_error_mw_lag_14d_same_local_qh,0.0,0.0,0.0,0.0,0.0,0.0,0.0,174.77777777777777,154.0,False,True,kept,1521,0.2618801652892562,1510,lagged_forecast_error,lagged_forecast_error,solar_da_forecast_error_mw,True,kept,solar_da_forecast_error_mw_rolling_median_14d_same_local_qh,0.3576676571416377,0.06792046068203854,lagged_forecast_error,lagged_forecast_error,solar_da_forecast_error_mw,lagged_forecast_error,lagged_forecast_error,solar_da_forecast_error_mw,False
solar_id_forecast_error_mw_rolling_median_14d_same_local_qh,0.0,0.0,0.0,0.0,0.0,0.0,0.0,186.55555555555554,158.0,False,True,kept,2649,0.45609504132231404,1762,lagged_forecast_error,lagged_forecast_error,solar_id_forecast_error_mw,True,kept,solar_id_forecast_error_mw_rolling_mean_14d_same_local_qh,0.8254862430541844,0.08599269110048444,lagged_forecast_error,lagged_forecast_error,solar_id_forecast_error_mw,lagged_forecast_error,lagged_forecast_error,solar_id_forecast_error_mw,False
wind_onshore_id_forecast_error_mw_rolling_median_14d_same_local_qh,0.0,0.0,0.0,0.0,0.0,0.0,0.0,168.44444444444446,158.0,False,True,kept,4704,0.8099173553719008,3050,lagged_forecast_error,lagged_forecast_error,wind_onshore_id_forecast_error_mw,True,kept,wind_onshore_da_forecast_error_mw_rolling_mean_7d_same_local_qh,0.5194138270733607,0.1112841459776108,lagged_forecast_error,lagged_forecast_error,wind_onshore_id_forecast_error_mw,lagged_forecast_error,lagged_forecast_error,wind_onshore_id_forecast_error_mw,False
wind_onshore_id_forecast_error_mw_lag_14d_same_local_qh,0.0,0.0,0.0,0.0,0.0,0.0,0.0,191.77777777777777,159.0,False,True,kept,2736,0.47107438016528924,2736,lagged_forecast_error,lagged_forecast_error,wind_onshore_id_forecast_error_mw,True,kept,wind_onshore_id_forecast_error_mw_rolling_median_14d_same_local_qh,0.37631992908536177,0.08476530215183337,lagged_forecast_error,lagged_forecast_error,wind_onshore_id_forecast_error_mw,lagged_forecast_error,lagged_forecast_error,wind_onshore_id_forecast_error_mw,False
wind_offshore_id_forecast_error_mw_lag_14d_same_local_qh,0.0,0.0,0.0,0.0,0.0,0.0,0.0,188.22222222222223,161.0,False,True,kept,2735,0.4709022038567493,2735,lagged_forecast_error,lagged_forecast_error,wind_offshore_id_forecast_error_mw,True,kept,wind_offshore_id_forecast_error_mw_rolling_median_28d_same_local_qh,0.3861821587175553,0.0810734912105182,lagged_forecast_error,lagged_forecast_error,wind_offshore_id_forecast_error_mw,lagged_forecast_error,lagged_forecast_error,wind_offshore_id_forecast_error_mw,False
solar_da_forecast_error_mw_lag_2d_same_local_qh,0.0,0.0,0.0,0.0,0.0,0.0,0.0,163.55555555555554,162.0,False,True,kept,1509,0.25981404958677684,1501,lagged_forecast_error,lagged_forecast_error,solar_da_forecast_error_mw,True,kept,solar_da_forecast_error_mw_rolling_mean_7d_same_local_qh,0.5595648837388432,0.10954673027375818,lagged_forecast_error,lagged_forecast_error,solar_da_forecast_error_mw,lagged_forecast_error,lagged_forecast_error,solar_da_forecast_error_mw,False
wind_onshore_da_forecast_error_mw_rolling_std_28d_same_local_qh,0.0,0.0,0.0,0.0,0.0,0.0,0.0,167.55555555555554,164.0,False,True,kept,4896,0.8429752066115702,4176,lagged_forecast_error,lagged_forecast_error,wind_onshore_da_forecast_error_mw,True,kept,wind_onshore_id_forecast_error_mw_rolling_std_28d_same_local_qh,0.7482158332442809,0.10618468122535812,lagged_forecast_error,lagged_forecast_error,wind_onshore_da_forecast_error_mw,lagged_forecast_error,lagged_forecast_error,wind_onshore_da_forecast_error_mw,False
wind_offshore_id_forecast_error_mw_rolling_std_7d_same_local_qh,0.0,0.0,0.0,0.0,0.0,0.0,0.0,165.88888888888889,165.0,False,True,kept,4416,0.7603305785123967,3984,lagged_forecast_error,lagged_forecast_error,wind_offshore_id_forecast_error_mw,True,kept,wind_offshore_id_forecast_error_mw_rolling_std_28d_same_local_qh,0.4209720466301988,0.10680483509470061,lagged_forecast_error,lagged_forecast_error,wind_offshore_id_forecast_error_mw,lagged_forecast_error,lagged_forecast_error,wind_offshore_id_forecast_error_mw,False
wind_offshore_id_forecast_error_mw_rolling_std_14d_same_local_qh,0.0,0.0,0.0,0.0,0.0,0.0,0.0,171.55555555555554,166.0,False,True,kept,4704,0.8099173553719008,4176,lagged_forecast_error,lagged_forecast_error,wind_offshore_id_forecast_error_mw,True,kept,wind_offshore_id_forecast_error_mw_rolling_std_28d_same_local_qh,0.678700898970234,0.09566786815390037,lagged_forecast_error,lagged_forecast_error,wind_offshore_id_forecast_error_mw,lagged_forecast_error,lagged_forecast_error,wind_offshore_id_forecast_error_mw,False
wind_onshore_da_forecast_error_mw_rolling_mean_14d_same_local_qh,0.0,0.0,0.0,0.0,0.0,0.0,0.0,171.88888888888889,167.0,False,True,kept,4704,0.8099173553719008,4176,lagged_forecast_error,lagged_forecast_error,wind_onshore_da_forecast_error_mw,True,kept,wind_onshore_da_forecast_error_mw_rolling_mean_7d_same_local_qh,0.689143467754927,0.093097818262275,lagged_forecast_error,lagged_forecast_error,wind_onshore_da_forecast_error_mw,lagged_forecast_error,lagged_forecast_error,wind_onshore_da_forecast_error_mw,False
wind_onshore_id_forecast_error_mw_rolling_std_7d_same_local_qh,0.0,0.0,0.0,0.0,0.0,0.0,0.0,184.0,169.0,False,True,kept,4416,0.7603305785123967,3984,lagged_forecast_error,lagged_forecast_error,wind_onshore_id_forecast_error_mw,True,kept,wind_onshore_da_forecast_error_mw_rolling_std_7d_same_local_qh,0.6963207166736668,0.08728789866125183,lagged_forecast_error,lagged_forecast_error,wind_onshore_id_forecast_error_mw,lagged_forecast_error,lagged_forecast_error,wind_onshore_id_forecast_error_mw,False
solar_id_forecast_error_mw_lag_2d_same_local_qh,0.0,0.0,0.0,0.0,0.0,0.0,0.0,178.0,178.0,False,True,kept,1510,0.2599862258953168,1502,lagged_forecast_error,lagged_forecast_error,solar_id_forecast_error_mw,True,kept,solar_da_forecast_error_mw_lag_2d_same_local_qh,0.8025578204348931,0.011599377133925112,lagged_forecast_error,lagged_forecast_error,solar_id_forecast_error_mw,lagged_forecast_error,lagged_forecast_error,solar_id_forecast_error_mw,False
solar_da_forecast_error_mw_lag_1d_same_local_qh,0.0,0.0,0.0,0.0,0.0,0.0,0.0,179.55555555555554,179.0,False,True,kept,1360,0.23415977961432508,1354,lagged_forecast_error,lagged_forecast_error,solar_da_forecast_error_mw,True,kept,solar_id_forecast_error_mw_lag_1d_same_local_qh,0.7597884664256654,0.016573816264956312,lagged_forecast_error,lagged_forecast_error,solar_da_forecast_error_mw,lagged_forecast_error,lagged_forecast_error,solar_da_forecast_error_mw,False
wind_offshore_id_forecast_error_mw_lag_7d_same_local_qh,0.0,0.0,0.0,0.0,0.0,0.0,0.0,183.11111111111111,180.0,False,True,kept,2831,0.487431129476584,2831,lagged_forecast_error,lagged_forecast_error,wind_offshore_id_forecast_error_mw,True,kept,wind_offshore_da_forecast_error_mw_lag_7d_same_local_qh,0.8719691977078651,0.01898381521525362,lagged_forecast_error,lagged_forecast_error,wind_offshore_id_forecast_error_mw,lagged_forecast_error,lagged_forecast_error,wind_offshore_id_forecast_error_mw,False
wind_offshore_id_forecast_error_mw_lag_1d_same_local_qh,0.0,0.0,0.0,0.0,0.0,0.0,0.0,182.44444444444446,181.0,False,True,kept,2495,0.42957988980716255,2495,lagged_forecast_error,lagged_forecast_error,wind_offshore_id_forecast_error_mw,True,kept,wind_offshore_da_forecast_error_mw_lag_1d_same_local_qh,0.8811608135549216,0.01858317168116927,lagged_forecast_error,lagged_forecast_error,wind_offshore_id_forecast_error_mw,lagged_forecast_error,lagged_forecast_error,wind_offshore_id_forecast_error_mw,False
wind_onshore_id_forecast_error_mw_rolling_std_3d_same_local_qh,0.0,0.0,0.0,0.0,0.0,0.0,0.0,186.44444444444446,183.0,False,True,kept,2736,0.47107438016528924,2640,lagged_forecast_error,lagged_forecast_error,wind_onshore_id_forecast_error_mw,True,kept,wind_onshore_id_forecast_error_mw_rolling_std_7d_same_local_qh,0.5265058825212039,0.02569231166038216,lagged_forecast_error,lagged_forecast_error,wind_onshore_id_forecast_error_mw,lagged_forecast_error,lagged_forecast_error,wind_onshore_id_forecast_error_mw,False
wind_onshore_da_forecast_error_mw_rolling_std_14d_same_local_qh,0.0,0.0,0.0,0.0,0.0,0.0,0.0,185.11111111111111,185.0,False,True,kept,4704,0.8099173553719008,4176,lagged_forecast_error,lagged_forecast_error,wind_onshore_da_forecast_error_mw,True,kept,wind_onshore_id_forecast_error_mw_rolling_std_14d_same_local_qh,0.7129796407306012,0.0238122931297799,lagged_forecast_error,lagged_forecast_error,wind_onshore_da_forecast_error_mw,lagged_forecast_error,lagged_forecast_error,wind_onshore_da_forecast_error_mw,False
solar_id_forecast_error_mw_lag_14d_same_local_qh,0.0,0.0,0.0,0.0,0.0,0.0,0.0,187.11111111111111,186.0,False,True,kept,1521,0.2618801652892562,1510,lagged_forecast_error,lagged_forecast_error,solar_id_forecast_error_mw,True,kept,solar_da_forecast_error_mw_lag_14d_same_local_qh,0.7465886973142439,0.029870911566627713,lagged_forecast_error,lagged_forecast_error,solar_id_forecast_error_mw,lagged_forecast_error,lagged_forecast_error,solar_id_forecast_error_mw,False
solar_id_forecast_error_mw_rolling_mean_28d_same_local_qh,0.0,0.0,0.0,0.0,0.0,0.0,0.0,195.0,190.0,False,True,kept,2766,0.4762396694214876,2299,lagged_forecast_error,lagged_forecast_error,solar_id_forecast_error_mw,True,kept,solar_da_forecast_error_mw_rolling_mean_28d_same_local_qh,0.8547369633258503,0.04197868664044645,lagged_forecast_error,lagged_forecast_error,solar_id_forecast_error_mw,lagged_forecast_error,lagged_forecast_error,solar_id_forecast_error_mw,False
wind_offshore_da_forecast_error_mw_rolling_std_7d_same_local_qh,0.0,0.0,0.0,0.0,0.0,0.0,0.0,193.0,192.0,False,True,kept,4416,0.7603305785123967,3984,lagged_forecast_error,lagged_forecast_error,wind_offshore_da_forecast_error_mw,True,kept,wind_offshore_id_forecast_error_mw_rolling_std_7d_same_local_qh,0.7327674338976071,0.038533292479130524,lagged_forecast_error,lagged_forecast_error,wind_offshore_da_forecast_error_mw,lagged_forecast_error,lagged_forecast_error,wind_offshore_da_forecast_error_mw,False
wind_onshore_id_forecast_error_mw_rolling_mean_14d_same_local_qh,0.0,0.0,0.0,0.0,0.0,0.0,0.0,198.33333333333334,196.0,False,True,kept,4704,0.8099173553719008,4176,lagged_forecast_error,lagged_forecast_error,wind_onshore_id_forecast_error_mw,True,kept,wind_onshore_da_forecast_error_mw_rolling_mean_14d_same_local_qh,0.8854185003982583,0.04695002182115588,lagged_forecast_error,lagged_forecast_error,wind_onshore_id_forecast_error_mw,lagged_forecast_error,lagged_forecast_error,wind_onshore_id_forecast_error_mw,False
ida3_minus_da_spread_eur_mwh_rolling_median_28d_same_local_qh,0.0,0.0,0.0,0.0,0.0,0.0,0.0,210.77777777777777,210.0,False,True,kept,5328,0.9173553719008265,2660,ida3_history,market_history,ida3_minus_da_spread_eur_mwh,True,kept,ida3_minus_da_spread_eur_mwh_rolling_mean_28d_same_local_qh,0.8157637854916678,0.07198138177811297,ida3_history,market_history,ida3_minus_da_spread_eur_mwh,ida3_history,market_history,ida3_minus_da_spread_eur_mwh,False
ida3_minus_da_spread_eur_mwh_rolling_mean_14d_same_local_qh,0.0,0.0,0.0,0.0,0.0,0.0,0.0,212.88888888888889,212.0,False,True,kept,5568,0.9586776859504132,5549,ida3_history,market_history,ida3_minus_da_spread_eur_mwh,True,kept,ida3_minus_da_spread_eur_mwh_rolling_mean_7d_same_local_qh,0.7342631720276682,0.0778917049926818,ida3_history,market_history,ida3_minus_da_spread_eur_mwh,ida3_history,market_history,ida3_minus_da_spread_eur_mwh,False
ida3_minus_da_spread_eur_mwh_rolling_median_14d_same_local_qh,0.0,0.0,0.0,0.0,0.0,0.0,0.0,226.0,221.0,False,True,kept,5568,0.9586776859504132,3277,ida3_history,market_history,ida3_minus_da_spread_eur_mwh,True,kept,ida3_minus_da_spread_eur_mwh_rolling_mean_14d_same_local_qh,0.8094447615003939,0.04076804060366737,ida3_history,market_history,ida3_minus_da_spread_eur_mwh,ida3_history,market_history,ida3_minus_da_spread_eur_mwh,False
ida3_minus_da_spread_eur_mwh_rolling_median_7d_same_local_qh,0.0,0.0,0.0,0.0,0.0,0.0,0.0,224.77777777777777,224.0,False,True,kept,5376,0.9256198347107438,3620,ida3_history,market_history,ida3_minus_da_spread_eur_mwh,True,kept,ida3_minus_da_spread_eur_mwh_rolling_mean_7d_same_local_qh,0.8223465439271966,0.04311648717015513,ida3_history,market_history,ida3_minus_da_spread_eur_mwh,ida3_history,market_history,ida3_minus_da_spread_eur_mwh,False
da_price_eur_mwh_regime_abs_median_28d_over_vol,0.0,0.0,0.0,0.0,0.0,0.0,0.0,227.44444444444446,226.0,False,True,kept,5808,1.0,5806,regime_level,regime,da_price_eur_mwh,True,kept,ida3_price_eur_mwh_regime_abs_median_28d_over_vol,0.9035847217976382,0.3220675447082141,regime_level,regime,da_price_eur_mwh,regime_level,regime,da_price_eur_mwh,False
ida3_price_eur_mwh_regime_vol_28d,0.0,0.0,0.0,0.0,0.0,0.0,0.0,232.33333333333334,228.0,False,True,kept,5328,0.9173553719008265,5328,regime_volatility,regime,ida3_price_eur_mwh,True,kept,ida3_price_eur_mwh_regime_abs_median_28d_over_vol,0.9189116856880358,0.11872637094615007,regime_volatility,regime,ida3_price_eur_mwh,regime_volatility,regime,ida3_price_eur_mwh,False
da_price_eur_mwh_regime_vol_28d,0.0,0.0,0.0,0.0,0.0,0.0,0.0,231.88888888888889,230.0,False,True,kept,5808,1.0,5806,regime_volatility,regime,da_price_eur_mwh,True,kept,da_price_eur_mwh_regime_abs_median_28d_over_vol,0.8975288293509058,0.09785532751911125,regime_volatility,regime,da_price_eur_mwh,regime_volatility,regime,da_price_eur_mwh,False
ida3_minus_da_spread_eur_mwh_regime_abs_median_28d_over_vol,0.0,0.0,0.0,0.0,0.0,0.0,0.0,234.0,231.0,False,True,kept,5328,0.9173553719008265,5326,regime_level,regime,ida3_minus_da_spread_eur_mwh,True,kept,ida3_price_eur_mwh_regime_vol_28d,0.2927027359151605,0.07038121042012464,regime_level,regime,ida3_minus_da_spread_eur_mwh,regime_level,regime,ida3_minus_da_spread_eur_mwh,False
renewable_total_forecast_revision_id_minus_da_mw_regime_abs_median_28d_over_vol,0.0,0.0,0.0,0.0,0.0,0.0,0.0,233.0,233.0,False,True,kept,5808,1.0,5808,regime_level,regime,renewable_total_forecast_revision_id_minus_da_mw,True,kept,ida3_price_eur_mwh_regime_abs_median_28d_over_vol,0.22160140582593632,0.18560586446493518,regime_level,regime,renewable_total_forecast_revision_id_minus_da_mw,regime_level,regime,renewable_total_forecast_revision_id_minus_da_mw,False
wind_total_forecast_revision_id_minus_da_mw_regime_abs_median_28d_over_vol,0.0,0.0,0.0,0.0,0.0,0.0,0.0,234.0,234.0,False,True,kept,5808,1.0,5808,regime_level,regime,wind_total_forecast_revision_id_minus_da_mw,True,kept,renewable_total_forecast_revision_id_minus_da_mw_regime_abs_median_28d_over_vol,0.5482467492132215,0.043487759720425616,regime_level,regime,wind_total_forecast_revision_id_minus_da_mw,regime_level,regime,wind_total_forecast_revision_id_minus_da_mw,False
renewable_total_forecast_revision_id_minus_da_mw_regime_vol_7d_over_28d,0.0,0.0,0.0,0.0,0.0,0.0,0.0,237.44444444444446,237.0,False,True,kept,5808,1.0,5808,regime_volatility,regime,renewable_total_forecast_revision_id_minus_da_mw,True,kept,ida3_minus_da_spread_eur_mwh_regime_mean_shift_7d_vs_28d_z,0.10563090554897372,0.025551701280876953,regime_volatility,regime,renewable_total_forecast_revision_id_minus_da_mw,regime_volatility,regime,renewable_total_forecast_revision_id_minus_da_mw,False
da_price_eur_mwh_rolling_mean_14d_same_local_qh,,,,,,,,,,False,True,kept,5808,1.0,5740,da_price,market_history,da_price_eur_mwh,False,too_correlated_with_kept_feature,ida3_price_eur_mwh_rolling_median_14d_same_local_qh,0.923476782311246,0.6435390570229962,da_price,market_history,da_price_eur_mwh,da_price,market_history,da_price_eur_mwh,False
da_price_eur_mwh_rolling_mean_28d_same_local_qh,,,,,,,,,,False,True,kept,5808,1.0,5777,da_price,market_history,da_price_eur_mwh,False,too_correlated_with_kept_feature,da_price_eur_mwh_rolling_median_28d_same_local_qh,0.9588969157671309,0.601910551005983,da_price,market_history,da_price_eur_mwh,da_price,market_history,da_price_eur_mwh,False
da_price_eur_mwh_rolling_mean_7d_same_local_qh,,,,,,,,,,False,True,kept,5808,1.0,5691,da_price,market_history,da_price_eur_mwh,False,too_correlated_with_kept_feature,ida3_price_eur_mwh_rolling_mean_7d_same_local_qh,0.9210452739968771,0.6376810287294922,da_price,market_history,da_price_eur_mwh,da_price,market_history,da_price_eur_mwh,False
da_price_eur_mwh_rolling_median_14d_same_local_qh,,,,,,,,,,False,True,kept,5808,1.0,2857,da_price,market_history,da_price_eur_mwh,False,too_correlated_with_kept_feature,ida3_price_eur_mwh_rolling_median_14d_same_local_qh,0.9533474555231856,0.6529178006145969,da_price,market_history,da_price_eur_mwh,da_price,market_history,da_price_eur_mwh,False
da_price_eur_mwh_rolling_median_3d_same_local_qh,,,,,,,,,,False,True,kept,5808,1.0,2560,da_price,market_history,da_price_eur_mwh,False,too_correlated_with_kept_feature,da_price_eur_mwh_rolling_mean_3d_same_local_qh,0.970600170881607,0.6268891968006024,da_price,market_history,da_price_eur_mwh,da_price,market_history,da_price_eur_mwh,False
da_price_eur_mwh_rolling_median_7d_same_local_qh,,,,,,,,,,False,True,kept,5808,1.0,2142,da_price,market_history,da_price_eur_mwh,False,too_correlated_with_kept_feature,ida3_price_eur_mwh_rolling_median_14d_same_local_qh,0.9297605714567154,0.653388925369698,da_price,market_history,da_price_eur_mwh,da_price,market_history,da_price_eur_mwh,False
ida3_minus_da_spread_eur_mwh_rolling_mean_3d_same_local_qh,,,,,,,,,,False,True,kept,3312,0.5702479338842975,3238,ida3_history,market_history,ida3_minus_da_spread_eur_mwh,False,too_correlated_with_kept_feature,ida3_minus_da_spread_eur_mwh_rolling_median_3d_same_local_qh,0.9416332890079332,0.03228826270543563,ida3_history,market_history,ida3_minus_da_spread_eur_mwh,ida3_history,market_history,ida3_minus_da_spread_eur_mwh,False
ida3_price_eur_mwh_rolling_mean_14d_same_local_qh,,,,,,,,,,False,True,kept,5568,0.9586776859504132,5533,ida3_history,market_history,ida3_price_eur_mwh,False,too_correlated_with_kept_feature,ida3_price_eur_mwh_rolling_median_14d_same_local_qh,0.9398876379049368,0.6799851533637178,ida3_history,market_history,ida3_price_eur_mwh,ida3_history,market_history,ida3_price_eur_mwh,False
ida3_price_eur_mwh_rolling_mean_28d_same_local_qh,,,,,,,,,,False,True,kept,5328,0.9173553719008265,5318,ida3_history,market_history,ida3_price_eur_mwh,False,too_correlated_with_kept_feature,ida3_price_eur_mwh_rolling_median_14d_same_local_qh,0.9220681192397416,0.6812057194971713,ida3_history,market_history,ida3_price_eur_mwh,ida3_history,market_history,ida3_price_eur_mwh,False
ida3_price_eur_mwh_rolling_median_28d_same_local_qh,,,,,,,,,,False,True,kept,5328,0.9173553719008265,2809,ida3_history,market_history,ida3_price_eur_mwh,False,too_correlated_with_kept_feature,ida3_price_eur_mwh_rolling_median_14d_same_local_qh,0.9343797228009942,0.6726829662478501,ida3_history,market_history,ida3_price_eur_mwh,ida3_history,market_history,ida3_price_eur_mwh,False
ida3_price_eur_mwh_rolling_median_3d_same_local_qh,,,,,,,,,,False,True,kept,3312,0.5702479338842975,2930,ida3_history,market_history,ida3_price_eur_mwh,False,too_correlated_with_kept_feature,ida3_price_eur_mwh_rolling_mean_3d_same_local_qh,0.98255028997082,0.6175626674706521,ida3_history,market_history,ida3_price_eur_mwh,ida3_history,market_history,ida3_price_eur_mwh,False
ida3_price_eur_mwh_rolling_median_7d_same_local_qh,,,,,,,,,,False,True,kept,5376,0.9256198347107438,3594,ida3_history,market_history,ida3_price_eur_mwh,False,too_correlated_with_kept_feature,ida3_price_eur_mwh_rolling_mean_7d_same_local_qh,0.9379255345872084,0.627512530440984,ida3_history,market_history,ida3_price_eur_mwh,ida3_history,market_history,ida3_price_eur_mwh,False
load_da_forecast_error_mw_rolling_mean_3d_same_local_qh,,,,,,,,,,False,True,kept,2736,0.47107438016528924,2640,lagged_forecast_error,lagged_forecast_error,load_da_forecast_error_mw,False,too_correlated_with_kept_feature,load_da_forecast_error_mw_rolling_median_3d_same_local_qh,0.9916843049990788,0.1803165959625657,lagged_forecast_error,lagged_forecast_error,load_da_forecast_error_mw,lagged_forecast_error,lagged_forecast_error,load_da_forecast_error_mw,False
load_da_forecast_error_mw_rolling_median_14d_same_local_qh,,,,,,,,,,False,True,kept,4704,0.8099173553719008,3090,lagged_forecast_error,lagged_forecast_error,load_da_forecast_error_mw,False,too_correlated_with_kept_feature,load_da_forecast_error_mw_rolling_mean_14d_same_local_qh,0.950591528853807,0.23291229690909382,lagged_forecast_error,lagged_forecast_error,load_da_forecast_error_mw,lagged_forecast_error,lagged_forecast_error,load_da_forecast_error_mw,False
load_da_forecast_error_mw_rolling_median_28d_same_local_qh,,,,,,,,,,False,True,kept,4896,0.8429752066115702,2821,lagged_forecast_error,lagged_forecast_error,load_da_forecast_error_mw,False,too_correlated_with_kept_feature,load_da_forecast_error_mw_rolling_mean_28d_same_local_qh,0.9656438637627323,0.18022044395507483,lagged_forecast_error,lagged_forecast_error,load_da_forecast_error_mw,lagged_forecast_error,lagged_forecast_error,load_da_forecast_error_mw,False
load_da_forecast_error_mw_rolling_median_7d_same_local_qh,,,,,,,,,,False,True,kept,4416,0.7603305785123967,3362,lagged_forecast_error,lagged_forecast_error,load_da_forecast_error_mw,False,too_correlated_with_kept_feature,load_da_forecast_error_mw_rolling_mean_7d_same_local_qh,0.9449833509259364,0.17670568400653822,lagged_forecast_error,lagged_forecast_error,load_da_forecast_error_mw,lagged_forecast_error,lagged_forecast_error,load_da_forecast_error_mw,False
quarter_cos,,,,,,,,,,False,True,kept,5808,1.0,48,calendar,calendar,quarter_cos,False,too_correlated_with_kept_feature,hour_cos,0.9967380580697666,0.32983025175821395,calendar,calendar,quarter_cos,calendar,calendar,quarter_cos,False
quarter_sin,,,,,,,,,,False,True,kept,5808,1.0,48,calendar,calendar,quarter_sin,False,too_correlated_with_kept_feature,hour_sin,0.9361844784929758,0.3283197161895405,calendar,calendar,quarter_sin,calendar,calendar,quarter_sin,False
renewable_total_forecast_da_mw,,,,,,,,,,False,True,kept,5808,1.0,5808,da_forecast,forecast_level,renewable_total_forecast_da_mw,False,too_correlated_with_kept_feature,renewable_total_forecast_id_mw,0.9955591352372128,0.7559653369156601,da_forecast,forecast_level,renewable_total_forecast_da_mw,da_forecast,forecast_level,renewable_total_forecast_da_mw,False
renewable_total_forecast_id_mw_lag_14d_same_local_qh,,,,,,,,,,False,True,kept,5472,0.9421487603305785,5472,id_forecast,forecast_level,renewable_total_forecast_id_mw,False,too_correlated_with_kept_feature,renewable_total_forecast_da_mw_lag_14d_same_local_qh,0.994236949746525,0.3876531559731612,id_forecast,forecast_level,renewable_total_forecast_id_mw,id_forecast,forecast_level,renewable_total_forecast_id_mw,False
renewable_total_forecast_id_mw_lag_1d_same_local_qh,,,,,,,,,,False,True,kept,5808,1.0,5808,id_forecast,forecast_level,renewable_total_forecast_id_mw,False,too_correlated_with_kept_feature,renewable_total_forecast_da_mw_lag_1d_same_local_qh,0.9950639316025959,0.5103739521472199,id_forecast,forecast_level,renewable_total_forecast_id_mw,id_forecast,forecast_level,renewable_total_forecast_id_mw,False
renewable_total_forecast_id_mw_lag_2d_same_local_qh,,,,,,,,,,False,True,kept,5760,0.9917355371900827,5760,id_forecast,forecast_level,renewable_total_forecast_id_mw,False,too_correlated_with_kept_feature,renewable_total_forecast_da_mw_lag_2d_same_local_qh,0.9952727746990772,0.4164948583600285,id_forecast,forecast_level,renewable_total_forecast_id_mw,id_forecast,forecast_level,renewable_total_forecast_id_mw,False
renewable_total_forecast_id_mw_lag_7d_same_local_qh,,,,,,,,,,False,True,kept,5664,0.9752066115702479,5664,id_forecast,forecast_level,renewable_total_forecast_id_mw,False,too_correlated_with_kept_feature,renewable_total_forecast_da_mw_lag_7d_same_local_qh,0.9961513841065569,0.40518272924351156,id_forecast,forecast_level,renewable_total_forecast_id_mw,id_forecast,forecast_level,renewable_total_forecast_id_mw,False
residual_load_forecast_da_mw,,,,,,,,,,False,True,kept,5808,1.0,5808,da_forecast,forecast_level,residual_load_forecast_da_mw,False,too_correlated_with_kept_feature,residual_load_forecast_id_approx_mw,0.996136284368076,0.7578311209082719,da_forecast,forecast_level,residual_load_forecast_da_mw,da_forecast,forecast_level,residual_load_forecast_da_mw,False
residual_load_forecast_id_approx_mw_lag_14d_same_local_qh,,,,,,,,,,False,True,kept,5472,0.9421487603305785,5472,id_forecast,forecast_level,residual_load_forecast_id_approx_mw,False,too_correlated_with_kept_feature,residual_load_forecast_da_mw_lag_14d_same_local_qh,0.9944051132366967,0.38579004251897275,id_forecast,forecast_level,residual_load_forecast_id_approx_mw,id_forecast,forecast_level,residual_load_forecast_id_approx_mw,False
residual_load_forecast_id_approx_mw_lag_1d_same_local_qh,,,,,,,,,,False,True,kept,5808,1.0,5808,id_forecast,forecast_level,residual_load_forecast_id_approx_mw,False,too_correlated_with_kept_feature,residual_load_forecast_da_mw_lag_1d_same_local_qh,0.9957620732372299,0.5192694124474813,id_forecast,forecast_level,residual_load_forecast_id_approx_mw,id_forecast,forecast_level,residual_load_forecast_id_approx_mw,False
residual_load_forecast_id_approx_mw_lag_2d_same_local_qh,,,,,,,,,,False,True,kept,5760,0.9917355371900827,5760,id_forecast,forecast_level,residual_load_forecast_id_approx_mw,False,too_correlated_with_kept_feature,residual_load_forecast_da_mw_lag_2d_same_local_qh,0.9953594670407984,0.3783316115057565,id_forecast,forecast_level,residual_load_forecast_id_approx_mw,id_forecast,forecast_level,residual_load_forecast_id_approx_mw,False
residual_load_forecast_id_approx_mw_lag_7d_same_local_qh,,,,,,,,,,False,True,kept,5664,0.9752066115702479,5664,id_forecast,forecast_level,residual_load_forecast_id_approx_mw,False,too_correlated_with_kept_feature,residual_load_forecast_da_mw_lag_7d_same_local_qh,0.9962207277433913,0.39672634999141654,id_forecast,forecast_level,residual_load_forecast_id_approx_mw,id_forecast,forecast_level,residual_load_forecast_id_approx_mw,False
residual_load_revision_id_minus_da_approx_mw,,,,,,,,,,False,True,kept,5808,1.0,5808,forecast_revision,forecast_revision,residual_load_revision_id_minus_da_approx_mw,False,too_correlated_with_kept_feature,renewable_total_forecast_revision_id_minus_da_mw,1.0,0.12419081911068061,forecast_revision,forecast_revision,residual_load_revision_id_minus_da_approx_mw,forecast_revision,forecast_revision,residual_load_revision_id_minus_da_approx_mw,False
residual_load_revision_id_minus_da_approx_mw_lag_14d_same_local_qh,,,,,,,,,,False,True,kept,5472,0.9421487603305785,5472,forecast_revision,forecast_revision,residual_load_revision_id_minus_da_approx_mw,False,too_correlated_with_kept_feature,renewable_total_forecast_revision_id_minus_da_mw_lag_14d_same_local_qh,1.0,0.08952089072353363,forecast_revision,forecast_revision,residual_load_revision_id_minus_da_approx_mw,forecast_revision,forecast_revision,residual_load_revision_id_minus_da_approx_mw,False
residual_load_revision_id_minus_da_approx_mw_lag_1d_same_local_qh,,,,,,,,,,False,True,kept,5808,1.0,5808,forecast_revision,forecast_revision,residual_load_revision_id_minus_da_approx_mw,False,too_correlated_with_kept_feature,renewable_total_forecast_revision_id_minus_da_mw_lag_1d_same_local_qh,1.0,0.0809923786903234,forecast_revision,forecast_revision,residual_load_revision_id_minus_da_approx_mw,forecast_revision,forecast_revision,residual_load_revision_id_minus_da_approx_mw,False
residual_load_revision_id_minus_da_approx_mw_lag_2d_same_local_qh,,,,,,,,,,False,True,kept,5760,0.9917355371900827,5760,forecast_revision,forecast_revision,residual_load_revision_id_minus_da_approx_mw,False,too_correlated_with_kept_feature,renewable_total_forecast_revision_id_minus_da_mw_lag_2d_same_local_qh,1.0,0.10554459726083866,forecast_revision,forecast_revision,residual_load_revision_id_minus_da_approx_mw,forecast_revision,forecast_revision,residual_load_revision_id_minus_da_approx_mw,False
residual_load_revision_id_minus_da_approx_mw_lag_7d_same_local_qh,,,,,,,,,,False,True,kept,5664,0.9752066115702479,5664,forecast_revision,forecast_revision,residual_load_revision_id_minus_da_approx_mw,False,too_correlated_with_kept_feature,renewable_total_forecast_revision_id_minus_da_mw_lag_7d_same_local_qh,1.0,0.09018661431404579,forecast_revision,forecast_revision,residual_load_revision_id_minus_da_approx_mw,forecast_revision,forecast_revision,residual_load_revision_id_minus_da_approx_mw,False
residual_load_revision_id_minus_da_approx_mw_regime_abs_median_28d_over_vol,,,,,,,,,,False,True,kept,5808,1.0,5808,regime_level,regime,residual_load_revision_id_minus_da_approx_mw,False,too_correlated_with_kept_feature,renewable_total_forecast_revision_id_minus_da_mw_regime_abs_median_28d_over_vol,1.0,0.18560586446493518,regime_level,regime,residual_load_revision_id_minus_da_approx_mw,regime_level,regime,residual_load_revision_id_minus_da_approx_mw,False
residual_load_revision_id_minus_da_approx_mw_regime_mean_shift_7d_vs_28d_z,,,,,,,,,,False,True,kept,5808,1.0,5808,regime_mean_shift,regime,residual_load_revision_id_minus_da_approx_mw,False,too_correlated_with_kept_feature,renewable_total_forecast_revision_id_minus_da_mw_regime_mean_shift_7d_vs_28d_z,1.0,0.02298754110787326,regime_mean_shift,regime,residual_load_revision_id_minus_da_approx_mw,regime_mean_shift,regime,residual_load_revision_id_minus_da_approx_mw,False
residual_load_revision_id_minus_da_approx_mw_regime_vol_28d,,,,,,,,,,False,True,kept,5808,1.0,5808,regime_volatility,regime,residual_load_revision_id_minus_da_approx_mw,False,too_correlated_with_kept_feature,renewable_total_forecast_revision_id_minus_da_mw_regime_vol_28d,1.0,0.24439405833286462,regime_volatility,regime,residual_load_revision_id_minus_da_approx_mw,regime_volatility,regime,residual_load_revision_id_minus_da_approx_mw,False
residual_load_revision_id_minus_da_approx_mw_regime_vol_7d_over_28d,,,,,,,,,,False,True,kept,5808,1.0,5808,regime_volatility,regime,residual_load_revision_id_minus_da_approx_mw,False,too_correlated_with_kept_feature,renewable_total_forecast_revision_id_minus_da_mw_regime_vol_7d_over_28d,1.0,0.025551701280876953,regime_volatility,regime,residual_load_revision_id_minus_da_approx_mw,regime_volatility,regime,residual_load_revision_id_minus_da_approx_mw,False
residual_load_revision_id_minus_da_approx_mw_rolling_mean_14d_same_local_qh,,,,,,,,,,False,True,kept,5808,1.0,5808,forecast_revision,forecast_revision,residual_load_revision_id_minus_da_approx_mw,False,too_correlated_with_kept_feature,renewable_total_forecast_revision_id_minus_da_mw_rolling_mean_14d_same_local_qh,1.0,0.22889069871726297,forecast_revision,forecast_revision,residual_load_revision_id_minus_da_approx_mw,forecast_revision,forecast_revision,residual_load_revision_id_minus_da_approx_mw,False
residual_load_revision_id_minus_da_approx_mw_rolling_mean_28d_same_local_qh,,,,,,,,,,False,True,kept,5808,1.0,5808,forecast_revision,forecast_revision,residual_load_revision_id_minus_da_approx_mw,False,too_correlated_with_kept_feature,renewable_total_forecast_revision_id_minus_da_mw_rolling_mean_28d_same_local_qh,1.0,0.28555086404727587,forecast_revision,forecast_revision,residual_load_revision_id_minus_da_approx_mw,forecast_revision,forecast_revision,residual_load_revision_id_minus_da_approx_mw,False
residual_load_revision_id_minus_da_approx_mw_rolling_mean_3d_same_local_qh,,,,,,,,,,False,True,kept,5808,1.0,5808,forecast_revision,forecast_revision,residual_load_revision_id_minus_da_approx_mw,False,too_correlated_with_kept_feature,renewable_total_forecast_revision_id_minus_da_mw_rolling_mean_3d_same_local_qh,1.0,0.10426262257592928,forecast_revision,forecast_revision,residual_load_revision_id_minus_da_approx_mw,forecast_revision,forecast_revision,residual_load_revision_id_minus_da_approx_mw,False
residual_load_revision_id_minus_da_approx_mw_rolling_mean_7d_same_local_qh,,,,,,,,,,False,True,kept,5808,1.0,5808,forecast_revision,forecast_revision,residual_load_revision_id_minus_da_approx_mw,False,too_correlated_with_kept_feature,renewable_total_forecast_revision_id_minus_da_mw_rolling_mean_7d_same_local_qh,1.0,0.17317845197764536,forecast_revision,forecast_revision,residual_load_revision_id_minus_da_approx_mw,forecast_revision,forecast_revision,residual_load_revision_id_minus_da_approx_mw,False
residual_load_revision_id_minus_da_approx_mw_rolling_median_14d_same_local_qh,,,,,,,,,,False,True,kept,5808,1.0,3645,forecast_revision,forecast_revision,residual_load_revision_id_minus_da_approx_mw,False,too_correlated_with_kept_feature,renewable_total_forecast_revision_id_minus_da_mw_rolling_median_14d_same_local_qh,1.0,0.17358311390036243,forecast_revision,forecast_revision,residual_load_revision_id_minus_da_approx_mw,forecast_revision,forecast_revision,residual_load_revision_id_minus_da_approx_mw,False
residual_load_revision_id_minus_da_approx_mw_rolling_median_28d_same_local_qh,,,,,,,,,,False,True,kept,5808,1.0,2622,forecast_revision,forecast_revision,residual_load_revision_id_minus_da_approx_mw,False,too_correlated_with_kept_feature,renewable_total_forecast_revision_id_minus_da_mw_rolling_median_28d_same_local_qh,1.0,0.22460800725845542,forecast_revision,forecast_revision,residual_load_revision_id_minus_da_approx_mw,forecast_revision,forecast_revision,residual_load_revision_id_minus_da_approx_mw,False
residual_load_revision_id_minus_da_approx_mw_rolling_median_3d_same_local_qh,,,,,,,,,,False,True,kept,5808,1.0,4289,forecast_revision,forecast_revision,residual_load_revision_id_minus_da_approx_mw,False,too_correlated_with_kept_feature,renewable_total_forecast_revision_id_minus_da_mw_rolling_median_3d_same_local_qh,1.0,0.08288983309922288,forecast_revision,forecast_revision,residual_load_revision_id_minus_da_approx_mw,forecast_revision,forecast_revision,residual_load_revision_id_minus_da_approx_mw,False
residual_load_revision_id_minus_da_approx_mw_rolling_median_7d_same_local_qh,,,,,,,,,,False,True,kept,5808,1.0,3263,forecast_revision,forecast_revision,residual_load_revision_id_minus_da_approx_mw,False,too_correlated_with_kept_feature,renewable_total_forecast_revision_id_minus_da_mw_rolling_median_7d_same_local_qh,1.0,0.21934140334337202,forecast_revision,forecast_revision,residual_load_revision_id_minus_da_approx_mw,forecast_revision,forecast_revision,residual_load_revision_id_minus_da_approx_mw,False
residual_load_revision_id_minus_da_approx_mw_rolling_std_14d_same_local_qh,,,,,,,,,,False,True,kept,5808,1.0,5808,forecast_revision,forecast_revision,residual_load_revision_id_minus_da_approx_mw,False,too_correlated_with_kept_feature,renewable_total_forecast_revision_id_minus_da_mw_rolling_std_14d_same_local_qh,1.0,0.17956165103767124,forecast_revision,forecast_revision,residual_load_revision_id_minus_da_approx_mw,forecast_revision,forecast_revision,residual_load_revision_id_minus_da_approx_mw,False
residual_load_revision_id_minus_da_approx_mw_rolling_std_28d_same_local_qh,,,,,,,,,,False,True,kept,5808,1.0,5808,forecast_revision,forecast_revision,residual_load_revision_id_minus_da_approx_mw,False,too_correlated_with_kept_feature,renewable_total_forecast_revision_id_minus_da_mw_rolling_std_28d_same_local_qh,1.0,0.24439405833286462,forecast_revision,forecast_revision,residual_load_revision_id_minus_da_approx_mw,forecast_revision,forecast_revision,residual_load_revision_id_minus_da_approx_mw,False
residual_load_revision_id_minus_da_approx_mw_rolling_std_3d_same_local_qh,,,,,,,,,,False,True,kept,5808,1.0,5808,forecast_revision,forecast_revision,residual_load_revision_id_minus_da_approx_mw,False,too_correlated_with_kept_feature,renewable_total_forecast_revision_id_minus_da_mw_rolling_std_3d_same_local_qh,1.0,0.1288184674210128,forecast_revision,forecast_revision,residual_load_revision_id_minus_da_approx_mw,forecast_revision,forecast_revision,residual_load_revision_id_minus_da_approx_mw,False
residual_load_revision_id_minus_da_approx_mw_rolling_std_7d_same_local_qh,,,,,,,,,,False,True,kept,5808,1.0,5808,forecast_revision,forecast_revision,residual_load_revision_id_minus_da_approx_mw,False,too_correlated_with_kept_feature,renewable_total_forecast_revision_id_minus_da_mw_rolling_std_7d_same_local_qh,1.0,0.13025648261172945,forecast_revision,forecast_revision,residual_load_revision_id_minus_da_approx_mw,forecast_revision,forecast_revision,residual_load_revision_id_minus_da_approx_mw,False
solar_da_forecast_error_mw_rolling_mean_3d_same_local_qh,,,,,,,,,,False,True,kept,1485,0.2556818181818182,1438,lagged_forecast_error,lagged_forecast_error,solar_da_forecast_error_mw,False,too_correlated_with_kept_feature,solar_da_forecast_error_mw_rolling_median_3d_same_local_qh,0.9637731491795021,0.07550210978241256,lagged_forecast_error,lagged_forecast_error,solar_da_forecast_error_mw,lagged_forecast_error,lagged_forecast_error,solar_da_forecast_error_mw,False
solar_da_forecast_error_mw_rolling_std_28d_same_local_qh,,,,,,,,,,False,True,kept,2760,0.47520661157024796,2298,lagged_forecast_error,lagged_forecast_error,solar_da_forecast_error_mw,False,too_correlated_with_kept_feature,solar_id_forecast_error_mw_rolling_std_28d_same_local_qh,0.9799923588538481,0.6204501410378055,lagged_forecast_error,lagged_forecast_error,solar_da_forecast_error_mw,lagged_forecast_error,lagged_forecast_error,solar_da_forecast_error_mw,False
solar_da_forecast_error_mw_rolling_std_7d_same_local_qh,,,,,,,,,,False,True,kept,2441,0.42028236914600553,2193,lagged_forecast_error,lagged_forecast_error,solar_da_forecast_error_mw,False,too_correlated_with_kept_feature,solar_id_forecast_error_mw_rolling_std_7d_same_local_qh,0.929130391165669,0.5857308538561867,lagged_forecast_error,lagged_forecast_error,solar_da_forecast_error_mw,lagged_forecast_error,lagged_forecast_error,solar_da_forecast_error_mw,False
solar_forecast_da_mw,,,,,,,,,,False,True,kept,3474,0.5981404958677686,3354,da_forecast,forecast_level,solar_forecast_da_mw,False,too_correlated_with_kept_feature,solar_forecast_id_mw,0.9990495919678173,0.7577024197818294,da_forecast,forecast_level,solar_forecast_da_mw,da_forecast,forecast_level,solar_forecast_da_mw,False
solar_forecast_da_mw_lag_1d_same_local_qh,,,,,,,,,,False,True,kept,3466,0.596763085399449,3346,da_forecast,forecast_level,solar_forecast_da_mw,False,too_correlated_with_kept_feature,solar_forecast_id_mw,0.9621365445085761,0.7352883214247358,da_forecast,forecast_level,solar_forecast_da_mw,da_forecast,forecast_level,solar_forecast_da_mw,False
solar_forecast_da_mw_lag_2d_same_local_qh,,,,,,,,,,False,True,kept,3425,0.5897038567493113,3306,da_forecast,forecast_level,solar_forecast_da_mw,False,too_correlated_with_kept_feature,solar_forecast_id_mw,0.9466110023388126,0.710120257696267,da_forecast,forecast_level,solar_forecast_da_mw,da_forecast,forecast_level,solar_forecast_da_mw,False
solar_forecast_da_mw_lag_7d_same_local_qh,,,,,,,,,,False,True,kept,3320,0.571625344352617,3203,da_forecast,forecast_level,solar_forecast_da_mw,False,too_correlated_with_kept_feature,solar_forecast_id_mw_lag_7d_same_local_qh,0.9990416546231989,0.6478210476575125,da_forecast,forecast_level,solar_forecast_da_mw,da_forecast,forecast_level,solar_forecast_da_mw,False
solar_forecast_id_mw_lag_14d_same_local_qh,,,,,,,,,,False,True,kept,3160,0.5440771349862259,3047,id_forecast,forecast_level,solar_forecast_id_mw,False,too_correlated_with_kept_feature,solar_forecast_da_mw_lag_14d_same_local_qh,0.9988926186617825,0.6589888139299432,id_forecast,forecast_level,solar_forecast_id_mw,id_forecast,forecast_level,solar_forecast_id_mw,False
solar_forecast_id_mw_lag_1d_same_local_qh,,,,,,,,,,False,True,kept,3459,0.5955578512396694,3339,id_forecast,forecast_level,solar_forecast_id_mw,False,too_correlated_with_kept_feature,solar_forecast_id_mw,0.9623855578762751,0.7348269960922825,id_forecast,forecast_level,solar_forecast_id_mw,id_forecast,forecast_level,solar_forecast_id_mw,False
solar_forecast_id_mw_lag_2d_same_local_qh,,,,,,,,,,False,True,kept,3419,0.5886707988980716,3300,id_forecast,forecast_level,solar_forecast_id_mw,False,too_correlated_with_kept_feature,solar_forecast_id_mw,0.9458563147090889,0.7109040350613077,id_forecast,forecast_level,solar_forecast_id_mw,id_forecast,forecast_level,solar_forecast_id_mw,False
solar_id_forecast_error_mw_rolling_mean_3d_same_local_qh,,,,,,,,,,False,True,kept,1485,0.2556818181818182,1439,lagged_forecast_error,lagged_forecast_error,solar_id_forecast_error_mw,False,too_correlated_with_kept_feature,solar_id_forecast_error_mw_rolling_median_3d_same_local_qh,0.9582670452891804,0.03138453909922662,lagged_forecast_error,lagged_forecast_error,solar_id_forecast_error_mw,lagged_forecast_error,lagged_forecast_error,solar_id_forecast_error_mw,False
solar_id_forecast_error_mw_rolling_std_14d_same_local_qh,,,,,,,,,,False,True,kept,2649,0.45609504132231404,2353,lagged_forecast_error,lagged_forecast_error,solar_id_forecast_error_mw,False,too_correlated_with_kept_feature,solar_id_forecast_error_mw_rolling_std_28d_same_local_qh,0.9209487271381174,0.6385338688422724,lagged_forecast_error,lagged_forecast_error,solar_id_forecast_error_mw,lagged_forecast_error,lagged_forecast_error,solar_id_forecast_error_mw,False
wind_offshore_da_forecast_error_mw_rolling_median_3d_same_local_qh,,,,,,,,,,False,True,kept,2735,0.4709022038567493,2578,lagged_forecast_error,lagged_forecast_error,wind_offshore_da_forecast_error_mw,False,too_correlated_with_kept_feature,wind_offshore_da_forecast_error_mw_rolling_mean_3d_same_local_qh,0.9818598689249431,0.022380310711850204,lagged_forecast_error,lagged_forecast_error,wind_offshore_da_forecast_error_mw,lagged_forecast_error,lagged_forecast_error,wind_offshore_da_forecast_error_mw,False
wind_offshore_forecast_da_mw_lag_14d_same_local_qh,,,,,,,,,,False,True,kept,5470,0.9418044077134986,5446,da_forecast,forecast_level,wind_offshore_forecast_da_mw,False,too_correlated_with_kept_feature,wind_offshore_forecast_id_mw_lag_14d_same_local_qh,0.984112218696021,0.044466919706945156,da_forecast,forecast_level,wind_offshore_forecast_da_mw,da_forecast,forecast_level,wind_offshore_forecast_da_mw,False
wind_offshore_forecast_da_mw_lag_1d_same_local_qh,,,,,,,,,,False,True,kept,5803,0.9991391184573003,5779,da_forecast,forecast_level,wind_offshore_forecast_da_mw,False,too_correlated_with_kept_feature,wind_offshore_forecast_id_mw_lag_1d_same_local_qh,0.9850109173204793,0.06644050946756132,da_forecast,forecast_level,wind_offshore_forecast_da_mw,da_forecast,forecast_level,wind_offshore_forecast_da_mw,False
wind_offshore_forecast_da_mw_lag_7d_same_local_qh,,,,,,,,,,False,True,kept,5660,0.9745179063360881,5636,da_forecast,forecast_level,wind_offshore_forecast_da_mw,False,too_correlated_with_kept_feature,wind_offshore_forecast_id_mw_lag_7d_same_local_qh,0.9878094650438857,0.026556591680301046,da_forecast,forecast_level,wind_offshore_forecast_da_mw,da_forecast,forecast_level,wind_offshore_forecast_da_mw,False
wind_offshore_forecast_id_mw,,,,,,,,,,False,True,kept,5807,0.9998278236914601,5772,id_forecast,forecast_level,wind_offshore_forecast_id_mw,False,too_correlated_with_kept_feature,wind_offshore_forecast_da_mw,0.9876567403015054,0.14669856821017443,id_forecast,forecast_level,wind_offshore_forecast_id_mw,id_forecast,forecast_level,wind_offshore_forecast_id_mw,False
wind_offshore_forecast_id_mw_lag_2d_same_local_qh,,,,,,,,,,False,True,kept,5760,0.9917355371900827,5729,id_forecast,forecast_level,wind_offshore_forecast_id_mw,False,too_correlated_with_kept_feature,wind_offshore_forecast_da_mw_lag_2d_same_local_qh,0.9854924596920911,0.15361618075826544,id_forecast,forecast_level,wind_offshore_forecast_id_mw,id_forecast,forecast_level,wind_offshore_forecast_id_mw,False
wind_offshore_id_forecast_error_mw_rolling_mean_14d_same_local_qh,,,,,,,,,,False,True,kept,4704,0.8099173553719008,4176,lagged_forecast_error,lagged_forecast_error,wind_offshore_id_forecast_error_mw,False,too_correlated_with_kept_feature,wind_offshore_da_forecast_error_mw_rolling_mean_14d_same_local_qh,0.9504274598417535,0.11504608942309903,lagged_forecast_error,lagged_forecast_error,wind_offshore_id_forecast_error_mw,lagged_forecast_error,lagged_forecast_error,wind_offshore_id_forecast_error_mw,False
wind_offshore_id_forecast_error_mw_rolling_mean_28d_same_local_qh,,,,,,,,,,False,True,kept,4896,0.8429752066115702,4176,lagged_forecast_error,lagged_forecast_error,wind_offshore_id_forecast_error_mw,False,too_correlated_with_kept_feature,wind_offshore_da_forecast_error_mw_rolling_mean_28d_same_local_qh,0.9643566745297338,0.16555244424336868,lagged_forecast_error,lagged_forecast_error,wind_offshore_id_forecast_error_mw,lagged_forecast_error,lagged_forecast_error,wind_offshore_id_forecast_error_mw,False
wind_offshore_id_forecast_error_mw_rolling_mean_3d_same_local_qh,,,,,,,,,,False,True,kept,2735,0.4709022038567493,2639,lagged_forecast_error,lagged_forecast_error,wind_offshore_id_forecast_error_mw,False,too_correlated_with_kept_feature,wind_offshore_id_forecast_error_mw_rolling_median_3d_same_local_qh,0.9835012197063379,0.0018661623639653507,lagged_forecast_error,lagged_forecast_error,wind_offshore_id_forecast_error_mw,lagged_forecast_error,lagged_forecast_error,wind_offshore_id_forecast_error_mw,False
wind_offshore_id_forecast_error_mw_rolling_mean_7d_same_local_qh,,,,,,,,,,False,True,kept,4416,0.7603305785123967,3984,lagged_forecast_error,lagged_forecast_error,wind_offshore_id_forecast_error_mw,False,too_correlated_with_kept_feature,wind_offshore_da_forecast_error_mw_rolling_mean_7d_same_local_qh,0.9331775465044169,0.09125447281495565,lagged_forecast_error,lagged_forecast_error,wind_offshore_id_forecast_error_mw,lagged_forecast_error,lagged_forecast_error,wind_offshore_id_forecast_error_mw,False
wind_onshore_da_forecast_error_mw_rolling_median_3d_same_local_qh,,,,,,,,,,False,True,kept,2736,0.47107438016528924,2578,lagged_forecast_error,lagged_forecast_error,wind_onshore_da_forecast_error_mw,False,too_correlated_with_kept_feature,wind_onshore_da_forecast_error_mw_rolling_mean_3d_same_local_qh,0.9762408763115246,0.1492878728393708,lagged_forecast_error,lagged_forecast_error,wind_onshore_da_forecast_error_mw,lagged_forecast_error,lagged_forecast_error,wind_onshore_da_forecast_error_mw,False
wind_onshore_forecast_da_mw,,,,,,,,,,False,True,kept,5808,1.0,5808,da_forecast,forecast_level,wind_onshore_forecast_da_mw,False,too_correlated_with_kept_feature,wind_onshore_forecast_id_mw,0.9923957045994384,0.22224451209606147,da_forecast,forecast_level,wind_onshore_forecast_da_mw,da_forecast,forecast_level,wind_onshore_forecast_da_mw,False
wind_onshore_forecast_da_mw_lag_1d_same_local_qh,,,,,,,,,,False,True,kept,5808,1.0,5808,da_forecast,forecast_level,wind_onshore_forecast_da_mw,False,too_correlated_with_kept_feature,wind_total_forecast_id_mw_lag_1d_same_local_qh,0.9801513237199596,0.06517858871602333,da_forecast,forecast_level,wind_onshore_forecast_da_mw,da_forecast,forecast_level,wind_onshore_forecast_da_mw,False
wind_onshore_forecast_da_mw_lag_2d_same_local_qh,,,,,,,,,,False,True,kept,5760,0.9917355371900827,5760,da_forecast,forecast_level,wind_onshore_forecast_da_mw,False,too_correlated_with_kept_feature,wind_total_forecast_id_mw_lag_2d_same_local_qh,0.9834842707047606,0.16407776004441127,da_forecast,forecast_level,wind_onshore_forecast_da_mw,da_forecast,forecast_level,wind_onshore_forecast_da_mw,False
wind_onshore_forecast_id_mw_lag_14d_same_local_qh,,,,,,,,,,False,True,kept,5472,0.9421487603305785,5472,id_forecast,forecast_level,wind_onshore_forecast_id_mw,False,too_correlated_with_kept_feature,wind_onshore_forecast_da_mw_lag_14d_same_local_qh,0.9918168543816126,0.12112091328139896,id_forecast,forecast_level,wind_onshore_forecast_id_mw,id_forecast,forecast_level,wind_onshore_forecast_id_mw,False
wind_onshore_forecast_id_mw_lag_1d_same_local_qh,,,,,,,,,,False,True,kept,5808,1.0,5808,id_forecast,forecast_level,wind_onshore_forecast_id_mw,False,too_correlated_with_kept_feature,wind_total_forecast_id_mw_lag_1d_same_local_qh,0.9880154799938681,0.06553145611595249,id_forecast,forecast_level,wind_onshore_forecast_id_mw,id_forecast,forecast_level,wind_onshore_forecast_id_mw,False
wind_onshore_forecast_id_mw_lag_2d_same_local_qh,,,,,,,,,,False,True,kept,5760,0.9917355371900827,5760,id_forecast,forecast_level,wind_onshore_forecast_id_mw,False,too_correlated_with_kept_feature,wind_total_forecast_id_mw_lag_2d_same_local_qh,0.9905783690450293,0.1646079729034621,id_forecast,forecast_level,wind_onshore_forecast_id_mw,id_forecast,forecast_level,wind_onshore_forecast_id_mw,False
wind_onshore_forecast_id_mw_lag_7d_same_local_qh,,,,,,,,,,False,True,kept,5664,0.9752066115702479,5664,id_forecast,forecast_level,wind_onshore_forecast_id_mw,False,too_correlated_with_kept_feature,wind_onshore_forecast_da_mw_lag_7d_same_local_qh,0.9935149788751323,0.09895448502836304,id_forecast,forecast_level,wind_onshore_forecast_id_mw,id_forecast,forecast_level,wind_onshore_forecast_id_mw,False
wind_onshore_forecast_revision_id_minus_da_mw_lag_14d_same_local_qh,,,,,,,,,,False,True,kept,5472,0.9421487603305785,5472,forecast_revision,forecast_revision,wind_onshore_forecast_revision_id_minus_da_mw,False,too_correlated_with_kept_feature,wind_total_forecast_revision_id_minus_da_mw_lag_14d_same_local_qh,0.9370546596598363,0.04148415004360442,forecast_revision,forecast_revision,wind_onshore_forecast_revision_id_minus_da_mw,forecast_revision,forecast_revision,wind_onshore_forecast_revision_id_minus_da_mw,False
wind_onshore_forecast_revision_id_minus_da_mw_lag_1d_same_local_qh,,,,,,,,,,False,True,kept,5808,1.0,5808,forecast_revision,forecast_revision,wind_onshore_forecast_revision_id_minus_da_mw,False,too_correlated_with_kept_feature,wind_total_forecast_revision_id_minus_da_mw_lag_1d_same_local_qh,0.946801730833821,0.04652103733559692,forecast_revision,forecast_revision,wind_onshore_forecast_revision_id_minus_da_mw,forecast_revision,forecast_revision,wind_onshore_forecast_revision_id_minus_da_mw,False
wind_onshore_forecast_revision_id_minus_da_mw_lag_2d_same_local_qh,,,,,,,,,,False,True,kept,5760,0.9917355371900827,5760,forecast_revision,forecast_revision,wind_onshore_forecast_revision_id_minus_da_mw,False,too_correlated_with_kept_feature,wind_total_forecast_revision_id_minus_da_mw_lag_2d_same_local_qh,0.9406236813705737,0.059157196142328464,forecast_revision,forecast_revision,wind_onshore_forecast_revision_id_minus_da_mw,forecast_revision,forecast_revision,wind_onshore_forecast_revision_id_minus_da_mw,False
wind_onshore_id_forecast_error_mw_rolling_mean_3d_same_local_qh,,,,,,,,,,False,True,kept,2736,0.47107438016528924,2640,lagged_forecast_error,lagged_forecast_error,wind_onshore_id_forecast_error_mw,False,too_correlated_with_kept_feature,wind_onshore_id_forecast_error_mw_rolling_median_3d_same_local_qh,0.9712494487552217,0.024897798354851734,lagged_forecast_error,lagged_forecast_error,wind_onshore_id_forecast_error_mw,lagged_forecast_error,lagged_forecast_error,wind_onshore_id_forecast_error_mw,False
wind_total_forecast_da_mw,,,,,,,,,,False,True,kept,5808,1.0,5808,da_forecast,forecast_level,wind_total_forecast_da_mw,False,too_correlated_with_kept_feature,wind_onshore_forecast_id_mw,0.9834472374220341,0.22340474246439354,da_forecast,forecast_level,wind_total_forecast_da_mw,da_forecast,forecast_level,wind_total_forecast_da_mw,False
wind_total_forecast_da_mw_lag_14d_same_local_qh,,,,,,,,,,False,True,kept,5472,0.9421487603305785,5472,da_forecast,forecast_level,wind_total_forecast_da_mw,False,too_correlated_with_kept_feature,wind_onshore_forecast_da_mw_lag_14d_same_local_qh,0.987052342931353,0.10864059790073256,da_forecast,forecast_level,wind_total_forecast_da_mw,da_forecast,forecast_level,wind_total_forecast_da_mw,False
wind_total_forecast_da_mw_lag_1d_same_local_qh,,,,,,,,,,False,True,kept,5808,1.0,5808,da_forecast,forecast_level,wind_total_forecast_da_mw,False,too_correlated_with_kept_feature,wind_total_forecast_id_mw_lag_1d_same_local_qh,0.9932492094805133,0.06511490390761229,da_forecast,forecast_level,wind_total_forecast_da_mw,da_forecast,forecast_level,wind_total_forecast_da_mw,False
wind_total_forecast_da_mw_lag_2d_same_local_qh,,,,,,,,,,False,True,kept,5760,0.9917355371900827,5760,da_forecast,forecast_level,wind_total_forecast_da_mw,False,too_correlated_with_kept_feature,wind_total_forecast_id_mw_lag_2d_same_local_qh,0.9937980875414361,0.16271449438138724,da_forecast,forecast_level,wind_total_forecast_da_mw,da_forecast,forecast_level,wind_total_forecast_da_mw,False
wind_total_forecast_da_mw_lag_7d_same_local_qh,,,,,,,,,,False,True,kept,5664,0.9752066115702479,5664,da_forecast,forecast_level,wind_total_forecast_da_mw,False,too_correlated_with_kept_feature,wind_onshore_forecast_da_mw_lag_7d_same_local_qh,0.9873721024193391,0.08637072251904285,da_forecast,forecast_level,wind_total_forecast_da_mw,da_forecast,forecast_level,wind_total_forecast_da_mw,False
wind_total_forecast_id_mw,,,,,,,,,,False,True,kept,5808,1.0,5808,id_forecast,forecast_level,wind_total_forecast_id_mw,False,too_correlated_with_kept_feature,wind_onshore_forecast_id_mw,0.9882655816418694,0.23716202525733626,id_forecast,forecast_level,wind_total_forecast_id_mw,id_forecast,forecast_level,wind_total_forecast_id_mw,False
wind_total_forecast_id_mw_lag_14d_same_local_qh,,,,,,,,,,False,True,kept,5472,0.9421487603305785,5472,id_forecast,forecast_level,wind_total_forecast_id_mw,False,too_correlated_with_kept_feature,wind_onshore_forecast_da_mw_lag_14d_same_local_qh,0.9766946193297945,0.11018838052051075,id_forecast,forecast_level,wind_total_forecast_id_mw,id_forecast,forecast_level,wind_total_forecast_id_mw,False
wind_total_forecast_id_mw_lag_7d_same_local_qh,,,,,,,,,,False,True,kept,5664,0.9752066115702479,5664,id_forecast,forecast_level,wind_total_forecast_id_mw,False,too_correlated_with_kept_feature,wind_onshore_forecast_da_mw_lag_7d_same_local_qh,0.9809684875253688,0.08481904383400111,id_forecast,forecast_level,wind_total_forecast_id_mw,id_forecast,forecast_level,wind_total_forecast_id_mw,False
wind_total_forecast_revision_id_minus_da_mw,,,,,,,,,,False,True,kept,5808,1.0,5808,forecast_revision,forecast_revision,wind_total_forecast_revision_id_minus_da_mw,False,too_correlated_with_kept_feature,wind_onshore_forecast_revision_id_minus_da_mw,0.9510332817237139,0.15595712721502739,forecast_revision,forecast_revision,wind_total_forecast_revision_id_minus_da_mw,forecast_revision,forecast_revision,wind_total_forecast_revision_id_minus_da_mw,False
wind_total_forecast_revision_id_minus_da_mw_lag_7d_same_local_qh,,,,,,,,,,False,True,kept,5664,0.9752066115702479,5664,forecast_revision,forecast_revision,wind_total_forecast_revision_id_minus_da_mw,False,too_correlated_with_kept_feature,wind_onshore_forecast_revision_id_minus_da_mw_lag_7d_same_local_qh,0.9503941670247107,0.017384132155893565,forecast_revision,forecast_revision,wind_total_forecast_revision_id_minus_da_mw,forecast_revision,forecast_revision,wind_total_forecast_revision_id_minus_da_mw,False
