timestamp_utc,timestamp_local,date_local,hour_local,minute_local,quarter_hour_local,weekday_local,month_local,ida3_minus_da_spread_eur_mwh,da_price_eur_mwh,wind_offshore_forecast_da_mw,residual_load_forecast_id_approx_mw,month_sin,month_cos,wind_onshore_forecast_id_mw,ida3_price_eur_mwh
2026-05-08 12:00:00+00:00,2026-05-08 14:00:00+02:00,2026-05-08,14,0,0,4,5,21.179999999999993,50.92,1004.19,17416.321612000007,0.8660254037844387,-0.4999999999999998,3467.98281,72.1
2026-05-08 12:15:00+00:00,2026-05-08 14:15:00+02:00,2026-05-08,14,15,1,4,5,25.480000000000004,50.92,1006.94,17451.255815000004,0.8660254037844387,-0.4999999999999998,3661.26355,76.4
2026-05-08 12:30:00+00:00,2026-05-08 14:30:00+02:00,2026-05-08,14,30,2,4,5,30.129999999999995,50.92,1015.71,17927.644659000005,0.8660254037844387,-0.4999999999999998,3816.07183,81.05
2026-05-08 12:45:00+00:00,2026-05-08 14:45:00+02:00,2026-05-08,14,45,3,4,5,35.53999999999999,50.92,1064.53,18302.898240000002,0.8660254037844387,-0.4999999999999998,3946.29022,86.46
2026-05-08 13:00:00+00:00,2026-05-08 15:00:00+02:00,2026-05-08,15,0,0,4,5,8.179999999999993,73.31,1070.59,18999.58509600001,0.8660254037844387,-0.4999999999999998,4060.73094,81.49
2026-05-08 13:15:00+00:00,2026-05-08 15:15:00+02:00,2026-05-08,15,15,1,4,5,17.519999999999996,73.31,1072.69,19643.244113,0.8660254037844387,-0.4999999999999998,4164.59699,90.83
2026-05-08 13:30:00+00:00,2026-05-08 15:30:00+02:00,2026-05-08,15,30,2,4,5,25.049999999999997,73.31,1075.78,20510.858665,0.8660254037844387,-0.4999999999999998,4267.69387,98.36
2026-05-08 13:45:00+00:00,2026-05-08 15:45:00+02:00,2026-05-08,15,45,3,4,5,26.489999999999995,73.31,1077.93,21308.234280000004,0.8660254037844387,-0.4999999999999998,4363.31477,99.8
2026-05-08 14:00:00+00:00,2026-05-08 16:00:00+02:00,2026-05-08,16,0,0,4,5,-5.6299999999999955,94.94,1086.4,22588.942577,0.8660254037844387,-0.4999999999999998,4466.63729,89.31
2026-05-08 14:15:00+00:00,2026-05-08 16:15:00+02:00,2026-05-08,16,15,1,4,5,1.7600000000000051,94.94,1089.69,23872.103843999997,0.8660254037844387,-0.4999999999999998,4549.40139,96.7
2026-05-08 14:30:00+00:00,2026-05-08 16:30:00+02:00,2026-05-08,16,30,2,4,5,5.269999999999996,94.94,1091.99,25089.484205,0.8660254037844387,-0.4999999999999998,4637.94234,100.21
2026-05-08 14:45:00+00:00,2026-05-08 16:45:00+02:00,2026-05-08,16,45,3,4,5,14.120000000000005,94.94,1092.27,26440.402522000004,0.8660254037844387,-0.4999999999999998,4721.21445,109.06
2026-05-08 15:00:00+00:00,2026-05-08 17:00:00+02:00,2026-05-08,17,0,0,4,5,-17.689999999999998,114.13,1104.08,29071.403152999996,0.8660254037844387,-0.4999999999999998,4797.30702,96.44
2026-05-08 15:15:00+00:00,2026-05-08 17:15:00+02:00,2026-05-08,17,15,1,4,5,-8.599999999999994,114.13,1142.58,31236.363168,0.8660254037844387,-0.4999999999999998,4890.24888,105.53
2026-05-08 15:30:00+00:00,2026-05-08 17:30:00+02:00,2026-05-08,17,30,2,4,5,2.5400000000000063,114.13,1195.24,33033.469713,0.8660254037844387,-0.4999999999999998,4989.37114,116.67
2026-05-08 15:45:00+00:00,2026-05-08 17:45:00+02:00,2026-05-08,17,45,3,4,5,13.870000000000005,114.13,1235.91,35081.61138,0.8660254037844387,-0.4999999999999998,5089.39855,128.0
2026-05-08 16:00:00+00:00,2026-05-08 18:00:00+02:00,2026-05-08,18,0,0,4,5,-19.930000000000007,132.4,1279.18,37181.570858,0.8660254037844387,-0.4999999999999998,5189.76477,112.47
2026-05-08 16:15:00+00:00,2026-05-08 18:15:00+02:00,2026-05-08,18,15,1,4,5,-8.400000000000006,132.4,1356.56,39084.016445,0.8660254037844387,-0.4999999999999998,5323.62821,124.0
2026-05-08 16:30:00+00:00,2026-05-08 18:30:00+02:00,2026-05-08,18,30,2,4,5,-0.21000000000000796,132.4,1435.88,40901.968647,0.8660254037844387,-0.4999999999999998,5458.30982,132.19
2026-05-08 16:45:00+00:00,2026-05-08 18:45:00+02:00,2026-05-08,18,45,3,4,5,10.310000000000002,132.4,1513.35,42686.336075,0.8660254037844387,-0.4999999999999998,5591.48971,142.71
2026-05-08 17:00:00+00:00,2026-05-08 19:00:00+02:00,2026-05-08,19,0,0,4,5,-12.350000000000023,146.3,1599.64,43910.110241999995,0.8660254037844387,-0.4999999999999998,5742.99708,133.95
2026-05-08 17:15:00+00:00,2026-05-08 19:15:00+02:00,2026-05-08,19,15,1,4,5,-2.6200000000000045,146.3,1719.88,45088.320387,0.8660254037844387,-0.4999999999999998,5962.72154,143.68
2026-05-08 17:30:00+00:00,2026-05-08 19:30:00+02:00,2026-05-08,19,30,2,4,5,7.069999999999993,146.3,1836.16,45846.009920000004,0.8660254037844387,-0.4999999999999998,6174.99996,153.37
2026-05-08 17:45:00+00:00,2026-05-08 19:45:00+02:00,2026-05-08,19,45,3,4,5,18.69999999999999,146.3,1952.45,46518.838567000006,0.8660254037844387,-0.4999999999999998,6426.51263,165.0
2026-05-08 18:00:00+00:00,2026-05-08 20:00:00+02:00,2026-05-08,20,0,0,4,5,8.810000000000002,150.24,2072.23,46333.356922,0.8660254037844387,-0.4999999999999998,6706.27843,159.05
2026-05-08 18:15:00+00:00,2026-05-08 20:15:00+02:00,2026-05-08,20,15,1,4,5,5.769999999999982,150.24,2211.49,45958.80031399999,0.8660254037844387,-0.4999999999999998,7045.60227,156.01
2026-05-08 18:30:00+00:00,2026-05-08 20:30:00+02:00,2026-05-08,20,30,2,4,5,3.769999999999982,150.24,2346.73,45400.074637,0.8660254037844387,-0.4999999999999998,7470.29051,154.01
2026-05-08 18:45:00+00:00,2026-05-08 20:45:00+02:00,2026-05-08,20,45,3,4,5,3.9299999999999784,150.24,2485.01,44505.826174,0.8660254037844387,-0.4999999999999998,7887.70232,154.17
2026-05-08 19:00:00+00:00,2026-05-08 21:00:00+02:00,2026-05-08,21,0,0,4,5,23.02000000000001,137.28,2749.72,43435.012906,0.8660254037844387,-0.4999999999999998,8271.88607,160.3
2026-05-08 19:15:00+00:00,2026-05-08 21:15:00+02:00,2026-05-08,21,15,1,4,5,8.169999999999987,137.28,2833.25,42348.814273,0.8660254037844387,-0.4999999999999998,8623.6081,145.45
2026-05-08 19:30:00+00:00,2026-05-08 21:30:00+02:00,2026-05-08,21,30,2,4,5,1.8100000000000023,137.28,2909.75,41183.181247,0.8660254037844387,-0.4999999999999998,9002.30417,139.09
2026-05-08 19:45:00+00:00,2026-05-08 21:45:00+02:00,2026-05-08,21,45,3,4,5,-5.280000000000001,137.28,2993.19,39968.697929,0.8660254037844387,-0.4999999999999998,9398.46634,132.0
2026-05-08 20:00:00+00:00,2026-05-08 22:00:00+02:00,2026-05-08,22,0,0,4,5,5.639999999999986,132.36,3055.54,38985.531796999996,0.8660254037844387,-0.4999999999999998,9544.17221,138.0
2026-05-08 20:15:00+00:00,2026-05-08 22:15:00+02:00,2026-05-08,22,15,1,4,5,-1.5600000000000023,132.36,3050.15,38086.389751,0.8660254037844387,-0.4999999999999998,9712.87981,130.8
2026-05-08 20:30:00+00:00,2026-05-08 22:30:00+02:00,2026-05-08,22,30,2,4,5,-3.8000000000000114,132.36,3045.8,37181.45839,0.8660254037844387,-0.4999999999999998,9880.39976,128.56
2026-05-08 20:45:00+00:00,2026-05-08 22:45:00+02:00,2026-05-08,22,45,3,4,5,-9.240000000000009,132.36,3041.43,36318.763263,0.8660254037844387,-0.4999999999999998,9990.89878,123.12
2026-05-08 21:00:00+00:00,2026-05-08 23:00:00+02:00,2026-05-08,23,0,0,4,5,3.7900000000000063,118.64,3030.38,35210.972967,0.8660254037844387,-0.4999999999999998,10055.82317,122.43
2026-05-08 21:15:00+00:00,2026-05-08 23:15:00+02:00,2026-05-08,23,15,1,4,5,0.8499999999999943,118.64,3004.28,34551.709632,0.8660254037844387,-0.4999999999999998,9958.92042,119.49
2026-05-08 21:30:00+00:00,2026-05-08 23:30:00+02:00,2026-05-08,23,30,2,4,5,-1.1800000000000068,118.64,2974.2,33951.44853,0.8660254037844387,-0.4999999999999998,9858.89437,117.46
2026-05-08 21:45:00+00:00,2026-05-08 23:45:00+02:00,2026-05-08,23,45,3,4,5,-8.870000000000005,118.64,2945.12,33185.596812,0.8660254037844387,-0.4999999999999998,9750.92371,109.77
2026-05-09 10:00:00+00:00,2026-05-09 12:00:00+02:00,2026-05-09,12,0,0,5,5,-9.54,-2.82,492.81,4611.587246000003,0.8660254037844387,-0.4999999999999998,723.49757,-12.36
2026-05-09 10:15:00+00:00,2026-05-09 12:15:00+02:00,2026-05-09,12,15,1,5,5,-10.379999999999999,-2.82,492.69,4204.632366999998,0.8660254037844387,-0.4999999999999998,728.58114,-13.2
2026-05-09 10:30:00+00:00,2026-05-09 12:30:00+02:00,2026-05-09,12,30,2,5,5,-4.800000000000001,-2.82,489.74,5257.784707999999,0.8660254037844387,-0.4999999999999998,733.06458,-7.62
2026-05-09 10:45:00+00:00,2026-05-09 12:45:00+02:00,2026-05-09,12,45,3,5,5,-4.0,-2.82,490.9,5415.806100000002,0.8660254037844387,-0.4999999999999998,739.05686,-6.82
2026-05-09 11:00:00+00:00,2026-05-09 13:00:00+02:00,2026-05-09,13,0,0,5,5,-7.309999999999999,-2.23,488.96,3932.684809999999,0.8660254037844387,-0.4999999999999998,745.28459,-9.54
2026-05-09 11:15:00+00:00,2026-05-09 13:15:00+02:00,2026-05-09,13,15,1,5,5,-6.789999999999999,-2.23,485.26,5377.4496350000045,0.8660254037844387,-0.4999999999999998,759.17515,-9.02
2026-05-09 11:30:00+00:00,2026-05-09 13:30:00+02:00,2026-05-09,13,30,2,5,5,-8.7,-2.23,481.58,4444.074987999993,0.8660254037844387,-0.4999999999999998,787.79761,-10.93
2026-05-09 11:45:00+00:00,2026-05-09 13:45:00+02:00,2026-05-09,13,45,3,5,5,-8.68,-2.23,484.91,5541.85168,0.8660254037844387,-0.4999999999999998,823.67921,-10.91
2026-05-09 12:00:00+00:00,2026-05-09 14:00:00+02:00,2026-05-09,14,0,0,5,5,-9.17,-1.8,475.57,6270.089169999999,0.8660254037844387,-0.4999999999999998,871.68814,-10.97
2026-05-09 12:15:00+00:00,2026-05-09 14:15:00+02:00,2026-05-09,14,15,1,5,5,-8.219999999999999,-1.8,467.12,5589.973331000001,0.8660254037844387,-0.4999999999999998,941.13585,-10.02
2026-05-09 12:30:00+00:00,2026-05-09 14:30:00+02:00,2026-05-09,14,30,2,5,5,-5.7700000000000005,-1.8,455.66,6630.768327000005,0.8660254037844387,-0.4999999999999998,1000.48703,-7.57
2026-05-09 12:45:00+00:00,2026-05-09 14:45:00+02:00,2026-05-09,14,45,3,5,5,-7.05,-1.8,446.24,6781.831623999999,0.8660254037844387,-0.4999999999999998,1035.77534,-8.85
2026-05-09 13:00:00+00:00,2026-05-09 15:00:00+02:00,2026-05-09,15,0,0,5,5,-10.41,0.72,438.13,6678.483953000003,0.8660254037844387,-0.4999999999999998,1105.34029,-9.69
2026-05-09 13:15:00+00:00,2026-05-09 15:15:00+02:00,2026-05-09,15,15,1,5,5,-6.1,0.72,441.92,7308.843387000001,0.8660254037844387,-0.4999999999999998,1189.77151,-5.38
2026-05-09 13:30:00+00:00,2026-05-09 15:30:00+02:00,2026-05-09,15,30,2,5,5,-2.8200000000000003,0.72,442.72,9340.397857000004,0.8660254037844387,-0.4999999999999998,1279.55398,-2.1
2026-05-09 13:45:00+00:00,2026-05-09 15:45:00+02:00,2026-05-09,15,45,3,5,5,11.469999999999999,0.72,444.46,8918.700688999998,0.8660254037844387,-0.4999999999999998,1386.18762,12.19
2026-05-09 14:00:00+00:00,2026-05-09 16:00:00+02:00,2026-05-09,16,0,0,5,5,-22.169999999999998,29.15,446.47,9742.040758999996,0.8660254037844387,-0.4999999999999998,1488.76615,6.98
2026-05-09 14:15:00+00:00,2026-05-09 16:15:00+02:00,2026-05-09,16,15,1,5,5,-14.149999999999999,29.15,457.79,12033.499770000002,0.8660254037844387,-0.4999999999999998,1592.17113,15.0
2026-05-09 14:30:00+00:00,2026-05-09 16:30:00+02:00,2026-05-09,16,30,2,5,5,7.859999999999999,29.15,469.09,12715.541567000004,0.8660254037844387,-0.4999999999999998,1700.38955,37.01
2026-05-09 14:45:00+00:00,2026-05-09 16:45:00+02:00,2026-05-09,16,45,3,5,5,36.68,29.15,477.41,14281.502253999999,0.8660254037844387,-0.4999999999999998,1799.52935,65.83
2026-05-09 15:00:00+00:00,2026-05-09 17:00:00+02:00,2026-05-09,17,0,0,5,5,-42.89,92.95,498.39,15780.931403999999,0.8660254037844387,-0.4999999999999998,1903.67206,50.06
2026-05-09 15:15:00+00:00,2026-05-09 17:15:00+02:00,2026-05-09,17,15,1,5,5,-8.079999999999998,92.95,514.31,18323.236170999997,0.8660254037844387,-0.4999999999999998,2038.72878,84.87
2026-05-09 15:30:00+00:00,2026-05-09 17:30:00+02:00,2026-05-09,17,30,2,5,5,0.5099999999999909,92.95,532.36,19604.049396000002,0.8660254037844387,-0.4999999999999998,2172.51185,93.46
2026-05-09 15:45:00+00:00,2026-05-09 17:45:00+02:00,2026-05-09,17,45,3,5,5,21.25999999999999,92.95,550.55,21869.992186999996,0.8660254037844387,-0.4999999999999998,2307.10479,114.21
2026-05-09 16:00:00+00:00,2026-05-09 18:00:00+02:00,2026-05-09,18,0,0,5,5,-18.36,122.06,560.74,25133.617821000003,0.8660254037844387,-0.4999999999999998,2439.34401,103.7
2026-05-09 16:15:00+00:00,2026-05-09 18:15:00+02:00,2026-05-09,18,15,1,5,5,-11.030000000000001,122.06,572.28,27775.657222,0.8660254037844387,-0.4999999999999998,2603.20147,111.03
2026-05-09 16:30:00+00:00,2026-05-09 18:30:00+02:00,2026-05-09,18,30,2,5,5,-5.920000000000002,122.06,583.84,30161.537451999997,0.8660254037844387,-0.4999999999999998,2770.58989,116.14
2026-05-09 16:45:00+00:00,2026-05-09 18:45:00+02:00,2026-05-09,18,45,3,5,5,9.289999999999992,122.06,599.5,32998.264910000005,0.8660254037844387,-0.4999999999999998,2940.46514,131.35
2026-05-09 17:00:00+00:00,2026-05-09 19:00:00+02:00,2026-05-09,19,0,0,5,5,-19.14,138.94,605.35,35949.981324,0.8660254037844387,-0.4999999999999998,3120.82138,119.8
2026-05-09 17:15:00+00:00,2026-05-09 19:15:00+02:00,2026-05-09,19,15,1,5,5,-12.829999999999998,138.94,610.95,38002.53340100001,0.8660254037844387,-0.4999999999999998,3424.2057,126.11
2026-05-09 17:30:00+00:00,2026-05-09 19:30:00+02:00,2026-05-09,19,30,2,5,5,-6.800000000000011,138.94,614.57,39787.90494,0.8660254037844387,-0.4999999999999998,3726.91237,132.14
2026-05-09 17:45:00+00:00,2026-05-09 19:45:00+02:00,2026-05-09,19,45,3,5,5,11.800000000000011,138.94,617.24,41267.862576,0.8660254037844387,-0.4999999999999998,4078.99562,150.74
2026-05-09 18:00:00+00:00,2026-05-09 20:00:00+02:00,2026-05-09,20,0,0,5,5,-3.6100000000000136,146.5,619.71,41319.008951,0.8660254037844387,-0.4999999999999998,4459.00781,142.89
2026-05-09 18:15:00+00:00,2026-05-09 20:15:00+02:00,2026-05-09,20,15,1,5,5,3.5,146.5,627.39,41721.662622,0.8660254037844387,-0.4999999999999998,4907.28577,150.0
2026-05-09 18:30:00+00:00,2026-05-09 20:30:00+02:00,2026-05-09,20,30,2,5,5,3.509999999999991,146.5,636.13,41396.519271,0.8660254037844387,-0.4999999999999998,5443.74114,150.01
2026-05-09 18:45:00+00:00,2026-05-09 20:45:00+02:00,2026-05-09,20,45,3,5,5,-1.4000000000000057,146.5,644.96,40909.200834,0.8660254037844387,-0.4999999999999998,5968.72465,145.1
2026-05-09 19:00:00+00:00,2026-05-09 21:00:00+02:00,2026-05-09,21,0,0,5,5,9.049999999999983,141.43,653.95,40074.763873,0.8660254037844387,-0.4999999999999998,6455.78658,150.48
2026-05-09 19:15:00+00:00,2026-05-09 21:15:00+02:00,2026-05-09,21,15,1,5,5,8.569999999999993,141.43,663.86,39305.245749,0.8660254037844387,-0.4999999999999998,6883.59499,150.0
2026-05-09 19:30:00+00:00,2026-05-09 21:30:00+02:00,2026-05-09,21,30,2,5,5,2.0999999999999943,141.43,672.75,38534.166485,0.8660254037844387,-0.4999999999999998,7316.61995,143.53
2026-05-09 19:45:00+00:00,2026-05-09 21:45:00+02:00,2026-05-09,21,45,3,5,5,-12.050000000000011,141.43,681.58,37643.844274,0.8660254037844387,-0.4999999999999998,7759.682,129.38
2026-05-09 20:00:00+00:00,2026-05-09 22:00:00+02:00,2026-05-09,22,0,0,5,5,8.25,133.26,688.33,36693.302964,0.8660254037844387,-0.4999999999999998,8014.46858,141.51
2026-05-09 20:15:00+00:00,2026-05-09 22:15:00+02:00,2026-05-09,22,15,1,5,5,4.650000000000006,133.26,702.81,35928.306119,0.8660254037844387,-0.4999999999999998,8202.31954,137.91
2026-05-09 20:30:00+00:00,2026-05-09 22:30:00+02:00,2026-05-09,22,30,2,5,5,-4.2099999999999795,133.26,712.29,35338.384956,0.8660254037844387,-0.4999999999999998,8378.26171,129.05
2026-05-09 20:45:00+00:00,2026-05-09 22:45:00+02:00,2026-05-09,22,45,3,5,5,-9.33999999999999,133.26,721.76,34700.514113,0.8660254037844387,-0.4999999999999998,8486.51322,123.92
2026-05-09 21:00:00+00:00,2026-05-09 23:00:00+02:00,2026-05-09,23,0,0,5,5,2.739999999999995,124.84,734.45,33995.197321,0.8660254037844387,-0.4999999999999998,8562.95276,127.58
2026-05-09 21:15:00+00:00,2026-05-09 23:15:00+02:00,2026-05-09,23,15,1,5,5,9.030000000000001,124.84,723.93,33458.550933000006,0.8660254037844387,-0.4999999999999998,8447.11513,133.87
2026-05-09 21:30:00+00:00,2026-05-09 23:30:00+02:00,2026-05-09,23,30,2,5,5,5.159999999999997,124.84,715.57,32963.406462000006,0.8660254037844387,-0.4999999999999998,8323.26305,130.0
2026-05-09 21:45:00+00:00,2026-05-09 23:45:00+02:00,2026-05-09,23,45,3,5,5,-4.210000000000008,124.84,710.11,32609.975664999998,0.8660254037844387,-0.4999999999999998,8201.43858,120.63
2026-05-11 10:00:00+00:00,2026-05-11 12:00:00+02:00,2026-05-11,12,0,0,0,5,-7.200000000000003,95.0,2871.47,26634.728435999998,0.8660254037844387,-0.4999999999999998,12801.74145,87.8
2026-05-11 10:15:00+00:00,2026-05-11 12:15:00+02:00,2026-05-11,12,15,1,0,5,-3.049999999999997,90.0,2971.2,25604.010384,0.8660254037844387,-0.4999999999999998,13300.53921,86.95
2026-05-11 10:30:00+00:00,2026-05-11 12:30:00+02:00,2026-05-11,12,30,2,0,5,-19.340000000000003,106.19,3070.38,24508.1031,0.8660254037844387,-0.4999999999999998,13807.32172,86.85
2026-05-11 10:45:00+00:00,2026-05-11 12:45:00+02:00,2026-05-11,12,45,3,0,5,-11.420000000000002,97.02,3170.11,23331.663406,0.8660254037844387,-0.4999999999999998,14343.91428,85.6
2026-05-11 11:00:00+00:00,2026-05-11 13:00:00+02:00,2026-05-11,13,0,0,0,5,-15.450000000000003,101.66,3254.11,22335.573339000002,0.8660254037844387,-0.4999999999999998,14822.72644,86.21
2026-05-11 11:15:00+00:00,2026-05-11 13:15:00+02:00,2026-05-11,13,15,1,0,5,-15.039999999999992,101.22,3286.66,21422.852081000005,0.8660254037844387,-0.4999999999999998,15319.43838,86.18
2026-05-11 11:30:00+00:00,2026-05-11 13:30:00+02:00,2026-05-11,13,30,2,0,5,-13.230000000000004,98.72,3169.35,20301.173934,0.8660254037844387,-0.4999999999999998,15867.31683,85.49
2026-05-11 11:45:00+00:00,2026-05-11 13:45:00+02:00,2026-05-11,13,45,3,0,5,6.3700000000000045,75.75,3184.87,19382.293521,0.8660254037844387,-0.4999999999999998,16464.42954,82.12
2026-05-11 12:00:00+00:00,2026-05-11 14:00:00+02:00,2026-05-11,14,0,0,0,5,-13.340000000000003,97.33,3189.55,19169.217703000002,0.8660254037844387,-0.4999999999999998,17101.85241,83.99
2026-05-11 12:15:00+00:00,2026-05-11 14:15:00+02:00,2026-05-11,14,15,1,0,5,-13.239999999999995,97.32,3159.89,18631.900317,0.8660254037844387,-0.4999999999999998,17679.86466,84.08
2026-05-11 12:30:00+00:00,2026-05-11 14:30:00+02:00,2026-05-11,14,30,2,0,5,-11.969999999999999,94.02,3128.36,18524.201845999996,0.8660254037844387,-0.4999999999999998,18202.05371,82.05
2026-05-11 12:45:00+00:00,2026-05-11 14:45:00+02:00,2026-05-11,14,45,3,0,5,-14.569999999999993,95.25,3101.74,18318.446179000006,0.8660254037844387,-0.4999999999999998,18701.16361,80.68
2026-05-11 13:00:00+00:00,2026-05-11 15:00:00+02:00,2026-05-11,15,0,0,0,5,-12.330000000000013,95.04,3067.05,18320.458100999997,0.8660254037844387,-0.4999999999999998,19170.59897,82.71
2026-05-11 13:15:00+00:00,2026-05-11 15:15:00+02:00,2026-05-11,15,15,1,0,5,-13.0,96.02,3026.11,18584.733994000002,0.8660254037844387,-0.4999999999999998,19599.1089,83.02
2026-05-11 13:30:00+00:00,2026-05-11 15:30:00+02:00,2026-05-11,15,30,2,0,5,-12.600000000000009,95.9,2987.6,18450.440685999994,0.8660254037844387,-0.4999999999999998,20036.39435,83.3
2026-05-11 13:45:00+00:00,2026-05-11 15:45:00+02:00,2026-05-11,15,45,3,0,5,-13.829999999999998,97.84,2947.64,18620.464378000004,0.8660254037844387,-0.4999999999999998,20434.20186,84.01
2026-05-11 14:00:00+00:00,2026-05-11 16:00:00+02:00,2026-05-11,16,0,0,0,5,0.20000000000000284,82.86,2923.48,19429.052024999997,0.8660254037844387,-0.4999999999999998,20823.8287,83.06
2026-05-11 14:15:00+00:00,2026-05-11 16:15:00+02:00,2026-05-11,16,15,1,0,5,12.420000000000002,74.51,2959.7,20147.891470999995,0.8660254037844387,-0.4999999999999998,20984.21503,86.93
2026-05-11 14:30:00+00:00,2026-05-11 16:30:00+02:00,2026-05-11,16,30,2,0,5,-15.680000000000007,101.68,3011.18,21211.70706,0.8660254037844387,-0.4999999999999998,21135.64188,86.0
2026-05-11 14:45:00+00:00,2026-05-11 16:45:00+02:00,2026-05-11,16,45,3,0,5,-25.269999999999996,112.56,3075.7,21910.189796,0.8660254037844387,-0.4999999999999998,21261.62656,87.29
2026-05-11 15:00:00+00:00,2026-05-11 17:00:00+02:00,2026-05-11,17,0,0,0,5,-14.070000000000007,101.65,3204.15,23236.077255000004,0.8660254037844387,-0.4999999999999998,21352.12947,87.58
2026-05-11 15:15:00+00:00,2026-05-11 17:15:00+02:00,2026-05-11,17,15,1,0,5,17.36999999999999,82.62,3315.66,24632.714863,0.8660254037844387,-0.4999999999999998,21200.69985,99.99
2026-05-11 15:30:00+00:00,2026-05-11 17:30:00+02:00,2026-05-11,17,30,2,0,5,-16.060000000000002,120.98,3460.02,25786.262622000002,0.8660254037844387,-0.4999999999999998,21024.89119,104.92
2026-05-11 15:45:00+00:00,2026-05-11 17:45:00+02:00,2026-05-11,17,45,3,0,5,5.409999999999997,105.7,3599.17,27326.759118999995,0.8660254037844387,-0.4999999999999998,20840.76839,111.11
2026-05-11 16:00:00+00:00,2026-05-11 18:00:00+02:00,2026-05-11,18,0,0,0,5,-12.659999999999997,120.52,3762.13,28792.765953000002,0.8660254037844387,-0.4999999999999998,20587.78905,107.86
2026-05-11 16:15:00+00:00,2026-05-11 18:15:00+02:00,2026-05-11,18,15,1,0,5,5.780000000000001,109.2,3974.4,30604.176612999996,0.8660254037844387,-0.4999999999999998,20172.05998,114.98
2026-05-11 16:30:00+00:00,2026-05-11 18:30:00+02:00,2026-05-11,18,30,2,0,5,-3.4399999999999977,122.52,4185.79,32230.513554,0.8660254037844387,-0.4999999999999998,19748.65251,119.08
2026-05-11 16:45:00+00:00,2026-05-11 18:45:00+02:00,2026-05-11,18,45,3,0,5,0.23000000000000398,119.85,4398.15,33841.497053,0.8660254037844387,-0.4999999999999998,19324.7255,120.08
2026-05-11 17:00:00+00:00,2026-05-11 19:00:00+02:00,2026-05-11,19,0,0,0,5,19.58,109.2,4651.73,35235.376342999996,0.8660254037844387,-0.4999999999999998,18907.91272,128.78
2026-05-11 17:15:00+00:00,2026-05-11 19:15:00+02:00,2026-05-11,19,15,1,0,5,17.78,114.22,4851.79,36351.955348,0.8660254037844387,-0.4999999999999998,18492.49862,132.0
2026-05-11 17:30:00+00:00,2026-05-11 19:30:00+02:00,2026-05-11,19,30,2,0,5,0.020000000000010232,131.98,5045.89,37689.856422,0.8660254037844387,-0.4999999999999998,18084.40651,132.0
2026-05-11 17:45:00+00:00,2026-05-11 19:45:00+02:00,2026-05-11,19,45,3,0,5,-4.990000000000009,141.99,5209.77,38248.291922000004,0.8660254037844387,-0.4999999999999998,17746.87492,137.0
2026-05-11 18:00:00+00:00,2026-05-11 20:00:00+02:00,2026-05-11,20,0,0,0,5,7.260000000000005,127.2,5344.61,38223.44807499999,0.8660254037844387,-0.4999999999999998,17418.06124,134.46
2026-05-11 18:15:00+00:00,2026-05-11 20:15:00+02:00,2026-05-11,20,15,1,0,5,8.200000000000017,128.14,5482.21,38273.153399,0.8660254037844387,-0.4999999999999998,17189.08878,136.34
2026-05-11 18:30:00+00:00,2026-05-11 20:30:00+02:00,2026-05-11,20,30,2,0,5,3.789999999999992,133.33,5604.78,37899.469134,0.8660254037844387,-0.4999999999999998,17081.47641,137.12
2026-05-11 18:45:00+00:00,2026-05-11 20:45:00+02:00,2026-05-11,20,45,3,0,5,1.2800000000000011,135.6,5721.47,37496.883634,0.8660254037844387,-0.4999999999999998,17008.64177,136.88
2026-05-11 19:00:00+00:00,2026-05-11 21:00:00+02:00,2026-05-11,21,0,0,0,5,8.129999999999995,128.78,5815.84,36629.856847999996,0.8660254037844387,-0.4999999999999998,17042.61025,136.91
2026-05-11 19:15:00+00:00,2026-05-11 21:15:00+02:00,2026-05-11,21,15,1,0,5,6.75,128.2,5883.56,35554.283595,0.8660254037844387,-0.4999999999999998,17147.36932,134.95
2026-05-11 19:30:00+00:00,2026-05-11 21:30:00+02:00,2026-05-11,21,30,2,0,5,10.409999999999997,121.5,5942.37,34379.211086,0.8660254037844387,-0.4999999999999998,17211.30391,131.91
2026-05-11 19:45:00+00:00,2026-05-11 21:45:00+02:00,2026-05-11,21,45,3,0,5,4.5,115.5,5996.11,33364.927884000004,0.8660254037844387,-0.4999999999999998,17260.61987,120.0
2026-05-11 20:00:00+00:00,2026-05-11 22:00:00+02:00,2026-05-11,22,0,0,0,5,4.579999999999998,125.61,6037.47,32381.808352000004,0.8660254037844387,-0.4999999999999998,17104.85271,130.19
2026-05-11 20:15:00+00:00,2026-05-11 22:15:00+02:00,2026-05-11,22,15,1,0,5,6.909999999999997,116.29,6053.37,31260.208946,0.8660254037844387,-0.4999999999999998,17249.6232,123.2
2026-05-11 20:30:00+00:00,2026-05-11 22:30:00+02:00,2026-05-11,22,30,2,0,5,-2.25,121.86,6078.18,30019.980542,0.8660254037844387,-0.4999999999999998,17391.6345,119.61
2026-05-11 20:45:00+00:00,2026-05-11 22:45:00+02:00,2026-05-11,22,45,3,0,5,4.950000000000003,110.05,6101.76,28849.924056,0.8660254037844387,-0.4999999999999998,17551.57282,115.0
2026-05-11 21:00:00+00:00,2026-05-11 23:00:00+02:00,2026-05-11,23,0,0,0,5,5.780000000000001,110.71,6115.26,27558.240576999997,0.8660254037844387,-0.4999999999999998,17713.41386,116.49
2026-05-11 21:15:00+00:00,2026-05-11 23:15:00+02:00,2026-05-11,23,15,1,0,5,6.359999999999999,103.85,6103.51,26489.460448999995,0.8660254037844387,-0.4999999999999998,17957.49532,110.21
2026-05-11 21:30:00+00:00,2026-05-11 23:30:00+02:00,2026-05-11,23,30,2,0,5,5.86999999999999,100.43,6097.87,25632.924991,0.8660254037844387,-0.4999999999999998,18212.7982,106.3
2026-05-11 21:45:00+00:00,2026-05-11 23:45:00+02:00,2026-05-11,23,45,3,0,5,-2.0600000000000023,101.06,6092.71,24774.451799000002,0.8660254037844387,-0.4999999999999998,18476.436,99.0
2026-05-12 10:00:00+00:00,2026-05-12 12:00:00+02:00,2026-05-12,12,0,0,1,5,25.79,36.64,3360.27,8103.448557999996,0.8660254037844387,-0.4999999999999998,20228.44499,62.43
2026-05-12 10:15:00+00:00,2026-05-12 12:15:00+02:00,2026-05-12,12,15,1,1,5,18.36,36.64,3246.4,7469.911333000004,0.8660254037844387,-0.4999999999999998,20112.48011,55.0
2026-05-12 10:30:00+00:00,2026-05-12 12:30:00+02:00,2026-05-12,12,30,2,1,5,13.04,36.64,3126.57,7372.605241000005,0.8660254037844387,-0.4999999999999998,20030.69547,49.68
2026-05-12 10:45:00+00:00,2026-05-12 12:45:00+02:00,2026-05-12,12,45,3,1,5,7.359999999999999,36.64,3007.36,7300.794509000007,0.8660254037844387,-0.4999999999999998,19996.93638,44.0
2026-05-12 11:00:00+00:00,2026-05-12 13:00:00+02:00,2026-05-12,13,0,0,1,5,21.26,24.16,2908.86,6600.434617999999,0.8660254037844387,-0.4999999999999998,19980.24134,45.42
2026-05-12 11:15:00+00:00,2026-05-12 13:15:00+02:00,2026-05-12,13,15,1,1,5,13.870000000000001,24.16,2857.89,6600.079324999999,0.8660254037844387,-0.4999999999999998,20062.01428,38.03
2026-05-12 11:30:00+00:00,2026-05-12 13:30:00+02:00,2026-05-12,13,30,2,1,5,3.84,24.16,2801.93,6213.577062999997,0.8660254037844387,-0.4999999999999998,20246.59384,28.0
2026-05-12 11:45:00+00:00,2026-05-12 13:45:00+02:00,2026-05-12,13,45,3,1,5,-1.0500000000000007,24.16,2744.62,5677.165728999993,0.8660254037844387,-0.4999999999999998,20514.60004,23.11
2026-05-12 12:00:00+00:00,2026-05-12 14:00:00+02:00,2026-05-12,14,0,0,1,5,10.82,18.11,2688.98,4518.871520999994,0.8660254037844387,-0.4999999999999998,21656.23341,28.93
2026-05-12 12:15:00+00:00,2026-05-12 14:15:00+02:00,2026-05-12,14,15,1,1,5,9.900000000000002,18.11,2670.0,4011.283491000002,0.8660254037844387,-0.4999999999999998,21869.99904,28.01
2026-05-12 12:30:00+00:00,2026-05-12 14:30:00+02:00,2026-05-12,14,30,2,1,5,13.899999999999999,18.11,2654.04,4172.221685000004,0.8660254037844387,-0.4999999999999998,22022.68146,32.01
2026-05-12 12:45:00+00:00,2026-05-12 14:45:00+02:00,2026-05-12,14,45,3,1,5,20.090000000000003,18.11,2637.37,4055.7338089999976,0.8660254037844387,-0.4999999999999998,22190.25728,38.2
2026-05-12 13:00:00+00:00,2026-05-12 15:00:00+02:00,2026-05-12,15,0,0,1,5,5.839999999999996,32.31,2637.11,4709.117914000002,0.8660254037844387,-0.4999999999999998,22268.30583,38.15
2026-05-12 13:15:00+00:00,2026-05-12 15:15:00+02:00,2026-05-12,15,15,1,1,5,10.68,32.31,2673.74,5387.400762999998,0.8660254037844387,-0.4999999999999998,22432.13679,42.99
2026-05-12 13:30:00+00:00,2026-05-12 15:30:00+02:00,2026-05-12,15,30,2,1,5,19.78,32.31,2707.58,5080.992729000005,0.8660254037844387,-0.4999999999999998,22613.76734,52.09
2026-05-12 13:45:00+00:00,2026-05-12 15:45:00+02:00,2026-05-12,15,45,3,1,5,31.700000000000003,32.31,2743.4,5840.343915000005,0.8660254037844387,-0.4999999999999998,22744.18823,64.01
2026-05-12 14:00:00+00:00,2026-05-12 16:00:00+02:00,2026-05-12,16,0,0,1,5,1.9399999999999977,57.06,2797.71,7163.048527000006,0.8660254037844387,-0.4999999999999998,22918.31327,59.0
2026-05-12 14:15:00+00:00,2026-05-12 16:15:00+02:00,2026-05-12,16,15,1,1,5,17.14,57.06,2879.22,7933.785530000001,0.8660254037844387,-0.4999999999999998,22958.30602,74.2
2026-05-12 14:30:00+00:00,2026-05-12 16:30:00+02:00,2026-05-12,16,30,2,1,5,23.489999999999995,57.06,2948.76,9267.918967000005,0.8660254037844387,-0.4999999999999998,22991.66519,80.55
2026-05-12 14:45:00+00:00,2026-05-12 16:45:00+02:00,2026-05-12,16,45,3,1,5,35.75,57.06,3010.92,10841.685806999994,0.8660254037844387,-0.4999999999999998,22989.85909,92.81
2026-05-12 15:00:00+00:00,2026-05-12 17:00:00+02:00,2026-05-12,17,0,0,1,5,-11.269999999999996,89.66,3081.03,12561.954375000001,0.8660254037844387,-0.4999999999999998,22928.84554,78.39
2026-05-12 15:15:00+00:00,2026-05-12 17:15:00+02:00,2026-05-12,17,15,1,1,5,-0.29999999999999716,89.66,3151.4,14501.375626999994,0.8660254037844387,-0.4999999999999998,22646.21718,89.36
2026-05-12 15:30:00+00:00,2026-05-12 17:30:00+02:00,2026-05-12,17,30,2,1,5,10.340000000000003,89.66,3227.58,16477.39986099999,0.8660254037844387,-0.4999999999999998,22344.32223,100.0
2026-05-12 15:45:00+00:00,2026-05-12 17:45:00+02:00,2026-05-12,17,45,3,1,5,25.78,89.66,3294.58,18901.482265,0.8660254037844387,-0.4999999999999998,21875.35374,115.44
2026-05-12 16:00:00+00:00,2026-05-12 18:00:00+02:00,2026-05-12,18,0,0,1,5,-18.599999999999994,117.69,3363.2,21739.141108999997,0.8660254037844387,-0.4999999999999998,21292.89467,99.09
2026-05-12 16:15:00+00:00,2026-05-12 18:15:00+02:00,2026-05-12,18,15,1,1,5,-9.689999999999998,117.69,3441.31,24240.176648,0.8660254037844387,-0.4999999999999998,20641.36636,108.0
2026-05-12 16:30:00+00:00,2026-05-12 18:30:00+02:00,2026-05-12,18,30,2,1,5,3.740000000000009,117.69,3517.66,26738.150651999997,0.8660254037844387,-0.4999999999999998,19957.98278,121.43
2026-05-12 16:45:00+00:00,2026-05-12 18:45:00+02:00,2026-05-12,18,45,3,1,5,13.25,117.69,3754.13,29130.988717,0.8660254037844387,-0.4999999999999998,19231.92925,130.94
2026-05-12 17:00:00+00:00,2026-05-12 19:00:00+02:00,2026-05-12,19,0,0,1,5,-14.929999999999993,139.64,3832.46,31531.150052999998,0.8660254037844387,-0.4999999999999998,18462.03299,124.71
2026-05-12 17:15:00+00:00,2026-05-12 19:15:00+02:00,2026-05-12,19,15,1,1,5,-7.049999999999983,139.64,3895.29,33669.229432,0.8660254037844387,-0.4999999999999998,17618.03486,132.59
2026-05-12 17:30:00+00:00,2026-05-12 19:30:00+02:00,2026-05-12,19,30,2,1,5,1.200000000000017,139.64,3951.15,35802.143418,0.8660254037844387,-0.4999999999999998,16788.30215,140.84
2026-05-12 17:45:00+00:00,2026-05-12 19:45:00+02:00,2026-05-12,19,45,3,1,5,11.470000000000027,139.64,4004.96,37306.609552,0.8660254037844387,-0.4999999999999998,16084.01793,151.11
2026-05-12 18:00:00+00:00,2026-05-12 20:00:00+02:00,2026-05-12,20,0,0,1,5,-3.509999999999991,144.38,4050.46,38301.463139,0.8660254037844387,-0.4999999999999998,15427.92049,140.87
2026-05-12 18:15:00+00:00,2026-05-12 20:15:00+02:00,2026-05-12,20,15,1,1,5,-0.3199999999999932,144.38,4118.36,38736.08803,0.8660254037844387,-0.4999999999999998,14947.58774,144.06
2026-05-12 18:30:00+00:00,2026-05-12 20:30:00+02:00,2026-05-12,20,30,2,1,5,2.75,144.38,4180.28,38722.77888,0.8660254037844387,-0.4999999999999998,14703.13992,147.13
2026-05-12 18:45:00+00:00,2026-05-12 20:45:00+02:00,2026-05-12,20,45,3,1,5,1.1200000000000045,144.38,4242.36,38704.772122,0.8660254037844387,-0.4999999999999998,14504.78713,145.5
2026-05-12 19:00:00+00:00,2026-05-12 21:00:00+02:00,2026-05-12,21,0,0,1,5,9.20999999999998,141.8,4305.42,38252.071534999995,0.8660254037844387,-0.4999999999999998,14398.45469,151.01
2026-05-12 19:15:00+00:00,2026-05-12 21:15:00+02:00,2026-05-12,21,15,1,1,5,2.799999999999983,141.8,4344.41,37555.774963,0.8660254037844387,-0.4999999999999998,14425.67153,144.6
2026-05-12 19:30:00+00:00,2026-05-12 21:30:00+02:00,2026-05-12,21,30,2,1,5,-4.410000000000025,141.8,4387.55,36902.665856,0.8660254037844387,-0.4999999999999998,14456.31507,137.39
2026-05-12 19:45:00+00:00,2026-05-12 21:45:00+02:00,2026-05-12,21,45,3,1,5,-9.340000000000003,141.8,4420.37,36070.035173,0.8660254037844387,-0.4999999999999998,14481.88521,132.46
2026-05-12 20:00:00+00:00,2026-05-12 22:00:00+02:00,2026-05-12,22,0,0,1,5,5.569999999999993,130.55,4451.39,35215.349136000004,0.8660254037844387,-0.4999999999999998,14514.60445,136.12
2026-05-12 20:15:00+00:00,2026-05-12 22:15:00+02:00,2026-05-12,22,15,1,1,5,2.7299999999999898,130.55,4479.35,34096.78014,0.8660254037844387,-0.4999999999999998,14843.57205,133.28
2026-05-12 20:30:00+00:00,2026-05-12 22:30:00+02:00,2026-05-12,22,30,2,1,5,0.4899999999999807,130.55,4499.13,32971.909009999996,0.8660254037844387,-0.4999999999999998,15175.47121,131.04
2026-05-12 20:45:00+00:00,2026-05-12 22:45:00+02:00,2026-05-12,22,45,3,1,5,-6.550000000000011,130.55,4529.37,31937.733511000002,0.8660254037844387,-0.4999999999999998,15593.43583,124.0
2026-05-12 21:00:00+00:00,2026-05-12 23:00:00+02:00,2026-05-12,23,0,0,1,5,10.719999999999999,118.25,4535.03,30667.693019000002,0.8660254037844387,-0.4999999999999998,16019.28584,128.97
2026-05-12 21:15:00+00:00,2026-05-12 23:15:00+02:00,2026-05-12,23,15,1,1,5,3.1099999999999994,118.25,4509.37,29783.984835,0.8660254037844387,-0.4999999999999998,16444.08113,121.36
2026-05-12 21:30:00+00:00,2026-05-12 23:30:00+02:00,2026-05-12,23,30,2,1,5,-0.8599999999999994,118.25,4484.43,28737.579101000003,0.8660254037844387,-0.4999999999999998,16877.42993,117.39
2026-05-12 21:45:00+00:00,2026-05-12 23:45:00+02:00,2026-05-12,23,45,3,1,5,-7.469999999999999,118.25,4459.63,27587.951051999997,0.8660254037844387,-0.4999999999999998,17315.43458,110.78
2026-05-14 10:00:00+00:00,2026-05-14 12:00:00+02:00,2026-05-14,12,0,0,3,5,16.660000000000004,26.9,1465.92,8597.583365999999,0.8660254037844387,-0.4999999999999998,11156.08519,43.56
2026-05-14 10:15:00+00:00,2026-05-14 12:15:00+02:00,2026-05-14,12,15,1,3,5,15.54,20.14,1495.4,7797.5984309999985,0.8660254037844387,-0.4999999999999998,11009.45212,35.68
2026-05-14 10:30:00+00:00,2026-05-14 12:30:00+02:00,2026-05-14,12,30,2,3,5,17.78,14.22,1532.14,7258.215315000001,0.8660254037844387,-0.4999999999999998,10864.97741,32.0
2026-05-14 10:45:00+00:00,2026-05-14 12:45:00+02:00,2026-05-14,12,45,3,3,5,18.11,5.87,1561.87,6878.721212000004,0.8660254037844387,-0.4999999999999998,10710.47603,23.98
2026-05-14 11:00:00+00:00,2026-05-14 13:00:00+02:00,2026-05-14,13,0,0,3,5,15.760000000000002,10.0,1602.03,6293.440528999992,0.8660254037844387,-0.4999999999999998,10539.74447,25.76
2026-05-14 11:15:00+00:00,2026-05-14 13:15:00+02:00,2026-05-14,13,15,1,3,5,11.760000000000002,8.25,1639.98,6183.836225999999,0.8660254037844387,-0.4999999999999998,10368.67605,20.01
2026-05-14 11:30:00+00:00,2026-05-14 13:30:00+02:00,2026-05-14,13,30,2,3,5,11.720000000000002,5.47,1676.95,5825.608858,0.8660254037844387,-0.4999999999999998,10179.539,17.19
2026-05-14 11:45:00+00:00,2026-05-14 13:45:00+02:00,2026-05-14,13,45,3,3,5,8.48,5.24,1711.86,5389.134259999999,0.8660254037844387,-0.4999999999999998,10024.67985,13.72
2026-05-14 12:00:00+00:00,2026-05-14 14:00:00+02:00,2026-05-14,14,0,0,3,5,16.71,1.68,1748.67,5803.917229000006,0.8660254037844387,-0.4999999999999998,9648.57564,18.39
2026-05-14 12:15:00+00:00,2026-05-14 14:15:00+02:00,2026-05-14,14,15,1,3,5,15.66,0.22,1794.58,5628.361068999999,0.8660254037844387,-0.4999999999999998,9501.66172,15.88
2026-05-14 12:30:00+00:00,2026-05-14 14:30:00+02:00,2026-05-14,14,30,2,3,5,13.71,2.3,1842.5,5665.573926999998,0.8660254037844387,-0.4999999999999998,9320.15082,16.01
2026-05-14 12:45:00+00:00,2026-05-14 14:45:00+02:00,2026-05-14,14,45,3,3,5,12.4,5.74,1889.32,5742.482117,0.8660254037844387,-0.4999999999999998,9118.99406,18.14
2026-05-14 13:00:00+00:00,2026-05-14 15:00:00+02:00,2026-05-14,15,0,0,3,5,16.21,0.99,1934.41,6778.120950999997,0.8660254037844387,-0.4999999999999998,8870.72092,17.2
2026-05-14 13:15:00+00:00,2026-05-14 15:15:00+02:00,2026-05-14,15,15,1,3,5,17.43,2.3,2003.8,7509.459938,0.8660254037844387,-0.4999999999999998,8602.04673,19.73
2026-05-14 13:30:00+00:00,2026-05-14 15:30:00+02:00,2026-05-14,15,30,2,3,5,24.08,11.0,2083.17,8133.279684999994,0.8660254037844387,-0.4999999999999998,8333.61036,35.08
2026-05-14 13:45:00+00:00,2026-05-14 15:45:00+02:00,2026-05-14,15,45,3,3,5,19.439999999999998,40.56,2133.77,9229.051618999998,0.8660254037844387,-0.4999999999999998,8039.97896,60.0
2026-05-14 14:00:00+00:00,2026-05-14 16:00:00+02:00,2026-05-14,16,0,0,3,5,34.940000000000005,12.76,2190.45,11506.880031,0.8660254037844387,-0.4999999999999998,7731.9933,47.7
2026-05-14 14:15:00+00:00,2026-05-14 16:15:00+02:00,2026-05-14,16,15,1,3,5,10.100000000000001,56.23,2220.44,12709.169266000004,0.8660254037844387,-0.4999999999999998,7367.32456,66.33
2026-05-14 14:30:00+00:00,2026-05-14 16:30:00+02:00,2026-05-14,16,30,2,3,5,4.200000000000003,81.85,2245.43,14413.520550000001,0.8660254037844387,-0.4999999999999998,7008.80281,86.05
2026-05-14 14:45:00+00:00,2026-05-14 16:45:00+02:00,2026-05-14,16,45,3,3,5,-8.11,105.54,2273.4,16316.330928000003,0.8660254037844387,-0.4999999999999998,6647.97341,97.43
2026-05-14 15:00:00+00:00,2026-05-14 17:00:00+02:00,2026-05-14,17,0,0,3,5,17.860000000000007,62.48,2303.84,19197.549248,0.8660254037844387,-0.4999999999999998,6287.72139,80.34
2026-05-14 15:15:00+00:00,2026-05-14 17:15:00+02:00,2026-05-14,17,15,1,3,5,2.259999999999991,90.51,2319.98,20845.397653,0.8660254037844387,-0.4999999999999998,5967.64367,92.77
2026-05-14 15:30:00+00:00,2026-05-14 17:30:00+02:00,2026-05-14,17,30,2,3,5,10.66000000000001,93.57,2350.06,23005.408499999998,0.8660254037844387,-0.4999999999999998,5649.29856,104.23
2026-05-14 15:45:00+00:00,2026-05-14 17:45:00+02:00,2026-05-14,17,45,3,3,5,11.429999999999993,108.03,2392.17,25399.85012,0.8660254037844387,-0.4999999999999998,5333.0605,119.46
2026-05-14 16:00:00+00:00,2026-05-14 18:00:00+02:00,2026-05-14,18,0,0,3,5,-0.9300000000000068,105.78,2399.72,28384.591958999998,0.8660254037844387,-0.4999999999999998,5015.33183,104.85
2026-05-14 16:15:00+00:00,2026-05-14 18:15:00+02:00,2026-05-14,18,15,1,3,5,2.069999999999993,113.89,2394.27,30830.807615,0.8660254037844387,-0.4999999999999998,4666.69707,115.96
2026-05-14 16:30:00+00:00,2026-05-14 18:30:00+02:00,2026-05-14,18,30,2,3,5,-6.139999999999986,132.29,2386.8,33236.971223,0.8660254037844387,-0.4999999999999998,4315.95507,126.15
2026-05-14 16:45:00+00:00,2026-05-14 18:45:00+02:00,2026-05-14,18,45,3,3,5,-17.460000000000008,154.5,2380.08,35420.245962,0.8660254037844387,-0.4999999999999998,3963.48833,137.04
2026-05-14 17:00:00+00:00,2026-05-14 19:00:00+02:00,2026-05-14,19,0,0,3,5,-0.4299999999999926,124.91,2369.97,37489.563549,0.8660254037844387,-0.4999999999999998,3628.81639,124.48
2026-05-14 17:15:00+00:00,2026-05-14 19:15:00+02:00,2026-05-14,19,15,1,3,5,-3.1399999999999864,135.79,2359.44,39325.889890000006,0.8660254037844387,-0.4999999999999998,3361.86797,132.65
2026-05-14 17:30:00+00:00,2026-05-14 19:30:00+02:00,2026-05-14,19,30,2,3,5,-5.1200000000000045,146.09,2352.13,41076.518308,0.8660254037844387,-0.4999999999999998,3094.2919,140.97
2026-05-14 17:45:00+00:00,2026-05-14 19:45:00+02:00,2026-05-14,19,45,3,3,5,-22.430000000000007,172.8,2344.05,41954.842871,0.8660254037844387,-0.4999999999999998,2856.69172,150.37
2026-05-14 18:00:00+00:00,2026-05-14 20:00:00+02:00,2026-05-14,20,0,0,3,5,-6.77000000000001,149.78,2325.74,42885.923568000006,0.8660254037844387,-0.4999999999999998,2623.02302,143.01
2026-05-14 18:15:00+00:00,2026-05-14 20:15:00+02:00,2026-05-14,20,15,1,3,5,0.46000000000000796,148.37,2319.16,43783.126619,0.8660254037844387,-0.4999999999999998,2418.35242,148.83
2026-05-14 18:30:00+00:00,2026-05-14 20:30:00+02:00,2026-05-14,20,30,2,3,5,-7.590000000000003,160.86,2306.57,44086.9212,0.8660254037844387,-0.4999999999999998,2273.18435,153.27
2026-05-14 18:45:00+00:00,2026-05-14 20:45:00+02:00,2026-05-14,20,45,3,3,5,-1.9599999999999795,160.7,2292.12,44300.35724899999,0.8660254037844387,-0.4999999999999998,2120.52766,158.74
2026-05-14 19:00:00+00:00,2026-05-14 21:00:00+02:00,2026-05-14,21,0,0,3,5,-12.160000000000025,172.33,2277.29,44579.717897,0.8660254037844387,-0.4999999999999998,1967.71795,160.17
2026-05-14 19:15:00+00:00,2026-05-14 21:15:00+02:00,2026-05-14,21,15,1,3,5,-5.0,164.99,2225.79,44322.433202,0.8660254037844387,-0.4999999999999998,1863.44392,159.99
2026-05-14 19:30:00+00:00,2026-05-14 21:30:00+02:00,2026-05-14,21,30,2,3,5,-7.75,159.99,2173.3,43995.47836,0.8660254037844387,-0.4999999999999998,1794.45024,152.24
2026-05-14 19:45:00+00:00,2026-05-14 21:45:00+02:00,2026-05-14,21,45,3,3,5,-2.329999999999984,147.54,2123.22,43912.551041,0.8660254037844387,-0.4999999999999998,1741.7657,145.21
2026-05-14 20:00:00+00:00,2026-05-14 22:00:00+02:00,2026-05-14,22,0,0,3,5,-12.329999999999984,168.17,2084.01,43423.221268,0.8660254037844387,-0.4999999999999998,1723.55152,155.84
2026-05-14 20:15:00+00:00,2026-05-14 22:15:00+02:00,2026-05-14,22,15,1,3,5,2.1399999999999864,150.27,2071.54,43008.862998000004,0.8660254037844387,-0.4999999999999998,1730.86166,152.41
2026-05-14 20:30:00+00:00,2026-05-14 22:30:00+02:00,2026-05-14,22,30,2,3,5,0.8000000000000114,145.39,2064.06,42401.650783,0.8660254037844387,-0.4999999999999998,1738.41568,146.19
2026-05-14 20:45:00+00:00,2026-05-14 22:45:00+02:00,2026-05-14,22,45,3,3,5,-1.6200000000000045,139.81,2048.58,41941.938968,0.8660254037844387,-0.4999999999999998,1758.7582,138.19
2026-05-14 21:00:00+00:00,2026-05-14 23:00:00+02:00,2026-05-14,23,0,0,3,5,1.25,144.42,2043.41,41378.33737,0.8660254037844387,-0.4999999999999998,1772.43098,145.67
2026-05-14 21:15:00+00:00,2026-05-14 23:15:00+02:00,2026-05-14,23,15,1,3,5,-0.1599999999999966,137.4,2059.38,40833.84089,0.8660254037844387,-0.4999999999999998,1826.91716,137.24
2026-05-14 21:30:00+00:00,2026-05-14 23:30:00+02:00,2026-05-14,23,30,2,3,5,-3.4099999999999966,133.71,2068.32,40217.871563,0.8660254037844387,-0.4999999999999998,1883.74134,130.3
2026-05-14 21:45:00+00:00,2026-05-14 23:45:00+02:00,2026-05-14,23,45,3,3,5,-2.950000000000003,129.75,2083.87,39582.136546,0.8660254037844387,-0.4999999999999998,1941.48011,126.8
2026-05-19 10:00:00+00:00,2026-05-19 12:00:00+02:00,2026-05-19,12,0,0,1,5,-8.560000000000002,76.65,815.81,18902.450793999997,0.8660254037844387,-0.4999999999999998,2286.28731,68.09
2026-05-19 10:15:00+00:00,2026-05-19 12:15:00+02:00,2026-05-19,12,15,1,1,5,-9.629999999999995,76.21,852.17,18420.890462999996,0.8660254037844387,-0.4999999999999998,2455.83743,66.58
2026-05-19 10:30:00+00:00,2026-05-19 12:30:00+02:00,2026-05-19,12,30,2,1,5,2.0799999999999983,63.34,888.55,18335.320921,0.8660254037844387,-0.4999999999999998,2622.55859,65.42
2026-05-19 10:45:00+00:00,2026-05-19 12:45:00+02:00,2026-05-19,12,45,3,1,5,-5.469999999999999,69.39,923.95,18229.792139999998,0.8660254037844387,-0.4999999999999998,2791.81686,63.92
2026-05-19 11:00:00+00:00,2026-05-19 13:00:00+02:00,2026-05-19,13,0,0,1,5,-6.420000000000002,74.12,958.34,17740.328177000003,0.8660254037844387,-0.4999999999999998,2958.60113,67.7
2026-05-19 11:15:00+00:00,2026-05-19 13:15:00+02:00,2026-05-19,13,15,1,1,5,-5.469999999999999,73.65,994.77,18072.664035,0.8660254037844387,-0.4999999999999998,3121.88378,68.18
2026-05-19 11:30:00+00:00,2026-05-19 13:30:00+02:00,2026-05-19,13,30,2,1,5,-3.839999999999989,74.02,1031.19,17977.614822999996,0.8660254037844387,-0.4999999999999998,3279.10611,70.18
2026-05-19 11:45:00+00:00,2026-05-19 13:45:00+02:00,2026-05-19,13,45,3,1,5,-5.310000000000002,73.16,1066.6,17931.300283999997,0.8660254037844387,-0.4999999999999998,3447.74014,67.85
2026-05-19 12:00:00+00:00,2026-05-19 14:00:00+02:00,2026-05-19,14,0,0,1,5,-8.570000000000007,75.76,1101.05,17868.533927999997,0.8660254037844387,-0.4999999999999998,3539.32389,67.19
2026-05-19 12:15:00+00:00,2026-05-19 14:15:00+02:00,2026-05-19,14,15,1,1,5,-8.079999999999998,78.01,1124.38,17829.925256000002,0.8660254037844387,-0.4999999999999998,3684.89347,69.93
2026-05-19 12:30:00+00:00,2026-05-19 14:30:00+02:00,2026-05-19,14,30,2,1,5,-5.230000000000004,77.15,1151.73,18332.610634000004,0.8660254037844387,-0.4999999999999998,3828.66038,71.92
2026-05-19 12:45:00+00:00,2026-05-19 14:45:00+02:00,2026-05-19,14,45,3,1,5,-9.0,81.0,1177.05,18721.127155999995,0.8660254037844387,-0.4999999999999998,3971.49245,72.0
2026-05-19 13:00:00+00:00,2026-05-19 15:00:00+02:00,2026-05-19,15,0,0,1,5,-5.950000000000003,77.67,1214.51,19702.834628000004,0.8660254037844387,-0.4999999999999998,4099.8057,71.72
2026-05-19 13:15:00+00:00,2026-05-19 15:15:00+02:00,2026-05-19,15,15,1,1,5,-7.38000000000001,84.7,1246.55,20911.404022000002,0.8660254037844387,-0.4999999999999998,4216.891,77.32
2026-05-19 13:30:00+00:00,2026-05-19 15:30:00+02:00,2026-05-19,15,30,2,1,5,-13.079999999999998,95.14,1279.6,21118.48726,0.8660254037844387,-0.4999999999999998,4332.28725,82.06
2026-05-19 13:45:00+00:00,2026-05-19 15:45:00+02:00,2026-05-19,15,45,3,1,5,-6.8799999999999955,96.66,1318.65,22159.779072999998,0.8660254037844387,-0.4999999999999998,4431.61459,89.78
2026-05-19 14:00:00+00:00,2026-05-19 16:00:00+02:00,2026-05-19,16,0,0,1,5,-3.680000000000007,89.48,1360.93,23890.045562,0.8660254037844387,-0.4999999999999998,4537.6501,85.8
2026-05-19 14:15:00+00:00,2026-05-19 16:15:00+02:00,2026-05-19,16,15,1,1,5,-5.930000000000007,98.42,1409.47,24872.868726,0.8660254037844387,-0.4999999999999998,4610.58884,92.49
2026-05-19 14:30:00+00:00,2026-05-19 16:30:00+02:00,2026-05-19,16,30,2,1,5,-11.940000000000012,108.4,1453.01,26407.671577999998,0.8660254037844387,-0.4999999999999998,4679.66114,96.46
2026-05-19 14:45:00+00:00,2026-05-19 16:45:00+02:00,2026-05-19,16,45,3,1,5,-14.940000000000012,115.26,1529.52,28081.914013999998,0.8660254037844387,-0.4999999999999998,4740.74938,100.32
2026-05-19 15:00:00+00:00,2026-05-19 17:00:00+02:00,2026-05-19,17,0,0,1,5,-3.2900000000000063,105.06,1571.39,29923.818573,0.8660254037844387,-0.4999999999999998,4786.31287,101.77
2026-05-19 15:15:00+00:00,2026-05-19 17:15:00+02:00,2026-05-19,17,15,1,1,5,-8.929999999999993,119.99,1625.63,31798.493082,0.8660254037844387,-0.4999999999999998,4775.71619,111.06
2026-05-19 15:30:00+00:00,2026-05-19 17:30:00+02:00,2026-05-19,17,30,2,1,5,-15.570000000000007,136.59,1672.76,33716.845406,0.8660254037844387,-0.4999999999999998,4752.40107,121.02
2026-05-19 15:45:00+00:00,2026-05-19 17:45:00+02:00,2026-05-19,17,45,3,1,5,-20.109999999999985,147.29,1720.97,35975.44902099999,0.8660254037844387,-0.4999999999999998,4719.33711,127.18
2026-05-19 16:00:00+00:00,2026-05-19 18:00:00+02:00,2026-05-19,18,0,0,1,5,-9.610000000000014,129.21,1773.64,38645.996427000005,0.8660254037844387,-0.4999999999999998,4663.441,119.6
2026-05-19 16:15:00+00:00,2026-05-19 18:15:00+02:00,2026-05-19,18,15,1,1,5,-8.289999999999992,138.66,1847.3,40724.689790000004,0.8660254037844387,-0.4999999999999998,4586.94064,130.37
2026-05-19 16:30:00+00:00,2026-05-19 18:30:00+02:00,2026-05-19,18,30,2,1,5,-8.969999999999999,150.0,1919.0,42642.992499,0.8660254037844387,-0.4999999999999998,4503.39231,141.03
2026-05-19 16:45:00+00:00,2026-05-19 18:45:00+02:00,2026-05-19,18,45,3,1,5,-12.990000000000009,168.9,1989.71,44543.614419,0.8660254037844387,-0.4999999999999998,4422.23935,155.91
2026-05-19 17:00:00+00:00,2026-05-19 19:00:00+02:00,2026-05-19,19,0,0,1,5,-5.610000000000014,148.84,2063.28,46339.615006,0.8660254037844387,-0.4999999999999998,4353.04537,143.23
2026-05-19 17:15:00+00:00,2026-05-19 19:15:00+02:00,2026-05-19,19,15,1,1,5,-3.359999999999985,159.35,2157.22,47574.713887,0.8660254037844387,-0.4999999999999998,4356.8454,155.99
2026-05-19 17:30:00+00:00,2026-05-19 19:30:00+02:00,2026-05-19,19,30,2,1,5,-4.489999999999981,172.48,2244.23,48797.273679,0.8660254037844387,-0.4999999999999998,4369.11502,167.99
2026-05-19 17:45:00+00:00,2026-05-19 19:45:00+02:00,2026-05-19,19,45,3,1,5,-17.70999999999998,212.7,2329.25,49487.453293,0.8660254037844387,-0.4999999999999998,4434.96437,194.99
2026-05-19 18:00:00+00:00,2026-05-19 20:00:00+02:00,2026-05-19,20,0,0,1,5,5.110000000000014,180.22,2418.75,49662.791885,0.8660254037844387,-0.4999999999999998,4527.61535,185.33
2026-05-19 18:15:00+00:00,2026-05-19 20:15:00+02:00,2026-05-19,20,15,1,1,5,-5.349999999999994,189.35,2552.16,49548.622956,0.8660254037844387,-0.4999999999999998,4683.28404,184.0
2026-05-19 18:30:00+00:00,2026-05-19 20:30:00+02:00,2026-05-19,20,30,2,1,5,-18.390000000000015,199.99,2684.61,49108.287298,0.8660254037844387,-0.4999999999999998,4928.40143,181.6
2026-05-19 18:45:00+00:00,2026-05-19 20:45:00+02:00,2026-05-19,20,45,3,1,5,1.9899999999999807,173.68,2817.25,48690.451844999996,0.8660254037844387,-0.4999999999999998,5174.77749,175.67
2026-05-19 19:00:00+00:00,2026-05-19 21:00:00+02:00,2026-05-19,21,0,0,1,5,-11.409999999999997,191.4,2943.05,47948.817914,0.8660254037844387,-0.4999999999999998,5421.25403,179.99
2026-05-19 19:15:00+00:00,2026-05-19 21:15:00+02:00,2026-05-19,21,15,1,1,5,-14.899999999999977,172.2,3080.8,46886.642859,0.8660254037844387,-0.4999999999999998,5722.43075,157.3
2026-05-19 19:30:00+00:00,2026-05-19 21:30:00+02:00,2026-05-19,21,30,2,1,5,-9.52000000000001,161.52,3213.55,45646.849833,0.8660254037844387,-0.4999999999999998,6068.19885,152.0
2026-05-19 19:45:00+00:00,2026-05-19 21:45:00+02:00,2026-05-19,21,45,3,1,5,-12.569999999999993,153.68,3350.24,44433.392905,0.8660254037844387,-0.4999999999999998,6442.59024,141.11
2026-05-19 20:00:00+00:00,2026-05-19 22:00:00+02:00,2026-05-19,22,0,0,1,5,-7.9599999999999795,155.95,3478.36,43110.708025,0.8660254037844387,-0.4999999999999998,6748.50675,147.99
2026-05-19 20:15:00+00:00,2026-05-19 22:15:00+02:00,2026-05-19,22,15,1,1,5,-9.299999999999983,150.89,3579.2,41706.606498,0.8660254037844387,-0.4999999999999998,7091.40196,141.59
2026-05-19 20:30:00+00:00,2026-05-19 22:30:00+02:00,2026-05-19,22,30,2,1,5,-7.530000000000001,141.38,3678.03,40373.751418,0.8660254037844387,-0.4999999999999998,7431.74874,133.85
2026-05-19 20:45:00+00:00,2026-05-19 22:45:00+02:00,2026-05-19,22,45,3,1,5,-2.930000000000007,128.77,3776.9,39139.295131,0.8660254037844387,-0.4999999999999998,7765.8311,125.84
2026-05-19 21:00:00+00:00,2026-05-19 23:00:00+02:00,2026-05-19,23,0,0,1,5,-13.95999999999998,140.89,3871.23,37752.151186,0.8660254037844387,-0.4999999999999998,8089.95604,126.93
2026-05-19 21:15:00+00:00,2026-05-19 23:15:00+02:00,2026-05-19,23,15,1,1,5,-12.760000000000005,133.99,3946.99,36878.94025,0.8660254037844387,-0.4999999999999998,8353.73724,121.23
2026-05-19 21:30:00+00:00,2026-05-19 23:30:00+02:00,2026-05-19,23,30,2,1,5,-13.049999999999983,129.39,4028.75,35897.869929,0.8660254037844387,-0.4999999999999998,8624.38359,116.34
2026-05-19 21:45:00+00:00,2026-05-19 23:45:00+02:00,2026-05-19,23,45,3,1,5,-17.72,123.62,4099.56,34841.572700000004,0.8660254037844387,-0.4999999999999998,8897.83181,105.9
2026-05-21 10:00:00+00:00,2026-05-21 12:00:00+02:00,2026-05-21,12,0,0,3,5,-12.779999999999998,34.4,884.16,14887.010866000004,0.8660254037844387,-0.4999999999999998,5350.95898,21.62
2026-05-21 10:15:00+00:00,2026-05-21 12:15:00+02:00,2026-05-21,12,15,1,3,5,-18.610000000000003,36.31,910.3,14382.782980000004,0.8660254037844387,-0.4999999999999998,5538.00664,17.7
2026-05-21 10:30:00+00:00,2026-05-21 12:30:00+02:00,2026-05-21,12,30,2,3,5,-14.700000000000001,30.6,933.45,14102.969599000004,0.8660254037844387,-0.4999999999999998,5719.37462,15.9
2026-05-21 10:45:00+00:00,2026-05-21 12:45:00+02:00,2026-05-21,12,45,3,3,5,3.870000000000001,10.01,963.71,13863.858696999996,0.8660254037844387,-0.4999999999999998,5884.3146,13.88
2026-05-21 11:00:00+00:00,2026-05-21 13:00:00+02:00,2026-05-21,13,0,0,3,5,4.880000000000001,10.12,993.95,12765.456706999998,0.8660254037844387,-0.4999999999999998,6042.87096,15.0
2026-05-21 11:15:00+00:00,2026-05-21 13:15:00+02:00,2026-05-21,13,15,1,3,5,-8.519999999999998,23.9,1032.79,13212.85643,0.8660254037844387,-0.4999999999999998,6116.11077,15.38
2026-05-21 11:30:00+00:00,2026-05-21 13:30:00+02:00,2026-05-21,13,30,2,3,5,8.790000000000001,6.26,1076.8,12706.555426000006,0.8660254037844387,-0.4999999999999998,6209.71715,15.05
2026-05-21 11:45:00+00:00,2026-05-21 13:45:00+02:00,2026-05-21,13,45,3,3,5,4.460000000000001,13.3,1121.75,13037.034015999998,0.8660254037844387,-0.4999999999999998,6350.70225,17.76
2026-05-21 12:00:00+00:00,2026-05-21 14:00:00+02:00,2026-05-21,14,0,0,3,5,10.5,5.0,1162.52,12929.484806,0.8660254037844387,-0.4999999999999998,6184.8275,15.5
2026-05-21 12:15:00+00:00,2026-05-21 14:15:00+02:00,2026-05-21,14,15,1,3,5,7.6800000000000015,9.1,1185.83,13176.993859999995,0.8660254037844387,-0.4999999999999998,6239.25213,16.78
2026-05-21 12:30:00+00:00,2026-05-21 14:30:00+02:00,2026-05-21,14,30,2,3,5,8.86,9.34,1210.19,13235.932300999993,0.8660254037844387,-0.4999999999999998,6258.98847,18.2
2026-05-21 12:45:00+00:00,2026-05-21 14:45:00+02:00,2026-05-21,14,45,3,3,5,12.069999999999999,11.81,1230.76,13814.038613999997,0.8660254037844387,-0.4999999999999998,6256.00962,23.88
2026-05-21 13:00:00+00:00,2026-05-21 15:00:00+02:00,2026-05-21,15,0,0,3,5,11.680000000000001,9.1,1255.28,15303.857955999993,0.8660254037844387,-0.4999999999999998,6237.06599,20.78
2026-05-21 13:15:00+00:00,2026-05-21 15:15:00+02:00,2026-05-21,15,15,1,3,5,-20.7,44.69,1281.65,15696.352059000004,0.8660254037844387,-0.4999999999999998,6193.46499,23.99
2026-05-21 13:30:00+00:00,2026-05-21 15:30:00+02:00,2026-05-21,15,30,2,3,5,-2.4099999999999966,46.72,1312.04,16507.848387,0.8660254037844387,-0.4999999999999998,6146.31292,44.31
2026-05-21 13:45:00+00:00,2026-05-21 15:45:00+02:00,2026-05-21,15,45,3,3,5,-5.230000000000004,64.9,1336.63,17397.681629000006,0.8660254037844387,-0.4999999999999998,6099.27604,59.67
2026-05-21 14:00:00+00:00,2026-05-21 16:00:00+02:00,2026-05-21,16,0,0,3,5,17.0,27.57,1341.3,18858.204660999996,0.8660254037844387,-0.4999999999999998,6050.51723,44.57
2026-05-21 14:15:00+00:00,2026-05-21 16:15:00+02:00,2026-05-21,16,15,1,3,5,2.75,67.33,1379.64,19705.456532000004,0.8660254037844387,-0.4999999999999998,5967.86299,70.08
2026-05-21 14:30:00+00:00,2026-05-21 16:30:00+02:00,2026-05-21,16,30,2,3,5,-1.1499999999999915,90.66,1419.1,20817.209331000005,0.8660254037844387,-0.4999999999999998,5882.6422,89.51
2026-05-21 14:45:00+00:00,2026-05-21 16:45:00+02:00,2026-05-21,16,45,3,3,5,-2.4399999999999977,101.27,1457.71,22486.212368,0.8660254037844387,-0.4999999999999998,5792.2009,98.83
2026-05-21 15:00:00+00:00,2026-05-21 17:00:00+02:00,2026-05-21,17,0,0,3,5,0.5899999999999892,83.4,1585.93,24606.388645,0.8660254037844387,-0.4999999999999998,5690.11313,83.99
2026-05-21 15:15:00+00:00,2026-05-21 17:15:00+02:00,2026-05-21,17,15,1,3,5,0.3199999999999932,100.0,1642.63,26682.325313,0.8660254037844387,-0.4999999999999998,5507.451,100.32
2026-05-21 15:30:00+00:00,2026-05-21 17:30:00+02:00,2026-05-21,17,30,2,3,5,-5.109999999999999,121.1,1702.85,28795.467888,0.8660254037844387,-0.4999999999999998,5322.34663,115.99
2026-05-21 15:45:00+00:00,2026-05-21 17:45:00+02:00,2026-05-21,17,45,3,3,5,-7.409999999999997,138.67,1752.04,31225.823111,0.8660254037844387,-0.4999999999999998,5137.88392,131.26
2026-05-21 16:00:00+00:00,2026-05-21 18:00:00+02:00,2026-05-21,18,0,0,3,5,2.8500000000000085,113.13,1831.9,33582.591498,0.8660254037844387,-0.4999999999999998,4921.91447,115.98
2026-05-21 16:15:00+00:00,2026-05-21 18:15:00+02:00,2026-05-21,18,15,1,3,5,-1.3100000000000023,128.99,1869.6,35668.315174999996,0.8660254037844387,-0.4999999999999998,4623.64735,127.68
2026-05-21 16:30:00+00:00,2026-05-21 18:30:00+02:00,2026-05-21,18,30,2,3,5,-4.389999999999986,146.45,1907.4,38180.07232200001,0.8660254037844387,-0.4999999999999998,4323.14441,142.06
2026-05-21 16:45:00+00:00,2026-05-21 18:45:00+02:00,2026-05-21,18,45,3,3,5,-1.6099999999999852,153.04,1944.35,40491.974076,0.8660254037844387,-0.4999999999999998,4015.73792,151.43
2026-05-21 17:00:00+00:00,2026-05-21 19:00:00+02:00,2026-05-21,19,0,0,3,5,-5.569999999999993,141.59,1977.58,42614.106393,0.8660254037844387,-0.4999999999999998,3705.78443,136.02
2026-05-21 17:15:00+00:00,2026-05-21 19:15:00+02:00,2026-05-21,19,15,1,3,5,2.269999999999982,148.11,1990.79,44449.772977,0.8660254037844387,-0.4999999999999998,3478.61462,150.38
2026-05-21 17:30:00+00:00,2026-05-21 19:30:00+02:00,2026-05-21,19,30,2,3,5,1.170000000000016,160.1,2008.04,46007.822278,0.8660254037844387,-0.4999999999999998,3255.44365,161.27
2026-05-21 17:45:00+00:00,2026-05-21 19:45:00+02:00,2026-05-21,19,45,3,3,5,-10.47999999999999,194.81,2019.65,47395.332137,0.8660254037844387,-0.4999999999999998,3045.85245,184.33
2026-05-21 18:00:00+00:00,2026-05-21 20:00:00+02:00,2026-05-21,20,0,0,3,5,0.5099999999999909,174.3,2028.59,48286.479119,0.8660254037844387,-0.4999999999999998,2850.93895,174.81
2026-05-21 18:15:00+00:00,2026-05-21 20:15:00+02:00,2026-05-21,20,15,1,3,5,9.509999999999991,182.28,2005.35,48928.742497,0.8660254037844387,-0.4999999999999998,2778.24505,191.79
2026-05-21 18:30:00+00:00,2026-05-21 20:30:00+02:00,2026-05-21,20,30,2,3,5,-8.920000000000016,218.71,1980.94,49157.210687,0.8660254037844387,-0.4999999999999998,2695.79633,209.79
2026-05-21 18:45:00+00:00,2026-05-21 20:45:00+02:00,2026-05-21,20,45,3,3,5,24.169999999999987,198.24,1957.12,49241.173369000004,0.8660254037844387,-0.4999999999999998,2591.93486,222.41
2026-05-21 19:00:00+00:00,2026-05-21 21:00:00+02:00,2026-05-21,21,0,0,3,5,32.25,183.24,1932.05,49048.586756000004,0.8660254037844387,-0.4999999999999998,2495.40097,215.49
2026-05-21 19:15:00+00:00,2026-05-21 21:15:00+02:00,2026-05-21,21,15,1,3,5,17.159999999999997,176.99,1914.35,48453.858599,0.8660254037844387,-0.4999999999999998,2471.00318,194.15
2026-05-21 19:30:00+00:00,2026-05-21 21:30:00+02:00,2026-05-21,21,30,2,3,5,-1.5500000000000114,179.72,1892.39,47805.964881,0.8660254037844387,-0.4999999999999998,2471.8479,178.17
2026-05-21 19:45:00+00:00,2026-05-21 21:45:00+02:00,2026-05-21,21,45,3,3,5,1.2299999999999898,160.0,1869.73,46958.134794,0.8660254037844387,-0.4999999999999998,2485.82529,161.23
2026-05-21 20:00:00+00:00,2026-05-21 22:00:00+02:00,2026-05-21,22,0,0,3,5,9.25,167.92,1853.64,46077.234537,0.8660254037844387,-0.4999999999999998,2491.46577,177.17
2026-05-21 20:15:00+00:00,2026-05-21 22:15:00+02:00,2026-05-21,22,15,1,3,5,-1.4399999999999977,161.45,1824.73,45362.154193,0.8660254037844387,-0.4999999999999998,2466.5967,160.01
2026-05-21 20:30:00+00:00,2026-05-21 22:30:00+02:00,2026-05-21,22,30,2,3,5,-6.810000000000002,159.99,1798.85,44526.836845,0.8660254037844387,-0.4999999999999998,2441.30786,153.18
2026-05-21 20:45:00+00:00,2026-05-21 22:45:00+02:00,2026-05-21,22,45,3,3,5,0.8600000000000136,149.38,1774.49,43772.19061,0.8660254037844387,-0.4999999999999998,2414.95873,150.24
2026-05-21 21:00:00+00:00,2026-05-21 23:00:00+02:00,2026-05-21,23,0,0,3,5,-1.9699999999999989,151.77,1749.88,42911.162455,0.8660254037844387,-0.4999999999999998,2382.2299,149.8
2026-05-21 21:15:00+00:00,2026-05-21 23:15:00+02:00,2026-05-21,23,15,1,3,5,0.5099999999999909,144.3,1704.05,42205.239362,0.8660254037844387,-0.4999999999999998,2342.58209,144.81
2026-05-21 21:30:00+00:00,2026-05-21 23:30:00+02:00,2026-05-21,23,30,2,3,5,-3.6200000000000045,144.01,1661.29,41559.371685,0.8660254037844387,-0.4999999999999998,2302.82435,140.39
2026-05-21 21:45:00+00:00,2026-05-21 23:45:00+02:00,2026-05-21,23,45,3,3,5,-2.180000000000007,138.82,1613.84,41152.724867,0.8660254037844387,-0.4999999999999998,2263.17384,136.64
2026-05-22 10:00:00+00:00,2026-05-22 12:00:00+02:00,2026-05-22,12,0,0,4,5,16.439999999999998,2.89,866.36,8731.448766999994,0.8660254037844387,-0.4999999999999998,1260.92934,19.33
2026-05-22 10:15:00+00:00,2026-05-22 12:15:00+02:00,2026-05-22,12,15,1,4,5,10.76,6.67,847.98,8259.270315000002,0.8660254037844387,-0.4999999999999998,1228.1128,17.43
2026-05-22 10:30:00+00:00,2026-05-22 12:30:00+02:00,2026-05-22,12,30,2,4,5,13.79,2.3,827.67,7856.705454000003,0.8660254037844387,-0.4999999999999998,1196.73092,16.09
2026-05-22 10:45:00+00:00,2026-05-22 12:45:00+02:00,2026-05-22,12,45,3,4,5,14.27,2.43,804.16,6873.413241000002,0.8660254037844387,-0.4999999999999998,1166.67955,16.7
2026-05-22 11:00:00+00:00,2026-05-22 13:00:00+02:00,2026-05-22,13,0,0,4,5,20.02,-6.13,790.41,7397.389675000006,0.8660254037844387,-0.4999999999999998,1137.81661,13.89
2026-05-22 11:15:00+00:00,2026-05-22 13:15:00+02:00,2026-05-22,13,15,1,4,5,11.55,3.53,770.77,6668.444044999997,0.8660254037844387,-0.4999999999999998,1133.3418,15.08
2026-05-22 11:30:00+00:00,2026-05-22 13:30:00+02:00,2026-05-22,13,30,2,4,5,9.7,6.91,749.3,6587.867824000001,0.8660254037844387,-0.4999999999999998,1123.29372,16.61
2026-05-22 11:45:00+00:00,2026-05-22 13:45:00+02:00,2026-05-22,13,45,3,4,5,15.780000000000001,0.23,732.28,6351.325835999996,0.8660254037844387,-0.4999999999999998,1111.52309,16.01
2026-05-22 12:00:00+00:00,2026-05-22 14:00:00+02:00,2026-05-22,14,0,0,4,5,18.64,-7.25,713.82,6432.947122999998,0.8660254037844387,-0.4999999999999998,1113.04751,11.39
2026-05-22 12:15:00+00:00,2026-05-22 14:15:00+02:00,2026-05-22,14,15,1,4,5,8.28,5.49,694.86,6559.7314320000005,0.8660254037844387,-0.4999999999999998,1107.83684,13.77
2026-05-22 12:30:00+00:00,2026-05-22 14:30:00+02:00,2026-05-22,14,30,2,4,5,17.01,0.09,677.92,7614.287031,0.8660254037844387,-0.4999999999999998,1094.6186,17.1
2026-05-22 12:45:00+00:00,2026-05-22 14:45:00+02:00,2026-05-22,14,45,3,4,5,15.29,3.91,659.06,8559.131554,0.8660254037844387,-0.4999999999999998,1082.87999,19.2
2026-05-22 13:00:00+00:00,2026-05-22 15:00:00+02:00,2026-05-22,15,0,0,4,5,2.8099999999999987,15.0,641.64,9646.850789999997,0.8660254037844387,-0.4999999999999998,1070.73142,17.81
2026-05-22 13:15:00+00:00,2026-05-22 15:15:00+02:00,2026-05-22,15,15,1,4,5,6.9,9.1,621.84,10509.596778000006,0.8660254037844387,-0.4999999999999998,1060.98435,16.0
2026-05-22 13:30:00+00:00,2026-05-22 15:30:00+02:00,2026-05-22,15,30,2,4,5,3.129999999999999,22.37,602.48,11932.531783000006,0.8660254037844387,-0.4999999999999998,1037.5674,25.5
2026-05-22 13:45:00+00:00,2026-05-22 15:45:00+02:00,2026-05-22,15,45,3,4,5,26.39,22.25,577.78,12635.672226000002,0.8660254037844387,-0.4999999999999998,1012.71785,48.64
2026-05-22 14:00:00+00:00,2026-05-22 16:00:00+02:00,2026-05-22,16,0,0,4,5,-6.539999999999996,38.3,565.78,14845.245151000003,0.8660254037844387,-0.4999999999999998,991.03806,31.76
2026-05-22 14:15:00+00:00,2026-05-22 16:15:00+02:00,2026-05-22,16,15,1,4,5,3.990000000000002,57.3,552.0,16318.175520999997,0.8660254037844387,-0.4999999999999998,973.00489,61.29
2026-05-22 14:30:00+00:00,2026-05-22 16:30:00+02:00,2026-05-22,16,30,2,4,5,19.11,74.9,536.26,17524.137010000006,0.8660254037844387,-0.4999999999999998,953.08257,94.01
2026-05-22 14:45:00+00:00,2026-05-22 16:45:00+02:00,2026-05-22,16,45,3,4,5,-12.86999999999999,113.49,519.33,19725.203644,0.8660254037844387,-0.4999999999999998,930.70588,100.62
2026-05-22 15:00:00+00:00,2026-05-22 17:00:00+02:00,2026-05-22,17,0,0,4,5,5.230000000000004,72.07,508.83,22917.485480999996,0.8660254037844387,-0.4999999999999998,910.08472,77.3
2026-05-22 15:15:00+00:00,2026-05-22 17:15:00+02:00,2026-05-22,17,15,1,4,5,-2.259999999999991,89.6,490.32,25327.629766,0.8660254037844387,-0.4999999999999998,890.96668,87.34
2026-05-22 15:30:00+00:00,2026-05-22 17:30:00+02:00,2026-05-22,17,30,2,4,5,-8.260000000000005,112.2,475.81,27858.644261,0.8660254037844387,-0.4999999999999998,872.91698,103.94
2026-05-22 15:45:00+00:00,2026-05-22 17:45:00+02:00,2026-05-22,17,45,3,4,5,-19.260000000000005,139.99,455.68,30829.803313999997,0.8660254037844387,-0.4999999999999998,857.51071,120.73
2026-05-22 16:00:00+00:00,2026-05-22 18:00:00+02:00,2026-05-22,18,0,0,4,5,-4.189999999999998,109.17,439.63,33648.478245000006,0.8660254037844387,-0.4999999999999998,840.91229,104.98
2026-05-22 16:15:00+00:00,2026-05-22 18:15:00+02:00,2026-05-22,18,15,1,4,5,-11.39,131.63,424.64,36353.965957,0.8660254037844387,-0.4999999999999998,850.1884,120.24
2026-05-22 16:30:00+00:00,2026-05-22 18:30:00+02:00,2026-05-22,18,30,2,4,5,-8.219999999999999,142.34,414.79,39238.382505,0.8660254037844387,-0.4999999999999998,854.14429,134.12
2026-05-22 16:45:00+00:00,2026-05-22 18:45:00+02:00,2026-05-22,18,45,3,4,5,-22.029999999999973,167.64,404.49,41775.24488699999,0.8660254037844387,-0.4999999999999998,853.66046,145.61
2026-05-22 17:00:00+00:00,2026-05-22 19:00:00+02:00,2026-05-22,19,0,0,4,5,-1.2600000000000193,130.08,398.3,44186.845323999994,0.8660254037844387,-0.4999999999999998,855.99655,128.82
2026-05-22 17:15:00+00:00,2026-05-22 19:15:00+02:00,2026-05-22,19,15,1,4,5,-23.639999999999986,159.7,403.46,46073.85014,0.8660254037844387,-0.4999999999999998,948.70899,136.06
2026-05-22 17:30:00+00:00,2026-05-22 19:30:00+02:00,2026-05-22,19,30,2,4,5,-25.859999999999985,181.6,409.61,47643.817952,0.8660254037844387,-0.4999999999999998,1040.43286,155.74
2026-05-22 17:45:00+00:00,2026-05-22 19:45:00+02:00,2026-05-22,19,45,3,4,5,-22.72,210.1,420.86,48622.526797,0.8660254037844387,-0.4999999999999998,1134.74857,187.38
2026-05-22 18:00:00+00:00,2026-05-22 20:00:00+02:00,2026-05-22,20,0,0,4,5,-45.20000000000002,213.87,433.82,49313.439503,0.8660254037844387,-0.4999999999999998,1232.34593,168.67
2026-05-22 18:15:00+00:00,2026-05-22 20:15:00+02:00,2026-05-22,20,15,1,4,5,-18.49000000000001,205.93,464.97,49980.709073,0.8660254037844387,-0.4999999999999998,1408.73526,187.44
2026-05-22 18:30:00+00:00,2026-05-22 20:30:00+02:00,2026-05-22,20,30,2,4,5,-30.039999999999992,231.22,491.11,50309.263122000004,0.8660254037844387,-0.4999999999999998,1571.27547,201.18
2026-05-22 18:45:00+00:00,2026-05-22 20:45:00+02:00,2026-05-22,20,45,3,4,5,-26.400000000000006,241.11,522.28,50296.968722,0.8660254037844387,-0.4999999999999998,1707.80565,214.71
2026-05-22 19:00:00+00:00,2026-05-22 21:00:00+02:00,2026-05-22,21,0,0,4,5,1.420000000000016,197.6,564.49,49849.27573,0.8660254037844387,-0.4999999999999998,1815.14869,199.02
2026-05-22 19:15:00+00:00,2026-05-22 21:15:00+02:00,2026-05-22,21,15,1,4,5,-26.629999999999995,207.31,621.53,49063.511539,0.8660254037844387,-0.4999999999999998,1958.02329,180.68
2026-05-22 19:30:00+00:00,2026-05-22 21:30:00+02:00,2026-05-22,21,30,2,4,5,-14.650000000000006,174.97,684.22,48222.367546,0.8660254037844387,-0.4999999999999998,2125.9104,160.32
2026-05-22 19:45:00+00:00,2026-05-22 21:45:00+02:00,2026-05-22,21,45,3,4,5,-15.439999999999998,161.74,744.85,47266.360168,0.8660254037844387,-0.4999999999999998,2310.68175,146.3
2026-05-22 20:00:00+00:00,2026-05-22 22:00:00+02:00,2026-05-22,22,0,0,4,5,-10.069999999999993,175.0,827.22,46330.058484,0.8660254037844387,-0.4999999999999998,2502.23401,164.93
2026-05-22 20:15:00+00:00,2026-05-22 22:15:00+02:00,2026-05-22,22,15,1,4,5,-18.69999999999999,167.2,927.74,45220.953047999996,0.8660254037844387,-0.4999999999999998,2660.79674,148.5
2026-05-22 20:30:00+00:00,2026-05-22 22:30:00+02:00,2026-05-22,22,30,2,4,5,-16.340000000000003,158.22,1031.39,44229.550839,0.8660254037844387,-0.4999999999999998,2815.99194,141.88
2026-05-22 20:45:00+00:00,2026-05-22 22:45:00+02:00,2026-05-22,22,45,3,4,5,-15.400000000000006,149.24,1137.2,43226.344178,0.8660254037844387,-0.4999999999999998,2970.0297,133.84
2026-05-22 21:00:00+00:00,2026-05-22 23:00:00+02:00,2026-05-22,23,0,0,4,5,-9.379999999999995,153.0,1258.1,42319.093761,0.8660254037844387,-0.4999999999999998,3107.50488,143.62
2026-05-22 21:15:00+00:00,2026-05-22 23:15:00+02:00,2026-05-22,23,15,1,4,5,-6.0,144.01,1393.46,41188.084151,0.8660254037844387,-0.4999999999999998,3169.16896,138.01
2026-05-22 21:30:00+00:00,2026-05-22 23:30:00+02:00,2026-05-22,23,30,2,4,5,-1.5600000000000023,135.9,1527.52,40257.307369,0.8660254037844387,-0.4999999999999998,3229.20261,134.34
2026-05-22 21:45:00+00:00,2026-05-22 23:45:00+02:00,2026-05-22,23,45,3,4,5,-1.009999999999991,130.03,1667.51,39435.423552,0.8660254037844387,-0.4999999999999998,3285.74165,129.02
2026-05-23 10:00:00+00:00,2026-05-23 12:00:00+02:00,2026-05-23,12,0,0,5,5,33.01,-35.01,674.83,-551.0548469999994,0.8660254037844387,-0.4999999999999998,768.79627,-2.0
2026-05-23 10:15:00+00:00,2026-05-23 12:15:00+02:00,2026-05-23,12,15,1,5,5,38.73,-43.01,638.04,-851.8456679999945,0.8660254037844387,-0.4999999999999998,731.45032,-4.28
2026-05-23 10:30:00+00:00,2026-05-23 12:30:00+02:00,2026-05-23,12,30,2,5,5,47.79,-51.79,598.26,-975.2930390000038,0.8660254037844387,-0.4999999999999998,698.33545,-4.0
2026-05-23 10:45:00+00:00,2026-05-23 12:45:00+02:00,2026-05-23,12,45,3,5,5,14.989999999999998,-19.99,561.49,-1388.8071589999963,0.8660254037844387,-0.4999999999999998,668.20355,-5.0
2026-05-23 11:00:00+00:00,2026-05-23 13:00:00+02:00,2026-05-23,13,0,0,5,5,19.259999999999998,-25.0,529.83,-2259.9769210000013,0.8660254037844387,-0.4999999999999998,636.57117,-5.74
2026-05-23 11:15:00+00:00,2026-05-23 13:15:00+02:00,2026-05-23,13,15,1,5,5,69.47,-77.45,513.21,-2477.4660739999963,0.8660254037844387,-0.4999999999999998,620.00782,-7.98
2026-05-23 11:30:00+00:00,2026-05-23 13:30:00+02:00,2026-05-23,13,30,2,5,5,25.63,-36.65,494.7,-2403.9167369999996,0.8660254037844387,-0.4999999999999998,614.53359,-11.02
2026-05-23 11:45:00+00:00,2026-05-23 13:45:00+02:00,2026-05-23,13,45,3,5,5,23.909999999999997,-35.62,476.37,-2361.198199999999,0.8660254037844387,-0.4999999999999998,614.03832,-11.71
2026-05-23 12:00:00+00:00,2026-05-23 14:00:00+02:00,2026-05-23,14,0,0,5,5,18.03,-27.03,461.07,-2214.349295,0.8660254037844387,-0.4999999999999998,723.72493,-9.0
2026-05-23 12:15:00+00:00,2026-05-23 14:15:00+02:00,2026-05-23,14,15,1,5,5,12.059999999999999,-20.06,442.16,-2463.032855000005,0.8660254037844387,-0.4999999999999998,756.76538,-8.0
2026-05-23 12:30:00+00:00,2026-05-23 14:30:00+02:00,2026-05-23,14,30,2,5,5,50.56999999999999,-59.55,423.34,-2117.4107339999973,0.8660254037844387,-0.4999999999999998,792.83954,-8.98
2026-05-23 12:45:00+00:00,2026-05-23 14:45:00+02:00,2026-05-23,14,45,3,5,5,42.4,-51.4,402.39,-944.9130010000008,0.8660254037844387,-0.4999999999999998,799.77346,-9.0
2026-05-23 13:00:00+00:00,2026-05-23 15:00:00+02:00,2026-05-23,15,0,0,5,5,2.6799999999999997,-8.67,384.65,-328.73036400000274,0.8660254037844387,-0.4999999999999998,818.33027,-5.99
2026-05-23 13:15:00+00:00,2026-05-23 15:15:00+02:00,2026-05-23,15,15,1,5,5,-0.77,-3.23,373.28,409.86851699999534,0.8660254037844387,-0.4999999999999998,828.12384,-4.0
2026-05-23 13:30:00+00:00,2026-05-23 15:30:00+02:00,2026-05-23,15,30,2,5,5,11.07,-14.22,357.94,1451.0565629999983,0.8660254037844387,-0.4999999999999998,849.71569,-3.15
2026-05-23 13:45:00+00:00,2026-05-23 15:45:00+02:00,2026-05-23,15,45,3,5,5,1.0,-2.0,344.67,2739.010954999998,0.8660254037844387,-0.4999999999999998,864.15379,-1.0
2026-05-23 14:00:00+00:00,2026-05-23 16:00:00+02:00,2026-05-23,16,0,0,5,5,0.2500000000000001,-1.07,337.32,4282.453934999998,0.8660254037844387,-0.4999999999999998,897.57646,-0.82
2026-05-23 14:15:00+00:00,2026-05-23 16:15:00+02:00,2026-05-23,16,15,1,5,5,-0.73,-0.09,338.91,6066.530516999999,0.8660254037844387,-0.4999999999999998,938.04228,-0.82
2026-05-23 14:30:00+00:00,2026-05-23 16:30:00+02:00,2026-05-23,16,30,2,5,5,-8.58,8.09,343.53,7950.009232999997,0.8660254037844387,-0.4999999999999998,1023.77259,-0.49
2026-05-23 14:45:00+00:00,2026-05-23 16:45:00+02:00,2026-05-23,16,45,3,5,5,6.640000000000001,0.01,345.22,10228.357471999996,0.8660254037844387,-0.4999999999999998,1105.53796,6.65
2026-05-23 15:00:00+00:00,2026-05-23 17:00:00+02:00,2026-05-23,17,0,0,5,5,-17.380000000000003,23.55,675.22,12885.994120999996,0.8660254037844387,-0.4999999999999998,1170.5078,6.17
2026-05-23 15:15:00+00:00,2026-05-23 17:15:00+02:00,2026-05-23,17,15,1,5,5,8.2,3.8,671.88,15762.314228,0.8660254037844387,-0.4999999999999998,1275.00062,12.0
2026-05-23 15:30:00+00:00,2026-05-23 17:30:00+02:00,2026-05-23,17,30,2,5,5,-8.629999999999995,78.39,661.85,18869.417328999996,0.8660254037844387,-0.4999999999999998,1353.5829,69.76
2026-05-23 15:45:00+00:00,2026-05-23 17:45:00+02:00,2026-05-23,17,45,3,5,5,6.920000000000002,102.95,656.5,21970.679976,0.8660254037844387,-0.4999999999999998,1453.21631,109.87
2026-05-23 16:00:00+00:00,2026-05-23 18:00:00+02:00,2026-05-23,18,0,0,5,5,6.920000000000002,82.37,649.19,25042.250626999998,0.8660254037844387,-0.4999999999999998,1503.45252,89.29
2026-05-23 16:15:00+00:00,2026-05-23 18:15:00+02:00,2026-05-23,18,15,1,5,5,-6.159999999999997,113.59,648.94,27845.195574,0.8660254037844387,-0.4999999999999998,1584.39744,107.43
2026-05-23 16:30:00+00:00,2026-05-23 18:30:00+02:00,2026-05-23,18,30,2,5,5,-11.409999999999997,140.0,640.15,30950.940612,0.8660254037844387,-0.4999999999999998,1630.26048,128.59
2026-05-23 16:45:00+00:00,2026-05-23 18:45:00+02:00,2026-05-23,18,45,3,5,5,-8.490000000000009,154.09,626.75,33399.699058,0.8660254037844387,-0.4999999999999998,1665.65511,145.6
2026-05-23 17:00:00+00:00,2026-05-23 19:00:00+02:00,2026-05-23,19,0,0,5,5,2.6399999999999864,120.93,624.6,35798.406578,0.8660254037844387,-0.4999999999999998,1694.71388,123.57
2026-05-23 17:15:00+00:00,2026-05-23 19:15:00+02:00,2026-05-23,19,15,1,5,5,3.960000000000008,135.29,625.23,37756.772812,0.8660254037844387,-0.4999999999999998,1784.8696,139.25
2026-05-23 17:30:00+00:00,2026-05-23 19:30:00+02:00,2026-05-23,19,30,2,5,5,-6.8300000000000125,160.0,623.9,39788.69059699999,0.8660254037844387,-0.4999999999999998,1878.45235,153.17
2026-05-23 17:45:00+00:00,2026-05-23 19:45:00+02:00,2026-05-23,19,45,3,5,5,-6.5,177.74,620.67,41246.265834000005,0.8660254037844387,-0.4999999999999998,1965.13709,171.24
2026-05-23 18:00:00+00:00,2026-05-23 20:00:00+02:00,2026-05-23,20,0,0,5,5,-0.7599999999999909,157.5,628.98,42187.351979,0.8660254037844387,-0.4999999999999998,2054.38873,156.74
2026-05-23 18:15:00+00:00,2026-05-23 20:15:00+02:00,2026-05-23,20,15,1,5,5,-0.060000000000002274,166.5,633.47,42745.681962999995,0.8660254037844387,-0.4999999999999998,2188.41859,166.44
2026-05-23 18:30:00+00:00,2026-05-23 20:30:00+02:00,2026-05-23,20,30,2,5,5,-6.0,190.0,643.78,43245.854404,0.8660254037844387,-0.4999999999999998,2301.51041,184.0
2026-05-23 18:45:00+00:00,2026-05-23 20:45:00+02:00,2026-05-23,20,45,3,5,5,-0.6700000000000159,190.31,658.21,43334.440241,0.8660254037844387,-0.4999999999999998,2379.80475,189.64
2026-05-23 19:00:00+00:00,2026-05-23 21:00:00+02:00,2026-05-23,21,0,0,5,5,-1.2199999999999989,185.0,671.64,43242.989716,0.8660254037844387,-0.4999999999999998,2414.15838,183.78
2026-05-23 19:15:00+00:00,2026-05-23 21:15:00+02:00,2026-05-23,21,15,1,5,5,5.189999999999998,169.81,686.23,42931.503298,0.8660254037844387,-0.4999999999999998,2512.7563,175.0
2026-05-23 19:30:00+00:00,2026-05-23 21:30:00+02:00,2026-05-23,21,30,2,5,5,-16.639999999999986,185.0,697.41,42371.236938,0.8660254037844387,-0.4999999999999998,2652.51209,168.36
2026-05-23 19:45:00+00:00,2026-05-23 21:45:00+02:00,2026-05-23,21,45,3,5,5,-21.960000000000008,184.99,711.77,41864.237110999995,0.8660254037844387,-0.4999999999999998,2812.43787,163.03
2026-05-23 20:00:00+00:00,2026-05-23 22:00:00+02:00,2026-05-23,22,0,0,5,5,9.29000000000002,168.7,732.39,41101.100532,0.8660254037844387,-0.4999999999999998,2983.65748,177.99
2026-05-23 20:15:00+00:00,2026-05-23 22:15:00+02:00,2026-05-23,22,15,1,5,5,3.0900000000000034,158.92,743.3,40485.451627,0.8660254037844387,-0.4999999999999998,3115.41589,162.01
2026-05-23 20:30:00+00:00,2026-05-23 22:30:00+02:00,2026-05-23,22,30,2,5,5,2.680000000000007,148.92,754.92,39860.979931999995,0.8660254037844387,-0.4999999999999998,3246.31882,151.6
2026-05-23 20:45:00+00:00,2026-05-23 22:45:00+02:00,2026-05-23,22,45,3,5,5,1.5999999999999943,138.77,762.35,39183.243319,0.8660254037844387,-0.4999999999999998,3372.82176,140.37
2026-05-23 21:00:00+00:00,2026-05-23 23:00:00+02:00,2026-05-23,23,0,0,5,5,-1.1899999999999977,153.6,777.64,38273.123431,0.8660254037844387,-0.4999999999999998,3482.63746,152.41
2026-05-23 21:15:00+00:00,2026-05-23 23:15:00+02:00,2026-05-23,23,15,1,5,5,-1.0200000000000102,148.8,773.99,37640.744791,0.8660254037844387,-0.4999999999999998,3523.43715,147.78
2026-05-23 21:30:00+00:00,2026-05-23 23:30:00+02:00,2026-05-23,23,30,2,5,5,0.1599999999999966,139.34,773.92,37025.212715,0.8660254037844387,-0.4999999999999998,3564.25271,139.5
2026-05-23 21:45:00+00:00,2026-05-23 23:45:00+02:00,2026-05-23,23,45,3,5,5,-2.5,136.94,771.48,36493.154599,0.8660254037844387,-0.4999999999999998,3604.05127,134.44
2026-05-24 10:00:00+00:00,2026-05-24 12:00:00+02:00,2026-05-24,12,0,0,6,5,5.600000000000001,-19.6,389.0,-3983.2507810000025,0.8660254037844387,-0.4999999999999998,2063.0596,-14.0
2026-05-24 10:15:00+00:00,2026-05-24 12:15:00+02:00,2026-05-24,12,15,1,6,5,11.04,-29.99,396.69,-4417.031485999993,0.8660254037844387,-0.4999999999999998,2196.15665,-18.95
2026-05-24 10:30:00+00:00,2026-05-24 12:30:00+02:00,2026-05-24,12,30,2,6,5,12.61,-42.07,403.54,-4571.211013,0.8660254037844387,-0.4999999999999998,2340.14761,-29.46
2026-05-24 10:45:00+00:00,2026-05-24 12:45:00+02:00,2026-05-24,12,45,3,6,5,21.939999999999998,-58.79,411.15,-4771.936068999996,0.8660254037844387,-0.4999999999999998,2486.97674,-36.85
2026-05-24 11:00:00+00:00,2026-05-24 13:00:00+02:00,2026-05-24,13,0,0,6,5,24.759999999999998,-60.03,417.93,-5399.462802999995,0.8660254037844387,-0.4999999999999998,2647.94652,-35.27
2026-05-24 11:15:00+00:00,2026-05-24 13:15:00+02:00,2026-05-24,13,15,1,6,5,23.070000000000007,-72.01,426.3,-5533.317363999995,0.8660254037844387,-0.4999999999999998,2812.96168,-48.94
2026-05-24 11:30:00+00:00,2026-05-24 13:30:00+02:00,2026-05-24,13,30,2,6,5,26.979999999999997,-85.0,432.78,-5586.693479999994,0.8660254037844387,-0.4999999999999998,3030.09972,-58.02
2026-05-24 11:45:00+00:00,2026-05-24 13:45:00+02:00,2026-05-24,13,45,3,6,5,22.14,-86.71,442.71,-5684.696972999998,0.8660254037844387,-0.4999999999999998,3262.1801,-64.57
2026-05-24 12:00:00+00:00,2026-05-24 14:00:00+02:00,2026-05-24,14,0,0,6,5,71.38,-120.88,448.98,-6298.611686000004,0.8660254037844387,-0.4999999999999998,3843.48045,-49.5
2026-05-24 12:15:00+00:00,2026-05-24 14:15:00+02:00,2026-05-24,14,15,1,6,5,23.490000000000002,-70.01,,-6356.298926999996,0.8660254037844387,-0.4999999999999998,4179.57437,-46.52
2026-05-24 12:30:00+00:00,2026-05-24 14:30:00+02:00,2026-05-24,14,30,2,6,5,20.03,-59.0,448.08,-6375.267031000003,0.8660254037844387,-0.4999999999999998,4486.92942,-38.97
2026-05-24 12:45:00+00:00,2026-05-24 14:45:00+02:00,2026-05-24,14,45,3,6,5,11.080000000000002,-40.09,448.25,-6190.3459770000045,0.8660254037844387,-0.4999999999999998,4877.81364,-29.01
2026-05-24 13:00:00+00:00,2026-05-24 15:00:00+02:00,2026-05-24,15,0,0,6,5,17.33,-46.33,446.49,-5378.647417999993,0.8660254037844387,-0.4999999999999998,5311.13671,-29.0
2026-05-24 13:15:00+00:00,2026-05-24 15:15:00+02:00,2026-05-24,15,15,1,6,5,54.900000000000006,-78.9,443.93,-5030.956706999998,0.8660254037844387,-0.4999999999999998,5689.45187,-24.0
2026-05-24 13:30:00+00:00,2026-05-24 15:30:00+02:00,2026-05-24,15,30,2,6,5,-0.6300000000000008,-14.37,443.49,-4718.372264999998,0.8660254037844387,-0.4999999999999998,6105.83915,-15.0
2026-05-24 13:45:00+00:00,2026-05-24 15:45:00+02:00,2026-05-24,15,45,3,6,5,15.120000000000001,-32.1,442.0,-4100.758425,0.8660254037844387,-0.4999999999999998,6382.52166,-16.98
2026-05-24 14:00:00+00:00,2026-05-24 16:00:00+02:00,2026-05-24,16,0,0,6,5,13.91,-25.5,446.12,-2713.4731870000032,0.8660254037844387,-0.4999999999999998,6833.94395,-11.59
2026-05-24 14:15:00+00:00,2026-05-24 16:15:00+02:00,2026-05-24,16,15,1,6,5,2.25,-10.85,451.05,-1992.9207670000033,0.8660254037844387,-0.4999999999999998,7434.20019,-8.6
2026-05-24 14:30:00+00:00,2026-05-24 16:30:00+02:00,2026-05-24,16,30,2,6,5,-2.13,-0.27,459.96,-812.482849,0.8660254037844387,-0.4999999999999998,7748.35384,-2.4
2026-05-24 14:45:00+00:00,2026-05-24 16:45:00+02:00,2026-05-24,16,45,3,6,5,1.04,-0.04,463.97,1255.5460440000024,0.8660254037844387,-0.4999999999999998,8022.3772,1.0
2026-05-24 15:00:00+00:00,2026-05-24 17:00:00+02:00,2026-05-24,17,0,0,6,5,0.01,-0.01,547.46,4118.114216000002,0.8660254037844387,-0.4999999999999998,8183.39148,0.0
2026-05-24 15:15:00+00:00,2026-05-24 17:15:00+02:00,2026-05-24,17,15,1,6,5,-26.62,24.6,546.58,6187.188195000002,0.8660254037844387,-0.4999999999999998,8175.54681,-2.02
2026-05-24 15:30:00+00:00,2026-05-24 17:30:00+02:00,2026-05-24,17,30,2,6,5,-3.62,1.96,559.62,8702.309221000003,0.8660254037844387,-0.4999999999999998,8149.17608,-1.66
2026-05-24 15:45:00+00:00,2026-05-24 17:45:00+02:00,2026-05-24,17,45,3,6,5,-11.27,41.28,561.03,11744.794654000005,0.8660254037844387,-0.4999999999999998,8134.48619,30.01
2026-05-24 16:00:00+00:00,2026-05-24 18:00:00+02:00,2026-05-24,18,0,0,6,5,17.38,22.69,560.49,15338.205406000001,0.8660254037844387,-0.4999999999999998,8043.55002,40.07
2026-05-24 16:15:00+00:00,2026-05-24 18:15:00+02:00,2026-05-24,18,15,1,6,5,-1.0899999999999892,91.1,543.8,18423.888592,0.8660254037844387,-0.4999999999999998,7943.73295,90.01
2026-05-24 16:30:00+00:00,2026-05-24 18:30:00+02:00,2026-05-24,18,30,2,6,5,-15.930000000000007,130.46,530.1,21784.027027999997,0.8660254037844387,-0.4999999999999998,7793.51177,114.53
2026-05-24 16:45:00+00:00,2026-05-24 18:45:00+02:00,2026-05-24,18,45,3,6,5,-1.799999999999983,131.6,512.24,24698.955897000003,0.8660254037844387,-0.4999999999999998,7642.43838,129.8
2026-05-24 17:00:00+00:00,2026-05-24 19:00:00+02:00,2026-05-24,19,0,0,6,5,5.259999999999991,114.81,497.97,27930.576912999997,0.8660254037844387,-0.4999999999999998,7491.44359,120.07
2026-05-24 17:15:00+00:00,2026-05-24 19:15:00+02:00,2026-05-24,19,15,1,6,5,0.4399999999999977,125.22,481.36,29687.67696,0.8660254037844387,-0.4999999999999998,7408.99982,125.66
2026-05-24 17:30:00+00:00,2026-05-24 19:30:00+02:00,2026-05-24,19,30,2,6,5,0.8300000000000125,134.39,464.8,31449.855955,0.8660254037844387,-0.4999999999999998,7324.35026,135.22
2026-05-24 17:45:00+00:00,2026-05-24 19:45:00+02:00,2026-05-24,19,45,3,6,5,-23.389999999999986,173.26,448.26,32741.733847,0.8660254037844387,-0.4999999999999998,7249.42657,149.87
2026-05-24 18:00:00+00:00,2026-05-24 20:00:00+02:00,2026-05-24,20,0,0,6,5,-4.780000000000001,138.91,432.91,34455.33741,0.8660254037844387,-0.4999999999999998,7193.69508,134.13
2026-05-24 18:15:00+00:00,2026-05-24 20:15:00+02:00,2026-05-24,20,15,1,6,5,-6.4199999999999875,154.5,418.47,35600.129284,0.8660254037844387,-0.4999999999999998,7356.24106,148.08
2026-05-24 18:30:00+00:00,2026-05-24 20:30:00+02:00,2026-05-24,20,30,2,6,5,0.6200000000000045,159.96,406.57,35941.803786,0.8660254037844387,-0.4999999999999998,7520.11467,160.58
2026-05-24 18:45:00+00:00,2026-05-24 20:45:00+02:00,2026-05-24,20,45,3,6,5,-0.1799999999999784,165.2,393.0,36312.374805,0.8660254037844387,-0.4999999999999998,7687.35978,165.02
2026-05-24 19:00:00+00:00,2026-05-24 21:00:00+02:00,2026-05-24,21,0,0,6,5,-6.52000000000001,170.0,381.22,36361.638519,0.8660254037844387,-0.4999999999999998,7851.6037,163.48
2026-05-24 19:15:00+00:00,2026-05-24 21:15:00+02:00,2026-05-24,21,15,1,6,5,-2.719999999999999,161.52,387.11,36108.800288,0.8660254037844387,-0.4999999999999998,8025.52105,158.8
2026-05-24 19:30:00+00:00,2026-05-24 21:30:00+02:00,2026-05-24,21,30,2,6,5,-2.0200000000000102,153.03,391.62,35796.138395,0.8660254037844387,-0.4999999999999998,8202.09521,151.01
2026-05-24 19:45:00+00:00,2026-05-24 21:45:00+02:00,2026-05-24,21,45,3,6,5,-7.650000000000006,149.74,393.55,35367.831717,0.8660254037844387,-0.4999999999999998,8373.57505,142.09
2026-05-24 20:00:00+00:00,2026-05-24 22:00:00+02:00,2026-05-24,22,0,0,6,5,-0.4099999999999966,156.4,409.49,35065.865042000005,0.8660254037844387,-0.4999999999999998,8485.30702,155.99
2026-05-24 20:15:00+00:00,2026-05-24 22:15:00+02:00,2026-05-24,22,15,1,6,5,5.050000000000011,142.63,432.88,34881.852865999994,0.8660254037844387,-0.4999999999999998,8383.29058,147.68
2026-05-24 20:30:00+00:00,2026-05-24 22:30:00+02:00,2026-05-24,22,30,2,6,5,-0.7699999999999818,139.38,461.37,34467.479986,0.8660254037844387,-0.4999999999999998,8279.42427,138.61
2026-05-24 20:45:00+00:00,2026-05-24 22:45:00+02:00,2026-05-24,22,45,3,6,5,-7.069999999999993,137.6,487.83,34192.397506,0.8660254037844387,-0.4999999999999998,8172.66179,130.53
2026-05-24 21:00:00+00:00,2026-05-24 23:00:00+02:00,2026-05-24,23,0,0,6,5,-4.289999999999992,141.2,519.33,33772.093113999996,0.8660254037844387,-0.4999999999999998,8051.87141,136.91
2026-05-24 21:15:00+00:00,2026-05-24 23:15:00+02:00,2026-05-24,23,15,1,6,5,-1.3300000000000125,132.8,544.42,33551.819889,0.8660254037844387,-0.4999999999999998,7780.93141,131.47
2026-05-24 21:30:00+00:00,2026-05-24 23:30:00+02:00,2026-05-24,23,30,2,6,5,0.4200000000000017,127.21,570.48,33309.559369,0.8660254037844387,-0.4999999999999998,7508.85845,127.63
2026-05-24 21:45:00+00:00,2026-05-24 23:45:00+02:00,2026-05-24,23,45,3,6,5,-2.239999999999995,127.35,598.54,33093.309769,0.8660254037844387,-0.4999999999999998,7238.91206,125.11
2026-05-25 10:00:00+00:00,2026-05-25 12:00:00+02:00,2026-05-25,12,0,0,0,5,3.41,-10.67,820.14,-5874.544416000004,0.8660254037844387,-0.4999999999999998,785.93795,-7.26
2026-05-25 10:15:00+00:00,2026-05-25 12:15:00+02:00,2026-05-25,12,15,1,0,5,3.96,-11.33,832.73,-6456.693669,0.8660254037844387,-0.4999999999999998,796.62659,-7.37
2026-05-25 10:30:00+00:00,2026-05-25 12:30:00+02:00,2026-05-25,12,30,2,0,5,1.25,-13.06,847.48,-6619.056491000003,0.8660254037844387,-0.4999999999999998,811.01207,-11.81
2026-05-25 10:45:00+00:00,2026-05-25 12:45:00+02:00,2026-05-25,12,45,3,0,5,0.7799999999999994,-15.79,848.48,-7018.515358999997,0.8660254037844387,-0.4999999999999998,824.79973,-15.01
2026-05-25 11:00:00+00:00,2026-05-25 13:00:00+02:00,2026-05-25,13,0,0,0,5,4.48,-22.07,861.87,-7731.6691839999985,0.8660254037844387,-0.4999999999999998,835.76973,-17.59
2026-05-25 11:15:00+00:00,2026-05-25 13:15:00+02:00,2026-05-25,13,15,1,0,5,3.4499999999999993,-27.45,875.25,-7865.328008999997,0.8660254037844387,-0.4999999999999998,843.65671,-24.0
2026-05-25 11:30:00+00:00,2026-05-25 13:30:00+02:00,2026-05-25,13,30,2,0,5,-1.9000000000000057,-32.66,891.94,-7945.2515480000075,0.8660254037844387,-0.4999999999999998,869.93633,-34.56
2026-05-25 11:45:00+00:00,2026-05-25 13:45:00+02:00,2026-05-25,13,45,3,0,5,-3.1700000000000017,-35.0,906.16,-7879.425811000001,0.8660254037844387,-0.4999999999999998,899.74535,-38.17
2026-05-25 12:00:00+00:00,2026-05-25 14:00:00+02:00,2026-05-25,14,0,0,0,5,180.85,-209.31,923.2,-7897.949259000001,0.8660254037844387,-0.4999999999999998,956.25515,-28.46
2026-05-25 12:15:00+00:00,2026-05-25 14:15:00+02:00,2026-05-25,14,15,1,0,5,2.719999999999999,-30.0,932.83,-7653.244549000003,0.8660254037844387,-0.4999999999999998,1012.83571,-27.28
2026-05-25 12:30:00+00:00,2026-05-25 14:30:00+02:00,2026-05-25,14,30,2,0,5,0.5800000000000018,-25.01,943.43,-7038.229931999995,0.8660254037844387,-0.4999999999999998,1086.55043,-24.43
2026-05-25 12:45:00+00:00,2026-05-25 14:45:00+02:00,2026-05-25,14,45,3,0,5,3.9499999999999993,-21.36,950.97,-6512.675152000003,0.8660254037844387,-0.4999999999999998,1198.54782,-17.41
2026-05-25 13:00:00+00:00,2026-05-25 15:00:00+02:00,2026-05-25,15,0,0,0,5,81.07,-94.5,946.61,-5509.0507880000005,0.8660254037844387,-0.4999999999999998,1343.88849,-13.43
2026-05-25 13:15:00+00:00,2026-05-25 15:15:00+02:00,2026-05-25,15,15,1,0,5,72.96000000000001,-82.01,958.29,-4559.198190000003,0.8660254037844387,-0.4999999999999998,1462.7274,-9.05
2026-05-25 13:30:00+00:00,2026-05-25 15:30:00+02:00,2026-05-25,15,30,2,0,5,95.97,-100.0,971.9,-3689.1625480000002,0.8660254037844387,-0.4999999999999998,1590.46972,-4.03
2026-05-25 13:45:00+00:00,2026-05-25 15:45:00+02:00,2026-05-25,15,45,3,0,5,0.0,-5.0,982.52,-2988.6251549999943,0.8660254037844387,-0.4999999999999998,1711.50459,-5.0
2026-05-25 14:00:00+00:00,2026-05-25 16:00:00+02:00,2026-05-25,16,0,0,0,5,23.45,-30.0,999.09,-1320.0582600000052,0.8660254037844387,-0.4999999999999998,1861.5684,-6.55
2026-05-25 14:15:00+00:00,2026-05-25 16:15:00+02:00,2026-05-25,16,15,1,0,5,8.66,-10.0,1015.11,-110.04211200000282,0.8660254037844387,-0.4999999999999998,2080.81534,-1.34
2026-05-25 14:30:00+00:00,2026-05-25 16:30:00+02:00,2026-05-25,16,30,2,0,5,4.87,-4.95,1024.86,1305.082383999994,0.8660254037844387,-0.4999999999999998,2291.67154,-0.08
2026-05-25 14:45:00+00:00,2026-05-25 16:45:00+02:00,2026-05-25,16,45,3,0,5,2.09,-0.1,1033.24,3281.8243169999987,0.8660254037844387,-0.4999999999999998,2478.32567,1.99
2026-05-25 15:00:00+00:00,2026-05-25 17:00:00+02:00,2026-05-25,17,0,0,0,5,0.21,0.0,1336.25,5599.745690000003,0.8660254037844387,-0.4999999999999998,2612.30639,0.21
2026-05-25 15:15:00+00:00,2026-05-25 17:15:00+02:00,2026-05-25,17,15,1,0,5,4.03,1.34,1315.56,7981.293224000001,0.8660254037844387,-0.4999999999999998,2713.32853,5.37
2026-05-25 15:30:00+00:00,2026-05-25 17:30:00+02:00,2026-05-25,17,30,2,0,5,12.979999999999999,15.01,1314.94,10643.456383999997,0.8660254037844387,-0.4999999999999998,2782.25002,27.99
2026-05-25 15:45:00+00:00,2026-05-25 17:45:00+02:00,2026-05-25,17,45,3,0,5,58.0,30.0,1292.52,13898.015898000001,0.8660254037844387,-0.4999999999999998,2855.64616,88.0
2026-05-25 16:00:00+00:00,2026-05-25 18:00:00+02:00,2026-05-25,18,0,0,0,5,16.04,62.52,1278.39,17715.016199,0.8660254037844387,-0.4999999999999998,2935.03155,78.56
2026-05-25 16:15:00+00:00,2026-05-25 18:15:00+02:00,2026-05-25,18,15,1,0,5,2.200000000000003,105.58,1265.14,20890.847614,0.8660254037844387,-0.4999999999999998,2968.80743,107.78
2026-05-25 16:30:00+00:00,2026-05-25 18:30:00+02:00,2026-05-25,18,30,2,0,5,-4.960000000000008,140.97,1247.2,23795.285403,0.8660254037844387,-0.4999999999999998,3004.19905,136.01
2026-05-25 16:45:00+00:00,2026-05-25 18:45:00+02:00,2026-05-25,18,45,3,0,5,-10.929999999999978,157.76,1230.43,26858.214200999995,0.8660254037844387,-0.4999999999999998,3035.78305,146.83
2026-05-25 17:00:00+00:00,2026-05-25 19:00:00+02:00,2026-05-25,19,0,0,0,5,7.739999999999995,124.99,1216.16,29715.485888000003,0.8660254037844387,-0.4999999999999998,3069.20559,132.73
2026-05-25 17:15:00+00:00,2026-05-25 19:15:00+02:00,2026-05-25,19,15,1,0,5,2.569999999999993,142.68,1215.47,32077.5654,0.8660254037844387,-0.4999999999999998,3168.89426,145.25
2026-05-25 17:30:00+00:00,2026-05-25 19:30:00+02:00,2026-05-25,19,30,2,0,5,8.469999999999999,142.6,1220.95,34466.247595,0.8660254037844387,-0.4999999999999998,3260.97622,151.07
2026-05-25 17:45:00+00:00,2026-05-25 19:45:00+02:00,2026-05-25,19,45,3,0,5,-10.97999999999999,179.1,1219.85,35819.054933,0.8660254037844387,-0.4999999999999998,3362.95322,168.12
2026-05-25 18:00:00+00:00,2026-05-25 20:00:00+02:00,2026-05-25,20,0,0,0,5,3.450000000000017,154.32,1220.55,37146.907966,0.8660254037844387,-0.4999999999999998,3464.86689,157.77
2026-05-25 18:15:00+00:00,2026-05-25 20:15:00+02:00,2026-05-25,20,15,1,0,5,-2.5500000000000114,168.56,1233.66,38314.743123,0.8660254037844387,-0.4999999999999998,3668.52968,166.01
2026-05-25 18:30:00+00:00,2026-05-25 20:30:00+02:00,2026-05-25,20,30,2,0,5,4.200000000000017,180.76,1243.76,39063.731354,0.8660254037844387,-0.4999999999999998,3866.65378,184.96
2026-05-25 18:45:00+00:00,2026-05-25 20:45:00+02:00,2026-05-25,20,45,3,0,5,13.230000000000018,176.6,1252.52,39538.937254000004,0.8660254037844387,-0.4999999999999998,4054.86233,189.83
2026-05-25 19:00:00+00:00,2026-05-25 21:00:00+02:00,2026-05-25,21,0,0,0,5,-8.289999999999992,189.4,1262.52,39834.225423,0.8660254037844387,-0.4999999999999998,4231.48874,181.11
2026-05-25 19:15:00+00:00,2026-05-25 21:15:00+02:00,2026-05-25,21,15,1,0,5,-3.4000000000000057,176.68,1284.09,39658.132507,0.8660254037844387,-0.4999999999999998,4443.51153,173.28
2026-05-25 19:30:00+00:00,2026-05-25 21:30:00+02:00,2026-05-25,21,30,2,0,5,0.18999999999999773,162.73,1301.69,39242.979127,0.8660254037844387,-0.4999999999999998,4677.2002,162.92
2026-05-25 19:45:00+00:00,2026-05-25 21:45:00+02:00,2026-05-25,21,45,3,0,5,-12.759999999999991,169.48,1323.14,38763.100815,0.8660254037844387,-0.4999999999999998,4925.44574,156.72
2026-05-25 20:00:00+00:00,2026-05-25 22:00:00+02:00,2026-05-25,22,0,0,0,5,-8.460000000000008,178.47,1345.34,38124.948625000005,0.8660254037844387,-0.4999999999999998,5161.86756,170.01
2026-05-25 20:15:00+00:00,2026-05-25 22:15:00+02:00,2026-05-25,22,15,1,0,5,-5.210000000000008,165.0,1368.11,37389.473078,0.8660254037844387,-0.4999999999999998,5326.33088,159.79
2026-05-25 20:30:00+00:00,2026-05-25 22:30:00+02:00,2026-05-25,22,30,2,0,5,-6.47999999999999,160.0,1399.45,36669.701638,0.8660254037844387,-0.4999999999999998,5489.81018,153.52
2026-05-25 20:45:00+00:00,2026-05-25 22:45:00+02:00,2026-05-25,22,45,3,0,5,-22.579999999999984,167.26,1422.63,36125.995995,0.8660254037844387,-0.4999999999999998,5651.63918,144.68
2026-05-25 21:00:00+00:00,2026-05-25 23:00:00+02:00,2026-05-25,23,0,0,0,5,-4.6699999999999875,149.1,1452.61,35371.534261,0.8660254037844387,-0.4999999999999998,5791.59879,144.43
2026-05-25 21:15:00+00:00,2026-05-25 23:15:00+02:00,2026-05-25,23,15,1,0,5,1.3600000000000136,142.5,1486.73,34763.333591999995,0.8660254037844387,-0.4999999999999998,5852.33972,143.86
2026-05-25 21:30:00+00:00,2026-05-25 23:30:00+02:00,2026-05-25,23,30,2,0,5,-2.2600000000000193,140.99,1518.88,34271.854267,0.8660254037844387,-0.4999999999999998,5912.47009,138.73
2026-05-25 21:45:00+00:00,2026-05-25 23:45:00+02:00,2026-05-25,23,45,3,0,5,-2.75,131.51,1552.91,33725.289366,0.8660254037844387,-0.4999999999999998,5986.11124,128.76
2026-05-27 10:00:00+00:00,2026-05-27 12:00:00+02:00,2026-05-27,12,0,0,2,5,-6.040000000000001,9.55,1456.57,3022.371898999998,0.8660254037844387,-0.4999999999999998,5964.46901,3.51
2026-05-27 10:15:00+00:00,2026-05-27 12:15:00+02:00,2026-05-27,12,15,1,2,5,2.62,-0.74,1431.17,1820.9044049999939,0.8660254037844387,-0.4999999999999998,6125.12125,1.88
2026-05-27 10:30:00+00:00,2026-05-27 12:30:00+02:00,2026-05-27,12,30,2,2,5,3.58,-1.84,1406.43,1347.728292000007,0.8660254037844387,-0.4999999999999998,6237.28435,1.74
2026-05-27 10:45:00+00:00,2026-05-27 12:45:00+02:00,2026-05-27,12,45,3,2,5,8.25,-6.76,1362.75,1269.9116709999944,0.8660254037844387,-0.4999999999999998,6412.26259,1.49
2026-05-27 11:00:00+00:00,2026-05-27 13:00:00+02:00,2026-05-27,13,0,0,2,5,3.2199999999999998,-1.17,1345.59,538.7408150000047,0.8660254037844387,-0.4999999999999998,6595.95663,2.05
2026-05-27 11:15:00+00:00,2026-05-27 13:15:00+02:00,2026-05-27,13,15,1,2,5,2.66,-0.7,1336.72,357.7710780000052,0.8660254037844387,-0.4999999999999998,6823.02698,1.96
2026-05-27 11:30:00+00:00,2026-05-27 13:30:00+02:00,2026-05-27,13,30,2,2,5,6.39,-2.0,1329.33,-14.036258000000089,0.8660254037844387,-0.4999999999999998,7061.38529,4.39
2026-05-27 11:45:00+00:00,2026-05-27 13:45:00+02:00,2026-05-27,13,45,3,2,5,7.08,-3.47,1317.53,-760.6431190000003,0.8660254037844387,-0.4999999999999998,7324.67091,3.61
2026-05-27 12:00:00+00:00,2026-05-27 14:00:00+02:00,2026-05-27,14,0,0,2,5,5.1,-3.09,1313.53,-995.0341160000025,0.8660254037844387,-0.4999999999999998,7946.25213,2.01
2026-05-27 12:15:00+00:00,2026-05-27 14:15:00+02:00,2026-05-27,14,15,1,2,5,3.27,-1.28,1316.82,-1294.5282389999993,0.8660254037844387,-0.4999999999999998,8244.41099,1.99
2026-05-27 12:30:00+00:00,2026-05-27 14:30:00+02:00,2026-05-27,14,30,2,2,5,3.6100000000000003,-1.62,1320.65,-825.0058949999948,0.8660254037844387,-0.4999999999999998,8514.63651,1.99
2026-05-27 12:45:00+00:00,2026-05-27 14:45:00+02:00,2026-05-27,14,45,3,2,5,2.59,-1.77,,-408.810126999997,0.8660254037844387,-0.4999999999999998,8768.85727,0.82
2026-05-27 13:00:00+00:00,2026-05-27 15:00:00+02:00,2026-05-27,15,0,0,2,5,4.74,-1.8,1324.31,277.06387299999915,0.8660254037844387,-0.4999999999999998,9058.57855,2.94
2026-05-27 13:15:00+00:00,2026-05-27 15:15:00+02:00,2026-05-27,15,15,1,2,5,3.88,-2.02,1343.21,315.2510840000032,0.8660254037844387,-0.4999999999999998,9387.04423,1.86
2026-05-27 13:30:00+00:00,2026-05-27 15:30:00+02:00,2026-05-27,15,30,2,2,5,6.9,-1.9,1360.39,1040.2263529999982,0.8660254037844387,-0.4999999999999998,9720.33066,5.0
2026-05-27 13:45:00+00:00,2026-05-27 15:45:00+02:00,2026-05-27,15,45,3,2,5,4.71,-1.09,1378.15,1668.4431390000027,0.8660254037844387,-0.4999999999999998,10154.76378,3.62
2026-05-27 14:00:00+00:00,2026-05-27 16:00:00+02:00,2026-05-27,16,0,0,2,5,10.36,-1.88,1400.02,2923.5533069999947,0.8660254037844387,-0.4999999999999998,10562.17612,8.48
2026-05-27 14:15:00+00:00,2026-05-27 16:15:00+02:00,2026-05-27,16,15,1,2,5,11.11,-0.91,1433.27,4110.754337000006,0.8660254037844387,-0.4999999999999998,10993.06257,10.2
2026-05-27 14:30:00+00:00,2026-05-27 16:30:00+02:00,2026-05-27,16,30,2,2,5,10.51,-0.01,1464.61,4918.7299950000015,0.8660254037844387,-0.4999999999999998,11586.06431,10.5
2026-05-27 14:45:00+00:00,2026-05-27 16:45:00+02:00,2026-05-27,16,45,3,2,5,17.54,6.46,1498.8,6432.776170999998,0.8660254037844387,-0.4999999999999998,12322.28646,24.0
2026-05-27 15:00:00+00:00,2026-05-27 17:00:00+02:00,2026-05-27,17,0,0,2,5,29.57,2.0,2100.7,7802.293097000002,0.8660254037844387,-0.4999999999999998,13270.69449,31.57
2026-05-27 15:15:00+00:00,2026-05-27 17:15:00+02:00,2026-05-27,17,15,1,2,5,49.94,5.0,2139.17,9573.817425999994,0.8660254037844387,-0.4999999999999998,14001.68579,54.94
2026-05-27 15:30:00+00:00,2026-05-27 17:30:00+02:00,2026-05-27,17,30,2,2,5,26.400000000000006,43.39,2177.47,11988.162747999995,0.8660254037844387,-0.4999999999999998,14477.80238,69.79
2026-05-27 15:45:00+00:00,2026-05-27 17:45:00+02:00,2026-05-27,17,45,3,2,5,51.830000000000005,54.18,2210.65,15119.495043999996,0.8660254037844387,-0.4999999999999998,14657.40437,106.01
2026-05-27 16:00:00+00:00,2026-05-27 18:00:00+02:00,2026-05-27,18,0,0,2,5,53.03000000000001,38.62,2246.19,18435.347897,0.8660254037844387,-0.4999999999999998,14818.44046,91.65
2026-05-27 16:15:00+00:00,2026-05-27 18:15:00+02:00,2026-05-27,18,15,1,2,5,20.49000000000001,94.21,2273.23,21227.793144999996,0.8660254037844387,-0.4999999999999998,14836.57825,114.7
2026-05-27 16:30:00+00:00,2026-05-27 18:30:00+02:00,2026-05-27,18,30,2,2,5,17.189999999999998,121.37,2305.26,24196.964327999995,0.8660254037844387,-0.4999999999999998,14852.94438,138.56
2026-05-27 16:45:00+00:00,2026-05-27 18:45:00+02:00,2026-05-27,18,45,3,2,5,7.700000000000017,143.35,2335.53,27328.123398999996,0.8660254037844387,-0.4999999999999998,14866.86874,151.05
2026-05-27 17:00:00+00:00,2026-05-27 19:00:00+02:00,2026-05-27,19,0,0,2,5,23.440000000000012,113.08,2357.74,29976.937372999993,0.8660254037844387,-0.4999999999999998,14855.18359,136.52
2026-05-27 17:15:00+00:00,2026-05-27 19:15:00+02:00,2026-05-27,19,15,1,2,5,15.650000000000006,131.87,2376.59,32416.094642000004,0.8660254037844387,-0.4999999999999998,14662.62082,147.52
2026-05-27 17:30:00+00:00,2026-05-27 19:30:00+02:00,2026-05-27,19,30,2,2,5,6.0,150.0,2415.52,34407.994441,0.8660254037844387,-0.4999999999999998,14464.62217,156.0
2026-05-27 17:45:00+00:00,2026-05-27 19:45:00+02:00,2026-05-27,19,45,3,2,5,19.17999999999998,152.99,2431.42,35943.503643,0.8660254037844387,-0.4999999999999998,14283.83119,172.17
2026-05-27 18:00:00+00:00,2026-05-27 20:00:00+02:00,2026-05-27,20,0,0,2,5,1.8900000000000148,157.39,2435.37,37058.684905,0.8660254037844387,-0.4999999999999998,14085.10023,159.28
2026-05-27 18:15:00+00:00,2026-05-27 20:15:00+02:00,2026-05-27,20,15,1,2,5,-1.009999999999991,162.41,2409.41,37689.54575600001,0.8660254037844387,-0.4999999999999998,13958.4487,161.4
2026-05-27 18:30:00+00:00,2026-05-27 20:30:00+02:00,2026-05-27,20,30,2,2,5,13.430000000000007,164.87,2379.21,38203.086893,0.8660254037844387,-0.4999999999999998,13816.06971,178.3
2026-05-27 18:45:00+00:00,2026-05-27 20:45:00+02:00,2026-05-27,20,45,3,2,5,0.5699999999999932,181.61,2342.23,38724.981769000005,0.8660254037844387,-0.4999999999999998,13642.00496,182.18
2026-05-27 19:00:00+00:00,2026-05-27 21:00:00+02:00,2026-05-27,21,0,0,2,5,7.149999999999977,179.8,2305.57,38979.366178000004,0.8660254037844387,-0.4999999999999998,13398.93869,186.95
2026-05-27 19:15:00+00:00,2026-05-27 21:15:00+02:00,2026-05-27,21,15,1,2,5,5.869999999999976,165.8,2266.78,38778.765951,0.8660254037844387,-0.4999999999999998,13192.95694,171.67
2026-05-27 19:30:00+00:00,2026-05-27 21:30:00+02:00,2026-05-27,21,30,2,2,5,5.740000000000009,154.84,2227.19,38468.820894,0.8660254037844387,-0.4999999999999998,13010.4178,160.58
2026-05-27 19:45:00+00:00,2026-05-27 21:45:00+02:00,2026-05-27,21,45,3,2,5,-11.310000000000002,164.99,2183.07,37920.011476,0.8660254037844387,-0.4999999999999998,12837.92172,153.68
2026-05-27 20:00:00+00:00,2026-05-27 22:00:00+02:00,2026-05-27,22,0,0,2,5,6.099999999999994,155.38,2149.91,37309.211425999994,0.8660254037844387,-0.4999999999999998,12520.22523,161.48
2026-05-27 20:15:00+00:00,2026-05-27 22:15:00+02:00,2026-05-27,22,15,1,2,5,2.069999999999993,149.1,2103.48,36677.745026,0.8660254037844387,-0.4999999999999998,12266.55255,151.17
2026-05-27 20:30:00+00:00,2026-05-27 22:30:00+02:00,2026-05-27,22,30,2,2,5,4.710000000000008,141.5,2062.24,36022.170577,0.8660254037844387,-0.4999999999999998,12015.02525,146.21
2026-05-27 20:45:00+00:00,2026-05-27 22:45:00+02:00,2026-05-27,22,45,3,2,5,3.619999999999976,132.8,2017.12,35254.34111,0.8660254037844387,-0.4999999999999998,11761.44524,136.42
2026-05-27 21:00:00+00:00,2026-05-27 23:00:00+02:00,2026-05-27,23,0,0,2,5,2.2700000000000102,143.6,1975.06,34653.308053,0.8660254037844387,-0.4999999999999998,11498.00593,145.87
2026-05-27 21:15:00+00:00,2026-05-27 23:15:00+02:00,2026-05-27,23,15,1,2,5,0.4099999999999966,136.6,1917.83,34120.990574999996,0.8660254037844387,-0.4999999999999998,11156.05765,137.01
2026-05-27 21:30:00+00:00,2026-05-27 23:30:00+02:00,2026-05-27,23,30,2,2,5,3.530000000000001,130.27,1862.7,33737.422214,0.8660254037844387,-0.4999999999999998,10810.66454,133.8
2026-05-27 21:45:00+00:00,2026-05-27 23:45:00+02:00,2026-05-27,23,45,3,2,5,3.3100000000000023,128.92,1803.59,33443.377308,0.8660254037844387,-0.4999999999999998,10472.20806,132.23
2026-05-28 10:00:00+00:00,2026-05-28 12:00:00+02:00,2026-05-28,12,0,0,3,5,-4.19,0.03,245.3,4792.422920999998,0.8660254037844387,-0.4999999999999998,831.08736,-4.16
2026-05-28 10:15:00+00:00,2026-05-28 12:15:00+02:00,2026-05-28,12,15,1,3,5,-5.82,0.0,245.28,4116.422489000004,0.8660254037844387,-0.4999999999999998,825.9927,-5.82
2026-05-28 10:30:00+00:00,2026-05-28 12:30:00+02:00,2026-05-28,12,30,2,3,5,-7.55,2.38,248.47,3836.5244259999963,0.8660254037844387,-0.4999999999999998,838.10192,-5.17
2026-05-28 10:45:00+00:00,2026-05-28 12:45:00+02:00,2026-05-28,12,45,3,3,5,-7.91,2.09,249.8,3531.647118000001,0.8660254037844387,-0.4999999999999998,855.61655,-5.82
2026-05-28 11:00:00+00:00,2026-05-28 13:00:00+02:00,2026-05-28,13,0,0,3,5,-4.550000000000001,-1.27,255.38,2386.378620999996,0.8660254037844387,-0.4999999999999998,871.74775,-5.82
2026-05-28 11:15:00+00:00,2026-05-28 13:15:00+02:00,2026-05-28,13,15,1,3,5,-6.0,-0.01,262.34,2607.4283270000014,0.8660254037844387,-0.4999999999999998,897.11206,-6.01
2026-05-28 11:30:00+00:00,2026-05-28 13:30:00+02:00,2026-05-28,13,30,2,3,5,-7.640000000000001,1.82,266.26,2147.1632119999995,0.8660254037844387,-0.4999999999999998,924.90288,-5.82
2026-05-28 11:45:00+00:00,2026-05-28 13:45:00+02:00,2026-05-28,13,45,3,3,5,-6.45,-0.03,277.54,2131.642930000002,0.8660254037844387,-0.4999999999999998,959.13051,-6.48
2026-05-28 12:00:00+00:00,2026-05-28 14:00:00+02:00,2026-05-28,14,0,0,3,5,-5.430000000000001,-0.02,283.32,2605.784013999997,0.8660254037844387,-0.4999999999999998,980.78287,-5.45
2026-05-28 12:15:00+00:00,2026-05-28 14:15:00+02:00,2026-05-28,14,15,1,3,5,-4.34,1.07,295.87,2589.122378999993,0.8660254037844387,-0.4999999999999998,1015.07385,-3.27
2026-05-28 12:30:00+00:00,2026-05-28 14:30:00+02:00,2026-05-28,14,30,2,3,5,-3.81,-0.18,310.09,2768.3729680000033,0.8660254037844387,-0.4999999999999998,1065.62443,-3.99
2026-05-28 12:45:00+00:00,2026-05-28 14:45:00+02:00,2026-05-28,14,45,3,3,5,-2.25,0.25,323.08,3433.109958999994,0.8660254037844387,-0.4999999999999998,1121.52883,-2.0
2026-05-28 13:00:00+00:00,2026-05-28 15:00:00+02:00,2026-05-28,15,0,0,3,5,-3.26,-1.71,335.75,4364.879504999997,0.8660254037844387,-0.4999999999999998,1226.10103,-4.97
2026-05-28 13:15:00+00:00,2026-05-28 15:15:00+02:00,2026-05-28,15,15,1,3,5,-1.9,0.01,344.66,4988.354660999998,0.8660254037844387,-0.4999999999999998,1331.03368,-1.89
2026-05-28 13:30:00+00:00,2026-05-28 15:30:00+02:00,2026-05-28,15,30,2,3,5,5.0,0.84,360.65,5803.492077000003,0.8660254037844387,-0.4999999999999998,1399.0061,5.84
2026-05-28 13:45:00+00:00,2026-05-28 15:45:00+02:00,2026-05-28,15,45,3,3,5,4.83,4.34,372.79,7209.707603999996,0.8660254037844387,-0.4999999999999998,1453.62438,9.17
2026-05-28 14:00:00+00:00,2026-05-28 16:00:00+02:00,2026-05-28,16,0,0,3,5,-12.820000000000002,26.42,383.9,9139.155911999995,0.8660254037844387,-0.4999999999999998,1506.14021,13.6
2026-05-28 14:15:00+00:00,2026-05-28 16:15:00+02:00,2026-05-28,16,15,1,3,5,8.440000000000001,10.0,394.71,10690.207376000006,0.8660254037844387,-0.4999999999999998,1539.69998,18.44
2026-05-28 14:30:00+00:00,2026-05-28 16:30:00+02:00,2026-05-28,16,30,2,3,5,-4.090000000000003,52.31,403.55,12105.741944000001,0.8660254037844387,-0.4999999999999998,1557.41717,48.22
2026-05-28 14:45:00+00:00,2026-05-28 16:45:00+02:00,2026-05-28,16,45,3,3,5,27.65,60.01,412.59,14442.033630999998,0.8660254037844387,-0.4999999999999998,1574.55383,87.66
2026-05-28 15:00:00+00:00,2026-05-28 17:00:00+02:00,2026-05-28,17,0,0,3,5,10.069999999999993,65.43,423.18,17151.589772,0.8660254037844387,-0.4999999999999998,1591.35299,75.5
2026-05-28 15:15:00+00:00,2026-05-28 17:15:00+02:00,2026-05-28,17,15,1,3,5,-0.10000000000000853,92.56,428.18,19826.803439999996,0.8660254037844387,-0.4999999999999998,1598.66063,92.46
2026-05-28 15:30:00+00:00,2026-05-28 17:30:00+02:00,2026-05-28,17,30,2,3,5,-6.989999999999995,114.99,431.2,22753.898427,0.8660254037844387,-0.4999999999999998,1604.81324,108.0
2026-05-28 15:45:00+00:00,2026-05-28 17:45:00+02:00,2026-05-28,17,45,3,3,5,-18.980000000000004,143.02,437.34,26078.72636,0.8660254037844387,-0.4999999999999998,1608.84071,124.04
2026-05-28 16:00:00+00:00,2026-05-28 18:00:00+02:00,2026-05-28,18,0,0,3,5,-5.049999999999997,110.33,437.0,29558.822025999998,0.8660254037844387,-0.4999999999999998,1609.50992,105.28
2026-05-28 16:15:00+00:00,2026-05-28 18:15:00+02:00,2026-05-28,18,15,1,3,5,-11.360000000000014,131.36,438.11,32891.286206,0.8660254037844387,-0.4999999999999998,1594.55396,120.0
2026-05-28 16:30:00+00:00,2026-05-28 18:30:00+02:00,2026-05-28,18,30,2,3,5,-8.550000000000011,147.28,442.92,36108.461831,0.8660254037844387,-0.4999999999999998,1581.4581,138.73
2026-05-28 16:45:00+00:00,2026-05-28 18:45:00+02:00,2026-05-28,18,45,3,3,5,-1.5700000000000216,165.3,440.83,39275.4268,0.8660254037844387,-0.4999999999999998,1568.93397,163.73
2026-05-28 17:00:00+00:00,2026-05-28 19:00:00+02:00,2026-05-28,19,0,0,3,5,-5.840000000000003,154.47,446.72,42139.307176999995,0.8660254037844387,-0.4999999999999998,1556.87604,148.63
2026-05-28 17:15:00+00:00,2026-05-28 19:15:00+02:00,2026-05-28,19,15,1,3,5,-2.0600000000000023,173.31,449.41,44406.73078500001,0.8660254037844387,-0.4999999999999998,1594.95111,171.25
2026-05-28 17:30:00+00:00,2026-05-28 19:30:00+02:00,2026-05-28,19,30,2,3,5,1.75,204.14,458.13,46195.538625,0.8660254037844387,-0.4999999999999998,1626.83964,205.89
2026-05-28 17:45:00+00:00,2026-05-28 19:45:00+02:00,2026-05-28,19,45,3,3,5,-82.82999999999998,340.83,468.85,47776.935421,0.8660254037844387,-0.4999999999999998,1662.63734,258.0
2026-05-28 18:00:00+00:00,2026-05-28 20:00:00+02:00,2026-05-28,20,0,0,3,5,-12.319999999999993,256.44,481.13,48657.191859,0.8660254037844387,-0.4999999999999998,1697.36337,244.12
2026-05-28 18:15:00+00:00,2026-05-28 20:15:00+02:00,2026-05-28,20,15,1,3,5,-4.46999999999997,298.32,495.62,49298.825342,0.8660254037844387,-0.4999999999999998,1827.36317,293.85
2026-05-28 18:30:00+00:00,2026-05-28 20:30:00+02:00,2026-05-28,20,30,2,3,5,-123.31,468.31,505.17,49640.880831999995,0.8660254037844387,-0.4999999999999998,1946.38825,345.0
2026-05-28 18:45:00+00:00,2026-05-28 20:45:00+02:00,2026-05-28,20,45,3,3,5,33.150000000000034,340.09,517.68,49872.472648,0.8660254037844387,-0.4999999999999998,2043.67596,373.24
2026-05-28 19:00:00+00:00,2026-05-28 21:00:00+02:00,2026-05-28,21,0,0,3,5,58.80000000000001,302.17,536.69,49909.180487,0.8660254037844387,-0.4999999999999998,2095.29418,360.97
2026-05-28 19:15:00+00:00,2026-05-28 21:15:00+02:00,2026-05-28,21,15,1,3,5,76.06,275.98,545.89,49719.59062,0.8660254037844387,-0.4999999999999998,2134.27475,352.04
2026-05-28 19:30:00+00:00,2026-05-28 21:30:00+02:00,2026-05-28,21,30,2,3,5,-78.11000000000001,361.81,557.23,48946.358203,0.8660254037844387,-0.4999999999999998,2191.82237,283.7
2026-05-28 19:45:00+00:00,2026-05-28 21:45:00+02:00,2026-05-28,21,45,3,3,5,-40.03,244.12,569.53,48211.281625999996,0.8660254037844387,-0.4999999999999998,2256.88022,204.09
2026-05-28 20:00:00+00:00,2026-05-28 22:00:00+02:00,2026-05-28,22,0,0,3,5,27.370000000000005,215.17,586.51,47429.079556,0.8660254037844387,-0.4999999999999998,2317.80464,242.54
2026-05-28 20:15:00+00:00,2026-05-28 22:15:00+02:00,2026-05-28,22,15,1,3,5,-12.330000000000013,217.18,606.6,46595.004645999994,0.8660254037844387,-0.4999999999999998,2307.60186,204.85
2026-05-28 20:30:00+00:00,2026-05-28 22:30:00+02:00,2026-05-28,22,30,2,3,5,-9.879999999999995,190.0,626.78,45921.838256,0.8660254037844387,-0.4999999999999998,2293.61419,180.12
2026-05-28 20:45:00+00:00,2026-05-28 22:45:00+02:00,2026-05-28,22,45,3,3,5,-23.69999999999999,185.0,646.11,45287.131488,0.8660254037844387,-0.4999999999999998,2278.74288,161.3
2026-05-28 21:00:00+00:00,2026-05-28 23:00:00+02:00,2026-05-28,23,0,0,3,5,2.0999999999999943,170.0,674.08,44315.380816,0.8660254037844387,-0.4999999999999998,2258.91136,172.1
2026-05-28 21:15:00+00:00,2026-05-28 23:15:00+02:00,2026-05-28,23,15,1,3,5,-2.6399999999999864,165.0,713.16,43634.058882000005,0.8660254037844387,-0.4999999999999998,2239.89094,162.36
2026-05-28 21:30:00+00:00,2026-05-28 23:30:00+02:00,2026-05-28,23,30,2,3,5,-3.579999999999984,155.42,759.84,43040.362045999995,0.8660254037844387,-0.4999999999999998,2222.17876,151.84
2026-05-28 21:45:00+00:00,2026-05-28 23:45:00+02:00,2026-05-28,23,45,3,3,5,4.1200000000000045,143.88,806.81,42497.295684000004,0.8660254037844387,-0.4999999999999998,2203.78632,148.0
2026-05-31 10:00:00+00:00,2026-05-31 12:00:00+02:00,2026-05-31,12,0,0,6,5,13.760000000000002,10.43,57.44,9279.899264999993,0.8660254037844387,-0.4999999999999998,3356.85359,24.19
2026-05-31 10:15:00+00:00,2026-05-31 12:15:00+02:00,2026-05-31,12,15,1,6,5,22.2,1.8,55.92,8686.918237000005,0.8660254037844387,-0.4999999999999998,3637.99328,24.0
2026-05-31 10:30:00+00:00,2026-05-31 12:30:00+02:00,2026-05-31,12,30,2,6,5,24.860000000000003,-0.01,56.59,8633.100313000003,0.8660254037844387,-0.4999999999999998,3906.9448,24.85
2026-05-31 10:45:00+00:00,2026-05-31 12:45:00+02:00,2026-05-31,12,45,3,6,5,28.61,-4.11,54.36,8457.970139999998,0.8660254037844387,-0.4999999999999998,4172.2157,24.5
2026-05-31 11:00:00+00:00,2026-05-31 13:00:00+02:00,2026-05-31,13,0,0,6,5,24.03,-0.03,54.12,8142.955477000003,0.8660254037844387,-0.4999999999999998,4460.50094,24.0
2026-05-31 11:15:00+00:00,2026-05-31 13:15:00+02:00,2026-05-31,13,15,1,6,5,22.37,0.73,52.93,8578.392635999997,0.8660254037844387,-0.4999999999999998,4717.34311,23.1
2026-05-31 11:30:00+00:00,2026-05-31 13:30:00+02:00,2026-05-31,13,30,2,6,5,19.97,3.03,53.77,8477.290877,0.8660254037844387,-0.4999999999999998,4962.21499,23.0
2026-05-31 11:45:00+00:00,2026-05-31 13:45:00+02:00,2026-05-31,13,45,3,6,5,18.95,3.07,53.59,8184.040188999999,0.8660254037844387,-0.4999999999999998,5179.36977,22.02
2026-05-31 12:00:00+00:00,2026-05-31 14:00:00+02:00,2026-05-31,14,0,0,6,5,24.8,-4.11,52.09,7505.9426130000065,0.8660254037844387,-0.4999999999999998,5276.87647,20.69
2026-05-31 12:15:00+00:00,2026-05-31 14:15:00+02:00,2026-05-31,14,15,1,6,5,20.11,1.7,51.21,7389.237431000001,0.8660254037844387,-0.4999999999999998,5481.29975,21.81
2026-05-31 12:30:00+00:00,2026-05-31 14:30:00+02:00,2026-05-31,14,30,2,6,5,16.409999999999997,3.67,50.28,7799.499894000008,0.8660254037844387,-0.4999999999999998,5682.85492,20.08
2026-05-31 12:45:00+00:00,2026-05-31 14:45:00+02:00,2026-05-31,14,45,3,6,5,13.089999999999998,6.9,49.25,8019.2292730000045,0.8660254037844387,-0.4999999999999998,5880.91079,19.99
2026-05-31 13:00:00+00:00,2026-05-31 15:00:00+02:00,2026-05-31,15,0,0,6,5,28.779999999999998,-7.79,49.18,8813.252454000001,0.8660254037844387,-0.4999999999999998,6090.34724,20.99
2026-05-31 13:15:00+00:00,2026-05-31 15:15:00+02:00,2026-05-31,15,15,1,6,5,17.720000000000002,2.4,48.25,9400.638347,0.8660254037844387,-0.4999999999999998,6287.02172,20.12
2026-05-31 13:30:00+00:00,2026-05-31 15:30:00+02:00,2026-05-31,15,30,2,6,5,12.110000000000001,8.9,49.37,9752.465580000004,0.8660254037844387,-0.4999999999999998,6545.44549,21.01
2026-05-31 13:45:00+00:00,2026-05-31 15:45:00+02:00,2026-05-31,15,45,3,6,5,17.25,12.75,49.52,10690.961927999997,0.8660254037844387,-0.4999999999999998,6836.39111,30.0
2026-05-31 14:00:00+00:00,2026-05-31 16:00:00+02:00,2026-05-31,16,0,0,6,5,27.240000000000002,-0.23,52.23,12333.19367,0.8660254037844387,-0.4999999999999998,7192.34084,27.01
2026-05-31 14:15:00+00:00,2026-05-31 16:15:00+02:00,2026-05-31,16,15,1,6,5,23.439999999999998,28.1,55.86,13589.250907000001,0.8660254037844387,-0.4999999999999998,7638.15851,51.54
2026-05-31 14:30:00+00:00,2026-05-31 16:30:00+02:00,2026-05-31,16,30,2,6,5,15.059999999999995,63.88,55.49,14883.420319999997,0.8660254037844387,-0.4999999999999998,7939.46621,78.94
2026-05-31 14:45:00+00:00,2026-05-31 16:45:00+02:00,2026-05-31,16,45,3,6,5,54.64,38.56,59.16,16623.535646,0.8660254037844387,-0.4999999999999998,8149.748,93.2
2026-05-31 15:00:00+00:00,2026-05-31 17:00:00+02:00,2026-05-31,17,0,0,6,5,13.180000000000007,65.94,61.88,19085.696902999996,0.8660254037844387,-0.4999999999999998,8343.60311,79.12
2026-05-31 15:15:00+00:00,2026-05-31 17:15:00+02:00,2026-05-31,17,15,1,6,5,5.579999999999998,89.41,63.4,20764.447372000002,0.8660254037844387,-0.4999999999999998,8421.48963,94.99
2026-05-31 15:30:00+00:00,2026-05-31 17:30:00+02:00,2026-05-31,17,30,2,6,5,8.989999999999995,104.0,67.7,22427.501355,0.8660254037844387,-0.4999999999999998,8491.40954,112.99
2026-05-31 15:45:00+00:00,2026-05-31 17:45:00+02:00,2026-05-31,17,45,3,6,5,3.660000000000011,120.57,68.02,24487.392482999996,0.8660254037844387,-0.4999999999999998,8550.15859,124.23
2026-05-31 16:00:00+00:00,2026-05-31 18:00:00+02:00,2026-05-31,18,0,0,6,5,17.89,92.1,71.7,26920.197815000003,0.8660254037844387,-0.4999999999999998,8636.59813,109.99
2026-05-31 16:15:00+00:00,2026-05-31 18:15:00+02:00,2026-05-31,18,15,1,6,5,1.7700000000000102,119.02,77.65,28640.46355,0.8660254037844387,-0.4999999999999998,8659.5951,120.79
2026-05-31 16:30:00+00:00,2026-05-31 18:30:00+02:00,2026-05-31,18,30,2,6,5,-3.8700000000000045,136.47,79.63,30567.203285,0.8660254037844387,-0.4999999999999998,8682.2578,132.6
2026-05-31 16:45:00+00:00,2026-05-31 18:45:00+02:00,2026-05-31,18,45,3,6,5,-6.079999999999984,149.57,84.82,32496.461618,0.8660254037844387,-0.4999999999999998,8704.57231,143.49
2026-05-31 17:00:00+00:00,2026-05-31 19:00:00+02:00,2026-05-31,19,0,0,6,5,0.4399999999999977,131.77,89.21,34374.441521,0.8660254037844387,-0.4999999999999998,8716.93824,132.21
2026-05-31 17:15:00+00:00,2026-05-31 19:15:00+02:00,2026-05-31,19,15,1,6,5,-0.9899999999999807,137.98,95.84,36007.045058,0.8660254037844387,-0.4999999999999998,8669.41459,136.99
2026-05-31 17:30:00+00:00,2026-05-31 19:30:00+02:00,2026-05-31,19,30,2,6,5,-16.099999999999994,160.81,102.68,37301.510168,0.8660254037844387,-0.4999999999999998,8623.96603,144.71
2026-05-31 17:45:00+00:00,2026-05-31 19:45:00+02:00,2026-05-31,19,45,3,6,5,-2.5,150.51,107.6,38237.588533,0.8660254037844387,-0.4999999999999998,8581.04198,148.01
2026-05-31 18:00:00+00:00,2026-05-31 20:00:00+02:00,2026-05-31,20,0,0,6,5,-5.079999999999984,144.07,116.71,39075.81952800001,0.8660254037844387,-0.4999999999999998,8539.5369,138.99
2026-05-31 18:15:00+00:00,2026-05-31 20:15:00+02:00,2026-05-31,20,15,1,6,5,-5.619999999999976,147.98,116.81,39778.58658,0.8660254037844387,-0.4999999999999998,8540.6644,142.36
2026-05-31 18:30:00+00:00,2026-05-31 20:30:00+02:00,2026-05-31,20,30,2,6,5,-9.370000000000005,157.35,122.96,39891.975037000004,0.8660254037844387,-0.4999999999999998,8541.09401,147.98
2026-05-31 18:45:00+00:00,2026-05-31 20:45:00+02:00,2026-05-31,20,45,3,6,5,-28.930000000000007,179.6,123.14,39720.155651,0.8660254037844387,-0.4999999999999998,8549.97392,150.67
2026-05-31 19:00:00+00:00,2026-05-31 21:00:00+02:00,2026-05-31,21,0,0,6,5,-7.519999999999982,158.51,129.42,39862.060972,0.8660254037844387,-0.4999999999999998,8550.8084,150.99
2026-05-31 19:15:00+00:00,2026-05-31 21:15:00+02:00,2026-05-31,21,15,1,6,5,-28.840000000000003,178.84,131.35,39638.611197,0.8660254037844387,-0.4999999999999998,8508.65143,150.0
2026-05-31 19:30:00+00:00,2026-05-31 21:30:00+02:00,2026-05-31,21,30,2,6,5,-20.420000000000016,167.4,131.17,39308.964726,0.8660254037844387,-0.4999999999999998,8457.56083,146.98
2026-05-31 19:45:00+00:00,2026-05-31 21:45:00+02:00,2026-05-31,21,45,3,6,5,-7.030000000000001,154.8,138.41,39037.004336,0.8660254037844387,-0.4999999999999998,8405.49323,147.77
2026-05-31 20:00:00+00:00,2026-05-31 22:00:00+02:00,2026-05-31,22,0,0,6,5,-4.400000000000006,162.16,143.81,38778.151782999994,0.8660254037844387,-0.4999999999999998,8303.61166,157.76
2026-05-31 20:15:00+00:00,2026-05-31 22:15:00+02:00,2026-05-31,22,15,1,6,5,-2.640000000000015,154.86,154.14,38426.319356,0.8660254037844387,-0.4999999999999998,8286.50885,152.22
2026-05-31 20:30:00+00:00,2026-05-31 22:30:00+02:00,2026-05-31,22,30,2,6,5,-1.2700000000000102,150.94,166.58,38031.425424,0.8660254037844387,-0.4999999999999998,8272.78679,149.67
2026-05-31 20:45:00+00:00,2026-05-31 22:45:00+02:00,2026-05-31,22,45,3,6,5,-4.200000000000017,144.55,172.5,37453.237915,0.8660254037844387,-0.4999999999999998,8261.96298,140.35
2026-05-31 21:00:00+00:00,2026-05-31 23:00:00+02:00,2026-05-31,23,0,0,6,5,-1.5200000000000102,151.52,190.8,36828.585863,0.8660254037844387,-0.4999999999999998,8226.80691,150.0
2026-05-31 21:15:00+00:00,2026-05-31 23:15:00+02:00,2026-05-31,23,15,1,6,5,-2.969999999999999,146.95,219.24,36340.301317,0.8660254037844387,-0.4999999999999998,8145.26422,143.98
2026-05-31 21:30:00+00:00,2026-05-31 23:30:00+02:00,2026-05-31,23,30,2,6,5,0.9499999999999886,142.99,248.84,35861.546152999996,0.8660254037844387,-0.4999999999999998,8067.90767,143.94
2026-05-31 21:45:00+00:00,2026-05-31 23:45:00+02:00,2026-05-31,23,45,3,6,5,-5.710000000000008,139.93,270.54,35359.913479999996,0.8660254037844387,-0.4999999999999998,7988.8176,134.22
2026-06-01 10:00:00+00:00,2026-06-01 12:00:00+02:00,2026-06-01,12,0,0,0,6,-0.010000000000005116,100.01,270.47,17545.162364999996,0.49999999999999994,-0.8660254037844387,2004.17572,100.0
2026-06-01 10:15:00+00:00,2026-06-01 12:15:00+02:00,2026-06-01,12,15,1,0,6,2.6599999999999966,93.33,289.65,17319.705953999997,0.49999999999999994,-0.8660254037844387,2046.29672,95.99
2026-06-01 10:30:00+00:00,2026-06-01 12:30:00+02:00,2026-06-01,12,30,2,0,6,1.480000000000004,91.81,313.75,16870.984089999998,0.49999999999999994,-0.8660254037844387,2081.37058,93.29
2026-06-01 10:45:00+00:00,2026-06-01 12:45:00+02:00,2026-06-01,12,45,3,0,6,3.6499999999999915,87.18,337.73,16287.280848000002,0.49999999999999994,-0.8660254037844387,2115.8251,90.83
2026-06-01 11:00:00+00:00,2026-06-01 13:00:00+02:00,2026-06-01,13,0,0,0,6,1.8399999999999892,92.62,353.06,15649.178400999997,0.49999999999999994,-0.8660254037844387,2161.98554,94.46
2026-06-01 11:15:00+00:00,2026-06-01 13:15:00+02:00,2026-06-01,13,15,1,0,6,-0.21999999999999886,92.21,359.64,15438.719231999996,0.49999999999999994,-0.8660254037844387,2208.23195,91.99
2026-06-01 11:30:00+00:00,2026-06-01 13:30:00+02:00,2026-06-01,13,30,2,0,6,2.009999999999991,88.45,371.43,15231.691850999996,0.49999999999999994,-0.8660254037844387,2254.13462,90.46
2026-06-01 11:45:00+00:00,2026-06-01 13:45:00+02:00,2026-06-01,13,45,3,0,6,38.70000000000001,48.23,379.21,14736.897717,0.49999999999999994,-0.8660254037844387,2297.95024,86.93
2026-06-01 12:00:00+00:00,2026-06-01 14:00:00+02:00,2026-06-01,14,0,0,0,6,41.8,50.2,385.0,14644.182303999994,0.49999999999999994,-0.8660254037844387,2251.80894,92.0
2026-06-01 12:15:00+00:00,2026-06-01 14:15:00+02:00,2026-06-01,14,15,1,0,6,5.429999999999993,86.95,379.58,14690.596005,0.49999999999999994,-0.8660254037844387,2263.17709,92.38
2026-06-01 12:30:00+00:00,2026-06-01 14:30:00+02:00,2026-06-01,14,30,2,0,6,35.419999999999995,57.24,380.26,14808.885183999999,0.49999999999999994,-0.8660254037844387,2266.85554,92.66
2026-06-01 12:45:00+00:00,2026-06-01 14:45:00+02:00,2026-06-01,14,45,3,0,6,31.669999999999995,62.24,381.08,15428.830216000002,0.49999999999999994,-0.8660254037844387,2263.64425,93.91
2026-06-01 13:00:00+00:00,2026-06-01 15:00:00+02:00,2026-06-01,15,0,0,0,6,4.680000000000007,86.0,380.1,16404.425135999998,0.49999999999999994,-0.8660254037844387,2255.63721,90.68
2026-06-01 13:15:00+00:00,2026-06-01 15:15:00+02:00,2026-06-01,15,15,1,0,6,0.539999999999992,92.59,371.91,17692.416908,0.49999999999999994,-0.8660254037844387,2200.04775,93.13
2026-06-01 13:30:00+00:00,2026-06-01 15:30:00+02:00,2026-06-01,15,30,2,0,6,13.800000000000011,84.99,364.54,18375.854226000003,0.49999999999999994,-0.8660254037844387,2150.16588,98.79
2026-06-01 13:45:00+00:00,2026-06-01 15:45:00+02:00,2026-06-01,15,45,3,0,6,10.400000000000006,94.99,358.2,19783.212423999998,0.49999999999999994,-0.8660254037844387,2103.57571,105.39
2026-06-01 14:00:00+00:00,2026-06-01 16:00:00+02:00,2026-06-01,16,0,0,0,6,11.230000000000004,86.17,355.1,21631.996949,0.49999999999999994,-0.8660254037844387,2056.41831,97.4
2026-06-01 14:15:00+00:00,2026-06-01 16:15:00+02:00,2026-06-01,16,15,1,0,6,5.659999999999997,93.48,336.09,22946.135556999994,0.49999999999999994,-0.8660254037844387,1984.20385,99.14
2026-06-01 14:30:00+00:00,2026-06-01 16:30:00+02:00,2026-06-01,16,30,2,0,6,-1.2099999999999937,111.32,325.51,24627.184323,0.49999999999999994,-0.8660254037844387,1911.59259,110.11
2026-06-01 14:45:00+00:00,2026-06-01 16:45:00+02:00,2026-06-01,16,45,3,0,6,-8.989999999999995,127.1,310.32,26235.095361,0.49999999999999994,-0.8660254037844387,1839.32708,118.11
2026-06-01 15:00:00+00:00,2026-06-01 17:00:00+02:00,2026-06-01,17,0,0,0,6,-2.2700000000000102,105.54,300.56,28628.282241,0.49999999999999994,-0.8660254037844387,1764.37613,103.27
2026-06-01 15:15:00+00:00,2026-06-01 17:15:00+02:00,2026-06-01,17,15,1,0,6,-8.900000000000006,118.45,288.6,31090.282360000005,0.49999999999999994,-0.8660254037844387,1665.50175,109.55
2026-06-01 15:30:00+00:00,2026-06-01 17:30:00+02:00,2026-06-01,17,30,2,0,6,-7.510000000000005,131.0,283.68,33680.29418700001,0.49999999999999994,-0.8660254037844387,1566.03432,123.49
2026-06-01 15:45:00+00:00,2026-06-01 17:45:00+02:00,2026-06-01,17,45,3,0,6,-20.840000000000003,155.93,274.52,36304.940344999995,0.49999999999999994,-0.8660254037844387,1463.97425,135.09
2026-06-01 16:00:00+00:00,2026-06-01 18:00:00+02:00,2026-06-01,18,0,0,0,6,0.6899999999999977,112.73,262.86,38627.054748,0.49999999999999994,-0.8660254037844387,1356.99191,113.42
2026-06-01 16:15:00+00:00,2026-06-01 18:15:00+02:00,2026-06-01,18,15,1,0,6,-15.569999999999993,141.44,256.57,41382.685723999995,0.49999999999999994,-0.8660254037844387,1246.42495,125.87
2026-06-01 16:30:00+00:00,2026-06-01 18:30:00+02:00,2026-06-01,18,30,2,0,6,-3.6699999999999875,147.76,247.73,43400.795038,0.49999999999999994,-0.8660254037844387,1133.05448,144.09
2026-06-01 16:45:00+00:00,2026-06-01 18:45:00+02:00,2026-06-01,18,45,3,0,6,-11.299999999999983,175.29,239.45,45548.859966,0.49999999999999994,-0.8660254037844387,1016.74679,163.99
2026-06-01 17:00:00+00:00,2026-06-01 19:00:00+02:00,2026-06-01,19,0,0,0,6,-56.379999999999995,199.99,233.04,47607.127383,0.49999999999999994,-0.8660254037844387,895.61985,143.61
2026-06-01 17:15:00+00:00,2026-06-01 19:15:00+02:00,2026-06-01,19,15,1,0,6,-62.599999999999994,219.9,227.68,49576.683684,0.49999999999999994,-0.8660254037844387,843.87936,157.3
2026-06-01 17:30:00+00:00,2026-06-01 19:30:00+02:00,2026-06-01,19,30,2,0,6,-46.599999999999994,230.0,222.29,51222.938745,0.49999999999999994,-0.8660254037844387,792.811,183.4
2026-06-01 17:45:00+00:00,2026-06-01 19:45:00+02:00,2026-06-01,19,45,3,0,6,-44.00999999999999,290.0,217.85,52645.272015,0.49999999999999994,-0.8660254037844387,739.83817,245.99
2026-06-01 18:00:00+00:00,2026-06-01 20:00:00+02:00,2026-06-01,20,0,0,0,6,-81.80000000000001,294.5,212.08,53262.977696,0.49999999999999994,-0.8660254037844387,690.26027,212.7
2026-06-01 18:15:00+00:00,2026-06-01 20:15:00+02:00,2026-06-01,20,15,1,0,6,-87.47999999999999,338.27,215.77,54070.145294,0.49999999999999994,-0.8660254037844387,724.31698,250.79
2026-06-01 18:30:00+00:00,2026-06-01 20:30:00+02:00,2026-06-01,20,30,2,0,6,-81.02999999999997,380.0,225.42,54416.253832,0.49999999999999994,-0.8660254037844387,748.23083,298.97
2026-06-01 18:45:00+00:00,2026-06-01 20:45:00+02:00,2026-06-01,20,45,3,0,6,-104.25999999999999,459.64,230.84,54423.24858,0.49999999999999994,-0.8660254037844387,754.6352,355.38
2026-06-01 19:00:00+00:00,2026-06-01 21:00:00+02:00,2026-06-01,21,0,0,0,6,39.860000000000014,317.2,239.93,54078.95521,0.49999999999999994,-0.8660254037844387,771.21886,357.06
2026-06-01 19:15:00+00:00,2026-06-01 21:15:00+02:00,2026-06-01,21,15,1,0,6,-94.51999999999998,387.44,251.87,53456.773943,0.49999999999999994,-0.8660254037844387,847.7985,292.92
2026-06-01 19:30:00+00:00,2026-06-01 21:30:00+02:00,2026-06-01,21,30,2,0,6,-47.09,285.0,277.61,52502.609698,0.49999999999999994,-0.8660254037844387,947.09418,237.91
2026-06-01 19:45:00+00:00,2026-06-01 21:45:00+02:00,2026-06-01,21,45,3,0,6,-202.84,399.01,294.81,51782.331052,0.49999999999999994,-0.8660254037844387,1062.07874,196.17
2026-06-01 20:00:00+00:00,2026-06-01 22:00:00+02:00,2026-06-01,22,0,0,0,6,-16.97,237.4,324.92,50598.817490999994,0.49999999999999994,-0.8660254037844387,1192.30792,220.43
2026-06-01 20:15:00+00:00,2026-06-01 22:15:00+02:00,2026-06-01,22,15,1,0,6,-65.62,250.0,383.25,49593.234210999995,0.49999999999999994,-0.8660254037844387,1412.62857,184.38
2026-06-01 20:30:00+00:00,2026-06-01 22:30:00+02:00,2026-06-01,22,30,2,0,6,-17.22,186.32,433.51,48536.332139,0.49999999999999994,-0.8660254037844387,1635.00581,169.1
2026-06-01 20:45:00+00:00,2026-06-01 22:45:00+02:00,2026-06-01,22,45,3,0,6,-85.53,241.08,488.83,47815.24157,0.49999999999999994,-0.8660254037844387,1864.07507,155.55
2026-06-01 21:00:00+00:00,2026-06-01 23:00:00+02:00,2026-06-01,23,0,0,0,6,-4.469999999999999,166.1,546.89,46708.372355,0.49999999999999994,-0.8660254037844387,2106.80103,161.63
2026-06-01 21:15:00+00:00,2026-06-01 23:15:00+02:00,2026-06-01,23,15,1,0,6,-7.289999999999992,160.6,615.26,45813.392882,0.49999999999999994,-0.8660254037844387,2427.93383,153.31
2026-06-01 21:30:00+00:00,2026-06-01 23:30:00+02:00,2026-06-01,23,30,2,0,6,-11.870000000000005,155.88,685.06,44833.986308,0.49999999999999994,-0.8660254037844387,2752.93865,144.01
2026-06-01 21:45:00+00:00,2026-06-01 23:45:00+02:00,2026-06-01,23,45,3,0,6,-10.900000000000006,147.08,760.18,43700.276246,0.49999999999999994,-0.8660254037844387,3081.38847,136.18
2026-06-02 10:00:00+00:00,2026-06-02 12:00:00+02:00,2026-06-02,12,0,0,1,6,-14.299999999999997,86.33,1484.61,13194.653329,0.49999999999999994,-0.8660254037844387,7443.73017,72.03
2026-06-02 10:15:00+00:00,2026-06-02 12:15:00+02:00,2026-06-02,12,15,1,1,6,-11.860000000000014,82.43,1456.27,12656.569492000002,0.49999999999999994,-0.8660254037844387,7672.07875,70.57
2026-06-02 10:30:00+00:00,2026-06-02 12:30:00+02:00,2026-06-02,12,30,2,1,6,-11.179999999999993,79.41,1431.06,12770.912722000001,0.49999999999999994,-0.8660254037844387,7914.67492,68.23
2026-06-02 10:45:00+00:00,2026-06-02 12:45:00+02:00,2026-06-02,12,45,3,1,6,-9.049999999999997,73.95,1406.19,12565.646525000004,0.49999999999999994,-0.8660254037844387,8152.21399,64.9
2026-06-02 11:00:00+00:00,2026-06-02 13:00:00+02:00,2026-06-02,13,0,0,1,6,-10.64,80.09,1388.03,12176.012531,0.49999999999999994,-0.8660254037844387,8370.06588,69.45
2026-06-02 11:15:00+00:00,2026-06-02 13:15:00+02:00,2026-06-02,13,15,1,1,6,-13.899999999999991,85.6,1287.21,12707.186854,0.49999999999999994,-0.8660254037844387,8419.45532,71.7
2026-06-02 11:30:00+00:00,2026-06-02 13:30:00+02:00,2026-06-02,13,30,2,1,6,-14.509999999999991,86.52,1265.35,12915.199208999999,0.49999999999999994,-0.8660254037844387,8480.33234,72.01
2026-06-02 11:45:00+00:00,2026-06-02 13:45:00+02:00,2026-06-02,13,45,3,1,6,-13.620000000000005,86.69,1241.91,13115.606364,0.49999999999999994,-0.8660254037844387,8518.68354,73.07
2026-06-02 12:00:00+00:00,2026-06-02 14:00:00+02:00,2026-06-02,14,0,0,1,6,-16.909999999999997,84.91,1214.1,13139.968566000003,0.49999999999999994,-0.8660254037844387,8067.557,68.0
2026-06-02 12:15:00+00:00,2026-06-02 14:15:00+02:00,2026-06-02,14,15,1,1,6,-13.459999999999994,89.21,1186.07,13731.907655000003,0.49999999999999994,-0.8660254037844387,8023.91077,75.75
2026-06-02 12:30:00+00:00,2026-06-02 14:30:00+02:00,2026-06-02,14,30,2,1,6,-11.969999999999999,92.5,1157.16,14236.388276999998,0.49999999999999994,-0.8660254037844387,7958.87736,80.53
2026-06-02 12:45:00+00:00,2026-06-02 14:45:00+02:00,2026-06-02,14,45,3,1,6,-12.11,96.51,1125.69,14876.696000000004,0.49999999999999994,-0.8660254037844387,7881.28708,84.4
2026-06-02 13:00:00+00:00,2026-06-02 15:00:00+02:00,2026-06-02,15,0,0,1,6,-13.219999999999999,91.88,1087.47,16188.157137000002,0.49999999999999994,-0.8660254037844387,7811.67472,78.66
2026-06-02 13:15:00+00:00,2026-06-02 15:15:00+02:00,2026-06-02,15,15,1,1,6,-12.090000000000003,96.5,1068.03,17443.50256,0.49999999999999994,-0.8660254037844387,7861.23152,84.41
2026-06-02 13:30:00+00:00,2026-06-02 15:30:00+02:00,2026-06-02,15,30,2,1,6,-9.840000000000003,101.83,1048.01,17693.140248999996,0.49999999999999994,-0.8660254037844387,7910.78416,91.99
2026-06-02 13:45:00+00:00,2026-06-02 15:45:00+02:00,2026-06-02,15,45,3,1,6,-4.699999999999989,108.74,1033.47,19267.506102,0.49999999999999994,-0.8660254037844387,7968.43951,104.04
2026-06-02 14:00:00+00:00,2026-06-02 16:00:00+02:00,2026-06-02,16,0,0,1,6,-18.269999999999996,110.0,1020.19,21453.068229000004,0.49999999999999994,-0.8660254037844387,8040.06815,91.73
2026-06-02 14:15:00+00:00,2026-06-02 16:15:00+02:00,2026-06-02,16,15,1,1,6,-14.600000000000009,111.4,1026.34,22812.036693000002,0.49999999999999994,-0.8660254037844387,8251.85267,96.8
2026-06-02 14:30:00+00:00,2026-06-02 16:30:00+02:00,2026-06-02,16,30,2,1,6,-8.039999999999992,114.32,1023.33,24267.005201999993,0.49999999999999994,-0.8660254037844387,8475.09343,106.28
2026-06-02 14:45:00+00:00,2026-06-02 16:45:00+02:00,2026-06-02,16,45,3,1,6,-9.039999999999992,126.08,1016.5,26046.63846,0.49999999999999994,-0.8660254037844387,8691.43481,117.04
2026-06-02 15:00:00+00:00,2026-06-02 17:00:00+02:00,2026-06-02,17,0,0,1,6,-14.289999999999992,120.58,1017.09,28186.067941,0.49999999999999994,-0.8660254037844387,8911.11527,106.29
2026-06-02 15:15:00+00:00,2026-06-02 17:15:00+02:00,2026-06-02,17,15,1,1,6,-4.5,121.42,1029.63,29873.254363000004,0.49999999999999994,-0.8660254037844387,9149.06658,116.92
2026-06-02 15:30:00+00:00,2026-06-02 17:30:00+02:00,2026-06-02,17,30,2,1,6,-9.019999999999996,134.06,1051.63,31532.789167999996,0.49999999999999994,-0.8660254037844387,9386.56104,125.04
2026-06-02 15:45:00+00:00,2026-06-02 17:45:00+02:00,2026-06-02,17,45,3,1,6,-15.449999999999989,147.2,1074.42,33204.46165,0.49999999999999994,-0.8660254037844387,9626.0267,131.75
2026-06-02 16:00:00+00:00,2026-06-02 18:00:00+02:00,2026-06-02,18,0,0,1,6,-6.2900000000000205,135.46,1098.01,35595.752228,0.49999999999999994,-0.8660254037844387,9844.23311,129.17
2026-06-02 16:15:00+00:00,2026-06-02 18:15:00+02:00,2026-06-02,18,15,1,1,6,-0.75,137.69,1134.49,37146.076584,0.49999999999999994,-0.8660254037844387,9960.23898,136.94
2026-06-02 16:30:00+00:00,2026-06-02 18:30:00+02:00,2026-06-02,18,30,2,1,6,-5.0800000000000125,148.72,1166.93,38332.572681000005,0.49999999999999994,-0.8660254037844387,10071.5267,143.64
2026-06-02 16:45:00+00:00,2026-06-02 18:45:00+02:00,2026-06-02,18,45,3,1,6,-15.150000000000006,170.0,1200.02,39830.878626,0.49999999999999994,-0.8660254037844387,10189.86505,154.85
2026-06-02 17:00:00+00:00,2026-06-02 19:00:00+02:00,2026-06-02,19,0,0,1,6,-7.569999999999993,154.42,1228.69,41111.334965,0.49999999999999994,-0.8660254037844387,10341.17009,146.85
2026-06-02 17:15:00+00:00,2026-06-02 19:15:00+02:00,2026-06-02,19,15,1,1,6,-11.329999999999984,161.7,1263.53,41697.311262999996,0.49999999999999994,-0.8660254037844387,10663.71208,150.37
2026-06-02 17:30:00+00:00,2026-06-02 19:30:00+02:00,2026-06-02,19,30,2,1,6,-15.460000000000008,175.18,1292.24,42544.354259,0.49999999999999994,-0.8660254037844387,10977.46524,159.72
2026-06-02 17:45:00+00:00,2026-06-02 19:45:00+02:00,2026-06-02,19,45,3,1,6,-48.5,212.5,1313.9,43088.671941,0.49999999999999994,-0.8660254037844387,11300.88508,164.0
2026-06-02 18:00:00+00:00,2026-06-02 20:00:00+02:00,2026-06-02,20,0,0,1,6,-9.870000000000005,168.46,1332.32,43242.30631099999,0.49999999999999994,-0.8660254037844387,11599.38471,158.59
2026-06-02 18:15:00+00:00,2026-06-02 20:15:00+02:00,2026-06-02,20,15,1,1,6,-25.669999999999987,181.47,1352.44,43098.225529,0.49999999999999994,-0.8660254037844387,12070.80401,155.8
2026-06-02 18:30:00+00:00,2026-06-02 20:30:00+02:00,2026-06-02,20,30,2,1,6,-10.5,164.29,1365.29,42591.693536,0.49999999999999994,-0.8660254037844387,12531.02896,153.79
2026-06-02 18:45:00+00:00,2026-06-02 20:45:00+02:00,2026-06-02,20,45,3,1,6,-44.72999999999999,192.73,1384.12,42015.204008999994,0.49999999999999994,-0.8660254037844387,12968.64383,148.0
2026-06-02 19:00:00+00:00,2026-06-02 21:00:00+02:00,2026-06-02,21,0,0,1,6,-26.49000000000001,180.47,1396.03,41255.352102,0.49999999999999994,-0.8660254037844387,13388.94088,153.98
2026-06-02 19:15:00+00:00,2026-06-02 21:15:00+02:00,2026-06-02,21,15,1,1,6,-22.5,165.01,1399.66,40301.668291,0.49999999999999994,-0.8660254037844387,13848.47918,142.51
2026-06-02 19:30:00+00:00,2026-06-02 21:30:00+02:00,2026-06-02,21,30,2,1,6,-25.390000000000015,165.34,1405.53,39132.701476999995,0.49999999999999994,-0.8660254037844387,14322.94403,139.95
2026-06-02 19:45:00+00:00,2026-06-02 21:45:00+02:00,2026-06-02,21,45,3,1,6,-20.47,150.01,1403.42,37920.967575,0.49999999999999994,-0.8660254037844387,14802.4274,129.54
2026-06-02 20:00:00+00:00,2026-06-02 22:00:00+02:00,2026-06-02,22,0,0,1,6,-25.659999999999997,162.71,1396.21,36605.869741999995,0.49999999999999994,-0.8660254037844387,15082.72737,137.05
2026-06-02 20:15:00+00:00,2026-06-02 22:15:00+02:00,2026-06-02,22,15,1,1,6,-14.699999999999989,144.7,1395.58,35342.828029,0.49999999999999994,-0.8660254037844387,15439.71454,130.0
2026-06-02 20:30:00+00:00,2026-06-02 22:30:00+02:00,2026-06-02,22,30,2,1,6,-11.849999999999994,137.94,1392.67,34201.155214,0.49999999999999994,-0.8660254037844387,15797.49799,126.09
2026-06-02 20:45:00+00:00,2026-06-02 22:45:00+02:00,2026-06-02,22,45,3,1,6,-5.709999999999994,125.0,1390.32,33188.662218000005,0.49999999999999994,-0.8660254037844387,16155.0878,119.29
2026-06-02 21:00:00+00:00,2026-06-02 23:00:00+02:00,2026-06-02,23,0,0,1,6,-7.619999999999976,139.7,1389.56,32067.675208999997,0.49999999999999994,-0.8660254037844387,16494.12236,132.08
2026-06-02 21:15:00+00:00,2026-06-02 23:15:00+02:00,2026-06-02,23,15,1,1,6,1.4299999999999926,120.01,1394.66,31641.575964,0.49999999999999994,-0.8660254037844387,16500.09002,121.44
2026-06-02 21:30:00+00:00,2026-06-02 23:30:00+02:00,2026-06-02,23,30,2,1,6,-9.5,125.5,1397.6,30952.502424,0.49999999999999994,-0.8660254037844387,16504.82336,116.0
2026-06-02 21:45:00+00:00,2026-06-02 23:45:00+02:00,2026-06-02,23,45,3,1,6,-13.25,113.04,1401.06,30174.151996,0.49999999999999994,-0.8660254037844387,16519.31083,99.79
2026-06-03 10:00:00+00:00,2026-06-03 12:00:00+02:00,2026-06-03,12,0,0,2,6,57.120000000000005,33.44,2698.91,14202.592684999996,0.49999999999999994,-0.8660254037844387,14441.39969,90.56
2026-06-03 10:15:00+00:00,2026-06-03 12:15:00+02:00,2026-06-03,12,15,1,2,6,55.22,27.25,2750.11,13990.557774,0.49999999999999994,-0.8660254037844387,14446.78463,82.47
2026-06-03 10:30:00+00:00,2026-06-03 12:30:00+02:00,2026-06-03,12,30,2,2,6,21.1,52.37,2798.41,13146.475496999992,0.49999999999999994,-0.8660254037844387,14478.01122,73.47
2026-06-03 10:45:00+00:00,2026-06-03 12:45:00+02:00,2026-06-03,12,45,3,2,6,44.769999999999996,18.7,2851.42,13484.978132000004,0.49999999999999994,-0.8660254037844387,14471.37281,63.47
2026-06-03 11:00:00+00:00,2026-06-03 13:00:00+02:00,2026-06-03,13,0,0,2,6,19.17,50.09,2872.82,11580.027750000001,0.49999999999999994,-0.8660254037844387,14467.22733,69.26
2026-06-03 11:15:00+00:00,2026-06-03 13:15:00+02:00,2026-06-03,13,15,1,2,6,20.729999999999997,40.0,2892.12,11208.695171,0.49999999999999994,-0.8660254037844387,14437.03286,60.73
2026-06-03 11:30:00+00:00,2026-06-03 13:30:00+02:00,2026-06-03,13,30,2,2,6,16.159999999999997,35.35,2916.99,10766.731356000004,0.49999999999999994,-0.8660254037844387,14409.65298,51.51
2026-06-03 11:45:00+00:00,2026-06-03 13:45:00+02:00,2026-06-03,13,45,3,2,6,31.939999999999998,15.0,2926.95,9393.86245500001,0.49999999999999994,-0.8660254037844387,14386.1314,46.94
2026-06-03 12:00:00+00:00,2026-06-03 14:00:00+02:00,2026-06-03,14,0,0,2,6,11.579999999999998,29.21,2940.33,9909.488072999993,0.49999999999999994,-0.8660254037844387,14109.17383,40.79
2026-06-03 12:15:00+00:00,2026-06-03 14:15:00+02:00,2026-06-03,14,15,1,2,6,9.14,36.06,2926.73,9482.329999000001,0.49999999999999994,-0.8660254037844387,14106.98727,45.2
2026-06-03 12:30:00+00:00,2026-06-03 14:30:00+02:00,2026-06-03,14,30,2,2,6,8.469999999999999,37.88,2909.82,9581.721721999995,0.49999999999999994,-0.8660254037844387,14087.31559,46.35
2026-06-03 12:45:00+00:00,2026-06-03 14:45:00+02:00,2026-06-03,14,45,3,2,6,-1.3600000000000065,49.02,2886.9,9312.724386000002,0.49999999999999994,-0.8660254037844387,14062.53323,47.66
2026-06-03 13:00:00+00:00,2026-06-03 15:00:00+02:00,2026-06-03,15,0,0,2,6,6.320000000000004,29.38,2863.63,10240.517635999997,0.49999999999999994,-0.8660254037844387,14038.33556,35.7
2026-06-03 13:15:00+00:00,2026-06-03 15:15:00+02:00,2026-06-03,15,15,1,2,6,2.280000000000001,44.81,2852.22,9868.433979999994,0.49999999999999994,-0.8660254037844387,13964.27802,47.09
2026-06-03 13:30:00+00:00,2026-06-03 15:30:00+02:00,2026-06-03,15,30,2,2,6,0.3400000000000034,48.75,2841.03,10903.387572,0.49999999999999994,-0.8660254037844387,13890.95271,49.09
2026-06-03 13:45:00+00:00,2026-06-03 15:45:00+02:00,2026-06-03,15,45,3,2,6,-4.459999999999994,65.46,2834.91,11961.755041000004,0.49999999999999994,-0.8660254037844387,13819.49013,61.0
2026-06-03 14:00:00+00:00,2026-06-03 16:00:00+02:00,2026-06-03,16,0,0,2,6,6.539999999999999,39.19,2831.9,13395.504398000005,0.49999999999999994,-0.8660254037844387,13731.89935,45.73
2026-06-03 14:15:00+00:00,2026-06-03 16:15:00+02:00,2026-06-03,16,15,1,2,6,7.390000000000001,54.55,2804.75,14311.864508999999,0.49999999999999994,-0.8660254037844387,13599.56872,61.94
2026-06-03 14:30:00+00:00,2026-06-03 16:30:00+02:00,2026-06-03,16,30,2,2,6,-11.75,84.14,2781.44,15694.732252000002,0.49999999999999994,-0.8660254037844387,13460.92579,72.39
2026-06-03 14:45:00+00:00,2026-06-03 16:45:00+02:00,2026-06-03,16,45,3,2,6,-20.25,107.76,2760.33,17201.044785,0.49999999999999994,-0.8660254037844387,13320.28015,87.51
2026-06-03 15:00:00+00:00,2026-06-03 17:00:00+02:00,2026-06-03,17,0,0,2,6,6.239999999999995,67.87,2928.32,18571.009383999997,0.49999999999999994,-0.8660254037844387,13175.03867,74.11
2026-06-03 15:15:00+00:00,2026-06-03 17:15:00+02:00,2026-06-03,17,15,1,2,6,-17.129999999999995,95.07,2956.82,20703.529675000005,0.49999999999999994,-0.8660254037844387,13053.83012,77.94
2026-06-03 15:30:00+00:00,2026-06-03 17:30:00+02:00,2026-06-03,17,30,2,2,6,-8.91000000000001,106.37,3070.61,22240.473073,0.49999999999999994,-0.8660254037844387,12930.20644,97.46
2026-06-03 15:45:00+00:00,2026-06-03 17:45:00+02:00,2026-06-03,17,45,3,2,6,-15.280000000000001,117.41,3107.78,24126.451545000004,0.49999999999999994,-0.8660254037844387,12805.40468,102.13
2026-06-03 16:00:00+00:00,2026-06-03 18:00:00+02:00,2026-06-03,18,0,0,2,6,-1.1099999999999994,103.26,3138.41,26284.341067,0.49999999999999994,-0.8660254037844387,12674.35527,102.15
2026-06-03 16:15:00+00:00,2026-06-03 18:15:00+02:00,2026-06-03,18,15,1,2,6,-13.009999999999991,124.99,3223.45,28409.457964,0.49999999999999994,-0.8660254037844387,12352.46689,111.98
2026-06-03 16:30:00+00:00,2026-06-03 18:30:00+02:00,2026-06-03,18,30,2,2,6,-11.990000000000009,130.81,3281.82,30846.316617,0.49999999999999994,-0.8660254037844387,12028.22692,118.82
2026-06-03 16:45:00+00:00,2026-06-03 18:45:00+02:00,2026-06-03,18,45,3,2,6,-22.610000000000014,150.9,3331.42,33306.68731,0.49999999999999994,-0.8660254037844387,11697.8088,128.29
2026-06-03 17:00:00+00:00,2026-06-03 19:00:00+02:00,2026-06-03,19,0,0,2,6,-9.699999999999989,132.76,3370.41,35336.106697999996,0.49999999999999994,-0.8660254037844387,11357.22689,123.06
2026-06-03 17:15:00+00:00,2026-06-03 19:15:00+02:00,2026-06-03,19,15,1,2,6,-9.909999999999997,146.82,3353.1,37064.428564999995,0.49999999999999994,-0.8660254037844387,11121.82423,136.91
2026-06-03 17:30:00+00:00,2026-06-03 19:30:00+02:00,2026-06-03,19,30,2,2,6,-2.5500000000000114,141.58,3326.48,38884.348306,0.49999999999999994,-0.8660254037844387,10888.7732,139.03
2026-06-03 17:45:00+00:00,2026-06-03 19:45:00+02:00,2026-06-03,19,45,3,2,6,-22.789999999999992,175.0,3294.91,40649.827617,0.49999999999999994,-0.8660254037844387,10664.4567,152.21
2026-06-03 18:00:00+00:00,2026-06-03 20:00:00+02:00,2026-06-03,20,0,0,2,6,-6.490000000000009,152.9,3281.92,41700.295054,0.49999999999999994,-0.8660254037844387,10512.20606,146.41
2026-06-03 18:15:00+00:00,2026-06-03 20:15:00+02:00,2026-06-03,20,15,1,2,6,-7.009999999999991,154.91,3347.11,41665.716317,0.49999999999999994,-0.8660254037844387,10806.87995,147.9
2026-06-03 18:30:00+00:00,2026-06-03 20:30:00+02:00,2026-06-03,20,30,2,2,6,1.0400000000000205,145.29,3419.05,41955.41065,0.49999999999999994,-0.8660254037844387,11100.28738,146.33
2026-06-03 18:45:00+00:00,2026-06-03 20:45:00+02:00,2026-06-03,20,45,3,2,6,-12.860000000000014,162.09,3486.22,41485.692938,0.49999999999999994,-0.8660254037844387,11382.28154,149.23
2026-06-03 19:00:00+00:00,2026-06-03 21:00:00+02:00,2026-06-03,21,0,0,2,6,-23.99000000000001,160.52,3572.84,40518.804698,0.49999999999999994,-0.8660254037844387,11857.49841,136.53
2026-06-03 19:15:00+00:00,2026-06-03 21:15:00+02:00,2026-06-03,21,15,1,2,6,-19.870000000000005,150.01,3893.62,38990.621065,0.49999999999999994,-0.8660254037844387,12605.22661,130.14
2026-06-03 19:30:00+00:00,2026-06-03 21:30:00+02:00,2026-06-03,21,30,2,2,6,-16.38000000000001,143.11,4197.19,36964.380916999995,0.49999999999999994,-0.8660254037844387,13410.2332,126.73
2026-06-03 19:45:00+00:00,2026-06-03 21:45:00+02:00,2026-06-03,21,45,3,2,6,-8.049999999999997,132.75,4494.65,35095.530235,0.49999999999999994,-0.8660254037844387,14247.49412,124.7
2026-06-03 20:00:00+00:00,2026-06-03 22:00:00+02:00,2026-06-03,22,0,0,2,6,-9.430000000000007,139.12,4793.01,33463.632283,0.49999999999999994,-0.8660254037844387,14918.60309,129.69
2026-06-03 20:15:00+00:00,2026-06-03 22:15:00+02:00,2026-06-03,22,15,1,2,6,2.239999999999995,127.45,5062.05,31497.762178999998,0.49999999999999994,-0.8660254037844387,15949.92,129.69
2026-06-03 20:30:00+00:00,2026-06-03 22:30:00+02:00,2026-06-03,22,30,2,2,6,-1.8299999999999983,117.73,5340.03,29118.422336000003,0.49999999999999994,-0.8660254037844387,16952.92241,115.9
2026-06-03 20:45:00+00:00,2026-06-03 22:45:00+02:00,2026-06-03,22,45,3,2,6,-1.3500000000000085,111.2,5597.43,27467.771852,0.49999999999999994,-0.8660254037844387,17927.2812,109.85
2026-06-03 21:00:00+00:00,2026-06-03 23:00:00+02:00,2026-06-03,23,0,0,2,6,-8.090000000000003,115.97,5805.09,25106.366737,0.49999999999999994,-0.8660254037844387,18888.36191,107.88
2026-06-03 21:15:00+00:00,2026-06-03 23:15:00+02:00,2026-06-03,23,15,1,2,6,-3.8100000000000023,108.8,5895.23,23353.942010000006,0.49999999999999994,-0.8660254037844387,19736.01116,104.99
2026-06-03 21:30:00+00:00,2026-06-03 23:30:00+02:00,2026-06-03,23,30,2,2,6,-1.6099999999999994,100.3,5991.66,21741.385971,0.49999999999999994,-0.8660254037844387,20590.76805,98.69
2026-06-03 21:45:00+00:00,2026-06-03 23:45:00+02:00,2026-06-03,23,45,3,2,6,4.159999999999997,82.41,6083.89,19927.684236,0.49999999999999994,-0.8660254037844387,21439.34883,86.57
2026-06-04 10:00:00+00:00,2026-06-04 12:00:00+02:00,2026-06-04,12,0,0,3,6,-5.63,5.6,5221.89,-2170.019376000004,0.49999999999999994,-0.8660254037844387,21212.83936,-0.03
2026-06-04 10:15:00+00:00,2026-06-04 12:15:00+02:00,2026-06-04,12,15,1,3,6,1.31,-1.82,5167.84,-2530.875887999995,0.49999999999999994,-0.8660254037844387,21379.14673,-0.51
2026-06-04 10:30:00+00:00,2026-06-04 12:30:00+02:00,2026-06-04,12,30,2,3,6,-2.96,2.5,5123.13,-2496.696487999994,0.49999999999999994,-0.8660254037844387,21570.44855,-0.46
2026-06-04 10:45:00+00:00,2026-06-04 12:45:00+02:00,2026-06-04,12,45,3,3,6,4.4,-3.4,5058.83,-2781.371241999994,0.49999999999999994,-0.8660254037844387,21824.4736,1.0
2026-06-04 11:00:00+00:00,2026-06-04 13:00:00+02:00,2026-06-04,13,0,0,3,6,-0.34,0.4,4997.35,-3271.865205000002,0.49999999999999994,-0.8660254037844387,22130.91984,0.06
2026-06-04 11:15:00+00:00,2026-06-04 13:15:00+02:00,2026-06-04,13,15,1,3,6,0.56,-0.05,4929.73,-3153.0192190000016,0.49999999999999994,-0.8660254037844387,22360.74802,0.51
2026-06-04 11:30:00+00:00,2026-06-04 13:30:00+02:00,2026-06-04,13,30,2,3,6,-0.51,0.5,4868.46,-3246.2067119999992,0.49999999999999994,-0.8660254037844387,22634.19497,-0.01
2026-06-04 11:45:00+00:00,2026-06-04 13:45:00+02:00,2026-06-04,13,45,3,3,6,0.08,-0.08,4800.9,-3527.320163000004,0.49999999999999994,-0.8660254037844387,22978.51443,0.0
2026-06-04 12:00:00+00:00,2026-06-04 14:00:00+02:00,2026-06-04,14,0,0,3,6,4.32,-5.01,4741.12,-4105.031909000005,0.49999999999999994,-0.8660254037844387,23130.49535,-0.69
2026-06-04 12:15:00+00:00,2026-06-04 14:15:00+02:00,2026-06-04,14,15,1,3,6,-0.99,-0.01,4663.84,-4128.915906000002,0.49999999999999994,-0.8660254037844387,23466.70604,-1.0
2026-06-04 12:30:00+00:00,2026-06-04 14:30:00+02:00,2026-06-04,14,30,2,3,6,0.25,-0.04,4581.3,-3763.3585729999977,0.49999999999999994,-0.8660254037844387,23688.31125,0.21
2026-06-04 12:45:00+00:00,2026-06-04 14:45:00+02:00,2026-06-04,14,45,3,3,6,1.01,-0.01,4509.19,-3459.5338619999966,0.49999999999999994,-0.8660254037844387,23905.5317,1.0
2026-06-04 13:00:00+00:00,2026-06-04 15:00:00+02:00,2026-06-04,15,0,0,3,6,3.5,-3.89,4449.16,-2374.5373400000026,0.49999999999999994,-0.8660254037844387,24144.04905,-0.39
2026-06-04 13:15:00+00:00,2026-06-04 15:15:00+02:00,2026-06-04,15,15,1,3,6,-2.1,0.0,4447.83,-1733.851668999996,0.49999999999999994,-0.8660254037844387,24286.49992,-2.1
2026-06-04 13:30:00+00:00,2026-06-04 15:30:00+02:00,2026-06-04,15,30,2,3,6,-12.3,11.8,4450.77,-1405.2985810000027,0.49999999999999994,-0.8660254037844387,24434.32,-0.5
2026-06-04 13:45:00+00:00,2026-06-04 15:45:00+02:00,2026-06-04,15,45,3,3,6,-3.46,6.45,4440.35,-902.4988670000021,0.49999999999999994,-0.8660254037844387,24613.43111,2.99
2026-06-04 14:00:00+00:00,2026-06-04 16:00:00+02:00,2026-06-04,16,0,0,3,6,-3.25,6.3,4440.34,408.4416989999954,0.49999999999999994,-0.8660254037844387,24701.95772,3.05
2026-06-04 14:15:00+00:00,2026-06-04 16:15:00+02:00,2026-06-04,16,15,1,3,6,-6.27,14.67,4456.59,1400.1157789999997,0.49999999999999994,-0.8660254037844387,24709.28149,8.4
2026-06-04 14:30:00+00:00,2026-06-04 16:30:00+02:00,2026-06-04,16,30,2,3,6,-21.449999999999996,34.98,4466.69,3146.5990570000067,0.49999999999999994,-0.8660254037844387,24669.04078,13.53
2026-06-04 14:45:00+00:00,2026-06-04 16:45:00+02:00,2026-06-04,16,45,3,3,6,3.0100000000000016,24.99,4480.74,4316.887764000006,0.49999999999999994,-0.8660254037844387,24573.85342,28.0
2026-06-04 15:00:00+00:00,2026-06-04 17:00:00+02:00,2026-06-04,17,0,0,3,6,-15.560000000000002,37.06,4504.89,6647.880261000006,0.49999999999999994,-0.8660254037844387,24516.53288,21.5
2026-06-04 15:15:00+00:00,2026-06-04 17:15:00+02:00,2026-06-04,17,15,1,3,6,-34.019999999999996,62.0,4536.7,7754.117062000005,0.49999999999999994,-0.8660254037844387,24429.97192,27.98
2026-06-04 15:30:00+00:00,2026-06-04 17:30:00+02:00,2026-06-04,17,30,2,3,6,-24.779999999999994,84.13,4565.24,9238.617221,0.49999999999999994,-0.8660254037844387,24317.43804,59.35
2026-06-04 15:45:00+00:00,2026-06-04 17:45:00+02:00,2026-06-04,17,45,3,3,6,-20.439999999999998,98.73,4673.37,10767.762540000003,0.49999999999999994,-0.8660254037844387,24186.39044,78.29
2026-06-04 16:00:00+00:00,2026-06-04 18:00:00+02:00,2026-06-04,18,0,0,3,6,-10.470000000000006,74.4,4716.88,13474.575534000003,0.49999999999999994,-0.8660254037844387,24017.29915,63.93
2026-06-04 16:15:00+00:00,2026-06-04 18:15:00+02:00,2026-06-04,18,15,1,3,6,-11.069999999999993,91.71,4773.44,14919.800682000001,0.49999999999999994,-0.8660254037844387,23617.47101,80.64
2026-06-04 16:30:00+00:00,2026-06-04 18:30:00+02:00,2026-06-04,18,30,2,3,6,-9.659999999999997,102.14,4832.6,16112.904545999998,0.49999999999999994,-0.8660254037844387,23221.69656,92.48
2026-06-04 16:45:00+00:00,2026-06-04 18:45:00+02:00,2026-06-04,18,45,3,3,6,-15.680000000000007,117.29,4882.87,17308.260239000003,0.49999999999999994,-0.8660254037844387,22846.47949,101.61
2026-06-04 17:00:00+00:00,2026-06-04 19:00:00+02:00,2026-06-04,19,0,0,3,6,-15.420000000000002,110.05,4923.06,18890.059736999996,0.49999999999999994,-0.8660254037844387,22483.62224,94.63
2026-06-04 17:15:00+00:00,2026-06-04 19:15:00+02:00,2026-06-04,19,15,1,3,6,-7.550000000000011,110.54,4962.41,20152.977718,0.49999999999999994,-0.8660254037844387,22284.70993,102.99
2026-06-04 17:30:00+00:00,2026-06-04 19:30:00+02:00,2026-06-04,19,30,2,3,6,-7.099999999999994,113.1,5000.09,21273.599597999997,0.49999999999999994,-0.8660254037844387,22086.77782,106.0
2026-06-04 17:45:00+00:00,2026-06-04 19:45:00+02:00,2026-06-04,19,45,3,3,6,-8.620000000000005,117.72,5029.3,22308.721435000007,0.49999999999999994,-0.8660254037844387,21887.4897,109.1
2026-06-04 18:00:00+00:00,2026-06-04 20:00:00+02:00,2026-06-04,20,0,0,3,6,-8.319999999999993,114.27,5061.05,23363.521472000004,0.49999999999999994,-0.8660254037844387,21726.5854,105.95
2026-06-04 18:15:00+00:00,2026-06-04 20:15:00+02:00,2026-06-04,20,15,1,3,6,-3.2099999999999937,112.21,5133.03,23933.105423999998,0.49999999999999994,-0.8660254037844387,21755.13676,109.0
2026-06-04 18:30:00+00:00,2026-06-04 20:30:00+02:00,2026-06-04,20,30,2,3,6,-6.060000000000002,117.0,5203.98,23761.298148,0.49999999999999994,-0.8660254037844387,21805.75192,110.94
2026-06-04 18:45:00+00:00,2026-06-04 20:45:00+02:00,2026-06-04,20,45,3,3,6,-10.349999999999994,121.3,5273.58,23662.087047,0.49999999999999994,-0.8660254037844387,21888.70106,110.95
2026-06-04 19:00:00+00:00,2026-06-04 21:00:00+02:00,2026-06-04,21,0,0,3,6,-6.579999999999998,115.92,5349.49,23430.174899999998,0.49999999999999994,-0.8660254037844387,22059.03572,109.34
2026-06-04 19:15:00+00:00,2026-06-04 21:15:00+02:00,2026-06-04,21,15,1,3,6,-5.519999999999996,114.35,5416.35,23065.555063999996,0.49999999999999994,-0.8660254037844387,22264.05378,108.83
2026-06-04 19:30:00+00:00,2026-06-04 21:30:00+02:00,2026-06-04,21,30,2,3,6,-4.010000000000005,111.23,5485.75,22384.081994999997,0.49999999999999994,-0.8660254037844387,22452.24277,107.22
2026-06-04 19:45:00+00:00,2026-06-04 21:45:00+02:00,2026-06-04,21,45,3,3,6,1.0100000000000051,101.88,5553.73,21853.098864000003,0.49999999999999994,-0.8660254037844387,22624.08892,102.89
2026-06-04 20:00:00+00:00,2026-06-04 22:00:00+02:00,2026-06-04,22,0,0,3,6,-7.920000000000002,116.0,5610.05,21681.962842999998,0.49999999999999994,-0.8660254037844387,22378.58245,108.08
2026-06-04 20:15:00+00:00,2026-06-04 22:15:00+02:00,2026-06-04,22,15,1,3,6,-3.969999999999999,108.9,5660.59,20964.045903,0.49999999999999994,-0.8660254037844387,22565.81637,104.93
2026-06-04 20:30:00+00:00,2026-06-04 22:30:00+02:00,2026-06-04,22,30,2,3,6,0.18000000000000682,102.75,5707.55,20222.649712,0.49999999999999994,-0.8660254037844387,22750.98013,102.93
2026-06-04 20:45:00+00:00,2026-06-04 22:45:00+02:00,2026-06-04,22,45,3,3,6,2.5,97.56,5751.09,19468.848118,0.49999999999999994,-0.8660254037844387,22926.10123,100.06
2026-06-04 21:00:00+00:00,2026-06-04 23:00:00+02:00,2026-06-04,23,0,0,3,6,4.299999999999997,95.0,5795.67,18487.726402000004,0.49999999999999994,-0.8660254037844387,23074.88526,99.3
2026-06-04 21:15:00+00:00,2026-06-04 23:15:00+02:00,2026-06-04,23,15,1,3,6,4.6699999999999875,91.54,5826.41,17763.087203999996,0.49999999999999994,-0.8660254037844387,23240.05769,96.21
2026-06-04 21:30:00+00:00,2026-06-04 23:30:00+02:00,2026-06-04,23,30,2,3,6,-10.900000000000006,99.31,5860.18,17100.673936,0.49999999999999994,-0.8660254037844387,23406.2789,88.41
2026-06-04 21:45:00+00:00,2026-06-04 23:45:00+02:00,2026-06-04,23,45,3,3,6,-10.129999999999995,90.21,5892.65,16431.229131999997,0.49999999999999994,-0.8660254037844387,23567.01815,80.08
2026-06-05 10:00:00+00:00,2026-06-05 12:00:00+02:00,2026-06-05,12,0,0,4,6,47.660000000000004,39.1,2833.07,7905.993698999999,0.49999999999999994,-0.8660254037844387,12880.28587,86.76
2026-06-05 10:15:00+00:00,2026-06-05 12:15:00+02:00,2026-06-05,12,15,1,4,6,38.69,45.78,2785.91,7083.622317999994,0.49999999999999994,-0.8660254037844387,12656.4609,84.47
2026-06-05 10:30:00+00:00,2026-06-05 12:30:00+02:00,2026-06-05,12,30,2,4,6,39.989999999999995,40.03,2736.8,6770.244101999997,0.49999999999999994,-0.8660254037844387,12439.13692,80.02
2026-06-05 10:45:00+00:00,2026-06-05 12:45:00+02:00,2026-06-05,12,45,3,4,6,46.459999999999994,26.5,2685.9,6306.014933999999,0.49999999999999994,-0.8660254037844387,12244.6431,72.96
2026-06-05 11:00:00+00:00,2026-06-05 13:00:00+02:00,2026-06-05,13,0,0,4,6,48.989999999999995,27.0,2639.89,5803.325376999994,0.49999999999999994,-0.8660254037844387,12027.74153,75.99
2026-06-05 11:15:00+00:00,2026-06-05 13:15:00+02:00,2026-06-05,13,15,1,4,6,45.17,23.89,2614.16,5866.475585999993,0.49999999999999994,-0.8660254037844387,11791.80695,69.06
2026-06-05 11:30:00+00:00,2026-06-05 13:30:00+02:00,2026-06-05,13,30,2,4,6,31.830000000000005,33.73,2577.33,5860.459486,0.49999999999999994,-0.8660254037844387,11551.92031,65.56
2026-06-05 11:45:00+00:00,2026-06-05 13:45:00+02:00,2026-06-05,13,45,3,4,6,33.84,24.59,2541.74,5894.938516999995,0.49999999999999994,-0.8660254037844387,11322.323,58.43
2026-06-05 12:00:00+00:00,2026-06-05 14:00:00+02:00,2026-06-05,14,0,0,4,6,30.28,25.47,2508.22,5756.447335999997,0.49999999999999994,-0.8660254037844387,10921.20593,55.75
2026-06-05 12:15:00+00:00,2026-06-05 14:15:00+02:00,2026-06-05,14,15,1,4,6,28.369999999999997,24.71,2472.98,6151.354867999995,0.49999999999999994,-0.8660254037844387,10691.78928,53.08
2026-06-05 12:30:00+00:00,2026-06-05 14:30:00+02:00,2026-06-05,14,30,2,4,6,37.73,18.0,2440.8,6530.590369999998,0.49999999999999994,-0.8660254037844387,10437.76907,55.73
2026-06-05 12:45:00+00:00,2026-06-05 14:45:00+02:00,2026-06-05,14,45,3,4,6,24.049999999999997,31.39,2405.77,6944.607165999994,0.49999999999999994,-0.8660254037844387,10168.19467,55.44
2026-06-05 13:00:00+00:00,2026-06-05 15:00:00+02:00,2026-06-05,15,0,0,4,6,32.9,16.0,2372.62,8082.950391999999,0.49999999999999994,-0.8660254037844387,9864.44778,48.9
2026-06-05 13:15:00+00:00,2026-06-05 15:15:00+02:00,2026-06-05,15,15,1,4,6,25.86,30.15,2326.49,8679.237098999998,0.49999999999999994,-0.8660254037844387,9598.99841,56.01
2026-06-05 13:30:00+00:00,2026-06-05 15:30:00+02:00,2026-06-05,15,30,2,4,6,22.6,44.96,2284.44,9381.230244999992,0.49999999999999994,-0.8660254037844387,9334.46287,67.56
2026-06-05 13:45:00+00:00,2026-06-05 15:45:00+02:00,2026-06-05,15,45,3,4,6,27.099999999999994,52.89,2239.76,10208.968234,0.49999999999999994,-0.8660254037844387,9069.68502,79.99
2026-06-05 14:00:00+00:00,2026-06-05 16:00:00+02:00,2026-06-05,16,0,0,4,6,21.239999999999995,45.97,2181.45,11939.370274,0.49999999999999994,-0.8660254037844387,8835.48369,67.21
2026-06-05 14:15:00+00:00,2026-06-05 16:15:00+02:00,2026-06-05,16,15,1,4,6,17.82,61.26,2101.76,13627.581898999997,0.49999999999999994,-0.8660254037844387,8468.13999,79.08
2026-06-05 14:30:00+00:00,2026-06-05 16:30:00+02:00,2026-06-05,16,30,2,4,6,30.120000000000005,65.1,2028.12,15167.444474000004,0.49999999999999994,-0.8660254037844387,8119.05609,95.22
2026-06-05 14:45:00+00:00,2026-06-05 16:45:00+02:00,2026-06-05,16,45,3,4,6,-0.8400000000000034,103.56,1935.96,17248.625543000002,0.49999999999999994,-0.8660254037844387,7777.2622,102.72
2026-06-05 15:00:00+00:00,2026-06-05 17:00:00+02:00,2026-06-05,17,0,0,4,6,19.17,72.27,1852.75,19848.571583999998,0.49999999999999994,-0.8660254037844387,7438.62001,91.44
2026-06-05 15:15:00+00:00,2026-06-05 17:15:00+02:00,2026-06-05,17,15,1,4,6,8.259999999999991,91.2,1750.24,21683.784510999998,0.49999999999999994,-0.8660254037844387,7123.19948,99.46
2026-06-05 15:30:00+00:00,2026-06-05 17:30:00+02:00,2026-06-05,17,30,2,4,6,-1.519999999999996,114.7,1643.29,23606.073184999997,0.49999999999999994,-0.8660254037844387,6791.71833,113.18
2026-06-05 15:45:00+00:00,2026-06-05 17:45:00+02:00,2026-06-05,17,45,3,4,6,-2.009999999999991,132.59,1540.95,26270.153698000002,0.49999999999999994,-0.8660254037844387,6461.88028,130.58
2026-06-05 16:00:00+00:00,2026-06-05 18:00:00+02:00,2026-06-05,18,0,0,4,6,-0.3199999999999932,109.99,1426.83,29191.924777999997,0.49999999999999994,-0.8660254037844387,6128.77414,109.67
2026-06-05 16:15:00+00:00,2026-06-05 18:15:00+02:00,2026-06-05,18,15,1,4,6,-2.6099999999999994,125.0,1321.75,31597.895076,0.49999999999999994,-0.8660254037844387,5702.58204,122.39
2026-06-05 16:30:00+00:00,2026-06-05 18:30:00+02:00,2026-06-05,18,30,2,4,6,-18.659999999999997,149.41,1214.8,33853.721795000005,0.49999999999999994,-0.8660254037844387,5273.21701,130.75
2026-06-05 16:45:00+00:00,2026-06-05 18:45:00+02:00,2026-06-05,18,45,3,4,6,-17.450000000000017,168.4,1102.94,36345.782258,0.49999999999999994,-0.8660254037844387,4842.14485,150.95
2026-06-05 17:00:00+00:00,2026-06-05 19:00:00+02:00,2026-06-05,19,0,0,4,6,-2.1299999999999955,133.65,1000.38,38729.8295,0.49999999999999994,-0.8660254037844387,4422.5244,131.52
2026-06-05 17:15:00+00:00,2026-06-05 19:15:00+02:00,2026-06-05,19,15,1,4,6,3.6799999999999784,144.3,909.96,41167.256388,0.49999999999999994,-0.8660254037844387,4030.66779,147.98
2026-06-05 17:30:00+00:00,2026-06-05 19:30:00+02:00,2026-06-05,19,30,2,4,6,4.439999999999998,158.07,822.5,43185.697599,0.49999999999999994,-0.8660254037844387,3645.00328,162.51
2026-06-05 17:45:00+00:00,2026-06-05 19:45:00+02:00,2026-06-05,19,45,3,4,6,3.1100000000000136,172.54,743.1,45162.163024,0.49999999999999994,-0.8660254037844387,3259.91645,175.65
2026-06-05 18:00:00+00:00,2026-06-05 20:00:00+02:00,2026-06-05,20,0,0,4,6,6.200000000000017,164.88,670.18,46540.969141,0.49999999999999994,-0.8660254037844387,2877.47326,171.08
2026-06-05 18:15:00+00:00,2026-06-05 20:15:00+02:00,2026-06-05,20,15,1,4,6,-23.69999999999999,197.6,625.13,47498.60524999999,0.49999999999999994,-0.8660254037844387,2623.7053,173.9
2026-06-05 18:30:00+00:00,2026-06-05 20:30:00+02:00,2026-06-05,20,30,2,4,6,2.969999999999999,189.02,583.33,48251.669575,0.49999999999999994,-0.8660254037844387,2357.22085,191.99
2026-06-05 18:45:00+00:00,2026-06-05 20:45:00+02:00,2026-06-05,20,45,3,4,6,5.990000000000009,190.01,537.82,48755.969463,0.49999999999999994,-0.8660254037844387,2054.75149,196.0
2026-06-05 19:00:00+00:00,2026-06-05 21:00:00+02:00,2026-06-05,21,0,0,4,6,5.180000000000007,194.72,504.46,49163.117647,0.49999999999999994,-0.8660254037844387,1784.81127,199.9
2026-06-05 19:15:00+00:00,2026-06-05 21:15:00+02:00,2026-06-05,21,15,1,4,6,1.5800000000000125,192.47,496.05,49045.562664,0.49999999999999994,-0.8660254037844387,1638.28338,194.05
2026-06-05 19:30:00+00:00,2026-06-05 21:30:00+02:00,2026-06-05,21,30,2,4,6,-27.97,214.98,489.37,48711.875883,0.49999999999999994,-0.8660254037844387,1524.74529,187.01
2026-06-05 19:45:00+00:00,2026-06-05 21:45:00+02:00,2026-06-05,21,45,3,4,6,-0.3300000000000125,180.34,480.32,48439.211445,0.49999999999999994,-0.8660254037844387,1424.3496,180.01
2026-06-05 20:00:00+00:00,2026-06-05 22:00:00+02:00,2026-06-05,22,0,0,4,6,-1.1299999999999955,185.0,482.4,47798.047936,0.49999999999999994,-0.8660254037844387,1333.71266,183.87
2026-06-05 20:15:00+00:00,2026-06-05 22:15:00+02:00,2026-06-05,22,15,1,4,6,1.009999999999991,170.99,489.21,47100.350031,0.49999999999999994,-0.8660254037844387,1313.8051,172.0
2026-06-05 20:30:00+00:00,2026-06-05 22:30:00+02:00,2026-06-05,22,30,2,4,6,3.2700000000000102,161.35,493.11,46464.152281999995,0.49999999999999994,-0.8660254037844387,1297.3095,164.62
2026-06-05 20:45:00+00:00,2026-06-05 22:45:00+02:00,2026-06-05,22,45,3,4,6,-3.75,158.73,499.53,45946.83365099999,0.49999999999999994,-0.8660254037844387,1290.64631,154.98
2026-06-05 21:00:00+00:00,2026-06-05 23:00:00+02:00,2026-06-05,23,0,0,4,6,6.570000000000022,157.39,508.57,45147.709386,0.49999999999999994,-0.8660254037844387,1279.23677,163.96
2026-06-05 21:15:00+00:00,2026-06-05 23:15:00+02:00,2026-06-05,23,15,1,4,6,4.3700000000000045,153.92,507.69,44475.775031,0.49999999999999994,-0.8660254037844387,1267.57204,158.29
2026-06-05 21:30:00+00:00,2026-06-05 23:30:00+02:00,2026-06-05,23,30,2,4,6,4.989999999999981,148.58,511.81,43862.670679,0.49999999999999994,-0.8660254037844387,1255.35849,153.57
2026-06-05 21:45:00+00:00,2026-06-05 23:45:00+02:00,2026-06-05,23,45,3,4,6,-0.3900000000000148,141.99,509.6,43245.757215000005,0.49999999999999994,-0.8660254037844387,1244.40485,141.6
2026-06-06 10:00:00+00:00,2026-06-06 12:00:00+02:00,2026-06-06,12,0,0,5,6,-12.14,-17.87,784.04,6419.416976,0.49999999999999994,-0.8660254037844387,2715.52923,-30.01
2026-06-06 10:15:00+00:00,2026-06-06 12:15:00+02:00,2026-06-06,12,15,1,5,6,-25.9,-6.1,794.27,6563.5816170000035,0.49999999999999994,-0.8660254037844387,2874.50311,-32.0
2026-06-06 10:30:00+00:00,2026-06-06 12:30:00+02:00,2026-06-06,12,30,2,5,6,-7.650000000000002,-21.15,805.72,6370.275752000001,0.49999999999999994,-0.8660254037844387,3043.19649,-28.8
2026-06-06 10:45:00+00:00,2026-06-06 12:45:00+02:00,2026-06-06,12,45,3,5,6,-24.659999999999997,-6.17,814.26,6255.347639000007,0.49999999999999994,-0.8660254037844387,3209.11319,-30.83
2026-06-06 11:00:00+00:00,2026-06-06 13:00:00+02:00,2026-06-06,13,0,0,5,6,-28.24,-0.01,823.99,6013.216210000006,0.49999999999999994,-0.8660254037844387,3384.48494,-28.25
2026-06-06 11:15:00+00:00,2026-06-06 13:15:00+02:00,2026-06-06,13,15,1,5,6,-26.45,-0.02,820.94,6251.784800000001,0.49999999999999994,-0.8660254037844387,3549.03822,-26.47
2026-06-06 11:30:00+00:00,2026-06-06 13:30:00+02:00,2026-06-06,13,30,2,5,6,-25.86,-0.04,817.93,6475.036186999998,0.49999999999999994,-0.8660254037844387,3710.99469,-25.9
2026-06-06 11:45:00+00:00,2026-06-06 13:45:00+02:00,2026-06-06,13,45,3,5,6,-25.189999999999998,-0.03,816.96,6418.966921000007,0.49999999999999994,-0.8660254037844387,3870.73384,-25.22
2026-06-06 12:00:00+00:00,2026-06-06 14:00:00+02:00,2026-06-06,14,0,0,5,6,-13.46,-14.7,813.96,5932.229353000002,0.49999999999999994,-0.8660254037844387,4011.6545,-28.16
2026-06-06 12:15:00+00:00,2026-06-06 14:15:00+02:00,2026-06-06,14,15,1,5,6,-26.16,0.0,806.96,5961.405447999998,0.49999999999999994,-0.8660254037844387,4159.81241,-26.16
2026-06-06 12:30:00+00:00,2026-06-06 14:30:00+02:00,2026-06-06,14,30,2,5,6,-20.32,0.03,790.97,6161.0845349999945,0.49999999999999994,-0.8660254037844387,4301.14105,-20.29
2026-06-06 12:45:00+00:00,2026-06-06 14:45:00+02:00,2026-06-06,14,45,3,5,6,-17.669999999999998,0.09,784.97,6769.826294000006,0.49999999999999994,-0.8660254037844387,4441.23403,-17.58
2026-06-06 13:00:00+00:00,2026-06-06 15:00:00+02:00,2026-06-06,15,0,0,5,6,-3.8500000000000014,-15.75,778.08,7640.886860999999,0.49999999999999994,-0.8660254037844387,4584.62875,-19.6
2026-06-06 13:15:00+00:00,2026-06-06 15:15:00+02:00,2026-06-06,15,15,1,5,6,-10.260000000000002,-3.46,773.52,8406.323878000003,0.49999999999999994,-0.8660254037844387,4663.1027,-13.72
2026-06-06 13:30:00+00:00,2026-06-06 15:30:00+02:00,2026-06-06,15,30,2,5,6,-17.17,8.94,770.98,9362.538604000001,0.49999999999999994,-0.8660254037844387,4734.9843,-8.23
2026-06-06 13:45:00+00:00,2026-06-06 15:45:00+02:00,2026-06-06,15,45,3,5,6,-23.14,20.89,771.49,10016.757837999998,0.49999999999999994,-0.8660254037844387,4807.14867,-2.25
2026-06-06 14:00:00+00:00,2026-06-06 16:00:00+02:00,2026-06-06,16,0,0,5,6,-18.03,12.21,768.17,11911.985733000001,0.49999999999999994,-0.8660254037844387,4903.68581,-5.82
2026-06-06 14:15:00+00:00,2026-06-06 16:15:00+02:00,2026-06-06,16,15,1,5,6,-32.059999999999995,38.16,777.96,13608.672012000003,0.49999999999999994,-0.8660254037844387,4928.28811,6.1
2026-06-06 14:30:00+00:00,2026-06-06 16:30:00+02:00,2026-06-06,16,30,2,5,6,-36.53,57.41,777.76,15508.527209,0.49999999999999994,-0.8660254037844387,4959.67006,20.88
2026-06-06 14:45:00+00:00,2026-06-06 16:45:00+02:00,2026-06-06,16,45,3,5,6,-27.15,71.39,780.62,16498.173910999998,0.49999999999999994,-0.8660254037844387,4994.82504,44.24
2026-06-06 15:00:00+00:00,2026-06-06 17:00:00+02:00,2026-06-06,17,0,0,5,6,-16.409999999999997,63.72,778.84,18950.280145999997,0.49999999999999994,-0.8660254037844387,5037.13813,47.31
2026-06-06 15:15:00+00:00,2026-06-06 17:15:00+02:00,2026-06-06,17,15,1,5,6,-14.230000000000004,82.05,786.22,20482.748837,0.49999999999999994,-0.8660254037844387,5032.41958,67.82
2026-06-06 15:30:00+00:00,2026-06-06 17:30:00+02:00,2026-06-06,17,30,2,5,6,-6.829999999999998,99.69,798.01,22511.861702000002,0.49999999999999994,-0.8660254037844387,5017.55702,92.86
2026-06-06 15:45:00+00:00,2026-06-06 17:45:00+02:00,2026-06-06,17,45,3,5,6,-6.009999999999991,118.02,800.03,24837.106831,0.49999999999999994,-0.8660254037844387,4994.02234,112.01
2026-06-06 16:00:00+00:00,2026-06-06 18:00:00+02:00,2026-06-06,18,0,0,5,6,-12.049999999999997,110.99,808.58,27065.102047,0.49999999999999994,-0.8660254037844387,4959.40274,98.94
2026-06-06 16:15:00+00:00,2026-06-06 18:15:00+02:00,2026-06-06,18,15,1,5,6,-8.980000000000004,116.0,853.95,29076.690652,0.49999999999999994,-0.8660254037844387,4843.9642,107.02
2026-06-06 16:30:00+00:00,2026-06-06 18:30:00+02:00,2026-06-06,18,30,2,5,6,-13.470000000000013,129.43,891.34,30707.30192,0.49999999999999994,-0.8660254037844387,4732.75228,115.96
2026-06-06 16:45:00+00:00,2026-06-06 18:45:00+02:00,2026-06-06,18,45,3,5,6,-9.019999999999996,127.03,931.26,32785.740026,0.49999999999999994,-0.8660254037844387,4625.69478,118.01
2026-06-06 17:00:00+00:00,2026-06-06 19:00:00+02:00,2026-06-06,19,0,0,5,6,-11.150000000000006,122.95,984.8,35120.421934,0.49999999999999994,-0.8660254037844387,4537.36023,111.8
2026-06-06 17:15:00+00:00,2026-06-06 19:15:00+02:00,2026-06-06,19,15,1,5,6,-14.009999999999991,135.01,1096.0,36883.000211000006,0.49999999999999994,-0.8660254037844387,4585.08531,121.0
2026-06-06 17:30:00+00:00,2026-06-06 19:30:00+02:00,2026-06-06,19,30,2,5,6,-25.189999999999998,151.5,1202.25,38163.322922,0.49999999999999994,-0.8660254037844387,4634.8903,126.31
2026-06-06 17:45:00+00:00,2026-06-06 19:45:00+02:00,2026-06-06,19,45,3,5,6,-16.44999999999999,147.53,1313.24,39342.694232,0.49999999999999994,-0.8660254037844387,4689.30774,131.08
2026-06-06 18:00:00+00:00,2026-06-06 20:00:00+02:00,2026-06-06,20,0,0,5,6,-25.50999999999999,153.97,1427.63,40047.43425,0.49999999999999994,-0.8660254037844387,4749.29661,128.46
2026-06-06 18:15:00+00:00,2026-06-06 20:15:00+02:00,2026-06-06,20,15,1,5,6,-30.0,160.0,1535.45,40500.278839000006,0.49999999999999994,-0.8660254037844387,5014.18984,130.0
2026-06-06 18:30:00+00:00,2026-06-06 20:30:00+02:00,2026-06-06,20,30,2,5,6,-21.97999999999999,156.97,1641.01,40346.077898999996,0.49999999999999994,-0.8660254037844387,5272.54878,134.99
2026-06-06 18:45:00+00:00,2026-06-06 20:45:00+02:00,2026-06-06,20,45,3,5,6,-35.18000000000001,170.33,1750.42,40081.508667999995,0.49999999999999994,-0.8660254037844387,5503.17646,135.15
2026-06-06 19:00:00+00:00,2026-06-06 21:00:00+02:00,2026-06-06,21,0,0,5,6,-36.93000000000001,175.68,1851.55,39702.278349,0.49999999999999994,-0.8660254037844387,5743.20931,138.75
2026-06-06 19:15:00+00:00,2026-06-06 21:15:00+02:00,2026-06-06,21,15,1,5,6,-26.73999999999998,160.39,1965.01,38886.33999,0.49999999999999994,-0.8660254037844387,6122.21847,133.65
2026-06-06 19:30:00+00:00,2026-06-06 21:30:00+02:00,2026-06-06,21,30,2,5,6,-17.15000000000002,145.11,2072.1,37965.431175,0.49999999999999994,-0.8660254037844387,6561.28671,127.96
2026-06-06 19:45:00+00:00,2026-06-06 21:45:00+02:00,2026-06-06,21,45,3,5,6,-26.89,151.0,2168.26,37151.840029,0.49999999999999994,-0.8660254037844387,7023.355,124.11
2026-06-06 20:00:00+00:00,2026-06-06 22:00:00+02:00,2026-06-06,22,0,0,5,6,-21.569999999999993,154.6,2259.91,36230.252745,0.49999999999999994,-0.8660254037844387,7472.408,133.03
2026-06-06 20:15:00+00:00,2026-06-06 22:15:00+02:00,2026-06-06,22,15,1,5,6,-20.66000000000001,145.68,2380.29,34927.522923,0.49999999999999994,-0.8660254037844387,8051.92875,125.02
2026-06-06 20:30:00+00:00,2026-06-06 22:30:00+02:00,2026-06-06,22,30,2,5,6,-15.599999999999994,136.92,2501.63,33717.988841,0.49999999999999994,-0.8660254037844387,8618.83187,121.32
2026-06-06 20:45:00+00:00,2026-06-06 22:45:00+02:00,2026-06-06,22,45,3,5,6,-24.28,134.38,2618.66,32549.429658999998,0.49999999999999994,-0.8660254037844387,9185.65986,110.1
2026-06-06 21:00:00+00:00,2026-06-06 23:00:00+02:00,2026-06-06,23,0,0,5,6,-17.189999999999998,135.6,2725.4,31343.561379000002,0.49999999999999994,-0.8660254037844387,9727.67578,118.41
2026-06-06 21:15:00+00:00,2026-06-06 23:15:00+02:00,2026-06-06,23,15,1,5,6,-11.64,127.64,2836.38,30236.244604000003,0.49999999999999994,-0.8660254037844387,10156.10159,116.0
2026-06-06 21:30:00+00:00,2026-06-06 23:30:00+02:00,2026-06-06,23,30,2,5,6,-9.08999999999999,120.07,2939.18,29288.546495999995,0.49999999999999994,-0.8660254037844387,10593.17286,110.98
2026-06-06 21:45:00+00:00,2026-06-06 23:45:00+02:00,2026-06-06,23,45,3,5,6,-10.66000000000001,114.29,3034.51,28182.286111,0.49999999999999994,-0.8660254037844387,11053.65307,103.63
2026-06-07 10:00:00+00:00,2026-06-07 12:00:00+02:00,2026-06-07,12,0,0,6,6,11.6,-14.99,2172.75,-994.2152229999992,0.49999999999999994,-0.8660254037844387,16704.47614,-3.39
2026-06-07 10:15:00+00:00,2026-06-07 12:15:00+02:00,2026-06-07,12,15,1,6,6,14.01,-19.0,2191.62,-1436.3658810000052,0.49999999999999994,-0.8660254037844387,16400.9117,-4.99
2026-06-07 10:30:00+00:00,2026-06-07 12:30:00+02:00,2026-06-07,12,30,2,6,6,9.969999999999999,-15.0,2209.83,-1750.5450859999983,0.49999999999999994,-0.8660254037844387,16200.90713,-5.03
2026-06-07 10:45:00+00:00,2026-06-07 12:45:00+02:00,2026-06-07,12,45,3,6,6,-5.25,-1.74,2229.26,-1991.3923920000016,0.49999999999999994,-0.8660254037844387,15990.55144,-6.99
2026-06-07 11:00:00+00:00,2026-06-07 13:00:00+02:00,2026-06-07,13,0,0,6,6,15.64,-23.36,2249.77,-2522.4121589999995,0.49999999999999994,-0.8660254037844387,15745.70115,-7.72
2026-06-07 11:15:00+00:00,2026-06-07 13:15:00+02:00,2026-06-07,13,15,1,6,6,-0.9000000000000004,-10.01,2255.91,-2400.0405279999977,0.49999999999999994,-0.8660254037844387,15461.50047,-10.91
2026-06-07 11:30:00+00:00,2026-06-07 13:30:00+02:00,2026-06-07,13,30,2,6,6,24.43,-40.11,2265.85,-2636.6111699999965,0.49999999999999994,-0.8660254037844387,15322.80027,-15.68
2026-06-07 11:45:00+00:00,2026-06-07 13:45:00+02:00,2026-06-07,13,45,3,6,6,30.46,-50.25,2278.6,-3326.0703409999987,0.49999999999999994,-0.8660254037844387,15156.56699,-19.79
2026-06-07 12:00:00+00:00,2026-06-07 14:00:00+02:00,2026-06-07,14,0,0,6,6,5.700000000000003,-24.78,2290.89,-2431.6721620000026,0.49999999999999994,-0.8660254037844387,12961.69658,-19.08
2026-06-07 12:15:00+00:00,2026-06-07 14:15:00+02:00,2026-06-07,14,15,1,6,6,26.759999999999998,-45.43,2310.42,-2508.234108000004,0.49999999999999994,-0.8660254037844387,12765.14494,-18.67
2026-06-07 12:30:00+00:00,2026-06-07 14:30:00+02:00,2026-06-07,14,30,2,6,6,28.160000000000004,-44.45,2329.88,-2312.9977109999963,0.49999999999999994,-0.8660254037844387,12692.95992,-16.29
2026-06-07 12:45:00+00:00,2026-06-07 14:45:00+02:00,2026-06-07,14,45,3,6,6,29.509999999999998,-45.04,2350.41,-2498.2409960000005,0.49999999999999994,-0.8660254037844387,12654.67891,-15.53
2026-06-07 13:00:00+00:00,2026-06-07 15:00:00+02:00,2026-06-07,15,0,0,6,6,30.44,-50.07,2368.09,-2030.7859439999957,0.49999999999999994,-0.8660254037844387,12745.61763,-19.63
2026-06-07 13:15:00+00:00,2026-06-07 15:15:00+02:00,2026-06-07,15,15,1,6,6,7.539999999999999,-24.59,2375.89,-1902.2826640000058,0.49999999999999994,-0.8660254037844387,12828.49282,-17.05
2026-06-07 13:30:00+00:00,2026-06-07 15:30:00+02:00,2026-06-07,15,30,2,6,6,20.78,-31.78,2364.17,-2080.935203000001,0.49999999999999994,-0.8660254037844387,12978.85506,-11.0
2026-06-07 13:45:00+00:00,2026-06-07 15:45:00+02:00,2026-06-07,15,45,3,6,6,14.670000000000002,-23.87,2373.6,-1903.1731260000088,0.49999999999999994,-0.8660254037844387,13268.83771,-9.2
2026-06-07 14:00:00+00:00,2026-06-07 16:00:00+02:00,2026-06-07,16,0,0,6,6,18.5,-28.06,2361.89,-1138.1346950000006,0.49999999999999994,-0.8660254037844387,13562.19087,-9.56
2026-06-07 14:15:00+00:00,2026-06-07 16:15:00+02:00,2026-06-07,16,15,1,6,6,-0.5999999999999996,-8.4,2358.9,-701.4106749999992,0.49999999999999994,-0.8660254037844387,13955.21173,-9.0
2026-06-07 14:30:00+00:00,2026-06-07 16:30:00+02:00,2026-06-07,16,30,2,6,6,10.69,-12.79,2327.08,316.35429699999804,0.49999999999999994,-0.8660254037844387,14278.47457,-2.1
2026-06-07 14:45:00+00:00,2026-06-07 16:45:00+02:00,2026-06-07,16,45,3,6,6,-17.610000000000003,16.1,2325.86,1258.2262730000002,0.49999999999999994,-0.8660254037844387,14629.06322,-1.51
2026-06-07 15:00:00+00:00,2026-06-07 17:00:00+02:00,2026-06-07,17,0,0,6,6,12.629999999999999,-14.7,2325.26,3230.1585050000067,0.49999999999999994,-0.8660254037844387,14954.35132,-2.07
2026-06-07 15:15:00+00:00,2026-06-07 17:15:00+02:00,2026-06-07,17,15,1,6,6,-2.5,-1.0,2294.11,4268.6948520000005,0.49999999999999994,-0.8660254037844387,15170.91522,-3.5
2026-06-07 15:30:00+00:00,2026-06-07 17:30:00+02:00,2026-06-07,17,30,2,6,6,-15.280000000000001,18.89,2255.92,6055.704662999997,0.49999999999999994,-0.8660254037844387,15362.17788,3.61
2026-06-07 15:45:00+00:00,2026-06-07 17:45:00+02:00,2026-06-07,17,45,3,6,6,-3.5500000000000007,16.55,2222.82,8446.902146,0.49999999999999994,-0.8660254037844387,15437.96631,13.0
2026-06-07 16:00:00+00:00,2026-06-07 18:00:00+02:00,2026-06-07,18,0,0,6,6,16.95,0.05,4188.14,9683.087043,0.49999999999999994,-0.8660254037844387,15432.64549,17.0
2026-06-07 16:15:00+00:00,2026-06-07 18:15:00+02:00,2026-06-07,18,15,1,6,6,21.65,21.29,4110.99,12566.753234999996,0.49999999999999994,-0.8660254037844387,15295.52596,42.94
2026-06-07 16:30:00+00:00,2026-06-07 18:30:00+02:00,2026-06-07,18,30,2,6,6,4.6299999999999955,87.9,4035.03,15700.383534999994,0.49999999999999994,-0.8660254037844387,14873.41049,92.53
2026-06-07 16:45:00+00:00,2026-06-07 18:45:00+02:00,2026-06-07,18,45,3,6,6,-8.030000000000001,115.97,3947.48,18878.802223,0.49999999999999994,-0.8660254037844387,14253.39154,107.94
2026-06-07 17:00:00+00:00,2026-06-07 19:00:00+02:00,2026-06-07,19,0,0,6,6,16.689999999999998,78.62,3870.97,22104.303654999996,0.49999999999999994,-0.8660254037844387,13556.40754,95.31
2026-06-07 17:15:00+00:00,2026-06-07 19:15:00+02:00,2026-06-07,19,15,1,6,6,7.36999999999999,107.43,3833.88,24903.347168,0.49999999999999994,-0.8660254037844387,12782.73213,114.8
2026-06-07 17:30:00+00:00,2026-06-07 19:30:00+02:00,2026-06-07,19,30,2,6,6,5.359999999999999,120.23,3795.36,27549.811528000002,0.49999999999999994,-0.8660254037844387,12015.68903,125.59
2026-06-07 17:45:00+00:00,2026-06-07 19:45:00+02:00,2026-06-07,19,45,3,6,6,-18.72,148.12,3778.48,29805.28318,0.49999999999999994,-0.8660254037844387,11245.47116,129.4
2026-06-07 18:00:00+00:00,2026-06-07 20:00:00+02:00,2026-06-07,20,0,0,6,6,28.060000000000002,99.75,3742.27,31901.037248,0.49999999999999994,-0.8660254037844387,10457.23526,127.81
2026-06-07 18:15:00+00:00,2026-06-07 20:15:00+02:00,2026-06-07,20,15,1,6,6,5.3799999999999955,125.62,3698.53,33402.463386999996,0.49999999999999994,-0.8660254037844387,9804.51086,131.0
2026-06-07 18:30:00+00:00,2026-06-07 20:30:00+02:00,2026-06-07,20,30,2,6,6,9.409999999999997,129.28,3660.63,34703.27817599999,0.49999999999999994,-0.8660254037844387,9095.36352,138.69
2026-06-07 18:45:00+00:00,2026-06-07 20:45:00+02:00,2026-06-07,20,45,3,6,6,7.930000000000007,135.06,3631.88,35899.516843,0.49999999999999994,-0.8660254037844387,8323.43462,142.99
2026-06-07 19:00:00+00:00,2026-06-07 21:00:00+02:00,2026-06-07,21,0,0,6,6,7.650000000000006,133.35,3580.93,36900.624737000006,0.49999999999999994,-0.8660254037844387,7545.16648,141.0
2026-06-07 19:15:00+00:00,2026-06-07 21:15:00+02:00,2026-06-07,21,15,1,6,6,6.640000000000015,135.01,3541.44,37418.655283,0.49999999999999994,-0.8660254037844387,6992.36817,141.65
2026-06-07 19:30:00+00:00,2026-06-07 21:30:00+02:00,2026-06-07,21,30,2,6,6,3.6999999999999886,141.3,3507.66,37683.303437,0.49999999999999994,-0.8660254037844387,6548.89825,145.0
2026-06-07 19:45:00+00:00,2026-06-07 21:45:00+02:00,2026-06-07,21,45,3,6,6,9.560000000000002,135.0,3469.26,37902.092848,0.49999999999999994,-0.8660254037844387,6145.88561,144.56
2026-06-07 20:00:00+00:00,2026-06-07 22:00:00+02:00,2026-06-07,22,0,0,6,6,4.219999999999999,145.7,3444.39,37958.434483,0.49999999999999994,-0.8660254037844387,5727.12304,149.92
2026-06-07 20:15:00+00:00,2026-06-07 22:15:00+02:00,2026-06-07,22,15,1,6,6,2.3700000000000045,143.25,3437.41,37663.183332,0.49999999999999994,-0.8660254037844387,5476.16286,145.62
2026-06-07 20:30:00+00:00,2026-06-07 22:30:00+02:00,2026-06-07,22,30,2,6,6,6.900000000000006,138.78,3430.59,37416.176624,0.49999999999999994,-0.8660254037844387,5233.1277,145.68
2026-06-07 20:45:00+00:00,2026-06-07 22:45:00+02:00,2026-06-07,22,45,3,6,6,5.900000000000006,136.6,3419.64,37214.311833,0.49999999999999994,-0.8660254037844387,4990.70952,142.5
2026-06-07 21:00:00+00:00,2026-06-07 23:00:00+02:00,2026-06-07,23,0,0,6,6,-1.8999999999999773,148.73,3416.29,36816.089119,0.49999999999999994,-0.8660254037844387,4735.85187,146.83
2026-06-07 21:15:00+00:00,2026-06-07 23:15:00+02:00,2026-06-07,23,15,1,6,6,4.890000000000015,137.92,3428.78,36486.968054,0.49999999999999994,-0.8660254037844387,4524.96219,142.81
2026-06-07 21:30:00+00:00,2026-06-07 23:30:00+02:00,2026-06-07,23,30,2,6,6,15.210000000000008,125.69,3432.67,36249.110384,0.49999999999999994,-0.8660254037844387,4312.19501,140.9
2026-06-07 21:45:00+00:00,2026-06-07 23:45:00+02:00,2026-06-07,23,45,3,6,6,-2.25,139.25,3443.39,36080.711089000004,0.49999999999999994,-0.8660254037844387,4113.23917,137.0
