timestamp_utc,timestamp_local,date_local,hour_local,minute_local,quarter_hour_local,weekday_local,month_local,ida1_minus_da_spread_eur_mwh,da_price_eur_mwh,ida1_minus_da_spread_eur_mwh_rolling_median_14d_same_local_qh,ida1_minus_da_spread_eur_mwh_rolling_mean_28d_same_local_qh,ida1_minus_da_spread_eur_mwh_lag_1d_same_local_qh,wind_onshore_da_forecast_error_mw_lag_1d_same_local_qh,wind_total_forecast_revision_id_minus_da_mw_rolling_std_3d_same_local_qh,wind_offshore_da_forecast_error_mw_rolling_mean_14d_same_local_qh,residual_load_revision_id_minus_da_approx_mw_rolling_mean_14d_same_local_qh,month_sin,wind_total_forecast_revision_id_minus_da_mw_lag_1d_same_local_qh,ida1_minus_da_spread_eur_mwh_lag_7d_same_local_qh,da_price_eur_mwh_regime_vol_28d,solar_forecast_da_mw_lag_1d_same_local_qh,wind_onshore_forecast_da_mw_lag_1d_same_local_qh,da_price_eur_mwh_rolling_std_7d_same_local_qh,load_da_forecast_error_mw_rolling_median_3d_same_local_qh,wind_offshore_da_forecast_error_mw_rolling_std_3d_same_local_qh,wind_offshore_forecast_id_mw_lag_2d_same_local_qh,load_forecast_da_mw_lag_7d_same_local_qh,residual_load_revision_id_minus_da_approx_mw_rolling_median_7d_same_local_qh,da_price_eur_mwh_rolling_std_28d_same_local_qh,month_cos,ida1_price_eur_mwh
2026-05-13 12:00:00+00:00,2026-05-13 14:00:00+02:00,2026-05-13,14,0,0,2,5,0.8299999999999983,66.8,12.229999999999997,-8.864705882352938,5.890000000000001,4555.691869999999,765.6036567107103,18.25544444444429,358.1850636428574,0.8660254037844387,926.4065100000007,8.579999999999998,94.64417414088196,32087.60852,20773.4669,48.26143160902312,-5785.791547499997,601.3773468364103,3752.47,60584.128585,784.448350000006,94.64417414088196,-0.4999999999999998,67.63
2026-05-13 12:15:00+00:00,2026-05-13 14:15:00+02:00,2026-05-13,14,15,1,2,5,2.030000000000001,66.8,17.78,-3.2400000000000024,3.620000000000001,4440.54305,719.2287158883355,16.10144444444452,443.23040685714244,0.8660254037844387,947.6486699999987,6.069999999999993,82.93197891513671,31817.09624,21006.54037,48.453460095623,-5463.439553000004,624.4714543099628,3609.98,59892.945279,803.548700000003,82.93197891513671,-0.4999999999999998,68.83
2026-05-13 12:30:00+00:00,2026-05-13 14:30:00+02:00,2026-05-13,14,30,2,2,5,7.980000000000004,66.8,20.02,3.1117647058823525,6.140000000000001,4138.145260000001,724.5555033046079,29.354777777777763,446.2195481428576,0.8660254037844387,977.2120800000012,6.679999999999993,120.3072508161576,31504.99497,21171.62938,48.1271020072795,-6069.285327000001,449.59829046828014,3601.54,60212.7567,596.878349999999,120.3072508161576,-0.4999999999999998,74.78
2026-05-13 12:45:00+00:00,2026-05-13 14:45:00+02:00,2026-05-13,14,45,3,2,5,3.6500000000000057,66.8,23.41,8.542352941176473,9.990000000000002,3680.391489999998,740.5352456089585,15.1086666666668,436.816864642859,0.8660254037844387,1006.339390000001,11.25,106.3048296249392,31048.17236,21349.70789,48.669494797147955,-5774.548193499999,566.962459796061,3591.16,59566.884315,440.4260600000016,106.3048296249392,-0.4999999999999998,70.45
2026-05-13 13:00:00+00:00,2026-05-13 15:00:00+02:00,2026-05-13,15,0,0,2,5,-8.36,79.32,0.46999999999999886,-13.700000000000001,-0.0800000000000054,3788.4825699999965,743.2836613025688,103.57355555555561,414.265642357143,0.8660254037844387,1006.8045899999997,0.46999999999999886,80.19087204121257,30458.97,21447.93124,46.79361342259112,-6414.407528000003,101.49810737151732,3572.08,59774.725405,361.28312000000005,80.19087204121257,-0.4999999999999998,70.96
2026-05-13 13:15:00+00:00,2026-05-13 15:15:00+02:00,2026-05-13,15,15,1,2,5,-0.12999999999999545,79.32,6.869999999999997,-6.328823529411763,6.869999999999997,3603.8704199999993,737.2095215614934,92.98755555555564,387.40531242857236,0.8660254037844387,986.2174400000004,1.3900000000000006,79.85190905852541,29819.80387,21647.79935,47.21746887187685,-6464.700144500002,228.06315013609733,3540.69,58535.56601,383.1090499999955,79.85190905852541,-0.4999999999999998,79.19
2026-05-13 13:30:00+00:00,2026-05-13 15:30:00+02:00,2026-05-13,15,30,2,2,5,4.090000000000003,79.32,11.189999999999998,4.827647058823528,13.949999999999996,3644.5750399999997,736.7694862599545,91.53111111111107,328.0894930714304,0.8660254037844387,966.7859700000008,4.730000000000004,67.30270204564988,28984.08579,21862.20137,47.299550687486345,-6338.986337000002,154.46606213663915,3510.25,58808.945427,447.29977000000144,67.30270204564988,-0.4999999999999998,83.41
2026-05-13 13:45:00+00:00,2026-05-13 15:45:00+02:00,2026-05-13,15,45,3,2,5,8.960000000000008,79.32,20.14,15.747647058823528,21.059999999999995,2951.0862899999993,717.7461024391409,118.3263333333334,300.11272214285884,0.8660254037844387,922.096709999998,6.700000000000003,67.02194192159617,27957.36678,22043.58152,48.31620910113686,-6474.255535,22.09213716461126,3483.89,58145.657686,478.0306599999967,67.02194192159617,-0.4999999999999998,88.28
2026-05-13 14:00:00+00:00,2026-05-13 16:00:00+02:00,2026-05-13,16,0,0,2,5,-12.690000000000012,91.01,-2.87,-13.014117647058823,-2.0600000000000023,2334.8036699999975,715.916598208446,166.6633333333334,283.30524500000035,0.8660254037844387,893.3133699999962,-9.070000000000007,57.653315688870535,26859.89122,22258.5299,41.777143842286684,-6288.0265679999975,117.56993740110623,3443.61,58972.736629,435.46589999999924,57.653315688870535,-0.4999999999999998,78.32
2026-05-13 14:15:00+00:00,2026-05-13 16:15:00+02:00,2026-05-13,16,15,1,2,5,-1.0100000000000051,91.01,0.8399999999999999,-3.0070588235294147,13.230000000000004,1904.6448400000008,691.1851711618746,166.9775555555555,306.69431428571573,0.8660254037844387,781.1568499999994,-7.260000000000005,51.55769090448196,25638.0157,22395.82917,41.47924076313009,-6696.228804499999,267.2616145511729,3361.91,59075.3302,331.5543900000048,51.55769090448196,-0.4999999999999998,90.0
2026-05-13 14:30:00+00:00,2026-05-13 16:30:00+02:00,2026-05-13,16,30,2,2,5,6.5,91.01,5.32,8.637058823529415,28.480000000000004,1210.7359199999992,722.5652214190039,215.79811111111107,329.4662057142858,0.8660254037844387,660.5005899999996,0.9299999999999926,50.18469081366841,24356.36129,22536.0346,43.83117226249934,-6727.809552999999,95.59164442826605,3283.75,59408.988501,630.5220899999986,50.18469081366841,-0.4999999999999998,97.51
2026-05-13 14:45:00+00:00,2026-05-13 16:45:00+02:00,2026-05-13,16,45,3,2,5,17.69999999999999,91.01,12.540000000000006,20.040000000000003,33.58,256.7869299999984,808.213435447065,275.61355555555554,364.3630092857142,0.8660254037844387,530.1052500000005,10.25,50.30745935412139,22873.45111,22653.39384,46.27586859569253,-6758.950890000004,127.41922775625339,3207.81,59263.898652,938.8665399999991,50.30745935412139,-0.4999999999999998,108.71
2026-05-13 15:00:00+00:00,2026-05-13 17:00:00+02:00,2026-05-13,17,0,0,2,5,-13.760000000000005,111.65,-25.210000000000008,-26.504705882352944,-15.709999999999994,-658.6356899999992,954.7123872336296,305.82711111111126,372.0211735714282,0.8660254037844387,416.2344099999973,-14.830000000000013,46.42031739511856,21234.72238,22704.41113,19.163230168118897,-6268.086439500003,34.18790576358786,3122.29,59246.279924,696.1926600000006,46.42031739511856,-0.4999999999999998,97.89
2026-05-13 15:15:00+00:00,2026-05-13 17:15:00+02:00,2026-05-13,17,15,1,2,5,-0.6600000000000108,111.65,-6.38000000000001,-9.767058823529412,1.4399999999999977,-1304.3647799999999,1037.2248179371659,344.15811111111134,377.03886142857147,0.8660254037844387,309.82558999999674,-6.38000000000001,44.244905405765905,19464.43063,22567.84159,21.951421257819675,-6009.116450999994,96.00600900204154,3074.73,60296.556872,495.9082699999926,44.244905405765905,-0.4999999999999998,110.99
2026-05-13 15:30:00+00:00,2026-05-13 17:30:00+02:00,2026-05-13,17,30,2,2,5,11.409999999999997,111.65,5.759999999999991,9.094705882352939,11.040000000000006,-1454.3346700000002,1137.2593592029054,369.38499999999993,381.3413357142862,0.8660254037844387,182.65782000000036,2.6999999999999886,43.58721381098196,17601.95227,22419.00441,23.144026381401606,-5512.2913194999965,176.91104558506237,3035.94,59627.163344,587.3262499999983,43.58721381098196,-0.4999999999999998,123.06
2026-05-13 15:45:00+00:00,2026-05-13 17:45:00+02:00,2026-05-13,17,45,3,2,5,20.409999999999997,111.65,32.19,32.64,24.040000000000006,-1572.0344299999997,1269.4477133690868,395.87866666666656,389.3908757142851,0.8660254037844387,106.37785000000076,12.819999999999993,43.52329920791654,15664.96366,22063.19589,24.98318930038866,-4645.374389999997,14.452555500671739,2986.2,59597.421018,606.4922999999981,43.52329920791654,-0.4999999999999998,132.06
2026-05-13 16:00:00+00:00,2026-05-13 18:00:00+02:00,2026-05-13,18,0,0,2,5,-18.89,133.28,-17.019999999999996,-24.554705882352938,-16.14,-1714.8356399999975,1425.3124677841915,417.6536666666668,394.49963642857176,0.8660254037844387,16.15943999999945,-17.019999999999996,34.61473594167861,13743.02115,21599.52523,11.07142374807878,-4093.464466499998,134.0929015570921,2950.75,59190.897533,619.3269499999951,34.61473594167861,-0.4999999999999998,114.39
2026-05-13 16:15:00+00:00,2026-05-13 18:15:00+02:00,2026-05-13,18,15,1,2,5,-4.349999999999994,133.28,-4.75,-6.217647058823529,-4.140000000000001,-1912.7640200000023,1603.393630903862,430.20211111111115,390.33397357142843,0.8660254037844387,11.634399999999005,-8.659999999999997,30.376627397777824,11845.71675,20944.00196,13.931822941606287,-4063.9183250000024,276.71209668173157,2990.71,59228.188471,537.893839999997,30.376627397777824,-0.4999999999999998,128.93
2026-05-13 16:30:00+00:00,2026-05-13 18:30:00+02:00,2026-05-13,18,30,2,2,5,4.8300000000000125,133.28,6.409999999999997,9.165294117647058,6.409999999999997,-2285.9324300000007,1769.317480048003,420.52233333333334,372.7608778571435,0.8660254037844387,-21.837040000002162,2.5900000000000034,26.18419801700214,9982.47229,20284.35982,15.1604383339077,-3726.9887495000003,197.70564180619627,3035.56,59863.577708,470.79235999999946,26.18419801700214,-0.4999999999999998,138.11
2026-05-13 16:45:00+00:00,2026-05-13 18:45:00+02:00,2026-05-13,18,45,3,2,5,17.30000000000001,133.28,15.590000000000003,21.03,15.310000000000002,-2769.0433999999987,1865.357701285866,395.4211111111113,365.87024428571414,0.8660254037844387,-171.01627000000008,14.849999999999994,31.949609123558158,8198.13618,19616.81552,20.14612771489251,-3771.2544080000007,93.18889558579406,3109.87,60279.609305,472.10743999999977,31.949609123558158,-0.4999999999999998,150.58
2026-05-13 17:00:00+00:00,2026-05-13 19:00:00+02:00,2026-05-13,19,0,0,2,5,-18.379999999999995,152.95,-20.02000000000001,-23.716470588235296,-14.98999999999998,-2825.88235,2023.3914370912032,405.5408888888889,363.3484592857125,0.8660254037844387,-229.88825999999972,-20.870000000000005,34.3959035547732,6511.37349,18904.99125,19.293207292180526,-3193.5063469999986,328.9474888215444,3166.58,59740.588826,505.5636299999969,34.3959035547732,-0.4999999999999998,134.57
2026-05-13 17:15:00+00:00,2026-05-13 19:15:00+02:00,2026-05-13,19,15,1,2,5,-6.9599999999999795,152.95,-12.410000000000025,-11.96764705882353,-7.579999999999984,-2767.916289999999,2026.1787017382237,442.43433333333354,338.3310121428572,0.8660254037844387,-216.69608999999764,-14.120000000000005,31.54706138261246,4934.83811,18100.70095,24.031953728316775,-2920.994515000002,242.24064109888738,3298.65,59918.015819,420.64636999999493,31.54706138261246,-0.4999999999999998,145.99
2026-05-13 17:30:00+00:00,2026-05-13 19:30:00+02:00,2026-05-13,19,30,2,2,5,0.15000000000000568,152.95,1.3300000000000125,3.5082352941176436,1.3300000000000125,-2644.0108499999988,2038.890074840899,456.3883333333333,310.75185857143,0.8660254037844387,-192.5183700000016,-5.639999999999986,29.33352690006459,3526.9232,17299.72052,21.772457371642034,-2922.030453499996,201.11036095760954,3425.95,59773.28715,334.82702000000427,29.33352690006459,-0.4999999999999998,153.1
2026-05-13 17:45:00+00:00,2026-05-13 19:45:00+02:00,2026-05-13,19,45,3,2,5,21.390000000000015,152.95,13.320000000000007,25.226470588235287,15.400000000000006,-2779.6884100000007,2029.5583397835737,445.1255555555559,282.06133642857304,0.8660254037844387,-151.8720600000015,5.240000000000009,30.539567742251684,2341.55105,16606.87999,32.53020771968217,-2511.9356245000017,81.51031998771698,3542.04,59314.495699,241.22177000000374,30.539567742251684,-0.4999999999999998,174.34
2026-05-13 18:00:00+00:00,2026-05-13 20:00:00+02:00,2026-05-13,20,0,0,2,5,-8.680000000000007,172.78,-1.7199999999999989,1.8835294117647015,-3.490000000000009,-2663.042020000001,2029.0475059037103,512.7483333333332,257.0011807142852,0.8660254037844387,-108.89634000000297,-15.29000000000002,31.649891970945085,1420.56392,15951.50683,30.95230293763079,-2100.9047494999977,200.0808134842015,3682.11,58320.584612,160.02674000000115,31.649891970945085,-0.4999999999999998,164.1
2026-05-13 18:15:00+00:00,2026-05-13 20:15:00+02:00,2026-05-13,20,15,1,2,5,-4.969999999999999,172.78,-2.8200000000000216,0.8711764705882333,-0.04999999999998295,-2286.7427400000015,1963.2035883870876,533.688222222222,232.447438571428,0.8660254037844387,-124.9315600000009,-12.240000000000009,31.158633477924432,782.37714,15469.3893,32.98567654517456,-2192.0742544999994,267.39384351925554,3907.78,57907.963543,154.99313999999868,31.158633477924432,-0.4999999999999998,167.81
2026-05-13 18:30:00+00:00,2026-05-13 20:30:00+02:00,2026-05-13,20,30,2,2,5,1.4300000000000068,172.78,-1.25,-0.9588235294117662,2.6200000000000045,-1815.2503499999984,1898.1984688349394,569.7736666666666,208.00756571428533,0.8660254037844387,-120.99148000000059,-11.129999999999995,30.611132610253907,376.32658,15207.3414,32.21373915701489,-2540.6354384999977,228.11547603790532,4134.34,57867.650516,140.20853000000352,30.611132610253907,-0.4999999999999998,174.21
2026-05-13 18:45:00+00:00,2026-05-13 20:45:00+02:00,2026-05-13,20,45,3,2,5,1.0600000000000023,172.78,-3.2700000000000102,-10.25470588235294,1.0300000000000011,-1322.5301800000016,1838.5114848126925,568.4162222222219,192.8014778571425,0.8660254037844387,-121.5412299999989,-1.2600000000000193,32.75829892024559,146.33148,14987.55836,38.87686434053542,-2542.3094029999993,42.28215708783099,4354.73,57443.665829,130.804670000005,32.75829892024559,-0.4999999999999998,173.84
2026-05-13 19:00:00+00:00,2026-05-13 21:00:00+02:00,2026-05-13,21,0,0,2,5,22.360000000000014,157.63,10.340000000000003,16.64941176470588,10.0,-1020.0043000000005,1771.1378143417958,493.54588888888895,193.19557428571403,0.8660254037844387,-151.25516000000061,6.950000000000017,30.62737630560409,40.98878,14876.09985,31.423913929786924,-2210.280379,302.22663066728603,4570.51,56503.174281,267.566899999998,30.62737630560409,-0.4999999999999998,179.99
2026-05-13 19:15:00+00:00,2026-05-13 21:15:00+02:00,2026-05-13,21,15,1,2,5,5.659999999999997,157.63,2.6599999999999966,0.5670588235294076,2.6599999999999966,-919.5059600000004,1654.768032221193,445.39444444444456,178.44022714285788,0.8660254037844387,-257.90337,2.6899999999999977,21.663731461743975,16.02119,14955.5849,24.747088525242585,-1873.1160229999987,498.3412822158122,4802.58,55779.190568,329.60916,21.663731461743975,-0.4999999999999998,163.29
2026-05-13 19:30:00+00:00,2026-05-13 21:30:00+02:00,2026-05-13,21,30,2,2,5,-4.900000000000006,157.63,-5.939999999999998,-9.139411764705885,-5.939999999999998,-616.1920900000005,1518.2349939129729,447.3358888888889,161.11236071428644,0.8660254037844387,-384.34871000000203,-4.310000000000002,20.69162354801866,0.0,15044.62378,22.316437674418015,-1892.3616975000004,668.5927961356599,5023.65,54827.214292,384.3487099999984,20.69162354801866,-0.4999999999999998,152.73
2026-05-13 19:45:00+00:00,2026-05-13 21:45:00+02:00,2026-05-13,21,45,3,2,5,-13.030000000000001,157.63,-13.980000000000018,-16.942941176470594,-13.980000000000018,-482.70110999999997,1372.0899476011452,474.0567777777776,143.13590357142962,0.8660254037844387,-512.5830399999977,-17.169999999999987,21.97538039229914,,15136.65825,21.856775347050515,-1721.8920445000003,798.3532544444217,5245.01,54019.133927,512.5830399999977,21.97538039229914,-0.4999999999999998,144.6
2026-05-13 20:00:00+00:00,2026-05-13 22:00:00+02:00,2026-05-13,22,0,0,2,5,11.77000000000001,140.42,8.419999999999987,7.477058823529412,5.199999999999989,-188.5027599999994,1295.4863019947222,487.96699999999987,125.78057785714243,0.8660254037844387,-511.7174699999996,10.969999999999999,16.39209586594417,,15115.06192,14.472572746569986,-2101.487621,878.4514821901095,5431.66,53319.419942,511.71747000000323,16.39209586594417,-0.4999999999999998,152.19
2026-05-13 20:15:00+00:00,2026-05-13 22:15:00+02:00,2026-05-13,22,15,1,2,5,4.5800000000000125,140.42,1.8700000000000045,0.45411764705882307,-0.2300000000000182,18.9706299999998,1283.362064546491,549.8876666666665,108.46437357142739,0.8660254037844387,-487.8463400000037,2.9799999999999898,15.2803633367706,,15331.79839,12.19495036011643,-2193.9638689999992,748.3240354619115,5579.07,52333.267702,525.3329900000026,15.2803633367706,-0.4999999999999998,145.0
2026-05-13 20:30:00+00:00,2026-05-13 22:30:00+02:00,2026-05-13,22,30,2,2,5,-4.039999999999992,140.42,-3.0,-4.1782352941176475,-1.6400000000000148,621.7828899999986,1273.374099230577,620.4285555555551,95.37690142857198,0.8660254037844387,-447.6218000000008,-3.0,16.001922251428468,,15548.34301,10.822983040952316,-2185.4178384999977,567.982107774532,5739.48,51111.286734,577.8186600000045,16.001922251428468,-0.4999999999999998,136.38
2026-05-13 20:45:00+00:00,2026-05-13 22:45:00+02:00,2026-05-13,22,45,3,2,5,-9.149999999999977,140.42,-7.47999999999999,-10.57294117647059,-7.010000000000005,500.4935399999995,1295.1041310181065,630.3741111111112,77.48366857142848,0.8660254037844387,-368.51226999999926,-15.120000000000005,16.548695448033406,,15795.2281,11.154707312972004,-2511.831382500004,576.0841372733673,5889.73,50262.171823,565.2703099999999,16.548695448033406,-0.4999999999999998,131.27
2026-05-13 21:00:00+00:00,2026-05-13 23:00:00+02:00,2026-05-13,23,0,0,2,5,5.099999999999994,123.87,6.460000000000008,5.303529411764708,6.150000000000006,320.14921999999933,1339.1539514728863,625.4695555555559,60.71049785714214,0.8660254037844387,-262.06277000000046,11.989999999999995,15.133358628745485,,16049.63861,15.126169061470227,-2395.5605069999983,522.1078482382733,5988.21,49085.74365,550.5948500000013,15.133358628745485,-0.4999999999999998,128.97
2026-05-13 21:15:00+00:00,2026-05-13 23:15:00+02:00,2026-05-13,23,15,1,2,5,2.3100000000000023,123.87,2.719999999999999,0.298235294117645,-0.09999999999999432,355.72063999999955,1412.1657127206308,587.7526666666668,67.55050285714242,0.8660254037844387,-137.7414800000006,2.8599999999999994,14.70245707068495,,16340.07261,12.976049732744114,-2691.5547399999996,436.65328662509796,5991.34,48319.769678,518.0970900000029,14.70245707068495,-0.4999999999999998,126.18
2026-05-13 21:30:00+00:00,2026-05-13 23:30:00+02:00,2026-05-13,23,30,2,2,5,-4.3700000000000045,123.87,0.14999999999999147,-2.6329411764705872,-2.510000000000005,315.65409,1477.953065749116,533.9932222222221,75.93138714285669,0.8660254037844387,-27.961419999999634,2.200000000000003,14.525153675114872,,16650.25135,10.252078534897143,-2953.7196895000016,559.4890482257006,5988.56,47749.099242,491.7216800000024,14.525153675114872,-0.4999999999999998,119.5
2026-05-13 21:45:00+00:00,2026-05-13 23:45:00+02:00,2026-05-13,23,45,3,2,5,-3.480000000000004,123.87,-6.260000000000005,-8.177647058823528,-12.25,326.2852500000008,1530.392084145372,569.2937777777776,87.99286642857156,0.8660254037844387,70.68465000000288,1.75,13.578781937836965,,16977.44993,9.546002653815009,-2855.671328999997,356.0431135698316,5991.24,47110.357741,454.36023000000205,13.578781937836965,-0.4999999999999998,120.39
2026-05-14 22:00:00+00:00,2026-05-15 00:00:00+02:00,2026-05-15,0,0,0,4,5,10.030000000000001,133.05,9.28500000000001,5.5917647058823565,,,226.52469715490594,509.4203750000001,30.157254999998777,0.8660254037844387,-211.7445400000015,9.700000000000017,15.952600503701545,0.0,13825.54075,12.89281416692475,-2909.306487499998,205.0843010678782,3735.92,47361.138758,211.7445399999997,15.952600503701545,-0.4999999999999998,143.08
2026-05-14 22:15:00+00:00,2026-05-15 00:15:00+02:00,2026-05-15,0,15,1,4,5,3.9499999999999886,133.05,0.8900000000000006,1.5935294117647079,,,340.70105344961917,540.6808750000004,-58.347089285715164,0.8660254037844387,33.73790000000008,4.710000000000008,15.14917118849744,,13914.8431,16.03031800177731,-3243.0975944999955,108.30613146078151,3714.54,46753.569323,79.82682999999815,15.14917118849744,-0.4999999999999998,137.0
2026-05-14 22:30:00+00:00,2026-05-15 00:30:00+02:00,2026-05-15,0,30,2,4,5,3.2399999999999807,133.05,-1.1199999999999974,-1.6594117647058813,,,370.2622778532642,552.8037499999999,62.96337142857062,0.8660254037844387,3.3063700000002427,-0.9799999999999898,14.654226916981525,,14006.66959,12.165074912183737,-2839.6162870000007,118.96435197360593,3621.82,46339.582745,227.7922299999991,14.654226916981525,-0.4999999999999998,136.29
2026-05-14 22:45:00+00:00,2026-05-15 00:45:00+02:00,2026-05-15,0,45,3,4,5,-1.4000000000000057,133.05,-4.349999999999994,-4.167647058823526,,,398.9554143468663,548.49325,67.45741071428529,0.8660254037844387,-209.36469000000034,-5.249999999999986,12.785425249459932,,14109.59185,10.201664663413831,-2940.4961404999995,30.55832665575744,3570.34,45949.729575,209.36468999999852,12.785425249459932,-0.4999999999999998,131.65
2026-05-14 23:00:00+00:00,2026-05-15 01:00:00+02:00,2026-05-15,1,0,0,4,5,8.5,128.49,3.8500000000000085,2.9582352941176473,,,287.3414102296716,623.6148750000002,95.14532000000015,0.8660254037844387,-220.5077000000001,4.02000000000001,11.279567582192803,,14190.86802,10.850890681019628,-2927.1091570000026,513.4323551398958,3633.56,45620.884642,370.89250000000175,11.279567582192803,-0.4999999999999998,136.99
2026-05-14 23:15:00+00:00,2026-05-15 01:15:00+02:00,2026-05-15,1,15,1,4,5,3.1699999999999875,128.49,0.22500000000000142,0.2023529411764716,,,435.29959977538994,644.4627500000004,89.94084714285704,0.8660254037844387,42.539559999999256,0.5,11.285404935147485,,14271.74731,12.017649322480272,-2677.774118000001,367.5286490166441,3742.41,45159.437631,304.2092899999989,11.285404935147485,-0.4999999999999998,131.66
2026-05-14 23:30:00+00:00,2026-05-15 01:30:00+02:00,2026-05-15,1,30,2,4,5,3.8499999999999943,128.49,-0.7249999999999943,-0.4729411764705861,,,550.861441400564,676.930875,73.74772714285713,0.8660254037844387,-59.6266599999999,-1.1999999999999886,11.045303989099805,,14362.6532,10.358403076040606,-2399.285373499999,253.1088723257252,3821.61,44953.70816,386.09472999999707,11.045303989099805,-0.4999999999999998,132.34
2026-05-14 23:45:00+00:00,2026-05-15 01:45:00+02:00,2026-05-15,1,45,3,4,5,3.509999999999991,128.49,-2.1399999999999935,-2.0347058823529407,,,454.9367509429601,631.9302499999999,6.21055642857131,0.8660254037844387,10.41946999999891,-1.289999999999992,11.222482678102734,,14436.59438,11.502141415530678,-2533.1663995000017,306.5541241681478,3820.97,44838.040115,212.75455000000147,11.222482678102734,-0.4999999999999998,132.0
2026-05-15 00:00:00+00:00,2026-05-15 02:00:00+02:00,2026-05-15,2,0,0,4,5,10.519999999999996,122.11,1.8699999999999974,0.22588235294117417,,,276.56010179769237,575.1708750000001,-46.18392285714305,0.8660254037844387,167.9014900000002,0.9399999999999977,14.702002720537866,,14473.07181,11.757954551625549,-2549.7747910000035,236.53782490861883,3959.65,44504.806321,164.33836000000156,14.702002720537866,-0.4999999999999998,132.63
2026-05-15 00:15:00+00:00,2026-05-15 02:15:00+02:00,2026-05-15,2,15,1,4,5,9.230000000000004,122.11,0.9200000000000017,-0.2658823529411787,,,252.18463824416963,516.4783750000001,-91.70891714285712,0.8660254037844387,239.2009399999988,0.29000000000000625,9.820299163536383,,14481.76625,10.85649070723093,-2876.710549999996,50.243472337210015,4020.6,44343.10161,237.5697599999985,9.820299163536383,-0.4999999999999998,131.34
2026-05-15 00:30:00+00:00,2026-05-15 02:30:00+02:00,2026-05-15,2,30,2,4,5,7.079999999999998,122.11,0.9899999999999949,0.10588235294117192,,,301.59894900664057,451.24975000000006,-6.570272142856993,0.8660254037844387,170.5869500000008,0.5999999999999943,10.623396430500746,,14497.48714,10.883978614284347,-2938.0785469999973,214.24204099102488,4025.74,44279.777394,344.0725600000005,10.623396430500746,-0.4999999999999998,129.19
2026-05-15 00:45:00+00:00,2026-05-15 02:45:00+02:00,2026-05-15,2,45,3,4,5,6.829999999999998,122.11,-0.865000000000002,-0.5570588235294134,,,320.05164354611793,410.41750000000025,15.436086428571018,0.8660254037844387,169.26404999999977,-1.8499999999999943,10.582910177766822,,14517.76546,11.812193860985941,-2980.424821999997,326.54403287229144,4075.72,44164.608095,193.47059999999692,10.582910177766822,-0.4999999999999998,128.94
2026-05-15 01:00:00+00:00,2026-05-15 03:00:00+02:00,2026-05-15,3,0,0,4,5,6.539999999999992,119.95,0.365000000000002,-1.0017647058823558,,,214.3986201986004,421.740375,65.4402178571428,0.8660254037844387,68.04019000000153,-0.7999999999999972,10.404729948009766,,14525.88127,11.766823012586155,-3156.0567980000014,247.2207941587837,4107.14,44128.631308,200.12546999999904,10.404729948009766,-0.4999999999999998,126.49
2026-05-15 01:15:00+00:00,2026-05-15 03:15:00+02:00,2026-05-15,3,15,1,4,5,6.039999999999992,119.95,-0.05000000000000426,-1.0100000000000007,,,142.52724354076466,427.8486249999997,128.90655500000062,0.8660254037844387,-27.830120000000534,-0.6500000000000057,10.308582082433492,,14526.35557,11.582326232340932,-2889.210430000003,172.32616521584853,4098.62,44156.719037,183.4530100000011,10.308582082433492,-0.4999999999999998,125.99
2026-05-15 01:30:00+00:00,2026-05-15 03:30:00+02:00,2026-05-15,3,30,2,4,5,5.6499999999999915,119.95,-0.4350000000000023,-0.8952941176470605,,,119.71434127527267,415.43725,216.07799642857182,0.8660254037844387,6.2401799999988725,-0.5600000000000023,10.003359594386016,,14527.99907,10.672022167464625,-2859.6590854999995,42.310441359078105,4101.83,44403.818935,196.68254999999772,10.003359594386016,-0.4999999999999998,125.6
2026-05-15 01:45:00+00:00,2026-05-15 03:45:00+02:00,2026-05-15,3,45,3,4,5,5.239999999999995,119.95,-0.1700000000000017,0.17294117647058768,,,139.64970279358894,427.98962500000016,283.36709785714294,0.8660254037844387,-3.723490000000311,-1.019999999999996,9.362078891145082,,14531.13816,10.681569797241233,-3219.530971,57.27777059645402,4059.11,44701.906301,201.68900999999823,9.362078891145082,-0.4999999999999998,125.19
2026-05-15 02:00:00+00:00,2026-05-15 04:00:00+02:00,2026-05-15,4,0,0,4,5,4.170000000000002,122.09,-0.8349999999999937,-3.3517647058823523,,,105.91324280532936,421.239875,308.1733535714284,0.8660254037844387,-159.4407200000005,-3.75,9.344293706200112,,14533.34354,11.608826691051275,-2791.9117205000002,298.9081785431769,4011.33,45285.571791,130.54807999999684,9.344293706200112,-0.4999999999999998,126.26
2026-05-15 02:15:00+00:00,2026-05-15 04:15:00+02:00,2026-05-15,4,15,1,4,5,2.989999999999995,122.09,-0.05500000000000682,-2.1129411764705868,,,272.9189340490032,401.4278750000001,333.46542071428536,0.8660254037844387,-291.3492299999998,-2.339999999999989,9.902035885744212,,14479.87719,10.218895430012338,-2867.2367369999993,208.6134710127796,3918.89,45543.089111,213.7738999999965,9.902035885744212,-0.4999999999999998,125.08
2026-05-15 02:30:00+00:00,2026-05-15 04:30:00+02:00,2026-05-15,4,30,2,4,5,5.450000000000003,122.09,2.469999999999999,0.039999999999999564,,,301.4860355799434,392.8636250000002,342.37856214285756,0.8660254037844387,-149.52188000000024,0.37000000000000455,9.704400845349696,,14426.13036,10.03192214407367,-2718.643603499997,90.26783747271222,3758.55,45947.615713,149.52188000000024,9.704400845349696,-0.4999999999999998,127.54
2026-05-15 02:45:00+00:00,2026-05-15 04:45:00+02:00,2026-05-15,4,45,3,4,5,7.829999999999984,122.09,4.25,2.416470588235294,,,402.913416212734,367.04174999999975,337.8417428571439,0.8660254037844387,-95.1755699999976,2.0700000000000074,15.08033656102068,,14371.20435,10.314949391654018,-3026.759663500001,59.00664667645524,3611.13,46518.676436,161.14935000000696,15.08033656102068,-0.4999999999999998,129.92
2026-05-15 03:00:00+00:00,2026-05-15 05:00:00+02:00,2026-05-15,5,0,0,4,5,-0.9299999999999926,127.27,-2.760000000000005,-7.56529411764706,,,355.29489637903214,344.00825,382.13115071428575,0.8660254037844387,-103.50588000000243,-10.13000000000001,9.460489321438805,1.5,14300.12864,9.660249676355265,-2957.630087499998,72.07044445887601,3435.54,47477.629613,119.28214999999909,9.460489321438805,-0.4999999999999998,126.34
2026-05-15 03:15:00+00:00,2026-05-15 05:15:00+02:00,2026-05-15,5,15,1,4,5,-0.14000000000000057,127.27,0.17999999999999972,-3.786470588235295,,,433.74791302200197,284.42925,461.5924892857144,0.8660254037844387,-315.4735899999996,-8.250000000000014,16.18266988570273,38.4125,14211.41699,9.934184846851947,-2696.6240165000017,18.17688691718116,3171.82,48375.674855,325.0595900000044,16.18266988570273,-0.4999999999999998,127.13
2026-05-15 03:30:00+00:00,2026-05-15 05:30:00+02:00,2026-05-15,5,30,2,4,5,3.980000000000004,127.27,2.450000000000003,0.9870588235294105,,,445.7195241561224,233.26962499999985,542.0732564285715,0.8660254037844387,-247.44666000000143,-2.430000000000007,10.593959669617524,115.13981,14114.72168,10.11085861362694,-2055.7511965000012,67.97771040936858,2932.99,49461.359658,350.54585999999836,10.593959669617524,-0.4999999999999998,131.25
2026-05-15 03:45:00+00:00,2026-05-15 05:45:00+02:00,2026-05-15,5,45,3,4,5,7.11999999999999,127.27,4.680000000000007,5.035294117647057,,,558.840364552119,193.2588750000001,551.1118292857138,0.8660254037844387,84.51573999999891,4.030000000000001,13.963577015535368,345.41725,14010.13651,10.659390896562023,-1635.5506234999993,234.00284709806436,2760.37,50465.946399,429.7513899999976,13.963577015535368,-0.4999999999999998,134.39
2026-05-15 04:00:00+00:00,2026-05-15 06:00:00+02:00,2026-05-15,6,0,0,4,5,-8.319999999999993,137.73,-5.765000000000015,-9.82235294117647,,,409.85998250987535,172.1303750000002,502.46627571428587,0.8660254037844387,167.35990999999922,-13.119999999999976,19.077796739644068,816.88834,14049.8068,13.889042443596407,-1678.340744000001,441.86324938888094,2590.8,52598.854084,406.4398199999996,19.077796739644068,-0.4999999999999998,129.41
2026-05-15 04:15:00+00:00,2026-05-15 06:15:00+02:00,2026-05-15,6,15,1,4,5,-1.9799999999999898,137.73,0.44999999999998863,-1.815882352941174,,,403.91126894084744,127.06750000000024,503.27068714285735,0.8660254037844387,236.8796000000002,-3.9499999999999886,21.218169247532845,1538.04869,13901.11185,14.510460594574376,-1535.8576869999997,408.35558034879324,2401.18,53808.968844,281.28229999999894,21.218169247532845,-0.4999999999999998,135.75
2026-05-15 04:30:00+00:00,2026-05-15 06:30:00+02:00,2026-05-15,6,30,2,4,5,-0.28999999999999204,137.73,1.710000000000008,1.300000000000003,,,437.5952153527891,79.33337499999988,543.1786528571427,0.8660254037844387,223.68066,-2.299999999999983,22.975977732792693,2461.12481,13746.8555,14.676784875637816,-1323.5270759999985,485.43516924559526,2227.28,55253.65049,317.96229999999923,22.975977732792693,-0.4999999999999998,137.44
2026-05-15 04:45:00+00:00,2026-05-15 06:45:00+02:00,2026-05-15,6,45,3,4,5,-1.009999999999991,137.73,3.634999999999998,0.7252941176470562,,,508.4889826930094,43.75687500000002,644.5675807142858,0.8660254037844387,340.8914199999999,-1.0999999999999943,27.089660640627095,3569.87733,13585.71837,16.4212369756229,-1544.9381240000002,644.1580142049776,2072.86,56648.124688,208.54227000000174,27.089660640627095,-0.4999999999999998,136.72
2026-05-15 05:00:00+00:00,2026-05-15 07:00:00+02:00,2026-05-15,7,0,0,4,5,5.489999999999981,134.86,8.584999999999994,10.981764705882354,,,538.3949774684819,10.862749999999927,632.550662857142,0.8660254037844387,313.4304599999996,2.140000000000015,27.610527294137068,4870.5588,13427.19113,21.021117500085296,-2091.9116410000024,749.5572296883006,1946.66,58252.329548,175.77985999999873,27.610527294137068,-0.4999999999999998,140.35
2026-05-15 05:15:00+00:00,2026-05-15 07:15:00+02:00,2026-05-15,7,15,1,4,5,1.4199999999999875,134.86,5.954999999999998,4.292941176470591,,,638.5227982965056,7.664499999999869,677.5599414285708,0.8660254037844387,389.8609699999997,-1.3100000000000023,28.495587839571463,6345.56023,13264.15507,21.48750489625714,-2478.8961004999983,882.1333871997477,1811.18,59325.861569,199.34312999999747,28.495587839571463,-0.4999999999999998,136.28
2026-05-15 05:30:00+00:00,2026-05-15 07:30:00+02:00,2026-05-15,7,30,2,4,5,-3.740000000000009,134.86,-0.134999999999998,-4.722352941176467,,,571.7075477757326,-1.177250000000079,703.842709999999,0.8660254037844387,235.52928999999858,-7.689999999999998,28.791157299148132,7914.87768,13104.6404,23.33608966713113,-2614.8604559999985,917.9822867923433,1643.91,60162.650581,169.79206999999587,28.791157299148132,-0.4999999999999998,131.12
2026-05-15 05:45:00+00:00,2026-05-15 07:45:00+02:00,2026-05-15,7,45,3,4,5,-18.49000000000001,134.86,-8.729999999999997,-16.43,,,591.4839393857528,-1.9580000000000908,748.2447464285704,0.8660254037844387,240.86025999999947,-20.400000000000006,34.22571259514503,9559.63978,12911.39954,21.888879542339723,-3051.7434699999976,1019.6500997913449,1491.33,60912.254857,260.96951000000263,34.22571259514503,-0.4999999999999998,116.37
2026-05-15 06:00:00+00:00,2026-05-15 08:00:00+02:00,2026-05-15,8,0,0,4,5,13.190000000000012,121.05,24.68500000000001,22.086470588235294,,,695.0226378720595,1.7690000000000765,795.4054907142852,0.8660254037844387,308.6635299999998,23.05000000000001,37.89126759802628,11242.08405,12676.70495,29.2695763549792,-3422.767630999999,1079.3299121234897,1353.46,61648.943893,240.0555800000002,37.89126759802628,-0.4999999999999998,134.24
2026-05-15 06:15:00+00:00,2026-05-15 08:15:00+02:00,2026-05-15,8,15,1,4,5,4.689999999999998,121.05,11.569999999999993,7.7841176470588245,,,802.9816806563439,44.105999999999725,749.7337092857144,0.8660254037844387,346.97694000000047,13.400000000000006,37.778280011251645,12984.41317,12525.79703,26.51192525925496,-3188.9070930000016,1207.9512214077602,1240.51,62200.383613,262.74985000000015,37.778280011251645,-0.4999999999999998,125.74
2026-05-15 06:30:00+00:00,2026-05-15 08:30:00+02:00,2026-05-15,8,30,2,4,5,-5.950000000000003,121.05,-1.115000000000009,-4.411764705882356,,,918.6551297869988,53.23687500000008,717.8945178571446,0.8660254037844387,446.9713899999988,-3.609999999999985,39.48567974963928,14737.79304,12471.22346,25.384594221879645,-3315.3029905000003,1286.8593884407103,1127.22,62698.512709,321.6810100000075,39.48567974963928,-0.4999999999999998,115.1
2026-05-15 06:45:00+00:00,2026-05-15 08:45:00+02:00,2026-05-15,8,45,3,4,5,-14.549999999999997,121.05,-19.33,-24.66882352941176,,,906.6315173038201,39.74737500000016,655.711422142857,0.8660254037844387,475.0587000000014,-21.44999999999999,38.65493868390081,16439.4999,12462.43332,27.56557083098521,-3684.0248715000016,1265.8123550986934,1021.56,63276.042065,388.2488900000026,38.65493868390081,-0.4999999999999998,106.5
2026-05-15 07:00:00+00:00,2026-05-15 09:00:00+02:00,2026-05-15,9,0,0,4,5,20.519999999999996,103.34,19.995000000000005,23.65235294117647,,,927.4471172725148,23.82825000000003,677.2488435714289,0.8660254037844387,437.61483000000044,19.070000000000007,48.50638846677757,18032.72635,12412.46028,45.806874562044705,-4656.710165,1216.0200168878805,871.68,62540.500152,614.1971699999995,48.50638846677757,-0.4999999999999998,123.86
2026-05-15 07:15:00+00:00,2026-05-15 09:15:00+02:00,2026-05-15,9,15,1,4,5,13.039999999999992,103.34,6.750000000000007,9.511176470588236,,,941.1192429235738,63.075250000000295,643.7939471428579,0.8660254037844387,410.7259300000005,4.680000000000007,43.279787466836225,19538.48893,12343.88236,40.67211124755371,-4549.2544925,1276.2181384906344,810.34,62990.367029,531.5265800000052,43.279787466836225,-0.4999999999999998,116.38
2026-05-15 07:30:00+00:00,2026-05-15 09:30:00+02:00,2026-05-15,9,30,2,4,5,-2.510000000000005,103.34,-2.6150000000000033,-6.49235294117647,,,956.7384726606939,58.389000000000024,639.4394500000019,0.8660254037844387,383.6579999999976,-7.079999999999998,43.116024335475394,20941.5897,12274.47318,42.17427375387417,-4605.962626999997,1236.1421545601058,751.21,63295.634636,575.5835800000059,43.116024335475394,-0.4999999999999998,100.83
2026-05-15 07:45:00+00:00,2026-05-15 09:45:00+02:00,2026-05-15,9,45,3,4,5,-9.490000000000009,103.34,-12.115000000000009,-23.946470588235297,,,944.8350872257572,45.91700000000013,605.0522450000005,0.8660254037844387,358.9028699999999,-12.519999999999996,43.309165169723066,22216.03218,12189.34559,39.745061208611105,-4939.1239805000005,1143.2665072783775,695.23,63500.980926,552.8653899999917,43.309165169723066,-0.4999999999999998,93.85
2026-05-15 08:00:00+00:00,2026-05-15 10:00:00+02:00,2026-05-15,10,0,0,4,5,10.689999999999998,80.68,13.869999999999997,19.941176470588232,,,931.0172638868794,-85.03837500000016,522.9374507142851,0.8660254037844387,334.8865399999995,18.480000000000004,51.06505850771949,23388.30756,12102.05368,49.276945879772356,-5130.350491999998,984.163945977498,635.43,63294.755242,535.8363800000006,51.06505850771949,-0.4999999999999998,91.37
2026-05-15 08:15:00+00:00,2026-05-15 10:15:00+02:00,2026-05-15,10,15,1,4,5,2.4099999999999966,80.68,2.9750000000000005,3.5335294117647043,,,820.5873510255108,-88.86762499999993,503.81418857142853,0.8660254037844387,307.7351699999999,12.299999999999997,48.26075868757646,24451.2636,11973.00516,47.135107884017856,-5586.429487500001,821.2423009514303,587.72,63157.107406,489.86679999999615,48.26075868757646,-0.4999999999999998,83.09
2026-05-15 08:30:00+00:00,2026-05-15 10:30:00+02:00,2026-05-15,10,30,2,4,5,-2.8400000000000034,80.68,-1.7700000000000036,-6.056470588235296,,,695.4196538383069,-91.43849999999998,491.2362878571424,0.8660254037844387,269.53332000000046,7.400000000000006,49.40690316568422,25416.43312,11842.69093,43.39519629987464,-6143.730856500002,841.4846467764578,544.07,63248.925487,457.11389000000054,49.40690316568422,-0.4999999999999998,77.84
2026-05-15 08:45:00+00:00,2026-05-15 10:45:00+02:00,2026-05-15,10,45,3,4,5,-13.950000000000003,80.68,-3.385,-13.694705882352942,,,603.9128381213628,-99.32037499999979,510.46476714285745,0.8660254037844387,265.7106700000004,4.829999999999998,48.39705526236832,26300.30301,11716.5451,42.23413858367027,-5791.191771500002,917.6301476153121,491.5,63096.651155,565.7366899999979,48.39705526236832,-0.4999999999999998,66.73
2026-05-15 09:00:00+00:00,2026-05-15 11:00:00+02:00,2026-05-15,11,0,0,4,5,11.349999999999994,64.65,9.825000000000003,10.704705882352942,,,496.15687619077084,-84.38287500000007,534.887300714285,0.8660254037844387,215.29925000000003,29.989999999999995,55.45898483511747,27142.44276,11573.37844,46.171021833428114,-5424.6634035000025,934.8665825135155,442.12,62907.275706,499.8294900000037,55.45898483511747,-0.4999999999999998,76.0
2026-05-15 09:15:00+00:00,2026-05-15 11:15:00+02:00,2026-05-15,11,15,1,4,5,2.239999999999995,64.65,6.200000000000001,5.050588235294115,,,410.68046207877893,-92.94837500000011,567.9130885714286,0.8660254037844387,137.2073900000014,28.64,55.492275208394375,27958.68269,11458.42288,42.66974120246974,-5711.599082499997,932.6759657053996,407.71,62453.484266,535.555969999994,55.492275208394375,-0.4999999999999998,66.89
2026-05-15 09:30:00+00:00,2026-05-15 11:30:00+02:00,2026-05-15,11,30,2,4,5,-12.660000000000004,64.65,5.585000000000001,0.6258823529411752,,,337.95144411938077,-54.26400000000013,602.436963285713,0.8660254037844387,61.73496999999952,26.14,58.168678757212064,28727.52576,11343.50785,41.89146486542854,-5528.650223500001,1069.1263612709674,372.85,62498.164605,533.1936799999967,58.168678757212064,-0.4999999999999998,51.99
2026-05-15 09:45:00+00:00,2026-05-15 11:45:00+02:00,2026-05-15,11,45,3,4,5,-21.35000000000001,64.65,2.230000000000002,-8.869411764705886,,,296.2692327858496,-15.142124999999972,632.809449928571,0.8660254037844387,-0.7702000000008411,19.909999999999997,60.98894932430347,29399.79799,11227.87695,40.2890873798947,-5470.282593500004,1185.8159507294968,341.16,62416.432154,559.2538599999971,60.98894932430347,-0.4999999999999998,43.3
2026-05-15 10:00:00+00:00,2026-05-15 12:00:00+02:00,2026-05-15,12,0,0,4,5,7.210000000000001,53.53,14.444999999999997,11.608235294117648,,,249.06890579423975,-26.735625000000105,646.3459080000009,0.8660254037844387,-76.84799999999996,40.1,68.7646108303211,29987.22588,11122.00319,38.91972740079738,-5832.296596499997,1253.1784782392328,310.71,61897.272259,621.4147799999992,68.7646108303211,-0.4999999999999998,60.74
2026-05-15 10:15:00+00:00,2026-05-15 12:15:00+02:00,2026-05-15,12,15,1,4,5,-0.5700000000000003,53.53,10.274999999999999,3.6905882352941184,,,209.94110051315,-44.53987499999984,677.801149928572,0.8660254037844387,-149.16331999999966,32.32,82.37259978357987,30489.21554,11024.48544,38.125006416861396,-5398.789069499999,1092.9502029427047,287.23,61714.440889,665.5301799999943,82.37259978357987,-0.4999999999999998,52.96
2026-05-15 10:30:00+00:00,2026-05-15 12:30:00+02:00,2026-05-15,12,30,2,4,5,-11.020000000000003,53.53,10.024999999999997,0.4088235294117675,,,165.93804070258528,-20.946374999999968,689.38553707143,0.8660254037844387,-221.43600999999944,26.199999999999996,91.4277627036198,30893.40044,10927.84342,42.683940718238716,-5139.931273999999,993.4878559942237,255.88,61464.697404,448.2059900000022,91.4277627036198,-0.4999999999999998,42.51
2026-05-15 10:45:00+00:00,2026-05-15 12:45:00+02:00,2026-05-15,12,45,3,4,5,-18.300000000000004,53.53,7.645,-9.232352941176472,,,118.9724983067158,17.92999999999986,703.4882579285734,0.8660254037844387,-285.3821999999982,19.259999999999998,115.28133405032779,31240.56533,10819.91823,41.19656082501969,-5375.863411999999,1191.3426973312503,230.35,61142.232932,344.412900000003,115.28133405032779,-0.4999999999999998,35.23
2026-05-15 11:00:00+00:00,2026-05-15 13:00:00+02:00,2026-05-15,13,0,0,4,5,2.25,42.78,14.004999999999999,7.298235294117648,,,71.11428322434081,-42.91974999999958,745.1830774999996,0.8660254037844387,-359.1402500000004,36.459999999999994,88.45503927428739,31438.85451,10699.86472,43.35199204518294,-4595.181770000003,1004.4501324229592,209.62,60622.132366,338.04121000000305,88.45503927428739,-0.4999999999999998,45.03
2026-05-15 11:15:00+00:00,2026-05-15 13:15:00+02:00,2026-05-15,13,15,1,4,5,-7.079999999999998,42.78,9.860000000000003,2.287058823529412,,,94.56302649023107,-43.52912499999986,762.6929297142851,0.8660254037844387,-403.9411400000008,36.67999999999999,121.10002466969169,31515.78662,10560.76719,43.38784271242409,-5270.660510999998,1046.9953332333912,195.86,60102.754687,441.3290300000008,121.10002466969169,-0.4999999999999998,35.7
2026-05-15 11:30:00+00:00,2026-05-15 13:30:00+02:00,2026-05-15,13,30,2,4,5,-9.840000000000003,42.78,8.485,-4.387058823529414,,,199.20747948663896,-25.242374999999882,754.0738487857137,0.8660254037844387,-438.6543899999997,30.409999999999997,93.31487762823434,31501.61069,10398.49339,42.989546569900405,-5282.830096499998,972.0929261158628,185.18,59475.531382,765.1788699999961,93.31487762823434,-0.4999999999999998,32.94
2026-05-15 11:45:00+00:00,2026-05-15 13:45:00+02:00,2026-05-15,13,45,3,4,5,-15.25,42.78,10.359999999999996,-8.972352941176467,,,306.0502228217011,-2.529000000000483,746.4901706428583,0.8660254037844387,-468.208270000001,16.659999999999997,83.21912977263031,31436.74273,10267.39812,37.50793325608357,-4774.29002,1051.0435195556843,172.55,58754.802519,1000.2555800000046,83.21912977263031,-0.4999999999999998,27.53
2026-05-15 12:00:00+00:00,2026-05-15 14:00:00+02:00,2026-05-15,14,0,0,4,5,-12.95,43.11,8.21,-8.252941176470587,,,1115.8669379343562,13.06887499999981,680.6825314999995,0.8660254037844387,-856.0958600000013,21.28,94.38556097256554,31276.53573,10198.6015,41.285337533295426,-5546.588618999998,1075.9096366228905,140.27,58432.590902,784.448350000006,94.38556097256554,-0.4999999999999998,30.16
2026-05-15 12:15:00+00:00,2026-05-15 14:15:00+02:00,2026-05-15,14,15,1,4,5,-12.0,43.11,9.989999999999995,-3.2341176470588264,,,1171.0728301675329,12.849125000000086,769.9779889999991,0.8660254037844387,-898.1460599999991,23.39,82.44823883613005,31102.20133,10088.91778,41.46029661300233,-5309.6678885,1044.9433093543878,142.2,57994.277155,969.3292299999957,82.44823883613005,-0.4999999999999998,31.11
2026-05-15 12:30:00+00:00,2026-05-15 14:30:00+02:00,2026-05-15,14,30,2,4,5,-5.609999999999999,43.11,11.990000000000002,2.728235294117647,,,1216.3630361702446,31.553749999999997,767.1582488571433,0.8660254037844387,-901.0902700000006,29.409999999999997,119.59116725349311,30885.70801,9918.53109,40.33835165553686,-5498.585953999998,972.6720465696544,142.21,57929.247559,1146.6897800000006,119.59116725349311,-0.4999999999999998,37.5
2026-05-15 12:45:00+00:00,2026-05-15 14:45:00+02:00,2026-05-15,14,45,3,4,5,-1.0600000000000023,43.11,15.725000000000001,7.20529411764706,,,1257.7482660386597,17.89937500000016,755.1139025000003,0.8660254037844387,-910.3058399999991,24.25,105.38640131131366,30532.62345,9717.8799,40.27426946516201,-5023.519956499997,895.927626287135,144.2,57586.45634,1327.6282199999987,105.38640131131366,-0.4999999999999998,42.05
2026-05-15 13:00:00+00:00,2026-05-15 15:00:00+02:00,2026-05-15,15,0,0,4,5,-27.95,53.75,0.42499999999999716,-13.317647058823532,,,1273.0595017216992,109.89975000000007,733.0266537857149,0.8660254037844387,-953.5413599999993,11.099999999999994,79.57407433880884,30002.43482,9505.71228,41.96619943762058,-5497.522182500004,613.7043393528353,147.16,57468.571536,1449.4575599999953,79.57407433880884,-0.4999999999999998,25.8
2026-05-15 13:15:00+00:00,2026-05-15 15:15:00+02:00,2026-05-15,15,15,1,4,5,-13.420000000000002,53.75,3.6349999999999976,-6.082352941176469,,,1284.5338501793638,81.3732500000001,709.4186938571436,0.8660254037844387,-1052.0717299999997,16.569999999999993,79.00175161392809,29396.73843,9285.89846,41.98159903032335,-5846.468806000001,552.8479013367963,156.75,57244.425653,1498.5028600000005,79.00175161392809,-0.4999999999999998,40.33
2026-05-15 13:30:00+00:00,2026-05-15 15:30:00+02:00,2026-05-15,15,30,2,4,5,-1.2299999999999969,53.75,8.53,4.645882352941175,,,1302.645918952953,82.04974999999996,653.3157173571441,0.8660254037844387,-1153.2971799999996,23.5,66.22519859116449,28620.05163,9066.13754,40.754274797690954,-5784.560284500003,508.5971589701423,166.36,57170.861695,1527.5250700000033,66.22519859116449,-0.4999999999999998,52.52
2026-05-15 13:45:00+00:00,2026-05-15 15:45:00+02:00,2026-05-15,15,45,3,4,5,13.36,53.75,14.005000000000004,15.223529411764707,,,1311.485269943474,79.22150000000009,623.505760714287,0.8660254037844387,-1245.8823200000006,23.200000000000003,65.66266555371521,27622.60278,8835.43128,38.96155088826765,-5929.996472500003,419.0703694041133,172.76,56916.98427,1546.027399999999,65.66266555371521,-0.4999999999999998,67.11
2026-05-15 14:00:00+00:00,2026-05-15 16:00:00+02:00,2026-05-15,16,0,0,4,5,-38.49,81.59,-5.970000000000004,-12.962352941176471,,,1327.0252114059408,87.21375000000006,609.2389457142862,0.8660254037844387,-1335.5924600000017,-0.980000000000004,56.84512124994162,26573.81808,8591.04576,37.84576613421612,-5923.400744999999,385.77341818481995,188.7,56998.962007,1812.0262399999992,56.84512124994162,-0.4999999999999998,43.1
2026-05-15 14:15:00+00:00,2026-05-15 16:15:00+02:00,2026-05-15,16,15,1,4,5,-17.830000000000005,81.59,-0.990000000000002,-2.898823529411768,,,1255.3395073638876,76.01599999999993,626.0828185714292,0.8660254037844387,-1352.2969400000002,-2.1499999999999915,50.621529544642755,25356.89596,8243.9115,32.560152977293534,-6427.408974500002,264.2882305362843,206.88,56900.730824,1809.3622099999993,50.621529544642755,-0.4999999999999998,63.76
2026-05-15 14:30:00+00:00,2026-05-15 16:30:00+02:00,2026-05-15,16,30,2,4,5,8.879999999999995,81.59,5.715,8.539411764705887,,,1165.3806336395146,94.82599999999994,634.3021935714286,0.8660254037844387,-1363.9354399999993,3.990000000000009,49.16480654404358,24016.44086,7899.83825,36.81882567124673,-6680.012159000002,395.02025356239625,230.37,56632.896345,1752.6788899999956,49.16480654404358,-0.4999999999999998,90.47
2026-05-15 14:45:00+00:00,2026-05-15 16:45:00+02:00,2026-05-15,16,45,3,4,5,15.289999999999992,81.59,21.234999999999992,20.400588235294116,,,1081.2015685845217,92.85449999999997,650.7983999999999,0.8660254037844387,-1391.190050000001,12.540000000000006,49.966666596513164,22519.05317,7562.31346,41.1945400334986,-6869.636177,362.2281765848703,248.18,56381.992742,1590.914659999995,49.966666596513164,-0.4999999999999998,96.88
2026-05-15 15:00:00+00:00,2026-05-15 17:00:00+02:00,2026-05-15,17,0,0,4,5,-18.409999999999997,107.53,-20.46,-26.30588235294118,,,1009.7061227175288,117.3988750000002,636.2115671428575,0.8660254037844387,-1386.2819600000003,-15.129999999999995,45.58529968771843,20966.52675,7211.68335,19.812241526032157,-5524.085069000004,483.37183165809296,269.04,57387.503043,1469.5929400000023,45.58529968771843,-0.4999999999999998,89.12
2026-05-15 15:15:00+00:00,2026-05-15 17:15:00+02:00,2026-05-15,17,15,1,4,5,-13.090000000000003,107.53,-3.485000000000003,-8.95764705882353,,,933.8401545869935,159.53662500000024,627.4065792857135,0.8660254037844387,-1330.3190599999998,-11.420000000000002,43.52686882895443,19323.06327,6838.20273,15.676284484477291,-5923.042744999999,482.62441979037885,301.95,57833.913988,1371.013270000003,43.52686882895443,-0.4999999999999998,94.44
2026-05-15 15:30:00+00:00,2026-05-15 17:30:00+02:00,2026-05-15,17,30,2,4,5,1.7000000000000028,107.53,11.225000000000001,9.135294117647058,,,839.3224210469327,174.46912499999988,618.1796507142863,0.8660254037844387,-1257.6793500000003,-1.6299999999999955,42.62703890762024,17640.99223,6462.94791,17.79101592431439,-6121.210300499999,420.3898306578074,334.11,57872.192163,1274.1902699999991,42.62703890762024,-0.4999999999999998,109.23
2026-05-15 15:45:00+00:00,2026-05-15 17:45:00+02:00,2026-05-15,17,45,3,4,5,15.760000000000005,107.53,24.585,32.79117647058824,,,787.7035881302875,209.93712499999984,623.5560257142853,0.8660254037844387,-1231.1707100000003,13.510000000000005,42.18805885618513,15884.61036,6096.81121,15.87821238589014,-5405.521561000001,580.6980090206096,367.84,58075.66778,1217.2161500000002,42.18805885618513,-0.4999999999999998,123.29
2026-05-15 16:00:00+00:00,2026-05-15 18:00:00+02:00,2026-05-15,18,0,0,4,5,-14.64,126.02,-16.58,-24.669411764705877,,,716.8165648871349,258.2437500000002,626.1580464285718,0.8660254037844387,-1174.3220600000004,-23.64,34.21586055846881,14070.45921,5726.29389,10.842415167603106,-4727.0613925,699.1680933541661,404.82,58294.714198,1183.5414699999965,34.21586055846881,-0.4999999999999998,111.38
2026-05-15 16:15:00+00:00,2026-05-15 18:15:00+02:00,2026-05-15,18,15,1,4,5,-8.879999999999995,126.02,-4.244999999999997,-5.8611764705882345,,,699.2158422685147,276.400625,621.6098578571424,0.8660254037844387,-1131.3304099999987,-0.9099999999999966,29.854044037120065,12197.69876,5338.85748,10.443547335673836,-4775.862978500001,747.6466271655346,435.02,58335.932455,1198.8753099999958,29.854044037120065,-0.4999999999999998,117.14
2026-05-15 16:30:00+00:00,2026-05-15 18:30:00+02:00,2026-05-15,18,30,2,4,5,1.8800000000000097,126.02,5.6200000000000045,8.971176470588235,,,669.2365639287091,275.639625,610.5014378571426,0.8660254037844387,-1094.0136400000001,2.9799999999999898,25.73714745512625,10329.35091,4957.06871,9.597737084484375,-5016.296445999997,620.6325715949012,469.2,58291.576187,1241.5732799999969,25.73714745512625,-0.4999999999999998,127.9
2026-05-15 16:45:00+00:00,2026-05-15 18:45:00+02:00,2026-05-15,18,45,3,4,5,5.290000000000006,126.02,15.450000000000003,20.602941176470587,,,577.782642862043,236.68700000000018,607.3882307142861,0.8660254037844387,-1065.30019,11.960000000000008,31.07409057866389,8535.06564,4579.60852,15.15325911824784,-4674.1466139999975,301.4558842757923,504.43,58315.032775,1244.0958200000023,31.07409057866389,-0.4999999999999998,131.31
2026-05-15 17:00:00+00:00,2026-05-15 19:00:00+02:00,2026-05-15,19,0,0,4,5,-11.039999999999992,140.34,-16.684999999999988,-21.90294117647059,,,537.2358583299206,228.05512499999992,602.8844071428565,0.8660254037844387,-1027.0627700000005,-20.02000000000001,31.952459185732923,6866.0009,4217.91916,15.121571630337613,-4183.4723209999975,1.5959400051379207,530.58,57950.194012,1184.993570000006,31.952459185732923,-0.4999999999999998,129.3
2026-05-15 17:15:00+00:00,2026-05-15 19:15:00+02:00,2026-05-15,19,15,1,4,5,-4.800000000000011,140.34,-7.269999999999982,-10.377058823529412,,,510.1462662300967,276.73662500000023,567.2218064285711,0.8660254037844387,-984.4081400000005,-12.410000000000025,28.825416903422163,5333.23124,3909.63611,13.190315531080966,-4279.667237500002,13.15784298431936,566.92,57803.981707,1121.0353500000056,28.825416903422163,-0.4999999999999998,135.54
2026-05-15 17:30:00+00:00,2026-05-15 19:30:00+02:00,2026-05-15,19,30,2,4,5,0.2599999999999909,140.34,0.7400000000000091,4.137058823529408,,,489.8983762041938,308.97325000000006,527.1963678571436,0.8660254037844387,-938.2427400000006,-2.2900000000000205,26.52403522922668,3961.28817,3597.02464,9.828800973231333,-4697.764631499998,104.08823951100342,599.44,57434.12054,1052.8392800000001,26.52403522922668,-0.4999999999999998,140.6
2026-05-15 17:45:00+00:00,2026-05-15 19:45:00+02:00,2026-05-15,19,45,3,4,5,9.549999999999983,140.34,14.235,25.488235294117647,,,480.1721617664825,310.2608750000003,487.84842428571625,0.8660254037844387,-899.3804600000003,8.519999999999982,28.33463630057209,2785.57175,3315.13218,15.115425265348312,-4575.096667000002,181.50653255599383,634.01,57284.493477,992.5978000000032,28.33463630057209,-0.4999999999999998,149.89
2026-05-15 18:00:00+00:00,2026-05-15 20:00:00+02:00,2026-05-15,20,0,0,4,5,-9.039999999999992,152.44,-4.165000000000013,0.6194117647058774,,,476.2553229136389,386.4472499999999,451.3583821428568,0.8660254037844387,-857.5598099999997,-0.8000000000000114,29.581366221208153,1820.06768,3048.65283,14.921269414912366,-4262.4852035,56.792695344559704,665.49,56585.159822,927.9297200000001,29.581366221208153,-0.4999999999999998,143.4
2026-05-15 18:15:00+00:00,2026-05-15 20:15:00+02:00,2026-05-15,20,15,1,4,5,-4.319999999999993,152.44,-2.940000000000019,0.9835294117647038,,,449.1973221579705,404.4437499999998,418.6779742857148,0.8660254037844387,-863.3146099999994,-2.8200000000000216,29.312106957462262,1095.65787,2833.43703,14.678006709100975,-3970.148855499996,154.2214031903486,678.14,56049.746854,915.2820100000026,29.312106957462262,-0.4999999999999998,148.12
2026-05-15 18:30:00+00:00,2026-05-15 20:30:00+02:00,2026-05-15,20,30,2,4,5,-3.1699999999999875,152.44,0.09000000000000341,0.26999999999999935,,,443.1616418682423,441.1545,388.1767892857138,0.8660254037844387,-870.2689199999995,-1.25,29.033617132722767,564.20437,2684.95327,14.768207648285454,-4023.4719790000017,226.61358123466516,688.78,55653.046117,902.8168899999946,29.033617132722767,-0.4999999999999998,149.27
2026-05-15 18:45:00+00:00,2026-05-15 20:45:00+02:00,2026-05-15,20,45,3,4,5,0.5699999999999932,152.44,-2.265000000000015,-7.510588235294116,,,429.0395049097365,440.35962499999977,364.89400285714197,0.8660254037844387,-863.5010699999993,-5.390000000000015,31.325956736805434,221.92581,2525.01873,14.379759419142093,-4236.421171000002,92.31137607034157,700.96,55101.818194,874.7029200000034,31.325956736805434,-0.4999999999999998,153.01
2026-05-15 19:00:00+00:00,2026-05-15 21:00:00+02:00,2026-05-15,21,0,0,4,5,6.550000000000011,153.22,10.170000000000002,16.43294117647059,,,390.9028534127993,350.60900000000004,355.38362214285684,0.8660254037844387,-849.8052399999992,8.710000000000008,30.119214039630567,58.51444,2354.37319,15.752440778373996,-3776.9854255000027,268.59238951336664,711.86,54452.652306,812.1373299999977,30.119214039630567,-0.4999999999999998,159.77
2026-05-15 19:15:00+00:00,2026-05-15 21:15:00+02:00,2026-05-15,21,15,1,4,5,-1.3799999999999955,153.22,3.0549999999999926,0.9923529411764676,,,292.0265983878898,300.45937500000014,323.42695000000043,0.8660254037844387,-812.2449400000005,3.4199999999999875,21.578029890186773,24.81788,2236.40886,13.768302796814263,-3302.2018465,513.8764181984806,719.34,53780.801373,699.4135400000014,21.578029890186773,-0.4999999999999998,151.84
2026-05-15 19:30:00+00:00,2026-05-15 21:30:00+02:00,2026-05-15,21,30,2,4,5,-8.77000000000001,153.22,-5.415000000000006,-8.834705882352944,,,200.42351780021377,280.76275,291.7344942857154,0.8660254037844387,-785.1489500000002,-6.280000000000001,20.95961318002064,0.0,2166.18919,13.936456815540396,-3627.356048999998,737.3744869552378,724.87,53064.365417,637.1411799999987,20.95961318002064,-0.4999999999999998,144.45
2026-05-15 19:45:00+00:00,2026-05-15 21:45:00+02:00,2026-05-15,21,45,3,4,5,-14.870000000000005,153.22,-13.465000000000003,-16.414705882352944,,,153.07553704788967,289.6204999999999,262.4983642857148,0.8660254037844387,-770.3642099999993,-11.629999999999995,22.23549780045107,,2117.13991,13.41473496889594,-3286.3315230000007,817.920313293416,729.67,52327.794269,640.6441300000006,22.23549780045107,-0.4999999999999998,138.35
2026-05-15 20:00:00+00:00,2026-05-15 22:00:00+02:00,2026-05-15,22,0,0,4,5,10.120000000000005,142.64,10.299999999999997,7.667647058823531,,,160.93109513909909,299.13499999999976,234.59638499999969,0.8660254037844387,-751.9814399999996,8.419999999999987,17.630894612618693,,2104.99296,14.925529423488696,-3609.455097500002,902.8749504122928,735.3,51549.374007,625.144220000002,17.630894612618693,-0.4999999999999998,152.76
2026-05-15 20:15:00+00:00,2026-05-15 22:15:00+02:00,2026-05-15,22,15,1,4,5,3.890000000000015,142.64,3.780000000000001,0.7694117647058827,,,158.39550613562204,351.32962499999985,221.95339142857068,0.8660254037844387,-770.8895599999996,-3.730000000000018,15.725677330825759,,2120.41122,10.837965456582923,-3664.7137545000005,748.2009988819852,722.03,50799.889561,607.259570000002,15.725677330825759,-0.4999999999999998,146.53
2026-05-15 20:30:00+00:00,2026-05-15 22:30:00+02:00,2026-05-15,22,30,2,4,5,-0.9199999999999875,142.64,-2.5249999999999915,-3.935882352941176,,,174.84331414229496,422.3212499999996,210.49414142857157,0.8660254037844387,-788.42301,-3.8100000000000023,16.495993885963202,,2136.67869,8.220249098298321,-3622.8269674999974,539.0274992985053,715.91,50044.42815,587.5545899999997,16.495993885963202,-0.4999999999999998,141.72
2026-05-15 20:45:00+00:00,2026-05-15 22:45:00+02:00,2026-05-15,22,45,3,4,5,-7.579999999999984,142.64,-7.244999999999997,-10.378235294117646,,,219.63256015074901,417.935875,197.10844642857202,0.8660254037844387,-804.06367,-13.360000000000014,16.998537950668965,,2171.83187,10.37644769016075,-3840.3568860000014,558.0189732276135,710.9,49278.182043,635.6500800000067,16.998537950668965,-0.4999999999999998,135.06
2026-05-15 21:00:00+00:00,2026-05-15 23:00:00+02:00,2026-05-15,23,0,0,4,5,8.650000000000006,133.56,7.455000000000005,5.044705882352943,,,303.1879610894841,407.3116250000004,185.53637214285638,0.8660254037844387,-836.28404,1.1400000000000006,15.651617945508102,,2207.36502,10.694855015824713,-3754.644724499998,557.558646713061,702.15,48207.646137,717.9077199999956,15.651617945508102,-0.4999999999999998,142.21
2026-05-15 21:15:00+00:00,2026-05-15 23:15:00+02:00,2026-05-15,23,15,1,4,5,0.6899999999999977,133.56,2.789999999999999,0.23058823529411523,,,396.68884810263944,358.79850000000016,196.73679357142828,0.8660254037844387,-872.6181900000001,-1.8499999999999943,14.950004100970592,,2298.03535,10.094549684523562,-4003.4747789999965,555.773202090565,694.8,47409.220052,764.7736199999999,14.950004100970592,-0.4999999999999998,134.25
2026-05-15 21:30:00+00:00,2026-05-15 23:30:00+02:00,2026-05-15,23,30,2,4,5,-2.319999999999993,133.56,0.23499999999999233,-2.6776470588235286,,,480.93949293539964,301.047375,208.2597164285705,0.8660254037844387,-905.3383000000003,-6.239999999999995,15.054065926716095,,2394.47964,10.165926514821274,-4226.4108825,742.499596905278,688.58,46664.6629,845.822659999998,15.054065926716095,-0.4999999999999998,131.24
2026-05-15 21:45:00+00:00,2026-05-15 23:45:00+02:00,2026-05-15,23,45,3,4,5,-5.719999999999999,133.56,-4.005000000000003,-7.8370588235294125,,,562.9157667652672,345.9766249999998,223.86276857142886,0.8660254037844387,-943.58988,-15.810000000000002,14.02995289281422,,2492.81999,9.11556074078957,-4123.110519999998,576.0077697409992,681.45,45736.610522,942.2901700000002,14.02995289281422,-0.4999999999999998,127.84
2026-05-29 22:00:00+00:00,2026-05-30 00:00:00+02:00,2026-05-30,0,0,0,5,5,-1.7800000000000011,145.0,,,,,745.722667231278,,-41.575670000000954,0.8660254037844387,-59.658909999999196,,15.665517316840962,0.0,2151.09347,10.328581703215931,,,1828.0,43487.316698,52.204460000000836,15.665517316840962,-0.4999999999999998,143.22
2026-05-29 22:15:00+00:00,2026-05-30 00:15:00+02:00,2026-05-30,0,15,1,5,5,-1.4000000000000057,136.85,,,,,839.5773129838784,,-49.43411928571368,0.8660254037844387,-56.31900999999971,,13.108386361005417,,2176.61895,7.698050464396874,,,1889.49,42973.945319,56.31900999999925,13.108386361005417,-0.4999999999999998,135.45
2026-05-29 22:30:00+00:00,2026-05-30 00:30:00+02:00,2026-05-30,0,30,2,5,5,-2.420000000000016,132.43,,,,,806.1756782260198,,-40.26591500000047,0.8660254037844387,-62.08002000000033,,15.57327066248364,,2201.43031,4.008028846963192,,,1817.15,42409.110646,62.08002000000124,15.57327066248364,-0.4999999999999998,130.01
2026-05-29 22:45:00+00:00,2026-05-30 00:45:00+02:00,2026-05-30,0,45,3,5,5,-4.760000000000005,127.78,,,,,741.7330651355147,,-55.262333571429345,0.8660254037844387,-122.04756999999972,,10.992549809882659,,2224.86752,5.199549431027613,,,1804.33,41874.728338,122.04756999999518,10.992549809882659,-0.4999999999999998,123.02
2026-05-29 23:00:00+00:00,2026-05-30 01:00:00+02:00,2026-05-30,1,0,0,5,5,-2.5,135.0,,,,,738.0300187593798,,-29.81897428571418,0.8660254037844387,-169.30553000000054,,13.026589469275358,,2265.16933,9.299449548482125,,,1736.66,41314.146612,169.30552999999782,13.026589469275358,-0.4999999999999998,132.5
2026-05-29 23:15:00+00:00,2026-05-30 01:15:00+02:00,2026-05-30,1,15,1,5,5,-1.279999999999987,129.2,,,,,786.6365586132777,,-38.2298528571425,0.8660254037844387,-161.11153000000013,,11.81929287202504,,2349.54124,3.8258892523749823,,,1738.13,40803.582034,161.11153000000195,11.81929287202504,-0.4999999999999998,127.92
2026-05-29 23:30:00+00:00,2026-05-30 01:30:00+02:00,2026-05-30,1,30,2,5,5,-0.1600000000000108,126.54,,,,,838.1431114648254,,25.980134285714353,0.8660254037844387,-261.3930799999998,,11.433676333417036,,2446.80696,2.468365566815392,,,1672.43,40373.087601,261.39308000000165,11.433676333417036,-0.4999999999999998,126.38
2026-05-29 23:45:00+00:00,2026-05-30 01:45:00+02:00,2026-05-30,1,45,3,5,5,0.5300000000000011,124.67,,,,,803.4593151197791,,47.87695000000089,0.8660254037844387,-324.7466800000002,,11.993670393059725,,2558.93238,7.916027442865114,,,1609.85,40085.968917,324.74667999999656,11.993670393059725,-0.4999999999999998,125.2
2026-05-30 00:00:00+00:00,2026-05-30 02:00:00+02:00,2026-05-30,2,0,0,5,5,0.8599999999999994,125.01,,,,,751.1106424128783,,48.04217642857241,0.8660254037844387,-315.5591800000002,,17.599982845560373,,2699.05621,8.428182597972349,,,1498.12,39853.627402,315.55918000000383,17.599982845560373,-0.4999999999999998,125.87
2026-05-30 00:15:00+00:00,2026-05-30 02:15:00+02:00,2026-05-30,2,15,1,5,5,-0.060000000000002274,123.65,,,,,672.756102799926,,75.54514071428586,0.8660254037844387,-379.3684399999993,,11.631882021627243,,2829.75139,7.1796998876134905,,,1384.27,39654.920312,194.2166900000011,11.631882021627243,-0.4999999999999998,123.59
2026-05-30 00:30:00+00:00,2026-05-30 02:30:00+02:00,2026-05-30,2,30,2,5,5,-4.579999999999998,127.98,,,,,550.3227130820757,,135.84693214285758,0.8660254037844387,-399.4688699999997,,12.175220536229382,,2943.83184,5.961422808758336,,,1279.16,39406.530035,209.68663000000015,12.175220536229382,-0.4999999999999998,123.4
2026-05-30 00:45:00+00:00,2026-05-30 02:45:00+02:00,2026-05-30,2,45,3,5,5,-6.8799999999999955,126.77,,,,,453.0111008604644,,163.57767642857158,0.8660254037844387,-384.91757999999936,,12.032883664596106,,3052.63701,5.201505276633637,,,1240.85,39314.886736,116.89763000000312,12.032883664596106,-0.4999999999999998,119.89
2026-05-30 01:00:00+00:00,2026-05-30 03:00:00+02:00,2026-05-30,3,0,0,5,5,-3.8799999999999955,125.8,,,,,222.7739681910435,,218.05582785714327,0.8660254037844387,-157.41215999999986,,12.30372440601899,,3157.38532,4.197903671845894,,,1201.98,39314.718655,16.08622999999716,12.30372440601899,-0.4999999999999998,121.92
2026-05-30 01:15:00+00:00,2026-05-30 03:15:00+02:00,2026-05-30,3,15,1,5,5,-4.489999999999995,123.6,,,,,202.07160493698103,,183.7522299999993,0.8660254037844387,-146.35569999999916,,11.686169005784176,,3281.7798,2.9873032909916892,,,1190.52,39231.946929,-106.09773000000132,11.686169005784176,-0.4999999999999998,119.11
2026-05-30 01:30:00+00:00,2026-05-30 03:30:00+02:00,2026-05-30,3,30,2,5,5,-3.9399999999999977,123.82,,,,,209.1730676268631,,170.70056000000062,0.8660254037844387,-107.13716999999906,,11.259648443391528,,3407.76052,3.480113572311853,,,1143.27,39277.996603,-157.4414599999982,11.259648443391528,-0.4999999999999998,119.88
2026-05-30 01:45:00+00:00,2026-05-30 03:45:00+02:00,2026-05-30,3,45,3,5,5,-2.1599999999999966,122.0,,,,,250.64003337617947,,143.73156071428508,0.8660254037844387,-82.1841200000008,,10.995482814685644,,3535.0236,5.551714021041708,,,1146.08,39206.184012,-164.3509800000029,10.995482814685644,-0.4999999999999998,119.84
2026-05-30 02:00:00+00:00,2026-05-30 04:00:00+02:00,2026-05-30,4,0,0,5,5,-0.36999999999999034,122.77,,,,,251.96866335247975,,146.862947857142,0.8660254037844387,-22.155009999999493,,11.533978299931297,,3667.44896,4.130543605409268,,,1114.23,39195.673079,-283.3024399999995,11.533978299931297,-0.4999999999999998,122.4
2026-05-30 02:15:00+00:00,2026-05-30 04:15:00+02:00,2026-05-30,4,15,1,5,5,0.9699999999999989,123.34,,,,,320.4588433493853,,135.6641285714291,0.8660254037844387,39.127809999999954,,11.228341078996081,,3805.54929,6.126841025551034,,,1133.03,39307.909974,-121.13358000000153,11.228341078996081,-0.4999999999999998,124.31
2026-05-30 02:30:00+00:00,2026-05-30 04:30:00+02:00,2026-05-30,4,30,2,5,5,1.6599999999999966,124.7,,,,,319.9057478678622,,119.75424214285678,0.8660254037844387,80.56851999999981,,11.981815763678645,,3942.50729,5.6819941167550505,,,1085.82,39418.092232,-80.82851999999548,11.981815763678645,-0.4999999999999998,126.36
2026-05-30 02:45:00+00:00,2026-05-30 04:45:00+02:00,2026-05-30,4,45,3,5,5,-1.0799999999999983,128.07,,,,,265.74559250013505,,88.49537142857272,0.8660254037844387,288.75331000000006,,17.22443786183131,6.067,4078.6298,2.636883983578007,,,1036.79,39445.872366,-288.11131000000023,17.22443786183131,-0.4999999999999998,126.99
2026-05-30 03:00:00+00:00,2026-05-30 05:00:00+02:00,2026-05-30,5,0,0,5,5,-1.3599999999999994,128.62,,,,,256.46220478644176,,83.53967928571547,0.8660254037844387,337.6476299999995,,9.612276122161527,107.40466,4207.00986,5.043061239630767,,,978.62,39760.177883,-298.4844599999997,9.612276122161527,-0.4999999999999998,127.26
2026-05-30 03:15:00+00:00,2026-05-30 05:15:00+02:00,2026-05-30,5,15,1,5,5,0.030000000000001137,125.87,,,,,200.88286177282447,,57.36459142857062,0.8660254037844387,550.790649999999,,17.768738436041776,388.46039,4308.0294,6.082278708322113,,,935.13,39410.536342,-483.85889999999927,17.768738436041776,-0.4999999999999998,125.9
2026-05-30 03:30:00+00:00,2026-05-30 05:30:00+02:00,2026-05-30,5,30,2,5,5,1.5999999999999943,124.0,,,,,143.39580760176457,,16.67087285714401,0.8660254037844387,674.2602699999998,,13.380677349175938,871.46473,4409.53805,9.598542300042602,,,892.84,39609.531919,-588.8905599999998,13.380677349175938,-0.4999999999999998,125.6
2026-05-30 03:45:00+00:00,2026-05-30 05:45:00+02:00,2026-05-30,5,45,3,5,5,4.689999999999998,120.55,,,,,79.0212600265849,,-66.90158857142862,0.8660254037844387,796.3527499999991,,15.957662354828035,1614.37522,4511.87856,10.909765394011725,,,873.93,40108.425345,-721.4366199999931,15.957662354828035,-0.4999999999999998,125.24
2026-05-30 04:00:00+00:00,2026-05-30 06:00:00+02:00,2026-05-30,6,0,0,5,5,1.1599999999999966,123.2,,,,,87.13239678474935,,-261.86115214285695,0.8660254037844387,911.9465,,17.86472620355717,2641.81406,4630.00671,10.51994115500559,,,854.73,41688.658143,-772.9458200000008,17.86472620355717,-0.4999999999999998,124.36
2026-05-30 04:15:00+00:00,2026-05-30 06:15:00+02:00,2026-05-30,6,15,1,5,5,-1.7600000000000051,121.7,,,,,20.166245598988752,,-208.11803285714294,0.8660254037844387,885.5947500000002,,19.79972746792867,3923.25262,4665.99379,12.718982439084531,,,859.05,40897.96907,-718.4709200000034,19.79972746792867,-0.4999999999999998,119.94
2026-05-30 04:30:00+00:00,2026-05-30 06:30:00+02:00,2026-05-30,6,30,2,5,5,-1.8799999999999955,116.6,,,,,159.23061718092228,,-167.97113285714244,0.8660254037844387,978.825060000001,,21.812725898225544,5458.40284,4701.99532,17.43275406485598,,,858.4,41422.309447,-462.34653999999864,21.812725898225544,-0.4999999999999998,114.72
2026-05-30 04:45:00+00:00,2026-05-30 06:45:00+02:00,2026-05-30,6,45,3,5,5,-1.1400000000000006,112.47,,,,,167.20593466154008,,-197.74701071428458,0.8660254037844387,1106.2962399999997,,24.25812998229865,7298.55431,4740.82232,17.6073704805157,,,819.77,42113.185773,-513.875680000001,24.25812998229865,-0.4999999999999998,111.33
2026-05-30 05:00:00+00:00,2026-05-30 07:00:00+02:00,2026-05-30,7,0,0,5,5,-3.299999999999997,120.53,,,,,298.50967263384615,,-214.8115357142867,0.8660254037844387,1117.22926,,25.343150632758352,9524.9348,4771.98492,15.834073416287676,,,801.49,42753.310837,-518.8764299999966,25.343150632758352,-0.4999999999999998,117.23
2026-05-30 05:15:00+00:00,2026-05-30 07:15:00+02:00,2026-05-30,7,15,1,5,5,1.9000000000000057,110.13,,,,,342.49387951683946,,-123.61174071428546,0.8660254037844387,1103.6568200000002,,26.448434033618494,12149.2489,4595.06511,20.240539353815173,,,774.73,43469.588348,-335.005170000004,26.448434033618494,-0.4999999999999998,112.03
2026-05-30 05:30:00+00:00,2026-05-30 07:30:00+02:00,2026-05-30,7,30,2,5,5,-1.0799999999999983,108.48,,,,,432.45708582327126,,-84.90822142857152,0.8660254037844387,1111.6349599999994,,27.606618532019457,15100.91909,4450.48802,26.692834690409192,,,736.59,44342.256642,-262.3001299999996,27.606618532019457,-0.4999999999999998,107.4
2026-05-30 05:45:00+00:00,2026-05-30 07:45:00+02:00,2026-05-30,7,45,3,5,5,0.8400000000000034,98.38,,,,,429.0601829506365,,-32.432013571428406,0.8660254037844387,1047.0255499999985,,30.882957869550882,18219.09189,4355.44387,25.892539925807295,,,698.47,45399.94663,-336.32271000000037,30.882957869550882,-0.4999999999999998,99.22
2026-05-30 06:00:00+00:00,2026-05-30 08:00:00+02:00,2026-05-30,8,0,0,5,5,2.1500000000000057,110.0,,,,,451.27295061703023,,26.220473571429206,0.8660254037844387,967.2866499999982,,37.87065853896192,21391.76986,4202.02283,42.02370736801237,,,628.31,45942.474037,-306.3248100000019,37.87065853896192,-0.4999999999999998,112.15
2026-05-30 06:15:00+00:00,2026-05-30 08:15:00+02:00,2026-05-30,8,15,1,5,5,9.180000000000007,92.49,,,,,408.0678099258536,,39.80968428571422,0.8660254037844387,876.5836800000006,,34.272091232282996,24616.98737,3867.76855,27.7148437106309,,,591.82,46955.919842,-245.81170000000202,34.272091232282996,-0.4999999999999998,101.67
2026-05-30 06:30:00+00:00,2026-05-30 08:30:00+02:00,2026-05-30,8,30,2,5,5,15.429999999999993,72.29,,,,,360.87895385167184,,72.18135285714119,0.8660254037844387,793.4652199999982,,36.16874515276958,27798.86911,3479.40662,35.59784403583946,,,554.56,47814.239929,-137.80534000000262,36.16874515276958,-0.4999999999999998,87.72
2026-05-30 06:45:00+00:00,2026-05-30 08:45:00+02:00,2026-05-30,8,45,3,5,5,4.959999999999994,56.27,,,,,307.25531050855295,,78.14179571428602,0.8660254037844387,742.485920000001,,39.08411978597565,30879.00567,3066.92312,35.40911639407987,,,514.84,48894.066988,4.501490000002377,39.08411978597565,-0.4999999999999998,61.23
2026-05-30 07:00:00+00:00,2026-05-30 09:00:00+02:00,2026-05-30,9,0,0,5,5,-1.0100000000000051,75.59,,,,,289.4571821209009,,41.77272321428687,0.8660254037844387,723.3011500000002,,50.21332607725492,33850.84905,2672.96367,55.55808517733023,,,437.34,49354.718852,88.57993999999962,50.21332607725492,-0.4999999999999998,74.58
2026-05-30 07:15:00+00:00,2026-05-30 09:15:00+02:00,2026-05-30,9,15,1,5,5,-10.14,53.4,,,,,295.48198245510093,,34.214993142858084,0.8660254037844387,731.4427299999988,,43.84479892745925,36620.70724,2570.86259,41.03939767960583,,,413.11,49908.36146,76.16196999999374,43.84479892745925,-0.4999999999999998,43.26
2026-05-30 07:30:00+00:00,2026-05-30 09:30:00+02:00,2026-05-30,9,30,2,5,5,6.989999999999998,16.59,,,,,279.166674467993,,75.99624985714296,0.8660254037844387,703.8862799999997,,45.85409351912072,39201.07603,2469.37941,33.93941219290765,,,387.91,50589.022155,148.61955999999918,45.85409351912072,-0.4999999999999998,23.58
2026-05-30 07:45:00+00:00,2026-05-30 09:45:00+02:00,2026-05-30,9,45,3,5,5,-1.7100000000000009,15.4,,,,,275.76193039621415,,77.88005971428773,0.8660254037844387,691.4658600000002,,47.9197526445875,41561.83669,2363.99944,25.039229126276492,,,362.83,51231.800204,74.84293000000616,47.9197526445875,-0.4999999999999998,13.69
2026-05-30 08:00:00+00:00,2026-05-30 10:00:00+02:00,2026-05-30,10,0,0,5,5,3.1999999999999993,19.8,,,,,403.3636616361371,,-88.70565714285529,0.8660254037844387,873.5692899999995,,46.69816654570226,43674.37743,2266.41203,26.30768355985754,,,337.19,51103.405391,-231.7320000000036,46.69816654570226,-0.4999999999999998,23.0
2026-05-30 08:15:00+00:00,2026-05-30 10:15:00+02:00,2026-05-30,10,15,1,5,5,11.86,1.75,,,,,423.17682188871174,,-117.39073314285633,0.8660254037844387,850.74586,,47.14535995701114,45548.12785,2249.3614,17.516188430784187,,,321.12,51300.440852,-316.9711099999986,47.14535995701114,-0.4999999999999998,13.61
2026-05-30 08:30:00+00:00,2026-05-30 10:30:00+02:00,2026-05-30,10,30,2,5,5,-2.0599999999999996,4.01,,,,,471.3491390074099,,-179.4556460000006,0.8660254037844387,819.5381299999999,,47.030648123994375,47197.76424,2227.61557,11.80770430491126,,,302.0,51296.789319,-192.6098839999977,47.030648123994375,-0.4999999999999998,1.95
2026-05-30 08:45:00+00:00,2026-05-30 10:45:00+02:00,2026-05-30,10,45,3,5,5,6.7,-5.7,,,,,424.8799147233498,,-124.03749357142702,0.8660254037844387,548.1084199999987,,47.93844700160693,48692.07935,2187.54095,18.576606256253037,,,281.86,51646.196542,-128.76189000000159,47.93844700160693,-0.4999999999999998,1.0
2026-05-30 09:00:00+00:00,2026-05-30 11:00:00+02:00,2026-05-30,11,0,0,5,5,-1.21,2.21,,,,,483.89149279597217,,-125.68253500000095,0.8660254037844387,528.4984000000004,,47.203229543804184,49819.99116,2136.32269,11.750030800367142,,,262.34,51723.276569,-129.13656000000628,47.203229543804184,-0.4999999999999998,1.0
2026-05-30 09:15:00+00:00,2026-05-30 11:15:00+02:00,2026-05-30,11,15,1,5,5,-2.59,2.59,,,,,469.3775367808255,,-95.47409500000192,0.8660254037844387,435.3525400000008,,57.14593951954397,50771.33953,2097.26107,49.10751620291047,,,253.45,51333.768332,-90.52068999999756,57.14593951954397,-0.4999999999999998,0.0
2026-05-30 09:30:00+00:00,2026-05-30 11:30:00+02:00,2026-05-30,11,30,2,5,5,1.01,-0.01,,,,,425.57990187611387,,-46.93080071428527,0.8660254037844387,336.8469699999996,,45.52185067948867,51493.71155,2058.99382,7.358848253569508,,,244.64,51382.276555,12.149949999991804,45.52185067948867,-0.4999999999999998,1.0
2026-05-30 09:45:00+00:00,2026-05-30 11:45:00+02:00,2026-05-30,11,45,3,5,5,7.14,-6.3,,,,,403.9820463651189,,-1.4200328571428795,0.8660254037844387,250.43114999999943,,53.45646663283726,52035.24219,2041.50371,40.63414099357533,,,239.89,50789.563701,137.16353000000527,53.45646663283726,-0.4999999999999998,0.84
2026-05-30 10:00:00+00:00,2026-05-30 12:00:00+02:00,2026-05-30,12,0,0,5,5,-4.3,4.3,,,,,385.93175271828784,,-0.12798285714338167,0.8660254037844387,195.41521999999986,,46.922176313833326,52459.15052,2064.04612,15.16799198814269,,,233.94,50361.441843,90.4974000000002,46.922176313833326,-0.4999999999999998,0.0
2026-05-30 10:15:00+00:00,2026-05-30 12:15:00+02:00,2026-05-30,12,15,1,5,5,4.61,-4.61,,,,,357.3154161460368,,17.63601000000147,0.8660254037844387,185.48599999999897,,48.05334100090453,52750.74258,2100.81728,17.42525247477148,,,234.11,50306.462992,-11.992379999996047,48.05334100090453,-0.4999999999999998,0.0
2026-05-30 10:30:00+00:00,2026-05-30 12:30:00+02:00,2026-05-30,12,30,2,5,5,7.33,-7.33,,,,,315.18462375799095,,44.992539285714365,0.8660254037844387,172.4276600000012,,49.93959328277192,52920.02936,2134.89758,22.28901373621892,,,236.51,50304.650511,-29.616439999997965,49.93959328277192,-0.4999999999999998,0.0
2026-05-30 10:45:00+00:00,2026-05-30 12:45:00+02:00,2026-05-30,12,45,3,5,5,10.17,-10.17,,,,,262.0012188554371,,56.27005928571556,0.8660254037844387,156.73762999999963,,51.9127647849643,52964.81277,2172.8775,21.147362100497716,,,239.04,49948.160011,-38.25658000000112,51.9127647849643,-0.4999999999999998,0.0
2026-05-30 11:00:00+00:00,2026-05-30 13:00:00+02:00,2026-05-30,13,0,0,5,5,6.6,-6.6,,,,,244.36661065759978,,55.455256428572156,0.8660254037844387,162.77358999999888,,54.71322809979686,52911.68224,2227.59177,22.144289277800308,,,244.36,49054.261089,-5.262890000005427,54.71322809979686,-0.4999999999999998,0.0
2026-05-30 11:15:00+00:00,2026-05-30 13:15:00+02:00,2026-05-30,13,15,1,5,5,11.03,-11.03,,,,,247.93344100870823,,52.160305714284604,0.8660254037844387,211.84372000000076,,59.02645621863218,52722.68324,2275.33733,34.982748469440516,,,252.37,48729.679446,-6.586610000005749,59.02645621863218,-0.4999999999999998,0.0
2026-05-30 11:30:00+00:00,2026-05-30 13:30:00+02:00,2026-05-30,13,30,2,5,5,1.44,-1.44,,,,,235.62206010000386,,86.70494785714202,0.8660254037844387,143.05702999999903,,63.89504858125502,52348.04173,2329.8335,31.90776125915653,,,267.58,48453.492513,124.29392000000371,63.89504858125502,-0.4999999999999998,0.0
2026-05-30 11:45:00+00:00,2026-05-30 13:45:00+02:00,2026-05-30,13,45,3,5,5,2.03,-2.03,,,,,239.2242281316373,,104.39724285714328,0.8660254037844387,95.7835100000002,,64.70470255556519,51895.10461,2392.50635,31.088220706026743,,,274.22,48151.10845,100.11111000000528,64.70470255556519,-0.4999999999999998,0.0
2026-05-30 12:00:00+00:00,2026-05-30 14:00:00+02:00,2026-05-30,14,0,0,5,5,1.08,-1.08,,,,,217.18428397387163,,103.92872071428584,0.8660254037844387,-244.47731000000022,,72.51412238571483,51228.07212,2540.73666,82.12242910377657,,,281.96,47999.190335,139.5231500000009,72.51412238571483,-0.4999999999999998,0.0
2026-05-30 12:15:00+00:00,2026-05-30 14:15:00+02:00,2026-05-30,14,15,1,5,5,9.42,-9.42,,,,,252.10158956549841,,108.78334857142752,0.8660254037844387,-324.1220800000001,,52.94489150529992,50522.75301,2695.0021,25.30065705903878,,,295.86,47222.650545,46.911990000000515,52.94489150529992,-0.4999999999999998,0.0
2026-05-30 12:30:00+00:00,2026-05-30 14:30:00+02:00,2026-05-30,14,30,2,5,5,7.4,-7.4,,,,,225.84026438060383,,171.5776507142873,0.8660254037844387,-279.5839299999998,,51.576954684213305,49682.58071,2855.15242,26.281144336179267,,,308.89,46969.949496,232.08860999999888,51.576954684213305,-0.4999999999999998,0.0
2026-05-30 12:45:00+00:00,2026-05-30 14:45:00+02:00,2026-05-30,14,45,3,5,5,0.2,-0.2,,,,,748.4835219897948,,102.72441714285742,0.8660254037844387,-225.06271000000015,,48.65423700125866,48650.4221,3027.63476,21.777773728541703,,,321.0,47223.703489,-325.4517599999963,48.65423700125866,-0.4999999999999998,0.0
2026-05-30 13:00:00+00:00,2026-05-30 15:00:00+02:00,2026-05-30,15,0,0,5,5,13.41,-13.41,,,,,202.9797937322979,,177.88246714285768,0.8660254037844387,-168.21258000000034,,55.517249594276606,47237.53903,3209.02599,35.14935439358444,,,333.56,46828.471126,-1.4707299999936367,55.517249594276606,-0.4999999999999998,0.0
2026-05-30 13:15:00+00:00,2026-05-30 15:15:00+02:00,2026-05-30,15,15,1,5,5,5.92,-5.92,,,,,308.60765914133276,,188.08825357142945,0.8660254037844387,-156.56701000000066,,54.80124385005543,45772.02029,3457.37757,38.78780171529111,,,341.26,46470.078857,-147.04064999999537,54.80124385005543,-0.4999999999999998,0.0
2026-05-30 13:30:00+00:00,2026-05-30 15:30:00+02:00,2026-05-30,15,30,2,5,5,-1.6999999999999997,2.07,,,,,473.4603882264764,,199.5410064285705,0.8660254037844387,-142.3756200000007,,49.92892367600633,44158.57849,3790.71341,37.475242430677994,,,349.97,46311.480433,-193.72565000000031,49.92892367600633,-0.4999999999999998,0.37
2026-05-30 13:45:00+00:00,2026-05-30 15:45:00+02:00,2026-05-30,15,45,3,5,5,-5.01,5.0,,,,,514.437558103565,,178.0136678571424,0.8660254037844387,-143.13759000000027,,44.91126148088305,42436.50135,4088.0385,16.927510012938427,,,358.56,46362.311695,-261.1186600000001,44.91126148088305,-0.4999999999999998,-0.01
2026-05-30 14:00:00+00:00,2026-05-30 16:00:00+02:00,2026-05-30,16,0,0,5,5,7.1899999999999995,-8.5,,,,,540.403101319625,,138.15938285714088,0.8660254037844387,-146.44104999999945,,49.145882412148374,40511.62498,4394.97747,19.05405718575875,,,369.35,46498.927285,-1.204280000005383,49.145882412148374,-0.4999999999999998,-1.31
2026-05-30 14:15:00+00:00,2026-05-30 16:15:00+02:00,2026-05-30,16,15,1,5,5,4.4,0.47,,,,,554.8597392332082,,103.23099642857025,0.8660254037844387,-241.11004999999932,,43.51071365207895,38460.29526,4630.46495,13.751628301854268,,,383.78,46523.573197,53.16904000000068,43.51071365207895,-0.4999999999999998,4.87
2026-05-30 14:30:00+00:00,2026-05-30 16:30:00+02:00,2026-05-30,16,30,2,5,5,-2.67,9.43,,,,,528.6742444915083,,64.91477857142725,0.8660254037844387,-344.9070899999997,,44.557378766184435,36249.6106,4798.65469,29.74841532394408,,,397.35,46434.420263,64.75162999999884,44.557378766184435,-0.4999999999999998,6.76
2026-05-30 14:45:00+00:00,2026-05-30 16:45:00+02:00,2026-05-30,16,45,3,5,5,7.0,11.52,,,,,490.10015844528976,,60.1450442857149,0.8660254037844387,-489.61473000000024,,47.95518494761238,33837.94347,4948.74125,40.50468855871138,,,412.8,46517.161642,64.16962000000058,47.95518494761238,-0.4999999999999998,18.52
2026-05-30 15:00:00+00:00,2026-05-30 17:00:00+02:00,2026-05-30,17,0,0,5,5,3.1799999999999997,8.44,,,,,425.3485704850546,,93.16412500000062,0.8660254037844387,-608.5806999999995,,41.80515394892325,31278.00249,5083.79202,31.333354964534266,,,425.8,47078.130731,295.792260000002,41.80515394892325,-0.4999999999999998,11.62
2026-05-30 15:15:00+00:00,2026-05-30 17:15:00+02:00,2026-05-30,17,15,1,5,5,-1.1599999999999966,49.08,,,,,363.14849552550766,,61.08282071428429,0.8660254037844387,-560.2927799999998,,39.96863798804172,28560.55115,5262.39034,43.68259863847083,,,436.41,47410.305578,241.96431000000302,39.96863798804172,-0.4999999999999998,47.92
2026-05-30 15:30:00+00:00,2026-05-30 17:30:00+02:00,2026-05-30,17,30,2,5,5,-2.930000000000007,87.48,,,,,306.4417141834811,,48.251340714285625,0.8660254037844387,-470.701,,35.112612762368116,25746.64641,5411.89399,50.2430673256111,,,442.07,47770.764439,188.3660600000003,35.112612762368116,-0.4999999999999998,84.55
2026-05-30 15:45:00+00:00,2026-05-30 17:45:00+02:00,2026-05-30,17,45,3,5,5,4.109999999999999,89.99,,,,,248.14194313062293,,27.307299999999355,0.8660254037844387,-355.54313999999977,,33.61630028485102,22903.34424,5552.29569,49.36977815666287,,,450.84,48043.899816,121.18659999999727,33.61630028485102,-0.4999999999999998,94.1
2026-05-30 16:00:00+00:00,2026-05-30 18:00:00+02:00,2026-05-30,18,0,0,5,5,-0.21999999999999886,82.2,,,,,200.1500616867211,,53.69456071428586,0.8660254037844387,-244.94687000000067,,30.35334064579644,20080.21291,5669.25658,34.695366371016895,,,460.13,48232.213887,47.81645999999819,30.35334064579644,-0.4999999999999998,81.98
2026-05-30 16:15:00+00:00,2026-05-30 18:15:00+02:00,2026-05-30,18,15,1,5,5,-5.289999999999992,102.19,,,,,189.630726591286,,33.056881428570705,0.8660254037844387,-202.88504000000012,,18.629389632210835,17298.75362,5658.61784,19.15780668925708,,,471.52,48166.870964,-25.98182000000088,18.629389632210835,-0.4999999999999998,96.9
2026-05-30 16:30:00+00:00,2026-05-30 18:30:00+02:00,2026-05-30,18,30,2,5,5,-5.319999999999993,119.58,,,,,173.7367911921116,,22.886472142857333,0.8660254037844387,-160.84783999999945,,16.247490844130454,14631.59681,5628.18557,17.412257997498624,,,480.13,48431.557572,-84.08304000000135,16.247490844130454,-0.4999999999999998,114.26
2026-05-30 16:45:00+00:00,2026-05-30 18:45:00+02:00,2026-05-30,18,45,3,5,5,-22.690000000000012,147.61,,,,,179.2438216886488,,2.163069999999737,0.8660254037844387,-122.62264999999934,,19.698799801621096,12155.35686,5599.7778,17.74714893266205,,,488.07,48180.338478,-129.62128000000303,19.698799801621096,-0.4999999999999998,124.92
2026-05-30 17:00:00+00:00,2026-05-30 19:00:00+02:00,2026-05-30,19,0,0,5,5,-0.3100000000000023,125.3,,,,,187.53525758259008,,-3.5100607142849185,0.8660254037844387,-75.71024000000034,,21.276797914568963,9889.36702,5568.65503,15.708544080940827,,,498.21,48132.288258,-158.15847999999824,21.276797914568963,-0.4999999999999998,124.99
2026-05-30 17:15:00+00:00,2026-05-30 19:15:00+02:00,2026-05-30,19,15,1,5,5,-6.310000000000002,136.99,,,,,251.719664875938,,-28.17185214285798,0.8660254037844387,199.8740399999997,,21.601805832190294,7857.6586,5596.66378,22.170936251896894,,,500.71,47977.159782,-173.68134999999893,21.601805832190294,-0.4999999999999998,130.68
2026-05-30 17:30:00+00:00,2026-05-30 19:30:00+02:00,2026-05-30,19,30,2,5,5,-12.900000000000006,157.9,,,,,353.14283962365477,,-39.96702428571397,0.8660254037844387,450.65125999999964,,24.174500635015495,6098.04423,5626.52178,28.46971297963575,,,508.2,48235.802047,-193.2676999999967,24.174500635015495,-0.4999999999999998,145.0
2026-05-30 17:45:00+00:00,2026-05-30 19:45:00+02:00,2026-05-30,19,45,3,5,5,-25.25,185.9,,,,,468.62479042651734,,-54.66010142857054,0.8660254037844387,700.0693200000005,,46.30076976059088,4571.9479,5646.73847,67.64263518845263,,,511.63,48208.104034,-187.47823000000062,46.30076976059088,-0.4999999999999998,160.65
2026-05-30 18:00:00+00:00,2026-05-30 20:00:00+02:00,2026-05-30,20,0,0,5,5,-17.670000000000016,162.36,,,,,618.5838550135056,,-71.25314071428511,0.8660254037844387,986.83853,,34.65842443226453,3263.72263,5658.16619,42.33022746386843,,,511.67,47920.604039,-188.75121000000217,34.65842443226453,-0.4999999999999998,144.69
2026-05-30 18:15:00+00:00,2026-05-30 20:15:00+02:00,2026-05-30,20,15,1,5,5,0.950000000000017,155.2,,,,,664.8337718231652,,-82.956611428573,0.8660254037844387,1068.87806,,38.909619441121535,2155.55071,5907.03734,56.23530576324541,,,510.96,47510.731743,-156.61669000000256,38.909619441121535,-0.4999999999999998,156.15
2026-05-30 18:30:00+00:00,2026-05-30 20:30:00+02:00,2026-05-30,20,30,2,5,5,-3.1399999999999864,168.14,,,,,716.345299248611,,-95.27613285714324,0.8660254037844387,1156.5257600000004,,65.77606045591786,1253.6357,6142.92574,114.44072221023366,,,506.37,47234.590734,-132.63044999999693,65.77606045591786,-0.4999999999999998,165.0
2026-05-30 18:45:00+00:00,2026-05-30 20:45:00+02:00,2026-05-30,20,45,3,5,5,-9.560000000000002,181.06,,,,,783.6120986164775,,-101.45050285714335,0.8660254037844387,1270.9946900000004,,47.389351079828195,566.71729,6326.571,61.26827257079699,,,509.41,46732.751021,-104.83374999999796,47.389351079828195,-0.4999999999999998,171.5
2026-05-30 19:00:00+00:00,2026-05-30 21:00:00+02:00,2026-05-30,21,0,0,5,5,-7.030000000000001,182.8,,,,,781.0451917861715,,-99.88606928571504,0.8660254037844387,1210.4967400000005,,36.89553634944498,178.51605,6534.82558,45.156764878428945,,,514.32,46327.186246,-102.65948999999819,36.89553634944498,-0.4999999999999998,175.77
2026-05-30 19:15:00+00:00,2026-05-30 21:15:00+02:00,2026-05-30,21,15,1,5,5,3.8000000000000114,170.38,,,,,720.3644119868344,,-61.1879557142846,0.8660254037844387,1022.5198599999985,,30.59847823402439,51.86491,6896.34871,44.90714414475838,,,520.61,46023.736508,-109.57721999999922,30.59847823402439,-0.4999999999999998,174.18
2026-05-30 19:30:00+00:00,2026-05-30 21:30:00+02:00,2026-05-30,21,30,2,5,5,2.089999999999975,169.3,,,,,676.0860244745857,,-25.11703214285652,0.8660254037844387,844.5981800000009,,42.85155540230521,20.72645,7274.64794,73.88746159499843,,,533.5,45584.211558,-118.54815999999846,42.85155540230521,-0.4999999999999998,171.39
2026-05-30 19:45:00+00:00,2026-05-30 21:45:00+02:00,2026-05-30,21,45,3,5,5,5.230000000000018,156.1,,,,,648.090614479058,,8.35165928571483,0.8660254037844387,686.1480399999982,,25.54689126761111,4.912,7655.1947,32.41063141272382,,,543.2,45223.174981,-118.36495000000286,25.54689126761111,-0.4999999999999998,161.33
2026-05-30 20:00:00+00:00,2026-05-30 22:00:00+02:00,2026-05-30,22,0,0,5,5,8.650000000000006,169.04,,,,,600.4635035061937,,51.338117857143516,0.8660254037844387,457.70552999999927,,21.352217150653825,0.0,8029.92712,26.049975961967274,,,566.06,44637.158012,-119.13949000000139,21.352217150653825,-0.4999999999999998,177.69
2026-05-30 20:15:00+00:00,2026-05-30 22:15:00+02:00,2026-05-30,22,15,1,5,5,2.219999999999999,157.79,,,,,512.2877569366344,,84.73384000000026,0.8660254037844387,232.6757400000024,,19.68280439258199,,8525.51823,28.540823060177814,,,577.86,44150.867517,-94.52786000000197,19.68280439258199,-0.4999999999999998,160.01
2026-05-30 20:30:00+00:00,2026-05-30 22:30:00+02:00,2026-05-30,22,30,2,5,5,3.5,152.49,,,,,452.4579990278221,,116.72334285714221,0.8660254037844387,44.967679999999746,,14.173560950815626,,8999.82726,17.17157119027968,,,596.71,43661.058752,-3.7697299999999814,14.173560950815626,-0.4999999999999998,155.99
2026-05-30 20:45:00+00:00,2026-05-30 22:45:00+02:00,2026-05-30,22,45,3,5,5,2.1299999999999955,147.18,,,,,402.37188069536535,,145.06107428571391,0.8660254037844387,-138.2229100000004,,14.852842614468745,,9475.14892,20.266998391708157,,,607.45,43113.595079,66.32248999999865,14.852842614468745,-0.4999999999999998,149.31
2026-05-30 21:00:00+00:00,2026-05-30 23:00:00+02:00,2026-05-30,23,0,0,5,5,3.069999999999993,150.13,,,,,369.41947422373727,,169.23415142857058,0.8660254037844387,-276.3787000000011,,14.863410010587558,,9917.42431,10.110662217490622,,,628.06,42323.840891,146.04959000000235,14.863410010587558,-0.4999999999999998,153.2
2026-05-30 21:15:00+00:00,2026-05-30 23:15:00+02:00,2026-05-30,23,15,1,5,5,0.4299999999999784,142.71,,,,,352.83167725829395,,164.92175357142852,0.8660254037844387,-194.26972999999998,,13.795464724236643,,10156.9948,16.634663607458982,,,659.0,41754.591941,159.34000000000378,13.795464724236643,-0.4999999999999998,143.14
2026-05-30 21:30:00+00:00,2026-05-30 23:30:00+02:00,2026-05-30,23,30,2,5,5,1.7799999999999727,140.61,,,,,340.1037245129911,,162.65740928571435,0.8660254037844387,-131.54321999999775,,12.982207089933068,,10392.9926,17.792411169880506,,,690.04,41203.645425,131.54321999999956,12.982207089933068,-0.4999999999999998,142.39
2026-05-30 21:45:00+00:00,2026-05-30 23:45:00+02:00,2026-05-30,23,45,3,5,5,2.5,138.71,,,,,319.13010412606803,,159.5126378571435,0.8660254037844387,-86.92439999999806,,10.345043205096495,,10622.32312,9.086182602484492,,,722.96,40728.715869,86.92439999999624,10.345043205096495,-0.4999999999999998,141.21
2026-05-30 22:00:00+00:00,2026-05-31 00:00:00+02:00,2026-05-31,0,0,0,6,5,-1.3100000000000023,146.56,,7.094000000000004,-1.7800000000000011,,2428.980898750664,,-308.61018500000085,0.8660254037844387,4501.35383,,15.755137534473318,0.0,10221.31116,9.495633833755814,,,960.82,39994.487908,52.204460000000836,15.755137534473318,-0.4999999999999998,145.25
2026-05-30 22:15:00+00:00,2026-05-31 00:15:00+02:00,2026-05-31,0,15,1,6,5,0.0,139.0,,0.9380000000000009,-1.4000000000000057,,2094.8894456509206,,-278.67975714285654,0.8660254037844387,3970.2041800000006,,13.128073694008517,,10301.63538,7.102154267411727,,,1029.61,39459.071938,56.31900999999925,13.128073694008517,-0.4999999999999998,139.0
2026-05-30 22:30:00+00:00,2026-05-31 00:30:00+02:00,2026-05-31,0,30,2,6,5,0.8100000000000023,134.18,,-1.5290000000000006,-2.420000000000016,,1866.0605790610553,,-242.73342928571427,0.8660254037844387,3570.8038499999984,,11.707306151631602,,10372.46818,2.752246701288954,,,1114.68,38946.639867,62.08002000000124,11.707306151631602,-0.4999999999999998,134.99
2026-05-30 22:45:00+00:00,2026-05-31 00:45:00+02:00,2026-05-31,0,45,3,6,5,-2.1999999999999886,129.2,,-4.471999999999997,-4.760000000000005,,1925.5058850679588,,-251.04454214285786,0.8660254037844387,3625.344870000001,,9.793225738762995,,10459.17194,4.214599342646096,,,1154.74,38393.492057,122.04756999999518,9.793225738762995,-0.4999999999999998,127.0
2026-05-30 23:00:00+00:00,2026-05-31 01:00:00+02:00,2026-05-31,1,0,0,6,5,1.1099999999999852,132.55,,4.571000000000001,-2.5,,2034.3415395093866,,-247.60846999999973,0.8660254037844387,3776.475049999999,,12.880675119510176,,10516.47086,9.21962193213101,,,1233.7,37796.945353,169.30552999999782,12.880675119510176,-0.4999999999999998,133.66
2026-05-30 23:15:00+00:00,2026-05-31 01:15:00+02:00,2026-05-31,1,15,1,6,5,-3.3500000000000227,133.05,,1.5169999999999995,-1.279999999999987,,2129.3143088129964,,-268.80744357142845,0.8660254037844387,3971.1383299999998,,11.435408576529419,,10396.37997,3.7580972896008533,,,1354.76,37410.777452,161.11153000000195,11.435408576529419,-0.4999999999999998,129.7
2026-05-30 23:30:00+00:00,2026-05-31 01:30:00+02:00,2026-05-31,1,30,2,6,5,0.3400000000000034,128.09,,0.9179999999999993,-0.1600000000000108,,2140.704934419814,,-213.0879771428572,0.8660254037844387,3913.0158300000003,,10.188211227485402,,10287.35635,2.4648114001088532,,,1432.98,36994.574471,261.39308000000165,10.188211227485402,-0.4999999999999998,128.43
2026-05-30 23:45:00+00:00,2026-05-31 01:45:00+02:00,2026-05-31,1,45,3,6,5,-0.9500000000000028,126.17,,-0.8720000000000013,0.5300000000000011,,2291.0044140763657,,-206.2002028571416,0.8660254037844387,4126.171229999998,,11.042374227104963,,10197.40429,7.815008759097133,,,1525.75,36719.33213,324.74667999999656,11.042374227104963,-0.4999999999999998,125.22
2026-05-31 00:00:00+00:00,2026-05-31 02:00:00+02:00,2026-05-31,2,0,0,6,5,-2.009999999999991,129.29,,2.393999999999994,0.8599999999999994,,2426.3458122699676,,-210.3185228571417,0.8660254037844387,4359.402660000002,,11.755768279048674,,10104.95319,7.965763048972931,,,1661.78,36511.355584,315.55918000000383,11.755768279048674,-0.4999999999999998,127.28
2026-05-31 00:15:00+00:00,2026-05-31 02:15:00+02:00,2026-05-31,2,15,1,6,5,-1.8700000000000045,128.47,,2.082999999999997,-0.060000000000002274,,2327.9189530316535,,-153.90638571428568,0.8660254037844387,4096.425549999998,,10.821486147190596,,10029.36917,6.779645306075879,,,1746.45,36155.012769,194.2166900000011,10.821486147190596,-0.4999999999999998,126.6
2026-05-31 00:30:00+00:00,2026-05-31 02:30:00+02:00,2026-05-31,2,30,2,6,5,-2.1500000000000057,128.65,,1.480999999999994,-4.579999999999998,,2089.898113984778,,-77.45161428571373,0.8660254037844387,3613.223399999999,,10.821169899295539,,9923.21722,5.8449506087792935,,,1880.03,35905.356744,209.68663000000015,10.821169899295539,-0.4999999999999998,126.5
2026-05-31 00:45:00+00:00,2026-05-31 02:45:00+02:00,2026-05-31,2,45,3,6,5,2.8100000000000023,122.5,,0.41199999999999903,-6.8799999999999955,,1975.885831570286,,-45.70287071428538,0.8660254037844387,3392.54925,,10.615177763079997,,9796.55232,4.785428776130619,,,2034.15,35664.499671,116.89763000000312,10.615177763079997,-0.4999999999999998,125.31
2026-05-31 01:00:00+00:00,2026-05-31 03:00:00+02:00,2026-05-31,3,0,0,6,5,-2.8800000000000097,127.79,,1.1499999999999981,-3.8799999999999955,,1706.8583765067742,,6.376786428572034,0.8660254037844387,2992.971819999999,,10.785131299287249,,9699.75747,3.1306678125254734,,,2201.16,35655.232274,16.08622999999716,10.785131299287249,-0.4999999999999998,124.91
2026-05-31 01:15:00+00:00,2026-05-31 03:15:00+02:00,2026-05-31,3,15,1,6,5,3.75,121.7,,1.1429999999999967,-4.489999999999995,,1563.4530322179935,,-9.632173571428991,0.8660254037844387,2739.196969999999,,10.443406365163675,,9680.38836,2.834029606322552,,,2331.17,35523.030805,-106.09773000000132,10.443406365163675,-0.4999999999999998,125.45
2026-05-31 01:30:00+00:00,2026-05-31 03:30:00+02:00,2026-05-31,3,30,2,6,5,-1.0600000000000023,127.79,,1.1149999999999978,-3.9399999999999977,,1328.6427971826765,,12.54224071428637,0.8660254037844387,2359.5714500000013,,10.164386577523512,,9655.67799,2.91090887459384,,,2451.71,35413.054718,-157.4414599999982,10.164386577523512,-0.4999999999999998,126.73
2026-05-31 01:45:00+00:00,2026-05-31 03:45:00+02:00,2026-05-31,3,45,3,6,5,0.5600000000000023,126.57,,1.0769999999999975,-2.1599999999999966,,1040.285182738907,,15.702455714285211,0.8660254037844387,1908.3375500000002,,10.004195541829368,,9622.38214,4.889716614634348,,,2566.7,35378.623032,-164.3509800000029,10.004195541829368,-0.4999999999999998,127.13
2026-05-31 02:00:00+00:00,2026-05-31 04:00:00+02:00,2026-05-31,4,0,0,6,5,-0.5099999999999909,127.8,,0.0889999999999997,-0.36999999999999034,,844.2627577149517,,39.53770499999934,0.8660254037844387,1624.5323199999984,,10.412082235628333,,9603.95577,3.8913958812692457,,,2728.76,35408.896462,-283.3024399999995,10.412082235628333,-0.4999999999999998,127.29
2026-05-31 02:15:00+00:00,2026-05-31 04:15:00+02:00,2026-05-31,4,15,1,6,5,0.6900000000000119,126.6,,0.8089999999999999,0.9699999999999989,,909.8774911761238,,4.925505000000287,0.8660254037844387,1834.5567999999985,,9.925963356017448,,9541.80513,5.836653884840396,,,2916.46,35383.223827,-364.43118999999933,9.925963356017448,-0.4999999999999998,127.29
2026-05-31 02:30:00+00:00,2026-05-31 04:30:00+02:00,2026-05-31,4,30,2,6,5,-1.7000000000000028,127.8,,2.3989999999999996,1.6599999999999966,,836.4374475635573,,4.799584285714185,0.8660254037844387,1738.9267199999977,,10.81813157468631,,9480.3124,5.700463222612989,,,3088.25,35429.430136,-368.06057000000146,10.81813157468631,-0.4999999999999998,126.1
2026-05-31 02:45:00+00:00,2026-05-31 04:45:00+02:00,2026-05-31,4,45,3,6,5,1.2600000000000051,124.6,,3.8719999999999986,-1.0799999999999983,,665.4435822687777,,-30.706738571427454,0.8660254037844387,1608.420360000002,,10.445231583392026,5.245,9419.85234,2.7427645073629643,,,3396.9,35325.240904,-417.6060099999959,10.445231583392026,-0.4999999999999998,125.86
2026-05-31 03:00:00+00:00,2026-05-31 05:00:00+02:00,2026-05-31,5,0,0,6,5,-2.7700000000000102,128.99,,-3.772,-1.3599999999999994,,718.157066196088,,-52.03823499999895,0.8660254037844387,1755.9568,,8.68293445752357,87.44618,9348.68835,5.247220579461419,,,3537.86,35585.295026,-553.3569700000007,8.68293445752357,-0.4999999999999998,126.22
2026-05-31 03:15:00+00:00,2026-05-31 05:15:00+02:00,2026-05-31,5,15,1,6,5,-3.960000000000008,126.7,,-1.236,0.030000000000001137,,744.9496220894324,,-118.9620171428578,0.8660254037844387,1992.7588699999997,,10.42838644831248,287.75953,9190.65257,5.9051938398081845,,,3787.34,35164.072295,-627.0166400000016,10.42838644831248,-0.4999999999999998,122.74
2026-05-31 03:30:00+00:00,2026-05-31 05:30:00+02:00,2026-05-31,5,30,2,6,5,-1.6099999999999994,122.76,,2.8639999999999994,1.5999999999999943,,836.8784215651405,,-168.7414178571419,0.8660254037844387,2240.79521,,12.20695713571674,625.30899,9036.54955,8.71582359575811,,,3968.13,35825.088207,-660.0641699999978,12.20695713571674,-0.4999999999999998,121.15
2026-05-31 03:45:00+00:00,2026-05-31 05:45:00+02:00,2026-05-31,5,45,3,6,5,5.400000000000006,117.0,,6.401999999999999,4.689999999999998,,994.2254539197835,,-272.314885714286,0.8660254037844387,2584.0785799999994,,14.456476039163482,1185.15171,8884.7237,8.63542261904527,,,4041.86,35828.573298,-888.27592,14.456476039163482,-0.4999999999999998,122.4
2026-05-31 04:00:00+00:00,2026-05-31 06:00:00+02:00,2026-05-31,6,0,0,6,5,5.900000000000006,121.1,,-3.6300000000000012,1.1599999999999966,,1405.1338971671598,,-496.6474257142857,0.8660254037844387,3412.0258200000007,,16.553880037990766,2013.96874,8804.08101,10.06819698239008,,,4078.63,36547.670401,-957.6581799999985,16.553880037990766,-0.4999999999999998,127.0
2026-05-31 04:15:00+00:00,2026-05-31 06:15:00+02:00,2026-05-31,6,15,1,6,5,3.6700000000000017,121.33,,0.8769999999999986,-1.7600000000000051,,1382.675146182787,,-433.35535714285703,0.8660254037844387,3298.0776699999988,,18.624568810037037,3091.94807,8520.04408,12.755368057635213,,,4117.48,35458.459339,-726.596669999999,18.624568810037037,-0.4999999999999998,125.0
2026-05-31 04:30:00+00:00,2026-05-31 06:30:00+02:00,2026-05-31,6,30,2,6,5,2.9200000000000017,112.08,,1.6580000000000026,-1.8799999999999955,,1257.7593641938893,,-372.5110607142854,0.8660254037844387,3061.80796,,20.014402496081185,4386.65003,8249.20996,16.10674156400241,,,4105.06,36123.390001,-734.5617899999925,20.014402496081185,-0.4999999999999998,115.0
2026-05-31 04:45:00+00:00,2026-05-31 06:45:00+02:00,2026-05-31,6,45,3,6,5,3.700000000000003,105.07,,0.6319999999999965,-1.1400000000000006,,1167.0011232510362,,-407.40400785714183,0.8660254037844387,2981.89314,,22.602389207417858,5892.28203,7985.55641,17.175797756479003,,,4169.92,36529.450518,-687.9850299999962,22.602389207417858,-0.4999999999999998,108.77
2026-05-31 05:00:00+00:00,2026-05-31 07:00:00+02:00,2026-05-31,7,0,0,6,5,0.5600000000000023,111.87,,9.256,-3.299999999999997,,1188.3931494003941,,-434.47881785714395,0.8660254037844387,2923.94362,,25.00227531180246,7607.12038,7719.84106,17.425363561145655,,,4194.01,37008.504224,-559.6621999999988,25.00227531180246,-0.4999999999999998,112.43
2026-05-31 05:15:00+00:00,2026-05-31 07:15:00+02:00,2026-05-31,7,15,1,6,5,-8.560000000000002,111.04,,5.384000000000005,1.9000000000000057,,1189.6982687324419,,-335.15800785714237,0.8660254037844387,2782.666299999999,,25.355759935461272,9539.58114,7412.10063,19.352144460966148,,,4258.27,37750.123573,-335.005170000004,25.355759935461272,-0.4999999999999998,102.48
2026-05-31 05:30:00+00:00,2026-05-31 07:30:00+02:00,2026-05-31,7,30,2,6,5,-3.0999999999999943,100.3,,-0.3779999999999973,-1.0799999999999983,,1292.0357261174345,,-287.16268714285695,0.8660254037844387,2793.355519999999,,25.458704613715522,11678.33039,7110.0305,24.854821799133028,,,4426.65,38708.153248,-407.6122700000051,25.458704613715522,-0.4999999999999998,97.2
2026-05-31 05:45:00+00:00,2026-05-31 07:45:00+02:00,2026-05-31,7,45,3,6,5,1.4300000000000068,85.41,,-10.068,0.8400000000000034,,1293.6580203442104,,-239.66421285714281,0.8660254037844387,2734.5682799999995,,27.753027891436,14000.49178,6821.5216,21.222124237287364,,,4511.27,39271.135932,-345.53813999999693,27.753027891436,-0.4999999999999998,86.84
2026-05-31 06:00:00+00:00,2026-05-31 08:00:00+02:00,2026-05-31,8,0,0,6,5,-0.6899999999999977,106.1,,20.567000000000004,2.1500000000000057,,1330.4098701103596,,-172.7623892857139,0.8660254037844387,2705.5343200000007,,34.994820644742795,16461.71687,6621.95278,40.93980575476698,,,4583.51,40238.707107,-337.4959000000017,34.994820644742795,-0.4999999999999998,105.41
2026-05-31 06:15:00+00:00,2026-05-31 08:15:00+02:00,2026-05-31,8,15,1,6,5,10.100000000000009,87.3,,10.780000000000005,9.180000000000007,,1325.1063228077269,,-155.23549499999976,0.8660254037844387,2672.04061,,29.406820178590173,19058.29999,6499.62797,24.297442938162654,,,4623.48,41269.04987,-322.1340900000032,29.406820178590173,-0.4999999999999998,97.4
2026-05-31 06:30:00+00:00,2026-05-31 08:30:00+02:00,2026-05-31,8,30,2,6,5,11.590000000000003,75.22,,0.4369999999999969,15.429999999999993,,1317.940322198985,,-121.20719500000165,0.8660254037844387,2650.3526899999997,,33.515908050661295,21728.77898,6366.51517,33.31427257412067,,,4659.05,42243.15597,-177.47391000000061,33.515908050661295,-0.4999999999999998,86.81
2026-05-31 06:45:00+00:00,2026-05-31 08:45:00+02:00,2026-05-31,8,45,3,6,5,20.580000000000005,60.1,,-17.576999999999995,4.959999999999994,,1292.227117441428,,-107.46066785714252,0.8660254037844387,2614.1618099999996,,37.02323299428691,24379.53765,6231.39345,33.26772610203425,,,4693.71,42953.666381,-181.95588000000134,37.02323299428691,-0.4999999999999998,80.68
2026-05-31 07:00:00+00:00,2026-05-31 09:00:00+02:00,2026-05-31,9,0,0,6,5,5.489999999999995,77.89,,19.822,-1.0100000000000051,,1278.62281746193,,-118.84151321428492,0.8660254037844387,2592.13544,,45.20801387495925,26913.14873,6094.61378,51.743401005530124,,,4685.27,43359.179422,-180.63989999999467,45.20801387495925,-0.4999999999999998,83.38
2026-05-31 07:15:00+00:00,2026-05-31 09:15:00+02:00,2026-05-31,9,15,1,6,5,32.59,35.0,,7.225000000000001,-10.14,,1230.0982141916836,,-129.654144714285,0.8660254037844387,2504.366830000001,,41.885111147596064,29367.80527,6140.07122,36.93256776755215,,,4668.28,44348.902083,-226.51656999999977,41.885111147596064,-0.4999999999999998,67.59
2026-05-31 07:30:00+00:00,2026-05-31 09:30:00+02:00,2026-05-31,9,30,2,6,5,30.499999999999996,23.87,,-0.9429999999999996,6.989999999999998,,1172.8003413572212,,-96.23450228571372,0.8660254037844387,2398.4653599999992,,45.00086228450693,31688.40878,6159.64734,31.92434337617748,,,4641.32,44834.611404,-221.0167799999981,45.00086228450693,-0.4999999999999998,54.37
2026-05-31 07:45:00+00:00,2026-05-31 09:45:00+02:00,2026-05-31,9,45,3,6,5,12.530000000000001,23.9,,-12.566000000000003,-1.7100000000000009,,1131.0473600345276,,-99.42613599999822,0.8660254037844387,2322.1192699999992,,47.61462907119233,33837.25377,6069.58301,22.680683411221906,,,4619.39,45430.332511,-213.88822000000073,47.61462907119233,-0.4999999999999998,36.43
2026-05-31 08:00:00+00:00,2026-05-31 10:00:00+02:00,2026-05-31,10,0,0,6,5,6.140000000000004,26.2,,11.341999999999992,3.1999999999999993,,1072.8013897168494,,-253.80166071428332,0.8660254037844387,2257.2602800000004,,45.84997912302684,35816.20062,6007.25575,23.898338455889938,,,4576.94,45479.779359,-410.4067900000009,45.84997912302684,-0.4999999999999998,32.34
2026-05-31 08:15:00+00:00,2026-05-31 10:15:00+02:00,2026-05-31,10,15,1,6,5,5.750000000000001,4.06,,4.295999999999998,11.86,,1036.2885525891738,,-281.95354742857046,0.8660254037844387,2198.6488,,47.06961066352506,37591.25089,6059.42668,17.303560327281804,,,4466.14,45893.725832,-410.5665999999983,47.06961066352506,-0.4999999999999998,9.81
2026-05-31 08:30:00+00:00,2026-05-31 10:30:00+02:00,2026-05-31,10,30,2,6,5,-0.75,7.3,,-2.1500000000000026,-2.0599999999999996,,995.4883765152108,,-331.7111331428579,0.8660254037844387,2124.79339,,46.54319837186258,39190.22891,6103.45102,11.681593376306312,,,4344.41,46032.050434,-462.0601000000024,46.54319837186258,-0.4999999999999998,6.55
2026-05-31 08:45:00+00:00,2026-05-31 10:45:00+02:00,2026-05-31,10,45,3,6,5,5.58,0.0,,-4.711999999999998,6.7,,996.6808345597174,,-304.7321435714262,0.8660254037844387,2064.9978499999997,,47.53363048950899,40606.79172,6135.59467,18.420532410480792,,,3980.7,46341.072408,-194.29788000000553,47.53363048950899,-0.4999999999999998,5.58
2026-05-31 09:00:00+00:00,2026-05-31 11:00:00+02:00,2026-05-31,11,0,0,6,5,-4.799999999999999,9.2,,10.05,-1.21,,987.476570037875,,-306.70072000000124,0.8660254037844387,2038.7875199999999,,46.75238719395323,41771.82696,6160.53456,11.863228099991733,,,3869.42,46229.135547,-164.38028000000486,46.75238719395323,-0.4999999999999998,4.4
2026-05-31 09:15:00+00:00,2026-05-31 11:15:00+02:00,2026-05-31,11,15,1,6,5,-0.5999999999999996,3.26,,6.262999999999996,-2.59,,957.0693261134719,,-280.90699785714554,0.8660254037844387,1940.1321900000003,,56.33981937395519,42803.11399,6318.29593,49.74348825534443,,,3714.23,46460.76303,-113.79538999999932,56.33981937395519,-0.4999999999999998,2.66
2026-05-31 09:30:00+00:00,2026-05-31 11:30:00+02:00,2026-05-31,11,30,2,6,5,-0.7799999999999998,3.4,,4.187999999999996,1.01,,937.0888110086375,,-238.49365857142766,0.8660254037844387,1856.136849999999,,44.5888338737052,43556.92861,6451.41622,5.907846275848969,,,3552.98,46674.90579,-89.26647999999113,44.5888338737052,-0.4999999999999998,2.62
2026-05-31 09:45:00+00:00,2026-05-31 11:45:00+02:00,2026-05-31,11,45,3,6,5,3.29,-3.29,,1.8149999999999953,7.14,,913.5095988207448,,-199.01832285714303,0.8660254037844387,1774.8035600000003,,52.23935203393937,44282.67905,6616.18848,40.565538095191414,,,3388.52,46594.864702,-92.37272000000667,52.23935203393937,-0.4999999999999998,0.0
2026-05-31 10:00:00+00:00,2026-05-31 12:00:00+02:00,2026-05-31,12,0,0,6,5,-10.42,10.43,,12.322999999999999,-4.3,,881.9658005645098,,-184.356502142858,0.8660254037844387,1699.88332,,44.26072268822102,44849.63218,6759.56602,9.771285922099025,,,3230.87,46294.007669,-127.31195999999909,44.26072268822102,-0.4999999999999998,0.01
2026-05-31 10:15:00+00:00,2026-05-31 12:15:00+02:00,2026-05-31,12,15,1,6,5,-1.8,1.8,,9.676000000000004,4.61,,830.2098453707794,,-148.48221642857035,0.8660254037844387,1603.9887899999994,,44.27619838303617,45326.15869,6989.3668,11.005063553179957,,,3080.24,46004.325424,-137.74741999999242,44.27619838303617,-0.4999999999999998,0.0
2026-05-31 10:30:00+00:00,2026-05-31 12:30:00+02:00,2026-05-31,12,30,2,6,5,7.88,-0.01,,7.981000000000004,7.33,,775.4394961630134,,-105.6650057142854,0.8660254037844387,1507.6029099999996,,45.29683003234153,45681.08976,7227.18414,15.478644889623576,,,2936.58,45880.163007,-131.74835000000166,45.29683003234153,-0.4999999999999998,7.87
2026-05-31 10:45:00+00:00,2026-05-31 12:45:00+02:00,2026-05-31,12,45,3,6,5,8.190000000000001,-4.11,,5.637999999999997,10.17,,717.8758331989,,-77.69141785714184,0.8660254037844387,1406.0988599999982,,45.18057960026471,45881.1823,7471.46619,21.05284145509523,,,2780.72,45692.355571,-160.65078000000358,45.18057960026471,-0.4999999999999998,4.08
2026-05-31 11:00:00+00:00,2026-05-31 13:00:00+02:00,2026-05-31,13,0,0,6,5,0.87,-0.03,,16.867,6.6,,670.3237538735467,,-59.09417714285674,0.8660254037844387,1330.3429099999994,,48.394241272693414,45935.17266,7695.57093,21.98226178838723,,,2624.24,44967.988297,-175.9504500000039,48.394241272693414,-0.4999999999999998,0.84
2026-05-31 11:15:00+00:00,2026-05-31 13:15:00+02:00,2026-05-31,13,15,1,6,5,-0.69,0.73,,14.790000000000003,11.03,,621.88915441961,,-46.039885714286875,0.8660254037844387,1273.5676600000006,,52.01329611758725,45856.30202,7833.03083,26.585561154595077,,,2479.13,44621.133966,-218.13726000000315,52.01329611758725,-0.4999999999999998,0.04
2026-05-31 11:30:00+00:00,2026-05-31 13:30:00+02:00,2026-05-31,13,30,2,6,5,-3.03,3.03,,12.822999999999999,1.44,,585.0797357045161,,3.971072857141865,0.8660254037844387,1182.5104399999982,,50.645675256848,45533.24902,8015.90795,32.07939206465732,,,2319.25,44243.3934,-235.7566300000035,50.645675256848,-0.4999999999999998,0.0
2026-05-31 11:45:00+00:00,2026-05-31 13:45:00+02:00,2026-05-31,13,45,3,6,5,-3.07,3.07,,11.180000000000003,2.03,,526.0505100404692,,40.65952857142942,0.8660254037844387,1054.3484499999995,,49.717665426116014,45131.32892,8257.02464,31.975190605931928,,,2174.35,43834.749557,5.2424600000013015,49.717665426116014,-0.4999999999999998,0.0
2026-05-31 12:00:00+00:00,2026-05-31 14:00:00+02:00,2026-05-31,14,0,0,6,5,4.17,-4.11,,9.707,1.08,,496.9529170950075,,28.746236428571137,0.8660254037844387,746.8588400000008,,66.39400629543097,44569.72318,8528.79621,83.98550855724513,,,1761.83,43619.887544,139.5231500000009,66.39400629543097,-0.4999999999999998,0.06
2026-05-31 12:15:00+00:00,2026-05-31 14:15:00+02:00,2026-05-31,14,15,1,6,5,-1.65,1.7,,10.931999999999997,9.42,,490.7808892304165,,48.24052785714178,0.8660254037844387,657.3526100000017,,48.35039587582762,43939.95973,8731.43703,25.693024623149284,,,1541.26,43287.293553,46.911990000000515,48.35039587582762,-0.4999999999999998,0.05
2026-05-31 12:30:00+00:00,2026-05-31 14:30:00+02:00,2026-05-31,14,30,2,6,5,-2.46,3.67,,13.774999999999997,7.4,,431.13878215400865,,84.77633571428721,0.8660254037844387,582.3648099999991,,48.56644115928554,43213.08968,8911.72824,21.366333665038418,,,1427.92,42873.882299,232.08860999999888,48.56644115928554,-0.4999999999999998,1.21
2026-05-31 12:45:00+00:00,2026-05-31 14:45:00+02:00,2026-05-31,14,45,3,6,5,-2.91,6.9,,14.097,0.2,,370.7650048747111,,22.801301428571605,0.8660254037844387,516.3574100000005,,46.76542457819537,42313.65493,9099.28947,15.810334173153787,,,1321.37,42470.789903,6.319600000002538,46.76542457819537,-0.4999999999999998,3.99
2026-05-31 13:00:00+00:00,2026-05-31 15:00:00+02:00,2026-05-31,15,0,0,6,5,9.14,-7.79,,-1.1260000000000017,13.41,,325.9307442057374,,100.70525714285759,0.8660254037844387,483.03917,,51.3306577894781,41329.84253,9269.60811,34.855559507365655,,,1225.27,42649.328792,24.976369999996678,51.3306577894781,-0.4999999999999998,1.35
2026-05-31 13:15:00+00:00,2026-05-31 15:15:00+02:00,2026-05-31,15,15,1,6,5,-2.9,2.4,,3.3040000000000047,5.92,,335.2339282798752,,103.21662428571497,0.8660254037844387,513.0798299999988,,52.18916599343161,40337.2359,9337.40391,38.56101917740217,,,1161.9,42329.920213,-115.13849000000482,52.18916599343161,-0.4999999999999998,-0.5
2026-05-31 13:30:00+00:00,2026-05-31 15:30:00+02:00,2026-05-31,15,30,2,6,5,-8.9,8.9,,7.755999999999998,-1.6999999999999997,,325.92451446462866,,88.49115642857058,0.8660254037844387,509.07908999999927,,49.87937183767109,39193.52791,9470.73903,38.189701803097606,,,1093.5,41929.155805,-128.56986999999936,49.87937183767109,-0.4999999999999998,0.0
2026-05-31 13:45:00+00:00,2026-05-31 15:45:00+02:00,2026-05-31,15,45,3,6,5,-12.74,12.75,,11.455000000000002,-5.01,,339.5195858812271,,58.469035714285255,0.8660254037844387,535.8997799999979,,44.71254131294029,37858.08169,9611.99142,17.096605761713747,,,1032.08,41629.088425,-237.08415999999852,44.71254131294029,-0.4999999999999998,0.01
2026-05-31 14:00:00+00:00,2026-05-31 16:00:00+02:00,2026-05-31,16,0,0,6,5,11.24,-0.23,,-8.974000000000002,7.1899999999999995,,377.8789600817005,,10.872669999998834,0.8660254037844387,608.2635699999992,,46.92873734035171,36363.29261,9729.78279,19.081982651308312,,,973.81,42112.942673,-377.28886000000057,46.92873734035171,-0.4999999999999998,11.01
2026-05-31 14:15:00+00:00,2026-05-31 16:15:00+02:00,2026-05-31,16,15,1,6,5,10.899999999999999,28.1,,-2.5440000000000054,4.4,,443.00381523533923,,-27.4530600000006,0.8660254037844387,644.7830400000003,,43.49097559343507,34720.3273,9839.0546,13.7358150208021,,,959.92,41962.902413,-308.5089500000031,43.49097559343507,-0.4999999999999998,39.0
2026-05-31 14:30:00+00:00,2026-05-31 16:30:00+02:00,2026-05-31,16,30,2,6,5,-0.13000000000000256,63.88,,8.410000000000009,-2.67,,534.4112903470358,,-61.61308071428721,0.8660254037844387,723.7411000000011,,44.12772588219778,33018.00948,9963.48027,29.67291301282743,,,946.06,41943.961091,-240.02561000000424,44.12772588219778,-0.4999999999999998,63.75
2026-05-31 14:45:00+00:00,2026-05-31 16:45:00+02:00,2026-05-31,16,45,3,6,5,44.739999999999995,38.56,,20.360999999999997,7.0,,638.1982360298435,,-58.18823357142823,0.8660254037844387,786.6833000000006,,48.309126198617946,31167.05723,10069.40545,39.57023923775849,,,929.33,42389.359274,51.18289000000368,48.309126198617946,-0.4999999999999998,83.3
2026-05-31 15:00:00+00:00,2026-05-31 17:00:00+02:00,2026-05-31,17,0,0,6,5,1.460000000000008,65.94,,-20.715000000000003,3.1799999999999997,,749.3244676469296,,-25.526917857141598,0.8660254037844387,890.0438000000013,,42.59249633811361,29184.01165,10132.05807,31.844035249204104,,,923.87,43317.909526,48.33979000000545,42.59249633811361,-0.4999999999999998,67.4
2026-05-31 15:15:00+00:00,2026-05-31 17:15:00+02:00,2026-05-31,17,15,1,6,5,-4.969999999999999,89.41,,-3.9910000000000023,-1.1599999999999966,,748.9783065306611,,-53.599398571429575,0.8660254037844387,936.8563400000003,,37.70872150813205,27055.63447,10155.71166,40.096187860600736,,,942.18,42944.531575,26.69691999999486,37.70872150813205,-0.4999999999999998,84.44
2026-05-31 15:30:00+00:00,2026-05-31 17:30:00+02:00,2026-05-31,17,30,2,6,5,3.5799999999999983,104.0,,10.776999999999997,-2.930000000000007,,741.9264147211032,,-75.97382142857143,0.8660254037844387,1005.4485100000002,,34.70616033899755,24815.38622,9955.06618,50.61661486113206,,,954.28,42837.306551,14.128270000001066,34.70616033899755,-0.4999999999999998,107.58
2026-05-31 15:45:00+00:00,2026-05-31 17:45:00+02:00,2026-05-31,17,45,3,6,5,0.5100000000000051,120.57,,25.642000000000003,4.109999999999999,,706.8268012920514,,-96.99721785714428,0.8660254037844387,1036.7229500000012,,33.19949555777937,22435.70395,9738.82843,49.14168112518674,,,970.59,43171.127244,-1.4671899999993911,33.19949555777937,-0.4999999999999998,121.08
2026-05-31 16:00:00+00:00,2026-05-31 18:00:00+02:00,2026-05-31,18,0,0,6,5,19.690000000000012,92.1,,-15.855999999999991,-0.21999999999999886,,675.4536440770972,,-95.54704785714317,0.8660254037844387,1064.491970000001,,30.239006264553314,19965.8391,9503.01226,34.6889995600368,,,976.52,43967.249836,-35.53418000000238,30.239006264553314,-0.4999999999999998,111.79
2026-05-31 16:15:00+00:00,2026-05-31 18:15:00+02:00,2026-05-31,18,15,1,6,5,1.980000000000004,119.02,,-4.336999999999996,-5.289999999999992,,680.0225174144412,,-111.06132785714337,0.8660254037844387,1102.328379999999,,18.905041078361727,17419.26269,9147.82774,18.764285605527355,,,987.37,44207.056652,-68.84182999999757,18.905041078361727,-0.4999999999999998,121.0
2026-05-31 16:30:00+00:00,2026-05-31 18:30:00+02:00,2026-05-31,18,30,2,6,5,4.210000000000008,136.47,,6.8199999999999985,-5.319999999999993,,675.4813777859212,,-127.37829714285701,0.8660254037844387,1121.1738900000018,,16.16352891739413,14879.32718,8790.62616,17.541893392947973,,,991.59,44726.677718,-97.79024000000209,16.16352891739413,-0.4999999999999998,140.68
2026-05-31 16:45:00+00:00,2026-05-31 18:45:00+02:00,2026-05-31,18,45,3,6,5,-0.5900000000000034,149.57,,14.940000000000007,-22.690000000000012,,671.1966027234441,,-139.84785142857203,0.8660254037844387,1138.9203500000003,,19.709715113143535,12455.81287,8429.4696,17.489867542856334,,,992.56,44933.354697,-132.76087999999436,19.709715113143535,-0.4999999999999998,148.98
2026-05-31 17:00:00+00:00,2026-05-31 19:00:00+02:00,2026-05-31,19,0,0,6,5,0.22999999999998977,131.77,,-16.75,-0.3100000000000023,,656.2500022964635,,-141.9486928571418,0.8660254037844387,1142.5800099999979,,21.270833879795372,10222.31672,8057.16058,15.42244730749257,,,996.7,45692.852553,-172.90114999999787,21.270833879795372,-0.4999999999999998,132.0
2026-05-31 17:15:00+00:00,2026-05-31 19:15:00+02:00,2026-05-31,19,15,1,6,5,0.28000000000000114,137.98,,-9.447999999999999,-6.310000000000002,,537.849789808907,,-154.4120621428579,0.8660254037844387,1088.6845799999992,,21.630907765676554,8199.48491,7686.49321,21.9992453333758,,,1013.4,45285.51391,-193.8816399999996,21.630907765676554,-0.4999999999999998,138.26
2026-05-31 17:30:00+00:00,2026-05-31 19:30:00+02:00,2026-05-31,19,30,2,6,5,-15.080000000000013,160.81,,4.698999999999998,-12.900000000000006,,453.98231194307795,,-160.18961571428503,0.8660254037844387,1021.2339199999988,,24.174579525569396,6424.36462,7311.46845,28.583116645020358,,,1031.25,45178.741595,-292.827870000001,24.174579525569396,-0.4999999999999998,145.73
2026-05-31 17:45:00+00:00,2026-05-31 19:45:00+02:00,2026-05-31,19,45,3,6,5,-0.5,150.51,,20.174999999999994,-25.25,,427.73011668028505,,-169.21600285714132,0.8660254037844387,960.6052999999993,,46.13900109119277,4879.34371,6925.13669,66.97000209759871,,,1050.98,44870.442867,-580.2411199999915,46.13900109119277,-0.4999999999999998,150.01
2026-05-31 18:00:00+00:00,2026-05-31 20:00:00+02:00,2026-05-31,20,0,0,6,5,-3.8700000000000045,144.07,,-2.414000000000006,-17.670000000000016,,478.54567309997526,,-178.6638428571428,0.8660254037844387,896.6662699999997,,34.68874840834666,3556.68134,6549.57206,41.885981118814655,,,1086.29,45236.29169,-747.156289999999,34.68874840834666,-0.4999999999999998,140.2
2026-05-31 18:15:00+00:00,2026-05-31 20:15:00+02:00,2026-05-31,20,15,1,6,5,-3.609999999999985,147.98,,0.901000000000004,0.950000000000017,,499.9644598417924,,-186.74906000000192,0.8660254037844387,858.8397299999997,,39.03561596317306,2424.52822,6333.9137,57.0517083338397,,,1152.75,45455.985004,-721.5209600000017,39.03561596317306,-0.4999999999999998,144.37
2026-05-31 18:30:00+00:00,2026-05-31 20:30:00+02:00,2026-05-31,20,30,2,6,5,-5.849999999999994,157.35,,1.2970000000000028,-3.1399999999999864,,529.8775313192049,,-190.47348785714297,0.8660254037844387,810.0996399999995,,65.7101619829895,1477.01555,6099.87105,115.74457348176658,,,1216.72,45094.229766,-682.2076900000029,65.7101619829895,-0.4999999999999998,151.5
2026-05-31 18:45:00+00:00,2026-05-31 20:45:00+02:00,2026-05-31,20,45,3,6,5,-24.47999999999999,179.6,,-2.5859999999999985,-9.560000000000002,,579.4793458481947,,-194.6146700000006,0.8660254037844387,761.8144300000004,,47.191161718188155,737.25431,5813.77181,62.0364862687385,,,1274.78,44967.263215,-629.426370000001,47.191161718188155,-0.4999999999999998,155.12
2026-05-31 19:00:00+00:00,2026-05-31 21:00:00+02:00,2026-05-31,21,0,0,6,5,-5.349999999999994,158.51,,14.226000000000003,-7.030000000000001,,551.7022239274007,,-177.60405357142892,0.8660254037844387,678.2702700000009,,36.297050332371036,271.96754,5577.81827,45.34964046689004,,,1328.31,44785.871499,-561.18318,36.297050332371036,-0.4999999999999998,153.16
2026-05-31 19:15:00+00:00,2026-05-31 21:15:00+02:00,2026-05-31,21,15,1,6,5,-25.840000000000003,178.84,,4.114,3.8000000000000114,,456.8082627628322,,-130.50194499999893,0.8660254037844387,576.6197699999993,,30.427667606182855,82.68573,5547.64584,44.87795922064121,,,1376.14,44585.037008,-456.7291299999997,30.427667606182855,-0.4999999999999998,153.0
2026-05-31 19:30:00+00:00,2026-05-31 21:30:00+02:00,2026-05-31,21,30,2,6,5,-16.980000000000018,167.4,,-5.574000000000008,2.089999999999975,,364.02832199944174,,-85.79813142857061,0.8660254037844387,467.4166500000001,,42.59468329312095,30.28167,5574.87262,74.5698287640836,,,1416.89,44401.739705,-370.4310899999982,42.59468329312095,-0.4999999999999998,150.42
2026-05-31 19:45:00+00:00,2026-05-31 21:45:00+02:00,2026-05-31,21,45,3,6,5,-7.180000000000007,154.8,,-12.849,5.230000000000018,,284.17063308885116,,-44.288464999999896,0.8660254037844387,367.7267899999997,,24.793617223520368,9.82007,5627.2467,33.47983508237262,,,1455.9,44107.736767,-293.80547999999544,24.793617223520368,-0.4999999999999998,147.62
2026-05-31 20:00:00+00:00,2026-05-31 22:00:00+02:00,2026-05-31,22,0,0,6,5,-2.9499999999999886,162.16,,10.732999999999999,8.650000000000006,,169.3453383475879,,5.146213571429793,0.8660254037844387,280.46586000000025,,21.44095760368368,0.0,5640.6635,26.049121363484584,,,1507.2,43905.622062,-187.35026999999536,21.44095760368368,-0.4999999999999998,159.21
2026-05-31 20:15:00+00:00,2026-05-31 22:15:00+02:00,2026-05-31,22,15,1,6,5,-1.3400000000000034,154.86,,3.253000000000001,2.219999999999999,,74.24543673239425,,44.820195714285674,0.8660254037844387,210.75608999999895,,19.566481445677777,,5659.97918,28.554846640573356,,,1539.69,43617.263446,-97.99150999999983,19.566481445677777,-0.4999999999999998,153.52
2026-05-31 20:30:00+00:00,2026-05-31 22:30:00+02:00,2026-05-31,22,30,2,6,5,-0.19999999999998863,150.94,,-1.7219999999999978,3.5,,50.05711873255466,,83.24035357142773,0.8660254037844387,141.74693000000025,,14.085682076147219,,5672.44534,17.020075121539364,,,1575.44,43095.744256,-44.967680000001565,14.085682076147219,-0.4999999999999998,150.74
2026-05-31 20:45:00+00:00,2026-05-31 22:45:00+02:00,2026-05-31,22,45,3,6,5,-3.660000000000025,144.55,,-7.410999999999999,2.1299999999999955,,119.19312342072057,,116.42727785714202,0.8660254037844387,85.6881999999996,,14.335549012026389,,5682.71464,19.88871946367436,,,1606.99,42710.899296,-4.800410000003467,14.335549012026389,-0.4999999999999998,140.89
2026-05-31 21:00:00+00:00,2026-05-31 23:00:00+02:00,2026-05-31,23,0,0,6,5,6.97999999999999,151.52,,7.746000000000004,3.069999999999993,,177.1659809077354,,145.67169214285605,0.8660254037844387,43.85178999999971,,15.04268225037315,,5677.24063,9.948049581510546,,,1656.15,42168.114524,-11.773200000003271,15.04268225037315,-0.4999999999999998,158.5
2026-05-31 21:15:00+00:00,2026-05-31 23:15:00+02:00,2026-05-31,23,15,1,6,5,-0.5699999999999932,146.95,,2.484999999999995,0.4299999999999784,,127.41887275114743,,141.72456214285765,0.8660254037844387,49.01734999999917,,13.913339151662763,,5581.94933,16.239459145344714,,,1742.41,41682.591299,6.935590000000957,13.913339151662763,-0.4999999999999998,146.38
2026-05-31 21:30:00+00:00,2026-05-31 23:30:00+02:00,2026-05-31,23,30,2,6,5,0.29999999999998295,142.99,,-0.7480000000000011,1.7799999999999727,,96.25540526882747,,139.45122142857144,0.8660254037844387,60.96166000000085,,13.030605096459507,,5484.92567,17.86743859384314,,,1840.04,41176.697819,33.98214999999618,13.030605096459507,-0.4999999999999998,143.29
2026-05-31 21:45:00+00:00,2026-05-31 23:45:00+02:00,2026-05-31,23,45,3,6,5,-0.0800000000000125,139.93,,-4.6739999999999995,2.5,,85.32443593861959,,136.5840614285719,0.8660254037844387,71.64537999999993,,10.324869415112317,,5387.46215,9.298312442894781,,,1934.92,40695.221829,62.251750000003085,10.324869415112317,-0.4999999999999998,139.85
2026-05-31 22:00:00+00:00,2026-06-01 00:00:00+02:00,2026-06-01,0,0,0,0,6,1.8400000000000034,151.03,,6.195000000000005,-1.3100000000000023,,3362.000494261126,,12.198986428570477,0.49999999999999994,-2057.8222,,15.519266788952303,0.0,5218.08313,9.1048921962189,,,1976.81,38989.479523,52.204460000000836,15.519266788952303,-0.8660254037844387,152.87
2026-05-31 22:15:00+00:00,2026-06-01 00:15:00+02:00,2026-06-01,0,15,1,0,6,0.700000000000017,141.16,,0.9210000000000008,0.0,,3028.6246312864164,,35.18480714285787,0.49999999999999994,-1961.9902700000002,,13.07662984671976,,5063.33591,7.023626115443751,,,2073.74,38378.710177,56.31900999999925,13.07662984671976,-0.8660254037844387,141.86
2026-05-31 22:30:00+00:00,2026-06-01 00:30:00+02:00,2026-06-01,0,30,2,0,6,4.170000000000016,134.7,,-1.3219999999999998,0.8100000000000023,,2728.9981809156566,,44.90139214285747,0.49999999999999994,-1773.2306499999995,,11.71140786046079,,4910.08536,2.5086706781526025,,,2183.51,38066.495771,62.08002000000124,11.71140786046079,-0.8660254037844387,138.87
2026-05-31 22:45:00+00:00,2026-06-01 00:45:00+02:00,2026-06-01,0,45,3,0,6,0.03999999999999204,133.19,,-4.346999999999996,-2.1999999999999886,,2715.994557165165,,26.665615714285064,0.49999999999999994,-1653.88607,,9.796023778978205,,4762.11409,3.6307515947586437,,,2305.03,37671.070768,122.04756999999518,9.796023778978205,-0.8660254037844387,133.23
2026-05-31 23:00:00+00:00,2026-06-01 01:00:00+02:00,2026-06-01,1,0,0,0,6,1.9799999999999898,138.53,,4.497,1.1099999999999852,,2789.0601234286773,,23.793392142857037,0.49999999999999994,-1611.04272,,12.812115107135714,,4634.89516,9.055771640230493,,,2561.6,37293.178233,169.30552999999782,12.812115107135714,-0.8660254037844387,140.51
2026-05-31 23:15:00+00:00,2026-06-01 01:15:00+02:00,2026-06-01,1,15,1,0,6,4.920000000000016,128.04,,1.2219999999999975,-3.3500000000000227,,2870.4510166972727,,-3.2730557142856145,0.49999999999999994,-1546.3414699999994,,11.507371337790993,,4510.17594,3.378024218246133,,,2664.38,36862.006716,161.11153000000195,11.507371337790993,-0.8660254037844387,132.96
2026-05-31 23:30:00+00:00,2026-06-01 01:30:00+02:00,2026-06-01,1,30,2,0,6,-4.47999999999999,131.1,,1.35,0.3400000000000034,,2836.248087447141,,38.174490714285376,0.49999999999999994,-1500.3940199999997,,10.201824896405443,,4384.67992,2.298575127999719,,,2649.89,36532.29133,261.39308000000165,10.201824896405443,-0.8660254037844387,126.62
2026-05-31 23:45:00+00:00,2026-06-01 01:45:00+02:00,2026-06-01,1,45,3,0,6,-5.340000000000003,127.7,,-0.33900000000000147,-0.9500000000000028,,2959.963574168395,,37.89669285714366,0.49999999999999994,-1479.5466500000002,,11.091815962646056,,4265.49943,6.9658486646675115,,,2670.7,36142.682579,324.74667999999656,11.091815962646056,-0.8660254037844387,122.36
2026-06-01 00:00:00+00:00,2026-06-01 02:00:00+02:00,2026-06-01,2,0,0,0,6,0.8699999999999903,121.29,,1.9129999999999954,-2.009999999999991,,3076.694773102595,,23.295417142858632,0.49999999999999994,-1443.1469499999998,,11.72897377974413,,4181.16655,4.354663619396584,,,2806.32,35983.946007,315.55918000000383,11.72897377974413,-0.8660254037844387,122.16
2026-06-01 00:15:00+00:00,2026-06-01 02:15:00+02:00,2026-06-01,2,15,1,0,6,-0.3200000000000074,125.7,,1.5119999999999962,-1.8700000000000045,,2916.124296131437,,61.717399999999806,0.49999999999999994,-1379.8033999999998,,10.860005919492124,,4092.01923,6.531008089619339,,,2780.59,35807.852231,379.3684399999984,10.860005919492124,-0.8660254037844387,125.38
2026-06-01 00:30:00+00:00,2026-06-01 02:30:00+02:00,2026-06-01,2,30,2,0,6,1.3599999999999994,124.02,,0.888999999999994,-2.1500000000000057,,2622.0378301769706,,121.81407071428632,0.49999999999999994,-1316.9853700000008,,10.806297008062337,,3995.45058,4.70451859791392,,,2756.13,35561.281806,313.9599699999999,10.806297008062337,-0.8660254037844387,125.38
2026-06-01 00:45:00+00:00,2026-06-01 02:45:00+02:00,2026-06-01,2,45,3,0,6,-3.089999999999989,126.46,,0.5759999999999991,2.8100000000000023,,2470.895057656683,,132.03223214285703,0.49999999999999994,-1255.5365199999992,,10.572429922722987,,3901.8378,4.078520389972199,,,2740.79,35304.173799,284.4271899999985,10.572429922722987,-0.8660254037844387,123.37
2026-06-01 01:00:00+00:00,2026-06-01 03:00:00+02:00,2026-06-01,3,0,0,0,6,-1.1800000000000068,122.93,,0.5999999999999982,-2.8800000000000097,,2026.8914801328656,,175.8007992857152,0.49999999999999994,-791.5589399999999,,10.801835186034445,,3814.57518,3.3589106794291235,,,2716.45,35131.24504,157.41215999999986,10.801835186034445,-0.8660254037844387,121.75
2026-06-01 01:15:00+00:00,2026-06-01 03:15:00+02:00,2026-06-01,3,15,1,0,6,1.0999999999999943,120.14,,1.2459999999999969,3.75,,1821.9738784904819,,141.40747499999998,0.49999999999999994,-630.7419899999995,,10.312226286250736,,3723.10952,2.9402761451116946,,,2766.66,35023.688148,146.35570000000007,10.312226286250736,-0.8660254037844387,121.24
2026-06-01 01:30:00+00:00,2026-06-01 03:30:00+02:00,2026-06-01,3,30,2,0,6,-3.1499999999999915,124.33,,0.8239999999999981,-1.0600000000000023,,1577.0645958646078,,152.7070714285723,0.49999999999999994,-576.1076400000002,,10.10136797273618,,3635.65463,3.150404358022366,,,2774.93,35042.547386,107.13716999999451,10.10136797273618,-0.8660254037844387,121.18
2026-06-01 01:45:00+00:00,2026-06-01 03:45:00+02:00,2026-06-01,3,45,3,0,6,3.160000000000011,117.74,,0.9259999999999984,0.5600000000000023,,1318.096651069599,,160.26626499999995,0.49999999999999994,-583.75459,,10.025313272757938,,3546.39985,4.953725389855376,,,2748.51,35043.53325,82.18411999999807,10.025313272757938,-0.8660254037844387,120.9
2026-06-01 02:00:00+00:00,2026-06-01 04:00:00+02:00,2026-06-01,4,0,0,0,6,-4.049999999999997,126.2,,-0.3079999999999988,-0.5099999999999909,,1136.2174386070546,,168.57765357142827,0.49999999999999994,-555.0140700000002,,10.368664942914219,,3457.8392,3.903711298848617,,,2758.47,35435.955132,22.155009999994945,10.368664942914219,-0.8660254037844387,122.15
2026-06-01 02:15:00+00:00,2026-06-01 04:15:00+02:00,2026-06-01,4,15,1,0,6,1.5100000000000051,121.49,,0.710000000000002,0.6900000000000119,,1228.6024644595602,,128.27946571428583,0.49999999999999994,-515.9887599999997,,9.68776261292937,,3425.4768,5.619634372108544,,,2779.09,35544.401279,-39.127809999998135,9.68776261292937,-0.8660254037844387,123.0
2026-06-01 02:30:00+00:00,2026-06-01 04:30:00+02:00,2026-06-01,4,30,2,0,6,-1.1899999999999977,125.99,,1.8799999999999997,-1.7000000000000028,,1145.5051758362201,,122.86338642857143,0.49999999999999994,-459.1688799999997,,10.601536701031112,,3392.33546,5.409554598334555,,,2787.22,35662.642568,-80.82851999999548,10.601536701031112,-0.8660254037844387,124.8
2026-06-01 02:45:00+00:00,2026-06-01 04:45:00+02:00,2026-06-01,4,45,3,0,6,-1.009999999999991,129.7,,3.5349999999999993,1.2600000000000051,,1018.106462472109,,87.60390714285806,0.49999999999999994,-394.35078999999996,,10.03495994830191,5.94425,3356.63176,2.6817265227554334,,,2620.21,35925.889997,-288.11131000000023,10.03495994830191,-0.8660254037844387,128.69
2026-06-01 03:00:00+00:00,2026-06-01 05:00:00+02:00,2026-06-01,5,0,0,0,6,3.269999999999996,124.65,,-4.186000000000002,-2.7700000000000102,,1069.947860171646,,68.9032378571441,0.49999999999999994,-340.88095999999996,,8.32531379201103,92.52498,3318.18428,5.331540472464188,,,2664.89,36358.247957,-298.4844599999997,8.32531379201103,-0.8660254037844387,127.92
2026-06-01 03:15:00+00:00,2026-06-01 05:15:00+02:00,2026-06-01,5,15,1,0,6,1.25,130.16,,-2.0110000000000015,-3.960000000000008,,1125.927966157525,,-7.852145714286182,0.49999999999999994,-226.1194599999999,,9.984371352083212,317.48052,3221.06067,5.5228426083118425,,,2650.44,36256.52337,-483.85889999999927,9.984371352083212,-0.8660254037844387,131.41
2026-06-01 03:30:00+00:00,2026-06-01 05:30:00+02:00,2026-06-01,5,30,2,0,6,-0.2599999999999909,138.23,,2.323999999999999,-1.6099999999999994,,1205.2469064602908,,-68.1110664285708,0.49999999999999994,-129.0839100000003,,11.696949428202384,711.90546,3130.03711,7.052337673896473,,,2637.88,35359.157686,-588.8905599999998,11.696949428202384,-0.8660254037844387,137.97
2026-06-01 03:45:00+00:00,2026-06-01 05:45:00+02:00,2026-06-01,5,45,3,0,6,-2.219999999999999,147.33,,6.225,5.400000000000006,,1326.9906373271283,,-181.45225000000028,0.49999999999999994,-8.5308500000001,,14.05754851452072,1324.29214,3046.22663,9.345752791406914,,,2667.42,36890.527354,-721.4366199999931,14.05754851452072,-0.8660254037844387,145.11
2026-06-01 04:00:00+00:00,2026-06-01 06:00:00+02:00,2026-06-01,6,0,0,0,6,-8.26000000000002,164.99,,-4.340000000000001,5.900000000000006,,1823.6746540475249,,-412.7383407142853,0.49999999999999994,-137.92041999999992,,15.297424706319768,2212.74838,2973.47954,9.732525732967538,,,2658.76,37843.535612,-772.9458200000008,15.297424706319768,-0.8660254037844387,156.73
2026-06-01 04:15:00+00:00,2026-06-01 06:15:00+02:00,2026-06-01,6,15,1,0,6,-11.969999999999999,172.17,,0.22299999999999934,3.6700000000000017,,1747.287428440416,,-353.7937071428574,0.49999999999999994,-97.68078999999989,,17.405123352489053,3349.16766,2937.94632,11.35421423755987,,,2560.97,36503.187187,-718.4709200000034,17.405123352489053,-0.8660254037844387,160.2
2026-06-01 04:30:00+00:00,2026-06-01 06:30:00+02:00,2026-06-01,6,30,2,0,6,2.980000000000018,156.1,,0.8570000000000035,2.9200000000000017,,1592.1868594373716,,-317.3934178571427,0.49999999999999994,-65.60383000000002,,19.219221281484717,4685.45765,2905.25973,15.735573286877909,,,2465.08,37143.19978,-462.34653999999864,19.219221281484717,-0.8660254037844387,159.08
2026-06-01 04:45:00+00:00,2026-06-01 06:45:00+02:00,2026-06-01,6,45,3,0,6,0.30000000000001137,158.1,,0.6339999999999975,3.700000000000003,,1516.7445134113996,,-360.90109357142734,0.49999999999999994,-20.64354000000003,,22.239536937054346,6231.2718,2876.13256,15.685248757079671,,,2386.98,37784.305393,-513.875680000001,22.239536937054346,-0.8660254037844387,158.4
2026-06-01 05:00:00+00:00,2026-06-01 07:00:00+02:00,2026-06-01,7,0,0,0,6,-7.6200000000000045,175.0,,5.75,0.5600000000000023,,1449.9384458707407,,-385.38196285714366,0.49999999999999994,56.20309999999972,,22.993590097720315,8000.99276,2830.19725,17.585870952070145,,,2364.06,38348.979988,-518.8764299999966,22.993590097720315,-0.8660254037844387,167.38
2026-06-01 05:15:00+00:00,2026-06-01 07:15:00+02:00,2026-06-01,7,15,1,0,6,-2.480000000000018,161.15,,2.9320000000000035,-8.560000000000002,,1329.1473836289588,,-303.6837199999996,0.49999999999999994,158.3384100000003,,23.80947377970894,9971.5154,2695.20086,16.76970425953865,,,2312.69,39015.546068,-335.005170000004,23.80947377970894,-0.8660254037844387,158.67
2026-06-01 05:30:00+00:00,2026-06-01 07:30:00+02:00,2026-06-01,7,30,2,0,6,-17.02000000000001,169.9,,-0.6969999999999971,-3.0999999999999943,,1311.4162598072255,,-260.27976642857124,0.49999999999999994,209.42329999999993,,24.515735061556292,12086.88514,2558.58095,18.91660180395834,,,2357.67,40140.425408,-407.6122700000051,24.515735061556292,-0.8660254037844387,152.88
2026-06-01 05:45:00+00:00,2026-06-01 07:45:00+02:00,2026-06-01,7,45,3,0,6,-2.680000000000007,149.78,,-9.235,1.4300000000000068,,1263.58877265936,,-213.6343821428574,0.49999999999999994,261.65008000000034,,27.60171931229423,14289.17094,2416.48259,14.926366891224147,,,2266.23,40832.008133,-345.53813999999693,27.60171931229423,-0.8660254037844387,147.1
2026-06-01 06:00:00+00:00,2026-06-01 08:00:00+02:00,2026-06-01,8,0,0,0,6,-3.710000000000008,175.0,,17.521000000000004,-0.6899999999999977,,1274.1739423293625,,-138.23704428571415,0.49999999999999994,222.5861500000001,,33.129789602818605,16509.97906,2346.22288,32.470976637752685,,,2141.24,41553.055866,-337.4959000000017,33.129789602818605,-0.8660254037844387,171.29
2026-06-01 06:15:00+00:00,2026-06-01 08:15:00+02:00,2026-06-01,8,15,1,0,6,-6.039999999999992,165.41,,9.432000000000006,10.100000000000009,,1295.104150800544,,-116.23199928571401,0.49999999999999994,157.48342999999977,,28.14005113082717,18729.31451,2267.32631,16.945183892268506,,,2028.9,42678.507774,-393.64226999999664,28.14005113082717,-0.8660254037844387,159.37
2026-06-01 06:30:00+00:00,2026-06-01 08:30:00+02:00,2026-06-01,8,30,2,0,6,-7.02000000000001,149.99,,-2.842170943040401e-15,11.590000000000003,,1315.996580576139,,-79.17427428571578,0.49999999999999994,106.50878999999986,,33.038196797330095,20957.24382,2178.4348,27.596717454901547,,,1925.92,43571.849016,-424.39889000000403,33.038196797330095,-0.8660254037844387,142.97
2026-06-01 06:45:00+00:00,2026-06-01 08:45:00+02:00,2026-06-01,8,45,3,0,6,3.0500000000000114,123.24,,-15.973999999999993,20.580000000000005,,1315.974442483856,,-69.4650535714284,0.49999999999999994,75.82949000000008,,37.11793578774156,23129.00788,2083.72338,31.180581563957997,,,1805.3,44276.374334,-334.7053900000028,37.11793578774156,-0.8660254037844387,126.29
2026-06-01 07:00:00+00:00,2026-06-01 09:00:00+02:00,2026-06-01,9,0,0,0,6,-4.009999999999991,162.51,,16.935,5.489999999999995,,1316.7965417230819,,-89.07005678571348,0.49999999999999994,50.716989999999896,,43.220929276372786,25129.91562,1982.54438,38.91683299648409,,,1709.72,44723.207285,-331.6243600000016,43.220929276372786,-0.8660254037844387,158.5
2026-06-01 07:15:00+00:00,2026-06-01 09:15:00+02:00,2026-06-01,9,15,1,0,6,-1.3599999999999852,138.13,,9.038000000000002,32.59,,1275.9978411818454,,-106.8411354285711,0.49999999999999994,28.22978999999941,,41.32252837524184,27023.08728,2033.05367,29.509567294435694,,,1630.27,45425.596729,-305.238179999993,41.32252837524184,-0.8660254037844387,136.77
2026-06-01 07:30:00+00:00,2026-06-01 09:30:00+02:00,2026-06-01,9,30,2,0,6,4.319999999999993,119.4,,1.1669999999999998,30.499999999999996,,1226.0878359292058,,-79.76598585714237,0.49999999999999994,16.191959999999654,,44.97390377945829,28856.56729,2074.39884,28.924434554296802,,,1550.98,45732.099884,-248.13032000000385,44.97390377945829,-0.8660254037844387,123.72
2026-06-01 07:45:00+00:00,2026-06-01 09:45:00+02:00,2026-06-01,9,45,3,0,6,4.390000000000001,111.42,,-10.743000000000004,12.530000000000001,,1190.6783782733314,,-89.40609814285563,0.49999999999999994,3.8381100000001425,,47.59336781166066,30506.92136,2115.94149,21.301364588528326,,,1469.01,46298.125718,-228.77439000000595,47.59336781166066,-0.8660254037844387,115.81
2026-06-01 08:00:00+00:00,2026-06-01 10:00:00+02:00,2026-06-01,10,0,0,0,6,5.010000000000005,123.8,,10.919999999999993,6.140000000000004,,1137.2577474123148,,-248.84970857142616,0.49999999999999994,2.0482300000003306,,44.78024741111916,31950.21604,2161.21656,22.45662337336631,,,1393.87,46423.446372,-410.4067900000009,44.78024741111916,-0.8660254037844387,128.81
2026-06-01 08:15:00+00:00,2026-06-01 10:15:00+02:00,2026-06-01,10,15,1,0,6,4.75,115.9,,4.958999999999997,5.750000000000001,,1069.088501324268,,-287.5346159999982,0.49999999999999994,87.26249000000007,,46.92525663278645,33190.24364,2191.37992,16.704896915343777,,,1367.72,46468.855908,-410.5665999999983,46.92525663278645,-0.8660254037844387,120.65
2026-06-01 08:30:00+00:00,2026-06-01 10:30:00+02:00,2026-06-01,10,30,2,0,6,15.58999999999999,100.79,,-2.128000000000003,-0.75,,998.0123326670724,,-341.00949457142946,0.49999999999999994,164.37473,,46.29810452997828,34255.19543,2202.42726,11.373545118883104,,,1327.77,46730.439594,-462.0601000000024,46.29810452997828,-0.8660254037844387,116.38
2026-06-01 08:45:00+00:00,2026-06-01 10:45:00+02:00,2026-06-01,10,45,3,0,6,2.5,111.14,,-4.038999999999999,5.58,,982.3801880191495,,-315.6419221428545,0.49999999999999994,225.1201299999998,,47.5491535971376,35223.51832,2197.87962,14.206602589736912,,,1287.37,46852.820845,-194.29788000000553,47.5491535971376,-0.8660254037844387,113.64
2026-06-01 09:00:00+00:00,2026-06-01 11:00:00+02:00,2026-06-01,11,0,0,0,6,14.120000000000005,102.05,,9.011,-4.799999999999999,,947.5553522848587,,-321.444707142858,0.49999999999999994,292.25327000000016,,46.25905482647848,36000.1746,2188.57678,11.8208246428981,,,1274.23,46619.146867,-164.38028000000486,46.25905482647848,-0.8660254037844387,116.17
2026-06-01 09:15:00+00:00,2026-06-01 11:15:00+02:00,2026-06-01,11,15,1,0,6,12.799999999999997,101.28,,5.635999999999997,-0.5999999999999996,,889.1240623301387,,-294.72053785714576,0.49999999999999994,367.1612,,56.130285107211776,36614.93034,2309.53917,37.8519098719264,,,1283.8,46831.824198,-113.79538999999932,56.130285107211776,-0.8660254037844387,114.08
2026-06-01 09:30:00+00:00,2026-06-01 11:30:00+02:00,2026-06-01,11,30,2,0,6,28.659999999999997,82.54,,3.702999999999996,-0.7799999999999998,,844.9643410894024,,-255.76432642857046,0.49999999999999994,455.6230400000004,,44.295814354317024,37034.97833,2437.88714,3.175588434412788,,,1299.64,46838.372448,-89.26647999999113,44.295814354317024,-0.8660254037844387,111.2
2026-06-01 09:45:00+00:00,2026-06-01 11:45:00+02:00,2026-06-01,11,45,3,0,6,23.980000000000004,80.0,,2.027999999999995,3.29,,809.704140746867,,-221.82821928571502,0.49999999999999994,539.24757,,52.18240533792756,37307.20473,2563.78633,36.65445298745524,,,1313.93,46557.600881,-92.37272000000667,52.18240533792756,-0.8660254037844387,103.98
2026-06-01 10:00:00+00:00,2026-06-01 12:00:00+02:00,2026-06-01,12,0,0,0,6,4.579999999999998,100.01,,9.379,-10.42,,772.9582368375193,,-208.33981642857285,0.49999999999999994,639.7124100000001,,43.202923487694704,37538.13856,2686.18118,7.133766787007562,,,1327.89,46491.473284,-127.31195999999909,43.202923487694704,-0.8660254037844387,104.59
2026-06-01 10:15:00+00:00,2026-06-01 12:15:00+02:00,2026-06-01,12,15,1,0,6,6.450000000000003,93.33,,7.799000000000004,-1.8,,712.561658229471,,-179.9739321428559,0.49999999999999994,775.9109400000002,,43.46810120788639,37681.53244,2832.14234,4.452238602257844,,,1326.02,46210.282731,-137.74741999999242,43.46810120788639,-0.8660254037844387,99.78
2026-06-01 10:30:00+00:00,2026-06-01 12:30:00+02:00,2026-06-01,12,30,2,0,6,6.989999999999995,91.81,,7.070000000000005,7.88,,668.5791677587653,,-139.99343214285702,0.49999999999999994,903.05971,,44.58786062164024,37833.94465,2973.92509,5.391487117053685,,,1322.25,46206.471569,-131.74835000000166,44.58786062164024,-0.8660254037844387,98.8
2026-06-01 10:45:00+00:00,2026-06-01 12:45:00+02:00,2026-06-01,12,45,3,0,6,9.459999999999994,87.18,,4.932999999999998,8.190000000000001,,639.4866566071831,,-98.63756357142744,0.49999999999999994,1018.3822499999992,,44.58844913387327,38025.14844,3125.87345,6.218379822677885,,,1321.66,45821.833051,-160.65078000000358,44.58844913387327,-0.8660254037844387,96.64
2026-06-01 11:00:00+00:00,2026-06-01 13:00:00+02:00,2026-06-01,13,0,0,0,6,9.189999999999998,92.62,,10.825000000000003,0.87,,630.5626210222783,,-68.00641499999931,0.49999999999999994,1159.3706399999996,,45.12712496718696,37976.64424,3273.4503,7.956478342766368,,,1309.5,45106.053836,-175.9504500000039,45.12712496718696,-0.8660254037844387,101.81
2026-06-01 11:15:00+00:00,2026-06-01 13:15:00+02:00,2026-06-01,13,15,1,0,6,7.800000000000011,92.21,,8.787000000000003,-0.69,,610.9439796746135,,-43.983977857144055,0.49999999999999994,1266.4559600000002,,49.08804777396636,37788.36279,3423.34715,10.397462373554289,,,1285.55,44935.040131,-218.13726000000315,49.08804777396636,-0.8660254037844387,100.01
2026-06-01 11:30:00+00:00,2026-06-01 13:30:00+02:00,2026-06-01,13,30,2,0,6,9.539999999999992,88.45,,6.644,-3.03,,657.0951580534315,,9.160209285712751,0.49999999999999994,1359.1849100000004,,47.57531876879298,37585.98834,3572.30008,12.42764928160492,,,1260.87,44554.678252,-235.7566300000035,47.57531876879298,-0.8660254037844387,97.99
2026-06-01 11:45:00+00:00,2026-06-01 13:45:00+02:00,2026-06-01,13,45,3,0,6,46.330000000000005,48.23,,4.991000000000001,-3.07,,689.1128081509943,,50.62550928571467,0.49999999999999994,1432.6756400000004,,46.70603084677876,37262.07032,3715.07413,14.833614818087728,,,1241.58,44299.233529,5.2424600000013015,46.70603084677876,-0.8660254037844387,94.56
2026-06-01 12:00:00+00:00,2026-06-01 14:00:00+02:00,2026-06-01,14,0,0,0,6,44.59,50.2,,5.352,4.17,,803.1941404600311,,-4.6988285714287485,0.49999999999999994,1345.8605599999996,,65.19227518895336,36794.71863,3903.86591,78.5104417077302,,,1165.76,44052.435631,139.5231500000009,65.19227518895336,-0.8660254037844387,94.79
2026-06-01 12:15:00+00:00,2026-06-01 14:15:00+02:00,2026-06-01,14,15,1,0,6,12.079999999999998,86.95,,6.336999999999997,-1.65,,836.0211707884482,,22.97512999999838,0.49999999999999994,1338.9312499999996,,46.208688896109095,36209.34661,4116.2685,13.794724491977496,,,1142.34,43726.108391,183.76579999999376,46.208688896109095,-0.8660254037844387,99.03
2026-06-01 12:30:00+00:00,2026-06-01 14:30:00+02:00,2026-06-01,14,30,2,0,6,41.919999999999995,57.24,,8.735999999999997,-2.46,,800.5998547103902,,66.82691285714411,0.49999999999999994,1320.0065699999996,,46.42303994175628,35570.61794,4336.84835,11.186828351747781,,,1117.82,43591.139228,232.08860999999888,46.42303994175628,-0.8660254037844387,99.16
2026-06-01 12:45:00+00:00,2026-06-01 14:45:00+02:00,2026-06-01,14,45,3,0,6,38.57999999999999,62.24,,9.078000000000001,-2.91,,758.3381339866264,,7.547593571428089,0.49999999999999994,1291.4886700000006,,44.33218120593925,34743.05731,4563.73212,8.856115992708865,,,1096.49,43136.812038,6.319600000002538,44.33218120593925,-0.8660254037844387,100.82
2026-06-01 13:00:00+00:00,2026-06-01 15:00:00+02:00,2026-06-01,15,0,0,0,6,12.36,86.0,,-0.5530000000000015,9.14,,723.9224257757268,,88.8839621428576,0.49999999999999994,1277.27686,,51.189138563549655,33746.55081,4787.66038,33.84254423059941,,,1073.72,43115.392872,267.5269100000005,51.189138563549655,-0.8660254037844387,98.36
2026-06-01 13:15:00+00:00,2026-06-01 15:15:00+02:00,2026-06-01,15,15,1,0,6,5.409999999999997,92.59,,2.085000000000005,-2.9,,679.7863221401292,,101.31361357142929,0.49999999999999994,1202.9554699999999,,51.80377752129859,32692.18582,5059.26625,30.860113878134154,,,1046.14,43026.24745,214.13782999999967,51.80377752129859,-0.8660254037844387,98.0
2026-06-01 13:30:00+00:00,2026-06-01 15:30:00+02:00,2026-06-01,15,30,2,0,6,18.52000000000001,84.99,,5.078999999999998,-8.9,,642.7380968737156,,94.01832785714214,0.49999999999999994,1143.06099,,49.29537050046179,31485.27369,5375.1645,39.23857316225345,,,1022.3,42778.289912,160.97718000000168,49.29537050046179,-0.8660254037844387,103.51
2026-06-01 13:45:00+00:00,2026-06-01 15:45:00+02:00,2026-06-01,15,45,3,0,6,19.52000000000001,94.99,,8.276000000000002,-12.74,,615.693998440478,,77.83054785714194,0.49999999999999994,1085.9981399999997,,43.80461751620207,30018.74356,5722.72297,10.330620227544308,,,995.47,42407.934865,99.13360000000102,43.80461751620207,-0.8660254037844387,114.51
2026-06-01 14:00:00+00:00,2026-06-01 16:00:00+02:00,2026-06-01,16,0,0,0,6,12.760000000000005,86.17,,-7.563000000000002,11.24,,600.2418473068615,,33.17197571428473,0.49999999999999994,1039.4200900000005,,47.02754584553505,28524.0296,6123.29075,16.784092525508527,,,973.06,43039.14947,54.50600000000122,47.02754584553505,-0.8660254037844387,98.93
2026-06-01 14:15:00+00:00,2026-06-01 16:15:00+02:00,2026-06-01,16,15,1,0,6,11.259999999999991,93.48,,-1.5380000000000058,10.899999999999999,,646.5846539541958,,-0.3664400000008235,0.49999999999999994,1017.6858800000009,,42.76510466162287,26857.59025,6587.79263,15.208997024004262,,,948.87,43032.252238,53.16904000000068,42.76510466162287,-0.8660254037844387,104.74
2026-06-01 14:30:00+00:00,2026-06-01 16:30:00+02:00,2026-06-01,16,30,2,0,6,5.310000000000002,111.32,,6.319000000000008,-0.13000000000000256,,702.0132667846013,,-30.961757142858655,0.49999999999999994,978.0621499999997,,42.7149904343221,25099.44241,6927.74406,32.53386228590524,,,923.23,43158.928834,64.75162999999884,42.7149904343221,-0.8660254037844387,116.63
2026-06-01 14:45:00+00:00,2026-06-01 16:45:00+02:00,2026-06-01,16,45,3,0,6,1.0500000000000114,127.1,,20.206,44.739999999999995,,777.006605025425,,-19.520661428571007,0.49999999999999994,916.3332799999998,,46.99531603784867,23269.58159,7197.56472,37.979590070258375,,,901.94,43369.527277,64.16962000000058,46.99531603784867,-0.8660254037844387,128.15
2026-06-01 15:00:00+00:00,2026-06-01 17:00:00+02:00,2026-06-01,17,0,0,0,6,4.569999999999993,105.54,,-17.841,1.460000000000008,,852.9400487059144,,16.558624285715787,0.49999999999999994,846.503209999999,,42.564090666731815,21398.94985,7460.8499,34.153329127280635,,,887.22,43985.55848,295.792260000002,42.564090666731815,-0.8660254037844387,110.11
2026-06-01 15:15:00+00:00,2026-06-01 17:15:00+02:00,2026-06-01,17,15,1,0,6,-3.950000000000003,118.45,,-5.287000000000002,-4.969999999999999,,811.0991746673151,,-0.5164314285723647,0.49999999999999994,729.1643900000008,,37.46514822094014,19452.95281,7655.44524,40.8420147234054,,,875.51,43926.270074,241.96431000000302,37.46514822094014,-0.8660254037844387,114.5
2026-06-01 15:30:00+00:00,2026-06-01 17:30:00+02:00,2026-06-01,17,30,2,0,6,-2.8600000000000136,131.0,,7.144999999999996,3.5799999999999983,,765.0304058101171,,-14.333323571428732,0.49999999999999994,616.0161700000008,,33.917198708825936,17518.00947,7837.35337,41.183866061962796,,,860.2,43737.032724,188.3660600000003,33.917198708825936,-0.8660254037844387,128.14
2026-06-01 15:45:00+00:00,2026-06-01 17:45:00+02:00,2026-06-01,17,45,3,0,6,-8.140000000000015,155.93,,19.305,0.5100000000000051,,702.0791157667824,,-29.59737428571602,0.49999999999999994,498.5190199999979,,31.88899752207598,15605.0616,8015.42957,44.903258976010605,,,841.7,43995.738568,121.18659999999727,31.88899752207598,-0.8660254037844387,147.79
2026-06-01 16:00:00+00:00,2026-06-01 18:00:00+02:00,2026-06-01,18,0,0,0,6,4.509999999999991,112.73,,-13.333999999999993,19.690000000000012,,654.7231403796221,,-30.924745714285955,0.49999999999999994,413.5954899999997,,30.373630663496733,13735.24191,8185.14264,26.33238608905183,,,825.6,44786.069729,47.81645999999819,30.373630663496733,-0.8660254037844387,117.24
2026-06-01 16:15:00+00:00,2026-06-01 18:15:00+02:00,2026-06-01,18,15,1,0,6,-11.72999999999999,141.44,,-4.883999999999996,1.980000000000004,,653.5989757253994,,-54.69353428571516,0.49999999999999994,387.3653599999998,,18.7735384948866,11924.87842,8232.22974,18.74372669658506,,,826.16,44871.932684,-25.98182000000088,18.7735384948866,-0.8660254037844387,129.71
2026-06-01 16:30:00+00:00,2026-06-01 18:30:00+02:00,2026-06-01,18,30,2,0,6,0.5700000000000216,147.76,,5.157000000000002,4.210000000000008,,644.2221966095153,,-83.4801457142855,0.49999999999999994,368.8889100000015,,15.400162418402367,10201.27715,8273.27889,17.771005277458446,,,819.45,44728.180113,-84.08304000000135,15.400162418402367,-0.8660254037844387,148.33
2026-06-01 16:45:00+00:00,2026-06-01 18:45:00+02:00,2026-06-01,18,45,3,0,6,-5.090000000000003,175.29,,11.735000000000008,-0.5900000000000034,,637.074802365976,,-109.6594957142861,0.49999999999999994,353.31068999999843,,18.46263933793759,8592.45535,8304.91162,16.26754203343319,,,809.51,44868.052971,-129.62128000000303,18.46263933793759,-0.8660254037844387,170.2
2026-06-01 17:00:00+00:00,2026-06-01 19:00:00+02:00,2026-06-01,19,0,0,0,6,-38.41,199.99,,-16.419999999999998,0.22999999999998977,,619.2783791431443,,-123.31936071428468,0.49999999999999994,340.18949000000066,,21.237474051792994,7081.24546,8327.23875,13.987918426440913,,,805.46,45089.283678,-158.15847999999824,21.237474051792994,-0.8660254037844387,161.58
2026-06-01 17:15:00+00:00,2026-06-01 19:15:00+02:00,2026-06-01,19,15,1,0,6,-40.870000000000005,219.9,,-9.313999999999997,0.28000000000000114,,480.80583593532964,,-147.20606500000082,0.49999999999999994,326.41987000000154,,21.394046407660525,5679.36178,8289.01472,20.08337182371244,,,795.98,45175.17918,-173.68134999999893,21.394046407660525,-0.8660254037844387,179.03
2026-06-01 17:30:00+00:00,2026-06-01 19:30:00+02:00,2026-06-01,19,30,2,0,6,-6.349999999999994,230.0,,2.071999999999997,-15.080000000000013,,377.2368582122752,,-161.62858999999895,0.49999999999999994,308.45046999999795,,23.465945357781244,4405.97879,8255.13556,24.906659560771608,,,787.39,45647.812005,-193.2676999999967,23.465945357781244,-0.8660254037844387,223.65
2026-06-01 17:45:00+00:00,2026-06-01 19:45:00+02:00,2026-06-01,19,45,3,0,6,21.769999999999982,290.0,,18.090999999999998,-0.5,,339.5807270074346,,-175.45886499999818,0.49999999999999994,287.16517999999996,,45.38882101372362,3295.62228,8227.1468,69.86193776026428,,,781.88,45417.281253,-187.47823000000062,45.38882101372362,-0.8660254037844387,311.77
2026-06-01 18:00:00+00:00,2026-06-01 20:00:00+02:00,2026-06-01,20,0,0,0,6,-24.920000000000016,294.5,,-3.2010000000000063,-3.8700000000000045,,396.1502128222249,,-187.8764521428571,0.49999999999999994,260.05841000000146,,34.47284228814455,2352.32951,8201.29849,41.00933325824375,,,773.6,45447.291936,-188.75121000000217,34.47284228814455,-0.8660254037844387,269.58
2026-06-01 18:15:00+00:00,2026-06-01 20:15:00+02:00,2026-06-01,20,15,1,0,6,-9.060000000000002,338.27,,0.08400000000000532,-3.609999999999985,,436.46247661213897,,-196.9069142857157,0.49999999999999994,230.0936700000002,,38.73099276286135,1575.26056,8230.28073,57.67479052328455,,,755.61,45658.401983,-156.61669000000256,38.73099276286135,-0.8660254037844387,329.21
2026-06-01 18:30:00+00:00,2026-06-01 20:30:00+02:00,2026-06-01,20,30,2,0,6,-16.680000000000007,380.0,,0.2620000000000033,-5.849999999999994,,488.55049382699946,,-198.72133857142867,0.49999999999999994,192.08804000000055,,65.27227725592724,956.47935,8261.53597,115.96930956897448,,,738.69,45659.751294,-132.63044999999693,65.27227725592724,-0.8660254037844387,363.32
2026-06-01 18:45:00+00:00,2026-06-01 20:45:00+02:00,2026-06-01,20,45,3,0,6,-68.36000000000001,459.64,,-4.706999999999996,-24.47999999999999,,549.777705899346,,-200.85547071428664,0.49999999999999994,172.41512000000148,,46.27909201862976,495.37452,8290.9088,60.29534855312478,,,722.97,45577.303734,-129.18878000000404,46.27909201862976,-0.8660254037844387,391.28
2026-06-01 19:00:00+00:00,2026-06-01 21:00:00+02:00,2026-06-01,21,0,0,0,6,64.56,317.2,,11.909000000000002,-5.349999999999994,,535.8505910042167,,-180.4317949999999,0.49999999999999994,138.80371000000014,,35.4457741360027,201.28317,8320.06469,47.10897432448261,,,706.8,45620.079333,-130.64188999999897,35.4457741360027,-0.8660254037844387,381.76
2026-06-01 19:15:00+00:00,2026-06-01 21:15:00+02:00,2026-06-01,21,15,1,0,6,-42.93000000000001,387.44,,0.6829999999999998,-25.840000000000003,,475.62871814740674,,-126.67776857142755,0.49999999999999994,71.86941999999908,,29.759444928187573,63.34042,8343.73201,43.90355279039567,,,700.13,45542.300747,-109.57721999999922,29.759444928187573,-0.8660254037844387,344.51
2026-06-01 19:30:00+00:00,2026-06-01 21:30:00+02:00,2026-06-01,21,30,2,0,6,14.75,285.0,,-7.521000000000008,-16.980000000000018,,423.017614686993,,-73.53744357142776,0.49999999999999994,0.16271000000051572,,42.050618250367044,22.20464,8365.36812,73.39805888181944,,,687.64,45343.728727,-118.54815999999846,42.050618250367044,-0.8660254037844387,299.75
2026-06-01 19:45:00+00:00,2026-06-01 21:45:00+02:00,2026-06-01,21,45,3,0,6,-145.14999999999998,399.01,,-12.780000000000001,-7.180000000000007,,384.8011351135853,,-22.83608357142865,0.49999999999999994,-79.83410000000003,,24.28108980441235,9.81722,8386.80733,32.87259192701438,,,679.59,45116.536555,-118.36495000000286,24.28108980441235,-0.8660254037844387,253.86
2026-06-01 20:00:00+00:00,2026-06-01 22:00:00+02:00,2026-06-01,22,0,0,0,6,49.16,237.4,,8.977,-2.9499999999999886,,302.21076990083947,,35.46740214285819,0.49999999999999994,-131.34773999999925,,20.64616424141773,0.0,8334.8294,25.662288804132274,,,674.88,44733.306185,-119.13949000000139,20.64616424141773,-0.8660254037844387,286.56
2026-06-01 20:15:00+00:00,2026-06-01 22:15:00+02:00,2026-06-01,22,15,1,0,6,-27.650000000000006,250.0,,2.1160000000000005,-1.3400000000000034,,217.44857408006627,,82.56840214285694,0.49999999999999994,-154.43736999999965,,19.07457762331761,,8333.49622,27.646056810020017,,,668.77,44194.083958,-94.52786000000197,19.07457762331761,-0.8660254037844387,222.35
2026-06-01 20:30:00+00:00,2026-06-01 22:30:00+02:00,2026-06-01,22,30,2,0,6,-6.340000000000003,186.32,,-1.8119999999999954,-0.19999999999998863,,164.20570859911405,,128.26374928571335,0.49999999999999994,-178.42547000000013,,13.5782814980094,,8330.34226,15.728282229943243,,,661.73,43670.831818,-3.7697299999999814,13.5782814980094,-0.8660254037844387,179.98
2026-06-01 20:45:00+00:00,2026-06-01 22:45:00+02:00,2026-06-01,22,45,3,0,6,-81.08000000000001,241.08,,-7.178999999999999,-3.660000000000025,,145.19377458877753,,168.08637785714174,0.49999999999999994,-186.3971700000002,,14.089077648828878,,8327.59015,19.39238915509986,,,650.56,43320.575175,66.32248999999865,14.089077648828878,-0.8660254037844387,160.0
2026-06-01 21:00:00+00:00,2026-06-01 23:00:00+02:00,2026-06-01,23,0,0,0,6,-0.5099999999999909,166.1,,7.029000000000001,6.97999999999999,,167.3358544149636,,203.529244285713,0.49999999999999994,-200.48452999999972,,14.487702845176509,,8293.33144,9.383184300601265,,,648.08,42739.013051,146.04959000000235,14.487702845176509,-0.8660254037844387,165.59
2026-06-01 21:15:00+00:00,2026-06-01 23:15:00+02:00,2026-06-01,23,15,1,0,6,-2.4099999999999966,160.6,,1.7259999999999949,-0.5699999999999932,,149.87692516781266,,207.4084185714294,0.49999999999999994,-224.27652999999918,,13.669201405476375,,8219.45075,16.23136616613139,,,648.27,42226.173312,159.34000000000378,13.669201405476375,-0.8660254037844387,158.19
2026-06-01 21:30:00+00:00,2026-06-01 23:30:00+02:00,2026-06-01,23,30,2,0,6,-2.019999999999982,155.88,,-0.862000000000004,0.29999999999998295,,152.41591141638233,,211.9892278571429,0.49999999999999994,-239.98135999999977,,12.943677952644714,,8139.51903,17.900841693432415,,,649.54,41828.474357,131.54321999999956,12.943677952644714,-0.8660254037844387,153.86
2026-06-01 21:45:00+00:00,2026-06-01 23:45:00+02:00,2026-06-01,23,45,3,0,6,-3.5100000000000193,147.08,,-4.628000000000002,-0.0800000000000125,,158.1161371283941,,214.48790857142896,0.49999999999999994,-244.58645999999953,,10.323613067742036,,8054.65406,9.608812671311618,,,648.96,41390.190606,86.92439999999624,10.323613067742036,-0.8660254037844387,143.57
2026-06-01 22:00:00+00:00,2026-06-02 00:00:00+02:00,2026-06-02,0,0,0,1,6,0.21000000000000796,151.73,,4.247000000000005,1.8400000000000034,,3687.8894451753886,,4.712822142855917,0.49999999999999994,-1699.6196499999987,,14.264750446152803,0.0,7784.53699,8.119122929409546,,,641.86,41610.613271,59.658909999998286,14.264750446152803,-0.8660254037844387,151.94
2026-06-01 22:15:00+00:00,2026-06-02 00:15:00+02:00,2026-06-02,0,15,1,1,6,-5.990000000000009,146.61,,-0.45699999999999646,0.700000000000017,,3310.2824254466977,,12.990926428571973,0.49999999999999994,-1541.6171000000004,,12.111719825971454,,7651.96636,6.136843457272482,,,623.53,41164.036254,143.4918600000019,12.111719825971454,-0.8660254037844387,140.62
2026-06-01 22:30:00+00:00,2026-06-02 00:30:00+02:00,2026-06-02,0,30,2,1,6,-1.9300000000000068,142.03,,-1.7339999999999975,4.170000000000016,,3020.297210486777,,14.133876428571446,0.49999999999999994,-1539.9748,,10.861012965901983,,7519.72088,2.350197560083529,,,606.26,41014.895807,173.57334999999875,10.861012965901983,-0.8660254037844387,140.1
2026-06-01 22:45:00+00:00,2026-06-02 00:45:00+02:00,2026-06-02,0,45,3,1,6,-1.4800000000000182,132.36,,-4.842999999999996,0.03999999999999204,,2964.836682255381,,-17.67661357142892,0.49999999999999994,-1352.6589700000004,,9.039932750136106,,7388.31905,3.343709089645178,,,598.98,40489.744844,150.64824999999837,9.039932750136106,-0.8660254037844387,130.88
2026-06-01 23:00:00+00:00,2026-06-02 01:00:00+02:00,2026-06-02,1,0,0,1,6,-3.5,144.81,,3.508999999999999,1.9799999999999898,,3032.8120376505976,,-19.549673571428816,0.49999999999999994,-1330.75349,,11.742511539217375,,7278.93445,9.289915166971452,,,559.65,40029.109111,261.2204500000007,11.742511539217375,-0.8660254037844387,141.31
2026-06-01 23:15:00+00:00,2026-06-02 01:15:00+02:00,2026-06-02,1,15,1,1,6,-1.789999999999992,132.47,,0.635,4.920000000000016,,3103.939450613606,,-57.7744342857147,0.49999999999999994,-1251.6191899999994,,10.315042253578788,,7209.35424,3.462107808286824,,,539.49,39757.642108,340.63810999999987,10.315042253578788,-0.8660254037844387,130.68
2026-06-01 23:30:00+00:00,2026-06-02 01:30:00+02:00,2026-06-02,1,30,2,1,6,-0.37999999999999545,127.61,,-0.16199999999999903,-4.47999999999999,,3071.3158082489945,,-9.870575714286003,0.49999999999999994,-1307.6874500000004,,9.132241158194164,,7136.87888,1.9242388724133355,,,501.43,39449.728334,393.3203199999989,9.132241158194164,-0.8660254037844387,127.23
2026-06-01 23:45:00+00:00,2026-06-02 01:45:00+02:00,2026-06-02,1,45,3,1,6,-5.5,127.1,,-1.7030000000000016,-5.340000000000003,,3209.7362572471293,,-5.123098571428012,0.49999999999999994,-1385.7771899999998,,10.260187162448332,,7071.55468,6.95436793197886,,,486.53,39173.003141,437.0313700000006,10.260187162448332,-0.8660254037844387,121.6
2026-06-02 00:00:00+00:00,2026-06-02 02:00:00+02:00,2026-06-02,2,0,0,1,6,-4.509999999999991,130.01,,0.7479999999999947,0.8699999999999903,,3344.955899762469,,-7.017337142855987,0.49999999999999994,-1425.27351,,10.83108369193954,,7009.28242,4.525569682634623,,,450.37,39118.50154,459.3989299999994,10.83108369193954,-0.8660254037844387,125.5
2026-06-02 00:15:00+00:00,2026-06-02 02:15:00+02:00,2026-06-02,2,15,1,1,6,-6.150000000000006,124.98,,0.29299999999999643,-0.3200000000000074,,3196.4292777036494,,47.34782428571426,0.49999999999999994,-1498.2021400000003,,10.072927938223943,,6952.28066,6.527060885998414,,,427.24,39090.139278,451.5854299999992,10.072927938223943,-0.8660254037844387,118.83
2026-06-02 00:30:00+00:00,2026-06-02 02:30:00+02:00,2026-06-02,2,30,2,1,6,-4.929999999999993,124.61,,-0.1660000000000057,1.3599999999999994,,2964.274166664938,,126.5250871428577,0.49999999999999994,-1703.2920599999998,,9.891657620247106,,6889.00278,4.875212327490757,,,402.85,39083.226295,399.46886999999697,9.891657620247106,-0.8660254037844387,119.68
2026-06-02 00:45:00+00:00,2026-06-02 02:45:00+02:00,2026-06-02,2,45,3,1,6,-5.549999999999997,122.41,,-0.9099999999999995,-3.089999999999989,,2819.9429236721053,,145.7709771428568,0.49999999999999994,-1697.846520000001,,9.94296440391671,,6826.98326,3.1923189063736177,,,379.82,39072.240685,354.7475400000003,9.94296440391671,-0.8660254037844387,116.86
2026-06-02 01:00:00+00:00,2026-06-02 03:00:00+02:00,2026-06-02,3,0,0,1,6,-6.3700000000000045,124.34,,-0.6800000000000015,-1.1800000000000068,,2343.1187560911935,,160.84948928571507,0.49999999999999994,-1292.7454000000007,,9.94684286941297,,6759.68097,3.133899898119052,,,367.51,39035.699475,157.41215999999986,9.94684286941297,-0.8660254037844387,117.97
2026-06-02 01:15:00+00:00,2026-06-02 03:15:00+02:00,2026-06-02,3,15,1,1,6,-5.109999999999999,122.99,,0.2689999999999973,1.0999999999999943,,2167.2061557206002,,133.71404785714262,0.49999999999999994,-1306.4887399999998,,9.402952733361195,,6688.81788,3.2645199457469527,,,351.88,38911.967948,146.35570000000007,9.402952733361195,-0.8660254037844387,117.88
2026-06-02 01:30:00+00:00,2026-06-02 03:30:00+02:00,2026-06-02,3,30,2,1,6,-3.4000000000000057,120.2,,-0.5990000000000009,-3.1499999999999915,,1910.4477336661912,,137.21926071428607,0.49999999999999994,-1226.2324099999996,,9.079060302631587,,6619.28135,2.9939208247314437,,,321.43,39051.937857,107.13716999999451,9.079060302631587,-0.8660254037844387,116.8
2026-06-02 01:45:00+00:00,2026-06-02 03:45:00+02:00,2026-06-02,3,45,3,1,6,-4.079999999999998,119.06,,0.10500000000000043,3.160000000000011,,1645.9555439310795,,146.97041642857116,0.49999999999999994,-1200.39919,,9.128740474211547,,6553.59247,4.564690048414885,,,296.91,39338.717831,82.18411999999807,9.128740474211547,-0.8660254037844387,114.98
2026-06-02 02:00:00+00:00,2026-06-02 04:00:00+02:00,2026-06-02,4,0,0,1,6,-7.11999999999999,122.41,,-1.3209999999999984,-4.049999999999997,,1445.2906812439423,,148.26227714285702,0.49999999999999994,-1109.5579399999997,,9.93716051631399,,6498.82411,3.738501100198725,,,284.12,39906.108301,22.155009999994945,9.93716051631399,-0.8660254037844387,115.29
2026-06-02 02:15:00+00:00,2026-06-02 04:15:00+02:00,2026-06-02,4,15,1,1,6,-3.1400000000000006,119.01,,0.043000000000001745,1.5100000000000051,,1533.1321736261132,,105.1424400000004,0.49999999999999994,-1045.9093599999997,,8.965224525558662,,6438.59866,5.589086730064639,,,275.07,40206.513355,-39.127809999998135,8.965224525558662,-0.8660254037844387,115.87
2026-06-02 02:30:00+00:00,2026-06-02 04:30:00+02:00,2026-06-02,4,30,2,1,6,-4.230000000000004,120.72,,0.8159999999999996,-1.1899999999999977,,1478.8848449329614,,108.36648928571438,0.49999999999999994,-1074.0589300000001,,9.963574107454525,,6379.53885,3.4167646908097042,,,265.14,40602.127848,-80.82851999999548,9.963574107454525,-0.8660254037844387,116.49
2026-06-02 02:45:00+00:00,2026-06-02 04:45:00+02:00,2026-06-02,4,45,3,1,6,-5.989999999999995,123.97,,2.289,-1.009999999999991,,1381.6947710734917,,74.90783714285784,0.49999999999999994,-1041.880650000001,,9.295178381159138,7.03925,6323.35479,2.575901136817857,,,259.09,41208.63034,-288.11131000000023,9.295178381159138,-0.8660254037844387,117.98
2026-06-02 03:00:00+00:00,2026-06-02 05:00:00+02:00,2026-06-02,5,0,0,1,6,-4.590000000000003,121.56,,-3.6420000000000017,3.269999999999996,,1441.001320067547,,58.606380000001344,0.49999999999999994,-1004.74359,,8.290290832651555,76.78207,6250.94546,5.200450072097672,,,254.89,42242.61955,-298.4844599999997,8.290290832651555,-0.8660254037844387,116.97
2026-06-02 03:15:00+00:00,2026-06-02 05:15:00+02:00,2026-06-02,5,15,1,1,6,-3.8599999999999994,122.36,,-2.0310000000000015,1.25,,1534.7586393234321,,-18.660031428572047,0.49999999999999994,-953.4945100000004,,10.007549762488368,279.84533,6103.56584,5.454415424135007,,,245.47,42584.658053,-483.85889999999927,10.007549762488368,-0.8660254037844387,118.5
2026-06-02 03:30:00+00:00,2026-06-02 05:30:00+02:00,2026-06-02,5,30,2,1,6,-4.819999999999993,125.0,,1.0030000000000006,-0.2599999999999909,,1642.2750522851168,,-72.61375571428496,0.49999999999999994,-913.6510799999996,,11.86025773852898,592.12787,5949.37536,7.628470482656061,,,231.21,43637.789102,-588.8905599999998,11.86025773852898,-0.8660254037844387,120.18
2026-06-02 03:45:00+00:00,2026-06-02 05:45:00+02:00,2026-06-02,5,45,3,1,6,-3.6299999999999955,127.94,,4.047,-2.219999999999999,,1777.8693812742542,,-187.6682878571433,0.49999999999999994,-819.6513100000002,,14.493485564540117,1112.01785,5794.34978,11.381931169307434,,,221.41,46459.049947,-721.4366199999931,14.493485564540117,-0.8660254037844387,124.31
2026-06-02 04:00:00+00:00,2026-06-02 06:00:00+02:00,2026-06-02,6,0,0,1,6,-1.7500000000000142,128.96,,-5.072000000000003,-8.26000000000002,,2207.6269112009863,,-397.7629314285711,0.49999999999999994,-636.5481899999995,,16.441348969972044,1906.9292,5647.70909,15.602039244004134,,,203.77,49320.673162,-772.9458200000008,16.441348969972044,-0.8660254037844387,127.21
2026-06-02 04:15:00+00:00,2026-06-02 06:15:00+02:00,2026-06-02,6,15,1,1,6,-9.830000000000013,144.0,,-1.7770000000000006,-11.969999999999999,,2115.263191790626,,-333.1107485714289,0.49999999999999994,-584.8950300000006,,18.768586921408616,2923.95183,5345.83139,17.75732417637259,,,186.7,49111.554127,-718.4709200000034,18.768586921408616,-0.8660254037844387,134.17
2026-06-02 04:30:00+00:00,2026-06-02 06:30:00+02:00,2026-06-02,6,30,2,1,6,0.09000000000000341,134.0,,0.4770000000000053,2.980000000000018,,1965.6162990152313,,-283.1082149999999,0.49999999999999994,-564.7633999999998,,19.646177408658794,4134.07619,5043.78098,17.059595261208,,,171.59,50920.528384,-462.34653999999864,19.646177408658794,-0.8660254037844387,134.09
2026-06-02 04:45:00+00:00,2026-06-02 06:45:00+02:00,2026-06-02,6,45,3,1,6,-11.470000000000013,139.46,,0.2259999999999991,0.30000000000001137,,1882.4307743037346,,-312.5778385714275,0.49999999999999994,-486.4077299999999,,22.785929938771524,5554.78011,4743.14579,18.91450891826404,,,158.71,52314.485488,-513.875680000001,22.785929938771524,-0.8660254037844387,127.99
2026-06-02 05:00:00+00:00,2026-06-02 07:00:00+02:00,2026-06-02,7,0,0,1,6,-6.329999999999984,148.1,,3.825,-7.6200000000000045,,1833.428041898308,,-308.26207500000083,0.49999999999999994,-488.9221900000002,,23.880284652947317,7186.12302,4437.69258,22.120983897002294,,,152.37,53713.303873,-518.8764299999966,23.880284652947317,-0.8660254037844387,141.77
2026-06-02 05:15:00+00:00,2026-06-02 07:15:00+02:00,2026-06-02,7,15,1,1,6,-7.689999999999998,142.56,,2.1490000000000022,-2.480000000000018,,1757.8920456455048,,-196.02069857142826,0.49999999999999994,-555.6345299999998,,24.343941425475148,9054.97191,4046.33307,18.739754025930814,,,140.69,54602.147531,-335.005170000004,24.343941425475148,-0.8660254037844387,134.87
2026-06-02 05:30:00+00:00,2026-06-02 07:30:00+02:00,2026-06-02,7,30,2,1,6,1.5800000000000125,130.42,,-2.3099999999999996,-17.02000000000001,,1790.301197551047,,-130.51082357142826,0.49999999999999994,-645.2372100000002,,25.688225783718494,11134.1789,3648.41527,23.586053082277427,,,129.29,55885.394743,-407.6122700000051,25.688225783718494,-0.8660254037844387,132.0
2026-06-02 05:45:00+00:00,2026-06-02 07:45:00+02:00,2026-06-02,7,45,3,1,6,3.460000000000008,122.3,,-8.503,-2.680000000000007,,1752.7255346460618,,-69.57819928571449,0.49999999999999994,-653.5522899999996,,27.851729098147228,13351.05343,3233.80916,19.966805309956857,,,116.73,56854.688253,-345.53813999999693,27.851729098147228,-0.8660254037844387,125.76
2026-06-02 06:00:00+00:00,2026-06-02 08:00:00+02:00,2026-06-02,8,0,0,1,6,-7.800000000000011,144.02,,15.104000000000003,-3.710000000000008,,1756.0629336302263,,17.02350214285772,0.49999999999999994,-687.1016300000006,,34.445301504954756,15677.06869,2934.88092,25.00544731129707,,,106.64,57907.976075,-337.4959000000017,34.445301504954756,-0.8660254037844387,136.22
2026-06-02 06:15:00+00:00,2026-06-02 08:15:00+02:00,2026-06-02,8,15,1,1,6,-8.430000000000007,137.44,,7.882000000000005,-6.039999999999992,,1723.5467560269449,,54.439397857142986,0.49999999999999994,-627.1958400000003,,29.579126566537045,18117.09885,2795.62554,26.227239021037082,,,95.0,58744.719185,-393.64226999999664,29.579126566537045,-0.8660254037844387,129.01
2026-06-02 06:30:00+00:00,2026-06-02 08:30:00+02:00,2026-06-02,8,30,2,1,6,-8.969999999999999,127.53,,-0.7980000000000047,-7.02000000000001,,1712.1521191314473,,100.62399999999823,0.49999999999999994,-606.7741100000003,,33.87250050522185,20583.49199,2672.67528,26.719207109706453,,,86.63,59320.068442,-424.39889000000403,33.87250050522185,-0.8660254037844387,118.56
2026-06-02 06:45:00+00:00,2026-06-02 08:45:00+02:00,2026-06-02,8,45,3,1,6,0.23999999999999488,108.36,,-13.412999999999993,3.0500000000000114,,1681.7449251383089,,115.23451285714353,0.49999999999999994,-566.1426900000001,,36.972518327914656,23030.73546,2555.39553,23.58550361879833,,,80.15,59955.367733,-334.7053900000028,36.972518327914656,-0.8660254037844387,108.6
2026-06-02 07:00:00+00:00,2026-06-02 09:00:00+02:00,2026-06-02,9,0,0,1,6,3.089999999999989,121.93,,15.01,-4.009999999999991,,1667.6051513500015,,98.2027560714297,0.49999999999999994,-549.0322900000001,,45.01312941915738,25409.52742,2453.01529,31.995737588146884,,,64.04,59755.093873,-331.6243600000016,45.01312941915738,-0.8660254037844387,125.02
2026-06-02 07:15:00+00:00,2026-06-02 09:15:00+02:00,2026-06-02,9,15,1,1,6,-11.219999999999999,121.27,,8.960000000000003,-1.3599999999999852,,1627.338866571189,,84.13286814285753,0.49999999999999994,-562.9787000000001,,42.35786689424532,27736.28795,2443.83381,33.42092194733082,,,55.99,60163.450733,-305.238179999993,42.35786689424532,-0.8660254037844387,110.05
2026-06-02 07:30:00+00:00,2026-06-02 09:30:00+02:00,2026-06-02,9,30,2,1,6,1.8599999999999994,97.54,,1.9669999999999999,4.319999999999993,,1571.1794286918966,,115.8527855714292,0.49999999999999994,-567.3246800000002,,45.33216709955251,29942.30515,2430.40898,37.54422566723747,,,49.66,60690.271217,-248.13032000000385,45.33216709955251,-0.8660254037844387,99.4
2026-06-02 07:45:00+00:00,2026-06-02 09:45:00+02:00,2026-06-02,9,45,3,1,6,2.030000000000001,94.08,,-9.058000000000003,4.390000000000001,,1531.598378944713,,107.37823900000096,0.49999999999999994,-570.9648300000001,,47.68062352003371,31968.94187,2414.93203,33.967120306331985,,,43.51,60937.499457,-228.77439000000595,47.68062352003371,-0.8660254037844387,96.11
2026-06-02 08:00:00+00:00,2026-06-02 10:00:00+02:00,2026-06-02,10,0,0,1,6,0.3399999999999892,98.93,,9.630999999999995,5.010000000000005,,1500.5074872460661,,-49.56705428571253,0.49999999999999994,-585.01251,,45.849137562353626,33759.54806,2410.92163,40.21966919898884,,,41.06,60672.565497,-340.0560800000021,45.849137562353626,-0.8660254037844387,99.27
2026-06-02 08:15:00+00:00,2026-06-02 10:15:00+02:00,2026-06-02,10,15,1,1,6,0.9300000000000068,93.24,,5.266999999999997,4.75,,1457.6602242420133,,-85.82528885714159,0.49999999999999994,-597.9796999999999,,47.808022498442654,35374.47465,2443.17384,40.5875742186235,,,38.19,60734.138874,-316.9711099999986,47.808022498442654,-0.8660254037844387,94.17
2026-06-02 08:30:00+00:00,2026-06-02 10:30:00+02:00,2026-06-02,10,30,2,1,6,-3.6500000000000057,93.4,,-0.3070000000000032,15.58999999999999,,1411.448941090745,,-138.90574242857267,0.49999999999999994,-614.43082,,46.56641945827523,36844.85984,2472.20599,35.71743618485102,,,35.47,60556.511787,-228.98309000000154,46.56641945827523,-0.8660254037844387,89.75
2026-06-02 08:45:00+00:00,2026-06-02 10:45:00+02:00,2026-06-02,10,45,3,1,6,1.2900000000000063,84.3,,-2.419999999999999,2.5,,1376.4945275975817,,-116.57767999999747,0.49999999999999994,-628.4541999999997,,48.34623605009588,38133.93721,2500.64688,41.55004802014153,,,32.81,60655.056218,-103.30693999999494,48.34623605009588,-0.8660254037844387,85.59
2026-06-02 09:00:00+00:00,2026-06-02 11:00:00+02:00,2026-06-02,11,0,0,1,6,2.430000000000007,89.82,,9.201,14.120000000000005,,1362.5383628790676,,-126.99483571428625,0.49999999999999994,-646.0385900000001,,47.01491516687164,39266.82858,2524.55211,36.762628410100035,,,30.56,60368.200311,-89.07544000000053,47.01491516687164,-0.8660254037844387,92.25
2026-06-02 09:15:00+00:00,2026-06-02 11:15:00+02:00,2026-06-02,11,15,1,1,6,-6.679999999999993,94.91,,6.323999999999996,12.799999999999997,,1313.3793440509232,,-105.683207857145,0.49999999999999994,-668.2253100000003,,56.83896915686248,40268.36897,2573.49505,36.986263537646444,,,28.75,60527.424179,-90.52068999999756,56.83896915686248,-0.8660254037844387,88.23
2026-06-02 09:30:00+00:00,2026-06-02 11:30:00+02:00,2026-06-02,11,30,2,1,6,3.039999999999992,83.54,,6.026999999999996,28.659999999999997,,1275.9071578615549,,-69.20686071428489,0.49999999999999994,-691.4797999999996,,44.30588353413901,41133.87669,2622.21604,30.890063589630895,,,27.9,60729.188952,12.149949999991804,44.30588353413901,-0.8660254037844387,86.58
2026-06-02 09:45:00+00:00,2026-06-02 11:45:00+02:00,2026-06-02,11,45,3,1,6,3.6099999999999994,81.12,,4.5019999999999945,23.980000000000004,,1249.2343762773135,,-42.36174214285815,0.49999999999999994,-723.6154499999998,,52.098746534596295,41850.70873,2672.28084,31.56725805248878,,,27.11,60634.581873,152.18931000000157,52.098746534596295,-0.8660254037844387,84.73
2026-06-02 10:00:00+00:00,2026-06-02 12:00:00+02:00,2026-06-02,12,0,0,1,6,-0.9200000000000017,86.33,,8.247,4.579999999999998,,1231.3696835554158,,-36.358132857144355,0.49999999999999994,-755.2585300000001,,44.646230417317376,42385.37259,2724.58425,36.50936813894143,,,26.48,60116.246568,90.4974000000002,44.646230417317376,-0.8660254037844387,85.41
2026-06-02 10:15:00+00:00,2026-06-02 12:15:00+02:00,2026-06-02,12,15,1,1,6,1.1999999999999886,82.43,,7.635000000000003,6.450000000000003,,1201.0569608119952,,-17.029810714284913,0.49999999999999994,-762.8247700000002,,44.62467258783458,42773.00954,2776.16149,35.61483158139928,,,25.98,59974.06553,-11.992379999996047,44.62467258783458,-0.8660254037844387,83.63
2026-06-02 10:30:00+00:00,2026-06-02 12:30:00+02:00,2026-06-02,12,30,2,1,6,4.689999999999998,79.41,,7.198000000000005,6.989999999999995,,1185.296065124674,,13.112927857143015,0.49999999999999994,-779.7822700000006,,45.685843326169234,42982.15456,2828.18285,35.34410296337618,,,26.63,60150.181949,-29.616439999997965,45.685843326169234,-0.8660254037844387,84.1
2026-06-02 10:45:00+00:00,2026-06-02 12:45:00+02:00,2026-06-02,12,45,3,1,6,10.989999999999995,73.95,,5.906999999999997,9.459999999999994,,1178.6172890946434,,51.02436428571569,0.49999999999999994,-801.3813100000002,,45.48115603738913,43061.29007,2880.38641,34.568371588574266,,,26.4,60081.414917,-38.25658000000112,45.48115603738913,-0.8660254037844387,84.94
2026-06-02 11:00:00+00:00,2026-06-02 13:00:00+02:00,2026-06-02,13,0,0,1,6,5.8999999999999915,80.09,,10.493000000000002,9.189999999999998,,1184.0813904462193,,82.96405571428633,0.49999999999999994,-800.68046,,46.55556731493828,43001.12463,2931.116,35.7801769406558,,,26.44,59845.408914,-5.262890000005427,46.55556731493828,-0.8660254037844387,85.99
2026-06-02 11:15:00+00:00,2026-06-02 13:15:00+02:00,2026-06-02,13,15,1,1,6,0.960000000000008,85.6,,8.629000000000005,7.800000000000011,,1176.7198552811187,,115.20234642857031,0.49999999999999994,-768.1174599999999,,50.44221505107804,42831.06975,2954.56941,35.89126283121008,,,25.39,59608.319316,-6.586610000005749,50.44221505107804,-0.8660254037844387,86.56
2026-06-02 11:30:00+00:00,2026-06-02 13:30:00+02:00,2026-06-02,13,30,2,1,6,-0.01999999999999602,86.52,,6.850999999999999,9.539999999999992,,1169.2295588366385,,178.3536171428563,0.49999999999999994,-748.5291799999995,,48.77307332413416,42678.43172,2987.4538,33.59683885356324,,,23.04,59342.781337,160.5631799999901,48.77307332413416,-0.8660254037844387,86.5
2026-06-02 11:45:00+00:00,2026-06-02 13:45:00+02:00,2026-06-02,13,45,3,1,6,1.0900000000000034,86.69,,8.170000000000002,46.330000000000005,,1165.080433201062,,226.27372500000016,0.49999999999999994,-747.6907699999997,,46.534168368990784,42416.78443,3038.91101,21.842571473418406,,,21.97,59032.091724,313.8429000000033,46.534168368990784,-0.8660254037844387,87.78
2026-06-02 12:00:00+00:00,2026-06-02 14:00:00+02:00,2026-06-02,14,0,0,1,6,-0.009999999999990905,84.91,,9.027000000000001,44.59,,1124.2091058605606,,118.52060357142805,0.49999999999999994,-830.4557,,64.83028012560239,42085.48978,3086.73464,19.645892579318847,,,24.94,58838.035222,518.120299999995,64.83028012560239,-0.8660254037844387,84.9
2026-06-02 12:15:00+00:00,2026-06-02 14:15:00+02:00,2026-06-02,14,15,1,1,6,-0.009999999999990905,89.21,,6.153999999999996,12.079999999999998,,1092.1022992968192,,142.63484214285512,0.49999999999999994,-798.98083,,47.107913020849644,41664.3665,3079.30792,36.60938495340648,,,25.11,58315.219812,631.0162199999977,47.107913020849644,-0.8660254037844387,89.2
2026-06-02 12:30:00+00:00,2026-06-02 14:30:00+02:00,2026-06-02,14,30,2,1,6,-1.0300000000000011,92.5,,11.327999999999998,41.919999999999995,,1059.458884800128,,184.64023642857293,0.49999999999999994,-769.0680300000004,,46.1913263233831,41126.92699,3054.64357,24.632061665739656,,,24.28,58342.505375,483.9944000000105,46.1913263233831,-0.8660254037844387,91.47
2026-06-02 12:45:00+00:00,2026-06-02 14:45:00+02:00,2026-06-02,14,45,3,1,6,-0.28000000000000114,96.51,,10.916,38.57999999999999,,1024.0171877006624,,119.2645064285711,0.49999999999999994,-737.7871200000004,,44.24869531900241,40385.32624,3019.47137,23.35287338290966,,,23.56,58079.874406,272.14978999999585,44.24869531900241,-0.8660254037844387,96.23
2026-06-02 13:00:00+00:00,2026-06-02 15:00:00+02:00,2026-06-02,15,0,0,1,6,-2.1899999999999977,91.88,,0.6449999999999989,12.36,,996.641073904491,,193.023949285715,0.49999999999999994,-703.1202800000001,,51.322511809012454,39424.23942,2975.96749,35.36152657769213,,,23.77,58039.315803,803.7209799999982,51.322511809012454,-0.8660254037844387,89.69
2026-06-02 13:15:00+00:00,2026-06-02 15:15:00+02:00,2026-06-02,15,15,1,1,6,-2.4200000000000017,96.5,,2.4270000000000045,5.409999999999997,,940.0559050727063,,197.32134642857167,0.49999999999999994,-656.6338000000001,,52.20535453060996,38346.76517,2864.95155,35.69932852509751,,,23.45,57611.472199,737.4800299999988,52.20535453060996,-0.8660254037844387,94.08
2026-06-02 13:30:00+00:00,2026-06-02 15:30:00+02:00,2026-06-02,15,30,2,1,6,-2.989999999999995,101.83,,5.811999999999999,18.52000000000001,,885.0813748856884,,184.20138357142787,0.49999999999999994,-605.2431099999999,,49.37898140534747,37165.35565,2751.46899,31.2067379781689,,,22.15,57278.278536,667.110090000002,49.37898140534747,-0.8660254037844387,98.84
2026-06-02 13:45:00+00:00,2026-06-02 15:45:00+02:00,2026-06-02,15,45,3,1,6,-2.9399999999999977,108.74,,8.214000000000002,19.52000000000001,,832.2304212394099,,161.66243428571292,0.49999999999999994,-549.5164999999997,,44.27932938718531,35865.50545,2637.44221,34.21008080334593,,,21.85,56908.514425,597.4316099999924,44.27932938718531,-0.8660254037844387,105.8
2026-06-02 14:00:00+00:00,2026-06-02 16:00:00+02:00,2026-06-02,16,0,0,1,6,-9.39,110.0,,-5.329000000000002,12.760000000000005,,790.0906554974406,,110.41722428571354,0.49999999999999994,-492.70964000000004,,46.48084276253257,34419.51295,2519.58795,33.125968665083114,,,22.6,57188.607837,519.2232199999999,46.48084276253257,-0.8660254037844387,100.61
2026-06-02 14:15:00+00:00,2026-06-02 16:15:00+02:00,2026-06-02,16,15,1,1,6,-5.13000000000001,111.4,,-0.3150000000000068,11.259999999999991,,749.6051167390717,,66.23520857142778,0.49999999999999994,-426.31518000000005,,42.51456990685735,32875.2387,2389.83903,33.70349974762384,,,23.18,57318.805482,450.4997599999988,42.51456990685735,-0.8660254037844387,106.27
2026-06-02 14:30:00+00:00,2026-06-02 16:30:00+02:00,2026-06-02,16,30,2,1,6,-0.14999999999999147,114.32,,5.851000000000009,5.310000000000002,,717.4709948561036,,24.23557857142675,0.49999999999999994,-372.1210599999995,,43.156497637780845,31242.69574,2255.57365,41.35424075680235,,,21.83,57133.250061,358.6220699999976,43.156497637780845,-0.8660254037844387,114.17
2026-06-02 14:45:00+00:00,2026-06-02 16:45:00+02:00,2026-06-02,16,45,3,1,6,-0.1700000000000017,126.08,,17.833999999999996,1.0500000000000114,,675.1182874497927,,25.4933700000004,0.49999999999999994,-312.42782000000034,,47.9427306394196,29449.61981,2122.9649,49.087608027941855,,,23.31,56897.184649,259.4397300000019,47.9427306394196,-0.8660254037844387,125.91
2026-06-02 15:00:00+00:00,2026-06-02 17:00:00+02:00,2026-06-02,17,0,0,1,6,-4.159999999999997,120.58,,-14.306000000000003,4.569999999999993,,647.7686765033283,,51.04369642857325,0.49999999999999994,-253.0609400000003,,41.77807760361911,27470.98234,1986.26707,40.940906601264786,,,25.63,57544.896806,175.76310999999623,41.77807760361911,-0.8660254037844387,116.42
2026-06-02 15:15:00+00:00,2026-06-02 17:15:00+02:00,2026-06-02,17,15,1,1,6,3.450000000000003,121.42,,-4.6350000000000025,-3.950000000000003,,617.4067919690566,,31.776302857141804,0.49999999999999994,-221.13454000000002,,37.20736660256188,25369.50313,1861.53629,37.18483741168591,,,26.52,57579.487856,155.4525700000013,37.20736660256188,-0.8660254037844387,124.87
2026-06-02 15:30:00+00:00,2026-06-02 17:30:00+02:00,2026-06-02,17,30,2,1,6,-3.009999999999991,134.06,,6.282999999999996,-2.8600000000000136,,609.1367691825511,,15.830198571428939,0.49999999999999994,-188.96744000000012,,34.08532319258353,23185.9647,1732.65176,29.73053408775254,,,29.66,57954.939154,144.82916000000841,34.08532319258353,-0.8660254037844387,131.05
2026-06-02 15:45:00+00:00,2026-06-02 17:45:00+02:00,2026-06-02,17,45,3,1,6,-7.349999999999994,147.2,,15.978,-8.140000000000015,,598.8469320971899,,-1.2785271428586253,0.49999999999999994,-158.9886100000001,,32.89057103229879,20954.29608,1605.25286,35.68354896400687,,,31.81,58049.441015,125.53422000000137,32.89057103229879,-0.8660254037844387,139.85
2026-06-02 16:00:00+00:00,2026-06-02 18:00:00+02:00,2026-06-02,18,0,0,1,6,-3.7700000000000102,135.46,,-9.220999999999993,4.509999999999991,,601.1648745781027,,-2.183504285714662,0.49999999999999994,-136.42640000000029,,28.89386548786189,18710.67242,1483.56831,26.219553681138848,,,33.84,58279.593105,124.87522999999783,28.89386548786189,-0.8660254037844387,131.69
2026-06-02 16:15:00+00:00,2026-06-02 18:15:00+02:00,2026-06-02,18,15,1,1,6,2.920000000000016,137.69,,-4.676999999999997,-11.72999999999999,,625.9303244478347,,-26.285824285714625,0.49999999999999994,-145.08976999999982,,17.998857341742745,16438.70788,1384.02472,22.724874037056455,,,37.65,58212.447602,123.35805999999866,17.998857341742745,-0.8660254037844387,140.61
2026-06-02 16:30:00+00:00,2026-06-02 18:30:00+02:00,2026-06-02,18,30,2,1,6,0.6699999999999875,148.72,,2.954000000000005,0.5700000000000216,,639.17789186167,,-56.64196785714297,0.49999999999999994,-150.06390999999985,,15.098849123069439,14166.88363,1280.55839,18.642699962848425,,,39.54,58275.515257,131.82511999999406,15.098849123069439,-0.8660254037844387,149.39
2026-06-02 16:45:00+00:00,2026-06-02 18:45:00+02:00,2026-06-02,18,45,3,1,6,-6.52000000000001,170.0,,6.623000000000007,-5.090000000000003,,653.70813238659,,-84.70090571428565,0.49999999999999994,-158.93479000000002,,19.231372995060486,11982.75228,1177.65158,19.0036772130827,,,38.47,58469.448394,157.6359200000079,19.231372995060486,-0.8660254037844387,163.48
2026-06-02 17:00:00+00:00,2026-06-02 19:00:00+02:00,2026-06-02,19,0,0,1,6,-1.4399999999999977,154.42,,-14.963,-38.41,,660.2509593157577,,-99.47662642857073,0.49999999999999994,-166.86690999999996,,20.642738589671993,9928.757,1071.23676,28.720657158551383,,,39.7,58499.229934,184.09947999999713,20.642738589671993,-0.8660254037844387,152.98
2026-06-02 17:15:00+00:00,2026-06-02 19:15:00+02:00,2026-06-02,19,15,1,1,6,-4.469999999999999,161.7,,-9.988999999999997,-40.870000000000005,,614.2734146672491,,-127.837226428572,0.49999999999999994,-126.83969000000002,,22.950734132533377,8029.62043,1002.92905,32.078149587411545,,,41.86,58356.567005,-3.3250499999994645,22.950734132533377,-0.8660254037844387,157.23
2026-06-02 17:30:00+00:00,2026-06-02 19:30:00+02:00,2026-06-02,19,30,2,1,6,-7.240000000000009,175.18,,-3.850999999999999,-6.349999999999994,,561.6763956195679,,-146.73977928571367,0.49999999999999994,-87.08594999999991,,25.614366698186974,6345.93771,929.95695,29.33258183561159,,,42.3,58180.328913,-164.2308699999994,25.614366698186974,-0.8660254037844387,167.94
2026-06-02 17:45:00+00:00,2026-06-02 19:45:00+02:00,2026-06-02,19,45,3,1,6,-37.5,212.5,,7.3009999999999975,21.769999999999982,,514.3104580687118,,-165.79549428571278,0.49999999999999994,-49.46796999999992,,49.54031711085839,4855.78435,858.25614,73.51966899117154,,,40.87,58066.019141,-143.23801999999705,49.54031711085839,-0.8660254037844387,175.0
2026-06-02 18:00:00+00:00,2026-06-02 20:00:00+02:00,2026-06-02,20,0,0,1,6,-1.7300000000000182,168.46,,-9.643000000000011,-24.920000000000016,,465.79266033560293,,-181.49540428571396,0.49999999999999994,-10.65059000000008,,40.38827051392306,3537.25874,790.13086,55.6511401072616,,,38.53,57642.477222,-119.11877999999706,40.38827051392306,-0.8660254037844387,166.73
2026-06-02 18:15:00+00:00,2026-06-02 20:15:00+02:00,2026-06-02,20,15,1,1,6,-20.49000000000001,181.47,,-4.365999999999998,-9.060000000000002,,431.89679627560093,,-193.21050500000067,0.49999999999999994,31.520970000000034,,48.85219760779553,2392.49053,805.35601,81.15632405015211,,,36.52,57092.668408,-108.93666000000667,48.85219760779553,-0.8660254037844387,160.98
2026-06-02 18:30:00+00:00,2026-06-02 20:30:00+02:00,2026-06-02,20,30,2,1,6,-5.0,164.29,,-4.146999999999997,-16.680000000000007,,398.97002794140946,,-196.5324785714282,0.49999999999999994,63.96972000000005,,74.52677392818566,1445.56417,814.28111,128.93816731470946,,,35.49,56608.169899,-102.08019000000058,74.52677392818566,-0.8660254037844387,159.29
2026-06-02 18:45:00+00:00,2026-06-02 20:45:00+02:00,2026-06-02,20,45,3,1,6,-38.64999999999998,192.73,,-11.032,-68.36000000000001,,366.5611388348037,,-200.1256935714295,0.49999999999999994,89.54683999999997,,69.07977200214071,709.49582,814.93836,105.79554365446006,,,36.49,55970.64791,-129.18878000000404,69.07977200214071,-0.8660254037844387,154.08
2026-06-02 19:00:00+00:00,2026-06-02 21:00:00+02:00,2026-06-02,21,0,0,1,6,-17.859999999999985,180.47,,11.930000000000003,64.56,,323.3260510407104,,-179.11323642857158,0.49999999999999994,99.7472899999998,,44.362176319818595,261.61287,838.39157,62.04333074937379,,,37.48,55499.146188,-130.64188999999897,44.362176319818595,-0.8660254037844387,162.61
2026-06-02 19:15:00+00:00,2026-06-02 21:15:00+02:00,2026-06-02,21,15,1,1,6,-12.669999999999987,165.01,,-5.008,-42.93000000000001,,277.81599626309173,,-129.91568142857017,0.49999999999999994,123.08421999999996,,51.13594858251698,77.55881,919.71428,87.12199320493086,,,38.3,55013.260449,-128.0034799999994,51.13594858251698,-0.8660254037844387,152.34
2026-06-02 19:30:00+00:00,2026-06-02 21:30:00+02:00,2026-06-02,21,30,2,1,6,-20.49000000000001,165.34,,-3.840000000000008,14.75,,240.2319539643207,,-80.9457292857135,0.49999999999999994,136.89029000000005,,47.548699428355015,28.38009,1021.39389,78.15610615026449,,,39.14,54200.159506,-140.7552599999981,47.548699428355015,-0.8660254037844387,144.85
2026-06-02 19:45:00+00:00,2026-06-02 21:45:00+02:00,2026-06-02,21,45,3,1,6,-14.090000000000003,150.01,,-23.436,-145.14999999999998,,224.05526409519362,,-34.486934285714334,0.49999999999999994,163.16147999999998,,51.56152100176894,15.42945,1131.90726,89.82352475827263,,,39.89,53402.100416,-165.69266999999672,51.56152100176894,-0.8660254037844387,135.92
2026-06-02 20:00:00+00:00,2026-06-02 22:00:00+02:00,2026-06-02,22,0,0,1,6,-13.629999999999995,162.71,,11.384,49.16,,215.58830017005693,,19.105876428572497,0.49999999999999994,185.20315000000005,,25.63639865462453,0.0,1255.63477,36.316356474997335,,,43.68,52580.145648,-185.2031500000012,25.63639865462453,-0.8660254037844387,149.08
2026-06-02 20:15:00+00:00,2026-06-02 22:15:00+02:00,2026-06-02,22,15,1,1,6,-2.9499999999999886,144.7,,-1.2320000000000015,-27.650000000000006,,206.43141465908286,,61.90754571428469,0.49999999999999994,194.94391999999993,,27.018057284795272,,1468.83465,43.32756936024299,,,46.69,51572.619801,-97.99150999999983,27.018057284795272,-0.8660254037844387,141.75
2026-06-02 20:30:00+00:00,2026-06-02 22:30:00+02:00,2026-06-02,22,30,2,1,6,-2.8499999999999943,137.94,,-1.953999999999997,-6.340000000000003,,208.52024493757443,,103.13428785714235,0.49999999999999994,213.0895599999999,,15.63813201388291,,1685.82625,19.312570912182636,,,45.71,50637.837211,-44.967680000001565,15.63813201388291,-0.8660254037844387,135.09
2026-06-02 20:45:00+00:00,2026-06-02 22:45:00+02:00,2026-06-02,22,45,3,1,6,6.219999999999999,125.0,,-14.592000000000002,-81.08000000000001,,212.55142698351244,,138.66377428571286,0.49999999999999994,232.50854000000027,,23.81187603301474,,1903.29653,39.74389039600304,,,51.73,49683.173092,66.32248999999865,23.81187603301474,-0.8660254037844387,131.22
2026-06-02 21:00:00+00:00,2026-06-02 23:00:00+02:00,2026-06-02,23,0,0,1,6,-6.079999999999984,139.7,,5.748,-0.5099999999999909,,227.44155122378783,,170.2145207142847,0.49999999999999994,253.9693500000003,,15.231687417593562,,2129.82168,11.076631557773792,,,56.84,48763.072668,146.04959000000235,15.231687417593562,-0.8660254037844387,133.62
2026-06-02 21:15:00+00:00,2026-06-02 23:15:00+02:00,2026-06-02,23,15,1,1,6,2.1999999999999886,120.01,,0.9099999999999951,-2.4099999999999966,,273.1197435083225,,165.25920642857196,0.49999999999999994,321.9629200000004,,14.546020256104084,,2388.82091,17.879095534809494,,,69.15,48004.924485,159.34000000000378,14.546020256104084,-0.8660254037844387,122.21
2026-06-02 21:30:00+00:00,2026-06-02 23:30:00+02:00,2026-06-02,23,30,2,1,6,-7.799999999999997,125.5,,-1.0960000000000014,-2.019999999999982,,315.59566644554957,,160.9707592857142,0.49999999999999994,390.9866099999999,,13.817392014773581,,2650.80204,19.41340577563659,,,80.47,47286.649059,131.54321999999956,13.817392014773581,-0.8660254037844387,117.7
2026-06-02 21:45:00+00:00,2026-06-02 23:45:00+02:00,2026-06-02,23,45,3,1,6,-4.540000000000006,113.04,,-4.526000000000003,-3.5100000000000193,,347.01006116924344,,155.4887221428575,0.49999999999999994,448.5490999999997,,10.936659839234292,,2916.68937,10.88618959092215,,,91.79,46613.074761,86.92439999999624,10.936659839234292,-0.8660254037844387,108.5
2026-06-02 22:00:00+00:00,2026-06-03 00:00:00+02:00,2026-06-03,0,0,0,2,6,-1.0999999999999943,119.1,,3.8800000000000057,0.21000000000000796,,1078.4451789435318,,56.703398571427634,0.49999999999999994,-36.73823999999968,,14.448539201349087,0.0,3640.55187,8.004845853785302,,,30.43,45902.25168,59.658909999998286,14.448539201349087,-0.8660254037844387,118.0
2026-06-02 22:15:00+00:00,2026-06-03 00:15:00+02:00,2026-06-03,0,15,1,2,6,0.6700000000000017,118.8,,-0.9599999999999976,-5.990000000000009,,1038.3970002849785,,61.61881214285755,0.49999999999999994,9.522460000000137,,12.409399876342839,,4015.07186,6.704947711171559,,,34.7,45375.193799,56.31900999999925,12.409399876342839,-0.8660254037844387,119.47
2026-06-02 22:30:00+00:00,2026-06-03 00:30:00+02:00,2026-06-03,0,30,2,2,6,2.559999999999988,115.01,,-1.7518181818181802,-1.9300000000000068,,1059.5514608631843,,52.66485642857203,0.49999999999999994,167.44268999999986,,11.018417217976731,,4387.42194,3.7009586917566564,,,81.06,45135.334646,62.08002000000124,11.018417217976731,-0.8660254037844387,117.57
2026-06-02 22:45:00+00:00,2026-06-03 00:45:00+02:00,2026-06-03,0,45,3,2,6,2.3000000000000114,112.99,,-4.537272727272725,-1.4800000000000182,,1044.8470200659938,,12.484876428571235,0.49999999999999994,287.5548200000003,,9.104130872400617,,4770.14513,2.309349527048816,,,103.9,44809.81963,122.04756999999518,9.104130872400617,-0.8660254037844387,115.29
2026-06-02 23:00:00+00:00,2026-06-03 01:00:00+02:00,2026-06-03,1,0,0,2,6,5.3999999999999915,115.01,,2.8718181818181807,-3.5,,1037.0352902486825,,6.231240714285117,0.49999999999999994,308.82238999999936,,12.207003253834623,,5159.66828,5.1397632889722855,,,114.0,44312.346777,169.30552999999782,12.207003253834623,-0.8660254037844387,120.41
2026-06-02 23:15:00+00:00,2026-06-03 01:15:00+02:00,2026-06-03,1,15,1,2,6,2.7099999999999937,114.25,,0.4145454545454552,-1.789999999999992,,1008.4612328648484,,-30.89472428571467,0.49999999999999994,328.976920000001,,10.25977580022555,,5532.44255,3.4241050273181437,,,142.02,43927.512513,161.11153000000195,10.25977580022555,-0.8660254037844387,116.96
2026-06-02 23:30:00+00:00,2026-06-03 01:30:00+02:00,2026-06-03,1,30,2,2,6,3.010000000000005,111.1,,-0.18181818181818052,-0.37999999999999545,,1049.7677652687462,,12.094564999999161,0.49999999999999994,406.53520000000026,,9.170240306290738,,5914.97972,1.6226462807378128,,,155.93,43621.770143,261.39308000000165,9.170240306290738,-0.8660254037844387,114.11
2026-06-02 23:45:00+00:00,2026-06-03 01:45:00+02:00,2026-06-03,1,45,3,2,6,0.18999999999999773,110.01,,-2.0481818181818197,-5.5,,1095.5362485538167,,19.129929285714493,0.49999999999999994,463.1240600000019,,10.319968898634682,,6304.7609,6.905311620153816,,,178.01,43353.6809,324.74667999999656,10.319968898634682,-0.8660254037844387,110.2
2026-06-03 00:00:00+00:00,2026-06-03 02:00:00+02:00,2026-06-03,2,0,0,2,6,3.8200000000000074,107.91,,0.269999999999996,-4.509999999999991,,1121.181106224735,,10.206792857144267,0.49999999999999994,507.6707200000001,,10.95327417768952,,6655.40283,3.8843955220123836,,,193.17,43032.948045,315.55918000000383,10.95327417768952,-0.8660254037844387,111.73
2026-06-03 00:15:00+00:00,2026-06-03 02:15:00+02:00,2026-06-03,2,15,1,2,6,1.539999999999992,107.68,,-0.2927272727272765,-6.150000000000006,,1119.2891404029626,,60.81550714285705,0.49999999999999994,496.9494100000011,,10.017189247651038,,6931.16736,6.37064547824866,,,215.32,42905.322061,379.3684399999984,10.017189247651038,-0.8660254037844387,109.22
2026-06-03 00:30:00+00:00,2026-06-03 02:30:00+02:00,2026-06-03,2,30,2,2,6,1.8999999999999915,107.76,,-0.5990909090909136,-4.929999999999993,,1161.4200205898871,,138.18347428571437,0.49999999999999994,473.48543000000063,,9.915482969237036,,7198.82129,5.212705174678245,,,230.15,42929.12949,313.9599699999999,9.915482969237036,-0.8660254037844387,109.66
2026-06-03 00:45:00+00:00,2026-06-03 02:45:00+02:00,2026-06-03,2,45,3,2,6,6.480000000000004,103.25,,-1.3318181818181811,-5.549999999999997,,1149.8819379595911,,157.31854714285717,0.49999999999999994,477.77945999999974,,9.860462710629424,,7455.94106,3.0629001196329644,,,256.95,42747.105665,116.89763000000312,9.860462710629424,-0.8660254037844387,109.73
2026-06-03 01:00:00+00:00,2026-06-03 03:00:00+02:00,2026-06-03,3,0,0,2,6,4.109999999999999,105.23,,-1.197272727272729,-6.3700000000000045,,835.4342291821645,,181.61215357142933,0.49999999999999994,338.2318899999991,,9.98052519002841,,7702.01288,3.0691390137490155,,,286.01,42786.595512,16.08622999999716,9.98052519002841,-0.8660254037844387,109.34
2026-06-03 01:15:00+00:00,2026-06-03 03:15:00+02:00,2026-06-03,3,15,1,2,6,5.219999999999999,104.3,,-0.22000000000000242,-5.109999999999999,,863.9937225930265,,152.1624157142856,0.49999999999999994,408.6936800000003,,9.419520897678586,,7861.53057,3.1750350579224955,,,331.38,42663.263256,-106.09773000000132,9.419520897678586,-0.8660254037844387,109.52
2026-06-03 01:30:00+00:00,2026-06-03 03:30:00+02:00,2026-06-03,3,30,2,2,6,3.3499999999999943,106.73,,-0.853636363636365,-3.4000000000000057,,777.7524196018375,,166.42641642857157,0.49999999999999994,322.63544,,9.066079725398758,,8017.65256,3.411761170673145,,,362.2,42688.7719,-237.67830999999933,9.066079725398758,-0.8660254037844387,110.08
2026-06-03 01:45:00+00:00,2026-06-03 03:45:00+02:00,2026-06-03,3,45,3,2,6,2.3699999999999903,108.34,,-0.2754545454545449,-4.079999999999998,,780.5987156563586,,178.81521785714202,0.49999999999999994,350.0242100000014,,8.978091735827647,,8161.45329,4.6556023598816925,,,395.79,42877.401698,-302.0862699999998,8.978091735827647,-0.8660254037844387,110.71
2026-06-03 02:00:00+00:00,2026-06-03 04:00:00+02:00,2026-06-03,4,0,0,2,6,5.509999999999991,105.01,,-1.8481818181818157,-7.11999999999999,,700.4484813340622,,182.44562500000055,0.49999999999999994,281.82576999999947,,9.956851480368782,,8302.50456,3.7789668530151563,,,420.45,43202.693052,-281.8257699999958,9.956851480368782,-0.8660254037844387,110.52
2026-06-03 02:15:00+00:00,2026-06-03 04:15:00+02:00,2026-06-03,4,15,1,2,6,4.450000000000003,106.42,,-0.2463636363636348,-3.1400000000000006,,637.787457496317,,140.59355500000078,0.49999999999999994,223.89254000000074,,8.965179989755084,,8421.08022,5.967855162291559,,,437.78,43482.742311,-223.9025399999955,8.965179989755084,-0.8660254037844387,110.87
2026-06-03 02:30:00+00:00,2026-06-03 04:30:00+02:00,2026-06-03,4,30,2,2,6,6.779999999999987,107.68,,0.3572727272727266,-4.230000000000004,,588.2870049070814,,143.25076142857142,0.49999999999999994,102.10783999999876,,9.823922023070683,,8541.48362,3.893498243406839,,,435.5,43714.233341,-102.7578399999984,9.823922023070683,-0.8660254037844387,114.46
2026-06-03 02:45:00+00:00,2026-06-03 04:45:00+02:00,2026-06-03,4,45,3,2,6,4.170000000000002,108.14,,1.5363636363636368,-5.989999999999995,,559.1291722646664,,107.9787785714291,0.49999999999999994,71.44434999999976,,9.253050941153345,9.67925,8658.98928,2.7157284386282043,,,436.23,44118.235786,-288.11131000000023,9.253050941153345,-0.8660254037844387,112.31
2026-06-03 03:00:00+00:00,2026-06-03 05:00:00+02:00,2026-06-03,5,0,0,2,6,2.1299999999999955,108.29,,-3.72818181818182,-4.590000000000003,,529.4179182769227,,90.62812285714426,0.49999999999999994,41.55094000000099,,8.28107125543341,98.61026,8764.26202,5.258420910899981,,,432.59,45008.189947,-298.4844599999997,8.28107125543341,-0.8660254037844387,110.42
2026-06-03 03:15:00+00:00,2026-06-03 05:15:00+02:00,2026-06-03,5,15,1,2,6,5.039999999999992,109.84,,-2.1972727272727286,-3.8599999999999994,,485.6830960036338,,16.451590714285494,0.49999999999999994,-32.26024999999936,,9.97297918159952,338.89439,8837.3103,5.641925962951199,,,407.86,45272.571962,-483.85889999999927,9.97297918159952,-0.8660254037844387,114.88
2026-06-03 03:30:00+00:00,2026-06-03 05:30:00+02:00,2026-06-03,5,30,2,2,6,8.980000000000004,113.69,,0.47363636363636485,-4.819999999999993,,462.37556267779297,,-34.14002499999957,0.49999999999999994,-97.44031999999788,,11.659382323434599,756.53436,8914.12035,6.689869028541618,,,382.12,45476.523064,-588.8905599999998,11.659382323434599,-0.8660254037844387,122.67
2026-06-03 03:45:00+00:00,2026-06-03 05:45:00+02:00,2026-06-03,5,45,3,2,6,3.8700000000000045,121.28,,3.3490909090909096,-3.6299999999999955,,414.77308298151246,,-142.8152057142857,0.49999999999999994,-263.5160799999994,,13.948185081346631,1391.75301,8995.86163,10.205538878938182,,,383.33,47861.547133,-721.4366199999931,13.948185081346631,-0.8660254037844387,125.15
2026-06-03 04:00:00+00:00,2026-06-03 06:00:00+02:00,2026-06-03,6,0,0,2,6,1.0999999999999943,127.34,,-4.770000000000004,-1.7500000000000142,,267.7497194667162,,-357.0312657142853,0.49999999999999994,-218.12635999999839,,14.697207177200148,2279.62651,9198.16607,15.8476048963999,,,365.6,50176.348994,-772.9458200000008,14.697207177200148,-0.8660254037844387,128.44
2026-06-03 04:15:00+00:00,2026-06-03 06:15:00+02:00,2026-06-03,6,15,1,2,6,1.7199999999999989,131.5,,-2.509090909090911,-9.830000000000013,,247.04626573858909,,-288.09786642857165,0.49999999999999994,-412.43765000000167,,16.239508599409046,3397.3875,9174.76654,17.63485320662104,,,355.58,50264.50302,-718.4709200000034,16.239508599409046,-0.8660254037844387,133.22
2026-06-03 04:30:00+00:00,2026-06-03 06:30:00+02:00,2026-06-03,6,30,2,2,6,2.469999999999999,132.23,,0.44181818181818694,0.09000000000000341,,265.94004865860535,,-258.03034142857126,0.49999999999999994,-474.2500199999995,,17.27145736613656,4706.43529,9154.81345,16.97533280408851,,,326.93,51559.980616,-462.34653999999864,17.27145736613656,-0.8660254037844387,134.7
2026-06-03 04:45:00+00:00,2026-06-03 06:45:00+02:00,2026-06-03,6,45,3,2,6,-0.7800000000000011,136.28,,-0.8372727272727293,-11.470000000000013,,294.9553749296153,,-288.87043785714224,0.49999999999999994,-567.0440699999999,,19.673770155790137,6224.15045,9137.88544,18.59162663546208,,,286.32,53102.418111,-513.875680000001,19.673770155790137,-0.8660254037844387,135.5
2026-06-03 05:00:00+00:00,2026-06-03 07:00:00+02:00,2026-06-03,7,0,0,2,6,6.680000000000007,137.94,,2.901818181818183,-6.329999999999984,,337.0363002043968,,-274.98408642857197,0.49999999999999994,-559.7386600000009,,21.15382751149811,7968.16157,9092.33819,20.915528863001633,,,245.67,54564.138572,-231.28756999999678,21.15382751149811,-0.8660254037844387,144.62
2026-06-03 05:15:00+00:00,2026-06-03 07:15:00+02:00,2026-06-03,7,15,1,2,6,5.450000000000017,135.01,,1.2545454545454569,-7.689999999999998,,453.30307791929266,,-157.94009857142868,0.49999999999999994,-682.5209999999988,,22.550465662315773,9917.1245,8791.14436,18.499796137873147,,,201.37,55458.496191,-293.3932400000049,22.550465662315773,-0.8660254037844387,140.46
2026-06-03 05:30:00+00:00,2026-06-03 07:30:00+02:00,2026-06-03,7,30,2,2,6,2.1499999999999773,134.02,,-1.9563636363636348,1.5800000000000125,,508.980655570303,,-92.3480592857143,0.49999999999999994,-696.812460000001,,25.2442905981568,12016.69835,8440.67699,22.647663497693706,,,161.68,56600.951638,-262.3001299999996,25.2442905981568,-0.8660254037844387,136.17
2026-06-03 05:45:00+00:00,2026-06-03 07:45:00+02:00,2026-06-03,7,45,3,2,6,4.0,126.0,,-7.415454545454545,3.460000000000008,,571.0285001586328,,-17.73885928571482,0.49999999999999994,-787.579459999999,,27.200539813348072,14230.15104,8095.60535,20.143028334294662,,,147.1,57633.381304,-336.32271000000037,27.200539813348072,-0.8660254037844387,130.0
2026-06-03 06:00:00+00:00,2026-06-03 08:00:00+02:00,2026-06-03,8,0,0,2,6,8.0,140.0,,13.021818181818183,-7.800000000000011,,569.6983358211398,,67.64240785714303,0.49999999999999994,-826.4123400000008,,33.71167904600084,16514.11383,7676.56819,23.55748905287125,,,130.66,58468.106493,-337.4959000000017,33.71167904600084,-0.8660254037844387,148.0
2026-06-03 06:15:00+00:00,2026-06-03 08:15:00+02:00,2026-06-03,8,15,1,2,6,6.340000000000003,127.0,,6.399090909090913,-8.430000000000007,,499.3368043191692,,108.80321642857156,0.49999999999999994,-769.8520600000011,,28.880399955460557,18846.28183,7100.10994,26.848681443192685,,,120.72,59340.444139,-393.64226999999664,28.880399955460557,-0.8660254037844387,133.34
2026-06-03 06:30:00+00:00,2026-06-03 08:30:00+02:00,2026-06-03,8,30,2,2,6,5.319999999999993,119.0,,-1.540909090909095,-8.969999999999999,,439.5045118604548,,160.21250999999862,0.49999999999999994,-695.0071100000005,,33.27907355839142,21168.1289,6516.34332,28.131296755443348,,,112.83,59937.448764,-424.39889000000403,33.27907355839142,-0.8660254037844387,124.32
2026-06-03 06:45:00+00:00,2026-06-03 08:45:00+02:00,2026-06-03,8,45,3,2,6,-0.3100000000000023,113.31,,-12.171818181818175,0.23999999999999488,,368.3527099237181,,170.63149214285735,0.49999999999999994,-558.1341499999999,,35.615460839271755,23447.9537,5913.63567,25.328553997791023,,,104.89,60476.785932,-334.7053900000028,35.615460839271755,-0.8660254037844387,113.0
2026-06-03 07:00:00+00:00,2026-06-03 09:00:00+02:00,2026-06-03,9,0,0,2,6,-6.670000000000016,133.27,,13.926363636363636,3.089999999999989,,304.644080000223,,141.8485760714297,0.49999999999999994,-342.1611300000004,,44.44492533866807,25632.45142,5372.01813,30.34343460799315,,,95.66,60346.270297,-331.6243600000016,44.44492533866807,-0.8660254037844387,126.6
2026-06-03 07:15:00+00:00,2026-06-03 09:15:00+02:00,2026-06-03,9,15,1,2,6,8.570000000000007,108.8,,7.125454545454548,-11.219999999999999,,302.311187035917,,121.97357885714337,0.49999999999999994,-157.6905800000004,,41.865135769388516,27726.98085,5231.3453,36.84256344165581,,,96.94,60956.795957,-305.238179999993,41.865135769388516,-0.8660254037844387,117.37
2026-06-03 07:30:00+00:00,2026-06-03 09:30:00+02:00,2026-06-03,9,30,2,2,6,1.5700000000000074,106.27,,1.957272727272727,1.8599999999999994,,342.0320329154085,,149.91079700000122,0.49999999999999994,33.608320000000276,,44.56932694242174,29675.30798,5087.43422,40.81366432015342,,,99.48,61361.962072,-248.13032000000385,44.56932694242174,-0.8660254037844387,107.84
2026-06-03 07:45:00+00:00,2026-06-03 09:45:00+02:00,2026-06-03,9,45,3,2,6,4.340000000000003,92.16,,-8.050000000000002,2.030000000000001,,428.0155181818905,,136.04006328571475,0.49999999999999994,265.7935700000007,,47.041456065438126,31405.33959,4947.34196,37.45005912640851,,,104.05,61764.289516,-228.77439000000595,47.041456065438126,-0.8660254037844387,96.5
2026-06-03 08:00:00+00:00,2026-06-03 10:00:00+02:00,2026-06-03,10,0,0,2,6,-0.060000000000002274,103.2,,8.786363636363632,0.3399999999999892,,517.3071059681699,,-27.093470714284194,0.49999999999999994,446.3116599999994,,44.87178800460424,32890.22524,4836.77527,43.915439090097856,,,107.6,61304.564852,-340.0560800000021,44.87178800460424,-0.8660254037844387,103.14
2026-06-03 08:15:00+00:00,2026-06-03 10:15:00+02:00,2026-06-03,10,15,1,2,6,0.8699999999999903,94.48,,4.87272727272727,0.9300000000000068,,570.5586188531443,,-61.43695528571282,0.49999999999999994,534.8589400000001,,46.63953748142706,34193.80479,4988.77779,46.85602395586159,,,123.82,61734.415224,-409.1292899999971,46.63953748142706,-0.8660254037844387,95.35
2026-06-03 08:30:00+00:00,2026-06-03 10:30:00+02:00,2026-06-03,10,30,2,2,6,20.739999999999995,73.0,,-0.6109090909090944,-3.6500000000000057,,632.2486899620121,,-116.73228528571521,0.49999999999999994,637.70694,,45.09708496075644,35326.84045,5163.62812,44.95385289912375,,,141.12,61808.48578,-228.98309000000154,45.09708496075644,-0.8660254037844387,93.74
2026-06-03 08:45:00+00:00,2026-06-03 10:45:00+02:00,2026-06-03,10,45,3,2,6,23.060000000000002,65.11,,-2.082727272727271,1.2900000000000063,,644.3775161620879,,-89.61609785714141,0.49999999999999994,634.5298900000007,,47.4609557269812,36295.92478,5333.992,47.51094074501236,,,155.34,62117.536463,-103.30693999999494,47.4609557269812,-0.8660254037844387,88.17
2026-06-03 09:00:00+00:00,2026-06-03 11:00:00+02:00,2026-06-03,11,0,0,2,6,-2.3400000000000034,89.95,,8.585454545454546,2.430000000000007,,713.4423172235108,,-106.75083285714312,0.49999999999999994,754.0778600000003,,45.77055481235372,37100.59485,5503.16028,44.850201358575916,,,167.5,61749.797042,-89.07544000000053,45.77055481235372,-0.8660254037844387,87.61
2026-06-03 09:15:00+00:00,2026-06-03 11:15:00+02:00,2026-06-03,11,15,1,2,6,20.840000000000003,57.14,,5.141818181818179,-6.679999999999993,,767.2485494476125,,-83.98058142857346,0.49999999999999994,830.2799000000005,,56.28152829759669,37681.12661,5752.34497,46.40139165606012,,,183.67,61874.490425,-90.52068999999756,56.28152829759669,-0.8660254037844387,77.98
2026-06-03 09:30:00+00:00,2026-06-03 11:30:00+02:00,2026-06-03,11,30,2,2,6,30.86,42.56,,5.7554545454545405,3.039999999999992,,836.3423783315063,,-48.14456428571326,0.49999999999999994,936.3590699999995,,43.36471228194931,38163.47931,5995.51963,39.81584375956038,,,201.04,61993.188522,12.149949999991804,43.36471228194931,-0.8660254037844387,73.42
2026-06-03 09:45:00+00:00,2026-06-03 11:45:00+02:00,2026-06-03,11,45,3,2,6,33.09,27.98,,4.420909090909086,3.6099999999999994,,897.5774197622485,,-21.22341428571495,0.49999999999999994,1012.7225800000006,,51.36929089405061,38524.25107,6250.61601,41.26448259471525,,,216.27,62376.690246,152.18931000000157,51.36929089405061,-0.8660254037844387,61.07
2026-06-03 10:00:00+00:00,2026-06-03 12:00:00+02:00,2026-06-03,12,0,0,2,6,35.019999999999996,33.44,,7.413636363636365,-0.9200000000000017,,956.7922568768539,,-19.03128000000132,0.49999999999999994,1076.6414700000005,,43.607139947089905,38738.70375,6510.4587,43.34478224214585,,,235.62,62243.718669,90.4974000000002,43.607139947089905,-0.8660254037844387,68.46
2026-06-03 10:15:00+00:00,2026-06-03 12:15:00+02:00,2026-06-03,12,15,1,2,6,27.009999999999998,27.25,,7.0500000000000025,1.1999999999999886,,994.8743672405152,,-4.607792142856072,0.49999999999999994,1099.037629999999,,43.702883204622005,38788.68957,6713.22112,43.365359996419436,,,256.69,61461.734155,-11.992379999996047,43.702883204622005,-0.8660254037844387,54.26
2026-06-03 10:30:00+00:00,2026-06-03 12:30:00+02:00,2026-06-03,12,30,2,2,6,-5.529999999999994,52.37,,6.970000000000004,4.689999999999998,,1051.1834118740944,,23.179891428571345,0.49999999999999994,1152.9644500000013,,44.937032094244444,38731.59656,6899.79047,42.62087768084718,,,280.78,61229.571552,-29.616439999997965,44.937032094244444,-0.8660254037844387,46.84
2026-06-03 10:45:00+00:00,2026-06-03 12:45:00+02:00,2026-06-03,12,45,3,2,6,20.98,18.7,,6.3690909090909065,10.989999999999995,,1108.8252711586406,,51.10182642857243,0.49999999999999994,1206.1460799999986,,44.35612300031451,38508.21673,7078.84791,41.47506158323774,,,300.91,61314.542051,-38.25658000000112,44.35612300031451,-0.8660254037844387,39.68
2026-06-03 11:00:00+00:00,2026-06-03 13:00:00+02:00,2026-06-03,13,0,0,2,6,-4.560000000000002,50.09,,10.075454545454546,5.8999999999999915,,1158.82107448215,,72.31626785714356,0.49999999999999994,1250.4420100000007,,45.830084560183025,38159.63474,7243.12387,43.24001690453701,,,321.51,60728.460935,-5.262890000005427,45.830084560183025,-0.8660254037844387,45.53
2026-06-03 11:15:00+00:00,2026-06-03 13:15:00+02:00,2026-06-03,13,15,1,2,6,-1.6199999999999974,40.0,,7.931818181818187,0.960000000000008,,1218.7822577298655,,81.86036142857016,0.49999999999999994,1411.7843299999986,,49.81166836486155,37642.56848,7216.10099,44.66197503789627,,,337.86,60631.634078,-6.586610000005749,49.81166836486155,-0.8660254037844387,38.38
2026-06-03 11:30:00+00:00,2026-06-03 13:30:00+02:00,2026-06-03,13,30,2,2,6,-2.039999999999999,35.35,,6.226363636363636,-0.01999999999999602,,1256.7959974575197,,128.7687592857141,0.49999999999999994,1491.39891,,47.93279063841504,37024.28962,7203.38343,42.59090625048986,,,356.22,60179.862522,160.5631799999901,47.93279063841504,-0.8660254037844387,33.31
2026-06-03 11:45:00+00:00,2026-06-03 13:45:00+02:00,2026-06-03,13,45,3,2,6,8.899999999999999,15.0,,7.526363636363638,1.0900000000000034,,1261.133611060256,,166.06343142857233,0.49999999999999994,1440.6161499999998,,45.87364429177605,36278.81232,7215.43739,34.8964514501043,,,372.48,59318.373871,313.8429000000033,45.87364429177605,-0.8660254037844387,23.9
2026-06-03 12:00:00+00:00,2026-06-03 14:00:00+02:00,2026-06-03,14,0,0,2,6,-2.4400000000000013,29.21,,8.205454545454547,-0.009999999999990905,,1152.2862665383423,,53.11901285714287,0.49999999999999994,914.2285699999993,,64.74829027997534,35545.93293,7241.49843,35.279237925038395,,,389.47,59304.330744,518.120299999995,64.74829027997534,-0.8660254037844387,26.77
2026-06-03 12:15:00+00:00,2026-06-03 14:15:00+02:00,2026-06-03,14,15,1,2,6,-5.090000000000003,36.06,,5.593636363636361,-0.009999999999990905,,1133.8050123065607,,68.45202928571182,0.49999999999999994,924.605160000001,,46.6117030459798,34730.08842,7160.89561,43.92118243702807,,,396.73,58692.698741,631.0162199999977,46.6117030459798,-0.8660254037844387,30.97
2026-06-03 12:30:00+00:00,2026-06-03 14:30:00+02:00,2026-06-03,14,30,2,2,6,-6.060000000000002,37.88,,10.204545454545451,-1.0300000000000011,,1113.3889983201004,,105.88676357142946,0.49999999999999994,943.0999100000008,,45.750832037711554,33870.13925,7052.13745,38.58458519001796,,,398.98,58732.049105,483.9944000000105,45.750832037711554,-0.8660254037844387,31.82
2026-06-03 12:45:00+00:00,2026-06-03 14:45:00+02:00,2026-06-03,14,45,3,2,6,-9.380000000000003,49.02,,9.898181818181818,-0.28000000000000114,,1091.7324582996278,,35.830367857142846,0.49999999999999994,974.8257799999992,,43.97615846824711,32863.36549,6928.0613,39.551364674548886,,,399.12,58405.243173,272.14978999999585,43.97615846824711,-0.8660254037844387,39.64
2026-06-03 13:00:00+00:00,2026-06-03 15:00:00+02:00,2026-06-03,15,0,0,2,6,-3.91,29.38,,0.38727272727272644,-2.1899999999999977,,1079.1782570109654,,101.62503357142903,0.49999999999999994,1030.3127799999993,,50.28229547886927,31673.28297,6802.90194,46.00158744672955,,,397.31,58352.259753,803.7209799999982,50.28229547886927,-0.8660254037844387,25.47
2026-06-03 13:15:00+00:00,2026-06-03 15:15:00+02:00,2026-06-03,15,15,1,2,6,-5.380000000000003,44.81,,1.9863636363636403,-2.4200000000000017,,1035.1153096991836,,96.02792071428588,0.49999999999999994,1061.0928900000008,,51.92850918462398,30420.17641,6802.64863,46.29631678242918,,,380.18,57605.241314,737.4800299999988,51.92850918462398,-0.8660254037844387,39.43
2026-06-03 13:30:00+00:00,2026-06-03 15:30:00+02:00,2026-06-03,15,30,2,2,6,-8.259999999999998,48.75,,5.011818181818182,-2.989999999999995,,994.0849362249089,,77.00606142857058,0.49999999999999994,1088.7803699999995,,49.19791957467522,29072.81319,6807.18379,44.17953027407704,,,360.6,57339.952473,667.110090000002,49.19791957467522,-0.8660254037844387,40.49
2026-06-03 13:45:00+00:00,2026-06-03 15:45:00+02:00,2026-06-03,15,45,3,2,6,-21.75999999999999,65.46,,7.200000000000002,-2.9399999999999977,,954.0954131789529,,50.02933357142787,0.49999999999999994,1119.5416299999988,,43.917096241988254,27626.43455,6820.14788,46.11304732213387,,,342.55,56957.166529,597.4316099999924,43.917096241988254,-0.8660254037844387,43.7
2026-06-03 14:00:00+00:00,2026-06-03 16:00:00+02:00,2026-06-03,16,0,0,2,6,1.9699999999999989,39.19,,-5.698181818181821,-9.39,,909.7491513275053,,-0.4347964285713845,0.49999999999999994,1123.2754699999987,,46.50650526692787,26090.52647,6863.86268,47.582186042378254,,,325.56,57123.925977,519.2232199999999,46.50650526692787,-0.8660254037844387,41.16
2026-06-03 14:15:00+00:00,2026-06-03 16:15:00+02:00,2026-06-03,16,15,1,2,6,5.07,54.55,,-0.7527272727272798,-5.13000000000001,,907.7869520733057,,-43.66178642857215,0.49999999999999994,1248.7735700000003,,42.90315306890567,24496.60185,6949.1591,45.35180366025242,,,315.41,57071.338577,450.4997599999988,42.90315306890567,-0.8660254037844387,59.62
2026-06-03 14:30:00+00:00,2026-06-03 16:30:00+02:00,2026-06-03,16,30,2,2,6,-11.14,84.14,,5.3054545454545545,-0.14999999999999147,,923.1061105270602,,-83.65631214285895,0.49999999999999994,1393.4423000000006,,43.40507272916766,22884.12078,7040.56113,44.56623738084527,,,297.37,56583.192255,358.6220699999976,43.40507272916766,-0.8660254037844387,73.0
2026-06-03 14:45:00+00:00,2026-06-03 16:45:00+02:00,2026-06-03,16,45,3,2,6,-13.540000000000006,107.76,,16.197272727272725,-0.1700000000000017,,938.0932499088052,,-79.21967214285698,0.49999999999999994,1529.8234300000013,,48.01514511261116,21204.56273,7135.39138,51.50652612371975,,,281.53,56709.238611,259.4397300000019,48.01514511261116,-0.8660254037844387,94.22
2026-06-03 15:00:00+00:00,2026-06-03 17:00:00+02:00,2026-06-03,17,0,0,2,6,0.14000000000000057,67.87,,-13.383636363636366,-4.159999999999997,,976.4330019461379,,-56.71366499999853,0.49999999999999994,1694.3917800000017,,41.966674691427926,19482.33473,7220.58349,44.5064695671705,,,269.39,57352.038777,175.76310999999623,41.966674691427926,-0.8660254037844387,68.01
2026-06-03 15:15:00+00:00,2026-06-03 17:15:00+02:00,2026-06-03,17,15,1,2,6,-11.22999999999999,95.07,,-3.9000000000000017,3.450000000000003,,1008.3842305055069,,-78.3087200000009,0.49999999999999994,1794.5392599999996,,37.13115709903625,17765.72044,7378.11732,41.085753758510265,,,263.5,57342.639396,155.4525700000013,37.13115709903625,-0.8660254037844387,83.84
2026-06-03 15:30:00+00:00,2026-06-03 17:30:00+02:00,2026-06-03,17,30,2,2,6,-3.910000000000011,106.37,,5.438181818181816,-3.009999999999991,,1045.2848852335549,,-100.82695857142868,0.49999999999999994,1884.411109999999,,34.1303687231754,16009.87731,7535.48993,30.87542249566591,,,261.33,57509.058268,144.82916000000841,34.1303687231754,-0.8660254037844387,102.46
2026-06-03 15:45:00+00:00,2026-06-03 17:45:00+02:00,2026-06-03,17,45,3,2,6,-4.909999999999997,117.41,,13.857272727272727,-7.349999999999994,,1101.1490132539486,,-131.0126414285725,0.49999999999999994,1990.026240000001,,33.067447289412875,14277.7066,7686.27046,36.5224358964395,,,256.81,57978.625084,125.53422000000137,33.067447289412875,-0.8660254037844387,112.5
2026-06-03 16:00:00+00:00,2026-06-03 18:00:00+02:00,2026-06-03,18,0,0,2,6,-4.950000000000003,103.26,,-8.725454545454541,-3.7700000000000102,,1145.7448976181722,,-144.18634571428603,0.49999999999999994,2065.0582799999993,,28.97045165875289,12579.65072,7842.27483,31.059636109235342,,,253.01,58506.282317,124.87522999999783,28.97045165875289,-0.8660254037844387,98.31
2026-06-03 16:15:00+00:00,2026-06-03 18:15:00+02:00,2026-06-03,18,15,1,2,6,-15.509999999999991,124.99,,-3.986363636363632,2.920000000000016,,1060.7223465760444,,-164.58129357142857,0.49999999999999994,1899.554039999999,,17.375251888089103,10963.26313,8118.61494,17.6990233790316,,,249.08,58279.379205,123.35805999999866,17.375251888089103,-0.8660254037844387,109.48
2026-06-03 16:30:00+00:00,2026-06-03 18:30:00+02:00,2026-06-03,18,30,2,2,6,-4.049999999999997,130.81,,2.7463636363636397,0.6699999999999875,,977.2428241784713,,-191.15661357142875,0.49999999999999994,1741.2907400000004,,14.355169021834854,9414.2613,8390.79596,12.694362265720798,,,245.17,58273.775808,131.82511999999406,14.355169021834854,-0.8660254037844387,126.76
2026-06-03 16:45:00+00:00,2026-06-03 18:45:00+02:00,2026-06-03,18,45,3,2,6,-17.610000000000014,150.9,,5.428181818181823,-6.52000000000001,,899.6193006743127,,-216.59901500000004,0.49999999999999994,1590.8907599999984,,19.231372995060486,7941.11245,8660.42429,12.211883361631152,,,241.42,58508.236559,157.6359200000079,19.231372995060486,-0.8660254037844387,133.29
2026-06-03 17:00:00+00:00,2026-06-03 19:00:00+02:00,2026-06-03,19,0,0,2,6,-10.86999999999999,132.76,,-13.733636363636363,-1.4399999999999977,,846.7282040805354,,-231.7235099999993,0.49999999999999994,1485.9526499999993,,20.357856510280584,6578.67079,8927.70744,28.1982054477974,,,241.79,58461.767893,184.09947999999713,20.357856510280584,-0.8660254037844387,121.89
2026-06-03 17:15:00+00:00,2026-06-03 19:15:00+02:00,2026-06-03,19,15,1,2,6,-15.009999999999991,146.82,,-9.487272727272725,-4.469999999999999,,857.9742853965367,,-268.4070757142859,0.49999999999999994,1533.0648199999978,,22.661082925692007,5313.54248,9197.27726,31.815701424655536,,,259.89,58304.005792,-3.3250499999994645,22.661082925692007,-0.8660254037844387,131.81
2026-06-03 17:30:00+00:00,2026-06-03 19:30:00+02:00,2026-06-03,19,30,2,2,6,-1.3600000000000136,141.58,,-4.159090909090909,-7.240000000000009,,867.1420348372619,,-292.3827999999997,0.49999999999999994,1573.0328100000006,,25.757714907356604,4164.65277,9471.79243,29.484034016815855,,,272.35,58104.662751,-164.2308699999994,25.757714907356604,-0.8660254037844387,140.22
2026-06-03 17:45:00+00:00,2026-06-03 19:45:00+02:00,2026-06-03,19,45,3,2,6,-24.080000000000013,175.0,,3.2281818181818163,-37.5,,889.9415272329976,,-315.9394157142838,0.49999999999999994,1632.452369999999,,49.75781801324408,3155.03186,9745.26271,70.99928872883163,,,286.8,57764.627683,-143.23801999999705,49.75781801324408,-0.8660254037844387,150.92
2026-06-03 18:00:00+00:00,2026-06-03 20:00:00+02:00,2026-06-03,20,0,0,2,6,-5.900000000000006,152.9,,-8.923636363636374,-1.7300000000000182,,906.1278010843976,,-333.64295428571444,0.49999999999999994,1676.554500000002,,40.34678929418316,2260.63408,10016.87021,57.29396299120933,,,301.3,57253.817215,-119.11877999999706,40.34678929418316,-0.8660254037844387,147.0
2026-06-03 18:15:00+00:00,2026-06-03 20:15:00+02:00,2026-06-03,20,15,1,2,6,-8.27000000000001,154.91,,-5.831818181818179,-20.49000000000001,,936.100860134932,,-349.8936964285718,0.49999999999999994,1743.035939999998,,48.857925325002135,1516.77367,10418.69807,75.42297502687572,,,328.33,56543.381136,-108.93666000000667,48.857925325002135,-0.8660254037844387,146.64
2026-06-03 18:30:00+00:00,2026-06-03 20:30:00+02:00,2026-06-03,20,30,2,2,6,2.700000000000017,145.29,,-4.224545454545452,-5.0,,978.2003421590507,,-359.7823278571429,0.49999999999999994,1818.6846700000006,,74.55084337650503,938.54518,10806.38429,125.45740684922968,,,355.44,55894.814073,-102.08019000000058,74.55084337650503,-0.8660254037844387,147.99
2026-06-03 18:45:00+00:00,2026-06-03 20:45:00+02:00,2026-06-03,20,45,3,2,6,-18.28,162.09,,-13.54272727272727,-38.64999999999998,,1019.3390516065343,,-370.2642985714296,0.49999999999999994,1895.068830000002,,68.7419183927259,505.26461,11168.945,107.67130284872923,,,380.69,55425.184649,-129.18878000000404,68.7419183927259,-0.8660254037844387,143.81
2026-06-03 19:00:00+00:00,2026-06-03 21:00:00+02:00,2026-06-03,21,0,0,2,6,-11.240000000000009,160.52,,9.221818181818186,-17.859999999999985,,1041.3344749490977,,-351.9676221428573,0.49999999999999994,1922.6025399999999,,44.111415964421596,215.12319,11564.48834,64.21192968822628,,,406.85,54894.925448,-130.64188999999897,44.111415964421596,-0.8660254037844387,149.28
2026-06-03 19:15:00+00:00,2026-06-03 21:15:00+02:00,2026-06-03,21,15,1,2,6,-10.359999999999985,150.01,,-5.704545454545453,-12.669999999999987,,1034.429025893133,,-300.0842778571413,0.49999999999999994,1888.6113800000003,,50.97727626861948,76.90013,12053.4678,83.32245255631894,,,446.87,54270.841841,-128.0034799999994,50.97727626861948,-0.8660254037844387,139.65
2026-06-03 19:30:00+00:00,2026-06-03 21:30:00+02:00,2026-06-03,21,30,2,2,6,-13.470000000000027,143.11,,-5.3536363636363715,-20.49000000000001,,1021.7991119623214,,-245.26369785714218,0.49999999999999994,1834.368919999999,,47.3083750695327,34.39961,12572.68511,78.94546746541765,,,488.8,53690.863624,-140.7552599999981,47.3083750695327,-0.8660254037844387,129.64
2026-06-03 19:45:00+00:00,2026-06-03 21:45:00+02:00,2026-06-03,21,45,3,2,6,-10.75,132.75,,-22.586363636363636,-14.090000000000003,,1013.775575169973,,-194.3474757142862,0.49999999999999994,1784.9185800000014,,51.25614695231013,17.55155,13104.09882,90.12591060236106,,,527.8,52902.657196,-165.69266999999672,51.25614695231013,-0.8660254037844387,122.0
2026-06-03 20:00:00+00:00,2026-06-03 22:00:00+02:00,2026-06-03,22,0,0,2,6,-2.710000000000008,139.12,,9.110000000000001,-13.629999999999995,,1001.9306448661509,,-136.31442571428488,0.49999999999999994,1740.5325900000025,,25.524148893147743,0.0,13439.45478,31.127920937717615,,,573.45,51935.536656,-185.2031500000012,25.524148893147743,-0.8660254037844387,136.41
2026-06-03 20:15:00+00:00,2026-06-03 22:15:00+02:00,2026-06-03,22,15,1,2,6,-0.6400000000000006,127.45,,-1.3881818181818184,-2.9499999999999886,,1011.6245992767863,,-91.10178857142975,0.49999999999999994,1746.1161100000008,,26.644701906431127,,13798.53843,40.349629431236366,,,634.4,51010.447576,-194.94392000000516,26.644701906431127,-0.8660254037844387,126.81
2026-06-03 20:30:00+00:00,2026-06-03 22:30:00+02:00,2026-06-03,22,30,2,2,6,-1.7600000000000051,117.73,,-2.035454545454542,-2.8499999999999943,,1024.8578329536545,,-48.28679785714329,0.49999999999999994,1759.7549899999976,,15.394755050627303,,14156.763,20.701845213364013,,,697.42,50063.245827,-71.16545999999653,15.394755050627303,-0.8660254037844387,115.97
2026-06-03 20:45:00+00:00,2026-06-03 22:45:00+02:00,2026-06-03,22,45,3,2,6,-3.799999999999997,111.2,,-12.700000000000001,6.219999999999999,,1040.0704357507857,,-11.810495000001538,0.49999999999999994,1787.6032299999988,,23.604404807636495,,14505.36457,40.676984073715595,,,760.56,49002.53635,-44.57658000000083,23.604404807636495,-0.8660254037844387,107.4
2026-06-03 21:00:00+00:00,2026-06-03 23:00:00+02:00,2026-06-03,23,0,0,2,6,-4.280000000000001,115.97,,4.672727272727275,-6.079999999999984,,1064.0020549856895,,19.922063571427707,0.49999999999999994,1827.1326100000006,,15.026218686544176,,14817.43975,11.455706625333848,,,823.88,48100.043983,-15.086000000002969,15.026218686544176,-0.8660254037844387,111.69
2026-06-03 21:15:00+00:00,2026-06-03 23:15:00+02:00,2026-06-03,23,15,1,2,6,-6.8799999999999955,108.8,,1.0272727272727218,2.1999999999999886,,1013.9211025995297,,22.73206071428675,0.49999999999999994,1740.0926899999977,,14.436708667242756,,14916.18733,15.019521582640927,,,898.11,47175.618225,6.935590000000957,14.436708667242756,-0.8660254037844387,101.92
2026-06-03 21:30:00+00:00,2026-06-03 23:30:00+02:00,2026-06-03,23,30,2,2,6,-1.4200000000000017,100.3,,-1.7054545454545467,-7.799999999999997,,960.288291957772,,26.684405714285667,0.49999999999999994,1646.4483199999995,,13.3406150503122,,15019.33504,11.445793155233044,,,973.91,46393.786754,33.98214999999618,13.3406150503122,-0.8660254037844387,98.88
2026-06-03 21:45:00+00:00,2026-06-03 23:45:00+02:00,2026-06-03,23,45,3,2,6,1.1000000000000085,82.41,,-4.527272727272731,-4.540000000000006,,912.8149631009129,,29.354658571429486,0.49999999999999994,1564.6384199999957,,10.380923565562005,,15125.80241,11.4194700068818,,,1044.03,45710.525368,62.251750000003085,10.380923565562005,-0.8660254037844387,83.51
2026-06-03 22:00:00+00:00,2026-06-04 00:00:00+02:00,2026-06-04,0,0,0,3,6,-8.0,100.55,-1.0999999999999943,2.8863636363636416,-1.0999999999999943,,859.1756125723832,,82.29419857142784,0.49999999999999994,-493.1226000000024,,14.422485544653027,0.0,17192.212,13.475509885220378,,,1374.83,45241.292695,59.658909999998286,14.422485544653027,-0.8660254037844387,92.55
2026-06-03 22:15:00+00:00,2026-06-04 00:15:00+02:00,2026-06-04,0,15,1,3,6,-6.769999999999996,90.2,0.0,-1.30181818181818,0.6700000000000017,,811.0141701237359,,65.51299785714322,0.49999999999999994,-355.30834999999934,,12.401168617060062,,17157.42373,10.593525426051556,,,1464.4,44781.028119,56.31900999999925,12.401168617060062,-0.8660254037844387,83.43
2026-06-03 22:30:00+00:00,2026-06-04 00:30:00+02:00,2026-06-04,0,30,2,3,6,-5.439999999999998,84.99,0.8100000000000023,-1.8863636363636365,2.559999999999988,,918.5202710143142,,31.590702857143437,0.49999999999999994,-99.25446999999986,,11.1628837171936,,17113.74326,8.444639325236318,,,1582.22,44276.043547,62.08002000000124,11.1628837171936,-0.8660254037844387,79.55
2026-06-03 22:45:00+00:00,2026-06-04 00:45:00+02:00,2026-06-04,0,45,3,3,6,-14.780000000000001,79.99,-1.4800000000000182,-4.379999999999998,2.3000000000000114,,871.2966661949339,,-21.22724500000004,0.49999999999999994,-22.89760000000024,,9.328493607727731,,17073.19753,6.859692482346876,,,1677.14,43865.773717,22.89760000000024,9.328493607727731,-0.8660254037844387,65.21
2026-06-03 23:00:00+00:00,2026-06-04 01:00:00+02:00,2026-06-04,1,0,0,3,6,-8.819999999999993,80.46,1.1099999999999852,2.25090909090909,5.3999999999999915,,843.68856396489,,-22.08493428571507,0.49999999999999994,-165.60431999999855,,12.112675616146342,,17034.98303,10.120848119928905,,,1780.5,43452.815642,165.60431999999855,12.112675616146342,-0.8660254037844387,71.64
2026-06-03 23:15:00+00:00,2026-06-04 01:15:00+02:00,2026-06-04,1,15,1,3,6,-9.310000000000002,79.81,-1.279999999999987,0.11363636363636412,2.7099999999999937,,790.388034906438,,-43.332409285714675,0.49999999999999994,-440.6646600000022,,10.198593085613343,,16950.92702,7.206640125937518,,,1878.71,43127.89173,161.11153000000195,10.198593085613343,-0.8660254037844387,70.5
2026-06-03 23:30:00+00:00,2026-06-04 01:30:00+02:00,2026-06-04,1,30,2,3,6,-7.1299999999999955,73.25,-0.1600000000000108,-0.2545454545454517,3.010000000000005,,860.0943739105456,,-27.085887142858024,0.49999999999999994,-326.6103000000003,,9.243429090396774,,16851.39852,6.743287314769792,,,1993.94,42817.411071,261.39308000000165,9.243429090396774,-0.8660254037844387,66.12
2026-06-03 23:45:00+00:00,2026-06-04 01:45:00+02:00,2026-06-04,1,45,3,3,6,-6.480000000000004,69.09,-0.9500000000000028,-2.1954545454545458,0.18999999999999773,,924.6767501281231,,-28.166102857142636,0.49999999999999994,-496.74410999999964,,10.412570724875444,,16734.57241,9.08920762432559,,,2113.79,42823.962303,324.74667999999656,10.412570724875444,-0.8660254037844387,62.61
2026-06-04 00:00:00+00:00,2026-06-04 02:00:00+02:00,2026-06-04,2,0,0,3,6,-8.519999999999996,69.99,0.8599999999999994,0.22090909090908764,3.8200000000000074,,981.5217134011049,,-36.57122999999878,0.49999999999999994,-755.3643300000003,,11.068549275708305,,16599.11463,7.7778485824442,,,2197.96,42694.404069,315.55918000000383,11.068549275708305,-0.8660254037844387,61.47
2026-06-04 00:15:00+00:00,2026-06-04 02:15:00+02:00,2026-06-04,2,15,1,3,6,-8.400000000000006,68.7,-0.3200000000000074,-0.5481818181818222,1.539999999999992,,1050.091379142534,,27.31543999999979,0.49999999999999994,-1068.6082600000009,,10.141071580666805,,16453.92852,8.966496369422279,,,2308.61,42406.529191,379.3684399999984,10.141071580666805,-0.8660254037844387,60.3
2026-06-04 00:30:00+00:00,2026-06-04 02:30:00+02:00,2026-06-04,2,30,2,3,6,-5.189999999999998,63.57,-2.1500000000000057,-0.8972727272727319,1.8999999999999915,,1133.3604052287262,,100.43792499999992,0.49999999999999994,-1162.3950899999982,,10.043511020770614,,16310.67052,8.80391363190905,,,2363.63,42289.145186,399.46886999999697,10.043511020770614,-0.8660254037844387,58.38
2026-06-04 00:45:00+00:00,2026-06-04 02:45:00+02:00,2026-06-04,2,45,3,3,6,-9.780000000000001,65.83,-3.089999999999989,-1.1709090909090891,6.480000000000004,,1143.5104166160286,,103.78456571428562,0.49999999999999994,-1220.6372599999995,,10.185287624544413,,16166.66988,8.344330838530295,,,2359.77,42304.014825,384.9175800000012,10.185287624544413,-0.8660254037844387,56.05
2026-06-04 01:00:00+00:00,2026-06-04 03:00:00+02:00,2026-06-04,3,0,0,3,6,-6.500000000000007,66.4,-2.8800000000000097,-1.3509090909090924,4.109999999999999,,918.3601193010451,,82.00950214285773,0.49999999999999994,-1208.755720000001,,10.194302920604507,,16011.68407,7.873412462809637,,,2424.83,42314.60093,157.41215999999986,10.194302920604507,-0.8660254037844387,59.9
2026-06-04 01:15:00+00:00,2026-06-04 03:15:00+02:00,2026-06-04,3,15,1,3,6,-6.380000000000003,65.0,1.0999999999999943,-0.3263636363636389,5.219999999999999,,971.3955437518536,,63.15426214285669,0.49999999999999994,-1239.1125999999967,,9.68836969129156,,15890.84047,7.793306957468256,,,2439.6,42158.652709,146.35570000000007,9.68836969129156,-0.8660254037844387,58.62
2026-06-04 01:30:00+00:00,2026-06-04 03:30:00+02:00,2026-06-04,3,30,2,3,6,-8.770000000000003,66.98,-3.1499999999999915,-0.9636363636363657,3.3499999999999943,,858.7451223002771,,70.34202571428588,0.49999999999999994,-1094.5160300000025,,9.238171752464186,,15765.64579,7.32344376447497,,,2487.47,42260.21664,107.13716999999451,9.238171752464186,-0.8660254037844387,58.21
2026-06-04 01:45:00+00:00,2026-06-04 03:45:00+02:00,2026-06-04,3,45,3,3,6,-10.829999999999998,68.69,0.5600000000000023,-0.4745454545454551,2.3699999999999903,,845.2423722908468,,80.42341428571333,0.49999999999999994,-1008.6636799999978,,9.056186841371238,,15639.84597,6.401738975057053,,,2513.58,42254.341474,82.18411999999807,9.056186841371238,-0.8660254037844387,57.86
2026-06-04 02:00:00+00:00,2026-06-04 04:00:00+02:00,2026-06-04,4,0,0,3,6,-8.679999999999993,66.49,-0.5099999999999909,-1.85090909090909,5.509999999999991,,718.9454198674183,,64.68576785714322,0.49999999999999994,-728.0094900000004,,10.179064695186325,,15528.37519,7.774650505083067,,,2577.23,42441.34951,22.155009999994945,10.179064695186325,-0.8660254037844387,57.81
2026-06-04 02:15:00+00:00,2026-06-04 04:15:00+02:00,2026-06-04,4,15,1,3,6,-9.030000000000001,66.2,0.9699999999999989,-0.2945454545454531,4.450000000000003,,660.675629451581,,27.238989285714915,0.49999999999999994,-727.5194099999972,,9.167202293154961,,15479.23729,8.436424993245797,,,2570.41,42577.925195,-39.127809999998135,9.167202293154961,-0.8660254037844387,57.17
2026-06-04 02:30:00+00:00,2026-06-04 04:30:00+02:00,2026-06-04,4,30,2,3,6,-8.730000000000004,66.17,-1.1899999999999977,0.5018181818181802,6.779999999999987,,588.3342826067512,,19.121746428571765,0.49999999999999994,-456.2185100000024,,9.958657629043987,0.01,15433.41392,7.537649943228447,,,2581.0,42967.233488,-80.82851999999548,9.958657629043987,-0.8660254037844387,57.44
2026-06-04 02:45:00+00:00,2026-06-04 04:45:00+02:00,2026-06-04,4,45,3,3,6,-10.21,70.0,-1.009999999999991,1.3654545454545464,4.170000000000002,,586.0463517384703,,-37.912395714285076,0.49999999999999994,-167.835790000001,,9.384416695755727,6.374,15393.89902,7.356720283749277,,,2647.7,43028.477411,-70.62234999999782,9.384416695755727,-0.8660254037844387,59.79
2026-06-04 03:00:00+00:00,2026-06-04 05:00:00+02:00,2026-06-04,5,0,0,3,6,-9.400000000000006,64.12,-1.3599999999999994,-3.470909090909093,2.1299999999999955,,569.6783270017197,,-63.705292142855924,0.49999999999999994,-91.01854000000094,,8.571671836274556,60.96084,15349.38045,7.657443935090029,,,2701.63,44200.191737,-19.74648000000161,8.571671836274556,-0.8660254037844387,54.72
2026-06-04 03:15:00+00:00,2026-06-04 05:15:00+02:00,2026-06-04,5,15,1,3,6,-12.180000000000007,68.59,0.030000000000001137,-1.9690909090909114,5.039999999999992,,538.3277473356883,,-135.69714928571452,0.49999999999999994,-10.294879999997647,,10.167982239888673,192.82602,15250.00059,7.781912789710565,,,2654.71,44398.426919,-15.93949000000066,10.167982239888673,-0.8660254037844387,56.41
2026-06-04 03:30:00+00:00,2026-06-04 05:30:00+02:00,2026-06-04,5,30,2,3,6,-17.209999999999994,73.07,-0.2599999999999909,0.6063636363636383,8.980000000000004,,493.2796854166831,,-176.37749642857125,0.49999999999999994,-25.62430999999924,,11.697762205159739,423.60118,15154.43521,8.942027041954203,,,2697.02,45015.797156,-38.37317999999868,11.697762205159739,-0.8660254037844387,55.86
2026-06-04 03:45:00+00:00,2026-06-04 05:45:00+02:00,2026-06-04,5,45,3,3,6,-15.600000000000001,72.0,3.8700000000000045,2.5836363636363653,3.8700000000000045,,428.62558929494827,,-282.34543999999966,0.49999999999999994,23.389659999997093,,13.801404364551862,817.08351,15056.70716,10.686473871652838,,,2573.39,47202.718162,-120.56547999999748,13.801404364551862,-0.8660254037844387,56.4
2026-06-04 04:00:00+00:00,2026-06-04 06:00:00+02:00,2026-06-04,6,0,0,3,6,-22.0,80.0,1.0999999999999943,-4.025454545454548,1.0999999999999943,,243.7015636026557,,-445.443872142857,0.49999999999999994,-210.85693999999785,,14.727178309248542,1409.3535,15125.03671,16.00987894425005,,,2556.41,49589.160695,113.92837000000145,14.727178309248542,-0.8660254037844387,58.0
2026-06-04 04:15:00+00:00,2026-06-04 06:15:00+02:00,2026-06-04,6,15,1,3,6,-23.53,85.09,-1.7600000000000051,-2.3745454545454545,1.7199999999999989,,246.85221618297538,,-380.72542571428596,0.49999999999999994,-98.03946999999971,,16.2435845862807,2210.0375,14967.15369,17.975087257223173,,,2585.16,49243.165712,55.09180999999808,16.2435845862807,-0.8660254037844387,61.56
2026-06-04 04:30:00+00:00,2026-06-04 06:30:00+02:00,2026-06-04,6,30,2,3,6,-9.769999999999996,74.77,2.469999999999999,0.09181818181818745,2.469999999999999,,350.2986263643959,,-348.99590928571473,0.49999999999999994,82.14342000000033,,17.27117476159369,3180.69809,14811.40605,16.491381298814737,,,2576.8,50578.456936,-52.70191000000341,17.27117476159369,-0.8660254037844387,65.0
2026-06-04 04:45:00+00:00,2026-06-04 06:45:00+02:00,2026-06-04,6,45,3,3,6,-25.03,88.47,-0.7800000000000011,-1.6945454545454546,-0.7800000000000011,,278.396270711769,,-352.9258221428564,0.49999999999999994,-49.612929999999324,,19.70566826841362,4283.00297,14655.60916,18.687227749252248,,,2551.67,51772.543945,-103.23746999999639,19.70566826841362,-0.8660254037844387,63.44
2026-06-04 05:00:00+00:00,2026-06-04 07:00:00+02:00,2026-06-04,7,0,0,3,6,-2.1899999999999977,89.02,-3.299999999999997,2.7436363636363668,6.680000000000007,,163.53740314889626,,-301.5667392857145,0.49999999999999994,-247.79432000000088,,21.15605024035578,5510.44179,14497.0728,20.950891332328908,,,2595.6,52875.331035,-231.28756999999678,21.15605024035578,-0.8660254037844387,86.83
2026-06-04 05:15:00+00:00,2026-06-04 07:15:00+02:00,2026-06-04,7,15,1,3,6,5.239999999999995,79.26,-2.480000000000018,0.800909090909095,5.450000000000017,,134.29606196478056,,-153.39204928571442,0.49999999999999994,-414.0627299999978,,22.47589286736272,6850.10824,14547.13824,18.439078068059942,,,2553.8,53874.973725,-293.3932400000049,22.47589286736272,-0.8660254037844387,84.5
2026-06-04 05:30:00+00:00,2026-06-04 07:30:00+02:00,2026-06-04,7,30,2,3,6,3.5,76.4,-1.0799999999999983,-2.1663636363636374,2.1499999999999773,,43.937857221864924,,-69.12058285714322,0.49999999999999994,-609.4082699999999,,25.114345810236536,8286.77413,14581.20785,22.69398357442337,,,2552.29,55160.154131,-152.07395000000542,25.114345810236536,-0.8660254037844387,79.9
2026-06-04 05:45:00+00:00,2026-06-04 07:45:00+02:00,2026-06-04,7,45,3,3,6,-2.5900000000000034,78.73,1.4300000000000068,-6.321818181818181,4.0,,118.05955056553088,,26.18132142857056,0.49999999999999994,-552.215909999999,,26.801123900463764,9807.95885,14584.11115,20.602132922403662,,,2542.99,56354.905808,-44.43768999999884,26.801123900463764,-0.8660254037844387,76.14
2026-06-04 06:00:00+00:00,2026-06-04 08:00:00+02:00,2026-06-04,8,0,0,3,6,-10.570000000000007,102.37,-0.6899999999999977,11.163636363636364,8.0,,104.23501939403393,,131.37240142857158,0.49999999999999994,-622.4468500000003,,33.732660015474906,11413.55625,14606.84772,23.265542782242136,,,2511.13,57232.023916,216.02812000000267,33.732660015474906,-0.8660254037844387,91.8
2026-06-04 06:15:00+00:00,2026-06-04 08:15:00+02:00,2026-06-04,8,15,1,3,6,8.75,70.01,6.340000000000003,6.059090909090915,6.340000000000003,,98.35581990879894,,186.52946214285708,0.49999999999999994,-581.2272999999986,,28.639155366488808,13109.72773,14690.57599,26.9637372003487,,,2449.75,57892.526853,282.45904000000155,28.639155366488808,-0.8660254037844387,78.76
2026-06-04 06:30:00+00:00,2026-06-04 08:30:00+02:00,2026-06-04,8,30,2,3,6,9.139999999999993,60.27,5.319999999999993,-0.9336363636363672,5.319999999999993,,117.5808215286798,,240.60972357142757,0.49999999999999994,-462.11309000000256,,32.74208267924734,14843.06362,14795.01957,28.155923845951296,,,2393.72,58414.788741,303.6382799999992,32.74208267924734,-0.8660254037844387,69.41
2026-06-04 06:45:00+00:00,2026-06-04 08:45:00+02:00,2026-06-04,8,45,3,3,6,1.990000000000002,45.82,3.0500000000000114,-10.63545454545454,-0.3100000000000023,,103.78143039068746,,259.87138357142794,0.49999999999999994,-382.51756000000023,,34.715174432034914,16592.50078,14909.68372,25.863688647912497,,,2346.92,59094.937744,283.38182999999844,34.715174432034914,-0.8660254037844387,47.81
2026-06-04 07:00:00+00:00,2026-06-04 09:00:00+02:00,2026-06-04,9,0,0,3,6,7.739999999999995,49.99,-1.0100000000000051,11.418181818181814,-6.670000000000016,,126.22628279895682,,247.21244107143008,0.49999999999999994,-320.2872300000017,,44.72044869203486,18287.24908,15031.5274,30.478942379476656,,,2283.43,59138.137194,290.77874000000884,44.72044869203486,-0.8660254037844387,57.73
2026-06-04 07:15:00+00:00,2026-06-04 09:15:00+02:00,2026-06-04,9,15,1,3,6,7.600000000000001,34.99,-1.3599999999999852,7.102727272727275,8.570000000000007,,218.85610809939155,,232.84584314285712,0.49999999999999994,-217.1559300000008,,41.45768658185707,19957.64994,14994.44973,36.671984246444545,,,2244.79,59307.721175,168.8122000000003,41.45768658185707,-0.8660254037844387,42.59
2026-06-04 07:30:00+00:00,2026-06-04 09:30:00+02:00,2026-06-04,9,30,2,3,6,1.4600000000000009,20.54,4.319999999999993,2.1309090909090918,1.5700000000000074,,313.13479154428336,,238.41953771428703,0.49999999999999994,-114.14982999999847,,43.964556387915415,21575.48181,14961.26223,39.92763638908654,,,2205.4,59815.902077,25.990090000006603,43.964556387915415,-0.8660254037844387,22.0
2026-06-04 07:45:00+00:00,2026-06-04 09:45:00+02:00,2026-06-04,9,45,3,3,6,-1.5999999999999996,9.76,4.340000000000003,-6.975454545454547,4.340000000000003,,428.37470749276747,,228.6144154285721,0.49999999999999994,6.760550000002695,,45.902218456837026,23083.73566,14926.84528,38.15447024923896,,,2155.47,60452.909117,-152.82852000000275,45.902218456837026,-0.8660254037844387,8.16
2026-06-04 08:00:00+00:00,2026-06-04 10:00:00+02:00,2026-06-04,10,0,0,3,6,2.3599999999999994,14.14,3.1999999999999993,7.581818181818178,-0.060000000000002274,,528.0484258090809,,77.4824928571439,0.49999999999999994,127.58424000000377,,44.652828505241466,24515.04554,14877.95444,44.43735097758052,,,2097.57,60259.425576,-303.028449999998,44.652828505241466,-0.8660254037844387,16.5
2026-06-04 08:15:00+00:00,2026-06-04 10:15:00+02:00,2026-06-04,10,15,1,3,6,0.0,5.0,4.75,4.444545454545452,0.8699999999999903,,579.7994395909272,,44.50648114285806,0.49999999999999994,182.938180000001,,46.04775177916184,25889.43748,14803.71656,50.033772546530955,,,2037.24,60489.06746,-315.78259999999864,46.04775177916184,-0.8660254037844387,5.0
2026-06-04 08:30:00+00:00,2026-06-04 10:30:00+02:00,2026-06-04,10,30,2,3,6,2.48,0.02,-0.75,1.14454545454545,20.739999999999995,,639.6646877986851,,-14.555753857143698,0.49999999999999994,238.85163999999713,,43.7632173518976,27151.98982,14731.14903,44.9830267990036,,,1982.96,60891.542039,-228.98309000000154,43.7632173518976,-0.8660254037844387,2.5
2026-06-04 08:45:00+00:00,2026-06-04 10:45:00+02:00,2026-06-04,10,45,3,3,6,-0.01,0.0,5.58,-0.14181818181818073,23.060000000000002,,640.2033193605884,,17.578585000000853,0.49999999999999994,185.34050999999818,,45.850022969995955,28328.39606,14667.35687,47.103818822033304,,,1816.85,60628.889734,-103.30693999999494,45.850022969995955,-0.8660254037844387,-0.01
2026-06-04 09:00:00+00:00,2026-06-04 11:00:00+02:00,2026-06-04,11,0,0,3,6,-0.8499999999999996,4.26,-1.21,6.983636363636364,-2.3400000000000034,,706.5551175511255,,-1.2364757142859162,0.49999999999999994,219.5969499999992,,45.257746497029736,29384.42362,14599.5466,48.70724449880846,,,1766.71,60605.697479,-89.07544000000053,45.257746497029736,-0.8660254037844387,3.41
2026-06-04 09:15:00+00:00,2026-06-04 11:15:00+02:00,2026-06-04,11,15,1,3,6,-1.75,1.75,-0.5999999999999996,6.245454545454542,20.840000000000003,,754.0541575022323,,23.66325499999844,0.49999999999999994,228.18237999999837,,54.9239706574254,30325.74015,14502.63285,46.01287381964847,,,1724.59,60844.81537,-90.52068999999756,54.9239706574254,-0.8660254037844387,0.0
2026-06-04 09:30:00+00:00,2026-06-04 11:30:00+02:00,2026-06-04,11,30,2,3,6,-0.020000000000000018,0.46,3.039999999999992,7.873636363636359,30.86,,816.5960130888391,,57.93089785714411,0.49999999999999994,236.8625600000014,,41.48906048204139,31157.88433,14409.86206,38.623580325273636,,,1703.87,60767.788689,12.149949999991804,41.48906048204139,-0.8660254037844387,0.44
2026-06-04 09:45:00+00:00,2026-06-04 11:45:00+02:00,2026-06-04,11,45,3,3,6,4.16,-0.01,7.14,6.938181818181812,33.09,,869.585820709696,,93.34819071428501,0.49999999999999994,230.49646999999823,,49.321384808932706,31903.08178,14319.49645,39.744772821928414,,,1658.9,60504.316905,152.18931000000157,49.321384808932706,-0.8660254037844387,4.15
2026-06-04 10:00:00+00:00,2026-06-04 12:00:00+02:00,2026-06-04,12,0,0,3,6,-0.1299999999999999,5.6,-0.9200000000000017,9.204545454545455,35.019999999999996,,916.2290334762682,,112.47022285714151,0.49999999999999994,199.8541800000021,,41.96414989711226,32565.4153,14238.47551,42.37370130050899,,,1627.98,60272.766111,90.4974000000002,41.96414989711226,-0.8660254037844387,5.47
2026-06-04 10:15:00+00:00,2026-06-04 12:15:00+02:00,2026-06-04,12,15,1,3,6,7.03,-1.82,4.61,8.372727272727275,27.009999999999998,,931.0350635080167,,134.45503428571516,0.49999999999999994,192.19316999999864,,41.89684080979467,33142.05972,14218.47146,41.901778402990736,,,1596.45,59941.862889,-11.992379999996047,41.89684080979467,-0.8660254037844387,5.21
2026-06-04 10:30:00+00:00,2026-06-04 12:30:00+02:00,2026-06-04,12,30,2,3,6,0.5,2.5,6.989999999999995,5.017272727272732,-5.529999999999994,,966.5450165495134,,165.7418657142854,0.49999999999999994,218.14096000000063,,43.34284588355633,33720.80683,14199.37026,42.15009286551396,,,1569.14,59880.975306,-29.616439999997965,43.34284588355633,-0.8660254037844387,3.0
2026-06-04 10:45:00+00:00,2026-06-04 12:45:00+02:00,2026-06-04,12,45,3,3,6,5.640000000000001,-3.4,10.17,7.276363636363633,20.98,,1003.7637110736549,,201.76589571428693,0.49999999999999994,202.07125000000087,,42.38280772289836,34188.98775,14181.06156,39.77580659743079,,,1538.97,59726.412598,-38.25658000000112,42.38280772289836,-0.8660254037844387,2.24
2026-06-04 11:00:00+00:00,2026-06-04 13:00:00+02:00,2026-06-04,13,0,0,3,6,3.89,0.4,5.8999999999999915,8.251818181818182,-4.560000000000002,,1025.627811753013,,242.35688000000093,0.49999999999999994,204.64010999999664,,44.54503194853688,34565.16922,14175.14722,42.730077897691075,,,1511.53,58655.426351,-5.262890000005427,44.54503194853688,-0.8660254037844387,4.29
2026-06-04 11:15:00+00:00,2026-06-04 13:15:00+02:00,2026-06-04,13,15,1,3,6,8.58,-0.05,0.960000000000008,6.844545454545459,-1.6199999999999974,,1092.4178085787416,,254.3013049999993,0.49999999999999994,194.7462799999994,,48.40428179166735,34781.15327,14161.58658,43.567826322598954,,,1495.64,58870.886767,-6.586610000005749,48.40428179166735,-0.8660254037844387,8.53
2026-06-04 11:30:00+00:00,2026-06-04 13:30:00+02:00,2026-06-04,13,30,2,3,6,3.34,0.5,-0.01999999999999602,5.177272727272726,-2.039999999999999,,1125.947855389706,,303.6549828571432,0.49999999999999994,170.6430999999975,,46.42267088349783,34884.73509,14151.39988,40.92294687522275,,,1479.8,58239.775022,160.5631799999901,46.42267088349783,-0.8660254037844387,3.84
2026-06-04 11:45:00+00:00,2026-06-04 13:45:00+02:00,2026-06-04,13,45,3,3,6,10.11,-0.08,2.03,7.773636363636367,8.899999999999999,,1100.3904040083105,,348.0279085714293,0.49999999999999994,143.82572000000073,,44.04500781728015,34891.81893,14163.30568,33.57586158168311,,,1379.28,58001.14655,313.8429000000033,44.04500781728015,-0.8660254037844387,10.03
2026-06-04 12:00:00+00:00,2026-06-04 14:00:00+02:00,2026-06-04,14,0,0,3,6,8.879999999999999,-5.01,1.08,7.203636363636364,-2.4400000000000013,,889.5885687896392,,207.11983928571343,0.49999999999999994,-260.0424700000003,,63.20344572663449,34848.25285,14219.9363,34.1419712377601,,,1302.27,57663.278274,786.7682599999971,63.20344572663449,-0.8660254037844387,3.87
2026-06-04 12:15:00+00:00,2026-06-04 14:15:00+02:00,2026-06-04,14,15,1,3,6,5.42,-0.01,-0.009999999999990905,4.579090909090907,-5.090000000000003,,890.6201934990879,,230.81819857142702,0.49999999999999994,-326.4839800000009,,45.0019750536596,34719.35359,14266.71125,42.583468958874924,,,1247.66,57231.090539,894.0105999999942,45.0019750536596,-0.8660254037844387,5.41
2026-06-04 12:30:00+00:00,2026-06-04 14:30:00+02:00,2026-06-04,14,30,2,3,6,8.34,-0.04,-1.0300000000000011,9.046363636363635,-6.060000000000002,,899.8228859603078,,269.1712857142863,0.49999999999999994,-392.98862999999983,,44.07213128443437,34485.64548,14298.21422,37.67069057731047,,,1193.52,56837.476948,896.1760700000013,44.07213128443437,-0.8660254037844387,8.3
2026-06-04 12:45:00+00:00,2026-06-04 14:45:00+02:00,2026-06-04,14,45,3,3,6,6.43,-0.01,-0.28000000000000114,8.022727272727273,-9.380000000000003,,917.5031071468752,,188.42076642857137,0.49999999999999994,-452.14138000000094,,42.55699577373569,34084.57507,14327.40461,38.8028361138241,,,1147.29,56713.629399,847.5172700000039,42.55699577373569,-0.8660254037844387,6.42
2026-06-04 13:00:00+00:00,2026-06-04 15:00:00+02:00,2026-06-04,15,0,0,3,6,7.87,-3.89,9.14,-0.010909090909091645,-3.91,,955.0773286759327,,247.12271214285752,0.49999999999999994,-531.332150000002,,48.1930494821216,33489.47201,14363.90771,44.806857680919244,,,1109.01,56791.067135,803.7209799999982,48.1930494821216,-0.8660254037844387,3.98
2026-06-04 13:15:00+00:00,2026-06-04 15:15:00+02:00,2026-06-04,15,15,1,3,6,2.14,0.0,-2.4200000000000017,1.3709090909090944,-5.380000000000003,,972.2066859749987,,233.01428785714285,0.49999999999999994,-586.8324200000025,,50.18891796773963,32829.81145,14346.16044,44.76402403291102,,,1070.54,56189.687761,737.4800299999988,50.18891796773963,-0.8660254037844387,2.14
2026-06-04 13:30:00+00:00,2026-06-04 15:30:00+02:00,2026-06-04,15,30,2,3,6,-8.110000000000001,11.8,-2.989999999999995,3.83090909090909,-8.259999999999998,,991.0986196980781,,223.5763992857137,0.49999999999999994,-649.6026499999971,,47.56434654134105,32054.50974,14326.86536,42.30601769646167,,,1033.19,55601.807817,667.110090000002,47.56434654134105,-0.8660254037844387,3.69
2026-06-04 13:45:00+00:00,2026-06-04 15:45:00+02:00,2026-06-04,15,45,3,3,6,2.21,6.45,-5.01,4.612727272727276,-21.75999999999999,,1010.6793049524349,,194.00297857142868,0.49999999999999994,-702.4598100000003,,42.70231670821495,31141.57756,14298.11994,44.06424465644316,,,1004.72,55464.645754,597.4316099999924,42.70231670821495,-0.8660254037844387,8.66
2026-06-04 14:00:00+00:00,2026-06-04 16:00:00+02:00,2026-06-04,16,0,0,3,6,4.250000000000001,6.3,7.1899999999999995,-4.694545454545456,1.9699999999999989,,1019.8780430699741,,140.92655285714292,0.49999999999999994,-762.6306999999997,,44.37444065077006,30033.28594,14262.87005,45.325620317243576,,,967.26,55679.741072,519.2232199999999,44.37444065077006,-0.8660254037844387,10.55
2026-06-04 14:15:00+00:00,2026-06-04 16:15:00+02:00,2026-06-04,16,15,1,3,6,4.83,14.67,5.07,0.3681818181818116,5.07,,1044.6827289801613,,82.94655999999928,0.49999999999999994,-670.2717400000038,,41.125559490251625,28789.17716,14081.57046,41.96929807552627,,,972.42,55322.233536,450.4997599999988,41.125559490251625,-0.8660254037844387,19.5
2026-06-04 14:30:00+00:00,2026-06-04 16:30:00+02:00,2026-06-04,16,30,2,3,6,-3.299999999999997,34.98,-0.14999999999999147,4.208181818181828,-11.14,,1080.6940808836398,,26.154206428569783,0.49999999999999994,-569.0562900000004,,42.521218481647686,27453.13419,13882.35208,36.18650715391208,,,982.24,54628.421274,358.6220699999976,42.521218481647686,-0.8660254037844387,31.68
2026-06-04 14:45:00+00:00,2026-06-04 16:45:00+02:00,2026-06-04,16,45,3,3,6,24.91,24.99,1.0500000000000114,14.034545454545453,-13.540000000000006,,1108.4793425161613,,15.846931428572134,0.49999999999999994,-459.36685000000034,,47.874939942216336,25963.35364,13666.157,45.41090486824136,,,990.28,54655.058821,259.4397300000019,47.874939942216336,-0.8660254037844387,49.9
2026-06-04 15:00:00+00:00,2026-06-04 17:00:00+02:00,2026-06-04,17,0,0,3,6,1.759999999999998,37.06,1.460000000000008,-12.022727272727273,0.14000000000000057,,1150.2423302802138,,24.290997142858032,0.49999999999999994,-339.8736800000006,,40.507781150418644,24351.80835,13435.72235,35.65062131296078,,,1020.95,54871.130542,175.76310999999623,40.507781150418644,-0.8660254037844387,38.82
2026-06-04 15:15:00+00:00,2026-06-04 17:15:00+02:00,2026-06-04,17,15,1,3,6,-8.469999999999999,62.0,-3.950000000000003,-4.340909090909091,-11.22999999999999,,1161.434270557613,,-9.168699285714476,0.49999999999999994,-213.08914000000004,,36.28866230707768,22644.32944,13189.25926,23.814689944297516,,,1053.22,54825.19339,155.4525700000013,36.28866230707768,-0.8660254037844387,53.53
2026-06-04 15:30:00+00:00,2026-06-04 17:30:00+02:00,2026-06-04,17,30,2,3,6,-7.859999999999999,84.13,-2.930000000000007,4.837272727272725,-3.910000000000011,,1162.98786062127,,-41.22586285714273,0.49999999999999994,-65.21208000000115,,33.78803428503316,20824.57396,12917.98852,16.140375283303296,,,1084.97,54824.121967,118.30767000000196,33.78803428503316,-0.8660254037844387,76.27
2026-06-04 15:45:00+00:00,2026-06-04 17:45:00+02:00,2026-06-04,17,45,3,3,6,-11.670000000000002,98.73,-4.909999999999997,12.245454545454548,-4.909999999999997,,1176.1282399863953,,-81.60903714285867,0.49999999999999994,87.1865799999996,,32.97639968187613,18923.66754,12631.6281,22.387034938404444,,,1124.69,55074.22713,-1.4671899999993911,32.97639968187613,-0.8660254037844387,87.06
2026-06-04 16:00:00+00:00,2026-06-04 18:00:00+02:00,2026-06-04,18,0,0,3,6,-3.440000000000012,74.4,-0.21999999999999886,-7.628181818181814,-4.950000000000003,,1174.0967940055648,,-134.14148428571465,0.49999999999999994,256.77883999999904,,28.155985398429614,16940.19627,12320.72643,16.998116562333564,,,1161.11,55439.943796,-35.53418000000238,28.155985398429614,-0.8660254037844387,70.96
2026-06-04 16:15:00+00:00,2026-06-04 18:15:00+02:00,2026-06-04,18,15,1,3,6,0.05000000000001137,91.71,-5.289999999999992,-4.609090909090904,-15.509999999999991,,1078.2308985672194,,-160.8627314285711,0.49999999999999994,283.6671600000009,,16.938768859516646,14935.53898,11939.14973,13.147977573976574,,,1192.42,55613.389606,-68.84182999999757,16.938768859516646,-0.8660254037844387,91.76
2026-06-04 16:30:00+00:00,2026-06-04 18:30:00+02:00,2026-06-04,18,30,2,3,6,3.3299999999999983,102.14,0.5700000000000216,2.142727272727276,-4.049999999999997,,984.090828190046,,-190.9251207142861,0.49999999999999994,324.03365999999914,,14.313973710545492,12887.59328,11549.31326,11.01632792505756,,,1227.49,55711.168251,-97.79024000000209,14.313973710545492,-0.8660254037844387,105.47
2026-06-04 16:45:00+00:00,2026-06-04 18:45:00+02:00,2026-06-04,18,45,3,3,6,-4.400000000000006,117.29,-6.52000000000001,2.477272727272731,-17.610000000000014,,896.9766076666617,,-219.57472785714268,0.49999999999999994,373.51044999999976,,19.213202123710936,10889.92788,11159.20835,10.86752917990923,,,1261.47,55880.1934,-132.76087999999436,19.213202123710936,-0.8660254037844387,112.89
2026-06-04 17:00:00+00:00,2026-06-04 19:00:00+02:00,2026-06-04,19,0,0,3,6,-9.25,110.05,-1.4399999999999977,-12.82454545454545,-10.86999999999999,,837.9990448770423,,-240.1372685714284,0.49999999999999994,418.9855499999994,,19.819499830849065,9000.28684,10771.74134,25.129935288795462,,,1301.18,55982.074077,-158.15847999999824,19.819499830849065,-0.8660254037844387,100.8
2026-06-04 17:15:00+00:00,2026-06-04 19:15:00+02:00,2026-06-04,19,15,1,3,6,0.0,110.54,-6.310000000000002,-9.568181818181815,-15.009999999999991,,837.3731440840465,,-284.11697785714335,0.49999999999999994,510.4493600000005,,22.546728842151182,7248.96404,10476.13487,29.75457467828581,,,1330.16,55801.599755,-173.68134999999893,22.546728842151182,-0.8660254037844387,110.54
2026-06-04 17:30:00+00:00,2026-06-04 19:30:00+02:00,2026-06-04,19,30,2,3,6,1.8599999999999994,113.1,-7.240000000000009,-3.7700000000000027,-1.3600000000000136,,835.1497592158448,,-315.9670414285712,0.49999999999999994,583.5066999999999,,26.022717049637347,5676.02098,10195.4965,31.15865017860005,,,1359.6,55503.456885,-292.827870000001,26.022717049637347,-0.8660254037844387,114.96
2026-06-04 17:45:00+00:00,2026-06-04 19:45:00+02:00,2026-06-04,19,45,3,3,6,3.0,117.72,-24.080000000000013,0.5627272727272686,-24.080000000000013,,846.0081585178485,,-346.1068914285697,0.49999999999999994,631.6566900000016,,49.556982631241695,4303.7583,9928.32001,67.97231418186449,,,1390.73,55352.277941,-580.2411199999915,49.556982631241695,-0.8660254037844387,120.72
2026-06-04 18:00:00+00:00,2026-06-04 20:00:00+02:00,2026-06-04,20,0,0,3,6,0.0,114.27,-5.900000000000006,-8.07000000000001,-5.900000000000006,,848.5018422478786,,-375.1926250000002,0.49999999999999994,675.2485400000005,,40.49671957940703,3108.0783,9731.07752,57.86942712035487,,,1426.36,54787.378089,-740.8486600000033,40.49671957940703,-0.8660254037844387,114.27
2026-06-04 18:15:00+00:00,2026-06-04 20:15:00+02:00,2026-06-04,20,15,1,3,6,7.220000000000013,112.21,-8.27000000000001,-5.47090909090909,-8.27000000000001,,857.4260045866139,,-397.99445214285726,0.49999999999999994,794.6747799999994,,48.98069274492226,2087.08597,9943.57517,76.34148014334113,,,1443.37,54313.929052,-820.8472600000023,48.98069274492226,-0.8660254037844387,119.43
2026-06-04 18:30:00+00:00,2026-06-04 20:30:00+02:00,2026-06-04,20,30,2,3,6,4.549999999999997,117.0,-5.0,-2.9672727272727233,2.700000000000017,,877.6589902980146,,-415.7223685714286,0.49999999999999994,901.4838400000008,,74.89520287899452,1259.66466,10159.24354,127.8837430004664,,,1459.33,53725.981552,-775.7566299999962,74.89520287899452,-0.8660254037844387,121.55
2026-06-04 18:45:00+00:00,2026-06-04 20:45:00+02:00,2026-06-04,20,45,3,3,6,-0.6700000000000017,121.3,-24.47999999999999,-15.089999999999996,-18.28,,902.9051313510521,,-436.0336207142869,0.49999999999999994,1020.2503899999992,,68.77472642697926,646.16766,10364.62115,110.11278291780967,,,1479.49,53222.618168,-731.5436400000035,68.77472642697926,-0.8660254037844387,120.63
2026-06-04 19:00:00+00:00,2026-06-04 21:00:00+02:00,2026-06-04,21,0,0,3,6,1.9899999999999949,115.92,-7.030000000000001,7.568181818181821,-11.240000000000009,,914.3690066564567,,-422.8478428571429,0.49999999999999994,1138.1044000000002,,43.98313827194079,245.29247,10803.88401,66.49634597909444,,,1494.18,52790.907207,-656.2445799999987,43.98313827194079,-0.8660254037844387,117.91
2026-06-04 19:15:00+00:00,2026-06-04 21:15:00+02:00,2026-06-04,21,15,1,3,6,-0.4899999999999949,114.35,-12.669999999999987,-6.890909090909088,-10.359999999999985,,892.2784496444269,,-380.4714849999987,0.49999999999999994,1230.9430699999975,,51.04998947887854,73.27655,11543.66354,85.24482092912223,,,1493.26,52449.28068,-561.751400000001,51.04998947887854,-0.8660254037844387,113.86
2026-06-04 19:30:00+00:00,2026-06-04 21:30:00+02:00,2026-06-04,21,30,2,3,6,1.75,111.23,-13.470000000000027,-6.186363636363646,-13.470000000000027,,872.0381770229918,,-336.1198864285704,0.49999999999999994,1332.4385900000016,,47.51036721172126,26.13033,12318.20461,80.51250686635427,,,1489.64,51699.135003,-457.7416799999992,47.51036721172126,-0.8660254037844387,112.98
2026-06-04 19:45:00+00:00,2026-06-04 21:45:00+02:00,2026-06-04,21,45,3,3,6,8.719999999999999,101.88,-10.75,-22.002727272727274,-10.75,,853.3330668726504,,-295.8644464285722,0.49999999999999994,1434.431059999999,,51.610103831132754,12.93538,13114.48306,93.50462840594228,,,1490.01,51015.927846,-363.5520200000028,51.610103831132754,-0.8660254037844387,110.6
2026-06-04 20:00:00+00:00,2026-06-04 22:00:00+02:00,2026-06-04,22,0,0,3,6,1.8599999999999994,116.0,-2.710000000000008,7.866363636363636,-2.710000000000008,,828.8134950869696,,-244.92925071428544,0.49999999999999994,1459.3637700000036,,25.57856169502581,0.0,13773.67932,34.00500096274407,,,1493.47,50312.944196,-280.4658599999966,25.57856169502581,-0.8660254037844387,117.86
2026-06-04 20:15:00+00:00,2026-06-04 22:15:00+02:00,2026-06-04,22,15,1,3,6,6.319999999999993,108.9,-1.3400000000000034,-1.7172727272727266,-0.6400000000000006,,832.1491355400719,,-206.489637857144,0.49999999999999994,1492.847139999998,,26.990443213622104,,14752.99286,43.543153198593586,,,1500.52,49480.466506,-210.7560900000026,26.990443213622104,-0.8660254037844387,115.22
2026-06-04 20:30:00+00:00,2026-06-04 22:30:00+02:00,2026-06-04,22,30,2,3,6,5.010000000000005,102.75,-1.7600000000000051,-1.92272727272727,-1.7600000000000051,,824.2691001591977,,-167.17752071428626,0.49999999999999994,1480.5155699999996,,16.331550566782546,,15737.30684,25.508209416167055,,,1511.69,48812.162446,-141.74693000000116,16.331550566782546,-0.8660254037844387,107.76
2026-06-04 20:45:00+00:00,2026-06-04 22:45:00+02:00,2026-06-04,22,45,3,3,6,8.379999999999995,97.56,-3.660000000000025,-11.67090909090909,-3.799999999999997,,818.9019526355462,,-133.3622428571442,0.49999999999999994,1455.0970100000013,,24.364935773322212,,16711.96419,43.74449064630585,,,1528.2,48173.324368,-85.68820000000414,24.364935773322212,-0.8660254037844387,105.94
2026-06-04 21:00:00+00:00,2026-06-04 23:00:00+02:00,2026-06-04,23,0,0,3,6,5.760000000000005,95.0,-0.5099999999999909,3.1936363636363656,-4.280000000000001,,821.5359282048,,-104.72829142857258,0.49999999999999994,1451.1990800000021,,15.520166655543667,,17639.38283,17.923044224844055,,,1540.01,47202.352176,-43.85179000000062,15.520166655543667,-0.8660254037844387,100.76
2026-06-04 21:15:00+00:00,2026-06-04 23:15:00+02:00,2026-06-04,23,15,1,3,6,5.939999999999998,91.54,-0.5699999999999932,0.14181818181817685,-6.8799999999999955,,756.9405783334594,,-108.49424714285591,0.49999999999999994,1489.8938899999957,,15.192178752176408,,18435.89727,20.32332298475927,,,1550.85,46532.949822,-49.01734999999462,15.192178752176408,-0.8660254037844387,97.48
2026-06-04 21:30:00+00:00,2026-06-04 23:30:00+02:00,2026-06-04,23,30,2,3,6,-5.820000000000007,99.31,-1.4200000000000017,-2.034545454545456,-1.4200000000000017,,691.6873359456035,,-110.278800714286,0.49999999999999994,1521.8636000000006,,14.573012942316115,,19218.05445,19.382719721688183,,,1558.56,45952.580806,-60.96166000000085,14.573012942316115,-0.8660254037844387,93.49
2026-06-04 21:45:00+00:00,2026-06-04 23:45:00+02:00,2026-06-04,23,45,3,3,6,-3.4099999999999966,90.21,-0.0800000000000125,-4.5863636363636395,1.1000000000000085,,650.3472334741215,,-115.41743928571383,0.49999999999999994,1585.051230000001,,13.55438347944696,,19986.7576,23.143403667855566,,,1572.19,45424.042004,-71.64538000000175,13.55438347944696,-0.8660254037844387,86.8
2026-06-04 22:00:00+00:00,2026-06-05 00:00:00+02:00,2026-06-05,0,0,0,4,6,-7.670000000000002,93.68,-1.2049999999999983,1.9791666666666714,-8.0,,1373.7581471773444,,-150.68331714285782,0.49999999999999994,2081.4325800000006,,16.133047858388988,0.0,23148.19048,21.634916883857716,,,2152.14,45555.912001,59.658909999998286,16.133047858388988,-0.8660254037844387,86.01
2026-06-04 22:15:00+00:00,2026-06-05 00:15:00+02:00,2026-06-05,0,15,1,4,6,-2.0,80.73,-0.7000000000000028,-1.7574999999999978,-6.769999999999996,,1422.2514082700916,,-173.081294285714,0.49999999999999994,2270.1729699999996,,14.646994143299013,,23710.44044,21.136917151436343,,,2162.69,44960.036041,56.31900999999925,14.646994143299013,-0.8660254037844387,78.73
2026-06-04 22:30:00+00:00,2026-06-05 00:30:00+02:00,2026-06-05,0,30,2,4,6,-3.8799999999999955,78.88,-0.5600000000000023,-2.1824999999999997,-5.439999999999998,,1405.273933867093,,-206.93888285714223,0.49999999999999994,2457.1168,,13.859931113688083,,24269.34166,19.84991495723645,,,2215.03,44485.518079,62.08002000000124,13.859931113688083,-0.8660254037844387,75.0
2026-06-04 22:45:00+00:00,2026-06-05 00:45:00+02:00,2026-06-05,0,45,3,4,6,-5.199999999999989,74.99,-1.8400000000000034,-5.246666666666665,-14.780000000000001,,1314.1268256233975,,-259.3219592857144,0.49999999999999994,2392.528250000003,,12.660745211565112,,24803.31508,19.011551626263444,,,2311.81,43988.216006,22.89760000000024,12.660745211565112,-0.8660254037844387,69.79
2026-06-04 23:00:00+00:00,2026-06-05 01:00:00+02:00,2026-06-05,1,0,0,4,6,-5.319999999999993,82.11,-0.6950000000000074,1.3283333333333331,-8.819999999999993,,1368.272650624077,,-270.3642157142861,0.49999999999999994,2405.639799999997,,14.988896931292427,,25295.13011,23.01275867654218,,,2330.25,43620.735193,165.60431999999855,14.988896931292427,-0.8660254037844387,76.79
2026-06-04 23:15:00+00:00,2026-06-05 01:15:00+02:00,2026-06-05,1,15,1,4,6,-2.6699999999999875,79.21,-1.5349999999999895,-0.6716666666666664,-9.310000000000002,,1379.272685495134,,-283.19737000000015,0.49999999999999994,2238.261249999996,,13.264741918883946,,25571.1129,19.93907207565358,,,2355.16,43268.330891,161.11153000000195,13.264741918883946,-0.8660254037844387,76.54
2026-06-04 23:30:00+00:00,2026-06-05 01:30:00+02:00,2026-06-05,1,30,2,4,6,1.2999999999999972,73.97,-0.2700000000000031,-0.827499999999997,-7.1299999999999955,,1271.6634328351333,,-262.93537642857234,0.49999999999999994,2149.0515699999996,,13.128247277808576,,25846.3654,20.92395574000135,,,2415.23,43023.100119,261.39308000000165,13.128247277808576,-0.8660254037844387,75.27
2026-06-04 23:45:00+00:00,2026-06-05 01:45:00+02:00,2026-06-05,1,45,3,4,6,-2.0,75.0,-3.145000000000003,-2.5525000000000007,-6.480000000000004,,1323.4314192640677,,-264.71511928571374,0.49999999999999994,2119.402039999997,,14.26081326943956,,26084.26286,23.406038292958403,,,2500.89,42747.190648,324.74667999999656,14.26081326943956,-0.8660254037844387,73.0
2026-06-05 00:00:00+00:00,2026-06-05 02:00:00+02:00,2026-06-05,2,0,0,4,6,-0.5100000000000051,72.4,-0.5749999999999957,-0.5075000000000026,-8.519999999999996,,1311.9474117913344,,-256.74411571428493,0.49999999999999994,1867.9300100000037,,14.741412907091156,,26177.15322,21.626507544479445,,,2396.67,42553.082886,315.55918000000383,14.741412907091156,-0.8660254037844387,71.89
2026-06-05 00:15:00+00:00,2026-06-05 02:15:00+02:00,2026-06-05,2,15,1,4,6,5.949999999999989,71.54,-1.095000000000006,-1.2025000000000041,-8.400000000000006,,1405.2029287139435,,-188.8037892857145,0.49999999999999994,1735.4468300000008,,13.974031295991544,,26234.07537,22.9959593759219,,,2375.58,42316.800312,379.3684399999984,13.974031295991544,-0.8660254037844387,77.49
2026-06-05 00:30:00+00:00,2026-06-05 02:30:00+02:00,2026-06-05,2,30,2,4,6,-3.2099999999999937,86.5,-3.365000000000002,-1.2550000000000041,-5.189999999999998,,1281.65661692158,,-97.73769857142854,0.49999999999999994,1364.595269999998,,14.757990011512273,,26305.42615,24.83367337574819,,,2281.04,42432.614563,399.46886999999697,14.757990011512273,-0.8660254037844387,83.29
2026-06-05 00:45:00+00:00,2026-06-05 02:45:00+02:00,2026-06-05,2,45,3,4,6,-5.239999999999995,91.39,-4.319999999999993,-1.8883333333333319,-9.780000000000001,,1212.2997210794342,,-73.83295928571455,0.49999999999999994,1127.086140000003,,14.263031741915485,,26380.37562,22.555204657525234,,,2245.94,42364.387725,384.9175800000012,14.263031741915485,-0.8660254037844387,86.15
2026-06-05 01:00:00+00:00,2026-06-05 03:00:00+02:00,2026-06-05,3,0,0,4,6,13.149999999999991,72.2,-3.3800000000000026,-1.780000000000002,-6.500000000000007,,1084.9209596099706,,-85.86990071428512,0.49999999999999994,882.4187999999995,,14.180094565210599,,26413.35457,22.56552807143809,,,2188.78,42435.13493,157.41215999999986,14.180094565210599,-0.8660254037844387,85.35
2026-06-05 01:15:00+00:00,2026-06-05 03:15:00+02:00,2026-06-05,3,15,1,4,6,8.209999999999994,75.0,-1.6950000000000003,-0.8308333333333359,-6.380000000000003,,1062.8747448944337,,-83.9685071428573,0.49999999999999994,747.8292399999955,,14.001058968830964,,26257.95617,22.01856629993774,,,2122.41,42535.128688,146.35570000000007,14.001058968830964,-0.8660254037844387,83.21
2026-06-05 01:30:00+00:00,2026-06-05 03:30:00+02:00,2026-06-05,3,30,2,4,6,-0.29999999999999716,82.8,-3.2749999999999986,-1.6141666666666687,-8.770000000000003,,880.340701432293,,-58.00304571428543,0.49999999999999994,518.9135800000004,,13.630620926863076,,26097.43651,21.751698565311848,,,2118.32,42511.195211,107.13716999999451,13.630620926863076,-0.8660254037844387,82.5
2026-06-05 01:45:00+00:00,2026-06-05 03:45:00+02:00,2026-06-05,3,45,3,4,6,12.209999999999994,76.81,-0.7999999999999972,-1.3375000000000004,-10.829999999999998,,795.5053572063321,,-31.089135000000947,0.49999999999999994,387.591510000002,,13.004979489964478,,25923.9699,19.830318898571708,,,2145.97,42479.731988,82.18411999999807,13.004979489964478,-0.8660254037844387,89.02
2026-06-05 02:00:00+00:00,2026-06-05 04:00:00+02:00,2026-06-05,4,0,0,4,6,4.599999999999994,80.9,-2.279999999999994,-2.4199999999999986,-8.679999999999993,,586.7539527864955,,-36.866598571427986,0.49999999999999994,294.6099499999982,,14.12050504871173,,25752.57513,22.097240724105166,,,2232.9,42607.381098,22.155009999994945,14.12050504871173,-0.8660254037844387,85.5
2026-06-05 02:15:00+00:00,2026-06-05 04:15:00+02:00,2026-06-05,4,15,1,4,6,-0.8100000000000023,86.8,0.8300000000000054,-1.0224999999999989,-9.030000000000001,,600.3299313740655,,-82.30936714285652,0.49999999999999994,382.4574499999944,,13.682811988599836,,25537.34297,22.45634261872414,,,2203.32,42915.164659,-39.127809999998135,13.682811988599836,-0.8660254037844387,85.99
2026-06-05 02:30:00+00:00,2026-06-05 04:30:00+02:00,2026-06-05,4,30,2,4,6,-0.010000000000005116,91.81,-1.4450000000000003,-0.26750000000000185,-8.730000000000004,,348.2312553125426,,-76.89460857142798,0.49999999999999994,183.4981099999968,,14.358049214594105,0.02,25327.60081,22.178929833772923,,,2270.05,43351.352383,-80.82851999999548,14.358049214594105,-0.8660254037844387,91.8
2026-06-05 02:45:00+00:00,2026-06-05 04:45:00+02:00,2026-06-05,4,45,3,4,6,-3.799999999999997,99.82,-1.0449999999999946,0.4008333333333341,-10.21,,152.6637922551353,,-121.92970357142804,0.49999999999999994,116.05245000000286,,13.575087218483,17.54125,25106.2584,21.40770866945344,,,2405.5,43440.973683,-70.62234999999782,13.575087218483,-0.8660254037844387,96.02
2026-06-05 03:00:00+00:00,2026-06-05 05:00:00+02:00,2026-06-05,5,0,0,4,6,2.25,89.99,-2.065000000000005,-3.965000000000002,-9.400000000000006,,69.87561809340767,,-135.5586085714271,0.49999999999999994,13.565099999999802,,13.838182473861716,87.93027,24867.47782,23.275982921294183,,,2427.02,44357.372714,-19.74648000000161,13.838182473861716,-0.8660254037844387,92.24
2026-06-05 03:15:00+00:00,2026-06-05 05:15:00+02:00,2026-06-05,5,15,1,4,6,-0.030000000000001137,93.1,-1.9149999999999991,-2.8200000000000025,-12.180000000000007,,17.93816187337962,,-194.36377785714336,0.49999999999999994,-45.84329000000071,,14.44324328491716,277.9004,24583.11876,21.649344100918942,,,2449.71,44286.352421,9.041949999998906,14.44324328491716,-0.8660254037844387,93.07
2026-06-05 03:30:00+00:00,2026-06-05 05:30:00+02:00,2026-06-05,5,30,2,4,6,4.789999999999992,94.2,-0.9349999999999952,-0.8783333333333311,-17.209999999999994,,101.71293617693087,,-246.21700571428588,0.49999999999999994,103.29610999999932,,15.1696011464309,617.95658,24293.25839,21.30839852309506,,,2447.07,44987.033026,-38.37317999999868,15.1696011464309,-0.8660254037844387,98.99
2026-06-05 03:45:00+00:00,2026-06-05 05:45:00+02:00,2026-06-05,5,45,3,4,6,0.45999999999999375,108.53,0.8250000000000028,1.0683333333333345,-15.600000000000001,,167.07025360254696,,-340.6519578571427,0.49999999999999994,28.26491000000169,,17.09678404658191,1140.2683,24009.57169,23.023941162769294,,,2479.7,47377.086898,-120.56547999999748,17.09678404658191,-0.8660254037844387,108.99
2026-06-05 04:00:00+00:00,2026-06-05 06:00:00+02:00,2026-06-05,6,0,0,4,6,3.530000000000001,114.19,-0.32500000000000995,-5.523333333333336,-22.0,,145.56497966028107,,-431.4304307142863,0.49999999999999994,-466.53897999999754,,17.640817222429128,1875.52321,24212.57403,24.857302749896697,,,2544.95,49252.473468,127.29965000000084,17.640817222429128,-0.8660254037844387,117.72
2026-06-05 04:15:00+00:00,2026-06-05 06:15:00+02:00,2026-06-05,6,15,1,4,6,1.4300000000000068,113.08,-5.795000000000009,-4.1375,-23.53,,274.8845638350638,,-349.0487071428574,0.49999999999999994,-645.8149399999966,,18.413368202788018,2812.30502,23806.67844,26.41320178568769,,,2664.85,49356.382773,115.8715499999962,18.413368202788018,-0.8660254037844387,114.51
2026-06-05 04:30:00+00:00,2026-06-05 06:30:00+02:00,2026-06-05,6,30,2,4,6,-1.3700000000000045,117.7,1.2800000000000011,-0.7299999999999945,-9.769999999999996,,394.8857425539312,,-330.19692071428625,0.49999999999999994,-681.4644700000026,,20.032766663934574,3928.45722,23394.7135,26.787038443461157,,,2798.94,51011.888023,-13.207590000001801,20.032766663934574,-0.8660254037844387,116.33
2026-06-05 04:45:00+00:00,2026-06-05 06:45:00+02:00,2026-06-05,6,45,3,4,6,-0.9000000000000057,115.12,-0.9600000000000009,-3.6391666666666667,-25.03,,270.2535967391365,,-354.4825492857134,0.49999999999999994,-443.64214000000356,,20.324131807537576,5229.83289,22965.41881,23.492546943760765,,,2784.02,52077.486858,156.9007399999973,20.324131807537576,-0.8660254037844387,114.22
2026-06-05 05:00:00+00:00,2026-06-05 07:00:00+02:00,2026-06-05,7,0,0,4,6,3.480000000000004,126.11,-2.7449999999999974,2.332500000000003,-2.1899999999999977,,158.7092191372686,,-320.1048085714283,0.49999999999999994,-454.5985200000032,,22.37066927732192,6719.04581,22471.56835,27.973474850974522,,,2816.25,53015.725521,203.96515999999974,22.37066927732192,-0.8660254037844387,129.59
2026-06-05 05:15:00+00:00,2026-06-05 07:15:00+02:00,2026-06-05,7,15,1,4,6,-7.049999999999997,126.41,-0.29000000000000625,1.1708333333333367,5.239999999999995,,158.5276711610366,,-203.79624857142932,0.49999999999999994,-402.20734999999695,,23.08886184153623,8371.48557,21910.34741,26.884709408881612,,,2804.03,54286.486535,242.7427699999971,23.08886184153623,-0.8660254037844387,119.36
2026-06-05 05:30:00+00:00,2026-06-05 07:30:00+02:00,2026-06-05,7,30,2,4,6,3.8700000000000045,115.0,0.2500000000000071,-1.6941666666666677,3.5,,202.30938963181967,,-153.94478142857199,0.49999999999999994,-310.9734799999969,,26.218280919332457,10121.00885,21310.47155,29.54862683136128,,,2792.72,55278.662389,192.89751999999862,26.218280919332457,-0.8660254037844387,118.87
2026-06-05 05:45:00+00:00,2026-06-05 07:45:00+02:00,2026-06-05,7,45,3,4,6,-0.1799999999999926,112.36,1.1350000000000051,-6.010833333333333,-2.5900000000000034,,422.66523693919174,,-92.92074714285731,0.49999999999999994,33.23154000000068,,26.807109662160926,11920.8795,20627.74712,24.86670254050788,,,2776.49,55996.305106,-86.64428999999654,26.807109662160926,-0.8660254037844387,112.18
2026-06-05 06:00:00+00:00,2026-06-05 08:00:00+02:00,2026-06-05,8,0,0,4,6,2.1299999999999955,121.68,-2.200000000000003,9.3525,-10.570000000000007,,601.7149934690916,,-11.269777142856972,0.49999999999999994,302.69326,,31.86743881270546,13740.88967,20039.57301,26.01649797083813,,,2628.26,56339.235646,-214.27274000000034,31.86743881270546,-0.8660254037844387,123.81
2026-06-05 06:15:00+00:00,2026-06-05 08:15:00+02:00,2026-06-05,8,15,1,4,6,0.8599999999999994,115.9,7.545000000000002,6.2833333333333385,8.75,,609.6410195030942,,32.67884000000023,0.49999999999999994,367.67747999999847,,28.786170683491644,15567.92488,19863.42882,32.84087580758869,,,2643.17,57810.786661,-178.76747999999498,28.786170683491644,-0.8660254037844387,116.76
2026-06-05 06:30:00+00:00,2026-06-05 08:30:00+02:00,2026-06-05,8,30,2,4,6,0.9899999999999949,110.0,7.229999999999993,-0.09416666666667044,9.139999999999993,,680.7673678131923,,71.96102642856984,0.49999999999999994,583.1855300000025,,32.518532434900024,17369.68653,19800.07219,33.14933217742828,,,2661.35,58248.716879,-250.6905900000056,32.518532434900024,-0.8660254037844387,110.99
2026-06-05 06:45:00+00:00,2026-06-05 08:45:00+02:00,2026-06-05,8,45,3,4,6,9.540000000000006,95.0,2.5200000000000067,-9.583333333333329,1.990000000000002,,598.3878387070339,,99.93493999999866,0.49999999999999994,554.8927199999998,,34.81535943012407,19136.99372,19808.17788,31.172789874687137,,,2670.59,58896.10679,-91.64751000000979,34.81535943012407,-0.8660254037844387,104.54
2026-06-05 07:00:00+00:00,2026-06-05 09:00:00+02:00,2026-06-05,9,0,0,4,6,0.5300000000000011,113.3,1.039999999999992,11.111666666666663,7.739999999999995,,537.0280670865902,,92.52809035714407,0.49999999999999994,598.7428,,44.213917360484785,20807.01882,19905.09426,38.87657214705016,,,2542.46,58966.842005,-24.394420000004175,44.213917360484785,-0.8660254037844387,113.83
2026-06-05 07:15:00+00:00,2026-06-05 09:15:00+02:00,2026-06-05,9,15,1,4,6,5.530000000000001,99.99,3.120000000000008,7.14416666666667,7.600000000000001,,455.23488409866343,,103.66293885714315,0.49999999999999994,599.3831399999981,,40.83763140320764,22373.45211,20142.07242,42.12787031340311,,,2588.28,59245.902547,91.98595000000205,40.83763140320764,-0.8660254037844387,105.52
2026-06-05 07:30:00+00:00,2026-06-05 09:30:00+02:00,2026-06-05,9,30,2,4,6,4.959999999999994,85.0,3.0899999999999963,2.0750000000000006,1.4600000000000009,,378.19777613174597,,130.55535628571565,0.49999999999999994,602.1670400000003,,43.26823348105833,23792.94221,20407.12707,44.22045432774799,,,2629.64,59266.997401,25.990090000006603,43.26823348105833,-0.8660254037844387,89.96
2026-06-05 07:45:00+00:00,2026-06-05 09:45:00+02:00,2026-06-05,9,45,3,4,6,1.7999999999999972,73.53,3.1850000000000023,-6.527500000000001,-1.5999999999999996,,284.39855860410944,,141.27893185714336,0.49999999999999994,574.8247100000008,,44.76743791958083,24989.31835,20536.77416,42.776208117976566,,,2679.6,59850.63546,-152.82852000000275,44.76743791958083,-0.8660254037844387,75.33
2026-06-05 08:00:00+00:00,2026-06-05 10:00:00+02:00,2026-06-05,10,0,0,4,6,11.650000000000006,84.53,2.7799999999999994,7.146666666666661,2.3599999999999994,,329.93452910567595,,-9.611694285713643,0.49999999999999994,787.3278100000025,,43.50075304797295,26035.51824,20612.93446,48.16991201787101,,,2730.84,59503.129959,-303.028449999998,43.50075304797295,-0.8660254037844387,96.18
2026-06-05 08:15:00+00:00,2026-06-05 10:15:00+02:00,2026-06-05,10,15,1,4,6,20.89,65.0,2.8400000000000034,4.074166666666664,0.0,,291.55664394418585,,-27.832860999999475,0.49999999999999994,761.5518400000001,,44.71112374759154,26989.11867,20642.5526,51.482293534951864,,,2764.2,59658.491962,-315.78259999999864,44.71112374759154,-0.8660254037844387,85.89
2026-06-05 08:30:00+00:00,2026-06-05 10:30:00+02:00,2026-06-05,10,30,2,4,6,0.46000000000000796,75.66,0.865,1.2558333333333291,2.48,,280.7788110134475,,-76.2956974285714,0.49999999999999994,780.6183899999996,,42.60261161480752,27754.96567,20682.92003,45.86602991321437,,,2796.75,59253.08421,-228.98309000000154,42.60261161480752,-0.8660254037844387,76.12
2026-06-05 08:45:00+00:00,2026-06-05 10:45:00+02:00,2026-06-05,10,45,3,4,6,1.8299999999999983,71.08,4.04,-0.13083333333333233,-0.01,,268.3847883539713,,-27.77448928571383,0.49999999999999994,664.4206800000029,,44.44683259258388,28342.44037,20714.49353,48.62167099633743,,,2726.76,59467.398314,-103.30693999999494,44.44683259258388,-0.8660254037844387,72.91
2026-06-05 09:00:00+00:00,2026-06-05 11:00:00+02:00,2026-06-05,11,0,0,4,6,0.0,81.91,-1.0299999999999998,6.3308333333333335,-0.8499999999999996,,283.5131847806785,,-38.53967357142911,0.49999999999999994,650.8093400000034,,43.40875630341779,28777.59178,20753.83369,48.34164969504181,,,2749.29,58708.879549,-26.14878999999928,43.40875630341779,-0.8660254037844387,81.91
2026-06-05 09:15:00+00:00,2026-06-05 11:15:00+02:00,2026-06-05,11,15,1,4,6,32.48,44.99,-1.1749999999999998,5.579166666666663,-1.75,,329.51349735422997,,-14.566554285715808,0.49999999999999994,761.279340000001,,52.933940486451874,29114.63215,20748.2034,45.87435075445637,,,2750.35,58001.916719,-10.4750800000038,52.933940486451874,-0.8660254037844387,77.47
2026-06-05 09:30:00+00:00,2026-06-05 11:30:00+02:00,2026-06-05,11,30,2,4,6,24.180000000000007,44.36,2.024999999999996,7.215833333333329,-0.020000000000000018,,374.0819905125613,,22.698045000001002,0.49999999999999994,816.4813900000008,,38.93413563942786,29405.75061,20781.96891,38.92441081304719,,,2755.1,58457.362555,13.235389999994368,38.93413563942786,-0.8660254037844387,68.54
2026-06-05 09:45:00+00:00,2026-06-05 11:45:00+02:00,2026-06-05,11,45,3,4,6,26.04,35.0,5.65,6.706666666666663,4.16,,420.4074475949677,,63.98338999999968,0.49999999999999994,888.6657000000014,,46.689180991885465,29727.76223,20830.22057,39.158276994051846,,,2750.46,58647.169324,152.18931000000157,46.689180991885465,-0.8660254037844387,61.04
2026-06-05 10:00:00+00:00,2026-06-05 12:00:00+02:00,2026-06-05,12,0,0,4,6,24.6,39.1,-0.5250000000000008,8.426666666666668,-0.1299999999999999,,460.7420848594334,,87.74181714285598,0.49999999999999994,883.7734700000001,,39.43818951971044,29926.76289,20904.38589,41.683733038200835,,,2695.84,58251.982323,253.25394000000233,39.43818951971044,-0.8660254037844387,63.7
2026-06-05 10:15:00+00:00,2026-06-05 12:15:00+02:00,2026-06-05,12,15,1,4,6,7.1299999999999955,45.78,5.530000000000001,8.260833333333336,7.03,,480.7347823467983,,99.98373714285844,0.49999999999999994,922.2787999999964,,39.39945219585343,29919.98887,20989.26793,42.11414370493608,,,2713.99,57928.636723,251.91955000000598,39.39945219585343,-0.8660254037844387,52.91
2026-06-05 10:30:00+00:00,2026-06-05 12:30:00+02:00,2026-06-05,12,30,2,4,6,6.960000000000001,40.03,5.839999999999996,4.640833333333338,0.5,,467.8606937661411,,135.2379657142857,0.49999999999999994,721.0445099999997,,40.989503268210065,29875.30578,21099.69404,42.13637095364146,,,2737.91,57568.284034,432.4822200000053,40.989503268210065,-0.8660254037844387,46.99
2026-06-05 10:45:00+00:00,2026-06-05 12:45:00+02:00,2026-06-05,12,45,3,4,6,16.08,26.5,9.814999999999998,7.139999999999998,5.640000000000001,,505.6179211376777,,154.5259292857159,0.49999999999999994,808.1459099999993,,39.954149560007835,29707.9724,21249.40769,40.331382203889554,,,2763.18,56850.883493,330.24406000000454,39.954149560007835,-0.8660254037844387,42.58
2026-06-05 11:00:00+00:00,2026-06-05 13:00:00+02:00,2026-06-05,13,0,0,4,6,18.490000000000002,27.0,4.894999999999996,7.8883333333333345,3.89,,535.1060029260593,,181.31445071428607,0.49999999999999994,924.3635500000019,,42.06141614875831,29457.44869,21420.01629,42.52609193469329,,,2785.38,57127.579399,190.97873999999138,42.06141614875831,-0.8660254037844387,45.49
2026-06-05 11:15:00+00:00,2026-06-05 13:15:00+02:00,2026-06-05,13,15,1,4,6,18.1,23.89,4.38000000000001,6.98916666666667,8.58,,612.5313061908322,,178.84081857142777,0.49999999999999994,924.4989300000016,,45.91229798449294,29072.26034,21629.28909,43.57237072361505,,,2811.42,56238.565664,149.96406999999454,45.91229798449294,-0.8660254037844387,41.99
2026-06-05 11:30:00+00:00,2026-06-05 13:30:00+02:00,2026-06-05,13,30,2,4,6,3.8800000000000026,33.73,0.710000000000002,5.024166666666666,3.34,,661.070077697071,,209.06953499999977,0.49999999999999994,883.4043100000017,,44.00122980935116,28576.95037,21917.60066,41.08003802103214,,,2829.38,55970.115329,160.5631799999901,44.00122980935116,-0.8660254037844387,37.61
2026-06-05 11:45:00+00:00,2026-06-05 13:45:00+02:00,2026-06-05,13,45,3,4,6,5.399999999999999,24.59,5.464999999999999,7.968333333333336,10.11,,648.57592177929,,238.9476414285725,0.49999999999999994,765.7046299999965,,41.18157594388725,27964.34657,22362.4398,33.58127745095558,,,2847.95,55611.562305,313.8429000000033,41.18157594388725,-0.8660254037844387,29.99
2026-06-05 12:00:00+00:00,2026-06-05 14:00:00+02:00,2026-06-05,14,0,0,4,6,5.030000000000001,25.47,2.625,7.343333333333334,8.879999999999999,,598.1045841400235,,31.431852857142076,0.49999999999999994,129.60147000000143,,60.871242660790486,27342.05826,22943.61388,34.74222633160156,,,2791.05,55080.055549,786.7682599999971,60.871242660790486,-0.8660254037844387,30.5
2026-06-05 12:15:00+00:00,2026-06-05 14:15:00+02:00,2026-06-05,14,15,1,4,6,5.09,24.71,2.7050000000000045,4.649166666666665,5.42,,635.0769815525745,,42.27572142857025,0.49999999999999994,109.19144999999844,,42.47073860240608,26643.6158,23320.22459,42.70481003353177,,,2759.97,54397.688935,894.0105999999942,42.47073860240608,-0.8660254037844387,29.8
2026-06-05 12:30:00+00:00,2026-06-05 14:30:00+02:00,2026-06-05,14,30,2,4,6,14.549999999999997,18.0,3.1849999999999996,8.987499999999999,8.34,,673.6185001702529,,70.02260428571493,0.49999999999999994,125.26842000000033,,41.27584820256646,25917.77139,23554.61283,37.65435692238196,,,2727.73,54195.035985,896.1760700000013,41.27584820256646,-0.8660254037844387,32.55
2026-06-05 12:45:00+00:00,2026-06-05 14:45:00+02:00,2026-06-05,14,45,3,4,6,5.609999999999999,31.39,-0.04000000000000056,7.89,6.43,,716.106622917631,,-26.834816428570775,0.49999999999999994,155.2779300000002,,39.87805515654979,24964.13057,23758.17377,38.83696992986753,,,2699.63,54401.093557,847.5172700000039,39.87805515654979,-0.8660254037844387,37.0
2026-06-05 13:00:00+00:00,2026-06-05 15:00:00+02:00,2026-06-05,15,0,0,4,6,13.0,16.0,8.505,0.6458333333333327,7.87,,780.8599559019518,,16.883399285714404,0.49999999999999994,236.2371400000011,,45.78303201084214,23856.13096,23923.15191,45.04220793031966,,,2657.87,54332.849655,803.7209799999982,45.78303201084214,-0.8660254037844387,29.0
2026-06-05 13:15:00+00:00,2026-06-05 15:15:00+02:00,2026-06-05,15,15,1,4,6,5.450000000000003,30.15,-0.1400000000000008,1.4350000000000032,2.14,,823.9646582009655,,-4.451592857142844,0.49999999999999994,240.2771999999968,,48.022501674355766,22793.33308,24033.94272,44.7652777325929,,,2647.27,53228.74897,737.4800299999988,48.022501674355766,-0.8660254037844387,35.6
2026-06-05 13:30:00+00:00,2026-06-05 15:30:00+02:00,2026-06-05,15,30,2,4,6,2.1400000000000006,44.96,-5.549999999999998,2.835833333333333,-8.110000000000001,,869.2859458756783,,-21.22406071428642,0.49999999999999994,241.78173999999854,,45.353984978601105,21666.11386,24150.46826,40.94105553807111,,,2627.34,53709.433626,667.110090000002,45.353984978601105,-0.8660254037844387,47.1
2026-06-05 13:45:00+00:00,2026-06-05 15:45:00+02:00,2026-06-05,15,45,3,4,6,9.100000000000001,52.89,-3.9749999999999988,4.412500000000002,2.21,,911.6166902908366,,-57.56684857142837,0.49999999999999994,266.57568000000174,,40.89536839242797,20482.82708,24289.16543,43.74366522845416,,,2611.08,53019.479457,597.4316099999924,40.89536839242797,-0.8660254037844387,61.99
2026-06-05 14:00:00+00:00,2026-06-05 16:00:00+02:00,2026-06-05,16,0,0,4,6,2.3800000000000026,45.97,5.720000000000001,-3.949166666666668,4.250000000000001,,943.886120863825,,-106.3313214285715,0.49999999999999994,252.99607999999716,,42.27928950481164,19261.87057,24382.22164,46.71774303501595,,,2600.24,54094.827169,519.2232199999999,42.27928950481164,-0.8660254037844387,48.35
2026-06-05 14:15:00+00:00,2026-06-05 16:15:00+02:00,2026-06-05,16,15,1,4,6,2.3100000000000023,61.26,4.95,0.739999999999994,4.83,,959.6430348172655,,-159.44398714285802,0.49999999999999994,262.9243800000004,,39.4848564819742,18053.54902,24377.90711,41.31968895379159,,,2616.48,53464.185501,450.4997599999988,39.4848564819742,-0.8660254037844387,63.57
2026-06-05 14:30:00+00:00,2026-06-05 16:30:00+02:00,2026-06-05,16,30,2,4,6,11.820000000000007,65.1,-1.4099999999999957,3.582500000000009,-3.299999999999997,,984.1660798248598,,-207.84789571428752,0.49999999999999994,281.05155000000013,,41.36838055874205,16915.77502,24322.65923,38.30489953741636,,,2633.81,52630.772582,358.6220699999976,41.36838055874205,-0.8660254037844387,76.92
2026-06-05 14:45:00+00:00,2026-06-05 16:45:00+02:00,2026-06-05,16,45,3,4,6,-14.159999999999997,103.56,4.025000000000006,14.940833333333332,24.91,,1005.4581523312661,,-206.0697642857132,0.49999999999999994,279.92491999999766,,47.38277930852009,15708.16532,24211.0785,49.92189781000387,,,2646.84,52946.897035,259.4397300000019,47.38277930852009,-0.8660254037844387,89.4
2026-06-05 15:00:00+00:00,2026-06-05 17:00:00+02:00,2026-06-05,17,0,0,4,6,-0.3999999999999915,72.27,1.610000000000003,-10.874166666666667,1.759999999999998,,1031.9374484382581,,-196.07272928571314,0.49999999999999994,375.58418999999776,,39.82041632068198,14493.86572,24060.15869,38.049874600883946,,,2849.13,54030.265107,175.76310999999623,39.82041632068198,-0.8660254037844387,71.87
2026-06-05 15:15:00+00:00,2026-06-05 17:15:00+02:00,2026-06-05,17,15,1,4,6,3.799999999999997,91.2,-4.460000000000001,-4.685,-8.469999999999999,,1016.3979879020368,,-224.6298128571429,0.49999999999999994,514.5624899999966,,35.55877757226685,13281.37561,23829.57943,26.706108985455533,,,2879.16,54368.992437,155.4525700000013,35.55877757226685,-0.8660254037844387,95.0
2026-06-05 15:30:00+00:00,2026-06-05 17:30:00+02:00,2026-06-05,17,30,2,4,6,-1.3100000000000023,114.7,-2.969999999999999,3.779166666666665,-7.859999999999999,,989.4764719963785,,-247.37128285714243,0.49999999999999994,615.6299099999997,,33.27115361436546,12041.56163,23608.69813,19.227515006716008,,,2993.18,54724.836824,118.30767000000196,33.27115361436546,-0.8660254037844387,113.39
2026-06-05 15:45:00+00:00,2026-06-05 17:45:00+02:00,2026-06-05,17,45,3,4,6,-2.5900000000000034,132.59,-6.1299999999999955,10.2525,-11.670000000000002,,985.7663195939999,,-269.9492557142873,0.49999999999999994,591.8328299999994,,32.44792037873564,10792.24524,23408.46761,24.218432865819356,,,3021.19,55052.978867,-56.848320000004605,32.44792037873564,-0.8660254037844387,130.0
2026-06-05 16:00:00+00:00,2026-06-05 18:00:00+02:00,2026-06-05,18,0,0,4,6,-5.989999999999995,109.99,-1.8300000000000054,-7.279166666666664,-3.440000000000012,,956.090165444708,,-308.7297528571432,0.49999999999999994,622.476999999999,,28.118987249104666,9605.84174,23196.49215,20.79709331796651,,,3041.56,54816.259229,-271.57908999999927,28.118987249104666,-0.8660254037844387,104.0
2026-06-05 16:15:00+00:00,2026-06-05 18:15:00+02:00,2026-06-05,18,15,1,4,6,-1.1099999999999994,125.0,-2.6199999999999903,-4.220833333333328,0.05000000000001137,,883.5376532438913,,-307.18912857142794,0.49999999999999994,472.2572700000019,,17.113464125214936,8459.84644,23037.65374,17.881921703485986,,,3093.8,55144.229558,-337.2561399999977,17.113464125214936,-0.8660254037844387,123.89
2026-06-05 16:30:00+00:00,2026-06-05 18:30:00+02:00,2026-06-05,18,30,2,4,6,-11.599999999999994,149.41,0.6200000000000045,2.2416666666666694,3.3299999999999983,,838.7462889058309,,-303.69662142857254,0.49999999999999994,255.47317000000476,,14.985061414902777,7367.37813,22877.22339,17.14669744683678,,,3126.94,55415.058903,-413.2649600000004,14.985061414902777,-0.8660254037844387,137.81
2026-06-05 16:45:00+00:00,2026-06-05 18:45:00+02:00,2026-06-05,18,45,3,4,6,-9.25,168.4,-5.805000000000007,1.9041666666666697,-4.400000000000006,,803.0270046966347,,-303.2260914285707,0.49999999999999994,74.98178000000189,,19.477989830336618,6337.63515,22718.74771,19.038151921114054,,,3166.33,55300.205725,-493.84619999999995,19.477989830336618,-0.8660254037844387,159.15
2026-06-05 17:00:00+00:00,2026-06-05 19:00:00+02:00,2026-06-05,19,0,0,4,6,-2.8700000000000045,133.65,-5.344999999999999,-12.526666666666664,-9.25,,804.7528244686754,,-298.4608178571429,0.49999999999999994,-91.1147400000009,,19.67157233341649,5342.31022,22554.31698,28.920139300198024,,,3203.91,55472.115056,-460.2855100000015,19.67157233341649,-0.8660254037844387,130.78
2026-06-05 17:15:00+00:00,2026-06-05 19:15:00+02:00,2026-06-05,19,15,1,4,6,1.9899999999999807,144.3,-5.390000000000001,-8.77083333333333,0.0,,843.2860018774808,,-326.8008100000001,0.49999999999999994,-139.7449799999995,,22.390429585808484,4382.00252,22426.11491,35.95430453069119,,,3217.86,55778.928603,-311.64501999999993,22.390429585808484,-0.8660254037844387,146.29
2026-06-05 17:30:00+00:00,2026-06-05 19:30:00+02:00,2026-06-05,19,30,2,4,6,0.9399999999999977,158.07,-6.795000000000002,-3.3008333333333355,1.8599999999999994,,884.8610695121838,,-346.69981000000007,0.49999999999999994,-192.38594000000012,,26.885782072416763,3457.60655,22303.52376,38.261618652440006,,,3216.71,55496.29171,-292.827870000001,26.885782072416763,-0.8660254037844387,159.01
2026-06-05 17:45:00+00:00,2026-06-05 19:45:00+02:00,2026-06-05,19,45,3,4,6,1.5300000000000011,172.54,-12.290000000000006,0.7658333333333296,3.0,,932.8255553621476,,-366.9098292857122,0.49999999999999994,-231.50572000000102,,50.74650079812334,2619.91442,22180.08542,54.41739869703773,,,3190.43,54689.104094,-580.2411199999915,50.74650079812334,-0.8660254037844387,174.07
2026-06-05 18:00:00+00:00,2026-06-05 20:00:00+02:00,2026-06-05,20,0,0,4,6,1.450000000000017,164.88,-4.885000000000005,-7.397500000000009,0.0,,968.9998427618793,,-387.53570642857164,0.49999999999999994,-261.08208000000013,,40.92687530327663,1896.79079,22073.02748,59.322877503018034,,,3176.04,54174.400734,-740.8486600000033,40.92687530327663,-0.8660254037844387,166.33
2026-06-05 18:15:00+00:00,2026-06-05 20:15:00+02:00,2026-06-05,20,15,1,4,6,-22.819999999999993,197.6,-5.939999999999998,-4.413333333333331,7.220000000000013,,948.4842076603993,,-408.21717928571445,0.49999999999999994,-153.93246999999974,,49.53133486723482,1311.55839,21978.81923,74.41744326369154,,,3278.48,53464.752333,-820.8472600000023,49.53133486723482,-0.8660254037844387,174.78
2026-06-05 18:30:00+00:00,2026-06-05 20:30:00+02:00,2026-06-05,20,30,2,4,6,-0.020000000000010232,189.02,-4.069999999999993,-2.34083333333333,4.549999999999997,,930.3624675059831,,-427.9760221428566,0.49999999999999994,-41.97849000000133,,75.8835448837692,846.45157,21892.72041,90.39027397110455,,,3379.49,52980.208698,-775.7566299999962,75.8835448837692,-0.8660254037844387,189.0
2026-06-05 18:45:00+00:00,2026-06-05 20:45:00+02:00,2026-06-05,20,45,3,4,6,0.9900000000000091,190.01,-21.379999999999995,-13.88833333333333,-0.6700000000000017,,906.1600390300819,,-453.2759821428582,0.49999999999999994,83.10601999999926,,69.50802202570537,496.59294,21828.41504,112.03378797317797,,,3488.81,52218.968491,-731.5436400000035,69.50802202570537,-0.8660254037844387,191.0
2026-06-05 19:00:00+00:00,2026-06-05 21:00:00+02:00,2026-06-05,21,0,0,4,6,-2.0,194.72,-6.189999999999998,7.103333333333335,1.9899999999999949,,862.3827379493797,,-445.7098464285721,0.49999999999999994,200.1151600000012,,45.090862263390704,245.54111,21855.29056,63.09283866237268,,,3657.33,51499.915827,-656.2445799999987,45.090862263390704,-0.8660254037844387,192.72
2026-06-05 19:15:00+00:00,2026-06-05 21:15:00+02:00,2026-06-05,21,15,1,4,6,-3.319999999999993,192.47,-11.514999999999986,-6.357499999999997,-0.4899999999999949,,819.8289311431616,,-408.1050564285703,0.49999999999999994,259.02254999999786,,52.07275964161189,104.00093,21981.65123,88.84534894169443,,,4063.0,50865.997878,-561.751400000001,52.07275964161189,-0.8660254037844387,189.15
2026-06-05 19:30:00+00:00,2026-06-05 21:30:00+02:00,2026-06-05,21,30,2,4,6,-30.689999999999998,214.98,-5.860000000000014,-5.525000000000009,1.75,,779.8755380158385,,-367.97290714285634,0.49999999999999994,304.4717700000001,,48.69671772779274,44.87312,22101.171,54.24832646091041,,,4437.6,50315.88531,-457.7416799999992,48.69671772779274,-0.8660254037844387,184.29
2026-06-05 19:45:00+00:00,2026-06-05 21:45:00+02:00,2026-06-05,21,45,3,4,6,-4.969999999999999,180.34,-8.965000000000003,-19.4425,8.719999999999999,,748.0706448876907,,-331.507513571429,0.49999999999999994,350.0328300000001,,52.84884549579189,22.56113,22210.16609,98.71896170442642,,,4796.07,49719.274775,-363.5520200000028,52.84884549579189,-0.8660254037844387,175.37
2026-06-05 20:00:00+00:00,2026-06-05 22:00:00+02:00,2026-06-05,22,0,0,4,6,-7.319999999999993,185.0,-0.42500000000000426,7.365833333333334,1.8599999999999994,,709.5997162469818,,-284.9073950000002,0.49999999999999994,395.24766000000454,,26.827063516247172,0.0,21905.98479,37.69090777059437,,,5107.45,48992.42697,-395.24766000000454,26.827063516247172,-0.8660254037844387,177.68
2026-06-05 20:15:00+00:00,2026-06-05 22:15:00+02:00,2026-06-05,22,15,1,4,6,0.06999999999999318,170.99,-0.990000000000002,-1.0475,6.319999999999993,,731.3619698835121,,-248.3883000000013,0.49999999999999994,371.859040000003,,28.207686058551694,,22096.15733,44.80091623212735,,,5357.97,48240.334417,-232.67573999999877,28.207686058551694,-0.8660254037844387,171.06
2026-06-05 20:30:00+00:00,2026-06-05 22:30:00+02:00,2026-06-05,22,30,2,4,6,2.890000000000015,161.35,-0.9799999999999969,-1.344999999999997,5.010000000000005,,750.6413855355833,,-210.61398642857162,0.49999999999999994,342.67433000000165,,18.186238601506634,,22296.7758,27.3468211785467,,,5604.93,47567.185285,-213.08956000000035,18.186238601506634,-0.8660254037844387,164.24
2026-06-05 20:45:00+00:00,2026-06-05 22:45:00+02:00,2026-06-05,22,45,3,4,6,-3.6599999999999966,158.73,-0.7650000000000148,-10.000000000000002,8.379999999999995,,783.3206662444386,,-177.57766285714413,0.49999999999999994,295.50944000000163,,25.771777763680756,,22504.43179,46.61484910565337,,,5837.21,46962.20338,-232.50854000000254,25.771777763680756,-0.8660254037844387,155.07
2026-06-05 21:00:00+00:00,2026-06-05 23:00:00+02:00,2026-06-05,23,0,0,4,6,6.430000000000007,157.39,1.2800000000000011,3.4075000000000024,5.760000000000005,,833.9067129995233,,-148.35532500000122,0.49999999999999994,231.96767000000182,,17.44259007558656,,22701.74759,24.204186768880568,,,6007.31,46391.149688,-231.96767000000182,17.44259007558656,-0.8660254037844387,163.82
2026-06-05 21:15:00+00:00,2026-06-05 23:15:00+02:00,2026-06-05,23,15,1,4,6,0.8800000000000239,153.92,-0.07000000000000739,0.6249999999999952,5.939999999999998,,832.4020699030837,,-148.67122071428483,0.49999999999999994,189.60561000000234,,17.029272044018555,,22917.47208,24.389925125326506,,,6085.01,45301.16723,-189.60561000000234,17.029272044018555,-0.8660254037844387,154.8
2026-06-05 21:30:00+00:00,2026-06-05 23:30:00+02:00,2026-06-05,23,30,2,4,6,0.6599999999999966,148.58,-1.7199999999999918,-2.350000000000002,-5.820000000000007,,840.8664576806035,,-146.40160571428584,0.49999999999999994,131.73446999999942,,15.7222237141729,,23129.84443,22.20028935890339,,,6140.81,44725.484838,-131.73446999999942,15.7222237141729,-0.8660254037844387,149.24
2026-06-05 21:45:00+00:00,2026-06-05 23:45:00+02:00,2026-06-05,23,45,3,4,6,0.6799999999999784,141.99,-1.7450000000000045,-4.488333333333336,-3.4099999999999966,,863.1914230403089,,-147.31045499999942,0.49999999999999994,79.85793999999805,,15.197831821133626,,23339.94021,25.91537556116382,,,6216.35,44266.271804,-79.85793999999805,15.197831821133626,-0.8660254037844387,142.67
2026-06-05 22:00:00+00:00,2026-06-06 00:00:00+02:00,2026-06-06,0,0,0,5,6,-10.840000000000003,164.04,-1.3100000000000023,0.5316666666666698,-7.670000000000002,,1893.1325392618678,,-59.66056142857191,0.49999999999999994,-1610.1331899999968,-1.7800000000000011,18.150158376005574,0.0,23580.49546,24.89361822980796,,,6801.11,44859.460277,493.1226000000024,18.150158376005574,-0.8660254037844387,153.2
2026-06-05 22:15:00+00:00,2026-06-06 00:15:00+02:00,2026-06-06,0,15,1,5,6,-4.390000000000015,151.18,-1.4000000000000057,-2.316666666666665,-2.0,,1901.5700624766673,,-104.78518285714252,0.49999999999999994,-1425.4319300000025,-1.4000000000000057,17.496220196488032,,23577.97898,26.479277252401292,,,6834.8,44295.163444,355.30834999999934,17.496220196488032,-0.8660254037844387,146.79
2026-06-05 22:30:00+00:00,2026-06-06 00:30:00+02:00,2026-06-06,0,30,2,5,6,-3.319999999999993,144.01,-1.9300000000000068,-2.424166666666667,-3.8799999999999955,,2019.0037273262199,,-138.2948399999989,0.49999999999999994,-1528.0695000000014,-2.420000000000016,16.59845438077524,,23571.13922,25.668663125816735,,,6828.98,43818.376581,99.25446999999986,16.59845438077524,-0.8660254037844387,140.69
2026-06-05 22:45:00+00:00,2026-06-06 00:45:00+02:00,2026-06-06,0,45,3,5,6,-1.0100000000000193,133.74,-2.1999999999999886,-5.242499999999999,-5.199999999999989,,1814.9234105177518,,-219.3700650000002,0.49999999999999994,-1161.6989900000008,-4.760000000000005,15.635151292916268,,23561.14443,25.15855946364376,,,6806.53,43362.479786,22.89760000000024,15.635151292916268,-0.8660254037844387,132.73
2026-06-05 23:00:00+00:00,2026-06-06 01:00:00+02:00,2026-06-06,1,0,0,5,6,-2.990000000000009,139.9,-2.5,0.5499999999999995,-5.319999999999993,,1693.021995812631,,-259.78324642857194,0.49999999999999994,-787.9912199999962,-2.5,17.15965136360911,,23528.19304,26.914592519230165,,,6855.72,42821.046303,165.60431999999855,17.15965136360911,-0.8660254037844387,136.91
2026-06-05 23:15:00+00:00,2026-06-06 01:15:00+02:00,2026-06-06,1,15,1,5,6,-3.6999999999999886,136.51,-1.789999999999992,-0.9358333333333321,-2.6699999999999875,,1562.06606620145,,-289.0582614285717,0.49999999999999994,-493.2031999999999,-1.279999999999987,15.681440564393192,,23329.50083,24.190264176986517,,,6739.38,42273.554631,440.6646600000022,15.681440564393192,-0.8660254037844387,132.81
2026-06-05 23:30:00+00:00,2026-06-06 01:30:00+02:00,2026-06-06,1,30,2,5,6,-4.100000000000023,134.8,-0.1600000000000108,-0.6191666666666649,1.2999999999999972,,1495.7669995487383,,-264.86922142857213,0.49999999999999994,-543.1797499999993,-0.1600000000000108,15.876017931784933,,23125.48357,25.838219568619706,,,6754.05,41899.815302,326.6103000000003,15.876017931784933,-0.8660254037844387,130.7
2026-06-05 23:45:00+00:00,2026-06-06 01:45:00+02:00,2026-06-06,1,45,3,5,6,-17.0,149.0,-2.0,-2.611666666666668,-2.0,,1518.658978162357,,-264.4144585714283,0.49999999999999994,-525.0129699999998,0.5300000000000011,16.480795541876134,,22895.46707,25.70981580197413,,,6794.81,41557.884101,496.74410999999964,16.480795541876134,-0.8660254037844387,132.0
2026-06-06 00:00:00+00:00,2026-06-06 02:00:00+02:00,2026-06-06,2,0,0,5,6,-3.5900000000000034,140.4,-0.5100000000000051,-0.6283333333333362,-0.5100000000000051,,1416.0119084915907,,-265.92260428571404,0.49999999999999994,-367.8460899999991,0.8599999999999994,17.25151072289673,,22595.64291,26.190950000043085,,,6638.92,41295.375468,367.8460899999991,17.25151072289673,-0.8660254037844387,136.81
2026-06-06 00:15:00+00:00,2026-06-06 02:15:00+02:00,2026-06-06,2,15,1,5,6,-2.339999999999975,136.2,-0.3200000000000074,-0.7308333333333389,5.949999999999989,,1412.1664071118598,,-227.46178571428624,0.49999999999999994,40.847630000003846,-0.060000000000002274,16.57724510958489,,22240.54943,26.253555858932597,,,6599.67,41030.337515,-40.847630000003846,16.57724510958489,-0.8660254037844387,133.86
2026-06-06 00:30:00+00:00,2026-06-06 02:30:00+02:00,2026-06-06,2,30,2,5,6,-20.330000000000013,151.02,-3.2099999999999937,-1.5725000000000031,-3.2099999999999937,,1273.6861487047256,,-157.86455642857123,0.49999999999999994,379.61221999999907,-4.579999999999998,15.984692226690266,,21891.39251,25.124048051144054,,,6553.09,40783.291663,-379.61221999999907,15.984692226690266,-0.8660254037844387,130.69
2026-06-06 00:45:00+00:00,2026-06-06 02:45:00+02:00,2026-06-06,2,45,3,5,6,-2.539999999999992,132.54,-5.239999999999995,-2.170833333333332,-5.239999999999995,,1252.3987101347082,,-153.8727907142859,0.49999999999999994,709.3022899999996,-6.8799999999999955,15.028048062586775,,21541.12288,23.04623231266913,,,6578.45,40629.92314,-477.7794599999979,15.028048062586775,-0.8660254037844387,130.0
2026-06-06 01:00:00+00:00,2026-06-06 03:00:00+02:00,2026-06-06,3,0,0,5,6,-7.519999999999996,130.01,-2.8800000000000097,-0.6175000000000029,13.149999999999991,,1277.677658397437,,-191.22361714285657,0.49999999999999994,1108.689409999999,-3.8799999999999955,16.524608248844682,,21188.63004,26.457461995401214,,,6505.65,40563.485523,-338.2318899999991,16.524608248844682,-0.8660254037844387,122.49
2026-06-06 01:15:00+00:00,2026-06-06 03:15:00+02:00,2026-06-06,3,15,1,5,6,-12.079999999999998,132.38,1.0999999999999943,-0.09250000000000262,8.209999999999994,,1342.8513882570146,,-203.00441785714273,0.49999999999999994,1319.221300000001,-4.489999999999995,16.025611677238235,,20766.75831,24.75703122828117,,,6503.79,40484.121527,-408.6936799999967,16.025611677238235,-0.8660254037844387,120.3
2026-06-06 01:30:00+00:00,2026-06-06 03:30:00+02:00,2026-06-06,3,30,2,5,6,-29.960000000000008,147.53,-3.1499999999999915,-1.5925000000000018,-0.29999999999999716,,1245.1640657283033,,-177.20096714285683,0.49999999999999994,1355.0421400000014,-3.9399999999999977,15.165232253815166,,20330.13136,23.71748822322986,,,6503.94,40373.48802,-322.6354399999982,15.165232253815166,-0.8660254037844387,117.57
2026-06-06 01:45:00+00:00,2026-06-06 03:45:00+02:00,2026-06-06,3,45,3,5,6,-9.75,130.07,0.5600000000000023,-0.2350000000000012,12.209999999999994,,1178.3540644825755,,-148.01163142857254,0.49999999999999994,1333.6684300000015,-2.1599999999999966,15.022081013941543,,19882.68997,23.223450381436653,,,6514.79,40299.720684,-350.0242100000032,15.022081013941543,-0.8660254037844387,120.32
2026-06-06 02:00:00+00:00,2026-06-06 04:00:00+02:00,2026-06-06,4,0,0,5,6,4.539999999999992,129.47,-0.5099999999999909,-1.7241666666666655,4.599999999999994,,1088.535748482403,,-162.0368185714277,0.49999999999999994,1447.7573000000011,-0.36999999999999034,15.599262883650406,,19447.05697,24.538134558663103,,,6540.6,40407.782964,-281.8257699999958,15.599262883650406,-0.8660254037844387,134.01
2026-06-06 02:15:00+00:00,2026-06-06 04:15:00+02:00,2026-06-06,4,15,1,5,6,3.670000000000016,132.64,0.6900000000000119,-0.8949999999999999,-0.8100000000000023,,1018.6590821639793,,-200.65340071428494,0.49999999999999994,1306.9832999999999,0.9699999999999989,14.872125768287201,,19082.7178,22.65048396413488,,,6563.58,40346.833509,-223.9025399999955,14.872125768287201,-0.8660254037844387,136.31
2026-06-06 02:30:00+00:00,2026-06-06 04:30:00+02:00,2026-06-06,4,30,2,5,6,2.3400000000000034,134.26,-1.1899999999999977,-0.2991666666666693,-0.010000000000005116,,857.8492230918778,,-192.712491428571,0.49999999999999994,1242.3304300000018,1.6599999999999966,15.228877656694493,0.03,18720.75453,22.938673104814118,,,6458.78,40449.769056,-102.7578399999984,15.228877656694493,-0.8660254037844387,136.6
2026-06-06 02:45:00+00:00,2026-06-06 04:45:00+02:00,2026-06-06,4,45,3,5,6,0.3900000000000148,134.39,-1.0799999999999983,-0.08833333333333293,-3.799999999999997,,801.222669307647,,-241.59588642857074,0.49999999999999994,1339.9153799999985,-1.0799999999999983,14.098796502917919,8.19525,18363.01578,21.605612476303357,,,6409.4,40473.262932,-70.62234999999782,14.098796502917919,-0.8660254037844387,134.78
2026-06-06 03:00:00+00:00,2026-06-06 05:00:00+02:00,2026-06-06,5,0,0,5,6,-4.109999999999985,136.7,-1.3599999999999994,-2.933333333333335,2.25,,887.8752128018907,,-270.1933849999984,0.49999999999999994,1496.4487999999983,-1.3599999999999994,14.774476597502808,56.5394,18012.10527,24.364721764605957,,,6355.87,40733.815725,-19.74648000000161,14.774476597502808,-0.8660254037844387,132.59
2026-06-06 03:15:00+00:00,2026-06-06 05:15:00+02:00,2026-06-06,5,15,1,5,6,0.36999999999999034,127.2,-0.030000000000001137,-2.1350000000000016,-0.030000000000001137,,982.3019200923695,,-341.7733114285716,0.49999999999999994,1673.0492000000013,0.030000000000001137,15.257776991756089,201.41759,17690.13781,22.67195467028421,,,6273.98,40539.419264,9.041949999998906,15.257776991756089,-0.8660254037844387,127.57
2026-06-06 03:30:00+00:00,2026-06-06 05:30:00+02:00,2026-06-06,5,30,2,5,6,-7.990000000000009,132.43,-0.2599999999999909,-0.27666666666666445,4.789999999999992,,907.4666429320185,,-397.229291428572,0.49999999999999994,1606.643850000004,1.5999999999999943,16.042652288830443,442.03046,17383.79969,22.155251984037154,,,6259.82,40688.079252,-38.37317999999868,16.042652288830443,-0.8660254037844387,124.44
2026-06-06 03:45:00+00:00,2026-06-06 05:45:00+02:00,2026-06-06,5,45,3,5,6,-15.099999999999994,132.1,0.45999999999999375,0.7708333333333339,0.45999999999999375,,868.5927646520599,,-485.86394499999994,0.49999999999999994,1530.2681600000033,4.689999999999998,17.320752588675326,847.50161,17077.69143,22.965648882002533,,,6234.42,41798.99138,-120.56547999999748,17.320752588675326,-0.8660254037844387,117.0
2026-06-06 04:00:00+00:00,2026-06-06 06:00:00+02:00,2026-06-06,6,0,0,5,6,-20.99000000000001,139.8,1.0999999999999943,-4.135833333333338,3.530000000000001,,1091.643250513766,,-561.8912150000007,0.49999999999999994,1539.0733200000032,1.1599999999999966,17.56426492948815,1441.76279,17073.71328,24.99190125963712,,,6255.05,42957.790141,127.29965000000084,17.56426492948815,-0.8660254037844387,118.81
2026-06-06 04:15:00+00:00,2026-06-06 06:15:00+02:00,2026-06-06,6,15,1,5,6,-18.540000000000006,133.8,-1.7600000000000051,-3.6891666666666674,1.4300000000000068,,929.3686542522117,,-448.78657142857134,0.49999999999999994,1166.2973599999968,-1.7600000000000051,18.53234328462173,2236.62548,16722.34547,26.95684787988156,,,6242.06,41903.195735,115.8715499999962,18.53234328462173,-0.8660254037844387,115.26
2026-06-06 04:30:00+00:00,2026-06-06 06:30:00+02:00,2026-06-06,6,30,2,5,6,-17.22,130.32,0.09000000000000341,-0.6524999999999963,-1.3700000000000045,,886.8992525838886,,-420.9313250000001,0.49999999999999994,1086.8632199999956,-1.8799999999999955,19.903719335497357,3193.45559,16375.88231,25.074496149332564,,,6248.59,42392.713909,-13.207590000001801,19.903719335497357,-0.8660254037844387,113.1
2026-06-06 04:45:00+00:00,2026-06-06 06:45:00+02:00,2026-06-06,6,45,3,5,6,2.3900000000000006,108.25,-0.9000000000000057,-3.622500000000001,-0.9000000000000057,,818.9630621684055,,-434.97080142857055,0.49999999999999994,1130.2011500000008,-1.1400000000000006,20.09445000570426,4282.97093,16035.50216,23.66744136894443,,,6245.01,43107.796582,156.9007399999973,20.09445000570426,-0.8660254037844387,110.64
2026-06-06 05:00:00+00:00,2026-06-06 07:00:00+02:00,2026-06-06,7,0,0,5,6,-2.7900000000000063,122.79,-2.1899999999999977,2.444166666666669,3.480000000000004,,763.5482207494867,,-376.5398028571427,0.49999999999999994,959.1247900000017,-3.299999999999997,22.307287109844374,5510.36437,15714.5829,27.471900102433846,,,6264.15,43834.170407,203.96515999999974,22.307287109844374,-0.8660254037844387,120.0
2026-06-06 05:15:00+00:00,2026-06-06 07:15:00+02:00,2026-06-06,7,15,1,5,6,-17.939999999999998,122.12,-2.480000000000018,0.6925000000000038,-7.049999999999997,,748.8337013333315,,-243.72773428571494,0.49999999999999994,888.8423399999992,1.9000000000000057,22.665524863281323,6883.99728,15565.1651,26.497735392904584,,,6272.19,44572.217631,242.7427699999971,22.665524863281323,-0.8660254037844387,104.18
2026-06-06 05:30:00+00:00,2026-06-06 07:30:00+02:00,2026-06-06,7,30,2,5,6,-20.14,113.56,1.5800000000000125,-0.7308333333333342,3.8700000000000045,,650.8592229964456,,-173.7250714285718,0.49999999999999994,637.1038399999998,-1.0799999999999983,25.70690510040487,8378.37379,15409.17842,29.5454935730677,,,6412.0,45530.263901,192.89751999999862,25.70690510040487,-0.8660254037844387,93.42
2026-06-06 05:45:00+00:00,2026-06-06 07:45:00+02:00,2026-06-06,7,45,3,5,6,3.1899999999999977,76.8,0.8400000000000034,-4.325833333333332,-0.1799999999999926,,511.5631895148771,,-100.10017857142832,0.49999999999999994,467.16395999999804,0.8400000000000034,25.74746069567057,9971.1725,15222.3239,24.87154244934418,,,6398.11,46391.747072,330.14076000000205,25.74746069567057,-0.8660254037844387,79.99
2026-06-06 06:00:00+00:00,2026-06-06 08:00:00+02:00,2026-06-06,8,0,0,5,6,-10.579999999999998,105.97,-0.6899999999999977,7.609166666666664,2.1299999999999955,,537.9214490857618,,-5.8182535714284835,0.49999999999999994,315.69158999999854,2.1500000000000057,31.767402155080056,11668.356,15072.81623,26.168219092558598,,,6362.81,46825.083551,573.5301499999987,31.767402155080056,-0.8660254037844387,95.39
2026-06-06 06:15:00+00:00,2026-06-06 08:15:00+02:00,2026-06-06,8,15,1,5,6,-16.60000000000001,103.4,6.340000000000003,5.238333333333338,0.8599999999999994,,503.15913717033504,,52.41540214285721,0.49999999999999994,183.38391000000047,9.180000000000007,28.448280352712384,13463.29012,15043.23875,32.85032825812562,,,6374.23,47649.993049,548.6597500000025,28.448280352712384,-0.8660254037844387,86.8
2026-06-06 06:30:00+00:00,2026-06-06 08:30:00+02:00,2026-06-06,8,30,2,5,6,-12.539999999999992,84.6,5.319999999999993,0.28916666666666124,0.9899999999999949,,522.730640320267,,107.64913857142685,0.49999999999999994,44.565520000003744,15.429999999999993,31.84226759028123,15302.60789,15041.99257,33.28927140200201,,,6376.88,48397.206554,557.6659700000018,31.84226759028123,-0.8660254037844387,72.06
2026-06-06 06:45:00+00:00,2026-06-06 08:45:00+02:00,2026-06-06,8,45,3,5,6,-24.290000000000006,78.12,3.0500000000000114,-7.000833333333328,9.540000000000006,,476.261211268623,,147.56405285714132,0.49999999999999994,-60.170539999999164,4.959999999999994,33.58882071833916,17181.76172,15051.76503,31.312237148406748,,,6370.61,49140.0832,472.8125499999951,33.58882071833916,-0.8660254037844387,53.83
2026-06-06 07:00:00+00:00,2026-06-06 09:00:00+02:00,2026-06-06,9,0,0,5,6,-3.9399999999999977,69.14,0.5300000000000011,9.566666666666663,0.5300000000000011,,479.31674924299375,,144.48350250000112,0.49999999999999994,-96.93209999999817,-1.0100000000000051,44.21340303351713,19022.78245,15039.15397,38.91886768528597,,,6396.25,49015.187584,294.72520000000077,44.21340303351713,-0.8660254037844387,65.2
2026-06-06 07:15:00+00:00,2026-06-06 09:15:00+02:00,2026-06-06,9,15,1,5,6,-27.189999999999998,72.0,5.530000000000001,7.2150000000000025,5.530000000000001,,431.5135125449243,,152.3715545714292,0.49999999999999994,-50.87749999999869,-10.14,40.500423728920836,20850.00914,14749.82472,42.675791509384254,,,6383.05,49513.32372,168.8122000000003,40.500423728920836,-0.8660254037844387,44.81
2026-06-06 07:30:00+00:00,2026-06-06 09:30:00+02:00,2026-06-06,9,30,2,5,6,-17.6,56.9,4.319999999999993,3.078333333333333,4.959999999999994,,385.43540588289926,,172.8293177142867,0.49999999999999994,-2.667220000002999,6.989999999999998,42.45974663130548,22666.84378,14463.22105,44.91561495367428,,,6379.73,50173.552853,171.7517799999987,42.45974663130548,-0.8660254037844387,39.3
2026-06-06 07:45:00+00:00,2026-06-06 09:45:00+02:00,2026-06-06,9,45,3,5,6,-18.460000000000004,40.7,2.030000000000001,-5.334166666666667,1.7999999999999972,,306.68809995656846,,172.63380185714257,0.49999999999999994,90.41772000000128,-1.7100000000000009,43.49525213400863,24390.69034,14174.60874,42.50334883164882,,,6372.03,50753.41244,245.32875000000058,43.49525213400863,-0.8660254037844387,22.24
2026-06-06 08:00:00+00:00,2026-06-06 10:00:00+02:00,2026-06-06,10,0,0,5,6,12.709999999999999,15.01,3.1999999999999993,6.5774999999999935,11.650000000000006,,372.34140274840934,,12.019582142856962,0.49999999999999994,158.343710000001,3.1999999999999993,43.31740737257331,26000.11186,13889.10911,45.73437745233119,,,6531.27,50626.714497,57.31005000000005,43.31740737257331,-0.8660254037844387,27.72
2026-06-06 08:15:00+00:00,2026-06-06 10:15:00+02:00,2026-06-06,10,15,1,5,6,-1.9499999999999993,18.43,4.75,4.789999999999998,20.89,,310.69927760969847,,-22.857984571427682,0.49999999999999994,276.0135200000004,11.86,44.015201684929686,27519.88935,13634.58165,49.59131639616622,,,6457.46,50988.29697,57.15548999999737,44.015201684929686,-0.8660254037844387,16.48
2026-06-06 08:30:00+00:00,2026-06-06 10:30:00+02:00,2026-06-06,10,30,2,5,6,-17.72,25.0,0.46000000000000796,0.6774999999999961,0.46000000000000796,,278.3867212679465,,-87.56768314285675,0.49999999999999994,398.5410800000027,-2.0599999999999996,42.00436126890257,28878.9804,13384.82577,44.8785289101898,,,6385.96,51228.819215,-1.750129999993078,42.00436126890257,-0.8660254037844387,7.28
2026-06-06 08:45:00+00:00,2026-06-06 10:45:00+02:00,2026-06-06,10,45,3,5,6,-26.03,20.0,2.5,-0.3808333333333323,1.8299999999999983,,246.02052703831023,,-52.02433999999994,0.49999999999999994,522.0399599999982,6.7,43.64880948939179,30074.97995,13135.50179,47.62175918232069,,,6200.85,51382.93621,103.76193000000058,43.64880948939179,-0.8660254037844387,-6.03
2026-06-06 09:00:00+00:00,2026-06-06 11:00:00+02:00,2026-06-06,11,0,0,5,6,-4.569999999999999,5.01,-0.8499999999999996,3.8316666666666683,0.0,,255.61864812063268,,-78.14684071428564,0.49999999999999994,673.0362499999992,-1.21,43.89705005545837,31162.73669,12864.71233,46.23540706716773,,,6122.76,51222.459493,123.80795999999827,43.89705005545837,-0.8660254037844387,0.44
2026-06-06 09:15:00+00:00,2026-06-06 11:15:00+02:00,2026-06-06,11,15,1,5,6,-5.51,5.26,-0.5999999999999996,5.899166666666663,32.48,,297.1717673719969,,-65.86152000000116,0.49999999999999994,722.3026100000006,-2.59,52.564944864152366,32138.92691,12586.91735,43.2154415744676,,,6062.53,51042.447374,51.639179999998305,52.564944864152366,-0.8660254037844387,-0.25
2026-06-06 09:30:00+00:00,2026-06-06 11:30:00+02:00,2026-06-06,11,30,2,5,6,-1.97,0.01,3.039999999999992,7.052499999999996,24.180000000000007,,334.99415278309647,,-33.899130714285484,0.49999999999999994,817.6956099999989,1.01,38.454599101582644,33025.11572,12315.16381,36.874014659958895,,,5976.36,50716.52539,13.235389999994368,38.454599101582644,-0.8660254037844387,-1.96
2026-06-06 09:45:00+00:00,2026-06-06 11:45:00+02:00,2026-06-06,11,45,3,5,6,-7.32,0.0,7.14,7.217499999999995,26.04,,377.71423947001784,,6.01431357142792,0.49999999999999994,880.6949100000002,7.14,46.00321979184554,33847.32676,12015.00521,37.563182645726684,,,5885.4,50806.452586,118.81759000000602,46.00321979184554,-0.8660254037844387,-7.32
2026-06-06 10:00:00+00:00,2026-06-06 12:00:00+02:00,2026-06-06,12,0,0,5,6,15.770000000000001,-17.87,-0.1299999999999999,7.135000000000001,24.6,,440.57737236863835,,27.157949285713716,0.49999999999999994,1022.9749899999988,-4.3,39.24756116171886,34623.35855,11758.70088,38.994996138088304,,,5797.21,50193.202029,253.25394000000233,39.24756116171886,-0.8660254037844387,-2.1
2026-06-06 10:15:00+00:00,2026-06-06 12:15:00+02:00,2026-06-06,12,15,1,5,6,5.949999999999999,-6.1,6.450000000000003,6.161666666666668,7.1299999999999955,,445.8658236542379,,50.188306428572105,0.49999999999999994,1000.6547799999989,4.61,39.28513915211533,35329.18472,11540.59612,40.52790890238489,,,5700.24,49897.554227,251.91955000000598,39.28513915211533,-0.8660254037844387,-0.15
2026-06-06 10:30:00+00:00,2026-06-06 12:30:00+02:00,2026-06-06,12,30,2,5,6,20.689999999999998,-21.15,6.960000000000001,3.0375000000000045,6.960000000000001,,390.4597036993988,,97.26936285714275,0.49999999999999994,986.9826800000028,7.33,40.775147497454306,35975.57225,11320.13424,39.94432393076314,,,5373.42,49895.141271,432.4822200000053,40.775147497454306,-0.8660254037844387,-0.46
2026-06-06 10:45:00+00:00,2026-06-06 12:45:00+02:00,2026-06-06,12,45,3,5,6,4.07,-6.17,10.17,6.874999999999997,16.08,,415.2291080027096,,130.15773357142982,0.49999999999999994,996.7901500000007,10.17,39.54109246074773,36459.70396,11103.55295,39.09104415762465,,,5291.91,49782.144044,330.24406000000454,39.54109246074773,-0.8660254037844387,-2.1
2026-06-06 11:00:00+00:00,2026-06-06 13:00:00+02:00,2026-06-06,13,0,0,5,6,-0.01,-0.01,5.8999999999999915,6.390833333333334,18.490000000000002,,434.62430049548686,,167.88842642857136,0.49999999999999994,986.631519999999,6.6,41.83100235553358,36803.78192,10883.59001,40.413300969334195,,,5210.81,49197.457655,190.97873999999138,41.83100235553358,-0.8660254037844387,-0.02
2026-06-06 11:15:00+00:00,2026-06-06 13:15:00+02:00,2026-06-06,13,15,1,5,6,-2.0,-0.02,7.800000000000011,5.440833333333338,18.1,,414.771362581099,,180.32035714285615,0.49999999999999994,901.2388400000018,11.03,45.64818225719603,36988.44718,10708.68811,41.786869947388446,,,5122.77,48872.382276,198.1056599999938,45.64818225719603,-0.8660254037844387,-2.02
2026-06-06 11:30:00+00:00,2026-06-06 13:30:00+02:00,2026-06-06,13,30,2,5,6,-2.26,-0.04,1.44,2.813333333333333,3.8800000000000026,,392.31139712825507,,225.08155214285685,0.49999999999999994,811.1069499999994,1.44,43.81239507153934,37045.2953,10542.77336,38.84363341839666,,,5035.27,48730.804395,333.74517000000196,43.81239507153934,-0.8660254037844387,-2.3
2026-06-06 11:45:00+00:00,2026-06-06 13:45:00+02:00,2026-06-06,13,45,3,5,6,-2.4200000000000004,-0.03,5.399999999999999,7.030000000000004,5.399999999999999,,340.2587343718854,,266.5910700000007,0.49999999999999994,694.0933700000005,2.03,40.818666520451984,37037.30863,10408.94963,32.367622049554704,,,4950.53,48367.16015,478.66653999999835,40.818666520451984,-0.8660254037844387,-2.45
2026-06-06 12:00:00+00:00,2026-06-06 14:00:00+02:00,2026-06-06,14,0,0,5,6,14.7,-14.7,4.17,5.989166666666667,5.030000000000001,,332.2778207734354,,49.83366285714146,0.49999999999999994,400.9971000000023,1.08,60.39974199614693,36966.11921,10311.27883,33.335021552487405,,,4683.84,48065.172418,243.50966999999218,60.39974199614693,-0.8660254037844387,0.0
2026-06-06 12:15:00+00:00,2026-06-06 14:15:00+02:00,2026-06-06,14,15,1,5,6,-4.97,0.0,5.09,3.124166666666665,5.09,,313.83726317137496,,70.26966642856964,0.49999999999999994,282.6613800000014,9.42,42.02925668460437,36804.50826,10191.4279,40.85869540839778,,,4626.55,47822.194051,399.247789999994,42.02925668460437,-0.8660254037844387,-4.97
2026-06-06 12:30:00+00:00,2026-06-06 14:30:00+02:00,2026-06-06,14,30,2,5,6,-1.6,0.03,7.4,7.749166666666665,14.549999999999997,,306.85773890536024,,107.01021571428646,0.49999999999999994,150.8190799999993,7.4,40.759532002638515,36531.9199,10062.50999,36.146239019269125,,,4572.87,47412.982163,528.7565499999982,40.759532002638515,-0.8660254037844387,-1.57
2026-06-06 12:45:00+00:00,2026-06-06 14:45:00+02:00,2026-06-06,14,45,3,5,6,-0.7,0.09,0.2,6.336666666666665,5.609999999999999,,319.2876542573232,,22.24682357142904,0.49999999999999994,22.199910000001182,0.2,39.51251562988822,36133.6172,9915.76476,36.490494391724525,,,4517.11,47206.181698,672.617029999994,39.51251562988822,-0.8660254037844387,-0.61
2026-06-06 13:00:00+00:00,2026-06-06 15:00:00+02:00,2026-06-06,15,0,0,5,6,15.18,-15.75,9.14,0.8041666666666666,13.0,,383.8600094770718,,81.92287428571477,0.49999999999999994,-134.37330999999722,13.41,44.601933813094924,35587.64654,9764.22109,43.974557795768554,,,4464.5,47162.631412,803.7209799999982,44.601933813094924,-0.8660254037844387,-0.57
2026-06-06 13:15:00+00:00,2026-06-06 15:15:00+02:00,2026-06-06,15,15,1,5,6,6.59,-3.46,2.14,0.5083333333333374,5.450000000000003,,415.48552719395803,,73.11458928571405,0.49999999999999994,-242.57354999999916,5.92,47.08280919921789,35010.91731,9601.85196,43.1013702135524,,,4435.55,47056.678266,737.4800299999988,47.08280919921789,-0.8660254037844387,3.13
2026-06-06 13:30:00+00:00,2026-06-06 15:30:00+02:00,2026-06-06,15,30,2,5,6,-1.7399999999999993,8.94,-2.989999999999995,1.0558333333333325,2.1400000000000006,,453.6538221711991,,67.48600285714201,0.49999999999999994,-350.4736600000015,-1.6999999999999997,44.634530673450286,34336.14257,9434.99653,38.88399903498065,,,4408.7,46791.314533,667.110090000002,44.634530673450286,-0.8660254037844387,7.2
2026-06-06 13:45:00+00:00,2026-06-06 15:45:00+02:00,2026-06-06,15,45,3,5,6,-4.650000000000002,20.89,-2.9399999999999977,3.237500000000002,9.100000000000001,,504.67077527743294,,41.929656428571306,0.49999999999999994,-462.49357000000055,-5.01,40.416958269280435,33533.02256,9272.78859,42.87392269922439,,,4382.66,46963.606731,597.4316099999924,40.416958269280435,-0.8660254037844387,16.24
2026-06-06 14:00:00+00:00,2026-06-06 16:00:00+02:00,2026-06-06,16,0,0,5,6,0.3999999999999986,12.21,4.250000000000001,-3.6691666666666674,2.3800000000000026,,531.5781672917366,,3.617952857143661,0.49999999999999994,-527.0354700000025,7.1899999999999995,40.68247115477609,32545.0152,9100.03916,45.044766515947856,,,4373.6,47094.983619,519.2232199999999,40.68247115477609,-0.8660254037844387,12.61
2026-06-06 14:15:00+00:00,2026-06-06 16:15:00+02:00,2026-06-06,16,15,1,5,6,-2.819999999999993,38.16,4.83,1.1116666666666601,2.3100000000000023,,524.3420226530224,,-40.28427928571494,0.49999999999999994,-617.9953200000018,4.4,38.37034455328164,31412.9517,8833.83531,40.745714703102955,,,4388.14,46761.752644,450.4997599999988,38.37034455328164,-0.8660254037844387,35.34
2026-06-06 14:30:00+00:00,2026-06-06 16:30:00+02:00,2026-06-06,16,30,2,5,6,-6.559999999999995,57.41,-0.14999999999999147,4.235000000000009,11.820000000000007,,533.6563276747974,,-82.56411428571664,0.49999999999999994,-702.8894099999998,-2.67,40.77016527706963,30134.50889,8571.3855,38.343773878404654,,,4401.36,46908.15458,358.6220699999976,40.77016527706963,-0.8660254037844387,50.85
2026-06-06 14:45:00+00:00,2026-06-06 16:45:00+02:00,2026-06-06,16,45,3,5,6,-2.1899999999999977,71.39,1.0500000000000114,12.715833333333334,-14.159999999999997,,543.633045188818,,-78.85483214285652,0.49999999999999994,-780.1530199999997,7.0,47.60473447370639,28661.58145,8321.49522,50.0678294678243,,,4397.89,46165.214017,259.4397300000019,47.60473447370639,-0.8660254037844387,69.2
2026-06-06 15:00:00+00:00,2026-06-06 17:00:00+02:00,2026-06-06,17,0,0,5,6,1.2399999999999949,63.72,1.460000000000008,-9.646666666666668,-0.3999999999999915,,616.5525072268767,,-68.08663571428484,0.49999999999999994,-851.9154100000014,3.1799999999999997,38.69010946956924,27009.17138,8060.75542,38.08032244011326,,,4424.1,46702.823038,175.76310999999623,38.69010946956924,-0.8660254037844387,64.96
2026-06-06 15:15:00+00:00,2026-06-06 17:15:00+02:00,2026-06-06,17,15,1,5,6,-2.0600000000000023,82.05,-3.950000000000003,-3.4166666666666665,3.799999999999997,,654.3911093534284,,-109.37354857142886,0.49999999999999994,-791.3755799999999,-1.1599999999999966,35.027253839089674,25190.24798,7689.10506,26.711220756189444,,,4450.87,46515.321313,155.4525700000013,35.027253839089674,-0.8660254037844387,79.99
2026-06-06 15:30:00+00:00,2026-06-06 17:30:00+02:00,2026-06-06,17,30,2,5,6,0.6099999999999994,99.69,-2.930000000000007,3.805833333333331,-1.3100000000000023,,678.5714876001139,,-144.45085428571397,0.49999999999999994,-741.5105299999996,-2.930000000000007,33.28135791484628,23234.98864,7308.52886,19.398500801182777,,,4472.13,46923.825148,118.30767000000196,33.28135791484628,-0.8660254037844387,100.3
2026-06-06 15:45:00+00:00,2026-06-06 17:45:00+02:00,2026-06-06,17,45,3,5,6,-0.25,118.02,-4.909999999999997,8.910833333333334,-2.5900000000000034,,650.1084322067405,,-177.0398021428586,0.49999999999999994,-698.23884,4.109999999999999,32.70585534643306,21183.58274,6937.86912,24.074713369208208,,,4487.28,47300.45161,-56.848320000004605,32.70585534643306,-0.8660254037844387,117.77
2026-06-06 16:00:00+00:00,2026-06-06 18:00:00+02:00,2026-06-06,18,0,0,5,6,-2.989999999999995,110.99,-3.440000000000012,-5.80833333333333,-5.989999999999995,,634.5403937936275,,-228.7559392857147,0.49999999999999994,-612.8088599999992,-0.21999999999999886,27.53147765326905,19052.96862,6528.583,20.61477498346913,,,4518.55,47488.914027,-271.57908999999927,27.53147765326905,-0.8660254037844387,108.0
2026-06-06 16:15:00+00:00,2026-06-06 18:15:00+02:00,2026-06-06,18,15,1,5,6,-1.0999999999999943,116.0,-1.1099999999999994,-4.2374999999999945,-1.1099999999999994,,543.5009358919882,,-238.93558999999965,0.49999999999999994,-549.1327799999999,-5.289999999999992,16.925032754180943,16861.82677,6050.29482,17.983306544843007,,,4665.88,47743.207231,-337.2561399999977,16.925032754180943,-0.8660254037844387,114.9
2026-06-06 16:30:00+00:00,2026-06-06 18:30:00+02:00,2026-06-06,18,30,2,5,6,-7.550000000000011,129.43,0.5700000000000216,1.0266666666666708,-11.599999999999994,,455.6183241151568,,-246.67702142857237,0.49999999999999994,-497.16383999999925,-5.319999999999993,15.351971880133464,14626.22379,5575.59085,17.70769781492747,,,4743.6,47981.957645,-413.2649600000004,15.351971880133464,-0.8660254037844387,121.88
2026-06-06 16:45:00+00:00,2026-06-06 18:45:00+02:00,2026-06-06,18,45,3,5,6,1.259999999999991,127.03,-6.52000000000001,0.13666666666666907,-9.25,,407.9731652034722,,-258.9958749999987,0.49999999999999994,-433.39116000000104,-22.690000000000012,19.81893496302948,12422.27547,5100.87601,19.7237364855742,,,4830.12,48444.769597,-493.84619999999995,19.81893496302948,-0.8660254037844387,128.29
2026-06-06 17:00:00+00:00,2026-06-06 19:00:00+02:00,2026-06-06,19,0,0,5,6,-1.2900000000000063,122.95,-2.8700000000000045,-11.097499999999997,-2.8700000000000045,,400.6200295353918,,-264.91132857142867,0.49999999999999994,-371.16971999999987,-0.3100000000000023,19.526711985186733,10336.16254,4632.19412,29.07259812787229,,,4902.64,49123.555843,-460.2855100000015,19.526711985186733,-0.8660254037844387,121.66
2026-06-06 17:15:00+00:00,2026-06-06 19:15:00+02:00,2026-06-06,19,15,1,5,6,-6.97999999999999,135.01,-4.469999999999999,-7.570833333333329,1.9899999999999807,,437.92546576355227,,-301.7589271428572,0.49999999999999994,-322.8521300000002,-6.310000000000002,22.392676748385462,8385.99675,4212.81992,33.977096137026265,,,4964.07,49138.876199,-311.64501999999993,22.392676748385462,-0.8660254037844387,128.03
2026-06-06 17:30:00+00:00,2026-06-06 19:30:00+02:00,2026-06-06,19,30,2,5,6,-16.5,151.5,-6.349999999999994,-3.0316666666666676,0.9399999999999977,,473.8128388954687,,-328.5324214285717,0.49999999999999994,-275.5964700000004,-12.900000000000006,26.791567140450255,6647.33811,3797.87975,35.68046651147053,,,5024.45,48981.902655,-165.38893000000098,26.791567140450255,-0.8660254037844387,135.0
2026-06-06 17:45:00+00:00,2026-06-06 19:45:00+02:00,2026-06-06,19,45,3,5,6,-4.97999999999999,147.53,-0.5,0.1833333333333312,1.5300000000000011,,501.3654421251096,,-353.40545999999784,0.49999999999999994,-241.86897999999974,-25.25,50.269744625723085,5129.43306,3389.05543,54.37747297058449,,,5090.39,48743.1972,-33.722759999996924,50.269744625723085,-0.8660254037844387,142.55
2026-06-06 18:00:00+00:00,2026-06-06 20:00:00+02:00,2026-06-06,20,0,0,5,6,-10.009999999999991,153.97,-3.8700000000000045,-7.210000000000007,1.450000000000017,,526.6429805587784,,-376.8789064285715,0.49999999999999994,-210.67532999999958,-17.670000000000016,40.76742581773149,3795.23631,2985.20859,57.211766230715945,,,5146.41,48594.781572,-41.3417300000001,40.76742581773149,-0.8660254037844387,143.96
2026-06-06 18:15:00+00:00,2026-06-06 20:15:00+02:00,2026-06-06,20,15,1,5,6,-13.699999999999989,160.0,-8.27000000000001,-6.079999999999996,-22.819999999999993,,559.9334149889405,,-399.9132764285717,0.49999999999999994,-195.07477000000017,0.950000000000017,49.526945937961806,2628.62559,2731.06007,73.16361559968888,,,5202.78,48084.508792,-82.16193999999814,49.526945937961806,-0.8660254037844387,146.3
2026-06-06 18:30:00+00:00,2026-06-06 20:30:00+02:00,2026-06-06,20,30,2,5,6,-3.2299999999999898,156.97,-3.1399999999999864,-2.238333333333331,-0.020000000000010232,,592.9010317369488,,-420.32097642857116,0.49999999999999994,-192.34379999999965,-3.1399999999999864,75.52771599967137,1653.12437,2462.84465,87.19947394992006,,,5248.97,47739.397503,-102.08019000000058,75.52771599967137,-0.8660254037844387,153.74
2026-06-06 18:45:00+00:00,2026-06-06 20:45:00+02:00,2026-06-06,20,45,3,5,6,-15.04000000000002,170.33,-18.28,-13.35666666666666,0.9900000000000091,,627.9090873063474,,-446.9338514285724,0.49999999999999994,-172.2898799999998,-9.560000000000002,69.03436897566127,902.11737,2159.10137,111.7319416750472,,,5296.4,47301.479828,-129.18878000000404,69.03436897566127,-0.8660254037844387,155.29
2026-06-06 19:00:00+00:00,2026-06-06 21:00:00+02:00,2026-06-06,21,0,0,5,6,-18.120000000000005,175.68,-5.349999999999994,6.210833333333334,-2.0,,675.8969512687187,,-440.42334571428677,0.49999999999999994,-173.88619000000017,-7.030000000000001,44.44989276178715,380.38555,1897.96746,62.76539723825691,,,5345.86,46867.637468,-202.76265000000421,44.44989276178715,-0.8660254037844387,157.56
2026-06-06 19:15:00+00:00,2026-06-06 21:15:00+02:00,2026-06-06,21,15,1,5,6,-10.789999999999992,160.39,-10.359999999999985,-6.919166666666662,-3.319999999999993,,725.9134832493938,,-401.90433357142786,0.49999999999999994,-189.02952000000005,3.8000000000000114,51.74286970789719,120.36697,1771.1029,88.81509958495644,,,5392.97,46520.28212,-254.29651000000013,51.74286970789719,-0.8660254037844387,149.6
2026-06-06 19:30:00+00:00,2026-06-06 21:30:00+02:00,2026-06-06,21,30,2,5,6,-1.5800000000000125,145.11,-13.470000000000027,-7.559166666666676,-30.689999999999998,,785.1616542404186,,-361.32004857142783,0.49999999999999994,-209.60105999999973,2.089999999999975,49.048565906255845,41.89459,1676.91635,56.01347784239065,,,5439.15,46163.523698,-300.200710000001,49.048565906255845,-0.8660254037844387,143.53
2026-06-06 19:45:00+00:00,2026-06-06 21:45:00+02:00,2026-06-06,21,45,3,5,6,-13.689999999999998,151.0,-7.180000000000007,-18.8875,-4.969999999999999,,846.2161334716991,,-322.94039500000014,0.49999999999999994,-233.0704999999998,5.230000000000018,52.69990657276125,20.09985,1599.3101,98.63634349033255,,,5489.84,45858.296483,-346.60651000000144,52.69990657276125,-0.8660254037844387,137.31
2026-06-06 20:00:00+00:00,2026-06-06 22:00:00+02:00,2026-06-06,22,0,0,5,6,-10.419999999999987,154.6,-2.710000000000008,6.054166666666668,-7.319999999999993,,864.8541298055746,,-276.35334714285716,0.49999999999999994,-253.6518100000003,8.650000000000006,26.816861263314753,0.0,1526.74447,38.086747788999794,,,5532.7,45354.890497,-280.4658599999966,26.816861263314753,-0.8660254037844387,144.18
2026-06-06 20:15:00+00:00,2026-06-06 22:15:00+02:00,2026-06-06,22,15,1,5,6,-9.569999999999993,145.68,-0.6400000000000006,-0.7308333333333324,0.06999999999999318,,887.5106199916789,,-238.34677428571533,0.49999999999999994,-259.5213000000001,2.219999999999999,28.217457343669956,,1509.7364,45.005292810428166,,,5562.79,44946.020382,-210.7560900000026,28.217457343669956,-0.8660254037844387,136.11
2026-06-06 20:30:00+00:00,2026-06-06 22:30:00+02:00,2026-06-06,22,30,2,5,6,-9.209999999999994,136.92,-0.19999999999998863,-0.7866666666666623,2.890000000000015,,883.402600785316,,-199.97640285714365,0.49999999999999994,-258.9555399999999,3.5,18.3032974593003,,1493.79504,27.809823033288783,,,5596.02,44464.825978,-213.08956000000035,18.3032974593003,-0.8660254037844387,127.71
2026-06-06 20:45:00+00:00,2026-06-06 22:45:00+02:00,2026-06-06,22,45,3,5,6,-14.379999999999995,134.38,-3.6599999999999966,-9.191666666666668,-3.6599999999999966,,872.2369149887716,,-166.16321928571597,0.49999999999999994,-253.37263999999982,2.1299999999999955,25.946639736666473,,1479.73895,46.90890477957276,,,5624.93,43826.496613,-232.50854000000254,25.946639736666473,-0.8660254037844387,120.0
2026-06-06 21:00:00+00:00,2026-06-06 23:00:00+02:00,2026-06-06,23,0,0,5,6,-5.150000000000006,135.6,3.069999999999993,3.8483333333333363,6.430000000000007,,881.5034617549944,,-135.66151071428638,0.49999999999999994,-261.25439000000006,3.069999999999993,17.32989845392226,,1469.71116,25.228860080320278,,,5654.5,43203.403943,-231.96767000000182,17.32989845392226,-0.8660254037844387,130.45
2026-06-06 21:15:00+00:00,2026-06-06 23:15:00+02:00,2026-06-06,23,15,1,5,6,-3.230000000000004,127.64,0.4299999999999784,0.8524999999999968,0.8800000000000239,,914.3044932337152,,-134.7729949999996,0.49999999999999994,-273.71147999999994,0.4299999999999784,17.260362289048036,,1469.28352,25.676268457561108,,,5693.43,42644.947345,-189.60561000000234,17.260362289048036,-0.8660254037844387,124.41
2026-06-06 21:30:00+00:00,2026-06-06 23:30:00+02:00,2026-06-06,23,30,2,5,6,-0.9699999999999989,120.07,-1.4200000000000017,-1.7750000000000028,0.6599999999999966,,947.001324913986,,-131.26137357142866,0.49999999999999994,-287.2432799999999,1.7799999999999727,15.971014701076212,,1468.54177,22.87314124636541,,,5715.48,42096.559328,-131.73446999999942,15.971014701076212,-0.8660254037844387,119.1
2026-06-06 21:45:00+00:00,2026-06-06 23:45:00+02:00,2026-06-06,23,45,3,5,6,-2.280000000000001,114.29,-0.0800000000000125,-3.1141666666666707,0.6799999999999784,,997.5871105784015,,-131.27757285714168,0.49999999999999994,-301.71251000000007,2.5,15.446389498680343,,1466.50736,26.731730833100013,,,5745.43,41528.883193,-79.85793999999805,15.446389498680343,-0.8660254037844387,112.01
2026-06-06 22:00:00+00:00,2026-06-07 00:00:00+02:00,2026-06-07,0,0,0,6,6,-9.920000000000002,120.63,-1.5450000000000017,0.013333333333335418,-10.840000000000003,,1852.9695354788437,,12.926510714285282,0.49999999999999994,-46.741739999999936,-1.3100000000000023,18.761747995074952,0.0,1436.15849,27.727453818158185,,,5961.22,41672.619598,493.1226000000024,18.761747995074952,-0.8660254037844387,110.71
2026-06-06 22:15:00+00:00,2026-06-07 00:15:00+02:00,2026-06-07,0,15,1,6,6,-11.519999999999996,121.7,-1.7000000000000028,-1.7283333333333342,-4.390000000000015,,1868.6673884386194,,-16.107982857142684,0.49999999999999994,-59.94860999999992,0.0,17.957210055835283,,1431.03343,28.31721611619762,,,5992.21,41143.915397,355.30834999999934,17.957210055835283,-0.8660254037844387,110.18
2026-06-06 22:30:00+00:00,2026-06-07 00:30:00+02:00,2026-06-07,0,30,2,6,6,-25.820000000000007,132.68,-2.1750000000000114,-1.7658333333333331,-3.319999999999993,,2017.9263492992975,,-39.29124714285639,0.49999999999999994,-87.56137000000012,0.8100000000000023,16.95807310357613,,1426.76639,27.126022473597047,,,5947.45,40665.47149,99.25446999999986,16.95807310357613,-0.8660254037844387,106.86
2026-06-06 22:45:00+00:00,2026-06-07 00:45:00+02:00,2026-06-07,0,45,3,6,6,-6.340000000000003,109.39,-1.8400000000000034,-4.280000000000001,-1.0100000000000193,,1816.4938599919383,,-117.88069500000036,0.49999999999999994,-36.16143999999986,-2.1999999999999886,15.759643658851187,,1423.3335,25.836649679605355,,,5956.98,40229.220031,36.16143999999622,15.759643658851187,-0.8660254037844387,103.05
2026-06-06 23:00:00+00:00,2026-06-07 01:00:00+02:00,2026-06-07,1,0,0,6,6,-11.600000000000009,114.45,-2.7450000000000045,0.298333333333332,-2.990000000000009,,1665.7160300877556,,-141.16795714285738,0.49999999999999994,-12.376270000000204,1.1099999999999852,17.386812869886864,,1418.4763,27.47754763092102,,,5932.6,39794.373727,165.60431999999855,17.386812869886864,-0.8660254037844387,102.85
2026-06-06 23:15:00+00:00,2026-06-07 01:15:00+02:00,2026-06-07,1,15,1,6,6,-9.259999999999991,108.8,-2.2299999999999898,-1.003333333333331,-3.6999999999999886,,1458.6703866551768,,-160.1766578571434,0.49999999999999994,-14.87413000000015,-3.3500000000000227,15.923298406512718,,1414.45845,25.110270617343144,,,5855.02,39377.128357,440.6646600000022,15.923298406512718,-0.8660254037844387,99.54
2026-06-06 23:30:00+00:00,2026-06-07 01:30:00+02:00,2026-06-07,1,30,2,6,6,-9.019999999999996,104.3,-0.2700000000000031,-0.6083333333333331,-4.100000000000023,,1427.0818539406862,,-145.5292264285724,0.49999999999999994,-17.798970000000054,0.3400000000000034,16.127181891675377,,1415.521,26.874664471881363,,,5859.63,39046.136397,326.6103000000003,16.127181891675377,-0.8660254037844387,95.28
2026-06-06 23:45:00+00:00,2026-06-07 01:45:00+02:00,2026-06-07,1,45,3,6,6,-8.950000000000003,97.31,-3.6700000000000017,-3.5691666666666677,-17.0,,1409.3269402069523,,-142.0918271428571,0.49999999999999994,-47.73694999999998,-0.9500000000000028,17.512711887240812,,1427.03363,29.60438143248409,,,5771.48,38755.359227,496.74410999999964,17.512711887240812,-0.8660254037844387,88.36
2026-06-07 00:00:00+00:00,2026-06-07 02:00:00+02:00,2026-06-07,2,0,0,6,6,-4.260000000000005,99.45,-1.259999999999998,-0.6058333333333366,-3.5900000000000034,,1216.5636211299534,,-139.76607928571477,0.49999999999999994,-81.25825999999984,-2.009999999999991,17.741300394349295,,1439.87737,28.410147164433305,,,5760.07,38511.284731,367.8460899999991,17.741300394349295,-0.8660254037844387,95.19
2026-06-07 00:15:00+00:00,2026-06-07 02:15:00+02:00,2026-06-07,2,15,1,6,6,-6.040000000000006,95.29,-1.095000000000006,-0.6883333333333361,-2.339999999999975,,1025.7142163686747,,-104.42207214285736,0.49999999999999994,-113.11153999999988,-1.8700000000000045,16.937666467679247,,1430.53229,27.935177601351437,,,5792.63,38106.038596,113.11154000000533,16.937666467679247,-0.8660254037844387,89.25
2026-06-07 00:30:00+00:00,2026-06-07 02:30:00+02:00,2026-06-07,2,30,2,6,6,-1.1899999999999977,90.77,-3.894999999999996,-2.9183333333333366,-20.330000000000013,,770.3704153504256,,-42.415253571427975,0.49999999999999994,-153.94110000000023,-2.1500000000000057,17.153794538337397,,1415.29665,29.201369178597943,,,5783.32,37958.07976,153.94110000000364,17.153794538337397,-0.8660254037844387,89.58
2026-06-07 00:45:00+00:00,2026-06-07 02:45:00+02:00,2026-06-07,2,45,3,6,6,-6.109999999999999,86.25,-4.164999999999992,-2.0949999999999975,-2.539999999999992,,653.8723336447681,,-50.39637642857191,0.49999999999999994,-154.99709000000007,2.8100000000000023,15.305183390744721,,1398.55387,23.90122989463474,,,5880.71,37863.373373,154.99708999999712,15.305183390744721,-0.8660254037844387,80.14
2026-06-07 01:00:00+00:00,2026-06-07 03:00:00+02:00,2026-06-07,3,0,0,6,6,-4.820000000000007,91.2,-3.3800000000000026,-1.0050000000000034,-7.519999999999996,,663.6684373299875,,-101.33487928571412,0.49999999999999994,-137.1279300000001,-2.8800000000000097,16.679263759239273,,1376.16992,27.014367077009837,,,5854.68,37852.210531,137.1279299999951,16.679263759239273,-0.8660254037844387,86.38
2026-06-07 01:15:00+00:00,2026-06-07 03:15:00+02:00,2026-06-07,3,15,1,6,6,-13.509999999999991,92.77,-1.6950000000000003,-0.9033333333333363,-12.079999999999998,,721.6102985691541,,-126.10129999999974,0.49999999999999994,-114.21058999999991,3.75,16.28031631974343,,1360.21557,26.063543504289544,,,5842.16,37707.629387,114.21059000000241,16.28031631974343,-0.8660254037844387,79.26
2026-06-07 01:30:00+00:00,2026-06-07 03:30:00+02:00,2026-06-07,3,30,2,6,6,-8.61,86.23,-3.2749999999999986,-3.89416666666667,-29.960000000000008,,720.1984963180857,,-122.25297857142843,0.49999999999999994,-78.76048999999989,-1.0600000000000023,16.198596299986402,,1347.65967,27.77843493825825,,,5761.56,37621.836024,78.76049000000057,16.198596299986402,-0.8660254037844387,77.62
2026-06-07 01:45:00+00:00,2026-06-07 03:45:00+02:00,2026-06-07,3,45,3,6,6,-17.439999999999998,86.19,-0.7999999999999972,-0.8675000000000015,-9.75,,689.6099666260018,,-114.1175864285724,0.49999999999999994,-8.501529999999775,0.5600000000000023,15.198166464705336,,1333.29102,24.346341858783724,,,5650.5,37704.87515,8.501530000001367,15.198166464705336,-0.8660254037844387,68.75
2026-06-07 02:00:00+00:00,2026-06-07 04:00:00+02:00,2026-06-07,4,0,0,6,6,-7.030000000000001,75.03,-0.4399999999999906,-1.1566666666666665,4.539999999999992,,758.9017250242728,,-142.48634357142768,0.49999999999999994,16.500130000000127,-0.5099999999999909,15.733712242377244,,1318.73516,25.356053095295344,,,5558.11,37787.509701,-16.500130000000354,15.733712242377244,-0.8660254037844387,68.0
2026-06-07 02:15:00+00:00,2026-06-07 04:15:00+02:00,2026-06-07,4,15,1,6,6,-21.58,86.21,0.8300000000000054,-0.439999999999998,3.670000000000016,,666.7945568723269,,-192.8898564285703,0.49999999999999994,12.383960000000116,0.6900000000000119,15.103147482856553,,1329.47178,23.993192387683372,,,5451.29,37873.145259,-12.443959999996878,15.103147482856553,-0.8660254037844387,64.63
2026-06-07 02:30:00+00:00,2026-06-07 04:30:00+02:00,2026-06-07,4,30,2,6,6,-3.529999999999994,65.21,-0.6000000000000014,0.0849999999999973,2.3400000000000034,,677.9853466095883,,-195.30771499999952,0.49999999999999994,-20.671429999999873,-1.7000000000000028,15.492901685789262,0.1,1340.83412,24.25733546392763,,,5365.28,37944.481643,19.071430000003602,15.492901685789262,-0.8660254037844387,61.68
2026-06-07 02:45:00+00:00,2026-06-07 04:45:00+02:00,2026-06-07,4,45,3,6,6,-2.5700000000000003,58.0,-1.0449999999999946,-0.10916666666666508,0.3900000000000148,,748.9020567835466,,-247.40262642857047,0.49999999999999994,-19.80115999999998,1.2600000000000051,14.352645549140474,25.09851,1353.46268,22.500497666453942,,,5337.94,38044.529424,24.12916000000405,14.352645549140474,-0.8660254037844387,55.43
2026-06-07 03:00:00+00:00,2026-06-07 05:00:00+02:00,2026-06-07,5,0,0,6,6,-19.240000000000002,60.74,-2.065000000000005,-2.996666666666666,-4.109999999999985,,860.480078459346,,-278.66941142857024,0.49999999999999994,-1.34604000000013,-2.7700000000000102,15.140115058833219,134.12516,1365.05224,25.584576641108576,,,5265.9,38410.321738,24.30322999999771,15.140115058833219,-0.8660254037844387,41.5
2026-06-07 03:15:00+00:00,2026-06-07 05:15:00+02:00,2026-06-07,5,15,1,6,6,-13.969999999999999,47.92,0.0,-2.0133333333333354,0.36999999999999034,,981.2158314341128,,-351.2513507142864,0.49999999999999994,-6.4031300000001465,-3.960000000000008,15.296385310635692,433.24369,1402.37543,22.822941569936937,,,5179.85,38086.003492,9.041949999998906,15.296385310635692,-0.8660254037844387,33.95
2026-06-07 03:30:00+00:00,2026-06-07 05:30:00+02:00,2026-06-07,5,30,2,6,6,-46.96000000000001,75.37,-0.9349999999999952,-0.8283333333333315,-7.990000000000009,,906.6997862991666,,-412.0940428571438,0.49999999999999994,-23.251340000000255,-1.6099999999999994,16.163449634917917,933.42315,1445.64445,23.063767915849795,,,5096.67,37996.000794,-28.35503000000608,16.163449634917917,-0.8660254037844387,28.41
2026-06-07 03:45:00+00:00,2026-06-07 05:45:00+02:00,2026-06-07,5,45,3,6,6,1.7599999999999998,11.28,-0.8800000000000026,-0.4349999999999981,-15.099999999999994,,897.9591168159861,,-490.2302178571429,0.49999999999999994,-73.36550999999963,5.400000000000006,17.394299984698428,1657.59394,1499.12105,23.718126582245574,,,5026.5,39172.352082,-13.983500000002095,17.394299984698428,-0.8660254037844387,13.04
2026-06-07 04:00:00+00:00,2026-06-07 06:00:00+02:00,2026-06-07,6,0,0,6,6,3.8599999999999994,8.55,-0.32500000000000995,-5.515000000000004,-20.99000000000001,,1038.4161642003396,,-558.6640221428578,0.49999999999999994,69.29407999999967,5.900000000000006,17.685497313099795,2619.47474,1548.38356,25.807593659158005,,,4875.81,40291.760094,127.29965000000084,17.685497313099795,-0.8660254037844387,12.41
2026-06-07 04:15:00+00:00,2026-06-07 06:15:00+02:00,2026-06-07,6,15,1,6,6,2.01,5.11,-5.795000000000009,-4.890000000000001,-18.540000000000006,,911.7199282975539,,-468.3572535714284,0.49999999999999994,84.4958200000001,3.6700000000000017,18.532957101925625,3797.45125,1615.32936,26.949686454577297,,,4691.48,39677.477374,115.8715499999962,18.532957101925625,-0.8660254037844387,7.12
2026-06-07 04:30:00+00:00,2026-06-07 06:30:00+02:00,2026-06-07,6,30,2,6,6,-56.65,62.85,-0.6400000000000006,-1.7041666666666622,-17.22,,889.7473426820026,,-457.5915242857144,0.49999999999999994,30.32221000000027,2.9200000000000017,19.90407490650108,5181.59451,1683.36442,25.25467528616356,,,4676.23,40595.603944,-13.207590000001801,19.90407490650108,-0.8660254037844387,6.2
2026-06-07 04:45:00+00:00,2026-06-07 06:45:00+02:00,2026-06-07,6,45,3,6,6,1.0,2.1,-0.8400000000000034,-2.686666666666666,2.3900000000000006,,811.7673508398135,,-464.377859999999,0.49999999999999994,-1.9185099999999693,3.700000000000003,20.380993480154427,6805.5799,1751.62074,24.006088711785942,,,4594.41,40671.369688,156.9007399999973,20.380993480154427,-0.8660254037844387,3.1
2026-06-07 05:00:00+00:00,2026-06-07 07:00:00+02:00,2026-06-07,7,0,0,6,6,0.99,1.84,-2.490000000000002,1.4825000000000017,-2.7900000000000063,,726.7974744051345,,-389.8341978571428,0.49999999999999994,-40.55679000000009,0.5600000000000023,22.092000620181217,8712.05581,1815.68257,27.357901618223398,,,4466.17,41347.556729,203.96515999999974,22.092000620181217,-0.8660254037844387,2.83
2026-06-07 05:15:00+00:00,2026-06-07 07:15:00+02:00,2026-06-07,7,15,1,6,6,0.08,0.01,-4.765000000000008,-1.3491666666666629,-17.939999999999998,,677.7084238083786,,-259.20536714285845,0.49999999999999994,-114.11661999999978,-8.560000000000002,22.571411294028877,10914.03019,1788.5558,25.85781304051259,,,4404.79,42020.394405,242.7427699999971,22.571411294028877,-0.8660254037844387,0.09
2026-06-07 05:30:00+00:00,2026-06-07 07:30:00+02:00,2026-06-07,7,30,2,6,6,-46.900000000000006,44.7,0.2500000000000071,-2.7466666666666675,-20.14,,515.2046711746194,,-208.07084142857198,0.49999999999999994,-186.4625100000003,-3.0999999999999943,25.726048541214517,13321.27443,1750.71566,29.299168198821825,,,4364.21,42749.005389,192.89751999999862,25.726048541214517,-0.8660254037844387,-2.2
2026-06-07 05:45:00+00:00,2026-06-07 07:45:00+02:00,2026-06-07,7,45,3,6,6,-31.15,31.11,1.1350000000000051,-3.453333333333332,3.1899999999999977,,350.3750782644581,,-155.03402714285716,0.49999999999999994,-226.3157100000003,1.4300000000000068,26.522414968610317,15832.39433,1717.40244,27.780388166234673,,,4257.51,43270.536778,330.14076000000205,26.522414968610317,-0.8660254037844387,-0.04
2026-06-07 06:00:00+00:00,2026-06-07 08:00:00+02:00,2026-06-07,8,0,0,6,6,-8.05,11.07,-2.200000000000003,4.534166666666663,-10.579999999999998,,331.5125147368527,,-82.36513285714265,0.49999999999999994,-264.89374,-0.6899999999999977,31.646808359850834,18378.18348,1657.58977,26.681157342641924,,,4150.79,43910.484942,573.5301499999987,31.646808359850834,-0.8660254037844387,3.02
2026-06-07 06:15:00+00:00,2026-06-07 08:15:00+02:00,2026-06-07,8,15,1,6,6,0.04,-0.05,3.6000000000000014,2.7666666666666706,-16.60000000000001,,332.8531181432998,,-42.68579214285715,0.49999999999999994,-278.4553200000005,10.100000000000009,28.41009959727439,20899.47728,1544.06652,31.924852611807864,,,4085.89,44845.302822,548.6597500000025,28.41009959727439,-0.8660254037844387,-0.01
2026-06-07 06:30:00+00:00,2026-06-07 08:30:00+02:00,2026-06-07,8,30,2,6,6,-1.01,0.01,3.154999999999994,-1.463333333333339,-12.539999999999992,,427.07933026704256,,1.3472192857121368,0.49999999999999994,-260.23825000000033,11.590000000000003,31.971910395926436,23335.21059,1439.24279,31.744884852298224,,,4015.58,45627.926111,557.6659700000018,31.971910395926436,-0.8660254037844387,-1.0
2026-06-07 06:45:00+00:00,2026-06-07 08:45:00+02:00,2026-06-07,8,45,3,6,6,-2.3600000000000003,-2.04,2.5200000000000067,-7.872499999999995,-24.290000000000006,,430.85619627240084,,30.45115999999871,0.49999999999999994,-275.30905000000007,20.580000000000005,33.521919471488545,25622.86652,1322.72517,28.84478916381137,,,3958.17,45996.468066,472.8125499999951,33.521919471488545,-0.8660254037844387,-4.4
2026-06-07 07:00:00+00:00,2026-06-07 09:00:00+02:00,2026-06-07,9,0,0,6,6,-1.9999999999999998,-1.3,-0.240000000000002,4.462499999999996,-3.9399999999999977,,461.11649641564577,,9.620783928572044,0.49999999999999994,-273.41572999999994,5.489999999999995,43.98102803313994,27746.12404,1216.40124,39.795643755376,,,3890.72,46198.825579,294.72520000000077,43.98102803313994,-0.8660254037844387,-3.3
2026-06-07 07:15:00+00:00,2026-06-07 09:15:00+02:00,2026-06-07,9,15,1,6,6,-4.609999999999999,-3.4,2.085000000000008,2.547500000000003,-27.189999999999998,,446.19923861744894,,-5.503876142856565,0.49999999999999994,-255.0411499999998,32.59,40.3499604584022,29701.56918,1287.94987,40.960409921684516,,,3821.48,46793.988094,168.8122000000003,40.3499604584022,-0.8660254037844387,-8.01
2026-06-07 07:30:00+00:00,2026-06-07 09:30:00+02:00,2026-06-07,9,30,2,6,6,-1.83,-5.5,3.0899999999999963,2.1141666666666667,-17.6,,432.79605349891614,,-6.257506571428427,0.49999999999999994,-236.50460999999996,30.499999999999996,42.476491280564645,31456.97053,1360.11338,39.645870078556385,,,3752.41,47441.346784,171.7517799999987,42.476491280564645,-0.8660254037844387,-7.33
2026-06-07 07:45:00+00:00,2026-06-07 09:45:00+02:00,2026-06-07,9,45,3,6,6,0.0,-10.0,1.9149999999999991,-3.5550000000000015,-18.460000000000004,,404.6997587122652,,-22.809942428571958,0.49999999999999994,-228.94631000000004,12.530000000000001,43.562379107951585,32959.39834,1430.2443,39.00702799923872,,,3683.2,48027.422551,245.32875000000058,43.562379107951585,-0.8660254037844387,-10.0
2026-06-07 08:00:00+00:00,2026-06-07 10:00:00+02:00,2026-06-07,10,0,0,6,6,-1.6099999999999994,-4.99,4.105000000000002,6.034166666666661,12.709999999999999,,508.8378562127766,,-137.98089357142817,0.49999999999999994,-220.00775999999996,6.140000000000004,43.00165528375442,34237.10558,1509.95915,46.59011299161386,,,3605.4,48576.308553,57.31005000000005,43.00165528375442,-0.8660254037844387,-6.6
2026-06-07 08:15:00+00:00,2026-06-07 10:15:00+02:00,2026-06-07,10,15,1,6,6,-7.5,-1.5,2.8400000000000034,4.270833333333331,-1.9499999999999993,,501.77810360390896,,-191.12783957142787,0.49999999999999994,-241.83101999999963,5.750000000000001,43.695166986628806,35311.82092,1675.95266,46.98296383239455,,,3521.77,48841.443252,57.15548999999737,43.695166986628806,-0.8660254037844387,-9.0
2026-06-07 08:30:00+00:00,2026-06-07 10:30:00+02:00,2026-06-07,10,30,2,6,6,-8.819999999999999,-1.55,-0.14499999999999602,-0.34750000000000386,-17.72,,555.5536323388253,,-260.89043457142753,0.49999999999999994,-313.9866500000003,-0.75,41.596795961459286,36188.48865,1878.71184,41.84576038148487,,,3435.95,48998.162161,-1.750129999993078,41.596795961459286,-0.8660254037844387,-10.37
2026-06-07 08:45:00+00:00,2026-06-07 10:45:00+02:00,2026-06-07,10,45,3,6,6,-1.3199999999999985,-12.71,2.164999999999999,-2.0816666666666657,-26.03,,567.4425598013298,,-214.20893142857156,0.49999999999999994,-381.84351000000015,5.58,43.407189080713785,36915.82781,2085.57724,43.75478743874118,,,3304.98,49284.374422,103.76193000000058,43.407189080713785,-0.8660254037844387,-14.03
2026-06-07 09:00:00+00:00,2026-06-07 11:00:00+02:00,2026-06-07,11,0,0,6,6,-0.2599999999999998,-12.74,-1.0299999999999998,3.4583333333333353,-4.569999999999999,,588.8297896622836,,-232.06837214285719,0.49999999999999994,-357.7786499999993,-4.799999999999999,43.717503321817354,37476.63835,2210.89571,45.71989574208042,,,3203.43,49392.487154,123.80795999999827,43.717503321817354,-0.8660254037844387,-13.0
2026-06-07 09:15:00+00:00,2026-06-07 11:15:00+02:00,2026-06-07,11,15,1,6,6,-9.53,-5.0,-1.1749999999999998,5.129166666666664,-5.51,,615.5493334285219,,-217.39945000000185,0.49999999999999994,-323.83727000000044,-0.5999999999999996,52.455239335361995,37896.60539,2329.43184,42.80189670919729,,,3080.37,49317.25252,51.639179999998305,52.455239335361995,-0.8660254037844387,-14.53
2026-06-07 09:30:00+00:00,2026-06-07 11:30:00+02:00,2026-06-07,11,30,2,6,6,-6.470000000000001,-8.11,2.024999999999996,6.82833333333333,-1.97,,621.4896288860928,,-182.02231857142917,0.49999999999999994,-259.36259999999993,-0.7799999999999998,38.435204679175406,38219.57013,2430.44801,36.8706974245326,,,2977.92,49441.170005,13.235389999994368,38.435204679175406,-0.8660254037844387,-14.58
2026-06-07 09:45:00+00:00,2026-06-07 11:45:00+02:00,2026-06-07,11,45,3,6,6,-1.0299999999999994,-14.57,5.65,6.587499999999996,-7.32,,621.9126473800824,,-134.72453428571575,0.49999999999999994,-192.48187999999982,3.29,45.99207028931479,38467.99178,2525.17615,36.593478797132995,,,2821.45,49312.625671,118.81759000000602,45.99207028931479,-0.8660254037844387,-15.6
2026-06-07 10:00:00+00:00,2026-06-07 12:00:00+02:00,2026-06-07,12,0,0,6,6,2.42,-14.99,2.224999999999999,8.465833333333334,15.770000000000001,,647.2435629653762,,-108.27417428571529,0.49999999999999994,-161.1839299999997,-10.42,39.77945387585633,38583.29096,2667.22316,43.05594345344976,,,2734.46,49279.884215,253.25394000000233,39.77945387585633,-0.8660254037844387,-12.57
2026-06-07 10:15:00+00:00,2026-06-07 12:15:00+02:00,2026-06-07,12,15,1,6,6,0.21999999999999886,-19.0,6.200000000000001,6.673333333333335,5.949999999999999,,634.1604182024145,,-82.7856357142851,0.49999999999999994,-134.83208000000013,-1.8,39.37450881527858,38526.60346,2796.32519,40.77305389358923,,,2670.7,48891.131147,251.91955000000598,39.37450881527858,-0.8660254037844387,-18.78
2026-06-07 10:30:00+00:00,2026-06-07 12:30:00+02:00,2026-06-07,12,30,2,6,6,-4.059999999999999,-15.0,6.974999999999998,4.790833333333338,20.689999999999998,,579.2310221103897,,-34.019052142856836,0.49999999999999994,-122.45115000000033,7.88,41.35642413613685,38425.85246,2942.05764,42.74227877919142,,,2604.78,48943.203023,432.4822200000053,41.35642413613685,-0.8660254037844387,-19.06
2026-06-07 10:45:00+00:00,2026-06-07 12:45:00+02:00,2026-06-07,12,45,3,6,6,-19.110000000000003,-1.74,9.814999999999998,7.026666666666665,4.07,,601.6887392288493,,5.263640000001552,0.49999999999999994,-126.80259999999998,8.190000000000001,39.61799533668175,38231.69213,3102.69579,38.48249100936348,,,2541.6,48805.13181,330.24406000000454,39.61799533668175,-0.8660254037844387,-20.85
2026-06-07 11:00:00+00:00,2026-06-07 13:00:00+02:00,2026-06-07,13,0,0,6,6,-5.640000000000001,-23.36,4.894999999999996,6.188333333333335,-0.01,,621.3930167703489,,47.36189428571431,0.49999999999999994,-119.4349600000005,0.87,41.787474381822996,37935.98678,3258.9099,39.35106509116898,,,2482.37,48320.783987,190.97873999999138,41.787474381822996,-0.8660254037844387,-29.0
2026-06-07 11:15:00+00:00,2026-06-07 13:15:00+02:00,2026-06-07,13,15,1,6,6,-22.090000000000003,-10.01,4.38000000000001,5.088333333333339,-2.0,,596.4991401963175,,69.87136071428488,0.49999999999999994,-120.10153999999966,-0.69,45.61307358508359,37515.28169,3436.14976,40.02107016488705,,,2432.28,48472.768506,198.1056599999938,45.61307358508359,-0.8660254037844387,-32.1
2026-06-07 11:30:00+00:00,2026-06-07 13:30:00+02:00,2026-06-07,13,30,2,6,6,-0.259999999999998,-40.11,0.710000000000002,2.48,-2.26,,558.846748580201,,117.4706285714284,0.49999999999999994,-118.66821999999956,-3.03,43.77514671863452,37027.09558,3604.68291,38.62675916782882,,,2379.29,48135.913947,333.74517000000196,43.77514671863452,-0.8660254037844387,-40.37
2026-06-07 11:45:00+00:00,2026-06-07 13:45:00+02:00,2026-06-07,13,45,3,6,6,0.1599999999999966,-50.25,3.714999999999999,6.6475000000000035,-2.4200000000000004,,500.4065085146162,,163.78336785714367,0.49999999999999994,-134.60889000000043,-3.07,40.78734724443386,36487.55455,3790.33273,32.09625560418982,,,2322.46,47509.337479,478.66653999999835,40.78734724443386,-0.8660254037844387,-50.09
2026-06-07 12:00:00+00:00,2026-06-07 14:00:00+02:00,2026-06-07,14,0,0,6,6,-17.1,-24.78,4.6000000000000005,7.0633333333333335,14.7,,313.52833809061036,,-75.71824571428702,0.49999999999999994,-224.2498599999999,4.17,60.52166862276399,35927.31623,3959.87436,35.48386158993087,,,2299.29,47339.037103,243.50966999999218,60.52166862276399,-0.8660254037844387,-41.88
2026-06-07 12:15:00+00:00,2026-06-07 14:15:00+02:00,2026-06-07,14,15,1,6,6,2.5799999999999983,-45.43,2.5400000000000045,2.6433333333333318,-4.97,,264.74747429634937,,-53.920815714287265,0.49999999999999994,-237.32272000000012,-1.65,41.99900609179289,35260.67564,4125.20513,39.36646094861821,,,2255.28,46738.212691,399.247789999994,41.99900609179289,-0.8660254037844387,-42.85
2026-06-07 12:30:00+00:00,2026-06-07 14:30:00+02:00,2026-06-07,14,30,2,6,6,2.6700000000000017,-44.45,3.1849999999999996,7.4658333333333315,-1.6,,226.21331307336314,,-7.641602142856884,0.49999999999999994,-253.14387999999963,-2.46,40.730554220265475,34589.74273,4293.44493,34.99561720858146,,,2216.36,46690.285984,528.7565499999982,40.730554220265475,-0.8660254037844387,-41.78
2026-06-07 12:45:00+00:00,2026-06-07 14:45:00+02:00,2026-06-07,14,45,3,6,6,7.979999999999997,-45.04,-0.04000000000000056,6.128333333333331,-0.7,,241.01044706750517,,-82.67999928571382,0.49999999999999994,-312.4789600000013,-2.91,39.474168976713884,33653.69441,4492.97299,36.44384434271841,,,2175.54,46340.103343,672.617029999994,39.474168976713884,-0.8660254037844387,-37.06
2026-06-07 13:00:00+00:00,2026-06-07 15:00:00+02:00,2026-06-07,15,0,0,6,6,7.020000000000003,-50.07,10.75,2.465833333333333,15.18,,323.7433398109158,,-6.9906142857144005,0.49999999999999994,-408.8671399999994,9.14,44.952121790179476,32607.93259,4734.84589,44.35183831482995,,,2138.02,46370.061684,803.7209799999982,44.952121790179476,-0.8660254037844387,-43.05
2026-06-07 13:15:00+00:00,2026-06-07 15:15:00+02:00,2026-06-07,15,15,1,6,6,-7.210000000000001,-24.59,3.7749999999999986,1.1175000000000042,6.59,,387.5701834404535,,-3.4292507142854447,0.49999999999999994,-526.2893999999987,-2.9,47.16264563459071,31569.80306,4946.8821,42.699168610173054,,,2086.77,46114.465217,737.4800299999988,47.16264563459071,-0.8660254037844387,-31.8
2026-06-07 13:30:00+00:00,2026-06-07 15:30:00+02:00,2026-06-07,15,30,2,6,6,5.300000000000001,-31.78,-2.364999999999997,0.9699999999999992,-1.7399999999999993,,432.41508829041493,,-3.8044778571436058,0.49999999999999994,-600.1239199999991,-8.9,44.476582904398946,30475.44751,5104.75822,37.7389144871267,,,2034.5,45559.8934,667.110090000002,44.476582904398946,-0.8660254037844387,-26.48
2026-06-07 13:45:00+00:00,2026-06-07 15:45:00+02:00,2026-06-07,15,45,3,6,6,2.580000000000002,-23.87,-3.795,2.785000000000002,-4.650000000000002,,480.78196761713184,,-13.810168571428742,0.49999999999999994,-640.9114500000005,-12.74,39.92278754807185,29290.21241,5218.81012,40.48096278028807,,,1980.37,45316.332998,597.4316099999924,39.92278754807185,-0.8660254037844387,-21.29
2026-06-07 14:00:00+00:00,2026-06-07 16:00:00+02:00,2026-06-07,16,0,0,6,6,5.009999999999998,-28.06,3.3150000000000017,-1.4616666666666678,0.3999999999999986,,498.87683465515516,,-58.356154285713274,0.49999999999999994,-675.81221,11.24,40.86830661019752,27958.69289,5354.36802,41.91152762211268,,,1918.97,45921.16303,519.2232199999999,40.86830661019752,-0.8660254037844387,-23.05
2026-06-07 14:15:00+00:00,2026-06-07 16:15:00+02:00,2026-06-07,16,15,1,6,6,-5.699999999999999,-8.4,4.615,2.509999999999994,-2.819999999999993,,535.6864487331222,,-93.21298285714354,0.49999999999999994,-705.6124299999992,10.899999999999999,38.29003922306279,26596.55168,5419.07054,34.86952913224893,,,1849.46,46059.564397,450.4997599999988,38.29003922306279,-0.8660254037844387,-14.1
2026-06-07 14:30:00+00:00,2026-06-07 16:30:00+02:00,2026-06-07,16,30,2,6,6,2.799999999999999,-12.79,-1.4099999999999957,3.497500000000009,-6.559999999999995,,579.0349796370988,,-132.84985000000233,0.49999999999999994,-739.8231399999995,-0.13000000000000256,40.39667278325863,25159.06986,5505.1532,29.086119500874922,,,1777.56,45990.90622,358.6220699999976,40.39667278325863,-0.8660254037844387,-9.99
2026-06-07 14:45:00+00:00,2026-06-07 16:45:00+02:00,2026-06-07,16,45,3,6,6,-20.200000000000003,16.1,0.44000000000000483,10.129166666666665,-2.1899999999999977,,611.38278451118,,-127.70943142857037,0.49999999999999994,-777.8855899999999,44.739999999999995,47.047077552350174,23573.38659,5588.78063,41.35770216745018,,,1700.04,46162.558846,259.4397300000019,47.047077552350174,-0.8660254037844387,-4.1
2026-06-07 15:00:00+00:00,2026-06-07 17:00:00+02:00,2026-06-07,17,0,0,6,6,10.34,-14.7,1.3500000000000014,-7.442500000000002,1.2399999999999949,,693.164889994715,,-123.80323142857067,0.49999999999999994,-796.1676199999993,1.460000000000008,38.267419168808935,21882.21566,5676.01575,28.0124561579332,,,1622.97,47014.417763,175.76310999999623,38.267419168808935,-0.8660254037844387,-4.36
2026-06-07 15:15:00+00:00,2026-06-07 17:15:00+02:00,2026-06-07,17,15,1,6,6,-1.02,-1.0,-3.0050000000000026,-3.6008333333333327,-2.0600000000000023,,748.5309303101845,,-166.77884214285743,0.49999999999999994,-772.2755999999999,-4.969999999999999,34.94038442674859,20154.71383,5657.65518,20.599954230189006,,,1524.77,46864.915092,155.4525700000013,34.94038442674859,-0.8660254037844387,-2.02
2026-06-07 15:30:00+00:00,2026-06-07 17:30:00+02:00,2026-06-07,17,30,2,6,6,-18.98,18.89,-2.8950000000000102,2.7674999999999983,0.6099999999999994,,787.0554017690762,,-200.44996071428508,0.49999999999999994,-753.5892700000004,3.5799999999999983,33.26529475174767,18367.99455,5626.36629,17.627982354907115,,,1418.59,46738.130995,118.30767000000196,33.26529475174767,-0.8660254037844387,-0.09
2026-06-07 15:45:00+00:00,2026-06-07 17:45:00+02:00,2026-06-07,17,45,3,6,6,-1.8399999999999999,16.55,-3.75,6.2075000000000005,-0.25,,753.662251091338,,-233.26326285714458,0.49999999999999994,-728.3375699999997,0.5100000000000051,32.52472763002654,16569.99049,5582.56991,19.532361791213706,,,1318.7,47070.046843,-56.848320000004605,32.52472763002654,-0.8660254037844387,14.71
2026-06-07 16:00:00+00:00,2026-06-07 18:00:00+02:00,2026-06-07,18,0,0,6,6,16.27,0.05,-3.2150000000000034,-4.970833333333329,-2.989999999999995,,741.3802920097881,,-280.0167464285717,0.49999999999999994,-705.4375999999993,19.690000000000012,27.297816520235695,14791.99264,5533.88034,18.93821483013629,,,1213.83,47888.667005,-74.6166299999968,27.297816520235695,-0.8660254037844387,16.32
2026-06-07 16:15:00+00:00,2026-06-07 18:15:00+02:00,2026-06-07,18,15,1,6,6,16.82,21.29,-1.1049999999999969,-3.9174999999999947,-1.0999999999999943,,650.3866737738966,,-278.69635999999963,0.49999999999999994,-735.9907999999996,1.980000000000004,16.894884275498264,13055.2403,5467.965,16.349848987218202,,,1120.33,48002.83462,47.88127999999779,16.894884275498264,-0.8660254037844387,38.11
2026-06-07 16:30:00+00:00,2026-06-07 18:30:00+02:00,2026-06-07,18,30,2,6,6,-3.6500000000000057,87.9,-1.7399999999999878,0.1358333333333365,-7.550000000000011,,530.1634179908093,,-273.01725000000107,0.49999999999999994,-767.6628500000006,4.210000000000008,15.231280279140758,11346.49309,5414.51513,16.779034253383447,,,1020.01,48432.986955,131.82511999999406,15.231280279140758,-0.8660254037844387,84.25
2026-06-07 16:45:00+00:00,2026-06-07 18:45:00+02:00,2026-06-07,18,45,3,6,6,-10.969999999999999,115.97,-5.805000000000007,-1.0574999999999986,1.259999999999991,,438.3726600768934,,-271.2816514285699,0.49999999999999994,-797.8156200000012,-0.5900000000000034,19.61764650423411,9701.99098,5368.8104,22.23522387907016,,,928.28,48978.461418,157.6359200000079,19.61764650423411,-0.8660254037844387,105.0
2026-06-07 17:00:00+00:00,2026-06-07 19:00:00+02:00,2026-06-07,19,0,0,6,6,18.89,78.62,-2.155000000000001,-9.992499999999998,-1.2900000000000063,,368.34653261405634,,-265.9001321428576,0.49999999999999994,-821.2391800000005,0.22999999999998977,19.60114113336806,8123.3845,5322.24941,29.29860771923669,,,838.88,49542.179061,184.09947999999713,19.60114113336806,-0.8660254037844387,97.51
2026-06-07 17:15:00+00:00,2026-06-07 19:15:00+02:00,2026-06-07,19,15,1,6,6,1.0999999999999943,107.43,-5.390000000000001,-7.666666666666663,-6.97999999999999,,416.50726868639384,,-288.38718785714235,0.49999999999999994,-935.0660899999993,0.28000000000000114,22.450443046617785,6620.91068,5463.2014,34.12280308644285,,,769.26,49883.724768,168.1079200000022,22.450443046617785,-0.8660254037844387,108.53
2026-06-07 17:30:00+00:00,2026-06-07 19:30:00+02:00,2026-06-07,19,30,2,6,6,-0.2400000000000091,120.23,-6.795000000000002,-4.370833333333334,-16.5,,476.5365130300342,,-301.59736357142873,0.49999999999999994,-1056.2248400000008,-15.080000000000013,26.56138514747235,5240.51032,5614.38514,35.89565930781654,,,699.78,49983.302808,82.0017100000041,26.56138514747235,-0.8660254037844387,119.99
2026-06-07 17:45:00+00:00,2026-06-07 19:45:00+02:00,2026-06-07,19,45,3,6,6,-24.400000000000006,148.12,-2.739999999999995,-1.320833333333334,-4.97999999999999,,542.9734628037911,,-312.8792642857118,0.49999999999999994,-1177.1021499999997,-0.5,50.005871496524776,4010.82899,5772.87989,56.324735959899165,,,630.37,49853.712023,14.245590000005905,50.005871496524776,-0.8660254037844387,123.72
2026-06-07 18:00:00+00:00,2026-06-07 20:00:00+02:00,2026-06-07,20,0,0,6,6,24.459999999999994,99.75,-4.885000000000005,-7.391666666666672,-10.009999999999991,,621.7374604103612,,-322.9954728571426,0.49999999999999994,-1311.8744199999992,-3.8700000000000045,40.6332973293069,2917.16709,5953.69103,57.52546649300717,,,567.24,49787.499258,51.36637000000337,40.6332973293069,-0.8660254037844387,124.21
2026-06-07 18:15:00+00:00,2026-06-07 20:15:00+02:00,2026-06-07,20,15,1,6,6,0.5499999999999972,125.62,-8.665000000000006,-6.848333333333329,-13.699999999999989,,584.4634250582027,,-351.17623285714296,0.49999999999999994,-1186.1967399999994,-3.609999999999985,49.305554044712615,1976.13213,6143.69658,72.87117648223303,,,537.41,49783.09981,-6.349689999995462,49.305554044712615,-0.8660254037844387,126.17
2026-06-07 18:30:00+00:00,2026-06-07 20:30:00+02:00,2026-06-07,20,30,2,6,6,3.469999999999999,129.28,-3.184999999999988,-2.2666666666666644,-3.2299999999999898,,552.8964030678673,,-377.5668342857139,0.49999999999999994,-1065.9108500000002,-5.849999999999994,75.3347822895844,1226.8591,6335.47963,87.73953032101502,,,496.61,49335.030547,-58.4820899999977,75.3347822895844,-0.8660254037844387,132.75
2026-06-07 18:45:00+00:00,2026-06-07 20:45:00+02:00,2026-06-07,20,45,3,6,6,0.6399999999999864,135.06,-16.66000000000001,-14.333333333333329,-15.04000000000002,,529.3406700315327,,-411.4843628571442,0.49999999999999994,-934.3583800000006,-24.47999999999999,68.58388455100686,665.67009,6497.60484,112.30484419013895,,,469.88,48758.767751,-108.5004599999993,68.58388455100686,-0.8660254037844387,135.7
2026-06-07 19:00:00+00:00,2026-06-07 21:00:00+02:00,2026-06-07,21,0,0,6,6,-2.6500000000000057,133.35,-6.189999999999998,3.8391666666666673,-18.120000000000005,,510.71392011870944,,-413.7102150000007,0.49999999999999994,-810.0370000000003,-5.349999999999994,43.80101447811631,288.60652,6687.34631,62.90541838271771,,,443.73,48643.470722,-130.64188999999897,43.80101447811631,-0.8660254037844387,130.7
2026-06-07 19:15:00+00:00,2026-06-07 21:15:00+02:00,2026-06-07,21,15,1,6,6,-1.299999999999983,135.01,-10.574999999999989,-7.961666666666662,-10.789999999999992,,492.67649676650524,,-385.01446285714235,0.49999999999999994,-725.0215099999987,-25.840000000000003,51.42068048442611,98.17517,7026.76998,89.3379624156016,,,439.84,48254.399887,-128.0034799999994,51.42068048442611,-0.8660254037844387,133.71
2026-06-07 19:30:00+00:00,2026-06-07 21:30:00+02:00,2026-06-07,21,30,2,6,6,-5.730000000000018,141.3,-7.52500000000002,-7.196666666666676,-1.5800000000000125,,466.58449938308536,,-354.94599857142777,0.49999999999999994,-627.0274900000004,-16.980000000000018,48.96975727439573,33.52869,7413.0142,57.4733691539373,,,431.94,47833.395756,-140.7552599999981,48.96975727439573,-0.8660254037844387,135.57
2026-06-07 19:45:00+00:00,2026-06-07 21:45:00+02:00,2026-06-07,21,45,3,6,6,2.2700000000000102,135.0,-8.965000000000003,-18.87,-13.689999999999998,,438.22356977412164,,-328.57104357142845,0.49999999999999994,-508.18678999999975,-7.180000000000007,52.575580441210015,16.31052,7820.53179,98.87916926373181,,,422.21,47495.591676,-165.69266999999672,52.575580441210015,-0.8660254037844387,137.27
2026-06-07 20:00:00+00:00,2026-06-07 22:00:00+02:00,2026-06-07,22,0,0,6,6,-3.089999999999975,145.7,-2.8299999999999983,4.383333333333336,-10.419999999999987,,414.91715889534163,,-293.2934278571429,0.49999999999999994,-377.15949999999975,-2.9499999999999886,26.33472958675304,0.838,8199.9575,38.36977623822493,,,421.78,47125.443443,-185.2031500000012,26.33472958675304,-0.8660254037844387,142.61
2026-06-07 20:15:00+00:00,2026-06-07 22:15:00+02:00,2026-06-07,22,15,1,6,6,-5.139999999999986,143.25,-0.990000000000002,-1.9524999999999988,-9.569999999999993,,392.42922227357604,,-258.7185892857155,0.49999999999999994,-347.5900099999999,-1.3400000000000034,28.005979444685014,0.0,8737.81876,45.302159046625036,,,425.62,46759.518206,-194.94392000000516,28.005979444685014,-0.8660254037844387,138.11
2026-06-07 20:30:00+00:00,2026-06-07 22:30:00+02:00,2026-06-07,22,30,2,6,6,-1.7800000000000011,138.78,-0.9799999999999969,-1.38333333333333,-9.209999999999994,,372.6952954872936,,-221.7529564285721,0.49999999999999994,-339.2396399999998,-0.19999999999998863,18.226417016207773,,9274.43151,27.660120338545862,,,430.64,46349.922214,-213.08956000000035,18.226417016207773,-0.8660254037844387,137.0
2026-06-07 20:45:00+00:00,2026-06-07 22:45:00+02:00,2026-06-07,22,45,3,6,6,-4.189999999999998,136.6,-3.660000000000011,-9.766666666666667,-14.379999999999995,,332.8241189936674,,-191.1881228571448,0.49999999999999994,-305.0635199999997,-3.660000000000025,25.934508876425575,,9794.47338,47.125659929697534,,,435.25,45766.930895,-232.50854000000254,25.934508876425575,-0.8660254037844387,132.41
2026-06-07 21:00:00+00:00,2026-06-07 23:00:00+02:00,2026-06-07,23,0,0,6,6,-6.299999999999983,148.73,1.2800000000000011,2.880833333333335,-5.150000000000006,,285.8881279510544,,-164.5358421428578,0.49999999999999994,-265.13300999999956,6.97999999999999,17.097359816602953,,10285.39879,24.793012360436514,,,437.79,45112.232773,-231.96767000000182,17.097359816602953,-0.8660254037844387,142.43
2026-06-07 21:15:00+00:00,2026-06-07 23:15:00+02:00,2026-06-07,23,15,1,6,6,-3.9599999999999795,137.92,-0.07000000000000739,0.3566666666666632,-3.230000000000004,,259.8554395050946,,-163.66221785714228,0.49999999999999994,-245.95855999999912,-0.5699999999999932,17.214110137636307,,10706.31015,25.264495980384062,,,435.69,44554.715537,-189.60561000000234,17.214110137636307,-0.8660254037844387,133.96
2026-06-07 21:30:00+00:00,2026-06-07 23:30:00+02:00,2026-06-07,23,30,2,6,6,6.3300000000000125,125.69,-1.1950000000000003,-1.8683333333333352,-0.9699999999999989,,225.25849031371934,,-160.80413214285753,0.49999999999999994,-221.16777999999977,0.29999999999998295,16.059804744738816,,11135.43064,22.66954449518203,,,437.75,44009.923823,-131.73446999999942,16.059804744738816,-0.8660254037844387,132.02
2026-06-07 21:45:00+00:00,2026-06-07 23:45:00+02:00,2026-06-07,23,45,3,6,6,-17.810000000000002,139.25,-1.1800000000000068,-2.7825000000000037,-2.280000000000001,,195.29942319459573,,-162.78717999999935,0.49999999999999994,-183.23625999999967,-0.0800000000000125,15.611824036140652,,11585.88933,25.749259166411445,,,429.99,43440.52108,-79.85793999999805,15.611824036140652,-0.8660254037844387,121.44
