feature,selection_frequency,clean_selection_frequency,selected_folds,selected_clean_folds,mean_abs_coefficient,median_abs_coefficient,max_abs_coefficient,fold_all_missing_frequency,coefficient_sign_stability,selected_pre_cap,prefilter_keep,prefilter_reason,non_missing_count,non_missing_fraction,unique_values,family_x,pool_x,base_signal_x,corr_prune_keep,corr_prune_reason,correlated_with,max_abs_corr_with_kept,univariate_abs_spearman,family_y,pool_y,base_signal_y,family,pool,base_signal,selected,selection_method
da_price_eur_mwh,1.0,1.0,18.0,18.0,64.5631309135863,64.60784922167454,67.8973697286422,0.0,1.0,True,True,kept,82556,1.0,12631,da_price,market_history,da_price_eur_mwh,True,first_ranked_feature,,0.0,0.924131010271927,da_price,market_history,da_price_eur_mwh,da_price,market_history,da_price_eur_mwh,True,elasticnet_coefficients
ida1_minus_da_spread_eur_mwh_rolling_median_14d_same_local_qh,1.0,1.0,18.0,18.0,5.438407058380949,5.873625540507417,6.6491251405145,0.0,1.0,True,True,kept,81596,0.9883715296283735,34253,ida1_history,market_history,ida1_minus_da_spread_eur_mwh,True,kept,ida1_minus_da_spread_eur_mwh_rolling_mean_28d_same_local_qh,0.9132577720550639,0.16859094335031066,ida1_history,market_history,ida1_minus_da_spread_eur_mwh,ida1_history,market_history,ida1_minus_da_spread_eur_mwh,True,elasticnet_coefficients
ida1_minus_da_spread_eur_mwh_rolling_mean_28d_same_local_qh,1.0,1.0,18.0,18.0,5.259682410994575,5.263496799166262,6.457516517548598,0.0,1.0,True,True,kept,81500,0.9872086825912109,81200,ida1_history,market_history,ida1_minus_da_spread_eur_mwh,True,kept,ida1_price_eur_mwh_rolling_mean_7d_same_local_qh,0.23890611606398654,0.20081341142963743,ida1_history,market_history,ida1_minus_da_spread_eur_mwh,ida1_history,market_history,ida1_minus_da_spread_eur_mwh,True,elasticnet_coefficients
ida1_minus_da_spread_eur_mwh_lag_1d_same_local_qh,0.9444444444444444,0.9444444444444444,17.0,17.0,2.4992490956706637,2.667044382337953,3.6762666159960338,0.0,1.0,True,True,kept,77268,0.9359465090362905,54513,ida1_history,market_history,ida1_minus_da_spread_eur_mwh,True,kept,ida1_minus_da_spread_eur_mwh_rolling_mean_3d_same_local_qh,0.78356526299323,0.14675157557596172,ida1_history,market_history,ida1_minus_da_spread_eur_mwh,ida1_history,market_history,ida1_minus_da_spread_eur_mwh,True,elasticnet_coefficients
wind_onshore_da_forecast_error_mw_lag_1d_same_local_qh,0.8888888888888888,0.8888888888888888,16.0,16.0,0.6519187036059002,0.7395009176289185,1.0438537681096438,0.0,1.0,True,True,kept,75810,0.9182857696593827,74826,lagged_forecast_error,lagged_forecast_error,wind_onshore_da_forecast_error_mw,True,kept,wind_onshore_id_forecast_error_mw_lag_1d_same_local_qh,0.8528848293938732,0.024008496469147808,lagged_forecast_error,lagged_forecast_error,wind_onshore_da_forecast_error_mw,lagged_forecast_error,lagged_forecast_error,wind_onshore_da_forecast_error_mw,True,elasticnet_coefficients
wind_total_forecast_revision_id_minus_da_mw_rolling_std_3d_same_local_qh,0.8888888888888888,0.8888888888888888,16.0,16.0,0.4596314197622971,0.45128282687817983,1.0533348353129892,0.0,1.0,True,True,kept,82360,0.997625853965793,82360,forecast_revision,forecast_revision,wind_total_forecast_revision_id_minus_da_mw,True,kept,renewable_total_forecast_revision_id_minus_da_mw_rolling_std_3d_same_local_qh,0.8371960504826169,0.017916840637092864,forecast_revision,forecast_revision,wind_total_forecast_revision_id_minus_da_mw,forecast_revision,forecast_revision,wind_total_forecast_revision_id_minus_da_mw,True,elasticnet_coefficients
wind_offshore_da_forecast_error_mw_rolling_mean_14d_same_local_qh,0.8888888888888888,0.8888888888888888,16.0,16.0,0.38105191040036457,0.27317842836984396,1.8528809061688831,0.0,1.0,True,True,kept,80151,0.9708682591210814,80034,lagged_forecast_error,lagged_forecast_error,wind_offshore_da_forecast_error_mw,True,kept,wind_offshore_da_forecast_error_mw_rolling_median_14d_same_local_qh,0.8011691286846755,0.20517953706476294,lagged_forecast_error,lagged_forecast_error,wind_offshore_da_forecast_error_mw,lagged_forecast_error,lagged_forecast_error,wind_offshore_da_forecast_error_mw,True,elasticnet_coefficients
residual_load_revision_id_minus_da_approx_mw_rolling_mean_14d_same_local_qh,0.8888888888888888,0.8888888888888888,16.0,16.0,0.32781792005221494,0.2566768339197,1.531893347449499,0.0,1.0,True,True,kept,82072,0.994137312854305,81957,forecast_revision,forecast_revision,residual_load_revision_id_minus_da_approx_mw,True,kept,residual_load_revision_id_minus_da_approx_mw_rolling_mean_28d_same_local_qh,0.7335595451028607,0.1401597819772504,forecast_revision,forecast_revision,residual_load_revision_id_minus_da_approx_mw,forecast_revision,forecast_revision,residual_load_revision_id_minus_da_approx_mw,True,elasticnet_coefficients
month_sin,0.8333333333333334,0.8333333333333334,15.0,15.0,0.3806667935775937,0.23285630529879447,1.4323079821861222,0.0,1.0,True,True,kept,82556,1.0,11,calendar,calendar,month_sin,True,first_ranked_feature,,0.0,0.2894007990042656,calendar,calendar,month_sin,calendar,calendar,month_sin,True,elasticnet_coefficients
wind_total_forecast_revision_id_minus_da_mw_lag_1d_same_local_qh,0.8333333333333334,0.8333333333333334,15.0,15.0,0.2560259509815723,0.19150018339598787,0.86117762845063,0.0,1.0,True,True,kept,82444,0.9986433451233102,80320,forecast_revision,forecast_revision,wind_total_forecast_revision_id_minus_da_mw,True,kept,wind_total_forecast_revision_id_minus_da_mw_rolling_mean_3d_same_local_qh,0.5447879915263831,0.0016676104977353988,forecast_revision,forecast_revision,wind_total_forecast_revision_id_minus_da_mw,forecast_revision,forecast_revision,wind_total_forecast_revision_id_minus_da_mw,True,elasticnet_coefficients
ida1_minus_da_spread_eur_mwh_lag_7d_same_local_qh,0.7777777777777778,0.7777777777777778,14.0,14.0,0.4071007676786984,0.4936698579402303,0.7780203350049902,0.0,1.0,True,True,kept,74772,0.9057124860700615,53600,ida1_history,market_history,ida1_minus_da_spread_eur_mwh,True,kept,ida1_minus_da_spread_eur_mwh_rolling_mean_7d_same_local_qh,0.7045774668709605,0.13294822022359046,ida1_history,market_history,ida1_minus_da_spread_eur_mwh,ida1_history,market_history,ida1_minus_da_spread_eur_mwh,True,elasticnet_coefficients
da_price_eur_mwh_regime_vol_28d,0.7777777777777778,0.7777777777777778,14.0,14.0,0.42037307273437513,0.4815145440428538,0.9739826338145009,0.0,1.0,True,True,kept,81596,0.9883715296283735,55777,regime_volatility,regime,da_price_eur_mwh,True,first_ranked_feature,,0.0,0.3267342817135871,regime_volatility,regime,da_price_eur_mwh,regime_volatility,regime,da_price_eur_mwh,True,elasticnet_coefficients
solar_forecast_da_mw_lag_1d_same_local_qh,0.7777777777777778,0.7777777777777778,14.0,14.0,0.3716998491907687,0.4445458517433887,0.7211045410606552,0.0,1.0,True,True,kept,46871,0.567747952904695,43631,da_forecast,forecast_level,solar_forecast_da_mw,True,first_ranked_feature,,0.0,0.48689165617691577,da_forecast,forecast_level,solar_forecast_da_mw,da_forecast,forecast_level,solar_forecast_da_mw,True,elasticnet_coefficients
wind_onshore_forecast_da_mw_lag_1d_same_local_qh,0.7777777777777778,0.7777777777777778,14.0,14.0,0.43252596466305665,0.3930999659490382,2.0284499583158575,0.0,1.0,True,True,kept,82439,0.998582780173458,81305,da_forecast,forecast_level,wind_onshore_forecast_da_mw,True,kept,renewable_total_forecast_da_mw_lag_1d_same_local_qh,0.5983697550096645,0.085891843323793,da_forecast,forecast_level,wind_onshore_forecast_da_mw,da_forecast,forecast_level,wind_onshore_forecast_da_mw,True,elasticnet_coefficients
da_price_eur_mwh_rolling_std_7d_same_local_qh,0.7777777777777778,0.7777777777777778,14.0,14.0,0.5686166176358562,0.38427174475373316,3.309546652211594,0.0,1.0,True,True,kept,82268,0.996511458888512,54654,da_price,market_history,da_price_eur_mwh,True,kept,da_price_eur_mwh_rolling_std_14d_same_local_qh,0.8746219240013823,0.26488505553931596,da_price,market_history,da_price_eur_mwh,da_price,market_history,da_price_eur_mwh,True,elasticnet_coefficients
load_da_forecast_error_mw_rolling_median_3d_same_local_qh,0.7777777777777778,0.7777777777777778,14.0,14.0,0.4205267452497298,0.37520646477936204,1.2068322226507344,0.0,1.0,True,True,kept,75648,0.9163234652841707,50334,lagged_forecast_error,lagged_forecast_error,load_da_forecast_error_mw,True,kept,load_da_forecast_error_mw_rolling_std_28d_same_local_qh,0.1142535740763669,0.11532598684770312,lagged_forecast_error,lagged_forecast_error,load_da_forecast_error_mw,lagged_forecast_error,lagged_forecast_error,load_da_forecast_error_mw,True,elasticnet_coefficients
wind_offshore_da_forecast_error_mw_rolling_std_3d_same_local_qh,0.7777777777777778,0.7777777777777778,14.0,14.0,0.30563273274039277,0.30963704962983063,1.0715402733302029,0.0,1.0,True,True,kept,75632,0.9161296574446436,75630,lagged_forecast_error,lagged_forecast_error,wind_offshore_da_forecast_error_mw,True,kept,wind_offshore_id_forecast_error_mw_rolling_std_3d_same_local_qh,0.7481473102990994,0.00834998809170458,lagged_forecast_error,lagged_forecast_error,wind_offshore_da_forecast_error_mw,lagged_forecast_error,lagged_forecast_error,wind_offshore_da_forecast_error_mw,True,elasticnet_coefficients
wind_offshore_forecast_id_mw_lag_2d_same_local_qh,0.7777777777777778,0.7777777777777778,14.0,14.0,0.3642578723020581,0.3005891238575783,1.6070902932017095,0.0,1.0,True,True,kept,82332,0.9972866902466204,76976,id_forecast,forecast_level,wind_offshore_forecast_id_mw,True,kept,renewable_total_forecast_da_mw_lag_2d_same_local_qh,0.49664979761129663,0.04607910311749781,id_forecast,forecast_level,wind_offshore_forecast_id_mw,id_forecast,forecast_level,wind_offshore_forecast_id_mw,True,elasticnet_coefficients
load_forecast_da_mw_lag_7d_same_local_qh,0.7777777777777778,0.7777777777777778,14.0,14.0,0.3833298810547908,0.2525206848396726,2.177790171034779,0.0,1.0,True,True,kept,80911,0.9800741314986191,80170,da_forecast,forecast_level,load_forecast_da_mw,True,kept,residual_load_forecast_da_mw_lag_7d_same_local_qh,0.39228599307772266,0.22193219447388524,da_forecast,forecast_level,load_forecast_da_mw,da_forecast,forecast_level,load_forecast_da_mw,True,elasticnet_coefficients
residual_load_revision_id_minus_da_approx_mw_rolling_median_7d_same_local_qh,0.7777777777777778,0.7777777777777778,14.0,14.0,0.21935312210206512,0.18524298281569712,0.7171298606328328,0.0,1.0,True,True,kept,82264,0.9964630069286302,35238,forecast_revision,forecast_revision,residual_load_revision_id_minus_da_approx_mw,True,kept,residual_load_revision_id_minus_da_approx_mw_rolling_mean_7d_same_local_qh,0.8021452634654667,0.07875644173253978,forecast_revision,forecast_revision,residual_load_revision_id_minus_da_approx_mw,forecast_revision,forecast_revision,residual_load_revision_id_minus_da_approx_mw,True,elasticnet_coefficients
da_price_eur_mwh_rolling_std_28d_same_local_qh,0.7777777777777778,0.7777777777777778,14.0,14.0,0.31849504301307585,0.051698496929169946,2.667201887472413,0.0,1.0,True,True,kept,81596,0.9883715296283735,55777,da_price,market_history,da_price_eur_mwh,True,kept,ida1_price_eur_mwh_rolling_median_28d_same_local_qh,0.45393344651671547,0.3267342817135871,da_price,market_history,da_price_eur_mwh,da_price,market_history,da_price_eur_mwh,True,elasticnet_coefficients
month_cos,0.7222222222222222,0.7222222222222222,13.0,13.0,0.25828963017840856,0.2239995206790339,1.0281966606457886,0.0,1.0,True,True,kept,82556,1.0,11,calendar,calendar,month_cos,True,kept,is_weekend,0.01420808100573439,0.09559898826762646,calendar,calendar,month_cos,calendar,calendar,month_cos,True,elasticnet_coefficients
ida1_price_eur_mwh_rolling_std_3d_same_local_qh,0.7777777777777778,0.7777777777777778,14.0,14.0,0.3685227448356894,0.2262216489166872,1.0138460020118498,0.0,1.0,True,True,kept,76896,0.9314404767672853,76050,ida1_history,market_history,ida1_price_eur_mwh,True,kept,da_price_eur_mwh_rolling_std_3d_same_local_qh,0.7915196564668188,0.19936280900946973,ida1_history,market_history,ida1_price_eur_mwh,ida1_history,market_history,ida1_price_eur_mwh,False,elasticnet_coefficients
ida1_minus_da_spread_eur_mwh_rolling_std_14d_same_local_qh,0.7222222222222222,0.7222222222222222,13.0,13.0,0.33129590463707603,0.30822010034874237,1.5316796931231926,0.0,1.0,True,True,kept,81596,0.9883715296283735,81590,ida1_history,market_history,ida1_minus_da_spread_eur_mwh,True,kept,ida1_minus_da_spread_eur_mwh_rolling_std_28d_same_local_qh,0.856422453163764,0.1895369164317657,ida1_history,market_history,ida1_minus_da_spread_eur_mwh,ida1_history,market_history,ida1_minus_da_spread_eur_mwh,False,elasticnet_coefficients
wind_offshore_da_forecast_error_mw_rolling_std_14d_same_local_qh,0.7222222222222222,0.7222222222222222,13.0,13.0,0.17007124909264873,0.08624698200346592,0.7043055795854192,0.0,1.0,True,True,kept,80151,0.9708682591210814,80147,lagged_forecast_error,lagged_forecast_error,wind_offshore_da_forecast_error_mw,True,kept,wind_offshore_da_forecast_error_mw_rolling_std_28d_same_local_qh,0.7233028477923376,0.013678818392247433,lagged_forecast_error,lagged_forecast_error,wind_offshore_da_forecast_error_mw,lagged_forecast_error,lagged_forecast_error,wind_offshore_da_forecast_error_mw,False,elasticnet_coefficients
wind_onshore_id_forecast_error_mw_rolling_mean_3d_same_local_qh,0.7222222222222222,0.7222222222222222,13.0,13.0,0.1816032454189046,0.059656873925811975,1.4089528185378457,0.0,1.0,True,True,kept,75636,0.9161781094045254,75519,lagged_forecast_error,lagged_forecast_error,wind_onshore_id_forecast_error_mw,True,kept,wind_onshore_da_forecast_error_mw_rolling_mean_3d_same_local_qh,0.8735785349552366,0.06210445759052556,lagged_forecast_error,lagged_forecast_error,wind_onshore_id_forecast_error_mw,lagged_forecast_error,lagged_forecast_error,wind_onshore_id_forecast_error_mw,False,elasticnet_coefficients
ida1_minus_da_spread_eur_mwh_rolling_mean_7d_same_local_qh,0.6666666666666666,0.6666666666666666,12.0,12.0,0.6759626216188819,0.5950161319625703,2.7393877714126047,0.0,1.0,True,True,kept,81408,0.9860942875139299,79968,ida1_history,market_history,ida1_minus_da_spread_eur_mwh,True,kept,ida1_minus_da_spread_eur_mwh_rolling_mean_28d_same_local_qh,0.8687900452748867,0.18183738294872495,ida1_history,market_history,ida1_minus_da_spread_eur_mwh,ida1_history,market_history,ida1_minus_da_spread_eur_mwh,False,elasticnet_coefficients
wind_offshore_id_forecast_error_mw_rolling_median_3d_same_local_qh,0.6666666666666666,0.6666666666666666,12.0,12.0,0.19343578963876318,0.1719798749118813,0.9933073513469802,0.0,1.0,True,True,kept,75628,0.9160812054847619,47130,lagged_forecast_error,lagged_forecast_error,wind_offshore_id_forecast_error_mw,True,kept,wind_offshore_id_forecast_error_mw_rolling_mean_3d_same_local_qh,0.8167596465092006,0.10926414269403915,lagged_forecast_error,lagged_forecast_error,wind_offshore_id_forecast_error_mw,lagged_forecast_error,lagged_forecast_error,wind_offshore_id_forecast_error_mw,False,elasticnet_coefficients
load_da_forecast_error_mw_rolling_std_3d_same_local_qh,0.6666666666666666,0.6666666666666666,12.0,12.0,0.1570453168959024,0.15521663626229212,0.5301716985318203,0.0,1.0,True,True,kept,75648,0.9163234652841707,75648,lagged_forecast_error,lagged_forecast_error,load_da_forecast_error_mw,True,kept,load_da_forecast_error_mw_rolling_std_7d_same_local_qh,0.5181337919993797,0.030432281787584003,lagged_forecast_error,lagged_forecast_error,load_da_forecast_error_mw,lagged_forecast_error,lagged_forecast_error,load_da_forecast_error_mw,False,elasticnet_coefficients
wind_total_forecast_revision_id_minus_da_mw_regime_vol_7d_over_28d,0.6111111111111112,0.6111111111111112,11.0,11.0,0.12725287879161742,0.12256040316760282,0.3635626608728229,0.0,1.0,False,True,kept,81592,0.9883230776684917,81592,regime_volatility,regime,wind_total_forecast_revision_id_minus_da_mw,True,kept,residual_load_revision_id_minus_da_approx_mw_regime_vol_7d_over_28d,0.8869638003185405,0.004857929355749057,regime_volatility,regime,wind_total_forecast_revision_id_minus_da_mw,regime_volatility,regime,wind_total_forecast_revision_id_minus_da_mw,False,elasticnet_coefficients
solar_forecast_revision_id_minus_da_mw_lag_2d_same_local_qh,0.6111111111111112,0.6111111111111112,11.0,11.0,0.09014376086764,0.06111071900636919,0.3421417544972449,0.0,1.0,False,True,kept,46753,0.5663186200881826,42719,forecast_revision,forecast_revision,solar_forecast_revision_id_minus_da_mw,True,kept,residual_load_revision_id_minus_da_approx_mw_rolling_mean_3d_same_local_qh,0.3254145180395085,0.018933822550784067,forecast_revision,forecast_revision,solar_forecast_revision_id_minus_da_mw,forecast_revision,forecast_revision,solar_forecast_revision_id_minus_da_mw,False,elasticnet_coefficients
ida1_price_eur_mwh_rolling_median_28d_same_local_qh,0.6111111111111112,0.6111111111111112,11.0,11.0,0.23355814320892232,0.0481525332316538,1.3258848831474133,0.0,1.0,False,True,kept,81500,0.9872086825912109,31052,ida1_history,market_history,ida1_price_eur_mwh,True,kept,ida1_price_eur_mwh_rolling_mean_7d_same_local_qh,0.8925076405253151,0.7165029854366023,ida1_history,market_history,ida1_price_eur_mwh,ida1_history,market_history,ida1_price_eur_mwh,False,elasticnet_coefficients
da_price_eur_mwh_regime_vol_7d_over_28d,0.6111111111111112,0.6111111111111112,11.0,11.0,0.06106607260211278,0.024592246953575533,0.24167525945472834,0.0,1.0,False,True,kept,81596,0.9883715296283735,55877,regime_volatility,regime,da_price_eur_mwh,True,kept,ida1_minus_da_spread_eur_mwh_regime_vol_7d_over_28d,0.32831648017022,0.010918771175140738,regime_volatility,regime,da_price_eur_mwh,regime_volatility,regime,da_price_eur_mwh,False,elasticnet_coefficients
wind_onshore_da_forecast_error_mw_rolling_std_28d_same_local_qh,0.5555555555555556,0.5555555555555556,10.0,10.0,0.08228473226025262,0.02229976665068975,0.29852308283802376,0.0,1.0,False,True,kept,79576,0.9639032898880759,79288,lagged_forecast_error,lagged_forecast_error,wind_onshore_da_forecast_error_mw,True,kept,wind_onshore_id_forecast_error_mw_rolling_std_28d_same_local_qh,0.8967871075252716,0.010533467068399503,lagged_forecast_error,lagged_forecast_error,wind_onshore_da_forecast_error_mw,lagged_forecast_error,lagged_forecast_error,wind_onshore_da_forecast_error_mw,False,elasticnet_coefficients
wind_offshore_da_forecast_error_mw_rolling_median_7d_same_local_qh,0.5555555555555556,0.5555555555555556,10.0,10.0,0.049865111275915856,0.004480351686860385,0.28683876691858523,0.0,1.0,False,True,kept,79962,0.9685789040166675,38589,lagged_forecast_error,lagged_forecast_error,wind_offshore_da_forecast_error_mw,True,kept,wind_offshore_da_forecast_error_mw_rolling_median_14d_same_local_qh,0.6935656007539461,0.18140337399745265,lagged_forecast_error,lagged_forecast_error,wind_offshore_da_forecast_error_mw,lagged_forecast_error,lagged_forecast_error,wind_offshore_da_forecast_error_mw,False,elasticnet_coefficients
ida1_price_eur_mwh_rolling_std_7d_same_local_qh,0.5,0.5,9.0,9.0,0.1187162962170666,0.0184850491126759,0.7581795034705309,0.0,1.0,False,True,kept,81408,0.9860942875139299,81390,ida1_history,market_history,ida1_price_eur_mwh,True,kept,da_price_eur_mwh_rolling_std_7d_same_local_qh,0.874970098310691,0.23712078739510165,ida1_history,market_history,ida1_price_eur_mwh,ida1_history,market_history,ida1_price_eur_mwh,False,elasticnet_coefficients
ida1_minus_da_spread_eur_mwh_rolling_std_3d_same_local_qh,0.5,0.5,9.0,9.0,0.0976966054786699,0.0025692972675168254,0.6862320981157882,0.0,1.0,False,True,kept,76896,0.9314404767672853,75560,ida1_history,market_history,ida1_minus_da_spread_eur_mwh,True,kept,ida1_minus_da_spread_eur_mwh_rolling_std_7d_same_local_qh,0.7023323552712293,0.14570803032496174,ida1_history,market_history,ida1_minus_da_spread_eur_mwh,ida1_history,market_history,ida1_minus_da_spread_eur_mwh,False,elasticnet_coefficients
da_price_eur_mwh_lag_2d_same_local_qh,0.4444444444444444,0.4444444444444444,8.0,8.0,0.23503663399761715,0.0,1.7312880159853914,0.0,1.0,False,True,kept,82338,0.9973593681864431,13702,da_price,market_history,da_price_eur_mwh,True,kept,ida1_price_eur_mwh_rolling_median_3d_same_local_qh,0.8837255779313942,0.6265985066064589,da_price,market_history,da_price_eur_mwh,da_price,market_history,da_price_eur_mwh,False,elasticnet_coefficients
ida1_price_eur_mwh_lag_1d_same_local_qh,0.4444444444444444,0.4444444444444444,8.0,8.0,0.5418185208278498,0.0,2.6401246816260593,0.0,1.0,False,True,kept,77268,0.9359465090362905,51928,ida1_history,market_history,ida1_price_eur_mwh,True,kept,da_price_eur_mwh,0.7477750833410122,0.7558438954401016,ida1_history,market_history,ida1_price_eur_mwh,ida1_history,market_history,ida1_price_eur_mwh,False,elasticnet_coefficients
wind_offshore_id_forecast_error_mw_rolling_std_14d_same_local_qh,0.4444444444444444,0.4444444444444444,8.0,8.0,0.11160069162909918,0.0,0.7768967611969055,0.0,1.0,False,True,kept,80152,0.9708803721110519,80146,lagged_forecast_error,lagged_forecast_error,wind_offshore_id_forecast_error_mw,True,kept,wind_offshore_id_forecast_error_mw_rolling_std_28d_same_local_qh,0.8275892970454318,0.002801222164807098,lagged_forecast_error,lagged_forecast_error,wind_offshore_id_forecast_error_mw,lagged_forecast_error,lagged_forecast_error,wind_offshore_id_forecast_error_mw,False,elasticnet_coefficients
ida1_minus_da_spread_eur_mwh_rolling_mean_3d_same_local_qh,0.3888888888888889,0.3888888888888889,7.0,7.0,0.07132932820730475,0.0,0.35612081987567323,0.0,0.7142857142857143,False,True,kept,76896,0.9314404767672853,71916,ida1_history,market_history,ida1_minus_da_spread_eur_mwh,True,kept,ida1_minus_da_spread_eur_mwh_rolling_mean_7d_same_local_qh,0.87072496878614,0.16796916551239816,ida1_history,market_history,ida1_minus_da_spread_eur_mwh,ida1_history,market_history,ida1_minus_da_spread_eur_mwh,False,elasticnet_coefficients
renewable_total_forecast_revision_id_minus_da_mw_rolling_std_3d_same_local_qh,0.3888888888888889,0.3888888888888889,7.0,7.0,0.04944213557254448,0.0,0.315985513130026,0.0,1.0,False,True,kept,82360,0.997625853965793,82360,forecast_revision,forecast_revision,renewable_total_forecast_revision_id_minus_da_mw,True,kept,renewable_total_forecast_revision_id_minus_da_mw_rolling_std_7d_same_local_qh,0.5803450655978979,0.04688876312432027,forecast_revision,forecast_revision,renewable_total_forecast_revision_id_minus_da_mw,forecast_revision,forecast_revision,renewable_total_forecast_revision_id_minus_da_mw,False,elasticnet_coefficients
solar_da_forecast_error_mw_lag_14d_same_local_qh,0.3888888888888889,0.3888888888888889,7.0,7.0,0.03853487075824554,0.0,0.17677050909403844,0.0,1.0,False,True,kept,41450,0.5020834342749164,40506,lagged_forecast_error,lagged_forecast_error,solar_da_forecast_error_mw,True,kept,solar_da_forecast_error_mw_rolling_mean_7d_same_local_qh,0.7911023879123046,0.02741526744095943,lagged_forecast_error,lagged_forecast_error,solar_da_forecast_error_mw,lagged_forecast_error,lagged_forecast_error,solar_da_forecast_error_mw,False,elasticnet_coefficients
solar_da_forecast_error_mw_rolling_std_3d_same_local_qh,0.3888888888888889,0.3888888888888889,7.0,7.0,0.04842080452347855,0.0,0.25729065977778,0.0,1.0,False,True,kept,43051,0.5214763312175977,42925,lagged_forecast_error,lagged_forecast_error,solar_da_forecast_error_mw,True,kept,solar_da_forecast_error_mw_rolling_std_7d_same_local_qh,0.8535287950423015,0.28485940250050384,lagged_forecast_error,lagged_forecast_error,solar_da_forecast_error_mw,lagged_forecast_error,lagged_forecast_error,solar_da_forecast_error_mw,False,elasticnet_coefficients
wind_offshore_id_forecast_error_mw_lag_14d_same_local_qh,0.3888888888888889,0.3888888888888889,7.0,7.0,0.04812178587947654,0.0,0.29189125399239707,0.0,1.0,False,True,kept,72631,0.8797785745433403,69669,lagged_forecast_error,lagged_forecast_error,wind_offshore_id_forecast_error_mw,True,kept,wind_offshore_id_forecast_error_mw_rolling_median_14d_same_local_qh,0.30646136652991507,0.06841643842739849,lagged_forecast_error,lagged_forecast_error,wind_offshore_id_forecast_error_mw,lagged_forecast_error,lagged_forecast_error,wind_offshore_id_forecast_error_mw,False,elasticnet_coefficients
wind_total_forecast_id_mw_lag_14d_same_local_qh,0.3888888888888889,0.3888888888888889,7.0,7.0,0.04877771780881149,0.0,0.2445822488772805,0.0,1.0,False,True,kept,79280,0.9603178448568245,78673,id_forecast,forecast_level,wind_total_forecast_id_mw,True,kept,wind_offshore_forecast_da_mw_lag_14d_same_local_qh,0.8329077843924204,0.04353811259773033,id_forecast,forecast_level,wind_total_forecast_id_mw,id_forecast,forecast_level,wind_total_forecast_id_mw,False,elasticnet_coefficients
wind_total_forecast_revision_id_minus_da_mw_regime_abs_median_28d_over_vol,0.3888888888888889,0.3888888888888889,7.0,7.0,0.08911749358681922,0.0,0.40395776385207893,0.0,1.0,False,True,kept,81592,0.9883230776684917,81592,regime_level,regime,wind_total_forecast_revision_id_minus_da_mw,True,kept,residual_load_revision_id_minus_da_approx_mw_regime_abs_median_28d_over_vol,0.7036102894503182,0.06980286017776495,regime_level,regime,wind_total_forecast_revision_id_minus_da_mw,regime_level,regime,wind_total_forecast_revision_id_minus_da_mw,False,elasticnet_coefficients
ida1_volume_mw_lag_2d_same_local_qh,0.3333333333333333,0.3333333333333333,6.0,6.0,0.04109770067156306,0.0,0.5105875493551311,0.05555555555555555,1.0,False,True,kept,40984,0.4964387809486894,6663,ida1_history,market_history,ida1_volume_mw,True,kept,ida1_minus_da_spread_eur_mwh_rolling_std_14d_same_local_qh,0.41808758522716377,0.04775485431336952,ida1_history,market_history,ida1_volume_mw,ida1_history,market_history,ida1_volume_mw,False,elasticnet_coefficients
renewable_total_forecast_revision_id_minus_da_mw_lag_1d_same_local_qh,0.3333333333333333,0.3333333333333333,6.0,6.0,0.0784157323938605,0.0,0.4004700468499442,0.0,1.0,False,True,kept,82444,0.9986433451233102,80586,forecast_revision,forecast_revision,renewable_total_forecast_revision_id_minus_da_mw,True,kept,wind_total_forecast_revision_id_minus_da_mw_lag_1d_same_local_qh,0.8923640495563193,6.75204112387557e-05,forecast_revision,forecast_revision,renewable_total_forecast_revision_id_minus_da_mw,forecast_revision,forecast_revision,renewable_total_forecast_revision_id_minus_da_mw,False,elasticnet_coefficients
wind_offshore_forecast_revision_id_minus_da_mw_lag_1d_same_local_qh,0.3333333333333333,0.3333333333333333,6.0,6.0,0.010252305078692977,0.0,0.07776611724238672,0.0,0.6666666666666666,False,True,kept,82415,0.9982920684141674,73593,forecast_revision,forecast_revision,wind_offshore_forecast_revision_id_minus_da_mw,True,kept,wind_total_forecast_revision_id_minus_da_mw_rolling_mean_3d_same_local_qh,0.28410465238994076,0.009241096971820323,forecast_revision,forecast_revision,wind_offshore_forecast_revision_id_minus_da_mw,forecast_revision,forecast_revision,wind_offshore_forecast_revision_id_minus_da_mw,False,elasticnet_coefficients
renewable_total_forecast_revision_id_minus_da_mw_rolling_std_7d_same_local_qh,0.2777777777777778,0.2777777777777778,5.0,5.0,0.09964587651733338,0.0,0.7762017888351908,0.0,1.0,False,True,kept,82264,0.9964630069286302,82263,forecast_revision,forecast_revision,renewable_total_forecast_revision_id_minus_da_mw,True,kept,renewable_total_forecast_revision_id_minus_da_mw_rolling_std_14d_same_local_qh,0.7318369429158492,0.0818127897119671,forecast_revision,forecast_revision,renewable_total_forecast_revision_id_minus_da_mw,forecast_revision,forecast_revision,renewable_total_forecast_revision_id_minus_da_mw,False,elasticnet_coefficients
residual_load_revision_id_minus_da_approx_mw_regime_vol_7d_over_28d,0.2777777777777778,0.2777777777777778,5.0,5.0,0.04544046489517546,0.0,0.2899859503313199,0.0,1.0,False,True,kept,81592,0.9883230776684917,81592,regime_volatility,regime,residual_load_revision_id_minus_da_approx_mw,True,kept,da_price_eur_mwh_regime_mean_shift_7d_vs_28d_z,0.14139024665028924,0.024828851316008392,regime_volatility,regime,residual_load_revision_id_minus_da_approx_mw,regime_volatility,regime,residual_load_revision_id_minus_da_approx_mw,False,elasticnet_coefficients
wind_offshore_da_forecast_error_mw_rolling_mean_7d_same_local_qh,0.2777777777777778,0.2777777777777778,5.0,5.0,0.025374080666322702,0.0,0.22593872961461994,0.0,1.0,False,True,kept,79962,0.9685789040166675,79771,lagged_forecast_error,lagged_forecast_error,wind_offshore_da_forecast_error_mw,True,kept,wind_offshore_id_forecast_error_mw_rolling_mean_7d_same_local_qh,0.8512030404898374,0.176440808087196,lagged_forecast_error,lagged_forecast_error,wind_offshore_da_forecast_error_mw,lagged_forecast_error,lagged_forecast_error,wind_offshore_da_forecast_error_mw,False,elasticnet_coefficients
wind_total_forecast_revision_id_minus_da_mw_rolling_std_14d_same_local_qh,0.2777777777777778,0.2777777777777778,5.0,5.0,0.09449317570912005,0.0,0.6448020318179997,0.0,1.0,False,True,kept,82072,0.994137312854305,82071,forecast_revision,forecast_revision,wind_total_forecast_revision_id_minus_da_mw,True,kept,renewable_total_forecast_revision_id_minus_da_mw_rolling_std_14d_same_local_qh,0.8255584508402911,0.05023049739509324,forecast_revision,forecast_revision,wind_total_forecast_revision_id_minus_da_mw,forecast_revision,forecast_revision,wind_total_forecast_revision_id_minus_da_mw,False,elasticnet_coefficients
ida1_minus_da_spread_eur_mwh_lag_14d_same_local_qh,0.2222222222222222,0.2222222222222222,4.0,4.0,0.03806576272474396,0.0,0.29398518496924725,0.0,1.0,False,True,kept,72948,0.8836183923639711,52518,ida1_history,market_history,ida1_minus_da_spread_eur_mwh,True,kept,ida1_minus_da_spread_eur_mwh_rolling_median_14d_same_local_qh,0.673847249747523,0.14625287119096117,ida1_history,market_history,ida1_minus_da_spread_eur_mwh,ida1_history,market_history,ida1_minus_da_spread_eur_mwh,False,elasticnet_coefficients
load_da_forecast_error_mw_lag_14d_same_local_qh,0.2222222222222222,0.2222222222222222,4.0,4.0,0.05099189310042316,0.0,0.6977685547206155,0.0,1.0,False,True,kept,72659,0.8801177382625127,71789,lagged_forecast_error,lagged_forecast_error,load_da_forecast_error_mw,True,kept,load_da_forecast_error_mw_rolling_median_14d_same_local_qh,0.709391170383578,0.06054087101456576,lagged_forecast_error,lagged_forecast_error,load_da_forecast_error_mw,lagged_forecast_error,lagged_forecast_error,load_da_forecast_error_mw,False,elasticnet_coefficients
load_da_forecast_error_mw_lag_2d_same_local_qh,0.2222222222222222,0.2222222222222222,4.0,4.0,0.07303849977180449,0.0,0.8446046241428751,0.0,1.0,False,True,kept,74675,0.9045375260429285,73771,lagged_forecast_error,lagged_forecast_error,load_da_forecast_error_mw,True,kept,load_da_forecast_error_mw_rolling_median_3d_same_local_qh,0.899259210473698,0.09762915731309046,lagged_forecast_error,lagged_forecast_error,load_da_forecast_error_mw,lagged_forecast_error,lagged_forecast_error,load_da_forecast_error_mw,False,elasticnet_coefficients
solar_id_forecast_error_mw_rolling_mean_28d_same_local_qh,0.2222222222222222,0.2222222222222222,4.0,4.0,0.02833285834269669,0.0,0.247782250518513,0.0,1.0,False,True,kept,46528,0.5635931973448326,46201,lagged_forecast_error,lagged_forecast_error,solar_id_forecast_error_mw,True,kept,solar_da_forecast_error_mw_rolling_mean_7d_same_local_qh,0.9101884129945269,0.015734537223448697,lagged_forecast_error,lagged_forecast_error,solar_id_forecast_error_mw,lagged_forecast_error,lagged_forecast_error,solar_id_forecast_error_mw,False,elasticnet_coefficients
wind_offshore_da_forecast_error_mw_lag_2d_same_local_qh,0.2222222222222222,0.2222222222222222,4.0,4.0,0.02764859371256548,0.0,0.388970809550165,0.0,1.0,False,True,kept,74651,0.9042468142836377,72201,lagged_forecast_error,lagged_forecast_error,wind_offshore_da_forecast_error_mw,True,kept,wind_offshore_da_forecast_error_mw_rolling_median_3d_same_local_qh,0.5899470734115317,0.0750507221700121,lagged_forecast_error,lagged_forecast_error,wind_offshore_da_forecast_error_mw,lagged_forecast_error,lagged_forecast_error,wind_offshore_da_forecast_error_mw,False,elasticnet_coefficients
wind_offshore_da_forecast_error_mw_rolling_std_28d_same_local_qh,0.2222222222222222,0.2222222222222222,4.0,4.0,0.018882820360449713,0.0,0.15144866586618433,0.0,1.0,False,True,kept,79572,0.9638548379281942,79285,lagged_forecast_error,lagged_forecast_error,wind_offshore_da_forecast_error_mw,True,kept,wind_onshore_id_forecast_error_mw_rolling_std_28d_same_local_qh,0.4631657522323426,0.059053885831609775,lagged_forecast_error,lagged_forecast_error,wind_offshore_da_forecast_error_mw,lagged_forecast_error,lagged_forecast_error,wind_offshore_da_forecast_error_mw,False,elasticnet_coefficients
wind_offshore_id_forecast_error_mw_rolling_mean_28d_same_local_qh,0.2222222222222222,0.2222222222222222,4.0,4.0,0.095922100985035,0.0,1.0044686827813445,0.0,1.0,False,True,kept,79575,0.9638911768981056,79222,lagged_forecast_error,lagged_forecast_error,wind_offshore_id_forecast_error_mw,True,kept,wind_offshore_da_forecast_error_mw_rolling_median_28d_same_local_qh,0.6646948687261466,0.22249797567112542,lagged_forecast_error,lagged_forecast_error,wind_offshore_id_forecast_error_mw,lagged_forecast_error,lagged_forecast_error,wind_offshore_id_forecast_error_mw,False,elasticnet_coefficients
wind_offshore_id_forecast_error_mw_rolling_std_28d_same_local_qh,0.2222222222222222,0.2222222222222222,4.0,4.0,0.035601559055855915,0.0,0.506148805960071,0.0,1.0,False,True,kept,79575,0.9638911768981056,79286,lagged_forecast_error,lagged_forecast_error,wind_offshore_id_forecast_error_mw,True,kept,wind_offshore_da_forecast_error_mw_rolling_std_28d_same_local_qh,0.8188298740208161,0.030490198064235897,lagged_forecast_error,lagged_forecast_error,wind_offshore_id_forecast_error_mw,lagged_forecast_error,lagged_forecast_error,wind_offshore_id_forecast_error_mw,False,elasticnet_coefficients
wind_onshore_da_forecast_error_mw_lag_7d_same_local_qh,0.2222222222222222,0.2222222222222222,4.0,4.0,0.026574604438905358,0.0,0.25955041378358806,0.0,1.0,False,True,kept,73986,0.8961916759532923,73015,lagged_forecast_error,lagged_forecast_error,wind_onshore_da_forecast_error_mw,True,kept,wind_onshore_da_forecast_error_mw_rolling_mean_7d_same_local_qh,0.45314554289756753,0.07896179519076643,lagged_forecast_error,lagged_forecast_error,wind_onshore_da_forecast_error_mw,lagged_forecast_error,lagged_forecast_error,wind_onshore_da_forecast_error_mw,False,elasticnet_coefficients
wind_onshore_forecast_da_mw_lag_2d_same_local_qh,0.2222222222222222,0.2222222222222222,4.0,4.0,0.07105331626746458,0.0,0.5121387628353293,0.0,1.0,False,True,kept,82343,0.9974199331362954,81202,da_forecast,forecast_level,wind_onshore_forecast_da_mw,True,kept,wind_offshore_forecast_id_mw_lag_2d_same_local_qh,0.726984900586095,0.016608932976275824,da_forecast,forecast_level,wind_onshore_forecast_da_mw,da_forecast,forecast_level,wind_onshore_forecast_da_mw,False,elasticnet_coefficients
wind_onshore_id_forecast_error_mw_rolling_std_28d_same_local_qh,0.2222222222222222,0.2222222222222222,4.0,4.0,0.12321886645545127,0.0,1.2523296985910537,0.0,1.0,False,True,kept,79576,0.9639032898880759,79288,lagged_forecast_error,lagged_forecast_error,wind_onshore_id_forecast_error_mw,True,kept,wind_onshore_id_forecast_error_mw_rolling_std_14d_same_local_qh,0.9016655367595321,0.06669493889455443,lagged_forecast_error,lagged_forecast_error,wind_onshore_id_forecast_error_mw,lagged_forecast_error,lagged_forecast_error,wind_onshore_id_forecast_error_mw,False,elasticnet_coefficients
da_price_eur_mwh_regime_abs_median_28d_over_vol,0.16666666666666666,0.16666666666666666,3.0,3.0,0.022226131657590766,0.0,0.34848808900243633,0.0,1.0,False,True,kept,81596,0.9883715296283735,55751,regime_level,regime,da_price_eur_mwh,True,kept,ida1_price_eur_mwh_regime_abs_median_28d_over_vol,0.8706946077636252,0.13283472171599828,regime_level,regime,da_price_eur_mwh,regime_level,regime,da_price_eur_mwh,False,elasticnet_coefficients
ida1_minus_da_spread_eur_mwh_lag_2d_same_local_qh,0.16666666666666666,0.16666666666666666,3.0,3.0,0.015569642029071787,0.0,0.2413328542522829,0.0,0.3333333333333333,False,True,kept,75828,0.9185038034788507,54149,ida1_history,market_history,ida1_minus_da_spread_eur_mwh,True,kept,ida1_minus_da_spread_eur_mwh_rolling_mean_3d_same_local_qh,0.8026232571124742,0.14214028233041265,ida1_history,market_history,ida1_minus_da_spread_eur_mwh,ida1_history,market_history,ida1_minus_da_spread_eur_mwh,False,elasticnet_coefficients
ida1_volume_mw_lag_1d_same_local_qh,0.16666666666666666,0.16666666666666666,3.0,3.0,0.04007055329463098,0.0,0.5935868864857162,0.05555555555555555,1.0,False,True,kept,42328,0.5127186394689666,6739,ida1_history,market_history,ida1_volume_mw,True,kept,ida1_volume_mw_lag_2d_same_local_qh,0.7219867271179954,0.04510806833451995,ida1_history,market_history,ida1_volume_mw,ida1_history,market_history,ida1_volume_mw,False,elasticnet_coefficients
load_da_forecast_error_mw_lag_1d_same_local_qh,0.16666666666666666,0.16666666666666666,3.0,3.0,0.013775472172177703,0.0,0.12255492108216799,0.0,1.0,False,True,kept,75827,0.9184916904888802,74913,lagged_forecast_error,lagged_forecast_error,load_da_forecast_error_mw,True,kept,load_da_forecast_error_mw_rolling_median_3d_same_local_qh,0.8345397644067867,0.09788934244702677,lagged_forecast_error,lagged_forecast_error,load_da_forecast_error_mw,lagged_forecast_error,lagged_forecast_error,load_da_forecast_error_mw,False,elasticnet_coefficients
load_da_forecast_error_mw_lag_7d_same_local_qh,0.16666666666666666,0.16666666666666666,3.0,3.0,0.0025018336416444253,0.0,0.025907704350822923,0.0,1.0,False,True,kept,74003,0.8963975967827899,73110,lagged_forecast_error,lagged_forecast_error,load_da_forecast_error_mw,True,kept,load_da_forecast_error_mw_rolling_mean_7d_same_local_qh,0.7709148522314451,0.07808831709365675,lagged_forecast_error,lagged_forecast_error,load_da_forecast_error_mw,lagged_forecast_error,lagged_forecast_error,load_da_forecast_error_mw,False,elasticnet_coefficients
residual_load_revision_id_minus_da_approx_mw_regime_abs_median_28d_over_vol,0.16666666666666666,0.16666666666666666,3.0,3.0,0.005018979303679696,0.0,0.05401514598217338,0.0,1.0,False,True,kept,81592,0.9883230776684917,81592,regime_level,regime,residual_load_revision_id_minus_da_approx_mw,True,kept,ida1_minus_da_spread_eur_mwh_regime_vol_28d,0.12795640659632687,0.15817998949065576,regime_level,regime,residual_load_revision_id_minus_da_approx_mw,regime_level,regime,residual_load_revision_id_minus_da_approx_mw,False,elasticnet_coefficients
residual_load_revision_id_minus_da_approx_mw_rolling_mean_28d_same_local_qh,0.16666666666666666,0.16666666666666666,3.0,3.0,0.019661853905408644,0.0,0.20809182524956105,0.0,1.0,False,True,kept,81592,0.9883230776684917,81549,forecast_revision,forecast_revision,residual_load_revision_id_minus_da_approx_mw,True,first_ranked_feature,,0.0,0.1579007891699236,forecast_revision,forecast_revision,residual_load_revision_id_minus_da_approx_mw,forecast_revision,forecast_revision,residual_load_revision_id_minus_da_approx_mw,False,elasticnet_coefficients
wind_offshore_da_forecast_error_mw_lag_7d_same_local_qh,0.16666666666666666,0.16666666666666666,3.0,3.0,0.005325437468995374,0.0,0.07100215697364234,0.0,1.0,False,True,kept,73981,0.8961311110034401,71550,lagged_forecast_error,lagged_forecast_error,wind_offshore_da_forecast_error_mw,True,kept,wind_offshore_id_forecast_error_mw_lag_7d_same_local_qh,0.8451994362806258,0.07387967151192107,lagged_forecast_error,lagged_forecast_error,wind_offshore_da_forecast_error_mw,lagged_forecast_error,lagged_forecast_error,wind_offshore_da_forecast_error_mw,False,elasticnet_coefficients
wind_offshore_forecast_revision_id_minus_da_mw_lag_7d_same_local_qh,0.16666666666666666,0.16666666666666666,3.0,3.0,0.020729930489149062,0.0,0.2805172938163856,0.0,1.0,False,True,kept,80879,0.9796865158195649,72261,forecast_revision,forecast_revision,wind_offshore_forecast_revision_id_minus_da_mw,True,kept,residual_load_revision_id_minus_da_approx_mw_lag_7d_same_local_qh,0.4705223250108548,0.015086038313731816,forecast_revision,forecast_revision,wind_offshore_forecast_revision_id_minus_da_mw,forecast_revision,forecast_revision,wind_offshore_forecast_revision_id_minus_da_mw,False,elasticnet_coefficients
wind_offshore_id_forecast_error_mw_lag_1d_same_local_qh,0.16666666666666666,0.16666666666666666,3.0,3.0,0.014853687746514866,0.0,0.15687659249849767,0.0,1.0,False,True,kept,75800,0.9181646397596783,72654,lagged_forecast_error,lagged_forecast_error,wind_offshore_id_forecast_error_mw,True,kept,wind_offshore_id_forecast_error_mw_rolling_mean_3d_same_local_qh,0.565895922493945,0.0808163244135737,lagged_forecast_error,lagged_forecast_error,wind_offshore_id_forecast_error_mw,lagged_forecast_error,lagged_forecast_error,wind_offshore_id_forecast_error_mw,False,elasticnet_coefficients
wind_onshore_da_forecast_error_mw_rolling_std_3d_same_local_qh,0.16666666666666666,0.16666666666666666,3.0,3.0,0.02525872366878777,0.0,0.39911035418608204,0.0,1.0,False,True,kept,75636,0.9161781094045254,75634,lagged_forecast_error,lagged_forecast_error,wind_onshore_da_forecast_error_mw,True,kept,wind_onshore_id_forecast_error_mw_rolling_std_3d_same_local_qh,0.757020653927513,0.04245826199988219,lagged_forecast_error,lagged_forecast_error,wind_onshore_da_forecast_error_mw,lagged_forecast_error,lagged_forecast_error,wind_onshore_da_forecast_error_mw,False,elasticnet_coefficients
wind_onshore_forecast_revision_id_minus_da_mw_lag_2d_same_local_qh,0.16666666666666666,0.16666666666666666,3.0,3.0,0.01435079489408794,0.0,0.2078866634523983,0.0,1.0,False,True,kept,82343,0.9974199331362954,79231,forecast_revision,forecast_revision,wind_onshore_forecast_revision_id_minus_da_mw,True,kept,residual_load_revision_id_minus_da_approx_mw_lag_2d_same_local_qh,0.8339871944983684,0.006457966672180676,forecast_revision,forecast_revision,wind_onshore_forecast_revision_id_minus_da_mw,forecast_revision,forecast_revision,wind_onshore_forecast_revision_id_minus_da_mw,False,elasticnet_coefficients
wind_total_forecast_revision_id_minus_da_mw_rolling_median_14d_same_local_qh,0.16666666666666666,0.16666666666666666,3.0,3.0,0.06699698313685334,0.0,1.0109116341496025,0.0,1.0,False,True,kept,82072,0.994137312854305,39867,forecast_revision,forecast_revision,wind_total_forecast_revision_id_minus_da_mw,True,kept,residual_load_revision_id_minus_da_approx_mw_rolling_median_14d_same_local_qh,0.8375689656782833,0.09255064281624105,forecast_revision,forecast_revision,wind_total_forecast_revision_id_minus_da_mw,forecast_revision,forecast_revision,wind_total_forecast_revision_id_minus_da_mw,False,elasticnet_coefficients
wind_total_forecast_revision_id_minus_da_mw_rolling_median_3d_same_local_qh,0.16666666666666666,0.16666666666666666,3.0,3.0,0.04699393693112558,0.0,0.49169032140930724,0.0,1.0,False,True,kept,82360,0.997625853965793,50691,forecast_revision,forecast_revision,wind_total_forecast_revision_id_minus_da_mw,True,kept,residual_load_revision_id_minus_da_approx_mw_rolling_median_3d_same_local_qh,0.8547005705612576,0.026928597408169466,forecast_revision,forecast_revision,wind_total_forecast_revision_id_minus_da_mw,forecast_revision,forecast_revision,wind_total_forecast_revision_id_minus_da_mw,False,elasticnet_coefficients
da_price_eur_mwh_rolling_median_14d_same_local_qh,0.1111111111111111,0.1111111111111111,2.0,2.0,0.1737439398431155,0.0,1.6249584675906035,0.0,1.0,False,True,kept,82076,0.9941857648141867,12630,da_price,market_history,da_price_eur_mwh,True,kept,ida1_price_eur_mwh_rolling_median_28d_same_local_qh,0.9158049651811826,0.7147986667704529,da_price,market_history,da_price_eur_mwh,da_price,market_history,da_price_eur_mwh,False,elasticnet_coefficients
ida1_price_eur_mwh_regime_vol_7d_over_28d,0.1111111111111111,0.1111111111111111,2.0,2.0,0.035781916303098064,0.0,0.6166152141260562,0.0,1.0,False,True,kept,80736,0.9779543582537914,80735,regime_volatility,regime,ida1_price_eur_mwh,True,kept,da_price_eur_mwh_regime_vol_7d_over_28d,0.7825658841651646,0.0045833472772859995,regime_volatility,regime,ida1_price_eur_mwh,regime_volatility,regime,ida1_price_eur_mwh,False,elasticnet_coefficients
ida1_price_eur_mwh_rolling_mean_7d_same_local_qh,0.1111111111111111,0.1111111111111111,2.0,2.0,0.19245371859012225,0.0,2.5434352554601585,0.0,1.0,False,True,kept,81408,0.9860942875139299,78156,ida1_history,market_history,ida1_price_eur_mwh,True,kept,ida1_price_eur_mwh_lag_1d_same_local_qh,0.8189114187133436,0.7504586576838356,ida1_history,market_history,ida1_price_eur_mwh,ida1_history,market_history,ida1_price_eur_mwh,False,elasticnet_coefficients
ida1_price_eur_mwh_rolling_median_3d_same_local_qh,0.1111111111111111,0.1111111111111111,2.0,2.0,0.1278248828660852,0.0,1.849733298511805,0.0,1.0,False,True,kept,76896,0.9314404767672853,38707,ida1_history,market_history,ida1_price_eur_mwh,True,kept,ida1_price_eur_mwh_rolling_mean_7d_same_local_qh,0.9066714837935864,0.7280708788149781,ida1_history,market_history,ida1_price_eur_mwh,ida1_history,market_history,ida1_price_eur_mwh,False,elasticnet_coefficients
load_da_forecast_error_mw_rolling_median_28d_same_local_qh,0.1111111111111111,0.1111111111111111,2.0,2.0,0.07321810325097158,0.0,1.2331517562294585,0.0,1.0,False,True,kept,79580,0.9639517418479577,35539,lagged_forecast_error,lagged_forecast_error,load_da_forecast_error_mw,True,kept,load_da_forecast_error_mw_rolling_median_14d_same_local_qh,0.9180144394662437,0.051108981429308524,lagged_forecast_error,lagged_forecast_error,load_da_forecast_error_mw,lagged_forecast_error,lagged_forecast_error,load_da_forecast_error_mw,False,elasticnet_coefficients
residual_load_forecast_da_mw_lag_7d_same_local_qh,0.1111111111111111,0.1111111111111111,2.0,2.0,0.021633361533820745,0.0,0.284922230387191,0.0,1.0,False,True,kept,80907,0.9800256795387373,80610,da_forecast,forecast_level,residual_load_forecast_da_mw,True,kept,solar_forecast_da_mw_lag_7d_same_local_qh,0.5371936544308474,0.351744821574018,da_forecast,forecast_level,residual_load_forecast_da_mw,da_forecast,forecast_level,residual_load_forecast_da_mw,False,elasticnet_coefficients
residual_load_revision_id_minus_da_approx_mw_rolling_median_28d_same_local_qh,0.1111111111111111,0.1111111111111111,2.0,2.0,0.01176938362821598,0.0,0.12797176708597602,0.0,1.0,False,True,kept,81592,0.9883230776684917,29541,forecast_revision,forecast_revision,residual_load_revision_id_minus_da_approx_mw,True,kept,residual_load_revision_id_minus_da_approx_mw_rolling_mean_28d_same_local_qh,0.8212366986692099,0.1486930277694138,forecast_revision,forecast_revision,residual_load_revision_id_minus_da_approx_mw,forecast_revision,forecast_revision,residual_load_revision_id_minus_da_approx_mw,False,elasticnet_coefficients
solar_forecast_da_mw_lag_14d_same_local_qh,0.1111111111111111,0.1111111111111111,2.0,2.0,0.011790302625080634,0.0,0.20761260758006791,0.0,1.0,False,True,kept,45163,0.5470589660351761,42092,da_forecast,forecast_level,solar_forecast_da_mw,True,kept,solar_forecast_da_mw_lag_7d_same_local_qh,0.9166351489709924,0.44285644395491397,da_forecast,forecast_level,solar_forecast_da_mw,da_forecast,forecast_level,solar_forecast_da_mw,False,elasticnet_coefficients
solar_forecast_revision_id_minus_da_mw_lag_14d_same_local_qh,0.1111111111111111,0.1111111111111111,2.0,2.0,0.0038208364600968298,0.0,0.052303213113415334,0.0,1.0,False,True,kept,45111,0.5464290905567131,41262,forecast_revision,forecast_revision,solar_forecast_revision_id_minus_da_mw,True,kept,residual_load_revision_id_minus_da_approx_mw_lag_14d_same_local_qh,0.5085164844366072,0.0154520797927754,forecast_revision,forecast_revision,solar_forecast_revision_id_minus_da_mw,forecast_revision,forecast_revision,solar_forecast_revision_id_minus_da_mw,False,elasticnet_coefficients
solar_forecast_revision_id_minus_da_mw_lag_7d_same_local_qh,0.1111111111111111,0.1111111111111111,2.0,2.0,0.012731570287411403,0.0,0.1365371787146258,0.0,1.0,False,True,kept,46007,0.5572823295702312,42061,forecast_revision,forecast_revision,solar_forecast_revision_id_minus_da_mw,True,kept,residual_load_revision_id_minus_da_approx_mw_lag_7d_same_local_qh,0.5017229577842806,0.03161639263393659,forecast_revision,forecast_revision,solar_forecast_revision_id_minus_da_mw,forecast_revision,forecast_revision,solar_forecast_revision_id_minus_da_mw,False,elasticnet_coefficients
total_generation_forecast_da_mw_lag_2d_same_local_qh,0.1111111111111111,0.1111111111111111,2.0,2.0,0.007687419932362984,0.0,0.13249894681900945,0.0,0.0,False,True,kept,47723,0.5780682203595136,47538,da_forecast,forecast_level,total_generation_forecast_da_mw,True,kept,renewable_total_forecast_da_mw_lag_2d_same_local_qh,0.7373129631251848,0.1727295430039484,da_forecast,forecast_level,total_generation_forecast_da_mw,da_forecast,forecast_level,total_generation_forecast_da_mw,False,elasticnet_coefficients
weekday_sin,0.1111111111111111,0.1111111111111111,2.0,2.0,0.03805198459768107,0.0,0.3776786390964746,0.0,0.0,False,True,kept,82556,1.0,7,calendar,calendar,weekday_sin,True,kept,is_weekend,0.7915466906179177,0.139663429622866,calendar,calendar,weekday_sin,calendar,calendar,weekday_sin,False,elasticnet_coefficients
wind_offshore_da_forecast_error_mw_lag_14d_same_local_qh,0.1111111111111111,0.1111111111111111,2.0,2.0,0.001700094621197442,0.0,0.030316629109059058,0.0,1.0,False,True,kept,72635,0.8798270265032221,70299,lagged_forecast_error,lagged_forecast_error,wind_offshore_da_forecast_error_mw,True,kept,wind_offshore_id_forecast_error_mw_lag_14d_same_local_qh,0.8444814143614108,0.06019529990868196,lagged_forecast_error,lagged_forecast_error,wind_offshore_da_forecast_error_mw,lagged_forecast_error,lagged_forecast_error,wind_offshore_da_forecast_error_mw,False,elasticnet_coefficients
wind_offshore_id_forecast_error_mw_rolling_median_28d_same_local_qh,0.1111111111111111,0.1111111111111111,2.0,2.0,0.018872594235066528,0.0,0.2874862871053557,0.0,1.0,False,True,kept,79575,0.9638911768981056,29257,lagged_forecast_error,lagged_forecast_error,wind_offshore_id_forecast_error_mw,True,kept,wind_offshore_da_forecast_error_mw_rolling_median_28d_same_local_qh,0.8000592459056589,0.22142988254275825,lagged_forecast_error,lagged_forecast_error,wind_offshore_id_forecast_error_mw,lagged_forecast_error,lagged_forecast_error,wind_offshore_id_forecast_error_mw,False,elasticnet_coefficients
wind_onshore_da_forecast_error_mw_lag_2d_same_local_qh,0.1111111111111111,0.1111111111111111,2.0,2.0,0.040303460024270175,0.0,0.5776919781476194,0.0,1.0,False,True,kept,74658,0.9043316052134309,73678,lagged_forecast_error,lagged_forecast_error,wind_onshore_da_forecast_error_mw,True,kept,wind_onshore_da_forecast_error_mw_rolling_mean_3d_same_local_qh,0.6507245369487609,0.039992448106573625,lagged_forecast_error,lagged_forecast_error,wind_onshore_da_forecast_error_mw,lagged_forecast_error,lagged_forecast_error,wind_onshore_da_forecast_error_mw,False,elasticnet_coefficients
wind_onshore_da_forecast_error_mw_rolling_mean_3d_same_local_qh,0.1111111111111111,0.1111111111111111,2.0,2.0,0.025004749613180555,0.0,0.34583785935791284,0.0,1.0,False,True,kept,75636,0.9161781094045254,75550,lagged_forecast_error,lagged_forecast_error,wind_onshore_da_forecast_error_mw,True,kept,wind_onshore_da_forecast_error_mw_rolling_mean_7d_same_local_qh,0.7257147163655876,0.06344901599472247,lagged_forecast_error,lagged_forecast_error,wind_onshore_da_forecast_error_mw,lagged_forecast_error,lagged_forecast_error,wind_onshore_da_forecast_error_mw,False,elasticnet_coefficients
wind_onshore_da_forecast_error_mw_rolling_mean_7d_same_local_qh,0.1111111111111111,0.1111111111111111,2.0,2.0,0.009884451437501995,0.0,0.13169714216137762,0.0,1.0,False,True,kept,79964,0.9686031299966084,79911,lagged_forecast_error,lagged_forecast_error,wind_onshore_da_forecast_error_mw,True,kept,wind_onshore_da_forecast_error_mw_rolling_mean_14d_same_local_qh,0.7860380794364643,0.13244532197721964,lagged_forecast_error,lagged_forecast_error,wind_onshore_da_forecast_error_mw,lagged_forecast_error,lagged_forecast_error,wind_onshore_da_forecast_error_mw,False,elasticnet_coefficients
wind_onshore_id_forecast_error_mw_lag_1d_same_local_qh,0.1111111111111111,0.1111111111111111,2.0,2.0,0.009520655875006058,0.0,0.12608619180801722,0.0,1.0,False,True,kept,75815,0.918346334609235,74487,lagged_forecast_error,lagged_forecast_error,wind_onshore_id_forecast_error_mw,True,kept,wind_onshore_id_forecast_error_mw_rolling_mean_3d_same_local_qh,0.6346987802354376,0.028716293951223645,lagged_forecast_error,lagged_forecast_error,wind_onshore_id_forecast_error_mw,lagged_forecast_error,lagged_forecast_error,wind_onshore_id_forecast_error_mw,False,elasticnet_coefficients
wind_onshore_id_forecast_error_mw_lag_7d_same_local_qh,0.1111111111111111,0.1111111111111111,2.0,2.0,0.020029742206650422,0.0,0.3384221178329846,0.0,1.0,False,True,kept,73991,0.8962522409031445,72685,lagged_forecast_error,lagged_forecast_error,wind_onshore_id_forecast_error_mw,True,kept,wind_onshore_da_forecast_error_mw_lag_7d_same_local_qh,0.8533644804646695,0.06981153369486601,lagged_forecast_error,lagged_forecast_error,wind_onshore_id_forecast_error_mw,lagged_forecast_error,lagged_forecast_error,wind_onshore_id_forecast_error_mw,False,elasticnet_coefficients
wind_total_forecast_revision_id_minus_da_mw_regime_mean_shift_7d_vs_28d_z,0.1111111111111111,0.1111111111111111,2.0,2.0,0.0006514402628428616,0.0,0.011277230784958167,0.0,1.0,False,True,kept,81592,0.9883230776684917,81592,regime_mean_shift,regime,wind_total_forecast_revision_id_minus_da_mw,True,kept,ida1_minus_da_spread_eur_mwh_regime_mean_shift_7d_vs_28d_z,0.1391100544910009,0.007130393792147399,regime_mean_shift,regime,wind_total_forecast_revision_id_minus_da_mw,regime_mean_shift,regime,wind_total_forecast_revision_id_minus_da_mw,False,elasticnet_coefficients
wind_total_forecast_revision_id_minus_da_mw_rolling_mean_28d_same_local_qh,0.1111111111111111,0.1111111111111111,2.0,2.0,0.008695368694211976,0.0,0.1061676388398756,0.0,1.0,False,True,kept,81592,0.9883230776684917,81569,forecast_revision,forecast_revision,wind_total_forecast_revision_id_minus_da_mw,True,kept,residual_load_revision_id_minus_da_approx_mw_rolling_mean_28d_same_local_qh,0.8862141210914469,0.1341862212764068,forecast_revision,forecast_revision,wind_total_forecast_revision_id_minus_da_mw,forecast_revision,forecast_revision,wind_total_forecast_revision_id_minus_da_mw,False,elasticnet_coefficients
wind_total_forecast_revision_id_minus_da_mw_rolling_std_7d_same_local_qh,0.1111111111111111,0.1111111111111111,2.0,2.0,0.027484393519512082,0.0,0.3143413335413154,0.0,1.0,False,True,kept,82264,0.9964630069286302,82264,forecast_revision,forecast_revision,wind_total_forecast_revision_id_minus_da_mw,True,kept,renewable_total_forecast_revision_id_minus_da_mw_rolling_std_7d_same_local_qh,0.8358715410907589,0.022990398131734542,forecast_revision,forecast_revision,wind_total_forecast_revision_id_minus_da_mw,forecast_revision,forecast_revision,wind_total_forecast_revision_id_minus_da_mw,False,elasticnet_coefficients
da_price_eur_mwh_regime_mean_shift_7d_vs_28d_z,0.05555555555555555,0.05555555555555555,1.0,1.0,0.018150998122901982,0.0,0.3267179662122357,0.0,1.0,False,True,kept,81596,0.9883715296283735,55819,regime_mean_shift,regime,da_price_eur_mwh,True,kept,da_price_eur_mwh_regime_vol_28d,0.006185653990874296,0.23012128600065201,regime_mean_shift,regime,da_price_eur_mwh,regime_mean_shift,regime,da_price_eur_mwh,False,elasticnet_coefficients
da_price_eur_mwh_rolling_std_14d_same_local_qh,0.05555555555555555,0.05555555555555555,1.0,1.0,0.09810160453630222,0.0,1.76582888165344,0.0,1.0,False,True,kept,82076,0.9941857648141867,55642,da_price,market_history,da_price_eur_mwh,True,kept,da_price_eur_mwh_rolling_std_28d_same_local_qh,0.8867881704599689,0.2899065931281261,da_price,market_history,da_price_eur_mwh,da_price,market_history,da_price_eur_mwh,False,elasticnet_coefficients
da_price_eur_mwh_rolling_std_3d_same_local_qh,0.05555555555555555,0.05555555555555555,1.0,1.0,0.006654535363196509,0.0,0.11978163653753716,0.0,1.0,False,True,kept,82364,0.9976743059256747,53601,da_price,market_history,da_price_eur_mwh,True,kept,da_price_eur_mwh_rolling_std_7d_same_local_qh,0.6936710381338135,0.21571918821851246,da_price,market_history,da_price_eur_mwh,da_price,market_history,da_price_eur_mwh,False,elasticnet_coefficients
hour_sin,0.05555555555555555,0.05555555555555555,1.0,1.0,0.009284415254027727,0.0,0.1671194745724991,0.0,1.0,False,True,kept,82556,1.0,22,calendar,calendar,hour_sin,True,kept,quarter_cos,0.1363515913596717,0.09345500268901334,calendar,calendar,hour_sin,calendar,calendar,hour_sin,False,elasticnet_coefficients
ida1_minus_da_spread_eur_mwh_regime_abs_median_28d_over_vol,0.05555555555555555,0.05555555555555555,1.0,1.0,0.0012504808935150929,0.0,0.022508656083271673,0.0,1.0,False,True,kept,81500,0.9872086825912109,81479,regime_level,regime,ida1_minus_da_spread_eur_mwh,True,kept,ida1_minus_da_spread_eur_mwh_regime_vol_28d,0.19874989592594988,0.012016754157720756,regime_level,regime,ida1_minus_da_spread_eur_mwh,regime_level,regime,ida1_minus_da_spread_eur_mwh,False,elasticnet_coefficients
ida1_minus_da_spread_eur_mwh_regime_mean_shift_7d_vs_28d_z,0.05555555555555555,0.05555555555555555,1.0,1.0,0.000757477860796068,0.0,0.013634601494329223,0.0,1.0,False,True,kept,80736,0.9779543582537914,80736,regime_mean_shift,regime,ida1_minus_da_spread_eur_mwh,True,kept,ida1_price_eur_mwh_regime_mean_shift_7d_vs_28d_z,0.3021441834286058,0.017124156160331753,regime_mean_shift,regime,ida1_minus_da_spread_eur_mwh,regime_mean_shift,regime,ida1_minus_da_spread_eur_mwh,False,elasticnet_coefficients
ida1_minus_da_spread_eur_mwh_rolling_std_7d_same_local_qh,0.05555555555555555,0.05555555555555555,1.0,1.0,0.07735598003026756,0.0,1.392407640544816,0.0,1.0,False,True,kept,81408,0.9860942875139299,81393,ida1_history,market_history,ida1_minus_da_spread_eur_mwh,True,kept,ida1_minus_da_spread_eur_mwh_rolling_std_14d_same_local_qh,0.8379806085339042,0.16132063104928662,ida1_history,market_history,ida1_minus_da_spread_eur_mwh,ida1_history,market_history,ida1_minus_da_spread_eur_mwh,False,elasticnet_coefficients
ida1_price_eur_mwh_regime_mean_shift_7d_vs_28d_z,0.05555555555555555,0.05555555555555555,1.0,1.0,0.004973477701626643,0.0,0.08952259862927957,0.0,1.0,False,True,kept,80736,0.9779543582537914,80736,regime_mean_shift,regime,ida1_price_eur_mwh,True,kept,da_price_eur_mwh_regime_mean_shift_7d_vs_28d_z,0.902929617913061,0.2217557094978023,regime_mean_shift,regime,ida1_price_eur_mwh,regime_mean_shift,regime,ida1_price_eur_mwh,False,elasticnet_coefficients
ida1_volume_mw_lag_14d_same_local_qh,0.05555555555555555,0.05555555555555555,1.0,1.0,0.011303384410988139,0.0,0.20346091939778652,0.05555555555555555,1.0,False,True,kept,39256,0.4755075342797616,6552,ida1_history,market_history,ida1_volume_mw,True,kept,ida1_volume_mw_lag_7d_same_local_qh,0.7142509903818428,0.004083416522883489,ida1_history,market_history,ida1_volume_mw,ida1_history,market_history,ida1_volume_mw,False,elasticnet_coefficients
ida1_volume_mw_lag_7d_same_local_qh,0.05555555555555555,0.05555555555555555,1.0,1.0,0.021613795873087947,0.0,0.38904832571558307,0.05555555555555555,1.0,False,True,kept,40408,0.48946169872571343,6785,ida1_history,market_history,ida1_volume_mw,True,kept,ida1_volume_mw_lag_1d_same_local_qh,0.6876265423530122,0.021955043924219184,ida1_history,market_history,ida1_volume_mw,ida1_history,market_history,ida1_volume_mw,False,elasticnet_coefficients
is_weekend,0.05555555555555555,0.05555555555555555,1.0,1.0,0.011710130965292527,0.0,0.2107823573752655,0.0,1.0,False,True,kept,82556,1.0,2,calendar,calendar,is_weekend,True,kept,month_sin,0.002681478766739019,0.16520083011882264,calendar,calendar,is_weekend,calendar,calendar,is_weekend,False,elasticnet_coefficients
load_da_forecast_error_mw_rolling_median_14d_same_local_qh,0.05555555555555555,0.05555555555555555,1.0,1.0,0.01732528050567085,0.0,0.31185504910207534,0.0,1.0,False,True,kept,80156,0.9709288240709336,43671,lagged_forecast_error,lagged_forecast_error,load_da_forecast_error_mw,True,kept,load_da_forecast_error_mw_rolling_mean_7d_same_local_qh,0.9156606272860158,0.09718585074849792,lagged_forecast_error,lagged_forecast_error,load_da_forecast_error_mw,lagged_forecast_error,lagged_forecast_error,load_da_forecast_error_mw,False,elasticnet_coefficients
load_da_forecast_error_mw_rolling_std_14d_same_local_qh,0.05555555555555555,0.05555555555555555,1.0,1.0,0.0024334384762902113,0.0,0.043801892573223804,0.0,1.0,False,True,kept,80156,0.9709288240709336,80156,lagged_forecast_error,lagged_forecast_error,load_da_forecast_error_mw,True,kept,load_da_forecast_error_mw_rolling_std_28d_same_local_qh,0.7772304171813239,0.07971700475011045,lagged_forecast_error,lagged_forecast_error,load_da_forecast_error_mw,lagged_forecast_error,lagged_forecast_error,load_da_forecast_error_mw,False,elasticnet_coefficients
load_da_forecast_error_mw_rolling_std_28d_same_local_qh,0.05555555555555555,0.05555555555555555,1.0,1.0,0.015553223281647655,0.0,0.2799580190696578,0.0,1.0,False,True,kept,79580,0.9639517418479577,79292,lagged_forecast_error,lagged_forecast_error,load_da_forecast_error_mw,True,kept,wind_offshore_da_forecast_error_mw_rolling_mean_28d_same_local_qh,0.14778651570829088,0.13232398894508282,lagged_forecast_error,lagged_forecast_error,load_da_forecast_error_mw,lagged_forecast_error,lagged_forecast_error,load_da_forecast_error_mw,False,elasticnet_coefficients
load_forecast_da_mw_lag_1d_same_local_qh,0.05555555555555555,0.05555555555555555,1.0,1.0,0.015582332168429056,0.0,0.280481979031723,0.0,1.0,False,True,kept,82447,0.9986796840932216,81668,da_forecast,forecast_level,load_forecast_da_mw,True,kept,load_forecast_da_mw_lag_7d_same_local_qh,0.7620390481226176,0.16158916282110064,da_forecast,forecast_level,load_forecast_da_mw,da_forecast,forecast_level,load_forecast_da_mw,False,elasticnet_coefficients
load_forecast_da_mw_lag_2d_same_local_qh,0.05555555555555555,0.05555555555555555,1.0,1.0,0.02467125298751312,0.0,0.4440825537752362,0.0,1.0,False,True,kept,82351,0.9975168370560589,81578,da_forecast,forecast_level,load_forecast_da_mw,True,kept,load_forecast_da_mw_lag_1d_same_local_qh,0.7877670556281746,0.06876708782836471,da_forecast,forecast_level,load_forecast_da_mw,da_forecast,forecast_level,load_forecast_da_mw,False,elasticnet_coefficients
quarter_cos,0.05555555555555555,0.05555555555555555,1.0,1.0,0.050702304896846816,0.0,0.9126414881432426,0.0,1.0,False,True,kept,82556,1.0,89,calendar,calendar,quarter_cos,True,kept,month_sin,0.0016930032759618862,0.11186258942237683,calendar,calendar,quarter_cos,calendar,calendar,quarter_cos,False,elasticnet_coefficients
renewable_total_forecast_da_mw_lag_2d_same_local_qh,0.05555555555555555,0.05555555555555555,1.0,1.0,0.01549519819010739,0.0,0.278913567421933,0.0,1.0,False,True,kept,82348,0.9974804980861476,81945,da_forecast,forecast_level,renewable_total_forecast_da_mw,True,kept,residual_load_forecast_da_mw_lag_2d_same_local_qh,0.7425805038543457,0.2550525459890628,da_forecast,forecast_level,renewable_total_forecast_da_mw,da_forecast,forecast_level,renewable_total_forecast_da_mw,False,elasticnet_coefficients
renewable_total_forecast_revision_id_minus_da_mw_regime_vol_28d,0.05555555555555555,0.05555555555555555,1.0,1.0,0.014468677345696698,0.0,0.26043619222254055,0.0,1.0,False,True,kept,81592,0.9883230776684917,81592,regime_volatility,regime,renewable_total_forecast_revision_id_minus_da_mw,True,kept,da_price_eur_mwh_regime_abs_median_28d_over_vol,0.3518715327237985,0.11014688180734898,regime_volatility,regime,renewable_total_forecast_revision_id_minus_da_mw,regime_volatility,regime,renewable_total_forecast_revision_id_minus_da_mw,False,elasticnet_coefficients
renewable_total_forecast_revision_id_minus_da_mw_rolling_std_14d_same_local_qh,0.05555555555555555,0.05555555555555555,1.0,1.0,0.06745337396588913,0.0,1.2141607313860043,0.0,1.0,False,True,kept,82072,0.994137312854305,82072,forecast_revision,forecast_revision,renewable_total_forecast_revision_id_minus_da_mw,True,kept,renewable_total_forecast_revision_id_minus_da_mw_rolling_std_28d_same_local_qh,0.7704468739606369,0.08474397064873636,forecast_revision,forecast_revision,renewable_total_forecast_revision_id_minus_da_mw,forecast_revision,forecast_revision,renewable_total_forecast_revision_id_minus_da_mw,False,elasticnet_coefficients
renewable_total_forecast_revision_id_minus_da_mw_rolling_std_28d_same_local_qh,0.05555555555555555,0.05555555555555555,1.0,1.0,0.0035697509585236845,0.0,0.06425551725342632,0.0,1.0,False,True,kept,81592,0.9883230776684917,81592,forecast_revision,forecast_revision,renewable_total_forecast_revision_id_minus_da_mw,True,kept,wind_total_forecast_revision_id_minus_da_mw_rolling_mean_14d_same_local_qh,0.06519804778482892,0.11014688180734898,forecast_revision,forecast_revision,renewable_total_forecast_revision_id_minus_da_mw,forecast_revision,forecast_revision,renewable_total_forecast_revision_id_minus_da_mw,False,elasticnet_coefficients
residual_load_forecast_da_mw_lag_14d_same_local_qh,0.05555555555555555,0.05555555555555555,1.0,1.0,0.0072003002833105345,0.0,0.12960540509958962,0.0,1.0,False,True,kept,79279,0.960305731866854,78999,da_forecast,forecast_level,residual_load_forecast_da_mw,True,kept,solar_forecast_da_mw_lag_14d_same_local_qh,0.531442350214896,0.3408698480094339,da_forecast,forecast_level,residual_load_forecast_da_mw,da_forecast,forecast_level,residual_load_forecast_da_mw,False,elasticnet_coefficients
residual_load_revision_id_minus_da_approx_mw_lag_2d_same_local_qh,0.05555555555555555,0.05555555555555555,1.0,1.0,0.000218421401724781,0.0,0.003931585231046058,0.0,1.0,False,True,kept,82347,0.9974683850961772,79213,forecast_revision,forecast_revision,residual_load_revision_id_minus_da_approx_mw,True,kept,residual_load_revision_id_minus_da_approx_mw_rolling_mean_3d_same_local_qh,0.6061619482370714,0.013474638183564385,forecast_revision,forecast_revision,residual_load_revision_id_minus_da_approx_mw,forecast_revision,forecast_revision,residual_load_revision_id_minus_da_approx_mw,False,elasticnet_coefficients
residual_load_revision_id_minus_da_approx_mw_lag_7d_same_local_qh,0.05555555555555555,0.05555555555555555,1.0,1.0,0.01511391082947422,0.0,0.27205039493053595,0.0,1.0,False,True,kept,80907,0.9800256795387373,77827,forecast_revision,forecast_revision,residual_load_revision_id_minus_da_approx_mw,True,kept,residual_load_revision_id_minus_da_approx_mw_rolling_mean_7d_same_local_qh,0.3775749178723613,0.04357133903635349,forecast_revision,forecast_revision,residual_load_revision_id_minus_da_approx_mw,forecast_revision,forecast_revision,residual_load_revision_id_minus_da_approx_mw,False,elasticnet_coefficients
residual_load_revision_id_minus_da_approx_mw_rolling_mean_3d_same_local_qh,0.05555555555555555,0.05555555555555555,1.0,1.0,0.009314123153906876,0.0,0.16765421677032377,0.0,1.0,False,True,kept,82360,0.997625853965793,81540,forecast_revision,forecast_revision,residual_load_revision_id_minus_da_approx_mw,True,kept,residual_load_revision_id_minus_da_approx_mw_rolling_median_3d_same_local_qh,0.8457829781879495,0.033732462960494744,forecast_revision,forecast_revision,residual_load_revision_id_minus_da_approx_mw,forecast_revision,forecast_revision,residual_load_revision_id_minus_da_approx_mw,False,elasticnet_coefficients
solar_da_forecast_error_mw_lag_7d_same_local_qh,0.05555555555555555,0.05555555555555555,1.0,1.0,0.0007178083771531957,0.0,0.012920550788757522,0.0,1.0,False,True,kept,42150,0.5105625272542275,41185,lagged_forecast_error,lagged_forecast_error,solar_da_forecast_error_mw,True,kept,wind_onshore_id_forecast_error_mw_rolling_std_28d_same_local_qh,0.19972729675889692,0.054382797222648084,lagged_forecast_error,lagged_forecast_error,solar_da_forecast_error_mw,lagged_forecast_error,lagged_forecast_error,solar_da_forecast_error_mw,False,elasticnet_coefficients
total_generation_forecast_da_mw_lag_1d_same_local_qh,0.05555555555555555,0.05555555555555555,1.0,1.0,0.004282135615448248,0.0,0.07707844107806847,0.0,1.0,False,True,kept,47796,0.5789524686273559,47614,da_forecast,forecast_level,total_generation_forecast_da_mw,True,kept,total_generation_forecast_da_mw_lag_2d_same_local_qh,0.7705686800492102,0.16627372055806225,da_forecast,forecast_level,total_generation_forecast_da_mw,da_forecast,forecast_level,total_generation_forecast_da_mw,False,elasticnet_coefficients
total_generation_forecast_da_mw_lag_7d_same_local_qh,0.05555555555555555,0.05555555555555555,1.0,1.0,0.0008110258901260852,0.0,0.014598466022269533,0.0,1.0,False,True,kept,46643,0.5649861911914337,46460,da_forecast,forecast_level,total_generation_forecast_da_mw,True,kept,renewable_total_forecast_da_mw_lag_7d_same_local_qh,0.7428236814345502,0.05940021979682842,da_forecast,forecast_level,total_generation_forecast_da_mw,da_forecast,forecast_level,total_generation_forecast_da_mw,False,elasticnet_coefficients
weekday_cos,0.05555555555555555,0.05555555555555555,1.0,1.0,0.024923306311082517,0.0,0.4486195135994853,0.0,1.0,False,True,kept,82556,1.0,7,calendar,calendar,weekday_cos,True,kept,weekday_sin,0.21452701980620856,0.005936200681283132,calendar,calendar,weekday_cos,calendar,calendar,weekday_cos,False,elasticnet_coefficients
wind_offshore_da_forecast_error_mw_rolling_mean_3d_same_local_qh,0.05555555555555555,0.05555555555555555,1.0,1.0,0.006132469570077216,0.0,0.11038445226138989,0.0,1.0,False,True,kept,75632,0.9161296574446436,75354,lagged_forecast_error,lagged_forecast_error,wind_offshore_da_forecast_error_mw,True,kept,wind_offshore_id_forecast_error_mw_rolling_mean_3d_same_local_qh,0.8516044737471935,0.11852142550594955,lagged_forecast_error,lagged_forecast_error,wind_offshore_da_forecast_error_mw,lagged_forecast_error,lagged_forecast_error,wind_offshore_da_forecast_error_mw,False,elasticnet_coefficients
wind_offshore_da_forecast_error_mw_rolling_median_3d_same_local_qh,0.05555555555555555,0.05555555555555555,1.0,1.0,0.02159721706634716,0.0,0.38874990719424884,0.0,1.0,False,True,kept,75632,0.9161296574446436,47570,lagged_forecast_error,lagged_forecast_error,wind_offshore_da_forecast_error_mw,True,kept,wind_offshore_da_forecast_error_mw_rolling_mean_3d_same_local_qh,0.8346753378846317,0.11641232732829672,lagged_forecast_error,lagged_forecast_error,wind_offshore_da_forecast_error_mw,lagged_forecast_error,lagged_forecast_error,wind_offshore_da_forecast_error_mw,False,elasticnet_coefficients
wind_offshore_da_forecast_error_mw_rolling_std_7d_same_local_qh,0.05555555555555555,0.05555555555555555,1.0,1.0,0.01663033841263504,0.0,0.2993460914274307,0.0,1.0,False,True,kept,79962,0.9685789040166675,79960,lagged_forecast_error,lagged_forecast_error,wind_offshore_da_forecast_error_mw,True,kept,wind_offshore_id_forecast_error_mw_rolling_std_7d_same_local_qh,0.7852664895689004,0.009467830887371478,lagged_forecast_error,lagged_forecast_error,wind_offshore_da_forecast_error_mw,lagged_forecast_error,lagged_forecast_error,wind_offshore_da_forecast_error_mw,False,elasticnet_coefficients
wind_offshore_forecast_da_mw_lag_14d_same_local_qh,0.05555555555555555,0.05555555555555555,1.0,1.0,0.006693983773372074,0.0,0.12049170792069734,0.0,1.0,False,True,kept,79264,0.9601240370172973,74239,da_forecast,forecast_level,wind_offshore_forecast_da_mw,True,kept,renewable_total_forecast_da_mw_lag_14d_same_local_qh,0.5037697990783448,0.07227316677180093,da_forecast,forecast_level,wind_offshore_forecast_da_mw,da_forecast,forecast_level,wind_offshore_forecast_da_mw,False,elasticnet_coefficients
wind_offshore_forecast_revision_id_minus_da_mw_lag_14d_same_local_qh,0.05555555555555555,0.05555555555555555,1.0,1.0,0.0017002559958360574,0.0,0.030604607925049033,0.0,1.0,False,True,kept,79246,0.9599060031978294,70972,forecast_revision,forecast_revision,wind_offshore_forecast_revision_id_minus_da_mw,True,kept,residual_load_revision_id_minus_da_approx_mw_lag_14d_same_local_qh,0.47356626781528455,0.004579226621048481,forecast_revision,forecast_revision,wind_offshore_forecast_revision_id_minus_da_mw,forecast_revision,forecast_revision,wind_offshore_forecast_revision_id_minus_da_mw,False,elasticnet_coefficients
wind_offshore_forecast_revision_id_minus_da_mw_lag_2d_same_local_qh,0.05555555555555555,0.05555555555555555,1.0,1.0,0.0011776472175047648,0.0,0.021197649915085767,0.0,1.0,False,True,kept,82317,0.9971049953970638,73584,forecast_revision,forecast_revision,wind_offshore_forecast_revision_id_minus_da_mw,True,kept,residual_load_revision_id_minus_da_approx_mw_lag_2d_same_local_qh,0.46986269776042966,0.0038411971407092366,forecast_revision,forecast_revision,wind_offshore_forecast_revision_id_minus_da_mw,forecast_revision,forecast_revision,wind_offshore_forecast_revision_id_minus_da_mw,False,elasticnet_coefficients
wind_offshore_id_forecast_error_mw_rolling_mean_14d_same_local_qh,0.05555555555555555,0.05555555555555555,1.0,1.0,0.035253513566850685,0.0,0.6345632442033123,0.0,1.0,False,True,kept,80152,0.9708803721110519,80033,lagged_forecast_error,lagged_forecast_error,wind_offshore_id_forecast_error_mw,True,kept,wind_offshore_da_forecast_error_mw_rolling_mean_14d_same_local_qh,0.8552841984062003,0.19938096486671508,lagged_forecast_error,lagged_forecast_error,wind_offshore_id_forecast_error_mw,lagged_forecast_error,lagged_forecast_error,wind_offshore_id_forecast_error_mw,False,elasticnet_coefficients
wind_offshore_id_forecast_error_mw_rolling_mean_3d_same_local_qh,0.05555555555555555,0.05555555555555555,1.0,1.0,0.0028899857313090848,0.0,0.052019743163563524,0.0,1.0,False,True,kept,75628,0.9160812054847619,75315,lagged_forecast_error,lagged_forecast_error,wind_offshore_id_forecast_error_mw,True,kept,wind_offshore_id_forecast_error_mw_rolling_mean_7d_same_local_qh,0.6706815524451509,0.12440947284061206,lagged_forecast_error,lagged_forecast_error,wind_offshore_id_forecast_error_mw,lagged_forecast_error,lagged_forecast_error,wind_offshore_id_forecast_error_mw,False,elasticnet_coefficients
wind_offshore_id_forecast_error_mw_rolling_median_14d_same_local_qh,0.05555555555555555,0.05555555555555555,1.0,1.0,0.00941501978494181,0.0,0.16947035612895256,0.0,1.0,False,True,kept,80152,0.9708803721110519,39362,lagged_forecast_error,lagged_forecast_error,wind_offshore_id_forecast_error_mw,True,kept,wind_offshore_da_forecast_error_mw_rolling_median_14d_same_local_qh,0.7722881374744985,0.1988172992076684,lagged_forecast_error,lagged_forecast_error,wind_offshore_id_forecast_error_mw,lagged_forecast_error,lagged_forecast_error,wind_offshore_id_forecast_error_mw,False,elasticnet_coefficients
wind_offshore_id_forecast_error_mw_rolling_median_7d_same_local_qh,0.05555555555555555,0.05555555555555555,1.0,1.0,0.002002805161252329,0.0,0.03605049290254192,0.0,1.0,False,True,kept,79958,0.9685304520567857,38243,lagged_forecast_error,lagged_forecast_error,wind_offshore_id_forecast_error_mw,True,kept,wind_offshore_id_forecast_error_mw_rolling_mean_7d_same_local_qh,0.7723472525198471,0.1734917238620475,lagged_forecast_error,lagged_forecast_error,wind_offshore_id_forecast_error_mw,lagged_forecast_error,lagged_forecast_error,wind_offshore_id_forecast_error_mw,False,elasticnet_coefficients
wind_offshore_id_forecast_error_mw_rolling_std_3d_same_local_qh,0.05555555555555555,0.05555555555555555,1.0,1.0,0.034151311717256376,0.0,0.6147236109106148,0.0,1.0,False,True,kept,75628,0.9160812054847619,75626,lagged_forecast_error,lagged_forecast_error,wind_offshore_id_forecast_error_mw,True,kept,wind_offshore_id_forecast_error_mw_rolling_std_7d_same_local_qh,0.6872539032888455,0.020050175118010688,lagged_forecast_error,lagged_forecast_error,wind_offshore_id_forecast_error_mw,lagged_forecast_error,lagged_forecast_error,wind_offshore_id_forecast_error_mw,False,elasticnet_coefficients
wind_onshore_da_forecast_error_mw_rolling_median_14d_same_local_qh,0.05555555555555555,0.05555555555555555,1.0,1.0,0.004390617045093377,0.0,0.0790311068116808,0.0,1.0,False,True,kept,80152,0.9708803721110519,40692,lagged_forecast_error,lagged_forecast_error,wind_onshore_da_forecast_error_mw,True,kept,wind_onshore_da_forecast_error_mw_rolling_mean_14d_same_local_qh,0.8666305211770473,0.11572219087558099,lagged_forecast_error,lagged_forecast_error,wind_onshore_da_forecast_error_mw,lagged_forecast_error,lagged_forecast_error,wind_onshore_da_forecast_error_mw,False,elasticnet_coefficients
wind_onshore_da_forecast_error_mw_rolling_std_14d_same_local_qh,0.05555555555555555,0.05555555555555555,1.0,1.0,0.014508551142859252,0.0,0.2611539205714665,0.0,1.0,False,True,kept,80152,0.9708803721110519,80152,lagged_forecast_error,lagged_forecast_error,wind_onshore_da_forecast_error_mw,True,kept,wind_onshore_id_forecast_error_mw_rolling_std_14d_same_local_qh,0.8597665053620309,0.026587106319609616,lagged_forecast_error,lagged_forecast_error,wind_onshore_da_forecast_error_mw,lagged_forecast_error,lagged_forecast_error,wind_onshore_da_forecast_error_mw,False,elasticnet_coefficients
wind_onshore_forecast_revision_id_minus_da_mw_lag_14d_same_local_qh,0.05555555555555555,0.05555555555555555,1.0,1.0,0.0005924065691827613,0.0,0.010663318245289703,0.0,1.0,False,True,kept,79276,0.9602693928969427,76338,forecast_revision,forecast_revision,wind_onshore_forecast_revision_id_minus_da_mw,True,kept,residual_load_revision_id_minus_da_approx_mw_lag_14d_same_local_qh,0.8274829271761048,0.017751229831983312,forecast_revision,forecast_revision,wind_onshore_forecast_revision_id_minus_da_mw,forecast_revision,forecast_revision,wind_onshore_forecast_revision_id_minus_da_mw,False,elasticnet_coefficients
wind_onshore_id_forecast_error_mw_lag_14d_same_local_qh,0.05555555555555555,0.05555555555555555,1.0,1.0,0.011242295759821929,0.0,0.2023613236767947,0.0,1.0,False,True,kept,72647,0.8799723823828673,71378,lagged_forecast_error,lagged_forecast_error,wind_onshore_id_forecast_error_mw,True,kept,wind_onshore_id_forecast_error_mw_rolling_median_14d_same_local_qh,0.4020989152058701,0.05360994272775038,lagged_forecast_error,lagged_forecast_error,wind_onshore_id_forecast_error_mw,lagged_forecast_error,lagged_forecast_error,wind_onshore_id_forecast_error_mw,False,elasticnet_coefficients
wind_onshore_id_forecast_error_mw_rolling_mean_7d_same_local_qh,0.05555555555555555,0.05555555555555555,1.0,1.0,0.0007920895328467569,0.0,0.014257611591241625,0.0,1.0,False,True,kept,79964,0.9686031299966084,79913,lagged_forecast_error,lagged_forecast_error,wind_onshore_id_forecast_error_mw,True,kept,wind_onshore_da_forecast_error_mw_rolling_mean_7d_same_local_qh,0.8866618183101491,0.11951804797130884,lagged_forecast_error,lagged_forecast_error,wind_onshore_id_forecast_error_mw,lagged_forecast_error,lagged_forecast_error,wind_onshore_id_forecast_error_mw,False,elasticnet_coefficients
wind_onshore_id_forecast_error_mw_rolling_median_14d_same_local_qh,0.05555555555555555,0.05555555555555555,1.0,1.0,0.02724077615498992,0.0,0.4903339707898186,0.0,1.0,False,True,kept,80152,0.9708803721110519,40714,lagged_forecast_error,lagged_forecast_error,wind_onshore_id_forecast_error_mw,True,kept,wind_onshore_id_forecast_error_mw_rolling_mean_14d_same_local_qh,0.8703308350872168,0.08932238897900338,lagged_forecast_error,lagged_forecast_error,wind_onshore_id_forecast_error_mw,lagged_forecast_error,lagged_forecast_error,wind_onshore_id_forecast_error_mw,False,elasticnet_coefficients
wind_onshore_id_forecast_error_mw_rolling_median_28d_same_local_qh,0.05555555555555555,0.05555555555555555,1.0,1.0,0.004293560238166435,0.0,0.07728408428699582,0.0,1.0,False,True,kept,79576,0.9639032898880759,31422,lagged_forecast_error,lagged_forecast_error,wind_onshore_id_forecast_error_mw,True,kept,wind_onshore_da_forecast_error_mw_rolling_median_28d_same_local_qh,0.8575547077184632,0.09172396914305118,lagged_forecast_error,lagged_forecast_error,wind_onshore_id_forecast_error_mw,lagged_forecast_error,lagged_forecast_error,wind_onshore_id_forecast_error_mw,False,elasticnet_coefficients
wind_onshore_id_forecast_error_mw_rolling_median_7d_same_local_qh,0.05555555555555555,0.05555555555555555,1.0,1.0,0.012034765485124334,0.0,0.216625778732238,0.0,1.0,False,True,kept,79964,0.9686031299966084,39996,lagged_forecast_error,lagged_forecast_error,wind_onshore_id_forecast_error_mw,True,kept,wind_onshore_id_forecast_error_mw_rolling_mean_7d_same_local_qh,0.8515722356378819,0.08085307856995792,lagged_forecast_error,lagged_forecast_error,wind_onshore_id_forecast_error_mw,lagged_forecast_error,lagged_forecast_error,wind_onshore_id_forecast_error_mw,False,elasticnet_coefficients
wind_total_forecast_revision_id_minus_da_mw_rolling_mean_3d_same_local_qh,0.05555555555555555,0.05555555555555555,1.0,1.0,0.01900399903076654,0.0,0.3420719825537977,0.0,1.0,False,True,kept,82360,0.997625853965793,82040,forecast_revision,forecast_revision,wind_total_forecast_revision_id_minus_da_mw,True,kept,residual_load_revision_id_minus_da_approx_mw_rolling_mean_3d_same_local_qh,0.8924318683106782,0.02614944230026879,forecast_revision,forecast_revision,wind_total_forecast_revision_id_minus_da_mw,forecast_revision,forecast_revision,wind_total_forecast_revision_id_minus_da_mw,False,elasticnet_coefficients
ida1_minus_da_spread_eur_mwh_regime_vol_28d,0.0,0.0,0.0,0.0,0.0,0.0,0.0,0.0,,False,True,kept,81500,0.9872086825912109,81485,regime_volatility,regime,ida1_minus_da_spread_eur_mwh,True,kept,da_price_eur_mwh_regime_vol_28d,0.4821631100152219,0.20230022489443478,regime_volatility,regime,ida1_minus_da_spread_eur_mwh,regime_volatility,regime,ida1_minus_da_spread_eur_mwh,False,elasticnet_coefficients
ida1_minus_da_spread_eur_mwh_regime_vol_7d_over_28d,0.0,0.0,0.0,0.0,0.0,0.0,0.0,0.0,,False,True,kept,80736,0.9779543582537914,80736,regime_volatility,regime,ida1_minus_da_spread_eur_mwh,True,kept,ida1_minus_da_spread_eur_mwh_regime_vol_28d,0.09249960576833441,0.01321495816582158,regime_volatility,regime,ida1_minus_da_spread_eur_mwh,regime_volatility,regime,ida1_minus_da_spread_eur_mwh,False,elasticnet_coefficients
ida1_minus_da_spread_eur_mwh_rolling_std_28d_same_local_qh,0.0,0.0,0.0,0.0,0.0,0.0,0.0,0.0,,False,True,kept,81500,0.9872086825912109,81485,ida1_history,market_history,ida1_minus_da_spread_eur_mwh,True,kept,ida1_price_eur_mwh_rolling_std_14d_same_local_qh,0.5243380493233722,0.20230022489443478,ida1_history,market_history,ida1_minus_da_spread_eur_mwh,ida1_history,market_history,ida1_minus_da_spread_eur_mwh,False,elasticnet_coefficients
ida1_price_eur_mwh_lag_14d_same_local_qh,0.0,0.0,0.0,0.0,0.0,0.0,0.0,0.0,,False,True,kept,72948,0.8836183923639711,50174,ida1_history,market_history,ida1_price_eur_mwh,True,kept,ida1_price_eur_mwh_rolling_median_28d_same_local_qh,0.7929224511654606,0.6414716264177043,ida1_history,market_history,ida1_price_eur_mwh,ida1_history,market_history,ida1_price_eur_mwh,False,elasticnet_coefficients
ida1_price_eur_mwh_lag_7d_same_local_qh,0.0,0.0,0.0,0.0,0.0,0.0,0.0,0.0,,False,True,kept,74772,0.9057124860700615,51078,ida1_history,market_history,ida1_price_eur_mwh,True,kept,ida1_price_eur_mwh_rolling_mean_7d_same_local_qh,0.8226919688838382,0.6661272015312033,ida1_history,market_history,ida1_price_eur_mwh,ida1_history,market_history,ida1_price_eur_mwh,False,elasticnet_coefficients
ida1_price_eur_mwh_regime_abs_median_28d_over_vol,0.0,0.0,0.0,0.0,0.0,0.0,0.0,0.0,,False,True,kept,81500,0.9872086825912109,81471,regime_level,regime,ida1_price_eur_mwh,True,kept,da_price_eur_mwh_regime_vol_28d,0.6072143000865059,0.20932049189698684,regime_level,regime,ida1_price_eur_mwh,regime_level,regime,ida1_price_eur_mwh,False,elasticnet_coefficients
ida1_price_eur_mwh_rolling_std_14d_same_local_qh,0.0,0.0,0.0,0.0,0.0,0.0,0.0,0.0,,False,True,kept,81596,0.9883715296283735,81572,ida1_history,market_history,ida1_price_eur_mwh,True,kept,da_price_eur_mwh_rolling_std_14d_same_local_qh,0.9085243447787065,0.27240184101682374,ida1_history,market_history,ida1_price_eur_mwh,ida1_history,market_history,ida1_price_eur_mwh,False,elasticnet_coefficients
load_da_forecast_error_mw_rolling_mean_7d_same_local_qh,0.0,0.0,0.0,0.0,0.0,0.0,0.0,0.0,,False,True,kept,79968,0.9686515819564901,79901,lagged_forecast_error,lagged_forecast_error,load_da_forecast_error_mw,True,kept,load_da_forecast_error_mw_rolling_median_3d_same_local_qh,0.883476276312612,0.11467997584744277,lagged_forecast_error,lagged_forecast_error,load_da_forecast_error_mw,lagged_forecast_error,lagged_forecast_error,load_da_forecast_error_mw,False,elasticnet_coefficients
load_da_forecast_error_mw_rolling_std_7d_same_local_qh,0.0,0.0,0.0,0.0,0.0,0.0,0.0,0.0,,False,True,kept,79968,0.9686515819564901,79968,lagged_forecast_error,lagged_forecast_error,load_da_forecast_error_mw,True,kept,load_da_forecast_error_mw_rolling_std_14d_same_local_qh,0.7071716923119976,0.041805215361009083,lagged_forecast_error,lagged_forecast_error,load_da_forecast_error_mw,lagged_forecast_error,lagged_forecast_error,load_da_forecast_error_mw,False,elasticnet_coefficients
renewable_total_forecast_da_mw_lag_14d_same_local_qh,0.0,0.0,0.0,0.0,0.0,0.0,0.0,0.0,,False,True,kept,79280,0.9603178448568245,78898,da_forecast,forecast_level,renewable_total_forecast_da_mw,True,kept,residual_load_forecast_da_mw_lag_14d_same_local_qh,0.7369511153800736,0.20113914610730793,da_forecast,forecast_level,renewable_total_forecast_da_mw,da_forecast,forecast_level,renewable_total_forecast_da_mw,False,elasticnet_coefficients
renewable_total_forecast_da_mw_lag_1d_same_local_qh,0.0,0.0,0.0,0.0,0.0,0.0,0.0,0.0,,False,True,kept,82444,0.9986433451233102,82043,da_forecast,forecast_level,renewable_total_forecast_da_mw,True,kept,residual_load_forecast_da_mw_lag_1d_same_local_qh,0.7452689107309183,0.3214403717223453,da_forecast,forecast_level,renewable_total_forecast_da_mw,da_forecast,forecast_level,renewable_total_forecast_da_mw,False,elasticnet_coefficients
renewable_total_forecast_da_mw_lag_7d_same_local_qh,0.0,0.0,0.0,0.0,0.0,0.0,0.0,0.0,,False,True,kept,80908,0.9800377925287078,80502,da_forecast,forecast_level,renewable_total_forecast_da_mw,True,kept,residual_load_forecast_da_mw_lag_7d_same_local_qh,0.7418301345512115,0.20089541094005683,da_forecast,forecast_level,renewable_total_forecast_da_mw,da_forecast,forecast_level,renewable_total_forecast_da_mw,False,elasticnet_coefficients
residual_load_forecast_da_mw_lag_1d_same_local_qh,0.0,0.0,0.0,0.0,0.0,0.0,0.0,0.0,,False,True,kept,82443,0.9986312321333398,82141,da_forecast,forecast_level,residual_load_forecast_da_mw,True,kept,solar_forecast_da_mw_lag_1d_same_local_qh,0.5275404150859898,0.4326125678846173,da_forecast,forecast_level,residual_load_forecast_da_mw,da_forecast,forecast_level,residual_load_forecast_da_mw,False,elasticnet_coefficients
residual_load_forecast_da_mw_lag_2d_same_local_qh,0.0,0.0,0.0,0.0,0.0,0.0,0.0,0.0,,False,True,kept,82347,0.9974683850961772,82050,da_forecast,forecast_level,residual_load_forecast_da_mw,True,kept,residual_load_forecast_da_mw_lag_1d_same_local_qh,0.6249980918164423,0.3084458387475448,da_forecast,forecast_level,residual_load_forecast_da_mw,da_forecast,forecast_level,residual_load_forecast_da_mw,False,elasticnet_coefficients
residual_load_revision_id_minus_da_approx_mw_lag_14d_same_local_qh,0.0,0.0,0.0,0.0,0.0,0.0,0.0,0.0,,False,True,kept,79279,0.960305731866854,76303,forecast_revision,forecast_revision,residual_load_revision_id_minus_da_approx_mw,True,kept,residual_load_revision_id_minus_da_approx_mw_rolling_mean_14d_same_local_qh,0.2725190443159577,0.02140144659077798,forecast_revision,forecast_revision,residual_load_revision_id_minus_da_approx_mw,forecast_revision,forecast_revision,residual_load_revision_id_minus_da_approx_mw,False,elasticnet_coefficients
residual_load_revision_id_minus_da_approx_mw_regime_mean_shift_7d_vs_28d_z,0.0,0.0,0.0,0.0,0.0,0.0,0.0,0.0,,False,True,kept,81592,0.9883230776684917,81592,regime_mean_shift,regime,residual_load_revision_id_minus_da_approx_mw,True,kept,wind_total_forecast_revision_id_minus_da_mw_regime_mean_shift_7d_vs_28d_z,0.9020940661102721,0.0066539320798279355,regime_mean_shift,regime,residual_load_revision_id_minus_da_approx_mw,regime_mean_shift,regime,residual_load_revision_id_minus_da_approx_mw,False,elasticnet_coefficients
residual_load_revision_id_minus_da_approx_mw_rolling_mean_7d_same_local_qh,0.0,0.0,0.0,0.0,0.0,0.0,0.0,0.0,,False,True,kept,82264,0.9964630069286302,81991,forecast_revision,forecast_revision,residual_load_revision_id_minus_da_approx_mw,True,kept,residual_load_revision_id_minus_da_approx_mw_rolling_mean_14d_same_local_qh,0.73199382168806,0.08774986901449944,forecast_revision,forecast_revision,residual_load_revision_id_minus_da_approx_mw,forecast_revision,forecast_revision,residual_load_revision_id_minus_da_approx_mw,False,elasticnet_coefficients
residual_load_revision_id_minus_da_approx_mw_rolling_median_14d_same_local_qh,0.0,0.0,0.0,0.0,0.0,0.0,0.0,0.0,,False,True,kept,82072,0.994137312854305,39630,forecast_revision,forecast_revision,residual_load_revision_id_minus_da_approx_mw,True,kept,residual_load_revision_id_minus_da_approx_mw_rolling_mean_14d_same_local_qh,0.8191251669346993,0.11675854336567103,forecast_revision,forecast_revision,residual_load_revision_id_minus_da_approx_mw,forecast_revision,forecast_revision,residual_load_revision_id_minus_da_approx_mw,False,elasticnet_coefficients
residual_load_revision_id_minus_da_approx_mw_rolling_median_3d_same_local_qh,0.0,0.0,0.0,0.0,0.0,0.0,0.0,0.0,,False,True,kept,82360,0.997625853965793,50360,forecast_revision,forecast_revision,residual_load_revision_id_minus_da_approx_mw,True,kept,residual_load_revision_id_minus_da_approx_mw_rolling_median_7d_same_local_qh,0.5794209012614717,0.03952807215745656,forecast_revision,forecast_revision,residual_load_revision_id_minus_da_approx_mw,forecast_revision,forecast_revision,residual_load_revision_id_minus_da_approx_mw,False,elasticnet_coefficients
solar_da_forecast_error_mw_lag_1d_same_local_qh,0.0,0.0,0.0,0.0,0.0,0.0,0.0,0.0,,False,True,kept,43171,0.5229298900140511,42181,lagged_forecast_error,lagged_forecast_error,solar_da_forecast_error_mw,True,kept,solar_da_forecast_error_mw_rolling_mean_7d_same_local_qh,0.8693199203726262,0.04436492253408931,lagged_forecast_error,lagged_forecast_error,solar_da_forecast_error_mw,lagged_forecast_error,lagged_forecast_error,solar_da_forecast_error_mw,False,elasticnet_coefficients
solar_da_forecast_error_mw_lag_2d_same_local_qh,0.0,0.0,0.0,0.0,0.0,0.0,0.0,0.0,,False,True,kept,42558,0.5155046271621687,41595,lagged_forecast_error,lagged_forecast_error,solar_da_forecast_error_mw,True,kept,solar_da_forecast_error_mw_lag_7d_same_local_qh,0.7676285640039119,0.05181024099183775,lagged_forecast_error,lagged_forecast_error,solar_da_forecast_error_mw,lagged_forecast_error,lagged_forecast_error,solar_da_forecast_error_mw,False,elasticnet_coefficients
solar_da_forecast_error_mw_rolling_mean_7d_same_local_qh,0.0,0.0,0.0,0.0,0.0,0.0,0.0,0.0,,False,True,kept,45537,0.5515892242841223,45252,lagged_forecast_error,lagged_forecast_error,solar_da_forecast_error_mw,True,kept,solar_da_forecast_error_mw_lag_2d_same_local_qh,0.8842081349862934,0.045463747497412436,lagged_forecast_error,lagged_forecast_error,solar_da_forecast_error_mw,lagged_forecast_error,lagged_forecast_error,solar_da_forecast_error_mw,False,elasticnet_coefficients
solar_da_forecast_error_mw_rolling_std_7d_same_local_qh,0.0,0.0,0.0,0.0,0.0,0.0,0.0,0.0,,False,True,kept,45537,0.5515892242841223,45426,lagged_forecast_error,lagged_forecast_error,solar_da_forecast_error_mw,True,first_ranked_feature,,0.0,0.3132198674250252,lagged_forecast_error,lagged_forecast_error,solar_da_forecast_error_mw,lagged_forecast_error,lagged_forecast_error,solar_da_forecast_error_mw,False,elasticnet_coefficients
solar_forecast_da_mw_lag_7d_same_local_qh,0.0,0.0,0.0,0.0,0.0,0.0,0.0,0.0,,False,True,kept,46060,0.5579243180386647,42906,da_forecast,forecast_level,solar_forecast_da_mw,True,kept,solar_forecast_da_mw_lag_1d_same_local_qh,0.9178681247683227,0.455035521534675,da_forecast,forecast_level,solar_forecast_da_mw,da_forecast,forecast_level,solar_forecast_da_mw,False,elasticnet_coefficients
solar_forecast_revision_id_minus_da_mw_lag_1d_same_local_qh,0.0,0.0,0.0,0.0,0.0,0.0,0.0,0.0,,False,True,kept,46814,0.5670575124763797,42767,forecast_revision,forecast_revision,solar_forecast_revision_id_minus_da_mw,True,kept,residual_load_revision_id_minus_da_approx_mw_rolling_mean_3d_same_local_qh,0.3238235483830478,0.009830190637386582,forecast_revision,forecast_revision,solar_forecast_revision_id_minus_da_mw,forecast_revision,forecast_revision,solar_forecast_revision_id_minus_da_mw,False,elasticnet_coefficients
solar_id_forecast_error_mw_rolling_median_3d_same_local_qh,0.0,0.0,0.0,0.0,0.0,0.0,0.0,0.0,,False,True,kept,43733,0.5297373903774407,29374,lagged_forecast_error,lagged_forecast_error,solar_id_forecast_error_mw,True,kept,solar_da_forecast_error_mw_rolling_mean_7d_same_local_qh,0.9180868774499976,0.014616289526834414,lagged_forecast_error,lagged_forecast_error,solar_id_forecast_error_mw,lagged_forecast_error,lagged_forecast_error,solar_id_forecast_error_mw,False,elasticnet_coefficients
solar_id_forecast_error_mw_rolling_std_14d_same_local_qh,0.0,0.0,0.0,0.0,0.0,0.0,0.0,0.0,,False,True,kept,46650,0.5650709821212268,46512,lagged_forecast_error,lagged_forecast_error,solar_id_forecast_error_mw,True,kept,solar_da_forecast_error_mw_rolling_std_7d_same_local_qh,0.9193935304295211,0.29686248288796235,lagged_forecast_error,lagged_forecast_error,solar_id_forecast_error_mw,lagged_forecast_error,lagged_forecast_error,solar_id_forecast_error_mw,False,elasticnet_coefficients
total_generation_forecast_da_mw_lag_14d_same_local_qh,0.0,0.0,0.0,0.0,0.0,0.0,0.0,0.0,,False,True,kept,45519,0.5513711904646543,45346,da_forecast,forecast_level,total_generation_forecast_da_mw,True,kept,renewable_total_forecast_da_mw_lag_14d_same_local_qh,0.7394196946300569,0.09395483371318941,da_forecast,forecast_level,total_generation_forecast_da_mw,da_forecast,forecast_level,total_generation_forecast_da_mw,False,elasticnet_coefficients
wind_offshore_da_forecast_error_mw_lag_1d_same_local_qh,0.0,0.0,0.0,0.0,0.0,0.0,0.0,0.0,,False,True,kept,75803,0.9182009787295896,73327,lagged_forecast_error,lagged_forecast_error,wind_offshore_da_forecast_error_mw,True,kept,wind_offshore_id_forecast_error_mw_lag_1d_same_local_qh,0.8446139512693787,0.07636166624187589,lagged_forecast_error,lagged_forecast_error,wind_offshore_da_forecast_error_mw,lagged_forecast_error,lagged_forecast_error,wind_offshore_da_forecast_error_mw,False,elasticnet_coefficients
wind_offshore_da_forecast_error_mw_rolling_mean_28d_same_local_qh,0.0,0.0,0.0,0.0,0.0,0.0,0.0,0.0,,False,True,kept,79572,0.9638548379281942,79237,lagged_forecast_error,lagged_forecast_error,wind_offshore_da_forecast_error_mw,True,kept,wind_offshore_id_forecast_error_mw_rolling_mean_28d_same_local_qh,0.8651507887803227,0.22092400568538284,lagged_forecast_error,lagged_forecast_error,wind_offshore_da_forecast_error_mw,lagged_forecast_error,lagged_forecast_error,wind_offshore_da_forecast_error_mw,False,elasticnet_coefficients
wind_offshore_da_forecast_error_mw_rolling_median_14d_same_local_qh,0.0,0.0,0.0,0.0,0.0,0.0,0.0,0.0,,False,True,kept,80151,0.9708682591210814,39156,lagged_forecast_error,lagged_forecast_error,wind_offshore_da_forecast_error_mw,True,kept,wind_offshore_da_forecast_error_mw_rolling_median_28d_same_local_qh,0.7515854392710152,0.20538033215126034,lagged_forecast_error,lagged_forecast_error,wind_offshore_da_forecast_error_mw,lagged_forecast_error,lagged_forecast_error,wind_offshore_da_forecast_error_mw,False,elasticnet_coefficients
wind_offshore_da_forecast_error_mw_rolling_median_28d_same_local_qh,0.0,0.0,0.0,0.0,0.0,0.0,0.0,0.0,,False,True,kept,79572,0.9638548379281942,29537,lagged_forecast_error,lagged_forecast_error,wind_offshore_da_forecast_error_mw,True,kept,solar_id_forecast_error_mw_rolling_std_14d_same_local_qh,0.21661030858429575,0.22459054100796916,lagged_forecast_error,lagged_forecast_error,wind_offshore_da_forecast_error_mw,lagged_forecast_error,lagged_forecast_error,wind_offshore_da_forecast_error_mw,False,elasticnet_coefficients
wind_offshore_forecast_da_mw_lag_1d_same_local_qh,0.0,0.0,0.0,0.0,0.0,0.0,0.0,0.0,,False,True,kept,82431,0.9984858762536944,77008,da_forecast,forecast_level,wind_offshore_forecast_da_mw,True,kept,wind_onshore_forecast_da_mw_lag_1d_same_local_qh,0.7428622092828082,0.003020871716331213,da_forecast,forecast_level,wind_offshore_forecast_da_mw,da_forecast,forecast_level,wind_offshore_forecast_da_mw,False,elasticnet_coefficients
wind_offshore_forecast_id_mw_lag_7d_same_local_qh,0.0,0.0,0.0,0.0,0.0,0.0,0.0,0.0,,False,True,kept,80895,0.9798803236590921,75679,id_forecast,forecast_level,wind_offshore_forecast_id_mw,True,kept,renewable_total_forecast_da_mw_lag_7d_same_local_qh,0.49424975699693374,0.09996309295400625,id_forecast,forecast_level,wind_offshore_forecast_id_mw,id_forecast,forecast_level,wind_offshore_forecast_id_mw,False,elasticnet_coefficients
wind_offshore_id_forecast_error_mw_lag_2d_same_local_qh,0.0,0.0,0.0,0.0,0.0,0.0,0.0,0.0,,False,True,kept,74648,0.9042104753137264,71525,lagged_forecast_error,lagged_forecast_error,wind_offshore_id_forecast_error_mw,True,kept,wind_offshore_da_forecast_error_mw_lag_2d_same_local_qh,0.8471047613063412,0.07385673275048359,lagged_forecast_error,lagged_forecast_error,wind_offshore_id_forecast_error_mw,lagged_forecast_error,lagged_forecast_error,wind_offshore_id_forecast_error_mw,False,elasticnet_coefficients
wind_offshore_id_forecast_error_mw_lag_7d_same_local_qh,0.0,0.0,0.0,0.0,0.0,0.0,0.0,0.0,,False,True,kept,73978,0.8960947720335287,70876,lagged_forecast_error,lagged_forecast_error,wind_offshore_id_forecast_error_mw,True,kept,wind_offshore_id_forecast_error_mw_rolling_mean_7d_same_local_qh,0.38688796222482325,0.07854685304652397,lagged_forecast_error,lagged_forecast_error,wind_offshore_id_forecast_error_mw,lagged_forecast_error,lagged_forecast_error,wind_offshore_id_forecast_error_mw,False,elasticnet_coefficients
wind_offshore_id_forecast_error_mw_rolling_mean_7d_same_local_qh,0.0,0.0,0.0,0.0,0.0,0.0,0.0,0.0,,False,True,kept,79958,0.9685304520567857,79763,lagged_forecast_error,lagged_forecast_error,wind_offshore_id_forecast_error_mw,True,kept,wind_offshore_id_forecast_error_mw_rolling_mean_14d_same_local_qh,0.7422865404761881,0.18076792838275113,lagged_forecast_error,lagged_forecast_error,wind_offshore_id_forecast_error_mw,lagged_forecast_error,lagged_forecast_error,wind_offshore_id_forecast_error_mw,False,elasticnet_coefficients
wind_offshore_id_forecast_error_mw_rolling_std_7d_same_local_qh,0.0,0.0,0.0,0.0,0.0,0.0,0.0,0.0,,False,True,kept,79958,0.9685304520567857,79956,lagged_forecast_error,lagged_forecast_error,wind_offshore_id_forecast_error_mw,True,kept,wind_offshore_id_forecast_error_mw_rolling_std_28d_same_local_qh,0.647192134947619,0.024878953436424774,lagged_forecast_error,lagged_forecast_error,wind_offshore_id_forecast_error_mw,lagged_forecast_error,lagged_forecast_error,wind_offshore_id_forecast_error_mw,False,elasticnet_coefficients
wind_onshore_da_forecast_error_mw_lag_14d_same_local_qh,0.0,0.0,0.0,0.0,0.0,0.0,0.0,0.0,,False,True,kept,72643,0.8799239304229856,71699,lagged_forecast_error,lagged_forecast_error,wind_onshore_da_forecast_error_mw,True,kept,wind_onshore_id_forecast_error_mw_lag_14d_same_local_qh,0.8523250019954492,0.052350508375156,lagged_forecast_error,lagged_forecast_error,wind_onshore_da_forecast_error_mw,lagged_forecast_error,lagged_forecast_error,wind_onshore_da_forecast_error_mw,False,elasticnet_coefficients
wind_onshore_da_forecast_error_mw_rolling_mean_14d_same_local_qh,0.0,0.0,0.0,0.0,0.0,0.0,0.0,0.0,,False,True,kept,80152,0.9708803721110519,80128,lagged_forecast_error,lagged_forecast_error,wind_onshore_da_forecast_error_mw,True,kept,wind_onshore_da_forecast_error_mw_rolling_mean_28d_same_local_qh,0.8172748771612488,0.166695811474968,lagged_forecast_error,lagged_forecast_error,wind_onshore_da_forecast_error_mw,lagged_forecast_error,lagged_forecast_error,wind_onshore_da_forecast_error_mw,False,elasticnet_coefficients
wind_onshore_da_forecast_error_mw_rolling_mean_28d_same_local_qh,0.0,0.0,0.0,0.0,0.0,0.0,0.0,0.0,,False,True,kept,79576,0.9639032898880759,79274,lagged_forecast_error,lagged_forecast_error,wind_onshore_da_forecast_error_mw,True,kept,wind_offshore_da_forecast_error_mw_rolling_median_28d_same_local_qh,0.22455023536999122,0.18297126266559233,lagged_forecast_error,lagged_forecast_error,wind_onshore_da_forecast_error_mw,lagged_forecast_error,lagged_forecast_error,wind_onshore_da_forecast_error_mw,False,elasticnet_coefficients
wind_onshore_da_forecast_error_mw_rolling_median_28d_same_local_qh,0.0,0.0,0.0,0.0,0.0,0.0,0.0,0.0,,False,True,kept,79576,0.9639032898880759,31166,lagged_forecast_error,lagged_forecast_error,wind_onshore_da_forecast_error_mw,True,kept,wind_onshore_da_forecast_error_mw_rolling_mean_28d_same_local_qh,0.873233648891596,0.12805765283402648,lagged_forecast_error,lagged_forecast_error,wind_onshore_da_forecast_error_mw,lagged_forecast_error,lagged_forecast_error,wind_onshore_da_forecast_error_mw,False,elasticnet_coefficients
wind_onshore_da_forecast_error_mw_rolling_median_3d_same_local_qh,0.0,0.0,0.0,0.0,0.0,0.0,0.0,0.0,,False,True,kept,75636,0.9161781094045254,49464,lagged_forecast_error,lagged_forecast_error,wind_onshore_da_forecast_error_mw,True,kept,wind_onshore_da_forecast_error_mw_rolling_mean_3d_same_local_qh,0.8826969366560948,0.046896280467052354,lagged_forecast_error,lagged_forecast_error,wind_onshore_da_forecast_error_mw,lagged_forecast_error,lagged_forecast_error,wind_onshore_da_forecast_error_mw,False,elasticnet_coefficients
wind_onshore_da_forecast_error_mw_rolling_median_7d_same_local_qh,0.0,0.0,0.0,0.0,0.0,0.0,0.0,0.0,,False,True,kept,79964,0.9686031299966084,39993,lagged_forecast_error,lagged_forecast_error,wind_onshore_da_forecast_error_mw,True,kept,wind_onshore_da_forecast_error_mw_rolling_mean_7d_same_local_qh,0.8547759748448092,0.09980354850015544,lagged_forecast_error,lagged_forecast_error,wind_onshore_da_forecast_error_mw,lagged_forecast_error,lagged_forecast_error,wind_onshore_da_forecast_error_mw,False,elasticnet_coefficients
wind_onshore_da_forecast_error_mw_rolling_std_7d_same_local_qh,0.0,0.0,0.0,0.0,0.0,0.0,0.0,0.0,,False,True,kept,79964,0.9686031299966084,79964,lagged_forecast_error,lagged_forecast_error,wind_onshore_da_forecast_error_mw,True,kept,wind_onshore_id_forecast_error_mw_rolling_std_7d_same_local_qh,0.8218161668908569,0.039857427709100474,lagged_forecast_error,lagged_forecast_error,wind_onshore_da_forecast_error_mw,lagged_forecast_error,lagged_forecast_error,wind_onshore_da_forecast_error_mw,False,elasticnet_coefficients
wind_onshore_forecast_revision_id_minus_da_mw_lag_7d_same_local_qh,0.0,0.0,0.0,0.0,0.0,0.0,0.0,0.0,,False,True,kept,80903,0.9799772275788555,77852,forecast_revision,forecast_revision,wind_onshore_forecast_revision_id_minus_da_mw,True,kept,residual_load_revision_id_minus_da_approx_mw_lag_7d_same_local_qh,0.8313692266837095,0.03439796858527397,forecast_revision,forecast_revision,wind_onshore_forecast_revision_id_minus_da_mw,forecast_revision,forecast_revision,wind_onshore_forecast_revision_id_minus_da_mw,False,elasticnet_coefficients
wind_onshore_id_forecast_error_mw_lag_2d_same_local_qh,0.0,0.0,0.0,0.0,0.0,0.0,0.0,0.0,,False,True,kept,74663,0.9043921701632831,73345,lagged_forecast_error,lagged_forecast_error,wind_onshore_id_forecast_error_mw,True,kept,wind_onshore_da_forecast_error_mw_lag_2d_same_local_qh,0.8511476289682061,0.0355436667529674,lagged_forecast_error,lagged_forecast_error,wind_onshore_id_forecast_error_mw,lagged_forecast_error,lagged_forecast_error,wind_onshore_id_forecast_error_mw,False,elasticnet_coefficients
wind_onshore_id_forecast_error_mw_rolling_mean_14d_same_local_qh,0.0,0.0,0.0,0.0,0.0,0.0,0.0,0.0,,False,True,kept,80152,0.9708803721110519,80127,lagged_forecast_error,lagged_forecast_error,wind_onshore_id_forecast_error_mw,True,kept,wind_onshore_da_forecast_error_mw_rolling_mean_14d_same_local_qh,0.9086219408239954,0.1431846092562196,lagged_forecast_error,lagged_forecast_error,wind_onshore_id_forecast_error_mw,lagged_forecast_error,lagged_forecast_error,wind_onshore_id_forecast_error_mw,False,elasticnet_coefficients
wind_onshore_id_forecast_error_mw_rolling_median_3d_same_local_qh,0.0,0.0,0.0,0.0,0.0,0.0,0.0,0.0,,False,True,kept,75636,0.9161781094045254,49168,lagged_forecast_error,lagged_forecast_error,wind_onshore_id_forecast_error_mw,True,kept,wind_onshore_id_forecast_error_mw_rolling_mean_3d_same_local_qh,0.8745356268188421,0.04724428250785692,lagged_forecast_error,lagged_forecast_error,wind_onshore_id_forecast_error_mw,lagged_forecast_error,lagged_forecast_error,wind_onshore_id_forecast_error_mw,False,elasticnet_coefficients
wind_onshore_id_forecast_error_mw_rolling_std_14d_same_local_qh,0.0,0.0,0.0,0.0,0.0,0.0,0.0,0.0,,False,True,kept,80152,0.9708803721110519,80152,lagged_forecast_error,lagged_forecast_error,wind_onshore_id_forecast_error_mw,True,kept,wind_onshore_id_forecast_error_mw_rolling_std_7d_same_local_qh,0.8747418838001114,0.09261095925460296,lagged_forecast_error,lagged_forecast_error,wind_onshore_id_forecast_error_mw,lagged_forecast_error,lagged_forecast_error,wind_onshore_id_forecast_error_mw,False,elasticnet_coefficients
wind_onshore_id_forecast_error_mw_rolling_std_3d_same_local_qh,0.0,0.0,0.0,0.0,0.0,0.0,0.0,0.0,,False,True,kept,75636,0.9161781094045254,75634,lagged_forecast_error,lagged_forecast_error,wind_onshore_id_forecast_error_mw,True,kept,wind_onshore_id_forecast_error_mw_rolling_std_7d_same_local_qh,0.7578887768215459,0.08100740966414362,lagged_forecast_error,lagged_forecast_error,wind_onshore_id_forecast_error_mw,lagged_forecast_error,lagged_forecast_error,wind_onshore_id_forecast_error_mw,False,elasticnet_coefficients
wind_onshore_id_forecast_error_mw_rolling_std_7d_same_local_qh,0.0,0.0,0.0,0.0,0.0,0.0,0.0,0.0,,False,True,kept,79964,0.9686031299966084,79964,lagged_forecast_error,lagged_forecast_error,wind_onshore_id_forecast_error_mw,True,kept,solar_id_forecast_error_mw_rolling_std_14d_same_local_qh,0.43094523939993573,0.09711803536433715,lagged_forecast_error,lagged_forecast_error,wind_onshore_id_forecast_error_mw,lagged_forecast_error,lagged_forecast_error,wind_onshore_id_forecast_error_mw,False,elasticnet_coefficients
wind_total_forecast_id_mw_lag_7d_same_local_qh,0.0,0.0,0.0,0.0,0.0,0.0,0.0,0.0,,False,True,kept,80908,0.9800377925287078,80268,id_forecast,forecast_level,wind_total_forecast_id_mw,True,kept,wind_offshore_forecast_id_mw_lag_7d_same_local_qh,0.8272675195570457,0.05597306688873611,id_forecast,forecast_level,wind_total_forecast_id_mw,id_forecast,forecast_level,wind_total_forecast_id_mw,False,elasticnet_coefficients
wind_total_forecast_revision_id_minus_da_mw_regime_vol_28d,0.0,0.0,0.0,0.0,0.0,0.0,0.0,0.0,,False,True,kept,81592,0.9883230776684917,81592,regime_volatility,regime,wind_total_forecast_revision_id_minus_da_mw,True,kept,renewable_total_forecast_revision_id_minus_da_mw_regime_vol_28d,0.7964630184736334,0.04979651199763704,regime_volatility,regime,wind_total_forecast_revision_id_minus_da_mw,regime_volatility,regime,wind_total_forecast_revision_id_minus_da_mw,False,elasticnet_coefficients
wind_total_forecast_revision_id_minus_da_mw_rolling_mean_14d_same_local_qh,0.0,0.0,0.0,0.0,0.0,0.0,0.0,0.0,,False,True,kept,82072,0.994137312854305,82018,forecast_revision,forecast_revision,wind_total_forecast_revision_id_minus_da_mw,True,kept,residual_load_revision_id_minus_da_approx_mw_rolling_mean_14d_same_local_qh,0.8850041382227881,0.11552275231232748,forecast_revision,forecast_revision,wind_total_forecast_revision_id_minus_da_mw,forecast_revision,forecast_revision,wind_total_forecast_revision_id_minus_da_mw,False,elasticnet_coefficients
wind_total_forecast_revision_id_minus_da_mw_rolling_mean_7d_same_local_qh,0.0,0.0,0.0,0.0,0.0,0.0,0.0,0.0,,False,True,kept,82264,0.9964630069286302,82183,forecast_revision,forecast_revision,wind_total_forecast_revision_id_minus_da_mw,True,kept,residual_load_revision_id_minus_da_approx_mw_rolling_mean_7d_same_local_qh,0.8908132838314307,0.067511216725652,forecast_revision,forecast_revision,wind_total_forecast_revision_id_minus_da_mw,forecast_revision,forecast_revision,wind_total_forecast_revision_id_minus_da_mw,False,elasticnet_coefficients
wind_total_forecast_revision_id_minus_da_mw_rolling_median_28d_same_local_qh,0.0,0.0,0.0,0.0,0.0,0.0,0.0,0.0,,False,True,kept,81592,0.9883230776684917,29844,forecast_revision,forecast_revision,wind_total_forecast_revision_id_minus_da_mw,True,kept,residual_load_revision_id_minus_da_approx_mw_rolling_median_28d_same_local_qh,0.8387112861386805,0.10239984849910673,forecast_revision,forecast_revision,wind_total_forecast_revision_id_minus_da_mw,forecast_revision,forecast_revision,wind_total_forecast_revision_id_minus_da_mw,False,elasticnet_coefficients
wind_total_forecast_revision_id_minus_da_mw_rolling_median_7d_same_local_qh,0.0,0.0,0.0,0.0,0.0,0.0,0.0,0.0,,False,True,kept,82264,0.9964630069286302,36058,forecast_revision,forecast_revision,wind_total_forecast_revision_id_minus_da_mw,True,kept,residual_load_revision_id_minus_da_approx_mw_rolling_median_7d_same_local_qh,0.8332889424055925,0.055686543338098575,forecast_revision,forecast_revision,wind_total_forecast_revision_id_minus_da_mw,forecast_revision,forecast_revision,wind_total_forecast_revision_id_minus_da_mw,False,elasticnet_coefficients
wind_total_forecast_revision_id_minus_da_mw_rolling_std_28d_same_local_qh,0.0,0.0,0.0,0.0,0.0,0.0,0.0,0.0,,False,True,kept,81592,0.9883230776684917,81592,forecast_revision,forecast_revision,wind_total_forecast_revision_id_minus_da_mw,True,kept,renewable_total_forecast_revision_id_minus_da_mw_rolling_std_28d_same_local_qh,0.7964630184736334,0.04979651199763704,forecast_revision,forecast_revision,wind_total_forecast_revision_id_minus_da_mw,forecast_revision,forecast_revision,wind_total_forecast_revision_id_minus_da_mw,False,elasticnet_coefficients
da_price_eur_mwh_lag_14d_same_local_qh,,,,,,,,,,False,True,kept,79270,0.96019671495712,13243,da_price,market_history,da_price_eur_mwh,False,too_correlated_with_kept_feature,ida1_price_eur_mwh_lag_14d_same_local_qh,0.9214706416254395,0.6210075892030895,da_price,market_history,da_price_eur_mwh,da_price,market_history,da_price_eur_mwh,False,elasticnet_coefficients
da_price_eur_mwh_lag_1d_same_local_qh,,,,,,,,,,False,True,kept,82440,0.9985948931634284,13520,da_price,market_history,da_price_eur_mwh,False,too_correlated_with_kept_feature,ida1_price_eur_mwh_lag_1d_same_local_qh,0.9223554241998098,0.7263556887457616,da_price,market_history,da_price_eur_mwh,da_price,market_history,da_price_eur_mwh,False,elasticnet_coefficients
da_price_eur_mwh_lag_7d_same_local_qh,,,,,,,,,,False,True,kept,80899,0.9799287756189737,13483,da_price,market_history,da_price_eur_mwh,False,too_correlated_with_kept_feature,ida1_price_eur_mwh_lag_7d_same_local_qh,0.9225466457477612,0.6440334813531698,da_price,market_history,da_price_eur_mwh,da_price,market_history,da_price_eur_mwh,False,elasticnet_coefficients
da_price_eur_mwh_rolling_mean_14d_same_local_qh,,,,,,,,,,False,True,kept,82076,0.9941857648141867,38861,da_price,market_history,da_price_eur_mwh,False,too_correlated_with_kept_feature,da_price_eur_mwh_rolling_median_14d_same_local_qh,0.9830275705061695,0.7091496878468482,da_price,market_history,da_price_eur_mwh,da_price,market_history,da_price_eur_mwh,False,elasticnet_coefficients
da_price_eur_mwh_rolling_mean_28d_same_local_qh,,,,,,,,,,False,True,kept,81596,0.9883715296283735,45807,da_price,market_history,da_price_eur_mwh,False,too_correlated_with_kept_feature,da_price_eur_mwh_rolling_median_14d_same_local_qh,0.941715216908396,0.670568211428121,da_price,market_history,da_price_eur_mwh,da_price,market_history,da_price_eur_mwh,False,elasticnet_coefficients
da_price_eur_mwh_rolling_mean_3d_same_local_qh,,,,,,,,,,False,True,kept,82364,0.9976743059256747,34715,da_price,market_history,da_price_eur_mwh,False,too_correlated_with_kept_feature,ida1_price_eur_mwh_rolling_median_3d_same_local_qh,0.9218663635789279,0.7072142722261483,da_price,market_history,da_price_eur_mwh,da_price,market_history,da_price_eur_mwh,False,elasticnet_coefficients
da_price_eur_mwh_rolling_mean_7d_same_local_qh,,,,,,,,,,False,True,kept,82268,0.996511458888512,33881,da_price,market_history,da_price_eur_mwh,False,too_correlated_with_kept_feature,ida1_price_eur_mwh_rolling_mean_7d_same_local_qh,0.9460885076390708,0.7205687394509328,da_price,market_history,da_price_eur_mwh,da_price,market_history,da_price_eur_mwh,False,elasticnet_coefficients
da_price_eur_mwh_rolling_median_28d_same_local_qh,,,,,,,,,,False,True,kept,81596,0.9883715296283735,11717,da_price,market_history,da_price_eur_mwh,False,too_correlated_with_kept_feature,da_price_eur_mwh_rolling_median_14d_same_local_qh,0.9601765566093559,0.6816280910426155,da_price,market_history,da_price_eur_mwh,da_price,market_history,da_price_eur_mwh,False,elasticnet_coefficients
da_price_eur_mwh_rolling_median_3d_same_local_qh,,,,,,,,,,False,True,kept,82364,0.9976743059256747,10698,da_price,market_history,da_price_eur_mwh,False,too_correlated_with_kept_feature,ida1_price_eur_mwh_rolling_median_3d_same_local_qh,0.9279852519534494,0.6947993839661649,da_price,market_history,da_price_eur_mwh,da_price,market_history,da_price_eur_mwh,False,elasticnet_coefficients
da_price_eur_mwh_rolling_median_7d_same_local_qh,,,,,,,,,,False,True,kept,82268,0.996511458888512,8507,da_price,market_history,da_price_eur_mwh,False,too_correlated_with_kept_feature,da_price_eur_mwh_rolling_median_14d_same_local_qh,0.9494197168002427,0.7125670128495656,da_price,market_history,da_price_eur_mwh,da_price,market_history,da_price_eur_mwh,False,elasticnet_coefficients
hour_cos,,,,,,,,,,False,True,kept,82556,1.0,22,calendar,calendar,hour_cos,False,too_correlated_with_kept_feature,quarter_cos,0.9851470429558503,0.10053348512229107,calendar,calendar,hour_cos,calendar,calendar,hour_cos,False,elasticnet_coefficients
ida1_minus_da_spread_eur_mwh_rolling_mean_14d_same_local_qh,,,,,,,,,,False,True,kept,81596,0.9883715296283735,80871,ida1_history,market_history,ida1_minus_da_spread_eur_mwh,False,too_correlated_with_kept_feature,ida1_minus_da_spread_eur_mwh_rolling_mean_28d_same_local_qh,0.9416604228506008,0.18512555204944128,ida1_history,market_history,ida1_minus_da_spread_eur_mwh,ida1_history,market_history,ida1_minus_da_spread_eur_mwh,False,elasticnet_coefficients
ida1_minus_da_spread_eur_mwh_rolling_median_28d_same_local_qh,,,,,,,,,,False,True,kept,81500,0.9872086825912109,27759,ida1_history,market_history,ida1_minus_da_spread_eur_mwh,False,too_correlated_with_kept_feature,ida1_minus_da_spread_eur_mwh_rolling_mean_28d_same_local_qh,0.9631034465211024,0.1768091419767671,ida1_history,market_history,ida1_minus_da_spread_eur_mwh,ida1_history,market_history,ida1_minus_da_spread_eur_mwh,False,elasticnet_coefficients
ida1_minus_da_spread_eur_mwh_rolling_median_3d_same_local_qh,,,,,,,,,,False,True,kept,76896,0.9314404767672853,38688,ida1_history,market_history,ida1_minus_da_spread_eur_mwh,False,too_correlated_with_kept_feature,ida1_minus_da_spread_eur_mwh_rolling_mean_3d_same_local_qh,0.931786350873595,0.15729007133698353,ida1_history,market_history,ida1_minus_da_spread_eur_mwh,ida1_history,market_history,ida1_minus_da_spread_eur_mwh,False,elasticnet_coefficients
ida1_minus_da_spread_eur_mwh_rolling_median_7d_same_local_qh,,,,,,,,,,False,True,kept,81408,0.9860942875139299,30963,ida1_history,market_history,ida1_minus_da_spread_eur_mwh,False,too_correlated_with_kept_feature,ida1_minus_da_spread_eur_mwh_rolling_mean_7d_same_local_qh,0.934235120575708,0.16709752145086823,ida1_history,market_history,ida1_minus_da_spread_eur_mwh,ida1_history,market_history,ida1_minus_da_spread_eur_mwh,False,elasticnet_coefficients
ida1_price_eur_mwh_lag_2d_same_local_qh,,,,,,,,,,False,True,kept,75828,0.9185038034788507,51500,ida1_history,market_history,ida1_price_eur_mwh,False,too_correlated_with_kept_feature,ida1_price_eur_mwh_rolling_median_3d_same_local_qh,0.9294510287027964,0.6534526918687961,ida1_history,market_history,ida1_price_eur_mwh,ida1_history,market_history,ida1_price_eur_mwh,False,elasticnet_coefficients
ida1_price_eur_mwh_regime_vol_28d,,,,,,,,,,False,True,kept,81500,0.9872086825912109,81492,regime_volatility,regime,ida1_price_eur_mwh,False,too_correlated_with_kept_feature,da_price_eur_mwh_regime_vol_28d,0.927591320904354,0.31455562599343223,regime_volatility,regime,ida1_price_eur_mwh,regime_volatility,regime,ida1_price_eur_mwh,False,elasticnet_coefficients
ida1_price_eur_mwh_rolling_mean_14d_same_local_qh,,,,,,,,,,False,True,kept,81596,0.9883715296283735,80248,ida1_history,market_history,ida1_price_eur_mwh,False,too_correlated_with_kept_feature,ida1_price_eur_mwh_rolling_mean_7d_same_local_qh,0.9526886289709231,0.7405530131911364,ida1_history,market_history,ida1_price_eur_mwh,ida1_history,market_history,ida1_price_eur_mwh,False,elasticnet_coefficients
ida1_price_eur_mwh_rolling_mean_28d_same_local_qh,,,,,,,,,,False,True,kept,81500,0.9872086825912109,81081,ida1_history,market_history,ida1_price_eur_mwh,False,too_correlated_with_kept_feature,ida1_price_eur_mwh_rolling_median_28d_same_local_qh,0.9801100790961282,0.7048895950082078,ida1_history,market_history,ida1_price_eur_mwh,ida1_history,market_history,ida1_price_eur_mwh,False,elasticnet_coefficients
ida1_price_eur_mwh_rolling_mean_3d_same_local_qh,,,,,,,,,,False,True,kept,76896,0.9314404767672853,74664,ida1_history,market_history,ida1_price_eur_mwh,False,too_correlated_with_kept_feature,ida1_price_eur_mwh_rolling_mean_7d_same_local_qh,0.927676613347364,0.7425108551278498,ida1_history,market_history,ida1_price_eur_mwh,ida1_history,market_history,ida1_price_eur_mwh,False,elasticnet_coefficients
ida1_price_eur_mwh_rolling_median_14d_same_local_qh,,,,,,,,,,False,True,kept,81596,0.9883715296283735,35012,ida1_history,market_history,ida1_price_eur_mwh,False,too_correlated_with_kept_feature,ida1_price_eur_mwh_rolling_mean_7d_same_local_qh,0.9459122522855686,0.7472578273456657,ida1_history,market_history,ida1_price_eur_mwh,ida1_history,market_history,ida1_price_eur_mwh,False,elasticnet_coefficients
ida1_price_eur_mwh_rolling_median_7d_same_local_qh,,,,,,,,,,False,True,kept,81408,0.9860942875139299,30788,ida1_history,market_history,ida1_price_eur_mwh,False,too_correlated_with_kept_feature,ida1_price_eur_mwh_rolling_mean_7d_same_local_qh,0.976090963265381,0.7415900106406903,ida1_history,market_history,ida1_price_eur_mwh,ida1_history,market_history,ida1_price_eur_mwh,False,elasticnet_coefficients
ida1_price_eur_mwh_rolling_std_28d_same_local_qh,,,,,,,,,,False,True,kept,81500,0.9872086825912109,81492,ida1_history,market_history,ida1_price_eur_mwh,False,too_correlated_with_kept_feature,da_price_eur_mwh_rolling_std_28d_same_local_qh,0.927591320904354,0.31455562599343223,ida1_history,market_history,ida1_price_eur_mwh,ida1_history,market_history,ida1_price_eur_mwh,False,elasticnet_coefficients
load_da_forecast_error_mw_rolling_mean_14d_same_local_qh,,,,,,,,,,False,True,kept,80156,0.9709288240709336,80137,lagged_forecast_error,lagged_forecast_error,load_da_forecast_error_mw,False,too_correlated_with_kept_feature,load_da_forecast_error_mw_rolling_mean_7d_same_local_qh,0.9286856651764207,0.10295534629763146,lagged_forecast_error,lagged_forecast_error,load_da_forecast_error_mw,lagged_forecast_error,lagged_forecast_error,load_da_forecast_error_mw,False,elasticnet_coefficients
load_da_forecast_error_mw_rolling_mean_28d_same_local_qh,,,,,,,,,,False,True,kept,79580,0.9639517418479577,79285,lagged_forecast_error,lagged_forecast_error,load_da_forecast_error_mw,False,too_correlated_with_kept_feature,load_da_forecast_error_mw_rolling_median_14d_same_local_qh,0.9222875622574693,0.05862053903512929,lagged_forecast_error,lagged_forecast_error,load_da_forecast_error_mw,lagged_forecast_error,lagged_forecast_error,load_da_forecast_error_mw,False,elasticnet_coefficients
load_da_forecast_error_mw_rolling_mean_3d_same_local_qh,,,,,,,,,,False,True,kept,75648,0.9163234652841707,75445,lagged_forecast_error,lagged_forecast_error,load_da_forecast_error_mw,False,too_correlated_with_kept_feature,load_da_forecast_error_mw_rolling_median_3d_same_local_qh,0.9765627460854234,0.1115885397341457,lagged_forecast_error,lagged_forecast_error,load_da_forecast_error_mw,lagged_forecast_error,lagged_forecast_error,load_da_forecast_error_mw,False,elasticnet_coefficients
load_da_forecast_error_mw_rolling_median_7d_same_local_qh,,,,,,,,,,False,True,kept,79968,0.9686515819564901,41527,lagged_forecast_error,lagged_forecast_error,load_da_forecast_error_mw,False,too_correlated_with_kept_feature,load_da_forecast_error_mw_rolling_mean_7d_same_local_qh,0.9756556034547902,0.10917979271132412,lagged_forecast_error,lagged_forecast_error,load_da_forecast_error_mw,lagged_forecast_error,lagged_forecast_error,load_da_forecast_error_mw,False,elasticnet_coefficients
load_forecast_da_mw_lag_14d_same_local_qh,,,,,,,,,,False,True,kept,79283,0.9603541838267358,78560,da_forecast,forecast_level,load_forecast_da_mw,False,too_correlated_with_kept_feature,load_forecast_da_mw_lag_7d_same_local_qh,0.929777764358462,0.19873947492713817,da_forecast,forecast_level,load_forecast_da_mw,da_forecast,forecast_level,load_forecast_da_mw,False,elasticnet_coefficients
quarter_sin,,,,,,,,,,False,True,kept,82556,1.0,87,calendar,calendar,quarter_sin,False,too_correlated_with_kept_feature,hour_sin,0.9845796248385705,0.08094197793958692,calendar,calendar,quarter_sin,calendar,calendar,quarter_sin,False,elasticnet_coefficients
renewable_total_forecast_id_mw_lag_14d_same_local_qh,,,,,,,,,,False,True,kept,79280,0.9603178448568245,78891,id_forecast,forecast_level,renewable_total_forecast_id_mw,False,too_correlated_with_kept_feature,renewable_total_forecast_da_mw_lag_14d_same_local_qh,0.9951446252569334,0.1982444416873335,id_forecast,forecast_level,renewable_total_forecast_id_mw,id_forecast,forecast_level,renewable_total_forecast_id_mw,False,elasticnet_coefficients
renewable_total_forecast_id_mw_lag_1d_same_local_qh,,,,,,,,,,False,True,kept,82444,0.9986433451233102,82020,id_forecast,forecast_level,renewable_total_forecast_id_mw,False,too_correlated_with_kept_feature,renewable_total_forecast_da_mw_lag_1d_same_local_qh,0.9951360623032371,0.3208369343988786,id_forecast,forecast_level,renewable_total_forecast_id_mw,id_forecast,forecast_level,renewable_total_forecast_id_mw,False,elasticnet_coefficients
renewable_total_forecast_id_mw_lag_2d_same_local_qh,,,,,,,,,,False,True,kept,82348,0.9974804980861476,81927,id_forecast,forecast_level,renewable_total_forecast_id_mw,False,too_correlated_with_kept_feature,renewable_total_forecast_da_mw_lag_2d_same_local_qh,0.9950821617666924,0.25334758726597784,id_forecast,forecast_level,renewable_total_forecast_id_mw,id_forecast,forecast_level,renewable_total_forecast_id_mw,False,elasticnet_coefficients
renewable_total_forecast_id_mw_lag_7d_same_local_qh,,,,,,,,,,False,True,kept,80908,0.9800377925287078,80485,id_forecast,forecast_level,renewable_total_forecast_id_mw,False,too_correlated_with_kept_feature,renewable_total_forecast_da_mw_lag_7d_same_local_qh,0.9951573778253388,0.19663332356427124,id_forecast,forecast_level,renewable_total_forecast_id_mw,id_forecast,forecast_level,renewable_total_forecast_id_mw,False,elasticnet_coefficients
renewable_total_forecast_revision_id_minus_da_mw_lag_14d_same_local_qh,,,,,,,,,,False,True,kept,79280,0.9603178448568245,77526,forecast_revision,forecast_revision,renewable_total_forecast_revision_id_minus_da_mw,False,too_correlated_with_kept_feature,residual_load_revision_id_minus_da_approx_mw_lag_14d_same_local_qh,0.9999999999679853,0.02140140063283828,forecast_revision,forecast_revision,renewable_total_forecast_revision_id_minus_da_mw,forecast_revision,forecast_revision,renewable_total_forecast_revision_id_minus_da_mw,False,elasticnet_coefficients
renewable_total_forecast_revision_id_minus_da_mw_lag_2d_same_local_qh,,,,,,,,,,False,True,kept,82348,0.9974804980861476,80494,forecast_revision,forecast_revision,renewable_total_forecast_revision_id_minus_da_mw,False,too_correlated_with_kept_feature,residual_load_revision_id_minus_da_approx_mw_lag_2d_same_local_qh,0.999999999970245,0.013474625223198007,forecast_revision,forecast_revision,renewable_total_forecast_revision_id_minus_da_mw,forecast_revision,forecast_revision,renewable_total_forecast_revision_id_minus_da_mw,False,elasticnet_coefficients
renewable_total_forecast_revision_id_minus_da_mw_lag_7d_same_local_qh,,,,,,,,,,False,True,kept,80908,0.9800377925287078,79093,forecast_revision,forecast_revision,renewable_total_forecast_revision_id_minus_da_mw,False,too_correlated_with_kept_feature,residual_load_revision_id_minus_da_approx_mw_lag_7d_same_local_qh,0.9999999999671282,0.04356186746290662,forecast_revision,forecast_revision,renewable_total_forecast_revision_id_minus_da_mw,forecast_revision,forecast_revision,renewable_total_forecast_revision_id_minus_da_mw,False,elasticnet_coefficients
renewable_total_forecast_revision_id_minus_da_mw_regime_abs_median_28d_over_vol,,,,,,,,,,False,True,kept,81592,0.9883230776684917,81592,regime_level,regime,renewable_total_forecast_revision_id_minus_da_mw,False,too_correlated_with_kept_feature,residual_load_revision_id_minus_da_approx_mw_regime_abs_median_28d_over_vol,0.9998604462492093,0.15804246661276747,regime_level,regime,renewable_total_forecast_revision_id_minus_da_mw,regime_level,regime,renewable_total_forecast_revision_id_minus_da_mw,False,elasticnet_coefficients
renewable_total_forecast_revision_id_minus_da_mw_regime_mean_shift_7d_vs_28d_z,,,,,,,,,,False,True,kept,81592,0.9883230776684917,81592,regime_mean_shift,regime,renewable_total_forecast_revision_id_minus_da_mw,False,too_correlated_with_kept_feature,residual_load_revision_id_minus_da_approx_mw_regime_mean_shift_7d_vs_28d_z,0.9999328428795431,0.0066310661687883875,regime_mean_shift,regime,renewable_total_forecast_revision_id_minus_da_mw,regime_mean_shift,regime,renewable_total_forecast_revision_id_minus_da_mw,False,elasticnet_coefficients
renewable_total_forecast_revision_id_minus_da_mw_regime_vol_7d_over_28d,,,,,,,,,,False,True,kept,81592,0.9883230776684917,81592,regime_volatility,regime,renewable_total_forecast_revision_id_minus_da_mw,False,too_correlated_with_kept_feature,residual_load_revision_id_minus_da_approx_mw_regime_vol_7d_over_28d,0.9992390476140192,0.024807009625514156,regime_volatility,regime,renewable_total_forecast_revision_id_minus_da_mw,regime_volatility,regime,renewable_total_forecast_revision_id_minus_da_mw,False,elasticnet_coefficients
renewable_total_forecast_revision_id_minus_da_mw_rolling_mean_14d_same_local_qh,,,,,,,,,,False,True,kept,82072,0.994137312854305,82028,forecast_revision,forecast_revision,renewable_total_forecast_revision_id_minus_da_mw,False,too_correlated_with_kept_feature,residual_load_revision_id_minus_da_approx_mw_rolling_mean_14d_same_local_qh,0.9999085403452056,0.14009634984617758,forecast_revision,forecast_revision,renewable_total_forecast_revision_id_minus_da_mw,forecast_revision,forecast_revision,renewable_total_forecast_revision_id_minus_da_mw,False,elasticnet_coefficients
renewable_total_forecast_revision_id_minus_da_mw_rolling_mean_28d_same_local_qh,,,,,,,,,,False,True,kept,81592,0.9883230776684917,81565,forecast_revision,forecast_revision,renewable_total_forecast_revision_id_minus_da_mw,False,too_correlated_with_kept_feature,residual_load_revision_id_minus_da_approx_mw_rolling_mean_28d_same_local_qh,0.9997279446246014,0.15774017771657237,forecast_revision,forecast_revision,renewable_total_forecast_revision_id_minus_da_mw,forecast_revision,forecast_revision,renewable_total_forecast_revision_id_minus_da_mw,False,elasticnet_coefficients
renewable_total_forecast_revision_id_minus_da_mw_rolling_mean_3d_same_local_qh,,,,,,,,,,False,True,kept,82360,0.997625853965793,82011,forecast_revision,forecast_revision,renewable_total_forecast_revision_id_minus_da_mw,False,too_correlated_with_kept_feature,residual_load_revision_id_minus_da_approx_mw_rolling_mean_3d_same_local_qh,0.9999745824465973,0.03369774623542164,forecast_revision,forecast_revision,renewable_total_forecast_revision_id_minus_da_mw,forecast_revision,forecast_revision,renewable_total_forecast_revision_id_minus_da_mw,False,elasticnet_coefficients
renewable_total_forecast_revision_id_minus_da_mw_rolling_mean_7d_same_local_qh,,,,,,,,,,False,True,kept,82264,0.9964630069286302,82183,forecast_revision,forecast_revision,renewable_total_forecast_revision_id_minus_da_mw,False,too_correlated_with_kept_feature,residual_load_revision_id_minus_da_approx_mw_rolling_mean_7d_same_local_qh,0.9999689644979853,0.08770613246513634,forecast_revision,forecast_revision,renewable_total_forecast_revision_id_minus_da_mw,forecast_revision,forecast_revision,renewable_total_forecast_revision_id_minus_da_mw,False,elasticnet_coefficients
renewable_total_forecast_revision_id_minus_da_mw_rolling_median_14d_same_local_qh,,,,,,,,,,False,True,kept,82072,0.994137312854305,40099,forecast_revision,forecast_revision,renewable_total_forecast_revision_id_minus_da_mw,False,too_correlated_with_kept_feature,residual_load_revision_id_minus_da_approx_mw_rolling_median_14d_same_local_qh,0.9999740581444735,0.11674745294859075,forecast_revision,forecast_revision,renewable_total_forecast_revision_id_minus_da_mw,forecast_revision,forecast_revision,renewable_total_forecast_revision_id_minus_da_mw,False,elasticnet_coefficients
renewable_total_forecast_revision_id_minus_da_mw_rolling_median_28d_same_local_qh,,,,,,,,,,False,True,kept,81592,0.9883230776684917,29833,forecast_revision,forecast_revision,renewable_total_forecast_revision_id_minus_da_mw,False,too_correlated_with_kept_feature,residual_load_revision_id_minus_da_approx_mw_rolling_median_28d_same_local_qh,0.9999854654138337,0.14866811686467812,forecast_revision,forecast_revision,renewable_total_forecast_revision_id_minus_da_mw,forecast_revision,forecast_revision,renewable_total_forecast_revision_id_minus_da_mw,False,elasticnet_coefficients
renewable_total_forecast_revision_id_minus_da_mw_rolling_median_3d_same_local_qh,,,,,,,,,,False,True,kept,82360,0.997625853965793,51137,forecast_revision,forecast_revision,renewable_total_forecast_revision_id_minus_da_mw,False,too_correlated_with_kept_feature,residual_load_revision_id_minus_da_approx_mw_rolling_median_3d_same_local_qh,0.9999925549511334,0.039504459050979136,forecast_revision,forecast_revision,renewable_total_forecast_revision_id_minus_da_mw,forecast_revision,forecast_revision,renewable_total_forecast_revision_id_minus_da_mw,False,elasticnet_coefficients
renewable_total_forecast_revision_id_minus_da_mw_rolling_median_7d_same_local_qh,,,,,,,,,,False,True,kept,82264,0.9964630069286302,35744,forecast_revision,forecast_revision,renewable_total_forecast_revision_id_minus_da_mw,False,too_correlated_with_kept_feature,residual_load_revision_id_minus_da_approx_mw_rolling_median_7d_same_local_qh,0.999984522216091,0.07871920383854432,forecast_revision,forecast_revision,renewable_total_forecast_revision_id_minus_da_mw,forecast_revision,forecast_revision,renewable_total_forecast_revision_id_minus_da_mw,False,elasticnet_coefficients
residual_load_forecast_id_approx_mw_lag_14d_same_local_qh,,,,,,,,,,False,True,kept,79279,0.960305731866854,79024,id_forecast,forecast_level,residual_load_forecast_id_approx_mw,False,too_correlated_with_kept_feature,residual_load_forecast_da_mw_lag_14d_same_local_qh,0.9953478199886019,0.33747569193847027,id_forecast,forecast_level,residual_load_forecast_id_approx_mw,id_forecast,forecast_level,residual_load_forecast_id_approx_mw,False,elasticnet_coefficients
residual_load_forecast_id_approx_mw_lag_1d_same_local_qh,,,,,,,,,,False,True,kept,82443,0.9986312321333398,82163,id_forecast,forecast_level,residual_load_forecast_id_approx_mw,False,too_correlated_with_kept_feature,residual_load_forecast_da_mw_lag_1d_same_local_qh,0.9955427901167554,0.43185980455911005,id_forecast,forecast_level,residual_load_forecast_id_approx_mw,id_forecast,forecast_level,residual_load_forecast_id_approx_mw,False,elasticnet_coefficients
residual_load_forecast_id_approx_mw_lag_2d_same_local_qh,,,,,,,,,,False,True,kept,82347,0.9974683850961772,82073,id_forecast,forecast_level,residual_load_forecast_id_approx_mw,False,too_correlated_with_kept_feature,residual_load_forecast_da_mw_lag_2d_same_local_qh,0.9953873264800326,0.30689274233336145,id_forecast,forecast_level,residual_load_forecast_id_approx_mw,id_forecast,forecast_level,residual_load_forecast_id_approx_mw,False,elasticnet_coefficients
residual_load_forecast_id_approx_mw_lag_7d_same_local_qh,,,,,,,,,,False,True,kept,80907,0.9800256795387373,80644,id_forecast,forecast_level,residual_load_forecast_id_approx_mw,False,too_correlated_with_kept_feature,residual_load_forecast_da_mw_lag_7d_same_local_qh,0.99545591774638,0.3468126271605857,id_forecast,forecast_level,residual_load_forecast_id_approx_mw,id_forecast,forecast_level,residual_load_forecast_id_approx_mw,False,elasticnet_coefficients
residual_load_revision_id_minus_da_approx_mw_lag_1d_same_local_qh,,,,,,,,,,False,True,kept,82443,0.9986312321333398,79314,forecast_revision,forecast_revision,residual_load_revision_id_minus_da_approx_mw,False,too_correlated_with_kept_feature,renewable_total_forecast_revision_id_minus_da_mw_lag_1d_same_local_qh,0.9999999999690276,5.138398482213738e-05,forecast_revision,forecast_revision,residual_load_revision_id_minus_da_approx_mw,forecast_revision,forecast_revision,residual_load_revision_id_minus_da_approx_mw,False,elasticnet_coefficients
residual_load_revision_id_minus_da_approx_mw_regime_vol_28d,,,,,,,,,,False,True,kept,81592,0.9883230776684917,81592,regime_volatility,regime,residual_load_revision_id_minus_da_approx_mw,False,too_correlated_with_kept_feature,renewable_total_forecast_revision_id_minus_da_mw_regime_vol_28d,0.9984797592015574,0.10994835429847935,regime_volatility,regime,residual_load_revision_id_minus_da_approx_mw,regime_volatility,regime,residual_load_revision_id_minus_da_approx_mw,False,elasticnet_coefficients
residual_load_revision_id_minus_da_approx_mw_rolling_std_14d_same_local_qh,,,,,,,,,,False,True,kept,82072,0.994137312854305,82072,forecast_revision,forecast_revision,residual_load_revision_id_minus_da_approx_mw,False,too_correlated_with_kept_feature,renewable_total_forecast_revision_id_minus_da_mw_rolling_std_14d_same_local_qh,0.9994956712926383,0.08469297090870018,forecast_revision,forecast_revision,residual_load_revision_id_minus_da_approx_mw,forecast_revision,forecast_revision,residual_load_revision_id_minus_da_approx_mw,False,elasticnet_coefficients
residual_load_revision_id_minus_da_approx_mw_rolling_std_28d_same_local_qh,,,,,,,,,,False,True,kept,81592,0.9883230776684917,81592,forecast_revision,forecast_revision,residual_load_revision_id_minus_da_approx_mw,False,too_correlated_with_kept_feature,renewable_total_forecast_revision_id_minus_da_mw_rolling_std_28d_same_local_qh,0.9984797592015574,0.10994835429847935,forecast_revision,forecast_revision,residual_load_revision_id_minus_da_approx_mw,forecast_revision,forecast_revision,residual_load_revision_id_minus_da_approx_mw,False,elasticnet_coefficients
residual_load_revision_id_minus_da_approx_mw_rolling_std_3d_same_local_qh,,,,,,,,,,False,True,kept,82360,0.997625853965793,82360,forecast_revision,forecast_revision,residual_load_revision_id_minus_da_approx_mw,False,too_correlated_with_kept_feature,renewable_total_forecast_revision_id_minus_da_mw_rolling_std_3d_same_local_qh,0.9998761379309705,0.046831781746020706,forecast_revision,forecast_revision,residual_load_revision_id_minus_da_approx_mw,forecast_revision,forecast_revision,residual_load_revision_id_minus_da_approx_mw,False,elasticnet_coefficients
residual_load_revision_id_minus_da_approx_mw_rolling_std_7d_same_local_qh,,,,,,,,,,False,True,kept,82264,0.9964630069286302,82263,forecast_revision,forecast_revision,residual_load_revision_id_minus_da_approx_mw,False,too_correlated_with_kept_feature,renewable_total_forecast_revision_id_minus_da_mw_rolling_std_7d_same_local_qh,0.9997126915290149,0.08169432998419351,forecast_revision,forecast_revision,residual_load_revision_id_minus_da_approx_mw,forecast_revision,forecast_revision,residual_load_revision_id_minus_da_approx_mw,False,elasticnet_coefficients
solar_da_forecast_error_mw_rolling_mean_14d_same_local_qh,,,,,,,,,,False,True,kept,45914,0.5561558215029798,45712,lagged_forecast_error,lagged_forecast_error,solar_da_forecast_error_mw,False,too_correlated_with_kept_feature,solar_da_forecast_error_mw_rolling_mean_7d_same_local_qh,0.950095147955031,0.03813532868587858,lagged_forecast_error,lagged_forecast_error,solar_da_forecast_error_mw,lagged_forecast_error,lagged_forecast_error,solar_da_forecast_error_mw,False,elasticnet_coefficients
solar_da_forecast_error_mw_rolling_mean_28d_same_local_qh,,,,,,,,,,False,True,kept,45814,0.5549445225059354,45507,lagged_forecast_error,lagged_forecast_error,solar_da_forecast_error_mw,False,too_correlated_with_kept_feature,solar_id_forecast_error_mw_rolling_mean_28d_same_local_qh,0.9867836048902195,0.015430162920322378,lagged_forecast_error,lagged_forecast_error,solar_da_forecast_error_mw,lagged_forecast_error,lagged_forecast_error,solar_da_forecast_error_mw,False,elasticnet_coefficients
solar_da_forecast_error_mw_rolling_mean_3d_same_local_qh,,,,,,,,,,False,True,kept,43051,0.5214763312175977,42783,lagged_forecast_error,lagged_forecast_error,solar_da_forecast_error_mw,False,too_correlated_with_kept_feature,solar_da_forecast_error_mw_rolling_mean_7d_same_local_qh,0.9368046888276454,0.04373064422965776,lagged_forecast_error,lagged_forecast_error,solar_da_forecast_error_mw,lagged_forecast_error,lagged_forecast_error,solar_da_forecast_error_mw,False,elasticnet_coefficients
solar_da_forecast_error_mw_rolling_median_14d_same_local_qh,,,,,,,,,,False,True,kept,45914,0.5561558215029798,25760,lagged_forecast_error,lagged_forecast_error,solar_da_forecast_error_mw,False,too_correlated_with_kept_feature,solar_da_forecast_error_mw_rolling_mean_7d_same_local_qh,0.9400045419151464,0.033823613208560616,lagged_forecast_error,lagged_forecast_error,solar_da_forecast_error_mw,lagged_forecast_error,lagged_forecast_error,solar_da_forecast_error_mw,False,elasticnet_coefficients
solar_da_forecast_error_mw_rolling_median_28d_same_local_qh,,,,,,,,,,False,True,kept,45814,0.5549445225059354,23072,lagged_forecast_error,lagged_forecast_error,solar_da_forecast_error_mw,False,too_correlated_with_kept_feature,solar_id_forecast_error_mw_rolling_mean_28d_same_local_qh,0.9705708902018874,0.013422963613061582,lagged_forecast_error,lagged_forecast_error,solar_da_forecast_error_mw,lagged_forecast_error,lagged_forecast_error,solar_da_forecast_error_mw,False,elasticnet_coefficients
solar_da_forecast_error_mw_rolling_median_3d_same_local_qh,,,,,,,,,,False,True,kept,43051,0.5214763312175977,29279,lagged_forecast_error,lagged_forecast_error,solar_da_forecast_error_mw,False,too_correlated_with_kept_feature,solar_da_forecast_error_mw_lag_2d_same_local_qh,0.9304862593606579,0.038363783709812034,lagged_forecast_error,lagged_forecast_error,solar_da_forecast_error_mw,lagged_forecast_error,lagged_forecast_error,solar_da_forecast_error_mw,False,elasticnet_coefficients
solar_da_forecast_error_mw_rolling_median_7d_same_local_qh,,,,,,,,,,False,True,kept,45537,0.5515892242841223,24825,lagged_forecast_error,lagged_forecast_error,solar_da_forecast_error_mw,False,too_correlated_with_kept_feature,solar_da_forecast_error_mw_rolling_mean_7d_same_local_qh,0.9778288339714251,0.04300099410066605,lagged_forecast_error,lagged_forecast_error,solar_da_forecast_error_mw,lagged_forecast_error,lagged_forecast_error,solar_da_forecast_error_mw,False,elasticnet_coefficients
solar_da_forecast_error_mw_rolling_std_14d_same_local_qh,,,,,,,,,,False,True,kept,45914,0.5561558215029798,45784,lagged_forecast_error,lagged_forecast_error,solar_da_forecast_error_mw,False,too_correlated_with_kept_feature,solar_da_forecast_error_mw_rolling_std_7d_same_local_qh,0.930180223050316,0.3064975371845907,lagged_forecast_error,lagged_forecast_error,solar_da_forecast_error_mw,lagged_forecast_error,lagged_forecast_error,solar_da_forecast_error_mw,False,elasticnet_coefficients
solar_da_forecast_error_mw_rolling_std_28d_same_local_qh,,,,,,,,,,False,True,kept,45814,0.5549445225059354,45537,lagged_forecast_error,lagged_forecast_error,solar_da_forecast_error_mw,False,too_correlated_with_kept_feature,solar_id_forecast_error_mw_rolling_std_14d_same_local_qh,0.9516002508061344,0.2720152272101633,lagged_forecast_error,lagged_forecast_error,solar_da_forecast_error_mw,lagged_forecast_error,lagged_forecast_error,solar_da_forecast_error_mw,False,elasticnet_coefficients
solar_forecast_da_mw_lag_2d_same_local_qh,,,,,,,,,,False,True,kept,46813,0.5670453994864092,43593,da_forecast,forecast_level,solar_forecast_da_mw,False,too_correlated_with_kept_feature,solar_forecast_da_mw_lag_1d_same_local_qh,0.9655717809081183,0.4734097429988469,da_forecast,forecast_level,solar_forecast_da_mw,da_forecast,forecast_level,solar_forecast_da_mw,False,elasticnet_coefficients
solar_forecast_id_mw_lag_14d_same_local_qh,,,,,,,,,,False,True,kept,45896,0.5559377876835118,42096,id_forecast,forecast_level,solar_forecast_id_mw,False,too_correlated_with_kept_feature,solar_forecast_da_mw_lag_14d_same_local_qh,0.9986610675403708,0.4305936812247617,id_forecast,forecast_level,solar_forecast_id_mw,id_forecast,forecast_level,solar_forecast_id_mw,False,elasticnet_coefficients
solar_forecast_id_mw_lag_1d_same_local_qh,,,,,,,,,,False,True,kept,47626,0.5768932603323804,43659,id_forecast,forecast_level,solar_forecast_id_mw,False,too_correlated_with_kept_feature,solar_forecast_da_mw_lag_1d_same_local_qh,0.9986803722673215,0.47332431965857386,id_forecast,forecast_level,solar_forecast_id_mw,id_forecast,forecast_level,solar_forecast_id_mw,False,elasticnet_coefficients
solar_forecast_id_mw_lag_2d_same_local_qh,,,,,,,,,,False,True,kept,47563,0.5761301419642425,43615,id_forecast,forecast_level,solar_forecast_id_mw,False,too_correlated_with_kept_feature,solar_forecast_da_mw_lag_1d_same_local_qh,0.9645004291646821,0.45969652170294134,id_forecast,forecast_level,solar_forecast_id_mw,id_forecast,forecast_level,solar_forecast_id_mw,False,elasticnet_coefficients
solar_forecast_id_mw_lag_7d_same_local_qh,,,,,,,,,,False,True,kept,46810,0.5670090605164979,42920,id_forecast,forecast_level,solar_forecast_id_mw,False,too_correlated_with_kept_feature,solar_forecast_da_mw_lag_7d_same_local_qh,0.9987194718432395,0.43962042237512056,id_forecast,forecast_level,solar_forecast_id_mw,id_forecast,forecast_level,solar_forecast_id_mw,False,elasticnet_coefficients
solar_id_forecast_error_mw_lag_14d_same_local_qh,,,,,,,,,,False,True,kept,42141,0.5104535103444935,41108,lagged_forecast_error,lagged_forecast_error,solar_id_forecast_error_mw,False,too_correlated_with_kept_feature,solar_da_forecast_error_mw_lag_14d_same_local_qh,0.9611739976317973,0.009875516582292802,lagged_forecast_error,lagged_forecast_error,solar_id_forecast_error_mw,lagged_forecast_error,lagged_forecast_error,solar_id_forecast_error_mw,False,elasticnet_coefficients
solar_id_forecast_error_mw_lag_1d_same_local_qh,,,,,,,,,,False,True,kept,43891,0.531651242792771,42805,lagged_forecast_error,lagged_forecast_error,solar_id_forecast_error_mw,False,too_correlated_with_kept_feature,solar_da_forecast_error_mw_lag_1d_same_local_qh,0.9609607754084744,0.020668613739270175,lagged_forecast_error,lagged_forecast_error,solar_id_forecast_error_mw,lagged_forecast_error,lagged_forecast_error,solar_id_forecast_error_mw,False,elasticnet_coefficients
solar_id_forecast_error_mw_lag_2d_same_local_qh,,,,,,,,,,False,True,kept,43261,0.524020059111391,42210,lagged_forecast_error,lagged_forecast_error,solar_id_forecast_error_mw,False,too_correlated_with_kept_feature,solar_da_forecast_error_mw_lag_2d_same_local_qh,0.9617081427920927,0.032043818290635045,lagged_forecast_error,lagged_forecast_error,solar_id_forecast_error_mw,lagged_forecast_error,lagged_forecast_error,solar_id_forecast_error_mw,False,elasticnet_coefficients
solar_id_forecast_error_mw_lag_7d_same_local_qh,,,,,,,,,,False,True,kept,42862,0.5191869761131838,41791,lagged_forecast_error,lagged_forecast_error,solar_id_forecast_error_mw,False,too_correlated_with_kept_feature,solar_da_forecast_error_mw_lag_7d_same_local_qh,0.9611693944612135,0.026680687774566142,lagged_forecast_error,lagged_forecast_error,solar_id_forecast_error_mw,lagged_forecast_error,lagged_forecast_error,solar_id_forecast_error_mw,False,elasticnet_coefficients
solar_id_forecast_error_mw_rolling_mean_14d_same_local_qh,,,,,,,,,,False,True,kept,46650,0.5650709821212268,46435,lagged_forecast_error,lagged_forecast_error,solar_id_forecast_error_mw,False,too_correlated_with_kept_feature,solar_id_forecast_error_mw_rolling_mean_28d_same_local_qh,0.9736645260549311,0.0031521048767903528,lagged_forecast_error,lagged_forecast_error,solar_id_forecast_error_mw,lagged_forecast_error,lagged_forecast_error,solar_id_forecast_error_mw,False,elasticnet_coefficients
solar_id_forecast_error_mw_rolling_mean_3d_same_local_qh,,,,,,,,,,False,True,kept,43733,0.5297373903774407,43472,lagged_forecast_error,lagged_forecast_error,solar_id_forecast_error_mw,False,too_correlated_with_kept_feature,solar_id_forecast_error_mw_rolling_median_3d_same_local_qh,0.9803467469486332,0.01413795510502131,lagged_forecast_error,lagged_forecast_error,solar_id_forecast_error_mw,lagged_forecast_error,lagged_forecast_error,solar_id_forecast_error_mw,False,elasticnet_coefficients
solar_id_forecast_error_mw_rolling_mean_7d_same_local_qh,,,,,,,,,,False,True,kept,46247,0.5601894471631378,45957,lagged_forecast_error,lagged_forecast_error,solar_id_forecast_error_mw,False,too_correlated_with_kept_feature,solar_da_forecast_error_mw_rolling_mean_7d_same_local_qh,0.973382518603858,0.010829684447876731,lagged_forecast_error,lagged_forecast_error,solar_id_forecast_error_mw,lagged_forecast_error,lagged_forecast_error,solar_id_forecast_error_mw,False,elasticnet_coefficients
solar_id_forecast_error_mw_rolling_median_14d_same_local_qh,,,,,,,,,,False,True,kept,46650,0.5650709821212268,26105,lagged_forecast_error,lagged_forecast_error,solar_id_forecast_error_mw,False,too_correlated_with_kept_feature,solar_id_forecast_error_mw_rolling_mean_28d_same_local_qh,0.9561095245241261,0.004920956393237038,lagged_forecast_error,lagged_forecast_error,solar_id_forecast_error_mw,lagged_forecast_error,lagged_forecast_error,solar_id_forecast_error_mw,False,elasticnet_coefficients
solar_id_forecast_error_mw_rolling_median_28d_same_local_qh,,,,,,,,,,False,True,kept,46528,0.5635931973448326,23299,lagged_forecast_error,lagged_forecast_error,solar_id_forecast_error_mw,False,too_correlated_with_kept_feature,solar_id_forecast_error_mw_rolling_mean_28d_same_local_qh,0.9847156087706729,0.014770235186511969,lagged_forecast_error,lagged_forecast_error,solar_id_forecast_error_mw,lagged_forecast_error,lagged_forecast_error,solar_id_forecast_error_mw,False,elasticnet_coefficients
solar_id_forecast_error_mw_rolling_median_7d_same_local_qh,,,,,,,,,,False,True,kept,46247,0.5601894471631378,24940,lagged_forecast_error,lagged_forecast_error,solar_id_forecast_error_mw,False,too_correlated_with_kept_feature,solar_da_forecast_error_mw_rolling_mean_7d_same_local_qh,0.9590090497003965,0.01530878560193392,lagged_forecast_error,lagged_forecast_error,solar_id_forecast_error_mw,lagged_forecast_error,lagged_forecast_error,solar_id_forecast_error_mw,False,elasticnet_coefficients
solar_id_forecast_error_mw_rolling_std_28d_same_local_qh,,,,,,,,,,False,True,kept,46528,0.5635931973448326,46224,lagged_forecast_error,lagged_forecast_error,solar_id_forecast_error_mw,False,too_correlated_with_kept_feature,solar_id_forecast_error_mw_rolling_std_14d_same_local_qh,0.9646436690143054,0.2662565943891608,lagged_forecast_error,lagged_forecast_error,solar_id_forecast_error_mw,lagged_forecast_error,lagged_forecast_error,solar_id_forecast_error_mw,False,elasticnet_coefficients
solar_id_forecast_error_mw_rolling_std_3d_same_local_qh,,,,,,,,,,False,True,kept,43733,0.5297373903774407,43599,lagged_forecast_error,lagged_forecast_error,solar_id_forecast_error_mw,False,too_correlated_with_kept_feature,solar_da_forecast_error_mw_rolling_std_3d_same_local_qh,0.9339919313321705,0.27907896923331565,lagged_forecast_error,lagged_forecast_error,solar_id_forecast_error_mw,lagged_forecast_error,lagged_forecast_error,solar_id_forecast_error_mw,False,elasticnet_coefficients
solar_id_forecast_error_mw_rolling_std_7d_same_local_qh,,,,,,,,,,False,True,kept,46247,0.5601894471631378,46147,lagged_forecast_error,lagged_forecast_error,solar_id_forecast_error_mw,False,too_correlated_with_kept_feature,solar_da_forecast_error_mw_rolling_std_7d_same_local_qh,0.9679895786261035,0.30291974044155684,lagged_forecast_error,lagged_forecast_error,solar_id_forecast_error_mw,lagged_forecast_error,lagged_forecast_error,solar_id_forecast_error_mw,False,elasticnet_coefficients
wind_offshore_forecast_da_mw_lag_2d_same_local_qh,,,,,,,,,,False,True,kept,82333,0.9972988032365909,76981,da_forecast,forecast_level,wind_offshore_forecast_da_mw,False,too_correlated_with_kept_feature,wind_offshore_forecast_id_mw_lag_2d_same_local_qh,0.9807179968357054,0.0444446369741196,da_forecast,forecast_level,wind_offshore_forecast_da_mw,da_forecast,forecast_level,wind_offshore_forecast_da_mw,False,elasticnet_coefficients
wind_offshore_forecast_da_mw_lag_7d_same_local_qh,,,,,,,,,,False,True,kept,80892,0.9798439846891807,75688,da_forecast,forecast_level,wind_offshore_forecast_da_mw,False,too_correlated_with_kept_feature,wind_offshore_forecast_id_mw_lag_7d_same_local_qh,0.9812113333477828,0.09734776147523024,da_forecast,forecast_level,wind_offshore_forecast_da_mw,da_forecast,forecast_level,wind_offshore_forecast_da_mw,False,elasticnet_coefficients
wind_offshore_forecast_id_mw_lag_14d_same_local_qh,,,,,,,,,,False,True,kept,79262,0.9600998110373564,74228,id_forecast,forecast_level,wind_offshore_forecast_id_mw,False,too_correlated_with_kept_feature,wind_offshore_forecast_da_mw_lag_14d_same_local_qh,0.9806914462860604,0.07148600072244941,id_forecast,forecast_level,wind_offshore_forecast_id_mw,id_forecast,forecast_level,wind_offshore_forecast_id_mw,False,elasticnet_coefficients
wind_offshore_forecast_id_mw_lag_1d_same_local_qh,,,,,,,,,,False,True,kept,82428,0.9984495372837832,77001,id_forecast,forecast_level,wind_offshore_forecast_id_mw,False,too_correlated_with_kept_feature,wind_offshore_forecast_da_mw_lag_1d_same_local_qh,0.9809164179987571,3.2833950113858326e-05,id_forecast,forecast_level,wind_offshore_forecast_id_mw,id_forecast,forecast_level,wind_offshore_forecast_id_mw,False,elasticnet_coefficients
wind_onshore_forecast_da_mw_lag_14d_same_local_qh,,,,,,,,,,False,True,kept,79276,0.9602693928969427,78201,da_forecast,forecast_level,wind_onshore_forecast_da_mw,False,too_correlated_with_kept_feature,wind_total_forecast_id_mw_lag_14d_same_local_qh,0.9789841927029064,0.02941515077943895,da_forecast,forecast_level,wind_onshore_forecast_da_mw,da_forecast,forecast_level,wind_onshore_forecast_da_mw,False,elasticnet_coefficients
wind_onshore_forecast_da_mw_lag_7d_same_local_qh,,,,,,,,,,False,True,kept,80903,0.9799772275788555,79764,da_forecast,forecast_level,wind_onshore_forecast_da_mw,False,too_correlated_with_kept_feature,wind_total_forecast_id_mw_lag_7d_same_local_qh,0.9790169876077065,0.0369851259769176,da_forecast,forecast_level,wind_onshore_forecast_da_mw,da_forecast,forecast_level,wind_onshore_forecast_da_mw,False,elasticnet_coefficients
wind_onshore_forecast_id_mw_lag_14d_same_local_qh,,,,,,,,,,False,True,kept,79280,0.9603178448568245,78215,id_forecast,forecast_level,wind_onshore_forecast_id_mw,False,too_correlated_with_kept_feature,wind_total_forecast_id_mw_lag_14d_same_local_qh,0.985780029444295,0.0317588700491063,id_forecast,forecast_level,wind_onshore_forecast_id_mw,id_forecast,forecast_level,wind_onshore_forecast_id_mw,False,elasticnet_coefficients
wind_onshore_forecast_id_mw_lag_1d_same_local_qh,,,,,,,,,,False,True,kept,82444,0.9986433451233102,81319,id_forecast,forecast_level,wind_onshore_forecast_id_mw,False,too_correlated_with_kept_feature,wind_onshore_forecast_da_mw_lag_1d_same_local_qh,0.9924257013122642,0.0858094133875175,id_forecast,forecast_level,wind_onshore_forecast_id_mw,id_forecast,forecast_level,wind_onshore_forecast_id_mw,False,elasticnet_coefficients
wind_onshore_forecast_id_mw_lag_2d_same_local_qh,,,,,,,,,,False,True,kept,82348,0.9974804980861476,81221,id_forecast,forecast_level,wind_onshore_forecast_id_mw,False,too_correlated_with_kept_feature,wind_onshore_forecast_da_mw_lag_2d_same_local_qh,0.9924146399514789,0.01519135397296759,id_forecast,forecast_level,wind_onshore_forecast_id_mw,id_forecast,forecast_level,wind_onshore_forecast_id_mw,False,elasticnet_coefficients
wind_onshore_forecast_id_mw_lag_7d_same_local_qh,,,,,,,,,,False,True,kept,80908,0.9800377925287078,79803,id_forecast,forecast_level,wind_onshore_forecast_id_mw,False,too_correlated_with_kept_feature,wind_total_forecast_id_mw_lag_7d_same_local_qh,0.9859618122343834,0.0401789925270883,id_forecast,forecast_level,wind_onshore_forecast_id_mw,id_forecast,forecast_level,wind_onshore_forecast_id_mw,False,elasticnet_coefficients
wind_onshore_forecast_revision_id_minus_da_mw_lag_1d_same_local_qh,,,,,,,,,,False,True,kept,82439,0.998582780173458,79329,forecast_revision,forecast_revision,wind_onshore_forecast_revision_id_minus_da_mw,False,too_correlated_with_kept_feature,wind_total_forecast_revision_id_minus_da_mw_lag_1d_same_local_qh,0.9256789646038394,0.0011284808185880945,forecast_revision,forecast_revision,wind_onshore_forecast_revision_id_minus_da_mw,forecast_revision,forecast_revision,wind_onshore_forecast_revision_id_minus_da_mw,False,elasticnet_coefficients
wind_onshore_id_forecast_error_mw_rolling_mean_28d_same_local_qh,,,,,,,,,,False,True,kept,79576,0.9639032898880759,79270,lagged_forecast_error,lagged_forecast_error,wind_onshore_id_forecast_error_mw,False,too_correlated_with_kept_feature,wind_onshore_da_forecast_error_mw_rolling_mean_28d_same_local_qh,0.9205764556430471,0.1575642480734157,lagged_forecast_error,lagged_forecast_error,wind_onshore_id_forecast_error_mw,lagged_forecast_error,lagged_forecast_error,wind_onshore_id_forecast_error_mw,False,elasticnet_coefficients
wind_total_forecast_da_mw_lag_14d_same_local_qh,,,,,,,,,,False,True,kept,79280,0.9603178448568245,78681,da_forecast,forecast_level,wind_total_forecast_da_mw,False,too_correlated_with_kept_feature,wind_total_forecast_id_mw_lag_14d_same_local_qh,0.9931986392004064,0.04114154996362006,da_forecast,forecast_level,wind_total_forecast_da_mw,da_forecast,forecast_level,wind_total_forecast_da_mw,False,elasticnet_coefficients
wind_total_forecast_da_mw_lag_1d_same_local_qh,,,,,,,,,,False,True,kept,82444,0.9986433451233102,81813,da_forecast,forecast_level,wind_total_forecast_da_mw,False,too_correlated_with_kept_feature,wind_onshore_forecast_da_mw_lag_1d_same_local_qh,0.9869915675635099,0.07091911586948327,da_forecast,forecast_level,wind_total_forecast_da_mw,da_forecast,forecast_level,wind_total_forecast_da_mw,False,elasticnet_coefficients
wind_total_forecast_da_mw_lag_2d_same_local_qh,,,,,,,,,,False,True,kept,82348,0.9974804980861476,81711,da_forecast,forecast_level,wind_total_forecast_da_mw,False,too_correlated_with_kept_feature,wind_onshore_forecast_da_mw_lag_2d_same_local_qh,0.9873918456661388,0.004126793641134444,da_forecast,forecast_level,wind_total_forecast_da_mw,da_forecast,forecast_level,wind_total_forecast_da_mw,False,elasticnet_coefficients
wind_total_forecast_da_mw_lag_7d_same_local_qh,,,,,,,,,,False,True,kept,80908,0.9800377925287078,80278,da_forecast,forecast_level,wind_total_forecast_da_mw,False,too_correlated_with_kept_feature,wind_total_forecast_id_mw_lag_7d_same_local_qh,0.9931791895520188,0.052336696586321195,da_forecast,forecast_level,wind_total_forecast_da_mw,da_forecast,forecast_level,wind_total_forecast_da_mw,False,elasticnet_coefficients
wind_total_forecast_id_mw_lag_1d_same_local_qh,,,,,,,,,,False,True,kept,82444,0.9986433451233102,81801,id_forecast,forecast_level,wind_total_forecast_id_mw,False,too_correlated_with_kept_feature,wind_onshore_forecast_da_mw_lag_1d_same_local_qh,0.979522031288364,0.06996130055776585,id_forecast,forecast_level,wind_total_forecast_id_mw,id_forecast,forecast_level,wind_total_forecast_id_mw,False,elasticnet_coefficients
wind_total_forecast_id_mw_lag_2d_same_local_qh,,,,,,,,,,False,True,kept,82348,0.9974804980861476,81706,id_forecast,forecast_level,wind_total_forecast_id_mw,False,too_correlated_with_kept_feature,wind_onshore_forecast_da_mw_lag_2d_same_local_qh,0.9800775512896184,0.001814602819392494,id_forecast,forecast_level,wind_total_forecast_id_mw,id_forecast,forecast_level,wind_total_forecast_id_mw,False,elasticnet_coefficients
wind_total_forecast_revision_id_minus_da_mw_lag_14d_same_local_qh,,,,,,,,,,False,True,kept,79280,0.9603178448568245,77246,forecast_revision,forecast_revision,wind_total_forecast_revision_id_minus_da_mw,False,too_correlated_with_kept_feature,wind_onshore_forecast_revision_id_minus_da_mw_lag_14d_same_local_qh,0.9236877533520405,0.012895847554814478,forecast_revision,forecast_revision,wind_total_forecast_revision_id_minus_da_mw,forecast_revision,forecast_revision,wind_total_forecast_revision_id_minus_da_mw,False,elasticnet_coefficients
wind_total_forecast_revision_id_minus_da_mw_lag_2d_same_local_qh,,,,,,,,,,False,True,kept,82348,0.9974804980861476,80230,forecast_revision,forecast_revision,wind_total_forecast_revision_id_minus_da_mw,False,too_correlated_with_kept_feature,wind_onshore_forecast_revision_id_minus_da_mw_lag_2d_same_local_qh,0.9255755015191619,0.005553313932123143,forecast_revision,forecast_revision,wind_total_forecast_revision_id_minus_da_mw,forecast_revision,forecast_revision,wind_total_forecast_revision_id_minus_da_mw,False,elasticnet_coefficients
wind_total_forecast_revision_id_minus_da_mw_lag_7d_same_local_qh,,,,,,,,,,False,True,kept,80908,0.9800377925287078,78817,forecast_revision,forecast_revision,wind_total_forecast_revision_id_minus_da_mw,False,too_correlated_with_kept_feature,wind_onshore_forecast_revision_id_minus_da_mw_lag_7d_same_local_qh,0.9260227431699111,0.03396024148537813,forecast_revision,forecast_revision,wind_total_forecast_revision_id_minus_da_mw,forecast_revision,forecast_revision,wind_total_forecast_revision_id_minus_da_mw,False,elasticnet_coefficients
