timestamp_utc,timestamp_local,date_local,hour_local,minute_local,quarter_hour_local,weekday_local,month_local,ida2_price_eur_mwh,da_price_eur_mwh,ida2_minus_da_spread_eur_mwh_rolling_median_28d_same_local_qh,ida2_minus_da_spread_eur_mwh_rolling_median_7d_same_local_qh,ida2_minus_da_spread_eur_mwh_lag_1d_same_local_qh,ida2_minus_da_spread_eur_mwh_lag_7d_same_local_qh,wind_offshore_id_forecast_error_mw_lag_1d_same_local_qh,residual_load_revision_id_minus_da_approx_mw_rolling_median_7d_same_local_qh,ida2_minus_da_spread_eur_mwh
2026-05-16 12:00:00+00:00,2026-05-16 14:00:00+02:00,2026-05-16,14,0,0,5,5,-0.03,-2.06,,,,,527.922,-316.22847000000183,2.0300000000000002
2026-05-16 12:15:00+00:00,2026-05-16 14:15:00+02:00,2026-05-16,14,15,1,5,5,0.0,-2.02,,,,,572.9949999999994,-242.3642800000016,2.02
2026-05-16 12:30:00+00:00,2026-05-16 14:30:00+02:00,2026-05-16,14,30,2,5,5,-0.07,0.0,,,,,620.2540000000004,-160.36895000000368,-0.07
2026-05-16 12:45:00+00:00,2026-05-16 14:45:00+02:00,2026-05-16,14,45,3,5,5,-0.3,2.72,,,,,333.9930000000004,-129.4178400000019,-3.02
2026-05-16 13:00:00+00:00,2026-05-16 15:00:00+02:00,2026-05-16,15,0,0,5,5,-0.81,-1.6,,,,,202.80200000000013,-139.675089999997,0.79
2026-05-16 13:15:00+00:00,2026-05-16 15:15:00+02:00,2026-05-16,15,15,1,5,5,-0.82,-1.05,,,,,283.683,-165.1212599999999,0.2300000000000001
2026-05-16 13:30:00+00:00,2026-05-16 15:30:00+02:00,2026-05-16,15,30,2,5,5,-0.82,6.4,,,,,307.6419999999998,-226.40812000000005,-7.220000000000001
2026-05-16 13:45:00+00:00,2026-05-16 15:45:00+02:00,2026-05-16,15,45,3,5,5,3.32,14.08,,,,,251.4059999999995,-205.3727299999955,-10.76
2026-05-16 14:00:00+00:00,2026-05-16 16:00:00+02:00,2026-05-16,16,0,0,5,5,0.0,-7.57,,,,,538.4940000000001,-133.03577999999834,7.57
2026-05-16 14:15:00+00:00,2026-05-16 16:15:00+02:00,2026-05-16,16,15,1,5,5,0.0,7.3,,,,,316.1410000000001,243.45478999999614,-7.3
2026-05-16 14:30:00+00:00,2026-05-16 16:30:00+02:00,2026-05-16,16,30,2,5,5,6.0,0.25,,,,,190.65999999999985,630.5220899999986,5.75
2026-05-16 14:45:00+00:00,2026-05-16 16:45:00+02:00,2026-05-16,16,45,3,5,5,21.93,19.04,,,,,190.9920000000002,1056.2396700000027,2.8900000000000006
2026-05-16 15:00:00+00:00,2026-05-16 17:00:00+02:00,2026-05-16,17,0,0,5,5,15.93,6.31,,,,,253.0590000000002,1469.5929400000023,9.620000000000001
2026-05-16 15:15:00+00:00,2026-05-16 17:15:00+02:00,2026-05-16,17,15,1,5,5,41.15,54.0,,,,,309.34199999999964,1371.013270000003,-12.850000000000001
2026-05-16 15:30:00+00:00,2026-05-16 17:30:00+02:00,2026-05-16,17,30,2,5,5,83.2,86.33,,,,,247.7440000000006,1274.1902699999991,-3.1299999999999955
2026-05-16 15:45:00+00:00,2026-05-16 17:45:00+02:00,2026-05-16,17,45,3,5,5,99.94,106.5,,,,,171.65900000000056,1217.2161500000002,-6.560000000000002
2026-05-16 16:00:00+00:00,2026-05-16 18:00:00+02:00,2026-05-16,18,0,0,5,5,74.64,71.46,,,,,254.79699999999957,1183.5414699999965,3.180000000000007
2026-05-16 16:15:00+00:00,2026-05-16 18:15:00+02:00,2026-05-16,18,15,1,5,5,92.3,97.4,,,,,296.7619999999997,1198.8753099999958,-5.1000000000000085
2026-05-16 16:30:00+00:00,2026-05-16 18:30:00+02:00,2026-05-16,18,30,2,5,5,109.03,114.52,,,,,349.1239999999998,1241.5732799999969,-5.489999999999995
2026-05-16 16:45:00+00:00,2026-05-16 18:45:00+02:00,2026-05-16,18,45,3,5,5,116.1,143.9,,,,,509.8010000000004,1244.0958200000023,-27.80000000000001
2026-05-16 17:00:00+00:00,2026-05-16 19:00:00+02:00,2026-05-16,19,0,0,5,5,107.88,97.4,,,,,886.9049999999997,1184.993570000006,10.47999999999999
2026-05-16 17:15:00+00:00,2026-05-16 19:15:00+02:00,2026-05-16,19,15,1,5,5,114.74,118.6,,,,,909.027,1121.0353500000056,-3.8599999999999994
2026-05-16 17:30:00+00:00,2026-05-16 19:30:00+02:00,2026-05-16,19,30,2,5,5,128.15,132.0,,,,,1051.6350000000002,1052.8392800000001,-3.8499999999999943
2026-05-16 17:45:00+00:00,2026-05-16 19:45:00+02:00,2026-05-16,19,45,3,5,5,138.11,168.59,,,,,1111.4490000000005,992.5978000000032,-30.47999999999999
2026-05-16 18:00:00+00:00,2026-05-16 20:00:00+02:00,2026-05-16,20,0,0,5,5,129.5,132.86,,,,,956.4659999999994,927.9297200000001,-3.3600000000000136
2026-05-16 18:15:00+00:00,2026-05-16 20:15:00+02:00,2026-05-16,20,15,1,5,5,134.82,141.54,,,,,817.1149999999998,915.2820100000026,-6.719999999999999
2026-05-16 18:30:00+00:00,2026-05-16 20:30:00+02:00,2026-05-16,20,30,2,5,5,140.82,141.44,,,,,1050.0810000000001,902.8168899999946,-0.6200000000000045
2026-05-16 18:45:00+00:00,2026-05-16 20:45:00+02:00,2026-05-16,20,45,3,5,5,145.68,148.6,,,,,1076.183,874.7029200000034,-2.9199999999999875
2026-05-16 19:00:00+00:00,2026-05-16 21:00:00+02:00,2026-05-16,21,0,0,5,5,141.9,154.3,,,,,1088.906,812.1373299999977,-12.400000000000006
2026-05-16 19:15:00+00:00,2026-05-16 21:15:00+02:00,2026-05-16,21,15,1,5,5,139.12,147.75,,,,,1173.237,699.4135400000014,-8.629999999999995
2026-05-16 19:30:00+00:00,2026-05-16 21:30:00+02:00,2026-05-16,21,30,2,5,5,135.95,141.88,,,,,1123.38,637.1411799999987,-5.930000000000007
2026-05-16 19:45:00+00:00,2026-05-16 21:45:00+02:00,2026-05-16,21,45,3,5,5,131.08,134.5,,,,,1029.6350000000002,640.6441300000006,-3.4199999999999875
2026-05-16 20:00:00+00:00,2026-05-16 22:00:00+02:00,2026-05-16,22,0,0,5,5,141.75,150.0,,,,,1044.29,625.144220000002,-8.25
2026-05-16 20:15:00+00:00,2026-05-16 22:15:00+02:00,2026-05-16,22,15,1,5,5,135.73,140.87,,,,,1106.8950000000004,607.259570000002,-5.140000000000015
2026-05-16 20:30:00+00:00,2026-05-16 22:30:00+02:00,2026-05-16,22,30,2,5,5,131.57,134.31,,,,,1181.813,587.5545899999997,-2.740000000000009
2026-05-16 20:45:00+00:00,2026-05-16 22:45:00+02:00,2026-05-16,22,45,3,5,5,128.08,126.96,,,,,1022.2640000000001,635.6500800000067,1.1200000000000188
2026-05-16 21:00:00+00:00,2026-05-16 23:00:00+02:00,2026-05-16,23,0,0,5,5,133.13,138.09,,,,,942.8919999999998,717.9077199999956,-4.960000000000008
2026-05-16 21:15:00+00:00,2026-05-16 23:15:00+02:00,2026-05-16,23,15,1,5,5,127.5,133.6,,,,,1090.9300000000003,764.1263400000025,-6.099999999999994
2026-05-16 21:30:00+00:00,2026-05-16 23:30:00+02:00,2026-05-16,23,30,2,5,5,125.84,131.45,,,,,1298.223,808.0671199999997,-5.609999999999985
2026-05-16 21:45:00+00:00,2026-05-16 23:45:00+02:00,2026-05-16,23,45,3,5,5,118.11,119.38,,,,,1430.3899999999994,859.6049099999982,-1.269999999999996
2026-05-19 22:00:00+00:00,2026-05-20 00:00:00+02:00,2026-05-20,0,0,0,2,5,119.15,135.39,,,,,,-691.1298300000053,-16.23999999999998
2026-05-19 22:15:00+00:00,2026-05-20 00:15:00+02:00,2026-05-20,0,15,1,2,5,116.66,123.98,,,,,,-690.3128599999982,-7.320000000000007
2026-05-19 22:30:00+00:00,2026-05-20 00:30:00+02:00,2026-05-20,0,30,2,2,5,115.08,119.5,,,,,,-706.8764100000044,-4.420000000000002
2026-05-19 22:45:00+00:00,2026-05-20 00:45:00+02:00,2026-05-20,0,45,3,2,5,109.59,112.96,,,,,,-709.8156799999997,-3.3699999999999903
2026-05-19 23:00:00+00:00,2026-05-20 01:00:00+02:00,2026-05-20,1,0,0,2,5,117.08,120.11,,,,,,-669.7551899999962,-3.030000000000001
2026-05-19 23:15:00+00:00,2026-05-20 01:15:00+02:00,2026-05-20,1,15,1,2,5,110.19,118.61,,,,,,-705.2928600000014,-8.420000000000002
2026-05-19 23:30:00+00:00,2026-05-20 01:30:00+02:00,2026-05-20,1,30,2,2,5,106.05,113.69,,,,,,-566.0622699999985,-7.640000000000001
2026-05-19 23:45:00+00:00,2026-05-20 01:45:00+02:00,2026-05-20,1,45,3,2,5,101.88,107.34,,,,,,-569.0910900000017,-5.460000000000008
2026-05-20 00:00:00+00:00,2026-05-20 02:00:00+02:00,2026-05-20,2,0,0,2,5,105.97,111.62,,,,,,-742.3528700000024,-5.650000000000006
2026-05-20 00:15:00+00:00,2026-05-20 02:15:00+02:00,2026-05-20,2,15,1,2,5,102.2,109.0,,,,,,-685.4969700000001,-6.799999999999997
2026-05-20 00:30:00+00:00,2026-05-20 02:30:00+02:00,2026-05-20,2,30,2,2,5,102.03,109.2,,,,,,-627.0437500000007,-7.170000000000002
2026-05-20 00:45:00+00:00,2026-05-20 02:45:00+02:00,2026-05-20,2,45,3,2,5,106.28,103.06,,,,,,-462.62159000000247,3.219999999999999
2026-05-20 01:00:00+00:00,2026-05-20 03:00:00+02:00,2026-05-20,3,0,0,2,5,106.09,103.1,,,,,,-68.04019000000335,2.990000000000009
2026-05-20 01:15:00+00:00,2026-05-20 03:15:00+02:00,2026-05-20,3,15,1,2,5,105.93,102.9,,,,,,-31.81532000000152,3.030000000000001
2026-05-20 01:30:00+00:00,2026-05-20 03:30:00+02:00,2026-05-20,3,30,2,2,5,106.55,109.73,,,,,,-145.3549800000037,-3.180000000000007
2026-05-20 01:45:00+00:00,2026-05-20 03:45:00+02:00,2026-05-20,3,45,3,2,5,105.31,108.23,,,,,,-115.93007999999827,-2.9200000000000017
2026-05-20 02:00:00+00:00,2026-05-20 04:00:00+02:00,2026-05-20,4,0,0,2,5,106.63,99.24,,,,,,-121.97892000000138,7.390000000000001
2026-05-20 02:15:00+00:00,2026-05-20 04:15:00+02:00,2026-05-20,4,15,1,2,5,107.16,109.13,,,,,,-148.59832000000097,-1.9699999999999989
2026-05-20 02:30:00+00:00,2026-05-20 04:30:00+02:00,2026-05-20,4,30,2,2,5,108.98,111.44,,,,,,-188.43749000000025,-2.4599999999999937
2026-05-20 02:45:00+00:00,2026-05-20 04:45:00+02:00,2026-05-20,4,45,3,2,5,106.87,112.38,,,,,,-228.77304000000004,-5.509999999999991
2026-05-20 03:00:00+00:00,2026-05-20 05:00:00+02:00,2026-05-20,5,0,0,2,5,104.5,111.67,,,,,,-9.871399999999994,-7.170000000000002
2026-05-20 03:15:00+00:00,2026-05-20 05:15:00+02:00,2026-05-20,5,15,1,2,5,106.51,115.0,,,,,,325.0595900000044,-8.489999999999995
2026-05-20 03:30:00+00:00,2026-05-20 05:30:00+02:00,2026-05-20,5,30,2,2,5,111.64,119.34,,,,,,254.62621000000217,-7.700000000000003
2026-05-20 03:45:00+00:00,2026-05-20 05:45:00+02:00,2026-05-20,5,45,3,2,5,121.55,130.19,,,,,,-73.61754999999539,-8.64
2026-05-20 04:00:00+00:00,2026-05-20 06:00:00+02:00,2026-05-20,6,0,0,2,5,125.91,127.9,,,,,,-140.30288000000292,-1.990000000000009
2026-05-20 04:15:00+00:00,2026-05-20 06:15:00+02:00,2026-05-20,6,15,1,2,5,130.93,126.8,,,,,,-167.044249999999,4.13000000000001
2026-05-20 04:30:00+00:00,2026-05-20 06:30:00+02:00,2026-05-20,6,30,2,2,5,132.19,139.3,,,,,,-133.62204999999813,-7.110000000000014
2026-05-20 04:45:00+00:00,2026-05-20 06:45:00+02:00,2026-05-20,6,45,3,2,5,130.97,134.01,,,,,,-175.00286999999662,-3.039999999999992
2026-05-20 05:00:00+00:00,2026-05-20 07:00:00+02:00,2026-05-20,7,0,0,2,5,136.43,138.23,,,,,,-261.9266800000041,-1.799999999999983
2026-05-20 05:15:00+00:00,2026-05-20 07:15:00+02:00,2026-05-20,7,15,1,2,5,132.82,131.6,,,,,,-196.93431000000055,1.2199999999999989
2026-05-20 05:30:00+00:00,2026-05-20 07:30:00+02:00,2026-05-20,7,30,2,2,5,130.01,132.67,,,,,,-186.54049999999552,-2.6599999999999966
2026-05-20 05:45:00+00:00,2026-05-20 07:45:00+02:00,2026-05-20,7,45,3,2,5,124.91,125.97,,,,,,-248.09831999999733,-1.0600000000000023
2026-05-20 06:00:00+00:00,2026-05-20 08:00:00+02:00,2026-05-20,8,0,0,2,5,137.81,137.22,,,,,,-133.70706999999675,0.5900000000000034
2026-05-20 06:15:00+00:00,2026-05-20 08:15:00+02:00,2026-05-20,8,15,1,2,5,130.0,126.3,,,,,,-212.43370999999752,3.700000000000003
2026-05-20 06:30:00+00:00,2026-05-20 08:30:00+02:00,2026-05-20,8,30,2,2,5,115.0,118.13,,,,,,-276.5731700000033,-3.1299999999999955
2026-05-20 06:45:00+00:00,2026-05-20 08:45:00+02:00,2026-05-20,8,45,3,2,5,108.08,109.2,,,,,,-302.7451599999986,-1.1200000000000045
2026-05-20 07:00:00+00:00,2026-05-20 09:00:00+02:00,2026-05-20,9,0,0,2,5,122.93,120.27,,,,,,-316.3162799999991,2.660000000000011
2026-05-20 07:15:00+00:00,2026-05-20 09:15:00+02:00,2026-05-20,9,15,1,2,5,111.15,106.3,,,,,,-360.9577500000014,4.8500000000000085
2026-05-20 07:30:00+00:00,2026-05-20 09:30:00+02:00,2026-05-20,9,30,2,2,5,108.98,107.96,,,,,,-450.822070000002,1.0200000000000102
2026-05-20 07:45:00+00:00,2026-05-20 09:45:00+02:00,2026-05-20,9,45,3,2,5,95.85,97.34,,,,,,-554.0940599999958,-1.490000000000009
2026-05-20 08:00:00+00:00,2026-05-20 10:00:00+02:00,2026-05-20,10,0,0,2,5,94.72,95.27,,,,,,-409.3834100000022,-0.5499999999999972
2026-05-20 08:15:00+00:00,2026-05-20 10:15:00+02:00,2026-05-20,10,15,1,2,5,84.03,92.0,,,,,,-237.64764000001014,-7.969999999999999
2026-05-20 08:30:00+00:00,2026-05-20 10:30:00+02:00,2026-05-20,10,30,2,2,5,79.01,79.37,,,,,,-270.7922299999991,-0.35999999999999943
2026-05-20 08:45:00+00:00,2026-05-20 10:45:00+02:00,2026-05-20,10,45,3,2,5,69.44,65.01,,,,,,49.4299600000013,4.429999999999993
2026-05-20 09:00:00+00:00,2026-05-20 11:00:00+02:00,2026-05-20,11,0,0,2,5,76.48,88.32,,,,,,114.99431000000186,-11.83999999999999
2026-05-20 09:15:00+00:00,2026-05-20 11:15:00+02:00,2026-05-20,11,15,1,2,5,66.71,73.8,,,,,,218.27988000000187,-7.090000000000003
2026-05-20 09:30:00+00:00,2026-05-20 11:30:00+02:00,2026-05-20,11,30,2,2,5,60.6,62.64,,,,,,372.146499999988,-2.039999999999999
2026-05-20 09:45:00+00:00,2026-05-20 11:45:00+02:00,2026-05-20,11,45,3,2,5,48.93,58.73,,,,,,509.61968999999954,-9.799999999999997
2026-05-20 10:00:00+00:00,2026-05-20 12:00:00+02:00,2026-05-20,12,0,0,2,5,57.66,64.06,,,,,,617.5411900000036,-6.400000000000006
2026-05-20 10:15:00+00:00,2026-05-20 12:15:00+02:00,2026-05-20,12,15,1,2,5,46.06,51.39,,,,,,715.1865000000034,-5.329999999999998
2026-05-20 10:30:00+00:00,2026-05-20 12:30:00+02:00,2026-05-20,12,30,2,2,5,34.67,59.12,,,,,,807.5101900000009,-24.449999999999996
2026-05-20 10:45:00+00:00,2026-05-20 12:45:00+02:00,2026-05-20,12,45,3,2,5,31.1,53.8,,,,,,842.3308200000029,-22.699999999999996
2026-05-20 11:00:00+00:00,2026-05-20 13:00:00+02:00,2026-05-20,13,0,0,2,5,36.44,60.01,,,,,,949.8525700000027,-23.57
2026-05-20 11:15:00+00:00,2026-05-20 13:15:00+02:00,2026-05-20,13,15,1,2,5,29.44,48.98,,,,,,915.1833800000022,-19.539999999999996
2026-05-20 11:30:00+00:00,2026-05-20 13:30:00+02:00,2026-05-20,13,30,2,2,5,22.01,42.01,,,,,,922.5176199999987,-19.999999999999996
2026-05-20 11:45:00+00:00,2026-05-20 13:45:00+02:00,2026-05-20,13,45,3,2,5,15.72,44.19,,,,,,897.5704599999954,-28.47
2026-05-20 12:00:00+00:00,2026-05-20 14:00:00+02:00,2026-05-20,14,0,0,2,5,17.67,27.36,,,,,,749.1895700000023,-9.689999999999998
2026-05-20 12:15:00+00:00,2026-05-20 14:15:00+02:00,2026-05-20,14,15,1,2,5,19.8,30.07,,,,,,712.7359199999992,-10.27
2026-05-20 12:30:00+00:00,2026-05-20 14:30:00+02:00,2026-05-20,14,30,2,2,5,21.42,35.95,,,,,,1147.278059999997,-14.530000000000001
2026-05-20 12:45:00+00:00,2026-05-20 14:45:00+02:00,2026-05-20,14,45,3,2,5,23.21,40.67,,,,,,1125.243220000004,-17.46
2026-05-20 13:00:00+00:00,2026-05-20 15:00:00+02:00,2026-05-20,15,0,0,2,5,24.99,31.59,,,,,,1105.457309999998,-6.600000000000001
2026-05-20 13:15:00+00:00,2026-05-20 15:15:00+02:00,2026-05-20,15,15,1,2,5,29.14,38.78,,,,,,1073.0643199999977,-9.64
2026-05-20 13:30:00+00:00,2026-05-20 15:30:00+02:00,2026-05-20,15,30,2,2,5,33.2,48.84,,,,,,1024.9999700000044,-15.64
2026-05-20 13:45:00+00:00,2026-05-20 15:45:00+02:00,2026-05-20,15,45,3,2,5,45.11,63.43,,,,,,894.5542900000073,-18.32
2026-05-20 14:00:00+00:00,2026-05-20 16:00:00+02:00,2026-05-20,16,0,0,2,5,15.61,50.8,,,,,,799.3907099999997,-35.19
2026-05-20 14:15:00+00:00,2026-05-20 16:15:00+02:00,2026-05-20,16,15,1,2,5,46.88,55.4,,,,,,651.7167100000006,-8.519999999999996
2026-05-20 14:30:00+00:00,2026-05-20 16:30:00+02:00,2026-05-20,16,30,2,2,5,67.74,84.72,,,,,,546.0720399999991,-16.980000000000004
2026-05-20 14:45:00+00:00,2026-05-20 16:45:00+02:00,2026-05-20,16,45,3,2,5,79.99,97.31,,,,,,445.9370999999992,-17.320000000000007
2026-05-20 15:00:00+00:00,2026-05-20 17:00:00+02:00,2026-05-20,17,0,0,2,5,68.96,72.69,,,,,,403.7612999999983,-3.730000000000004
2026-05-20 15:15:00+00:00,2026-05-20 17:15:00+02:00,2026-05-20,17,15,1,2,5,89.61,86.05,,,,,,328.1687899999961,3.5600000000000023
2026-05-20 15:30:00+00:00,2026-05-20 17:30:00+02:00,2026-05-20,17,30,2,2,5,96.75,106.91,,,,,,249.46623000000181,-10.159999999999997
2026-05-20 15:45:00+00:00,2026-05-20 17:45:00+02:00,2026-05-20,17,45,3,2,5,111.88,117.0,,,,,,162.25900000000547,-5.1200000000000045
2026-05-20 16:00:00+00:00,2026-05-20 18:00:00+02:00,2026-05-20,18,0,0,2,5,98.73,105.75,,,,,,118.90312999999878,-7.019999999999996
2026-05-20 16:15:00+00:00,2026-05-20 18:15:00+02:00,2026-05-20,18,15,1,2,5,119.13,109.3,,,,,,83.2379800000017,9.829999999999998
2026-05-20 16:30:00+00:00,2026-05-20 18:30:00+02:00,2026-05-20,18,30,2,2,5,130.38,140.03,,,,,,174.8934600000066,-9.650000000000006
2026-05-20 16:45:00+00:00,2026-05-20 18:45:00+02:00,2026-05-20,18,45,3,2,5,143.5,149.18,,,,,,277.0361800000028,-5.680000000000007
2026-05-20 17:00:00+00:00,2026-05-20 19:00:00+02:00,2026-05-20,19,0,0,2,5,118.69,126.12,,,,,,380.45786999999837,-7.430000000000007
2026-05-20 17:15:00+00:00,2026-05-20 19:15:00+02:00,2026-05-20,19,15,1,2,5,133.98,142.93,,,,,,442.39893999999913,-8.950000000000017
2026-05-20 17:30:00+00:00,2026-05-20 19:30:00+02:00,2026-05-20,19,30,2,2,5,144.6,153.0,,,,,,476.6549900000027,-8.400000000000006
2026-05-20 17:45:00+00:00,2026-05-20 19:45:00+02:00,2026-05-20,19,45,3,2,5,163.25,166.54,,,,,,497.4487499999959,-3.289999999999992
2026-05-20 18:00:00+00:00,2026-05-20 20:00:00+02:00,2026-05-20,20,0,0,2,5,150.42,164.25,,,,,,499.66251999999804,-13.830000000000013
2026-05-20 18:15:00+00:00,2026-05-20 20:15:00+02:00,2026-05-20,20,15,1,2,5,154.26,165.77,,,,,,504.04297000000224,-11.51000000000002
2026-05-20 18:30:00+00:00,2026-05-20 20:30:00+02:00,2026-05-20,20,30,2,2,5,163.33,172.76,,,,,,522.5754700000034,-9.429999999999978
2026-05-20 18:45:00+00:00,2026-05-20 20:45:00+02:00,2026-05-20,20,45,3,2,5,172.0,169.41,,,,,,525.7833699999974,2.5900000000000034
2026-05-20 19:00:00+00:00,2026-05-20 21:00:00+02:00,2026-05-20,21,0,0,2,5,171.86,166.41,,,,,,431.80719999999565,5.450000000000017
2026-05-20 19:15:00+00:00,2026-05-20 21:15:00+02:00,2026-05-20,21,15,1,2,5,159.36,160.0,,,,,,408.6444499999998,-0.6399999999999864
2026-05-20 19:30:00+00:00,2026-05-20 21:30:00+02:00,2026-05-20,21,30,2,2,5,151.89,157.28,,,,,,391.7937099999981,-5.390000000000015
2026-05-20 19:45:00+00:00,2026-05-20 21:45:00+02:00,2026-05-20,21,45,3,2,5,140.89,154.56,,,,,,373.4097200000033,-13.670000000000016
2026-05-20 20:00:00+00:00,2026-05-20 22:00:00+02:00,2026-05-20,22,0,0,2,5,156.97,160.2,,,,,,366.2207999999955,-3.2299999999999898
2026-05-20 20:15:00+00:00,2026-05-20 22:15:00+02:00,2026-05-20,22,15,1,2,5,149.9,150.93,,,,,,348.0349300000016,-1.0300000000000011
2026-05-20 20:30:00+00:00,2026-05-20 22:30:00+02:00,2026-05-20,22,30,2,2,5,141.77,144.45,,,,,,327.01492000000144,-2.6799999999999784
2026-05-20 20:45:00+00:00,2026-05-20 22:45:00+02:00,2026-05-20,22,45,3,2,5,132.01,136.56,,,,,,315.1849500000026,-4.550000000000011
2026-05-20 21:00:00+00:00,2026-05-20 23:00:00+02:00,2026-05-20,23,0,0,2,5,142.86,140.57,,,,,,276.9617900000012,2.2900000000000205
2026-05-20 21:15:00+00:00,2026-05-20 23:15:00+02:00,2026-05-20,23,15,1,2,5,137.35,137.9,,,,,,268.12604999999894,-0.5500000000000114
2026-05-20 21:30:00+00:00,2026-05-20 23:30:00+02:00,2026-05-20,23,30,2,2,5,132.9,134.52,,,,,,263.92497000000003,-1.6200000000000045
2026-05-20 21:45:00+00:00,2026-05-20 23:45:00+02:00,2026-05-20,23,45,3,2,5,129.49,131.09,,,,,,249.35469000000012,-1.5999999999999943
2026-05-29 22:00:00+00:00,2026-05-30 00:00:00+02:00,2026-05-30,0,0,0,5,5,127.94,145.0,,,,,,52.204460000000836,-17.060000000000002
2026-05-29 22:15:00+00:00,2026-05-30 00:15:00+02:00,2026-05-30,0,15,1,5,5,127.03,136.85,,,,,,56.31900999999925,-9.819999999999993
2026-05-29 22:30:00+00:00,2026-05-30 00:30:00+02:00,2026-05-30,0,30,2,5,5,122.51,132.43,,,,,,62.08002000000124,-9.920000000000002
2026-05-29 22:45:00+00:00,2026-05-30 00:45:00+02:00,2026-05-30,0,45,3,5,5,116.92,127.78,,,,,,122.04756999999518,-10.86
2026-05-29 23:00:00+00:00,2026-05-30 01:00:00+02:00,2026-05-30,1,0,0,5,5,123.29,135.0,,,,,,169.30552999999782,-11.709999999999994
2026-05-29 23:15:00+00:00,2026-05-30 01:15:00+02:00,2026-05-30,1,15,1,5,5,120.51,129.2,,,,,,161.11153000000195,-8.689999999999984
2026-05-29 23:30:00+00:00,2026-05-30 01:30:00+02:00,2026-05-30,1,30,2,5,5,117.89,126.54,,,,,,261.39308000000165,-8.650000000000006
2026-05-29 23:45:00+00:00,2026-05-30 01:45:00+02:00,2026-05-30,1,45,3,5,5,115.51,124.67,,,,,,324.74667999999656,-9.159999999999997
2026-05-30 00:00:00+00:00,2026-05-30 02:00:00+02:00,2026-05-30,2,0,0,5,5,119.08,125.01,,,,,,315.55918000000383,-5.930000000000007
2026-05-30 00:15:00+00:00,2026-05-30 02:15:00+02:00,2026-05-30,2,15,1,5,5,116.78,123.65,,,,,,194.2166900000011,-6.8700000000000045
2026-05-30 00:30:00+00:00,2026-05-30 02:30:00+02:00,2026-05-30,2,30,2,5,5,117.45,127.98,,,,,,209.68663000000015,-10.530000000000001
2026-05-30 00:45:00+00:00,2026-05-30 02:45:00+02:00,2026-05-30,2,45,3,5,5,114.7,126.77,,,,,,116.89763000000312,-12.069999999999993
2026-05-30 01:00:00+00:00,2026-05-30 03:00:00+02:00,2026-05-30,3,0,0,5,5,116.1,125.8,,,,,,16.08622999999716,-9.700000000000003
2026-05-30 01:15:00+00:00,2026-05-30 03:15:00+02:00,2026-05-30,3,15,1,5,5,115.03,123.6,,,,,,-106.09773000000132,-8.569999999999993
2026-05-30 01:30:00+00:00,2026-05-30 03:30:00+02:00,2026-05-30,3,30,2,5,5,116.71,123.82,,,,,,-157.4414599999982,-7.109999999999999
2026-05-30 01:45:00+00:00,2026-05-30 03:45:00+02:00,2026-05-30,3,45,3,5,5,115.99,122.0,,,,,,-164.3509800000029,-6.010000000000005
2026-05-30 02:00:00+00:00,2026-05-30 04:00:00+02:00,2026-05-30,4,0,0,5,5,118.16,122.77,,,,,,-283.3024399999995,-4.609999999999999
2026-05-30 02:15:00+00:00,2026-05-30 04:15:00+02:00,2026-05-30,4,15,1,5,5,119.9,123.34,,,,,,-121.13358000000153,-3.4399999999999977
2026-05-30 02:30:00+00:00,2026-05-30 04:30:00+02:00,2026-05-30,4,30,2,5,5,122.32,124.7,,,,,,-80.82851999999548,-2.3800000000000097
2026-05-30 02:45:00+00:00,2026-05-30 04:45:00+02:00,2026-05-30,4,45,3,5,5,121.49,128.07,,,,,,-288.11131000000023,-6.579999999999998
2026-05-30 03:00:00+00:00,2026-05-30 05:00:00+02:00,2026-05-30,5,0,0,5,5,124.81,128.62,,,,,,-298.4844599999997,-3.8100000000000023
2026-05-30 03:15:00+00:00,2026-05-30 05:15:00+02:00,2026-05-30,5,15,1,5,5,122.98,125.87,,,,,,-483.85889999999927,-2.8900000000000006
2026-05-30 03:30:00+00:00,2026-05-30 05:30:00+02:00,2026-05-30,5,30,2,5,5,122.13,124.0,,,,,,-588.8905599999998,-1.8700000000000045
2026-05-30 03:45:00+00:00,2026-05-30 05:45:00+02:00,2026-05-30,5,45,3,5,5,120.51,120.55,,,,,,-721.4366199999931,-0.03999999999999204
2026-05-30 04:00:00+00:00,2026-05-30 06:00:00+02:00,2026-05-30,6,0,0,5,5,122.36,123.2,,,,,,-772.9458200000008,-0.8400000000000034
2026-05-30 04:15:00+00:00,2026-05-30 06:15:00+02:00,2026-05-30,6,15,1,5,5,116.59,121.7,,,,,,-718.4709200000034,-5.109999999999999
2026-05-30 04:30:00+00:00,2026-05-30 06:30:00+02:00,2026-05-30,6,30,2,5,5,110.71,116.6,,,,,,-462.34653999999864,-5.890000000000001
2026-05-30 04:45:00+00:00,2026-05-30 06:45:00+02:00,2026-05-30,6,45,3,5,5,107.94,112.47,,,,,,-513.875680000001,-4.530000000000001
2026-05-30 05:00:00+00:00,2026-05-30 07:00:00+02:00,2026-05-30,7,0,0,5,5,118.38,120.53,,,,,,-518.8764299999966,-2.1500000000000057
2026-05-30 05:15:00+00:00,2026-05-30 07:15:00+02:00,2026-05-30,7,15,1,5,5,113.6,110.13,,,,,,-335.005170000004,3.469999999999999
2026-05-30 05:30:00+00:00,2026-05-30 07:30:00+02:00,2026-05-30,7,30,2,5,5,105.8,108.48,,,,,,-262.3001299999996,-2.680000000000007
2026-05-30 05:45:00+00:00,2026-05-30 07:45:00+02:00,2026-05-30,7,45,3,5,5,92.0,98.38,,,,,,-336.32271000000037,-6.3799999999999955
2026-05-30 06:00:00+00:00,2026-05-30 08:00:00+02:00,2026-05-30,8,0,0,5,5,109.7,110.0,,,,,,-306.3248100000019,-0.29999999999999716
2026-05-30 06:15:00+00:00,2026-05-30 08:15:00+02:00,2026-05-30,8,15,1,5,5,95.08,92.49,,,,,,-245.81170000000202,2.5900000000000034
2026-05-30 06:30:00+00:00,2026-05-30 08:30:00+02:00,2026-05-30,8,30,2,5,5,79.23,72.29,,,,,,-137.80534000000262,6.939999999999998
2026-05-30 06:45:00+00:00,2026-05-30 08:45:00+02:00,2026-05-30,8,45,3,5,5,56.12,56.27,,,,,,4.501490000002377,-0.15000000000000568
2026-05-30 07:00:00+00:00,2026-05-30 09:00:00+02:00,2026-05-30,9,0,0,5,5,68.27,75.59,,,,,,88.57993999999962,-7.320000000000007
2026-05-30 07:15:00+00:00,2026-05-30 09:15:00+02:00,2026-05-30,9,15,1,5,5,45.96,53.4,,,,,,76.16196999999374,-7.439999999999998
2026-05-30 07:30:00+00:00,2026-05-30 09:30:00+02:00,2026-05-30,9,30,2,5,5,24.32,16.59,,,,,,148.61955999999918,7.73
2026-05-30 07:45:00+00:00,2026-05-30 09:45:00+02:00,2026-05-30,9,45,3,5,5,16.79,15.4,,,,,,74.84293000000616,1.3899999999999988
2026-05-30 08:00:00+00:00,2026-05-30 10:00:00+02:00,2026-05-30,10,0,0,5,5,18.0,19.8,,,,,,-231.7320000000036,-1.8000000000000007
2026-05-30 08:15:00+00:00,2026-05-30 10:15:00+02:00,2026-05-30,10,15,1,5,5,11.99,1.75,,,,,,-316.9711099999986,10.24
2026-05-30 08:30:00+00:00,2026-05-30 10:30:00+02:00,2026-05-30,10,30,2,5,5,1.96,4.01,,,,,,-192.6098839999977,-2.05
2026-05-30 08:45:00+00:00,2026-05-30 10:45:00+02:00,2026-05-30,10,45,3,5,5,0.0,-5.7,,,,,,-128.76189000000159,5.7
2026-05-30 09:00:00+00:00,2026-05-30 11:00:00+02:00,2026-05-30,11,0,0,5,5,0.0,2.21,,,,,,-129.13656000000628,-2.21
2026-05-30 09:15:00+00:00,2026-05-30 11:15:00+02:00,2026-05-30,11,15,1,5,5,-1.11,2.59,,,,,,-90.52068999999756,-3.7
2026-05-30 09:30:00+00:00,2026-05-30 11:30:00+02:00,2026-05-30,11,30,2,5,5,0.79,-0.01,,,,,,12.149949999991804,0.8
2026-05-30 09:45:00+00:00,2026-05-30 11:45:00+02:00,2026-05-30,11,45,3,5,5,0.0,-6.3,,,,,,137.16353000000527,6.3
2026-05-30 10:00:00+00:00,2026-05-30 12:00:00+02:00,2026-05-30,12,0,0,5,5,-0.01,4.3,,,,,,90.4974000000002,-4.31
2026-05-30 10:15:00+00:00,2026-05-30 12:15:00+02:00,2026-05-30,12,15,1,5,5,-0.56,-4.61,,,,,,-11.992379999996047,4.050000000000001
2026-05-30 10:30:00+00:00,2026-05-30 12:30:00+02:00,2026-05-30,12,30,2,5,5,-3.98,-7.33,,,,,,-29.616439999997965,3.35
2026-05-30 10:45:00+00:00,2026-05-30 12:45:00+02:00,2026-05-30,12,45,3,5,5,-4.54,-10.17,,,,,,-38.25658000000112,5.63
2026-05-30 11:00:00+00:00,2026-05-30 13:00:00+02:00,2026-05-30,13,0,0,5,5,-5.5,-6.6,,,,,,-5.262890000005427,1.0999999999999996
2026-05-30 11:15:00+00:00,2026-05-30 13:15:00+02:00,2026-05-30,13,15,1,5,5,-6.1,-11.03,,,,,,-6.586610000005749,4.93
2026-05-30 11:30:00+00:00,2026-05-30 13:30:00+02:00,2026-05-30,13,30,2,5,5,-6.61,-1.44,,,,,,124.29392000000371,-5.17
2026-05-30 11:45:00+00:00,2026-05-30 13:45:00+02:00,2026-05-30,13,45,3,5,5,-6.61,-2.03,,,,,,100.11111000000528,-4.58
2026-05-30 12:00:00+00:00,2026-05-30 14:00:00+02:00,2026-05-30,14,0,0,5,5,-5.1,-1.08,,,,,,139.5231500000009,-4.02
2026-05-30 12:15:00+00:00,2026-05-30 14:15:00+02:00,2026-05-30,14,15,1,5,5,-5.0,-9.42,,,,,,46.911990000000515,4.42
2026-05-30 12:30:00+00:00,2026-05-30 14:30:00+02:00,2026-05-30,14,30,2,5,5,-5.5,-7.4,,,,,,232.08860999999888,1.9000000000000004
2026-05-30 12:45:00+00:00,2026-05-30 14:45:00+02:00,2026-05-30,14,45,3,5,5,-5.11,-0.2,,,,,,-325.4517599999963,-4.91
2026-05-30 13:00:00+00:00,2026-05-30 15:00:00+02:00,2026-05-30,15,0,0,5,5,-3.26,-13.41,,,,,,-1.4707299999936367,10.15
2026-05-30 13:15:00+00:00,2026-05-30 15:15:00+02:00,2026-05-30,15,15,1,5,5,-1.35,-5.92,,,,,,-147.04064999999537,4.57
2026-05-30 13:30:00+00:00,2026-05-30 15:30:00+02:00,2026-05-30,15,30,2,5,5,-0.01,2.07,,,,,,-193.72565000000031,-2.0799999999999996
2026-05-30 13:45:00+00:00,2026-05-30 15:45:00+02:00,2026-05-30,15,45,3,5,5,-5.0,5.0,,,,,,-261.1186600000001,-10.0
2026-05-30 14:00:00+00:00,2026-05-30 16:00:00+02:00,2026-05-30,16,0,0,5,5,-4.59,-8.5,,,,,,-1.204280000005383,3.91
2026-05-30 14:15:00+00:00,2026-05-30 16:15:00+02:00,2026-05-30,16,15,1,5,5,0.02,0.47,,,,,,53.16904000000068,-0.44999999999999996
2026-05-30 14:30:00+00:00,2026-05-30 16:30:00+02:00,2026-05-30,16,30,2,5,5,1.51,9.43,,,,,,64.75162999999884,-7.92
2026-05-30 14:45:00+00:00,2026-05-30 16:45:00+02:00,2026-05-30,16,45,3,5,5,16.6,11.52,,,,,,64.16962000000058,5.080000000000002
2026-05-30 15:00:00+00:00,2026-05-30 17:00:00+02:00,2026-05-30,17,0,0,5,5,16.5,8.44,,,,,,295.792260000002,8.06
2026-05-30 15:15:00+00:00,2026-05-30 17:15:00+02:00,2026-05-30,17,15,1,5,5,45.71,49.08,,,,,,241.96431000000302,-3.3699999999999974
2026-05-30 15:30:00+00:00,2026-05-30 17:30:00+02:00,2026-05-30,17,30,2,5,5,80.63,87.48,,,,,,188.3660600000003,-6.8500000000000085
2026-05-30 15:45:00+00:00,2026-05-30 17:45:00+02:00,2026-05-30,17,45,3,5,5,95.6,89.99,,,,,,121.18659999999727,5.609999999999999
2026-05-30 16:00:00+00:00,2026-05-30 18:00:00+02:00,2026-05-30,18,0,0,5,5,76.91,82.2,,,,,,47.81645999999819,-5.290000000000006
2026-05-30 16:15:00+00:00,2026-05-30 18:15:00+02:00,2026-05-30,18,15,1,5,5,93.26,102.19,,,,,,-25.98182000000088,-8.929999999999993
2026-05-30 16:30:00+00:00,2026-05-30 18:30:00+02:00,2026-05-30,18,30,2,5,5,109.03,119.58,,,,,,-84.08304000000135,-10.549999999999997
2026-05-30 16:45:00+00:00,2026-05-30 18:45:00+02:00,2026-05-30,18,45,3,5,5,124.42,147.61,,,,,,-129.62128000000303,-23.190000000000012
2026-05-30 17:00:00+00:00,2026-05-30 19:00:00+02:00,2026-05-30,19,0,0,5,5,117.09,125.3,,,,,,-158.15847999999824,-8.209999999999994
2026-05-30 17:15:00+00:00,2026-05-30 19:15:00+02:00,2026-05-30,19,15,1,5,5,128.0,136.99,,,,,,-173.68134999999893,-8.990000000000009
2026-05-30 17:30:00+00:00,2026-05-30 19:30:00+02:00,2026-05-30,19,30,2,5,5,139.97,157.9,,,,,,-193.2676999999967,-17.930000000000007
2026-05-30 17:45:00+00:00,2026-05-30 19:45:00+02:00,2026-05-30,19,45,3,5,5,153.97,185.9,,,,,,-187.47823000000062,-31.930000000000007
2026-05-30 18:00:00+00:00,2026-05-30 20:00:00+02:00,2026-05-30,20,0,0,5,5,143.14,162.36,,,,,,-188.75121000000217,-19.220000000000027
2026-05-30 18:15:00+00:00,2026-05-30 20:15:00+02:00,2026-05-30,20,15,1,5,5,152.39,155.2,,,,,,-156.61669000000256,-2.8100000000000023
2026-05-30 18:30:00+00:00,2026-05-30 20:30:00+02:00,2026-05-30,20,30,2,5,5,158.04,168.14,,,,,,-132.63044999999693,-10.099999999999994
2026-05-30 18:45:00+00:00,2026-05-30 20:45:00+02:00,2026-05-30,20,45,3,5,5,166.42,181.06,,,,,,-104.83374999999796,-14.640000000000015
2026-05-30 19:00:00+00:00,2026-05-30 21:00:00+02:00,2026-05-30,21,0,0,5,5,165.88,182.8,,,,,,-102.65948999999819,-16.920000000000016
2026-05-30 19:15:00+00:00,2026-05-30 21:15:00+02:00,2026-05-30,21,15,1,5,5,162.53,170.38,,,,,,-109.57721999999922,-7.849999999999994
2026-05-30 19:30:00+00:00,2026-05-30 21:30:00+02:00,2026-05-30,21,30,2,5,5,162.49,169.3,,,,,,-118.54815999999846,-6.810000000000002
2026-05-30 19:45:00+00:00,2026-05-30 21:45:00+02:00,2026-05-30,21,45,3,5,5,152.23,156.1,,,,,,-118.36495000000286,-3.8700000000000045
2026-05-30 20:00:00+00:00,2026-05-30 22:00:00+02:00,2026-05-30,22,0,0,5,5,165.12,169.04,,,,,,-119.13949000000139,-3.9199999999999875
2026-05-30 20:15:00+00:00,2026-05-30 22:15:00+02:00,2026-05-30,22,15,1,5,5,157.57,157.79,,,,,,-94.52786000000197,-0.21999999999999886
2026-05-30 20:30:00+00:00,2026-05-30 22:30:00+02:00,2026-05-30,22,30,2,5,5,157.29,152.49,,,,,,-3.7697299999999814,4.799999999999983
2026-05-30 20:45:00+00:00,2026-05-30 22:45:00+02:00,2026-05-30,22,45,3,5,5,144.0,147.18,,,,,,66.32248999999865,-3.180000000000007
2026-05-30 21:00:00+00:00,2026-05-30 23:00:00+02:00,2026-05-30,23,0,0,5,5,156.98,150.13,,,,,,146.04959000000235,6.849999999999994
2026-05-30 21:15:00+00:00,2026-05-30 23:15:00+02:00,2026-05-30,23,15,1,5,5,146.53,142.71,,,,,,159.34000000000378,3.819999999999993
2026-05-30 21:30:00+00:00,2026-05-30 23:30:00+02:00,2026-05-30,23,30,2,5,5,143.46,140.61,,,,,,131.54321999999956,2.8499999999999943
2026-05-30 21:45:00+00:00,2026-05-30 23:45:00+02:00,2026-05-30,23,45,3,5,5,141.41,138.71,,,,,,86.92439999999624,2.6999999999999886
2026-05-30 22:00:00+00:00,2026-05-31 00:00:00+02:00,2026-05-31,0,0,0,6,5,139.98,146.56,,,-17.060000000000002,,,52.204460000000836,-6.5800000000000125
2026-05-30 22:15:00+00:00,2026-05-31 00:15:00+02:00,2026-05-31,0,15,1,6,5,138.77,139.0,,,-9.819999999999993,,,56.31900999999925,-0.22999999999998977
2026-05-30 22:30:00+00:00,2026-05-31 00:30:00+02:00,2026-05-31,0,30,2,6,5,133.24,134.18,,,-9.920000000000002,,,62.08002000000124,-0.9399999999999977
2026-05-30 22:45:00+00:00,2026-05-31 00:45:00+02:00,2026-05-31,0,45,3,6,5,128.0,129.2,,,-10.86,,,122.04756999999518,-1.1999999999999886
2026-05-30 23:00:00+00:00,2026-05-31 01:00:00+02:00,2026-05-31,1,0,0,6,5,135.89,132.55,,,-11.709999999999994,,,169.30552999999782,3.339999999999975
2026-05-30 23:15:00+00:00,2026-05-31 01:15:00+02:00,2026-05-31,1,15,1,6,5,132.25,133.05,,,-8.689999999999984,,,161.11153000000195,-0.8000000000000114
2026-05-30 23:30:00+00:00,2026-05-31 01:30:00+02:00,2026-05-31,1,30,2,6,5,129.24,128.09,,,-8.650000000000006,,,261.39308000000165,1.1500000000000057
2026-05-30 23:45:00+00:00,2026-05-31 01:45:00+02:00,2026-05-31,1,45,3,6,5,124.74,126.17,,,-9.159999999999997,,,324.74667999999656,-1.4300000000000068
2026-05-31 00:00:00+00:00,2026-05-31 02:00:00+02:00,2026-05-31,2,0,0,6,5,129.47,129.29,,,-5.930000000000007,,,315.55918000000383,0.18000000000000682
2026-05-31 00:15:00+00:00,2026-05-31 02:15:00+02:00,2026-05-31,2,15,1,6,5,128.55,128.47,,,-6.8700000000000045,,,194.2166900000011,0.0800000000000125
2026-05-31 00:30:00+00:00,2026-05-31 02:30:00+02:00,2026-05-31,2,30,2,6,5,128.74,128.65,,,-10.530000000000001,,,209.68663000000015,0.09000000000000341
2026-05-31 00:45:00+00:00,2026-05-31 02:45:00+02:00,2026-05-31,2,45,3,6,5,125.44,122.5,,,-12.069999999999993,,,116.89763000000312,2.9399999999999977
2026-05-31 01:00:00+00:00,2026-05-31 03:00:00+02:00,2026-05-31,3,0,0,6,5,126.45,127.79,,,-9.700000000000003,,,16.08622999999716,-1.3400000000000034
2026-05-31 01:15:00+00:00,2026-05-31 03:15:00+02:00,2026-05-31,3,15,1,6,5,125.47,121.7,,,-8.569999999999993,,,-106.09773000000132,3.769999999999996
2026-05-31 01:30:00+00:00,2026-05-31 03:30:00+02:00,2026-05-31,3,30,2,6,5,125.97,127.79,,,-7.109999999999999,,,-157.4414599999982,-1.8200000000000074
2026-05-31 01:45:00+00:00,2026-05-31 03:45:00+02:00,2026-05-31,3,45,3,6,5,124.91,126.57,,,-6.010000000000005,,,-164.3509800000029,-1.6599999999999966
2026-05-31 02:00:00+00:00,2026-05-31 04:00:00+02:00,2026-05-31,4,0,0,6,5,129.98,127.8,,,-4.609999999999999,,,-283.3024399999995,2.1799999999999926
2026-05-31 02:15:00+00:00,2026-05-31 04:15:00+02:00,2026-05-31,4,15,1,6,5,129.68,126.6,,,-3.4399999999999977,,,-364.43118999999933,3.0800000000000125
2026-05-31 02:30:00+00:00,2026-05-31 04:30:00+02:00,2026-05-31,4,30,2,6,5,125.74,127.8,,,-2.3800000000000097,,,-368.06057000000146,-2.0600000000000023
2026-05-31 02:45:00+00:00,2026-05-31 04:45:00+02:00,2026-05-31,4,45,3,6,5,126.6,124.6,,,-6.579999999999998,,,-417.6060099999959,2.0
2026-05-31 03:00:00+00:00,2026-05-31 05:00:00+02:00,2026-05-31,5,0,0,6,5,130.22,128.99,,,-3.8100000000000023,,,-553.3569700000007,1.2299999999999898
2026-05-31 03:15:00+00:00,2026-05-31 05:15:00+02:00,2026-05-31,5,15,1,6,5,127.98,126.7,,,-2.8900000000000006,,,-627.0166400000016,1.2800000000000011
2026-05-31 03:30:00+00:00,2026-05-31 05:30:00+02:00,2026-05-31,5,30,2,6,5,124.37,122.76,,,-1.8700000000000045,,,-660.0641699999978,1.6099999999999994
2026-05-31 03:45:00+00:00,2026-05-31 05:45:00+02:00,2026-05-31,5,45,3,6,5,119.19,117.0,,,-0.03999999999999204,,,-888.27592,2.1899999999999977
2026-05-31 04:00:00+00:00,2026-05-31 06:00:00+02:00,2026-05-31,6,0,0,6,5,126.6,121.1,,,-0.8400000000000034,,,-957.6581799999985,5.5
2026-05-31 04:15:00+00:00,2026-05-31 06:15:00+02:00,2026-05-31,6,15,1,6,5,119.04,121.33,,,-5.109999999999999,,,-726.596669999999,-2.289999999999992
2026-05-31 04:30:00+00:00,2026-05-31 06:30:00+02:00,2026-05-31,6,30,2,6,5,114.48,112.08,,,-5.890000000000001,,,-734.5617899999925,2.4000000000000057
2026-05-31 04:45:00+00:00,2026-05-31 06:45:00+02:00,2026-05-31,6,45,3,6,5,107.67,105.07,,,-4.530000000000001,,,-687.9850299999962,2.6000000000000085
2026-05-31 05:00:00+00:00,2026-05-31 07:00:00+02:00,2026-05-31,7,0,0,6,5,112.72,111.87,,,-2.1500000000000057,,,-559.6621999999988,0.8499999999999943
2026-05-31 05:15:00+00:00,2026-05-31 07:15:00+02:00,2026-05-31,7,15,1,6,5,103.53,111.04,,,3.469999999999999,,,-335.005170000004,-7.510000000000005
2026-05-31 05:30:00+00:00,2026-05-31 07:30:00+02:00,2026-05-31,7,30,2,6,5,98.65,100.3,,,-2.680000000000007,,,-407.6122700000051,-1.6499999999999915
2026-05-31 05:45:00+00:00,2026-05-31 07:45:00+02:00,2026-05-31,7,45,3,6,5,86.1,85.41,,,-6.3799999999999955,,,-345.53813999999693,0.6899999999999977
2026-05-31 06:00:00+00:00,2026-05-31 08:00:00+02:00,2026-05-31,8,0,0,6,5,103.6,106.1,,,-0.29999999999999716,,,-337.4959000000017,-2.5
2026-05-31 06:15:00+00:00,2026-05-31 08:15:00+02:00,2026-05-31,8,15,1,6,5,89.1,87.3,,,2.5900000000000034,,,-322.1340900000032,1.7999999999999972
2026-05-31 06:30:00+00:00,2026-05-31 08:30:00+02:00,2026-05-31,8,30,2,6,5,76.64,75.22,,,6.939999999999998,,,-177.47391000000061,1.4200000000000017
2026-05-31 06:45:00+00:00,2026-05-31 08:45:00+02:00,2026-05-31,8,45,3,6,5,64.95,60.1,,,-0.15000000000000568,,,-181.95588000000134,4.850000000000001
2026-05-31 07:00:00+00:00,2026-05-31 09:00:00+02:00,2026-05-31,9,0,0,6,5,76.6,77.89,,,-7.320000000000007,,,-180.63989999999467,-1.2900000000000063
2026-05-31 07:15:00+00:00,2026-05-31 09:15:00+02:00,2026-05-31,9,15,1,6,5,55.0,35.0,,,-7.439999999999998,,,-226.51656999999977,20.0
2026-05-31 07:30:00+00:00,2026-05-31 09:30:00+02:00,2026-05-31,9,30,2,6,5,37.18,23.87,,,7.73,,,-221.0167799999981,13.309999999999999
2026-05-31 07:45:00+00:00,2026-05-31 09:45:00+02:00,2026-05-31,9,45,3,6,5,18.1,23.9,,,1.3899999999999988,,,-213.88822000000073,-5.799999999999997
2026-05-31 08:00:00+00:00,2026-05-31 10:00:00+02:00,2026-05-31,10,0,0,6,5,22.33,26.2,,,-1.8000000000000007,,,-410.4067900000009,-3.870000000000001
2026-05-31 08:15:00+00:00,2026-05-31 10:15:00+02:00,2026-05-31,10,15,1,6,5,2.44,4.06,,,10.24,,,-410.5665999999983,-1.6199999999999997
2026-05-31 08:30:00+00:00,2026-05-31 10:30:00+02:00,2026-05-31,10,30,2,6,5,0.0,7.3,,,-2.05,,,-462.0601000000024,-7.3
2026-05-31 08:45:00+00:00,2026-05-31 10:45:00+02:00,2026-05-31,10,45,3,6,5,-0.01,0.0,,,5.7,,,-194.29788000000553,-0.01
2026-05-31 09:00:00+00:00,2026-05-31 11:00:00+02:00,2026-05-31,11,0,0,6,5,0.93,9.2,,,-2.21,,,-164.38028000000486,-8.27
2026-05-31 09:15:00+00:00,2026-05-31 11:15:00+02:00,2026-05-31,11,15,1,6,5,-0.07,3.26,,,-3.7,,,-113.79538999999932,-3.3299999999999996
2026-05-31 09:30:00+00:00,2026-05-31 11:30:00+02:00,2026-05-31,11,30,2,6,5,-0.01,3.4,,,0.8,,,-89.26647999999113,-3.4099999999999997
2026-05-31 09:45:00+00:00,2026-05-31 11:45:00+02:00,2026-05-31,11,45,3,6,5,-0.01,-3.29,,,6.3,,,-92.37272000000667,3.2800000000000002
2026-05-31 10:00:00+00:00,2026-05-31 12:00:00+02:00,2026-05-31,12,0,0,6,5,0.1,10.43,,,-4.31,,,-127.31195999999909,-10.33
2026-05-31 10:15:00+00:00,2026-05-31 12:15:00+02:00,2026-05-31,12,15,1,6,5,0.0,1.8,,,4.050000000000001,,,-137.74741999999242,-1.8
2026-05-31 10:30:00+00:00,2026-05-31 12:30:00+02:00,2026-05-31,12,30,2,6,5,3.79,-0.01,,,3.35,,,-131.74835000000166,3.8
2026-05-31 10:45:00+00:00,2026-05-31 12:45:00+02:00,2026-05-31,12,45,3,6,5,1.19,-4.11,,,5.63,,,-160.65078000000358,5.300000000000001
2026-05-31 11:00:00+00:00,2026-05-31 13:00:00+02:00,2026-05-31,13,0,0,6,5,0.07,-0.03,,,1.0999999999999996,,,-175.9504500000039,0.1
2026-05-31 11:15:00+00:00,2026-05-31 13:15:00+02:00,2026-05-31,13,15,1,6,5,0.0,0.73,,,4.93,,,-218.13726000000315,-0.73
2026-05-31 11:30:00+00:00,2026-05-31 13:30:00+02:00,2026-05-31,13,30,2,6,5,0.0,3.03,,,-5.17,,,-235.7566300000035,-3.03
2026-05-31 11:45:00+00:00,2026-05-31 13:45:00+02:00,2026-05-31,13,45,3,6,5,0.0,3.07,,,-4.58,,,5.2424600000013015,-3.07
2026-05-31 12:00:00+00:00,2026-05-31 14:00:00+02:00,2026-05-31,14,0,0,6,5,0.01,-4.11,,,-4.02,,,139.5231500000009,4.12
2026-05-31 12:15:00+00:00,2026-05-31 14:15:00+02:00,2026-05-31,14,15,1,6,5,0.05,1.7,,,4.42,,,46.911990000000515,-1.65
2026-05-31 12:30:00+00:00,2026-05-31 14:30:00+02:00,2026-05-31,14,30,2,6,5,1.03,3.67,,,1.9000000000000004,,,232.08860999999888,-2.6399999999999997
2026-05-31 12:45:00+00:00,2026-05-31 14:45:00+02:00,2026-05-31,14,45,3,6,5,2.91,6.9,,,-4.91,,,6.319600000002538,-3.99
2026-05-31 13:00:00+00:00,2026-05-31 15:00:00+02:00,2026-05-31,15,0,0,6,5,0.05,-7.79,,,10.15,,,24.976369999996678,7.84
2026-05-31 13:15:00+00:00,2026-05-31 15:15:00+02:00,2026-05-31,15,15,1,6,5,0.0,2.4,,,4.57,,,-115.13849000000482,-2.4
2026-05-31 13:30:00+00:00,2026-05-31 15:30:00+02:00,2026-05-31,15,30,2,6,5,0.01,8.9,,,-2.0799999999999996,,,-128.56986999999936,-8.89
2026-05-31 13:45:00+00:00,2026-05-31 15:45:00+02:00,2026-05-31,15,45,3,6,5,5.21,12.75,,,-10.0,,,-237.08415999999852,-7.54
2026-05-31 14:00:00+00:00,2026-05-31 16:00:00+02:00,2026-05-31,16,0,0,6,5,8.01,-0.23,,,3.91,,,-377.28886000000057,8.24
2026-05-31 14:15:00+00:00,2026-05-31 16:15:00+02:00,2026-05-31,16,15,1,6,5,34.73,28.1,,,-0.44999999999999996,,,-308.5089500000031,6.6299999999999955
2026-05-31 14:30:00+00:00,2026-05-31 16:30:00+02:00,2026-05-31,16,30,2,6,5,63.06,63.88,,,-7.92,,,-240.02561000000424,-0.8200000000000003
2026-05-31 14:45:00+00:00,2026-05-31 16:45:00+02:00,2026-05-31,16,45,3,6,5,80.2,38.56,,,5.080000000000002,,,51.18289000000368,41.64
2026-05-31 15:00:00+00:00,2026-05-31 17:00:00+02:00,2026-05-31,17,0,0,6,5,59.66,65.94,,,8.06,,,48.33979000000545,-6.280000000000001
2026-05-31 15:15:00+00:00,2026-05-31 17:15:00+02:00,2026-05-31,17,15,1,6,5,78.38,89.41,,,-3.3699999999999974,,,26.69691999999486,-11.030000000000001
2026-05-31 15:30:00+00:00,2026-05-31 17:30:00+02:00,2026-05-31,17,30,2,6,5,103.95,104.0,,,-6.8500000000000085,,,14.128270000001066,-0.04999999999999716
2026-05-31 15:45:00+00:00,2026-05-31 17:45:00+02:00,2026-05-31,17,45,3,6,5,120.0,120.57,,,5.609999999999999,,,-1.4671899999993911,-0.5699999999999932
2026-05-31 16:00:00+00:00,2026-05-31 18:00:00+02:00,2026-05-31,18,0,0,6,5,105.4,92.1,,,-5.290000000000006,,,-35.53418000000238,13.300000000000011
2026-05-31 16:15:00+00:00,2026-05-31 18:15:00+02:00,2026-05-31,18,15,1,6,5,116.67,119.02,,,-8.929999999999993,,,-68.84182999999757,-2.3499999999999943
2026-05-31 16:30:00+00:00,2026-05-31 18:30:00+02:00,2026-05-31,18,30,2,6,5,132.42,136.47,,,-10.549999999999997,,,-97.79024000000209,-4.050000000000011
2026-05-31 16:45:00+00:00,2026-05-31 18:45:00+02:00,2026-05-31,18,45,3,6,5,141.94,149.57,,,-23.190000000000012,,,-132.76087999999436,-7.6299999999999955
2026-05-31 17:00:00+00:00,2026-05-31 19:00:00+02:00,2026-05-31,19,0,0,6,5,131.03,131.77,,,-8.209999999999994,,,-172.90114999999787,-0.7400000000000091
2026-05-31 17:15:00+00:00,2026-05-31 19:15:00+02:00,2026-05-31,19,15,1,6,5,137.4,137.98,,,-8.990000000000009,,,-193.8816399999996,-0.5799999999999841
2026-05-31 17:30:00+00:00,2026-05-31 19:30:00+02:00,2026-05-31,19,30,2,6,5,145.7,160.81,,,-17.930000000000007,,,-292.827870000001,-15.110000000000014
2026-05-31 17:45:00+00:00,2026-05-31 19:45:00+02:00,2026-05-31,19,45,3,6,5,151.43,150.51,,,-31.930000000000007,,,-580.2411199999915,0.9200000000000159
2026-05-31 18:00:00+00:00,2026-05-31 20:00:00+02:00,2026-05-31,20,0,0,6,5,144.69,144.07,,,-19.220000000000027,,,-747.156289999999,0.6200000000000045
2026-05-31 18:15:00+00:00,2026-05-31 20:15:00+02:00,2026-05-31,20,15,1,6,5,147.0,147.98,,,-2.8100000000000023,,,-721.5209600000017,-0.9799999999999898
2026-05-31 18:30:00+00:00,2026-05-31 20:30:00+02:00,2026-05-31,20,30,2,6,5,155.98,157.35,,,-10.099999999999994,,,-682.2076900000029,-1.3700000000000045
2026-05-31 18:45:00+00:00,2026-05-31 20:45:00+02:00,2026-05-31,20,45,3,6,5,158.45,179.6,,,-14.640000000000015,,,-629.426370000001,-21.150000000000006
2026-05-31 19:00:00+00:00,2026-05-31 21:00:00+02:00,2026-05-31,21,0,0,6,5,155.74,158.51,,,-16.920000000000016,,,-561.18318,-2.769999999999982
2026-05-31 19:15:00+00:00,2026-05-31 21:15:00+02:00,2026-05-31,21,15,1,6,5,154.65,178.84,,,-7.849999999999994,,,-456.7291299999997,-24.189999999999998
2026-05-31 19:30:00+00:00,2026-05-31 21:30:00+02:00,2026-05-31,21,30,2,6,5,150.42,167.4,,,-6.810000000000002,,,-370.4310899999982,-16.980000000000018
2026-05-31 19:45:00+00:00,2026-05-31 21:45:00+02:00,2026-05-31,21,45,3,6,5,147.35,154.8,,,-3.8700000000000045,,,-293.80547999999544,-7.450000000000017
2026-05-31 20:00:00+00:00,2026-05-31 22:00:00+02:00,2026-05-31,22,0,0,6,5,159.14,162.16,,,-3.9199999999999875,,,-187.35026999999536,-3.0200000000000102
2026-05-31 20:15:00+00:00,2026-05-31 22:15:00+02:00,2026-05-31,22,15,1,6,5,153.45,154.86,,,-0.21999999999999886,,,-97.99150999999983,-1.410000000000025
2026-05-31 20:30:00+00:00,2026-05-31 22:30:00+02:00,2026-05-31,22,30,2,6,5,150.0,150.94,,,4.799999999999983,,,-44.967680000001565,-0.9399999999999977
2026-05-31 20:45:00+00:00,2026-05-31 22:45:00+02:00,2026-05-31,22,45,3,6,5,138.1,144.55,,,-3.180000000000007,,,-4.800410000003467,-6.450000000000017
2026-05-31 21:00:00+00:00,2026-05-31 23:00:00+02:00,2026-05-31,23,0,0,6,5,151.6,151.52,,,6.849999999999994,,,-11.773200000003271,0.07999999999998408
2026-05-31 21:15:00+00:00,2026-05-31 23:15:00+02:00,2026-05-31,23,15,1,6,5,144.63,146.95,,,3.819999999999993,,,6.935590000000957,-2.319999999999993
2026-05-31 21:30:00+00:00,2026-05-31 23:30:00+02:00,2026-05-31,23,30,2,6,5,142.8,142.99,,,2.8499999999999943,,,33.98214999999618,-0.18999999999999773
2026-05-31 21:45:00+00:00,2026-05-31 23:45:00+02:00,2026-05-31,23,45,3,6,5,137.65,139.93,,,2.6999999999999886,,,62.251750000003085,-2.280000000000001
2026-05-31 22:00:00+00:00,2026-06-01 00:00:00+02:00,2026-06-01,0,0,0,0,6,152.22,151.03,,,-6.5800000000000125,,,52.204460000000836,1.1899999999999977
2026-05-31 22:15:00+00:00,2026-06-01 00:15:00+02:00,2026-06-01,0,15,1,0,6,148.09,141.16,,,-0.22999999999998977,,,56.31900999999925,6.930000000000007
2026-05-31 22:30:00+00:00,2026-06-01 00:30:00+02:00,2026-06-01,0,30,2,0,6,141.95,134.7,,,-0.9399999999999977,,,62.08002000000124,7.25
2026-05-31 22:45:00+00:00,2026-06-01 00:45:00+02:00,2026-06-01,0,45,3,0,6,133.33,133.19,,,-1.1999999999999886,,,122.04756999999518,0.14000000000001478
2026-05-31 23:00:00+00:00,2026-06-01 01:00:00+02:00,2026-06-01,1,0,0,0,6,144.9,138.53,,,3.339999999999975,,,169.30552999999782,6.3700000000000045
2026-05-31 23:15:00+00:00,2026-06-01 01:15:00+02:00,2026-06-01,1,15,1,0,6,136.72,128.04,,,-0.8000000000000114,,,161.11153000000195,8.680000000000007
2026-05-31 23:30:00+00:00,2026-06-01 01:30:00+02:00,2026-06-01,1,30,2,0,6,129.24,131.1,,,1.1500000000000057,,,261.39308000000165,-1.8599999999999852
2026-05-31 23:45:00+00:00,2026-06-01 01:45:00+02:00,2026-06-01,1,45,3,0,6,124.69,127.7,,,-1.4300000000000068,,,324.74667999999656,-3.010000000000005
2026-06-01 00:00:00+00:00,2026-06-01 02:00:00+02:00,2026-06-01,2,0,0,0,6,127.65,121.29,,,0.18000000000000682,,,315.55918000000383,6.359999999999999
2026-06-01 00:15:00+00:00,2026-06-01 02:15:00+02:00,2026-06-01,2,15,1,0,6,129.57,125.7,,,0.0800000000000125,,,379.3684399999984,3.8699999999999903
2026-06-01 00:30:00+00:00,2026-06-01 02:30:00+02:00,2026-06-01,2,30,2,0,6,127.8,124.02,,,0.09000000000000341,,,313.9599699999999,3.780000000000001
2026-06-01 00:45:00+00:00,2026-06-01 02:45:00+02:00,2026-06-01,2,45,3,0,6,126.86,126.46,,,2.9399999999999977,,,284.4271899999985,0.4000000000000057
2026-06-01 01:00:00+00:00,2026-06-01 03:00:00+02:00,2026-06-01,3,0,0,0,6,127.59,122.93,,,-1.3400000000000034,,,157.41215999999986,4.659999999999997
2026-06-01 01:15:00+00:00,2026-06-01 03:15:00+02:00,2026-06-01,3,15,1,0,6,126.28,120.14,,,3.769999999999996,,,146.35570000000007,6.140000000000001
2026-06-01 01:30:00+00:00,2026-06-01 03:30:00+02:00,2026-06-01,3,30,2,0,6,125.42,124.33,,,-1.8200000000000074,,,107.13716999999451,1.0900000000000034
2026-06-01 01:45:00+00:00,2026-06-01 03:45:00+02:00,2026-06-01,3,45,3,0,6,125.92,117.74,,,-1.6599999999999966,,,82.18411999999807,8.180000000000007
2026-06-01 02:00:00+00:00,2026-06-01 04:00:00+02:00,2026-06-01,4,0,0,0,6,126.46,126.2,,,2.1799999999999926,,,22.155009999994945,0.2599999999999909
2026-06-01 02:15:00+00:00,2026-06-01 04:15:00+02:00,2026-06-01,4,15,1,0,6,125.46,121.49,,,3.0800000000000125,,,-39.127809999998135,3.969999999999999
2026-06-01 02:30:00+00:00,2026-06-01 04:30:00+02:00,2026-06-01,4,30,2,0,6,126.39,125.99,,,-2.0600000000000023,,,-80.82851999999548,0.4000000000000057
2026-06-01 02:45:00+00:00,2026-06-01 04:45:00+02:00,2026-06-01,4,45,3,0,6,129.69,129.7,,,2.0,,,-288.11131000000023,-0.009999999999990905
2026-06-01 03:00:00+00:00,2026-06-01 05:00:00+02:00,2026-06-01,5,0,0,0,6,128.47,124.65,,,1.2299999999999898,,,-298.4844599999997,3.819999999999993
2026-06-01 03:15:00+00:00,2026-06-01 05:15:00+02:00,2026-06-01,5,15,1,0,6,133.34,130.16,,,1.2800000000000011,,,-483.85889999999927,3.180000000000007
2026-06-01 03:30:00+00:00,2026-06-01 05:30:00+02:00,2026-06-01,5,30,2,0,6,140.65,138.23,,,1.6099999999999994,,,-588.8905599999998,2.420000000000016
2026-06-01 03:45:00+00:00,2026-06-01 05:45:00+02:00,2026-06-01,5,45,3,0,6,147.47,147.33,,,2.1899999999999977,,,-721.4366199999931,0.13999999999998636
2026-06-01 04:00:00+00:00,2026-06-01 06:00:00+02:00,2026-06-01,6,0,0,0,6,152.84,164.99,,,5.5,,,-772.9458200000008,-12.150000000000006
2026-06-01 04:15:00+00:00,2026-06-01 06:15:00+02:00,2026-06-01,6,15,1,0,6,155.0,172.17,,,-2.289999999999992,,,-718.4709200000034,-17.169999999999987
2026-06-01 04:30:00+00:00,2026-06-01 06:30:00+02:00,2026-06-01,6,30,2,0,6,151.7,156.1,,,2.4000000000000057,,,-462.34653999999864,-4.400000000000006
2026-06-01 04:45:00+00:00,2026-06-01 06:45:00+02:00,2026-06-01,6,45,3,0,6,150.47,158.1,,,2.6000000000000085,,,-513.875680000001,-7.6299999999999955
2026-06-01 05:00:00+00:00,2026-06-01 07:00:00+02:00,2026-06-01,7,0,0,0,6,174.83,175.0,,,0.8499999999999943,,,-518.8764299999966,-0.1699999999999875
2026-06-01 05:15:00+00:00,2026-06-01 07:15:00+02:00,2026-06-01,7,15,1,0,6,159.07,161.15,,,-7.510000000000005,,,-335.005170000004,-2.0800000000000125
2026-06-01 05:30:00+00:00,2026-06-01 07:30:00+02:00,2026-06-01,7,30,2,0,6,151.76,169.9,,,-1.6499999999999915,,,-407.6122700000051,-18.140000000000015
2026-06-01 05:45:00+00:00,2026-06-01 07:45:00+02:00,2026-06-01,7,45,3,0,6,144.53,149.78,,,0.6899999999999977,,,-345.53813999999693,-5.25
2026-06-01 06:00:00+00:00,2026-06-01 08:00:00+02:00,2026-06-01,8,0,0,0,6,165.0,175.0,,,-2.5,,,-337.4959000000017,-10.0
2026-06-01 06:15:00+00:00,2026-06-01 08:15:00+02:00,2026-06-01,8,15,1,0,6,156.0,165.41,,,1.7999999999999972,,,-393.64226999999664,-9.409999999999997
2026-06-01 06:30:00+00:00,2026-06-01 08:30:00+02:00,2026-06-01,8,30,2,0,6,139.45,149.99,,,1.4200000000000017,,,-424.39889000000403,-10.54000000000002
2026-06-01 06:45:00+00:00,2026-06-01 08:45:00+02:00,2026-06-01,8,45,3,0,6,122.19,123.24,,,4.850000000000001,,,-334.7053900000028,-1.0499999999999972
2026-06-01 07:00:00+00:00,2026-06-01 09:00:00+02:00,2026-06-01,9,0,0,0,6,150.28,162.51,,,-1.2900000000000063,,,-331.6243600000016,-12.22999999999999
2026-06-01 07:15:00+00:00,2026-06-01 09:15:00+02:00,2026-06-01,9,15,1,0,6,130.15,138.13,,,20.0,,,-305.238179999993,-7.97999999999999
2026-06-01 07:30:00+00:00,2026-06-01 09:30:00+02:00,2026-06-01,9,30,2,0,6,117.52,119.4,,,13.309999999999999,,,-248.13032000000385,-1.8800000000000097
2026-06-01 07:45:00+00:00,2026-06-01 09:45:00+02:00,2026-06-01,9,45,3,0,6,106.05,111.42,,,-5.799999999999997,,,-228.77439000000595,-5.3700000000000045
2026-06-01 08:00:00+00:00,2026-06-01 10:00:00+02:00,2026-06-01,10,0,0,0,6,119.02,123.8,,,-3.870000000000001,,,-410.4067900000009,-4.780000000000001
2026-06-01 08:15:00+00:00,2026-06-01 10:15:00+02:00,2026-06-01,10,15,1,0,6,111.62,115.9,,,-1.6199999999999997,,,-410.5665999999983,-4.280000000000001
2026-06-01 08:30:00+00:00,2026-06-01 10:30:00+02:00,2026-06-01,10,30,2,0,6,110.2,100.79,,,-7.3,,,-462.0601000000024,9.409999999999997
2026-06-01 08:45:00+00:00,2026-06-01 10:45:00+02:00,2026-06-01,10,45,3,0,6,107.17,111.14,,,-0.01,,,-194.29788000000553,-3.969999999999999
2026-06-01 09:00:00+00:00,2026-06-01 11:00:00+02:00,2026-06-01,11,0,0,0,6,106.33,102.05,,,-8.27,,,-164.38028000000486,4.280000000000001
2026-06-01 09:15:00+00:00,2026-06-01 11:15:00+02:00,2026-06-01,11,15,1,0,6,106.6,101.28,,,-3.3299999999999996,,,-113.79538999999932,5.319999999999993
2026-06-01 09:30:00+00:00,2026-06-01 11:30:00+02:00,2026-06-01,11,30,2,0,6,103.01,82.54,,,-3.4099999999999997,,,-89.26647999999113,20.47
2026-06-01 09:45:00+00:00,2026-06-01 11:45:00+02:00,2026-06-01,11,45,3,0,6,97.11,80.0,,,3.2800000000000002,,,-92.37272000000667,17.11
2026-06-01 10:00:00+00:00,2026-06-01 12:00:00+02:00,2026-06-01,12,0,0,0,6,100.61,100.01,,,-10.33,,,-127.31195999999909,0.5999999999999943
2026-06-01 10:15:00+00:00,2026-06-01 12:15:00+02:00,2026-06-01,12,15,1,0,6,96.13,93.33,,,-1.8,,,-137.74741999999242,2.799999999999997
2026-06-01 10:30:00+00:00,2026-06-01 12:30:00+02:00,2026-06-01,12,30,2,0,6,95.58,91.81,,,3.8,,,-131.74835000000166,3.769999999999996
2026-06-01 10:45:00+00:00,2026-06-01 12:45:00+02:00,2026-06-01,12,45,3,0,6,91.08,87.18,,,5.300000000000001,,,-160.65078000000358,3.8999999999999915
2026-06-01 11:00:00+00:00,2026-06-01 13:00:00+02:00,2026-06-01,13,0,0,0,6,95.3,92.62,,,0.1,,,-175.9504500000039,2.6799999999999926
2026-06-01 11:15:00+00:00,2026-06-01 13:15:00+02:00,2026-06-01,13,15,1,0,6,94.14,92.21,,,-0.73,,,-218.13726000000315,1.9300000000000068
2026-06-01 11:30:00+00:00,2026-06-01 13:30:00+02:00,2026-06-01,13,30,2,0,6,91.99,88.45,,,-3.03,,,-235.7566300000035,3.539999999999992
2026-06-01 11:45:00+00:00,2026-06-01 13:45:00+02:00,2026-06-01,13,45,3,0,6,88.44,48.23,,,-3.07,,,5.2424600000013015,40.21
2026-06-01 12:00:00+00:00,2026-06-01 14:00:00+02:00,2026-06-01,14,0,0,0,6,92.23,50.2,,,4.12,,,139.5231500000009,42.03
2026-06-01 12:15:00+00:00,2026-06-01 14:15:00+02:00,2026-06-01,14,15,1,0,6,93.07,86.95,,,-1.65,,,183.76579999999376,6.11999999999999
2026-06-01 12:30:00+00:00,2026-06-01 14:30:00+02:00,2026-06-01,14,30,2,0,6,92.78,57.24,,,-2.6399999999999997,,,232.08860999999888,35.54
2026-06-01 12:45:00+00:00,2026-06-01 14:45:00+02:00,2026-06-01,14,45,3,0,6,95.16,62.24,,,-3.99,,,6.319600000002538,32.919999999999995
2026-06-01 13:00:00+00:00,2026-06-01 15:00:00+02:00,2026-06-01,15,0,0,0,6,92.86,86.0,,,7.84,,,267.5269100000005,6.859999999999999
2026-06-01 13:15:00+00:00,2026-06-01 15:15:00+02:00,2026-06-01,15,15,1,0,6,95.12,92.59,,,-2.4,,,214.13782999999967,2.530000000000001
2026-06-01 13:30:00+00:00,2026-06-01 15:30:00+02:00,2026-06-01,15,30,2,0,6,101.03,84.99,,,-8.89,,,160.97718000000168,16.040000000000006
2026-06-01 13:45:00+00:00,2026-06-01 15:45:00+02:00,2026-06-01,15,45,3,0,6,110.07,94.99,,,-7.54,,,99.13360000000102,15.079999999999998
2026-06-01 14:00:00+00:00,2026-06-01 16:00:00+02:00,2026-06-01,16,0,0,0,6,95.11,86.17,,,8.24,,,54.50600000000122,8.939999999999998
2026-06-01 14:15:00+00:00,2026-06-01 16:15:00+02:00,2026-06-01,16,15,1,0,6,100.48,93.48,,,6.6299999999999955,,,53.16904000000068,7.0
2026-06-01 14:30:00+00:00,2026-06-01 16:30:00+02:00,2026-06-01,16,30,2,0,6,111.34,111.32,,,-0.8200000000000003,,,64.75162999999884,0.020000000000010232
2026-06-01 14:45:00+00:00,2026-06-01 16:45:00+02:00,2026-06-01,16,45,3,0,6,123.79,127.1,,,41.64,,,64.16962000000058,-3.309999999999988
2026-06-01 15:00:00+00:00,2026-06-01 17:00:00+02:00,2026-06-01,17,0,0,0,6,103.99,105.54,,,-6.280000000000001,,,295.792260000002,-1.5500000000000114
2026-06-01 15:15:00+00:00,2026-06-01 17:15:00+02:00,2026-06-01,17,15,1,0,6,112.89,118.45,,,-11.030000000000001,,,241.96431000000302,-5.560000000000002
2026-06-01 15:30:00+00:00,2026-06-01 17:30:00+02:00,2026-06-01,17,30,2,0,6,127.81,131.0,,,-0.04999999999999716,,,188.3660600000003,-3.1899999999999977
2026-06-01 15:45:00+00:00,2026-06-01 17:45:00+02:00,2026-06-01,17,45,3,0,6,144.0,155.93,,,-0.5699999999999932,,,121.18659999999727,-11.930000000000007
2026-06-01 16:00:00+00:00,2026-06-01 18:00:00+02:00,2026-06-01,18,0,0,0,6,115.99,112.73,,,13.300000000000011,,,47.81645999999819,3.259999999999991
2026-06-01 16:15:00+00:00,2026-06-01 18:15:00+02:00,2026-06-01,18,15,1,0,6,129.03,141.44,,,-2.3499999999999943,,,-25.98182000000088,-12.409999999999997
2026-06-01 16:30:00+00:00,2026-06-01 18:30:00+02:00,2026-06-01,18,30,2,0,6,149.08,147.76,,,-4.050000000000011,,,-84.08304000000135,1.3200000000000216
2026-06-01 16:45:00+00:00,2026-06-01 18:45:00+02:00,2026-06-01,18,45,3,0,6,172.47,175.29,,,-7.6299999999999955,,,-129.62128000000303,-2.819999999999993
2026-06-01 17:00:00+00:00,2026-06-01 19:00:00+02:00,2026-06-01,19,0,0,0,6,146.09,199.99,,,-0.7400000000000091,,,-158.15847999999824,-53.900000000000006
2026-06-01 17:15:00+00:00,2026-06-01 19:15:00+02:00,2026-06-01,19,15,1,0,6,170.0,219.9,,,-0.5799999999999841,,,-173.68134999999893,-49.900000000000006
2026-06-01 17:30:00+00:00,2026-06-01 19:30:00+02:00,2026-06-01,19,30,2,0,6,209.81,230.0,,,-15.110000000000014,,,-193.2676999999967,-20.189999999999998
2026-06-01 17:45:00+00:00,2026-06-01 19:45:00+02:00,2026-06-01,19,45,3,0,6,307.6,290.0,,,0.9200000000000159,,,-187.47823000000062,17.600000000000023
2026-06-01 18:00:00+00:00,2026-06-01 20:00:00+02:00,2026-06-01,20,0,0,0,6,255.99,294.5,,,0.6200000000000045,,,-188.75121000000217,-38.50999999999999
2026-06-01 18:15:00+00:00,2026-06-01 20:15:00+02:00,2026-06-01,20,15,1,0,6,309.93,338.27,,,-0.9799999999999898,,,-156.61669000000256,-28.339999999999975
2026-06-01 18:30:00+00:00,2026-06-01 20:30:00+02:00,2026-06-01,20,30,2,0,6,346.69,380.0,,,-1.3700000000000045,,,-132.63044999999693,-33.31
2026-06-01 18:45:00+00:00,2026-06-01 20:45:00+02:00,2026-06-01,20,45,3,0,6,387.91,459.64,,,-21.150000000000006,,,-129.18878000000404,-71.72999999999996
2026-06-01 19:00:00+00:00,2026-06-01 21:00:00+02:00,2026-06-01,21,0,0,0,6,380.0,317.2,,,-2.769999999999982,,,-130.64188999999897,62.80000000000001
2026-06-01 19:15:00+00:00,2026-06-01 21:15:00+02:00,2026-06-01,21,15,1,0,6,334.8,387.44,,,-24.189999999999998,,,-109.57721999999922,-52.639999999999986
2026-06-01 19:30:00+00:00,2026-06-01 21:30:00+02:00,2026-06-01,21,30,2,0,6,278.9,285.0,,,-16.980000000000018,,,-118.54815999999846,-6.100000000000023
2026-06-01 19:45:00+00:00,2026-06-01 21:45:00+02:00,2026-06-01,21,45,3,0,6,231.33,399.01,,,-7.450000000000017,,,-118.36495000000286,-167.67999999999998
2026-06-01 20:00:00+00:00,2026-06-01 22:00:00+02:00,2026-06-01,22,0,0,0,6,267.11,237.4,,,-3.0200000000000102,,,-119.13949000000139,29.710000000000008
2026-06-01 20:15:00+00:00,2026-06-01 22:15:00+02:00,2026-06-01,22,15,1,0,6,212.74,250.0,,,-1.410000000000025,,,-94.52786000000197,-37.25999999999999
2026-06-01 20:30:00+00:00,2026-06-01 22:30:00+02:00,2026-06-01,22,30,2,0,6,176.34,186.32,,,-0.9399999999999977,,,-3.7697299999999814,-9.97999999999999
2026-06-01 20:45:00+00:00,2026-06-01 22:45:00+02:00,2026-06-01,22,45,3,0,6,159.91,241.08,,,-6.450000000000017,,,66.32248999999865,-81.17000000000002
2026-06-01 21:00:00+00:00,2026-06-01 23:00:00+02:00,2026-06-01,23,0,0,0,6,169.42,166.1,,,0.07999999999998408,,,146.04959000000235,3.319999999999993
2026-06-01 21:15:00+00:00,2026-06-01 23:15:00+02:00,2026-06-01,23,15,1,0,6,161.5,160.6,,,-2.319999999999993,,,159.34000000000378,0.9000000000000057
2026-06-01 21:30:00+00:00,2026-06-01 23:30:00+02:00,2026-06-01,23,30,2,0,6,152.98,155.88,,,-0.18999999999999773,,,131.54321999999956,-2.9000000000000057
2026-06-01 21:45:00+00:00,2026-06-01 23:45:00+02:00,2026-06-01,23,45,3,0,6,143.77,147.08,,,-2.280000000000001,,,86.92439999999624,-3.3100000000000023
2026-06-01 22:00:00+00:00,2026-06-02 00:00:00+02:00,2026-06-02,0,0,0,1,6,145.55,151.73,,-6.5800000000000125,1.1899999999999977,,,59.658909999998286,-6.179999999999978
2026-06-01 22:15:00+00:00,2026-06-02 00:15:00+02:00,2026-06-02,0,15,1,1,6,142.79,146.61,,-0.22999999999998977,6.930000000000007,,,143.4918600000019,-3.8200000000000216
2026-06-01 22:30:00+00:00,2026-06-02 00:30:00+02:00,2026-06-02,0,30,2,1,6,138.35,142.03,,-0.9399999999999977,7.25,,,173.57334999999875,-3.680000000000007
2026-06-01 22:45:00+00:00,2026-06-02 00:45:00+02:00,2026-06-02,0,45,3,1,6,127.78,132.36,,-1.1999999999999886,0.14000000000001478,,,150.64824999999837,-4.5800000000000125
2026-06-01 23:00:00+00:00,2026-06-02 01:00:00+02:00,2026-06-02,1,0,0,1,6,144.0,144.81,,3.339999999999975,6.3700000000000045,,,261.2204500000007,-0.8100000000000023
2026-06-01 23:15:00+00:00,2026-06-02 01:15:00+02:00,2026-06-02,1,15,1,1,6,134.5,132.47,,-0.8000000000000114,8.680000000000007,,,340.63810999999987,2.030000000000001
2026-06-01 23:30:00+00:00,2026-06-02 01:30:00+02:00,2026-06-02,1,30,2,1,6,126.09,127.61,,-1.8599999999999852,-1.8599999999999852,,,393.3203199999989,-1.519999999999996
2026-06-01 23:45:00+00:00,2026-06-02 01:45:00+02:00,2026-06-02,1,45,3,1,6,118.97,127.1,,-3.010000000000005,-3.010000000000005,,,437.0313700000006,-8.129999999999995
2026-06-02 00:00:00+00:00,2026-06-02 02:00:00+02:00,2026-06-02,2,0,0,1,6,130.08,130.01,,0.18000000000000682,6.359999999999999,,,459.3989299999994,0.0700000000000216
2026-06-02 00:15:00+00:00,2026-06-02 02:15:00+02:00,2026-06-02,2,15,1,1,6,124.15,124.98,,0.0800000000000125,3.8699999999999903,,,451.5854299999992,-0.8299999999999983
2026-06-02 00:30:00+00:00,2026-06-02 02:30:00+02:00,2026-06-02,2,30,2,1,6,122.58,124.61,,0.09000000000000341,3.780000000000001,,,399.46886999999697,-2.030000000000001
2026-06-02 00:45:00+00:00,2026-06-02 02:45:00+02:00,2026-06-02,2,45,3,1,6,119.18,122.41,,0.4000000000000057,0.4000000000000057,,,354.7475400000003,-3.2299999999999898
2026-06-02 01:00:00+00:00,2026-06-02 03:00:00+02:00,2026-06-02,3,0,0,1,6,121.36,124.34,,-1.3400000000000034,4.659999999999997,,,157.41215999999986,-2.980000000000004
2026-06-02 01:15:00+00:00,2026-06-02 03:15:00+02:00,2026-06-02,3,15,1,1,6,119.96,122.99,,3.769999999999996,6.140000000000001,,,146.35570000000007,-3.030000000000001
2026-06-02 01:30:00+00:00,2026-06-02 03:30:00+02:00,2026-06-02,3,30,2,1,6,119.11,120.2,,-1.8200000000000074,1.0900000000000034,,,107.13716999999451,-1.0900000000000034
2026-06-02 01:45:00+00:00,2026-06-02 03:45:00+02:00,2026-06-02,3,45,3,1,6,117.55,119.06,,-1.6599999999999966,8.180000000000007,,,82.18411999999807,-1.5100000000000051
2026-06-02 02:00:00+00:00,2026-06-02 04:00:00+02:00,2026-06-02,4,0,0,1,6,118.03,122.41,,0.2599999999999909,0.2599999999999909,,,22.155009999994945,-4.3799999999999955
2026-06-02 02:15:00+00:00,2026-06-02 04:15:00+02:00,2026-06-02,4,15,1,1,6,118.81,119.01,,3.0800000000000125,3.969999999999999,,,-39.127809999998135,-0.20000000000000284
2026-06-02 02:30:00+00:00,2026-06-02 04:30:00+02:00,2026-06-02,4,30,2,1,6,120.82,120.72,,-2.0600000000000023,0.4000000000000057,,,-80.82851999999548,0.09999999999999432
2026-06-02 02:45:00+00:00,2026-06-02 04:45:00+02:00,2026-06-02,4,45,3,1,6,123.95,123.97,,-0.009999999999990905,-0.009999999999990905,,,-288.11131000000023,-0.01999999999999602
2026-06-02 03:00:00+00:00,2026-06-02 05:00:00+02:00,2026-06-02,5,0,0,1,6,119.22,121.56,,1.2299999999999898,3.819999999999993,,,-298.4844599999997,-2.3400000000000034
2026-06-02 03:15:00+00:00,2026-06-02 05:15:00+02:00,2026-06-02,5,15,1,1,6,122.53,122.36,,1.2800000000000011,3.180000000000007,,,-483.85889999999927,0.1700000000000017
2026-06-02 03:30:00+00:00,2026-06-02 05:30:00+02:00,2026-06-02,5,30,2,1,6,124.25,125.0,,1.6099999999999994,2.420000000000016,,,-588.8905599999998,-0.75
2026-06-02 03:45:00+00:00,2026-06-02 05:45:00+02:00,2026-06-02,5,45,3,1,6,128.14,127.94,,0.13999999999998636,0.13999999999998636,,,-721.4366199999931,0.19999999999998863
2026-06-02 04:00:00+00:00,2026-06-02 06:00:00+02:00,2026-06-02,6,0,0,1,6,127.73,128.96,,-0.8400000000000034,-12.150000000000006,,,-772.9458200000008,-1.230000000000004
2026-06-02 04:15:00+00:00,2026-06-02 06:15:00+02:00,2026-06-02,6,15,1,1,6,135.47,144.0,,-5.109999999999999,-17.169999999999987,,,-718.4709200000034,-8.530000000000001
2026-06-02 04:30:00+00:00,2026-06-02 06:30:00+02:00,2026-06-02,6,30,2,1,6,133.4,134.0,,-4.400000000000006,-4.400000000000006,,,-462.34653999999864,-0.5999999999999943
2026-06-02 04:45:00+00:00,2026-06-02 06:45:00+02:00,2026-06-02,6,45,3,1,6,124.0,139.46,,-4.530000000000001,-7.6299999999999955,,,-513.875680000001,-15.460000000000008
2026-06-02 05:00:00+00:00,2026-06-02 07:00:00+02:00,2026-06-02,7,0,0,1,6,141.92,148.1,,-0.1699999999999875,-0.1699999999999875,,,-518.8764299999966,-6.180000000000007
2026-06-02 05:15:00+00:00,2026-06-02 07:15:00+02:00,2026-06-02,7,15,1,1,6,137.12,142.56,,-2.0800000000000125,-2.0800000000000125,,,-335.005170000004,-5.439999999999998
2026-06-02 05:30:00+00:00,2026-06-02 07:30:00+02:00,2026-06-02,7,30,2,1,6,128.19,130.42,,-2.680000000000007,-18.140000000000015,,,-407.6122700000051,-2.2299999999999898
2026-06-02 05:45:00+00:00,2026-06-02 07:45:00+02:00,2026-06-02,7,45,3,1,6,120.02,122.3,,-5.25,-5.25,,,-345.53813999999693,-2.280000000000001
2026-06-02 06:00:00+00:00,2026-06-02 08:00:00+02:00,2026-06-02,8,0,0,1,6,137.45,144.02,,-2.5,-10.0,,,-337.4959000000017,-6.570000000000022
2026-06-02 06:15:00+00:00,2026-06-02 08:15:00+02:00,2026-06-02,8,15,1,1,6,129.86,137.44,,1.7999999999999972,-9.409999999999997,,,-393.64226999999664,-7.579999999999984
2026-06-02 06:30:00+00:00,2026-06-02 08:30:00+02:00,2026-06-02,8,30,2,1,6,119.53,127.53,,1.4200000000000017,-10.54000000000002,,,-424.39889000000403,-8.0
2026-06-02 06:45:00+00:00,2026-06-02 08:45:00+02:00,2026-06-02,8,45,3,1,6,108.29,108.36,,-0.15000000000000568,-1.0499999999999972,,,-334.7053900000028,-0.06999999999999318
2026-06-02 07:00:00+00:00,2026-06-02 09:00:00+02:00,2026-06-02,9,0,0,1,6,121.98,121.93,,-7.320000000000007,-12.22999999999999,,,-331.6243600000016,0.04999999999999716
2026-06-02 07:15:00+00:00,2026-06-02 09:15:00+02:00,2026-06-02,9,15,1,1,6,106.99,121.27,,-7.439999999999998,-7.97999999999999,,,-305.238179999993,-14.280000000000001
2026-06-02 07:30:00+00:00,2026-06-02 09:30:00+02:00,2026-06-02,9,30,2,1,6,96.01,97.54,,7.73,-1.8800000000000097,,,-248.13032000000385,-1.5300000000000011
2026-06-02 07:45:00+00:00,2026-06-02 09:45:00+02:00,2026-06-02,9,45,3,1,6,90.88,94.08,,-5.3700000000000045,-5.3700000000000045,,,-228.77439000000595,-3.200000000000003
2026-06-02 08:00:00+00:00,2026-06-02 10:00:00+02:00,2026-06-02,10,0,0,1,6,102.01,98.93,,-3.870000000000001,-4.780000000000001,,,-340.0560800000021,3.0799999999999983
2026-06-02 08:15:00+00:00,2026-06-02 10:15:00+02:00,2026-06-02,10,15,1,1,6,92.01,93.24,,-1.6199999999999997,-4.280000000000001,,,-316.9711099999986,-1.2299999999999898
2026-06-02 08:30:00+00:00,2026-06-02 10:30:00+02:00,2026-06-02,10,30,2,1,6,87.21,93.4,,-2.05,9.409999999999997,,,-228.98309000000154,-6.190000000000012
2026-06-02 08:45:00+00:00,2026-06-02 10:45:00+02:00,2026-06-02,10,45,3,1,6,79.2,84.3,,-0.01,-3.969999999999999,,,-103.30693999999494,-5.099999999999994
2026-06-02 09:00:00+00:00,2026-06-02 11:00:00+02:00,2026-06-02,11,0,0,1,6,85.79,89.82,,-2.21,4.280000000000001,,,-89.07544000000053,-4.029999999999987
2026-06-02 09:15:00+00:00,2026-06-02 11:15:00+02:00,2026-06-02,11,15,1,1,6,81.16,94.91,,-3.3299999999999996,5.319999999999993,,,-90.52068999999756,-13.75
2026-06-02 09:30:00+00:00,2026-06-02 11:30:00+02:00,2026-06-02,11,30,2,1,6,78.79,83.54,,0.8,20.47,,,12.149949999991804,-4.75
2026-06-02 09:45:00+00:00,2026-06-02 11:45:00+02:00,2026-06-02,11,45,3,1,6,76.61,81.12,,6.3,17.11,,,152.18931000000157,-4.510000000000005
2026-06-02 10:00:00+00:00,2026-06-02 12:00:00+02:00,2026-06-02,12,0,0,1,6,71.22,86.33,,-4.31,0.5999999999999943,,,90.4974000000002,-15.11
2026-06-02 10:15:00+00:00,2026-06-02 12:15:00+02:00,2026-06-02,12,15,1,1,6,72.01,82.43,,2.799999999999997,2.799999999999997,,,-11.992379999996047,-10.420000000000002
2026-06-02 10:30:00+00:00,2026-06-02 12:30:00+02:00,2026-06-02,12,30,2,1,6,71.15,79.41,,3.769999999999996,3.769999999999996,,,-29.616439999997965,-8.259999999999991
2026-06-02 10:45:00+00:00,2026-06-02 12:45:00+02:00,2026-06-02,12,45,3,1,6,74.85,73.95,,5.300000000000001,3.8999999999999915,,,-38.25658000000112,0.8999999999999915
2026-06-02 11:00:00+00:00,2026-06-02 13:00:00+02:00,2026-06-02,13,0,0,1,6,76.03,80.09,,1.0999999999999996,2.6799999999999926,,,-5.262890000005427,-4.060000000000002
2026-06-02 11:15:00+00:00,2026-06-02 13:15:00+02:00,2026-06-02,13,15,1,1,6,80.01,85.6,,1.9300000000000068,1.9300000000000068,,,-6.586610000005749,-5.589999999999989
2026-06-02 11:30:00+00:00,2026-06-02 13:30:00+02:00,2026-06-02,13,30,2,1,6,82.15,86.52,,-3.03,3.539999999999992,,,160.5631799999901,-4.36999999999999
2026-06-02 11:45:00+00:00,2026-06-02 13:45:00+02:00,2026-06-02,13,45,3,1,6,83.43,86.69,,-3.07,40.21,,,313.8429000000033,-3.259999999999991
2026-06-02 12:00:00+00:00,2026-06-02 14:00:00+02:00,2026-06-02,14,0,0,1,6,80.08,84.91,,4.12,42.03,,,518.120299999995,-4.829999999999998
2026-06-02 12:15:00+00:00,2026-06-02 14:15:00+02:00,2026-06-02,14,15,1,1,6,83.88,89.21,,4.42,6.11999999999999,,,631.0162199999977,-5.329999999999998
2026-06-02 12:30:00+00:00,2026-06-02 14:30:00+02:00,2026-06-02,14,30,2,1,6,85.52,92.5,,1.9000000000000004,35.54,,,483.9944000000105,-6.980000000000004
2026-06-02 12:45:00+00:00,2026-06-02 14:45:00+02:00,2026-06-02,14,45,3,1,6,96.0,96.51,,-3.99,32.919999999999995,,,272.14978999999585,-0.5100000000000051
2026-06-02 13:00:00+00:00,2026-06-02 15:00:00+02:00,2026-06-02,15,0,0,1,6,85.33,91.88,,7.84,6.859999999999999,,,803.7209799999982,-6.549999999999997
2026-06-02 13:15:00+00:00,2026-06-02 15:15:00+02:00,2026-06-02,15,15,1,1,6,94.04,96.5,,2.530000000000001,2.530000000000001,,,737.4800299999988,-2.4599999999999937
2026-06-02 13:30:00+00:00,2026-06-02 15:30:00+02:00,2026-06-02,15,30,2,1,6,99.31,101.83,,-2.0799999999999996,16.040000000000006,,,667.110090000002,-2.519999999999996
2026-06-02 13:45:00+00:00,2026-06-02 15:45:00+02:00,2026-06-02,15,45,3,1,6,111.28,108.74,,-7.54,15.079999999999998,,,597.4316099999924,2.5400000000000063
2026-06-02 14:00:00+00:00,2026-06-02 16:00:00+02:00,2026-06-02,16,0,0,1,6,94.18,110.0,,8.24,8.939999999999998,,,519.2232199999999,-15.819999999999993
2026-06-02 14:15:00+00:00,2026-06-02 16:15:00+02:00,2026-06-02,16,15,1,1,6,103.89,111.4,,6.6299999999999955,7.0,,,450.4997599999988,-7.510000000000005
2026-06-02 14:30:00+00:00,2026-06-02 16:30:00+02:00,2026-06-02,16,30,2,1,6,111.35,114.32,,-0.8200000000000003,0.020000000000010232,,,358.6220699999976,-2.969999999999999
2026-06-02 14:45:00+00:00,2026-06-02 16:45:00+02:00,2026-06-02,16,45,3,1,6,125.53,126.08,,5.080000000000002,-3.309999999999988,,,259.4397300000019,-0.5499999999999972
2026-06-02 15:00:00+00:00,2026-06-02 17:00:00+02:00,2026-06-02,17,0,0,1,6,115.3,120.58,,-1.5500000000000114,-1.5500000000000114,,,175.76310999999623,-5.280000000000001
2026-06-02 15:15:00+00:00,2026-06-02 17:15:00+02:00,2026-06-02,17,15,1,1,6,124.18,121.42,,-5.560000000000002,-5.560000000000002,,,155.4525700000013,2.760000000000005
2026-06-02 15:30:00+00:00,2026-06-02 17:30:00+02:00,2026-06-02,17,30,2,1,6,132.64,134.06,,-3.1899999999999977,-3.1899999999999977,,,144.82916000000841,-1.420000000000016
2026-06-02 15:45:00+00:00,2026-06-02 17:45:00+02:00,2026-06-02,17,45,3,1,6,140.08,147.2,,-0.5699999999999932,-11.930000000000007,,,125.53422000000137,-7.119999999999976
2026-06-02 16:00:00+00:00,2026-06-02 18:00:00+02:00,2026-06-02,18,0,0,1,6,129.71,135.46,,3.259999999999991,3.259999999999991,,,124.87522999999783,-5.75
2026-06-02 16:15:00+00:00,2026-06-02 18:15:00+02:00,2026-06-02,18,15,1,1,6,139.19,137.69,,-8.929999999999993,-12.409999999999997,,,123.35805999999866,1.5
2026-06-02 16:30:00+00:00,2026-06-02 18:30:00+02:00,2026-06-02,18,30,2,1,6,152.0,148.72,,-4.050000000000011,1.3200000000000216,,,131.82511999999406,3.280000000000001
2026-06-02 16:45:00+00:00,2026-06-02 18:45:00+02:00,2026-06-02,18,45,3,1,6,162.95,170.0,,-7.6299999999999955,-2.819999999999993,,,157.6359200000079,-7.050000000000011
2026-06-02 17:00:00+00:00,2026-06-02 19:00:00+02:00,2026-06-02,19,0,0,1,6,152.2,154.42,,-8.209999999999994,-53.900000000000006,,,184.09947999999713,-2.219999999999999
2026-06-02 17:15:00+00:00,2026-06-02 19:15:00+02:00,2026-06-02,19,15,1,1,6,154.73,161.7,,-8.990000000000009,-49.900000000000006,,,-3.3250499999994645,-6.969999999999999
2026-06-02 17:30:00+00:00,2026-06-02 19:30:00+02:00,2026-06-02,19,30,2,1,6,166.49,175.18,,-17.930000000000007,-20.189999999999998,,,-164.2308699999994,-8.689999999999998
2026-06-02 17:45:00+00:00,2026-06-02 19:45:00+02:00,2026-06-02,19,45,3,1,6,173.58,212.5,,0.9200000000000159,17.600000000000023,,,-143.23801999999705,-38.91999999999999
2026-06-02 18:00:00+00:00,2026-06-02 20:00:00+02:00,2026-06-02,20,0,0,1,6,162.59,168.46,,-19.220000000000027,-38.50999999999999,,,-119.11877999999706,-5.8700000000000045
2026-06-02 18:15:00+00:00,2026-06-02 20:15:00+02:00,2026-06-02,20,15,1,1,6,160.11,181.47,,-2.8100000000000023,-28.339999999999975,,,-108.93666000000667,-21.359999999999985
2026-06-02 18:30:00+00:00,2026-06-02 20:30:00+02:00,2026-06-02,20,30,2,1,6,158.94,164.29,,-10.099999999999994,-33.31,,,-102.08019000000058,-5.349999999999994
2026-06-02 18:45:00+00:00,2026-06-02 20:45:00+02:00,2026-06-02,20,45,3,1,6,154.89,192.73,,-21.150000000000006,-71.72999999999996,,,-129.18878000000404,-37.84
2026-06-02 19:00:00+00:00,2026-06-02 21:00:00+02:00,2026-06-02,21,0,0,1,6,160.99,180.47,,-2.769999999999982,62.80000000000001,,,-130.64188999999897,-19.47999999999999
2026-06-02 19:15:00+00:00,2026-06-02 21:15:00+02:00,2026-06-02,21,15,1,1,6,149.38,165.01,,-24.189999999999998,-52.639999999999986,,,-128.0034799999994,-15.629999999999995
2026-06-02 19:30:00+00:00,2026-06-02 21:30:00+02:00,2026-06-02,21,30,2,1,6,141.16,165.34,,-6.810000000000002,-6.100000000000023,,,-140.7552599999981,-24.180000000000007
2026-06-02 19:45:00+00:00,2026-06-02 21:45:00+02:00,2026-06-02,21,45,3,1,6,128.07,150.01,,-7.450000000000017,-167.67999999999998,,,-165.69266999999672,-21.939999999999998
2026-06-02 20:00:00+00:00,2026-06-02 22:00:00+02:00,2026-06-02,22,0,0,1,6,144.64,162.71,,-3.0200000000000102,29.710000000000008,,,-185.2031500000012,-18.07000000000002
2026-06-02 20:15:00+00:00,2026-06-02 22:15:00+02:00,2026-06-02,22,15,1,1,6,136.01,144.7,,-1.410000000000025,-37.25999999999999,,,-97.99150999999983,-8.689999999999998
2026-06-02 20:30:00+00:00,2026-06-02 22:30:00+02:00,2026-06-02,22,30,2,1,6,131.49,137.94,,-0.9399999999999977,-9.97999999999999,,,-44.967680000001565,-6.449999999999989
2026-06-02 20:45:00+00:00,2026-06-02 22:45:00+02:00,2026-06-02,22,45,3,1,6,127.28,125.0,,-6.450000000000017,-81.17000000000002,,,66.32248999999865,2.280000000000001
2026-06-02 21:00:00+00:00,2026-06-02 23:00:00+02:00,2026-06-02,23,0,0,1,6,135.54,139.7,,3.319999999999993,3.319999999999993,,,146.04959000000235,-4.159999999999997
2026-06-02 21:15:00+00:00,2026-06-02 23:15:00+02:00,2026-06-02,23,15,1,1,6,121.17,120.01,,0.9000000000000057,0.9000000000000057,,,159.34000000000378,1.1599999999999966
2026-06-02 21:30:00+00:00,2026-06-02 23:30:00+02:00,2026-06-02,23,30,2,1,6,116.29,125.5,,-0.18999999999999773,-2.9000000000000057,,,131.54321999999956,-9.209999999999994
2026-06-02 21:45:00+00:00,2026-06-02 23:45:00+02:00,2026-06-02,23,45,3,1,6,112.9,113.04,,-2.280000000000001,-3.3100000000000023,,,86.92439999999624,-0.14000000000000057
2026-06-02 22:00:00+00:00,2026-06-03 00:00:00+02:00,2026-06-03,0,0,0,2,6,123.3,119.1,,-6.3799999999999955,-6.179999999999978,,,59.658909999998286,4.200000000000003
2026-06-02 22:15:00+00:00,2026-06-03 00:15:00+02:00,2026-06-03,0,15,1,2,6,126.8,118.8,,-2.0250000000000057,-3.8200000000000216,,,56.31900999999925,8.0
2026-06-02 22:30:00+00:00,2026-06-03 00:30:00+02:00,2026-06-03,0,30,2,2,6,122.34,115.01,,-2.3100000000000023,-3.680000000000007,,,62.08002000000124,7.329999999999998
2026-06-02 22:45:00+00:00,2026-06-03 00:45:00+02:00,2026-06-03,0,45,3,2,6,126.55,112.99,,-2.8900000000000006,-4.5800000000000125,,,122.04756999999518,13.560000000000002
2026-06-02 23:00:00+00:00,2026-06-03 01:00:00+02:00,2026-06-03,1,0,0,2,6,121.0,115.01,,1.2649999999999864,-0.8100000000000023,,,169.30552999999782,5.989999999999995
2026-06-02 23:15:00+00:00,2026-06-03 01:15:00+02:00,2026-06-03,1,15,1,2,6,124.93,114.25,,0.6149999999999949,2.030000000000001,,,161.11153000000195,10.680000000000007
2026-06-02 23:30:00+00:00,2026-06-03 01:30:00+02:00,2026-06-03,1,30,2,2,6,119.14,111.1,,-1.6899999999999906,-1.519999999999996,,,261.39308000000165,8.040000000000006
2026-06-02 23:45:00+00:00,2026-06-03 01:45:00+02:00,2026-06-03,1,45,3,2,6,117.63,110.01,,-5.57,-8.129999999999995,,,324.74667999999656,7.61999999999999
2026-06-03 00:00:00+00:00,2026-06-03 02:00:00+02:00,2026-06-03,2,0,0,2,6,121.6,107.91,,0.1250000000000142,0.0700000000000216,,,315.55918000000383,13.689999999999998
2026-06-03 00:15:00+00:00,2026-06-03 02:15:00+02:00,2026-06-03,2,15,1,2,6,117.56,107.68,,-0.3749999999999929,-0.8299999999999983,,,379.3684399999984,9.879999999999995
2026-06-03 00:30:00+00:00,2026-06-03 02:30:00+02:00,2026-06-03,2,30,2,2,6,116.38,107.76,,-0.9699999999999989,-2.030000000000001,,,313.9599699999999,8.61999999999999
2026-06-03 00:45:00+00:00,2026-06-03 02:45:00+02:00,2026-06-03,2,45,3,2,6,115.36,103.25,,-1.414999999999992,-3.2299999999999898,,,116.89763000000312,12.11
2026-06-03 01:00:00+00:00,2026-06-03 03:00:00+02:00,2026-06-03,3,0,0,2,6,114.34,105.23,,-2.1600000000000037,-2.980000000000004,,,16.08622999999716,9.11
2026-06-03 01:15:00+00:00,2026-06-03 03:15:00+02:00,2026-06-03,3,15,1,2,6,113.09,104.3,,0.36999999999999744,-3.030000000000001,,,-106.09773000000132,8.790000000000006
2026-06-03 01:30:00+00:00,2026-06-03 03:30:00+02:00,2026-06-03,3,30,2,2,6,112.21,106.73,,-1.4550000000000054,-1.0900000000000034,,,-237.67830999999933,5.47999999999999
2026-06-03 01:45:00+00:00,2026-06-03 03:45:00+02:00,2026-06-03,3,45,3,2,6,113.72,108.34,,-1.5850000000000009,-1.5100000000000051,,,-302.0862699999998,5.3799999999999955
2026-06-03 02:00:00+00:00,2026-06-03 04:00:00+02:00,2026-06-03,4,0,0,2,6,112.77,105.01,,-2.0600000000000023,-4.3799999999999955,,,-281.8257699999958,7.759999999999991
2026-06-03 02:15:00+00:00,2026-06-03 04:15:00+02:00,2026-06-03,4,15,1,2,6,116.24,106.42,,1.4400000000000048,-0.20000000000000284,,,-223.9025399999955,9.819999999999993
2026-06-03 02:30:00+00:00,2026-06-03 04:30:00+02:00,2026-06-03,4,30,2,2,6,122.22,107.68,,-0.980000000000004,0.09999999999999432,,,-102.7578399999984,14.539999999999992
2026-06-03 02:45:00+00:00,2026-06-03 04:45:00+02:00,2026-06-03,4,45,3,2,6,120.77,108.14,,-0.014999999999993463,-0.01999999999999602,,,-288.11131000000023,12.629999999999995
2026-06-03 03:00:00+00:00,2026-06-03 05:00:00+02:00,2026-06-03,5,0,0,2,6,115.75,108.29,,-0.5550000000000068,-2.3400000000000034,,,-298.4844599999997,7.459999999999994
2026-06-03 03:15:00+00:00,2026-06-03 05:15:00+02:00,2026-06-03,5,15,1,2,6,120.99,109.84,,0.7250000000000014,0.1700000000000017,,,-483.85889999999927,11.149999999999991
2026-06-03 03:30:00+00:00,2026-06-03 05:30:00+02:00,2026-06-03,5,30,2,2,6,122.73,113.69,,0.4299999999999997,-0.75,,,-588.8905599999998,9.040000000000006
2026-06-03 03:45:00+00:00,2026-06-03 05:45:00+02:00,2026-06-03,5,45,3,2,6,126.37,121.28,,0.1699999999999875,0.19999999999998863,,,-721.4366199999931,5.090000000000003
2026-06-03 04:00:00+00:00,2026-06-03 06:00:00+02:00,2026-06-03,6,0,0,2,6,132.27,127.34,,-1.0350000000000037,-1.230000000000004,,,-772.9458200000008,4.930000000000007
2026-06-03 04:15:00+00:00,2026-06-03 06:15:00+02:00,2026-06-03,6,15,1,2,6,139.15,131.5,,-6.82,-8.530000000000001,,,-718.4709200000034,7.650000000000006
2026-06-03 04:30:00+00:00,2026-06-03 06:30:00+02:00,2026-06-03,6,30,2,2,6,138.91,132.23,,-2.5,-0.5999999999999943,,,-462.34653999999864,6.680000000000007
2026-06-03 04:45:00+00:00,2026-06-03 06:45:00+02:00,2026-06-03,6,45,3,2,6,139.03,136.28,,-6.079999999999998,-15.460000000000008,,,-513.875680000001,2.75
2026-06-03 05:00:00+00:00,2026-06-03 07:00:00+02:00,2026-06-03,7,0,0,2,6,152.5,137.94,,-1.1599999999999966,-6.180000000000007,,,-231.28756999999678,14.560000000000002
2026-06-03 05:15:00+00:00,2026-06-03 07:15:00+02:00,2026-06-03,7,15,1,2,6,144.02,135.01,,-3.760000000000005,-5.439999999999998,,,-293.3932400000049,9.01000000000002
2026-06-03 05:30:00+00:00,2026-06-03 07:30:00+02:00,2026-06-03,7,30,2,2,6,137.19,134.02,,-2.4549999999999983,-2.2299999999999898,,,-262.3001299999996,3.1699999999999875
2026-06-03 05:45:00+00:00,2026-06-03 07:45:00+02:00,2026-06-03,7,45,3,2,6,129.06,126.0,,-3.7650000000000006,-2.280000000000001,,,-336.32271000000037,3.0600000000000023
2026-06-03 06:00:00+00:00,2026-06-03 08:00:00+02:00,2026-06-03,8,0,0,2,6,154.02,140.0,,-4.535000000000011,-6.570000000000022,,,-337.4959000000017,14.02000000000001
2026-06-03 06:15:00+00:00,2026-06-03 08:15:00+02:00,2026-06-03,8,15,1,2,6,137.99,127.0,,-2.8899999999999935,-7.579999999999984,,,-393.64226999999664,10.990000000000009
2026-06-03 06:30:00+00:00,2026-06-03 08:30:00+02:00,2026-06-03,8,30,2,2,6,131.8,119.0,,-3.289999999999999,-8.0,,,-424.39889000000403,12.800000000000011
2026-06-03 06:45:00+00:00,2026-06-03 08:45:00+02:00,2026-06-03,8,45,3,2,6,119.41,113.31,,-0.10999999999999943,-0.06999999999999318,,,-334.7053900000028,6.099999999999994
2026-06-03 07:00:00+00:00,2026-06-03 09:00:00+02:00,2026-06-03,9,0,0,2,6,123.02,133.27,,-4.305000000000007,0.04999999999999716,,,-331.6243600000016,-10.250000000000014
2026-06-03 07:15:00+00:00,2026-06-03 09:15:00+02:00,2026-06-03,9,15,1,2,6,117.56,108.8,,-7.709999999999994,-14.280000000000001,,,-305.238179999993,8.760000000000005
2026-06-03 07:30:00+00:00,2026-06-03 09:30:00+02:00,2026-06-03,9,30,2,2,6,111.19,106.27,,3.0999999999999996,-1.5300000000000011,,,-248.13032000000385,4.920000000000002
2026-06-03 07:45:00+00:00,2026-06-03 09:45:00+02:00,2026-06-03,9,45,3,2,6,96.9,92.16,,-4.285000000000004,-3.200000000000003,,,-228.77439000000595,4.740000000000009
2026-06-03 08:00:00+00:00,2026-06-03 10:00:00+02:00,2026-06-03,10,0,0,2,6,107.01,103.2,,-2.835000000000001,3.0799999999999983,,,-340.0560800000021,3.8100000000000023
2026-06-03 08:15:00+00:00,2026-06-03 10:15:00+02:00,2026-06-03,10,15,1,2,6,89.45,94.48,,-1.4249999999999947,-1.2299999999999898,,,-409.1292899999971,-5.030000000000001
2026-06-03 08:30:00+00:00,2026-06-03 10:30:00+02:00,2026-06-03,10,30,2,2,6,89.0,73.0,,-4.120000000000006,-6.190000000000012,,,-228.98309000000154,16.0
2026-06-03 08:45:00+00:00,2026-06-03 10:45:00+02:00,2026-06-03,10,45,3,2,6,85.76,65.11,,-1.9899999999999993,-5.099999999999994,,,-103.30693999999494,20.650000000000006
2026-06-03 09:00:00+00:00,2026-06-03 11:00:00+02:00,2026-06-03,11,0,0,2,6,84.02,89.95,,-3.1199999999999934,-4.029999999999987,,,-89.07544000000053,-5.930000000000007
2026-06-03 09:15:00+00:00,2026-06-03 11:15:00+02:00,2026-06-03,11,15,1,2,6,82.36,57.14,,-3.5149999999999997,-13.75,,,-90.52068999999756,25.22
2026-06-03 09:30:00+00:00,2026-06-03 11:30:00+02:00,2026-06-03,11,30,2,2,6,89.17,42.56,,-1.3049999999999997,-4.75,,,12.149949999991804,46.61
2026-06-03 09:45:00+00:00,2026-06-03 11:45:00+02:00,2026-06-03,11,45,3,2,6,67.49,27.98,,4.79,-4.510000000000005,,,152.18931000000157,39.50999999999999
2026-06-03 10:00:00+00:00,2026-06-03 12:00:00+02:00,2026-06-03,12,0,0,2,6,76.09,33.44,,-7.32,-15.11,,,90.4974000000002,42.650000000000006
2026-06-03 10:15:00+00:00,2026-06-03 12:15:00+02:00,2026-06-03,12,15,1,2,6,61.32,27.25,,0.49999999999999856,-10.420000000000002,,,-11.992379999996047,34.07
2026-06-03 10:30:00+00:00,2026-06-03 12:30:00+02:00,2026-06-03,12,30,2,2,6,50.61,52.37,,3.559999999999998,-8.259999999999991,,,-29.616439999997965,-1.759999999999998
2026-06-03 10:45:00+00:00,2026-06-03 12:45:00+02:00,2026-06-03,12,45,3,2,6,40.66,18.7,,4.599999999999996,0.8999999999999915,,,-38.25658000000112,21.959999999999997
2026-06-03 11:00:00+00:00,2026-06-03 13:00:00+02:00,2026-06-03,13,0,0,2,6,51.86,50.09,,0.5999999999999999,-4.060000000000002,,,-5.262890000005427,1.769999999999996
2026-06-03 11:15:00+00:00,2026-06-03 13:15:00+02:00,2026-06-03,13,15,1,2,6,45.35,40.0,,0.6000000000000034,-5.589999999999989,,,-6.586610000005749,5.350000000000001
2026-06-03 11:30:00+00:00,2026-06-03 13:30:00+02:00,2026-06-03,13,30,2,2,6,35.44,35.35,,-3.699999999999995,-4.36999999999999,,,160.5631799999901,0.0899999999999963
2026-06-03 11:45:00+00:00,2026-06-03 13:45:00+02:00,2026-06-03,13,45,3,2,6,22.67,15.0,,-3.1649999999999956,-3.259999999999991,,,313.8429000000033,7.670000000000002
2026-06-03 12:00:00+00:00,2026-06-03 14:00:00+02:00,2026-06-03,14,0,0,2,6,27.76,29.21,,0.050000000000000266,-4.829999999999998,,,518.120299999995,-1.4499999999999993
2026-06-03 12:15:00+00:00,2026-06-03 14:15:00+02:00,2026-06-03,14,15,1,2,6,33.04,36.06,,1.385,-5.329999999999998,,,631.0162199999977,-3.020000000000003
2026-06-03 12:30:00+00:00,2026-06-03 14:30:00+02:00,2026-06-03,14,30,2,2,6,32.53,37.88,,-0.36999999999999966,-6.980000000000004,,,483.9944000000105,-5.350000000000001
2026-06-03 12:45:00+00:00,2026-06-03 14:45:00+02:00,2026-06-03,14,45,3,2,6,36.31,49.02,,-2.2500000000000027,-0.5100000000000051,,,272.14978999999585,-12.71
2026-06-03 13:00:00+00:00,2026-06-03 15:00:00+02:00,2026-06-03,15,0,0,2,6,0.79,29.38,,7.35,-6.549999999999997,,,803.7209799999982,-28.59
2026-06-03 13:15:00+00:00,2026-06-03 15:15:00+02:00,2026-06-03,15,15,1,2,6,19.0,44.81,,0.06500000000000061,-2.4599999999999937,,,737.4800299999988,-25.810000000000002
2026-06-03 13:30:00+00:00,2026-06-03 15:30:00+02:00,2026-06-03,15,30,2,2,6,30.77,48.75,,-2.299999999999998,-2.519999999999996,,,667.110090000002,-17.98
2026-06-03 13:45:00+00:00,2026-06-03 15:45:00+02:00,2026-06-03,15,45,3,2,6,29.16,65.46,,-2.499999999999997,2.5400000000000063,,,597.4316099999924,-36.3
2026-06-03 14:00:00+00:00,2026-06-03 16:00:00+02:00,2026-06-03,16,0,0,2,6,32.34,39.19,,6.075,-15.819999999999993,,,519.2232199999999,-6.849999999999994
2026-06-03 14:15:00+00:00,2026-06-03 16:15:00+02:00,2026-06-03,16,15,1,2,6,43.89,54.55,,3.0899999999999976,-7.510000000000005,,,450.4997599999988,-10.659999999999997
2026-06-03 14:30:00+00:00,2026-06-03 16:30:00+02:00,2026-06-03,16,30,2,2,6,55.17,84.14,,-1.8949999999999996,-2.969999999999999,,,358.6220699999976,-28.97
2026-06-03 14:45:00+00:00,2026-06-03 16:45:00+02:00,2026-06-03,16,45,3,2,6,91.47,107.76,,2.2650000000000023,-0.5499999999999972,,,259.4397300000019,-16.290000000000006
2026-06-03 15:00:00+00:00,2026-06-03 17:00:00+02:00,2026-06-03,17,0,0,2,6,70.03,67.87,,-3.4150000000000063,-5.280000000000001,,,175.76310999999623,2.1599999999999966
2026-06-03 15:15:00+00:00,2026-06-03 17:15:00+02:00,2026-06-03,17,15,1,2,6,79.84,95.07,,-4.465,2.760000000000005,,,155.4525700000013,-15.22999999999999
2026-06-03 15:30:00+00:00,2026-06-03 17:30:00+02:00,2026-06-03,17,30,2,2,6,90.02,106.37,,-2.305000000000007,-1.420000000000016,,,144.82916000000841,-16.35000000000001
2026-06-03 15:45:00+00:00,2026-06-03 17:45:00+02:00,2026-06-03,17,45,3,2,6,110.19,117.41,,-3.8449999999999847,-7.119999999999976,,,125.53422000000137,-7.219999999999999
2026-06-03 16:00:00+00:00,2026-06-03 18:00:00+02:00,2026-06-03,18,0,0,2,6,107.06,103.26,,-1.0150000000000077,-5.75,,,124.87522999999783,3.799999999999997
2026-06-03 16:15:00+00:00,2026-06-03 18:15:00+02:00,2026-06-03,18,15,1,2,6,118.51,124.99,,-5.6399999999999935,1.5,,,123.35805999999866,-6.47999999999999
2026-06-03 16:30:00+00:00,2026-06-03 18:30:00+02:00,2026-06-03,18,30,2,2,6,122.31,130.81,,-1.3649999999999949,3.280000000000001,,,131.82511999999406,-8.5
2026-06-03 16:45:00+00:00,2026-06-03 18:45:00+02:00,2026-06-03,18,45,3,2,6,140.88,150.9,,-7.340000000000003,-7.050000000000011,,,157.6359200000079,-10.02000000000001
2026-06-03 17:00:00+00:00,2026-06-03 19:00:00+02:00,2026-06-03,19,0,0,2,6,122.95,132.76,,-5.214999999999996,-2.219999999999999,,,184.09947999999713,-9.809999999999988
2026-06-03 17:15:00+00:00,2026-06-03 19:15:00+02:00,2026-06-03,19,15,1,2,6,137.81,146.82,,-7.980000000000004,-6.969999999999999,,,-3.3250499999994645,-9.009999999999991
2026-06-03 17:30:00+00:00,2026-06-03 19:30:00+02:00,2026-06-03,19,30,2,2,6,144.68,141.58,,-16.52000000000001,-8.689999999999998,,,-164.2308699999994,3.0999999999999943
2026-06-03 17:45:00+00:00,2026-06-03 19:45:00+02:00,2026-06-03,19,45,3,2,6,164.99,175.0,,-15.504999999999995,-38.91999999999999,,,-143.23801999999705,-10.009999999999991
2026-06-03 18:00:00+00:00,2026-06-03 20:00:00+02:00,2026-06-03,20,0,0,2,6,146.23,152.9,,-12.545000000000016,-5.8700000000000045,,,-119.11877999999706,-6.670000000000016
2026-06-03 18:15:00+00:00,2026-06-03 20:15:00+02:00,2026-06-03,20,15,1,2,6,147.1,154.91,,-12.084999999999994,-21.359999999999985,,,-108.93666000000667,-7.810000000000002
2026-06-03 18:30:00+00:00,2026-06-03 20:30:00+02:00,2026-06-03,20,30,2,2,6,151.4,145.29,,-7.724999999999994,-5.349999999999994,,,-102.08019000000058,6.110000000000014
2026-06-03 18:45:00+00:00,2026-06-03 20:45:00+02:00,2026-06-03,20,45,3,2,6,147.9,162.09,,-29.495000000000005,-37.84,,,-129.18878000000404,-14.189999999999998
2026-06-03 19:00:00+00:00,2026-06-03 21:00:00+02:00,2026-06-03,21,0,0,2,6,151.53,160.52,,-9.844999999999999,-19.47999999999999,,,-130.64188999999897,-8.990000000000009
2026-06-03 19:15:00+00:00,2026-06-03 21:15:00+02:00,2026-06-03,21,15,1,2,6,143.84,150.01,,-19.909999999999997,-15.629999999999995,,,-128.0034799999994,-6.1699999999999875
2026-06-03 19:30:00+00:00,2026-06-03 21:30:00+02:00,2026-06-03,21,30,2,2,6,134.36,143.11,,-11.89500000000001,-24.180000000000007,,,-140.7552599999981,-8.75
2026-06-03 19:45:00+00:00,2026-06-03 21:45:00+02:00,2026-06-03,21,45,3,2,6,115.95,132.75,,-14.695000000000007,-21.939999999999998,,,-165.69266999999672,-16.799999999999997
2026-06-03 20:00:00+00:00,2026-06-03 22:00:00+02:00,2026-06-03,22,0,0,2,6,135.5,139.12,,-3.469999999999999,-18.07000000000002,,,-185.2031500000012,-3.6200000000000045
2026-06-03 20:15:00+00:00,2026-06-03 22:15:00+02:00,2026-06-03,22,15,1,2,6,125.83,127.45,,-5.050000000000011,-8.689999999999998,,,-194.94392000000516,-1.6200000000000045
2026-06-03 20:30:00+00:00,2026-06-03 22:30:00+02:00,2026-06-03,22,30,2,2,6,91.04,117.73,,-3.694999999999993,-6.449999999999989,,,-71.16545999999653,-26.689999999999998
2026-06-03 20:45:00+00:00,2026-06-03 22:45:00+02:00,2026-06-03,22,45,3,2,6,95.5,111.2,,-4.815000000000012,2.280000000000001,,,-44.57658000000083,-15.700000000000003
2026-06-03 21:00:00+00:00,2026-06-03 23:00:00+02:00,2026-06-03,23,0,0,2,6,86.69,115.97,,1.6999999999999886,-4.159999999999997,,,-15.086000000002969,-29.28
2026-06-03 21:15:00+00:00,2026-06-03 23:15:00+02:00,2026-06-03,23,15,1,2,6,109.5,108.8,,1.0300000000000011,1.1599999999999966,,,6.935590000000957,0.7000000000000028
2026-06-03 21:30:00+00:00,2026-06-03 23:30:00+02:00,2026-06-03,23,30,2,2,6,108.63,100.3,,-1.5450000000000017,-9.209999999999994,,,33.98214999999618,8.329999999999998
2026-06-03 21:45:00+00:00,2026-06-03 23:45:00+02:00,2026-06-03,23,45,3,2,6,92.78,82.41,,-1.2100000000000009,-0.14000000000000057,,,62.251750000003085,10.370000000000005
2026-06-03 22:00:00+00:00,2026-06-04 00:00:00+02:00,2026-06-04,0,0,0,3,6,80.45,100.55,,-6.179999999999978,4.200000000000003,,,59.658909999998286,-20.099999999999994
2026-06-03 22:15:00+00:00,2026-06-04 00:15:00+02:00,2026-06-04,0,15,1,3,6,68.51,90.2,,-0.22999999999998977,8.0,,,56.31900999999925,-21.689999999999998
2026-06-03 22:30:00+00:00,2026-06-04 00:30:00+02:00,2026-06-04,0,30,2,3,6,58.22,84.99,,-0.9399999999999977,7.329999999999998,,,62.08002000000124,-26.769999999999996
2026-06-03 22:45:00+00:00,2026-06-04 00:45:00+02:00,2026-06-04,0,45,3,3,6,40.82,79.99,,-1.1999999999999886,13.560000000000002,,,22.89760000000024,-39.169999999999995
2026-06-03 23:00:00+00:00,2026-06-04 01:00:00+02:00,2026-06-04,1,0,0,3,6,63.42,80.46,,3.339999999999975,5.989999999999995,,,165.60431999999855,-17.039999999999992
2026-06-03 23:15:00+00:00,2026-06-04 01:15:00+02:00,2026-06-04,1,15,1,3,6,58.33,79.81,,2.030000000000001,10.680000000000007,,,161.11153000000195,-21.480000000000004
2026-06-03 23:30:00+00:00,2026-06-04 01:30:00+02:00,2026-06-04,1,30,2,3,6,43.03,73.25,,-1.519999999999996,8.040000000000006,,,261.39308000000165,-30.22
2026-06-03 23:45:00+00:00,2026-06-04 01:45:00+02:00,2026-06-04,1,45,3,3,6,38.02,69.09,,-3.010000000000005,7.61999999999999,,,324.74667999999656,-31.07
2026-06-04 00:00:00+00:00,2026-06-04 02:00:00+02:00,2026-06-04,2,0,0,3,6,42.02,69.99,,0.18000000000000682,13.689999999999998,,,315.55918000000383,-27.96999999999999
2026-06-04 00:15:00+00:00,2026-06-04 02:15:00+02:00,2026-06-04,2,15,1,3,6,43.49,68.7,,0.0800000000000125,9.879999999999995,,,379.3684399999984,-25.21
2026-06-04 00:30:00+00:00,2026-06-04 02:30:00+02:00,2026-06-04,2,30,2,3,6,38.02,63.57,,0.09000000000000341,8.61999999999999,,,399.46886999999697,-25.549999999999997
2026-06-04 00:45:00+00:00,2026-06-04 02:45:00+02:00,2026-06-04,2,45,3,3,6,33.11,65.83,,0.4000000000000057,12.11,,,384.9175800000012,-32.72
2026-06-04 01:00:00+00:00,2026-06-04 03:00:00+02:00,2026-06-04,3,0,0,3,6,39.47,66.4,,-1.3400000000000034,9.11,,,157.41215999999986,-26.930000000000007
2026-06-04 01:15:00+00:00,2026-06-04 03:15:00+02:00,2026-06-04,3,15,1,3,6,36.01,65.0,,3.769999999999996,8.790000000000006,,,146.35570000000007,-28.990000000000002
2026-06-04 01:30:00+00:00,2026-06-04 03:30:00+02:00,2026-06-04,3,30,2,3,6,35.02,66.98,,-1.0900000000000034,5.47999999999999,,,107.13716999999451,-31.96
2026-06-04 01:45:00+00:00,2026-06-04 03:45:00+02:00,2026-06-04,3,45,3,3,6,35.33,68.69,,-1.5100000000000051,5.3799999999999955,,,82.18411999999807,-33.36
2026-06-04 02:00:00+00:00,2026-06-04 04:00:00+02:00,2026-06-04,4,0,0,3,6,37.01,66.49,,0.2599999999999909,7.759999999999991,,,22.155009999994945,-29.479999999999997
2026-06-04 02:15:00+00:00,2026-06-04 04:15:00+02:00,2026-06-04,4,15,1,3,6,35.01,66.2,,3.0800000000000125,9.819999999999993,,,-39.127809999998135,-31.190000000000005
2026-06-04 02:30:00+00:00,2026-06-04 04:30:00+02:00,2026-06-04,4,30,2,3,6,33.4,66.17,,0.09999999999999432,14.539999999999992,,,-80.82851999999548,-32.77
2026-06-04 02:45:00+00:00,2026-06-04 04:45:00+02:00,2026-06-04,4,45,3,3,6,38.01,70.0,,-0.009999999999990905,12.629999999999995,,,-70.62234999999782,-31.990000000000002
2026-06-04 03:00:00+00:00,2026-06-04 05:00:00+02:00,2026-06-04,5,0,0,3,6,26.43,64.12,,1.2299999999999898,7.459999999999994,,,-19.74648000000161,-37.690000000000005
2026-06-04 03:15:00+00:00,2026-06-04 05:15:00+02:00,2026-06-04,5,15,1,3,6,28.23,68.59,,1.2800000000000011,11.149999999999991,,,-15.93949000000066,-40.36
2026-06-04 03:30:00+00:00,2026-06-04 05:30:00+02:00,2026-06-04,5,30,2,3,6,28.82,73.07,,1.6099999999999994,9.040000000000006,,,-38.37317999999868,-44.24999999999999
2026-06-04 03:45:00+00:00,2026-06-04 05:45:00+02:00,2026-06-04,5,45,3,3,6,33.01,72.0,,0.19999999999998863,5.090000000000003,,,-120.56547999999748,-38.99
2026-06-04 04:00:00+00:00,2026-06-04 06:00:00+02:00,2026-06-04,6,0,0,3,6,43.14,80.0,,-0.8400000000000034,4.930000000000007,,,113.92837000000145,-36.86
2026-06-04 04:15:00+00:00,2026-06-04 06:15:00+02:00,2026-06-04,6,15,1,3,6,49.14,85.09,,-5.109999999999999,7.650000000000006,,,55.09180999999808,-35.95
2026-06-04 04:30:00+00:00,2026-06-04 06:30:00+02:00,2026-06-04,6,30,2,3,6,51.43,74.77,,-0.5999999999999943,6.680000000000007,,,-52.70191000000341,-23.339999999999996
2026-06-04 04:45:00+00:00,2026-06-04 06:45:00+02:00,2026-06-04,6,45,3,3,6,52.29,88.47,,-4.530000000000001,2.75,,,-103.23746999999639,-36.18
2026-06-04 05:00:00+00:00,2026-06-04 07:00:00+02:00,2026-06-04,7,0,0,3,6,72.92,89.02,,-0.1699999999999875,14.560000000000002,,,-231.28756999999678,-16.099999999999994
2026-06-04 05:15:00+00:00,2026-06-04 07:15:00+02:00,2026-06-04,7,15,1,3,6,68.0,79.26,,-2.0800000000000125,9.01000000000002,,,-293.3932400000049,-11.260000000000005
2026-06-04 05:30:00+00:00,2026-06-04 07:30:00+02:00,2026-06-04,7,30,2,3,6,62.34,76.4,,-2.2299999999999898,3.1699999999999875,,,-152.07395000000542,-14.060000000000002
2026-06-04 05:45:00+00:00,2026-06-04 07:45:00+02:00,2026-06-04,7,45,3,3,6,55.33,78.73,,-2.280000000000001,3.0600000000000023,,,-44.43768999999884,-23.400000000000006
2026-06-04 06:00:00+00:00,2026-06-04 08:00:00+02:00,2026-06-04,8,0,0,3,6,79.99,102.37,,-2.5,14.02000000000001,,,216.02812000000267,-22.38000000000001
2026-06-04 06:15:00+00:00,2026-06-04 08:15:00+02:00,2026-06-04,8,15,1,3,6,63.69,70.01,,1.7999999999999972,10.990000000000009,,,282.45904000000155,-6.320000000000007
2026-06-04 06:30:00+00:00,2026-06-04 08:30:00+02:00,2026-06-04,8,30,2,3,6,54.37,60.27,,1.4200000000000017,12.800000000000011,,,303.6382799999992,-5.900000000000006
2026-06-04 06:45:00+00:00,2026-06-04 08:45:00+02:00,2026-06-04,8,45,3,3,6,26.18,45.82,,-0.06999999999999318,6.099999999999994,,,283.38182999999844,-19.64
2026-06-04 07:00:00+00:00,2026-06-04 09:00:00+02:00,2026-06-04,9,0,0,3,6,50.24,49.99,,-7.320000000000007,-10.250000000000014,,,290.77874000000884,0.25
2026-06-04 07:15:00+00:00,2026-06-04 09:15:00+02:00,2026-06-04,9,15,1,3,6,21.95,34.99,,-7.439999999999998,8.760000000000005,,,168.8122000000003,-13.040000000000003
2026-06-04 07:30:00+00:00,2026-06-04 09:30:00+02:00,2026-06-04,9,30,2,3,6,7.73,20.54,,4.920000000000002,4.920000000000002,,,25.990090000006603,-12.809999999999999
2026-06-04 07:45:00+00:00,2026-06-04 09:45:00+02:00,2026-06-04,9,45,3,3,6,0.84,9.76,,-3.200000000000003,4.740000000000009,,,-152.82852000000275,-8.92
2026-06-04 08:00:00+00:00,2026-06-04 10:00:00+02:00,2026-06-04,10,0,0,3,6,12.97,14.14,,-1.8000000000000007,3.8100000000000023,,,-303.028449999998,-1.17
2026-06-04 08:15:00+00:00,2026-06-04 10:15:00+02:00,2026-06-04,10,15,1,3,6,-0.02,5.0,,-1.6199999999999997,-5.030000000000001,,,-315.78259999999864,-5.02
2026-06-04 08:30:00+00:00,2026-06-04 10:30:00+02:00,2026-06-04,10,30,2,3,6,-6.0,0.02,,-2.05,16.0,,,-228.98309000000154,-6.02
2026-06-04 08:45:00+00:00,2026-06-04 10:45:00+02:00,2026-06-04,10,45,3,3,6,-9.97,0.0,,-0.01,20.650000000000006,,,-103.30693999999494,-9.97
2026-06-04 09:00:00+00:00,2026-06-04 11:00:00+02:00,2026-06-04,11,0,0,3,6,-0.5,4.26,,-4.029999999999987,-5.930000000000007,,,-89.07544000000053,-4.76
2026-06-04 09:15:00+00:00,2026-06-04 11:15:00+02:00,2026-06-04,11,15,1,3,6,-6.0,1.75,,-3.3299999999999996,25.22,,,-90.52068999999756,-7.75
2026-06-04 09:30:00+00:00,2026-06-04 11:30:00+02:00,2026-06-04,11,30,2,3,6,-4.72,0.46,,0.8,46.61,,,12.149949999991804,-5.18
2026-06-04 09:45:00+00:00,2026-06-04 11:45:00+02:00,2026-06-04,11,45,3,3,6,2.32,-0.01,,6.3,39.50999999999999,,,152.18931000000157,2.3299999999999996
2026-06-04 10:00:00+00:00,2026-06-04 12:00:00+02:00,2026-06-04,12,0,0,3,6,0.0,5.6,,-4.31,42.650000000000006,,,90.4974000000002,-5.6
2026-06-04 10:15:00+00:00,2026-06-04 12:15:00+02:00,2026-06-04,12,15,1,3,6,-0.01,-1.82,,2.799999999999997,34.07,,,-11.992379999996047,1.81
2026-06-04 10:30:00+00:00,2026-06-04 12:30:00+02:00,2026-06-04,12,30,2,3,6,0.0,2.5,,3.35,-1.759999999999998,,,-29.616439999997965,-2.5
2026-06-04 10:45:00+00:00,2026-06-04 12:45:00+02:00,2026-06-04,12,45,3,3,6,4.99,-3.4,,5.300000000000001,21.959999999999997,,,-38.25658000000112,8.39
2026-06-04 11:00:00+00:00,2026-06-04 13:00:00+02:00,2026-06-04,13,0,0,3,6,5.0,0.4,,1.0999999999999996,1.769999999999996,,,-5.262890000005427,4.6
2026-06-04 11:15:00+00:00,2026-06-04 13:15:00+02:00,2026-06-04,13,15,1,3,6,3.07,-0.05,,1.9300000000000068,5.350000000000001,,,-6.586610000005749,3.1199999999999997
2026-06-04 11:30:00+00:00,2026-06-04 13:30:00+02:00,2026-06-04,13,30,2,3,6,1.99,0.5,,-3.03,0.0899999999999963,,,160.5631799999901,1.49
2026-06-04 11:45:00+00:00,2026-06-04 13:45:00+02:00,2026-06-04,13,45,3,3,6,4.94,-0.08,,-3.07,7.670000000000002,,,313.8429000000033,5.0200000000000005
2026-06-04 12:00:00+00:00,2026-06-04 14:00:00+02:00,2026-06-04,14,0,0,3,6,3.95,-5.01,,-1.4499999999999993,-1.4499999999999993,,,786.7682599999971,8.96
2026-06-04 12:15:00+00:00,2026-06-04 14:15:00+02:00,2026-06-04,14,15,1,3,6,3.0,-0.01,,-1.65,-3.020000000000003,,,894.0105999999942,3.01
2026-06-04 12:30:00+00:00,2026-06-04 14:30:00+02:00,2026-06-04,14,30,2,3,6,6.37,-0.04,,-2.6399999999999997,-5.350000000000001,,,896.1760700000013,6.41
2026-06-04 12:45:00+00:00,2026-06-04 14:45:00+02:00,2026-06-04,14,45,3,3,6,3.99,-0.01,,-3.99,-12.71,,,847.5172700000039,4.0
2026-06-04 13:00:00+00:00,2026-06-04 15:00:00+02:00,2026-06-04,15,0,0,3,6,4.0,-3.89,,6.859999999999999,-28.59,,,803.7209799999982,7.890000000000001
2026-06-04 13:15:00+00:00,2026-06-04 15:15:00+02:00,2026-06-04,15,15,1,3,6,3.99,0.0,,-2.4,-25.810000000000002,,,737.4800299999988,3.99
2026-06-04 13:30:00+00:00,2026-06-04 15:30:00+02:00,2026-06-04,15,30,2,3,6,6.43,11.8,,-2.519999999999996,-17.98,,,667.110090000002,-5.370000000000001
2026-06-04 13:45:00+00:00,2026-06-04 15:45:00+02:00,2026-06-04,15,45,3,3,6,9.51,6.45,,-7.54,-36.3,,,597.4316099999924,3.0599999999999996
2026-06-04 14:00:00+00:00,2026-06-04 16:00:00+02:00,2026-06-04,16,0,0,3,6,10.39,6.3,,3.91,-6.849999999999994,,,519.2232199999999,4.090000000000001
2026-06-04 14:15:00+00:00,2026-06-04 16:15:00+02:00,2026-06-04,16,15,1,3,6,17.31,14.67,,-0.44999999999999996,-10.659999999999997,,,450.4997599999988,2.639999999999999
2026-06-04 14:30:00+00:00,2026-06-04 16:30:00+02:00,2026-06-04,16,30,2,3,6,34.25,34.98,,-2.969999999999999,-28.97,,,358.6220699999976,-0.7299999999999969
2026-06-04 14:45:00+00:00,2026-06-04 16:45:00+02:00,2026-06-04,16,45,3,3,6,50.89,24.99,,-0.5499999999999972,-16.290000000000006,,,259.4397300000019,25.900000000000002
2026-06-04 15:00:00+00:00,2026-06-04 17:00:00+02:00,2026-06-04,17,0,0,3,6,21.05,37.06,,-1.5500000000000114,2.1599999999999966,,,175.76310999999623,-16.01
2026-06-04 15:15:00+00:00,2026-06-04 17:15:00+02:00,2026-06-04,17,15,1,3,6,28.03,62.0,,-5.560000000000002,-15.22999999999999,,,155.4525700000013,-33.97
2026-06-04 15:30:00+00:00,2026-06-04 17:30:00+02:00,2026-06-04,17,30,2,3,6,65.63,84.13,,-3.1899999999999977,-16.35000000000001,,,118.30767000000196,-18.5
2026-06-04 15:45:00+00:00,2026-06-04 17:45:00+02:00,2026-06-04,17,45,3,3,6,87.48,98.73,,-7.119999999999976,-7.219999999999999,,,-1.4671899999993911,-11.25
2026-06-04 16:00:00+00:00,2026-06-04 18:00:00+02:00,2026-06-04,18,0,0,3,6,69.39,74.4,,3.259999999999991,3.799999999999997,,,-35.53418000000238,-5.010000000000005
2026-06-04 16:15:00+00:00,2026-06-04 18:15:00+02:00,2026-06-04,18,15,1,3,6,80.24,91.71,,-6.47999999999999,-6.47999999999999,,,-68.84182999999757,-11.469999999999999
2026-06-04 16:30:00+00:00,2026-06-04 18:30:00+02:00,2026-06-04,18,30,2,3,6,92.89,102.14,,-4.050000000000011,-8.5,,,-97.79024000000209,-9.25
2026-06-04 16:45:00+00:00,2026-06-04 18:45:00+02:00,2026-06-04,18,45,3,3,6,104.1,117.29,,-7.6299999999999955,-10.02000000000001,,,-132.76087999999436,-13.190000000000012
2026-06-04 17:00:00+00:00,2026-06-04 19:00:00+02:00,2026-06-04,19,0,0,3,6,95.04,110.05,,-8.209999999999994,-9.809999999999988,,,-158.15847999999824,-15.009999999999991
2026-06-04 17:15:00+00:00,2026-06-04 19:15:00+02:00,2026-06-04,19,15,1,3,6,101.23,110.54,,-8.990000000000009,-9.009999999999991,,,-173.68134999999893,-9.310000000000002
2026-06-04 17:30:00+00:00,2026-06-04 19:30:00+02:00,2026-06-04,19,30,2,3,6,110.81,113.1,,-15.110000000000014,3.0999999999999943,,,-292.827870000001,-2.289999999999992
2026-06-04 17:45:00+00:00,2026-06-04 19:45:00+02:00,2026-06-04,19,45,3,3,6,118.16,117.72,,-10.009999999999991,-10.009999999999991,,,-580.2411199999915,0.4399999999999977
2026-06-04 18:00:00+00:00,2026-06-04 20:00:00+02:00,2026-06-04,20,0,0,3,6,111.7,114.27,,-6.670000000000016,-6.670000000000016,,,-740.8486600000033,-2.569999999999993
2026-06-04 18:15:00+00:00,2026-06-04 20:15:00+02:00,2026-06-04,20,15,1,3,6,118.14,112.21,,-7.810000000000002,-7.810000000000002,,,-820.8472600000023,5.930000000000007
2026-06-04 18:30:00+00:00,2026-06-04 20:30:00+02:00,2026-06-04,20,30,2,3,6,118.59,117.0,,-5.349999999999994,6.110000000000014,,,-775.7566299999962,1.5900000000000034
2026-06-04 18:45:00+00:00,2026-06-04 20:45:00+02:00,2026-06-04,20,45,3,3,6,118.68,121.3,,-21.150000000000006,-14.189999999999998,,,-731.5436400000035,-2.6199999999999903
2026-06-04 19:00:00+00:00,2026-06-04 21:00:00+02:00,2026-06-04,21,0,0,3,6,115.86,115.92,,-8.990000000000009,-8.990000000000009,,,-656.2445799999987,-0.060000000000002274
2026-06-04 19:15:00+00:00,2026-06-04 21:15:00+02:00,2026-06-04,21,15,1,3,6,113.15,114.35,,-15.629999999999995,-6.1699999999999875,,,-561.751400000001,-1.1999999999999886
2026-06-04 19:30:00+00:00,2026-06-04 21:30:00+02:00,2026-06-04,21,30,2,3,6,115.94,111.23,,-8.75,-8.75,,,-457.7416799999992,4.709999999999994
2026-06-04 19:45:00+00:00,2026-06-04 21:45:00+02:00,2026-06-04,21,45,3,3,6,106.78,101.88,,-16.799999999999997,-16.799999999999997,,,-363.5520200000028,4.900000000000006
2026-06-04 20:00:00+00:00,2026-06-04 22:00:00+02:00,2026-06-04,22,0,0,3,6,119.77,116.0,,-3.6200000000000045,-3.6200000000000045,,,-280.4658599999966,3.769999999999996
2026-06-04 20:15:00+00:00,2026-06-04 22:15:00+02:00,2026-06-04,22,15,1,3,6,115.93,108.9,,-1.6200000000000045,-1.6200000000000045,,,-210.7560900000026,7.030000000000001
2026-06-04 20:30:00+00:00,2026-06-04 22:30:00+02:00,2026-06-04,22,30,2,3,6,110.88,102.75,,-6.449999999999989,-26.689999999999998,,,-141.74693000000116,8.129999999999995
2026-06-04 20:45:00+00:00,2026-06-04 22:45:00+02:00,2026-06-04,22,45,3,3,6,102.07,97.56,,-6.450000000000017,-15.700000000000003,,,-85.68820000000414,4.509999999999991
2026-06-04 21:00:00+00:00,2026-06-04 23:00:00+02:00,2026-06-04,23,0,0,3,6,100.36,95.0,,0.07999999999998408,-29.28,,,-43.85179000000062,5.359999999999999
2026-06-04 21:15:00+00:00,2026-06-04 23:15:00+02:00,2026-06-04,23,15,1,3,6,100.0,91.54,,0.9000000000000057,0.7000000000000028,,,-49.01734999999462,8.459999999999994
2026-06-04 21:30:00+00:00,2026-06-04 23:30:00+02:00,2026-06-04,23,30,2,3,6,90.24,99.31,,-0.18999999999999773,8.329999999999998,,,-60.96166000000085,-9.070000000000007
2026-06-04 21:45:00+00:00,2026-06-04 23:45:00+02:00,2026-06-04,23,45,3,3,6,87.75,90.21,,-0.14000000000000057,10.370000000000005,,,-71.64538000000175,-2.4599999999999937
2026-06-04 22:00:00+00:00,2026-06-05 00:00:00+02:00,2026-06-05,0,0,0,4,6,123.74,93.68,,-6.3799999999999955,-20.099999999999994,,,59.658909999998286,30.059999999999988
2026-06-04 22:15:00+00:00,2026-06-05 00:15:00+02:00,2026-06-05,0,15,1,4,6,109.5,80.73,,-2.0250000000000057,-21.689999999999998,,,56.31900999999925,28.769999999999996
2026-06-04 22:30:00+00:00,2026-06-05 00:30:00+02:00,2026-06-05,0,30,2,4,6,105.64,78.88,,-2.3100000000000023,-26.769999999999996,,,62.08002000000124,26.760000000000005
2026-06-04 22:45:00+00:00,2026-06-05 00:45:00+02:00,2026-06-05,0,45,3,4,6,98.14,74.99,,-2.8900000000000006,-39.169999999999995,,,22.89760000000024,23.150000000000006
2026-06-04 23:00:00+00:00,2026-06-05 01:00:00+02:00,2026-06-05,1,0,0,4,6,106.32,82.11,,1.2649999999999864,-17.039999999999992,,,165.60431999999855,24.209999999999994
2026-06-04 23:15:00+00:00,2026-06-05 01:15:00+02:00,2026-06-05,1,15,1,4,6,105.99,79.21,,0.6149999999999949,-21.480000000000004,,,161.11153000000195,26.78
2026-06-04 23:30:00+00:00,2026-06-05 01:30:00+02:00,2026-06-05,1,30,2,4,6,104.99,73.97,,-1.6899999999999906,-30.22,,,261.39308000000165,31.019999999999996
2026-06-04 23:45:00+00:00,2026-06-05 01:45:00+02:00,2026-06-05,1,45,3,4,6,103.91,75.0,,-5.57,-31.07,,,324.74667999999656,28.909999999999997
2026-06-05 00:00:00+00:00,2026-06-05 02:00:00+02:00,2026-06-05,2,0,0,4,6,104.27,72.4,,0.1250000000000142,-27.96999999999999,,,315.55918000000383,31.86999999999999
2026-06-05 00:15:00+00:00,2026-06-05 02:15:00+02:00,2026-06-05,2,15,1,4,6,97.23,71.54,,-0.3749999999999929,-25.21,,,379.3684399999984,25.689999999999998
2026-06-05 00:30:00+00:00,2026-06-05 02:30:00+02:00,2026-06-05,2,30,2,4,6,106.41,86.5,,-0.9699999999999989,-25.549999999999997,,,399.46886999999697,19.909999999999997
2026-06-05 00:45:00+00:00,2026-06-05 02:45:00+02:00,2026-06-05,2,45,3,4,6,106.62,91.39,,-1.414999999999992,-32.72,,,384.9175800000012,15.230000000000004
2026-06-05 01:00:00+00:00,2026-06-05 03:00:00+02:00,2026-06-05,3,0,0,4,6,105.94,72.2,,-2.1600000000000037,-26.930000000000007,,,157.41215999999986,33.739999999999995
2026-06-05 01:15:00+00:00,2026-06-05 03:15:00+02:00,2026-06-05,3,15,1,4,6,102.92,75.0,,0.36999999999999744,-28.990000000000002,,,146.35570000000007,27.92
2026-06-05 01:30:00+00:00,2026-06-05 03:30:00+02:00,2026-06-05,3,30,2,4,6,104.94,82.8,,-1.4550000000000054,-31.96,,,107.13716999999451,22.14
2026-06-05 01:45:00+00:00,2026-06-05 03:45:00+02:00,2026-06-05,3,45,3,4,6,108.2,76.81,,-1.5850000000000009,-33.36,,,82.18411999999807,31.39
2026-06-05 02:00:00+00:00,2026-06-05 04:00:00+02:00,2026-06-05,4,0,0,4,6,105.25,80.9,,-2.0600000000000023,-29.479999999999997,,,22.155009999994945,24.349999999999994
2026-06-05 02:15:00+00:00,2026-06-05 04:15:00+02:00,2026-06-05,4,15,1,4,6,105.97,86.8,,1.4400000000000048,-31.190000000000005,,,-39.127809999998135,19.17
2026-06-05 02:30:00+00:00,2026-06-05 04:30:00+02:00,2026-06-05,4,30,2,4,6,109.99,91.81,,-0.980000000000004,-32.77,,,-80.82851999999548,18.179999999999993
2026-06-05 02:45:00+00:00,2026-06-05 04:45:00+02:00,2026-06-05,4,45,3,4,6,114.26,99.82,,-0.014999999999993463,-31.990000000000002,,,-70.62234999999782,14.440000000000012
2026-06-05 03:00:00+00:00,2026-06-05 05:00:00+02:00,2026-06-05,5,0,0,4,6,106.26,89.99,,-0.5550000000000068,-37.690000000000005,,,-19.74648000000161,16.27000000000001
2026-06-05 03:15:00+00:00,2026-06-05 05:15:00+02:00,2026-06-05,5,15,1,4,6,107.58,93.1,,0.7250000000000014,-40.36,,,9.041949999998906,14.480000000000004
2026-06-05 03:30:00+00:00,2026-06-05 05:30:00+02:00,2026-06-05,5,30,2,4,6,111.66,94.2,,0.4299999999999997,-44.24999999999999,,,-38.37317999999868,17.459999999999994
2026-06-05 03:45:00+00:00,2026-06-05 05:45:00+02:00,2026-06-05,5,45,3,4,6,125.07,108.53,,0.1699999999999875,-38.99,,,-120.56547999999748,16.539999999999992
2026-06-05 04:00:00+00:00,2026-06-05 06:00:00+02:00,2026-06-05,6,0,0,4,6,122.66,114.19,,-1.0350000000000037,-36.86,,,127.29965000000084,8.469999999999999
2026-06-05 04:15:00+00:00,2026-06-05 06:15:00+02:00,2026-06-05,6,15,1,4,6,121.47,113.08,,-6.82,-35.95,,,115.8715499999962,8.39
2026-06-05 04:30:00+00:00,2026-06-05 06:30:00+02:00,2026-06-05,6,30,2,4,6,124.67,117.7,,-2.5,-23.339999999999996,,,-13.207590000001801,6.969999999999999
2026-06-05 04:45:00+00:00,2026-06-05 06:45:00+02:00,2026-06-05,6,45,3,4,6,123.16,115.12,,-6.079999999999998,-36.18,,,156.9007399999973,8.039999999999992
2026-06-05 05:00:00+00:00,2026-06-05 07:00:00+02:00,2026-06-05,7,0,0,4,6,131.66,126.11,,-1.1599999999999966,-16.099999999999994,,,203.96515999999974,5.549999999999997
2026-06-05 05:15:00+00:00,2026-06-05 07:15:00+02:00,2026-06-05,7,15,1,4,6,128.24,126.41,,-3.760000000000005,-11.260000000000005,,,242.7427699999971,1.8300000000000125
2026-06-05 05:30:00+00:00,2026-06-05 07:30:00+02:00,2026-06-05,7,30,2,4,6,123.06,115.0,,-2.4549999999999983,-14.060000000000002,,,192.89751999999862,8.060000000000002
2026-06-05 05:45:00+00:00,2026-06-05 07:45:00+02:00,2026-06-05,7,45,3,4,6,115.27,112.36,,-3.7650000000000006,-23.400000000000006,,,-86.64428999999654,2.9099999999999966
2026-06-05 06:00:00+00:00,2026-06-05 08:00:00+02:00,2026-06-05,8,0,0,4,6,127.73,121.68,,-4.535000000000011,-22.38000000000001,,,-214.27274000000034,6.049999999999997
2026-06-05 06:15:00+00:00,2026-06-05 08:15:00+02:00,2026-06-05,8,15,1,4,6,117.97,115.9,,-2.260000000000005,-6.320000000000007,,,-178.76747999999498,2.069999999999993
2026-06-05 06:30:00+00:00,2026-06-05 08:30:00+02:00,2026-06-05,8,30,2,4,6,116.67,110.0,,-2.240000000000002,-5.900000000000006,,,-250.6905900000056,6.670000000000002
2026-06-05 06:45:00+00:00,2026-06-05 08:45:00+02:00,2026-06-05,8,45,3,4,6,105.94,95.0,,-0.10999999999999943,-19.64,,,-91.64751000000979,10.939999999999998
2026-06-05 07:00:00+00:00,2026-06-05 09:00:00+02:00,2026-06-05,9,0,0,4,6,120.01,113.3,,-4.305000000000007,0.25,,,-24.394420000004175,6.710000000000008
2026-06-05 07:15:00+00:00,2026-06-05 09:15:00+02:00,2026-06-05,9,15,1,4,6,112.0,99.99,,-7.709999999999994,-13.040000000000003,,,91.98595000000205,12.010000000000005
2026-06-05 07:30:00+00:00,2026-06-05 09:30:00+02:00,2026-06-05,9,30,2,4,6,97.54,85.0,,1.6950000000000003,-12.809999999999999,,,25.990090000006603,12.540000000000006
2026-06-05 07:45:00+00:00,2026-06-05 09:45:00+02:00,2026-06-05,9,45,3,4,6,80.91,73.53,,-4.285000000000004,-8.92,,,-152.82852000000275,7.3799999999999955
2026-06-05 08:00:00+00:00,2026-06-05 10:00:00+02:00,2026-06-05,10,0,0,4,6,104.73,84.53,,-1.4850000000000003,-1.17,,,-303.028449999998,20.200000000000003
2026-06-05 08:15:00+00:00,2026-06-05 10:15:00+02:00,2026-06-05,10,15,1,4,6,88.97,65.0,,-2.95,-5.02,,,-315.78259999999864,23.97
2026-06-05 08:30:00+00:00,2026-06-05 10:30:00+02:00,2026-06-05,10,30,2,4,6,77.51,75.66,,-4.035,-6.02,,,-228.98309000000154,1.8500000000000085
2026-06-05 08:45:00+00:00,2026-06-05 10:45:00+02:00,2026-06-05,10,45,3,4,6,72.37,71.08,,-1.9899999999999993,-9.97,,,-103.30693999999494,1.2900000000000063
2026-06-05 09:00:00+00:00,2026-06-05 11:00:00+02:00,2026-06-05,11,0,0,4,6,84.88,81.91,,-4.394999999999993,-4.76,,,-26.14878999999928,2.969999999999999
2026-06-05 09:15:00+00:00,2026-06-05 11:15:00+02:00,2026-06-05,11,15,1,4,6,80.54,44.99,,-3.5149999999999997,-7.75,,,-10.4750800000038,35.550000000000004
2026-06-05 09:30:00+00:00,2026-06-05 11:30:00+02:00,2026-06-05,11,30,2,4,6,70.6,44.36,,-1.3049999999999997,-5.18,,,13.235389999994368,26.239999999999995
2026-06-05 09:45:00+00:00,2026-06-05 11:45:00+02:00,2026-06-05,11,45,3,4,6,65.57,35.0,,4.79,2.3299999999999996,,,152.18931000000157,30.569999999999993
2026-06-05 10:00:00+00:00,2026-06-05 12:00:00+02:00,2026-06-05,12,0,0,4,6,65.88,39.1,,-4.955,-5.6,,,253.25394000000233,26.779999999999994
2026-06-05 10:15:00+00:00,2026-06-05 12:15:00+02:00,2026-06-05,12,15,1,4,6,58.15,45.78,,2.304999999999999,1.81,,,251.91955000000598,12.369999999999997
2026-06-05 10:30:00+00:00,2026-06-05 12:30:00+02:00,2026-06-05,12,30,2,4,6,49.7,40.03,,0.795000000000001,-2.5,,,432.4822200000053,9.670000000000002
2026-06-05 10:45:00+00:00,2026-06-05 12:45:00+02:00,2026-06-05,12,45,3,4,6,43.7,26.5,,5.465,8.39,,,330.24406000000454,17.200000000000003
2026-06-05 11:00:00+00:00,2026-06-05 13:00:00+02:00,2026-06-05,13,0,0,4,6,43.58,27.0,,1.4349999999999978,4.6,,,190.97873999999138,16.58
2026-06-05 11:15:00+00:00,2026-06-05 13:15:00+02:00,2026-06-05,13,15,1,4,6,42.44,23.89,,2.525000000000003,3.1199999999999997,,,149.96406999999454,18.549999999999997
2026-06-05 11:30:00+00:00,2026-06-05 13:30:00+02:00,2026-06-05,13,30,2,4,6,39.66,33.73,,-1.4700000000000017,1.49,,,160.5631799999901,5.93
2026-06-05 11:45:00+00:00,2026-06-05 13:45:00+02:00,2026-06-05,13,45,3,4,6,31.05,24.59,,0.9750000000000003,5.0200000000000005,,,313.8429000000033,6.460000000000001
2026-06-05 12:00:00+00:00,2026-06-05 14:00:00+02:00,2026-06-05,14,0,0,4,6,29.96,25.47,,1.3350000000000004,8.96,,,786.7682599999971,4.490000000000002
2026-06-05 12:15:00+00:00,2026-06-05 14:15:00+02:00,2026-06-05,14,15,1,4,6,29.03,24.71,,0.6799999999999999,3.01,,,894.0105999999942,4.32
2026-06-05 12:30:00+00:00,2026-06-05 14:30:00+02:00,2026-06-05,14,30,2,4,6,31.65,18.0,,-0.36999999999999966,6.41,,,896.1760700000013,13.649999999999999
2026-06-05 12:45:00+00:00,2026-06-05 14:45:00+02:00,2026-06-05,14,45,3,4,6,34.97,31.39,,-2.2500000000000027,4.0,,,847.5172700000039,3.5799999999999983
2026-06-05 13:00:00+00:00,2026-06-05 15:00:00+02:00,2026-06-05,15,0,0,4,6,30.63,16.0,,7.35,7.890000000000001,,,803.7209799999982,14.629999999999999
2026-06-05 13:15:00+00:00,2026-06-05 15:15:00+02:00,2026-06-05,15,15,1,4,6,38.69,30.15,,0.06500000000000061,3.99,,,737.4800299999988,8.54
2026-06-05 13:30:00+00:00,2026-06-05 15:30:00+02:00,2026-06-05,15,30,2,4,6,45.83,44.96,,-3.9449999999999985,-5.370000000000001,,,667.110090000002,0.8699999999999974
2026-06-05 13:45:00+00:00,2026-06-05 15:45:00+02:00,2026-06-05,15,45,3,4,6,55.01,52.89,,-2.499999999999997,3.0599999999999996,,,597.4316099999924,2.1199999999999974
2026-06-05 14:00:00+00:00,2026-06-05 16:00:00+02:00,2026-06-05,16,0,0,4,6,50.0,45.97,,4.0,4.090000000000001,,,519.2232199999999,4.030000000000001
2026-06-05 14:15:00+00:00,2026-06-05 16:15:00+02:00,2026-06-05,16,15,1,4,6,63.68,61.26,,1.0949999999999993,2.639999999999999,,,450.4997599999988,2.4200000000000017
2026-06-05 14:30:00+00:00,2026-06-05 16:30:00+02:00,2026-06-05,16,30,2,4,6,79.22,65.1,,-1.8949999999999996,-0.7299999999999969,,,358.6220699999976,14.120000000000005
2026-06-05 14:45:00+00:00,2026-06-05 16:45:00+02:00,2026-06-05,16,45,3,4,6,89.1,103.56,,2.2650000000000023,25.900000000000002,,,259.4397300000019,-14.460000000000008
2026-06-05 15:00:00+00:00,2026-06-05 17:00:00+02:00,2026-06-05,17,0,0,4,6,77.08,72.27,,-3.4150000000000063,-16.01,,,175.76310999999623,4.810000000000002
2026-06-05 15:15:00+00:00,2026-06-05 17:15:00+02:00,2026-06-05,17,15,1,4,6,99.99,91.2,,-8.295000000000002,-33.97,,,155.4525700000013,8.789999999999992
2026-06-05 15:30:00+00:00,2026-06-05 17:30:00+02:00,2026-06-05,17,30,2,4,6,117.26,114.7,,-5.020000000000003,-18.5,,,118.30767000000196,2.5600000000000023
2026-06-05 15:45:00+00:00,2026-06-05 17:45:00+02:00,2026-06-05,17,45,3,4,6,131.0,132.59,,-7.1699999999999875,-11.25,,,-56.848320000004605,-1.5900000000000034
2026-06-05 16:00:00+00:00,2026-06-05 18:00:00+02:00,2026-06-05,18,0,0,4,6,105.76,109.99,,-0.8750000000000071,-5.010000000000005,,,-271.57908999999927,-4.22999999999999
2026-06-05 16:15:00+00:00,2026-06-05 18:15:00+02:00,2026-06-05,18,15,1,4,6,124.9,125.0,,-7.704999999999991,-11.469999999999999,,,-337.2561399999977,-0.09999999999999432
2026-06-05 16:30:00+00:00,2026-06-05 18:30:00+02:00,2026-06-05,18,30,2,4,6,137.5,149.41,,-6.275000000000006,-9.25,,,-413.2649600000004,-11.909999999999997
2026-06-05 16:45:00+00:00,2026-06-05 18:45:00+02:00,2026-06-05,18,45,3,4,6,155.39,168.4,,-8.825000000000003,-13.190000000000012,,,-493.84619999999995,-13.01000000000002
2026-06-05 17:00:00+00:00,2026-06-05 19:00:00+02:00,2026-06-05,19,0,0,4,6,130.88,133.65,,-9.009999999999991,-15.009999999999991,,,-460.2855100000015,-2.7700000000000102
2026-06-05 17:15:00+00:00,2026-06-05 19:15:00+02:00,2026-06-05,19,15,1,4,6,144.08,144.3,,-9.0,-9.310000000000002,,,-311.64501999999993,-0.21999999999999886
2026-06-05 17:30:00+00:00,2026-06-05 19:30:00+02:00,2026-06-05,19,30,2,4,6,155.99,158.07,,-11.900000000000006,-2.289999999999992,,,-292.827870000001,-2.079999999999984
2026-06-05 17:45:00+00:00,2026-06-05 19:45:00+02:00,2026-06-05,19,45,3,4,6,167.39,172.54,,-4.784999999999997,0.4399999999999977,,,-580.2411199999915,-5.150000000000006
2026-06-05 18:00:00+00:00,2026-06-05 20:00:00+02:00,2026-06-05,20,0,0,4,6,155.09,164.88,,-6.27000000000001,-2.569999999999993,,,-740.8486600000033,-9.789999999999992
2026-06-05 18:15:00+00:00,2026-06-05 20:15:00+02:00,2026-06-05,20,15,1,4,6,164.25,197.6,,-5.310000000000002,5.930000000000007,,,-820.8472600000023,-33.349999999999994
2026-06-05 18:30:00+00:00,2026-06-05 20:30:00+02:00,2026-06-05,20,30,2,4,6,174.66,189.02,,-3.3599999999999994,1.5900000000000034,,,-775.7566299999962,-14.360000000000014
2026-06-05 18:45:00+00:00,2026-06-05 20:45:00+02:00,2026-06-05,20,45,3,4,6,181.39,190.01,,-17.89500000000001,-2.6199999999999903,,,-731.5436400000035,-8.620000000000005
2026-06-05 19:00:00+00:00,2026-06-05 21:00:00+02:00,2026-06-05,21,0,0,4,6,187.02,194.72,,-5.8799999999999955,-0.060000000000002274,,,-656.2445799999987,-7.699999999999989
2026-06-05 19:15:00+00:00,2026-06-05 21:15:00+02:00,2026-06-05,21,15,1,4,6,182.99,192.47,,-11.739999999999995,-1.1999999999999886,,,-561.751400000001,-9.47999999999999
2026-06-05 19:30:00+00:00,2026-06-05 21:30:00+02:00,2026-06-05,21,30,2,4,6,177.13,214.98,,-7.780000000000001,4.709999999999994,,,-457.7416799999992,-37.849999999999994
2026-06-05 19:45:00+00:00,2026-06-05 21:45:00+02:00,2026-06-05,21,45,3,4,6,171.66,180.34,,-12.125000000000007,4.900000000000006,,,-363.5520200000028,-8.680000000000007
2026-06-05 20:00:00+00:00,2026-06-05 22:00:00+02:00,2026-06-05,22,0,0,4,6,181.27,185.0,,-3.3200000000000074,3.769999999999996,,,-395.24766000000454,-3.7299999999999898
2026-06-05 20:15:00+00:00,2026-06-05 22:15:00+02:00,2026-06-05,22,15,1,4,6,170.87,170.99,,-1.5150000000000148,7.030000000000001,,,-232.67573999999877,-0.12000000000000455
2026-06-05 20:30:00+00:00,2026-06-05 22:30:00+02:00,2026-06-05,22,30,2,4,6,161.23,161.35,,-3.694999999999993,8.129999999999995,,,-213.08956000000035,-0.12000000000000455
2026-06-05 20:45:00+00:00,2026-06-05 22:45:00+02:00,2026-06-05,22,45,3,4,6,151.19,158.73,,-4.815000000000012,4.509999999999991,,,-232.50854000000254,-7.539999999999992
2026-06-05 21:00:00+00:00,2026-06-05 23:00:00+02:00,2026-06-05,23,0,0,4,6,165.1,157.39,,1.6999999999999886,5.359999999999999,,,-231.96767000000182,7.710000000000008
2026-06-05 21:15:00+00:00,2026-06-05 23:15:00+02:00,2026-06-05,23,15,1,4,6,154.37,153.92,,1.0300000000000011,8.459999999999994,,,-189.60561000000234,0.45000000000001705
2026-06-05 21:30:00+00:00,2026-06-05 23:30:00+02:00,2026-06-05,23,30,2,4,6,150.64,148.58,,-1.5450000000000017,-9.070000000000007,,,-131.73446999999942,2.059999999999974
2026-06-05 21:45:00+00:00,2026-06-05 23:45:00+02:00,2026-06-05,23,45,3,4,6,141.1,141.99,,-1.2100000000000009,-2.4599999999999937,,,-79.85793999999805,-0.8900000000000148
2026-06-05 22:00:00+00:00,2026-06-06 00:00:00+02:00,2026-06-06,0,0,0,5,6,146.53,164.04,,-6.179999999999978,30.059999999999988,-17.060000000000002,,493.1226000000024,-17.50999999999999
2026-06-05 22:15:00+00:00,2026-06-06 00:15:00+02:00,2026-06-06,0,15,1,5,6,139.47,151.18,,-0.22999999999998977,28.769999999999996,-9.819999999999993,,355.30834999999934,-11.710000000000008
2026-06-05 22:30:00+00:00,2026-06-06 00:30:00+02:00,2026-06-06,0,30,2,5,6,135.56,144.01,,-0.9399999999999977,26.760000000000005,-9.920000000000002,,99.25446999999986,-8.449999999999989
2026-06-05 22:45:00+00:00,2026-06-06 00:45:00+02:00,2026-06-06,0,45,3,5,6,131.36,133.74,,-1.1999999999999886,23.150000000000006,-10.86,,22.89760000000024,-2.3799999999999955
2026-06-05 23:00:00+00:00,2026-06-06 01:00:00+02:00,2026-06-06,1,0,0,5,6,136.57,139.9,,3.339999999999975,24.209999999999994,-11.709999999999994,,165.60431999999855,-3.3300000000000125
2026-06-05 23:15:00+00:00,2026-06-06 01:15:00+02:00,2026-06-06,1,15,1,5,6,134.41,136.51,,2.030000000000001,26.78,-8.689999999999984,,440.6646600000022,-2.0999999999999943
2026-06-05 23:30:00+00:00,2026-06-06 01:30:00+02:00,2026-06-06,1,30,2,5,6,131.91,134.8,,-1.519999999999996,31.019999999999996,-8.650000000000006,,326.6103000000003,-2.890000000000015
2026-06-05 23:45:00+00:00,2026-06-06 01:45:00+02:00,2026-06-06,1,45,3,5,6,130.21,149.0,,-3.010000000000005,28.909999999999997,-9.159999999999997,,496.74410999999964,-18.789999999999992
2026-06-06 00:00:00+00:00,2026-06-06 02:00:00+02:00,2026-06-06,2,0,0,5,6,131.07,140.4,,0.18000000000000682,31.86999999999999,-5.930000000000007,,367.8460899999991,-9.330000000000013
2026-06-06 00:15:00+00:00,2026-06-06 02:15:00+02:00,2026-06-06,2,15,1,5,6,128.91,136.2,,0.0800000000000125,25.689999999999998,-6.8700000000000045,,-40.847630000003846,-7.289999999999992
2026-06-06 00:30:00+00:00,2026-06-06 02:30:00+02:00,2026-06-06,2,30,2,5,6,129.18,151.02,,0.09000000000000341,19.909999999999997,-10.530000000000001,,-379.61221999999907,-21.840000000000003
2026-06-06 00:45:00+00:00,2026-06-06 02:45:00+02:00,2026-06-06,2,45,3,5,6,126.84,132.54,,0.4000000000000057,15.230000000000004,-12.069999999999993,,-477.7794599999979,-5.699999999999989
2026-06-06 01:00:00+00:00,2026-06-06 03:00:00+02:00,2026-06-06,3,0,0,5,6,117.89,130.01,,-1.3400000000000034,33.739999999999995,-9.700000000000003,,-338.2318899999991,-12.11999999999999
2026-06-06 01:15:00+00:00,2026-06-06 03:15:00+02:00,2026-06-06,3,15,1,5,6,116.01,132.38,,3.769999999999996,27.92,-8.569999999999993,,-408.6936799999967,-16.36999999999999
2026-06-06 01:30:00+00:00,2026-06-06 03:30:00+02:00,2026-06-06,3,30,2,5,6,114.75,147.53,,-1.0900000000000034,22.14,-7.109999999999999,,-322.6354399999982,-32.78
2026-06-06 01:45:00+00:00,2026-06-06 03:45:00+02:00,2026-06-06,3,45,3,5,6,113.49,130.07,,-1.5100000000000051,31.39,-6.010000000000005,,-350.0242100000032,-16.58
2026-06-06 02:00:00+00:00,2026-06-06 04:00:00+02:00,2026-06-06,4,0,0,5,6,130.26,129.47,,0.2599999999999909,24.349999999999994,-4.609999999999999,,-281.8257699999958,0.789999999999992
2026-06-06 02:15:00+00:00,2026-06-06 04:15:00+02:00,2026-06-06,4,15,1,5,6,131.5,132.64,,3.0800000000000125,19.17,-3.4399999999999977,,-223.9025399999955,-1.1399999999999864
2026-06-06 02:30:00+00:00,2026-06-06 04:30:00+02:00,2026-06-06,4,30,2,5,6,130.04,134.26,,0.09999999999999432,18.179999999999993,-2.3800000000000097,,-102.7578399999984,-4.219999999999999
2026-06-06 02:45:00+00:00,2026-06-06 04:45:00+02:00,2026-06-06,4,45,3,5,6,129.41,134.39,,-0.009999999999990905,14.440000000000012,-6.579999999999998,,-70.62234999999782,-4.97999999999999
2026-06-06 03:00:00+00:00,2026-06-06 05:00:00+02:00,2026-06-06,5,0,0,5,6,132.26,136.7,,1.2299999999999898,16.27000000000001,-3.8100000000000023,,-19.74648000000161,-4.439999999999998
2026-06-06 03:15:00+00:00,2026-06-06 05:15:00+02:00,2026-06-06,5,15,1,5,6,125.49,127.2,,1.2800000000000011,14.480000000000004,-2.8900000000000006,,9.041949999998906,-1.710000000000008
2026-06-06 03:30:00+00:00,2026-06-06 05:30:00+02:00,2026-06-06,5,30,2,5,6,124.13,132.43,,1.6099999999999994,17.459999999999994,-1.8700000000000045,,-38.37317999999868,-8.300000000000011
2026-06-06 03:45:00+00:00,2026-06-06 05:45:00+02:00,2026-06-06,5,45,3,5,6,117.03,132.1,,0.19999999999998863,16.539999999999992,-0.03999999999999204,,-120.56547999999748,-15.069999999999993
2026-06-06 04:00:00+00:00,2026-06-06 06:00:00+02:00,2026-06-06,6,0,0,5,6,117.52,139.8,,-0.8400000000000034,8.469999999999999,-0.8400000000000034,,127.29965000000084,-22.280000000000015
2026-06-06 04:15:00+00:00,2026-06-06 06:15:00+02:00,2026-06-06,6,15,1,5,6,112.43,133.8,,-5.109999999999999,8.39,-5.109999999999999,,115.8715499999962,-21.370000000000005
2026-06-06 04:30:00+00:00,2026-06-06 06:30:00+02:00,2026-06-06,6,30,2,5,6,107.08,130.32,,-0.5999999999999943,6.969999999999999,-5.890000000000001,,-13.207590000001801,-23.239999999999995
2026-06-06 04:45:00+00:00,2026-06-06 06:45:00+02:00,2026-06-06,6,45,3,5,6,98.09,108.25,,-4.530000000000001,8.039999999999992,-4.530000000000001,,156.9007399999973,-10.159999999999997
2026-06-06 05:00:00+00:00,2026-06-06 07:00:00+02:00,2026-06-06,7,0,0,5,6,113.03,122.79,,-0.1699999999999875,5.549999999999997,-2.1500000000000057,,203.96515999999974,-9.760000000000005
2026-06-06 05:15:00+00:00,2026-06-06 07:15:00+02:00,2026-06-06,7,15,1,5,6,98.17,122.12,,-2.0800000000000125,1.8300000000000125,3.469999999999999,,242.7427699999971,-23.950000000000003
2026-06-06 05:30:00+00:00,2026-06-06 07:30:00+02:00,2026-06-06,7,30,2,5,6,84.69,113.56,,-2.2299999999999898,8.060000000000002,-2.680000000000007,,192.89751999999862,-28.870000000000005
2026-06-06 05:45:00+00:00,2026-06-06 07:45:00+02:00,2026-06-06,7,45,3,5,6,74.21,76.8,,-2.280000000000001,2.9099999999999966,-6.3799999999999955,,330.14076000000205,-2.5900000000000034
2026-06-06 06:00:00+00:00,2026-06-06 08:00:00+02:00,2026-06-06,8,0,0,5,6,96.4,105.97,,-2.5,6.049999999999997,-0.29999999999999716,,573.5301499999987,-9.569999999999993
2026-06-06 06:15:00+00:00,2026-06-06 08:15:00+02:00,2026-06-06,8,15,1,5,6,83.3,103.4,,1.7999999999999972,2.069999999999993,2.5900000000000034,,548.6597500000025,-20.10000000000001
2026-06-06 06:30:00+00:00,2026-06-06 08:30:00+02:00,2026-06-06,8,30,2,5,6,63.97,84.6,,1.4200000000000017,6.670000000000002,6.939999999999998,,557.6659700000018,-20.629999999999995
2026-06-06 06:45:00+00:00,2026-06-06 08:45:00+02:00,2026-06-06,8,45,3,5,6,48.0,78.12,,-0.06999999999999318,10.939999999999998,-0.15000000000000568,,472.8125499999951,-30.120000000000005
2026-06-06 07:00:00+00:00,2026-06-06 09:00:00+02:00,2026-06-06,9,0,0,5,6,64.57,69.14,,-1.2900000000000063,6.710000000000008,-7.320000000000007,,294.72520000000077,-4.570000000000007
2026-06-06 07:15:00+00:00,2026-06-06 09:15:00+02:00,2026-06-06,9,15,1,5,6,43.5,72.0,,-7.439999999999998,12.010000000000005,-7.439999999999998,,168.8122000000003,-28.5
2026-06-06 07:30:00+00:00,2026-06-06 09:30:00+02:00,2026-06-06,9,30,2,5,6,37.22,56.9,,4.920000000000002,12.540000000000006,7.73,,171.7517799999987,-19.68
2026-06-06 07:45:00+00:00,2026-06-06 09:45:00+02:00,2026-06-06,9,45,3,5,6,8.48,40.7,,-3.200000000000003,7.3799999999999955,1.3899999999999988,,245.32875000000058,-32.22
2026-06-06 08:00:00+00:00,2026-06-06 10:00:00+02:00,2026-06-06,10,0,0,5,6,9.13,15.01,,-1.17,20.200000000000003,-1.8000000000000007,,57.31005000000005,-5.879999999999999
2026-06-06 08:15:00+00:00,2026-06-06 10:15:00+02:00,2026-06-06,10,15,1,5,6,1.92,18.43,,-1.6199999999999997,23.97,10.24,,57.15548999999737,-16.509999999999998
2026-06-06 08:30:00+00:00,2026-06-06 10:30:00+02:00,2026-06-06,10,30,2,5,6,0.86,25.0,,-2.05,1.8500000000000085,-2.05,,-1.750129999993078,-24.14
2026-06-06 08:45:00+00:00,2026-06-06 10:45:00+02:00,2026-06-06,10,45,3,5,6,-7.27,20.0,,-0.01,1.2900000000000063,5.7,,103.76193000000058,-27.27
2026-06-06 09:00:00+00:00,2026-06-06 11:00:00+02:00,2026-06-06,11,0,0,5,6,-2.45,5.01,,-4.029999999999987,2.969999999999999,-2.21,,123.80795999999827,-7.46
2026-06-06 09:15:00+00:00,2026-06-06 11:15:00+02:00,2026-06-06,11,15,1,5,6,-6.83,5.26,,-3.3299999999999996,35.550000000000004,-3.7,,51.639179999998305,-12.09
2026-06-06 09:30:00+00:00,2026-06-06 11:30:00+02:00,2026-06-06,11,30,2,5,6,-7.86,0.01,,0.8,26.239999999999995,0.8,,13.235389999994368,-7.87
2026-06-06 09:45:00+00:00,2026-06-06 11:45:00+02:00,2026-06-06,11,45,3,5,6,-10.82,0.0,,6.3,30.569999999999993,6.3,,118.81759000000602,-10.82
2026-06-06 10:00:00+00:00,2026-06-06 12:00:00+02:00,2026-06-06,12,0,0,5,6,-8.13,-17.87,,-4.31,26.779999999999994,-4.31,,253.25394000000233,9.74
2026-06-06 10:15:00+00:00,2026-06-06 12:15:00+02:00,2026-06-06,12,15,1,5,6,-5.16,-6.1,,2.799999999999997,12.369999999999997,4.050000000000001,,251.91955000000598,0.9399999999999995
2026-06-06 10:30:00+00:00,2026-06-06 12:30:00+02:00,2026-06-06,12,30,2,5,6,-4.29,-21.15,,3.35,9.670000000000002,3.35,,432.4822200000053,16.86
2026-06-06 10:45:00+00:00,2026-06-06 12:45:00+02:00,2026-06-06,12,45,3,5,6,-5.0,-6.17,,5.63,17.200000000000003,5.63,,330.24406000000454,1.17
2026-06-06 11:00:00+00:00,2026-06-06 13:00:00+02:00,2026-06-06,13,0,0,5,6,-7.3,-0.01,,1.769999999999996,16.58,1.0999999999999996,,190.97873999999138,-7.29
2026-06-06 11:15:00+00:00,2026-06-06 13:15:00+02:00,2026-06-06,13,15,1,5,6,-9.28,-0.02,,3.1199999999999997,18.549999999999997,4.93,,198.1056599999938,-9.26
2026-06-06 11:30:00+00:00,2026-06-06 13:30:00+02:00,2026-06-06,13,30,2,5,6,-8.05,-0.04,,0.0899999999999963,5.93,-5.17,,333.74517000000196,-8.010000000000002
2026-06-06 11:45:00+00:00,2026-06-06 13:45:00+02:00,2026-06-06,13,45,3,5,6,-5.67,-0.03,,5.0200000000000005,6.460000000000001,-4.58,,478.66653999999835,-5.64
2026-06-06 12:00:00+00:00,2026-06-06 14:00:00+02:00,2026-06-06,14,0,0,5,6,-9.16,-14.7,,4.12,4.490000000000002,-4.02,,243.50966999999218,5.539999999999999
2026-06-06 12:15:00+00:00,2026-06-06 14:15:00+02:00,2026-06-06,14,15,1,5,6,-7.5,0.0,,3.01,4.32,4.42,,399.247789999994,-7.5
2026-06-06 12:30:00+00:00,2026-06-06 14:30:00+02:00,2026-06-06,14,30,2,5,6,-5.38,0.03,,1.9000000000000004,13.649999999999999,1.9000000000000004,,528.7565499999982,-5.41
2026-06-06 12:45:00+00:00,2026-06-06 14:45:00+02:00,2026-06-06,14,45,3,5,6,-1.25,0.09,,-0.5100000000000051,3.5799999999999983,-4.91,,672.617029999994,-1.34
2026-06-06 13:00:00+00:00,2026-06-06 15:00:00+02:00,2026-06-06,15,0,0,5,6,-3.93,-15.75,,7.84,14.629999999999999,10.15,,803.7209799999982,11.82
2026-06-06 13:15:00+00:00,2026-06-06 15:15:00+02:00,2026-06-06,15,15,1,5,6,-1.55,-3.46,,2.530000000000001,8.54,4.57,,737.4800299999988,1.91
2026-06-06 13:30:00+00:00,2026-06-06 15:30:00+02:00,2026-06-06,15,30,2,5,6,0.03,8.94,,-2.519999999999996,0.8699999999999974,-2.0799999999999996,,667.110090000002,-8.91
2026-06-06 13:45:00+00:00,2026-06-06 15:45:00+02:00,2026-06-06,15,45,3,5,6,9.11,20.89,,2.1199999999999974,2.1199999999999974,-10.0,,597.4316099999924,-11.780000000000001
2026-06-06 14:00:00+00:00,2026-06-06 16:00:00+02:00,2026-06-06,16,0,0,5,6,5.35,12.21,,4.030000000000001,4.030000000000001,3.91,,519.2232199999999,-6.860000000000001
2026-06-06 14:15:00+00:00,2026-06-06 16:15:00+02:00,2026-06-06,16,15,1,5,6,36.23,38.16,,2.4200000000000017,2.4200000000000017,-0.44999999999999996,,450.4997599999988,-1.9299999999999997
2026-06-06 14:30:00+00:00,2026-06-06 16:30:00+02:00,2026-06-06,16,30,2,5,6,50.04,57.41,,-0.8200000000000003,14.120000000000005,-7.92,,358.6220699999976,-7.369999999999997
2026-06-06 14:45:00+00:00,2026-06-06 16:45:00+02:00,2026-06-06,16,45,3,5,6,68.84,71.39,,-0.5499999999999972,-14.460000000000008,5.080000000000002,,259.4397300000019,-2.549999999999997
2026-06-06 15:00:00+00:00,2026-06-06 17:00:00+02:00,2026-06-06,17,0,0,5,6,55.43,63.72,,-1.5500000000000114,4.810000000000002,8.06,,175.76310999999623,-8.29
2026-06-06 15:15:00+00:00,2026-06-06 17:15:00+02:00,2026-06-06,17,15,1,5,6,73.58,82.05,,-5.560000000000002,8.789999999999992,-3.3699999999999974,,155.4525700000013,-8.469999999999999
2026-06-06 15:30:00+00:00,2026-06-06 17:30:00+02:00,2026-06-06,17,30,2,5,6,95.58,99.69,,-3.1899999999999977,2.5600000000000023,-6.8500000000000085,,118.30767000000196,-4.109999999999999
2026-06-06 15:45:00+00:00,2026-06-06 17:45:00+02:00,2026-06-06,17,45,3,5,6,121.1,118.02,,-7.119999999999976,-1.5900000000000034,5.609999999999999,,-56.848320000004605,3.0799999999999983
2026-06-06 16:00:00+00:00,2026-06-06 18:00:00+02:00,2026-06-06,18,0,0,5,6,103.21,110.99,,-4.22999999999999,-4.22999999999999,-5.290000000000006,,-271.57908999999927,-7.780000000000001
2026-06-06 16:15:00+00:00,2026-06-06 18:15:00+02:00,2026-06-06,18,15,1,5,6,115.7,116.0,,-6.47999999999999,-0.09999999999999432,-8.929999999999993,,-337.2561399999977,-0.29999999999999716
2026-06-06 16:30:00+00:00,2026-06-06 18:30:00+02:00,2026-06-06,18,30,2,5,6,122.55,129.43,,-8.5,-11.909999999999997,-10.549999999999997,,-413.2649600000004,-6.88000000000001
2026-06-06 16:45:00+00:00,2026-06-06 18:45:00+02:00,2026-06-06,18,45,3,5,6,133.51,127.03,,-10.02000000000001,-13.01000000000002,-23.190000000000012,,-493.84619999999995,6.47999999999999
2026-06-06 17:00:00+00:00,2026-06-06 19:00:00+02:00,2026-06-06,19,0,0,5,6,123.99,122.95,,-8.209999999999994,-2.7700000000000102,-8.209999999999994,,-460.2855100000015,1.039999999999992
2026-06-06 17:15:00+00:00,2026-06-06 19:15:00+02:00,2026-06-06,19,15,1,5,6,131.57,135.01,,-8.990000000000009,-0.21999999999999886,-8.990000000000009,,-311.64501999999993,-3.4399999999999977
2026-06-06 17:30:00+00:00,2026-06-06 19:30:00+02:00,2026-06-06,19,30,2,5,6,138.67,151.5,,-8.689999999999998,-2.079999999999984,-17.930000000000007,,-165.38893000000098,-12.830000000000013
2026-06-06 17:45:00+00:00,2026-06-06 19:45:00+02:00,2026-06-06,19,45,3,5,6,144.56,147.53,,-5.150000000000006,-5.150000000000006,-31.930000000000007,,-33.722759999996924,-2.969999999999999
2026-06-06 18:00:00+00:00,2026-06-06 20:00:00+02:00,2026-06-06,20,0,0,5,6,145.1,153.97,,-6.670000000000016,-9.789999999999992,-19.220000000000027,,-41.3417300000001,-8.870000000000005
2026-06-06 18:15:00+00:00,2026-06-06 20:15:00+02:00,2026-06-06,20,15,1,5,6,145.1,160.0,,-7.810000000000002,-33.349999999999994,-2.8100000000000023,,-82.16193999999814,-14.900000000000006
2026-06-06 18:30:00+00:00,2026-06-06 20:30:00+02:00,2026-06-06,20,30,2,5,6,152.0,156.97,,-5.349999999999994,-14.360000000000014,-10.099999999999994,,-102.08019000000058,-4.969999999999999
2026-06-06 18:45:00+00:00,2026-06-06 20:45:00+02:00,2026-06-06,20,45,3,5,6,152.79,170.33,,-14.640000000000015,-8.620000000000005,-14.640000000000015,,-129.18878000000404,-17.54000000000002
2026-06-06 19:00:00+00:00,2026-06-06 21:00:00+02:00,2026-06-06,21,0,0,5,6,152.78,175.68,,-7.699999999999989,-7.699999999999989,-16.920000000000016,,-202.76265000000421,-22.900000000000006
2026-06-06 19:15:00+00:00,2026-06-06 21:15:00+02:00,2026-06-06,21,15,1,5,6,147.36,160.39,,-9.47999999999999,-9.47999999999999,-7.849999999999994,,-254.29651000000013,-13.029999999999973
2026-06-06 19:30:00+00:00,2026-06-06 21:30:00+02:00,2026-06-06,21,30,2,5,6,141.76,145.11,,-8.75,-37.849999999999994,-6.810000000000002,,-300.200710000001,-3.3500000000000227
2026-06-06 19:45:00+00:00,2026-06-06 21:45:00+02:00,2026-06-06,21,45,3,5,6,136.33,151.0,,-8.680000000000007,-8.680000000000007,-3.8700000000000045,,-346.60651000000144,-14.669999999999987
2026-06-06 20:00:00+00:00,2026-06-06 22:00:00+02:00,2026-06-06,22,0,0,5,6,140.9,154.6,,-3.6200000000000045,-3.7299999999999898,-3.9199999999999875,,-280.4658599999966,-13.699999999999989
2026-06-06 20:15:00+00:00,2026-06-06 22:15:00+02:00,2026-06-06,22,15,1,5,6,138.95,145.68,,-1.410000000000025,-0.12000000000000455,-0.21999999999999886,,-210.7560900000026,-6.730000000000018
2026-06-06 20:30:00+00:00,2026-06-06 22:30:00+02:00,2026-06-06,22,30,2,5,6,126.75,136.92,,-0.9399999999999977,-0.12000000000000455,4.799999999999983,,-213.08956000000035,-10.169999999999987
2026-06-06 20:45:00+00:00,2026-06-06 22:45:00+02:00,2026-06-06,22,45,3,5,6,119.96,134.38,,-6.450000000000017,-7.539999999999992,-3.180000000000007,,-232.50854000000254,-14.420000000000002
2026-06-06 21:00:00+00:00,2026-06-06 23:00:00+02:00,2026-06-06,23,0,0,5,6,122.18,135.6,,3.319999999999993,7.710000000000008,6.849999999999994,,-231.96767000000182,-13.419999999999987
2026-06-06 21:15:00+00:00,2026-06-06 23:15:00+02:00,2026-06-06,23,15,1,5,6,116.03,127.64,,0.9000000000000057,0.45000000000001705,3.819999999999993,,-189.60561000000234,-11.61
2026-06-06 21:30:00+00:00,2026-06-06 23:30:00+02:00,2026-06-06,23,30,2,5,6,110.31,120.07,,-0.18999999999999773,2.059999999999974,2.8499999999999943,,-131.73446999999942,-9.759999999999991
2026-06-06 21:45:00+00:00,2026-06-06 23:45:00+02:00,2026-06-06,23,45,3,5,6,103.32,114.29,,-0.8900000000000148,-0.8900000000000148,2.6999999999999886,,-79.85793999999805,-10.970000000000013
2026-06-06 22:00:00+00:00,2026-06-07 00:00:00+02:00,2026-06-07,0,0,0,6,6,113.48,120.63,-6.3799999999999955,-6.179999999999978,-17.50999999999999,-6.5800000000000125,,493.1226000000024,-7.1499999999999915
2026-06-06 22:15:00+00:00,2026-06-07 00:15:00+02:00,2026-06-07,0,15,1,6,6,109.03,121.7,-2.0250000000000057,-0.22999999999998977,-11.710000000000008,-0.22999999999998977,,355.30834999999934,-12.670000000000002
2026-06-06 22:30:00+00:00,2026-06-07 00:30:00+02:00,2026-06-07,0,30,2,6,6,107.95,132.68,-2.5700000000000074,-0.9399999999999977,-8.449999999999989,-0.9399999999999977,,99.25446999999986,-24.730000000000004
2026-06-06 22:45:00+00:00,2026-06-07 00:45:00+02:00,2026-06-07,0,45,3,6,6,103.48,109.39,-1.789999999999992,-1.1999999999999886,-2.3799999999999955,-1.1999999999999886,,36.16143999999622,-5.909999999999997
2026-06-06 23:00:00+00:00,2026-06-07 01:00:00+02:00,2026-06-07,1,0,0,6,6,105.01,114.45,1.2649999999999864,3.339999999999975,-3.3300000000000125,3.339999999999975,,165.60431999999855,-9.439999999999998
2026-06-06 23:15:00+00:00,2026-06-07 01:15:00+02:00,2026-06-07,1,15,1,6,6,100.44,108.8,-1.4500000000000028,2.030000000000001,-2.0999999999999943,-0.8000000000000114,,440.6646600000022,-8.36
2026-06-06 23:30:00+00:00,2026-06-07 01:30:00+02:00,2026-06-07,1,30,2,6,6,95.87,104.3,-1.6899999999999906,-1.519999999999996,-2.890000000000015,1.1500000000000057,,326.6103000000003,-8.429999999999993
2026-06-06 23:45:00+00:00,2026-06-07 01:45:00+02:00,2026-06-07,1,45,3,6,6,88.66,97.31,-4.800000000000004,-3.010000000000005,-18.789999999999992,-1.4300000000000068,,496.74410999999964,-8.650000000000006
2026-06-07 00:00:00+00:00,2026-06-07 02:00:00+02:00,2026-06-07,2,0,0,6,6,99.67,99.45,0.1250000000000142,0.18000000000000682,-9.330000000000013,0.18000000000000682,,367.8460899999991,0.21999999999999886
2026-06-07 00:15:00+00:00,2026-06-07 02:15:00+02:00,2026-06-07,2,15,1,6,6,92.67,95.29,-0.3749999999999929,0.0800000000000125,-7.289999999999992,0.0800000000000125,,113.11154000000533,-2.6200000000000045
2026-06-07 00:30:00+00:00,2026-06-07 02:30:00+02:00,2026-06-07,2,30,2,6,6,90.0,90.77,-0.9699999999999989,0.09000000000000341,-21.840000000000003,0.09000000000000341,,153.94110000000364,-0.769999999999996
2026-06-07 00:45:00+00:00,2026-06-07 02:45:00+02:00,2026-06-07,2,45,3,6,6,84.12,86.25,-1.414999999999992,0.4000000000000057,-5.699999999999989,2.9399999999999977,,154.99708999999712,-2.1299999999999955
2026-06-07 01:00:00+00:00,2026-06-07 03:00:00+02:00,2026-06-07,3,0,0,6,6,89.54,91.2,0.8250000000000028,-1.3400000000000034,-12.11999999999999,-1.3400000000000034,,137.1279299999951,-1.6599999999999966
2026-06-07 01:15:00+00:00,2026-06-07 03:15:00+02:00,2026-06-07,3,15,1,6,6,80.64,92.77,3.3999999999999986,3.769999999999996,-16.36999999999999,3.769999999999996,,114.21059000000241,-12.129999999999995
2026-06-07 01:30:00+00:00,2026-06-07 03:30:00+02:00,2026-06-07,3,30,2,6,6,75.65,86.23,-1.4550000000000054,-1.0900000000000034,-32.78,-1.8200000000000074,,78.76049000000057,-10.579999999999998
2026-06-07 01:45:00+00:00,2026-06-07 03:45:00+02:00,2026-06-07,3,45,3,6,6,67.42,86.19,-1.5850000000000009,-1.5100000000000051,-16.58,-1.6599999999999966,,8.501530000001367,-18.769999999999996
2026-06-07 02:00:00+00:00,2026-06-07 04:00:00+02:00,2026-06-07,4,0,0,6,6,68.0,75.03,0.914999999999992,0.789999999999992,0.789999999999992,2.1799999999999926,,-16.500130000000354,-7.030000000000001
2026-06-07 02:15:00+00:00,2026-06-07 04:15:00+02:00,2026-06-07,4,15,1,6,6,60.14,86.21,1.4400000000000048,3.0800000000000125,-1.1399999999999864,3.0800000000000125,,-12.443959999996878,-26.069999999999993
2026-06-07 02:30:00+00:00,2026-06-07 04:30:00+02:00,2026-06-07,4,30,2,6,6,53.5,65.21,-0.980000000000004,0.09999999999999432,-4.219999999999999,-2.0600000000000023,,19.071430000003602,-11.709999999999994
2026-06-07 02:45:00+00:00,2026-06-07 04:45:00+02:00,2026-06-07,4,45,3,6,6,44.07,58.0,-0.014999999999993463,-0.009999999999990905,-4.97999999999999,2.0,,24.12916000000405,-13.93
2026-06-07 03:00:00+00:00,2026-06-07 05:00:00+02:00,2026-06-07,5,0,0,6,6,49.47,60.74,-0.5550000000000068,1.2299999999999898,-4.439999999999998,1.2299999999999898,,24.30322999999771,-11.270000000000003
2026-06-07 03:15:00+00:00,2026-06-07 05:15:00+02:00,2026-06-07,5,15,1,6,6,38.62,47.92,0.7250000000000014,1.2800000000000011,-1.710000000000008,1.2800000000000011,,9.041949999998906,-9.300000000000004
2026-06-07 03:30:00+00:00,2026-06-07 05:30:00+02:00,2026-06-07,5,30,2,6,6,26.9,75.37,0.4299999999999997,1.6099999999999994,-8.300000000000011,1.6099999999999994,,-28.35503000000608,-48.470000000000006
2026-06-07 03:45:00+00:00,2026-06-07 05:45:00+02:00,2026-06-07,5,45,3,6,6,11.93,11.28,0.1699999999999875,0.19999999999998863,-15.069999999999993,2.1899999999999977,,-13.983500000002095,0.6500000000000004
2026-06-07 04:00:00+00:00,2026-06-07 06:00:00+02:00,2026-06-07,6,0,0,6,6,17.6,8.55,-1.0350000000000037,-1.230000000000004,-22.280000000000015,5.5,,127.29965000000084,9.05
2026-06-07 04:15:00+00:00,2026-06-07 06:15:00+02:00,2026-06-07,6,15,1,6,6,8.89,5.11,-3.6999999999999957,-8.530000000000001,-21.370000000000005,-2.289999999999992,,115.8715499999962,3.7800000000000002
2026-06-07 04:30:00+00:00,2026-06-07 06:30:00+02:00,2026-06-07,6,30,2,6,6,6.42,62.85,-2.5,-0.5999999999999943,-23.239999999999995,2.4000000000000057,,-13.207590000001801,-56.43
2026-06-07 04:45:00+00:00,2026-06-07 06:45:00+02:00,2026-06-07,6,45,3,6,6,3.37,2.1,-3.7849999999999966,-7.6299999999999955,-10.159999999999997,2.6000000000000085,,156.9007399999973,1.27
2026-06-07 05:00:00+00:00,2026-06-07 07:00:00+02:00,2026-06-07,7,0,0,6,6,5.62,1.84,-1.9749999999999943,-0.1699999999999875,-9.760000000000005,0.8499999999999943,,203.96515999999974,3.7800000000000002
2026-06-07 05:15:00+00:00,2026-06-07 07:15:00+02:00,2026-06-07,7,15,1,6,6,2.84,0.01,-0.4300000000000068,-5.439999999999998,-23.950000000000003,-7.510000000000005,,242.7427699999971,2.83
2026-06-07 05:30:00+00:00,2026-06-07 07:30:00+02:00,2026-06-07,7,30,2,6,6,0.33,44.7,-2.444999999999993,-2.2299999999999898,-28.870000000000005,-1.6499999999999915,,192.89751999999862,-44.370000000000005
2026-06-07 05:45:00+00:00,2026-06-07 07:45:00+02:00,2026-06-07,7,45,3,6,6,0.65,31.11,-1.6700000000000017,-2.280000000000001,-2.5900000000000034,0.6899999999999977,,330.14076000000205,-30.46
2026-06-07 06:00:00+00:00,2026-06-07 08:00:00+02:00,2026-06-07,8,0,0,6,6,3.66,11.07,-2.604999999999997,-6.570000000000022,-9.569999999999993,-2.5,,573.5301499999987,-7.41
2026-06-07 06:15:00+00:00,2026-06-07 08:15:00+02:00,2026-06-07,8,15,1,6,6,-0.07,-0.05,1.6399999999999935,-6.320000000000007,-20.10000000000001,1.7999999999999972,,548.6597500000025,-0.020000000000000004
2026-06-07 06:30:00+00:00,2026-06-07 08:30:00+02:00,2026-06-07,8,30,2,6,6,-0.55,0.01,-0.8549999999999969,-5.900000000000006,-20.629999999999995,1.4200000000000017,,557.6659700000018,-0.56
2026-06-07 06:45:00+00:00,2026-06-07 08:45:00+02:00,2026-06-07,8,45,3,6,6,-2.79,-2.04,-0.10999999999999943,-0.06999999999999318,-30.120000000000005,4.850000000000001,,472.8125499999951,-0.75
2026-06-07 07:00:00+00:00,2026-06-07 09:00:00+02:00,2026-06-07,9,0,0,6,6,-0.52,-1.3,-2.480000000000004,-1.2900000000000063,-4.570000000000007,-1.2900000000000063,,294.72520000000077,0.78
2026-06-07 07:15:00+00:00,2026-06-07 09:15:00+02:00,2026-06-07,9,15,1,6,6,-2.01,-3.4,-2.2500000000000036,-7.97999999999999,-28.5,20.0,,168.8122000000003,1.3900000000000001
2026-06-07 07:30:00+00:00,2026-06-07 09:30:00+02:00,2026-06-07,9,30,2,6,6,-2.68,-5.5,-0.25499999999999545,-1.5300000000000011,-19.68,13.309999999999999,,171.7517799999987,2.82
2026-06-07 07:45:00+00:00,2026-06-07 09:45:00+02:00,2026-06-07,9,45,3,6,6,-7.29,-10.0,-2.345000000000006,-5.3700000000000045,-32.22,-5.799999999999997,,245.32875000000058,2.71
2026-06-07 08:00:00+00:00,2026-06-07 10:00:00+02:00,2026-06-07,10,0,0,6,6,-4.99,-4.99,-1.4850000000000003,-1.17,-5.879999999999999,-3.870000000000001,,57.31005000000005,0.0
2026-06-07 08:15:00+00:00,2026-06-07 10:15:00+02:00,2026-06-07,10,15,1,6,6,-5.2,-1.5,-2.95,-4.280000000000001,-16.509999999999998,-1.6199999999999997,,57.15548999999737,-3.7
2026-06-07 08:30:00+00:00,2026-06-07 10:30:00+02:00,2026-06-07,10,30,2,6,6,-6.76,-1.55,-1.2049999999999996,-6.02,-24.14,-7.3,,-1.750129999993078,-5.21
2026-06-07 08:45:00+00:00,2026-06-07 10:45:00+02:00,2026-06-07,10,45,3,6,6,-8.54,-12.71,0.6400000000000031,-3.969999999999999,-27.27,-0.01,,103.76193000000058,4.170000000000002
2026-06-07 09:00:00+00:00,2026-06-07 11:00:00+02:00,2026-06-07,11,0,0,6,6,-9.7,-12.74,-5.345000000000003,-4.76,-7.46,-8.27,,123.80795999999827,3.040000000000001
2026-06-07 09:15:00+00:00,2026-06-07 11:15:00+02:00,2026-06-07,11,15,1,6,6,-10.58,-5.0,-5.395000000000001,-3.3299999999999996,-12.09,-3.3299999999999996,,51.639179999998305,-5.58
2026-06-07 09:30:00+00:00,2026-06-07 11:30:00+02:00,2026-06-07,11,30,2,6,6,-10.08,-8.11,-2.2649999999999997,-3.4099999999999997,-7.87,-3.4099999999999997,,13.235389999994368,-1.9700000000000006
2026-06-07 09:45:00+00:00,2026-06-07 11:45:00+02:00,2026-06-07,11,45,3,6,6,-11.51,-14.57,2.8049999999999997,3.2800000000000002,-10.82,3.2800000000000002,,118.81759000000602,3.0600000000000005
2026-06-07 10:00:00+00:00,2026-06-07 12:00:00+02:00,2026-06-07,12,0,0,6,6,-12.94,-14.99,-1.8550000000000026,0.5999999999999943,9.74,-10.33,,253.25394000000233,2.0500000000000007
2026-06-07 10:15:00+00:00,2026-06-07 12:15:00+02:00,2026-06-07,12,15,1,6,6,-18.01,-19.0,1.415,1.81,0.9399999999999995,-1.8,,251.91955000000598,0.9899999999999984
2026-06-07 10:30:00+00:00,2026-06-07 12:30:00+02:00,2026-06-07,12,30,2,6,6,-17.29,-15.0,2.24,3.769999999999996,16.86,3.8,,432.4822200000053,-2.289999999999999
2026-06-07 10:45:00+00:00,2026-06-07 12:45:00+02:00,2026-06-07,12,45,3,6,6,-18.95,-1.74,4.599999999999996,5.300000000000001,1.17,5.300000000000001,,330.24406000000454,-17.21
2026-06-07 11:00:00+00:00,2026-06-07 13:00:00+02:00,2026-06-07,13,0,0,6,6,-19.2,-23.36,1.4349999999999978,1.769999999999996,-7.29,0.1,,190.97873999999138,4.16
2026-06-07 11:15:00+00:00,2026-06-07 13:15:00+02:00,2026-06-07,13,15,1,6,6,-24.39,-10.01,2.525000000000003,1.9300000000000068,-9.26,-0.73,,198.1056599999938,-14.38
2026-06-07 11:30:00+00:00,2026-06-07 13:30:00+02:00,2026-06-07,13,30,2,6,6,-31.5,-40.11,-1.4700000000000017,0.0899999999999963,-8.010000000000002,-3.03,,333.74517000000196,8.61
2026-06-07 11:45:00+00:00,2026-06-07 13:45:00+02:00,2026-06-07,13,45,3,6,6,-40.3,-50.25,-0.62,5.0200000000000005,-5.64,-3.07,,478.66653999999835,9.950000000000003
2026-06-07 12:00:00+00:00,2026-06-07 14:00:00+02:00,2026-06-07,14,0,0,6,6,-34.32,-24.78,3.075,4.490000000000002,5.539999999999999,4.12,,243.50966999999218,-9.54
2026-06-07 12:15:00+00:00,2026-06-07 14:15:00+02:00,2026-06-07,14,15,1,6,6,-35.65,-45.43,0.18500000000000005,-1.65,-7.5,-1.65,,399.247789999994,9.780000000000001
2026-06-07 12:30:00+00:00,2026-06-07 14:30:00+02:00,2026-06-07,14,30,2,6,6,-33.42,-44.45,-1.3549999999999998,-2.6399999999999997,-5.41,-2.6399999999999997,,528.7565499999982,11.030000000000001
2026-06-07 12:45:00+00:00,2026-06-07 14:45:00+02:00,2026-06-07,14,45,3,6,6,-31.47,-45.04,-2.18,-0.5100000000000051,-1.34,-3.99,,672.617029999994,13.57
2026-06-07 13:00:00+00:00,2026-06-07 15:00:00+02:00,2026-06-07,15,0,0,6,6,-34.14,-50.07,7.35,7.84,11.82,7.84,,803.7209799999982,15.93
2026-06-07 13:15:00+00:00,2026-06-07 15:15:00+02:00,2026-06-07,15,15,1,6,6,-25.69,-24.59,1.07,1.91,1.91,-2.4,,737.4800299999988,-1.1000000000000014
2026-06-07 13:30:00+00:00,2026-06-07 15:30:00+02:00,2026-06-07,15,30,2,6,6,-21.61,-31.78,-6.295000000000001,-5.370000000000001,-8.91,-8.89,,667.110090000002,10.170000000000002
2026-06-07 13:45:00+00:00,2026-06-07 15:45:00+02:00,2026-06-07,15,45,3,6,6,-17.8,-23.87,-8.77,2.1199999999999974,-11.780000000000001,-7.54,,597.4316099999924,6.07
2026-06-07 14:00:00+00:00,2026-06-07 16:00:00+02:00,2026-06-07,16,0,0,6,6,-16.77,-28.06,3.9700000000000006,4.030000000000001,-6.860000000000001,8.24,,519.2232199999999,11.29
2026-06-07 14:15:00+00:00,2026-06-07 16:15:00+02:00,2026-06-07,16,15,1,6,6,-11.71,-8.4,-1.19,2.4200000000000017,-1.9299999999999997,6.6299999999999955,,450.4997599999988,-3.3100000000000005
2026-06-07 14:30:00+00:00,2026-06-07 16:30:00+02:00,2026-06-07,16,30,2,6,6,-9.7,-12.79,-1.8949999999999996,-0.8200000000000003,-7.369999999999997,-0.8200000000000003,,358.6220699999976,3.09
2026-06-07 14:45:00+00:00,2026-06-07 16:45:00+02:00,2026-06-07,16,45,3,6,6,-3.61,16.1,-1.5499999999999972,-2.549999999999997,-2.549999999999997,41.64,,259.4397300000019,-19.71
2026-06-07 15:00:00+00:00,2026-06-07 17:00:00+02:00,2026-06-07,17,0,0,6,6,-6.67,-14.7,-2.6400000000000077,-5.280000000000001,-8.29,-6.280000000000001,,175.76310999999623,8.03
2026-06-07 15:15:00+00:00,2026-06-07 17:15:00+02:00,2026-06-07,17,15,1,6,6,-7.96,-1.0,-7.015000000000001,-8.469999999999999,-8.469999999999999,-11.030000000000001,,155.4525700000013,-6.96
2026-06-07 15:30:00+00:00,2026-06-07 17:30:00+02:00,2026-06-07,17,30,2,6,6,0.0,18.89,-3.6499999999999986,-3.1899999999999977,-4.109999999999999,-0.04999999999999716,,118.30767000000196,-18.89
2026-06-07 15:45:00+00:00,2026-06-07 17:45:00+02:00,2026-06-07,17,45,3,6,6,7.87,16.55,-5.840000000000003,-7.119999999999976,3.0799999999999983,-0.5699999999999932,,-56.848320000004605,-8.68
2026-06-07 16:00:00+00:00,2026-06-07 18:00:00+02:00,2026-06-07,18,0,0,6,6,16.32,0.05,-4.619999999999997,-4.22999999999999,-7.780000000000001,13.300000000000011,,-74.6166299999968,16.27
2026-06-07 16:15:00+00:00,2026-06-07 18:15:00+02:00,2026-06-07,18,15,1,6,6,37.32,21.29,-3.7250000000000014,-2.3499999999999943,-0.29999999999999716,-2.3499999999999943,,47.88127999999779,16.03
2026-06-07 16:30:00+00:00,2026-06-07 18:30:00+02:00,2026-06-07,18,30,2,6,6,88.98,87.9,-7.690000000000005,-6.88000000000001,-6.88000000000001,-4.050000000000011,,131.82511999999406,1.0799999999999983
2026-06-07 16:45:00+00:00,2026-06-07 18:45:00+02:00,2026-06-07,18,45,3,6,6,112.0,115.97,-8.825000000000003,-7.6299999999999955,6.47999999999999,-7.6299999999999955,,157.6359200000079,-3.969999999999999
2026-06-07 17:00:00+00:00,2026-06-07 19:00:00+02:00,2026-06-07,19,0,0,6,6,94.75,78.62,-5.1000000000000085,-2.7700000000000102,1.039999999999992,-0.7400000000000091,,184.09947999999713,16.129999999999995
2026-06-07 17:15:00+00:00,2026-06-07 19:15:00+02:00,2026-06-07,19,15,1,6,6,113.19,107.43,-7.960000000000008,-6.969999999999999,-3.4399999999999977,-0.5799999999999841,,168.1079200000022,5.759999999999991
2026-06-07 17:30:00+00:00,2026-06-07 19:30:00+02:00,2026-06-07,19,30,2,6,6,119.25,120.23,-8.545000000000002,-8.689999999999998,-12.830000000000013,-15.110000000000014,,82.0017100000041,-0.980000000000004
2026-06-07 17:45:00+00:00,2026-06-07 19:45:00+02:00,2026-06-07,19,45,3,6,6,129.56,148.12,-4.219999999999999,-2.969999999999999,-2.969999999999999,0.9200000000000159,,14.245590000005905,-18.560000000000002
2026-06-07 18:00:00+00:00,2026-06-07 20:00:00+02:00,2026-06-07,20,0,0,6,6,126.26,99.75,-7.77000000000001,-6.670000000000016,-8.870000000000005,0.6200000000000045,,51.36637000000337,26.510000000000005
2026-06-07 18:15:00+00:00,2026-06-07 20:15:00+02:00,2026-06-07,20,15,1,6,6,129.0,125.62,-9.66000000000001,-14.900000000000006,-14.900000000000006,-0.9799999999999898,,-6.349689999995462,3.3799999999999955
2026-06-07 18:30:00+00:00,2026-06-07 20:30:00+02:00,2026-06-07,20,30,2,6,6,132.0,129.28,-5.159999999999997,-4.969999999999999,-4.969999999999999,-1.3700000000000045,,-58.4820899999977,2.719999999999999
2026-06-07 18:45:00+00:00,2026-06-07 20:45:00+02:00,2026-06-07,20,45,3,6,6,139.08,135.06,-14.415000000000006,-17.54000000000002,-17.54000000000002,-21.150000000000006,,-108.5004599999993,4.02000000000001
2026-06-07 19:00:00+00:00,2026-06-07 21:00:00+02:00,2026-06-07,21,0,0,6,6,135.25,133.35,-8.344999999999999,-7.699999999999989,-22.900000000000006,-2.769999999999982,,-130.64188999999897,1.9000000000000057
2026-06-07 19:15:00+00:00,2026-06-07 21:15:00+02:00,2026-06-07,21,15,1,6,6,136.17,135.01,-9.054999999999993,-13.029999999999973,-13.029999999999973,-24.189999999999998,,-128.0034799999994,1.1599999999999966
2026-06-07 19:30:00+00:00,2026-06-07 21:30:00+02:00,2026-06-07,21,30,2,6,6,139.83,141.3,-6.4550000000000125,-8.75,-3.3500000000000227,-16.980000000000018,,-140.7552599999981,-1.4699999999999989
2026-06-07 19:45:00+00:00,2026-06-07 21:45:00+02:00,2026-06-07,21,45,3,6,6,140.79,135.0,-11.175000000000011,-14.669999999999987,-14.669999999999987,-7.450000000000017,,-165.69266999999672,5.789999999999992
2026-06-07 20:00:00+00:00,2026-06-07 22:00:00+02:00,2026-06-07,22,0,0,6,6,147.56,145.7,-3.674999999999997,-3.6200000000000045,-13.699999999999989,-3.0200000000000102,,-185.2031500000012,1.8600000000000136
2026-06-07 20:15:00+00:00,2026-06-07 22:15:00+02:00,2026-06-07,22,15,1,6,6,143.15,143.25,-1.5150000000000148,-1.6200000000000045,-6.730000000000018,-1.410000000000025,,-194.94392000000516,-0.09999999999999432
2026-06-07 20:30:00+00:00,2026-06-07 22:30:00+02:00,2026-06-07,22,30,2,6,6,140.71,138.78,-2.7099999999999937,-6.449999999999989,-10.169999999999987,-0.9399999999999977,,-213.08956000000035,1.9300000000000068
2026-06-07 20:45:00+00:00,2026-06-07 22:45:00+02:00,2026-06-07,22,45,3,6,6,140.58,136.6,-5.500000000000014,-7.539999999999992,-14.420000000000002,-6.450000000000017,,-232.50854000000254,3.980000000000018
2026-06-07 21:00:00+00:00,2026-06-07 23:00:00+02:00,2026-06-07,23,0,0,6,6,148.74,148.73,1.1850000000000023,0.07999999999998408,-13.419999999999987,0.07999999999998408,,-231.96767000000182,0.010000000000019327
2026-06-07 21:15:00+00:00,2026-06-07 23:15:00+02:00,2026-06-07,23,15,1,6,6,140.9,137.92,0.57500000000001,0.7000000000000028,-11.61,-2.319999999999993,,-189.60561000000234,2.980000000000018
2026-06-07 21:30:00+00:00,2026-06-07 23:30:00+02:00,2026-06-07,23,30,2,6,6,140.36,125.69,-2.260000000000005,-2.9000000000000057,-9.759999999999991,-0.18999999999999773,,-131.73446999999942,14.670000000000016
2026-06-07 21:45:00+00:00,2026-06-07 23:45:00+02:00,2026-06-07,23,45,3,6,6,131.74,139.25,-1.4349999999999952,-2.280000000000001,-10.970000000000013,-2.280000000000001,,-79.85793999999805,-7.509999999999991
