feature,selection_frequency,clean_selection_frequency,selected_folds,selected_clean_folds,mean_abs_coefficient,median_abs_coefficient,max_abs_coefficient,fold_all_missing_frequency,coefficient_sign_stability,selected_pre_cap,prefilter_keep,prefilter_reason,non_missing_count,non_missing_fraction,unique_values,family_x,pool_x,base_signal_x,corr_prune_keep,corr_prune_reason,correlated_with,max_abs_corr_with_kept,univariate_abs_spearman,family_y,pool_y,base_signal_y,family,pool,base_signal,selected,selection_method
ida2_minus_da_spread_eur_mwh_rolling_median_28d_same_local_qh,1.0,1.0,8.0,8.0,5.13263912371136,5.009379735690916,5.9750826521853,0.0,1.0,True,True,kept,36757,0.9318544809228039,11524,ida2_history,market_history,ida2_minus_da_spread_eur_mwh,True,first_ranked_feature,,0.0,0.6767522178882316,ida2_history,market_history,ida2_minus_da_spread_eur_mwh,ida2_history,market_history,ida2_minus_da_spread_eur_mwh,True,elasticnet_coefficients
ida2_minus_da_spread_eur_mwh_rolling_median_7d_same_local_qh,1.0,1.0,8.0,8.0,4.919408434457252,4.901825842604708,5.828479309202615,0.0,1.0,True,True,kept,37717,0.9561921663075168,11559,ida2_history,market_history,ida2_minus_da_spread_eur_mwh,True,kept,ida2_minus_da_spread_eur_mwh_rolling_median_28d_same_local_qh,0.9119559596904542,0.6623970012026612,ida2_history,market_history,ida2_minus_da_spread_eur_mwh,ida2_history,market_history,ida2_minus_da_spread_eur_mwh,True,elasticnet_coefficients
ida2_minus_da_spread_eur_mwh_lag_1d_same_local_qh,1.0,1.0,8.0,8.0,2.7218701103632457,2.7726067850638265,3.2600862151037244,0.0,1.0,True,True,kept,37418,0.9486119913804031,18133,ida2_history,market_history,ida2_minus_da_spread_eur_mwh,True,kept,ida2_minus_da_spread_eur_mwh_rolling_mean_3d_same_local_qh,0.8109001886429538,0.569441815625055,ida2_history,market_history,ida2_minus_da_spread_eur_mwh,ida2_history,market_history,ida2_minus_da_spread_eur_mwh,True,elasticnet_coefficients
ida2_minus_da_spread_eur_mwh_lag_7d_same_local_qh,1.0,1.0,8.0,8.0,1.4304438854081745,1.6043605347941394,1.9825334685804965,0.0,1.0,True,True,kept,35498,0.8999366206109773,17648,ida2_history,market_history,ida2_minus_da_spread_eur_mwh,True,kept,ida2_minus_da_spread_eur_mwh_rolling_median_7d_same_local_qh,0.7440079336023561,0.5489220600622465,ida2_history,market_history,ida2_minus_da_spread_eur_mwh,ida2_history,market_history,ida2_minus_da_spread_eur_mwh,True,elasticnet_coefficients
da_price_eur_mwh,0.875,0.875,7.0,7.0,2.088301451980957,1.4404921882375097,5.819849569596342,0.0,1.0,True,True,kept,39445,1.0,8079,da_price,market_history,da_price_eur_mwh,True,kept,ida2_price_eur_mwh_lag_1d_same_local_qh,0.6873782378864338,0.06024692000838093,da_price,market_history,da_price_eur_mwh,da_price,market_history,da_price_eur_mwh,True,elasticnet_coefficients
wind_offshore_id_forecast_error_mw_lag_1d_same_local_qh,0.875,0.875,7.0,7.0,0.5840873377993248,0.4799399649983962,1.2761116905254157,0.0,1.0,True,True,kept,36548,0.926555964000507,35685,lagged_forecast_error,lagged_forecast_error,wind_offshore_id_forecast_error_mw,True,kept,wind_offshore_id_forecast_error_mw_rolling_mean_14d_same_local_qh,0.28960373369769493,0.03562286122638269,lagged_forecast_error,lagged_forecast_error,wind_offshore_id_forecast_error_mw,lagged_forecast_error,lagged_forecast_error,wind_offshore_id_forecast_error_mw,True,elasticnet_coefficients
residual_load_revision_id_minus_da_approx_mw_rolling_median_7d_same_local_qh,0.875,0.875,7.0,7.0,0.2928023224782846,0.20738475910710363,0.8550819203201557,0.0,1.0,True,True,kept,39445,1.0,17294,forecast_revision,forecast_revision,residual_load_revision_id_minus_da_approx_mw,True,kept,residual_load_revision_id_minus_da_approx_mw_rolling_median_14d_same_local_qh,0.6750869639010704,0.01836484928233726,forecast_revision,forecast_revision,residual_load_revision_id_minus_da_approx_mw,forecast_revision,forecast_revision,residual_load_revision_id_minus_da_approx_mw,True,elasticnet_coefficients
ida2_minus_da_spread_eur_mwh_lag_14d_same_local_qh,0.875,0.875,7.0,7.0,0.8270855775884411,0.9600089418486184,1.4823803552324541,0.0,1.0,True,True,kept,34922,0.8853340093801496,17497,ida2_history,market_history,ida2_minus_da_spread_eur_mwh,True,kept,ida2_minus_da_spread_eur_mwh_rolling_median_28d_same_local_qh,0.7227625491057568,0.5192594778614716,ida2_history,market_history,ida2_minus_da_spread_eur_mwh,ida2_history,market_history,ida2_minus_da_spread_eur_mwh,False,elasticnet_coefficients
da_price_eur_mwh_rolling_std_14d_same_local_qh,0.625,0.625,5.0,5.0,0.2896005362177168,0.2776868642826639,0.6836183993896283,0.0,1.0,False,True,kept,39445,1.0,38916,da_price,market_history,da_price_eur_mwh,True,kept,ida2_price_eur_mwh_rolling_std_14d_same_local_qh,0.8456628183763167,0.024191289389835415,da_price,market_history,da_price_eur_mwh,da_price,market_history,da_price_eur_mwh,False,elasticnet_coefficients
solar_da_forecast_error_mw_lag_1d_same_local_qh,0.625,0.625,5.0,5.0,0.17254675065571506,0.13350850591535982,0.5163458376146991,0.0,1.0,False,True,kept,21229,0.5381924198250729,20915,lagged_forecast_error,lagged_forecast_error,solar_da_forecast_error_mw,True,kept,load_da_forecast_error_mw_lag_1d_same_local_qh,0.2231323548902503,0.06208545020258074,lagged_forecast_error,lagged_forecast_error,solar_da_forecast_error_mw,lagged_forecast_error,lagged_forecast_error,solar_da_forecast_error_mw,False,elasticnet_coefficients
wind_total_forecast_id_mw_lag_14d_same_local_qh,0.625,0.625,5.0,5.0,0.15759511638282817,0.07229223636582126,0.412614607002625,0.0,1.0,False,True,kept,37617,0.9536569907466093,37471,id_forecast,forecast_level,wind_total_forecast_id_mw,True,kept,total_generation_forecast_da_mw_lag_14d_same_local_qh,0.3306300195572301,0.0333470921609785,id_forecast,forecast_level,wind_total_forecast_id_mw,id_forecast,forecast_level,wind_total_forecast_id_mw,False,elasticnet_coefficients
renewable_total_forecast_id_mw_lag_14d_same_local_qh,0.5,0.5,4.0,4.0,0.31397316993910357,0.12378671074160184,1.282714264956689,0.0,1.0,False,True,kept,37617,0.9536569907466093,37523,id_forecast,forecast_level,renewable_total_forecast_id_mw,True,kept,total_generation_forecast_da_mw_lag_14d_same_local_qh,0.8272281413181416,0.024062690646103252,id_forecast,forecast_level,renewable_total_forecast_id_mw,id_forecast,forecast_level,renewable_total_forecast_id_mw,False,elasticnet_coefficients
da_price_eur_mwh_rolling_mean_7d_same_local_qh,0.5,0.5,4.0,4.0,0.8960481207354053,0.11381705111655167,4.226779078082343,0.0,1.0,False,True,kept,39445,1.0,19358,da_price,market_history,da_price_eur_mwh,True,kept,ida2_price_eur_mwh_rolling_median_7d_same_local_qh,0.8793302922603687,0.037818396135704535,da_price,market_history,da_price_eur_mwh,da_price,market_history,da_price_eur_mwh,False,elasticnet_coefficients
solar_id_forecast_error_mw_lag_1d_same_local_qh,0.5,0.5,4.0,4.0,0.21776787248773286,0.05634964791754906,1.0995238511099608,0.0,1.0,False,True,kept,21424,0.5431360121688427,21027,lagged_forecast_error,lagged_forecast_error,solar_id_forecast_error_mw,True,kept,solar_da_forecast_error_mw_lag_1d_same_local_qh,0.8689478398522197,0.05160648742834379,lagged_forecast_error,lagged_forecast_error,solar_id_forecast_error_mw,lagged_forecast_error,lagged_forecast_error,solar_id_forecast_error_mw,False,elasticnet_coefficients
renewable_total_forecast_id_mw_lag_2d_same_local_qh,0.5,0.5,4.0,4.0,0.17655631712804365,0.04182743479054234,0.6431387811839001,0.0,1.0,False,True,kept,39441,0.9998985929775637,39346,id_forecast,forecast_level,renewable_total_forecast_id_mw,True,kept,residual_load_forecast_id_approx_mw_lag_2d_same_local_qh,0.8006511781270231,0.030175931681421145,id_forecast,forecast_level,renewable_total_forecast_id_mw,id_forecast,forecast_level,renewable_total_forecast_id_mw,False,elasticnet_coefficients
da_price_eur_mwh_rolling_median_28d_same_local_qh,0.5,0.5,4.0,4.0,0.12290939714296482,0.03291810926740777,0.608064789019837,0.0,1.0,False,True,kept,39445,1.0,6307,da_price,market_history,da_price_eur_mwh,True,kept,ida2_price_eur_mwh_rolling_median_28d_same_local_qh,0.891851608348043,0.04941297669978801,da_price,market_history,da_price_eur_mwh,da_price,market_history,da_price_eur_mwh,False,elasticnet_coefficients
wind_offshore_forecast_da_mw_lag_7d_same_local_qh,0.5,0.5,4.0,4.0,0.10536691462402614,0.026081783104307716,0.4239558284659925,0.0,1.0,False,True,kept,38471,0.97530739003676,37224,da_forecast,forecast_level,wind_offshore_forecast_da_mw,True,kept,total_generation_forecast_da_mw_lag_7d_same_local_qh,0.2819467231490178,0.039592316342884945,da_forecast,forecast_level,wind_offshore_forecast_da_mw,da_forecast,forecast_level,wind_offshore_forecast_da_mw,False,elasticnet_coefficients
residual_load_revision_id_minus_da_approx_mw_rolling_median_14d_same_local_qh,0.5,0.5,4.0,4.0,0.05517588475111159,0.01931578180378058,0.16436359348745938,0.0,1.0,False,True,kept,39445,1.0,19350,forecast_revision,forecast_revision,residual_load_revision_id_minus_da_approx_mw,True,kept,wind_offshore_forecast_revision_id_minus_da_mw_lag_14d_same_local_qh,0.09889002603820363,0.036939678161574264,forecast_revision,forecast_revision,residual_load_revision_id_minus_da_approx_mw,forecast_revision,forecast_revision,residual_load_revision_id_minus_da_approx_mw,False,elasticnet_coefficients
wind_offshore_da_forecast_error_mw_rolling_median_7d_same_local_qh,0.5,0.5,4.0,4.0,0.14712080073071138,0.0037778192161490565,0.5615005448034236,0.0,1.0,False,True,kept,38483,0.9756116111040689,19380,lagged_forecast_error,lagged_forecast_error,wind_offshore_da_forecast_error_mw,True,kept,wind_offshore_da_forecast_error_mw_rolling_mean_7d_same_local_qh,0.8162829300584282,0.006802411926842779,lagged_forecast_error,lagged_forecast_error,wind_offshore_da_forecast_error_mw,lagged_forecast_error,lagged_forecast_error,wind_offshore_da_forecast_error_mw,False,elasticnet_coefficients
wind_onshore_da_forecast_error_mw_rolling_std_14d_same_local_qh,0.5,0.5,4.0,4.0,0.19286774177152458,0.0004983113624152178,0.5986054386383172,0.0,1.0,False,True,kept,38581,0.9780960831537584,38580,lagged_forecast_error,lagged_forecast_error,wind_onshore_da_forecast_error_mw,True,kept,wind_onshore_da_forecast_error_mw_rolling_std_28d_same_local_qh,0.7537650203336105,0.004061754607017206,lagged_forecast_error,lagged_forecast_error,wind_onshore_da_forecast_error_mw,lagged_forecast_error,lagged_forecast_error,wind_onshore_da_forecast_error_mw,False,elasticnet_coefficients
da_price_eur_mwh_lag_1d_same_local_qh,0.375,0.375,3.0,3.0,0.5361601115268886,0.0,2.717463491057269,0.0,1.0,False,True,kept,39433,0.9996957789326911,8126,da_price,market_history,da_price_eur_mwh,True,kept,ida2_price_eur_mwh_lag_1d_same_local_qh,0.9023972735500224,0.04632141433543269,da_price,market_history,da_price_eur_mwh,da_price,market_history,da_price_eur_mwh,False,elasticnet_coefficients
da_price_eur_mwh_rolling_std_7d_same_local_qh,0.375,0.375,3.0,3.0,0.1615169740405295,0.0,0.8073017749934466,0.0,1.0,False,True,kept,39445,1.0,37868,da_price,market_history,da_price_eur_mwh,True,kept,ida2_price_eur_mwh_rolling_std_7d_same_local_qh,0.822665911303659,0.022421994446251405,da_price,market_history,da_price_eur_mwh,da_price,market_history,da_price_eur_mwh,False,elasticnet_coefficients
ida2_price_eur_mwh_regime_vol_7d_over_28d,0.375,0.375,3.0,3.0,0.18415677767165003,0.0,1.0175034288534948,0.0,1.0,False,True,kept,36565,0.9269869438458613,36565,regime_volatility,regime,ida2_price_eur_mwh,True,kept,da_price_eur_mwh_regime_vol_7d_over_28d,0.7299739118110261,0.004413809320210225,regime_volatility,regime,ida2_price_eur_mwh,regime_volatility,regime,ida2_price_eur_mwh,False,elasticnet_coefficients
load_da_forecast_error_mw_rolling_median_3d_same_local_qh,0.375,0.375,3.0,3.0,0.2011362621473659,0.0,0.9096296630517249,0.0,1.0,False,True,kept,37141,0.9415895550766891,25414,lagged_forecast_error,lagged_forecast_error,load_da_forecast_error_mw,True,kept,load_da_forecast_error_mw_lag_1d_same_local_qh,0.8258293066227114,0.0595880503857757,lagged_forecast_error,lagged_forecast_error,load_da_forecast_error_mw,lagged_forecast_error,lagged_forecast_error,load_da_forecast_error_mw,False,elasticnet_coefficients
load_da_forecast_error_mw_rolling_std_3d_same_local_qh,0.375,0.375,3.0,3.0,0.18227725990665328,0.0,0.7249247017817076,0.0,1.0,False,True,kept,37141,0.9415895550766891,37141,lagged_forecast_error,lagged_forecast_error,load_da_forecast_error_mw,True,kept,load_da_forecast_error_mw_rolling_std_7d_same_local_qh,0.4823485677106065,0.012500768549099275,lagged_forecast_error,lagged_forecast_error,load_da_forecast_error_mw,lagged_forecast_error,lagged_forecast_error,load_da_forecast_error_mw,False,elasticnet_coefficients
load_forecast_da_mw_lag_14d_same_local_qh,0.375,0.375,3.0,3.0,0.3046837858441979,0.0,1.6191698922324598,0.0,1.0,False,True,kept,37616,0.9536316389910001,37419,da_forecast,forecast_level,load_forecast_da_mw,True,kept,total_generation_forecast_da_mw_lag_7d_same_local_qh,0.6977343713391586,0.04811235333343599,da_forecast,forecast_level,load_forecast_da_mw,da_forecast,forecast_level,load_forecast_da_mw,False,elasticnet_coefficients
wind_offshore_da_forecast_error_mw_rolling_std_3d_same_local_qh,0.375,0.375,3.0,3.0,0.131978836380838,0.0,0.7320912252997328,0.0,1.0,False,True,kept,37138,0.9415134998098619,37138,lagged_forecast_error,lagged_forecast_error,wind_offshore_da_forecast_error_mw,True,kept,wind_offshore_da_forecast_error_mw_rolling_std_7d_same_local_qh,0.6033756962880479,0.0279996684737737,lagged_forecast_error,lagged_forecast_error,wind_offshore_da_forecast_error_mw,lagged_forecast_error,lagged_forecast_error,wind_offshore_da_forecast_error_mw,False,elasticnet_coefficients
wind_offshore_id_forecast_error_mw_lag_7d_same_local_qh,0.375,0.375,3.0,3.0,0.0777474795014634,0.0,0.40233768746134047,0.0,1.0,False,True,kept,35301,0.8949423247559893,34445,lagged_forecast_error,lagged_forecast_error,wind_offshore_id_forecast_error_mw,True,kept,wind_offshore_id_forecast_error_mw_rolling_mean_14d_same_local_qh,0.32347589930048576,0.02842293679455042,lagged_forecast_error,lagged_forecast_error,wind_offshore_id_forecast_error_mw,lagged_forecast_error,lagged_forecast_error,wind_offshore_id_forecast_error_mw,False,elasticnet_coefficients
wind_total_forecast_revision_id_minus_da_mw_lag_14d_same_local_qh,0.375,0.375,3.0,3.0,0.07210066061697046,0.0,0.4210744201335125,0.0,1.0,False,True,kept,37617,0.9536569907466093,37078,forecast_revision,forecast_revision,wind_total_forecast_revision_id_minus_da_mw,True,kept,wind_offshore_forecast_revision_id_minus_da_mw_lag_14d_same_local_qh,0.5253774368286532,0.035090127010075384,forecast_revision,forecast_revision,wind_total_forecast_revision_id_minus_da_mw,forecast_revision,forecast_revision,wind_total_forecast_revision_id_minus_da_mw,False,elasticnet_coefficients
ida2_minus_da_spread_eur_mwh_rolling_mean_3d_same_local_qh,0.25,0.25,2.0,2.0,0.24665030102404134,0.0,1.8061365988426261,0.0,1.0,False,True,kept,37333,0.9464570921536316,31294,ida2_history,market_history,ida2_minus_da_spread_eur_mwh,True,kept,ida2_minus_da_spread_eur_mwh_rolling_median_7d_same_local_qh,0.8712558731442565,0.6138743415536478,ida2_history,market_history,ida2_minus_da_spread_eur_mwh,ida2_history,market_history,ida2_minus_da_spread_eur_mwh,False,elasticnet_coefficients
ida2_minus_da_spread_eur_mwh_rolling_std_7d_same_local_qh,0.25,0.25,2.0,2.0,0.03254629917757405,0.0,0.14818198550656733,0.0,1.0,False,True,kept,37717,0.9561921663075168,37712,ida2_history,market_history,ida2_minus_da_spread_eur_mwh,True,kept,ida2_minus_da_spread_eur_mwh_rolling_std_14d_same_local_qh,0.7388758653177102,0.02323674536316111,ida2_history,market_history,ida2_minus_da_spread_eur_mwh,ida2_history,market_history,ida2_minus_da_spread_eur_mwh,False,elasticnet_coefficients
ida2_price_eur_mwh_rolling_median_28d_same_local_qh,0.25,0.25,2.0,2.0,0.0907203109863533,0.0,0.4766422603805274,0.0,1.0,False,True,kept,36757,0.9318544809228039,11726,ida2_history,market_history,ida2_price_eur_mwh,True,kept,ida2_minus_da_spread_eur_mwh_rolling_median_28d_same_local_qh,0.3290200939155117,0.22320032864313638,ida2_history,market_history,ida2_price_eur_mwh,ida2_history,market_history,ida2_price_eur_mwh,False,elasticnet_coefficients
ida2_price_eur_mwh_rolling_std_3d_same_local_qh,0.25,0.25,2.0,2.0,0.30730905620096927,0.0,1.5225060492692384,0.0,1.0,False,True,kept,37333,0.9464570921536316,37096,ida2_history,market_history,ida2_price_eur_mwh,True,kept,ida2_price_eur_mwh_rolling_std_7d_same_local_qh,0.6068536037031244,0.036331344361564336,ida2_history,market_history,ida2_price_eur_mwh,ida2_history,market_history,ida2_price_eur_mwh,False,elasticnet_coefficients
ida2_volume_mw_lag_2d_same_local_qh,0.25,0.25,2.0,2.0,0.09985166668528689,0.0,0.48716342674990853,0.0,1.0,False,True,kept,37137,0.9414881480542527,2556,ida2_history,market_history,ida2_volume_mw,True,kept,ida2_volume_mw_lag_1d_same_local_qh,0.18168139696133898,0.013526401146763232,ida2_history,market_history,ida2_volume_mw,ida2_history,market_history,ida2_volume_mw,False,elasticnet_coefficients
ida2_volume_mw_lag_7d_same_local_qh,0.25,0.25,2.0,2.0,0.03963956945071135,0.0,0.2996929931720375,0.0,1.0,False,True,kept,35505,0.9001140829002409,2557,ida2_history,market_history,ida2_volume_mw,True,kept,ida2_volume_mw_lag_1d_same_local_qh,0.10753940575288308,0.0275787324069687,ida2_history,market_history,ida2_volume_mw,ida2_history,market_history,ida2_volume_mw,False,elasticnet_coefficients
is_weekend,0.25,0.25,2.0,2.0,0.05587192580267514,0.0,0.40003046681727233,0.0,1.0,False,True,kept,39445,1.0,2,calendar,calendar,is_weekend,True,kept,month_sin,0.02536994746640845,0.03494712525146699,calendar,calendar,is_weekend,calendar,calendar,is_weekend,False,elasticnet_coefficients
load_forecast_da_mw_lag_1d_same_local_qh,0.25,0.25,2.0,2.0,0.21622338693579723,0.0,1.1079376833492245,0.0,1.0,False,True,kept,39440,0.9998732412219546,39230,da_forecast,forecast_level,load_forecast_da_mw,True,kept,load_forecast_da_mw_lag_2d_same_local_qh,0.7831678384395432,0.01411375765376722,da_forecast,forecast_level,load_forecast_da_mw,da_forecast,forecast_level,load_forecast_da_mw,False,elasticnet_coefficients
month_sin,0.25,0.25,2.0,2.0,0.02357897672565086,0.0,0.18259719828343135,0.0,1.0,False,True,kept,39445,1.0,11,calendar,calendar,month_sin,True,kept,month_cos,0.004260193834188791,0.038745827938555875,calendar,calendar,month_sin,calendar,calendar,month_sin,False,elasticnet_coefficients
renewable_total_forecast_da_mw,0.25,0.25,2.0,2.0,0.17011137423822045,0.0,0.6915927663295197,0.0,1.0,False,True,kept,39445,1.0,39333,da_forecast,forecast_level,renewable_total_forecast_da_mw,True,kept,total_generation_forecast_da_mw,0.8196371302727026,0.022446158981602765,da_forecast,forecast_level,renewable_total_forecast_da_mw,da_forecast,forecast_level,renewable_total_forecast_da_mw,False,elasticnet_coefficients
residual_load_forecast_da_mw,0.25,0.25,2.0,2.0,0.30636139312499866,0.0,2.2939189883375124,0.0,1.0,False,True,kept,39444,0.999974648244391,39361,da_forecast,forecast_level,residual_load_forecast_da_mw,True,kept,renewable_total_forecast_da_mw,0.8007915719368038,0.0017631491695826841,da_forecast,forecast_level,residual_load_forecast_da_mw,da_forecast,forecast_level,residual_load_forecast_da_mw,False,elasticnet_coefficients
residual_load_forecast_id_approx_mw_lag_2d_same_local_qh,0.25,0.25,2.0,2.0,0.48599082151654105,0.0,2.5353849072184156,0.0,1.0,False,True,kept,39440,0.9998732412219546,39360,id_forecast,forecast_level,residual_load_forecast_id_approx_mw,True,kept,solar_forecast_da_mw_lag_1d_same_local_qh,0.5702846778856991,0.04681646569820305,id_forecast,forecast_level,residual_load_forecast_id_approx_mw,id_forecast,forecast_level,residual_load_forecast_id_approx_mw,False,elasticnet_coefficients
residual_load_revision_id_minus_da_approx_mw_rolling_mean_28d_same_local_qh,0.25,0.25,2.0,2.0,0.1240932377881777,0.0,0.8228666612008075,0.0,1.0,False,True,kept,39445,1.0,39431,forecast_revision,forecast_revision,residual_load_revision_id_minus_da_approx_mw,True,kept,wind_total_forecast_revision_id_minus_da_mw_rolling_mean_28d_same_local_qh,0.8446276098506825,0.026175571151979358,forecast_revision,forecast_revision,residual_load_revision_id_minus_da_approx_mw,forecast_revision,forecast_revision,residual_load_revision_id_minus_da_approx_mw,False,elasticnet_coefficients
solar_da_forecast_error_mw_rolling_mean_14d_same_local_qh,0.25,0.25,2.0,2.0,0.18281867386715597,0.0,0.8324366453071631,0.0,1.0,False,True,kept,22660,0.5744707821016606,22589,lagged_forecast_error,lagged_forecast_error,solar_da_forecast_error_mw,True,kept,solar_id_forecast_error_mw_rolling_mean_7d_same_local_qh,0.8277390696682236,0.016649382770451252,lagged_forecast_error,lagged_forecast_error,solar_da_forecast_error_mw,lagged_forecast_error,lagged_forecast_error,solar_da_forecast_error_mw,False,elasticnet_coefficients
solar_forecast_da_mw_lag_1d_same_local_qh,0.25,0.25,2.0,2.0,0.3416798734106501,0.0,1.996206223237019,0.0,1.0,False,True,kept,23071,0.5848903536569907,21605,da_forecast,forecast_level,solar_forecast_da_mw,True,first_ranked_feature,,0.0,0.08665224994264464,da_forecast,forecast_level,solar_forecast_da_mw,da_forecast,forecast_level,solar_forecast_da_mw,False,elasticnet_coefficients
solar_forecast_revision_id_minus_da_mw_lag_2d_same_local_qh,0.25,0.25,2.0,2.0,0.13410643630196734,0.0,0.5987235258649309,0.0,1.0,False,True,kept,23037,0.5840283939662821,21362,forecast_revision,forecast_revision,solar_forecast_revision_id_minus_da_mw,True,kept,renewable_total_forecast_revision_id_minus_da_mw_lag_2d_same_local_qh,0.5538238267207838,0.019636177504648397,forecast_revision,forecast_revision,solar_forecast_revision_id_minus_da_mw,forecast_revision,forecast_revision,solar_forecast_revision_id_minus_da_mw,False,elasticnet_coefficients
total_generation_forecast_da_mw_lag_1d_same_local_qh,0.25,0.25,2.0,2.0,0.13636884638290897,0.0,0.5662388591068914,0.0,1.0,False,True,kept,31020,0.7864114589935353,30905,da_forecast,forecast_level,total_generation_forecast_da_mw,True,kept,total_generation_forecast_da_mw,0.7875707120473892,0.04347668648331919,da_forecast,forecast_level,total_generation_forecast_da_mw,da_forecast,forecast_level,total_generation_forecast_da_mw,False,elasticnet_coefficients
total_generation_forecast_da_mw_lag_2d_same_local_qh,0.25,0.25,2.0,2.0,0.031575226309332606,0.0,0.1838930412915691,0.0,1.0,False,True,kept,30948,0.7845861325896818,30835,da_forecast,forecast_level,total_generation_forecast_da_mw,True,kept,renewable_total_forecast_id_mw_lag_2d_same_local_qh,0.8239496269454629,0.013633153754131044,da_forecast,forecast_level,total_generation_forecast_da_mw,da_forecast,forecast_level,total_generation_forecast_da_mw,False,elasticnet_coefficients
weekday_sin,0.25,0.25,2.0,2.0,0.04252766897533474,0.0,0.25030856423176845,0.0,1.0,False,True,kept,39445,1.0,7,calendar,calendar,weekday_sin,True,kept,is_weekend,0.7895824511063527,0.011220769540992288,calendar,calendar,weekday_sin,calendar,calendar,weekday_sin,False,elasticnet_coefficients
wind_offshore_da_forecast_error_mw_lag_7d_same_local_qh,0.25,0.25,2.0,2.0,0.09662419466073087,0.0,0.44020045061249424,0.0,1.0,False,True,kept,35307,0.8950944352896438,34764,lagged_forecast_error,lagged_forecast_error,wind_offshore_da_forecast_error_mw,True,kept,wind_offshore_id_forecast_error_mw_lag_7d_same_local_qh,0.8051769994640595,0.025862938095731466,lagged_forecast_error,lagged_forecast_error,wind_offshore_da_forecast_error_mw,lagged_forecast_error,lagged_forecast_error,wind_offshore_da_forecast_error_mw,False,elasticnet_coefficients
wind_offshore_da_forecast_error_mw_rolling_median_28d_same_local_qh,0.25,0.25,2.0,2.0,0.07248414635922446,0.0,0.4436048762776889,0.0,1.0,False,True,kept,38581,0.9780960831537584,15007,lagged_forecast_error,lagged_forecast_error,wind_offshore_da_forecast_error_mw,True,kept,wind_offshore_da_forecast_error_mw_rolling_mean_28d_same_local_qh,0.7874355256635427,0.0002737603592380491,lagged_forecast_error,lagged_forecast_error,wind_offshore_da_forecast_error_mw,lagged_forecast_error,lagged_forecast_error,wind_offshore_da_forecast_error_mw,False,elasticnet_coefficients
wind_offshore_id_forecast_error_mw_rolling_median_3d_same_local_qh,0.25,0.25,2.0,2.0,0.10255455909332035,0.0,0.7805969085106839,0.0,1.0,False,True,kept,37134,0.9414120927874255,23758,lagged_forecast_error,lagged_forecast_error,wind_offshore_id_forecast_error_mw,True,kept,wind_offshore_id_forecast_error_mw_rolling_mean_3d_same_local_qh,0.8455946897007988,0.024402398401656,lagged_forecast_error,lagged_forecast_error,wind_offshore_id_forecast_error_mw,lagged_forecast_error,lagged_forecast_error,wind_offshore_id_forecast_error_mw,False,elasticnet_coefficients
wind_onshore_forecast_revision_id_minus_da_mw_lag_1d_same_local_qh,0.25,0.25,2.0,2.0,0.04116518270825059,0.0,0.23021276279999672,0.0,1.0,False,True,kept,39436,0.9997718341995183,38645,forecast_revision,forecast_revision,wind_onshore_forecast_revision_id_minus_da_mw,True,kept,renewable_total_forecast_revision_id_minus_da_mw_lag_1d_same_local_qh,0.8173787650981825,0.019168108573276412,forecast_revision,forecast_revision,wind_onshore_forecast_revision_id_minus_da_mw,forecast_revision,forecast_revision,wind_onshore_forecast_revision_id_minus_da_mw,False,elasticnet_coefficients
wind_onshore_id_forecast_error_mw_lag_14d_same_local_qh,0.25,0.25,2.0,2.0,0.10365683449590539,0.0,0.5224901044457301,0.0,1.0,False,True,kept,34545,0.8757763975155279,34061,lagged_forecast_error,lagged_forecast_error,wind_onshore_id_forecast_error_mw,True,kept,wind_onshore_id_forecast_error_mw_rolling_median_28d_same_local_qh,0.3677908511307836,0.0054912643566764835,lagged_forecast_error,lagged_forecast_error,wind_onshore_id_forecast_error_mw,lagged_forecast_error,lagged_forecast_error,wind_onshore_id_forecast_error_mw,False,elasticnet_coefficients
wind_onshore_id_forecast_error_mw_lag_2d_same_local_qh,0.25,0.25,2.0,2.0,0.015575207192458978,0.0,0.09401213489057637,0.0,1.0,False,True,kept,36177,0.9171504626695398,35688,lagged_forecast_error,lagged_forecast_error,wind_onshore_id_forecast_error_mw,True,kept,wind_onshore_id_forecast_error_mw_rolling_mean_3d_same_local_qh,0.6539832183784619,0.007628757805761807,lagged_forecast_error,lagged_forecast_error,wind_onshore_id_forecast_error_mw,lagged_forecast_error,lagged_forecast_error,wind_onshore_id_forecast_error_mw,False,elasticnet_coefficients
wind_onshore_id_forecast_error_mw_rolling_median_7d_same_local_qh,0.25,0.25,2.0,2.0,0.08439921272352319,0.0,0.4138409402862745,0.0,1.0,False,True,kept,38485,0.9756623146152871,19910,lagged_forecast_error,lagged_forecast_error,wind_onshore_id_forecast_error_mw,True,kept,wind_onshore_da_forecast_error_mw_rolling_median_7d_same_local_qh,0.7039663851548442,0.007052414737334406,lagged_forecast_error,lagged_forecast_error,wind_onshore_id_forecast_error_mw,lagged_forecast_error,lagged_forecast_error,wind_onshore_id_forecast_error_mw,False,elasticnet_coefficients
wind_total_forecast_revision_id_minus_da_mw_lag_2d_same_local_qh,0.25,0.25,2.0,2.0,0.14520552695729005,0.0,0.6146353699008786,0.0,1.0,False,True,kept,39441,0.9998985929775637,38873,forecast_revision,forecast_revision,wind_total_forecast_revision_id_minus_da_mw,True,kept,renewable_total_forecast_revision_id_minus_da_mw_lag_2d_same_local_qh,0.8791048098864345,0.008619694967449359,forecast_revision,forecast_revision,wind_total_forecast_revision_id_minus_da_mw,forecast_revision,forecast_revision,wind_total_forecast_revision_id_minus_da_mw,False,elasticnet_coefficients
wind_total_forecast_revision_id_minus_da_mw_regime_vol_7d_over_28d,0.25,0.25,2.0,2.0,0.13093710126624483,0.0,0.8277622776109398,0.0,1.0,False,True,kept,39445,1.0,39445,regime_volatility,regime,wind_total_forecast_revision_id_minus_da_mw,True,kept,ida2_price_eur_mwh_regime_mean_shift_7d_vs_28d_z,0.25817548384204025,0.0133322488432506,regime_volatility,regime,wind_total_forecast_revision_id_minus_da_mw,regime_volatility,regime,wind_total_forecast_revision_id_minus_da_mw,False,elasticnet_coefficients
wind_total_forecast_revision_id_minus_da_mw_rolling_mean_14d_same_local_qh,0.25,0.25,2.0,2.0,0.029045059570954636,0.0,0.22223676736387468,0.0,0.0,False,True,kept,39445,1.0,39431,forecast_revision,forecast_revision,wind_total_forecast_revision_id_minus_da_mw,True,kept,wind_total_forecast_revision_id_minus_da_mw_rolling_median_14d_same_local_qh,0.7925371493085679,0.02528079728924124,forecast_revision,forecast_revision,wind_total_forecast_revision_id_minus_da_mw,forecast_revision,forecast_revision,wind_total_forecast_revision_id_minus_da_mw,False,elasticnet_coefficients
wind_total_forecast_revision_id_minus_da_mw_rolling_std_14d_same_local_qh,0.25,0.25,2.0,2.0,0.06873636713458234,0.0,0.3329841072118909,0.0,1.0,False,True,kept,39445,1.0,39445,forecast_revision,forecast_revision,wind_total_forecast_revision_id_minus_da_mw,True,kept,residual_load_revision_id_minus_da_approx_mw_rolling_std_14d_same_local_qh,0.7669835549261722,0.010080999670359577,forecast_revision,forecast_revision,wind_total_forecast_revision_id_minus_da_mw,forecast_revision,forecast_revision,wind_total_forecast_revision_id_minus_da_mw,False,elasticnet_coefficients
wind_total_forecast_revision_id_minus_da_mw_rolling_std_3d_same_local_qh,0.25,0.25,2.0,2.0,0.03070634404493448,0.0,0.14129877470916208,0.0,1.0,False,True,kept,39445,1.0,39445,forecast_revision,forecast_revision,wind_total_forecast_revision_id_minus_da_mw,True,kept,residual_load_revision_id_minus_da_approx_mw_rolling_std_7d_same_local_qh,0.46825520244123897,0.00262569546938174,forecast_revision,forecast_revision,wind_total_forecast_revision_id_minus_da_mw,forecast_revision,forecast_revision,wind_total_forecast_revision_id_minus_da_mw,False,elasticnet_coefficients
da_price_eur_mwh_lag_14d_same_local_qh,0.125,0.125,1.0,1.0,0.013923337184582689,0.0,0.11138669747666151,0.0,1.0,False,True,kept,37606,0.9533781214349094,8020,da_price,market_history,da_price_eur_mwh,True,kept,ida2_price_eur_mwh_lag_14d_same_local_qh,0.901032367743636,0.046582858893179806,da_price,market_history,da_price_eur_mwh,da_price,market_history,da_price_eur_mwh,False,elasticnet_coefficients
da_price_eur_mwh_lag_7d_same_local_qh,0.125,0.125,1.0,1.0,0.037090164613300544,0.0,0.29672131690640435,0.0,1.0,False,True,kept,38470,0.975282038281151,8060,da_price,market_history,da_price_eur_mwh,True,kept,ida2_price_eur_mwh_lag_7d_same_local_qh,0.9001507414941774,0.05189152676083914,da_price,market_history,da_price_eur_mwh,da_price,market_history,da_price_eur_mwh,False,elasticnet_coefficients
da_price_eur_mwh_regime_vol_28d,0.125,0.125,1.0,1.0,0.024607382925070306,0.0,0.19685906340056245,0.0,1.0,False,True,kept,39445,1.0,39173,regime_volatility,regime,da_price_eur_mwh,True,kept,ida2_price_eur_mwh_regime_vol_28d,0.8475273193114672,0.04299278860891125,regime_volatility,regime,da_price_eur_mwh,regime_volatility,regime,da_price_eur_mwh,False,elasticnet_coefficients
da_price_eur_mwh_regime_vol_7d_over_28d,0.125,0.125,1.0,1.0,0.03357866162163353,0.0,0.26862929297306826,0.0,1.0,False,True,kept,39445,1.0,39284,regime_volatility,regime,da_price_eur_mwh,True,kept,ida2_minus_da_spread_eur_mwh_regime_vol_7d_over_28d,0.2514603345229541,0.01354252531840629,regime_volatility,regime,da_price_eur_mwh,regime_volatility,regime,da_price_eur_mwh,False,elasticnet_coefficients
da_price_eur_mwh_rolling_mean_3d_same_local_qh,0.125,0.125,1.0,1.0,0.0924604557569439,0.0,0.7396836460555511,0.0,1.0,False,True,kept,39445,1.0,20083,da_price,market_history,da_price_eur_mwh,True,kept,da_price_eur_mwh_rolling_mean_7d_same_local_qh,0.8959770285426867,0.019959081538787962,da_price,market_history,da_price_eur_mwh,da_price,market_history,da_price_eur_mwh,False,elasticnet_coefficients
da_price_eur_mwh_rolling_std_28d_same_local_qh,0.125,0.125,1.0,1.0,0.01891299504370005,0.0,0.1513039603496004,0.0,1.0,False,True,kept,39445,1.0,39173,da_price,market_history,da_price_eur_mwh,True,kept,ida2_price_eur_mwh_rolling_std_28d_same_local_qh,0.8475273193114672,0.04299278860891125,da_price,market_history,da_price_eur_mwh,da_price,market_history,da_price_eur_mwh,False,elasticnet_coefficients
da_price_eur_mwh_rolling_std_3d_same_local_qh,0.125,0.125,1.0,1.0,0.0006143097891009927,0.0,0.004914478312807942,0.0,1.0,False,True,kept,39445,1.0,36829,da_price,market_history,da_price_eur_mwh,True,kept,ida2_price_eur_mwh_rolling_std_3d_same_local_qh,0.8092082912380127,0.0008744089299297881,da_price,market_history,da_price_eur_mwh,da_price,market_history,da_price_eur_mwh,False,elasticnet_coefficients
hour_cos,0.125,0.125,1.0,1.0,0.08427910858469528,0.0,0.6742328686775623,0.0,1.0,False,True,kept,39445,1.0,22,calendar,calendar,hour_cos,True,kept,month_cos,1.5022746683249832e-05,0.04267532681572776,calendar,calendar,hour_cos,calendar,calendar,hour_cos,False,elasticnet_coefficients
ida2_minus_da_spread_eur_mwh_lag_2d_same_local_qh,0.125,0.125,1.0,1.0,0.04706734904234922,0.0,0.3765387923387938,0.0,1.0,False,True,kept,37130,0.9413106857649892,17988,ida2_history,market_history,ida2_minus_da_spread_eur_mwh,True,kept,ida2_minus_da_spread_eur_mwh_rolling_mean_3d_same_local_qh,0.8326280150551998,0.5165520656231509,ida2_history,market_history,ida2_minus_da_spread_eur_mwh,ida2_history,market_history,ida2_minus_da_spread_eur_mwh,False,elasticnet_coefficients
ida2_minus_da_spread_eur_mwh_regime_mean_shift_7d_vs_28d_z,0.125,0.125,1.0,1.0,0.04316042205599261,0.0,0.3452833764479409,0.0,1.0,False,True,kept,36565,0.9269869438458613,36565,regime_mean_shift,regime,ida2_minus_da_spread_eur_mwh,True,kept,ida2_price_eur_mwh_regime_vol_28d,0.02392129333954991,0.0700292941503835,regime_mean_shift,regime,ida2_minus_da_spread_eur_mwh,regime_mean_shift,regime,ida2_minus_da_spread_eur_mwh,False,elasticnet_coefficients
ida2_minus_da_spread_eur_mwh_rolling_std_3d_same_local_qh,0.125,0.125,1.0,1.0,0.04344182672291007,0.0,0.34753461378328054,0.0,1.0,False,True,kept,37333,0.9464570921536316,37262,ida2_history,market_history,ida2_minus_da_spread_eur_mwh,True,kept,ida2_minus_da_spread_eur_mwh_rolling_std_7d_same_local_qh,0.6023482299026657,0.016772983037493302,ida2_history,market_history,ida2_minus_da_spread_eur_mwh,ida2_history,market_history,ida2_minus_da_spread_eur_mwh,False,elasticnet_coefficients
ida2_price_eur_mwh_lag_14d_same_local_qh,0.125,0.125,1.0,1.0,0.13805116987430138,0.0,1.104409358994411,0.0,1.0,False,True,kept,34929,0.8855114716694131,15038,ida2_history,market_history,ida2_price_eur_mwh,True,kept,ida2_price_eur_mwh_rolling_median_28d_same_local_qh,0.7472476279817933,0.16431508129186356,ida2_history,market_history,ida2_price_eur_mwh,ida2_history,market_history,ida2_price_eur_mwh,False,elasticnet_coefficients
ida2_price_eur_mwh_regime_abs_median_28d_over_vol,0.125,0.125,1.0,1.0,0.08339649189304434,0.0,0.6671719351443547,0.0,1.0,False,True,kept,36757,0.9318544809228039,36598,regime_level,regime,ida2_price_eur_mwh,True,kept,da_price_eur_mwh_regime_abs_median_28d_over_vol,0.8897830214683399,0.028895981744868154,regime_level,regime,ida2_price_eur_mwh,regime_level,regime,ida2_price_eur_mwh,False,elasticnet_coefficients
ida2_price_eur_mwh_rolling_median_3d_same_local_qh,0.125,0.125,1.0,1.0,0.12806835996160237,0.0,1.024546879692819,0.0,1.0,False,True,kept,37333,0.9464570921536316,12780,ida2_history,market_history,ida2_price_eur_mwh,True,kept,ida2_price_eur_mwh_rolling_median_7d_same_local_qh,0.8720464509116159,0.20145510450488138,ida2_history,market_history,ida2_price_eur_mwh,ida2_history,market_history,ida2_price_eur_mwh,False,elasticnet_coefficients
ida2_price_eur_mwh_rolling_median_7d_same_local_qh,0.125,0.125,1.0,1.0,0.013381384688732316,0.0,0.10705107750985852,0.0,1.0,False,True,kept,37717,0.9561921663075168,11026,ida2_history,market_history,ida2_price_eur_mwh,True,kept,ida2_price_eur_mwh_rolling_median_28d_same_local_qh,0.8741780762356631,0.2194011095453778,ida2_history,market_history,ida2_price_eur_mwh,ida2_history,market_history,ida2_price_eur_mwh,False,elasticnet_coefficients
ida2_volume_mw_lag_14d_same_local_qh,0.125,0.125,1.0,1.0,0.006205122046479674,0.0,0.04964097637183739,0.0,1.0,False,True,kept,34929,0.8855114716694131,2548,ida2_history,market_history,ida2_volume_mw,True,kept,ida2_volume_mw_lag_7d_same_local_qh,0.09077684705052524,0.0008998828203602918,ida2_history,market_history,ida2_volume_mw,ida2_history,market_history,ida2_volume_mw,False,elasticnet_coefficients
ida2_volume_mw_lag_1d_same_local_qh,0.125,0.125,1.0,1.0,0.0013177557970970389,0.0,0.010542046376776311,0.0,1.0,False,True,kept,37425,0.9487894536696666,2583,ida2_history,market_history,ida2_volume_mw,True,kept,ida2_minus_da_spread_eur_mwh_rolling_std_14d_same_local_qh,0.07225287470393843,0.02780630838349336,ida2_history,market_history,ida2_volume_mw,ida2_history,market_history,ida2_volume_mw,False,elasticnet_coefficients
load_da_forecast_error_mw_lag_14d_same_local_qh,0.125,0.125,1.0,1.0,0.02060378210909236,0.0,0.1648302568727389,0.0,1.0,False,True,kept,34544,0.8757510457599189,34445,lagged_forecast_error,lagged_forecast_error,load_da_forecast_error_mw,True,kept,load_da_forecast_error_mw_rolling_median_14d_same_local_qh,0.7083526400376314,0.028802307685567543,lagged_forecast_error,lagged_forecast_error,load_da_forecast_error_mw,lagged_forecast_error,lagged_forecast_error,load_da_forecast_error_mw,False,elasticnet_coefficients
load_da_forecast_error_mw_lag_1d_same_local_qh,0.125,0.125,1.0,1.0,0.020532349823376837,0.0,0.1642587985870147,0.0,1.0,False,True,kept,36560,0.926860185067816,36456,lagged_forecast_error,lagged_forecast_error,load_da_forecast_error_mw,True,first_ranked_feature,,0.0,0.08062010892371105,lagged_forecast_error,lagged_forecast_error,load_da_forecast_error_mw,lagged_forecast_error,lagged_forecast_error,load_da_forecast_error_mw,False,elasticnet_coefficients
load_da_forecast_error_mw_lag_7d_same_local_qh,0.125,0.125,1.0,1.0,0.02633179638936515,0.0,0.2106543711149212,0.0,1.0,False,True,kept,35312,0.8952211940676892,35214,lagged_forecast_error,lagged_forecast_error,load_da_forecast_error_mw,True,kept,load_da_forecast_error_mw_rolling_mean_7d_same_local_qh,0.755032132191003,0.02988045102179857,lagged_forecast_error,lagged_forecast_error,load_da_forecast_error_mw,lagged_forecast_error,lagged_forecast_error,load_da_forecast_error_mw,False,elasticnet_coefficients
load_da_forecast_error_mw_rolling_mean_7d_same_local_qh,0.125,0.125,1.0,1.0,0.06782978534523128,0.0,0.5426382827618502,0.0,1.0,False,True,kept,38485,0.9756623146152871,38288,lagged_forecast_error,lagged_forecast_error,load_da_forecast_error_mw,True,kept,load_da_forecast_error_mw_rolling_median_3d_same_local_qh,0.8664251594237062,0.04705267643216176,lagged_forecast_error,lagged_forecast_error,load_da_forecast_error_mw,lagged_forecast_error,lagged_forecast_error,load_da_forecast_error_mw,False,elasticnet_coefficients
load_da_forecast_error_mw_rolling_std_14d_same_local_qh,0.125,0.125,1.0,1.0,0.03325104649604234,0.0,0.2660083719683387,0.0,1.0,False,True,kept,38581,0.9780960831537584,38581,lagged_forecast_error,lagged_forecast_error,load_da_forecast_error_mw,True,kept,load_da_forecast_error_mw_rolling_std_28d_same_local_qh,0.7776932545005073,0.022816758518229334,lagged_forecast_error,lagged_forecast_error,load_da_forecast_error_mw,lagged_forecast_error,lagged_forecast_error,load_da_forecast_error_mw,False,elasticnet_coefficients
load_da_forecast_error_mw_rolling_std_28d_same_local_qh,0.125,0.125,1.0,1.0,0.03507039351620211,0.0,0.28056314812961686,0.0,1.0,False,True,kept,38581,0.9780960831537584,38581,lagged_forecast_error,lagged_forecast_error,load_da_forecast_error_mw,True,kept,solar_id_forecast_error_mw_rolling_std_28d_same_local_qh,0.3508512498385087,0.045528932303430976,lagged_forecast_error,lagged_forecast_error,load_da_forecast_error_mw,lagged_forecast_error,lagged_forecast_error,load_da_forecast_error_mw,False,elasticnet_coefficients
load_da_forecast_error_mw_rolling_std_7d_same_local_qh,0.125,0.125,1.0,1.0,0.035893563273814856,0.0,0.28714850619051885,0.0,1.0,False,True,kept,38485,0.9756623146152871,38293,lagged_forecast_error,lagged_forecast_error,load_da_forecast_error_mw,True,kept,load_da_forecast_error_mw_rolling_std_14d_same_local_qh,0.7265758458283408,0.021007418176208006,lagged_forecast_error,lagged_forecast_error,load_da_forecast_error_mw,lagged_forecast_error,lagged_forecast_error,load_da_forecast_error_mw,False,elasticnet_coefficients
month_cos,0.125,0.125,1.0,1.0,0.04665369987458048,0.0,0.3732295989966438,0.0,1.0,False,True,kept,39445,1.0,11,calendar,calendar,month_cos,True,first_ranked_feature,,0.0,0.057968318765738755,calendar,calendar,month_cos,calendar,calendar,month_cos,False,elasticnet_coefficients
quarter_sin,0.125,0.125,1.0,1.0,0.09401530927799179,0.0,0.7521224742239343,0.0,1.0,False,True,kept,39445,1.0,87,calendar,calendar,quarter_sin,True,kept,hour_cos,0.13230632849479101,0.015015724105794295,calendar,calendar,quarter_sin,calendar,calendar,quarter_sin,False,elasticnet_coefficients
renewable_total_forecast_da_mw_lag_1d_same_local_qh,0.125,0.125,1.0,1.0,0.11520333594807335,0.0,0.9216266875845868,0.0,1.0,False,True,kept,39441,0.9998985929775637,39324,da_forecast,forecast_level,renewable_total_forecast_da_mw,True,kept,total_generation_forecast_da_mw_lag_1d_same_local_qh,0.8270851988888843,0.0193524462315983,da_forecast,forecast_level,renewable_total_forecast_da_mw,da_forecast,forecast_level,renewable_total_forecast_da_mw,False,elasticnet_coefficients
renewable_total_forecast_revision_id_minus_da_mw_lag_7d_same_local_qh,0.125,0.125,1.0,1.0,0.005400021172853985,0.0,0.04320016938283188,0.0,1.0,False,True,kept,38481,0.9755609075928509,38006,forecast_revision,forecast_revision,renewable_total_forecast_revision_id_minus_da_mw,True,kept,wind_total_forecast_revision_id_minus_da_mw_lag_7d_same_local_qh,0.88044469816841,0.001449913629755793,forecast_revision,forecast_revision,renewable_total_forecast_revision_id_minus_da_mw,forecast_revision,forecast_revision,renewable_total_forecast_revision_id_minus_da_mw,False,elasticnet_coefficients
renewable_total_forecast_revision_id_minus_da_mw_regime_abs_median_28d_over_vol,0.125,0.125,1.0,1.0,0.0006096625229264612,0.0,0.00487730018341169,0.0,1.0,False,True,kept,39445,1.0,39445,regime_level,regime,renewable_total_forecast_revision_id_minus_da_mw,True,kept,wind_total_forecast_revision_id_minus_da_mw_regime_abs_median_28d_over_vol,0.6579907562125025,0.002122043522007995,regime_level,regime,renewable_total_forecast_revision_id_minus_da_mw,regime_level,regime,renewable_total_forecast_revision_id_minus_da_mw,False,elasticnet_coefficients
residual_load_forecast_id_approx_mw_lag_7d_same_local_qh,0.125,0.125,1.0,1.0,0.08100009604018667,0.0,0.6480007683214933,0.0,1.0,False,True,kept,38480,0.9755355558372417,38403,id_forecast,forecast_level,residual_load_forecast_id_approx_mw,True,kept,renewable_total_forecast_da_mw_lag_7d_same_local_qh,0.7946237678085103,0.005322945806379178,id_forecast,forecast_level,residual_load_forecast_id_approx_mw,id_forecast,forecast_level,residual_load_forecast_id_approx_mw,False,elasticnet_coefficients
residual_load_revision_id_minus_da_approx_mw_rolling_mean_14d_same_local_qh,0.125,0.125,1.0,1.0,0.014820366229212987,0.0,0.1185629298337039,0.0,1.0,False,True,kept,39445,1.0,39411,forecast_revision,forecast_revision,residual_load_revision_id_minus_da_approx_mw,True,kept,wind_total_forecast_revision_id_minus_da_mw_rolling_mean_14d_same_local_qh,0.8570535155433583,0.023666937876896412,forecast_revision,forecast_revision,residual_load_revision_id_minus_da_approx_mw,forecast_revision,forecast_revision,residual_load_revision_id_minus_da_approx_mw,False,elasticnet_coefficients
residual_load_revision_id_minus_da_approx_mw_rolling_std_7d_same_local_qh,0.125,0.125,1.0,1.0,0.03839931201823412,0.0,0.30719449614587296,0.0,1.0,False,True,kept,39445,1.0,39445,forecast_revision,forecast_revision,residual_load_revision_id_minus_da_approx_mw,True,kept,residual_load_revision_id_minus_da_approx_mw_rolling_std_14d_same_local_qh,0.7360676438518728,0.018469862395743424,forecast_revision,forecast_revision,residual_load_revision_id_minus_da_approx_mw,forecast_revision,forecast_revision,residual_load_revision_id_minus_da_approx_mw,False,elasticnet_coefficients
solar_da_forecast_error_mw_lag_14d_same_local_qh,0.125,0.125,1.0,1.0,0.0037631830537703274,0.0,0.03010546443016262,0.0,1.0,False,True,kept,20147,0.5107618202560528,19837,lagged_forecast_error,lagged_forecast_error,solar_da_forecast_error_mw,True,kept,solar_id_forecast_error_mw_rolling_median_7d_same_local_qh,0.272536203871572,0.023064437882564248,lagged_forecast_error,lagged_forecast_error,solar_da_forecast_error_mw,lagged_forecast_error,lagged_forecast_error,solar_da_forecast_error_mw,False,elasticnet_coefficients
solar_da_forecast_error_mw_rolling_median_3d_same_local_qh,0.125,0.125,1.0,1.0,0.015235976085410365,0.0,0.12188780868328292,0.0,1.0,False,True,kept,21518,0.5455190771960958,14687,lagged_forecast_error,lagged_forecast_error,solar_da_forecast_error_mw,True,kept,solar_da_forecast_error_mw_lag_1d_same_local_qh,0.6896227242099732,0.05441380663051776,lagged_forecast_error,lagged_forecast_error,solar_da_forecast_error_mw,lagged_forecast_error,lagged_forecast_error,solar_da_forecast_error_mw,False,elasticnet_coefficients
solar_da_forecast_error_mw_rolling_std_3d_same_local_qh,0.125,0.125,1.0,1.0,0.033131797840601725,0.0,0.2650543827248138,0.0,1.0,False,True,kept,21518,0.5455190771960958,21498,lagged_forecast_error,lagged_forecast_error,solar_da_forecast_error_mw,True,kept,solar_id_forecast_error_mw_rolling_std_3d_same_local_qh,0.9093969062238623,0.058341571526894065,lagged_forecast_error,lagged_forecast_error,solar_da_forecast_error_mw,lagged_forecast_error,lagged_forecast_error,solar_da_forecast_error_mw,False,elasticnet_coefficients
solar_forecast_da_mw_lag_14d_same_local_qh,0.125,0.125,1.0,1.0,0.006777269207275554,0.0,0.054218153658204433,0.0,1.0,False,True,kept,22080,0.5597667638483965,20674,da_forecast,forecast_level,solar_forecast_da_mw,True,kept,solar_forecast_da_mw_lag_1d_same_local_qh,0.912206369216479,0.06781647419736118,da_forecast,forecast_level,solar_forecast_da_mw,da_forecast,forecast_level,solar_forecast_da_mw,False,elasticnet_coefficients
solar_forecast_da_mw_lag_7d_same_local_qh,0.125,0.125,1.0,1.0,0.03592687509995056,0.0,0.28741500079960447,0.0,1.0,False,True,kept,22567,0.5721130688300164,21141,da_forecast,forecast_level,solar_forecast_da_mw,True,kept,solar_forecast_da_mw_lag_14d_same_local_qh,0.9164258755492174,0.0655060427422299,da_forecast,forecast_level,solar_forecast_da_mw,da_forecast,forecast_level,solar_forecast_da_mw,False,elasticnet_coefficients
solar_id_forecast_error_mw_lag_14d_same_local_qh,0.125,0.125,1.0,1.0,0.007049063551585255,0.0,0.05639250841268204,0.0,1.0,False,True,kept,20338,0.5156040055773863,19949,lagged_forecast_error,lagged_forecast_error,solar_id_forecast_error_mw,True,kept,solar_da_forecast_error_mw_lag_14d_same_local_qh,0.8651959912456006,0.010344304806860546,lagged_forecast_error,lagged_forecast_error,solar_id_forecast_error_mw,lagged_forecast_error,lagged_forecast_error,solar_id_forecast_error_mw,False,elasticnet_coefficients
solar_id_forecast_error_mw_lag_7d_same_local_qh,0.125,0.125,1.0,1.0,0.0031039498215285977,0.0,0.02483159857222878,0.0,1.0,False,True,kept,20789,0.5270376473570795,20397,lagged_forecast_error,lagged_forecast_error,solar_id_forecast_error_mw,True,kept,solar_da_forecast_error_mw_lag_7d_same_local_qh,0.8671715493496435,0.0170123616260807,lagged_forecast_error,lagged_forecast_error,solar_id_forecast_error_mw,lagged_forecast_error,lagged_forecast_error,solar_id_forecast_error_mw,False,elasticnet_coefficients
solar_id_forecast_error_mw_rolling_mean_3d_same_local_qh,0.125,0.125,1.0,1.0,0.0017765574007358766,0.0,0.014212459205887013,0.0,1.0,False,True,kept,21712,0.5504373177842565,21672,lagged_forecast_error,lagged_forecast_error,solar_id_forecast_error_mw,True,kept,solar_da_forecast_error_mw_rolling_median_3d_same_local_qh,0.834325203342956,0.04430676023349751,lagged_forecast_error,lagged_forecast_error,solar_id_forecast_error_mw,lagged_forecast_error,lagged_forecast_error,solar_id_forecast_error_mw,False,elasticnet_coefficients
solar_id_forecast_error_mw_rolling_mean_7d_same_local_qh,0.125,0.125,1.0,1.0,0.08033727693421701,0.0,0.6426982154737361,0.0,1.0,False,True,kept,22636,0.5738623399670427,22476,lagged_forecast_error,lagged_forecast_error,solar_id_forecast_error_mw,True,kept,solar_id_forecast_error_mw_rolling_median_7d_same_local_qh,0.9175337114862435,0.016743135337422835,lagged_forecast_error,lagged_forecast_error,solar_id_forecast_error_mw,lagged_forecast_error,lagged_forecast_error,solar_id_forecast_error_mw,False,elasticnet_coefficients
solar_id_forecast_error_mw_rolling_median_28d_same_local_qh,0.125,0.125,1.0,1.0,0.009393799753415637,0.0,0.0751503980273251,0.0,1.0,False,True,kept,22921,0.5810875903156294,10908,lagged_forecast_error,lagged_forecast_error,solar_id_forecast_error_mw,True,kept,solar_da_forecast_error_mw_rolling_mean_14d_same_local_qh,0.8324037596449227,0.013169065455502327,lagged_forecast_error,lagged_forecast_error,solar_id_forecast_error_mw,lagged_forecast_error,lagged_forecast_error,solar_id_forecast_error_mw,False,elasticnet_coefficients
solar_id_forecast_error_mw_rolling_std_7d_same_local_qh,0.125,0.125,1.0,1.0,0.010049316546976897,0.0,0.08039453237581518,0.0,1.0,False,True,kept,22636,0.5738623399670427,22510,lagged_forecast_error,lagged_forecast_error,solar_id_forecast_error_mw,True,kept,load_da_forecast_error_mw_lag_1d_same_local_qh,0.35524503346298913,0.0646561299266432,lagged_forecast_error,lagged_forecast_error,solar_id_forecast_error_mw,lagged_forecast_error,lagged_forecast_error,solar_id_forecast_error_mw,False,elasticnet_coefficients
total_generation_forecast_da_mw_lag_14d_same_local_qh,0.125,0.125,1.0,1.0,0.04955256210187389,0.0,0.39642049681499114,0.0,1.0,False,True,kept,29124,0.7383445303587274,29017,da_forecast,forecast_level,total_generation_forecast_da_mw,True,kept,total_generation_forecast_da_mw,0.7699203186690803,0.046016488561673875,da_forecast,forecast_level,total_generation_forecast_da_mw,da_forecast,forecast_level,total_generation_forecast_da_mw,False,elasticnet_coefficients
total_generation_forecast_da_mw_lag_7d_same_local_qh,0.125,0.125,1.0,1.0,0.0016370571359510407,0.0,0.013096457087608326,0.0,1.0,False,True,kept,29988,0.760248447204969,29874,da_forecast,forecast_level,total_generation_forecast_da_mw,True,kept,total_generation_forecast_da_mw,0.7375723930689032,0.050317709771988836,da_forecast,forecast_level,total_generation_forecast_da_mw,da_forecast,forecast_level,total_generation_forecast_da_mw,False,elasticnet_coefficients
weekday_cos,0.125,0.125,1.0,1.0,0.016988442178519237,0.0,0.1359075374281539,0.0,1.0,False,True,kept,39445,1.0,7,calendar,calendar,weekday_cos,True,kept,weekday_sin,0.20692202233935778,0.010746287979645592,calendar,calendar,weekday_cos,calendar,calendar,weekday_cos,False,elasticnet_coefficients
wind_offshore_da_forecast_error_mw_lag_14d_same_local_qh,0.125,0.125,1.0,1.0,0.017275070036477925,0.0,0.1382005602918234,0.0,1.0,False,True,kept,34539,0.8756242869818734,34005,lagged_forecast_error,lagged_forecast_error,wind_offshore_da_forecast_error_mw,True,kept,wind_offshore_da_forecast_error_mw_rolling_mean_14d_same_local_qh,0.27593641851272166,0.016186546846177756,lagged_forecast_error,lagged_forecast_error,wind_offshore_da_forecast_error_mw,lagged_forecast_error,lagged_forecast_error,wind_offshore_da_forecast_error_mw,False,elasticnet_coefficients
wind_offshore_da_forecast_error_mw_lag_1d_same_local_qh,0.125,0.125,1.0,1.0,0.029574566175842473,0.0,0.23659652940673978,0.0,1.0,False,True,kept,36556,0.9267587780453796,36012,lagged_forecast_error,lagged_forecast_error,wind_offshore_da_forecast_error_mw,True,kept,wind_offshore_id_forecast_error_mw_lag_1d_same_local_qh,0.8018514923021068,0.03187430927485625,lagged_forecast_error,lagged_forecast_error,wind_offshore_da_forecast_error_mw,lagged_forecast_error,lagged_forecast_error,wind_offshore_da_forecast_error_mw,False,elasticnet_coefficients
wind_offshore_da_forecast_error_mw_lag_2d_same_local_qh,0.125,0.125,1.0,1.0,0.05242676601035982,0.0,0.41941412808287853,0.0,1.0,False,True,kept,36172,0.9170237038914945,35638,lagged_forecast_error,lagged_forecast_error,wind_offshore_da_forecast_error_mw,True,kept,wind_offshore_id_forecast_error_mw_lag_2d_same_local_qh,0.8044588156401041,0.011240576301046332,lagged_forecast_error,lagged_forecast_error,wind_offshore_da_forecast_error_mw,lagged_forecast_error,lagged_forecast_error,wind_offshore_da_forecast_error_mw,False,elasticnet_coefficients
wind_offshore_da_forecast_error_mw_rolling_mean_3d_same_local_qh,0.125,0.125,1.0,1.0,0.06744023042067487,0.0,0.539521843365399,0.0,1.0,False,True,kept,37138,0.9415134998098619,37089,lagged_forecast_error,lagged_forecast_error,wind_offshore_da_forecast_error_mw,True,kept,wind_offshore_id_forecast_error_mw_rolling_mean_3d_same_local_qh,0.832173867738326,0.02982339529208421,lagged_forecast_error,lagged_forecast_error,wind_offshore_da_forecast_error_mw,lagged_forecast_error,lagged_forecast_error,wind_offshore_da_forecast_error_mw,False,elasticnet_coefficients
wind_offshore_da_forecast_error_mw_rolling_std_7d_same_local_qh,0.125,0.125,1.0,1.0,0.008563821003294706,0.0,0.06851056802635765,0.0,1.0,False,True,kept,38483,0.9756116111040689,38289,lagged_forecast_error,lagged_forecast_error,wind_offshore_da_forecast_error_mw,True,kept,wind_offshore_id_forecast_error_mw_rolling_std_7d_same_local_qh,0.7134298288207147,0.028301348051556274,lagged_forecast_error,lagged_forecast_error,wind_offshore_da_forecast_error_mw,lagged_forecast_error,lagged_forecast_error,wind_offshore_da_forecast_error_mw,False,elasticnet_coefficients
wind_offshore_forecast_da_mw,0.125,0.125,1.0,1.0,0.04372672278018745,0.0,0.3498137822414996,0.0,1.0,False,True,kept,39437,0.9997971859551273,38121,da_forecast,forecast_level,wind_offshore_forecast_da_mw,True,kept,wind_total_forecast_da_mw,0.818163056861351,0.03384540850657591,da_forecast,forecast_level,wind_offshore_forecast_da_mw,da_forecast,forecast_level,wind_offshore_forecast_da_mw,False,elasticnet_coefficients
wind_offshore_forecast_da_mw_lag_1d_same_local_qh,0.125,0.125,1.0,1.0,0.059795877889441365,0.0,0.4783670231155309,0.0,1.0,False,True,kept,39434,0.9997211306883002,38133,da_forecast,forecast_level,wind_offshore_forecast_da_mw,True,kept,wind_onshore_forecast_da_mw_lag_1d_same_local_qh,0.7245163215354025,0.02416632915506572,da_forecast,forecast_level,wind_offshore_forecast_da_mw,da_forecast,forecast_level,wind_offshore_forecast_da_mw,False,elasticnet_coefficients
wind_offshore_id_forecast_error_mw_lag_14d_same_local_qh,0.125,0.125,1.0,1.0,5.6461058610343555e-05,0.0,0.00045168846888274844,0.0,1.0,False,True,kept,34532,0.8754468246926099,33681,lagged_forecast_error,lagged_forecast_error,wind_offshore_id_forecast_error_mw,True,kept,wind_offshore_da_forecast_error_mw_lag_14d_same_local_qh,0.8027894620159773,0.002566384963627278,lagged_forecast_error,lagged_forecast_error,wind_offshore_id_forecast_error_mw,lagged_forecast_error,lagged_forecast_error,wind_offshore_id_forecast_error_mw,False,elasticnet_coefficients
wind_offshore_id_forecast_error_mw_rolling_mean_7d_same_local_qh,0.125,0.125,1.0,1.0,0.0549749894036825,0.0,0.43979991522946,0.0,1.0,False,True,kept,38479,0.9755102040816327,38254,lagged_forecast_error,lagged_forecast_error,wind_offshore_id_forecast_error_mw,True,kept,wind_offshore_id_forecast_error_mw_rolling_mean_14d_same_local_qh,0.7258024613894689,0.02808423706463526,lagged_forecast_error,lagged_forecast_error,wind_offshore_id_forecast_error_mw,lagged_forecast_error,lagged_forecast_error,wind_offshore_id_forecast_error_mw,False,elasticnet_coefficients
wind_offshore_id_forecast_error_mw_rolling_median_14d_same_local_qh,0.125,0.125,1.0,1.0,0.04292706303911626,0.0,0.3434165043129301,0.0,1.0,False,True,kept,38581,0.9780960831537584,19193,lagged_forecast_error,lagged_forecast_error,wind_offshore_id_forecast_error_mw,True,kept,wind_offshore_id_forecast_error_mw_rolling_mean_14d_same_local_qh,0.7497716210184938,0.012236503130664024,lagged_forecast_error,lagged_forecast_error,wind_offshore_id_forecast_error_mw,lagged_forecast_error,lagged_forecast_error,wind_offshore_id_forecast_error_mw,False,elasticnet_coefficients
wind_offshore_id_forecast_error_mw_rolling_median_28d_same_local_qh,0.125,0.125,1.0,1.0,0.026500748083824674,0.0,0.2120059846705974,0.0,1.0,False,True,kept,38581,0.9780960831537584,15067,lagged_forecast_error,lagged_forecast_error,wind_offshore_id_forecast_error_mw,True,kept,wind_offshore_id_forecast_error_mw_rolling_median_14d_same_local_qh,0.7204543972101103,0.003953309989365649,lagged_forecast_error,lagged_forecast_error,wind_offshore_id_forecast_error_mw,lagged_forecast_error,lagged_forecast_error,wind_offshore_id_forecast_error_mw,False,elasticnet_coefficients
wind_onshore_da_forecast_error_mw_lag_1d_same_local_qh,0.125,0.125,1.0,1.0,0.0019764351875664133,0.0,0.015811481500531306,0.0,1.0,False,True,kept,36556,0.9267587780453796,36270,lagged_forecast_error,lagged_forecast_error,wind_onshore_da_forecast_error_mw,True,kept,wind_offshore_id_forecast_error_mw_lag_1d_same_local_qh,0.1257901816983281,0.032284914273433,lagged_forecast_error,lagged_forecast_error,wind_onshore_da_forecast_error_mw,lagged_forecast_error,lagged_forecast_error,wind_onshore_da_forecast_error_mw,False,elasticnet_coefficients
wind_onshore_da_forecast_error_mw_rolling_mean_3d_same_local_qh,0.125,0.125,1.0,1.0,0.1139637812082455,0.0,0.911710249665964,0.0,1.0,False,True,kept,37141,0.9415895550766891,37124,lagged_forecast_error,lagged_forecast_error,wind_onshore_da_forecast_error_mw,True,kept,wind_onshore_da_forecast_error_mw_lag_1d_same_local_qh,0.6215563396679259,0.016340697553070927,lagged_forecast_error,lagged_forecast_error,wind_onshore_da_forecast_error_mw,lagged_forecast_error,lagged_forecast_error,wind_onshore_da_forecast_error_mw,False,elasticnet_coefficients
wind_onshore_da_forecast_error_mw_rolling_mean_7d_same_local_qh,0.125,0.125,1.0,1.0,0.0021677644525385583,0.0,0.017342115620308466,0.0,1.0,False,True,kept,38485,0.9756623146152871,38285,lagged_forecast_error,lagged_forecast_error,wind_onshore_da_forecast_error_mw,True,kept,wind_onshore_da_forecast_error_mw_rolling_median_7d_same_local_qh,0.8417335348390051,0.0006818051111859587,lagged_forecast_error,lagged_forecast_error,wind_onshore_da_forecast_error_mw,lagged_forecast_error,lagged_forecast_error,wind_onshore_da_forecast_error_mw,False,elasticnet_coefficients
wind_onshore_da_forecast_error_mw_rolling_median_3d_same_local_qh,0.125,0.125,1.0,1.0,0.036056291024286105,0.0,0.28845032819428884,0.0,1.0,False,True,kept,37141,0.9415895550766891,24601,lagged_forecast_error,lagged_forecast_error,wind_onshore_da_forecast_error_mw,True,kept,wind_onshore_da_forecast_error_mw_rolling_mean_3d_same_local_qh,0.878960750780798,0.01611645711006687,lagged_forecast_error,lagged_forecast_error,wind_onshore_da_forecast_error_mw,lagged_forecast_error,lagged_forecast_error,wind_onshore_da_forecast_error_mw,False,elasticnet_coefficients
wind_onshore_da_forecast_error_mw_rolling_median_7d_same_local_qh,0.125,0.125,1.0,1.0,0.0048173035578933385,0.0,0.03853842846314671,0.0,1.0,False,True,kept,38485,0.9756623146152871,19527,lagged_forecast_error,lagged_forecast_error,wind_onshore_da_forecast_error_mw,True,kept,wind_onshore_da_forecast_error_mw_rolling_median_14d_same_local_qh,0.7201649581275064,0.010088748061875418,lagged_forecast_error,lagged_forecast_error,wind_onshore_da_forecast_error_mw,lagged_forecast_error,lagged_forecast_error,wind_onshore_da_forecast_error_mw,False,elasticnet_coefficients
wind_onshore_forecast_da_mw_lag_2d_same_local_qh,0.125,0.125,1.0,1.0,0.01084169954383331,0.0,0.08673359635066648,0.0,1.0,False,True,kept,39436,0.9997718341995183,39159,da_forecast,forecast_level,wind_onshore_forecast_da_mw,True,kept,renewable_total_forecast_id_mw_lag_2d_same_local_qh,0.5333466332507879,0.021457970916898085,da_forecast,forecast_level,wind_onshore_forecast_da_mw,da_forecast,forecast_level,wind_onshore_forecast_da_mw,False,elasticnet_coefficients
wind_onshore_id_forecast_error_mw_lag_1d_same_local_qh,0.125,0.125,1.0,1.0,0.003776265102979808,0.0,0.030210120823838463,0.0,1.0,False,True,kept,36561,0.926885536823425,36075,lagged_forecast_error,lagged_forecast_error,wind_onshore_id_forecast_error_mw,True,kept,wind_onshore_da_forecast_error_mw_lag_1d_same_local_qh,0.7432049894772763,0.022276586951337538,lagged_forecast_error,lagged_forecast_error,wind_onshore_id_forecast_error_mw,lagged_forecast_error,lagged_forecast_error,wind_onshore_id_forecast_error_mw,False,elasticnet_coefficients
wind_onshore_id_forecast_error_mw_lag_7d_same_local_qh,0.125,0.125,1.0,1.0,0.022317032763346165,0.0,0.17853626210676932,0.0,1.0,False,True,kept,35313,0.8952465458232982,34832,lagged_forecast_error,lagged_forecast_error,wind_onshore_id_forecast_error_mw,True,kept,wind_onshore_da_forecast_error_mw_rolling_median_14d_same_local_qh,0.3594344823659484,0.014644044205363164,lagged_forecast_error,lagged_forecast_error,wind_onshore_id_forecast_error_mw,lagged_forecast_error,lagged_forecast_error,wind_onshore_id_forecast_error_mw,False,elasticnet_coefficients
wind_onshore_id_forecast_error_mw_rolling_mean_28d_same_local_qh,0.125,0.125,1.0,1.0,0.05996349945894287,0.0,0.479707995671543,0.0,1.0,False,True,kept,38581,0.9780960831537584,38579,lagged_forecast_error,lagged_forecast_error,wind_onshore_id_forecast_error_mw,True,kept,wind_onshore_id_forecast_error_mw_rolling_median_28d_same_local_qh,0.8694584198716049,0.011000397269241095,lagged_forecast_error,lagged_forecast_error,wind_onshore_id_forecast_error_mw,lagged_forecast_error,lagged_forecast_error,wind_onshore_id_forecast_error_mw,False,elasticnet_coefficients
wind_onshore_id_forecast_error_mw_rolling_mean_3d_same_local_qh,0.125,0.125,1.0,1.0,0.003953662276940727,0.0,0.03162929821552581,0.0,1.0,False,True,kept,37141,0.9415895550766891,37109,lagged_forecast_error,lagged_forecast_error,wind_onshore_id_forecast_error_mw,True,kept,wind_onshore_da_forecast_error_mw_rolling_mean_3d_same_local_qh,0.7758541964246215,0.00982368114768569,lagged_forecast_error,lagged_forecast_error,wind_onshore_id_forecast_error_mw,lagged_forecast_error,lagged_forecast_error,wind_onshore_id_forecast_error_mw,False,elasticnet_coefficients
wind_onshore_id_forecast_error_mw_rolling_mean_7d_same_local_qh,0.125,0.125,1.0,1.0,0.02051596797918897,0.0,0.16412774383351175,0.0,1.0,False,True,kept,38485,0.9756623146152871,38282,lagged_forecast_error,lagged_forecast_error,wind_onshore_id_forecast_error_mw,True,kept,wind_onshore_id_forecast_error_mw_rolling_median_7d_same_local_qh,0.8676439965317609,0.0038009914064336637,lagged_forecast_error,lagged_forecast_error,wind_onshore_id_forecast_error_mw,lagged_forecast_error,lagged_forecast_error,wind_onshore_id_forecast_error_mw,False,elasticnet_coefficients
wind_onshore_id_forecast_error_mw_rolling_median_14d_same_local_qh,0.125,0.125,1.0,1.0,0.012564795188480193,0.0,0.10051836150784155,0.0,1.0,False,True,kept,38581,0.9780960831537584,19697,lagged_forecast_error,lagged_forecast_error,wind_onshore_id_forecast_error_mw,True,kept,wind_onshore_id_forecast_error_mw_rolling_mean_14d_same_local_qh,0.8660731921748714,0.0011124251217517586,lagged_forecast_error,lagged_forecast_error,wind_onshore_id_forecast_error_mw,lagged_forecast_error,lagged_forecast_error,wind_onshore_id_forecast_error_mw,False,elasticnet_coefficients
wind_onshore_id_forecast_error_mw_rolling_median_3d_same_local_qh,0.125,0.125,1.0,1.0,0.0808067482762566,0.0,0.6464539862100528,0.0,1.0,False,True,kept,37141,0.9415895550766891,24353,lagged_forecast_error,lagged_forecast_error,wind_onshore_id_forecast_error_mw,True,kept,wind_onshore_id_forecast_error_mw_rolling_mean_3d_same_local_qh,0.8844366503757889,0.0019037430850967637,lagged_forecast_error,lagged_forecast_error,wind_onshore_id_forecast_error_mw,lagged_forecast_error,lagged_forecast_error,wind_onshore_id_forecast_error_mw,False,elasticnet_coefficients
wind_onshore_id_forecast_error_mw_rolling_std_14d_same_local_qh,0.125,0.125,1.0,1.0,0.043963392862800384,0.0,0.35170714290240307,0.0,1.0,False,True,kept,38581,0.9780960831537584,38581,lagged_forecast_error,lagged_forecast_error,wind_onshore_id_forecast_error_mw,True,kept,wind_onshore_id_forecast_error_mw_rolling_std_28d_same_local_qh,0.8789017445162547,0.004376887435747207,lagged_forecast_error,lagged_forecast_error,wind_onshore_id_forecast_error_mw,lagged_forecast_error,lagged_forecast_error,wind_onshore_id_forecast_error_mw,False,elasticnet_coefficients
wind_total_forecast_da_mw,0.125,0.125,1.0,1.0,0.07596210622643629,0.0,0.6076968498114903,0.0,1.0,False,True,kept,39445,1.0,39292,da_forecast,forecast_level,wind_total_forecast_da_mw,True,kept,wind_onshore_forecast_da_mw_lag_1d_same_local_qh,0.4585566786697558,0.0393703637199329,da_forecast,forecast_level,wind_total_forecast_da_mw,da_forecast,forecast_level,wind_total_forecast_da_mw,False,elasticnet_coefficients
wind_total_forecast_revision_id_minus_da_mw_lag_7d_same_local_qh,0.125,0.125,1.0,1.0,0.011312697971463743,0.0,0.09050158377170994,0.0,1.0,False,True,kept,38481,0.9755609075928509,37916,forecast_revision,forecast_revision,wind_total_forecast_revision_id_minus_da_mw,True,kept,wind_total_forecast_revision_id_minus_da_mw_rolling_median_7d_same_local_qh,0.3651462434806775,0.005785774741821129,forecast_revision,forecast_revision,wind_total_forecast_revision_id_minus_da_mw,forecast_revision,forecast_revision,wind_total_forecast_revision_id_minus_da_mw,False,elasticnet_coefficients
wind_total_forecast_revision_id_minus_da_mw_rolling_median_28d_same_local_qh,0.125,0.125,1.0,1.0,0.05061959690088956,0.0,0.4049567752071165,0.0,1.0,False,True,kept,39445,1.0,14606,forecast_revision,forecast_revision,wind_total_forecast_revision_id_minus_da_mw,True,kept,wind_total_forecast_revision_id_minus_da_mw_rolling_mean_28d_same_local_qh,0.7789774829582473,0.026551593734042107,forecast_revision,forecast_revision,wind_total_forecast_revision_id_minus_da_mw,forecast_revision,forecast_revision,wind_total_forecast_revision_id_minus_da_mw,False,elasticnet_coefficients
wind_total_forecast_revision_id_minus_da_mw_rolling_median_3d_same_local_qh,0.125,0.125,1.0,1.0,0.05290803238376466,0.0,0.4232642590701173,0.0,1.0,False,True,kept,39445,1.0,24406,forecast_revision,forecast_revision,wind_total_forecast_revision_id_minus_da_mw,True,kept,wind_total_forecast_revision_id_minus_da_mw_rolling_mean_3d_same_local_qh,0.8393045317533224,0.001240822579820124,forecast_revision,forecast_revision,wind_total_forecast_revision_id_minus_da_mw,forecast_revision,forecast_revision,wind_total_forecast_revision_id_minus_da_mw,False,elasticnet_coefficients
wind_total_forecast_revision_id_minus_da_mw_rolling_median_7d_same_local_qh,0.125,0.125,1.0,1.0,0.003371152565327958,0.0,0.026969220522623665,0.0,1.0,False,True,kept,39445,1.0,17525,forecast_revision,forecast_revision,wind_total_forecast_revision_id_minus_da_mw,True,kept,residual_load_revision_id_minus_da_approx_mw_rolling_median_7d_same_local_qh,0.8135808995318465,0.017645975741559704,forecast_revision,forecast_revision,wind_total_forecast_revision_id_minus_da_mw,forecast_revision,forecast_revision,wind_total_forecast_revision_id_minus_da_mw,False,elasticnet_coefficients
da_price_eur_mwh_lag_2d_same_local_qh,0.0,0.0,0.0,0.0,0.0,0.0,0.0,0.0,,False,True,kept,39430,0.9996197236658638,8175,da_price,market_history,da_price_eur_mwh,True,kept,da_price_eur_mwh_rolling_mean_3d_same_local_qh,0.9168440309322095,0.001309678234545067,da_price,market_history,da_price_eur_mwh,da_price,market_history,da_price_eur_mwh,False,elasticnet_coefficients
da_price_eur_mwh_regime_abs_median_28d_over_vol,0.0,0.0,0.0,0.0,0.0,0.0,0.0,0.0,,False,True,kept,39445,1.0,39145,regime_level,regime,da_price_eur_mwh,True,kept,ida2_price_eur_mwh_regime_vol_28d,0.6214969278725522,0.0689876587885134,regime_level,regime,da_price_eur_mwh,regime_level,regime,da_price_eur_mwh,False,elasticnet_coefficients
da_price_eur_mwh_regime_mean_shift_7d_vs_28d_z,0.0,0.0,0.0,0.0,0.0,0.0,0.0,0.0,,False,True,kept,39445,1.0,39218,regime_mean_shift,regime,da_price_eur_mwh,True,kept,ida2_price_eur_mwh_regime_mean_shift_7d_vs_28d_z,0.8833546570066825,0.009665954464224566,regime_mean_shift,regime,da_price_eur_mwh,regime_mean_shift,regime,da_price_eur_mwh,False,elasticnet_coefficients
ida2_minus_da_spread_eur_mwh_regime_abs_median_28d_over_vol,0.0,0.0,0.0,0.0,0.0,0.0,0.0,0.0,,False,True,kept,36757,0.9318544809228039,36746,regime_level,regime,ida2_minus_da_spread_eur_mwh,True,kept,ida2_price_eur_mwh_regime_vol_28d,0.15580351477158647,0.054945447163729656,regime_level,regime,ida2_minus_da_spread_eur_mwh,regime_level,regime,ida2_minus_da_spread_eur_mwh,False,elasticnet_coefficients
ida2_minus_da_spread_eur_mwh_regime_vol_28d,0.0,0.0,0.0,0.0,0.0,0.0,0.0,0.0,,False,True,kept,36757,0.9318544809228039,36746,regime_volatility,regime,ida2_minus_da_spread_eur_mwh,True,kept,ida2_price_eur_mwh_regime_vol_28d,0.5445590793088768,0.05748558639447075,regime_volatility,regime,ida2_minus_da_spread_eur_mwh,regime_volatility,regime,ida2_minus_da_spread_eur_mwh,False,elasticnet_coefficients
ida2_minus_da_spread_eur_mwh_regime_vol_7d_over_28d,0.0,0.0,0.0,0.0,0.0,0.0,0.0,0.0,,False,True,kept,36565,0.9269869438458613,36565,regime_volatility,regime,ida2_minus_da_spread_eur_mwh,True,kept,ida2_minus_da_spread_eur_mwh_regime_vol_28d,0.18762002277100348,0.02520594156820519,regime_volatility,regime,ida2_minus_da_spread_eur_mwh,regime_volatility,regime,ida2_minus_da_spread_eur_mwh,False,elasticnet_coefficients
ida2_minus_da_spread_eur_mwh_rolling_std_14d_same_local_qh,0.0,0.0,0.0,0.0,0.0,0.0,0.0,0.0,,False,True,kept,37429,0.9488908606921029,37424,ida2_history,market_history,ida2_minus_da_spread_eur_mwh,True,kept,ida2_minus_da_spread_eur_mwh_rolling_std_28d_same_local_qh,0.7232227264236784,0.03626424310210194,ida2_history,market_history,ida2_minus_da_spread_eur_mwh,ida2_history,market_history,ida2_minus_da_spread_eur_mwh,False,elasticnet_coefficients
ida2_minus_da_spread_eur_mwh_rolling_std_28d_same_local_qh,0.0,0.0,0.0,0.0,0.0,0.0,0.0,0.0,,False,True,kept,36757,0.9318544809228039,36746,ida2_history,market_history,ida2_minus_da_spread_eur_mwh,True,kept,ida2_price_eur_mwh_rolling_std_28d_same_local_qh,0.5445590793088768,0.05748558639447075,ida2_history,market_history,ida2_minus_da_spread_eur_mwh,ida2_history,market_history,ida2_minus_da_spread_eur_mwh,False,elasticnet_coefficients
ida2_price_eur_mwh_lag_1d_same_local_qh,0.0,0.0,0.0,0.0,0.0,0.0,0.0,0.0,,False,True,kept,37425,0.9487894536696666,15423,ida2_history,market_history,ida2_price_eur_mwh,True,kept,ida2_price_eur_mwh_rolling_median_3d_same_local_qh,0.8430765314759373,0.17415104348133034,ida2_history,market_history,ida2_price_eur_mwh,ida2_history,market_history,ida2_price_eur_mwh,False,elasticnet_coefficients
ida2_price_eur_mwh_lag_2d_same_local_qh,0.0,0.0,0.0,0.0,0.0,0.0,0.0,0.0,,False,True,kept,37137,0.9414881480542527,15329,ida2_history,market_history,ida2_price_eur_mwh,True,kept,ida2_price_eur_mwh_rolling_median_3d_same_local_qh,0.9165859538921574,0.20017979740769898,ida2_history,market_history,ida2_price_eur_mwh,ida2_history,market_history,ida2_price_eur_mwh,False,elasticnet_coefficients
ida2_price_eur_mwh_lag_7d_same_local_qh,0.0,0.0,0.0,0.0,0.0,0.0,0.0,0.0,,False,True,kept,35505,0.9001140829002409,15085,ida2_history,market_history,ida2_price_eur_mwh,True,kept,ida2_price_eur_mwh_rolling_median_7d_same_local_qh,0.7673537563392598,0.16689182760411791,ida2_history,market_history,ida2_price_eur_mwh,ida2_history,market_history,ida2_price_eur_mwh,False,elasticnet_coefficients
ida2_price_eur_mwh_regime_mean_shift_7d_vs_28d_z,0.0,0.0,0.0,0.0,0.0,0.0,0.0,0.0,,False,True,kept,36565,0.9269869438458613,36565,regime_mean_shift,regime,ida2_price_eur_mwh,True,kept,ida2_minus_da_spread_eur_mwh_regime_mean_shift_7d_vs_28d_z,0.2897520293050443,0.01566754993303403,regime_mean_shift,regime,ida2_price_eur_mwh,regime_mean_shift,regime,ida2_price_eur_mwh,False,elasticnet_coefficients
ida2_price_eur_mwh_regime_vol_28d,0.0,0.0,0.0,0.0,0.0,0.0,0.0,0.0,,False,True,kept,36757,0.9318544809228039,36742,regime_volatility,regime,ida2_price_eur_mwh,True,first_ranked_feature,,0.0,0.11769015883720027,regime_volatility,regime,ida2_price_eur_mwh,regime_volatility,regime,ida2_price_eur_mwh,False,elasticnet_coefficients
ida2_price_eur_mwh_rolling_std_14d_same_local_qh,0.0,0.0,0.0,0.0,0.0,0.0,0.0,0.0,,False,True,kept,37429,0.9488908606921029,37407,ida2_history,market_history,ida2_price_eur_mwh,True,kept,ida2_price_eur_mwh_rolling_std_28d_same_local_qh,0.8286228681907094,0.10436100859729883,ida2_history,market_history,ida2_price_eur_mwh,ida2_history,market_history,ida2_price_eur_mwh,False,elasticnet_coefficients
ida2_price_eur_mwh_rolling_std_28d_same_local_qh,0.0,0.0,0.0,0.0,0.0,0.0,0.0,0.0,,False,True,kept,36757,0.9318544809228039,36742,ida2_history,market_history,ida2_price_eur_mwh,True,kept,ida2_price_eur_mwh_rolling_median_28d_same_local_qh,0.19946823761083385,0.11769015883720027,ida2_history,market_history,ida2_price_eur_mwh,ida2_history,market_history,ida2_price_eur_mwh,False,elasticnet_coefficients
ida2_price_eur_mwh_rolling_std_7d_same_local_qh,0.0,0.0,0.0,0.0,0.0,0.0,0.0,0.0,,False,True,kept,37717,0.9561921663075168,37699,ida2_history,market_history,ida2_price_eur_mwh,True,kept,ida2_price_eur_mwh_rolling_std_14d_same_local_qh,0.7538132834556085,0.08562789745796409,ida2_history,market_history,ida2_price_eur_mwh,ida2_history,market_history,ida2_price_eur_mwh,False,elasticnet_coefficients
load_da_forecast_error_mw_lag_2d_same_local_qh,0.0,0.0,0.0,0.0,0.0,0.0,0.0,0.0,,False,True,kept,36176,0.9171251109139308,36073,lagged_forecast_error,lagged_forecast_error,load_da_forecast_error_mw,True,kept,load_da_forecast_error_mw_rolling_median_3d_same_local_qh,0.8925284131725949,0.05551872646598789,lagged_forecast_error,lagged_forecast_error,load_da_forecast_error_mw,lagged_forecast_error,lagged_forecast_error,load_da_forecast_error_mw,False,elasticnet_coefficients
load_da_forecast_error_mw_rolling_median_14d_same_local_qh,0.0,0.0,0.0,0.0,0.0,0.0,0.0,0.0,,False,True,kept,38581,0.9780960831537584,21043,lagged_forecast_error,lagged_forecast_error,load_da_forecast_error_mw,True,kept,load_da_forecast_error_mw_rolling_mean_7d_same_local_qh,0.9194481965023658,0.044032587164392026,lagged_forecast_error,lagged_forecast_error,load_da_forecast_error_mw,lagged_forecast_error,lagged_forecast_error,load_da_forecast_error_mw,False,elasticnet_coefficients
load_forecast_da_mw,0.0,0.0,0.0,0.0,0.0,0.0,0.0,0.0,,False,True,kept,39444,0.999974648244391,39230,da_forecast,forecast_level,load_forecast_da_mw,True,kept,load_forecast_da_mw_lag_14d_same_local_qh,0.9115503767246117,0.04448105643468766,da_forecast,forecast_level,load_forecast_da_mw,da_forecast,forecast_level,load_forecast_da_mw,False,elasticnet_coefficients
load_forecast_da_mw_lag_2d_same_local_qh,0.0,0.0,0.0,0.0,0.0,0.0,0.0,0.0,,False,True,kept,39440,0.9998732412219546,39233,da_forecast,forecast_level,load_forecast_da_mw,True,kept,total_generation_forecast_da_mw_lag_1d_same_local_qh,0.6491320521555367,0.02498743802562955,da_forecast,forecast_level,load_forecast_da_mw,da_forecast,forecast_level,load_forecast_da_mw,False,elasticnet_coefficients
renewable_total_forecast_da_mw_lag_7d_same_local_qh,0.0,0.0,0.0,0.0,0.0,0.0,0.0,0.0,,False,True,kept,38481,0.9755609075928509,38366,da_forecast,forecast_level,renewable_total_forecast_da_mw,True,kept,total_generation_forecast_da_mw_lag_7d_same_local_qh,0.827597206519365,0.02483983955357592,da_forecast,forecast_level,renewable_total_forecast_da_mw,da_forecast,forecast_level,renewable_total_forecast_da_mw,False,elasticnet_coefficients
renewable_total_forecast_revision_id_minus_da_mw_lag_1d_same_local_qh,0.0,0.0,0.0,0.0,0.0,0.0,0.0,0.0,,False,True,kept,39441,0.9998985929775637,38968,forecast_revision,forecast_revision,renewable_total_forecast_revision_id_minus_da_mw,True,kept,residual_load_revision_id_minus_da_approx_mw_rolling_mean_14d_same_local_qh,0.25928553891411277,0.021064592524133913,forecast_revision,forecast_revision,renewable_total_forecast_revision_id_minus_da_mw,forecast_revision,forecast_revision,renewable_total_forecast_revision_id_minus_da_mw,False,elasticnet_coefficients
renewable_total_forecast_revision_id_minus_da_mw_lag_2d_same_local_qh,0.0,0.0,0.0,0.0,0.0,0.0,0.0,0.0,,False,True,kept,39441,0.9998985929775637,38967,forecast_revision,forecast_revision,renewable_total_forecast_revision_id_minus_da_mw,True,kept,residual_load_revision_id_minus_da_approx_mw_rolling_mean_14d_same_local_qh,0.2936278358913065,0.02019622392091317,forecast_revision,forecast_revision,renewable_total_forecast_revision_id_minus_da_mw,forecast_revision,forecast_revision,renewable_total_forecast_revision_id_minus_da_mw,False,elasticnet_coefficients
renewable_total_forecast_revision_id_minus_da_mw_rolling_mean_3d_same_local_qh,0.0,0.0,0.0,0.0,0.0,0.0,0.0,0.0,,False,True,kept,39445,1.0,39355,forecast_revision,forecast_revision,renewable_total_forecast_revision_id_minus_da_mw,True,kept,renewable_total_forecast_revision_id_minus_da_mw_lag_2d_same_local_qh,0.6013197768074762,0.01092457458133192,forecast_revision,forecast_revision,renewable_total_forecast_revision_id_minus_da_mw,forecast_revision,forecast_revision,renewable_total_forecast_revision_id_minus_da_mw,False,elasticnet_coefficients
renewable_total_forecast_revision_id_minus_da_mw_rolling_median_3d_same_local_qh,0.0,0.0,0.0,0.0,0.0,0.0,0.0,0.0,,False,True,kept,39445,1.0,24665,forecast_revision,forecast_revision,renewable_total_forecast_revision_id_minus_da_mw,True,kept,renewable_total_forecast_revision_id_minus_da_mw_rolling_mean_3d_same_local_qh,0.8574055321916086,0.007663664146519666,forecast_revision,forecast_revision,renewable_total_forecast_revision_id_minus_da_mw,forecast_revision,forecast_revision,renewable_total_forecast_revision_id_minus_da_mw,False,elasticnet_coefficients
residual_load_forecast_da_mw_lag_14d_same_local_qh,0.0,0.0,0.0,0.0,0.0,0.0,0.0,0.0,,False,True,kept,37616,0.9536316389910001,37541,da_forecast,forecast_level,residual_load_forecast_da_mw,True,kept,renewable_total_forecast_id_mw_lag_14d_same_local_qh,0.7966387355363006,0.006466237574190978,da_forecast,forecast_level,residual_load_forecast_da_mw,da_forecast,forecast_level,residual_load_forecast_da_mw,False,elasticnet_coefficients
residual_load_forecast_da_mw_lag_1d_same_local_qh,0.0,0.0,0.0,0.0,0.0,0.0,0.0,0.0,,False,True,kept,39440,0.9998732412219546,39360,da_forecast,forecast_level,residual_load_forecast_da_mw,True,kept,renewable_total_forecast_da_mw_lag_1d_same_local_qh,0.797817405306106,0.008648602362199763,da_forecast,forecast_level,residual_load_forecast_da_mw,da_forecast,forecast_level,residual_load_forecast_da_mw,False,elasticnet_coefficients
residual_load_revision_id_minus_da_approx_mw_lag_14d_same_local_qh,0.0,0.0,0.0,0.0,0.0,0.0,0.0,0.0,,False,True,kept,37616,0.9536316389910001,36875,forecast_revision,forecast_revision,residual_load_revision_id_minus_da_approx_mw,True,kept,wind_total_forecast_revision_id_minus_da_mw_lag_14d_same_local_qh,0.8732577017858043,0.02994046948671579,forecast_revision,forecast_revision,residual_load_revision_id_minus_da_approx_mw,forecast_revision,forecast_revision,residual_load_revision_id_minus_da_approx_mw,False,elasticnet_coefficients
residual_load_revision_id_minus_da_approx_mw_regime_mean_shift_7d_vs_28d_z,0.0,0.0,0.0,0.0,0.0,0.0,0.0,0.0,,False,True,kept,39445,1.0,39445,regime_mean_shift,regime,residual_load_revision_id_minus_da_approx_mw,True,kept,wind_total_forecast_revision_id_minus_da_mw_regime_mean_shift_7d_vs_28d_z,0.8879359532293167,0.019483851762925778,regime_mean_shift,regime,residual_load_revision_id_minus_da_approx_mw,regime_mean_shift,regime,residual_load_revision_id_minus_da_approx_mw,False,elasticnet_coefficients
residual_load_revision_id_minus_da_approx_mw_regime_vol_28d,0.0,0.0,0.0,0.0,0.0,0.0,0.0,0.0,,False,True,kept,39445,1.0,39445,regime_volatility,regime,residual_load_revision_id_minus_da_approx_mw,True,kept,da_price_eur_mwh_regime_abs_median_28d_over_vol,0.3732404971413369,0.030451031221777867,regime_volatility,regime,residual_load_revision_id_minus_da_approx_mw,regime_volatility,regime,residual_load_revision_id_minus_da_approx_mw,False,elasticnet_coefficients
residual_load_revision_id_minus_da_approx_mw_regime_vol_7d_over_28d,0.0,0.0,0.0,0.0,0.0,0.0,0.0,0.0,,False,True,kept,39445,1.0,39445,regime_volatility,regime,residual_load_revision_id_minus_da_approx_mw,True,kept,wind_total_forecast_revision_id_minus_da_mw_regime_vol_7d_over_28d,0.8770338780617543,0.010141129177723059,regime_volatility,regime,residual_load_revision_id_minus_da_approx_mw,regime_volatility,regime,residual_load_revision_id_minus_da_approx_mw,False,elasticnet_coefficients
residual_load_revision_id_minus_da_approx_mw_rolling_mean_7d_same_local_qh,0.0,0.0,0.0,0.0,0.0,0.0,0.0,0.0,,False,True,kept,39445,1.0,39383,forecast_revision,forecast_revision,residual_load_revision_id_minus_da_approx_mw,True,kept,residual_load_revision_id_minus_da_approx_mw_rolling_median_7d_same_local_qh,0.8157034959247117,0.004556776327631415,forecast_revision,forecast_revision,residual_load_revision_id_minus_da_approx_mw,forecast_revision,forecast_revision,residual_load_revision_id_minus_da_approx_mw,False,elasticnet_coefficients
residual_load_revision_id_minus_da_approx_mw_rolling_median_28d_same_local_qh,0.0,0.0,0.0,0.0,0.0,0.0,0.0,0.0,,False,True,kept,39445,1.0,14360,forecast_revision,forecast_revision,residual_load_revision_id_minus_da_approx_mw,True,kept,residual_load_revision_id_minus_da_approx_mw_rolling_mean_28d_same_local_qh,0.8026980947750013,0.02551844445973126,forecast_revision,forecast_revision,residual_load_revision_id_minus_da_approx_mw,forecast_revision,forecast_revision,residual_load_revision_id_minus_da_approx_mw,False,elasticnet_coefficients
residual_load_revision_id_minus_da_approx_mw_rolling_std_14d_same_local_qh,0.0,0.0,0.0,0.0,0.0,0.0,0.0,0.0,,False,True,kept,39445,1.0,39445,forecast_revision,forecast_revision,residual_load_revision_id_minus_da_approx_mw,True,kept,residual_load_revision_id_minus_da_approx_mw_rolling_std_28d_same_local_qh,0.754757506604787,0.026156818207189396,forecast_revision,forecast_revision,residual_load_revision_id_minus_da_approx_mw,forecast_revision,forecast_revision,residual_load_revision_id_minus_da_approx_mw,False,elasticnet_coefficients
residual_load_revision_id_minus_da_approx_mw_rolling_std_28d_same_local_qh,0.0,0.0,0.0,0.0,0.0,0.0,0.0,0.0,,False,True,kept,39445,1.0,39445,forecast_revision,forecast_revision,residual_load_revision_id_minus_da_approx_mw,True,kept,wind_total_forecast_revision_id_minus_da_mw_rolling_mean_28d_same_local_qh,0.11121995187469043,0.030451031221777867,forecast_revision,forecast_revision,residual_load_revision_id_minus_da_approx_mw,forecast_revision,forecast_revision,residual_load_revision_id_minus_da_approx_mw,False,elasticnet_coefficients
residual_load_revision_id_minus_da_approx_mw_rolling_std_3d_same_local_qh,0.0,0.0,0.0,0.0,0.0,0.0,0.0,0.0,,False,True,kept,39445,1.0,39445,forecast_revision,forecast_revision,residual_load_revision_id_minus_da_approx_mw,True,kept,wind_total_forecast_revision_id_minus_da_mw_rolling_std_3d_same_local_qh,0.8113307165353715,0.00259421985264739,forecast_revision,forecast_revision,residual_load_revision_id_minus_da_approx_mw,forecast_revision,forecast_revision,residual_load_revision_id_minus_da_approx_mw,False,elasticnet_coefficients
solar_da_forecast_error_mw_lag_2d_same_local_qh,0.0,0.0,0.0,0.0,0.0,0.0,0.0,0.0,,False,True,kept,21003,0.5324629230574217,20694,lagged_forecast_error,lagged_forecast_error,solar_da_forecast_error_mw,True,kept,solar_da_forecast_error_mw_rolling_median_3d_same_local_qh,0.7599994764822611,0.03641439045094754,lagged_forecast_error,lagged_forecast_error,solar_da_forecast_error_mw,lagged_forecast_error,lagged_forecast_error,solar_da_forecast_error_mw,False,elasticnet_coefficients
solar_da_forecast_error_mw_lag_7d_same_local_qh,0.0,0.0,0.0,0.0,0.0,0.0,0.0,0.0,,False,True,kept,20594,0.5220940550133096,20287,lagged_forecast_error,lagged_forecast_error,solar_da_forecast_error_mw,True,kept,solar_id_forecast_error_mw_rolling_median_7d_same_local_qh,0.4822949172647083,0.019632595316650927,lagged_forecast_error,lagged_forecast_error,solar_da_forecast_error_mw,lagged_forecast_error,lagged_forecast_error,solar_da_forecast_error_mw,False,elasticnet_coefficients
solar_da_forecast_error_mw_rolling_median_7d_same_local_qh,0.0,0.0,0.0,0.0,0.0,0.0,0.0,0.0,,False,True,kept,22422,0.5684370642667005,12152,lagged_forecast_error,lagged_forecast_error,solar_da_forecast_error_mw,True,kept,solar_id_forecast_error_mw_rolling_median_7d_same_local_qh,0.8777553292421958,0.01642591183382297,lagged_forecast_error,lagged_forecast_error,solar_da_forecast_error_mw,lagged_forecast_error,lagged_forecast_error,solar_da_forecast_error_mw,False,elasticnet_coefficients
solar_forecast_revision_id_minus_da_mw_lag_14d_same_local_qh,0.0,0.0,0.0,0.0,0.0,0.0,0.0,0.0,,False,True,kept,22048,0.5589555076689061,20449,forecast_revision,forecast_revision,solar_forecast_revision_id_minus_da_mw,True,kept,residual_load_revision_id_minus_da_approx_mw_lag_14d_same_local_qh,0.5631270305986281,0.022961809556449376,forecast_revision,forecast_revision,solar_forecast_revision_id_minus_da_mw,forecast_revision,forecast_revision,solar_forecast_revision_id_minus_da_mw,False,elasticnet_coefficients
solar_forecast_revision_id_minus_da_mw_lag_1d_same_local_qh,0.0,0.0,0.0,0.0,0.0,0.0,0.0,0.0,,False,True,kept,23038,0.5840537457218913,21349,forecast_revision,forecast_revision,solar_forecast_revision_id_minus_da_mw,True,kept,renewable_total_forecast_revision_id_minus_da_mw_lag_1d_same_local_qh,0.5537044239113782,0.009933608731737816,forecast_revision,forecast_revision,solar_forecast_revision_id_minus_da_mw,forecast_revision,forecast_revision,solar_forecast_revision_id_minus_da_mw,False,elasticnet_coefficients
solar_forecast_revision_id_minus_da_mw_lag_7d_same_local_qh,0.0,0.0,0.0,0.0,0.0,0.0,0.0,0.0,,False,True,kept,22536,0.5713271644061352,20905,forecast_revision,forecast_revision,solar_forecast_revision_id_minus_da_mw,True,kept,residual_load_revision_id_minus_da_approx_mw_rolling_mean_14d_same_local_qh,0.21526431474128063,0.0043547299566290745,forecast_revision,forecast_revision,solar_forecast_revision_id_minus_da_mw,forecast_revision,forecast_revision,solar_forecast_revision_id_minus_da_mw,False,elasticnet_coefficients
solar_id_forecast_error_mw_lag_2d_same_local_qh,0.0,0.0,0.0,0.0,0.0,0.0,0.0,0.0,,False,True,kept,21198,0.5374065154011916,20811,lagged_forecast_error,lagged_forecast_error,solar_id_forecast_error_mw,True,kept,solar_da_forecast_error_mw_lag_2d_same_local_qh,0.8674716411762902,0.02724514934305924,lagged_forecast_error,lagged_forecast_error,solar_id_forecast_error_mw,lagged_forecast_error,lagged_forecast_error,solar_id_forecast_error_mw,False,elasticnet_coefficients
solar_id_forecast_error_mw_rolling_median_14d_same_local_qh,0.0,0.0,0.0,0.0,0.0,0.0,0.0,0.0,,False,True,kept,22871,0.5798200025351755,12528,lagged_forecast_error,lagged_forecast_error,solar_id_forecast_error_mw,True,kept,solar_da_forecast_error_mw_rolling_mean_14d_same_local_qh,0.9039198568853372,0.00023446706455030854,lagged_forecast_error,lagged_forecast_error,solar_id_forecast_error_mw,lagged_forecast_error,lagged_forecast_error,solar_id_forecast_error_mw,False,elasticnet_coefficients
solar_id_forecast_error_mw_rolling_median_7d_same_local_qh,0.0,0.0,0.0,0.0,0.0,0.0,0.0,0.0,,False,True,kept,22636,0.5738623399670427,11996,lagged_forecast_error,lagged_forecast_error,solar_id_forecast_error_mw,True,kept,solar_id_forecast_error_mw_rolling_mean_3d_same_local_qh,0.7536440599954137,0.0231244637842088,lagged_forecast_error,lagged_forecast_error,solar_id_forecast_error_mw,lagged_forecast_error,lagged_forecast_error,solar_id_forecast_error_mw,False,elasticnet_coefficients
solar_id_forecast_error_mw_rolling_std_28d_same_local_qh,0.0,0.0,0.0,0.0,0.0,0.0,0.0,0.0,,False,True,kept,22921,0.5810875903156294,22821,lagged_forecast_error,lagged_forecast_error,solar_id_forecast_error_mw,True,kept,solar_id_forecast_error_mw_rolling_std_7d_same_local_qh,0.8931361923140438,0.056116960562326866,lagged_forecast_error,lagged_forecast_error,solar_id_forecast_error_mw,lagged_forecast_error,lagged_forecast_error,solar_id_forecast_error_mw,False,elasticnet_coefficients
solar_id_forecast_error_mw_rolling_std_3d_same_local_qh,0.0,0.0,0.0,0.0,0.0,0.0,0.0,0.0,,False,True,kept,21712,0.5504373177842565,21691,lagged_forecast_error,lagged_forecast_error,solar_id_forecast_error_mw,True,kept,solar_id_forecast_error_mw_rolling_std_7d_same_local_qh,0.8820967214695815,0.061920719588613525,lagged_forecast_error,lagged_forecast_error,solar_id_forecast_error_mw,lagged_forecast_error,lagged_forecast_error,solar_id_forecast_error_mw,False,elasticnet_coefficients
total_generation_forecast_da_mw,0.0,0.0,0.0,0.0,0.0,0.0,0.0,0.0,,False,True,kept,31096,0.7883381924198251,30982,da_forecast,forecast_level,total_generation_forecast_da_mw,True,kept,solar_forecast_da_mw_lag_1d_same_local_qh,0.6230483076242834,0.05769009983135247,da_forecast,forecast_level,total_generation_forecast_da_mw,da_forecast,forecast_level,total_generation_forecast_da_mw,False,elasticnet_coefficients
wind_offshore_da_forecast_error_mw_rolling_mean_14d_same_local_qh,0.0,0.0,0.0,0.0,0.0,0.0,0.0,0.0,,False,True,kept,38581,0.9780960831537584,38565,lagged_forecast_error,lagged_forecast_error,wind_offshore_da_forecast_error_mw,True,kept,wind_offshore_id_forecast_error_mw_rolling_mean_14d_same_local_qh,0.8484278067074108,0.027685913796341367,lagged_forecast_error,lagged_forecast_error,wind_offshore_da_forecast_error_mw,lagged_forecast_error,lagged_forecast_error,wind_offshore_da_forecast_error_mw,False,elasticnet_coefficients
wind_offshore_da_forecast_error_mw_rolling_mean_28d_same_local_qh,0.0,0.0,0.0,0.0,0.0,0.0,0.0,0.0,,False,True,kept,38581,0.9780960831537584,38575,lagged_forecast_error,lagged_forecast_error,wind_offshore_da_forecast_error_mw,True,kept,wind_offshore_id_forecast_error_mw_rolling_mean_28d_same_local_qh,0.845817465860605,0.025825112170697457,lagged_forecast_error,lagged_forecast_error,wind_offshore_da_forecast_error_mw,lagged_forecast_error,lagged_forecast_error,wind_offshore_da_forecast_error_mw,False,elasticnet_coefficients
wind_offshore_da_forecast_error_mw_rolling_mean_7d_same_local_qh,0.0,0.0,0.0,0.0,0.0,0.0,0.0,0.0,,False,True,kept,38483,0.9756116111040689,38258,lagged_forecast_error,lagged_forecast_error,wind_offshore_da_forecast_error_mw,True,kept,wind_offshore_id_forecast_error_mw_rolling_mean_7d_same_local_qh,0.8457748221200483,0.024662741731910194,lagged_forecast_error,lagged_forecast_error,wind_offshore_da_forecast_error_mw,lagged_forecast_error,lagged_forecast_error,wind_offshore_da_forecast_error_mw,False,elasticnet_coefficients
wind_offshore_da_forecast_error_mw_rolling_median_14d_same_local_qh,0.0,0.0,0.0,0.0,0.0,0.0,0.0,0.0,,False,True,kept,38581,0.9780960831537584,19305,lagged_forecast_error,lagged_forecast_error,wind_offshore_da_forecast_error_mw,True,kept,wind_offshore_da_forecast_error_mw_rolling_mean_14d_same_local_qh,0.799532907616472,0.006512701947115293,lagged_forecast_error,lagged_forecast_error,wind_offshore_da_forecast_error_mw,lagged_forecast_error,lagged_forecast_error,wind_offshore_da_forecast_error_mw,False,elasticnet_coefficients
wind_offshore_da_forecast_error_mw_rolling_median_3d_same_local_qh,0.0,0.0,0.0,0.0,0.0,0.0,0.0,0.0,,False,True,kept,37138,0.9415134998098619,23847,lagged_forecast_error,lagged_forecast_error,wind_offshore_da_forecast_error_mw,True,kept,wind_offshore_da_forecast_error_mw_rolling_mean_3d_same_local_qh,0.8570828433344505,0.018820881961522394,lagged_forecast_error,lagged_forecast_error,wind_offshore_da_forecast_error_mw,lagged_forecast_error,lagged_forecast_error,wind_offshore_da_forecast_error_mw,False,elasticnet_coefficients
wind_offshore_da_forecast_error_mw_rolling_std_14d_same_local_qh,0.0,0.0,0.0,0.0,0.0,0.0,0.0,0.0,,False,True,kept,38581,0.9780960831537584,38580,lagged_forecast_error,lagged_forecast_error,wind_offshore_da_forecast_error_mw,True,kept,load_da_forecast_error_mw_rolling_median_3d_same_local_qh,0.2614423942074536,0.04893530554854192,lagged_forecast_error,lagged_forecast_error,wind_offshore_da_forecast_error_mw,lagged_forecast_error,lagged_forecast_error,wind_offshore_da_forecast_error_mw,False,elasticnet_coefficients
wind_offshore_da_forecast_error_mw_rolling_std_28d_same_local_qh,0.0,0.0,0.0,0.0,0.0,0.0,0.0,0.0,,False,True,kept,38581,0.9780960831537584,38581,lagged_forecast_error,lagged_forecast_error,wind_offshore_da_forecast_error_mw,True,kept,wind_offshore_da_forecast_error_mw_rolling_std_14d_same_local_qh,0.7097869746916455,0.043984187309983845,lagged_forecast_error,lagged_forecast_error,wind_offshore_da_forecast_error_mw,lagged_forecast_error,lagged_forecast_error,wind_offshore_da_forecast_error_mw,False,elasticnet_coefficients
wind_offshore_forecast_id_mw_lag_14d_same_local_qh,0.0,0.0,0.0,0.0,0.0,0.0,0.0,0.0,,False,True,kept,37603,0.9533020661680821,36394,id_forecast,forecast_level,wind_offshore_forecast_id_mw,True,kept,wind_total_forecast_id_mw_lag_14d_same_local_qh,0.80728495228158,0.028906317420034005,id_forecast,forecast_level,wind_offshore_forecast_id_mw,id_forecast,forecast_level,wind_offshore_forecast_id_mw,False,elasticnet_coefficients
wind_offshore_forecast_id_mw_lag_2d_same_local_qh,0.0,0.0,0.0,0.0,0.0,0.0,0.0,0.0,,False,True,kept,39428,0.9995690201546457,38115,id_forecast,forecast_level,wind_offshore_forecast_id_mw,True,kept,wind_onshore_forecast_da_mw_lag_2d_same_local_qh,0.7033297923772042,0.006341582777163785,id_forecast,forecast_level,wind_offshore_forecast_id_mw,id_forecast,forecast_level,wind_offshore_forecast_id_mw,False,elasticnet_coefficients
wind_offshore_forecast_revision_id_minus_da_mw_lag_14d_same_local_qh,0.0,0.0,0.0,0.0,0.0,0.0,0.0,0.0,,False,True,kept,37594,0.9530739003676004,35588,forecast_revision,forecast_revision,wind_offshore_forecast_revision_id_minus_da_mw,True,first_ranked_feature,,0.0,0.03739983307004108,forecast_revision,forecast_revision,wind_offshore_forecast_revision_id_minus_da_mw,forecast_revision,forecast_revision,wind_offshore_forecast_revision_id_minus_da_mw,False,elasticnet_coefficients
wind_offshore_forecast_revision_id_minus_da_mw_lag_1d_same_local_qh,0.0,0.0,0.0,0.0,0.0,0.0,0.0,0.0,,False,True,kept,39421,0.9993915578653821,37234,forecast_revision,forecast_revision,wind_offshore_forecast_revision_id_minus_da_mw,True,kept,renewable_total_forecast_revision_id_minus_da_mw_lag_1d_same_local_qh,0.45859813619941797,0.008347976154114164,forecast_revision,forecast_revision,wind_offshore_forecast_revision_id_minus_da_mw,forecast_revision,forecast_revision,wind_offshore_forecast_revision_id_minus_da_mw,False,elasticnet_coefficients
wind_offshore_forecast_revision_id_minus_da_mw_lag_2d_same_local_qh,0.0,0.0,0.0,0.0,0.0,0.0,0.0,0.0,,False,True,kept,39420,0.9993662061097731,37244,forecast_revision,forecast_revision,wind_offshore_forecast_revision_id_minus_da_mw,True,kept,wind_total_forecast_revision_id_minus_da_mw_lag_2d_same_local_qh,0.5289051577128568,0.0059250428067451864,forecast_revision,forecast_revision,wind_offshore_forecast_revision_id_minus_da_mw,forecast_revision,forecast_revision,wind_offshore_forecast_revision_id_minus_da_mw,False,elasticnet_coefficients
wind_offshore_forecast_revision_id_minus_da_mw_lag_7d_same_local_qh,0.0,0.0,0.0,0.0,0.0,0.0,0.0,0.0,,False,True,kept,38459,0.9750031689694512,36330,forecast_revision,forecast_revision,wind_offshore_forecast_revision_id_minus_da_mw,True,kept,wind_total_forecast_revision_id_minus_da_mw_lag_7d_same_local_qh,0.523490608330737,0.002345766189628494,forecast_revision,forecast_revision,wind_offshore_forecast_revision_id_minus_da_mw,forecast_revision,forecast_revision,wind_offshore_forecast_revision_id_minus_da_mw,False,elasticnet_coefficients
wind_offshore_id_forecast_error_mw_lag_2d_same_local_qh,0.0,0.0,0.0,0.0,0.0,0.0,0.0,0.0,,False,True,kept,36164,0.9168208898466219,35301,lagged_forecast_error,lagged_forecast_error,wind_offshore_id_forecast_error_mw,True,kept,wind_offshore_id_forecast_error_mw_rolling_median_3d_same_local_qh,0.6354594438984238,0.012512783768568883,lagged_forecast_error,lagged_forecast_error,wind_offshore_id_forecast_error_mw,lagged_forecast_error,lagged_forecast_error,wind_offshore_id_forecast_error_mw,False,elasticnet_coefficients
wind_offshore_id_forecast_error_mw_rolling_mean_14d_same_local_qh,0.0,0.0,0.0,0.0,0.0,0.0,0.0,0.0,,False,True,kept,38581,0.9780960831537584,38564,lagged_forecast_error,lagged_forecast_error,wind_offshore_id_forecast_error_mw,True,kept,solar_id_forecast_error_mw_rolling_std_28d_same_local_qh,0.36348157434017103,0.03728755402207577,lagged_forecast_error,lagged_forecast_error,wind_offshore_id_forecast_error_mw,lagged_forecast_error,lagged_forecast_error,wind_offshore_id_forecast_error_mw,False,elasticnet_coefficients
wind_offshore_id_forecast_error_mw_rolling_mean_28d_same_local_qh,0.0,0.0,0.0,0.0,0.0,0.0,0.0,0.0,,False,True,kept,38581,0.9780960831537584,38572,lagged_forecast_error,lagged_forecast_error,wind_offshore_id_forecast_error_mw,True,kept,wind_offshore_id_forecast_error_mw_rolling_mean_14d_same_local_qh,0.756821567912474,0.030565567795372398,lagged_forecast_error,lagged_forecast_error,wind_offshore_id_forecast_error_mw,lagged_forecast_error,lagged_forecast_error,wind_offshore_id_forecast_error_mw,False,elasticnet_coefficients
wind_offshore_id_forecast_error_mw_rolling_mean_3d_same_local_qh,0.0,0.0,0.0,0.0,0.0,0.0,0.0,0.0,,False,True,kept,37134,0.9414120927874255,37082,lagged_forecast_error,lagged_forecast_error,wind_offshore_id_forecast_error_mw,True,kept,wind_offshore_id_forecast_error_mw_lag_1d_same_local_qh,0.5923346697720788,0.030329282174144174,lagged_forecast_error,lagged_forecast_error,wind_offshore_id_forecast_error_mw,lagged_forecast_error,lagged_forecast_error,wind_offshore_id_forecast_error_mw,False,elasticnet_coefficients
wind_offshore_id_forecast_error_mw_rolling_median_7d_same_local_qh,0.0,0.0,0.0,0.0,0.0,0.0,0.0,0.0,,False,True,kept,38479,0.9755102040816327,19265,lagged_forecast_error,lagged_forecast_error,wind_offshore_id_forecast_error_mw,True,kept,wind_offshore_id_forecast_error_mw_rolling_mean_7d_same_local_qh,0.7910441957708296,0.01202252512519668,lagged_forecast_error,lagged_forecast_error,wind_offshore_id_forecast_error_mw,lagged_forecast_error,lagged_forecast_error,wind_offshore_id_forecast_error_mw,False,elasticnet_coefficients
wind_offshore_id_forecast_error_mw_rolling_std_14d_same_local_qh,0.0,0.0,0.0,0.0,0.0,0.0,0.0,0.0,,False,True,kept,38581,0.9780960831537584,38577,lagged_forecast_error,lagged_forecast_error,wind_offshore_id_forecast_error_mw,True,kept,wind_offshore_da_forecast_error_mw_rolling_std_14d_same_local_qh,0.7277398477122542,0.03578413929989857,lagged_forecast_error,lagged_forecast_error,wind_offshore_id_forecast_error_mw,lagged_forecast_error,lagged_forecast_error,wind_offshore_id_forecast_error_mw,False,elasticnet_coefficients
wind_offshore_id_forecast_error_mw_rolling_std_28d_same_local_qh,0.0,0.0,0.0,0.0,0.0,0.0,0.0,0.0,,False,True,kept,38581,0.9780960831537584,38580,lagged_forecast_error,lagged_forecast_error,wind_offshore_id_forecast_error_mw,True,kept,wind_offshore_id_forecast_error_mw_rolling_std_14d_same_local_qh,0.859957338791332,0.028447682181144626,lagged_forecast_error,lagged_forecast_error,wind_offshore_id_forecast_error_mw,lagged_forecast_error,lagged_forecast_error,wind_offshore_id_forecast_error_mw,False,elasticnet_coefficients
wind_offshore_id_forecast_error_mw_rolling_std_3d_same_local_qh,0.0,0.0,0.0,0.0,0.0,0.0,0.0,0.0,,False,True,kept,37134,0.9414120927874255,37132,lagged_forecast_error,lagged_forecast_error,wind_offshore_id_forecast_error_mw,True,kept,wind_offshore_id_forecast_error_mw_rolling_std_7d_same_local_qh,0.6981670070496953,0.0262865153437288,lagged_forecast_error,lagged_forecast_error,wind_offshore_id_forecast_error_mw,lagged_forecast_error,lagged_forecast_error,wind_offshore_id_forecast_error_mw,False,elasticnet_coefficients
wind_offshore_id_forecast_error_mw_rolling_std_7d_same_local_qh,0.0,0.0,0.0,0.0,0.0,0.0,0.0,0.0,,False,True,kept,38479,0.9755102040816327,38283,lagged_forecast_error,lagged_forecast_error,wind_offshore_id_forecast_error_mw,True,kept,wind_offshore_id_forecast_error_mw_rolling_std_14d_same_local_qh,0.7963273349962979,0.03193934218856549,lagged_forecast_error,lagged_forecast_error,wind_offshore_id_forecast_error_mw,lagged_forecast_error,lagged_forecast_error,wind_offshore_id_forecast_error_mw,False,elasticnet_coefficients
wind_onshore_da_forecast_error_mw_lag_14d_same_local_qh,0.0,0.0,0.0,0.0,0.0,0.0,0.0,0.0,,False,True,kept,34540,0.8756496387374826,34257,lagged_forecast_error,lagged_forecast_error,wind_onshore_da_forecast_error_mw,True,kept,wind_onshore_id_forecast_error_mw_lag_14d_same_local_qh,0.7460055786663806,0.0025526432952542636,lagged_forecast_error,lagged_forecast_error,wind_onshore_da_forecast_error_mw,lagged_forecast_error,lagged_forecast_error,wind_onshore_da_forecast_error_mw,False,elasticnet_coefficients
wind_onshore_da_forecast_error_mw_lag_2d_same_local_qh,0.0,0.0,0.0,0.0,0.0,0.0,0.0,0.0,,False,True,kept,36172,0.9170237038914945,35889,lagged_forecast_error,lagged_forecast_error,wind_onshore_da_forecast_error_mw,True,kept,wind_onshore_id_forecast_error_mw_lag_2d_same_local_qh,0.7444629625439283,0.004474526954522681,lagged_forecast_error,lagged_forecast_error,wind_onshore_da_forecast_error_mw,lagged_forecast_error,lagged_forecast_error,wind_onshore_da_forecast_error_mw,False,elasticnet_coefficients
wind_onshore_da_forecast_error_mw_lag_7d_same_local_qh,0.0,0.0,0.0,0.0,0.0,0.0,0.0,0.0,,False,True,kept,35308,0.8951197870452529,35019,lagged_forecast_error,lagged_forecast_error,wind_onshore_da_forecast_error_mw,True,kept,wind_onshore_id_forecast_error_mw_lag_7d_same_local_qh,0.7422719188690408,0.0009658922837399895,lagged_forecast_error,lagged_forecast_error,wind_onshore_da_forecast_error_mw,lagged_forecast_error,lagged_forecast_error,wind_onshore_da_forecast_error_mw,False,elasticnet_coefficients
wind_onshore_da_forecast_error_mw_rolling_mean_14d_same_local_qh,0.0,0.0,0.0,0.0,0.0,0.0,0.0,0.0,,False,True,kept,38581,0.9780960831537584,38576,lagged_forecast_error,lagged_forecast_error,wind_onshore_da_forecast_error_mw,True,kept,wind_onshore_da_forecast_error_mw_rolling_median_14d_same_local_qh,0.8269329447501971,0.009131870491841113,lagged_forecast_error,lagged_forecast_error,wind_onshore_da_forecast_error_mw,lagged_forecast_error,lagged_forecast_error,wind_onshore_da_forecast_error_mw,False,elasticnet_coefficients
wind_onshore_da_forecast_error_mw_rolling_mean_28d_same_local_qh,0.0,0.0,0.0,0.0,0.0,0.0,0.0,0.0,,False,True,kept,38581,0.9780960831537584,38579,lagged_forecast_error,lagged_forecast_error,wind_onshore_da_forecast_error_mw,True,kept,wind_offshore_da_forecast_error_mw_rolling_mean_14d_same_local_qh,0.27667954055234295,0.02671627204307347,lagged_forecast_error,lagged_forecast_error,wind_onshore_da_forecast_error_mw,lagged_forecast_error,lagged_forecast_error,wind_onshore_da_forecast_error_mw,False,elasticnet_coefficients
wind_onshore_da_forecast_error_mw_rolling_median_14d_same_local_qh,0.0,0.0,0.0,0.0,0.0,0.0,0.0,0.0,,False,True,kept,38581,0.9780960831537584,19662,lagged_forecast_error,lagged_forecast_error,wind_onshore_da_forecast_error_mw,True,kept,wind_onshore_da_forecast_error_mw_rolling_mean_28d_same_local_qh,0.6912511600151068,0.01746053118722396,lagged_forecast_error,lagged_forecast_error,wind_onshore_da_forecast_error_mw,lagged_forecast_error,lagged_forecast_error,wind_onshore_da_forecast_error_mw,False,elasticnet_coefficients
wind_onshore_da_forecast_error_mw_rolling_median_28d_same_local_qh,0.0,0.0,0.0,0.0,0.0,0.0,0.0,0.0,,False,True,kept,38581,0.9780960831537584,15342,lagged_forecast_error,lagged_forecast_error,wind_onshore_da_forecast_error_mw,True,kept,wind_onshore_da_forecast_error_mw_rolling_mean_28d_same_local_qh,0.8240266097599227,0.015843673688472094,lagged_forecast_error,lagged_forecast_error,wind_onshore_da_forecast_error_mw,lagged_forecast_error,lagged_forecast_error,wind_onshore_da_forecast_error_mw,False,elasticnet_coefficients
wind_onshore_da_forecast_error_mw_rolling_std_28d_same_local_qh,0.0,0.0,0.0,0.0,0.0,0.0,0.0,0.0,,False,True,kept,38581,0.9780960831537584,38581,lagged_forecast_error,lagged_forecast_error,wind_onshore_da_forecast_error_mw,True,kept,wind_onshore_id_forecast_error_mw_rolling_std_28d_same_local_qh,0.7268679343344905,0.00458669717518108,lagged_forecast_error,lagged_forecast_error,wind_onshore_da_forecast_error_mw,lagged_forecast_error,lagged_forecast_error,wind_onshore_da_forecast_error_mw,False,elasticnet_coefficients
wind_onshore_da_forecast_error_mw_rolling_std_3d_same_local_qh,0.0,0.0,0.0,0.0,0.0,0.0,0.0,0.0,,False,True,kept,37141,0.9415895550766891,37140,lagged_forecast_error,lagged_forecast_error,wind_onshore_da_forecast_error_mw,True,kept,wind_offshore_id_forecast_error_mw_rolling_std_3d_same_local_qh,0.2750679529364797,0.013497989765209016,lagged_forecast_error,lagged_forecast_error,wind_onshore_da_forecast_error_mw,lagged_forecast_error,lagged_forecast_error,wind_onshore_da_forecast_error_mw,False,elasticnet_coefficients
wind_onshore_da_forecast_error_mw_rolling_std_7d_same_local_qh,0.0,0.0,0.0,0.0,0.0,0.0,0.0,0.0,,False,True,kept,38485,0.9756623146152871,38293,lagged_forecast_error,lagged_forecast_error,wind_onshore_da_forecast_error_mw,True,kept,wind_onshore_da_forecast_error_mw_rolling_std_3d_same_local_qh,0.6165729482259966,0.008155421739129462,lagged_forecast_error,lagged_forecast_error,wind_onshore_da_forecast_error_mw,lagged_forecast_error,lagged_forecast_error,wind_onshore_da_forecast_error_mw,False,elasticnet_coefficients
wind_onshore_forecast_da_mw_lag_1d_same_local_qh,0.0,0.0,0.0,0.0,0.0,0.0,0.0,0.0,,False,True,kept,39436,0.9997718341995183,39164,da_forecast,forecast_level,wind_onshore_forecast_da_mw,True,kept,solar_forecast_da_mw_lag_1d_same_local_qh,0.21799563910010852,0.04510215927225203,da_forecast,forecast_level,wind_onshore_forecast_da_mw,da_forecast,forecast_level,wind_onshore_forecast_da_mw,False,elasticnet_coefficients
wind_onshore_id_forecast_error_mw_rolling_mean_14d_same_local_qh,0.0,0.0,0.0,0.0,0.0,0.0,0.0,0.0,,False,True,kept,38581,0.9780960831537584,38580,lagged_forecast_error,lagged_forecast_error,wind_onshore_id_forecast_error_mw,True,kept,wind_onshore_da_forecast_error_mw_rolling_mean_14d_same_local_qh,0.8408984041854509,0.004941624715464129,lagged_forecast_error,lagged_forecast_error,wind_onshore_id_forecast_error_mw,lagged_forecast_error,lagged_forecast_error,wind_onshore_id_forecast_error_mw,False,elasticnet_coefficients
wind_onshore_id_forecast_error_mw_rolling_median_28d_same_local_qh,0.0,0.0,0.0,0.0,0.0,0.0,0.0,0.0,,False,True,kept,38581,0.9780960831537584,15642,lagged_forecast_error,lagged_forecast_error,wind_onshore_id_forecast_error_mw,True,kept,wind_onshore_da_forecast_error_mw_rolling_median_28d_same_local_qh,0.7701479815745214,0.014249021996829057,lagged_forecast_error,lagged_forecast_error,wind_onshore_id_forecast_error_mw,lagged_forecast_error,lagged_forecast_error,wind_onshore_id_forecast_error_mw,False,elasticnet_coefficients
wind_onshore_id_forecast_error_mw_rolling_std_28d_same_local_qh,0.0,0.0,0.0,0.0,0.0,0.0,0.0,0.0,,False,True,kept,38581,0.9780960831537584,38581,lagged_forecast_error,lagged_forecast_error,wind_onshore_id_forecast_error_mw,True,kept,wind_offshore_id_forecast_error_mw_rolling_std_28d_same_local_qh,0.7540570213035417,0.01700135204029067,lagged_forecast_error,lagged_forecast_error,wind_onshore_id_forecast_error_mw,lagged_forecast_error,lagged_forecast_error,wind_onshore_id_forecast_error_mw,False,elasticnet_coefficients
wind_onshore_id_forecast_error_mw_rolling_std_3d_same_local_qh,0.0,0.0,0.0,0.0,0.0,0.0,0.0,0.0,,False,True,kept,37141,0.9415895550766891,37139,lagged_forecast_error,lagged_forecast_error,wind_onshore_id_forecast_error_mw,True,kept,wind_onshore_da_forecast_error_mw_rolling_std_3d_same_local_qh,0.5904001114255424,0.009791176352424734,lagged_forecast_error,lagged_forecast_error,wind_onshore_id_forecast_error_mw,lagged_forecast_error,lagged_forecast_error,wind_onshore_id_forecast_error_mw,False,elasticnet_coefficients
wind_onshore_id_forecast_error_mw_rolling_std_7d_same_local_qh,0.0,0.0,0.0,0.0,0.0,0.0,0.0,0.0,,False,True,kept,38485,0.9756623146152871,38293,lagged_forecast_error,lagged_forecast_error,wind_onshore_id_forecast_error_mw,True,kept,wind_onshore_id_forecast_error_mw_rolling_std_28d_same_local_qh,0.742509894934399,0.005749856320448329,lagged_forecast_error,lagged_forecast_error,wind_onshore_id_forecast_error_mw,lagged_forecast_error,lagged_forecast_error,wind_onshore_id_forecast_error_mw,False,elasticnet_coefficients
wind_total_forecast_id_mw_lag_7d_same_local_qh,0.0,0.0,0.0,0.0,0.0,0.0,0.0,0.0,,False,True,kept,38481,0.9755609075928509,38329,id_forecast,forecast_level,wind_total_forecast_id_mw,True,kept,wind_offshore_forecast_da_mw_lag_7d_same_local_qh,0.8172859047468585,0.023938863111641746,id_forecast,forecast_level,wind_total_forecast_id_mw,id_forecast,forecast_level,wind_total_forecast_id_mw,False,elasticnet_coefficients
wind_total_forecast_revision_id_minus_da_mw_regime_abs_median_28d_over_vol,0.0,0.0,0.0,0.0,0.0,0.0,0.0,0.0,,False,True,kept,39445,1.0,39445,regime_level,regime,wind_total_forecast_revision_id_minus_da_mw,True,kept,ida2_price_eur_mwh_regime_abs_median_28d_over_vol,0.1708992046144936,0.01101817775660195,regime_level,regime,wind_total_forecast_revision_id_minus_da_mw,regime_level,regime,wind_total_forecast_revision_id_minus_da_mw,False,elasticnet_coefficients
wind_total_forecast_revision_id_minus_da_mw_regime_mean_shift_7d_vs_28d_z,0.0,0.0,0.0,0.0,0.0,0.0,0.0,0.0,,False,True,kept,39445,1.0,39445,regime_mean_shift,regime,wind_total_forecast_revision_id_minus_da_mw,True,kept,ida2_minus_da_spread_eur_mwh_regime_mean_shift_7d_vs_28d_z,0.17238230415722303,0.030142410526402243,regime_mean_shift,regime,wind_total_forecast_revision_id_minus_da_mw,regime_mean_shift,regime,wind_total_forecast_revision_id_minus_da_mw,False,elasticnet_coefficients
wind_total_forecast_revision_id_minus_da_mw_regime_vol_28d,0.0,0.0,0.0,0.0,0.0,0.0,0.0,0.0,,False,True,kept,39445,1.0,39445,regime_volatility,regime,wind_total_forecast_revision_id_minus_da_mw,True,kept,residual_load_revision_id_minus_da_approx_mw_regime_vol_28d,0.6992593901221399,0.014501264282595858,regime_volatility,regime,wind_total_forecast_revision_id_minus_da_mw,regime_volatility,regime,wind_total_forecast_revision_id_minus_da_mw,False,elasticnet_coefficients
wind_total_forecast_revision_id_minus_da_mw_rolling_mean_28d_same_local_qh,0.0,0.0,0.0,0.0,0.0,0.0,0.0,0.0,,False,True,kept,39445,1.0,39438,forecast_revision,forecast_revision,wind_total_forecast_revision_id_minus_da_mw,True,kept,wind_total_forecast_revision_id_minus_da_mw_rolling_median_14d_same_local_qh,0.6303564228013697,0.03548786964676812,forecast_revision,forecast_revision,wind_total_forecast_revision_id_minus_da_mw,forecast_revision,forecast_revision,wind_total_forecast_revision_id_minus_da_mw,False,elasticnet_coefficients
wind_total_forecast_revision_id_minus_da_mw_rolling_mean_3d_same_local_qh,0.0,0.0,0.0,0.0,0.0,0.0,0.0,0.0,,False,True,kept,39445,1.0,39361,forecast_revision,forecast_revision,wind_total_forecast_revision_id_minus_da_mw,True,kept,renewable_total_forecast_revision_id_minus_da_mw_rolling_mean_3d_same_local_qh,0.8682440228188634,0.010022486171883081,forecast_revision,forecast_revision,wind_total_forecast_revision_id_minus_da_mw,forecast_revision,forecast_revision,wind_total_forecast_revision_id_minus_da_mw,False,elasticnet_coefficients
wind_total_forecast_revision_id_minus_da_mw_rolling_mean_7d_same_local_qh,0.0,0.0,0.0,0.0,0.0,0.0,0.0,0.0,,False,True,kept,39445,1.0,39419,forecast_revision,forecast_revision,wind_total_forecast_revision_id_minus_da_mw,True,kept,residual_load_revision_id_minus_da_approx_mw_rolling_mean_7d_same_local_qh,0.8635564067839935,0.002626737941031045,forecast_revision,forecast_revision,wind_total_forecast_revision_id_minus_da_mw,forecast_revision,forecast_revision,wind_total_forecast_revision_id_minus_da_mw,False,elasticnet_coefficients
wind_total_forecast_revision_id_minus_da_mw_rolling_median_14d_same_local_qh,0.0,0.0,0.0,0.0,0.0,0.0,0.0,0.0,,False,True,kept,39445,1.0,19207,forecast_revision,forecast_revision,wind_total_forecast_revision_id_minus_da_mw,True,kept,residual_load_revision_id_minus_da_approx_mw_rolling_median_14d_same_local_qh,0.8168074438372575,0.036445841310242845,forecast_revision,forecast_revision,wind_total_forecast_revision_id_minus_da_mw,forecast_revision,forecast_revision,wind_total_forecast_revision_id_minus_da_mw,False,elasticnet_coefficients
wind_total_forecast_revision_id_minus_da_mw_rolling_std_28d_same_local_qh,0.0,0.0,0.0,0.0,0.0,0.0,0.0,0.0,,False,True,kept,39445,1.0,39445,forecast_revision,forecast_revision,wind_total_forecast_revision_id_minus_da_mw,True,kept,residual_load_revision_id_minus_da_approx_mw_rolling_std_28d_same_local_qh,0.6992593901221399,0.014501264282595858,forecast_revision,forecast_revision,wind_total_forecast_revision_id_minus_da_mw,forecast_revision,forecast_revision,wind_total_forecast_revision_id_minus_da_mw,False,elasticnet_coefficients
wind_total_forecast_revision_id_minus_da_mw_rolling_std_7d_same_local_qh,0.0,0.0,0.0,0.0,0.0,0.0,0.0,0.0,,False,True,kept,39445,1.0,39445,forecast_revision,forecast_revision,wind_total_forecast_revision_id_minus_da_mw,True,kept,residual_load_revision_id_minus_da_approx_mw_rolling_std_7d_same_local_qh,0.8006105155036113,0.0010600898846532946,forecast_revision,forecast_revision,wind_total_forecast_revision_id_minus_da_mw,forecast_revision,forecast_revision,wind_total_forecast_revision_id_minus_da_mw,False,elasticnet_coefficients
da_price_eur_mwh_rolling_mean_14d_same_local_qh,,,,,,,,,,False,True,kept,39445,1.0,23753,da_price,market_history,da_price_eur_mwh,False,too_correlated_with_kept_feature,da_price_eur_mwh_rolling_median_28d_same_local_qh,0.9244672496018836,0.04590821743681178,da_price,market_history,da_price_eur_mwh,da_price,market_history,da_price_eur_mwh,False,elasticnet_coefficients
da_price_eur_mwh_rolling_mean_28d_same_local_qh,,,,,,,,,,False,True,kept,39445,1.0,30101,da_price,market_history,da_price_eur_mwh,False,too_correlated_with_kept_feature,da_price_eur_mwh_rolling_median_28d_same_local_qh,0.9664068403026976,0.046653709533446205,da_price,market_history,da_price_eur_mwh,da_price,market_history,da_price_eur_mwh,False,elasticnet_coefficients
da_price_eur_mwh_rolling_median_14d_same_local_qh,,,,,,,,,,False,True,kept,39445,1.0,6686,da_price,market_history,da_price_eur_mwh,False,too_correlated_with_kept_feature,da_price_eur_mwh_rolling_median_28d_same_local_qh,0.9310327740904376,0.04378825532598371,da_price,market_history,da_price_eur_mwh,da_price,market_history,da_price_eur_mwh,False,elasticnet_coefficients
da_price_eur_mwh_rolling_median_3d_same_local_qh,,,,,,,,,,False,True,kept,39445,1.0,5982,da_price,market_history,da_price_eur_mwh,False,too_correlated_with_kept_feature,da_price_eur_mwh_rolling_mean_3d_same_local_qh,0.9716012953048175,0.01779743505799277,da_price,market_history,da_price_eur_mwh,da_price,market_history,da_price_eur_mwh,False,elasticnet_coefficients
da_price_eur_mwh_rolling_median_7d_same_local_qh,,,,,,,,,,False,True,kept,39445,1.0,4752,da_price,market_history,da_price_eur_mwh,False,too_correlated_with_kept_feature,da_price_eur_mwh_rolling_mean_7d_same_local_qh,0.9673748029482646,0.03232741286993987,da_price,market_history,da_price_eur_mwh,da_price,market_history,da_price_eur_mwh,False,elasticnet_coefficients
hour_sin,,,,,,,,,,False,True,kept,39445,1.0,22,calendar,calendar,hour_sin,False,too_correlated_with_kept_feature,quarter_sin,0.9846547438803304,0.0007833160193580444,calendar,calendar,hour_sin,calendar,calendar,hour_sin,False,elasticnet_coefficients
ida2_minus_da_spread_eur_mwh_rolling_mean_14d_same_local_qh,,,,,,,,,,False,True,kept,37429,0.9488908606921029,36318,ida2_history,market_history,ida2_minus_da_spread_eur_mwh,False,too_correlated_with_kept_feature,ida2_minus_da_spread_eur_mwh_rolling_median_28d_same_local_qh,0.9372879889809376,0.6582829088872787,ida2_history,market_history,ida2_minus_da_spread_eur_mwh,ida2_history,market_history,ida2_minus_da_spread_eur_mwh,False,elasticnet_coefficients
ida2_minus_da_spread_eur_mwh_rolling_mean_28d_same_local_qh,,,,,,,,,,False,True,kept,36757,0.9318544809228039,36263,ida2_history,market_history,ida2_minus_da_spread_eur_mwh,False,too_correlated_with_kept_feature,ida2_minus_da_spread_eur_mwh_rolling_median_28d_same_local_qh,0.974314268786225,0.6672985528696115,ida2_history,market_history,ida2_minus_da_spread_eur_mwh,ida2_history,market_history,ida2_minus_da_spread_eur_mwh,False,elasticnet_coefficients
ida2_minus_da_spread_eur_mwh_rolling_mean_7d_same_local_qh,,,,,,,,,,False,True,kept,37717,0.9561921663075168,35527,ida2_history,market_history,ida2_minus_da_spread_eur_mwh,False,too_correlated_with_kept_feature,ida2_minus_da_spread_eur_mwh_rolling_median_7d_same_local_qh,0.9459681300014792,0.6486389755541382,ida2_history,market_history,ida2_minus_da_spread_eur_mwh,ida2_history,market_history,ida2_minus_da_spread_eur_mwh,False,elasticnet_coefficients
ida2_minus_da_spread_eur_mwh_rolling_median_14d_same_local_qh,,,,,,,,,,False,True,kept,37429,0.9488908606921029,14423,ida2_history,market_history,ida2_minus_da_spread_eur_mwh,False,too_correlated_with_kept_feature,ida2_minus_da_spread_eur_mwh_rolling_median_28d_same_local_qh,0.9656513668208931,0.6752519721225573,ida2_history,market_history,ida2_minus_da_spread_eur_mwh,ida2_history,market_history,ida2_minus_da_spread_eur_mwh,False,elasticnet_coefficients
ida2_minus_da_spread_eur_mwh_rolling_median_3d_same_local_qh,,,,,,,,,,False,True,kept,37333,0.9464570921536316,13615,ida2_history,market_history,ida2_minus_da_spread_eur_mwh,False,too_correlated_with_kept_feature,ida2_minus_da_spread_eur_mwh_rolling_mean_3d_same_local_qh,0.9463861142262946,0.6110557481764597,ida2_history,market_history,ida2_minus_da_spread_eur_mwh,ida2_history,market_history,ida2_minus_da_spread_eur_mwh,False,elasticnet_coefficients
ida2_price_eur_mwh_rolling_mean_14d_same_local_qh,,,,,,,,,,False,True,kept,37429,0.9488908606921029,35961,ida2_history,market_history,ida2_price_eur_mwh,False,too_correlated_with_kept_feature,ida2_price_eur_mwh_rolling_median_28d_same_local_qh,0.9442121584316543,0.20105787756089066,ida2_history,market_history,ida2_price_eur_mwh,ida2_history,market_history,ida2_price_eur_mwh,False,elasticnet_coefficients
ida2_price_eur_mwh_rolling_mean_28d_same_local_qh,,,,,,,,,,False,True,kept,36757,0.9318544809228039,36213,ida2_history,market_history,ida2_price_eur_mwh,False,too_correlated_with_kept_feature,ida2_price_eur_mwh_rolling_median_28d_same_local_qh,0.9763179294610999,0.2078053689919603,ida2_history,market_history,ida2_price_eur_mwh,ida2_history,market_history,ida2_price_eur_mwh,False,elasticnet_coefficients
ida2_price_eur_mwh_rolling_mean_3d_same_local_qh,,,,,,,,,,False,True,kept,37333,0.9464570921536316,33626,ida2_history,market_history,ida2_price_eur_mwh,False,too_correlated_with_kept_feature,ida2_price_eur_mwh_rolling_median_3d_same_local_qh,0.969411322890658,0.19682748016777674,ida2_history,market_history,ida2_price_eur_mwh,ida2_history,market_history,ida2_price_eur_mwh,False,elasticnet_coefficients
ida2_price_eur_mwh_rolling_mean_7d_same_local_qh,,,,,,,,,,False,True,kept,37717,0.9561921663075168,34649,ida2_history,market_history,ida2_price_eur_mwh,False,too_correlated_with_kept_feature,ida2_price_eur_mwh_rolling_median_7d_same_local_qh,0.9682175748664117,0.2006451919726699,ida2_history,market_history,ida2_price_eur_mwh,ida2_history,market_history,ida2_price_eur_mwh,False,elasticnet_coefficients
ida2_price_eur_mwh_rolling_median_14d_same_local_qh,,,,,,,,,,False,True,kept,37429,0.9488908606921029,13349,ida2_history,market_history,ida2_price_eur_mwh,False,too_correlated_with_kept_feature,ida2_price_eur_mwh_rolling_median_28d_same_local_qh,0.949677157470634,0.215631734357668,ida2_history,market_history,ida2_price_eur_mwh,ida2_history,market_history,ida2_price_eur_mwh,False,elasticnet_coefficients
load_da_forecast_error_mw_rolling_mean_14d_same_local_qh,,,,,,,,,,False,True,kept,38581,0.9780960831537584,38578,lagged_forecast_error,lagged_forecast_error,load_da_forecast_error_mw,False,too_correlated_with_kept_feature,load_da_forecast_error_mw_rolling_mean_7d_same_local_qh,0.93458596798382,0.046949464795870255,lagged_forecast_error,lagged_forecast_error,load_da_forecast_error_mw,lagged_forecast_error,lagged_forecast_error,load_da_forecast_error_mw,False,elasticnet_coefficients
load_da_forecast_error_mw_rolling_mean_28d_same_local_qh,,,,,,,,,,False,True,kept,38581,0.9780960831537584,38580,lagged_forecast_error,lagged_forecast_error,load_da_forecast_error_mw,False,too_correlated_with_kept_feature,load_da_forecast_error_mw_rolling_median_14d_same_local_qh,0.9250201036484181,0.03060549825019815,lagged_forecast_error,lagged_forecast_error,load_da_forecast_error_mw,lagged_forecast_error,lagged_forecast_error,load_da_forecast_error_mw,False,elasticnet_coefficients
load_da_forecast_error_mw_rolling_mean_3d_same_local_qh,,,,,,,,,,False,True,kept,37141,0.9415895550766891,37126,lagged_forecast_error,lagged_forecast_error,load_da_forecast_error_mw,False,too_correlated_with_kept_feature,load_da_forecast_error_mw_rolling_median_3d_same_local_qh,0.9756098926919665,0.05820700524137965,lagged_forecast_error,lagged_forecast_error,load_da_forecast_error_mw,lagged_forecast_error,lagged_forecast_error,load_da_forecast_error_mw,False,elasticnet_coefficients
load_da_forecast_error_mw_rolling_median_28d_same_local_qh,,,,,,,,,,False,True,kept,38581,0.9780960831537584,18209,lagged_forecast_error,lagged_forecast_error,load_da_forecast_error_mw,False,too_correlated_with_kept_feature,load_da_forecast_error_mw_rolling_median_14d_same_local_qh,0.9239957283027066,0.0321769387652923,lagged_forecast_error,lagged_forecast_error,load_da_forecast_error_mw,lagged_forecast_error,lagged_forecast_error,load_da_forecast_error_mw,False,elasticnet_coefficients
load_da_forecast_error_mw_rolling_median_7d_same_local_qh,,,,,,,,,,False,True,kept,38485,0.9756623146152871,19669,lagged_forecast_error,lagged_forecast_error,load_da_forecast_error_mw,False,too_correlated_with_kept_feature,load_da_forecast_error_mw_rolling_mean_7d_same_local_qh,0.971880255339172,0.04258545622361183,lagged_forecast_error,lagged_forecast_error,load_da_forecast_error_mw,lagged_forecast_error,lagged_forecast_error,load_da_forecast_error_mw,False,elasticnet_coefficients
load_forecast_da_mw_lag_7d_same_local_qh,,,,,,,,,,False,True,kept,38480,0.9755355558372417,38271,da_forecast,forecast_level,load_forecast_da_mw,False,too_correlated_with_kept_feature,load_forecast_da_mw_lag_14d_same_local_qh,0.9281927504588834,0.046267003521192326,da_forecast,forecast_level,load_forecast_da_mw,da_forecast,forecast_level,load_forecast_da_mw,False,elasticnet_coefficients
quarter_cos,,,,,,,,,,False,True,kept,39445,1.0,89,calendar,calendar,quarter_cos,False,too_correlated_with_kept_feature,hour_cos,0.985181026404253,0.031043471698312567,calendar,calendar,quarter_cos,calendar,calendar,quarter_cos,False,elasticnet_coefficients
renewable_total_forecast_da_mw_lag_14d_same_local_qh,,,,,,,,,,False,True,kept,37617,0.9536569907466093,37511,da_forecast,forecast_level,renewable_total_forecast_da_mw,False,too_correlated_with_kept_feature,renewable_total_forecast_id_mw_lag_14d_same_local_qh,0.9954730302842031,0.021811201614439273,da_forecast,forecast_level,renewable_total_forecast_da_mw,da_forecast,forecast_level,renewable_total_forecast_da_mw,False,elasticnet_coefficients
renewable_total_forecast_da_mw_lag_2d_same_local_qh,,,,,,,,,,False,True,kept,39441,0.9998985929775637,39326,da_forecast,forecast_level,renewable_total_forecast_da_mw,False,too_correlated_with_kept_feature,renewable_total_forecast_id_mw_lag_2d_same_local_qh,0.995375413898412,0.0287895329394775,da_forecast,forecast_level,renewable_total_forecast_da_mw,da_forecast,forecast_level,renewable_total_forecast_da_mw,False,elasticnet_coefficients
renewable_total_forecast_id_mw_lag_1d_same_local_qh,,,,,,,,,,False,True,kept,39441,0.9998985929775637,39345,id_forecast,forecast_level,renewable_total_forecast_id_mw,False,too_correlated_with_kept_feature,renewable_total_forecast_da_mw_lag_1d_same_local_qh,0.9954406583278161,0.01686602238927035,id_forecast,forecast_level,renewable_total_forecast_id_mw,id_forecast,forecast_level,renewable_total_forecast_id_mw,False,elasticnet_coefficients
renewable_total_forecast_id_mw_lag_7d_same_local_qh,,,,,,,,,,False,True,kept,38481,0.9755609075928509,38386,id_forecast,forecast_level,renewable_total_forecast_id_mw,False,too_correlated_with_kept_feature,renewable_total_forecast_da_mw_lag_7d_same_local_qh,0.9954679859136594,0.02327142463942741,id_forecast,forecast_level,renewable_total_forecast_id_mw,id_forecast,forecast_level,renewable_total_forecast_id_mw,False,elasticnet_coefficients
renewable_total_forecast_revision_id_minus_da_mw_lag_14d_same_local_qh,,,,,,,,,,False,True,kept,37617,0.9536569907466093,37170,forecast_revision,forecast_revision,renewable_total_forecast_revision_id_minus_da_mw,False,too_correlated_with_kept_feature,residual_load_revision_id_minus_da_approx_mw_lag_14d_same_local_qh,0.9999999999520907,0.029909005129519477,forecast_revision,forecast_revision,renewable_total_forecast_revision_id_minus_da_mw,forecast_revision,forecast_revision,renewable_total_forecast_revision_id_minus_da_mw,False,elasticnet_coefficients
renewable_total_forecast_revision_id_minus_da_mw_regime_mean_shift_7d_vs_28d_z,,,,,,,,,,False,True,kept,39445,1.0,39445,regime_mean_shift,regime,renewable_total_forecast_revision_id_minus_da_mw,False,too_correlated_with_kept_feature,residual_load_revision_id_minus_da_approx_mw_regime_mean_shift_7d_vs_28d_z,0.9998549156216482,0.019385284679572488,regime_mean_shift,regime,renewable_total_forecast_revision_id_minus_da_mw,regime_mean_shift,regime,renewable_total_forecast_revision_id_minus_da_mw,False,elasticnet_coefficients
renewable_total_forecast_revision_id_minus_da_mw_regime_vol_28d,,,,,,,,,,False,True,kept,39445,1.0,39445,regime_volatility,regime,renewable_total_forecast_revision_id_minus_da_mw,False,too_correlated_with_kept_feature,residual_load_revision_id_minus_da_approx_mw_regime_vol_28d,0.9968630023270402,0.028998098473464778,regime_volatility,regime,renewable_total_forecast_revision_id_minus_da_mw,regime_volatility,regime,renewable_total_forecast_revision_id_minus_da_mw,False,elasticnet_coefficients
renewable_total_forecast_revision_id_minus_da_mw_regime_vol_7d_over_28d,,,,,,,,,,False,True,kept,39445,1.0,39445,regime_volatility,regime,renewable_total_forecast_revision_id_minus_da_mw,False,too_correlated_with_kept_feature,residual_load_revision_id_minus_da_approx_mw_regime_vol_7d_over_28d,0.9986595005856171,0.00999675018303128,regime_volatility,regime,renewable_total_forecast_revision_id_minus_da_mw,regime_volatility,regime,renewable_total_forecast_revision_id_minus_da_mw,False,elasticnet_coefficients
renewable_total_forecast_revision_id_minus_da_mw_rolling_mean_14d_same_local_qh,,,,,,,,,,False,True,kept,39445,1.0,39436,forecast_revision,forecast_revision,renewable_total_forecast_revision_id_minus_da_mw,False,too_correlated_with_kept_feature,residual_load_revision_id_minus_da_approx_mw_rolling_mean_14d_same_local_qh,0.9998530233025077,0.023400499356338547,forecast_revision,forecast_revision,renewable_total_forecast_revision_id_minus_da_mw,forecast_revision,forecast_revision,renewable_total_forecast_revision_id_minus_da_mw,False,elasticnet_coefficients
renewable_total_forecast_revision_id_minus_da_mw_rolling_mean_28d_same_local_qh,,,,,,,,,,False,True,kept,39445,1.0,39439,forecast_revision,forecast_revision,renewable_total_forecast_revision_id_minus_da_mw,False,too_correlated_with_kept_feature,residual_load_revision_id_minus_da_approx_mw_rolling_mean_28d_same_local_qh,0.9996217970396474,0.02565393334150268,forecast_revision,forecast_revision,renewable_total_forecast_revision_id_minus_da_mw,forecast_revision,forecast_revision,renewable_total_forecast_revision_id_minus_da_mw,False,elasticnet_coefficients
renewable_total_forecast_revision_id_minus_da_mw_rolling_mean_7d_same_local_qh,,,,,,,,,,False,True,kept,39445,1.0,39427,forecast_revision,forecast_revision,renewable_total_forecast_revision_id_minus_da_mw,False,too_correlated_with_kept_feature,residual_load_revision_id_minus_da_approx_mw_rolling_mean_7d_same_local_qh,0.999943820693938,0.004431993865678018,forecast_revision,forecast_revision,renewable_total_forecast_revision_id_minus_da_mw,forecast_revision,forecast_revision,renewable_total_forecast_revision_id_minus_da_mw,False,elasticnet_coefficients
renewable_total_forecast_revision_id_minus_da_mw_rolling_median_14d_same_local_qh,,,,,,,,,,False,True,kept,39445,1.0,19484,forecast_revision,forecast_revision,renewable_total_forecast_revision_id_minus_da_mw,False,too_correlated_with_kept_feature,residual_load_revision_id_minus_da_approx_mw_rolling_median_14d_same_local_qh,0.9999267423603042,0.03676061126439566,forecast_revision,forecast_revision,renewable_total_forecast_revision_id_minus_da_mw,forecast_revision,forecast_revision,renewable_total_forecast_revision_id_minus_da_mw,False,elasticnet_coefficients
renewable_total_forecast_revision_id_minus_da_mw_rolling_median_28d_same_local_qh,,,,,,,,,,False,True,kept,39445,1.0,14433,forecast_revision,forecast_revision,renewable_total_forecast_revision_id_minus_da_mw,False,too_correlated_with_kept_feature,residual_load_revision_id_minus_da_approx_mw_rolling_median_28d_same_local_qh,0.9999778613105897,0.02541122243402254,forecast_revision,forecast_revision,renewable_total_forecast_revision_id_minus_da_mw,forecast_revision,forecast_revision,renewable_total_forecast_revision_id_minus_da_mw,False,elasticnet_coefficients
renewable_total_forecast_revision_id_minus_da_mw_rolling_median_7d_same_local_qh,,,,,,,,,,False,True,kept,39445,1.0,17408,forecast_revision,forecast_revision,renewable_total_forecast_revision_id_minus_da_mw,False,too_correlated_with_kept_feature,residual_load_revision_id_minus_da_approx_mw_rolling_median_7d_same_local_qh,0.999976232595087,0.01831029624455628,forecast_revision,forecast_revision,renewable_total_forecast_revision_id_minus_da_mw,forecast_revision,forecast_revision,renewable_total_forecast_revision_id_minus_da_mw,False,elasticnet_coefficients
renewable_total_forecast_revision_id_minus_da_mw_rolling_std_14d_same_local_qh,,,,,,,,,,False,True,kept,39445,1.0,39445,forecast_revision,forecast_revision,renewable_total_forecast_revision_id_minus_da_mw,False,too_correlated_with_kept_feature,residual_load_revision_id_minus_da_approx_mw_rolling_std_14d_same_local_qh,0.9986914695055871,0.025434676955149643,forecast_revision,forecast_revision,renewable_total_forecast_revision_id_minus_da_mw,forecast_revision,forecast_revision,renewable_total_forecast_revision_id_minus_da_mw,False,elasticnet_coefficients
renewable_total_forecast_revision_id_minus_da_mw_rolling_std_28d_same_local_qh,,,,,,,,,,False,True,kept,39445,1.0,39445,forecast_revision,forecast_revision,renewable_total_forecast_revision_id_minus_da_mw,False,too_correlated_with_kept_feature,residual_load_revision_id_minus_da_approx_mw_rolling_std_28d_same_local_qh,0.9968630023270402,0.028998098473464778,forecast_revision,forecast_revision,renewable_total_forecast_revision_id_minus_da_mw,forecast_revision,forecast_revision,renewable_total_forecast_revision_id_minus_da_mw,False,elasticnet_coefficients
renewable_total_forecast_revision_id_minus_da_mw_rolling_std_3d_same_local_qh,,,,,,,,,,False,True,kept,39445,1.0,39445,forecast_revision,forecast_revision,renewable_total_forecast_revision_id_minus_da_mw,False,too_correlated_with_kept_feature,residual_load_revision_id_minus_da_approx_mw_rolling_std_3d_same_local_qh,0.9998013166206503,0.0024213714394307846,forecast_revision,forecast_revision,renewable_total_forecast_revision_id_minus_da_mw,forecast_revision,forecast_revision,renewable_total_forecast_revision_id_minus_da_mw,False,elasticnet_coefficients
renewable_total_forecast_revision_id_minus_da_mw_rolling_std_7d_same_local_qh,,,,,,,,,,False,True,kept,39445,1.0,39445,forecast_revision,forecast_revision,renewable_total_forecast_revision_id_minus_da_mw,False,too_correlated_with_kept_feature,residual_load_revision_id_minus_da_approx_mw_rolling_std_7d_same_local_qh,0.9994644490114704,0.018100058410401444,forecast_revision,forecast_revision,renewable_total_forecast_revision_id_minus_da_mw,forecast_revision,forecast_revision,renewable_total_forecast_revision_id_minus_da_mw,False,elasticnet_coefficients
residual_load_forecast_da_mw_lag_2d_same_local_qh,,,,,,,,,,False,True,kept,39440,0.9998732412219546,39363,da_forecast,forecast_level,residual_load_forecast_da_mw,False,too_correlated_with_kept_feature,residual_load_forecast_id_approx_mw_lag_2d_same_local_qh,0.9951152018212486,0.045154643440833385,da_forecast,forecast_level,residual_load_forecast_da_mw,da_forecast,forecast_level,residual_load_forecast_da_mw,False,elasticnet_coefficients
residual_load_forecast_da_mw_lag_7d_same_local_qh,,,,,,,,,,False,True,kept,38480,0.9755355558372417,38404,da_forecast,forecast_level,residual_load_forecast_da_mw,False,too_correlated_with_kept_feature,residual_load_forecast_id_approx_mw_lag_7d_same_local_qh,0.9950651103548296,0.0047093555863586,da_forecast,forecast_level,residual_load_forecast_da_mw,da_forecast,forecast_level,residual_load_forecast_da_mw,False,elasticnet_coefficients
residual_load_forecast_id_approx_mw_lag_14d_same_local_qh,,,,,,,,,,False,True,kept,37616,0.9536316389910001,37543,id_forecast,forecast_level,residual_load_forecast_id_approx_mw,False,too_correlated_with_kept_feature,residual_load_forecast_da_mw_lag_14d_same_local_qh,0.9952179322693052,0.0032337704864631735,id_forecast,forecast_level,residual_load_forecast_id_approx_mw,id_forecast,forecast_level,residual_load_forecast_id_approx_mw,False,elasticnet_coefficients
residual_load_forecast_id_approx_mw_lag_1d_same_local_qh,,,,,,,,,,False,True,kept,39440,0.9998732412219546,39360,id_forecast,forecast_level,residual_load_forecast_id_approx_mw,False,too_correlated_with_kept_feature,residual_load_forecast_da_mw_lag_1d_same_local_qh,0.995180940353964,0.007045662197057777,id_forecast,forecast_level,residual_load_forecast_id_approx_mw,id_forecast,forecast_level,residual_load_forecast_id_approx_mw,False,elasticnet_coefficients
residual_load_revision_id_minus_da_approx_mw_lag_1d_same_local_qh,,,,,,,,,,False,True,kept,39440,0.9998732412219546,38651,forecast_revision,forecast_revision,residual_load_revision_id_minus_da_approx_mw,False,too_correlated_with_kept_feature,renewable_total_forecast_revision_id_minus_da_mw_lag_1d_same_local_qh,0.9999999999570657,0.02101183777328897,forecast_revision,forecast_revision,residual_load_revision_id_minus_da_approx_mw,forecast_revision,forecast_revision,residual_load_revision_id_minus_da_approx_mw,False,elasticnet_coefficients
residual_load_revision_id_minus_da_approx_mw_lag_2d_same_local_qh,,,,,,,,,,False,True,kept,39440,0.9998732412219546,38643,forecast_revision,forecast_revision,residual_load_revision_id_minus_da_approx_mw,False,too_correlated_with_kept_feature,renewable_total_forecast_revision_id_minus_da_mw_lag_2d_same_local_qh,0.9999999999567234,0.020153188643046674,forecast_revision,forecast_revision,residual_load_revision_id_minus_da_approx_mw,forecast_revision,forecast_revision,residual_load_revision_id_minus_da_approx_mw,False,elasticnet_coefficients
residual_load_revision_id_minus_da_approx_mw_lag_7d_same_local_qh,,,,,,,,,,False,True,kept,38480,0.9755355558372417,37686,forecast_revision,forecast_revision,residual_load_revision_id_minus_da_approx_mw,False,too_correlated_with_kept_feature,renewable_total_forecast_revision_id_minus_da_mw_lag_7d_same_local_qh,0.9999999999527712,0.0013950538396659783,forecast_revision,forecast_revision,residual_load_revision_id_minus_da_approx_mw,forecast_revision,forecast_revision,residual_load_revision_id_minus_da_approx_mw,False,elasticnet_coefficients
residual_load_revision_id_minus_da_approx_mw_regime_abs_median_28d_over_vol,,,,,,,,,,False,True,kept,39445,1.0,39445,regime_level,regime,residual_load_revision_id_minus_da_approx_mw,False,too_correlated_with_kept_feature,renewable_total_forecast_revision_id_minus_da_mw_regime_abs_median_28d_over_vol,0.9997623930157452,0.0018177046622384154,regime_level,regime,residual_load_revision_id_minus_da_approx_mw,regime_level,regime,residual_load_revision_id_minus_da_approx_mw,False,elasticnet_coefficients
residual_load_revision_id_minus_da_approx_mw_rolling_mean_3d_same_local_qh,,,,,,,,,,False,True,kept,39445,1.0,39260,forecast_revision,forecast_revision,residual_load_revision_id_minus_da_approx_mw,False,too_correlated_with_kept_feature,renewable_total_forecast_revision_id_minus_da_mw_rolling_mean_3d_same_local_qh,0.9999616243285986,0.010853784843194266,forecast_revision,forecast_revision,residual_load_revision_id_minus_da_approx_mw,forecast_revision,forecast_revision,residual_load_revision_id_minus_da_approx_mw,False,elasticnet_coefficients
residual_load_revision_id_minus_da_approx_mw_rolling_median_3d_same_local_qh,,,,,,,,,,False,True,kept,39445,1.0,24480,forecast_revision,forecast_revision,residual_load_revision_id_minus_da_approx_mw,False,too_correlated_with_kept_feature,renewable_total_forecast_revision_id_minus_da_mw_rolling_median_3d_same_local_qh,0.9999892778194894,0.007626922647320281,forecast_revision,forecast_revision,residual_load_revision_id_minus_da_approx_mw,forecast_revision,forecast_revision,residual_load_revision_id_minus_da_approx_mw,False,elasticnet_coefficients
solar_da_forecast_error_mw_rolling_mean_28d_same_local_qh,,,,,,,,,,False,True,kept,22700,0.5754848523260235,22601,lagged_forecast_error,lagged_forecast_error,solar_da_forecast_error_mw,False,too_correlated_with_kept_feature,solar_id_forecast_error_mw_rolling_median_28d_same_local_qh,0.925687408297455,0.006391859251270114,lagged_forecast_error,lagged_forecast_error,solar_da_forecast_error_mw,lagged_forecast_error,lagged_forecast_error,solar_da_forecast_error_mw,False,elasticnet_coefficients
solar_da_forecast_error_mw_rolling_mean_3d_same_local_qh,,,,,,,,,,False,True,kept,21518,0.5455190771960958,21476,lagged_forecast_error,lagged_forecast_error,solar_da_forecast_error_mw,False,too_correlated_with_kept_feature,solar_da_forecast_error_mw_rolling_median_3d_same_local_qh,0.923587724386734,0.045290132658855606,lagged_forecast_error,lagged_forecast_error,solar_da_forecast_error_mw,lagged_forecast_error,lagged_forecast_error,solar_da_forecast_error_mw,False,elasticnet_coefficients
solar_da_forecast_error_mw_rolling_mean_7d_same_local_qh,,,,,,,,,,False,True,kept,22422,0.5684370642667005,22260,lagged_forecast_error,lagged_forecast_error,solar_da_forecast_error_mw,False,too_correlated_with_kept_feature,solar_da_forecast_error_mw_rolling_median_7d_same_local_qh,0.926080326903338,0.003348150984665054,lagged_forecast_error,lagged_forecast_error,solar_da_forecast_error_mw,lagged_forecast_error,lagged_forecast_error,solar_da_forecast_error_mw,False,elasticnet_coefficients
solar_da_forecast_error_mw_rolling_median_14d_same_local_qh,,,,,,,,,,False,True,kept,22660,0.5744707821016606,12485,lagged_forecast_error,lagged_forecast_error,solar_da_forecast_error_mw,False,too_correlated_with_kept_feature,solar_da_forecast_error_mw_rolling_mean_14d_same_local_qh,0.9277355990373968,0.006882910434983443,lagged_forecast_error,lagged_forecast_error,solar_da_forecast_error_mw,lagged_forecast_error,lagged_forecast_error,solar_da_forecast_error_mw,False,elasticnet_coefficients
solar_da_forecast_error_mw_rolling_median_28d_same_local_qh,,,,,,,,,,False,True,kept,22700,0.5754848523260235,10860,lagged_forecast_error,lagged_forecast_error,solar_da_forecast_error_mw,False,too_correlated_with_kept_feature,solar_id_forecast_error_mw_rolling_median_28d_same_local_qh,0.9289314701579607,0.002223776138362278,lagged_forecast_error,lagged_forecast_error,solar_da_forecast_error_mw,lagged_forecast_error,lagged_forecast_error,solar_da_forecast_error_mw,False,elasticnet_coefficients
solar_da_forecast_error_mw_rolling_std_14d_same_local_qh,,,,,,,,,,False,True,kept,22660,0.5744707821016606,22597,lagged_forecast_error,lagged_forecast_error,solar_da_forecast_error_mw,False,too_correlated_with_kept_feature,solar_id_forecast_error_mw_rolling_std_28d_same_local_qh,0.928753033016259,0.05192250364307619,lagged_forecast_error,lagged_forecast_error,solar_da_forecast_error_mw,lagged_forecast_error,lagged_forecast_error,solar_da_forecast_error_mw,False,elasticnet_coefficients
solar_da_forecast_error_mw_rolling_std_28d_same_local_qh,,,,,,,,,,False,True,kept,22700,0.5754848523260235,22610,lagged_forecast_error,lagged_forecast_error,solar_da_forecast_error_mw,False,too_correlated_with_kept_feature,solar_id_forecast_error_mw_rolling_std_28d_same_local_qh,0.9735341327570263,0.047968778984160895,lagged_forecast_error,lagged_forecast_error,solar_da_forecast_error_mw,lagged_forecast_error,lagged_forecast_error,solar_da_forecast_error_mw,False,elasticnet_coefficients
solar_da_forecast_error_mw_rolling_std_7d_same_local_qh,,,,,,,,,,False,True,kept,22422,0.5684370642667005,22298,lagged_forecast_error,lagged_forecast_error,solar_da_forecast_error_mw,False,too_correlated_with_kept_feature,solar_id_forecast_error_mw_rolling_std_7d_same_local_qh,0.9533880692113091,0.05716545327346486,lagged_forecast_error,lagged_forecast_error,solar_da_forecast_error_mw,lagged_forecast_error,lagged_forecast_error,solar_da_forecast_error_mw,False,elasticnet_coefficients
solar_forecast_da_mw,,,,,,,,,,False,True,kept,23063,0.5846875396121182,21591,da_forecast,forecast_level,solar_forecast_da_mw,False,too_correlated_with_kept_feature,solar_forecast_da_mw_lag_1d_same_local_qh,0.9672032486094266,0.08133047964842235,da_forecast,forecast_level,solar_forecast_da_mw,da_forecast,forecast_level,solar_forecast_da_mw,False,elasticnet_coefficients
solar_forecast_da_mw_lag_2d_same_local_qh,,,,,,,,,,False,True,kept,23068,0.5848142983901635,21600,da_forecast,forecast_level,solar_forecast_da_mw,False,too_correlated_with_kept_feature,solar_forecast_da_mw_lag_1d_same_local_qh,0.9672913171501449,0.08161819474992556,da_forecast,forecast_level,solar_forecast_da_mw,da_forecast,forecast_level,solar_forecast_da_mw,False,elasticnet_coefficients
solar_forecast_id_mw_lag_14d_same_local_qh,,,,,,,,,,False,True,kept,22297,0.565268094815566,20679,id_forecast,forecast_level,solar_forecast_id_mw,False,too_correlated_with_kept_feature,solar_forecast_da_mw_lag_14d_same_local_qh,0.998653287863114,0.06607219477549887,id_forecast,forecast_level,solar_forecast_id_mw,id_forecast,forecast_level,solar_forecast_id_mw,False,elasticnet_coefficients
solar_forecast_id_mw_lag_1d_same_local_qh,,,,,,,,,,False,True,kept,23294,0.5905437951578146,21605,id_forecast,forecast_level,solar_forecast_id_mw,False,too_correlated_with_kept_feature,solar_forecast_da_mw_lag_1d_same_local_qh,0.9986275148449999,0.08570125885042687,id_forecast,forecast_level,solar_forecast_id_mw,id_forecast,forecast_level,solar_forecast_id_mw,False,elasticnet_coefficients
solar_forecast_id_mw_lag_2d_same_local_qh,,,,,,,,,,False,True,kept,23295,0.5905691469134238,21604,id_forecast,forecast_level,solar_forecast_id_mw,False,too_correlated_with_kept_feature,solar_forecast_da_mw_lag_1d_same_local_qh,0.9653332635201501,0.08068387790156596,id_forecast,forecast_level,solar_forecast_id_mw,id_forecast,forecast_level,solar_forecast_id_mw,False,elasticnet_coefficients
solar_forecast_id_mw_lag_7d_same_local_qh,,,,,,,,,,False,True,kept,22790,0.5777665103308404,21147,id_forecast,forecast_level,solar_forecast_id_mw,False,too_correlated_with_kept_feature,solar_forecast_da_mw_lag_7d_same_local_qh,0.9986888201440192,0.0649120218989957,id_forecast,forecast_level,solar_forecast_id_mw,id_forecast,forecast_level,solar_forecast_id_mw,False,elasticnet_coefficients
solar_id_forecast_error_mw_rolling_mean_14d_same_local_qh,,,,,,,,,,False,True,kept,22871,0.5798200025351755,22806,lagged_forecast_error,lagged_forecast_error,solar_id_forecast_error_mw,False,too_correlated_with_kept_feature,solar_da_forecast_error_mw_rolling_mean_14d_same_local_qh,0.9307748581079869,0.0015526439866052277,lagged_forecast_error,lagged_forecast_error,solar_id_forecast_error_mw,lagged_forecast_error,lagged_forecast_error,solar_id_forecast_error_mw,False,elasticnet_coefficients
solar_id_forecast_error_mw_rolling_mean_28d_same_local_qh,,,,,,,,,,False,True,kept,22921,0.5810875903156294,22816,lagged_forecast_error,lagged_forecast_error,solar_id_forecast_error_mw,False,too_correlated_with_kept_feature,solar_id_forecast_error_mw_rolling_median_28d_same_local_qh,0.9503095378751211,0.011305954187328571,lagged_forecast_error,lagged_forecast_error,solar_id_forecast_error_mw,lagged_forecast_error,lagged_forecast_error,solar_id_forecast_error_mw,False,elasticnet_coefficients
solar_id_forecast_error_mw_rolling_median_3d_same_local_qh,,,,,,,,,,False,True,kept,21712,0.5504373177842565,14506,lagged_forecast_error,lagged_forecast_error,solar_id_forecast_error_mw,False,too_correlated_with_kept_feature,solar_id_forecast_error_mw_rolling_mean_3d_same_local_qh,0.9238685026305773,0.04417765941754922,lagged_forecast_error,lagged_forecast_error,solar_id_forecast_error_mw,lagged_forecast_error,lagged_forecast_error,solar_id_forecast_error_mw,False,elasticnet_coefficients
solar_id_forecast_error_mw_rolling_std_14d_same_local_qh,,,,,,,,,,False,True,kept,22871,0.5798200025351755,22813,lagged_forecast_error,lagged_forecast_error,solar_id_forecast_error_mw,False,too_correlated_with_kept_feature,solar_id_forecast_error_mw_rolling_std_7d_same_local_qh,0.9366074027455807,0.05958303335046328,lagged_forecast_error,lagged_forecast_error,solar_id_forecast_error_mw,lagged_forecast_error,lagged_forecast_error,solar_id_forecast_error_mw,False,elasticnet_coefficients
wind_offshore_forecast_da_mw_lag_14d_same_local_qh,,,,,,,,,,False,True,kept,37608,0.9534288249461276,36400,da_forecast,forecast_level,wind_offshore_forecast_da_mw,False,too_correlated_with_kept_feature,wind_offshore_forecast_id_mw_lag_14d_same_local_qh,0.9764616591732584,0.023777369905448622,da_forecast,forecast_level,wind_offshore_forecast_da_mw,da_forecast,forecast_level,wind_offshore_forecast_da_mw,False,elasticnet_coefficients
wind_offshore_forecast_da_mw_lag_2d_same_local_qh,,,,,,,,,,False,True,kept,39433,0.9996957789326911,38107,da_forecast,forecast_level,wind_offshore_forecast_da_mw,False,too_correlated_with_kept_feature,wind_offshore_forecast_id_mw_lag_2d_same_local_qh,0.9775137311200133,0.005102360344203494,da_forecast,forecast_level,wind_offshore_forecast_da_mw,da_forecast,forecast_level,wind_offshore_forecast_da_mw,False,elasticnet_coefficients
wind_offshore_forecast_id_mw_lag_1d_same_local_qh,,,,,,,,,,False,True,kept,39428,0.9995690201546457,38148,id_forecast,forecast_level,wind_offshore_forecast_id_mw,False,too_correlated_with_kept_feature,wind_offshore_forecast_da_mw_lag_1d_same_local_qh,0.9774456515487226,0.023064506927611493,id_forecast,forecast_level,wind_offshore_forecast_id_mw,id_forecast,forecast_level,wind_offshore_forecast_id_mw,False,elasticnet_coefficients
wind_offshore_forecast_id_mw_lag_7d_same_local_qh,,,,,,,,,,False,True,kept,38469,0.9752566865255419,37231,id_forecast,forecast_level,wind_offshore_forecast_id_mw,False,too_correlated_with_kept_feature,wind_offshore_forecast_da_mw_lag_7d_same_local_qh,0.9780350146694787,0.03942812865573693,id_forecast,forecast_level,wind_offshore_forecast_id_mw,id_forecast,forecast_level,wind_offshore_forecast_id_mw,False,elasticnet_coefficients
wind_onshore_forecast_da_mw,,,,,,,,,,False,True,kept,39440,0.9998732412219546,39171,da_forecast,forecast_level,wind_onshore_forecast_da_mw,False,too_correlated_with_kept_feature,wind_total_forecast_da_mw,0.9887188591017564,0.036428039969283524,da_forecast,forecast_level,wind_onshore_forecast_da_mw,da_forecast,forecast_level,wind_onshore_forecast_da_mw,False,elasticnet_coefficients
wind_onshore_forecast_da_mw_lag_14d_same_local_qh,,,,,,,,,,False,True,kept,37612,0.9535302319685638,37365,da_forecast,forecast_level,wind_onshore_forecast_da_mw,False,too_correlated_with_kept_feature,wind_total_forecast_id_mw_lag_14d_same_local_qh,0.9810119945514404,0.028615910785209867,da_forecast,forecast_level,wind_onshore_forecast_da_mw,da_forecast,forecast_level,wind_onshore_forecast_da_mw,False,elasticnet_coefficients
wind_onshore_forecast_da_mw_lag_7d_same_local_qh,,,,,,,,,,False,True,kept,38476,0.9754341488148054,38207,da_forecast,forecast_level,wind_onshore_forecast_da_mw,False,too_correlated_with_kept_feature,wind_total_forecast_id_mw_lag_7d_same_local_qh,0.9810536396095545,0.017253632496488317,da_forecast,forecast_level,wind_onshore_forecast_da_mw,da_forecast,forecast_level,wind_onshore_forecast_da_mw,False,elasticnet_coefficients
wind_onshore_forecast_id_mw_lag_14d_same_local_qh,,,,,,,,,,False,True,kept,37617,0.9536569907466093,37384,id_forecast,forecast_level,wind_onshore_forecast_id_mw,False,too_correlated_with_kept_feature,wind_total_forecast_id_mw_lag_14d_same_local_qh,0.9881945525999758,0.031095246091554844,id_forecast,forecast_level,wind_onshore_forecast_id_mw,id_forecast,forecast_level,wind_onshore_forecast_id_mw,False,elasticnet_coefficients
wind_onshore_forecast_id_mw_lag_1d_same_local_qh,,,,,,,,,,False,True,kept,39441,0.9998985929775637,39191,id_forecast,forecast_level,wind_onshore_forecast_id_mw,False,too_correlated_with_kept_feature,wind_onshore_forecast_da_mw_lag_1d_same_local_qh,0.992973724693294,0.0442773629262255,id_forecast,forecast_level,wind_onshore_forecast_id_mw,id_forecast,forecast_level,wind_onshore_forecast_id_mw,False,elasticnet_coefficients
wind_onshore_forecast_id_mw_lag_2d_same_local_qh,,,,,,,,,,False,True,kept,39441,0.9998985929775637,39188,id_forecast,forecast_level,wind_onshore_forecast_id_mw,False,too_correlated_with_kept_feature,wind_onshore_forecast_da_mw_lag_2d_same_local_qh,0.9928019121826278,0.02106793535142108,id_forecast,forecast_level,wind_onshore_forecast_id_mw,id_forecast,forecast_level,wind_onshore_forecast_id_mw,False,elasticnet_coefficients
wind_onshore_forecast_id_mw_lag_7d_same_local_qh,,,,,,,,,,False,True,kept,38481,0.9755609075928509,38227,id_forecast,forecast_level,wind_onshore_forecast_id_mw,False,too_correlated_with_kept_feature,wind_total_forecast_id_mw_lag_7d_same_local_qh,0.9880587207970327,0.01767541719370241,id_forecast,forecast_level,wind_onshore_forecast_id_mw,id_forecast,forecast_level,wind_onshore_forecast_id_mw,False,elasticnet_coefficients
wind_onshore_forecast_revision_id_minus_da_mw_lag_14d_same_local_qh,,,,,,,,,,False,True,kept,37612,0.9535302319685638,36843,forecast_revision,forecast_revision,wind_onshore_forecast_revision_id_minus_da_mw,False,too_correlated_with_kept_feature,wind_total_forecast_revision_id_minus_da_mw_lag_14d_same_local_qh,0.9227878522637497,0.027243925393817574,forecast_revision,forecast_revision,wind_onshore_forecast_revision_id_minus_da_mw,forecast_revision,forecast_revision,wind_onshore_forecast_revision_id_minus_da_mw,False,elasticnet_coefficients
wind_onshore_forecast_revision_id_minus_da_mw_lag_2d_same_local_qh,,,,,,,,,,False,True,kept,39436,0.9997718341995183,38643,forecast_revision,forecast_revision,wind_onshore_forecast_revision_id_minus_da_mw,False,too_correlated_with_kept_feature,wind_total_forecast_revision_id_minus_da_mw_lag_2d_same_local_qh,0.9293513982661514,0.008298676919092847,forecast_revision,forecast_revision,wind_onshore_forecast_revision_id_minus_da_mw,forecast_revision,forecast_revision,wind_onshore_forecast_revision_id_minus_da_mw,False,elasticnet_coefficients
wind_onshore_forecast_revision_id_minus_da_mw_lag_7d_same_local_qh,,,,,,,,,,False,True,kept,38476,0.9754341488148054,37676,forecast_revision,forecast_revision,wind_onshore_forecast_revision_id_minus_da_mw,False,too_correlated_with_kept_feature,wind_total_forecast_revision_id_minus_da_mw_lag_7d_same_local_qh,0.9296683979640321,0.0031783716939129104,forecast_revision,forecast_revision,wind_onshore_forecast_revision_id_minus_da_mw,forecast_revision,forecast_revision,wind_onshore_forecast_revision_id_minus_da_mw,False,elasticnet_coefficients
wind_total_forecast_da_mw_lag_14d_same_local_qh,,,,,,,,,,False,True,kept,37617,0.9536569907466093,37467,da_forecast,forecast_level,wind_total_forecast_da_mw,False,too_correlated_with_kept_feature,wind_total_forecast_id_mw_lag_14d_same_local_qh,0.9932378024677624,0.029894735970579994,da_forecast,forecast_level,wind_total_forecast_da_mw,da_forecast,forecast_level,wind_total_forecast_da_mw,False,elasticnet_coefficients
wind_total_forecast_da_mw_lag_1d_same_local_qh,,,,,,,,,,False,True,kept,39441,0.9998985929775637,39283,da_forecast,forecast_level,wind_total_forecast_da_mw,False,too_correlated_with_kept_feature,wind_onshore_forecast_da_mw_lag_1d_same_local_qh,0.9881212088641761,0.04371181473833825,da_forecast,forecast_level,wind_total_forecast_da_mw,da_forecast,forecast_level,wind_total_forecast_da_mw,False,elasticnet_coefficients
wind_total_forecast_da_mw_lag_2d_same_local_qh,,,,,,,,,,False,True,kept,39441,0.9998985929775637,39282,da_forecast,forecast_level,wind_total_forecast_da_mw,False,too_correlated_with_kept_feature,wind_onshore_forecast_da_mw_lag_2d_same_local_qh,0.9883521507880126,0.019257344530951737,da_forecast,forecast_level,wind_total_forecast_da_mw,da_forecast,forecast_level,wind_total_forecast_da_mw,False,elasticnet_coefficients
wind_total_forecast_da_mw_lag_7d_same_local_qh,,,,,,,,,,False,True,kept,38481,0.9755609075928509,38327,da_forecast,forecast_level,wind_total_forecast_da_mw,False,too_correlated_with_kept_feature,wind_total_forecast_id_mw_lag_7d_same_local_qh,0.9932389344751663,0.023754495550591007,da_forecast,forecast_level,wind_total_forecast_da_mw,da_forecast,forecast_level,wind_total_forecast_da_mw,False,elasticnet_coefficients
wind_total_forecast_id_mw_lag_1d_same_local_qh,,,,,,,,,,False,True,kept,39441,0.9998985929775637,39284,id_forecast,forecast_level,wind_total_forecast_id_mw,False,too_correlated_with_kept_feature,wind_onshore_forecast_da_mw_lag_1d_same_local_qh,0.9809955784181198,0.042822677008171044,id_forecast,forecast_level,wind_total_forecast_id_mw,id_forecast,forecast_level,wind_total_forecast_id_mw,False,elasticnet_coefficients
wind_total_forecast_id_mw_lag_2d_same_local_qh,,,,,,,,,,False,True,kept,39441,0.9998985929775637,39283,id_forecast,forecast_level,wind_total_forecast_id_mw,False,too_correlated_with_kept_feature,wind_onshore_forecast_da_mw_lag_2d_same_local_qh,0.9810265677340313,0.01917100735409465,id_forecast,forecast_level,wind_total_forecast_id_mw,id_forecast,forecast_level,wind_total_forecast_id_mw,False,elasticnet_coefficients
wind_total_forecast_revision_id_minus_da_mw_lag_1d_same_local_qh,,,,,,,,,,False,True,kept,39441,0.9998985929775637,38875,forecast_revision,forecast_revision,wind_total_forecast_revision_id_minus_da_mw,False,too_correlated_with_kept_feature,wind_onshore_forecast_revision_id_minus_da_mw_lag_1d_same_local_qh,0.9285534906365427,0.015931915664641666,forecast_revision,forecast_revision,wind_total_forecast_revision_id_minus_da_mw,forecast_revision,forecast_revision,wind_total_forecast_revision_id_minus_da_mw,False,elasticnet_coefficients
