feature,selection_frequency,clean_selection_frequency,selected_folds,selected_clean_folds,mean_abs_coefficient,median_abs_coefficient,max_abs_coefficient,fold_all_missing_frequency,coefficient_sign_stability,selected_pre_cap,prefilter_keep,prefilter_reason,non_missing_count,non_missing_fraction,unique_values,family_x,pool_x,base_signal_x,corr_prune_keep,corr_prune_reason,correlated_with,max_abs_corr_with_kept,univariate_abs_spearman,family_y,pool_y,base_signal_y,family,pool,base_signal,selected,selection_method
da_price_eur_mwh,0.5555555555555556,0.3333333333333333,5.0,3.0,2.912230858804378,2.5068622770385485,11.020329815942466,0.0,1.0,False,True,kept,5808,1.0,3062,da_price,market_history,da_price_eur_mwh,True,first_ranked_feature,,0.0,0.28336227987987617,da_price,market_history,da_price_eur_mwh,da_price,market_history,da_price_eur_mwh,True,elasticnet_coefficients
ida3_minus_da_spread_eur_mwh_lag_1d_same_local_qh,0.5555555555555556,0.3333333333333333,5.0,3.0,1.7898264110080169,1.7444688542949176,7.444008878088236,0.0,1.0,False,True,kept,3456,0.5950413223140496,2993,ida3_history,market_history,ida3_minus_da_spread_eur_mwh,True,kept,da_price_eur_mwh,0.11193961911160018,0.23307548859464783,ida3_history,market_history,ida3_minus_da_spread_eur_mwh,ida3_history,market_history,ida3_minus_da_spread_eur_mwh,True,elasticnet_coefficients
load_da_forecast_error_mw_rolling_mean_3d_same_local_qh,0.5555555555555556,0.3333333333333333,5.0,3.0,1.6916151307919087,1.740239940450284,5.316902925982385,0.0,1.0,False,True,kept,2736,0.47107438016528924,2640,lagged_forecast_error,lagged_forecast_error,load_da_forecast_error_mw,True,kept,wind_onshore_da_forecast_error_mw_lag_2d_same_local_qh,0.17507560097762082,0.19014911801406525,lagged_forecast_error,lagged_forecast_error,load_da_forecast_error_mw,lagged_forecast_error,lagged_forecast_error,load_da_forecast_error_mw,True,elasticnet_coefficients
wind_onshore_forecast_da_mw,0.5555555555555556,0.3333333333333333,5.0,3.0,0.9427315191612422,1.3649986370084606,2.3078820631161827,0.0,1.0,False,True,kept,5808,1.0,5808,da_forecast,forecast_level,wind_onshore_forecast_da_mw,True,kept,renewable_total_forecast_da_mw,0.45084258507867514,0.17595176736052817,da_forecast,forecast_level,wind_onshore_forecast_da_mw,da_forecast,forecast_level,wind_onshore_forecast_da_mw,True,elasticnet_coefficients
wind_onshore_da_forecast_error_mw_lag_2d_same_local_qh,0.5555555555555556,0.3333333333333333,5.0,3.0,1.0454622128567903,1.3268503795069895,2.8348029606521554,0.0,1.0,False,True,kept,2736,0.47107438016528924,2736,lagged_forecast_error,lagged_forecast_error,wind_onshore_da_forecast_error_mw,True,first_ranked_feature,,0.0,0.20979672890285717,lagged_forecast_error,lagged_forecast_error,wind_onshore_da_forecast_error_mw,lagged_forecast_error,lagged_forecast_error,wind_onshore_da_forecast_error_mw,False,elasticnet_coefficients
load_da_forecast_error_mw_rolling_std_3d_same_local_qh,0.5555555555555556,0.3333333333333333,5.0,3.0,1.0561804475012204,1.2546913546148608,2.8839335461854634,0.0,1.0,False,True,kept,2736,0.47107438016528924,2640,lagged_forecast_error,lagged_forecast_error,load_da_forecast_error_mw,True,kept,load_da_forecast_error_mw_rolling_std_7d_same_local_qh,0.5294248616790785,0.03783363312972959,lagged_forecast_error,lagged_forecast_error,load_da_forecast_error_mw,lagged_forecast_error,lagged_forecast_error,load_da_forecast_error_mw,False,elasticnet_coefficients
ida3_price_eur_mwh_regime_vol_7d_over_28d,0.5555555555555556,0.3333333333333333,5.0,3.0,1.0302625864835144,0.8884399769135485,3.0110019519368776,0.0,1.0,False,True,kept,5040,0.8677685950413223,5040,regime_volatility,regime,ida3_price_eur_mwh,True,kept,da_price_eur_mwh_regime_mean_shift_7d_vs_28d_z,0.226282711291409,0.07490025252894589,regime_volatility,regime,ida3_price_eur_mwh,regime_volatility,regime,ida3_price_eur_mwh,False,elasticnet_coefficients
total_generation_forecast_da_mw_lag_7d_same_local_qh,0.5555555555555556,0.3333333333333333,5.0,3.0,0.7127355742279933,0.5526295026309784,2.4054597002149416,0.0,1.0,False,True,kept,5664,0.9752066115702479,5664,da_forecast,forecast_level,total_generation_forecast_da_mw,True,kept,renewable_total_forecast_da_mw_lag_7d_same_local_qh,0.8051631291796798,0.01615131947942502,da_forecast,forecast_level,total_generation_forecast_da_mw,da_forecast,forecast_level,total_generation_forecast_da_mw,False,elasticnet_coefficients
ida3_minus_da_spread_eur_mwh_regime_vol_7d_over_28d,0.5555555555555556,0.3333333333333333,5.0,3.0,0.3897297120643725,0.5246385802300958,1.1256984477140723,0.0,1.0,False,True,kept,5040,0.8677685950413223,5040,regime_volatility,regime,ida3_minus_da_spread_eur_mwh,True,kept,ida3_price_eur_mwh_regime_vol_7d_over_28d,0.5644789287814969,0.0608565251773562,regime_volatility,regime,ida3_minus_da_spread_eur_mwh,regime_volatility,regime,ida3_minus_da_spread_eur_mwh,False,elasticnet_coefficients
total_generation_forecast_da_mw,0.5555555555555556,0.3333333333333333,5.0,3.0,0.7559278246524335,0.41771652981593205,2.635086301838655,0.0,1.0,False,True,kept,5808,1.0,5808,da_forecast,forecast_level,total_generation_forecast_da_mw,True,kept,renewable_total_forecast_da_mw,0.7924236509842515,0.14896720185629442,da_forecast,forecast_level,total_generation_forecast_da_mw,da_forecast,forecast_level,total_generation_forecast_da_mw,False,elasticnet_coefficients
da_price_eur_mwh_lag_1d_same_local_qh,0.5555555555555556,0.3333333333333333,5.0,3.0,0.2859482526506481,0.2520194415431637,0.9349382024888001,0.0,1.0,False,True,kept,5806,0.9996556473829201,3242,da_price,market_history,da_price_eur_mwh,True,kept,da_price_eur_mwh_rolling_mean_14d_same_local_qh,0.7751261044279175,0.18408626388691166,da_price,market_history,da_price_eur_mwh,da_price,market_history,da_price_eur_mwh,False,elasticnet_coefficients
wind_offshore_forecast_revision_id_minus_da_mw_lag_1d_same_local_qh,0.5555555555555556,0.3333333333333333,5.0,3.0,0.6674562983156205,0.2166125794520127,3.0703606998070305,0.0,0.6,False,True,kept,5802,0.9989669421487604,5734,forecast_revision,forecast_revision,wind_offshore_forecast_revision_id_minus_da_mw,True,kept,renewable_total_forecast_revision_id_minus_da_mw_lag_1d_same_local_qh,0.35822543448952726,0.008967712254293832,forecast_revision,forecast_revision,wind_offshore_forecast_revision_id_minus_da_mw,forecast_revision,forecast_revision,wind_offshore_forecast_revision_id_minus_da_mw,False,elasticnet_coefficients
wind_offshore_id_forecast_error_mw_rolling_std_3d_same_local_qh,0.5555555555555556,0.3333333333333333,5.0,3.0,0.6621175051695221,0.1165077121063984,1.8356421487628167,0.0,0.6,False,True,kept,2735,0.4709022038567493,2639,lagged_forecast_error,lagged_forecast_error,wind_offshore_id_forecast_error_mw,True,kept,load_da_forecast_error_mw_lag_2d_same_local_qh,0.14661424746055451,0.10845350457211002,lagged_forecast_error,lagged_forecast_error,wind_offshore_id_forecast_error_mw,lagged_forecast_error,lagged_forecast_error,wind_offshore_id_forecast_error_mw,False,elasticnet_coefficients
wind_onshore_id_forecast_error_mw_lag_2d_same_local_qh,0.5555555555555556,0.3333333333333333,5.0,3.0,0.5189838267647858,0.05334621130953297,2.451370866556823,0.0,1.0,False,True,kept,2736,0.47107438016528924,2736,lagged_forecast_error,lagged_forecast_error,wind_onshore_id_forecast_error_mw,True,kept,wind_onshore_da_forecast_error_mw_lag_2d_same_local_qh,0.8099350939803631,0.15757896315311506,lagged_forecast_error,lagged_forecast_error,wind_onshore_id_forecast_error_mw,lagged_forecast_error,lagged_forecast_error,wind_onshore_id_forecast_error_mw,False,elasticnet_coefficients
load_da_forecast_error_mw_rolling_mean_14d_same_local_qh,0.4444444444444444,0.3333333333333333,4.0,3.0,0.13270341609105785,0.0,0.43951517178141475,0.0,1.0,False,True,kept,4704,0.8099173553719008,4176,lagged_forecast_error,lagged_forecast_error,load_da_forecast_error_mw,True,kept,load_da_forecast_error_mw_rolling_mean_3d_same_local_qh,0.7426361070196259,0.1477710045194552,lagged_forecast_error,lagged_forecast_error,load_da_forecast_error_mw,lagged_forecast_error,lagged_forecast_error,load_da_forecast_error_mw,False,elasticnet_coefficients
renewable_total_forecast_da_mw,0.4444444444444444,0.3333333333333333,4.0,3.0,0.17117679993812582,0.0,0.5534958660018435,0.0,0.5,False,True,kept,5808,1.0,5808,da_forecast,forecast_level,renewable_total_forecast_da_mw,True,kept,residual_load_forecast_da_mw,0.8696508347643704,0.22066756819791172,da_forecast,forecast_level,renewable_total_forecast_da_mw,da_forecast,forecast_level,renewable_total_forecast_da_mw,False,elasticnet_coefficients
residual_load_forecast_da_mw,0.4444444444444444,0.3333333333333333,4.0,3.0,0.20275168650787867,0.0,0.728871648855078,0.0,0.5,False,True,kept,5808,1.0,5808,da_forecast,forecast_level,residual_load_forecast_da_mw,True,first_ranked_feature,,0.0,0.23482631432337103,da_forecast,forecast_level,residual_load_forecast_da_mw,da_forecast,forecast_level,residual_load_forecast_da_mw,False,elasticnet_coefficients
da_price_eur_mwh_regime_vol_28d,0.3333333333333333,0.2222222222222222,3.0,2.0,0.0462346771974878,0.0,0.15530682999479534,0.0,0.3333333333333333,False,True,kept,5808,1.0,5806,regime_volatility,regime,da_price_eur_mwh,True,kept,da_price_eur_mwh_regime_abs_median_28d_over_vol,0.8975288293509058,0.023658737791993123,regime_volatility,regime,da_price_eur_mwh,regime_volatility,regime,da_price_eur_mwh,False,elasticnet_coefficients
da_price_eur_mwh_rolling_std_28d_same_local_qh,0.3333333333333333,0.2222222222222222,3.0,2.0,0.04704940579128452,0.0,0.1643438323554319,0.0,0.3333333333333333,False,True,kept,5808,1.0,5806,da_price,market_history,da_price_eur_mwh,True,kept,da_price_eur_mwh_rolling_std_14d_same_local_qh,0.8268107227372019,0.023658737791993123,da_price,market_history,da_price_eur_mwh,da_price,market_history,da_price_eur_mwh,False,elasticnet_coefficients
ida3_minus_da_spread_eur_mwh_lag_7d_same_local_qh,0.3333333333333333,0.2222222222222222,3.0,2.0,0.7133313701667068,0.0,4.320765402448096,0.0,1.0,False,True,kept,3408,0.5867768595041323,2959,ida3_history,market_history,ida3_minus_da_spread_eur_mwh,True,kept,ida3_minus_da_spread_eur_mwh_rolling_median_7d_same_local_qh,0.44357788736211456,0.05296922814725096,ida3_history,market_history,ida3_minus_da_spread_eur_mwh,ida3_history,market_history,ida3_minus_da_spread_eur_mwh,False,elasticnet_coefficients
ida3_minus_da_spread_eur_mwh_regime_abs_median_28d_over_vol,0.4444444444444444,0.2222222222222222,4.0,2.0,0.2750979108311493,0.0,1.0534119616103865,0.0,1.0,False,True,kept,5328,0.9173553719008265,5326,regime_level,regime,ida3_minus_da_spread_eur_mwh,True,first_ranked_feature,,0.0,0.10998148710570393,regime_level,regime,ida3_minus_da_spread_eur_mwh,regime_level,regime,ida3_minus_da_spread_eur_mwh,False,elasticnet_coefficients
ida3_minus_da_spread_eur_mwh_regime_mean_shift_7d_vs_28d_z,0.4444444444444444,0.2222222222222222,4.0,2.0,0.4897143936485207,0.0,2.0527182788676814,0.0,1.0,False,True,kept,5040,0.8677685950413223,5040,regime_mean_shift,regime,ida3_minus_da_spread_eur_mwh,True,kept,da_price_eur_mwh_regime_mean_shift_7d_vs_28d_z,0.20935683156534096,0.03268263942012508,regime_mean_shift,regime,ida3_minus_da_spread_eur_mwh,regime_mean_shift,regime,ida3_minus_da_spread_eur_mwh,False,elasticnet_coefficients
ida3_minus_da_spread_eur_mwh_rolling_median_14d_same_local_qh,0.3333333333333333,0.2222222222222222,3.0,2.0,0.09300956237218291,0.0,0.671295028201324,0.0,1.0,False,True,kept,5568,0.9586776859504132,3277,ida3_history,market_history,ida3_minus_da_spread_eur_mwh,True,kept,ida3_minus_da_spread_eur_mwh_rolling_median_3d_same_local_qh,0.6463601631692784,0.19113707278532793,ida3_history,market_history,ida3_minus_da_spread_eur_mwh,ida3_history,market_history,ida3_minus_da_spread_eur_mwh,False,elasticnet_coefficients
ida3_minus_da_spread_eur_mwh_rolling_median_28d_same_local_qh,0.4444444444444444,0.2222222222222222,4.0,2.0,0.4539055953522253,0.0,2.7445881998875903,0.0,1.0,False,True,kept,5328,0.9173553719008265,2660,ida3_history,market_history,ida3_minus_da_spread_eur_mwh,True,kept,ida3_minus_da_spread_eur_mwh_rolling_median_14d_same_local_qh,0.7252983469963509,0.14515536529471335,ida3_history,market_history,ida3_minus_da_spread_eur_mwh,ida3_history,market_history,ida3_minus_da_spread_eur_mwh,False,elasticnet_coefficients
ida3_minus_da_spread_eur_mwh_rolling_median_7d_same_local_qh,0.4444444444444444,0.2222222222222222,4.0,2.0,0.4434777977939035,0.0,2.8646056947289598,0.0,0.5,False,True,kept,5376,0.9256198347107438,3620,ida3_history,market_history,ida3_minus_da_spread_eur_mwh,True,kept,ida3_minus_da_spread_eur_mwh_rolling_median_3d_same_local_qh,0.7556183773231513,0.18542048945532325,ida3_history,market_history,ida3_minus_da_spread_eur_mwh,ida3_history,market_history,ida3_minus_da_spread_eur_mwh,False,elasticnet_coefficients
ida3_minus_da_spread_eur_mwh_rolling_std_3d_same_local_qh,0.4444444444444444,0.2222222222222222,4.0,2.0,0.7672667111340504,0.0,3.675478748870296,0.0,1.0,False,True,kept,3312,0.5702479338842975,3189,ida3_history,market_history,ida3_minus_da_spread_eur_mwh,True,kept,ida3_price_eur_mwh_lag_7d_same_local_qh,0.25186912380526816,0.10230636616853737,ida3_history,market_history,ida3_minus_da_spread_eur_mwh,ida3_history,market_history,ida3_minus_da_spread_eur_mwh,False,elasticnet_coefficients
ida3_minus_da_spread_eur_mwh_rolling_std_7d_same_local_qh,0.3333333333333333,0.2222222222222222,3.0,2.0,0.3292664246571134,0.0,1.1387217814188293,0.0,1.0,False,True,kept,5376,0.9256198347107438,5376,ida3_history,market_history,ida3_minus_da_spread_eur_mwh,True,kept,ida3_minus_da_spread_eur_mwh_rolling_std_3d_same_local_qh,0.6542718460344741,0.043874556889440204,ida3_history,market_history,ida3_minus_da_spread_eur_mwh,ida3_history,market_history,ida3_minus_da_spread_eur_mwh,False,elasticnet_coefficients
ida3_price_eur_mwh_lag_7d_same_local_qh,0.3333333333333333,0.2222222222222222,3.0,2.0,0.3500236956779624,0.0,2.2150450240297475,0.0,1.0,False,True,kept,3408,0.5867768595041323,2691,ida3_history,market_history,ida3_price_eur_mwh,True,kept,da_price_eur_mwh_rolling_mean_14d_same_local_qh,0.7052611547092166,0.17067539675694116,ida3_history,market_history,ida3_price_eur_mwh,ida3_history,market_history,ida3_price_eur_mwh,False,elasticnet_coefficients
ida3_price_eur_mwh_rolling_std_14d_same_local_qh,0.3333333333333333,0.2222222222222222,3.0,2.0,0.23403683783613008,0.0,1.9180445624621163,0.0,1.0,False,True,kept,5568,0.9586776859504132,5568,ida3_history,market_history,ida3_price_eur_mwh,True,kept,da_price_eur_mwh_rolling_std_14d_same_local_qh,0.8379347550251194,0.005273628338938771,ida3_history,market_history,ida3_price_eur_mwh,ida3_history,market_history,ida3_price_eur_mwh,False,elasticnet_coefficients
ida3_price_eur_mwh_rolling_std_3d_same_local_qh,0.4444444444444444,0.2222222222222222,4.0,2.0,0.33981103168866716,0.0,1.9267971310940224,0.0,1.0,False,True,kept,3312,0.5702479338842975,3187,ida3_history,market_history,ida3_price_eur_mwh,True,kept,ida3_price_eur_mwh_rolling_std_7d_same_local_qh,0.6479083249356338,0.030849940726186832,ida3_history,market_history,ida3_price_eur_mwh,ida3_history,market_history,ida3_price_eur_mwh,False,elasticnet_coefficients
ida3_volume_mw_lag_14d_same_local_qh,0.4444444444444444,0.2222222222222222,4.0,2.0,0.18012699753609657,0.0,0.7725053862752039,0.0,1.0,False,True,kept,3312,0.5702479338842975,831,ida3_history,market_history,ida3_volume_mw,True,kept,da_price_eur_mwh_rolling_std_14d_same_local_qh,0.2151733071024856,0.055736689827577575,ida3_history,market_history,ida3_volume_mw,ida3_history,market_history,ida3_volume_mw,False,elasticnet_coefficients
ida3_volume_mw_lag_7d_same_local_qh,0.4444444444444444,0.2222222222222222,4.0,2.0,0.3570430517716317,0.0,1.534452930582871,0.0,1.0,False,True,kept,3408,0.5867768595041323,784,ida3_history,market_history,ida3_volume_mw,True,kept,da_price_eur_mwh_rolling_std_14d_same_local_qh,0.225748771102893,0.031869358370742173,ida3_history,market_history,ida3_volume_mw,ida3_history,market_history,ida3_volume_mw,False,elasticnet_coefficients
load_da_forecast_error_mw_lag_14d_same_local_qh,0.4444444444444444,0.2222222222222222,4.0,2.0,0.20051848327631874,0.0,1.0008184447444102,0.0,1.0,False,True,kept,2736,0.47107438016528924,2736,lagged_forecast_error,lagged_forecast_error,load_da_forecast_error_mw,True,kept,load_da_forecast_error_mw_rolling_mean_14d_same_local_qh,0.5991586851963995,0.1470948603253674,lagged_forecast_error,lagged_forecast_error,load_da_forecast_error_mw,lagged_forecast_error,lagged_forecast_error,load_da_forecast_error_mw,False,elasticnet_coefficients
load_da_forecast_error_mw_lag_2d_same_local_qh,0.4444444444444444,0.2222222222222222,4.0,2.0,0.340462508435351,0.0,1.4809836586528446,0.0,1.0,False,True,kept,2736,0.47107438016528924,2736,lagged_forecast_error,lagged_forecast_error,load_da_forecast_error_mw,True,kept,load_da_forecast_error_mw_rolling_mean_3d_same_local_qh,0.907283957086311,0.17844731766252891,lagged_forecast_error,lagged_forecast_error,load_da_forecast_error_mw,lagged_forecast_error,lagged_forecast_error,load_da_forecast_error_mw,False,elasticnet_coefficients
load_da_forecast_error_mw_rolling_mean_7d_same_local_qh,0.3333333333333333,0.2222222222222222,3.0,2.0,0.10483947943835308,0.0,0.9013818834991834,0.0,0.3333333333333333,False,True,kept,4416,0.7603305785123967,3984,lagged_forecast_error,lagged_forecast_error,load_da_forecast_error_mw,True,kept,load_da_forecast_error_mw_rolling_mean_14d_same_local_qh,0.8162894856149775,0.07328548490290095,lagged_forecast_error,lagged_forecast_error,load_da_forecast_error_mw,lagged_forecast_error,lagged_forecast_error,load_da_forecast_error_mw,False,elasticnet_coefficients
load_da_forecast_error_mw_rolling_std_7d_same_local_qh,0.3333333333333333,0.2222222222222222,3.0,2.0,0.08508736339936177,0.0,0.28023634034564504,0.0,1.0,False,True,kept,4416,0.7603305785123967,3984,lagged_forecast_error,lagged_forecast_error,load_da_forecast_error_mw,True,kept,load_da_forecast_error_mw_rolling_std_28d_same_local_qh,0.40652391674047034,0.04354386135427987,lagged_forecast_error,lagged_forecast_error,load_da_forecast_error_mw,lagged_forecast_error,lagged_forecast_error,load_da_forecast_error_mw,False,elasticnet_coefficients
load_forecast_da_mw_lag_14d_same_local_qh,0.3333333333333333,0.2222222222222222,3.0,2.0,0.5528099130321336,0.0,3.5980122707836593,0.0,1.0,False,True,kept,5472,0.9421487603305785,5472,da_forecast,forecast_level,load_forecast_da_mw,True,kept,load_forecast_da_mw_lag_7d_same_local_qh,0.8694511784759669,0.018051814617138985,da_forecast,forecast_level,load_forecast_da_mw,da_forecast,forecast_level,load_forecast_da_mw,False,elasticnet_coefficients
load_forecast_da_mw_lag_1d_same_local_qh,0.3333333333333333,0.2222222222222222,3.0,2.0,0.13674884159847592,0.0,1.0043112036932154,0.0,1.0,False,True,kept,5808,1.0,5808,da_forecast,forecast_level,load_forecast_da_mw,True,kept,load_forecast_da_mw,0.7568209855742403,0.09264370451298216,da_forecast,forecast_level,load_forecast_da_mw,da_forecast,forecast_level,load_forecast_da_mw,False,elasticnet_coefficients
month_sin,0.3333333333333333,0.2222222222222222,3.0,2.0,0.3041380535677275,0.0,1.6960169833629766,0.0,1.0,False,True,kept,5808,1.0,7,calendar,calendar,month_sin,True,kept,weekday_sin,0.10428945893712742,0.02800289316439018,calendar,calendar,month_sin,calendar,calendar,month_sin,False,elasticnet_coefficients
renewable_total_forecast_revision_id_minus_da_mw,0.4444444444444444,0.2222222222222222,4.0,2.0,0.6357035774856779,0.0,2.1167612320382214,0.0,1.0,False,True,kept,5808,1.0,5808,forecast_revision,forecast_revision,renewable_total_forecast_revision_id_minus_da_mw,True,first_ranked_feature,,0.0,0.3046827575528055,forecast_revision,forecast_revision,renewable_total_forecast_revision_id_minus_da_mw,forecast_revision,forecast_revision,renewable_total_forecast_revision_id_minus_da_mw,False,elasticnet_coefficients
renewable_total_forecast_revision_id_minus_da_mw_lag_1d_same_local_qh,0.4444444444444444,0.2222222222222222,4.0,2.0,0.3387584213410195,0.0,2.293417071477494,0.0,1.0,False,True,kept,5808,1.0,5808,forecast_revision,forecast_revision,renewable_total_forecast_revision_id_minus_da_mw,True,kept,wind_onshore_forecast_revision_id_minus_da_mw_lag_1d_same_local_qh,0.8567640359839469,0.05622653332124062,forecast_revision,forecast_revision,renewable_total_forecast_revision_id_minus_da_mw,forecast_revision,forecast_revision,renewable_total_forecast_revision_id_minus_da_mw,False,elasticnet_coefficients
renewable_total_forecast_revision_id_minus_da_mw_regime_abs_median_28d_over_vol,0.3333333333333333,0.2222222222222222,3.0,2.0,0.04772151622266761,0.0,0.23561493813801995,0.0,1.0,False,True,kept,5808,1.0,5808,regime_level,regime,renewable_total_forecast_revision_id_minus_da_mw,True,kept,ida3_minus_da_spread_eur_mwh_regime_abs_median_28d_over_vol,0.08019723514677328,0.1077921813793624,regime_level,regime,renewable_total_forecast_revision_id_minus_da_mw,regime_level,regime,renewable_total_forecast_revision_id_minus_da_mw,False,elasticnet_coefficients
renewable_total_forecast_revision_id_minus_da_mw_regime_vol_7d_over_28d,0.4444444444444444,0.2222222222222222,4.0,2.0,0.17440801018109306,0.0,0.7883721246759766,0.0,1.0,False,True,kept,5808,1.0,5808,regime_volatility,regime,renewable_total_forecast_revision_id_minus_da_mw,True,kept,renewable_total_forecast_revision_id_minus_da_mw_regime_abs_median_28d_over_vol,0.07489630358187753,0.08870182662956327,regime_volatility,regime,renewable_total_forecast_revision_id_minus_da_mw,regime_volatility,regime,renewable_total_forecast_revision_id_minus_da_mw,False,elasticnet_coefficients
renewable_total_forecast_revision_id_minus_da_mw_rolling_mean_28d_same_local_qh,0.3333333333333333,0.2222222222222222,3.0,2.0,0.10246622365540062,0.0,0.36999557113954634,0.0,1.0,False,True,kept,5808,1.0,5808,forecast_revision,forecast_revision,renewable_total_forecast_revision_id_minus_da_mw,True,kept,renewable_total_forecast_revision_id_minus_da_mw_rolling_median_28d_same_local_qh,0.7399277587899268,0.07600615665806318,forecast_revision,forecast_revision,renewable_total_forecast_revision_id_minus_da_mw,forecast_revision,forecast_revision,renewable_total_forecast_revision_id_minus_da_mw,False,elasticnet_coefficients
renewable_total_forecast_revision_id_minus_da_mw_rolling_mean_7d_same_local_qh,0.3333333333333333,0.2222222222222222,3.0,2.0,0.1507134145495115,0.0,0.7182890410590532,0.0,1.0,False,True,kept,5808,1.0,5808,forecast_revision,forecast_revision,renewable_total_forecast_revision_id_minus_da_mw,True,kept,wind_total_forecast_revision_id_minus_da_mw_rolling_mean_7d_same_local_qh,0.8573124562941377,0.04713248850342777,forecast_revision,forecast_revision,renewable_total_forecast_revision_id_minus_da_mw,forecast_revision,forecast_revision,renewable_total_forecast_revision_id_minus_da_mw,False,elasticnet_coefficients
renewable_total_forecast_revision_id_minus_da_mw_rolling_median_28d_same_local_qh,0.4444444444444444,0.2222222222222222,4.0,2.0,0.21862203317375878,0.0,0.897408556446433,0.0,1.0,False,True,kept,5808,1.0,2622,forecast_revision,forecast_revision,renewable_total_forecast_revision_id_minus_da_mw,True,kept,wind_total_forecast_revision_id_minus_da_mw_rolling_median_28d_same_local_qh,0.7410049702712468,0.11298289241961126,forecast_revision,forecast_revision,renewable_total_forecast_revision_id_minus_da_mw,forecast_revision,forecast_revision,renewable_total_forecast_revision_id_minus_da_mw,False,elasticnet_coefficients
renewable_total_forecast_revision_id_minus_da_mw_rolling_std_7d_same_local_qh,0.3333333333333333,0.2222222222222222,3.0,2.0,0.1761670456328915,0.0,1.2079751495005415,0.0,1.0,False,True,kept,5808,1.0,5808,forecast_revision,forecast_revision,renewable_total_forecast_revision_id_minus_da_mw,True,kept,renewable_total_forecast_revision_id_minus_da_mw_rolling_std_3d_same_local_qh,0.5903613079595653,0.0700120725174189,forecast_revision,forecast_revision,renewable_total_forecast_revision_id_minus_da_mw,forecast_revision,forecast_revision,renewable_total_forecast_revision_id_minus_da_mw,False,elasticnet_coefficients
residual_load_forecast_id_approx_mw_lag_1d_same_local_qh,0.3333333333333333,0.2222222222222222,3.0,2.0,0.03779544387576752,0.0,0.15749507834930415,0.0,1.0,False,True,kept,5808,1.0,5808,id_forecast,forecast_level,residual_load_forecast_id_approx_mw,True,kept,residual_load_forecast_da_mw,0.6409567997007293,0.1760286020915595,id_forecast,forecast_level,residual_load_forecast_id_approx_mw,id_forecast,forecast_level,residual_load_forecast_id_approx_mw,False,elasticnet_coefficients
solar_da_forecast_error_mw_rolling_std_28d_same_local_qh,0.4444444444444444,0.2222222222222222,4.0,2.0,0.07886225763090685,0.0,0.3398353774956262,0.0,1.0,False,True,kept,2760,0.47520661157024796,2298,lagged_forecast_error,lagged_forecast_error,solar_da_forecast_error_mw,True,kept,solar_id_forecast_error_mw_rolling_std_14d_same_local_qh,0.9013735003164326,0.0509314415480812,lagged_forecast_error,lagged_forecast_error,solar_da_forecast_error_mw,lagged_forecast_error,lagged_forecast_error,solar_da_forecast_error_mw,False,elasticnet_coefficients
solar_forecast_da_mw_lag_2d_same_local_qh,0.3333333333333333,0.2222222222222222,3.0,2.0,0.2777776317091398,0.0,1.2165686837932352,0.0,1.0,False,True,kept,3425,0.5897038567493113,3306,da_forecast,forecast_level,solar_forecast_da_mw,True,kept,solar_forecast_id_mw_lag_7d_same_local_qh,0.910937957791108,0.12408917028350848,da_forecast,forecast_level,solar_forecast_da_mw,da_forecast,forecast_level,solar_forecast_da_mw,False,elasticnet_coefficients
solar_forecast_revision_id_minus_da_mw_lag_14d_same_local_qh,0.4444444444444444,0.2222222222222222,4.0,2.0,0.4552557490662525,0.0,2.136868803487423,0.0,1.0,False,True,kept,3160,0.5440771349862259,3047,forecast_revision,forecast_revision,solar_forecast_revision_id_minus_da_mw,True,kept,renewable_total_forecast_revision_id_minus_da_mw_lag_14d_same_local_qh,0.5074906123676136,0.026438920745931915,forecast_revision,forecast_revision,solar_forecast_revision_id_minus_da_mw,forecast_revision,forecast_revision,solar_forecast_revision_id_minus_da_mw,False,elasticnet_coefficients
solar_id_forecast_error_mw_lag_2d_same_local_qh,0.3333333333333333,0.2222222222222222,3.0,2.0,0.18458399954325166,0.0,1.1825197193363275,0.0,1.0,False,True,kept,1510,0.2599862258953168,1502,lagged_forecast_error,lagged_forecast_error,solar_id_forecast_error_mw,True,kept,solar_id_forecast_error_mw_rolling_mean_3d_same_local_qh,0.7302221910179698,0.0735596142591446,lagged_forecast_error,lagged_forecast_error,solar_id_forecast_error_mw,lagged_forecast_error,lagged_forecast_error,solar_id_forecast_error_mw,False,elasticnet_coefficients
wind_offshore_da_forecast_error_mw_rolling_median_14d_same_local_qh,0.4444444444444444,0.2222222222222222,4.0,2.0,0.16702977016546694,0.0,0.861712684934725,0.0,1.0,False,True,kept,4704,0.8099173553719008,2985,lagged_forecast_error,lagged_forecast_error,wind_offshore_da_forecast_error_mw,True,kept,wind_offshore_id_forecast_error_mw_rolling_mean_14d_same_local_qh,0.8503280953467212,0.050757190361603026,lagged_forecast_error,lagged_forecast_error,wind_offshore_da_forecast_error_mw,lagged_forecast_error,lagged_forecast_error,wind_offshore_da_forecast_error_mw,False,elasticnet_coefficients
wind_offshore_da_forecast_error_mw_rolling_std_14d_same_local_qh,0.2222222222222222,0.2222222222222222,2.0,2.0,0.07751834728371519,0.0,0.4347551273348373,0.0,1.0,False,True,kept,4704,0.8099173553719008,4174,lagged_forecast_error,lagged_forecast_error,wind_offshore_da_forecast_error_mw,True,kept,wind_offshore_id_forecast_error_mw_rolling_std_14d_same_local_qh,0.8027352546948682,0.04311153241148071,lagged_forecast_error,lagged_forecast_error,wind_offshore_da_forecast_error_mw,lagged_forecast_error,lagged_forecast_error,wind_offshore_da_forecast_error_mw,False,elasticnet_coefficients
wind_offshore_da_forecast_error_mw_rolling_std_28d_same_local_qh,0.2222222222222222,0.2222222222222222,2.0,2.0,0.024415168010025103,0.0,0.11661570128619053,0.0,0.0,False,True,kept,4896,0.8429752066115702,4176,lagged_forecast_error,lagged_forecast_error,wind_offshore_da_forecast_error_mw,True,kept,wind_offshore_id_forecast_error_mw_rolling_std_28d_same_local_qh,0.819764312090123,0.013073115283188549,lagged_forecast_error,lagged_forecast_error,wind_offshore_da_forecast_error_mw,lagged_forecast_error,lagged_forecast_error,wind_offshore_da_forecast_error_mw,False,elasticnet_coefficients
wind_offshore_da_forecast_error_mw_rolling_std_3d_same_local_qh,0.4444444444444444,0.2222222222222222,4.0,2.0,0.4943642452016977,0.0,2.37387120546028,0.0,0.5,False,True,kept,2735,0.4709022038567493,2637,lagged_forecast_error,lagged_forecast_error,wind_offshore_da_forecast_error_mw,True,kept,wind_offshore_id_forecast_error_mw_rolling_std_3d_same_local_qh,0.7311290940402753,0.06326568734183301,lagged_forecast_error,lagged_forecast_error,wind_offshore_da_forecast_error_mw,lagged_forecast_error,lagged_forecast_error,wind_offshore_da_forecast_error_mw,False,elasticnet_coefficients
wind_offshore_forecast_id_mw_lag_14d_same_local_qh,0.3333333333333333,0.2222222222222222,3.0,2.0,0.1600780233063701,0.0,0.6994523353083638,0.0,1.0,False,True,kept,5471,0.9419765840220385,5451,id_forecast,forecast_level,wind_offshore_forecast_id_mw,True,kept,wind_total_forecast_id_mw_lag_14d_same_local_qh,0.7966231391399283,0.039160421364696295,id_forecast,forecast_level,wind_offshore_forecast_id_mw,id_forecast,forecast_level,wind_offshore_forecast_id_mw,False,elasticnet_coefficients
wind_offshore_forecast_id_mw_lag_2d_same_local_qh,0.3333333333333333,0.2222222222222222,3.0,2.0,0.207827086992375,0.0,1.1731606431111117,0.0,1.0,False,True,kept,5760,0.9917355371900827,5729,id_forecast,forecast_level,wind_offshore_forecast_id_mw,True,kept,wind_onshore_forecast_id_mw_lag_2d_same_local_qh,0.7423180176809033,0.040307084181972014,id_forecast,forecast_level,wind_offshore_forecast_id_mw,id_forecast,forecast_level,wind_offshore_forecast_id_mw,False,elasticnet_coefficients
wind_offshore_forecast_revision_id_minus_da_mw,0.4444444444444444,0.2222222222222222,4.0,2.0,0.38080190421267923,0.0,2.199211042161241,0.0,1.0,False,True,kept,5803,0.9991391184573003,5719,forecast_revision,forecast_revision,wind_offshore_forecast_revision_id_minus_da_mw,True,kept,wind_total_forecast_revision_id_minus_da_mw,0.39885457090577914,0.1483664601218975,forecast_revision,forecast_revision,wind_offshore_forecast_revision_id_minus_da_mw,forecast_revision,forecast_revision,wind_offshore_forecast_revision_id_minus_da_mw,False,elasticnet_coefficients
wind_offshore_forecast_revision_id_minus_da_mw_lag_7d_same_local_qh,0.3333333333333333,0.2222222222222222,3.0,2.0,0.24592407558031448,0.0,1.8645349212312619,0.0,1.0,False,True,kept,5659,0.9743457300275482,5579,forecast_revision,forecast_revision,wind_offshore_forecast_revision_id_minus_da_mw,True,kept,wind_total_forecast_revision_id_minus_da_mw_rolling_mean_3d_same_local_qh,0.21441932979888922,0.08644559586375407,forecast_revision,forecast_revision,wind_offshore_forecast_revision_id_minus_da_mw,forecast_revision,forecast_revision,wind_offshore_forecast_revision_id_minus_da_mw,False,elasticnet_coefficients
wind_offshore_id_forecast_error_mw_rolling_median_3d_same_local_qh,0.4444444444444444,0.2222222222222222,4.0,2.0,0.5274081775430814,0.0,2.4550242054340363,0.0,1.0,False,True,kept,2735,0.4709022038567493,2552,lagged_forecast_error,lagged_forecast_error,wind_offshore_id_forecast_error_mw,True,kept,wind_offshore_da_forecast_error_mw_rolling_mean_3d_same_local_qh,0.8925838326073148,0.03739992410891455,lagged_forecast_error,lagged_forecast_error,wind_offshore_id_forecast_error_mw,lagged_forecast_error,lagged_forecast_error,wind_offshore_id_forecast_error_mw,False,elasticnet_coefficients
wind_offshore_id_forecast_error_mw_rolling_std_14d_same_local_qh,0.3333333333333333,0.2222222222222222,3.0,2.0,0.056865753484931204,0.0,0.2860495613498237,0.0,1.0,False,True,kept,4704,0.8099173553719008,4176,lagged_forecast_error,lagged_forecast_error,wind_offshore_id_forecast_error_mw,True,kept,wind_offshore_id_forecast_error_mw_rolling_std_28d_same_local_qh,0.678700898970234,0.048573739323129445,lagged_forecast_error,lagged_forecast_error,wind_offshore_id_forecast_error_mw,lagged_forecast_error,lagged_forecast_error,wind_offshore_id_forecast_error_mw,False,elasticnet_coefficients
wind_offshore_id_forecast_error_mw_rolling_std_7d_same_local_qh,0.4444444444444444,0.2222222222222222,4.0,2.0,0.12968366479041102,0.0,0.5345836388616563,0.0,0.0,False,True,kept,4416,0.7603305785123967,3984,lagged_forecast_error,lagged_forecast_error,wind_offshore_id_forecast_error_mw,True,kept,wind_offshore_da_forecast_error_mw_rolling_std_7d_same_local_qh,0.7327674338976071,0.06292510186480074,lagged_forecast_error,lagged_forecast_error,wind_offshore_id_forecast_error_mw,lagged_forecast_error,lagged_forecast_error,wind_offshore_id_forecast_error_mw,False,elasticnet_coefficients
wind_onshore_da_forecast_error_mw_lag_14d_same_local_qh,0.3333333333333333,0.2222222222222222,3.0,2.0,0.133960384857867,0.0,0.7152569346379464,0.0,0.3333333333333333,False,True,kept,2736,0.47107438016528924,2736,lagged_forecast_error,lagged_forecast_error,wind_onshore_da_forecast_error_mw,True,kept,wind_onshore_da_forecast_error_mw_rolling_mean_14d_same_local_qh,0.30723604644364666,0.04136733390564568,lagged_forecast_error,lagged_forecast_error,wind_onshore_da_forecast_error_mw,lagged_forecast_error,lagged_forecast_error,wind_onshore_da_forecast_error_mw,False,elasticnet_coefficients
wind_onshore_da_forecast_error_mw_rolling_std_14d_same_local_qh,0.2222222222222222,0.2222222222222222,2.0,2.0,0.305023950151175,0.0,2.3183820310191896,0.0,1.0,False,True,kept,4704,0.8099173553719008,4176,lagged_forecast_error,lagged_forecast_error,wind_onshore_da_forecast_error_mw,True,kept,wind_offshore_id_forecast_error_mw_rolling_std_3d_same_local_qh,0.2709945152150774,0.089497086393415,lagged_forecast_error,lagged_forecast_error,wind_onshore_da_forecast_error_mw,lagged_forecast_error,lagged_forecast_error,wind_onshore_da_forecast_error_mw,False,elasticnet_coefficients
wind_onshore_da_forecast_error_mw_rolling_std_3d_same_local_qh,0.3333333333333333,0.2222222222222222,3.0,2.0,0.1705902472806238,0.0,0.8004028175715382,0.0,1.0,False,True,kept,2736,0.47107438016528924,2640,lagged_forecast_error,lagged_forecast_error,wind_onshore_da_forecast_error_mw,True,kept,wind_onshore_da_forecast_error_mw_rolling_std_7d_same_local_qh,0.4776317489642779,0.033731032347215244,lagged_forecast_error,lagged_forecast_error,wind_onshore_da_forecast_error_mw,lagged_forecast_error,lagged_forecast_error,wind_onshore_da_forecast_error_mw,False,elasticnet_coefficients
wind_onshore_da_forecast_error_mw_rolling_std_7d_same_local_qh,0.3333333333333333,0.2222222222222222,3.0,2.0,0.22984755360941836,0.0,1.8179194653063981,0.0,1.0,False,True,kept,4416,0.7603305785123967,3984,lagged_forecast_error,lagged_forecast_error,wind_onshore_da_forecast_error_mw,True,kept,wind_onshore_da_forecast_error_mw_rolling_std_14d_same_local_qh,0.63454222133159,0.08279592899903222,lagged_forecast_error,lagged_forecast_error,wind_onshore_da_forecast_error_mw,lagged_forecast_error,lagged_forecast_error,wind_onshore_da_forecast_error_mw,False,elasticnet_coefficients
wind_onshore_forecast_revision_id_minus_da_mw_lag_14d_same_local_qh,0.2222222222222222,0.2222222222222222,2.0,2.0,0.03401313545664753,0.0,0.27126274098145475,0.0,0.0,False,True,kept,5472,0.9421487603305785,5472,forecast_revision,forecast_revision,wind_onshore_forecast_revision_id_minus_da_mw,True,kept,wind_total_forecast_revision_id_minus_da_mw_rolling_mean_14d_same_local_qh,0.2455258141250803,0.06227707881175104,forecast_revision,forecast_revision,wind_onshore_forecast_revision_id_minus_da_mw,forecast_revision,forecast_revision,wind_onshore_forecast_revision_id_minus_da_mw,False,elasticnet_coefficients
wind_onshore_forecast_revision_id_minus_da_mw_lag_1d_same_local_qh,0.4444444444444444,0.2222222222222222,4.0,2.0,0.48212342159558985,0.0,1.5541886242484777,0.0,1.0,False,True,kept,5808,1.0,5808,forecast_revision,forecast_revision,wind_onshore_forecast_revision_id_minus_da_mw,True,kept,wind_total_forecast_revision_id_minus_da_mw_rolling_mean_3d_same_local_qh,0.5540214360225879,0.09432177579084863,forecast_revision,forecast_revision,wind_onshore_forecast_revision_id_minus_da_mw,forecast_revision,forecast_revision,wind_onshore_forecast_revision_id_minus_da_mw,False,elasticnet_coefficients
wind_onshore_id_forecast_error_mw_lag_14d_same_local_qh,0.2222222222222222,0.2222222222222222,2.0,2.0,0.09369511021728104,0.0,0.4344104596259867,0.0,1.0,False,True,kept,2736,0.47107438016528924,2736,lagged_forecast_error,lagged_forecast_error,wind_onshore_id_forecast_error_mw,True,kept,wind_onshore_da_forecast_error_mw_lag_14d_same_local_qh,0.7882738296059727,0.036851612199268545,lagged_forecast_error,lagged_forecast_error,wind_onshore_id_forecast_error_mw,lagged_forecast_error,lagged_forecast_error,wind_onshore_id_forecast_error_mw,False,elasticnet_coefficients
wind_total_forecast_id_mw_lag_1d_same_local_qh,0.4444444444444444,0.2222222222222222,4.0,2.0,0.42069489136464217,0.0,1.7461419047413993,0.0,1.0,False,True,kept,5808,1.0,5808,id_forecast,forecast_level,wind_total_forecast_id_mw,True,kept,renewable_total_forecast_id_mw_lag_1d_same_local_qh,0.4296063730380619,0.08530147864519702,id_forecast,forecast_level,wind_total_forecast_id_mw,id_forecast,forecast_level,wind_total_forecast_id_mw,False,elasticnet_coefficients
wind_total_forecast_revision_id_minus_da_mw,0.4444444444444444,0.2222222222222222,4.0,2.0,0.5505318118941855,0.0,2.6594394098311147,0.0,1.0,False,True,kept,5808,1.0,5808,forecast_revision,forecast_revision,wind_total_forecast_revision_id_minus_da_mw,True,kept,renewable_total_forecast_revision_id_minus_da_mw,0.8673737343069147,0.25193057107165684,forecast_revision,forecast_revision,wind_total_forecast_revision_id_minus_da_mw,forecast_revision,forecast_revision,wind_total_forecast_revision_id_minus_da_mw,False,elasticnet_coefficients
wind_total_forecast_revision_id_minus_da_mw_lag_2d_same_local_qh,0.3333333333333333,0.2222222222222222,3.0,2.0,0.1136159664384222,0.0,0.6186103471454946,0.0,1.0,False,True,kept,5760,0.9917355371900827,5760,forecast_revision,forecast_revision,wind_total_forecast_revision_id_minus_da_mw,True,kept,wind_total_forecast_revision_id_minus_da_mw_rolling_mean_3d_same_local_qh,0.5983252864379969,0.13942710526273308,forecast_revision,forecast_revision,wind_total_forecast_revision_id_minus_da_mw,forecast_revision,forecast_revision,wind_total_forecast_revision_id_minus_da_mw,False,elasticnet_coefficients
wind_total_forecast_revision_id_minus_da_mw_regime_abs_median_28d_over_vol,0.3333333333333333,0.2222222222222222,3.0,2.0,0.15093718567295417,0.0,0.5846834544671607,0.0,1.0,False,True,kept,5808,1.0,5808,regime_level,regime,wind_total_forecast_revision_id_minus_da_mw,True,kept,renewable_total_forecast_revision_id_minus_da_mw_regime_abs_median_28d_over_vol,0.5482467492132215,0.06389833000233676,regime_level,regime,wind_total_forecast_revision_id_minus_da_mw,regime_level,regime,wind_total_forecast_revision_id_minus_da_mw,False,elasticnet_coefficients
wind_total_forecast_revision_id_minus_da_mw_regime_mean_shift_7d_vs_28d_z,0.3333333333333333,0.2222222222222222,3.0,2.0,0.13816877712351167,0.0,0.8375000981658925,0.0,1.0,False,True,kept,5808,1.0,5808,regime_mean_shift,regime,wind_total_forecast_revision_id_minus_da_mw,True,kept,ida3_minus_da_spread_eur_mwh_regime_mean_shift_7d_vs_28d_z,0.1986938755312215,0.015056170612010684,regime_mean_shift,regime,wind_total_forecast_revision_id_minus_da_mw,regime_mean_shift,regime,wind_total_forecast_revision_id_minus_da_mw,False,elasticnet_coefficients
wind_total_forecast_revision_id_minus_da_mw_rolling_median_28d_same_local_qh,0.4444444444444444,0.2222222222222222,4.0,2.0,0.3886524574362986,0.0,1.4380420873327595,0.0,1.0,False,True,kept,5808,1.0,2556,forecast_revision,forecast_revision,wind_total_forecast_revision_id_minus_da_mw,True,kept,wind_total_forecast_revision_id_minus_da_mw_rolling_mean_28d_same_local_qh,0.6978567823083742,0.11712318269231094,forecast_revision,forecast_revision,wind_total_forecast_revision_id_minus_da_mw,forecast_revision,forecast_revision,wind_total_forecast_revision_id_minus_da_mw,False,elasticnet_coefficients
da_price_eur_mwh_lag_14d_same_local_qh,0.1111111111111111,0.1111111111111111,1.0,1.0,0.1419808848216672,0.0,1.277827963395005,0.0,1.0,False,True,kept,5472,0.9421487603305785,2855,da_price,market_history,da_price_eur_mwh,True,kept,ida3_price_eur_mwh_lag_14d_same_local_qh,0.8500100376572631,0.14897303014715374,da_price,market_history,da_price_eur_mwh,da_price,market_history,da_price_eur_mwh,False,elasticnet_coefficients
da_price_eur_mwh_lag_2d_same_local_qh,0.1111111111111111,0.1111111111111111,1.0,1.0,0.021358499418328444,0.0,0.19222649476495599,0.0,1.0,False,True,kept,5758,0.9913911845730028,2977,da_price,market_history,da_price_eur_mwh,True,kept,da_price_eur_mwh_rolling_mean_3d_same_local_qh,0.9093603228091128,0.14335435352364118,da_price,market_history,da_price_eur_mwh,da_price,market_history,da_price_eur_mwh,False,elasticnet_coefficients
da_price_eur_mwh_lag_7d_same_local_qh,0.2222222222222222,0.1111111111111111,2.0,1.0,0.28565378288778637,0.0,1.517341735337707,0.0,1.0,False,True,kept,5662,0.974862258953168,2866,da_price,market_history,da_price_eur_mwh,True,kept,ida3_price_eur_mwh_lag_7d_same_local_qh,0.9034166374941566,0.12987933162306853,da_price,market_history,da_price_eur_mwh,da_price,market_history,da_price_eur_mwh,False,elasticnet_coefficients
da_price_eur_mwh_regime_abs_median_28d_over_vol,0.2222222222222222,0.1111111111111111,2.0,1.0,0.07560456322091899,0.0,0.4463352249348932,0.0,1.0,False,True,kept,5808,1.0,5806,regime_level,regime,da_price_eur_mwh,True,kept,ida3_price_eur_mwh_regime_abs_median_28d_over_vol,0.9035847217976382,0.0314753161347891,regime_level,regime,da_price_eur_mwh,regime_level,regime,da_price_eur_mwh,False,elasticnet_coefficients
da_price_eur_mwh_regime_mean_shift_7d_vs_28d_z,0.2222222222222222,0.1111111111111111,2.0,1.0,0.02983625251759065,0.0,0.22342423342769474,0.0,1.0,False,True,kept,5808,1.0,5808,regime_mean_shift,regime,da_price_eur_mwh,True,kept,ida3_minus_da_spread_eur_mwh_regime_abs_median_28d_over_vol,0.21293576938396488,0.10396874766336289,regime_mean_shift,regime,da_price_eur_mwh,regime_mean_shift,regime,da_price_eur_mwh,False,elasticnet_coefficients
da_price_eur_mwh_rolling_mean_14d_same_local_qh,0.1111111111111111,0.1111111111111111,1.0,1.0,0.12411878932391013,0.0,1.1170691039151912,0.0,1.0,False,True,kept,5808,1.0,5740,da_price,market_history,da_price_eur_mwh,True,kept,da_price_eur_mwh,0.707745899521108,0.1925918739754624,da_price,market_history,da_price_eur_mwh,da_price,market_history,da_price_eur_mwh,False,elasticnet_coefficients
da_price_eur_mwh_rolling_median_28d_same_local_qh,0.2222222222222222,0.1111111111111111,2.0,1.0,0.18682268603855356,0.0,1.1997738102145574,0.0,1.0,False,True,kept,5808,1.0,2641,da_price,market_history,da_price_eur_mwh,True,kept,da_price_eur_mwh_rolling_mean_14d_same_local_qh,0.8863932757679966,0.15124012273438597,da_price,market_history,da_price_eur_mwh,da_price,market_history,da_price_eur_mwh,False,elasticnet_coefficients
da_price_eur_mwh_rolling_median_7d_same_local_qh,0.1111111111111111,0.1111111111111111,1.0,1.0,0.01669997262665079,0.0,0.15029975363985712,0.0,1.0,False,True,kept,5808,1.0,2142,da_price,market_history,da_price_eur_mwh,True,kept,da_price_eur_mwh_rolling_mean_14d_same_local_qh,0.9116837290115936,0.14642021575545267,da_price,market_history,da_price_eur_mwh,da_price,market_history,da_price_eur_mwh,False,elasticnet_coefficients
da_price_eur_mwh_rolling_std_14d_same_local_qh,0.2222222222222222,0.1111111111111111,2.0,1.0,0.026348568722952884,0.0,0.2028096144387794,0.0,1.0,False,True,kept,5808,1.0,5807,da_price,market_history,da_price_eur_mwh,True,kept,da_price_eur_mwh_rolling_median_28d_same_local_qh,0.1819559701521465,0.06731461424047835,da_price,market_history,da_price_eur_mwh,da_price,market_history,da_price_eur_mwh,False,elasticnet_coefficients
da_price_eur_mwh_rolling_std_7d_same_local_qh,0.2222222222222222,0.1111111111111111,2.0,1.0,0.11335851283272179,0.0,0.5577660367586147,0.0,0.0,False,True,kept,5808,1.0,5808,da_price,market_history,da_price_eur_mwh,True,kept,da_price_eur_mwh_rolling_std_14d_same_local_qh,0.833003195211161,0.019438731072053416,da_price,market_history,da_price_eur_mwh,da_price,market_history,da_price_eur_mwh,False,elasticnet_coefficients
ida3_minus_da_spread_eur_mwh_lag_14d_same_local_qh,0.1111111111111111,0.1111111111111111,1.0,1.0,0.05067633735106631,0.0,0.4560870361595968,0.0,1.0,False,True,kept,3312,0.5702479338842975,2904,ida3_history,market_history,ida3_minus_da_spread_eur_mwh,True,kept,ida3_minus_da_spread_eur_mwh_rolling_mean_14d_same_local_qh,0.389853639732805,0.029148453456863163,ida3_history,market_history,ida3_minus_da_spread_eur_mwh,ida3_history,market_history,ida3_minus_da_spread_eur_mwh,False,elasticnet_coefficients
ida3_minus_da_spread_eur_mwh_regime_vol_28d,0.2222222222222222,0.1111111111111111,2.0,1.0,0.22627841447608402,0.0,1.0371597794416234,0.0,1.0,False,True,kept,5328,0.9173553719008265,5328,regime_volatility,regime,ida3_minus_da_spread_eur_mwh,True,kept,ida3_minus_da_spread_eur_mwh_regime_abs_median_28d_over_vol,0.4970776625918698,0.06680642363950506,regime_volatility,regime,ida3_minus_da_spread_eur_mwh,regime_volatility,regime,ida3_minus_da_spread_eur_mwh,False,elasticnet_coefficients
ida3_minus_da_spread_eur_mwh_rolling_mean_14d_same_local_qh,0.2222222222222222,0.1111111111111111,2.0,1.0,0.11816397850910995,0.0,0.85587557273155,0.0,1.0,False,True,kept,5568,0.9586776859504132,5549,ida3_history,market_history,ida3_minus_da_spread_eur_mwh,True,kept,ida3_minus_da_spread_eur_mwh_rolling_median_14d_same_local_qh,0.8094447615003939,0.15684203531358654,ida3_history,market_history,ida3_minus_da_spread_eur_mwh,ida3_history,market_history,ida3_minus_da_spread_eur_mwh,False,elasticnet_coefficients
ida3_minus_da_spread_eur_mwh_rolling_mean_7d_same_local_qh,0.2222222222222222,0.1111111111111111,2.0,1.0,0.312236719476946,0.0,2.2873839989554883,0.0,1.0,False,True,kept,5376,0.9256198347107438,5324,ida3_history,market_history,ida3_minus_da_spread_eur_mwh,True,kept,ida3_minus_da_spread_eur_mwh_rolling_median_7d_same_local_qh,0.8223465439271967,0.1440215976438987,ida3_history,market_history,ida3_minus_da_spread_eur_mwh,ida3_history,market_history,ida3_minus_da_spread_eur_mwh,False,elasticnet_coefficients
ida3_minus_da_spread_eur_mwh_rolling_median_3d_same_local_qh,0.2222222222222222,0.1111111111111111,2.0,1.0,0.3420509678501393,0.0,2.857769428886401,0.0,0.0,False,True,kept,3312,0.5702479338842975,2972,ida3_history,market_history,ida3_minus_da_spread_eur_mwh,True,kept,ida3_minus_da_spread_eur_mwh_lag_1d_same_local_qh,0.6790424141289017,0.21115551436854144,ida3_history,market_history,ida3_minus_da_spread_eur_mwh,ida3_history,market_history,ida3_minus_da_spread_eur_mwh,False,elasticnet_coefficients
ida3_minus_da_spread_eur_mwh_rolling_std_14d_same_local_qh,0.1111111111111111,0.1111111111111111,1.0,1.0,0.009737129538261462,0.0,0.08763416584435316,0.0,1.0,False,True,kept,5568,0.9586776859504132,5568,ida3_history,market_history,ida3_minus_da_spread_eur_mwh,True,kept,ida3_minus_da_spread_eur_mwh_rolling_std_7d_same_local_qh,0.75834091795,0.004141870755004337,ida3_history,market_history,ida3_minus_da_spread_eur_mwh,ida3_history,market_history,ida3_minus_da_spread_eur_mwh,False,elasticnet_coefficients
ida3_minus_da_spread_eur_mwh_rolling_std_28d_same_local_qh,0.2222222222222222,0.1111111111111111,2.0,1.0,0.23089800970121863,0.0,1.0682328113838282,0.0,1.0,False,True,kept,5328,0.9173553719008265,5328,ida3_history,market_history,ida3_minus_da_spread_eur_mwh,True,kept,da_price_eur_mwh_rolling_std_14d_same_local_qh,0.4804448919406821,0.06680642363950506,ida3_history,market_history,ida3_minus_da_spread_eur_mwh,ida3_history,market_history,ida3_minus_da_spread_eur_mwh,False,elasticnet_coefficients
ida3_price_eur_mwh_lag_14d_same_local_qh,0.1111111111111111,0.1111111111111111,1.0,1.0,0.09465118047485609,0.0,0.8518606242737048,0.0,1.0,False,True,kept,3312,0.5702479338842975,2605,ida3_history,market_history,ida3_price_eur_mwh,True,kept,da_price_eur_mwh,0.5795027379207727,0.19463507369705504,ida3_history,market_history,ida3_price_eur_mwh,ida3_history,market_history,ida3_price_eur_mwh,False,elasticnet_coefficients
ida3_price_eur_mwh_lag_1d_same_local_qh,0.1111111111111111,0.1111111111111111,1.0,1.0,0.30429757635086685,0.0,2.7386781871578014,0.0,1.0,False,True,kept,3456,0.5950413223140496,2717,ida3_history,market_history,ida3_price_eur_mwh,True,kept,da_price_eur_mwh_lag_1d_same_local_qh,0.8970188263206563,0.15897972029538895,ida3_history,market_history,ida3_price_eur_mwh,ida3_history,market_history,ida3_price_eur_mwh,False,elasticnet_coefficients
ida3_price_eur_mwh_regime_abs_median_28d_over_vol,0.2222222222222222,0.1111111111111111,2.0,1.0,0.08921288435899066,0.0,0.7498642743046412,0.0,1.0,False,True,kept,5328,0.9173553719008265,5327,regime_level,regime,ida3_price_eur_mwh,True,kept,ida3_minus_da_spread_eur_mwh_regime_vol_28d,0.5684067427308539,0.060181716834092146,regime_level,regime,ida3_price_eur_mwh,regime_level,regime,ida3_price_eur_mwh,False,elasticnet_coefficients
ida3_price_eur_mwh_regime_mean_shift_7d_vs_28d_z,0.1111111111111111,0.1111111111111111,1.0,1.0,0.2895415883993958,0.0,2.605874295594562,0.0,1.0,False,True,kept,5040,0.8677685950413223,5040,regime_mean_shift,regime,ida3_price_eur_mwh,True,kept,da_price_eur_mwh_regime_mean_shift_7d_vs_28d_z,0.8139993601715126,0.05527242635202876,regime_mean_shift,regime,ida3_price_eur_mwh,regime_mean_shift,regime,ida3_price_eur_mwh,False,elasticnet_coefficients
ida3_price_eur_mwh_rolling_mean_3d_same_local_qh,0.1111111111111111,0.1111111111111111,1.0,1.0,0.678126718296215,0.0,6.103140464665935,0.0,1.0,False,True,kept,3312,0.5702479338842975,3206,ida3_history,market_history,ida3_price_eur_mwh,True,kept,ida3_price_eur_mwh_rolling_mean_7d_same_local_qh,0.9017978639794904,0.13091530908964147,ida3_history,market_history,ida3_price_eur_mwh,ida3_history,market_history,ida3_price_eur_mwh,False,elasticnet_coefficients
ida3_price_eur_mwh_rolling_std_7d_same_local_qh,0.1111111111111111,0.1111111111111111,1.0,1.0,0.1916258375434893,0.0,1.7246325378914038,0.0,1.0,False,True,kept,5376,0.9256198347107438,5374,ida3_history,market_history,ida3_price_eur_mwh,True,kept,da_price_eur_mwh_rolling_std_14d_same_local_qh,0.6122232174105012,0.05657880579861537,ida3_history,market_history,ida3_price_eur_mwh,ida3_history,market_history,ida3_price_eur_mwh,False,elasticnet_coefficients
ida3_volume_mw_lag_1d_same_local_qh,0.2222222222222222,0.1111111111111111,2.0,1.0,0.03739374581275237,0.0,0.219909459553021,0.0,1.0,False,True,kept,3456,0.5950413223140496,865,ida3_history,market_history,ida3_volume_mw,True,kept,da_price_eur_mwh_rolling_std_14d_same_local_qh,0.19861125147084732,0.04443065147305061,ida3_history,market_history,ida3_volume_mw,ida3_history,market_history,ida3_volume_mw,False,elasticnet_coefficients
ida3_volume_mw_lag_2d_same_local_qh,0.1111111111111111,0.1111111111111111,1.0,1.0,0.006167452064804596,0.0,0.055507068583241365,0.0,1.0,False,True,kept,3072,0.5289256198347108,847,ida3_history,market_history,ida3_volume_mw,True,kept,ida3_volume_mw_lag_1d_same_local_qh,0.21868150733119576,0.018759279832500465,ida3_history,market_history,ida3_volume_mw,ida3_history,market_history,ida3_volume_mw,False,elasticnet_coefficients
is_weekend,0.2222222222222222,0.1111111111111111,2.0,1.0,0.06081608472220698,0.0,0.37042470823482737,0.0,0.0,False,True,kept,5808,1.0,2,calendar,calendar,is_weekend,True,kept,weekday_sin,0.7796115024509163,0.023589526822352255,calendar,calendar,is_weekend,calendar,calendar,is_weekend,False,elasticnet_coefficients
load_da_forecast_error_mw_lag_1d_same_local_qh,0.1111111111111111,0.1111111111111111,1.0,1.0,0.011655081606061504,0.0,0.10489573445455354,0.0,1.0,False,True,kept,2496,0.4297520661157025,2496,lagged_forecast_error,lagged_forecast_error,load_da_forecast_error_mw,True,kept,load_da_forecast_error_mw_rolling_mean_3d_same_local_qh,0.7689171627774718,0.037483644409249055,lagged_forecast_error,lagged_forecast_error,load_da_forecast_error_mw,lagged_forecast_error,lagged_forecast_error,load_da_forecast_error_mw,False,elasticnet_coefficients
load_da_forecast_error_mw_lag_7d_same_local_qh,0.1111111111111111,0.1111111111111111,1.0,1.0,0.13145020720461995,0.0,1.1830518648415795,0.0,1.0,False,True,kept,2832,0.48760330578512395,2832,lagged_forecast_error,lagged_forecast_error,load_da_forecast_error_mw,True,kept,load_da_forecast_error_mw_rolling_mean_14d_same_local_qh,0.6372938564603327,0.13662955110653663,lagged_forecast_error,lagged_forecast_error,load_da_forecast_error_mw,lagged_forecast_error,lagged_forecast_error,load_da_forecast_error_mw,False,elasticnet_coefficients
load_da_forecast_error_mw_rolling_mean_28d_same_local_qh,0.1111111111111111,0.1111111111111111,1.0,1.0,0.08278243101916888,0.0,0.74504187917252,0.0,1.0,False,True,kept,4896,0.8429752066115702,4176,lagged_forecast_error,lagged_forecast_error,load_da_forecast_error_mw,True,kept,load_da_forecast_error_mw_rolling_mean_14d_same_local_qh,0.8801827234591679,0.12064860499669608,lagged_forecast_error,lagged_forecast_error,load_da_forecast_error_mw,lagged_forecast_error,lagged_forecast_error,load_da_forecast_error_mw,False,elasticnet_coefficients
load_da_forecast_error_mw_rolling_std_14d_same_local_qh,0.1111111111111111,0.1111111111111111,1.0,1.0,0.058747129318279474,0.0,0.5287241638645153,0.0,1.0,False,True,kept,4704,0.8099173553719008,4176,lagged_forecast_error,lagged_forecast_error,load_da_forecast_error_mw,True,kept,load_da_forecast_error_mw_rolling_std_28d_same_local_qh,0.7138611899964346,0.03412237793107178,lagged_forecast_error,lagged_forecast_error,load_da_forecast_error_mw,lagged_forecast_error,lagged_forecast_error,load_da_forecast_error_mw,False,elasticnet_coefficients
load_da_forecast_error_mw_rolling_std_28d_same_local_qh,0.1111111111111111,0.1111111111111111,1.0,1.0,0.0008514445086918021,0.0,0.007663000578226219,0.0,1.0,False,True,kept,4896,0.8429752066115702,4176,lagged_forecast_error,lagged_forecast_error,load_da_forecast_error_mw,True,kept,wind_onshore_id_forecast_error_mw_rolling_mean_28d_same_local_qh,0.32943926873443663,0.08550592881169139,lagged_forecast_error,lagged_forecast_error,load_da_forecast_error_mw,lagged_forecast_error,lagged_forecast_error,load_da_forecast_error_mw,False,elasticnet_coefficients
load_forecast_da_mw,0.1111111111111111,0.1111111111111111,1.0,1.0,0.05071792402643809,0.0,0.45646131623794284,0.0,1.0,False,True,kept,5808,1.0,5808,da_forecast,forecast_level,load_forecast_da_mw,True,kept,load_forecast_da_mw_lag_7d_same_local_qh,0.8560546178441104,0.09449322979652015,da_forecast,forecast_level,load_forecast_da_mw,da_forecast,forecast_level,load_forecast_da_mw,False,elasticnet_coefficients
load_forecast_da_mw_lag_2d_same_local_qh,0.2222222222222222,0.1111111111111111,2.0,1.0,0.30443966575529047,0.0,1.9161810437918083,0.0,1.0,False,True,kept,5760,0.9917355371900827,5760,da_forecast,forecast_level,load_forecast_da_mw,True,kept,load_forecast_da_mw_lag_1d_same_local_qh,0.7454077351759741,0.01930153740761452,da_forecast,forecast_level,load_forecast_da_mw,da_forecast,forecast_level,load_forecast_da_mw,False,elasticnet_coefficients
load_forecast_da_mw_lag_7d_same_local_qh,0.3333333333333333,0.1111111111111111,3.0,1.0,0.30162699104654594,0.0,2.4396666034133285,0.0,1.0,False,True,kept,5664,0.9752066115702479,5664,da_forecast,forecast_level,load_forecast_da_mw,True,kept,total_generation_forecast_da_mw,0.45731821462587,0.10831729680753675,da_forecast,forecast_level,load_forecast_da_mw,da_forecast,forecast_level,load_forecast_da_mw,False,elasticnet_coefficients
month_cos,0.2222222222222222,0.1111111111111111,2.0,1.0,0.14074392636590963,0.0,0.6467237378658509,0.0,1.0,False,True,kept,5808,1.0,7,calendar,calendar,month_cos,True,kept,month_sin,0.605047051175707,0.013175679191678195,calendar,calendar,month_cos,calendar,calendar,month_cos,False,elasticnet_coefficients
quarter_cos,0.1111111111111111,0.1111111111111111,1.0,1.0,0.03481052233549063,0.0,0.3132947010194157,0.0,1.0,False,True,kept,5808,1.0,48,calendar,calendar,quarter_cos,True,kept,hour_sin,0.3345694180933482,0.05256977549513473,calendar,calendar,quarter_cos,calendar,calendar,quarter_cos,False,elasticnet_coefficients
renewable_total_forecast_da_mw_lag_7d_same_local_qh,0.1111111111111111,0.1111111111111111,1.0,1.0,0.006863015997188438,0.0,0.06176714397469594,0.0,1.0,False,True,kept,5664,0.9752066115702479,5664,da_forecast,forecast_level,renewable_total_forecast_da_mw,True,kept,residual_load_forecast_da_mw_lag_7d_same_local_qh,0.8580276512637237,0.06215712463367658,da_forecast,forecast_level,renewable_total_forecast_da_mw,da_forecast,forecast_level,renewable_total_forecast_da_mw,False,elasticnet_coefficients
renewable_total_forecast_id_mw_lag_14d_same_local_qh,0.1111111111111111,0.1111111111111111,1.0,1.0,0.010673282645942767,0.0,0.0960595438134849,0.0,1.0,False,True,kept,5472,0.9421487603305785,5472,id_forecast,forecast_level,renewable_total_forecast_id_mw,True,kept,solar_forecast_id_mw_lag_7d_same_local_qh,0.6529883388904111,0.1489644492518284,id_forecast,forecast_level,renewable_total_forecast_id_mw,id_forecast,forecast_level,renewable_total_forecast_id_mw,False,elasticnet_coefficients
renewable_total_forecast_id_mw_lag_2d_same_local_qh,0.1111111111111111,0.1111111111111111,1.0,1.0,0.07449259036223868,0.0,0.6704333132601481,0.0,1.0,False,True,kept,5760,0.9917355371900827,5760,id_forecast,forecast_level,renewable_total_forecast_id_mw,True,kept,solar_forecast_id_mw_lag_7d_same_local_qh,0.6665800914907215,0.1469007082393331,id_forecast,forecast_level,renewable_total_forecast_id_mw,id_forecast,forecast_level,renewable_total_forecast_id_mw,False,elasticnet_coefficients
renewable_total_forecast_revision_id_minus_da_mw_lag_14d_same_local_qh,0.3333333333333333,0.1111111111111111,3.0,1.0,0.05618075576068192,0.0,0.25441555445741915,0.0,1.0,False,True,kept,5472,0.9421487603305785,5472,forecast_revision,forecast_revision,renewable_total_forecast_revision_id_minus_da_mw,True,kept,wind_onshore_forecast_revision_id_minus_da_mw_lag_14d_same_local_qh,0.8478152501459376,0.051245957004898195,forecast_revision,forecast_revision,renewable_total_forecast_revision_id_minus_da_mw,forecast_revision,forecast_revision,renewable_total_forecast_revision_id_minus_da_mw,False,elasticnet_coefficients
renewable_total_forecast_revision_id_minus_da_mw_regime_mean_shift_7d_vs_28d_z,0.1111111111111111,0.1111111111111111,1.0,1.0,0.14431238510908967,0.0,1.298811465981807,0.0,1.0,False,True,kept,5808,1.0,5808,regime_mean_shift,regime,renewable_total_forecast_revision_id_minus_da_mw,True,kept,wind_total_forecast_revision_id_minus_da_mw_regime_mean_shift_7d_vs_28d_z,0.9031728632326228,0.0013805087904675765,regime_mean_shift,regime,renewable_total_forecast_revision_id_minus_da_mw,regime_mean_shift,regime,renewable_total_forecast_revision_id_minus_da_mw,False,elasticnet_coefficients
renewable_total_forecast_revision_id_minus_da_mw_rolling_median_14d_same_local_qh,0.2222222222222222,0.1111111111111111,2.0,1.0,0.03948606561451581,0.0,0.17811194830585292,0.0,0.0,False,True,kept,5808,1.0,3645,forecast_revision,forecast_revision,renewable_total_forecast_revision_id_minus_da_mw,True,kept,wind_total_forecast_revision_id_minus_da_mw_rolling_median_14d_same_local_qh,0.7727749264462033,0.07676375270129061,forecast_revision,forecast_revision,renewable_total_forecast_revision_id_minus_da_mw,forecast_revision,forecast_revision,renewable_total_forecast_revision_id_minus_da_mw,False,elasticnet_coefficients
renewable_total_forecast_revision_id_minus_da_mw_rolling_median_3d_same_local_qh,0.1111111111111111,0.1111111111111111,1.0,1.0,0.040244608395116684,0.0,0.36220147555605015,0.0,1.0,False,True,kept,5808,1.0,4289,forecast_revision,forecast_revision,renewable_total_forecast_revision_id_minus_da_mw,True,kept,renewable_total_forecast_revision_id_minus_da_mw_rolling_mean_3d_same_local_qh,0.8552229448689498,0.0884872816005952,forecast_revision,forecast_revision,renewable_total_forecast_revision_id_minus_da_mw,forecast_revision,forecast_revision,renewable_total_forecast_revision_id_minus_da_mw,False,elasticnet_coefficients
renewable_total_forecast_revision_id_minus_da_mw_rolling_median_7d_same_local_qh,0.1111111111111111,0.1111111111111111,1.0,1.0,0.023847704833263414,0.0,0.2146293434993707,0.0,1.0,False,True,kept,5808,1.0,3263,forecast_revision,forecast_revision,renewable_total_forecast_revision_id_minus_da_mw,True,kept,wind_total_forecast_revision_id_minus_da_mw_rolling_median_7d_same_local_qh,0.735359367539818,0.06418819856465073,forecast_revision,forecast_revision,renewable_total_forecast_revision_id_minus_da_mw,forecast_revision,forecast_revision,renewable_total_forecast_revision_id_minus_da_mw,False,elasticnet_coefficients
renewable_total_forecast_revision_id_minus_da_mw_rolling_std_14d_same_local_qh,0.2222222222222222,0.1111111111111111,2.0,1.0,0.12515636679802697,0.0,0.5779090573785036,0.0,0.0,False,True,kept,5808,1.0,5808,forecast_revision,forecast_revision,renewable_total_forecast_revision_id_minus_da_mw,True,kept,wind_total_forecast_revision_id_minus_da_mw_rolling_std_14d_same_local_qh,0.8213433878195493,0.007925710098288448,forecast_revision,forecast_revision,renewable_total_forecast_revision_id_minus_da_mw,forecast_revision,forecast_revision,renewable_total_forecast_revision_id_minus_da_mw,False,elasticnet_coefficients
renewable_total_forecast_revision_id_minus_da_mw_rolling_std_3d_same_local_qh,0.2222222222222222,0.1111111111111111,2.0,1.0,0.23479493813118632,0.0,1.3905528725760365,0.0,1.0,False,True,kept,5808,1.0,5808,forecast_revision,forecast_revision,renewable_total_forecast_revision_id_minus_da_mw,True,kept,wind_total_forecast_revision_id_minus_da_mw_rolling_mean_28d_same_local_qh,0.1478945167844335,0.07937662592562389,forecast_revision,forecast_revision,renewable_total_forecast_revision_id_minus_da_mw,forecast_revision,forecast_revision,renewable_total_forecast_revision_id_minus_da_mw,False,elasticnet_coefficients
residual_load_forecast_id_approx_mw_lag_14d_same_local_qh,0.1111111111111111,0.1111111111111111,1.0,1.0,0.018297301207811388,0.0,0.1646757108703025,0.0,1.0,False,True,kept,5472,0.9421487603305785,5472,id_forecast,forecast_level,residual_load_forecast_id_approx_mw,True,kept,renewable_total_forecast_id_mw_lag_14d_same_local_qh,0.8580146279585792,0.1350978287529821,id_forecast,forecast_level,residual_load_forecast_id_approx_mw,id_forecast,forecast_level,residual_load_forecast_id_approx_mw,False,elasticnet_coefficients
residual_load_forecast_id_approx_mw_lag_2d_same_local_qh,0.1111111111111111,0.1111111111111111,1.0,1.0,0.1411670963898494,0.0,1.2705038675086446,0.0,1.0,False,True,kept,5760,0.9917355371900827,5760,id_forecast,forecast_level,residual_load_forecast_id_approx_mw,True,kept,renewable_total_forecast_id_mw_lag_2d_same_local_qh,0.8621542721867848,0.1420744080617606,id_forecast,forecast_level,residual_load_forecast_id_approx_mw,id_forecast,forecast_level,residual_load_forecast_id_approx_mw,False,elasticnet_coefficients
solar_da_forecast_error_mw_lag_14d_same_local_qh,0.1111111111111111,0.1111111111111111,1.0,1.0,0.174999273211757,0.0,1.574993458905813,0.0,1.0,False,True,kept,1521,0.2618801652892562,1510,lagged_forecast_error,lagged_forecast_error,solar_da_forecast_error_mw,True,kept,solar_id_forecast_error_mw_lag_14d_same_local_qh,0.7465886973142439,0.11024825365925547,lagged_forecast_error,lagged_forecast_error,solar_da_forecast_error_mw,lagged_forecast_error,lagged_forecast_error,solar_da_forecast_error_mw,False,elasticnet_coefficients
solar_da_forecast_error_mw_lag_1d_same_local_qh,0.2222222222222222,0.1111111111111111,2.0,1.0,0.12122620433046968,0.0,0.9903441876254635,0.0,1.0,False,True,kept,1360,0.23415977961432508,1354,lagged_forecast_error,lagged_forecast_error,solar_da_forecast_error_mw,True,kept,solar_id_forecast_error_mw_lag_1d_same_local_qh,0.7597884664256654,0.01264343114444825,lagged_forecast_error,lagged_forecast_error,solar_da_forecast_error_mw,lagged_forecast_error,lagged_forecast_error,solar_da_forecast_error_mw,False,elasticnet_coefficients
solar_da_forecast_error_mw_lag_2d_same_local_qh,0.1111111111111111,0.1111111111111111,1.0,1.0,0.0026532890157848366,0.0,0.023879601142063528,0.0,1.0,False,True,kept,1509,0.25981404958677684,1501,lagged_forecast_error,lagged_forecast_error,solar_da_forecast_error_mw,True,kept,solar_id_forecast_error_mw_lag_2d_same_local_qh,0.8025578204348931,0.05674433895643738,lagged_forecast_error,lagged_forecast_error,solar_da_forecast_error_mw,lagged_forecast_error,lagged_forecast_error,solar_da_forecast_error_mw,False,elasticnet_coefficients
solar_da_forecast_error_mw_rolling_mean_14d_same_local_qh,0.1111111111111111,0.1111111111111111,1.0,1.0,0.031248397234664174,0.0,0.28123557511197755,0.0,1.0,False,True,kept,2647,0.45575068870523416,2352,lagged_forecast_error,lagged_forecast_error,solar_da_forecast_error_mw,True,kept,solar_id_forecast_error_mw_rolling_mean_14d_same_local_qh,0.806372212175302,0.07896599254415217,lagged_forecast_error,lagged_forecast_error,solar_da_forecast_error_mw,lagged_forecast_error,lagged_forecast_error,solar_da_forecast_error_mw,False,elasticnet_coefficients
solar_da_forecast_error_mw_rolling_mean_3d_same_local_qh,0.2222222222222222,0.1111111111111111,2.0,1.0,0.29610946977000235,0.0,1.985509364532326,0.0,1.0,False,True,kept,1485,0.2556818181818182,1438,lagged_forecast_error,lagged_forecast_error,solar_da_forecast_error_mw,True,kept,wind_onshore_da_forecast_error_mw_lag_7d_same_local_qh,0.17214417800239204,0.1306626050623277,lagged_forecast_error,lagged_forecast_error,solar_da_forecast_error_mw,lagged_forecast_error,lagged_forecast_error,solar_da_forecast_error_mw,False,elasticnet_coefficients
solar_da_forecast_error_mw_rolling_mean_7d_same_local_qh,0.2222222222222222,0.1111111111111111,2.0,1.0,0.3700086099979073,0.0,2.5966962690943585,0.0,1.0,False,True,kept,2441,0.42028236914600553,2193,lagged_forecast_error,lagged_forecast_error,solar_da_forecast_error_mw,True,kept,solar_da_forecast_error_mw_rolling_mean_3d_same_local_qh,0.7196373082947564,0.07888643396254967,lagged_forecast_error,lagged_forecast_error,solar_da_forecast_error_mw,lagged_forecast_error,lagged_forecast_error,solar_da_forecast_error_mw,False,elasticnet_coefficients
solar_da_forecast_error_mw_rolling_median_14d_same_local_qh,0.1111111111111111,0.1111111111111111,1.0,1.0,0.12632109053885265,0.0,1.1368898148496738,0.0,1.0,False,True,kept,2647,0.45575068870523416,1738,lagged_forecast_error,lagged_forecast_error,solar_da_forecast_error_mw,True,kept,solar_da_forecast_error_mw_rolling_mean_14d_same_local_qh,0.8704206810278851,0.06570520086092217,lagged_forecast_error,lagged_forecast_error,solar_da_forecast_error_mw,lagged_forecast_error,lagged_forecast_error,solar_da_forecast_error_mw,False,elasticnet_coefficients
solar_da_forecast_error_mw_rolling_median_7d_same_local_qh,0.2222222222222222,0.1111111111111111,2.0,1.0,0.2143983688593692,0.0,1.5972506037415937,0.0,1.0,False,True,kept,2441,0.42028236914600553,1866,lagged_forecast_error,lagged_forecast_error,solar_da_forecast_error_mw,True,kept,solar_da_forecast_error_mw_rolling_mean_7d_same_local_qh,0.8870983978406439,0.07868804945570128,lagged_forecast_error,lagged_forecast_error,solar_da_forecast_error_mw,lagged_forecast_error,lagged_forecast_error,solar_da_forecast_error_mw,False,elasticnet_coefficients
solar_da_forecast_error_mw_rolling_std_3d_same_local_qh,0.2222222222222222,0.1111111111111111,2.0,1.0,0.16222963427724632,0.0,1.3229925411286407,0.0,1.0,False,True,kept,1485,0.2556818181818182,1438,lagged_forecast_error,lagged_forecast_error,solar_da_forecast_error_mw,True,kept,load_da_forecast_error_mw_rolling_mean_14d_same_local_qh,0.33272190142043884,0.13928763354142393,lagged_forecast_error,lagged_forecast_error,solar_da_forecast_error_mw,lagged_forecast_error,lagged_forecast_error,solar_da_forecast_error_mw,False,elasticnet_coefficients
solar_da_forecast_error_mw_rolling_std_7d_same_local_qh,0.1111111111111111,0.1111111111111111,1.0,1.0,0.06437708358377754,0.0,0.5793937522539979,0.0,1.0,False,True,kept,2441,0.42028236914600553,2193,lagged_forecast_error,lagged_forecast_error,solar_da_forecast_error_mw,True,kept,solar_id_forecast_error_mw_rolling_std_3d_same_local_qh,0.7920751437722755,0.10494149919149891,lagged_forecast_error,lagged_forecast_error,solar_da_forecast_error_mw,lagged_forecast_error,lagged_forecast_error,solar_da_forecast_error_mw,False,elasticnet_coefficients
solar_forecast_id_mw_lag_14d_same_local_qh,0.1111111111111111,0.1111111111111111,1.0,1.0,0.0190516280941991,0.0,0.17146465284779192,0.0,1.0,False,True,kept,3160,0.5440771349862259,3047,id_forecast,forecast_level,solar_forecast_id_mw,True,kept,solar_forecast_id_mw_lag_7d_same_local_qh,0.9072906012014912,0.12604507124838532,id_forecast,forecast_level,solar_forecast_id_mw,id_forecast,forecast_level,solar_forecast_id_mw,False,elasticnet_coefficients
solar_forecast_revision_id_minus_da_mw,0.2222222222222222,0.1111111111111111,2.0,1.0,0.13653419106011316,0.0,1.0728810350834461,0.0,1.0,False,True,kept,3469,0.5972796143250688,3351,forecast_revision,forecast_revision,solar_forecast_revision_id_minus_da_mw,True,kept,renewable_total_forecast_revision_id_minus_da_mw,0.49195267055390696,0.18595214866477608,forecast_revision,forecast_revision,solar_forecast_revision_id_minus_da_mw,forecast_revision,forecast_revision,solar_forecast_revision_id_minus_da_mw,False,elasticnet_coefficients
solar_forecast_revision_id_minus_da_mw_lag_1d_same_local_qh,0.2222222222222222,0.1111111111111111,2.0,1.0,0.09381645565198046,0.0,0.4629496228284799,0.0,1.0,False,True,kept,3459,0.5955578512396694,3342,forecast_revision,forecast_revision,solar_forecast_revision_id_minus_da_mw,True,kept,renewable_total_forecast_revision_id_minus_da_mw_lag_1d_same_local_qh,0.5444859778308302,0.029365025911867088,forecast_revision,forecast_revision,solar_forecast_revision_id_minus_da_mw,forecast_revision,forecast_revision,solar_forecast_revision_id_minus_da_mw,False,elasticnet_coefficients
solar_forecast_revision_id_minus_da_mw_lag_2d_same_local_qh,0.2222222222222222,0.1111111111111111,2.0,1.0,0.2991525748946148,0.0,2.4333862228035077,0.0,1.0,False,True,kept,3418,0.5884986225895317,3303,forecast_revision,forecast_revision,solar_forecast_revision_id_minus_da_mw,True,kept,renewable_total_forecast_revision_id_minus_da_mw_lag_2d_same_local_qh,0.5204781249399296,0.09615450413647056,forecast_revision,forecast_revision,solar_forecast_revision_id_minus_da_mw,forecast_revision,forecast_revision,solar_forecast_revision_id_minus_da_mw,False,elasticnet_coefficients
solar_forecast_revision_id_minus_da_mw_lag_7d_same_local_qh,0.1111111111111111,0.1111111111111111,1.0,1.0,0.2862369909363412,0.0,2.5761329184270707,0.0,1.0,False,True,kept,3318,0.5712809917355371,3203,forecast_revision,forecast_revision,solar_forecast_revision_id_minus_da_mw,True,kept,renewable_total_forecast_revision_id_minus_da_mw_rolling_median_28d_same_local_qh,0.2564468830920048,0.09084270739933964,forecast_revision,forecast_revision,solar_forecast_revision_id_minus_da_mw,forecast_revision,forecast_revision,solar_forecast_revision_id_minus_da_mw,False,elasticnet_coefficients
solar_id_forecast_error_mw_lag_1d_same_local_qh,0.1111111111111111,0.1111111111111111,1.0,1.0,0.20536825722562685,0.0,1.8483143150306416,0.0,1.0,False,True,kept,1360,0.23415977961432508,1354,lagged_forecast_error,lagged_forecast_error,solar_id_forecast_error_mw,True,kept,solar_id_forecast_error_mw_rolling_median_7d_same_local_qh,0.5574161381415865,0.03153032479658719,lagged_forecast_error,lagged_forecast_error,solar_id_forecast_error_mw,lagged_forecast_error,lagged_forecast_error,solar_id_forecast_error_mw,False,elasticnet_coefficients
solar_id_forecast_error_mw_lag_7d_same_local_qh,0.2222222222222222,0.1111111111111111,2.0,1.0,0.10239184987414107,0.0,0.5338580538255611,0.0,1.0,False,True,kept,1532,0.26377410468319556,1522,lagged_forecast_error,lagged_forecast_error,solar_id_forecast_error_mw,True,kept,solar_da_forecast_error_mw_rolling_mean_7d_same_local_qh,0.5380269212332996,0.04045842162975903,lagged_forecast_error,lagged_forecast_error,solar_id_forecast_error_mw,lagged_forecast_error,lagged_forecast_error,solar_id_forecast_error_mw,False,elasticnet_coefficients
solar_id_forecast_error_mw_rolling_mean_14d_same_local_qh,0.1111111111111111,0.1111111111111111,1.0,1.0,0.04924975519622514,0.0,0.44324779676602627,0.0,1.0,False,True,kept,2649,0.45609504132231404,2353,lagged_forecast_error,lagged_forecast_error,solar_id_forecast_error_mw,True,kept,solar_id_forecast_error_mw_rolling_mean_28d_same_local_qh,0.7388830420676481,0.09570199261602176,lagged_forecast_error,lagged_forecast_error,solar_id_forecast_error_mw,lagged_forecast_error,lagged_forecast_error,solar_id_forecast_error_mw,False,elasticnet_coefficients
solar_id_forecast_error_mw_rolling_mean_28d_same_local_qh,0.2222222222222222,0.1111111111111111,2.0,1.0,0.11057411502615348,0.0,0.8080594100038708,0.0,0.0,False,True,kept,2766,0.4762396694214876,2299,lagged_forecast_error,lagged_forecast_error,solar_id_forecast_error_mw,True,kept,solar_da_forecast_error_mw_rolling_mean_3d_same_local_qh,0.3851015460548019,0.11773512385598424,lagged_forecast_error,lagged_forecast_error,solar_id_forecast_error_mw,lagged_forecast_error,lagged_forecast_error,solar_id_forecast_error_mw,False,elasticnet_coefficients
solar_id_forecast_error_mw_rolling_mean_3d_same_local_qh,0.2222222222222222,0.1111111111111111,2.0,1.0,0.16045014338185376,0.0,1.00319575100427,0.0,1.0,False,True,kept,1485,0.2556818181818182,1439,lagged_forecast_error,lagged_forecast_error,solar_id_forecast_error_mw,True,kept,solar_da_forecast_error_mw_rolling_mean_3d_same_local_qh,0.8130651881761691,0.09584862063079277,lagged_forecast_error,lagged_forecast_error,solar_id_forecast_error_mw,lagged_forecast_error,lagged_forecast_error,solar_id_forecast_error_mw,False,elasticnet_coefficients
solar_id_forecast_error_mw_rolling_median_28d_same_local_qh,0.1111111111111111,0.1111111111111111,1.0,1.0,0.10871022482240272,0.0,0.9783920234016245,0.0,1.0,False,True,kept,2766,0.4762396694214876,1501,lagged_forecast_error,lagged_forecast_error,solar_id_forecast_error_mw,True,kept,solar_id_forecast_error_mw_rolling_mean_28d_same_local_qh,0.7912580965312835,0.01907802166133897,lagged_forecast_error,lagged_forecast_error,solar_id_forecast_error_mw,lagged_forecast_error,lagged_forecast_error,solar_id_forecast_error_mw,False,elasticnet_coefficients
solar_id_forecast_error_mw_rolling_std_14d_same_local_qh,0.2222222222222222,0.1111111111111111,2.0,1.0,0.02355776217270713,0.0,0.1917675218239082,0.0,0.0,False,True,kept,2649,0.45609504132231404,2353,lagged_forecast_error,lagged_forecast_error,solar_id_forecast_error_mw,True,kept,solar_da_forecast_error_mw_rolling_std_7d_same_local_qh,0.8961899086703924,0.10113705678900825,lagged_forecast_error,lagged_forecast_error,solar_id_forecast_error_mw,lagged_forecast_error,lagged_forecast_error,solar_id_forecast_error_mw,False,elasticnet_coefficients
solar_id_forecast_error_mw_rolling_std_3d_same_local_qh,0.1111111111111111,0.1111111111111111,1.0,1.0,0.04245390081799687,0.0,0.3820851073619718,0.0,1.0,False,True,kept,1485,0.2556818181818182,1439,lagged_forecast_error,lagged_forecast_error,solar_id_forecast_error_mw,True,kept,solar_da_forecast_error_mw_rolling_std_3d_same_local_qh,0.8561167769263479,0.11539884130127454,lagged_forecast_error,lagged_forecast_error,solar_id_forecast_error_mw,lagged_forecast_error,lagged_forecast_error,solar_id_forecast_error_mw,False,elasticnet_coefficients
total_generation_forecast_da_mw_lag_14d_same_local_qh,0.1111111111111111,0.1111111111111111,1.0,1.0,0.036147417832632665,0.0,0.32532676049369397,0.0,1.0,False,True,kept,5472,0.9421487603305785,5472,da_forecast,forecast_level,total_generation_forecast_da_mw,True,kept,renewable_total_forecast_id_mw_lag_14d_same_local_qh,0.7965131022747676,0.09107464661993314,da_forecast,forecast_level,total_generation_forecast_da_mw,da_forecast,forecast_level,total_generation_forecast_da_mw,False,elasticnet_coefficients
total_generation_forecast_da_mw_lag_1d_same_local_qh,0.2222222222222222,0.1111111111111111,2.0,1.0,0.7578939225350241,0.0,3.9148888662143486,0.0,0.0,False,True,kept,5808,1.0,5808,da_forecast,forecast_level,total_generation_forecast_da_mw,True,kept,renewable_total_forecast_id_mw_lag_1d_same_local_qh,0.7818461622208801,0.06184369652543668,da_forecast,forecast_level,total_generation_forecast_da_mw,da_forecast,forecast_level,total_generation_forecast_da_mw,False,elasticnet_coefficients
total_generation_forecast_da_mw_lag_2d_same_local_qh,0.2222222222222222,0.1111111111111111,2.0,1.0,0.038998531773967275,0.0,0.27855156141046256,0.0,0.0,False,True,kept,5760,0.9917355371900827,5760,da_forecast,forecast_level,total_generation_forecast_da_mw,True,kept,renewable_total_forecast_id_mw_lag_2d_same_local_qh,0.8003777798111108,0.0911818883916768,da_forecast,forecast_level,total_generation_forecast_da_mw,da_forecast,forecast_level,total_generation_forecast_da_mw,False,elasticnet_coefficients
weekday_cos,0.2222222222222222,0.1111111111111111,2.0,1.0,0.25731980278741007,0.0,1.4805847402427494,0.0,1.0,False,True,kept,5808,1.0,7,calendar,calendar,weekday_cos,True,kept,,0.0,0.043882894236542666,calendar,calendar,weekday_cos,calendar,calendar,weekday_cos,False,elasticnet_coefficients
weekday_sin,0.2222222222222222,0.1111111111111111,2.0,1.0,0.09043732246410349,0.0,0.7774310489317037,0.0,0.0,False,True,kept,5808,1.0,7,calendar,calendar,weekday_sin,True,kept,weekday_cos,0.2667531524051684,0.03394026310982818,calendar,calendar,weekday_sin,calendar,calendar,weekday_sin,False,elasticnet_coefficients
wind_offshore_da_forecast_error_mw_lag_14d_same_local_qh,0.1111111111111111,0.1111111111111111,1.0,1.0,0.10484452784550825,0.0,0.9436007506095743,0.0,1.0,False,True,kept,2735,0.4709022038567493,2734,lagged_forecast_error,lagged_forecast_error,wind_offshore_da_forecast_error_mw,True,kept,wind_offshore_id_forecast_error_mw_lag_14d_same_local_qh,0.8581980119710889,0.020063542569614973,lagged_forecast_error,lagged_forecast_error,wind_offshore_da_forecast_error_mw,lagged_forecast_error,lagged_forecast_error,wind_offshore_da_forecast_error_mw,False,elasticnet_coefficients
wind_offshore_da_forecast_error_mw_lag_1d_same_local_qh,0.2222222222222222,0.1111111111111111,2.0,1.0,0.1471727577331811,0.0,0.9296459077786872,0.0,0.0,False,True,kept,2494,0.4294077134986226,2493,lagged_forecast_error,lagged_forecast_error,wind_offshore_da_forecast_error_mw,True,kept,wind_offshore_id_forecast_error_mw_lag_1d_same_local_qh,0.8811608135549217,0.06636440210785235,lagged_forecast_error,lagged_forecast_error,wind_offshore_da_forecast_error_mw,lagged_forecast_error,lagged_forecast_error,wind_offshore_da_forecast_error_mw,False,elasticnet_coefficients
wind_offshore_da_forecast_error_mw_rolling_mean_3d_same_local_qh,0.3333333333333333,0.1111111111111111,3.0,1.0,0.1386433018334005,0.0,0.5357924619880865,0.0,1.0,False,True,kept,2735,0.4709022038567493,2637,lagged_forecast_error,lagged_forecast_error,wind_offshore_da_forecast_error_mw,True,kept,wind_offshore_id_forecast_error_mw_lag_2d_same_local_qh,0.7365706453132345,0.04017274904641242,lagged_forecast_error,lagged_forecast_error,wind_offshore_da_forecast_error_mw,lagged_forecast_error,lagged_forecast_error,wind_offshore_da_forecast_error_mw,False,elasticnet_coefficients
wind_offshore_da_forecast_error_mw_rolling_median_28d_same_local_qh,0.1111111111111111,0.1111111111111111,1.0,1.0,0.0065130371743105046,0.0,0.05861733456879454,0.0,1.0,False,True,kept,4896,0.8429752066115702,2593,lagged_forecast_error,lagged_forecast_error,wind_offshore_da_forecast_error_mw,True,kept,wind_offshore_id_forecast_error_mw_rolling_mean_28d_same_local_qh,0.8761788923546078,0.04655672688063913,lagged_forecast_error,lagged_forecast_error,wind_offshore_da_forecast_error_mw,lagged_forecast_error,lagged_forecast_error,wind_offshore_da_forecast_error_mw,False,elasticnet_coefficients
wind_offshore_da_forecast_error_mw_rolling_median_7d_same_local_qh,0.2222222222222222,0.1111111111111111,2.0,1.0,0.3951542711092277,0.0,2.6671750575700424,0.0,0.0,False,True,kept,4416,0.7603305785123967,3342,lagged_forecast_error,lagged_forecast_error,wind_offshore_da_forecast_error_mw,True,kept,wind_offshore_id_forecast_error_mw_rolling_median_7d_same_local_qh,0.8807239949087244,0.02976168859166295,lagged_forecast_error,lagged_forecast_error,wind_offshore_da_forecast_error_mw,lagged_forecast_error,lagged_forecast_error,wind_offshore_da_forecast_error_mw,False,elasticnet_coefficients
wind_offshore_da_forecast_error_mw_rolling_std_7d_same_local_qh,0.2222222222222222,0.1111111111111111,2.0,1.0,0.021210635355932664,0.0,0.10422015908185354,0.0,1.0,False,True,kept,4416,0.7603305785123967,3984,lagged_forecast_error,lagged_forecast_error,wind_offshore_da_forecast_error_mw,True,kept,wind_offshore_da_forecast_error_mw_rolling_std_3d_same_local_qh,0.5563634422307128,0.06312344914325184,lagged_forecast_error,lagged_forecast_error,wind_offshore_da_forecast_error_mw,lagged_forecast_error,lagged_forecast_error,wind_offshore_da_forecast_error_mw,False,elasticnet_coefficients
wind_offshore_forecast_da_mw_lag_1d_same_local_qh,0.2222222222222222,0.1111111111111111,2.0,1.0,0.19727138379553347,0.0,1.1762527300033436,0.0,1.0,False,True,kept,5803,0.9991391184573003,5779,da_forecast,forecast_level,wind_offshore_forecast_da_mw,True,kept,wind_total_forecast_id_mw_lag_1d_same_local_qh,0.8241835500792339,0.05371473714145206,da_forecast,forecast_level,wind_offshore_forecast_da_mw,da_forecast,forecast_level,wind_offshore_forecast_da_mw,False,elasticnet_coefficients
wind_offshore_forecast_revision_id_minus_da_mw_lag_14d_same_local_qh,0.1111111111111111,0.1111111111111111,1.0,1.0,0.038197731879099896,0.0,0.3437795869118991,0.0,1.0,False,True,kept,5469,0.9416322314049587,5385,forecast_revision,forecast_revision,wind_offshore_forecast_revision_id_minus_da_mw,True,kept,renewable_total_forecast_revision_id_minus_da_mw_lag_14d_same_local_qh,0.41941400019657615,0.039504966086956805,forecast_revision,forecast_revision,wind_offshore_forecast_revision_id_minus_da_mw,forecast_revision,forecast_revision,wind_offshore_forecast_revision_id_minus_da_mw,False,elasticnet_coefficients
wind_offshore_forecast_revision_id_minus_da_mw_lag_2d_same_local_qh,0.1111111111111111,0.1111111111111111,1.0,1.0,0.07402602599554847,0.0,0.6662342339599363,0.0,1.0,False,True,kept,5758,0.9913911845730028,5675,forecast_revision,forecast_revision,wind_offshore_forecast_revision_id_minus_da_mw,True,kept,wind_total_forecast_revision_id_minus_da_mw_lag_2d_same_local_qh,0.3710688103323898,0.07037961265870363,forecast_revision,forecast_revision,wind_offshore_forecast_revision_id_minus_da_mw,forecast_revision,forecast_revision,wind_offshore_forecast_revision_id_minus_da_mw,False,elasticnet_coefficients
wind_offshore_id_forecast_error_mw_lag_14d_same_local_qh,0.1111111111111111,0.1111111111111111,1.0,1.0,0.10196841245183118,0.0,0.9177157120664806,0.0,1.0,False,True,kept,2735,0.4709022038567493,2735,lagged_forecast_error,lagged_forecast_error,wind_offshore_id_forecast_error_mw,True,kept,wind_offshore_id_forecast_error_mw_rolling_mean_28d_same_local_qh,0.4003190075600435,0.04007396987182757,lagged_forecast_error,lagged_forecast_error,wind_offshore_id_forecast_error_mw,lagged_forecast_error,lagged_forecast_error,wind_offshore_id_forecast_error_mw,False,elasticnet_coefficients
wind_offshore_id_forecast_error_mw_lag_1d_same_local_qh,0.1111111111111111,0.1111111111111111,1.0,1.0,0.09424652698100336,0.0,0.8482187428290302,0.0,1.0,False,True,kept,2495,0.42957988980716255,2495,lagged_forecast_error,lagged_forecast_error,wind_offshore_id_forecast_error_mw,True,kept,load_da_forecast_error_mw_lag_14d_same_local_qh,0.2305988607839032,0.1332353511875465,lagged_forecast_error,lagged_forecast_error,wind_offshore_id_forecast_error_mw,lagged_forecast_error,lagged_forecast_error,wind_offshore_id_forecast_error_mw,False,elasticnet_coefficients
wind_offshore_id_forecast_error_mw_lag_7d_same_local_qh,0.1111111111111111,0.1111111111111111,1.0,1.0,0.04147831804761974,0.0,0.3733048624285777,0.0,1.0,False,True,kept,2831,0.487431129476584,2831,lagged_forecast_error,lagged_forecast_error,wind_offshore_id_forecast_error_mw,True,kept,wind_offshore_id_forecast_error_mw_rolling_median_7d_same_local_qh,0.5445639282865042,0.0275657154730413,lagged_forecast_error,lagged_forecast_error,wind_offshore_id_forecast_error_mw,lagged_forecast_error,lagged_forecast_error,wind_offshore_id_forecast_error_mw,False,elasticnet_coefficients
wind_offshore_id_forecast_error_mw_rolling_mean_14d_same_local_qh,0.2222222222222222,0.1111111111111111,2.0,1.0,0.056466580314725213,0.0,0.4777295960266781,0.0,1.0,False,True,kept,4704,0.8099173553719008,4176,lagged_forecast_error,lagged_forecast_error,wind_offshore_id_forecast_error_mw,True,kept,solar_id_forecast_error_mw_rolling_std_14d_same_local_qh,0.4663223772089975,0.07159574557280864,lagged_forecast_error,lagged_forecast_error,wind_offshore_id_forecast_error_mw,lagged_forecast_error,lagged_forecast_error,wind_offshore_id_forecast_error_mw,False,elasticnet_coefficients
wind_offshore_id_forecast_error_mw_rolling_mean_28d_same_local_qh,0.2222222222222222,0.1111111111111111,2.0,1.0,0.14391098579210895,0.0,1.2874963732738223,0.0,1.0,False,True,kept,4896,0.8429752066115702,4176,lagged_forecast_error,lagged_forecast_error,wind_offshore_id_forecast_error_mw,True,kept,wind_offshore_id_forecast_error_mw_rolling_mean_14d_same_local_qh,0.7745115402658246,0.05737793921060062,lagged_forecast_error,lagged_forecast_error,wind_offshore_id_forecast_error_mw,lagged_forecast_error,lagged_forecast_error,wind_offshore_id_forecast_error_mw,False,elasticnet_coefficients
wind_offshore_id_forecast_error_mw_rolling_mean_7d_same_local_qh,0.1111111111111111,0.1111111111111111,1.0,1.0,0.04650797905357345,0.0,0.41857181148216105,0.0,1.0,False,True,kept,4416,0.7603305785123967,3984,lagged_forecast_error,lagged_forecast_error,wind_offshore_id_forecast_error_mw,True,kept,wind_offshore_id_forecast_error_mw_rolling_mean_14d_same_local_qh,0.7997705527138104,0.03527306451254436,lagged_forecast_error,lagged_forecast_error,wind_offshore_id_forecast_error_mw,lagged_forecast_error,lagged_forecast_error,wind_offshore_id_forecast_error_mw,False,elasticnet_coefficients
wind_offshore_id_forecast_error_mw_rolling_median_14d_same_local_qh,0.2222222222222222,0.1111111111111111,2.0,1.0,0.017047824541152827,0.0,0.0923497073641459,0.0,1.0,False,True,kept,4704,0.8099173553719008,3002,lagged_forecast_error,lagged_forecast_error,wind_offshore_id_forecast_error_mw,True,kept,wind_offshore_da_forecast_error_mw_rolling_median_14d_same_local_qh,0.8857701687268624,0.03659809386931387,lagged_forecast_error,lagged_forecast_error,wind_offshore_id_forecast_error_mw,lagged_forecast_error,lagged_forecast_error,wind_offshore_id_forecast_error_mw,False,elasticnet_coefficients
wind_offshore_id_forecast_error_mw_rolling_median_28d_same_local_qh,0.3333333333333333,0.1111111111111111,3.0,1.0,0.10907866150915285,0.0,0.4743569625340277,0.0,1.0,False,True,kept,4896,0.8429752066115702,2489,lagged_forecast_error,lagged_forecast_error,wind_offshore_id_forecast_error_mw,True,kept,wind_offshore_da_forecast_error_mw_rolling_median_28d_same_local_qh,0.9196975839588362,0.03899265213676017,lagged_forecast_error,lagged_forecast_error,wind_offshore_id_forecast_error_mw,lagged_forecast_error,lagged_forecast_error,wind_offshore_id_forecast_error_mw,False,elasticnet_coefficients
wind_onshore_da_forecast_error_mw_lag_1d_same_local_qh,0.1111111111111111,0.1111111111111111,1.0,1.0,0.038178371628142894,0.0,0.34360534465328607,0.0,1.0,False,True,kept,2496,0.4297520661157025,2496,lagged_forecast_error,lagged_forecast_error,wind_onshore_da_forecast_error_mw,True,kept,wind_onshore_id_forecast_error_mw_lag_1d_same_local_qh,0.8263587956542148,0.04175751702446338,lagged_forecast_error,lagged_forecast_error,wind_onshore_da_forecast_error_mw,lagged_forecast_error,lagged_forecast_error,wind_onshore_da_forecast_error_mw,False,elasticnet_coefficients
wind_onshore_da_forecast_error_mw_lag_7d_same_local_qh,0.2222222222222222,0.1111111111111111,2.0,1.0,0.11902013362369063,0.0,0.5967801602332862,0.0,1.0,False,True,kept,2832,0.48760330578512395,2832,lagged_forecast_error,lagged_forecast_error,wind_onshore_da_forecast_error_mw,True,kept,wind_onshore_da_forecast_error_mw_rolling_median_14d_same_local_qh,0.4343238553955283,0.1309392151152414,lagged_forecast_error,lagged_forecast_error,wind_onshore_da_forecast_error_mw,lagged_forecast_error,lagged_forecast_error,wind_onshore_da_forecast_error_mw,False,elasticnet_coefficients
wind_onshore_da_forecast_error_mw_rolling_mean_14d_same_local_qh,0.1111111111111111,0.1111111111111111,1.0,1.0,0.0038628742931685234,0.0,0.03476586863851671,0.0,1.0,False,True,kept,4704,0.8099173553719008,4176,lagged_forecast_error,lagged_forecast_error,wind_onshore_da_forecast_error_mw,True,kept,wind_onshore_da_forecast_error_mw_rolling_median_14d_same_local_qh,0.7805024468427219,0.10668117538768766,lagged_forecast_error,lagged_forecast_error,wind_onshore_da_forecast_error_mw,lagged_forecast_error,lagged_forecast_error,wind_onshore_da_forecast_error_mw,False,elasticnet_coefficients
wind_onshore_da_forecast_error_mw_rolling_mean_28d_same_local_qh,0.2222222222222222,0.1111111111111111,2.0,1.0,0.061913922097856684,0.0,0.5287852724474075,0.0,1.0,False,True,kept,4896,0.8429752066115702,4176,lagged_forecast_error,lagged_forecast_error,wind_onshore_da_forecast_error_mw,True,kept,wind_onshore_da_forecast_error_mw_rolling_median_14d_same_local_qh,0.5538434629049537,0.12486321947942663,lagged_forecast_error,lagged_forecast_error,wind_onshore_da_forecast_error_mw,lagged_forecast_error,lagged_forecast_error,wind_onshore_da_forecast_error_mw,False,elasticnet_coefficients
wind_onshore_da_forecast_error_mw_rolling_mean_3d_same_local_qh,0.2222222222222222,0.1111111111111111,2.0,1.0,0.10904349129162916,0.0,0.7140208379114623,0.0,1.0,False,True,kept,2736,0.47107438016528924,2640,lagged_forecast_error,lagged_forecast_error,wind_onshore_da_forecast_error_mw,True,kept,wind_onshore_da_forecast_error_mw_lag_2d_same_local_qh,0.8110635306999251,0.13133535678704242,lagged_forecast_error,lagged_forecast_error,wind_onshore_da_forecast_error_mw,lagged_forecast_error,lagged_forecast_error,wind_onshore_da_forecast_error_mw,False,elasticnet_coefficients
wind_onshore_da_forecast_error_mw_rolling_mean_7d_same_local_qh,0.1111111111111111,0.1111111111111111,1.0,1.0,0.02036531589012374,0.0,0.18328784301111367,0.0,1.0,False,True,kept,4416,0.7603305785123967,3984,lagged_forecast_error,lagged_forecast_error,wind_onshore_da_forecast_error_mw,True,kept,wind_onshore_da_forecast_error_mw_rolling_median_7d_same_local_qh,0.8370630709905936,0.08584191194253414,lagged_forecast_error,lagged_forecast_error,wind_onshore_da_forecast_error_mw,lagged_forecast_error,lagged_forecast_error,wind_onshore_da_forecast_error_mw,False,elasticnet_coefficients
wind_onshore_da_forecast_error_mw_rolling_median_14d_same_local_qh,0.2222222222222222,0.1111111111111111,2.0,1.0,0.03539342166069088,0.0,0.2356937358743657,0.0,1.0,False,True,kept,4704,0.8099173553719008,3095,lagged_forecast_error,lagged_forecast_error,wind_onshore_da_forecast_error_mw,True,kept,wind_onshore_da_forecast_error_mw_lag_2d_same_local_qh,0.49274476374353343,0.14403897714939679,lagged_forecast_error,lagged_forecast_error,wind_onshore_da_forecast_error_mw,lagged_forecast_error,lagged_forecast_error,wind_onshore_da_forecast_error_mw,False,elasticnet_coefficients
wind_onshore_da_forecast_error_mw_rolling_median_7d_same_local_qh,0.2222222222222222,0.1111111111111111,2.0,1.0,0.17754381022788362,0.0,1.4437947560169313,0.0,1.0,False,True,kept,4416,0.7603305785123967,3334,lagged_forecast_error,lagged_forecast_error,wind_onshore_da_forecast_error_mw,True,kept,wind_onshore_da_forecast_error_mw_rolling_mean_3d_same_local_qh,0.6661493945544806,0.10435425802777848,lagged_forecast_error,lagged_forecast_error,wind_onshore_da_forecast_error_mw,lagged_forecast_error,lagged_forecast_error,wind_onshore_da_forecast_error_mw,False,elasticnet_coefficients
wind_onshore_da_forecast_error_mw_rolling_std_28d_same_local_qh,0.1111111111111111,0.1111111111111111,1.0,1.0,0.23056729005079213,0.0,2.075105610457129,0.0,1.0,False,True,kept,4896,0.8429752066115702,4176,lagged_forecast_error,lagged_forecast_error,wind_onshore_da_forecast_error_mw,True,kept,wind_onshore_id_forecast_error_mw_rolling_std_28d_same_local_qh,0.7482158332442809,0.004642652740363049,lagged_forecast_error,lagged_forecast_error,wind_onshore_da_forecast_error_mw,lagged_forecast_error,lagged_forecast_error,wind_onshore_da_forecast_error_mw,False,elasticnet_coefficients
wind_onshore_id_forecast_error_mw_lag_1d_same_local_qh,0.2222222222222222,0.1111111111111111,2.0,1.0,0.09115167787065626,0.0,0.7295833858324521,0.0,1.0,False,True,kept,2496,0.4297520661157025,2496,lagged_forecast_error,lagged_forecast_error,wind_onshore_id_forecast_error_mw,True,kept,wind_onshore_id_forecast_error_mw_rolling_median_3d_same_local_qh,0.5014713486065004,0.08373115127571701,lagged_forecast_error,lagged_forecast_error,wind_onshore_id_forecast_error_mw,lagged_forecast_error,lagged_forecast_error,wind_onshore_id_forecast_error_mw,False,elasticnet_coefficients
wind_onshore_id_forecast_error_mw_lag_7d_same_local_qh,0.2222222222222222,0.1111111111111111,2.0,1.0,0.10015274199438588,0.0,0.8360340386859384,0.0,1.0,False,True,kept,2832,0.48760330578512395,2832,lagged_forecast_error,lagged_forecast_error,wind_onshore_id_forecast_error_mw,True,kept,wind_onshore_da_forecast_error_mw_lag_7d_same_local_qh,0.8052777530973466,0.07197862038257377,lagged_forecast_error,lagged_forecast_error,wind_onshore_id_forecast_error_mw,lagged_forecast_error,lagged_forecast_error,wind_onshore_id_forecast_error_mw,False,elasticnet_coefficients
wind_onshore_id_forecast_error_mw_rolling_mean_14d_same_local_qh,0.1111111111111111,0.1111111111111111,1.0,1.0,0.005779575009856386,0.0,0.05201617508870748,0.0,1.0,False,True,kept,4704,0.8099173553719008,4176,lagged_forecast_error,lagged_forecast_error,wind_onshore_id_forecast_error_mw,True,kept,wind_onshore_da_forecast_error_mw_rolling_mean_14d_same_local_qh,0.8854185003982583,0.061877987992261324,lagged_forecast_error,lagged_forecast_error,wind_onshore_id_forecast_error_mw,lagged_forecast_error,lagged_forecast_error,wind_onshore_id_forecast_error_mw,False,elasticnet_coefficients
wind_onshore_id_forecast_error_mw_rolling_mean_7d_same_local_qh,0.1111111111111111,0.1111111111111111,1.0,1.0,0.1343265933438267,0.0,1.2089393400944404,0.0,1.0,False,True,kept,4416,0.7603305785123967,3984,lagged_forecast_error,lagged_forecast_error,wind_onshore_id_forecast_error_mw,True,kept,wind_onshore_da_forecast_error_mw_rolling_mean_7d_same_local_qh,0.8653916692116702,0.05976578258601164,lagged_forecast_error,lagged_forecast_error,wind_onshore_id_forecast_error_mw,lagged_forecast_error,lagged_forecast_error,wind_onshore_id_forecast_error_mw,False,elasticnet_coefficients
wind_onshore_id_forecast_error_mw_rolling_median_14d_same_local_qh,0.2222222222222222,0.1111111111111111,2.0,1.0,0.11030066834533729,0.0,0.9047911567375938,0.0,0.0,False,True,kept,4704,0.8099173553719008,3050,lagged_forecast_error,lagged_forecast_error,wind_onshore_id_forecast_error_mw,True,kept,wind_onshore_id_forecast_error_mw_rolling_mean_14d_same_local_qh,0.7522697476117346,0.04237407136256926,lagged_forecast_error,lagged_forecast_error,wind_onshore_id_forecast_error_mw,lagged_forecast_error,lagged_forecast_error,wind_onshore_id_forecast_error_mw,False,elasticnet_coefficients
wind_onshore_id_forecast_error_mw_rolling_median_28d_same_local_qh,0.2222222222222222,0.1111111111111111,2.0,1.0,0.096930824497579,0.0,0.5623380960371077,0.0,0.0,False,True,kept,4896,0.8429752066115702,2510,lagged_forecast_error,lagged_forecast_error,wind_onshore_id_forecast_error_mw,True,kept,wind_onshore_da_forecast_error_mw_rolling_median_28d_same_local_qh,0.7862531089072242,0.07359070948490191,lagged_forecast_error,lagged_forecast_error,wind_onshore_id_forecast_error_mw,lagged_forecast_error,lagged_forecast_error,wind_onshore_id_forecast_error_mw,False,elasticnet_coefficients
wind_onshore_id_forecast_error_mw_rolling_median_3d_same_local_qh,0.3333333333333333,0.1111111111111111,3.0,1.0,0.18935428280478936,0.0,1.2764950156621813,0.0,0.3333333333333333,False,True,kept,2736,0.47107438016528924,2580,lagged_forecast_error,lagged_forecast_error,wind_onshore_id_forecast_error_mw,True,kept,wind_onshore_da_forecast_error_mw_rolling_mean_3d_same_local_qh,0.8129861160030972,0.08523642530107643,lagged_forecast_error,lagged_forecast_error,wind_onshore_id_forecast_error_mw,lagged_forecast_error,lagged_forecast_error,wind_onshore_id_forecast_error_mw,False,elasticnet_coefficients
wind_onshore_id_forecast_error_mw_rolling_median_7d_same_local_qh,0.2222222222222222,0.1111111111111111,2.0,1.0,0.11401662926818615,0.0,0.6309168974733272,0.0,1.0,False,True,kept,4416,0.7603305785123967,3269,lagged_forecast_error,lagged_forecast_error,wind_onshore_id_forecast_error_mw,True,kept,wind_onshore_da_forecast_error_mw_rolling_median_7d_same_local_qh,0.7474592168291443,0.06636997958599097,lagged_forecast_error,lagged_forecast_error,wind_onshore_id_forecast_error_mw,lagged_forecast_error,lagged_forecast_error,wind_onshore_id_forecast_error_mw,False,elasticnet_coefficients
wind_onshore_id_forecast_error_mw_rolling_std_14d_same_local_qh,0.1111111111111111,0.1111111111111111,1.0,1.0,0.19065505237842995,0.0,1.7158954714058696,0.0,1.0,False,True,kept,4704,0.8099173553719008,4176,lagged_forecast_error,lagged_forecast_error,wind_onshore_id_forecast_error_mw,True,kept,wind_onshore_da_forecast_error_mw_rolling_std_14d_same_local_qh,0.7129796407306012,0.04784645789648719,lagged_forecast_error,lagged_forecast_error,wind_onshore_id_forecast_error_mw,lagged_forecast_error,lagged_forecast_error,wind_onshore_id_forecast_error_mw,False,elasticnet_coefficients
wind_onshore_id_forecast_error_mw_rolling_std_28d_same_local_qh,0.1111111111111111,0.1111111111111111,1.0,1.0,0.2463241158186515,0.0,2.2169170423678635,0.0,1.0,False,True,kept,4896,0.8429752066115702,4176,lagged_forecast_error,lagged_forecast_error,wind_onshore_id_forecast_error_mw,True,kept,wind_onshore_id_forecast_error_mw_rolling_std_14d_same_local_qh,0.6754883858968145,0.021186083468184822,lagged_forecast_error,lagged_forecast_error,wind_onshore_id_forecast_error_mw,lagged_forecast_error,lagged_forecast_error,wind_onshore_id_forecast_error_mw,False,elasticnet_coefficients
wind_onshore_id_forecast_error_mw_rolling_std_7d_same_local_qh,0.1111111111111111,0.1111111111111111,1.0,1.0,0.05791365943579316,0.0,0.5212229349221384,0.0,1.0,False,True,kept,4416,0.7603305785123967,3984,lagged_forecast_error,lagged_forecast_error,wind_onshore_id_forecast_error_mw,True,kept,wind_onshore_da_forecast_error_mw_rolling_std_7d_same_local_qh,0.6963207166736668,0.07489615613956699,lagged_forecast_error,lagged_forecast_error,wind_onshore_id_forecast_error_mw,lagged_forecast_error,lagged_forecast_error,wind_onshore_id_forecast_error_mw,False,elasticnet_coefficients
wind_total_forecast_id_mw_lag_14d_same_local_qh,0.2222222222222222,0.1111111111111111,2.0,1.0,0.20631763490346283,0.0,1.724143689108098,0.0,1.0,False,True,kept,5472,0.9421487603305785,5472,id_forecast,forecast_level,wind_total_forecast_id_mw,True,kept,total_generation_forecast_da_mw_lag_14d_same_local_qh,0.5217003175397159,0.05270239955700523,id_forecast,forecast_level,wind_total_forecast_id_mw,id_forecast,forecast_level,wind_total_forecast_id_mw,False,elasticnet_coefficients
wind_total_forecast_id_mw_lag_7d_same_local_qh,0.1111111111111111,0.1111111111111111,1.0,1.0,0.008220369260952893,0.0,0.07398332334857603,0.0,1.0,False,True,kept,5664,0.9752066115702479,5664,id_forecast,forecast_level,wind_total_forecast_id_mw,True,kept,wind_offshore_forecast_id_mw_lag_7d_same_local_qh,0.8185783141623256,0.06926643178393038,id_forecast,forecast_level,wind_total_forecast_id_mw,id_forecast,forecast_level,wind_total_forecast_id_mw,False,elasticnet_coefficients
wind_total_forecast_revision_id_minus_da_mw_lag_7d_same_local_qh,0.2222222222222222,0.1111111111111111,2.0,1.0,0.16896295332680739,0.0,0.877609713879059,0.0,0.0,False,True,kept,5664,0.9752066115702479,5664,forecast_revision,forecast_revision,wind_total_forecast_revision_id_minus_da_mw,True,kept,renewable_total_forecast_revision_id_minus_da_mw_lag_7d_same_local_qh,0.8912793557650466,0.03140072009845258,forecast_revision,forecast_revision,wind_total_forecast_revision_id_minus_da_mw,forecast_revision,forecast_revision,wind_total_forecast_revision_id_minus_da_mw,False,elasticnet_coefficients
wind_total_forecast_revision_id_minus_da_mw_regime_vol_28d,0.1111111111111111,0.1111111111111111,1.0,1.0,0.22034493876812086,0.0,1.9831044489130878,0.0,1.0,False,True,kept,5808,1.0,5808,regime_volatility,regime,wind_total_forecast_revision_id_minus_da_mw,True,kept,da_price_eur_mwh_regime_mean_shift_7d_vs_28d_z,0.3161652806376808,0.07112070976644114,regime_volatility,regime,wind_total_forecast_revision_id_minus_da_mw,regime_volatility,regime,wind_total_forecast_revision_id_minus_da_mw,False,elasticnet_coefficients
wind_total_forecast_revision_id_minus_da_mw_rolling_mean_3d_same_local_qh,0.2222222222222222,0.1111111111111111,2.0,1.0,0.044810941336739206,0.0,0.23894263600192642,0.0,0.0,False,True,kept,5808,1.0,5808,forecast_revision,forecast_revision,wind_total_forecast_revision_id_minus_da_mw,True,kept,renewable_total_forecast_revision_id_minus_da_mw,0.11459646228061622,0.1397461636262153,forecast_revision,forecast_revision,wind_total_forecast_revision_id_minus_da_mw,forecast_revision,forecast_revision,wind_total_forecast_revision_id_minus_da_mw,False,elasticnet_coefficients
wind_total_forecast_revision_id_minus_da_mw_rolling_mean_7d_same_local_qh,0.2222222222222222,0.1111111111111111,2.0,1.0,0.04886243833939699,0.0,0.2940465556487865,0.0,1.0,False,True,kept,5808,1.0,5808,forecast_revision,forecast_revision,wind_total_forecast_revision_id_minus_da_mw,True,kept,wind_total_forecast_revision_id_minus_da_mw_rolling_median_7d_same_local_qh,0.7325159163870228,0.06914192132302863,forecast_revision,forecast_revision,wind_total_forecast_revision_id_minus_da_mw,forecast_revision,forecast_revision,wind_total_forecast_revision_id_minus_da_mw,False,elasticnet_coefficients
wind_total_forecast_revision_id_minus_da_mw_rolling_median_14d_same_local_qh,0.2222222222222222,0.1111111111111111,2.0,1.0,0.025274162196404586,0.0,0.1778914488801813,0.0,1.0,False,True,kept,5808,1.0,3579,forecast_revision,forecast_revision,wind_total_forecast_revision_id_minus_da_mw,True,kept,wind_total_forecast_revision_id_minus_da_mw_rolling_mean_14d_same_local_qh,0.7631169820169623,0.09491268030635146,forecast_revision,forecast_revision,wind_total_forecast_revision_id_minus_da_mw,forecast_revision,forecast_revision,wind_total_forecast_revision_id_minus_da_mw,False,elasticnet_coefficients
wind_total_forecast_revision_id_minus_da_mw_rolling_median_3d_same_local_qh,0.1111111111111111,0.1111111111111111,1.0,1.0,0.030907361320968593,0.0,0.27816625188871735,0.0,1.0,False,True,kept,5808,1.0,4245,forecast_revision,forecast_revision,wind_total_forecast_revision_id_minus_da_mw,True,kept,wind_total_forecast_revision_id_minus_da_mw_rolling_mean_3d_same_local_qh,0.8368873644160055,0.10265727845997058,forecast_revision,forecast_revision,wind_total_forecast_revision_id_minus_da_mw,forecast_revision,forecast_revision,wind_total_forecast_revision_id_minus_da_mw,False,elasticnet_coefficients
wind_total_forecast_revision_id_minus_da_mw_rolling_median_7d_same_local_qh,0.2222222222222222,0.1111111111111111,2.0,1.0,0.10046187836090503,0.0,0.45877739100833326,0.0,1.0,False,True,kept,5808,1.0,3314,forecast_revision,forecast_revision,wind_total_forecast_revision_id_minus_da_mw,True,kept,wind_total_forecast_revision_id_minus_da_mw_rolling_median_14d_same_local_qh,0.6353768896073946,0.08514448084391835,forecast_revision,forecast_revision,wind_total_forecast_revision_id_minus_da_mw,forecast_revision,forecast_revision,wind_total_forecast_revision_id_minus_da_mw,False,elasticnet_coefficients
wind_total_forecast_revision_id_minus_da_mw_rolling_std_28d_same_local_qh,0.1111111111111111,0.1111111111111111,1.0,1.0,0.22372855282204146,0.0,2.013556975398373,0.0,1.0,False,True,kept,5808,1.0,5808,forecast_revision,forecast_revision,wind_total_forecast_revision_id_minus_da_mw,True,kept,renewable_total_forecast_revision_id_minus_da_mw_rolling_mean_28d_same_local_qh,0.22833111861792477,0.07112070976644114,forecast_revision,forecast_revision,wind_total_forecast_revision_id_minus_da_mw,forecast_revision,forecast_revision,wind_total_forecast_revision_id_minus_da_mw,False,elasticnet_coefficients
wind_total_forecast_revision_id_minus_da_mw_rolling_std_3d_same_local_qh,0.1111111111111111,0.1111111111111111,1.0,1.0,0.026383177963779682,0.0,0.23744860167401713,0.0,1.0,False,True,kept,5808,1.0,5808,forecast_revision,forecast_revision,wind_total_forecast_revision_id_minus_da_mw,True,kept,renewable_total_forecast_revision_id_minus_da_mw_rolling_std_3d_same_local_qh,0.8402125039665349,0.05514802159326024,forecast_revision,forecast_revision,wind_total_forecast_revision_id_minus_da_mw,forecast_revision,forecast_revision,wind_total_forecast_revision_id_minus_da_mw,False,elasticnet_coefficients
da_price_eur_mwh_regime_vol_7d_over_28d,0.0,0.0,0.0,0.0,0.0,0.0,0.0,0.0,,False,True,kept,5808,1.0,5808,regime_volatility,regime,da_price_eur_mwh,True,kept,ida3_price_eur_mwh_regime_vol_7d_over_28d,0.5940159308943691,0.0007950168983039423,regime_volatility,regime,da_price_eur_mwh,regime_volatility,regime,da_price_eur_mwh,False,elasticnet_coefficients
da_price_eur_mwh_rolling_mean_3d_same_local_qh,0.1111111111111111,0.0,1.0,0.0,0.09410452271576986,0.0,0.8469407044419287,0.0,1.0,False,True,kept,5808,1.0,5456,da_price,market_history,da_price_eur_mwh,True,kept,da_price_eur_mwh_lag_1d_same_local_qh,0.8688277282841563,0.17438931148477008,da_price,market_history,da_price_eur_mwh,da_price,market_history,da_price_eur_mwh,False,elasticnet_coefficients
da_price_eur_mwh_rolling_std_3d_same_local_qh,0.0,0.0,0.0,0.0,0.0,0.0,0.0,0.0,,False,True,kept,5808,1.0,5802,da_price,market_history,da_price_eur_mwh,True,kept,da_price_eur_mwh_rolling_std_7d_same_local_qh,0.5672082690195414,0.0074755295251480395,da_price,market_history,da_price_eur_mwh,da_price,market_history,da_price_eur_mwh,False,elasticnet_coefficients
hour_sin,0.1111111111111111,0.0,1.0,0.0,0.02408049993745582,0.0,0.21672449943710237,0.0,1.0,False,True,kept,5808,1.0,12,calendar,calendar,hour_sin,True,first_ranked_feature,,0.0,0.10692791282532912,calendar,calendar,hour_sin,calendar,calendar,hour_sin,False,elasticnet_coefficients
ida3_minus_da_spread_eur_mwh_lag_2d_same_local_qh,0.0,0.0,0.0,0.0,0.0,0.0,0.0,0.0,,False,True,kept,3072,0.5289256198347108,2697,ida3_history,market_history,ida3_minus_da_spread_eur_mwh,True,kept,ida3_minus_da_spread_eur_mwh_rolling_median_3d_same_local_qh,0.7796128914949444,0.11915387454073961,ida3_history,market_history,ida3_minus_da_spread_eur_mwh,ida3_history,market_history,ida3_minus_da_spread_eur_mwh,False,elasticnet_coefficients
ida3_minus_da_spread_eur_mwh_rolling_mean_28d_same_local_qh,0.0,0.0,0.0,0.0,0.0,0.0,0.0,0.0,,False,True,kept,5328,0.9173553719008265,5316,ida3_history,market_history,ida3_minus_da_spread_eur_mwh,True,kept,ida3_minus_da_spread_eur_mwh_rolling_median_28d_same_local_qh,0.8157637854916678,0.0742253662693859,ida3_history,market_history,ida3_minus_da_spread_eur_mwh,ida3_history,market_history,ida3_minus_da_spread_eur_mwh,False,elasticnet_coefficients
ida3_price_eur_mwh_lag_2d_same_local_qh,0.0,0.0,0.0,0.0,0.0,0.0,0.0,0.0,,False,True,kept,3072,0.5289256198347108,2515,ida3_history,market_history,ida3_price_eur_mwh,True,kept,ida3_price_eur_mwh_rolling_mean_3d_same_local_qh,0.909008700665246,0.1005274420187956,ida3_history,market_history,ida3_price_eur_mwh,ida3_history,market_history,ida3_price_eur_mwh,False,elasticnet_coefficients
ida3_price_eur_mwh_regime_vol_28d,0.0,0.0,0.0,0.0,0.0,0.0,0.0,0.0,,False,True,kept,5328,0.9173553719008265,5328,regime_volatility,regime,ida3_price_eur_mwh,True,kept,ida3_price_eur_mwh_regime_abs_median_28d_over_vol,0.9189116856880358,0.01758101088897777,regime_volatility,regime,ida3_price_eur_mwh,regime_volatility,regime,ida3_price_eur_mwh,False,elasticnet_coefficients
ida3_price_eur_mwh_rolling_mean_7d_same_local_qh,0.1111111111111111,0.0,1.0,0.0,0.008051727763959588,0.0,0.07246554987563629,0.0,1.0,False,True,kept,5376,0.9256198347107438,5299,ida3_history,market_history,ida3_price_eur_mwh,True,kept,da_price_eur_mwh_rolling_mean_3d_same_local_qh,0.8707833892690423,0.15536346107628518,ida3_history,market_history,ida3_price_eur_mwh,ida3_history,market_history,ida3_price_eur_mwh,False,elasticnet_coefficients
ida3_price_eur_mwh_rolling_std_28d_same_local_qh,0.0,0.0,0.0,0.0,0.0,0.0,0.0,0.0,,False,True,kept,5328,0.9173553719008265,5328,ida3_history,market_history,ida3_price_eur_mwh,True,kept,da_price_eur_mwh_rolling_std_28d_same_local_qh,0.834197456735924,0.01758101088897777,ida3_history,market_history,ida3_price_eur_mwh,ida3_history,market_history,ida3_price_eur_mwh,False,elasticnet_coefficients
renewable_total_forecast_id_mw_lag_1d_same_local_qh,0.1111111111111111,0.0,1.0,0.0,0.05490898865366603,0.0,0.4941808978829943,0.0,1.0,False,True,kept,5808,1.0,5808,id_forecast,forecast_level,renewable_total_forecast_id_mw,True,kept,residual_load_forecast_id_approx_mw_lag_1d_same_local_qh,0.8621316809732812,0.14143891958770738,id_forecast,forecast_level,renewable_total_forecast_id_mw,id_forecast,forecast_level,renewable_total_forecast_id_mw,False,elasticnet_coefficients
renewable_total_forecast_revision_id_minus_da_mw_lag_2d_same_local_qh,0.1111111111111111,0.0,1.0,0.0,0.006626516769709461,0.0,0.05963865092738515,0.0,1.0,False,True,kept,5760,0.9917355371900827,5760,forecast_revision,forecast_revision,renewable_total_forecast_revision_id_minus_da_mw,True,kept,wind_total_forecast_revision_id_minus_da_mw_lag_2d_same_local_qh,0.8848687724509539,0.1028511854717289,forecast_revision,forecast_revision,renewable_total_forecast_revision_id_minus_da_mw,forecast_revision,forecast_revision,renewable_total_forecast_revision_id_minus_da_mw,False,elasticnet_coefficients
renewable_total_forecast_revision_id_minus_da_mw_lag_7d_same_local_qh,0.1111111111111111,0.0,1.0,0.0,0.0899856118335293,0.0,0.8098705065017636,0.0,1.0,False,True,kept,5664,0.9752066115702479,5664,forecast_revision,forecast_revision,renewable_total_forecast_revision_id_minus_da_mw,True,kept,solar_forecast_revision_id_minus_da_mw_lag_7d_same_local_qh,0.5216825592542299,0.05836908842858028,forecast_revision,forecast_revision,renewable_total_forecast_revision_id_minus_da_mw,forecast_revision,forecast_revision,renewable_total_forecast_revision_id_minus_da_mw,False,elasticnet_coefficients
renewable_total_forecast_revision_id_minus_da_mw_regime_vol_28d,0.0,0.0,0.0,0.0,0.0,0.0,0.0,0.0,,False,True,kept,5808,1.0,5808,regime_volatility,regime,renewable_total_forecast_revision_id_minus_da_mw,True,kept,wind_total_forecast_revision_id_minus_da_mw_regime_vol_28d,0.8046293704208212,0.0012988659858411361,regime_volatility,regime,renewable_total_forecast_revision_id_minus_da_mw,regime_volatility,regime,renewable_total_forecast_revision_id_minus_da_mw,False,elasticnet_coefficients
renewable_total_forecast_revision_id_minus_da_mw_rolling_mean_14d_same_local_qh,0.0,0.0,0.0,0.0,0.0,0.0,0.0,0.0,,False,True,kept,5808,1.0,5808,forecast_revision,forecast_revision,renewable_total_forecast_revision_id_minus_da_mw,True,kept,wind_total_forecast_revision_id_minus_da_mw_rolling_mean_14d_same_local_qh,0.8419957891894853,0.058150175641115825,forecast_revision,forecast_revision,renewable_total_forecast_revision_id_minus_da_mw,forecast_revision,forecast_revision,renewable_total_forecast_revision_id_minus_da_mw,False,elasticnet_coefficients
renewable_total_forecast_revision_id_minus_da_mw_rolling_mean_3d_same_local_qh,0.0,0.0,0.0,0.0,0.0,0.0,0.0,0.0,,False,True,kept,5808,1.0,5808,forecast_revision,forecast_revision,renewable_total_forecast_revision_id_minus_da_mw,True,kept,wind_total_forecast_revision_id_minus_da_mw_rolling_mean_3d_same_local_qh,0.8955178596233374,0.10502662173073818,forecast_revision,forecast_revision,renewable_total_forecast_revision_id_minus_da_mw,forecast_revision,forecast_revision,renewable_total_forecast_revision_id_minus_da_mw,False,elasticnet_coefficients
renewable_total_forecast_revision_id_minus_da_mw_rolling_std_28d_same_local_qh,0.0,0.0,0.0,0.0,0.0,0.0,0.0,0.0,,False,True,kept,5808,1.0,5808,forecast_revision,forecast_revision,renewable_total_forecast_revision_id_minus_da_mw,True,kept,wind_total_forecast_revision_id_minus_da_mw_rolling_std_28d_same_local_qh,0.8046293704208212,0.0012988659858411361,forecast_revision,forecast_revision,renewable_total_forecast_revision_id_minus_da_mw,forecast_revision,forecast_revision,renewable_total_forecast_revision_id_minus_da_mw,False,elasticnet_coefficients
residual_load_forecast_da_mw_lag_7d_same_local_qh,0.1111111111111111,0.0,1.0,0.0,0.12309566036318559,0.0,1.1078609432686704,0.0,1.0,False,True,kept,5664,0.9752066115702479,5664,da_forecast,forecast_level,residual_load_forecast_da_mw,True,kept,solar_forecast_id_mw_lag_7d_same_local_qh,0.7397771928251498,0.10206912080283793,da_forecast,forecast_level,residual_load_forecast_da_mw,da_forecast,forecast_level,residual_load_forecast_da_mw,False,elasticnet_coefficients
solar_da_forecast_error_mw_lag_7d_same_local_qh,0.0,0.0,0.0,0.0,0.0,0.0,0.0,0.0,,False,True,kept,1531,0.2636019283746556,1521,lagged_forecast_error,lagged_forecast_error,solar_da_forecast_error_mw,True,kept,solar_id_forecast_error_mw_lag_7d_same_local_qh,0.8238023033487448,0.040349616218040174,lagged_forecast_error,lagged_forecast_error,solar_da_forecast_error_mw,lagged_forecast_error,lagged_forecast_error,solar_da_forecast_error_mw,False,elasticnet_coefficients
solar_da_forecast_error_mw_rolling_mean_28d_same_local_qh,0.0,0.0,0.0,0.0,0.0,0.0,0.0,0.0,,False,True,kept,2760,0.47520661157024796,2298,lagged_forecast_error,lagged_forecast_error,solar_da_forecast_error_mw,True,kept,solar_id_forecast_error_mw_rolling_mean_28d_same_local_qh,0.8547369633258503,0.06779011244249175,lagged_forecast_error,lagged_forecast_error,solar_da_forecast_error_mw,lagged_forecast_error,lagged_forecast_error,solar_da_forecast_error_mw,False,elasticnet_coefficients
solar_da_forecast_error_mw_rolling_median_28d_same_local_qh,0.0,0.0,0.0,0.0,0.0,0.0,0.0,0.0,,False,True,kept,2760,0.47520661157024796,1555,lagged_forecast_error,lagged_forecast_error,solar_da_forecast_error_mw,True,kept,solar_da_forecast_error_mw_rolling_mean_28d_same_local_qh,0.884753450616639,0.05005258675210382,lagged_forecast_error,lagged_forecast_error,solar_da_forecast_error_mw,lagged_forecast_error,lagged_forecast_error,solar_da_forecast_error_mw,False,elasticnet_coefficients
solar_forecast_id_mw_lag_7d_same_local_qh,0.0,0.0,0.0,0.0,0.0,0.0,0.0,0.0,,False,True,kept,3319,0.5714531680440771,3202,id_forecast,forecast_level,solar_forecast_id_mw,True,kept,residual_load_forecast_da_mw,0.7000196501862807,0.1649145531457496,id_forecast,forecast_level,solar_forecast_id_mw,id_forecast,forecast_level,solar_forecast_id_mw,False,elasticnet_coefficients
solar_id_forecast_error_mw_lag_14d_same_local_qh,0.0,0.0,0.0,0.0,0.0,0.0,0.0,0.0,,False,True,kept,1521,0.2618801652892562,1510,lagged_forecast_error,lagged_forecast_error,solar_id_forecast_error_mw,True,kept,solar_id_forecast_error_mw_rolling_mean_28d_same_local_qh,0.27101536706674995,0.1165089989723285,lagged_forecast_error,lagged_forecast_error,solar_id_forecast_error_mw,lagged_forecast_error,lagged_forecast_error,solar_id_forecast_error_mw,False,elasticnet_coefficients
solar_id_forecast_error_mw_rolling_mean_7d_same_local_qh,0.0,0.0,0.0,0.0,0.0,0.0,0.0,0.0,,False,True,kept,2442,0.42045454545454547,2194,lagged_forecast_error,lagged_forecast_error,solar_id_forecast_error_mw,True,kept,solar_id_forecast_error_mw_rolling_median_7d_same_local_qh,0.9035928637780791,0.06921286912596661,lagged_forecast_error,lagged_forecast_error,solar_id_forecast_error_mw,lagged_forecast_error,lagged_forecast_error,solar_id_forecast_error_mw,False,elasticnet_coefficients
solar_id_forecast_error_mw_rolling_median_14d_same_local_qh,0.1111111111111111,0.0,1.0,0.0,0.025254124132455,0.0,0.22728711719209502,0.0,1.0,False,True,kept,2649,0.45609504132231404,1762,lagged_forecast_error,lagged_forecast_error,solar_id_forecast_error_mw,True,kept,solar_id_forecast_error_mw_rolling_mean_14d_same_local_qh,0.8254862430541844,0.06044336969192728,lagged_forecast_error,lagged_forecast_error,solar_id_forecast_error_mw,lagged_forecast_error,lagged_forecast_error,solar_id_forecast_error_mw,False,elasticnet_coefficients
solar_id_forecast_error_mw_rolling_median_7d_same_local_qh,0.0,0.0,0.0,0.0,0.0,0.0,0.0,0.0,,False,True,kept,2442,0.42045454545454547,1876,lagged_forecast_error,lagged_forecast_error,solar_id_forecast_error_mw,True,kept,solar_id_forecast_error_mw_rolling_mean_3d_same_local_qh,0.7147419168865271,0.07678222283732916,lagged_forecast_error,lagged_forecast_error,solar_id_forecast_error_mw,lagged_forecast_error,lagged_forecast_error,solar_id_forecast_error_mw,False,elasticnet_coefficients
wind_offshore_da_forecast_error_mw_lag_2d_same_local_qh,0.1111111111111111,0.0,1.0,0.0,0.13343801239013967,0.0,1.200942111511257,0.0,1.0,False,True,kept,2735,0.4709022038567493,2735,lagged_forecast_error,lagged_forecast_error,wind_offshore_da_forecast_error_mw,True,kept,wind_offshore_id_forecast_error_mw_lag_2d_same_local_qh,0.9013113275439341,0.0386841975334487,lagged_forecast_error,lagged_forecast_error,wind_offshore_da_forecast_error_mw,lagged_forecast_error,lagged_forecast_error,wind_offshore_da_forecast_error_mw,False,elasticnet_coefficients
wind_offshore_da_forecast_error_mw_lag_7d_same_local_qh,0.0,0.0,0.0,0.0,0.0,0.0,0.0,0.0,,False,True,kept,2831,0.487431129476584,2830,lagged_forecast_error,lagged_forecast_error,wind_offshore_da_forecast_error_mw,True,kept,wind_offshore_id_forecast_error_mw_lag_7d_same_local_qh,0.8719691977078652,0.004552824192695277,lagged_forecast_error,lagged_forecast_error,wind_offshore_da_forecast_error_mw,lagged_forecast_error,lagged_forecast_error,wind_offshore_da_forecast_error_mw,False,elasticnet_coefficients
wind_offshore_forecast_da_mw,0.1111111111111111,0.0,1.0,0.0,0.13312343206609376,0.0,1.1981108885948437,0.0,1.0,False,True,kept,5804,0.9993112947658402,5778,da_forecast,forecast_level,wind_offshore_forecast_da_mw,True,kept,wind_onshore_forecast_da_mw,0.7291033550943293,0.06129324542665421,da_forecast,forecast_level,wind_offshore_forecast_da_mw,da_forecast,forecast_level,wind_offshore_forecast_da_mw,False,elasticnet_coefficients
wind_offshore_forecast_id_mw_lag_7d_same_local_qh,0.0,0.0,0.0,0.0,0.0,0.0,0.0,0.0,,False,True,kept,5663,0.975034435261708,5633,id_forecast,forecast_level,wind_offshore_forecast_id_mw,True,kept,load_forecast_da_mw_lag_7d_same_local_qh,0.3359018609902172,0.10045742228576043,id_forecast,forecast_level,wind_offshore_forecast_id_mw,id_forecast,forecast_level,wind_offshore_forecast_id_mw,False,elasticnet_coefficients
wind_offshore_id_forecast_error_mw_lag_2d_same_local_qh,0.1111111111111111,0.0,1.0,0.0,0.07600492206365712,0.0,0.6840442985729142,0.0,1.0,False,True,kept,2736,0.47107438016528924,2736,lagged_forecast_error,lagged_forecast_error,wind_offshore_id_forecast_error_mw,True,kept,load_da_forecast_error_mw_rolling_mean_28d_same_local_qh,0.26025804326332996,0.07755897574265738,lagged_forecast_error,lagged_forecast_error,wind_offshore_id_forecast_error_mw,lagged_forecast_error,lagged_forecast_error,wind_offshore_id_forecast_error_mw,False,elasticnet_coefficients
wind_offshore_id_forecast_error_mw_rolling_median_7d_same_local_qh,0.1111111111111111,0.0,1.0,0.0,0.02146297885647221,0.0,0.1931668097082499,0.0,1.0,False,True,kept,4416,0.7603305785123967,3365,lagged_forecast_error,lagged_forecast_error,wind_offshore_id_forecast_error_mw,True,kept,wind_offshore_id_forecast_error_mw_rolling_mean_7d_same_local_qh,0.8808610169012381,0.032443776551045814,lagged_forecast_error,lagged_forecast_error,wind_offshore_id_forecast_error_mw,lagged_forecast_error,lagged_forecast_error,wind_offshore_id_forecast_error_mw,False,elasticnet_coefficients
wind_offshore_id_forecast_error_mw_rolling_std_28d_same_local_qh,0.0,0.0,0.0,0.0,0.0,0.0,0.0,0.0,,False,True,kept,4896,0.8429752066115702,4176,lagged_forecast_error,lagged_forecast_error,wind_offshore_id_forecast_error_mw,True,kept,load_da_forecast_error_mw_rolling_std_28d_same_local_qh,0.3460183877378809,0.06323064172459766,lagged_forecast_error,lagged_forecast_error,wind_offshore_id_forecast_error_mw,lagged_forecast_error,lagged_forecast_error,wind_offshore_id_forecast_error_mw,False,elasticnet_coefficients
wind_onshore_da_forecast_error_mw_rolling_median_28d_same_local_qh,0.1111111111111111,0.0,1.0,0.0,0.004160492874429484,0.0,0.03744443586986535,0.0,1.0,False,True,kept,4896,0.8429752066115702,2431,lagged_forecast_error,lagged_forecast_error,wind_onshore_da_forecast_error_mw,True,kept,wind_onshore_da_forecast_error_mw_rolling_mean_28d_same_local_qh,0.7151596809539668,0.10798503055979455,lagged_forecast_error,lagged_forecast_error,wind_onshore_da_forecast_error_mw,lagged_forecast_error,lagged_forecast_error,wind_onshore_da_forecast_error_mw,False,elasticnet_coefficients
wind_onshore_forecast_id_mw_lag_2d_same_local_qh,0.1111111111111111,0.0,1.0,0.0,0.04198814997831838,0.0,0.37789334980486544,0.0,1.0,False,True,kept,5760,0.9917355371900827,5760,id_forecast,forecast_level,wind_onshore_forecast_id_mw,True,kept,wind_total_forecast_id_mw_lag_1d_same_local_qh,0.44031574587419664,0.05300597935248076,id_forecast,forecast_level,wind_onshore_forecast_id_mw,id_forecast,forecast_level,wind_onshore_forecast_id_mw,False,elasticnet_coefficients
wind_onshore_id_forecast_error_mw_rolling_mean_28d_same_local_qh,0.0,0.0,0.0,0.0,0.0,0.0,0.0,0.0,,False,True,kept,4896,0.8429752066115702,4176,lagged_forecast_error,lagged_forecast_error,wind_onshore_id_forecast_error_mw,True,kept,wind_onshore_da_forecast_error_mw_rolling_mean_28d_same_local_qh,0.9136374499656139,0.09111900356738861,lagged_forecast_error,lagged_forecast_error,wind_onshore_id_forecast_error_mw,lagged_forecast_error,lagged_forecast_error,wind_onshore_id_forecast_error_mw,False,elasticnet_coefficients
wind_onshore_id_forecast_error_mw_rolling_std_3d_same_local_qh,0.0,0.0,0.0,0.0,0.0,0.0,0.0,0.0,,False,True,kept,2736,0.47107438016528924,2640,lagged_forecast_error,lagged_forecast_error,wind_onshore_id_forecast_error_mw,True,kept,wind_onshore_da_forecast_error_mw_rolling_std_3d_same_local_qh,0.569145903186012,0.03191612495972497,lagged_forecast_error,lagged_forecast_error,wind_onshore_id_forecast_error_mw,lagged_forecast_error,lagged_forecast_error,wind_onshore_id_forecast_error_mw,False,elasticnet_coefficients
wind_total_forecast_revision_id_minus_da_mw_regime_vol_7d_over_28d,0.1111111111111111,0.0,1.0,0.0,0.10970176435203874,0.0,0.9873158791683486,0.0,1.0,False,True,kept,5808,1.0,5808,regime_volatility,regime,wind_total_forecast_revision_id_minus_da_mw,True,kept,renewable_total_forecast_revision_id_minus_da_mw_regime_vol_7d_over_28d,0.9045570511040973,0.05742979979792163,regime_volatility,regime,wind_total_forecast_revision_id_minus_da_mw,regime_volatility,regime,wind_total_forecast_revision_id_minus_da_mw,False,elasticnet_coefficients
wind_total_forecast_revision_id_minus_da_mw_rolling_mean_14d_same_local_qh,0.0,0.0,0.0,0.0,0.0,0.0,0.0,0.0,,False,True,kept,5808,1.0,5808,forecast_revision,forecast_revision,wind_total_forecast_revision_id_minus_da_mw,True,kept,wind_total_forecast_revision_id_minus_da_mw_rolling_mean_28d_same_local_qh,0.5361664593053411,0.09762357272136082,forecast_revision,forecast_revision,wind_total_forecast_revision_id_minus_da_mw,forecast_revision,forecast_revision,wind_total_forecast_revision_id_minus_da_mw,False,elasticnet_coefficients
wind_total_forecast_revision_id_minus_da_mw_rolling_mean_28d_same_local_qh,0.0,0.0,0.0,0.0,0.0,0.0,0.0,0.0,,False,True,kept,5808,1.0,5808,forecast_revision,forecast_revision,wind_total_forecast_revision_id_minus_da_mw,True,kept,wind_total_forecast_revision_id_minus_da_mw_rolling_mean_3d_same_local_qh,0.22868417655311035,0.1290979158480888,forecast_revision,forecast_revision,wind_total_forecast_revision_id_minus_da_mw,forecast_revision,forecast_revision,wind_total_forecast_revision_id_minus_da_mw,False,elasticnet_coefficients
wind_total_forecast_revision_id_minus_da_mw_rolling_std_14d_same_local_qh,0.0,0.0,0.0,0.0,0.0,0.0,0.0,0.0,,False,True,kept,5808,1.0,5808,forecast_revision,forecast_revision,wind_total_forecast_revision_id_minus_da_mw,True,kept,wind_total_forecast_revision_id_minus_da_mw_rolling_std_28d_same_local_qh,0.6964976249049422,0.01901883906502488,forecast_revision,forecast_revision,wind_total_forecast_revision_id_minus_da_mw,forecast_revision,forecast_revision,wind_total_forecast_revision_id_minus_da_mw,False,elasticnet_coefficients
wind_total_forecast_revision_id_minus_da_mw_rolling_std_7d_same_local_qh,0.1111111111111111,0.0,1.0,0.0,0.08135269295747152,0.0,0.7321742366172437,0.0,1.0,False,True,kept,5808,1.0,5808,forecast_revision,forecast_revision,wind_total_forecast_revision_id_minus_da_mw,True,kept,renewable_total_forecast_revision_id_minus_da_mw_rolling_std_7d_same_local_qh,0.8602391913563993,0.019705839435673653,forecast_revision,forecast_revision,wind_total_forecast_revision_id_minus_da_mw,forecast_revision,forecast_revision,wind_total_forecast_revision_id_minus_da_mw,False,elasticnet_coefficients
da_price_eur_mwh_rolling_mean_28d_same_local_qh,,,,,,,,,,False,True,kept,5808,1.0,5777,da_price,market_history,da_price_eur_mwh,False,too_correlated_with_kept_feature,da_price_eur_mwh_rolling_median_28d_same_local_qh,0.9588969157671309,0.14565072312876431,da_price,market_history,da_price_eur_mwh,da_price,market_history,da_price_eur_mwh,False,elasticnet_coefficients
da_price_eur_mwh_rolling_mean_7d_same_local_qh,,,,,,,,,,False,True,kept,5808,1.0,5691,da_price,market_history,da_price_eur_mwh,False,too_correlated_with_kept_feature,da_price_eur_mwh_rolling_mean_14d_same_local_qh,0.9501188553079034,0.17843426191984108,da_price,market_history,da_price_eur_mwh,da_price,market_history,da_price_eur_mwh,False,elasticnet_coefficients
da_price_eur_mwh_rolling_median_14d_same_local_qh,,,,,,,,,,False,True,kept,5808,1.0,2857,da_price,market_history,da_price_eur_mwh,False,too_correlated_with_kept_feature,da_price_eur_mwh_rolling_mean_14d_same_local_qh,0.9579145550692822,0.16915190821712864,da_price,market_history,da_price_eur_mwh,da_price,market_history,da_price_eur_mwh,False,elasticnet_coefficients
da_price_eur_mwh_rolling_median_3d_same_local_qh,,,,,,,,,,False,True,kept,5808,1.0,2560,da_price,market_history,da_price_eur_mwh,False,too_correlated_with_kept_feature,da_price_eur_mwh_rolling_mean_3d_same_local_qh,0.970600170881607,0.15616078783887272,da_price,market_history,da_price_eur_mwh,da_price,market_history,da_price_eur_mwh,False,elasticnet_coefficients
hour_cos,,,,,,,,,,False,True,kept,5808,1.0,12,calendar,calendar,hour_cos,False,too_correlated_with_kept_feature,quarter_cos,0.9967380580697666,0.05129581421119785,calendar,calendar,hour_cos,calendar,calendar,hour_cos,False,elasticnet_coefficients
ida3_minus_da_spread_eur_mwh_rolling_mean_3d_same_local_qh,,,,,,,,,,False,True,kept,3312,0.5702479338842975,3238,ida3_history,market_history,ida3_minus_da_spread_eur_mwh,False,too_correlated_with_kept_feature,ida3_minus_da_spread_eur_mwh_rolling_median_3d_same_local_qh,0.9416332890079332,0.1732453767394752,ida3_history,market_history,ida3_minus_da_spread_eur_mwh,ida3_history,market_history,ida3_minus_da_spread_eur_mwh,False,elasticnet_coefficients
ida3_price_eur_mwh_rolling_mean_14d_same_local_qh,,,,,,,,,,False,True,kept,5568,0.9586776859504132,5533,ida3_history,market_history,ida3_price_eur_mwh,False,too_correlated_with_kept_feature,da_price_eur_mwh_rolling_mean_14d_same_local_qh,0.942228568794983,0.1769069858136711,ida3_history,market_history,ida3_price_eur_mwh,ida3_history,market_history,ida3_price_eur_mwh,False,elasticnet_coefficients
ida3_price_eur_mwh_rolling_mean_28d_same_local_qh,,,,,,,,,,False,True,kept,5328,0.9173553719008265,5318,ida3_history,market_history,ida3_price_eur_mwh,False,too_correlated_with_kept_feature,da_price_eur_mwh_rolling_mean_14d_same_local_qh,0.9378704200457428,0.13002895302937847,ida3_history,market_history,ida3_price_eur_mwh,ida3_history,market_history,ida3_price_eur_mwh,False,elasticnet_coefficients
ida3_price_eur_mwh_rolling_median_14d_same_local_qh,,,,,,,,,,False,True,kept,5568,0.9586776859504132,3295,ida3_history,market_history,ida3_price_eur_mwh,False,too_correlated_with_kept_feature,da_price_eur_mwh_rolling_median_7d_same_local_qh,0.9297605714567154,0.13410829988454812,ida3_history,market_history,ida3_price_eur_mwh,ida3_history,market_history,ida3_price_eur_mwh,False,elasticnet_coefficients
ida3_price_eur_mwh_rolling_median_28d_same_local_qh,,,,,,,,,,False,True,kept,5328,0.9173553719008265,2809,ida3_history,market_history,ida3_price_eur_mwh,False,too_correlated_with_kept_feature,da_price_eur_mwh_rolling_median_28d_same_local_qh,0.9620343890656724,0.12258814469313746,ida3_history,market_history,ida3_price_eur_mwh,ida3_history,market_history,ida3_price_eur_mwh,False,elasticnet_coefficients
ida3_price_eur_mwh_rolling_median_3d_same_local_qh,,,,,,,,,,False,True,kept,3312,0.5702479338842975,2930,ida3_history,market_history,ida3_price_eur_mwh,False,too_correlated_with_kept_feature,ida3_price_eur_mwh_rolling_mean_3d_same_local_qh,0.98255028997082,0.09961582659698118,ida3_history,market_history,ida3_price_eur_mwh,ida3_history,market_history,ida3_price_eur_mwh,False,elasticnet_coefficients
ida3_price_eur_mwh_rolling_median_7d_same_local_qh,,,,,,,,,,False,True,kept,5376,0.9256198347107438,3594,ida3_history,market_history,ida3_price_eur_mwh,False,too_correlated_with_kept_feature,ida3_price_eur_mwh_rolling_mean_7d_same_local_qh,0.9379255345872084,0.12155308462038615,ida3_history,market_history,ida3_price_eur_mwh,ida3_history,market_history,ida3_price_eur_mwh,False,elasticnet_coefficients
load_da_forecast_error_mw_rolling_median_14d_same_local_qh,,,,,,,,,,False,True,kept,4704,0.8099173553719008,3090,lagged_forecast_error,lagged_forecast_error,load_da_forecast_error_mw,False,too_correlated_with_kept_feature,load_da_forecast_error_mw_rolling_mean_14d_same_local_qh,0.950591528853807,0.14587344841205915,lagged_forecast_error,lagged_forecast_error,load_da_forecast_error_mw,lagged_forecast_error,lagged_forecast_error,load_da_forecast_error_mw,False,elasticnet_coefficients
load_da_forecast_error_mw_rolling_median_28d_same_local_qh,,,,,,,,,,False,True,kept,4896,0.8429752066115702,2821,lagged_forecast_error,lagged_forecast_error,load_da_forecast_error_mw,False,too_correlated_with_kept_feature,load_da_forecast_error_mw_rolling_mean_28d_same_local_qh,0.9656438637627323,0.09350110153120096,lagged_forecast_error,lagged_forecast_error,load_da_forecast_error_mw,lagged_forecast_error,lagged_forecast_error,load_da_forecast_error_mw,False,elasticnet_coefficients
load_da_forecast_error_mw_rolling_median_3d_same_local_qh,,,,,,,,,,False,True,kept,2736,0.47107438016528924,2517,lagged_forecast_error,lagged_forecast_error,load_da_forecast_error_mw,False,too_correlated_with_kept_feature,load_da_forecast_error_mw_rolling_mean_3d_same_local_qh,0.9916843049990788,0.18693812897180725,lagged_forecast_error,lagged_forecast_error,load_da_forecast_error_mw,lagged_forecast_error,lagged_forecast_error,load_da_forecast_error_mw,False,elasticnet_coefficients
load_da_forecast_error_mw_rolling_median_7d_same_local_qh,,,,,,,,,,False,True,kept,4416,0.7603305785123967,3362,lagged_forecast_error,lagged_forecast_error,load_da_forecast_error_mw,False,too_correlated_with_kept_feature,load_da_forecast_error_mw_rolling_mean_7d_same_local_qh,0.9449833509259364,0.04092890587368346,lagged_forecast_error,lagged_forecast_error,load_da_forecast_error_mw,lagged_forecast_error,lagged_forecast_error,load_da_forecast_error_mw,False,elasticnet_coefficients
quarter_sin,,,,,,,,,,False,True,kept,5808,1.0,48,calendar,calendar,quarter_sin,False,too_correlated_with_kept_feature,hour_sin,0.9361844784929758,0.07585399048411362,calendar,calendar,quarter_sin,calendar,calendar,quarter_sin,False,elasticnet_coefficients
renewable_total_forecast_da_mw_lag_14d_same_local_qh,,,,,,,,,,False,True,kept,5472,0.9421487603305785,5472,da_forecast,forecast_level,renewable_total_forecast_da_mw,False,too_correlated_with_kept_feature,renewable_total_forecast_id_mw_lag_14d_same_local_qh,0.994236949746525,0.1462176501428427,da_forecast,forecast_level,renewable_total_forecast_da_mw,da_forecast,forecast_level,renewable_total_forecast_da_mw,False,elasticnet_coefficients
renewable_total_forecast_da_mw_lag_1d_same_local_qh,,,,,,,,,,False,True,kept,5808,1.0,5808,da_forecast,forecast_level,renewable_total_forecast_da_mw,False,too_correlated_with_kept_feature,renewable_total_forecast_id_mw_lag_1d_same_local_qh,0.9950639316025959,0.13723961303405405,da_forecast,forecast_level,renewable_total_forecast_da_mw,da_forecast,forecast_level,renewable_total_forecast_da_mw,False,elasticnet_coefficients
renewable_total_forecast_da_mw_lag_2d_same_local_qh,,,,,,,,,,False,True,kept,5760,0.9917355371900827,5760,da_forecast,forecast_level,renewable_total_forecast_da_mw,False,too_correlated_with_kept_feature,renewable_total_forecast_id_mw_lag_2d_same_local_qh,0.9952727746990772,0.133291871510731,da_forecast,forecast_level,renewable_total_forecast_da_mw,da_forecast,forecast_level,renewable_total_forecast_da_mw,False,elasticnet_coefficients
renewable_total_forecast_id_mw,,,,,,,,,,False,True,kept,5808,1.0,5808,id_forecast,forecast_level,renewable_total_forecast_id_mw,False,too_correlated_with_kept_feature,renewable_total_forecast_da_mw,0.9955591352372128,0.19156550209266365,id_forecast,forecast_level,renewable_total_forecast_id_mw,id_forecast,forecast_level,renewable_total_forecast_id_mw,False,elasticnet_coefficients
renewable_total_forecast_id_mw_lag_7d_same_local_qh,,,,,,,,,,False,True,kept,5664,0.9752066115702479,5664,id_forecast,forecast_level,renewable_total_forecast_id_mw,False,too_correlated_with_kept_feature,renewable_total_forecast_da_mw_lag_7d_same_local_qh,0.9961513841065569,0.05952153323756755,id_forecast,forecast_level,renewable_total_forecast_id_mw,id_forecast,forecast_level,renewable_total_forecast_id_mw,False,elasticnet_coefficients
residual_load_forecast_da_mw_lag_14d_same_local_qh,,,,,,,,,,False,True,kept,5472,0.9421487603305785,5472,da_forecast,forecast_level,residual_load_forecast_da_mw,False,too_correlated_with_kept_feature,residual_load_forecast_id_approx_mw_lag_14d_same_local_qh,0.9944051132366967,0.1307660092574876,da_forecast,forecast_level,residual_load_forecast_da_mw,da_forecast,forecast_level,residual_load_forecast_da_mw,False,elasticnet_coefficients
residual_load_forecast_da_mw_lag_1d_same_local_qh,,,,,,,,,,False,True,kept,5808,1.0,5808,da_forecast,forecast_level,residual_load_forecast_da_mw,False,too_correlated_with_kept_feature,residual_load_forecast_id_approx_mw_lag_1d_same_local_qh,0.9957620732372299,0.17101887880862254,da_forecast,forecast_level,residual_load_forecast_da_mw,da_forecast,forecast_level,residual_load_forecast_da_mw,False,elasticnet_coefficients
residual_load_forecast_da_mw_lag_2d_same_local_qh,,,,,,,,,,False,True,kept,5760,0.9917355371900827,5760,da_forecast,forecast_level,residual_load_forecast_da_mw,False,too_correlated_with_kept_feature,residual_load_forecast_id_approx_mw_lag_2d_same_local_qh,0.9953594670407984,0.1290739030275064,da_forecast,forecast_level,residual_load_forecast_da_mw,da_forecast,forecast_level,residual_load_forecast_da_mw,False,elasticnet_coefficients
residual_load_forecast_id_approx_mw,,,,,,,,,,False,True,kept,5808,1.0,5808,id_forecast,forecast_level,residual_load_forecast_id_approx_mw,False,too_correlated_with_kept_feature,residual_load_forecast_da_mw,0.996136284368076,0.20862275710408754,id_forecast,forecast_level,residual_load_forecast_id_approx_mw,id_forecast,forecast_level,residual_load_forecast_id_approx_mw,False,elasticnet_coefficients
residual_load_forecast_id_approx_mw_lag_7d_same_local_qh,,,,,,,,,,False,True,kept,5664,0.9752066115702479,5664,id_forecast,forecast_level,residual_load_forecast_id_approx_mw,False,too_correlated_with_kept_feature,residual_load_forecast_da_mw_lag_7d_same_local_qh,0.9962207277433913,0.10084014336448248,id_forecast,forecast_level,residual_load_forecast_id_approx_mw,id_forecast,forecast_level,residual_load_forecast_id_approx_mw,False,elasticnet_coefficients
residual_load_revision_id_minus_da_approx_mw,,,,,,,,,,False,True,kept,5808,1.0,5808,forecast_revision,forecast_revision,residual_load_revision_id_minus_da_approx_mw,False,too_correlated_with_kept_feature,renewable_total_forecast_revision_id_minus_da_mw,1.0,0.3046827575528055,forecast_revision,forecast_revision,residual_load_revision_id_minus_da_approx_mw,forecast_revision,forecast_revision,residual_load_revision_id_minus_da_approx_mw,False,elasticnet_coefficients
residual_load_revision_id_minus_da_approx_mw_lag_14d_same_local_qh,,,,,,,,,,False,True,kept,5472,0.9421487603305785,5472,forecast_revision,forecast_revision,residual_load_revision_id_minus_da_approx_mw,False,too_correlated_with_kept_feature,renewable_total_forecast_revision_id_minus_da_mw_lag_14d_same_local_qh,1.0,0.051245957004898195,forecast_revision,forecast_revision,residual_load_revision_id_minus_da_approx_mw,forecast_revision,forecast_revision,residual_load_revision_id_minus_da_approx_mw,False,elasticnet_coefficients
residual_load_revision_id_minus_da_approx_mw_lag_1d_same_local_qh,,,,,,,,,,False,True,kept,5808,1.0,5808,forecast_revision,forecast_revision,residual_load_revision_id_minus_da_approx_mw,False,too_correlated_with_kept_feature,renewable_total_forecast_revision_id_minus_da_mw_lag_1d_same_local_qh,1.0,0.05622653332124062,forecast_revision,forecast_revision,residual_load_revision_id_minus_da_approx_mw,forecast_revision,forecast_revision,residual_load_revision_id_minus_da_approx_mw,False,elasticnet_coefficients
residual_load_revision_id_minus_da_approx_mw_lag_2d_same_local_qh,,,,,,,,,,False,True,kept,5760,0.9917355371900827,5760,forecast_revision,forecast_revision,residual_load_revision_id_minus_da_approx_mw,False,too_correlated_with_kept_feature,renewable_total_forecast_revision_id_minus_da_mw_lag_2d_same_local_qh,1.0,0.1028511854717289,forecast_revision,forecast_revision,residual_load_revision_id_minus_da_approx_mw,forecast_revision,forecast_revision,residual_load_revision_id_minus_da_approx_mw,False,elasticnet_coefficients
residual_load_revision_id_minus_da_approx_mw_lag_7d_same_local_qh,,,,,,,,,,False,True,kept,5664,0.9752066115702479,5664,forecast_revision,forecast_revision,residual_load_revision_id_minus_da_approx_mw,False,too_correlated_with_kept_feature,renewable_total_forecast_revision_id_minus_da_mw_lag_7d_same_local_qh,1.0,0.05836908842858028,forecast_revision,forecast_revision,residual_load_revision_id_minus_da_approx_mw,forecast_revision,forecast_revision,residual_load_revision_id_minus_da_approx_mw,False,elasticnet_coefficients
residual_load_revision_id_minus_da_approx_mw_regime_abs_median_28d_over_vol,,,,,,,,,,False,True,kept,5808,1.0,5808,regime_level,regime,residual_load_revision_id_minus_da_approx_mw,False,too_correlated_with_kept_feature,renewable_total_forecast_revision_id_minus_da_mw_regime_abs_median_28d_over_vol,1.0,0.1077921813793624,regime_level,regime,residual_load_revision_id_minus_da_approx_mw,regime_level,regime,residual_load_revision_id_minus_da_approx_mw,False,elasticnet_coefficients
residual_load_revision_id_minus_da_approx_mw_regime_mean_shift_7d_vs_28d_z,,,,,,,,,,False,True,kept,5808,1.0,5808,regime_mean_shift,regime,residual_load_revision_id_minus_da_approx_mw,False,too_correlated_with_kept_feature,renewable_total_forecast_revision_id_minus_da_mw_regime_mean_shift_7d_vs_28d_z,1.0,0.0013805087904675765,regime_mean_shift,regime,residual_load_revision_id_minus_da_approx_mw,regime_mean_shift,regime,residual_load_revision_id_minus_da_approx_mw,False,elasticnet_coefficients
residual_load_revision_id_minus_da_approx_mw_regime_vol_28d,,,,,,,,,,False,True,kept,5808,1.0,5808,regime_volatility,regime,residual_load_revision_id_minus_da_approx_mw,False,too_correlated_with_kept_feature,renewable_total_forecast_revision_id_minus_da_mw_regime_vol_28d,1.0,0.0012988659858411361,regime_volatility,regime,residual_load_revision_id_minus_da_approx_mw,regime_volatility,regime,residual_load_revision_id_minus_da_approx_mw,False,elasticnet_coefficients
residual_load_revision_id_minus_da_approx_mw_regime_vol_7d_over_28d,,,,,,,,,,False,True,kept,5808,1.0,5808,regime_volatility,regime,residual_load_revision_id_minus_da_approx_mw,False,too_correlated_with_kept_feature,renewable_total_forecast_revision_id_minus_da_mw_regime_vol_7d_over_28d,1.0,0.08870182662956327,regime_volatility,regime,residual_load_revision_id_minus_da_approx_mw,regime_volatility,regime,residual_load_revision_id_minus_da_approx_mw,False,elasticnet_coefficients
residual_load_revision_id_minus_da_approx_mw_rolling_mean_14d_same_local_qh,,,,,,,,,,False,True,kept,5808,1.0,5808,forecast_revision,forecast_revision,residual_load_revision_id_minus_da_approx_mw,False,too_correlated_with_kept_feature,renewable_total_forecast_revision_id_minus_da_mw_rolling_mean_14d_same_local_qh,1.0,0.058150175641115825,forecast_revision,forecast_revision,residual_load_revision_id_minus_da_approx_mw,forecast_revision,forecast_revision,residual_load_revision_id_minus_da_approx_mw,False,elasticnet_coefficients
residual_load_revision_id_minus_da_approx_mw_rolling_mean_28d_same_local_qh,,,,,,,,,,False,True,kept,5808,1.0,5808,forecast_revision,forecast_revision,residual_load_revision_id_minus_da_approx_mw,False,too_correlated_with_kept_feature,renewable_total_forecast_revision_id_minus_da_mw_rolling_mean_28d_same_local_qh,1.0,0.07600615665806318,forecast_revision,forecast_revision,residual_load_revision_id_minus_da_approx_mw,forecast_revision,forecast_revision,residual_load_revision_id_minus_da_approx_mw,False,elasticnet_coefficients
residual_load_revision_id_minus_da_approx_mw_rolling_mean_3d_same_local_qh,,,,,,,,,,False,True,kept,5808,1.0,5808,forecast_revision,forecast_revision,residual_load_revision_id_minus_da_approx_mw,False,too_correlated_with_kept_feature,renewable_total_forecast_revision_id_minus_da_mw_rolling_mean_3d_same_local_qh,1.0,0.10502662173073818,forecast_revision,forecast_revision,residual_load_revision_id_minus_da_approx_mw,forecast_revision,forecast_revision,residual_load_revision_id_minus_da_approx_mw,False,elasticnet_coefficients
residual_load_revision_id_minus_da_approx_mw_rolling_mean_7d_same_local_qh,,,,,,,,,,False,True,kept,5808,1.0,5808,forecast_revision,forecast_revision,residual_load_revision_id_minus_da_approx_mw,False,too_correlated_with_kept_feature,renewable_total_forecast_revision_id_minus_da_mw_rolling_mean_7d_same_local_qh,1.0,0.04713248850342777,forecast_revision,forecast_revision,residual_load_revision_id_minus_da_approx_mw,forecast_revision,forecast_revision,residual_load_revision_id_minus_da_approx_mw,False,elasticnet_coefficients
residual_load_revision_id_minus_da_approx_mw_rolling_median_14d_same_local_qh,,,,,,,,,,False,True,kept,5808,1.0,3645,forecast_revision,forecast_revision,residual_load_revision_id_minus_da_approx_mw,False,too_correlated_with_kept_feature,renewable_total_forecast_revision_id_minus_da_mw_rolling_median_14d_same_local_qh,1.0,0.07676375270129061,forecast_revision,forecast_revision,residual_load_revision_id_minus_da_approx_mw,forecast_revision,forecast_revision,residual_load_revision_id_minus_da_approx_mw,False,elasticnet_coefficients
residual_load_revision_id_minus_da_approx_mw_rolling_median_28d_same_local_qh,,,,,,,,,,False,True,kept,5808,1.0,2622,forecast_revision,forecast_revision,residual_load_revision_id_minus_da_approx_mw,False,too_correlated_with_kept_feature,renewable_total_forecast_revision_id_minus_da_mw_rolling_median_28d_same_local_qh,1.0,0.11298289241961126,forecast_revision,forecast_revision,residual_load_revision_id_minus_da_approx_mw,forecast_revision,forecast_revision,residual_load_revision_id_minus_da_approx_mw,False,elasticnet_coefficients
residual_load_revision_id_minus_da_approx_mw_rolling_median_3d_same_local_qh,,,,,,,,,,False,True,kept,5808,1.0,4289,forecast_revision,forecast_revision,residual_load_revision_id_minus_da_approx_mw,False,too_correlated_with_kept_feature,renewable_total_forecast_revision_id_minus_da_mw_rolling_median_3d_same_local_qh,1.0,0.0884872816005952,forecast_revision,forecast_revision,residual_load_revision_id_minus_da_approx_mw,forecast_revision,forecast_revision,residual_load_revision_id_minus_da_approx_mw,False,elasticnet_coefficients
residual_load_revision_id_minus_da_approx_mw_rolling_median_7d_same_local_qh,,,,,,,,,,False,True,kept,5808,1.0,3263,forecast_revision,forecast_revision,residual_load_revision_id_minus_da_approx_mw,False,too_correlated_with_kept_feature,renewable_total_forecast_revision_id_minus_da_mw_rolling_median_7d_same_local_qh,1.0,0.06418819856465073,forecast_revision,forecast_revision,residual_load_revision_id_minus_da_approx_mw,forecast_revision,forecast_revision,residual_load_revision_id_minus_da_approx_mw,False,elasticnet_coefficients
residual_load_revision_id_minus_da_approx_mw_rolling_std_14d_same_local_qh,,,,,,,,,,False,True,kept,5808,1.0,5808,forecast_revision,forecast_revision,residual_load_revision_id_minus_da_approx_mw,False,too_correlated_with_kept_feature,renewable_total_forecast_revision_id_minus_da_mw_rolling_std_14d_same_local_qh,1.0,0.007925710098288448,forecast_revision,forecast_revision,residual_load_revision_id_minus_da_approx_mw,forecast_revision,forecast_revision,residual_load_revision_id_minus_da_approx_mw,False,elasticnet_coefficients
residual_load_revision_id_minus_da_approx_mw_rolling_std_28d_same_local_qh,,,,,,,,,,False,True,kept,5808,1.0,5808,forecast_revision,forecast_revision,residual_load_revision_id_minus_da_approx_mw,False,too_correlated_with_kept_feature,renewable_total_forecast_revision_id_minus_da_mw_rolling_std_28d_same_local_qh,1.0,0.0012988659858411361,forecast_revision,forecast_revision,residual_load_revision_id_minus_da_approx_mw,forecast_revision,forecast_revision,residual_load_revision_id_minus_da_approx_mw,False,elasticnet_coefficients
residual_load_revision_id_minus_da_approx_mw_rolling_std_3d_same_local_qh,,,,,,,,,,False,True,kept,5808,1.0,5808,forecast_revision,forecast_revision,residual_load_revision_id_minus_da_approx_mw,False,too_correlated_with_kept_feature,renewable_total_forecast_revision_id_minus_da_mw_rolling_std_3d_same_local_qh,1.0,0.07937662592562389,forecast_revision,forecast_revision,residual_load_revision_id_minus_da_approx_mw,forecast_revision,forecast_revision,residual_load_revision_id_minus_da_approx_mw,False,elasticnet_coefficients
residual_load_revision_id_minus_da_approx_mw_rolling_std_7d_same_local_qh,,,,,,,,,,False,True,kept,5808,1.0,5808,forecast_revision,forecast_revision,residual_load_revision_id_minus_da_approx_mw,False,too_correlated_with_kept_feature,renewable_total_forecast_revision_id_minus_da_mw_rolling_std_7d_same_local_qh,1.0,0.0700120725174189,forecast_revision,forecast_revision,residual_load_revision_id_minus_da_approx_mw,forecast_revision,forecast_revision,residual_load_revision_id_minus_da_approx_mw,False,elasticnet_coefficients
solar_da_forecast_error_mw_rolling_median_3d_same_local_qh,,,,,,,,,,False,True,kept,1485,0.2556818181818182,1404,lagged_forecast_error,lagged_forecast_error,solar_da_forecast_error_mw,False,too_correlated_with_kept_feature,solar_da_forecast_error_mw_rolling_mean_3d_same_local_qh,0.9637731491795021,0.09367656909415142,lagged_forecast_error,lagged_forecast_error,solar_da_forecast_error_mw,lagged_forecast_error,lagged_forecast_error,solar_da_forecast_error_mw,False,elasticnet_coefficients
solar_da_forecast_error_mw_rolling_std_14d_same_local_qh,,,,,,,,,,False,True,kept,2647,0.45575068870523416,2352,lagged_forecast_error,lagged_forecast_error,solar_da_forecast_error_mw,False,too_correlated_with_kept_feature,solar_id_forecast_error_mw_rolling_std_14d_same_local_qh,0.9643362142119885,0.08763372878530082,lagged_forecast_error,lagged_forecast_error,solar_da_forecast_error_mw,lagged_forecast_error,lagged_forecast_error,solar_da_forecast_error_mw,False,elasticnet_coefficients
solar_forecast_da_mw,,,,,,,,,,False,True,kept,3474,0.5981404958677686,3354,da_forecast,forecast_level,solar_forecast_da_mw,False,too_correlated_with_kept_feature,solar_forecast_da_mw_lag_2d_same_local_qh,0.9481366006337452,0.09988986454606488,da_forecast,forecast_level,solar_forecast_da_mw,da_forecast,forecast_level,solar_forecast_da_mw,False,elasticnet_coefficients
solar_forecast_da_mw_lag_14d_same_local_qh,,,,,,,,,,False,True,kept,3160,0.5440771349862259,3047,da_forecast,forecast_level,solar_forecast_da_mw,False,too_correlated_with_kept_feature,solar_forecast_id_mw_lag_14d_same_local_qh,0.9988926186617825,0.12205820900683416,da_forecast,forecast_level,solar_forecast_da_mw,da_forecast,forecast_level,solar_forecast_da_mw,False,elasticnet_coefficients
solar_forecast_da_mw_lag_1d_same_local_qh,,,,,,,,,,False,True,kept,3466,0.596763085399449,3346,da_forecast,forecast_level,solar_forecast_da_mw,False,too_correlated_with_kept_feature,solar_forecast_da_mw_lag_2d_same_local_qh,0.9663729404832705,0.08199297978149407,da_forecast,forecast_level,solar_forecast_da_mw,da_forecast,forecast_level,solar_forecast_da_mw,False,elasticnet_coefficients
solar_forecast_da_mw_lag_7d_same_local_qh,,,,,,,,,,False,True,kept,3320,0.571625344352617,3203,da_forecast,forecast_level,solar_forecast_da_mw,False,too_correlated_with_kept_feature,solar_forecast_id_mw_lag_7d_same_local_qh,0.9990416546231989,0.16469637527702932,da_forecast,forecast_level,solar_forecast_da_mw,da_forecast,forecast_level,solar_forecast_da_mw,False,elasticnet_coefficients
solar_forecast_id_mw,,,,,,,,,,False,True,kept,3469,0.5972796143250688,3349,id_forecast,forecast_level,solar_forecast_id_mw,False,too_correlated_with_kept_feature,solar_forecast_da_mw_lag_2d_same_local_qh,0.9466110023388126,0.09339065700849543,id_forecast,forecast_level,solar_forecast_id_mw,id_forecast,forecast_level,solar_forecast_id_mw,False,elasticnet_coefficients
solar_forecast_id_mw_lag_1d_same_local_qh,,,,,,,,,,False,True,kept,3459,0.5955578512396694,3339,id_forecast,forecast_level,solar_forecast_id_mw,False,too_correlated_with_kept_feature,solar_forecast_da_mw_lag_2d_same_local_qh,0.9686806925192333,0.0843544179626372,id_forecast,forecast_level,solar_forecast_id_mw,id_forecast,forecast_level,solar_forecast_id_mw,False,elasticnet_coefficients
solar_forecast_id_mw_lag_2d_same_local_qh,,,,,,,,,,False,True,kept,3419,0.5886707988980716,3300,id_forecast,forecast_level,solar_forecast_id_mw,False,too_correlated_with_kept_feature,solar_forecast_da_mw_lag_2d_same_local_qh,0.999136683723938,0.12260411866325906,id_forecast,forecast_level,solar_forecast_id_mw,id_forecast,forecast_level,solar_forecast_id_mw,False,elasticnet_coefficients
solar_id_forecast_error_mw_rolling_median_3d_same_local_qh,,,,,,,,,,False,True,kept,1485,0.2556818181818182,1402,lagged_forecast_error,lagged_forecast_error,solar_id_forecast_error_mw,False,too_correlated_with_kept_feature,solar_id_forecast_error_mw_rolling_mean_3d_same_local_qh,0.9582670452891803,0.07580972812042694,lagged_forecast_error,lagged_forecast_error,solar_id_forecast_error_mw,lagged_forecast_error,lagged_forecast_error,solar_id_forecast_error_mw,False,elasticnet_coefficients
solar_id_forecast_error_mw_rolling_std_28d_same_local_qh,,,,,,,,,,False,True,kept,2766,0.4762396694214876,2299,lagged_forecast_error,lagged_forecast_error,solar_id_forecast_error_mw,False,too_correlated_with_kept_feature,solar_id_forecast_error_mw_rolling_std_14d_same_local_qh,0.9209487271381175,0.07207010363284587,lagged_forecast_error,lagged_forecast_error,solar_id_forecast_error_mw,lagged_forecast_error,lagged_forecast_error,solar_id_forecast_error_mw,False,elasticnet_coefficients
solar_id_forecast_error_mw_rolling_std_7d_same_local_qh,,,,,,,,,,False,True,kept,2442,0.42045454545454547,2194,lagged_forecast_error,lagged_forecast_error,solar_id_forecast_error_mw,False,too_correlated_with_kept_feature,solar_da_forecast_error_mw_rolling_std_7d_same_local_qh,0.929130391165669,0.08005757134120686,lagged_forecast_error,lagged_forecast_error,solar_id_forecast_error_mw,lagged_forecast_error,lagged_forecast_error,solar_id_forecast_error_mw,False,elasticnet_coefficients
wind_offshore_da_forecast_error_mw_rolling_mean_14d_same_local_qh,,,,,,,,,,False,True,kept,4704,0.8099173553719008,4174,lagged_forecast_error,lagged_forecast_error,wind_offshore_da_forecast_error_mw,False,too_correlated_with_kept_feature,wind_offshore_id_forecast_error_mw_rolling_mean_14d_same_local_qh,0.9504274598417535,0.05215940124368237,lagged_forecast_error,lagged_forecast_error,wind_offshore_da_forecast_error_mw,lagged_forecast_error,lagged_forecast_error,wind_offshore_da_forecast_error_mw,False,elasticnet_coefficients
wind_offshore_da_forecast_error_mw_rolling_mean_28d_same_local_qh,,,,,,,,,,False,True,kept,4896,0.8429752066115702,4176,lagged_forecast_error,lagged_forecast_error,wind_offshore_da_forecast_error_mw,False,too_correlated_with_kept_feature,wind_offshore_id_forecast_error_mw_rolling_mean_28d_same_local_qh,0.9643566745297338,0.04023204660868551,lagged_forecast_error,lagged_forecast_error,wind_offshore_da_forecast_error_mw,lagged_forecast_error,lagged_forecast_error,wind_offshore_da_forecast_error_mw,False,elasticnet_coefficients
wind_offshore_da_forecast_error_mw_rolling_mean_7d_same_local_qh,,,,,,,,,,False,True,kept,4416,0.7603305785123967,3984,lagged_forecast_error,lagged_forecast_error,wind_offshore_da_forecast_error_mw,False,too_correlated_with_kept_feature,wind_offshore_id_forecast_error_mw_rolling_mean_7d_same_local_qh,0.9331775465044169,0.01745687054467218,lagged_forecast_error,lagged_forecast_error,wind_offshore_da_forecast_error_mw,lagged_forecast_error,lagged_forecast_error,wind_offshore_da_forecast_error_mw,False,elasticnet_coefficients
wind_offshore_da_forecast_error_mw_rolling_median_3d_same_local_qh,,,,,,,,,,False,True,kept,2735,0.4709022038567493,2578,lagged_forecast_error,lagged_forecast_error,wind_offshore_da_forecast_error_mw,False,too_correlated_with_kept_feature,wind_offshore_da_forecast_error_mw_rolling_mean_3d_same_local_qh,0.9818598689249431,0.028666632107481993,lagged_forecast_error,lagged_forecast_error,wind_offshore_da_forecast_error_mw,lagged_forecast_error,lagged_forecast_error,wind_offshore_da_forecast_error_mw,False,elasticnet_coefficients
wind_offshore_forecast_da_mw_lag_14d_same_local_qh,,,,,,,,,,False,True,kept,5470,0.9418044077134986,5446,da_forecast,forecast_level,wind_offshore_forecast_da_mw,False,too_correlated_with_kept_feature,wind_offshore_forecast_id_mw_lag_14d_same_local_qh,0.984112218696021,0.03381322344731201,da_forecast,forecast_level,wind_offshore_forecast_da_mw,da_forecast,forecast_level,wind_offshore_forecast_da_mw,False,elasticnet_coefficients
wind_offshore_forecast_da_mw_lag_2d_same_local_qh,,,,,,,,,,False,True,kept,5758,0.9913911845730028,5741,da_forecast,forecast_level,wind_offshore_forecast_da_mw,False,too_correlated_with_kept_feature,wind_offshore_forecast_id_mw_lag_2d_same_local_qh,0.9854924596920912,0.03546321190317637,da_forecast,forecast_level,wind_offshore_forecast_da_mw,da_forecast,forecast_level,wind_offshore_forecast_da_mw,False,elasticnet_coefficients
wind_offshore_forecast_da_mw_lag_7d_same_local_qh,,,,,,,,,,False,True,kept,5660,0.9745179063360881,5636,da_forecast,forecast_level,wind_offshore_forecast_da_mw,False,too_correlated_with_kept_feature,wind_offshore_forecast_id_mw_lag_7d_same_local_qh,0.9878094650438857,0.09188957889850535,da_forecast,forecast_level,wind_offshore_forecast_da_mw,da_forecast,forecast_level,wind_offshore_forecast_da_mw,False,elasticnet_coefficients
wind_offshore_forecast_id_mw,,,,,,,,,,False,True,kept,5807,0.9998278236914601,5772,id_forecast,forecast_level,wind_offshore_forecast_id_mw,False,too_correlated_with_kept_feature,wind_offshore_forecast_da_mw,0.9876567403015054,0.04114683263969591,id_forecast,forecast_level,wind_offshore_forecast_id_mw,id_forecast,forecast_level,wind_offshore_forecast_id_mw,False,elasticnet_coefficients
wind_offshore_forecast_id_mw_lag_1d_same_local_qh,,,,,,,,,,False,True,kept,5807,0.9998278236914601,5773,id_forecast,forecast_level,wind_offshore_forecast_id_mw,False,too_correlated_with_kept_feature,wind_offshore_forecast_da_mw_lag_1d_same_local_qh,0.9850109173204792,0.04789971689635211,id_forecast,forecast_level,wind_offshore_forecast_id_mw,id_forecast,forecast_level,wind_offshore_forecast_id_mw,False,elasticnet_coefficients
wind_offshore_id_forecast_error_mw_rolling_mean_3d_same_local_qh,,,,,,,,,,False,True,kept,2735,0.4709022038567493,2639,lagged_forecast_error,lagged_forecast_error,wind_offshore_id_forecast_error_mw,False,too_correlated_with_kept_feature,wind_offshore_id_forecast_error_mw_rolling_median_3d_same_local_qh,0.9835012197063379,0.03431499763487794,lagged_forecast_error,lagged_forecast_error,wind_offshore_id_forecast_error_mw,lagged_forecast_error,lagged_forecast_error,wind_offshore_id_forecast_error_mw,False,elasticnet_coefficients
wind_onshore_da_forecast_error_mw_rolling_median_3d_same_local_qh,,,,,,,,,,False,True,kept,2736,0.47107438016528924,2578,lagged_forecast_error,lagged_forecast_error,wind_onshore_da_forecast_error_mw,False,too_correlated_with_kept_feature,wind_onshore_da_forecast_error_mw_rolling_mean_3d_same_local_qh,0.9762408763115246,0.12883561193382972,lagged_forecast_error,lagged_forecast_error,wind_onshore_da_forecast_error_mw,lagged_forecast_error,lagged_forecast_error,wind_onshore_da_forecast_error_mw,False,elasticnet_coefficients
wind_onshore_forecast_da_mw_lag_14d_same_local_qh,,,,,,,,,,False,True,kept,5472,0.9421487603305785,5472,da_forecast,forecast_level,wind_onshore_forecast_da_mw,False,too_correlated_with_kept_feature,wind_total_forecast_id_mw_lag_14d_same_local_qh,0.9766946193297945,0.043500550979976946,da_forecast,forecast_level,wind_onshore_forecast_da_mw,da_forecast,forecast_level,wind_onshore_forecast_da_mw,False,elasticnet_coefficients
wind_onshore_forecast_da_mw_lag_1d_same_local_qh,,,,,,,,,,False,True,kept,5808,1.0,5808,da_forecast,forecast_level,wind_onshore_forecast_da_mw,False,too_correlated_with_kept_feature,wind_total_forecast_id_mw_lag_1d_same_local_qh,0.9801513237199596,0.07518433851630128,da_forecast,forecast_level,wind_onshore_forecast_da_mw,da_forecast,forecast_level,wind_onshore_forecast_da_mw,False,elasticnet_coefficients
wind_onshore_forecast_da_mw_lag_2d_same_local_qh,,,,,,,,,,False,True,kept,5760,0.9917355371900827,5760,da_forecast,forecast_level,wind_onshore_forecast_da_mw,False,too_correlated_with_kept_feature,wind_onshore_forecast_id_mw_lag_2d_same_local_qh,0.9922347058753909,0.03575066838441673,da_forecast,forecast_level,wind_onshore_forecast_da_mw,da_forecast,forecast_level,wind_onshore_forecast_da_mw,False,elasticnet_coefficients
wind_onshore_forecast_da_mw_lag_7d_same_local_qh,,,,,,,,,,False,True,kept,5664,0.9752066115702479,5664,da_forecast,forecast_level,wind_onshore_forecast_da_mw,False,too_correlated_with_kept_feature,wind_total_forecast_id_mw_lag_7d_same_local_qh,0.9809684875253688,0.05422524484954245,da_forecast,forecast_level,wind_onshore_forecast_da_mw,da_forecast,forecast_level,wind_onshore_forecast_da_mw,False,elasticnet_coefficients
wind_onshore_forecast_id_mw,,,,,,,,,,False,True,kept,5808,1.0,5808,id_forecast,forecast_level,wind_onshore_forecast_id_mw,False,too_correlated_with_kept_feature,wind_onshore_forecast_da_mw,0.9923957045994384,0.14610625949056724,id_forecast,forecast_level,wind_onshore_forecast_id_mw,id_forecast,forecast_level,wind_onshore_forecast_id_mw,False,elasticnet_coefficients
wind_onshore_forecast_id_mw_lag_14d_same_local_qh,,,,,,,,,,False,True,kept,5472,0.9421487603305785,5472,id_forecast,forecast_level,wind_onshore_forecast_id_mw,False,too_correlated_with_kept_feature,wind_total_forecast_id_mw_lag_14d_same_local_qh,0.9866952485649806,0.05035198617573934,id_forecast,forecast_level,wind_onshore_forecast_id_mw,id_forecast,forecast_level,wind_onshore_forecast_id_mw,False,elasticnet_coefficients
wind_onshore_forecast_id_mw_lag_1d_same_local_qh,,,,,,,,,,False,True,kept,5808,1.0,5808,id_forecast,forecast_level,wind_onshore_forecast_id_mw,False,too_correlated_with_kept_feature,wind_total_forecast_id_mw_lag_1d_same_local_qh,0.9880154799938681,0.08271878234651278,id_forecast,forecast_level,wind_onshore_forecast_id_mw,id_forecast,forecast_level,wind_onshore_forecast_id_mw,False,elasticnet_coefficients
wind_onshore_forecast_id_mw_lag_7d_same_local_qh,,,,,,,,,,False,True,kept,5664,0.9752066115702479,5664,id_forecast,forecast_level,wind_onshore_forecast_id_mw,False,too_correlated_with_kept_feature,wind_total_forecast_id_mw_lag_7d_same_local_qh,0.9870097018194425,0.05429344433377288,id_forecast,forecast_level,wind_onshore_forecast_id_mw,id_forecast,forecast_level,wind_onshore_forecast_id_mw,False,elasticnet_coefficients
wind_onshore_forecast_revision_id_minus_da_mw,,,,,,,,,,False,True,kept,5808,1.0,5808,forecast_revision,forecast_revision,wind_onshore_forecast_revision_id_minus_da_mw,False,too_correlated_with_kept_feature,wind_total_forecast_revision_id_minus_da_mw,0.9510332817237139,0.23089309691360976,forecast_revision,forecast_revision,wind_onshore_forecast_revision_id_minus_da_mw,forecast_revision,forecast_revision,wind_onshore_forecast_revision_id_minus_da_mw,False,elasticnet_coefficients
wind_onshore_forecast_revision_id_minus_da_mw_lag_2d_same_local_qh,,,,,,,,,,False,True,kept,5760,0.9917355371900827,5760,forecast_revision,forecast_revision,wind_onshore_forecast_revision_id_minus_da_mw,False,too_correlated_with_kept_feature,wind_total_forecast_revision_id_minus_da_mw_lag_2d_same_local_qh,0.9406236813705737,0.12682729153290187,forecast_revision,forecast_revision,wind_onshore_forecast_revision_id_minus_da_mw,forecast_revision,forecast_revision,wind_onshore_forecast_revision_id_minus_da_mw,False,elasticnet_coefficients
wind_onshore_forecast_revision_id_minus_da_mw_lag_7d_same_local_qh,,,,,,,,,,False,True,kept,5664,0.9752066115702479,5664,forecast_revision,forecast_revision,wind_onshore_forecast_revision_id_minus_da_mw,False,too_correlated_with_kept_feature,wind_total_forecast_revision_id_minus_da_mw_lag_7d_same_local_qh,0.9503941670247107,0.006166270635774424,forecast_revision,forecast_revision,wind_onshore_forecast_revision_id_minus_da_mw,forecast_revision,forecast_revision,wind_onshore_forecast_revision_id_minus_da_mw,False,elasticnet_coefficients
wind_onshore_id_forecast_error_mw_rolling_mean_3d_same_local_qh,,,,,,,,,,False,True,kept,2736,0.47107438016528924,2640,lagged_forecast_error,lagged_forecast_error,wind_onshore_id_forecast_error_mw,False,too_correlated_with_kept_feature,wind_onshore_id_forecast_error_mw_rolling_median_3d_same_local_qh,0.9712494487552217,0.07431783546962108,lagged_forecast_error,lagged_forecast_error,wind_onshore_id_forecast_error_mw,lagged_forecast_error,lagged_forecast_error,wind_onshore_id_forecast_error_mw,False,elasticnet_coefficients
wind_total_forecast_da_mw,,,,,,,,,,False,True,kept,5808,1.0,5808,da_forecast,forecast_level,wind_total_forecast_da_mw,False,too_correlated_with_kept_feature,wind_onshore_forecast_da_mw,0.9881665701186328,0.16360999824909248,da_forecast,forecast_level,wind_total_forecast_da_mw,da_forecast,forecast_level,wind_total_forecast_da_mw,False,elasticnet_coefficients
wind_total_forecast_da_mw_lag_14d_same_local_qh,,,,,,,,,,False,True,kept,5472,0.9421487603305785,5472,da_forecast,forecast_level,wind_total_forecast_da_mw,False,too_correlated_with_kept_feature,wind_total_forecast_id_mw_lag_14d_same_local_qh,0.9928476254194541,0.0465422957060362,da_forecast,forecast_level,wind_total_forecast_da_mw,da_forecast,forecast_level,wind_total_forecast_da_mw,False,elasticnet_coefficients
wind_total_forecast_da_mw_lag_1d_same_local_qh,,,,,,,,,,False,True,kept,5808,1.0,5808,da_forecast,forecast_level,wind_total_forecast_da_mw,False,too_correlated_with_kept_feature,wind_total_forecast_id_mw_lag_1d_same_local_qh,0.9932492094805133,0.07937549269023973,da_forecast,forecast_level,wind_total_forecast_da_mw,da_forecast,forecast_level,wind_total_forecast_da_mw,False,elasticnet_coefficients
wind_total_forecast_da_mw_lag_2d_same_local_qh,,,,,,,,,,False,True,kept,5760,0.9917355371900827,5760,da_forecast,forecast_level,wind_total_forecast_da_mw,False,too_correlated_with_kept_feature,wind_onshore_forecast_id_mw_lag_2d_same_local_qh,0.9845183797808876,0.035327283680033066,da_forecast,forecast_level,wind_total_forecast_da_mw,da_forecast,forecast_level,wind_total_forecast_da_mw,False,elasticnet_coefficients
wind_total_forecast_da_mw_lag_7d_same_local_qh,,,,,,,,,,False,True,kept,5664,0.9752066115702479,5664,da_forecast,forecast_level,wind_total_forecast_da_mw,False,too_correlated_with_kept_feature,wind_total_forecast_id_mw_lag_7d_same_local_qh,0.9940693792089853,0.06684243591664467,da_forecast,forecast_level,wind_total_forecast_da_mw,da_forecast,forecast_level,wind_total_forecast_da_mw,False,elasticnet_coefficients
wind_total_forecast_id_mw,,,,,,,,,,False,True,kept,5808,1.0,5808,id_forecast,forecast_level,wind_total_forecast_id_mw,False,too_correlated_with_kept_feature,wind_onshore_forecast_da_mw,0.9802716966866238,0.13491355648341388,id_forecast,forecast_level,wind_total_forecast_id_mw,id_forecast,forecast_level,wind_total_forecast_id_mw,False,elasticnet_coefficients
wind_total_forecast_id_mw_lag_2d_same_local_qh,,,,,,,,,,False,True,kept,5760,0.9917355371900827,5760,id_forecast,forecast_level,wind_total_forecast_id_mw,False,too_correlated_with_kept_feature,wind_onshore_forecast_id_mw_lag_2d_same_local_qh,0.9905783690450293,0.05183803674652903,id_forecast,forecast_level,wind_total_forecast_id_mw,id_forecast,forecast_level,wind_total_forecast_id_mw,False,elasticnet_coefficients
wind_total_forecast_revision_id_minus_da_mw_lag_14d_same_local_qh,,,,,,,,,,False,True,kept,5472,0.9421487603305785,5472,forecast_revision,forecast_revision,wind_total_forecast_revision_id_minus_da_mw,False,too_correlated_with_kept_feature,wind_onshore_forecast_revision_id_minus_da_mw_lag_14d_same_local_qh,0.9370546596598363,0.05705029441277151,forecast_revision,forecast_revision,wind_total_forecast_revision_id_minus_da_mw,forecast_revision,forecast_revision,wind_total_forecast_revision_id_minus_da_mw,False,elasticnet_coefficients
wind_total_forecast_revision_id_minus_da_mw_lag_1d_same_local_qh,,,,,,,,,,False,True,kept,5808,1.0,5808,forecast_revision,forecast_revision,wind_total_forecast_revision_id_minus_da_mw,False,too_correlated_with_kept_feature,wind_onshore_forecast_revision_id_minus_da_mw_lag_1d_same_local_qh,0.946801730833821,0.08599212623060205,forecast_revision,forecast_revision,wind_total_forecast_revision_id_minus_da_mw,forecast_revision,forecast_revision,wind_total_forecast_revision_id_minus_da_mw,False,elasticnet_coefficients
