timestamp_utc,timestamp_local,date_local,hour_local,minute_local,quarter_hour_local,weekday_local,month_local,ida3_price_eur_mwh,da_price_eur_mwh,ida3_minus_da_spread_eur_mwh_lag_1d_same_local_qh,load_da_forecast_error_mw_rolling_mean_3d_same_local_qh,wind_onshore_forecast_da_mw,ida3_minus_da_spread_eur_mwh
2026-05-08 12:00:00+00:00,2026-05-08 14:00:00+02:00,2026-05-08,14,0,0,4,5,72.1,50.92,1.1899999999999977,,4226.33377,21.179999999999993
2026-05-08 12:15:00+00:00,2026-05-08 14:15:00+02:00,2026-05-08,14,15,1,4,5,76.4,50.92,1.0500000000000114,,4364.83036,25.480000000000004
2026-05-08 12:30:00+00:00,2026-05-08 14:30:00+02:00,2026-05-08,14,30,2,4,5,81.05,50.92,1.4200000000000017,,4448.37222,30.129999999999995
2026-05-08 12:45:00+00:00,2026-05-08 14:45:00+02:00,2026-05-08,14,45,3,4,5,86.46,50.92,0.3400000000000034,,4503.27344,35.53999999999999
2026-05-08 13:00:00+00:00,2026-05-08 15:00:00+02:00,2026-05-08,15,0,0,4,5,81.49,73.31,-4.230000000000004,,4544.30187,8.179999999999993
2026-05-08 13:15:00+00:00,2026-05-08 15:15:00+02:00,2026-05-08,15,15,1,4,5,90.83,73.31,-3.049999999999997,,4577.92967,17.519999999999996
2026-05-08 13:30:00+00:00,2026-05-08 15:30:00+02:00,2026-05-08,15,30,2,4,5,98.36,73.31,0.6099999999999994,,4610.31332,25.049999999999997
2026-05-08 13:45:00+00:00,2026-05-08 15:45:00+02:00,2026-05-08,15,45,3,4,5,99.8,73.31,0.4099999999999966,,4634.04527,26.489999999999995
2026-05-08 14:00:00+00:00,2026-05-08 16:00:00+02:00,2026-05-08,16,0,0,4,5,89.31,94.94,-8.649999999999991,,4660.37118,-5.6299999999999955
2026-05-08 14:15:00+00:00,2026-05-08 16:15:00+02:00,2026-05-08,16,15,1,4,5,96.7,94.94,0.12999999999999545,,4681.95739,1.7600000000000051
2026-05-08 14:30:00+00:00,2026-05-08 16:30:00+02:00,2026-05-08,16,30,2,4,5,100.21,94.94,1.9500000000000028,,4704.51368,5.269999999999996
2026-05-08 14:45:00+00:00,2026-05-08 16:45:00+02:00,2026-05-08,16,45,3,4,5,109.06,94.94,2.3900000000000006,,4726.46355,14.120000000000005
2026-05-08 15:00:00+00:00,2026-05-08 17:00:00+02:00,2026-05-08,17,0,0,4,5,96.44,114.13,-4.810000000000002,,4746.9118,-17.689999999999998
2026-05-08 15:15:00+00:00,2026-05-08 17:15:00+02:00,2026-05-08,17,15,1,4,5,105.53,114.13,-1.0799999999999983,,4817.6704,-8.599999999999994
2026-05-08 15:30:00+00:00,2026-05-08 17:30:00+02:00,2026-05-08,17,30,2,4,5,116.67,114.13,1.049999999999983,,4890.92909,2.5400000000000063
2026-05-08 15:45:00+00:00,2026-05-08 17:45:00+02:00,2026-05-08,17,45,3,4,5,128.0,114.13,2.910000000000025,,4966.90418,13.870000000000005
2026-05-08 16:00:00+00:00,2026-05-08 18:00:00+02:00,2026-05-08,18,0,0,4,5,112.47,132.4,-2.8499999999999943,,5060.66204,-19.930000000000007
2026-05-08 16:15:00+00:00,2026-05-08 18:15:00+02:00,2026-05-08,18,15,1,4,5,124.0,132.4,-0.12000000000000455,,5198.94978,-8.400000000000006
2026-05-08 16:30:00+00:00,2026-05-08 18:30:00+02:00,2026-05-08,18,30,2,4,5,132.19,132.4,0.25,,5343.31802,-0.21000000000000796
2026-05-08 16:45:00+00:00,2026-05-08 18:45:00+02:00,2026-05-08,18,45,3,4,5,142.71,132.4,-2.8300000000000125,,5486.01906,10.310000000000002
2026-05-08 17:00:00+00:00,2026-05-08 19:00:00+02:00,2026-05-08,19,0,0,4,5,133.95,146.3,-11.969999999999999,,5635.11306,-12.350000000000023
2026-05-08 17:15:00+00:00,2026-05-08 19:15:00+02:00,2026-05-08,19,15,1,4,5,143.68,146.3,-22.810000000000002,,5860.82897,-2.6200000000000045
2026-05-08 17:30:00+00:00,2026-05-08 19:30:00+02:00,2026-05-08,19,30,2,4,5,153.37,146.3,-5.189999999999998,,6091.36023,7.069999999999993
2026-05-08 17:45:00+00:00,2026-05-08 19:45:00+02:00,2026-05-08,19,45,3,4,5,165.0,146.3,-4.439999999999998,,6363.84259,18.69999999999999
2026-05-08 18:00:00+00:00,2026-05-08 20:00:00+02:00,2026-05-08,20,0,0,4,5,159.05,150.24,-17.069999999999993,,6672.59826,8.810000000000002
2026-05-08 18:15:00+00:00,2026-05-08 20:15:00+02:00,2026-05-08,20,15,1,4,5,156.01,150.24,-19.26000000000002,,7067.09203,5.769999999999982
2026-05-08 18:30:00+00:00,2026-05-08 20:30:00+02:00,2026-05-08,20,30,2,4,5,154.01,150.24,-15.869999999999976,,7566.20068,3.769999999999982
2026-05-08 18:45:00+00:00,2026-05-08 20:45:00+02:00,2026-05-08,20,45,3,4,5,154.17,150.24,-47.829999999999984,,8051.47183,3.9299999999999784
2026-05-08 19:00:00+00:00,2026-05-08 21:00:00+02:00,2026-05-08,21,0,0,4,5,160.3,137.28,-19.30000000000001,,8496.41614,23.02000000000001
2026-05-08 19:15:00+00:00,2026-05-08 21:15:00+02:00,2026-05-08,21,15,1,4,5,145.45,137.28,-23.97,,8921.65026,8.169999999999987
2026-05-08 19:30:00+00:00,2026-05-08 21:30:00+02:00,2026-05-08,21,30,2,4,5,139.09,137.28,-29.400000000000006,,9354.30561,1.8100000000000023
2026-05-08 19:45:00+00:00,2026-05-08 21:45:00+02:00,2026-05-08,21,45,3,4,5,132.0,137.28,-33.77000000000001,,9797.41085,-5.280000000000001
2026-05-08 20:00:00+00:00,2026-05-08 22:00:00+02:00,2026-05-08,22,0,0,4,5,138.0,132.36,-8.560000000000002,,9978.22313,5.639999999999986
2026-05-08 20:15:00+00:00,2026-05-08 22:15:00+02:00,2026-05-08,22,15,1,4,5,130.8,132.36,-5.140000000000015,,10188.6828,-1.5600000000000023
2026-05-08 20:30:00+00:00,2026-05-08 22:30:00+02:00,2026-05-08,22,30,2,4,5,128.56,132.36,-9.569999999999993,,10394.98842,-3.8000000000000114
2026-05-08 20:45:00+00:00,2026-05-08 22:45:00+02:00,2026-05-08,22,45,3,4,5,123.12,132.36,-4.1200000000000045,,10536.51837,-9.240000000000009
2026-05-08 21:00:00+00:00,2026-05-08 23:00:00+02:00,2026-05-08,23,0,0,4,5,122.43,118.64,-12.860000000000014,,10645.88186,3.7900000000000063
2026-05-08 21:15:00+00:00,2026-05-08 23:15:00+02:00,2026-05-08,23,15,1,4,5,119.49,118.64,-6.680000000000007,,10618.00404,0.8499999999999943
2026-05-08 21:30:00+00:00,2026-05-08 23:30:00+02:00,2026-05-08,23,30,2,4,5,117.46,118.64,-1.5300000000000011,,10584.83703,-1.1800000000000068
2026-05-08 21:45:00+00:00,2026-05-08 23:45:00+02:00,2026-05-08,23,45,3,4,5,109.77,118.64,-7.329999999999998,,10548.18388,-8.870000000000005
2026-05-09 10:00:00+00:00,2026-05-09 12:00:00+02:00,2026-05-09,12,0,0,5,5,-12.36,-2.82,32.12,-2700.1420225,864.88815,-9.54
2026-05-09 10:15:00+00:00,2026-05-09 12:15:00+02:00,2026-05-09,12,15,1,5,5,-13.2,-2.82,33.470000000000006,-3040.1475269999974,862.89265,-10.379999999999999
2026-05-09 10:30:00+00:00,2026-05-09 12:30:00+02:00,2026-05-09,12,30,2,5,5,-7.62,-2.82,28.07,-3047.9521109999987,859.0283,-4.800000000000001
2026-05-09 10:45:00+00:00,2026-05-09 12:45:00+02:00,2026-05-09,12,45,3,5,5,-6.82,-2.82,25.140000000000008,-3016.7857769999973,851.44048,-4.0
2026-05-09 11:00:00+00:00,2026-05-09 13:00:00+02:00,2026-05-09,13,0,0,5,5,-9.54,-2.23,35.33,-2004.302034999997,846.33124,-7.309999999999999
2026-05-09 11:15:00+00:00,2026-05-09 13:15:00+02:00,2026-05-09,13,15,1,5,5,-9.02,-2.23,35.47999999999999,-2012.4755190000033,836.48346,-6.789999999999999
2026-05-09 11:30:00+00:00,2026-05-09 13:30:00+02:00,2026-05-09,13,30,2,5,5,-10.93,-2.23,32.36,-2153.1767775000008,835.30486,-8.7
2026-05-09 11:45:00+00:00,2026-05-09 13:45:00+02:00,2026-05-09,13,45,3,5,5,-10.91,-2.23,25.22999999999999,-1536.7965444999973,841.84251,-8.68
2026-05-09 12:00:00+00:00,2026-05-09 14:00:00+02:00,2026-05-09,14,0,0,5,5,-10.97,-1.8,21.179999999999993,-1898.067908500001,870.01859,-9.17
2026-05-09 12:15:00+00:00,2026-05-09 14:15:00+02:00,2026-05-09,14,15,1,5,5,-10.02,-1.8,25.480000000000004,-1763.9274820000028,935.11618,-8.219999999999999
2026-05-09 12:30:00+00:00,2026-05-09 14:30:00+02:00,2026-05-09,14,30,2,5,5,-7.57,-1.8,30.129999999999995,-1978.2018045000004,988.60579,-5.7700000000000005
2026-05-09 12:45:00+00:00,2026-05-09 14:45:00+02:00,2026-05-09,14,45,3,5,5,-8.85,-1.8,35.53999999999999,-1762.9064524999994,1017.10284,-7.05
2026-05-09 13:00:00+00:00,2026-05-09 15:00:00+02:00,2026-05-09,15,0,0,5,5,-9.69,0.72,8.179999999999993,-1783.1608804999996,1072.51349,-10.41
2026-05-09 13:15:00+00:00,2026-05-09 15:15:00+02:00,2026-05-09,15,15,1,5,5,-5.38,0.72,17.519999999999996,-1299.4102764999989,1139.4044,-6.1
2026-05-09 13:30:00+00:00,2026-05-09 15:30:00+02:00,2026-05-09,15,30,2,5,5,-2.1,0.72,25.049999999999997,-1817.7169409999988,1210.3861,-2.8200000000000003
2026-05-09 13:45:00+00:00,2026-05-09 15:45:00+02:00,2026-05-09,15,45,3,5,5,12.19,0.72,26.489999999999995,-1425.199858,1297.64643,11.469999999999999
2026-05-09 14:00:00+00:00,2026-05-09 16:00:00+02:00,2026-05-09,16,0,0,5,5,6.98,29.15,-5.6299999999999955,-1486.2300529999993,1379.77543,-22.169999999999998
2026-05-09 14:15:00+00:00,2026-05-09 16:15:00+02:00,2026-05-09,16,15,1,5,5,15.0,29.15,1.7600000000000051,-1700.9595769999978,1472.6265,-14.149999999999999
2026-05-09 14:30:00+00:00,2026-05-09 16:30:00+02:00,2026-05-09,16,30,2,5,5,37.01,29.15,5.269999999999996,-2461.4572929999995,1567.94611,7.859999999999999
2026-05-09 14:45:00+00:00,2026-05-09 16:45:00+02:00,2026-05-09,16,45,3,5,5,65.83,29.15,14.120000000000005,-2072.8920370000014,1662.58186,36.68
2026-05-09 15:00:00+00:00,2026-05-09 17:00:00+02:00,2026-05-09,17,0,0,5,5,50.06,92.95,-17.689999999999998,-1757.641498500001,1768.22738,-42.89
2026-05-09 15:15:00+00:00,2026-05-09 17:15:00+02:00,2026-05-09,17,15,1,5,5,84.87,92.95,-8.599999999999994,-2673.1387499999983,1943.59461,-8.079999999999998
2026-05-09 15:30:00+00:00,2026-05-09 17:30:00+02:00,2026-05-09,17,30,2,5,5,93.46,92.95,2.5400000000000063,-2122.5679135000028,2118.604,0.5099999999999909
2026-05-09 15:45:00+00:00,2026-05-09 17:45:00+02:00,2026-05-09,17,45,3,5,5,114.21,92.95,13.870000000000005,-1849.1354290000017,2298.84625,21.25999999999999
2026-05-09 16:00:00+00:00,2026-05-09 18:00:00+02:00,2026-05-09,18,0,0,5,5,103.7,122.06,-19.930000000000007,-1308.060915500002,2478.10817,-18.36
2026-05-09 16:15:00+00:00,2026-05-09 18:15:00+02:00,2026-05-09,18,15,1,5,5,111.03,122.06,-8.400000000000006,-1418.5815330000005,2692.35718,-11.030000000000001
2026-05-09 16:30:00+00:00,2026-05-09 18:30:00+02:00,2026-05-09,18,30,2,5,5,116.14,122.06,-0.21000000000000796,-1499.5243874999978,2905.72017,-5.920000000000002
2026-05-09 16:45:00+00:00,2026-05-09 18:45:00+02:00,2026-05-09,18,45,3,5,5,131.35,122.06,10.310000000000002,-1769.5634449999998,3117.11874,9.289999999999992
2026-05-09 17:00:00+00:00,2026-05-09 19:00:00+02:00,2026-05-09,19,0,0,5,5,119.8,138.94,-12.350000000000023,-1023.8916390000013,3348.51434,-19.14
2026-05-09 17:15:00+00:00,2026-05-09 19:15:00+02:00,2026-05-09,19,15,1,5,5,126.11,138.94,-2.6200000000000045,-1087.4037979999994,3685.38601,-12.829999999999998
2026-05-09 17:30:00+00:00,2026-05-09 19:30:00+02:00,2026-05-09,19,30,2,5,5,132.14,138.94,7.069999999999993,-887.2162649999991,4022.22159,-6.800000000000011
2026-05-09 17:45:00+00:00,2026-05-09 19:45:00+02:00,2026-05-09,19,45,3,5,5,150.74,138.94,18.69999999999999,-1089.2022180000022,4399.293,11.800000000000011
2026-05-09 18:00:00+00:00,2026-05-09 20:00:00+02:00,2026-05-09,20,0,0,5,5,142.89,146.5,8.810000000000002,-738.636982,4798.2473,-3.6100000000000136
2026-05-09 18:15:00+00:00,2026-05-09 20:15:00+02:00,2026-05-09,20,15,1,5,5,150.0,146.5,5.769999999999982,-990.0323184999979,5259.68142,3.5
2026-05-09 18:30:00+00:00,2026-05-09 20:30:00+02:00,2026-05-09,20,30,2,5,5,150.01,146.5,3.769999999999982,-1137.0594864999985,5807.76841,3.509999999999991
2026-05-09 18:45:00+00:00,2026-05-09 20:45:00+02:00,2026-05-09,20,45,3,5,5,145.1,146.5,3.9299999999999784,-919.9721664999997,6357.17644,-1.4000000000000057
2026-05-09 19:00:00+00:00,2026-05-09 21:00:00+02:00,2026-05-09,21,0,0,5,5,150.48,141.43,23.02000000000001,-1090.1329435000007,6884.62582,9.049999999999983
2026-05-09 19:15:00+00:00,2026-05-09 21:15:00+02:00,2026-05-09,21,15,1,5,5,150.0,141.43,8.169999999999987,-592.0871604999993,7339.8542,8.569999999999993
2026-05-09 19:30:00+00:00,2026-05-09 21:30:00+02:00,2026-05-09,21,30,2,5,5,143.53,141.43,1.8100000000000023,-459.64153950000036,7791.47113,2.0999999999999943
2026-05-09 19:45:00+00:00,2026-05-09 21:45:00+02:00,2026-05-09,21,45,3,5,5,129.38,141.43,-5.280000000000001,-390.2618029999976,8245.19613,-12.050000000000011
2026-05-09 20:00:00+00:00,2026-05-09 22:00:00+02:00,2026-05-09,22,0,0,5,5,141.51,133.26,5.639999999999986,-849.5050195000003,8497.5128,8.25
2026-05-09 20:15:00+00:00,2026-05-09 22:15:00+02:00,2026-05-09,22,15,1,5,5,137.91,133.26,-1.5600000000000023,-657.0423115000012,8671.70911,4.650000000000006
2026-05-09 20:30:00+00:00,2026-05-09 22:30:00+02:00,2026-05-09,22,30,2,5,5,129.05,133.26,-3.8000000000000114,-568.0610019999986,8837.2163,-4.2099999999999795
2026-05-09 20:45:00+00:00,2026-05-09 22:45:00+02:00,2026-05-09,22,45,3,5,5,123.92,133.26,-9.240000000000009,-898.4816879999998,8928.52353,-9.33999999999999
2026-05-09 21:00:00+00:00,2026-05-09 23:00:00+02:00,2026-05-09,23,0,0,5,5,127.58,124.84,3.7900000000000063,-551.7133434999996,8987.73761,2.739999999999995
2026-05-09 21:15:00+00:00,2026-05-09 23:15:00+02:00,2026-05-09,23,15,1,5,5,133.87,124.84,0.8499999999999943,-433.18213999999716,8846.24222,9.030000000000001
2026-05-09 21:30:00+00:00,2026-05-09 23:30:00+02:00,2026-05-09,23,30,2,5,5,130.0,124.84,-1.1800000000000068,-246.54993099999774,8696.71473,5.159999999999997
2026-05-09 21:45:00+00:00,2026-05-09 23:45:00+02:00,2026-05-09,23,45,3,5,5,120.63,124.84,-8.870000000000005,-164.74411150000014,8542.27881,-4.210000000000008
2026-05-11 10:00:00+00:00,2026-05-11 12:00:00+02:00,2026-05-11,12,0,0,0,5,87.8,95.0,,-4102.921137333331,11549.46855,-7.200000000000003
2026-05-11 10:15:00+00:00,2026-05-11 12:15:00+02:00,2026-05-11,12,15,1,0,5,86.95,90.0,,-3738.3236289999986,12136.78828,-3.049999999999997
2026-05-11 10:30:00+00:00,2026-05-11 12:30:00+02:00,2026-05-11,12,30,2,0,5,86.85,106.19,,-4418.798232666665,12717.62857,-19.340000000000003
2026-05-11 10:45:00+00:00,2026-05-11 12:45:00+02:00,2026-05-11,12,45,3,0,5,85.6,97.02,,-4436.804192999999,13302.04063,-11.420000000000002
2026-05-11 11:00:00+00:00,2026-05-11 13:00:00+02:00,2026-05-11,13,0,0,0,5,86.21,101.66,,-4025.0506673333316,13905.4044,-15.450000000000003
2026-05-11 11:15:00+00:00,2026-05-11 13:15:00+02:00,2026-05-11,13,15,1,0,5,86.18,101.22,,-4855.472992000003,14526.6837,-15.039999999999992
2026-05-11 11:30:00+00:00,2026-05-11 13:30:00+02:00,2026-05-11,13,30,2,0,5,85.49,98.72,,-4577.921174666667,15174.68113,-13.230000000000004
2026-05-11 11:45:00+00:00,2026-05-11 13:45:00+02:00,2026-05-11,13,45,3,0,5,82.12,75.75,,-4380.211660333334,15859.41578,6.3700000000000045
2026-05-11 12:00:00+00:00,2026-05-11 14:00:00+02:00,2026-05-11,14,0,0,0,5,83.99,97.33,,-4893.203315333335,16602.8512,-13.340000000000003
2026-05-11 12:15:00+00:00,2026-05-11 14:15:00+02:00,2026-05-11,14,15,1,0,5,84.08,97.32,,-4770.881167000002,17330.30239,-13.239999999999995
2026-05-11 12:30:00+00:00,2026-05-11 14:30:00+02:00,2026-05-11,14,30,2,0,5,82.05,94.02,,-5504.886471666669,17979.50541,-11.969999999999999
2026-05-11 12:45:00+00:00,2026-05-11 14:45:00+02:00,2026-05-11,14,45,3,0,5,80.68,95.25,,-5197.377867333332,18582.72721,-14.569999999999993
2026-05-11 13:00:00+00:00,2026-05-11 15:00:00+02:00,2026-05-11,15,0,0,0,5,82.71,95.04,,-4985.8188136666695,19152.7258,-12.330000000000013
2026-05-11 13:15:00+00:00,2026-05-11 15:15:00+02:00,2026-05-11,15,15,1,0,5,83.02,96.02,,-4901.593645333334,19681.70008,-13.0
2026-05-11 13:30:00+00:00,2026-05-11 15:30:00+02:00,2026-05-11,15,30,2,0,5,83.3,95.9,,-5630.330052333334,20208.66949,-12.600000000000009
2026-05-11 13:45:00+00:00,2026-05-11 15:45:00+02:00,2026-05-11,15,45,3,0,5,84.01,97.84,,-5008.070211333332,20703.56727,-13.829999999999998
2026-05-11 14:00:00+00:00,2026-05-11 16:00:00+02:00,2026-05-11,16,0,0,0,5,83.06,82.86,,-4519.634241666667,21187.69588,0.20000000000000284
2026-05-11 14:15:00+00:00,2026-05-11 16:15:00+02:00,2026-05-11,16,15,1,0,5,86.93,74.51,,-4920.381517666664,21631.06434,12.420000000000002
2026-05-11 14:30:00+00:00,2026-05-11 16:30:00+02:00,2026-05-11,16,30,2,0,5,86.0,101.68,,-4898.365723666665,22052.69244,-15.680000000000007
2026-05-11 14:45:00+00:00,2026-05-11 16:45:00+02:00,2026-05-11,16,45,3,0,5,87.29,112.56,,-4651.953939666666,22453.26361,-25.269999999999996
2026-05-11 15:00:00+00:00,2026-05-11 17:00:00+02:00,2026-05-11,17,0,0,0,5,87.58,101.65,,-4429.191290333333,22763.45339,-14.070000000000007
2026-05-11 15:15:00+00:00,2026-05-11 17:15:00+02:00,2026-05-11,17,15,1,0,5,99.99,82.62,,-4282.70497133333,22718.47428,17.36999999999999
2026-05-11 15:30:00+00:00,2026-05-11 17:30:00+02:00,2026-05-11,17,30,2,0,5,104.92,120.98,,-3388.256572333334,22665.98798,-16.060000000000002
2026-05-11 15:45:00+00:00,2026-05-11 17:45:00+02:00,2026-05-11,17,45,3,0,5,111.11,105.7,,-3046.921110666665,22607.04385,5.409999999999997
2026-05-11 16:00:00+00:00,2026-05-11 18:00:00+02:00,2026-05-11,18,0,0,0,5,107.86,120.52,,-2686.2095476666677,22512.62464,-12.659999999999997
2026-05-11 16:15:00+00:00,2026-05-11 18:15:00+02:00,2026-05-11,18,15,1,0,5,114.98,109.2,,-2647.221629666669,22270.94192,5.780000000000001
2026-05-11 16:30:00+00:00,2026-05-11 18:30:00+02:00,2026-05-11,18,30,2,0,5,119.08,122.52,,-2003.8667920000007,22014.53677,-3.4399999999999977
2026-05-11 16:45:00+00:00,2026-05-11 18:45:00+02:00,2026-05-11,18,45,3,0,5,120.08,119.85,,-2267.353738000003,21743.52373,0.23000000000000398
2026-05-11 17:00:00+00:00,2026-05-11 19:00:00+02:00,2026-05-11,19,0,0,0,5,128.78,109.2,,-1572.7660656666678,21462.34923,19.58
2026-05-11 17:15:00+00:00,2026-05-11 19:15:00+02:00,2026-05-11,19,15,1,0,5,132.0,114.22,,-1412.692985333335,20996.03024,17.78
2026-05-11 17:30:00+00:00,2026-05-11 19:30:00+02:00,2026-05-11,19,30,2,0,5,132.0,131.98,,-1118.813969666667,20533.69891,0.020000000000010232
2026-05-11 17:45:00+00:00,2026-05-11 19:45:00+02:00,2026-05-11,19,45,3,0,5,137.0,141.99,,-1428.2563666666708,20137.55919,-4.990000000000009
2026-05-11 18:00:00+00:00,2026-05-11 20:00:00+02:00,2026-05-11,20,0,0,0,5,134.46,127.2,,-607.2990576666658,19798.48826,7.260000000000005
2026-05-11 18:15:00+00:00,2026-05-11 20:15:00+02:00,2026-05-11,20,15,1,0,5,136.34,128.14,,-1095.0514516666688,19570.32977,8.200000000000017
2026-05-11 18:30:00+00:00,2026-05-11 20:30:00+02:00,2026-05-11,20,30,2,0,5,137.12,133.33,,-1406.6176116666659,19456.94282,3.789999999999992
2026-05-11 18:45:00+00:00,2026-05-11 20:45:00+02:00,2026-05-11,20,45,3,0,5,136.88,135.6,,-1492.5767073333311,19391.35409,1.2800000000000011
2026-05-11 19:00:00+00:00,2026-05-11 21:00:00+02:00,2026-05-11,21,0,0,0,5,136.91,128.78,,-1242.737220666667,19451.75304,8.129999999999995
2026-05-11 19:15:00+00:00,2026-05-11 21:15:00+02:00,2026-05-11,21,15,1,0,5,134.95,128.2,,-561.0602816666651,19586.58766,6.75
2026-05-11 19:30:00+00:00,2026-05-11 21:30:00+02:00,2026-05-11,21,30,2,0,5,131.91,121.5,,-482.2969236666686,19659.46721,10.409999999999997
2026-05-11 19:45:00+00:00,2026-05-11 21:45:00+02:00,2026-05-11,21,45,3,0,5,120.0,115.5,,-443.77353966666607,19702.4143,4.5
2026-05-11 20:00:00+00:00,2026-05-11 22:00:00+02:00,2026-05-11,22,0,0,0,5,130.19,125.61,,-928.3363023333319,19539.0434,4.579999999999998
2026-05-11 20:15:00+00:00,2026-05-11 22:15:00+02:00,2026-05-11,22,15,1,0,5,123.2,116.29,,-1001.531805999999,19772.94264,6.909999999999997
2026-05-11 20:30:00+00:00,2026-05-11 22:30:00+02:00,2026-05-11,22,30,2,0,5,119.61,121.86,,-909.3794543333352,19997.81516,-2.25
2026-05-11 20:45:00+00:00,2026-05-11 22:45:00+02:00,2026-05-11,22,45,3,0,5,115.0,110.05,,-1321.8096100000014,20261.33128,4.950000000000003
2026-05-11 21:00:00+00:00,2026-05-11 23:00:00+02:00,2026-05-11,23,0,0,0,5,116.49,110.71,,-1116.452251,20499.95737,5.780000000000001
2026-05-11 21:15:00+00:00,2026-05-11 23:15:00+02:00,2026-05-11,23,15,1,0,5,110.21,103.85,,-1159.636533333333,20782.89946,6.359999999999999
2026-05-11 21:30:00+00:00,2026-05-11 23:30:00+02:00,2026-05-11,23,30,2,0,5,106.3,100.43,,-984.9065466666701,21063.34244,5.86999999999999
2026-05-11 21:45:00+00:00,2026-05-11 23:45:00+02:00,2026-05-11,23,45,3,0,5,99.0,101.06,,-996.4933409999988,21340.62024,-2.0600000000000023
2026-05-12 10:00:00+00:00,2026-05-12 12:00:00+02:00,2026-05-12,12,0,0,1,5,62.43,36.64,-7.200000000000003,-4136.478901499999,21036.18677,25.79
2026-05-12 10:15:00+00:00,2026-05-12 12:15:00+02:00,2026-05-12,12,15,1,1,5,55.0,36.64,-3.049999999999997,-3428.2467890000007,20888.5668,18.36
2026-05-12 10:30:00+00:00,2026-05-12 12:30:00+02:00,2026-05-12,12,30,2,1,5,49.68,36.64,-19.340000000000003,-4378.8355169999995,20759.57128,13.04
2026-05-12 10:45:00+00:00,2026-05-12 12:45:00+02:00,2026-05-12,12,45,3,1,5,44.0,36.64,-11.420000000000002,-4478.7897085,20657.8082,7.359999999999999
2026-05-12 11:00:00+00:00,2026-05-12 13:00:00+02:00,2026-05-12,13,0,0,1,5,45.42,24.16,-15.450000000000003,-4110.441312999999,20563.3551,21.26
2026-05-12 11:15:00+00:00,2026-05-12 13:15:00+02:00,2026-05-12,13,15,1,1,5,38.03,24.16,-15.039999999999992,-5176.575434500002,20509.98008,13.870000000000001
2026-05-12 11:30:00+00:00,2026-05-12 13:30:00+02:00,2026-05-12,13,30,2,1,5,28.0,24.16,-13.230000000000004,-4684.903700999999,20519.10881,3.84
2026-05-12 11:45:00+00:00,2026-05-12 13:45:00+02:00,2026-05-12,13,45,3,1,5,23.11,24.16,6.3700000000000045,-4645.375696000003,20600.52334,-1.0500000000000007
2026-05-12 12:00:00+00:00,2026-05-12 14:00:00+02:00,2026-05-12,14,0,0,1,5,28.93,18.11,-13.340000000000003,-5468.099037,20773.4669,10.82
2026-05-12 12:15:00+00:00,2026-05-12 14:15:00+02:00,2026-05-12,14,15,1,1,5,28.01,18.11,-13.239999999999995,-5270.959713,21006.54037,9.900000000000002
2026-05-12 12:30:00+00:00,2026-05-12 14:30:00+02:00,2026-05-12,14,30,2,1,5,32.01,18.11,-11.969999999999999,-6340.163083000003,21171.62938,13.899999999999999
2026-05-12 12:45:00+00:00,2026-05-12 14:45:00+02:00,2026-05-12,14,45,3,1,5,38.2,18.11,-14.569999999999993,-5948.671460999998,21349.70789,20.090000000000003
2026-05-12 13:00:00+00:00,2026-05-12 15:00:00+02:00,2026-05-12,15,0,0,1,5,38.15,32.31,-12.330000000000013,-5653.618022500003,21447.93124,5.839999999999996
2026-05-12 13:15:00+00:00,2026-05-12 15:15:00+02:00,2026-05-12,15,15,1,1,5,42.99,32.31,-13.0,-5488.156536500002,21647.79935,10.68
2026-05-12 13:30:00+00:00,2026-05-12 15:30:00+02:00,2026-05-12,15,30,2,1,5,52.09,32.31,-12.600000000000009,-6379.480961000001,21862.20137,19.78
2026-05-12 13:45:00+00:00,2026-05-12 15:45:00+02:00,2026-05-12,15,45,3,1,5,64.01,32.31,-13.829999999999998,-5567.789171999997,22043.58152,31.700000000000003
2026-05-12 14:00:00+00:00,2026-05-12 16:00:00+02:00,2026-05-12,16,0,0,1,5,59.0,57.06,0.20000000000000284,-5073.801699,22258.5299,1.9399999999999977
2026-05-12 14:15:00+00:00,2026-05-12 16:15:00+02:00,2026-05-12,16,15,1,1,5,74.2,57.06,12.420000000000002,-5743.968814499996,22395.82917,17.14
2026-05-12 14:30:00+00:00,2026-05-12 16:30:00+02:00,2026-05-12,16,30,2,1,5,80.55,57.06,-15.680000000000007,-5374.868632999998,22536.0346,23.489999999999995
2026-05-12 14:45:00+00:00,2026-05-12 16:45:00+02:00,2026-05-12,16,45,3,1,5,92.81,57.06,-25.269999999999996,-5128.873633499999,22653.39384,35.75
2026-05-12 15:00:00+00:00,2026-05-12 17:00:00+02:00,2026-05-12,17,0,0,1,5,78.39,89.66,-14.070000000000007,-4646.810989000001,22704.41113,-11.269999999999996
2026-05-12 15:15:00+00:00,2026-05-12 17:15:00+02:00,2026-05-12,17,15,1,1,5,89.36,89.66,17.36999999999999,-4212.094577999997,22567.84159,-0.29999999999999716
2026-05-12 15:30:00+00:00,2026-05-12 17:30:00+02:00,2026-05-12,17,30,2,1,5,100.0,89.66,-16.060000000000002,-2974.288687,22419.00441,10.340000000000003
2026-05-12 15:45:00+00:00,2026-05-12 17:45:00+02:00,2026-05-12,17,45,3,1,5,115.44,89.66,5.409999999999997,-2430.963170999996,22063.19589,25.78
2026-05-12 16:00:00+00:00,2026-05-12 18:00:00+02:00,2026-05-12,18,0,0,1,5,99.09,117.69,-12.659999999999997,-2244.5180425,21599.52523,-18.599999999999994
2026-05-12 16:15:00+00:00,2026-05-12 18:15:00+02:00,2026-05-12,18,15,1,1,5,108.0,117.69,5.780000000000001,-2153.0133570000035,20944.00196,-9.689999999999998
2026-05-12 16:30:00+00:00,2026-05-12 18:30:00+02:00,2026-05-12,18,30,2,1,5,121.43,117.69,-3.4399999999999977,-1582.529679500003,20284.35982,3.740000000000009
2026-05-12 16:45:00+00:00,2026-05-12 18:45:00+02:00,2026-05-12,18,45,3,1,5,130.94,117.69,0.23000000000000398,-1873.6505745000031,19616.81552,13.25
2026-05-12 17:00:00+00:00,2026-05-12 19:00:00+02:00,2026-05-12,19,0,0,1,5,124.71,139.64,19.58,-1175.310052500001,18904.99125,-14.929999999999993
2026-05-12 17:15:00+00:00,2026-05-12 19:15:00+02:00,2026-05-12,19,15,1,1,5,132.59,139.64,17.78,-1184.2285345000018,18100.70095,-7.049999999999983
2026-05-12 17:30:00+00:00,2026-05-12 19:30:00+02:00,2026-05-12,19,30,2,1,5,140.84,139.64,0.020000000000010232,-1000.4449744999984,17299.72052,1.200000000000017
2026-05-12 17:45:00+00:00,2026-05-12 19:45:00+02:00,2026-05-12,19,45,3,1,5,151.11,139.64,-4.990000000000009,-1282.4054215000033,16606.87999,11.470000000000027
2026-05-12 18:00:00+00:00,2026-05-12 20:00:00+02:00,2026-05-12,20,0,0,1,5,140.87,144.38,7.260000000000005,-381.84391049999977,15951.50683,-3.509999999999991
2026-05-12 18:15:00+00:00,2026-05-12 20:15:00+02:00,2026-05-12,20,15,1,1,5,144.06,144.38,8.200000000000017,-990.3950305000035,15469.3893,-0.3199999999999932
2026-05-12 18:30:00+00:00,2026-05-12 20:30:00+02:00,2026-05-12,20,30,2,1,5,147.13,144.38,3.789999999999992,-1396.7934989999994,15207.3414,2.75
2026-05-12 18:45:00+00:00,2026-05-12 20:45:00+02:00,2026-05-12,20,45,3,1,5,145.5,144.38,1.2800000000000011,-1710.245853999997,14987.55836,1.1200000000000045
2026-05-12 19:00:00+00:00,2026-05-12 21:00:00+02:00,2026-05-12,21,0,0,1,5,151.01,141.8,8.129999999999995,-1221.9256029999997,14876.09985,9.20999999999998
2026-05-12 19:15:00+00:00,2026-05-12 21:15:00+02:00,2026-05-12,21,15,1,1,5,144.6,141.8,6.75,-689.4206109999977,14955.5849,2.799999999999983
2026-05-12 19:30:00+00:00,2026-05-12 21:30:00+02:00,2026-05-12,21,30,2,1,5,137.39,141.8,10.409999999999997,-587.6231570000018,15044.62378,-4.410000000000025
2026-05-12 19:45:00+00:00,2026-05-12 21:45:00+02:00,2026-05-12,21,45,3,1,5,132.46,141.8,4.5,-609.5582800000011,15136.65825,-9.340000000000003
2026-05-12 20:00:00+00:00,2026-05-12 22:00:00+02:00,2026-05-12,22,0,0,1,5,136.12,130.55,4.579999999999998,-1066.3725699999995,15115.06192,5.569999999999993
2026-05-12 20:15:00+00:00,2026-05-12 22:15:00+02:00,2026-05-12,22,15,1,1,5,133.28,130.55,6.909999999999997,-1182.2139384999973,15331.79839,2.7299999999999898
2026-05-12 20:30:00+00:00,2026-05-12 22:30:00+02:00,2026-05-12,22,30,2,1,5,131.04,130.55,-2.25,-1153.2363415000036,15548.34301,0.4899999999999807
2026-05-12 20:45:00+00:00,2026-05-12 22:45:00+02:00,2026-05-12,22,45,3,1,5,124.0,130.55,4.950000000000003,-1382.7931935000015,15795.2281,-6.550000000000011
2026-05-12 21:00:00+00:00,2026-05-12 23:00:00+02:00,2026-05-12,23,0,0,1,5,128.97,118.25,5.780000000000001,-1253.4324229999984,16049.63861,10.719999999999999
2026-05-12 21:15:00+00:00,2026-05-12 23:15:00+02:00,2026-05-12,23,15,1,1,5,121.36,118.25,6.359999999999999,-1282.7261890000009,16340.07261,3.1099999999999994
2026-05-12 21:30:00+00:00,2026-05-12 23:30:00+02:00,2026-05-12,23,30,2,1,5,117.39,118.25,5.86999999999999,-1269.7778700000054,16650.25135,-0.8599999999999994
2026-05-12 21:45:00+00:00,2026-05-12 23:45:00+02:00,2026-05-12,23,45,3,1,5,110.78,118.25,-2.0600000000000023,-1297.1953904999973,16977.44993,-7.469999999999999
2026-05-14 10:00:00+00:00,2026-05-14 12:00:00+02:00,2026-05-14,12,0,0,3,5,43.56,26.9,,-5832.296596499997,11122.00319,16.660000000000004
2026-05-14 10:15:00+00:00,2026-05-14 12:15:00+02:00,2026-05-14,12,15,1,3,5,35.68,20.14,,-5398.789069499999,11024.48544,15.54
2026-05-14 10:30:00+00:00,2026-05-14 12:30:00+02:00,2026-05-14,12,30,2,3,5,32.0,14.22,,-5139.931273999999,10927.84342,17.78
2026-05-14 10:45:00+00:00,2026-05-14 12:45:00+02:00,2026-05-14,12,45,3,3,5,23.98,5.87,,-5375.863411999999,10819.91823,18.11
2026-05-14 11:00:00+00:00,2026-05-14 13:00:00+02:00,2026-05-14,13,0,0,3,5,25.76,10.0,,-4595.181770000003,10699.86472,15.760000000000002
2026-05-14 11:15:00+00:00,2026-05-14 13:15:00+02:00,2026-05-14,13,15,1,3,5,20.01,8.25,,-5270.660510999998,10560.76719,11.760000000000002
2026-05-14 11:30:00+00:00,2026-05-14 13:30:00+02:00,2026-05-14,13,30,2,3,5,17.19,5.47,,-5282.830096499998,10398.49339,11.720000000000002
2026-05-14 11:45:00+00:00,2026-05-14 13:45:00+02:00,2026-05-14,13,45,3,3,5,13.72,5.24,,-4774.29002,10267.39812,8.48
2026-05-14 12:00:00+00:00,2026-05-14 14:00:00+02:00,2026-05-14,14,0,0,3,5,18.39,1.68,,-5546.588618999998,10198.6015,16.71
2026-05-14 12:15:00+00:00,2026-05-14 14:15:00+02:00,2026-05-14,14,15,1,3,5,15.88,0.22,,-5309.6678885,10088.91778,15.66
2026-05-14 12:30:00+00:00,2026-05-14 14:30:00+02:00,2026-05-14,14,30,2,3,5,16.01,2.3,,-5498.585953999998,9918.53109,13.71
2026-05-14 12:45:00+00:00,2026-05-14 14:45:00+02:00,2026-05-14,14,45,3,3,5,18.14,5.74,,-5023.519956499997,9717.8799,12.4
2026-05-14 13:00:00+00:00,2026-05-14 15:00:00+02:00,2026-05-14,15,0,0,3,5,17.2,0.99,,-5497.522182500004,9505.71228,16.21
2026-05-14 13:15:00+00:00,2026-05-14 15:15:00+02:00,2026-05-14,15,15,1,3,5,19.73,2.3,,-5846.468806000001,9285.89846,17.43
2026-05-14 13:30:00+00:00,2026-05-14 15:30:00+02:00,2026-05-14,15,30,2,3,5,35.08,11.0,,-5784.560284500003,9066.13754,24.08
2026-05-14 13:45:00+00:00,2026-05-14 15:45:00+02:00,2026-05-14,15,45,3,3,5,60.0,40.56,,-5929.996472500003,8835.43128,19.439999999999998
2026-05-14 14:00:00+00:00,2026-05-14 16:00:00+02:00,2026-05-14,16,0,0,3,5,47.7,12.76,,-5923.400744999999,8591.04576,34.940000000000005
2026-05-14 14:15:00+00:00,2026-05-14 16:15:00+02:00,2026-05-14,16,15,1,3,5,66.33,56.23,,-6427.408974500002,8243.9115,10.100000000000001
2026-05-14 14:30:00+00:00,2026-05-14 16:30:00+02:00,2026-05-14,16,30,2,3,5,86.05,81.85,,-6680.012159000002,7899.83825,4.200000000000003
2026-05-14 14:45:00+00:00,2026-05-14 16:45:00+02:00,2026-05-14,16,45,3,3,5,97.43,105.54,,-6869.636177,7562.31346,-8.11
2026-05-14 15:00:00+00:00,2026-05-14 17:00:00+02:00,2026-05-14,17,0,0,3,5,80.34,62.48,,-5524.085069000004,7211.68335,17.860000000000007
2026-05-14 15:15:00+00:00,2026-05-14 17:15:00+02:00,2026-05-14,17,15,1,3,5,92.77,90.51,,-5923.042744999999,6838.20273,2.259999999999991
2026-05-14 15:30:00+00:00,2026-05-14 17:30:00+02:00,2026-05-14,17,30,2,3,5,104.23,93.57,,-6121.210300499999,6462.94791,10.66000000000001
2026-05-14 15:45:00+00:00,2026-05-14 17:45:00+02:00,2026-05-14,17,45,3,3,5,119.46,108.03,,-5405.521561000001,6096.81121,11.429999999999993
2026-05-14 16:00:00+00:00,2026-05-14 18:00:00+02:00,2026-05-14,18,0,0,3,5,104.85,105.78,,-4727.0613925,5726.29389,-0.9300000000000068
2026-05-14 16:15:00+00:00,2026-05-14 18:15:00+02:00,2026-05-14,18,15,1,3,5,115.96,113.89,,-4775.862978500001,5338.85748,2.069999999999993
2026-05-14 16:30:00+00:00,2026-05-14 18:30:00+02:00,2026-05-14,18,30,2,3,5,126.15,132.29,,-5016.296445999997,4957.06871,-6.139999999999986
2026-05-14 16:45:00+00:00,2026-05-14 18:45:00+02:00,2026-05-14,18,45,3,3,5,137.04,154.5,,-4674.1466139999975,4579.60852,-17.460000000000008
2026-05-14 17:00:00+00:00,2026-05-14 19:00:00+02:00,2026-05-14,19,0,0,3,5,124.48,124.91,,-4183.4723209999975,4217.91916,-0.4299999999999926
2026-05-14 17:15:00+00:00,2026-05-14 19:15:00+02:00,2026-05-14,19,15,1,3,5,132.65,135.79,,-4279.667237500002,3909.63611,-3.1399999999999864
2026-05-14 17:30:00+00:00,2026-05-14 19:30:00+02:00,2026-05-14,19,30,2,3,5,140.97,146.09,,-4697.764631499998,3597.02464,-5.1200000000000045
2026-05-14 17:45:00+00:00,2026-05-14 19:45:00+02:00,2026-05-14,19,45,3,3,5,150.37,172.8,,-4575.096667000002,3315.13218,-22.430000000000007
2026-05-14 18:00:00+00:00,2026-05-14 20:00:00+02:00,2026-05-14,20,0,0,3,5,143.01,149.78,,-4262.4852035,3048.65283,-6.77000000000001
2026-05-14 18:15:00+00:00,2026-05-14 20:15:00+02:00,2026-05-14,20,15,1,3,5,148.83,148.37,,-3970.148855499996,2833.43703,0.46000000000000796
2026-05-14 18:30:00+00:00,2026-05-14 20:30:00+02:00,2026-05-14,20,30,2,3,5,153.27,160.86,,-4023.4719790000017,2684.95327,-7.590000000000003
2026-05-14 18:45:00+00:00,2026-05-14 20:45:00+02:00,2026-05-14,20,45,3,3,5,158.74,160.7,,-4236.421171000002,2525.01873,-1.9599999999999795
2026-05-14 19:00:00+00:00,2026-05-14 21:00:00+02:00,2026-05-14,21,0,0,3,5,160.17,172.33,,-3776.9854255000027,2354.37319,-12.160000000000025
2026-05-14 19:15:00+00:00,2026-05-14 21:15:00+02:00,2026-05-14,21,15,1,3,5,159.99,164.99,,-3302.2018465,2236.40886,-5.0
2026-05-14 19:30:00+00:00,2026-05-14 21:30:00+02:00,2026-05-14,21,30,2,3,5,152.24,159.99,,-3627.356048999998,2166.18919,-7.75
2026-05-14 19:45:00+00:00,2026-05-14 21:45:00+02:00,2026-05-14,21,45,3,3,5,145.21,147.54,,-3286.3315230000007,2117.13991,-2.329999999999984
2026-05-14 20:00:00+00:00,2026-05-14 22:00:00+02:00,2026-05-14,22,0,0,3,5,155.84,168.17,,-3609.455097500002,2104.99296,-12.329999999999984
2026-05-14 20:15:00+00:00,2026-05-14 22:15:00+02:00,2026-05-14,22,15,1,3,5,152.41,150.27,,-3664.7137545000005,2120.41122,2.1399999999999864
2026-05-14 20:30:00+00:00,2026-05-14 22:30:00+02:00,2026-05-14,22,30,2,3,5,146.19,145.39,,-3622.8269674999974,2136.67869,0.8000000000000114
2026-05-14 20:45:00+00:00,2026-05-14 22:45:00+02:00,2026-05-14,22,45,3,3,5,138.19,139.81,,-3840.3568860000014,2171.83187,-1.6200000000000045
2026-05-14 21:00:00+00:00,2026-05-14 23:00:00+02:00,2026-05-14,23,0,0,3,5,145.67,144.42,,-3754.644724499998,2207.36502,1.25
2026-05-14 21:15:00+00:00,2026-05-14 23:15:00+02:00,2026-05-14,23,15,1,3,5,137.24,137.4,,-4003.4747789999965,2298.03535,-0.1599999999999966
2026-05-14 21:30:00+00:00,2026-05-14 23:30:00+02:00,2026-05-14,23,30,2,3,5,130.3,133.71,,-4226.4108825,2394.47964,-3.4099999999999966
2026-05-14 21:45:00+00:00,2026-05-14 23:45:00+02:00,2026-05-14,23,45,3,3,5,126.8,129.75,,-4123.110519999998,2492.81999,-2.950000000000003
2026-05-19 10:00:00+00:00,2026-05-19 12:00:00+02:00,2026-05-19,12,0,0,1,5,68.09,76.65,,,2303.42735,-8.560000000000002
2026-05-19 10:15:00+00:00,2026-05-19 12:15:00+02:00,2026-05-19,12,15,1,1,5,66.58,76.21,,,2470.85382,-9.629999999999995
2026-05-19 10:30:00+00:00,2026-05-19 12:30:00+02:00,2026-05-19,12,30,2,1,5,65.42,63.34,,,2642.39148,2.0799999999999983
2026-05-19 10:45:00+00:00,2026-05-19 12:45:00+02:00,2026-05-19,12,45,3,1,5,63.92,69.39,,,2816.70903,-5.469999999999999
2026-05-19 11:00:00+00:00,2026-05-19 13:00:00+02:00,2026-05-19,13,0,0,1,5,67.7,74.12,,,2993.04554,-6.420000000000002
2026-05-19 11:15:00+00:00,2026-05-19 13:15:00+02:00,2026-05-19,13,15,1,1,5,68.18,73.65,,,3166.16147,-5.469999999999999
2026-05-19 11:30:00+00:00,2026-05-19 13:30:00+02:00,2026-05-19,13,30,2,1,5,70.18,74.02,,,3336.17255,-3.839999999999989
2026-05-19 11:45:00+00:00,2026-05-19 13:45:00+02:00,2026-05-19,13,45,3,1,5,67.85,73.16,,,3502.47062,-5.310000000000002
2026-05-19 12:00:00+00:00,2026-05-19 14:00:00+02:00,2026-05-19,14,0,0,1,5,67.19,75.76,,,3673.0728,-8.570000000000007
2026-05-19 12:15:00+00:00,2026-05-19 14:15:00+02:00,2026-05-19,14,15,1,1,5,69.93,78.01,,,3822.56672,-8.079999999999998
2026-05-19 12:30:00+00:00,2026-05-19 14:30:00+02:00,2026-05-19,14,30,2,1,5,71.92,77.15,,,3953.48311,-5.230000000000004
2026-05-19 12:45:00+00:00,2026-05-19 14:45:00+02:00,2026-05-19,14,45,3,1,5,72.0,81.0,,,4076.63707,-9.0
2026-05-19 13:00:00+00:00,2026-05-19 15:00:00+02:00,2026-05-19,15,0,0,1,5,71.72,77.67,,,4205.74095,-5.950000000000003
2026-05-19 13:15:00+00:00,2026-05-19 15:15:00+02:00,2026-05-19,15,15,1,1,5,77.32,84.7,,,4334.40135,-7.38000000000001
2026-05-19 13:30:00+00:00,2026-05-19 15:30:00+02:00,2026-05-19,15,30,2,1,5,82.06,95.14,,,4461.634,-13.079999999999998
2026-05-19 13:45:00+00:00,2026-05-19 15:45:00+02:00,2026-05-19,15,45,3,1,5,89.78,96.66,,,4586.96023,-6.8799999999999955
2026-05-19 14:00:00+00:00,2026-05-19 16:00:00+02:00,2026-05-19,16,0,0,1,5,85.8,89.48,,,4710.99176,-3.680000000000007
2026-05-19 14:15:00+00:00,2026-05-19 16:15:00+02:00,2026-05-19,16,15,1,1,5,92.49,98.42,,,4792.95465,-5.930000000000007
2026-05-19 14:30:00+00:00,2026-05-19 16:30:00+02:00,2026-05-19,16,30,2,1,5,96.46,108.4,,,4873.16216,-11.940000000000012
2026-05-19 14:45:00+00:00,2026-05-19 16:45:00+02:00,2026-05-19,16,45,3,1,5,100.32,115.26,,,4948.94413,-14.940000000000012
2026-05-19 15:00:00+00:00,2026-05-19 17:00:00+02:00,2026-05-19,17,0,0,1,5,101.77,105.06,,,5014.53093,-3.2900000000000063
2026-05-19 15:15:00+00:00,2026-05-19 17:15:00+02:00,2026-05-19,17,15,1,1,5,111.06,119.99,,,4993.97572,-8.929999999999993
2026-05-19 15:30:00+00:00,2026-05-19 17:30:00+02:00,2026-05-19,17,30,2,1,5,121.02,136.59,,,4964.15032,-15.570000000000007
2026-05-19 15:45:00+00:00,2026-05-19 17:45:00+02:00,2026-05-19,17,45,3,1,5,127.18,147.29,,,4929.19799,-20.109999999999985
2026-05-19 16:00:00+00:00,2026-05-19 18:00:00+02:00,2026-05-19,18,0,0,1,5,119.6,129.21,,,4884.75371,-9.610000000000014
2026-05-19 16:15:00+00:00,2026-05-19 18:15:00+02:00,2026-05-19,18,15,1,1,5,130.37,138.66,,,4844.53809,-8.289999999999992
2026-05-19 16:30:00+00:00,2026-05-19 18:30:00+02:00,2026-05-19,18,30,2,1,5,141.03,150.0,,,4804.26232,-8.969999999999999
2026-05-19 16:45:00+00:00,2026-05-19 18:45:00+02:00,2026-05-19,18,45,3,1,5,155.91,168.9,,,4764.69511,-12.990000000000009
2026-05-19 17:00:00+00:00,2026-05-19 19:00:00+02:00,2026-05-19,19,0,0,1,5,143.23,148.84,,,4731.75907,-5.610000000000014
2026-05-19 17:15:00+00:00,2026-05-19 19:15:00+02:00,2026-05-19,19,15,1,1,5,155.99,159.35,,,4754.39454,-3.359999999999985
2026-05-19 17:30:00+00:00,2026-05-19 19:30:00+02:00,2026-05-19,19,30,2,1,5,167.99,172.48,,,4785.35229,-4.489999999999981
2026-05-19 17:45:00+00:00,2026-05-19 19:45:00+02:00,2026-05-19,19,45,3,1,5,194.99,212.7,,,4868.50962,-17.70999999999998
2026-05-19 18:00:00+00:00,2026-05-19 20:00:00+02:00,2026-05-19,20,0,0,1,5,185.33,180.22,,,4982.54228,5.110000000000014
2026-05-19 18:15:00+00:00,2026-05-19 20:15:00+02:00,2026-05-19,20,15,1,1,5,184.0,189.35,,,5162.44048,-5.349999999999994
2026-05-19 18:30:00+00:00,2026-05-19 20:30:00+02:00,2026-05-19,20,30,2,1,5,181.6,199.99,,,5434.5349,-18.390000000000015
2026-05-19 18:45:00+00:00,2026-05-19 20:45:00+02:00,2026-05-19,20,45,3,1,5,175.67,173.68,,,5704.48288,1.9899999999999807
2026-05-19 19:00:00+00:00,2026-05-19 21:00:00+02:00,2026-05-19,21,0,0,1,5,179.99,191.4,,,5976.60781,-11.409999999999997
2026-05-19 19:15:00+00:00,2026-05-19 21:15:00+02:00,2026-05-19,21,15,1,1,5,157.3,172.2,,,6280.33881,-14.899999999999977
2026-05-19 19:30:00+00:00,2026-05-19 21:30:00+02:00,2026-05-19,21,30,2,1,5,152.0,161.52,,,6611.81481,-9.52000000000001
2026-05-19 19:45:00+00:00,2026-05-19 21:45:00+02:00,2026-05-19,21,45,3,1,5,141.11,153.68,,,6957.068,-12.569999999999993
2026-05-19 20:00:00+00:00,2026-05-19 22:00:00+02:00,2026-05-19,22,0,0,1,5,147.99,155.95,,,7236.65839,-7.9599999999999795
2026-05-19 20:15:00+00:00,2026-05-19 22:15:00+02:00,2026-05-19,22,15,1,1,5,141.59,150.89,,,7559.41653,-9.299999999999983
2026-05-19 20:30:00+00:00,2026-05-19 22:30:00+02:00,2026-05-19,22,30,2,1,5,133.85,141.38,,,7883.12895,-7.530000000000001
2026-05-19 20:45:00+00:00,2026-05-19 22:45:00+02:00,2026-05-19,22,45,3,1,5,125.84,128.77,,,8200.12764,-2.930000000000007
2026-05-19 21:00:00+00:00,2026-05-19 23:00:00+02:00,2026-05-19,23,0,0,1,5,126.93,140.89,,,8500.97783,-13.95999999999998
2026-05-19 21:15:00+00:00,2026-05-19 23:15:00+02:00,2026-05-19,23,15,1,1,5,121.23,133.99,,,8750.64459,-12.760000000000005
2026-05-19 21:30:00+00:00,2026-05-19 23:30:00+02:00,2026-05-19,23,30,2,1,5,116.34,129.39,,,9003.12422,-13.049999999999983
2026-05-19 21:45:00+00:00,2026-05-19 23:45:00+02:00,2026-05-19,23,45,3,1,5,105.9,123.62,,,9259.70028,-17.72
2026-05-21 10:00:00+00:00,2026-05-21 12:00:00+02:00,2026-05-21,12,0,0,3,5,21.62,34.4,,,5352.71334,-12.779999999999998
2026-05-21 10:15:00+00:00,2026-05-21 12:15:00+02:00,2026-05-21,12,15,1,3,5,17.7,36.31,,,5462.77404,-18.610000000000003
2026-05-21 10:30:00+00:00,2026-05-21 12:30:00+02:00,2026-05-21,12,30,2,3,5,15.9,30.6,,,5569.68852,-14.700000000000001
2026-05-21 10:45:00+00:00,2026-05-21 12:45:00+02:00,2026-05-21,12,45,3,3,5,13.88,10.01,,,5675.60684,3.870000000000001
2026-05-21 11:00:00+00:00,2026-05-21 13:00:00+02:00,2026-05-21,13,0,0,3,5,15.0,10.12,,,5782.26127,4.880000000000001
2026-05-21 11:15:00+00:00,2026-05-21 13:15:00+02:00,2026-05-21,13,15,1,3,5,15.38,23.9,,,5863.70003,-8.519999999999998
2026-05-21 11:30:00+00:00,2026-05-21 13:30:00+02:00,2026-05-21,13,30,2,3,5,15.05,6.26,,,5954.80173,8.790000000000001
2026-05-21 11:45:00+00:00,2026-05-21 13:45:00+02:00,2026-05-21,13,45,3,3,5,17.76,13.3,,,6070.18512,4.460000000000001
2026-05-21 12:00:00+00:00,2026-05-21 14:00:00+02:00,2026-05-21,14,0,0,3,5,15.5,5.0,,,6196.15034,10.5
2026-05-21 12:15:00+00:00,2026-05-21 14:15:00+02:00,2026-05-21,14,15,1,3,5,16.78,9.1,,,6268.03128,7.6800000000000015
2026-05-21 12:30:00+00:00,2026-05-21 14:30:00+02:00,2026-05-21,14,30,2,3,5,18.2,9.34,,,6306.90635,8.86
2026-05-21 12:45:00+00:00,2026-05-21 14:45:00+02:00,2026-05-21,14,45,3,3,5,23.88,11.81,,,6331.53262,12.069999999999999
2026-05-21 13:00:00+00:00,2026-05-21 15:00:00+02:00,2026-05-21,15,0,0,3,5,20.78,9.1,,,6331.87828,11.680000000000001
2026-05-21 13:15:00+00:00,2026-05-21 15:15:00+02:00,2026-05-21,15,15,1,3,5,23.99,44.69,,,6274.02388,-20.7
2026-05-21 13:30:00+00:00,2026-05-21 15:30:00+02:00,2026-05-21,15,30,2,3,5,44.31,46.72,,,6214.82463,-2.4099999999999966
2026-05-21 13:45:00+00:00,2026-05-21 15:45:00+02:00,2026-05-21,15,45,3,3,5,59.67,64.9,,,6152.40851,-5.230000000000004
2026-05-21 14:00:00+00:00,2026-05-21 16:00:00+02:00,2026-05-21,16,0,0,3,5,44.57,27.57,,,6085.14694,17.0
2026-05-21 14:15:00+00:00,2026-05-21 16:15:00+02:00,2026-05-21,16,15,1,3,5,70.08,67.33,,,5991.07215,2.75
2026-05-21 14:30:00+00:00,2026-05-21 16:30:00+02:00,2026-05-21,16,30,2,3,5,89.51,90.66,,,5896.15906,-1.1499999999999915
2026-05-21 14:45:00+00:00,2026-05-21 16:45:00+02:00,2026-05-21,16,45,3,3,5,98.83,101.27,,,5803.57061,-2.4399999999999977
2026-05-21 15:00:00+00:00,2026-05-21 17:00:00+02:00,2026-05-21,17,0,0,3,5,83.99,83.4,,,5697.79199,0.5899999999999892
2026-05-21 15:15:00+00:00,2026-05-21 17:15:00+02:00,2026-05-21,17,15,1,3,5,100.32,100.0,,,5508.23996,0.3199999999999932
2026-05-21 15:30:00+00:00,2026-05-21 17:30:00+02:00,2026-05-21,17,30,2,3,5,115.99,121.1,,,5318.78352,-5.109999999999999
2026-05-21 15:45:00+00:00,2026-05-21 17:45:00+02:00,2026-05-21,17,45,3,3,5,131.26,138.67,,,5125.13335,-7.409999999999997
2026-05-21 16:00:00+00:00,2026-05-21 18:00:00+02:00,2026-05-21,18,0,0,3,5,115.98,113.13,,,4914.52653,2.8500000000000085
2026-05-21 16:15:00+00:00,2026-05-21 18:15:00+02:00,2026-05-21,18,15,1,3,5,127.68,128.99,,,4625.47801,-1.3100000000000023
2026-05-21 16:30:00+00:00,2026-05-21 18:30:00+02:00,2026-05-21,18,30,2,3,5,142.06,146.45,,,4330.94281,-4.389999999999986
2026-05-21 16:45:00+00:00,2026-05-21 18:45:00+02:00,2026-05-21,18,45,3,3,5,151.43,153.04,,,4030.17223,-1.6099999999999852
2026-05-21 17:00:00+00:00,2026-05-21 19:00:00+02:00,2026-05-21,19,0,0,3,5,136.02,141.59,,,3723.52721,-5.569999999999993
2026-05-21 17:15:00+00:00,2026-05-21 19:15:00+02:00,2026-05-21,19,15,1,3,5,150.38,148.11,,,3478.31291,2.269999999999982
2026-05-21 17:30:00+00:00,2026-05-21 19:30:00+02:00,2026-05-21,19,30,2,3,5,161.27,160.1,,,3240.82626,1.170000000000016
2026-05-21 17:45:00+00:00,2026-05-21 19:45:00+02:00,2026-05-21,19,45,3,3,5,184.33,194.81,,,3026.25308,-10.47999999999999
2026-05-21 18:00:00+00:00,2026-05-21 20:00:00+02:00,2026-05-21,20,0,0,3,5,174.81,174.3,,,2836.13478,0.5099999999999909
2026-05-21 18:15:00+00:00,2026-05-21 20:15:00+02:00,2026-05-21,20,15,1,3,5,191.79,182.28,,,2737.82077,9.509999999999991
2026-05-21 18:30:00+00:00,2026-05-21 20:30:00+02:00,2026-05-21,20,30,2,3,5,209.79,218.71,,,2665.11991,-8.920000000000016
2026-05-21 18:45:00+00:00,2026-05-21 20:45:00+02:00,2026-05-21,20,45,3,3,5,222.41,198.24,,,2577.06333,24.169999999999987
2026-05-21 19:00:00+00:00,2026-05-21 21:00:00+02:00,2026-05-21,21,0,0,3,5,215.49,183.24,,,2481.30568,32.25
2026-05-21 19:15:00+00:00,2026-05-21 21:15:00+02:00,2026-05-21,21,15,1,3,5,194.15,176.99,,,2446.20686,17.159999999999997
2026-05-21 19:30:00+00:00,2026-05-21 21:30:00+02:00,2026-05-21,21,30,2,3,5,178.17,179.72,,,2436.56813,-1.5500000000000114
2026-05-21 19:45:00+00:00,2026-05-21 21:45:00+02:00,2026-05-21,21,45,3,3,5,161.23,160.0,,,2441.22172,1.2299999999999898
2026-05-21 20:00:00+00:00,2026-05-21 22:00:00+02:00,2026-05-21,22,0,0,3,5,177.17,167.92,,,2443.83213,9.25
2026-05-21 20:15:00+00:00,2026-05-21 22:15:00+02:00,2026-05-21,22,15,1,3,5,160.01,161.45,,,2462.81893,-1.4399999999999977
2026-05-21 20:30:00+00:00,2026-05-21 22:30:00+02:00,2026-05-21,22,30,2,3,5,153.18,159.99,,,2481.26405,-6.810000000000002
2026-05-21 20:45:00+00:00,2026-05-21 22:45:00+02:00,2026-05-21,22,45,3,3,5,150.24,149.38,,,2497.42517,0.8600000000000136
2026-05-21 21:00:00+00:00,2026-05-21 23:00:00+02:00,2026-05-21,23,0,0,3,5,149.8,151.77,,,2515.0907,-1.9699999999999989
2026-05-21 21:15:00+00:00,2026-05-21 23:15:00+02:00,2026-05-21,23,15,1,3,5,144.81,144.3,,,2482.71411,0.5099999999999909
2026-05-21 21:30:00+00:00,2026-05-21 23:30:00+02:00,2026-05-21,23,30,2,3,5,140.39,144.01,,,2451.54915,-3.6200000000000045
2026-05-21 21:45:00+00:00,2026-05-21 23:45:00+02:00,2026-05-21,23,45,3,3,5,136.64,138.82,,,2419.21812,-2.180000000000007
2026-05-22 10:00:00+00:00,2026-05-22 12:00:00+02:00,2026-05-22,12,0,0,4,5,19.33,2.89,-12.779999999999998,,1289.63991,16.439999999999998
2026-05-22 10:15:00+00:00,2026-05-22 12:15:00+02:00,2026-05-22,12,15,1,4,5,17.43,6.67,-18.610000000000003,,1259.21449,10.76
2026-05-22 10:30:00+00:00,2026-05-22 12:30:00+02:00,2026-05-22,12,30,2,4,5,16.09,2.3,-14.700000000000001,,1232.01588,13.79
2026-05-22 10:45:00+00:00,2026-05-22 12:45:00+02:00,2026-05-22,12,45,3,4,5,16.7,2.43,3.870000000000001,,1204.11661,14.27
2026-05-22 11:00:00+00:00,2026-05-22 13:00:00+02:00,2026-05-22,13,0,0,4,5,13.89,-6.13,4.880000000000001,,1174.85275,20.02
2026-05-22 11:15:00+00:00,2026-05-22 13:15:00+02:00,2026-05-22,13,15,1,4,5,15.08,3.53,-8.519999999999998,,1166.75575,11.55
2026-05-22 11:30:00+00:00,2026-05-22 13:30:00+02:00,2026-05-22,13,30,2,4,5,16.61,6.91,8.790000000000001,,1156.07422,9.7
2026-05-22 11:45:00+00:00,2026-05-22 13:45:00+02:00,2026-05-22,13,45,3,4,5,16.01,0.23,4.460000000000001,,1142.35025,15.780000000000001
2026-05-22 12:00:00+00:00,2026-05-22 14:00:00+02:00,2026-05-22,14,0,0,4,5,11.39,-7.25,10.5,,1133.25974,18.64
2026-05-22 12:15:00+00:00,2026-05-22 14:15:00+02:00,2026-05-22,14,15,1,4,5,13.77,5.49,7.6800000000000015,,1133.74172,8.28
2026-05-22 12:30:00+00:00,2026-05-22 14:30:00+02:00,2026-05-22,14,30,2,4,5,17.1,0.09,8.86,,1130.6949,17.01
2026-05-22 12:45:00+00:00,2026-05-22 14:45:00+02:00,2026-05-22,14,45,3,4,5,19.2,3.91,12.069999999999999,,1125.59203,15.29
2026-05-22 13:00:00+00:00,2026-05-22 15:00:00+02:00,2026-05-22,15,0,0,4,5,17.81,15.0,11.680000000000001,,1120.02755,2.8099999999999987
2026-05-22 13:15:00+00:00,2026-05-22 15:15:00+02:00,2026-05-22,15,15,1,4,5,16.0,9.1,-20.7,,1103.26539,6.9
2026-05-22 13:30:00+00:00,2026-05-22 15:30:00+02:00,2026-05-22,15,30,2,4,5,25.5,22.37,-2.4099999999999966,,1078.99089,3.129999999999999
2026-05-22 13:45:00+00:00,2026-05-22 15:45:00+02:00,2026-05-22,15,45,3,4,5,48.64,22.25,-5.230000000000004,,1051.67444,26.39
2026-05-22 14:00:00+00:00,2026-05-22 16:00:00+02:00,2026-05-22,16,0,0,4,5,31.76,38.3,17.0,,1028.36986,-6.539999999999996
2026-05-22 14:15:00+00:00,2026-05-22 16:15:00+02:00,2026-05-22,16,15,1,4,5,61.29,57.3,2.75,,999.62407,3.990000000000002
2026-05-22 14:30:00+00:00,2026-05-22 16:30:00+02:00,2026-05-22,16,30,2,4,5,94.01,74.9,-1.1499999999999915,,969.10704,19.11
2026-05-22 14:45:00+00:00,2026-05-22 16:45:00+02:00,2026-05-22,16,45,3,4,5,100.62,113.49,-2.4399999999999977,,939.00151,-12.86999999999999
2026-05-22 15:00:00+00:00,2026-05-22 17:00:00+02:00,2026-05-22,17,0,0,4,5,77.3,72.07,0.5899999999999892,,910.91719,5.230000000000004
2026-05-22 15:15:00+00:00,2026-05-22 17:15:00+02:00,2026-05-22,17,15,1,4,5,87.34,89.6,0.3199999999999932,,907.5199,-2.259999999999991
2026-05-22 15:30:00+00:00,2026-05-22 17:30:00+02:00,2026-05-22,17,30,2,4,5,103.94,112.2,-5.109999999999999,,902.58665,-8.260000000000005
2026-05-22 15:45:00+00:00,2026-05-22 17:45:00+02:00,2026-05-22,17,45,3,4,5,120.73,139.99,-7.409999999999997,,899.75754,-19.260000000000005
2026-05-22 16:00:00+00:00,2026-05-22 18:00:00+02:00,2026-05-22,18,0,0,4,5,104.98,109.17,2.8500000000000085,,893.24894,-4.189999999999998
2026-05-22 16:15:00+00:00,2026-05-22 18:15:00+02:00,2026-05-22,18,15,1,4,5,120.24,131.63,-1.3100000000000023,,898.5571,-11.39
2026-05-22 16:30:00+00:00,2026-05-22 18:30:00+02:00,2026-05-22,18,30,2,4,5,134.12,142.34,-4.389999999999986,,894.05176,-8.219999999999999
2026-05-22 16:45:00+00:00,2026-05-22 18:45:00+02:00,2026-05-22,18,45,3,4,5,145.61,167.64,-1.6099999999999852,,889.22699,-22.029999999999973
2026-05-22 17:00:00+00:00,2026-05-22 19:00:00+02:00,2026-05-22,19,0,0,4,5,128.82,130.08,-5.569999999999993,,882.95415,-1.2600000000000193
2026-05-22 17:15:00+00:00,2026-05-22 19:15:00+02:00,2026-05-22,19,15,1,4,5,136.06,159.7,2.269999999999982,,962.25724,-23.639999999999986
2026-05-22 17:30:00+00:00,2026-05-22 19:30:00+02:00,2026-05-22,19,30,2,4,5,155.74,181.6,1.170000000000016,,1040.78444,-25.859999999999985
2026-05-22 17:45:00+00:00,2026-05-22 19:45:00+02:00,2026-05-22,19,45,3,4,5,187.38,210.1,-10.47999999999999,,1118.25527,-22.72
2026-05-22 18:00:00+00:00,2026-05-22 20:00:00+02:00,2026-05-22,20,0,0,4,5,168.67,213.87,0.5099999999999909,,1201.04588,-45.20000000000002
2026-05-22 18:15:00+00:00,2026-05-22 20:15:00+02:00,2026-05-22,20,15,1,4,5,187.44,205.93,9.509999999999991,,1387.58262,-18.49000000000001
2026-05-22 18:30:00+00:00,2026-05-22 20:30:00+02:00,2026-05-22,20,30,2,4,5,201.18,231.22,-8.920000000000016,,1551.78958,-30.039999999999992
2026-05-22 18:45:00+00:00,2026-05-22 20:45:00+02:00,2026-05-22,20,45,3,4,5,214.71,241.11,24.169999999999987,,1693.33388,-26.400000000000006
2026-05-22 19:00:00+00:00,2026-05-22 21:00:00+02:00,2026-05-22,21,0,0,4,5,199.02,197.6,32.25,,1814.02997,1.420000000000016
2026-05-22 19:15:00+00:00,2026-05-22 21:15:00+02:00,2026-05-22,21,15,1,4,5,180.68,207.31,17.159999999999997,,1970.09362,-26.629999999999995
2026-05-22 19:30:00+00:00,2026-05-22 21:30:00+02:00,2026-05-22,21,30,2,4,5,160.32,174.97,-1.5500000000000114,,2154.49314,-14.650000000000006
2026-05-22 19:45:00+00:00,2026-05-22 21:45:00+02:00,2026-05-22,21,45,3,4,5,146.3,161.74,1.2299999999999898,,2354.82935,-15.439999999999998
2026-05-22 20:00:00+00:00,2026-05-22 22:00:00+02:00,2026-05-22,22,0,0,4,5,164.93,175.0,9.25,,2559.78915,-10.069999999999993
2026-05-22 20:15:00+00:00,2026-05-22 22:15:00+02:00,2026-05-22,22,15,1,4,5,148.5,167.2,-1.4399999999999977,,2717.27668,-18.69999999999999
2026-05-22 20:30:00+00:00,2026-05-22 22:30:00+02:00,2026-05-22,22,30,2,4,5,141.88,158.22,-6.810000000000002,,2873.30131,-16.340000000000003
2026-05-22 20:45:00+00:00,2026-05-22 22:45:00+02:00,2026-05-22,22,45,3,4,5,133.84,149.24,0.8600000000000136,,3025.33013,-15.400000000000006
2026-05-22 21:00:00+00:00,2026-05-22 23:00:00+02:00,2026-05-22,23,0,0,4,5,143.62,153.0,-1.9699999999999989,,3161.02587,-9.379999999999995
2026-05-22 21:15:00+00:00,2026-05-22 23:15:00+02:00,2026-05-22,23,15,1,4,5,138.01,144.01,0.5099999999999909,,3237.75528,-6.0
2026-05-22 21:30:00+00:00,2026-05-22 23:30:00+02:00,2026-05-22,23,30,2,4,5,134.34,135.9,-3.6200000000000045,,3310.76264,-1.5600000000000023
2026-05-22 21:45:00+00:00,2026-05-22 23:45:00+02:00,2026-05-22,23,45,3,4,5,129.02,130.03,-2.180000000000007,,3382.33381,-1.009999999999991
2026-05-23 10:00:00+00:00,2026-05-23 12:00:00+02:00,2026-05-23,12,0,0,5,5,-2.0,-35.01,16.439999999999998,,1015.53119,33.01
2026-05-23 10:15:00+00:00,2026-05-23 12:15:00+02:00,2026-05-23,12,15,1,5,5,-4.28,-43.01,10.76,,1023.1133,38.73
2026-05-23 10:30:00+00:00,2026-05-23 12:30:00+02:00,2026-05-23,12,30,2,5,5,-4.0,-51.79,13.79,,1042.87946,47.79
2026-05-23 10:45:00+00:00,2026-05-23 12:45:00+02:00,2026-05-23,12,45,3,5,5,-5.0,-19.99,14.27,,1061.94162,14.989999999999998
2026-05-23 11:00:00+00:00,2026-05-23 13:00:00+02:00,2026-05-23,13,0,0,5,5,-5.74,-25.0,20.02,,1072.32787,19.259999999999998
2026-05-23 11:15:00+00:00,2026-05-23 13:15:00+02:00,2026-05-23,13,15,1,5,5,-7.98,-77.45,11.55,,1059.58681,69.47
2026-05-23 11:30:00+00:00,2026-05-23 13:30:00+02:00,2026-05-23,13,30,2,5,5,-11.02,-36.65,9.7,,1052.62437,25.63
2026-05-23 11:45:00+00:00,2026-05-23 13:45:00+02:00,2026-05-23,13,45,3,5,5,-11.71,-35.62,15.780000000000001,,1046.31602,23.909999999999997
2026-05-23 12:00:00+00:00,2026-05-23 14:00:00+02:00,2026-05-23,14,0,0,5,5,-9.0,-27.03,18.64,,1063.74864,18.03
2026-05-23 12:15:00+00:00,2026-05-23 14:15:00+02:00,2026-05-23,14,15,1,5,5,-8.0,-20.06,8.28,,1077.90373,12.059999999999999
2026-05-23 12:30:00+00:00,2026-05-23 14:30:00+02:00,2026-05-23,14,30,2,5,5,-8.98,-59.55,17.01,,1099.97785,50.56999999999999
2026-05-23 12:45:00+00:00,2026-05-23 14:45:00+02:00,2026-05-23,14,45,3,5,5,-9.0,-51.4,15.29,,1093.25448,42.4
2026-05-23 13:00:00+00:00,2026-05-23 15:00:00+02:00,2026-05-23,15,0,0,5,5,-5.99,-8.67,2.8099999999999987,,1105.22054,2.6799999999999997
2026-05-23 13:15:00+00:00,2026-05-23 15:15:00+02:00,2026-05-23,15,15,1,5,5,-4.0,-3.23,6.9,,1123.13319,-0.77
2026-05-23 13:30:00+00:00,2026-05-23 15:30:00+02:00,2026-05-23,15,30,2,5,5,-3.15,-14.22,3.129999999999999,,1150.85604,11.07
2026-05-23 13:45:00+00:00,2026-05-23 15:45:00+02:00,2026-05-23,15,45,3,5,5,-1.0,-2.0,26.39,,1167.20166,1.0
2026-05-23 14:00:00+00:00,2026-05-23 16:00:00+02:00,2026-05-23,16,0,0,5,5,-0.82,-1.07,-6.539999999999996,,1211.14154,0.2500000000000001
2026-05-23 14:15:00+00:00,2026-05-23 16:15:00+02:00,2026-05-23,16,15,1,5,5,-0.82,-0.09,3.990000000000002,,1282.78938,-0.73
2026-05-23 14:30:00+00:00,2026-05-23 16:30:00+02:00,2026-05-23,16,30,2,5,5,-0.49,8.09,19.11,,1412.32076,-8.58
2026-05-23 14:45:00+00:00,2026-05-23 16:45:00+02:00,2026-05-23,16,45,3,5,5,6.65,0.01,-12.86999999999999,,1538.19908,6.640000000000001
2026-05-23 15:00:00+00:00,2026-05-23 17:00:00+02:00,2026-05-23,17,0,0,5,5,6.17,23.55,5.230000000000004,,1663.67714,-17.380000000000003
2026-05-23 15:15:00+00:00,2026-05-23 17:15:00+02:00,2026-05-23,17,15,1,5,5,12.0,3.8,-2.259999999999991,,1796.91478,8.2
2026-05-23 15:30:00+00:00,2026-05-23 17:30:00+02:00,2026-05-23,17,30,2,5,5,69.76,78.39,-8.260000000000005,,1899.01624,-8.629999999999995
2026-05-23 15:45:00+00:00,2026-05-23 17:45:00+02:00,2026-05-23,17,45,3,5,5,109.87,102.95,-19.260000000000005,,2030.27212,6.920000000000002
2026-05-23 16:00:00+00:00,2026-05-23 18:00:00+02:00,2026-05-23,18,0,0,5,5,89.29,82.37,-4.189999999999998,,2075.98521,6.920000000000002
2026-05-23 16:15:00+00:00,2026-05-23 18:15:00+02:00,2026-05-23,18,15,1,5,5,107.43,113.59,-11.39,,2116.61852,-6.159999999999997
2026-05-23 16:30:00+00:00,2026-05-23 18:30:00+02:00,2026-05-23,18,30,2,5,5,128.59,140.0,-8.219999999999999,,2110.10079,-11.409999999999997
2026-05-23 16:45:00+00:00,2026-05-23 18:45:00+02:00,2026-05-23,18,45,3,5,5,145.6,154.09,-22.029999999999973,,2094.4114,-8.490000000000009
2026-05-23 17:00:00+00:00,2026-05-23 19:00:00+02:00,2026-05-23,19,0,0,5,5,123.57,120.93,-1.2600000000000193,,2077.14756,2.6399999999999864
2026-05-23 17:15:00+00:00,2026-05-23 19:15:00+02:00,2026-05-23,19,15,1,5,5,139.25,135.29,-23.639999999999986,,2143.17208,3.960000000000008
2026-05-23 17:30:00+00:00,2026-05-23 19:30:00+02:00,2026-05-23,19,30,2,5,5,153.17,160.0,-25.859999999999985,,2213.74306,-6.8300000000000125
2026-05-23 17:45:00+00:00,2026-05-23 19:45:00+02:00,2026-05-23,19,45,3,5,5,171.24,177.74,-22.72,,2282.45808,-6.5
2026-05-23 18:00:00+00:00,2026-05-23 20:00:00+02:00,2026-05-23,20,0,0,5,5,156.74,157.5,-45.20000000000002,,2352.39874,-0.7599999999999909
2026-05-23 18:15:00+00:00,2026-05-23 20:15:00+02:00,2026-05-23,20,15,1,5,5,166.44,166.5,-18.49000000000001,,2479.32208,-0.060000000000002274
2026-05-23 18:30:00+00:00,2026-05-23 20:30:00+02:00,2026-05-23,20,30,2,5,5,184.0,190.0,-30.039999999999992,,2588.79902,-6.0
2026-05-23 18:45:00+00:00,2026-05-23 20:45:00+02:00,2026-05-23,20,45,3,5,5,189.64,190.31,-26.400000000000006,,2658.55185,-0.6700000000000159
2026-05-23 19:00:00+00:00,2026-05-23 21:00:00+02:00,2026-05-23,21,0,0,5,5,183.78,185.0,1.420000000000016,,2709.73858,-1.2199999999999989
2026-05-23 19:15:00+00:00,2026-05-23 21:15:00+02:00,2026-05-23,21,15,1,5,5,175.0,169.81,-26.629999999999995,,2852.08237,5.189999999999998
2026-05-23 19:30:00+00:00,2026-05-23 21:30:00+02:00,2026-05-23,21,30,2,5,5,168.36,185.0,-14.650000000000006,,3032.6026,-16.639999999999986
2026-05-23 19:45:00+00:00,2026-05-23 21:45:00+02:00,2026-05-23,21,45,3,5,5,163.03,184.99,-15.439999999999998,,3230.1899,-21.960000000000008
2026-05-23 20:00:00+00:00,2026-05-23 22:00:00+02:00,2026-05-23,22,0,0,5,5,177.99,168.7,-10.069999999999993,,3418.03611,9.29000000000002
2026-05-23 20:15:00+00:00,2026-05-23 22:15:00+02:00,2026-05-23,22,15,1,5,5,162.01,158.92,-18.69999999999999,,3554.91131,3.0900000000000034
2026-05-23 20:30:00+00:00,2026-05-23 22:30:00+02:00,2026-05-23,22,30,2,5,5,151.6,148.92,-16.340000000000003,,3689.27021,2.680000000000007
2026-05-23 20:45:00+00:00,2026-05-23 22:45:00+02:00,2026-05-23,22,45,3,5,5,140.37,138.77,-15.400000000000006,,3823.41393,1.5999999999999943
2026-05-23 21:00:00+00:00,2026-05-23 23:00:00+02:00,2026-05-23,23,0,0,5,5,152.41,153.6,-9.379999999999995,,3942.45111,-1.1899999999999977
2026-05-23 21:15:00+00:00,2026-05-23 23:15:00+02:00,2026-05-23,23,15,1,5,5,147.78,148.8,-6.0,,3990.26483,-1.0200000000000102
2026-05-23 21:30:00+00:00,2026-05-23 23:30:00+02:00,2026-05-23,23,30,2,5,5,139.5,139.34,-1.5600000000000023,,4039.27911,0.1599999999999966
2026-05-23 21:45:00+00:00,2026-05-23 23:45:00+02:00,2026-05-23,23,45,3,5,5,134.44,136.94,-1.009999999999991,,4088.45203,-2.5
2026-05-24 10:00:00+00:00,2026-05-24 12:00:00+02:00,2026-05-24,12,0,0,6,5,-14.0,-19.6,33.01,,2403.4475,5.600000000000001
2026-05-24 10:15:00+00:00,2026-05-24 12:15:00+02:00,2026-05-24,12,15,1,6,5,-18.95,-29.99,38.73,,2527.83717,11.04
2026-05-24 10:30:00+00:00,2026-05-24 12:30:00+02:00,2026-05-24,12,30,2,6,5,-29.46,-42.07,47.79,,2645.77197,12.61
2026-05-24 10:45:00+00:00,2026-05-24 12:45:00+02:00,2026-05-24,12,45,3,6,5,-36.85,-58.79,14.989999999999998,,2779.06074,21.939999999999998
2026-05-24 11:00:00+00:00,2026-05-24 13:00:00+02:00,2026-05-24,13,0,0,6,5,-35.27,-60.03,19.259999999999998,,2969.97594,24.759999999999998
2026-05-24 11:15:00+00:00,2026-05-24 13:15:00+02:00,2026-05-24,13,15,1,6,5,-48.94,-72.01,69.47,,3155.39618,23.070000000000007
2026-05-24 11:30:00+00:00,2026-05-24 13:30:00+02:00,2026-05-24,13,30,2,6,5,-58.02,-85.0,25.63,,3295.13433,26.979999999999997
2026-05-24 11:45:00+00:00,2026-05-24 13:45:00+02:00,2026-05-24,13,45,3,6,5,-64.57,-86.71,23.909999999999997,,3539.44082,22.14
2026-05-24 12:00:00+00:00,2026-05-24 14:00:00+02:00,2026-05-24,14,0,0,6,5,-49.5,-120.88,18.03,,3819.59884,71.38
2026-05-24 12:15:00+00:00,2026-05-24 14:15:00+02:00,2026-05-24,14,15,1,6,5,-46.52,-70.01,12.059999999999999,,4036.94328,23.490000000000002
2026-05-24 12:30:00+00:00,2026-05-24 14:30:00+02:00,2026-05-24,14,30,2,6,5,-38.97,-59.0,50.56999999999999,,4295.27664,20.03
2026-05-24 12:45:00+00:00,2026-05-24 14:45:00+02:00,2026-05-24,14,45,3,6,5,-29.01,-40.09,42.4,,4509.55209,11.080000000000002
2026-05-24 13:00:00+00:00,2026-05-24 15:00:00+02:00,2026-05-24,15,0,0,6,5,-29.0,-46.33,2.6799999999999997,,4776.96037,17.33
2026-05-24 13:15:00+00:00,2026-05-24 15:15:00+02:00,2026-05-24,15,15,1,6,5,-24.0,-78.9,-0.77,,5060.1964,54.900000000000006
2026-05-24 13:30:00+00:00,2026-05-24 15:30:00+02:00,2026-05-24,15,30,2,6,5,-15.0,-14.37,11.07,,5299.35374,-0.6300000000000008
2026-05-24 13:45:00+00:00,2026-05-24 15:45:00+02:00,2026-05-24,15,45,3,6,5,-16.98,-32.1,1.0,,5454.27333,15.120000000000001
2026-05-24 14:00:00+00:00,2026-05-24 16:00:00+02:00,2026-05-24,16,0,0,6,5,-11.59,-25.5,0.2500000000000001,,5776.26458,13.91
2026-05-24 14:15:00+00:00,2026-05-24 16:15:00+02:00,2026-05-24,16,15,1,6,5,-8.6,-10.85,-0.73,,6165.40273,2.25
2026-05-24 14:30:00+00:00,2026-05-24 16:30:00+02:00,2026-05-24,16,30,2,6,5,-2.4,-0.27,-8.58,,6364.329,-2.13
2026-05-24 14:45:00+00:00,2026-05-24 16:45:00+02:00,2026-05-24,16,45,3,6,5,1.0,-0.04,6.640000000000001,,6578.5489,1.04
2026-05-24 15:00:00+00:00,2026-05-24 17:00:00+02:00,2026-05-24,17,0,0,6,5,0.0,-0.01,-17.380000000000003,,6674.71497,0.01
2026-05-24 15:15:00+00:00,2026-05-24 17:15:00+02:00,2026-05-24,17,15,1,6,5,-2.02,24.6,8.2,,6666.27065,-26.62
2026-05-24 15:30:00+00:00,2026-05-24 17:30:00+02:00,2026-05-24,17,30,2,6,5,-1.66,1.96,-8.629999999999995,,6628.20317,-3.62
2026-05-24 15:45:00+00:00,2026-05-24 17:45:00+02:00,2026-05-24,17,45,3,6,5,30.01,41.28,6.920000000000002,,6581.84327,-11.27
2026-05-24 16:00:00+00:00,2026-05-24 18:00:00+02:00,2026-05-24,18,0,0,6,5,40.07,22.69,6.920000000000002,,6509.66594,17.38
2026-05-24 16:15:00+00:00,2026-05-24 18:15:00+02:00,2026-05-24,18,15,1,6,5,90.01,91.1,-6.159999999999997,,6456.30533,-1.0899999999999892
2026-05-24 16:30:00+00:00,2026-05-24 18:30:00+02:00,2026-05-24,18,30,2,6,5,114.53,130.46,-11.409999999999997,,6368.93684,-15.930000000000007
2026-05-24 16:45:00+00:00,2026-05-24 18:45:00+02:00,2026-05-24,18,45,3,6,5,129.8,131.6,-8.490000000000009,,6279.00262,-1.799999999999983
2026-05-24 17:00:00+00:00,2026-05-24 19:00:00+02:00,2026-05-24,19,0,0,6,5,120.07,114.81,2.6399999999999864,,6196.82507,5.259999999999991
2026-05-24 17:15:00+00:00,2026-05-24 19:15:00+02:00,2026-05-24,19,15,1,6,5,125.66,125.22,3.960000000000008,,6174.5082,0.4399999999999977
2026-05-24 17:30:00+00:00,2026-05-24 19:30:00+02:00,2026-05-24,19,30,2,6,5,135.22,134.39,-6.8300000000000125,,6154.05942,0.8300000000000125
2026-05-24 17:45:00+00:00,2026-05-24 19:45:00+02:00,2026-05-24,19,45,3,6,5,149.87,173.26,-6.5,,6131.10989,-23.389999999999986
2026-05-24 18:00:00+00:00,2026-05-24 20:00:00+02:00,2026-05-24,20,0,0,6,5,134.13,138.91,-0.7599999999999909,,6123.44312,-4.780000000000001
2026-05-24 18:15:00+00:00,2026-05-24 20:15:00+02:00,2026-05-24,20,15,1,6,5,148.08,154.5,-0.060000000000002274,,6316.16736,-6.4199999999999875
2026-05-24 18:30:00+00:00,2026-05-24 20:30:00+02:00,2026-05-24,20,30,2,6,5,160.58,159.96,-6.0,,6513.12092,0.6200000000000045
2026-05-24 18:45:00+00:00,2026-05-24 20:45:00+02:00,2026-05-24,20,45,3,6,5,165.02,165.2,-0.6700000000000159,,6716.85003,-0.1799999999999784
2026-05-24 19:00:00+00:00,2026-05-24 21:00:00+02:00,2026-05-24,21,0,0,6,5,163.48,170.0,-1.2199999999999989,,6916.26254,-6.52000000000001
2026-05-24 19:15:00+00:00,2026-05-24 21:15:00+02:00,2026-05-24,21,15,1,6,5,158.8,161.52,5.189999999999998,,7115.02312,-2.719999999999999
2026-05-24 19:30:00+00:00,2026-05-24 21:30:00+02:00,2026-05-24,21,30,2,6,5,151.01,153.03,-16.639999999999986,,7315.3595,-2.0200000000000102
2026-05-24 19:45:00+00:00,2026-05-24 21:45:00+02:00,2026-05-24,21,45,3,6,5,142.09,149.74,-21.960000000000008,,7518.04688,-7.650000000000006
2026-05-24 20:00:00+00:00,2026-05-24 22:00:00+02:00,2026-05-24,22,0,0,6,5,155.99,156.4,9.29000000000002,,7656.67252,-0.4099999999999966
2026-05-24 20:15:00+00:00,2026-05-24 22:15:00+02:00,2026-05-24,22,15,1,6,5,147.68,142.63,3.0900000000000034,,7635.69276,5.050000000000011
2026-05-24 20:30:00+00:00,2026-05-24 22:30:00+02:00,2026-05-24,22,30,2,6,5,138.61,139.38,2.680000000000007,,7611.07234,-0.7699999999999818
2026-05-24 20:45:00+00:00,2026-05-24 22:45:00+02:00,2026-05-24,22,45,3,6,5,130.53,137.6,1.5999999999999943,,7584.9093,-7.069999999999993
2026-05-24 21:00:00+00:00,2026-05-24 23:00:00+02:00,2026-05-24,23,0,0,6,5,136.91,141.2,-1.1899999999999977,,7540.26145,-4.289999999999992
2026-05-24 21:15:00+00:00,2026-05-24 23:15:00+02:00,2026-05-24,23,15,1,6,5,131.47,132.8,-1.0200000000000102,,7354.95328,-1.3300000000000125
2026-05-24 21:30:00+00:00,2026-05-24 23:30:00+02:00,2026-05-24,23,30,2,6,5,127.63,127.21,0.1599999999999966,,7166.99893,0.4200000000000017
2026-05-24 21:45:00+00:00,2026-05-24 23:45:00+02:00,2026-05-24,23,45,3,6,5,125.11,127.35,-2.5,,6973.02466,-2.239999999999995
2026-05-25 10:00:00+00:00,2026-05-25 12:00:00+02:00,2026-05-25,12,0,0,0,5,-7.26,-10.67,5.600000000000001,,880.32467,3.41
2026-05-25 10:15:00+00:00,2026-05-25 12:15:00+02:00,2026-05-25,12,15,1,0,5,-7.37,-11.33,11.04,,897.3563,3.96
2026-05-25 10:30:00+00:00,2026-05-25 12:30:00+02:00,2026-05-25,12,30,2,0,5,-11.81,-13.06,12.61,,924.14425,1.25
2026-05-25 10:45:00+00:00,2026-05-25 12:45:00+02:00,2026-05-25,12,45,3,0,5,-15.01,-15.79,21.939999999999998,,933.73075,0.7799999999999994
2026-05-25 11:00:00+00:00,2026-05-25 13:00:00+02:00,2026-05-25,13,0,0,0,5,-17.59,-22.07,24.759999999999998,,957.49307,4.48
2026-05-25 11:15:00+00:00,2026-05-25 13:15:00+02:00,2026-05-25,13,15,1,0,5,-24.0,-27.45,23.070000000000007,,980.50869,3.4499999999999993
2026-05-25 11:30:00+00:00,2026-05-25 13:30:00+02:00,2026-05-25,13,30,2,0,5,-34.56,-32.66,26.979999999999997,,1026.85558,-1.9000000000000057
2026-05-25 11:45:00+00:00,2026-05-25 13:45:00+02:00,2026-05-25,13,45,3,0,5,-38.17,-35.0,22.14,,1071.87902,-3.1700000000000017
2026-05-25 12:00:00+00:00,2026-05-25 14:00:00+02:00,2026-05-25,14,0,0,0,5,-28.46,-209.31,71.38,,1120.18598,180.85
2026-05-25 12:15:00+00:00,2026-05-25 14:15:00+02:00,2026-05-25,14,15,1,0,5,-27.28,-30.0,23.490000000000002,,1176.8731,2.719999999999999
2026-05-25 12:30:00+00:00,2026-05-25 14:30:00+02:00,2026-05-25,14,30,2,0,5,-24.43,-25.01,20.03,,1258.40399,0.5800000000000018
2026-05-25 12:45:00+00:00,2026-05-25 14:45:00+02:00,2026-05-25,14,45,3,0,5,-17.41,-21.36,11.080000000000002,,1361.89445,3.9499999999999993
2026-05-25 13:00:00+00:00,2026-05-25 15:00:00+02:00,2026-05-25,15,0,0,0,5,-13.43,-94.5,17.33,,1492.14281,81.07
2026-05-25 13:15:00+00:00,2026-05-25 15:15:00+02:00,2026-05-25,15,15,1,0,5,-9.05,-82.01,54.900000000000006,,1608.80648,72.96000000000001
2026-05-25 13:30:00+00:00,2026-05-25 15:30:00+02:00,2026-05-25,15,30,2,0,5,-4.03,-100.0,-0.6300000000000008,,1748.02402,95.97
2026-05-25 13:45:00+00:00,2026-05-25 15:45:00+02:00,2026-05-25,15,45,3,0,5,-5.0,-5.0,15.120000000000001,,1861.70649,0.0
2026-05-25 14:00:00+00:00,2026-05-25 16:00:00+02:00,2026-05-25,16,0,0,0,5,-6.55,-30.0,13.91,,1982.27009,23.45
2026-05-25 14:15:00+00:00,2026-05-25 16:15:00+02:00,2026-05-25,16,15,1,0,5,-1.34,-10.0,2.25,,2163.81975,8.66
2026-05-25 14:30:00+00:00,2026-05-25 16:30:00+02:00,2026-05-25,16,30,2,0,5,-0.08,-4.95,-2.13,,2337.35086,4.87
2026-05-25 14:45:00+00:00,2026-05-25 16:45:00+02:00,2026-05-25,16,45,3,0,5,1.99,-0.1,1.04,,2481.47482,2.09
2026-05-25 15:00:00+00:00,2026-05-25 17:00:00+02:00,2026-05-25,17,0,0,0,5,0.21,0.0,0.01,,2603.73097,0.21
2026-05-25 15:15:00+00:00,2026-05-25 17:15:00+02:00,2026-05-25,17,15,1,0,5,5.37,1.34,-26.62,,2688.44812,4.03
2026-05-25 15:30:00+00:00,2026-05-25 17:30:00+02:00,2026-05-25,17,30,2,0,5,27.99,15.01,-3.62,,2749.0982,12.979999999999999
2026-05-25 15:45:00+00:00,2026-05-25 17:45:00+02:00,2026-05-25,17,45,3,0,5,88.0,30.0,-11.27,,2814.71669,58.0
2026-05-25 16:00:00+00:00,2026-05-25 18:00:00+02:00,2026-05-25,18,0,0,0,5,78.56,62.52,17.38,,2869.54766,16.04
2026-05-25 16:15:00+00:00,2026-05-25 18:15:00+02:00,2026-05-25,18,15,1,0,5,107.78,105.58,-1.0899999999999892,,2891.25174,2.200000000000003
2026-05-25 16:30:00+00:00,2026-05-25 18:30:00+02:00,2026-05-25,18,30,2,0,5,136.01,140.97,-15.930000000000007,,2914.17095,-4.960000000000008
2026-05-25 16:45:00+00:00,2026-05-25 18:45:00+02:00,2026-05-25,18,45,3,0,5,146.83,157.76,-1.799999999999983,,2940.54944,-10.929999999999978
2026-05-25 17:00:00+00:00,2026-05-25 19:00:00+02:00,2026-05-25,19,0,0,0,5,132.73,124.99,5.259999999999991,,2965.61755,7.739999999999995
2026-05-25 17:15:00+00:00,2026-05-25 19:15:00+02:00,2026-05-25,19,15,1,0,5,145.25,142.68,0.4399999999999977,,3062.39788,2.569999999999993
2026-05-25 17:30:00+00:00,2026-05-25 19:30:00+02:00,2026-05-25,19,30,2,0,5,151.07,142.6,0.8300000000000125,,3156.29642,8.469999999999999
2026-05-25 17:45:00+00:00,2026-05-25 19:45:00+02:00,2026-05-25,19,45,3,0,5,168.12,179.1,-23.389999999999986,,3255.84174,-10.97999999999999
2026-05-25 18:00:00+00:00,2026-05-25 20:00:00+02:00,2026-05-25,20,0,0,0,5,157.77,154.32,-4.780000000000001,,3361.73188,3.450000000000017
2026-05-25 18:15:00+00:00,2026-05-25 20:15:00+02:00,2026-05-25,20,15,1,0,5,166.01,168.56,-6.4199999999999875,,3601.14434,-2.5500000000000114
2026-05-25 18:30:00+00:00,2026-05-25 20:30:00+02:00,2026-05-25,20,30,2,0,5,184.96,180.76,0.6200000000000045,,3834.81641,4.200000000000017
2026-05-25 18:45:00+00:00,2026-05-25 20:45:00+02:00,2026-05-25,20,45,3,0,5,189.83,176.6,-0.1799999999999784,,4058.24911,13.230000000000018
2026-05-25 19:00:00+00:00,2026-05-25 21:00:00+02:00,2026-05-25,21,0,0,0,5,181.11,189.4,-6.52000000000001,,4258.15892,-8.289999999999992
2026-05-25 19:15:00+00:00,2026-05-25 21:15:00+02:00,2026-05-25,21,15,1,0,5,173.28,176.68,-2.719999999999999,,4491.83217,-3.4000000000000057
2026-05-25 19:30:00+00:00,2026-05-25 21:30:00+02:00,2026-05-25,21,30,2,0,5,162.92,162.73,-2.0200000000000102,,4750.0677,0.18999999999999773
2026-05-25 19:45:00+00:00,2026-05-25 21:45:00+02:00,2026-05-25,21,45,3,0,5,156.72,169.48,-7.650000000000006,,5021.776,-12.759999999999991
2026-05-25 20:00:00+00:00,2026-05-25 22:00:00+02:00,2026-05-25,22,0,0,0,5,170.01,178.47,-0.4099999999999966,,5283.88065,-8.460000000000008
2026-05-25 20:15:00+00:00,2026-05-25 22:15:00+02:00,2026-05-25,22,15,1,0,5,159.79,165.0,5.050000000000011,,5445.84331,-5.210000000000008
2026-05-25 20:30:00+00:00,2026-05-25 22:30:00+02:00,2026-05-25,22,30,2,0,5,153.52,160.0,-0.7699999999999818,,5608.73913,-6.47999999999999
2026-05-25 20:45:00+00:00,2026-05-25 22:45:00+02:00,2026-05-25,22,45,3,0,5,144.68,167.26,-7.069999999999993,,5767.14877,-22.579999999999984
2026-05-25 21:00:00+00:00,2026-05-25 23:00:00+02:00,2026-05-25,23,0,0,0,5,144.43,149.1,-4.289999999999992,,5903.09559,-4.6699999999999875
2026-05-25 21:15:00+00:00,2026-05-25 23:15:00+02:00,2026-05-25,23,15,1,0,5,143.86,142.5,-1.3300000000000125,,5912.52033,1.3600000000000136
2026-05-25 21:30:00+00:00,2026-05-25 23:30:00+02:00,2026-05-25,23,30,2,0,5,138.73,140.99,0.4200000000000017,,5921.10745,-2.2600000000000193
2026-05-25 21:45:00+00:00,2026-05-25 23:45:00+02:00,2026-05-25,23,45,3,0,5,128.76,131.51,-2.239999999999995,,5926.86014,-2.75
2026-05-27 10:00:00+00:00,2026-05-27 12:00:00+02:00,2026-05-27,12,0,0,2,5,3.51,9.55,,,6534.97436,-6.040000000000001
2026-05-27 10:15:00+00:00,2026-05-27 12:15:00+02:00,2026-05-27,12,15,1,2,5,1.88,-0.74,,,6658.12339,2.62
2026-05-27 10:30:00+00:00,2026-05-27 12:30:00+02:00,2026-05-27,12,30,2,2,5,1.74,-1.84,,,6705.64927,3.58
2026-05-27 10:45:00+00:00,2026-05-27 12:45:00+02:00,2026-05-27,12,45,3,2,5,1.49,-6.76,,,6806.07773,8.25
2026-05-27 11:00:00+00:00,2026-05-27 13:00:00+02:00,2026-05-27,13,0,0,2,5,2.05,-1.17,,,6955.13382,3.2199999999999998
2026-05-27 11:15:00+00:00,2026-05-27 13:15:00+02:00,2026-05-27,13,15,1,2,5,1.96,-0.7,,,7167.39121,2.66
2026-05-27 11:30:00+00:00,2026-05-27 13:30:00+02:00,2026-05-27,13,30,2,2,5,4.39,-2.0,,,7413.03984,6.39
2026-05-27 11:45:00+00:00,2026-05-27 13:45:00+02:00,2026-05-27,13,45,3,2,5,3.61,-3.47,,,7709.60732,7.08
2026-05-27 12:00:00+00:00,2026-05-27 14:00:00+02:00,2026-05-27,14,0,0,2,5,2.01,-3.09,,,8068.39872,5.1
2026-05-27 12:15:00+00:00,2026-05-27 14:15:00+02:00,2026-05-27,14,15,1,2,5,1.99,-1.28,,,8396.37172,3.27
2026-05-27 12:30:00+00:00,2026-05-27 14:30:00+02:00,2026-05-27,14,30,2,2,5,1.99,-1.62,,,8687.49727,3.6100000000000003
2026-05-27 12:45:00+00:00,2026-05-27 14:45:00+02:00,2026-05-27,14,45,3,2,5,0.82,-1.77,,,9004.63265,2.59
2026-05-27 13:00:00+00:00,2026-05-27 15:00:00+02:00,2026-05-27,15,0,0,2,5,2.94,-1.8,,,9373.1993,4.74
2026-05-27 13:15:00+00:00,2026-05-27 15:15:00+02:00,2026-05-27,15,15,1,2,5,1.86,-2.02,,,9945.79691,3.88
2026-05-27 13:30:00+00:00,2026-05-27 15:30:00+02:00,2026-05-27,15,30,2,2,5,5.0,-1.9,,,10615.21629,6.9
2026-05-27 13:45:00+00:00,2026-05-27 15:45:00+02:00,2026-05-27,15,45,3,2,5,3.62,-1.09,,,11140.53884,4.71
2026-05-27 14:00:00+00:00,2026-05-27 16:00:00+02:00,2026-05-27,16,0,0,2,5,8.48,-1.88,,,11603.24816,10.36
2026-05-27 14:15:00+00:00,2026-05-27 16:15:00+02:00,2026-05-27,16,15,1,2,5,10.2,-0.91,,,12088.13072,11.11
2026-05-27 14:30:00+00:00,2026-05-27 16:30:00+02:00,2026-05-27,16,30,2,2,5,10.5,-0.01,,,12654.84929,10.51
2026-05-27 14:45:00+00:00,2026-05-27 16:45:00+02:00,2026-05-27,16,45,3,2,5,24.0,6.46,,,13301.69755,17.54
2026-05-27 15:00:00+00:00,2026-05-27 17:00:00+02:00,2026-05-27,17,0,0,2,5,31.57,2.0,,,14068.55087,29.57
2026-05-27 15:15:00+00:00,2026-05-27 17:15:00+02:00,2026-05-27,17,15,1,2,5,54.94,5.0,,,14575.35108,49.94
2026-05-27 15:30:00+00:00,2026-05-27 17:30:00+02:00,2026-05-27,17,30,2,2,5,69.79,43.39,,,14916.3277,26.400000000000006
2026-05-27 15:45:00+00:00,2026-05-27 17:45:00+02:00,2026-05-27,17,45,3,2,5,106.01,54.18,,,15063.74502,51.830000000000005
2026-05-27 16:00:00+00:00,2026-05-27 18:00:00+02:00,2026-05-27,18,0,0,2,5,91.65,38.62,,,15199.21687,53.03000000000001
2026-05-27 16:15:00+00:00,2026-05-27 18:15:00+02:00,2026-05-27,18,15,1,2,5,114.7,94.21,,,15205.48311,20.49000000000001
2026-05-27 16:30:00+00:00,2026-05-27 18:30:00+02:00,2026-05-27,18,30,2,2,5,138.56,121.37,,,15213.65839,17.189999999999998
2026-05-27 16:45:00+00:00,2026-05-27 18:45:00+02:00,2026-05-27,18,45,3,2,5,151.05,143.35,,,15220.93421,7.700000000000017
2026-05-27 17:00:00+00:00,2026-05-27 19:00:00+02:00,2026-05-27,19,0,0,2,5,136.52,113.08,,,15194.82618,23.440000000000012
2026-05-27 17:15:00+00:00,2026-05-27 19:15:00+02:00,2026-05-27,19,15,1,2,5,147.52,131.87,,,14968.87114,15.650000000000006
2026-05-27 17:30:00+00:00,2026-05-27 19:30:00+02:00,2026-05-27,19,30,2,2,5,156.0,150.0,,,14734.09616,6.0
2026-05-27 17:45:00+00:00,2026-05-27 19:45:00+02:00,2026-05-27,19,45,3,2,5,172.17,152.99,,,14491.41745,19.17999999999998
2026-05-27 18:00:00+00:00,2026-05-27 20:00:00+02:00,2026-05-27,20,0,0,2,5,159.28,157.39,,,14243.75719,1.8900000000000148
2026-05-27 18:15:00+00:00,2026-05-27 20:15:00+02:00,2026-05-27,20,15,1,2,5,161.4,162.41,,,14113.55902,-1.009999999999991
2026-05-27 18:30:00+00:00,2026-05-27 20:30:00+02:00,2026-05-27,20,30,2,2,5,178.3,164.87,,,13976.14572,13.430000000000007
2026-05-27 18:45:00+00:00,2026-05-27 20:45:00+02:00,2026-05-27,20,45,3,2,5,182.18,181.61,,,13821.57717,0.5699999999999932
2026-05-27 19:00:00+00:00,2026-05-27 21:00:00+02:00,2026-05-27,21,0,0,2,5,186.95,179.8,,,13654.28149,7.149999999999977
2026-05-27 19:15:00+00:00,2026-05-27 21:15:00+02:00,2026-05-27,21,15,1,2,5,171.67,165.8,,,13549.06901,5.869999999999976
2026-05-27 19:30:00+00:00,2026-05-27 21:30:00+02:00,2026-05-27,21,30,2,2,5,160.58,154.84,,,13470.77259,5.740000000000009
2026-05-27 19:45:00+00:00,2026-05-27 21:45:00+02:00,2026-05-27,21,45,3,2,5,153.68,164.99,,,13399.80554,-11.310000000000002
2026-05-27 20:00:00+00:00,2026-05-27 22:00:00+02:00,2026-05-27,22,0,0,2,5,161.48,155.38,,,13185.83992,6.099999999999994
2026-05-27 20:15:00+00:00,2026-05-27 22:15:00+02:00,2026-05-27,22,15,1,2,5,151.17,149.1,,,12944.82642,2.069999999999993
2026-05-27 20:30:00+00:00,2026-05-27 22:30:00+02:00,2026-05-27,22,30,2,2,5,146.21,141.5,,,12704.12044,4.710000000000008
2026-05-27 20:45:00+00:00,2026-05-27 22:45:00+02:00,2026-05-27,22,45,3,2,5,136.42,132.8,,,12456.60869,3.619999999999976
2026-05-27 21:00:00+00:00,2026-05-27 23:00:00+02:00,2026-05-27,23,0,0,2,5,145.87,143.6,,,12190.28358,2.2700000000000102
2026-05-27 21:15:00+00:00,2026-05-27 23:15:00+02:00,2026-05-27,23,15,1,2,5,137.01,136.6,,,11826.59469,0.4099999999999966
2026-05-27 21:30:00+00:00,2026-05-27 23:30:00+02:00,2026-05-27,23,30,2,2,5,133.8,130.27,,,11459.41351,3.530000000000001
2026-05-27 21:45:00+00:00,2026-05-27 23:45:00+02:00,2026-05-27,23,45,3,2,5,132.23,128.92,,,11090.48255,3.3100000000000023
2026-05-28 10:00:00+00:00,2026-05-28 12:00:00+02:00,2026-05-28,12,0,0,3,5,-4.16,0.03,-6.040000000000001,,669.58848,-4.19
2026-05-28 10:15:00+00:00,2026-05-28 12:15:00+02:00,2026-05-28,12,15,1,3,5,-5.82,0.0,2.62,,667.50255,-5.82
2026-05-28 10:30:00+00:00,2026-05-28 12:30:00+02:00,2026-05-28,12,30,2,3,5,-5.17,2.38,3.58,,669.4271,-7.55
2026-05-28 10:45:00+00:00,2026-05-28 12:45:00+02:00,2026-05-28,12,45,3,3,5,-5.82,2.09,8.25,,676.10422,-7.91
2026-05-28 11:00:00+00:00,2026-05-28 13:00:00+02:00,2026-05-28,13,0,0,3,5,-5.82,-1.27,3.2199999999999998,,684.77288,-4.550000000000001
2026-05-28 11:15:00+00:00,2026-05-28 13:15:00+02:00,2026-05-28,13,15,1,3,5,-6.01,-0.01,2.66,,705.50238,-6.0
2026-05-28 11:30:00+00:00,2026-05-28 13:30:00+02:00,2026-05-28,13,30,2,3,5,-5.82,1.82,6.39,,728.85009,-7.640000000000001
2026-05-28 11:45:00+00:00,2026-05-28 13:45:00+02:00,2026-05-28,13,45,3,3,5,-6.48,-0.03,7.08,,756.31391,-6.45
2026-05-28 12:00:00+00:00,2026-05-28 14:00:00+02:00,2026-05-28,14,0,0,3,5,-5.45,-0.02,5.1,,790.08745,-5.430000000000001
2026-05-28 12:15:00+00:00,2026-05-28 14:15:00+02:00,2026-05-28,14,15,1,3,5,-3.27,1.07,3.27,,837.12523,-4.34
2026-05-28 12:30:00+00:00,2026-05-28 14:30:00+02:00,2026-05-28,14,30,2,3,5,-3.99,-0.18,3.6100000000000003,,892.41299,-3.81
2026-05-28 12:45:00+00:00,2026-05-28 14:45:00+02:00,2026-05-28,14,45,3,3,5,-2.0,0.25,2.59,,962.74613,-2.25
2026-05-28 13:00:00+00:00,2026-05-28 15:00:00+02:00,2026-05-28,15,0,0,3,5,-4.97,-1.71,4.74,,1042.08629,-3.26
2026-05-28 13:15:00+00:00,2026-05-28 15:15:00+02:00,2026-05-28,15,15,1,3,5,-1.89,0.01,3.88,,1120.65111,-1.9
2026-05-28 13:30:00+00:00,2026-05-28 15:30:00+02:00,2026-05-28,15,30,2,3,5,5.84,0.84,6.9,,1185.34179,5.0
2026-05-28 13:45:00+00:00,2026-05-28 15:45:00+02:00,2026-05-28,15,45,3,3,5,9.17,4.34,4.71,,1244.36798,4.83
2026-05-28 14:00:00+00:00,2026-05-28 16:00:00+02:00,2026-05-28,16,0,0,3,5,13.6,26.42,10.36,,1295.22208,-12.820000000000002
2026-05-28 14:15:00+00:00,2026-05-28 16:15:00+02:00,2026-05-28,16,15,1,3,5,18.44,10.0,11.11,,1339.27106,8.440000000000001
2026-05-28 14:30:00+00:00,2026-05-28 16:30:00+02:00,2026-05-28,16,30,2,3,5,48.22,52.31,10.51,,1378.5204,-4.090000000000003
2026-05-28 14:45:00+00:00,2026-05-28 16:45:00+02:00,2026-05-28,16,45,3,3,5,87.66,60.01,17.54,,1412.50113,27.65
2026-05-28 15:00:00+00:00,2026-05-28 17:00:00+02:00,2026-05-28,17,0,0,3,5,75.5,65.43,29.57,,1445.83,10.069999999999993
2026-05-28 15:15:00+00:00,2026-05-28 17:15:00+02:00,2026-05-28,17,15,1,3,5,92.46,92.56,49.94,,1461.1987,-0.10000000000000853
2026-05-28 15:30:00+00:00,2026-05-28 17:30:00+02:00,2026-05-28,17,30,2,3,5,108.0,114.99,26.400000000000006,,1479.08174,-6.989999999999995
2026-05-28 15:45:00+00:00,2026-05-28 17:45:00+02:00,2026-05-28,17,45,3,3,5,124.04,143.02,51.830000000000005,,1493.90342,-18.980000000000004
2026-05-28 16:00:00+00:00,2026-05-28 18:00:00+02:00,2026-05-28,18,0,0,3,5,105.28,110.33,53.03000000000001,,1510.51354,-5.049999999999997
2026-05-28 16:15:00+00:00,2026-05-28 18:15:00+02:00,2026-05-28,18,15,1,3,5,120.0,131.36,20.49000000000001,,1509.30923,-11.360000000000014
2026-05-28 16:30:00+00:00,2026-05-28 18:30:00+02:00,2026-05-28,18,30,2,3,5,138.73,147.28,17.189999999999998,,1507.47728,-8.550000000000011
2026-05-28 16:45:00+00:00,2026-05-28 18:45:00+02:00,2026-05-28,18,45,3,3,5,163.73,165.3,7.700000000000017,,1505.38715,-1.5700000000000216
2026-05-28 17:00:00+00:00,2026-05-28 19:00:00+02:00,2026-05-28,19,0,0,3,5,148.63,154.47,23.440000000000012,,1497.80093,-5.840000000000003
2026-05-28 17:15:00+00:00,2026-05-28 19:15:00+02:00,2026-05-28,19,15,1,3,5,171.25,173.31,15.650000000000006,,1526.71846,-2.0600000000000023
2026-05-28 17:30:00+00:00,2026-05-28 19:30:00+02:00,2026-05-28,19,30,2,3,5,205.89,204.14,6.0,,1552.62577,1.75
2026-05-28 17:45:00+00:00,2026-05-28 19:45:00+02:00,2026-05-28,19,45,3,3,5,258.0,340.83,19.17999999999998,,1580.73569,-82.82999999999998
2026-05-28 18:00:00+00:00,2026-05-28 20:00:00+02:00,2026-05-28,20,0,0,3,5,244.12,256.44,1.8900000000000148,,1611.3295,-12.319999999999993
2026-05-28 18:15:00+00:00,2026-05-28 20:15:00+02:00,2026-05-28,20,15,1,3,5,293.85,298.32,-1.009999999999991,,1725.48842,-4.46999999999997
2026-05-28 18:30:00+00:00,2026-05-28 20:30:00+02:00,2026-05-28,20,30,2,3,5,345.0,468.31,13.430000000000007,,1831.62917,-123.31
2026-05-28 18:45:00+00:00,2026-05-28 20:45:00+02:00,2026-05-28,20,45,3,3,5,373.24,340.09,0.5699999999999932,,1920.63355,33.150000000000034
2026-05-28 19:00:00+00:00,2026-05-28 21:00:00+02:00,2026-05-28,21,0,0,3,5,360.97,302.17,7.149999999999977,,1965.60535,58.80000000000001
2026-05-28 19:15:00+00:00,2026-05-28 21:15:00+02:00,2026-05-28,21,15,1,3,5,352.04,275.98,5.869999999999976,,2000.00527,76.06
2026-05-28 19:30:00+00:00,2026-05-28 21:30:00+02:00,2026-05-28,21,30,2,3,5,283.7,361.81,5.740000000000009,,2051.39046,-78.11000000000001
2026-05-28 19:45:00+00:00,2026-05-28 21:45:00+02:00,2026-05-28,21,45,3,3,5,204.09,244.12,-11.310000000000002,,2111.30727,-40.03
2026-05-28 20:00:00+00:00,2026-05-28 22:00:00+02:00,2026-05-28,22,0,0,3,5,242.54,215.17,6.099999999999994,,2178.21515,27.370000000000005
2026-05-28 20:15:00+00:00,2026-05-28 22:15:00+02:00,2026-05-28,22,15,1,3,5,204.85,217.18,2.069999999999993,,2184.334,-12.330000000000013
2026-05-28 20:30:00+00:00,2026-05-28 22:30:00+02:00,2026-05-28,22,30,2,3,5,180.12,190.0,4.710000000000008,,2192.37873,-9.879999999999995
2026-05-28 20:45:00+00:00,2026-05-28 22:45:00+02:00,2026-05-28,22,45,3,3,5,161.3,185.0,3.619999999999976,,2195.5063,-23.69999999999999
2026-05-28 21:00:00+00:00,2026-05-28 23:00:00+02:00,2026-05-28,23,0,0,3,5,172.1,170.0,2.2700000000000102,,2197.80536,2.0999999999999943
2026-05-28 21:15:00+00:00,2026-05-28 23:15:00+02:00,2026-05-28,23,15,1,3,5,162.36,165.0,0.4099999999999966,,2192.66653,-2.6399999999999864
2026-05-28 21:30:00+00:00,2026-05-28 23:30:00+02:00,2026-05-28,23,30,2,3,5,151.84,155.42,3.530000000000001,,2186.36091,-3.579999999999984
2026-05-28 21:45:00+00:00,2026-05-28 23:45:00+02:00,2026-05-28,23,45,3,3,5,148.0,143.88,3.3100000000000023,,2182.18807,4.1200000000000045
2026-05-31 10:00:00+00:00,2026-05-31 12:00:00+02:00,2026-05-31,12,0,0,6,5,24.19,10.43,,,2686.18118,13.760000000000002
2026-05-31 10:15:00+00:00,2026-05-31 12:15:00+02:00,2026-05-31,12,15,1,6,5,24.0,1.8,,,2832.14234,22.2
2026-05-31 10:30:00+00:00,2026-05-31 12:30:00+02:00,2026-05-31,12,30,2,6,5,24.85,-0.01,,,2973.92509,24.860000000000003
2026-05-31 10:45:00+00:00,2026-05-31 12:45:00+02:00,2026-05-31,12,45,3,6,5,24.5,-4.11,,,3125.87345,28.61
2026-05-31 11:00:00+00:00,2026-05-31 13:00:00+02:00,2026-05-31,13,0,0,6,5,24.0,-0.03,,,3273.4503,24.03
2026-05-31 11:15:00+00:00,2026-05-31 13:15:00+02:00,2026-05-31,13,15,1,6,5,23.1,0.73,,,3423.34715,22.37
2026-05-31 11:30:00+00:00,2026-05-31 13:30:00+02:00,2026-05-31,13,30,2,6,5,23.0,3.03,,,3572.30008,19.97
2026-05-31 11:45:00+00:00,2026-05-31 13:45:00+02:00,2026-05-31,13,45,3,6,5,22.02,3.07,,,3715.07413,18.95
2026-05-31 12:00:00+00:00,2026-05-31 14:00:00+02:00,2026-05-31,14,0,0,6,5,20.69,-4.11,,,3903.86591,24.8
2026-05-31 12:15:00+00:00,2026-05-31 14:15:00+02:00,2026-05-31,14,15,1,6,5,21.81,1.7,,,4116.2685,20.11
2026-05-31 12:30:00+00:00,2026-05-31 14:30:00+02:00,2026-05-31,14,30,2,6,5,20.08,3.67,,,4336.84835,16.409999999999997
2026-05-31 12:45:00+00:00,2026-05-31 14:45:00+02:00,2026-05-31,14,45,3,6,5,19.99,6.9,,,4563.73212,13.089999999999998
2026-05-31 13:00:00+00:00,2026-05-31 15:00:00+02:00,2026-05-31,15,0,0,6,5,20.99,-7.79,,,4787.66038,28.779999999999998
2026-05-31 13:15:00+00:00,2026-05-31 15:15:00+02:00,2026-05-31,15,15,1,6,5,20.12,2.4,,,5059.26625,17.720000000000002
2026-05-31 13:30:00+00:00,2026-05-31 15:30:00+02:00,2026-05-31,15,30,2,6,5,21.01,8.9,,,5375.1645,12.110000000000001
2026-05-31 13:45:00+00:00,2026-05-31 15:45:00+02:00,2026-05-31,15,45,3,6,5,30.0,12.75,,,5722.72297,17.25
2026-05-31 14:00:00+00:00,2026-05-31 16:00:00+02:00,2026-05-31,16,0,0,6,5,27.01,-0.23,,,6123.29075,27.240000000000002
2026-05-31 14:15:00+00:00,2026-05-31 16:15:00+02:00,2026-05-31,16,15,1,6,5,51.54,28.1,,,6587.79263,23.439999999999998
2026-05-31 14:30:00+00:00,2026-05-31 16:30:00+02:00,2026-05-31,16,30,2,6,5,78.94,63.88,,,6927.74406,15.059999999999995
2026-05-31 14:45:00+00:00,2026-05-31 16:45:00+02:00,2026-05-31,16,45,3,6,5,93.2,38.56,,,7197.56472,54.64
2026-05-31 15:00:00+00:00,2026-05-31 17:00:00+02:00,2026-05-31,17,0,0,6,5,79.12,65.94,,,7460.8499,13.180000000000007
2026-05-31 15:15:00+00:00,2026-05-31 17:15:00+02:00,2026-05-31,17,15,1,6,5,94.99,89.41,,,7655.44524,5.579999999999998
2026-05-31 15:30:00+00:00,2026-05-31 17:30:00+02:00,2026-05-31,17,30,2,6,5,112.99,104.0,,,7837.35337,8.989999999999995
2026-05-31 15:45:00+00:00,2026-05-31 17:45:00+02:00,2026-05-31,17,45,3,6,5,124.23,120.57,,,8015.42957,3.660000000000011
2026-05-31 16:00:00+00:00,2026-05-31 18:00:00+02:00,2026-05-31,18,0,0,6,5,109.99,92.1,,,8185.14264,17.89
2026-05-31 16:15:00+00:00,2026-05-31 18:15:00+02:00,2026-05-31,18,15,1,6,5,120.79,119.02,,,8232.22974,1.7700000000000102
2026-05-31 16:30:00+00:00,2026-05-31 18:30:00+02:00,2026-05-31,18,30,2,6,5,132.6,136.47,,,8273.27889,-3.8700000000000045
2026-05-31 16:45:00+00:00,2026-05-31 18:45:00+02:00,2026-05-31,18,45,3,6,5,143.49,149.57,,,8304.91162,-6.079999999999984
2026-05-31 17:00:00+00:00,2026-05-31 19:00:00+02:00,2026-05-31,19,0,0,6,5,132.21,131.77,,,8327.23875,0.4399999999999977
2026-05-31 17:15:00+00:00,2026-05-31 19:15:00+02:00,2026-05-31,19,15,1,6,5,136.99,137.98,,,8289.01472,-0.9899999999999807
2026-05-31 17:30:00+00:00,2026-05-31 19:30:00+02:00,2026-05-31,19,30,2,6,5,144.71,160.81,,,8255.13556,-16.099999999999994
2026-05-31 17:45:00+00:00,2026-05-31 19:45:00+02:00,2026-05-31,19,45,3,6,5,148.01,150.51,,,8227.1468,-2.5
2026-05-31 18:00:00+00:00,2026-05-31 20:00:00+02:00,2026-05-31,20,0,0,6,5,138.99,144.07,,,8201.29849,-5.079999999999984
2026-05-31 18:15:00+00:00,2026-05-31 20:15:00+02:00,2026-05-31,20,15,1,6,5,142.36,147.98,,,8230.28073,-5.619999999999976
2026-05-31 18:30:00+00:00,2026-05-31 20:30:00+02:00,2026-05-31,20,30,2,6,5,147.98,157.35,,,8261.53597,-9.370000000000005
2026-05-31 18:45:00+00:00,2026-05-31 20:45:00+02:00,2026-05-31,20,45,3,6,5,150.67,179.6,,,8290.9088,-28.930000000000007
2026-05-31 19:00:00+00:00,2026-05-31 21:00:00+02:00,2026-05-31,21,0,0,6,5,150.99,158.51,,,8320.06469,-7.519999999999982
2026-05-31 19:15:00+00:00,2026-05-31 21:15:00+02:00,2026-05-31,21,15,1,6,5,150.0,178.84,,,8343.73201,-28.840000000000003
2026-05-31 19:30:00+00:00,2026-05-31 21:30:00+02:00,2026-05-31,21,30,2,6,5,146.98,167.4,,,8365.36812,-20.420000000000016
2026-05-31 19:45:00+00:00,2026-05-31 21:45:00+02:00,2026-05-31,21,45,3,6,5,147.77,154.8,,,8386.80733,-7.030000000000001
2026-05-31 20:00:00+00:00,2026-05-31 22:00:00+02:00,2026-05-31,22,0,0,6,5,157.76,162.16,,,8334.8294,-4.400000000000006
2026-05-31 20:15:00+00:00,2026-05-31 22:15:00+02:00,2026-05-31,22,15,1,6,5,152.22,154.86,,,8333.49622,-2.640000000000015
2026-05-31 20:30:00+00:00,2026-05-31 22:30:00+02:00,2026-05-31,22,30,2,6,5,149.67,150.94,,,8330.34226,-1.2700000000000102
2026-05-31 20:45:00+00:00,2026-05-31 22:45:00+02:00,2026-05-31,22,45,3,6,5,140.35,144.55,,,8327.59015,-4.200000000000017
2026-05-31 21:00:00+00:00,2026-05-31 23:00:00+02:00,2026-05-31,23,0,0,6,5,150.0,151.52,,,8293.33144,-1.5200000000000102
2026-05-31 21:15:00+00:00,2026-05-31 23:15:00+02:00,2026-05-31,23,15,1,6,5,143.98,146.95,,,8219.45075,-2.969999999999999
2026-05-31 21:30:00+00:00,2026-05-31 23:30:00+02:00,2026-05-31,23,30,2,6,5,143.94,142.99,,,8139.51903,0.9499999999999886
2026-05-31 21:45:00+00:00,2026-05-31 23:45:00+02:00,2026-05-31,23,45,3,6,5,134.22,139.93,,,8054.65406,-5.710000000000008
2026-06-01 10:00:00+00:00,2026-06-01 12:00:00+02:00,2026-06-01,12,0,0,0,6,100.0,100.01,13.760000000000002,,2724.58425,-0.010000000000005116
2026-06-01 10:15:00+00:00,2026-06-01 12:15:00+02:00,2026-06-01,12,15,1,0,6,95.99,93.33,22.2,,2776.16149,2.6599999999999966
2026-06-01 10:30:00+00:00,2026-06-01 12:30:00+02:00,2026-06-01,12,30,2,0,6,93.29,91.81,24.860000000000003,,2828.18285,1.480000000000004
2026-06-01 10:45:00+00:00,2026-06-01 12:45:00+02:00,2026-06-01,12,45,3,0,6,90.83,87.18,28.61,,2880.38641,3.6499999999999915
2026-06-01 11:00:00+00:00,2026-06-01 13:00:00+02:00,2026-06-01,13,0,0,0,6,94.46,92.62,24.03,,2931.116,1.8399999999999892
2026-06-01 11:15:00+00:00,2026-06-01 13:15:00+02:00,2026-06-01,13,15,1,0,6,91.99,92.21,22.37,,2954.56941,-0.21999999999999886
2026-06-01 11:30:00+00:00,2026-06-01 13:30:00+02:00,2026-06-01,13,30,2,0,6,90.46,88.45,19.97,,2987.4538,2.009999999999991
2026-06-01 11:45:00+00:00,2026-06-01 13:45:00+02:00,2026-06-01,13,45,3,0,6,86.93,48.23,18.95,,3038.91101,38.70000000000001
2026-06-01 12:00:00+00:00,2026-06-01 14:00:00+02:00,2026-06-01,14,0,0,0,6,92.0,50.2,24.8,,3086.73464,41.8
2026-06-01 12:15:00+00:00,2026-06-01 14:15:00+02:00,2026-06-01,14,15,1,0,6,92.38,86.95,20.11,,3079.30792,5.429999999999993
2026-06-01 12:30:00+00:00,2026-06-01 14:30:00+02:00,2026-06-01,14,30,2,0,6,92.66,57.24,16.409999999999997,,3054.64357,35.419999999999995
2026-06-01 12:45:00+00:00,2026-06-01 14:45:00+02:00,2026-06-01,14,45,3,0,6,93.91,62.24,13.089999999999998,,3019.47137,31.669999999999995
2026-06-01 13:00:00+00:00,2026-06-01 15:00:00+02:00,2026-06-01,15,0,0,0,6,90.68,86.0,28.779999999999998,,2975.96749,4.680000000000007
2026-06-01 13:15:00+00:00,2026-06-01 15:15:00+02:00,2026-06-01,15,15,1,0,6,93.13,92.59,17.720000000000002,,2864.95155,0.539999999999992
2026-06-01 13:30:00+00:00,2026-06-01 15:30:00+02:00,2026-06-01,15,30,2,0,6,98.79,84.99,12.110000000000001,,2751.46899,13.800000000000011
2026-06-01 13:45:00+00:00,2026-06-01 15:45:00+02:00,2026-06-01,15,45,3,0,6,105.39,94.99,17.25,,2637.44221,10.400000000000006
2026-06-01 14:00:00+00:00,2026-06-01 16:00:00+02:00,2026-06-01,16,0,0,0,6,97.4,86.17,27.240000000000002,,2519.58795,11.230000000000004
2026-06-01 14:15:00+00:00,2026-06-01 16:15:00+02:00,2026-06-01,16,15,1,0,6,99.14,93.48,23.439999999999998,,2389.83903,5.659999999999997
2026-06-01 14:30:00+00:00,2026-06-01 16:30:00+02:00,2026-06-01,16,30,2,0,6,110.11,111.32,15.059999999999995,,2255.57365,-1.2099999999999937
2026-06-01 14:45:00+00:00,2026-06-01 16:45:00+02:00,2026-06-01,16,45,3,0,6,118.11,127.1,54.64,,2122.9649,-8.989999999999995
2026-06-01 15:00:00+00:00,2026-06-01 17:00:00+02:00,2026-06-01,17,0,0,0,6,103.27,105.54,13.180000000000007,,1986.26707,-2.2700000000000102
2026-06-01 15:15:00+00:00,2026-06-01 17:15:00+02:00,2026-06-01,17,15,1,0,6,109.55,118.45,5.579999999999998,,1861.53629,-8.900000000000006
2026-06-01 15:30:00+00:00,2026-06-01 17:30:00+02:00,2026-06-01,17,30,2,0,6,123.49,131.0,8.989999999999995,,1732.65176,-7.510000000000005
2026-06-01 15:45:00+00:00,2026-06-01 17:45:00+02:00,2026-06-01,17,45,3,0,6,135.09,155.93,3.660000000000011,,1605.25286,-20.840000000000003
2026-06-01 16:00:00+00:00,2026-06-01 18:00:00+02:00,2026-06-01,18,0,0,0,6,113.42,112.73,17.89,,1483.56831,0.6899999999999977
2026-06-01 16:15:00+00:00,2026-06-01 18:15:00+02:00,2026-06-01,18,15,1,0,6,125.87,141.44,1.7700000000000102,,1384.02472,-15.569999999999993
2026-06-01 16:30:00+00:00,2026-06-01 18:30:00+02:00,2026-06-01,18,30,2,0,6,144.09,147.76,-3.8700000000000045,,1280.55839,-3.6699999999999875
2026-06-01 16:45:00+00:00,2026-06-01 18:45:00+02:00,2026-06-01,18,45,3,0,6,163.99,175.29,-6.079999999999984,,1177.65158,-11.299999999999983
2026-06-01 17:00:00+00:00,2026-06-01 19:00:00+02:00,2026-06-01,19,0,0,0,6,143.61,199.99,0.4399999999999977,,1071.23676,-56.379999999999995
2026-06-01 17:15:00+00:00,2026-06-01 19:15:00+02:00,2026-06-01,19,15,1,0,6,157.3,219.9,-0.9899999999999807,,1002.92905,-62.599999999999994
2026-06-01 17:30:00+00:00,2026-06-01 19:30:00+02:00,2026-06-01,19,30,2,0,6,183.4,230.0,-16.099999999999994,,929.95695,-46.599999999999994
2026-06-01 17:45:00+00:00,2026-06-01 19:45:00+02:00,2026-06-01,19,45,3,0,6,245.99,290.0,-2.5,,858.25614,-44.00999999999999
2026-06-01 18:00:00+00:00,2026-06-01 20:00:00+02:00,2026-06-01,20,0,0,0,6,212.7,294.5,-5.079999999999984,,790.13086,-81.80000000000001
2026-06-01 18:15:00+00:00,2026-06-01 20:15:00+02:00,2026-06-01,20,15,1,0,6,250.79,338.27,-5.619999999999976,,805.35601,-87.47999999999999
2026-06-01 18:30:00+00:00,2026-06-01 20:30:00+02:00,2026-06-01,20,30,2,0,6,298.97,380.0,-9.370000000000005,,814.28111,-81.02999999999997
2026-06-01 18:45:00+00:00,2026-06-01 20:45:00+02:00,2026-06-01,20,45,3,0,6,355.38,459.64,-28.930000000000007,,814.93836,-104.25999999999999
2026-06-01 19:00:00+00:00,2026-06-01 21:00:00+02:00,2026-06-01,21,0,0,0,6,357.06,317.2,-7.519999999999982,,838.39157,39.860000000000014
2026-06-01 19:15:00+00:00,2026-06-01 21:15:00+02:00,2026-06-01,21,15,1,0,6,292.92,387.44,-28.840000000000003,,919.71428,-94.51999999999998
2026-06-01 19:30:00+00:00,2026-06-01 21:30:00+02:00,2026-06-01,21,30,2,0,6,237.91,285.0,-20.420000000000016,,1021.39389,-47.09
2026-06-01 19:45:00+00:00,2026-06-01 21:45:00+02:00,2026-06-01,21,45,3,0,6,196.17,399.01,-7.030000000000001,,1131.90726,-202.84
2026-06-01 20:00:00+00:00,2026-06-01 22:00:00+02:00,2026-06-01,22,0,0,0,6,220.43,237.4,-4.400000000000006,,1255.63477,-16.97
2026-06-01 20:15:00+00:00,2026-06-01 22:15:00+02:00,2026-06-01,22,15,1,0,6,184.38,250.0,-2.640000000000015,,1468.83465,-65.62
2026-06-01 20:30:00+00:00,2026-06-01 22:30:00+02:00,2026-06-01,22,30,2,0,6,169.1,186.32,-1.2700000000000102,,1685.82625,-17.22
2026-06-01 20:45:00+00:00,2026-06-01 22:45:00+02:00,2026-06-01,22,45,3,0,6,155.55,241.08,-4.200000000000017,,1903.29653,-85.53
2026-06-01 21:00:00+00:00,2026-06-01 23:00:00+02:00,2026-06-01,23,0,0,0,6,161.63,166.1,-1.5200000000000102,,2129.82168,-4.469999999999999
2026-06-01 21:15:00+00:00,2026-06-01 23:15:00+02:00,2026-06-01,23,15,1,0,6,153.31,160.6,-2.969999999999999,,2388.82091,-7.289999999999992
2026-06-01 21:30:00+00:00,2026-06-01 23:30:00+02:00,2026-06-01,23,30,2,0,6,144.01,155.88,0.9499999999999886,,2650.80204,-11.870000000000005
2026-06-01 21:45:00+00:00,2026-06-01 23:45:00+02:00,2026-06-01,23,45,3,0,6,136.18,147.08,-5.710000000000008,,2916.68937,-10.900000000000006
2026-06-02 10:00:00+00:00,2026-06-02 12:00:00+02:00,2026-06-02,12,0,0,1,6,72.03,86.33,-0.010000000000005116,,6510.4587,-14.299999999999997
2026-06-02 10:15:00+00:00,2026-06-02 12:15:00+02:00,2026-06-02,12,15,1,1,6,70.57,82.43,2.6599999999999966,,6713.22112,-11.860000000000014
2026-06-02 10:30:00+00:00,2026-06-02 12:30:00+02:00,2026-06-02,12,30,2,1,6,68.23,79.41,1.480000000000004,,6899.79047,-11.179999999999993
2026-06-02 10:45:00+00:00,2026-06-02 12:45:00+02:00,2026-06-02,12,45,3,1,6,64.9,73.95,3.6499999999999915,,7078.84791,-9.049999999999997
2026-06-02 11:00:00+00:00,2026-06-02 13:00:00+02:00,2026-06-02,13,0,0,1,6,69.45,80.09,1.8399999999999892,,7243.12387,-10.64
2026-06-02 11:15:00+00:00,2026-06-02 13:15:00+02:00,2026-06-02,13,15,1,1,6,71.7,85.6,-0.21999999999999886,,7216.10099,-13.899999999999991
2026-06-02 11:30:00+00:00,2026-06-02 13:30:00+02:00,2026-06-02,13,30,2,1,6,72.01,86.52,2.009999999999991,,7203.38343,-14.509999999999991
2026-06-02 11:45:00+00:00,2026-06-02 13:45:00+02:00,2026-06-02,13,45,3,1,6,73.07,86.69,38.70000000000001,,7215.43739,-13.620000000000005
2026-06-02 12:00:00+00:00,2026-06-02 14:00:00+02:00,2026-06-02,14,0,0,1,6,68.0,84.91,41.8,,7241.49843,-16.909999999999997
2026-06-02 12:15:00+00:00,2026-06-02 14:15:00+02:00,2026-06-02,14,15,1,1,6,75.75,89.21,5.429999999999993,,7160.89561,-13.459999999999994
2026-06-02 12:30:00+00:00,2026-06-02 14:30:00+02:00,2026-06-02,14,30,2,1,6,80.53,92.5,35.419999999999995,,7052.13745,-11.969999999999999
2026-06-02 12:45:00+00:00,2026-06-02 14:45:00+02:00,2026-06-02,14,45,3,1,6,84.4,96.51,31.669999999999995,,6928.0613,-12.11
2026-06-02 13:00:00+00:00,2026-06-02 15:00:00+02:00,2026-06-02,15,0,0,1,6,78.66,91.88,4.680000000000007,,6802.90194,-13.219999999999999
2026-06-02 13:15:00+00:00,2026-06-02 15:15:00+02:00,2026-06-02,15,15,1,1,6,84.41,96.5,0.539999999999992,,6802.64863,-12.090000000000003
2026-06-02 13:30:00+00:00,2026-06-02 15:30:00+02:00,2026-06-02,15,30,2,1,6,91.99,101.83,13.800000000000011,,6807.18379,-9.840000000000003
2026-06-02 13:45:00+00:00,2026-06-02 15:45:00+02:00,2026-06-02,15,45,3,1,6,104.04,108.74,10.400000000000006,,6820.14788,-4.699999999999989
2026-06-02 14:00:00+00:00,2026-06-02 16:00:00+02:00,2026-06-02,16,0,0,1,6,91.73,110.0,11.230000000000004,,6863.86268,-18.269999999999996
2026-06-02 14:15:00+00:00,2026-06-02 16:15:00+02:00,2026-06-02,16,15,1,1,6,96.8,111.4,5.659999999999997,,6949.1591,-14.600000000000009
2026-06-02 14:30:00+00:00,2026-06-02 16:30:00+02:00,2026-06-02,16,30,2,1,6,106.28,114.32,-1.2099999999999937,,7040.56113,-8.039999999999992
2026-06-02 14:45:00+00:00,2026-06-02 16:45:00+02:00,2026-06-02,16,45,3,1,6,117.04,126.08,-8.989999999999995,,7135.39138,-9.039999999999992
2026-06-02 15:00:00+00:00,2026-06-02 17:00:00+02:00,2026-06-02,17,0,0,1,6,106.29,120.58,-2.2700000000000102,,7220.58349,-14.289999999999992
2026-06-02 15:15:00+00:00,2026-06-02 17:15:00+02:00,2026-06-02,17,15,1,1,6,116.92,121.42,-8.900000000000006,,7378.11732,-4.5
2026-06-02 15:30:00+00:00,2026-06-02 17:30:00+02:00,2026-06-02,17,30,2,1,6,125.04,134.06,-7.510000000000005,,7535.48993,-9.019999999999996
2026-06-02 15:45:00+00:00,2026-06-02 17:45:00+02:00,2026-06-02,17,45,3,1,6,131.75,147.2,-20.840000000000003,,7686.27046,-15.449999999999989
2026-06-02 16:00:00+00:00,2026-06-02 18:00:00+02:00,2026-06-02,18,0,0,1,6,129.17,135.46,0.6899999999999977,,7842.27483,-6.2900000000000205
2026-06-02 16:15:00+00:00,2026-06-02 18:15:00+02:00,2026-06-02,18,15,1,1,6,136.94,137.69,-15.569999999999993,,8118.61494,-0.75
2026-06-02 16:30:00+00:00,2026-06-02 18:30:00+02:00,2026-06-02,18,30,2,1,6,143.64,148.72,-3.6699999999999875,,8390.79596,-5.0800000000000125
2026-06-02 16:45:00+00:00,2026-06-02 18:45:00+02:00,2026-06-02,18,45,3,1,6,154.85,170.0,-11.299999999999983,,8660.42429,-15.150000000000006
2026-06-02 17:00:00+00:00,2026-06-02 19:00:00+02:00,2026-06-02,19,0,0,1,6,146.85,154.42,-56.379999999999995,,8927.70744,-7.569999999999993
2026-06-02 17:15:00+00:00,2026-06-02 19:15:00+02:00,2026-06-02,19,15,1,1,6,150.37,161.7,-62.599999999999994,,9197.27726,-11.329999999999984
2026-06-02 17:30:00+00:00,2026-06-02 19:30:00+02:00,2026-06-02,19,30,2,1,6,159.72,175.18,-46.599999999999994,,9471.79243,-15.460000000000008
2026-06-02 17:45:00+00:00,2026-06-02 19:45:00+02:00,2026-06-02,19,45,3,1,6,164.0,212.5,-44.00999999999999,,9745.26271,-48.5
2026-06-02 18:00:00+00:00,2026-06-02 20:00:00+02:00,2026-06-02,20,0,0,1,6,158.59,168.46,-81.80000000000001,,10016.87021,-9.870000000000005
2026-06-02 18:15:00+00:00,2026-06-02 20:15:00+02:00,2026-06-02,20,15,1,1,6,155.8,181.47,-87.47999999999999,,10418.69807,-25.669999999999987
2026-06-02 18:30:00+00:00,2026-06-02 20:30:00+02:00,2026-06-02,20,30,2,1,6,153.79,164.29,-81.02999999999997,,10806.38429,-10.5
2026-06-02 18:45:00+00:00,2026-06-02 20:45:00+02:00,2026-06-02,20,45,3,1,6,148.0,192.73,-104.25999999999999,,11168.945,-44.72999999999999
2026-06-02 19:00:00+00:00,2026-06-02 21:00:00+02:00,2026-06-02,21,0,0,1,6,153.98,180.47,39.860000000000014,,11564.48834,-26.49000000000001
2026-06-02 19:15:00+00:00,2026-06-02 21:15:00+02:00,2026-06-02,21,15,1,1,6,142.51,165.01,-94.51999999999998,,12053.4678,-22.5
2026-06-02 19:30:00+00:00,2026-06-02 21:30:00+02:00,2026-06-02,21,30,2,1,6,139.95,165.34,-47.09,,12572.68511,-25.390000000000015
2026-06-02 19:45:00+00:00,2026-06-02 21:45:00+02:00,2026-06-02,21,45,3,1,6,129.54,150.01,-202.84,,13104.09882,-20.47
2026-06-02 20:00:00+00:00,2026-06-02 22:00:00+02:00,2026-06-02,22,0,0,1,6,137.05,162.71,-16.97,,13439.45478,-25.659999999999997
2026-06-02 20:15:00+00:00,2026-06-02 22:15:00+02:00,2026-06-02,22,15,1,1,6,130.0,144.7,-65.62,,13798.53843,-14.699999999999989
2026-06-02 20:30:00+00:00,2026-06-02 22:30:00+02:00,2026-06-02,22,30,2,1,6,126.09,137.94,-17.22,,14156.763,-11.849999999999994
2026-06-02 20:45:00+00:00,2026-06-02 22:45:00+02:00,2026-06-02,22,45,3,1,6,119.29,125.0,-85.53,,14505.36457,-5.709999999999994
2026-06-02 21:00:00+00:00,2026-06-02 23:00:00+02:00,2026-06-02,23,0,0,1,6,132.08,139.7,-4.469999999999999,,14817.43975,-7.619999999999976
2026-06-02 21:15:00+00:00,2026-06-02 23:15:00+02:00,2026-06-02,23,15,1,1,6,121.44,120.01,-7.289999999999992,,14916.18733,1.4299999999999926
2026-06-02 21:30:00+00:00,2026-06-02 23:30:00+02:00,2026-06-02,23,30,2,1,6,116.0,125.5,-11.870000000000005,,15019.33504,-9.5
2026-06-02 21:45:00+00:00,2026-06-02 23:45:00+02:00,2026-06-02,23,45,3,1,6,99.79,113.04,-10.900000000000006,,15125.80241,-13.25
2026-06-03 10:00:00+00:00,2026-06-03 12:00:00+02:00,2026-06-03,12,0,0,2,6,90.56,33.44,-14.299999999999997,,14238.47551,57.120000000000005
2026-06-03 10:15:00+00:00,2026-06-03 12:15:00+02:00,2026-06-03,12,15,1,2,6,82.47,27.25,-11.860000000000014,,14218.47146,55.22
2026-06-03 10:30:00+00:00,2026-06-03 12:30:00+02:00,2026-06-03,12,30,2,2,6,73.47,52.37,-11.179999999999993,,14199.37026,21.1
2026-06-03 10:45:00+00:00,2026-06-03 12:45:00+02:00,2026-06-03,12,45,3,2,6,63.47,18.7,-9.049999999999997,,14181.06156,44.769999999999996
2026-06-03 11:00:00+00:00,2026-06-03 13:00:00+02:00,2026-06-03,13,0,0,2,6,69.26,50.09,-10.64,,14175.14722,19.17
2026-06-03 11:15:00+00:00,2026-06-03 13:15:00+02:00,2026-06-03,13,15,1,2,6,60.73,40.0,-13.899999999999991,,14161.58658,20.729999999999997
2026-06-03 11:30:00+00:00,2026-06-03 13:30:00+02:00,2026-06-03,13,30,2,2,6,51.51,35.35,-14.509999999999991,,14151.39988,16.159999999999997
2026-06-03 11:45:00+00:00,2026-06-03 13:45:00+02:00,2026-06-03,13,45,3,2,6,46.94,15.0,-13.620000000000005,,14163.30568,31.939999999999998
2026-06-03 12:00:00+00:00,2026-06-03 14:00:00+02:00,2026-06-03,14,0,0,2,6,40.79,29.21,-16.909999999999997,,14219.9363,11.579999999999998
2026-06-03 12:15:00+00:00,2026-06-03 14:15:00+02:00,2026-06-03,14,15,1,2,6,45.2,36.06,-13.459999999999994,,14266.71125,9.14
2026-06-03 12:30:00+00:00,2026-06-03 14:30:00+02:00,2026-06-03,14,30,2,2,6,46.35,37.88,-11.969999999999999,,14298.21422,8.469999999999999
2026-06-03 12:45:00+00:00,2026-06-03 14:45:00+02:00,2026-06-03,14,45,3,2,6,47.66,49.02,-12.11,,14327.40461,-1.3600000000000065
2026-06-03 13:00:00+00:00,2026-06-03 15:00:00+02:00,2026-06-03,15,0,0,2,6,35.7,29.38,-13.219999999999999,,14363.90771,6.320000000000004
2026-06-03 13:15:00+00:00,2026-06-03 15:15:00+02:00,2026-06-03,15,15,1,2,6,47.09,44.81,-12.090000000000003,,14346.16044,2.280000000000001
2026-06-03 13:30:00+00:00,2026-06-03 15:30:00+02:00,2026-06-03,15,30,2,2,6,49.09,48.75,-9.840000000000003,,14326.86536,0.3400000000000034
2026-06-03 13:45:00+00:00,2026-06-03 15:45:00+02:00,2026-06-03,15,45,3,2,6,61.0,65.46,-4.699999999999989,,14298.11994,-4.459999999999994
2026-06-03 14:00:00+00:00,2026-06-03 16:00:00+02:00,2026-06-03,16,0,0,2,6,45.73,39.19,-18.269999999999996,,14262.87005,6.539999999999999
2026-06-03 14:15:00+00:00,2026-06-03 16:15:00+02:00,2026-06-03,16,15,1,2,6,61.94,54.55,-14.600000000000009,,14081.57046,7.390000000000001
2026-06-03 14:30:00+00:00,2026-06-03 16:30:00+02:00,2026-06-03,16,30,2,2,6,72.39,84.14,-8.039999999999992,,13882.35208,-11.75
2026-06-03 14:45:00+00:00,2026-06-03 16:45:00+02:00,2026-06-03,16,45,3,2,6,87.51,107.76,-9.039999999999992,,13666.157,-20.25
2026-06-03 15:00:00+00:00,2026-06-03 17:00:00+02:00,2026-06-03,17,0,0,2,6,74.11,67.87,-14.289999999999992,,13435.72235,6.239999999999995
2026-06-03 15:15:00+00:00,2026-06-03 17:15:00+02:00,2026-06-03,17,15,1,2,6,77.94,95.07,-4.5,,13189.25926,-17.129999999999995
2026-06-03 15:30:00+00:00,2026-06-03 17:30:00+02:00,2026-06-03,17,30,2,2,6,97.46,106.37,-9.019999999999996,,12917.98852,-8.91000000000001
2026-06-03 15:45:00+00:00,2026-06-03 17:45:00+02:00,2026-06-03,17,45,3,2,6,102.13,117.41,-15.449999999999989,,12631.6281,-15.280000000000001
2026-06-03 16:00:00+00:00,2026-06-03 18:00:00+02:00,2026-06-03,18,0,0,2,6,102.15,103.26,-6.2900000000000205,,12320.72643,-1.1099999999999994
2026-06-03 16:15:00+00:00,2026-06-03 18:15:00+02:00,2026-06-03,18,15,1,2,6,111.98,124.99,-0.75,,11939.14973,-13.009999999999991
2026-06-03 16:30:00+00:00,2026-06-03 18:30:00+02:00,2026-06-03,18,30,2,2,6,118.82,130.81,-5.0800000000000125,,11549.31326,-11.990000000000009
2026-06-03 16:45:00+00:00,2026-06-03 18:45:00+02:00,2026-06-03,18,45,3,2,6,128.29,150.9,-15.150000000000006,,11159.20835,-22.610000000000014
2026-06-03 17:00:00+00:00,2026-06-03 19:00:00+02:00,2026-06-03,19,0,0,2,6,123.06,132.76,-7.569999999999993,,10771.74134,-9.699999999999989
2026-06-03 17:15:00+00:00,2026-06-03 19:15:00+02:00,2026-06-03,19,15,1,2,6,136.91,146.82,-11.329999999999984,,10476.13487,-9.909999999999997
2026-06-03 17:30:00+00:00,2026-06-03 19:30:00+02:00,2026-06-03,19,30,2,2,6,139.03,141.58,-15.460000000000008,,10195.4965,-2.5500000000000114
2026-06-03 17:45:00+00:00,2026-06-03 19:45:00+02:00,2026-06-03,19,45,3,2,6,152.21,175.0,-48.5,,9928.32001,-22.789999999999992
2026-06-03 18:00:00+00:00,2026-06-03 20:00:00+02:00,2026-06-03,20,0,0,2,6,146.41,152.9,-9.870000000000005,,9731.07752,-6.490000000000009
2026-06-03 18:15:00+00:00,2026-06-03 20:15:00+02:00,2026-06-03,20,15,1,2,6,147.9,154.91,-25.669999999999987,,9943.57517,-7.009999999999991
2026-06-03 18:30:00+00:00,2026-06-03 20:30:00+02:00,2026-06-03,20,30,2,2,6,146.33,145.29,-10.5,,10159.24354,1.0400000000000205
2026-06-03 18:45:00+00:00,2026-06-03 20:45:00+02:00,2026-06-03,20,45,3,2,6,149.23,162.09,-44.72999999999999,,10364.62115,-12.860000000000014
2026-06-03 19:00:00+00:00,2026-06-03 21:00:00+02:00,2026-06-03,21,0,0,2,6,136.53,160.52,-26.49000000000001,,10803.88401,-23.99000000000001
2026-06-03 19:15:00+00:00,2026-06-03 21:15:00+02:00,2026-06-03,21,15,1,2,6,130.14,150.01,-22.5,,11543.66354,-19.870000000000005
2026-06-03 19:30:00+00:00,2026-06-03 21:30:00+02:00,2026-06-03,21,30,2,2,6,126.73,143.11,-25.390000000000015,,12318.20461,-16.38000000000001
2026-06-03 19:45:00+00:00,2026-06-03 21:45:00+02:00,2026-06-03,21,45,3,2,6,124.7,132.75,-20.47,,13114.48306,-8.049999999999997
2026-06-03 20:00:00+00:00,2026-06-03 22:00:00+02:00,2026-06-03,22,0,0,2,6,129.69,139.12,-25.659999999999997,,13773.67932,-9.430000000000007
2026-06-03 20:15:00+00:00,2026-06-03 22:15:00+02:00,2026-06-03,22,15,1,2,6,129.69,127.45,-14.699999999999989,,14752.99286,2.239999999999995
2026-06-03 20:30:00+00:00,2026-06-03 22:30:00+02:00,2026-06-03,22,30,2,2,6,115.9,117.73,-11.849999999999994,,15737.30684,-1.8299999999999983
2026-06-03 20:45:00+00:00,2026-06-03 22:45:00+02:00,2026-06-03,22,45,3,2,6,109.85,111.2,-5.709999999999994,,16711.96419,-1.3500000000000085
2026-06-03 21:00:00+00:00,2026-06-03 23:00:00+02:00,2026-06-03,23,0,0,2,6,107.88,115.97,-7.619999999999976,,17639.38283,-8.090000000000003
2026-06-03 21:15:00+00:00,2026-06-03 23:15:00+02:00,2026-06-03,23,15,1,2,6,104.99,108.8,1.4299999999999926,,18435.89727,-3.8100000000000023
2026-06-03 21:30:00+00:00,2026-06-03 23:30:00+02:00,2026-06-03,23,30,2,2,6,98.69,100.3,-9.5,,19218.05445,-1.6099999999999994
2026-06-03 21:45:00+00:00,2026-06-03 23:45:00+02:00,2026-06-03,23,45,3,2,6,86.57,82.41,-13.25,,19986.7576,4.159999999999997
2026-06-04 10:00:00+00:00,2026-06-04 12:00:00+02:00,2026-06-04,12,0,0,3,6,-0.03,5.6,57.120000000000005,,20904.38589,-5.63
2026-06-04 10:15:00+00:00,2026-06-04 12:15:00+02:00,2026-06-04,12,15,1,3,6,-0.51,-1.82,55.22,,20989.26793,1.31
2026-06-04 10:30:00+00:00,2026-06-04 12:30:00+02:00,2026-06-04,12,30,2,3,6,-0.46,2.5,21.1,,21099.69404,-2.96
2026-06-04 10:45:00+00:00,2026-06-04 12:45:00+02:00,2026-06-04,12,45,3,3,6,1.0,-3.4,44.769999999999996,,21249.40769,4.4
2026-06-04 11:00:00+00:00,2026-06-04 13:00:00+02:00,2026-06-04,13,0,0,3,6,0.06,0.4,19.17,,21420.01629,-0.34
2026-06-04 11:15:00+00:00,2026-06-04 13:15:00+02:00,2026-06-04,13,15,1,3,6,0.51,-0.05,20.729999999999997,,21629.28909,0.56
2026-06-04 11:30:00+00:00,2026-06-04 13:30:00+02:00,2026-06-04,13,30,2,3,6,-0.01,0.5,16.159999999999997,,21917.60066,-0.51
2026-06-04 11:45:00+00:00,2026-06-04 13:45:00+02:00,2026-06-04,13,45,3,3,6,0.0,-0.08,31.939999999999998,,22362.4398,0.08
2026-06-04 12:00:00+00:00,2026-06-04 14:00:00+02:00,2026-06-04,14,0,0,3,6,-0.69,-5.01,11.579999999999998,,22943.61388,4.32
2026-06-04 12:15:00+00:00,2026-06-04 14:15:00+02:00,2026-06-04,14,15,1,3,6,-1.0,-0.01,9.14,,23320.22459,-0.99
2026-06-04 12:30:00+00:00,2026-06-04 14:30:00+02:00,2026-06-04,14,30,2,3,6,0.21,-0.04,8.469999999999999,,23554.61283,0.25
2026-06-04 12:45:00+00:00,2026-06-04 14:45:00+02:00,2026-06-04,14,45,3,3,6,1.0,-0.01,-1.3600000000000065,,23758.17377,1.01
2026-06-04 13:00:00+00:00,2026-06-04 15:00:00+02:00,2026-06-04,15,0,0,3,6,-0.39,-3.89,6.320000000000004,,23923.15191,3.5
2026-06-04 13:15:00+00:00,2026-06-04 15:15:00+02:00,2026-06-04,15,15,1,3,6,-2.1,0.0,2.280000000000001,,24033.94272,-2.1
2026-06-04 13:30:00+00:00,2026-06-04 15:30:00+02:00,2026-06-04,15,30,2,3,6,-0.5,11.8,0.3400000000000034,,24150.46826,-12.3
2026-06-04 13:45:00+00:00,2026-06-04 15:45:00+02:00,2026-06-04,15,45,3,3,6,2.99,6.45,-4.459999999999994,,24289.16543,-3.46
2026-06-04 14:00:00+00:00,2026-06-04 16:00:00+02:00,2026-06-04,16,0,0,3,6,3.05,6.3,6.539999999999999,,24382.22164,-3.25
2026-06-04 14:15:00+00:00,2026-06-04 16:15:00+02:00,2026-06-04,16,15,1,3,6,8.4,14.67,7.390000000000001,,24377.90711,-6.27
2026-06-04 14:30:00+00:00,2026-06-04 16:30:00+02:00,2026-06-04,16,30,2,3,6,13.53,34.98,-11.75,,24322.65923,-21.449999999999996
2026-06-04 14:45:00+00:00,2026-06-04 16:45:00+02:00,2026-06-04,16,45,3,3,6,28.0,24.99,-20.25,,24211.0785,3.0100000000000016
2026-06-04 15:00:00+00:00,2026-06-04 17:00:00+02:00,2026-06-04,17,0,0,3,6,21.5,37.06,6.239999999999995,,24060.15869,-15.560000000000002
2026-06-04 15:15:00+00:00,2026-06-04 17:15:00+02:00,2026-06-04,17,15,1,3,6,27.98,62.0,-17.129999999999995,,23829.57943,-34.019999999999996
2026-06-04 15:30:00+00:00,2026-06-04 17:30:00+02:00,2026-06-04,17,30,2,3,6,59.35,84.13,-8.91000000000001,,23608.69813,-24.779999999999994
2026-06-04 15:45:00+00:00,2026-06-04 17:45:00+02:00,2026-06-04,17,45,3,3,6,78.29,98.73,-15.280000000000001,,23408.46761,-20.439999999999998
2026-06-04 16:00:00+00:00,2026-06-04 18:00:00+02:00,2026-06-04,18,0,0,3,6,63.93,74.4,-1.1099999999999994,,23196.49215,-10.470000000000006
2026-06-04 16:15:00+00:00,2026-06-04 18:15:00+02:00,2026-06-04,18,15,1,3,6,80.64,91.71,-13.009999999999991,,23037.65374,-11.069999999999993
2026-06-04 16:30:00+00:00,2026-06-04 18:30:00+02:00,2026-06-04,18,30,2,3,6,92.48,102.14,-11.990000000000009,,22877.22339,-9.659999999999997
2026-06-04 16:45:00+00:00,2026-06-04 18:45:00+02:00,2026-06-04,18,45,3,3,6,101.61,117.29,-22.610000000000014,,22718.74771,-15.680000000000007
2026-06-04 17:00:00+00:00,2026-06-04 19:00:00+02:00,2026-06-04,19,0,0,3,6,94.63,110.05,-9.699999999999989,,22554.31698,-15.420000000000002
2026-06-04 17:15:00+00:00,2026-06-04 19:15:00+02:00,2026-06-04,19,15,1,3,6,102.99,110.54,-9.909999999999997,,22426.11491,-7.550000000000011
2026-06-04 17:30:00+00:00,2026-06-04 19:30:00+02:00,2026-06-04,19,30,2,3,6,106.0,113.1,-2.5500000000000114,,22303.52376,-7.099999999999994
2026-06-04 17:45:00+00:00,2026-06-04 19:45:00+02:00,2026-06-04,19,45,3,3,6,109.1,117.72,-22.789999999999992,,22180.08542,-8.620000000000005
2026-06-04 18:00:00+00:00,2026-06-04 20:00:00+02:00,2026-06-04,20,0,0,3,6,105.95,114.27,-6.490000000000009,,22073.02748,-8.319999999999993
2026-06-04 18:15:00+00:00,2026-06-04 20:15:00+02:00,2026-06-04,20,15,1,3,6,109.0,112.21,-7.009999999999991,,21978.81923,-3.2099999999999937
2026-06-04 18:30:00+00:00,2026-06-04 20:30:00+02:00,2026-06-04,20,30,2,3,6,110.94,117.0,1.0400000000000205,,21892.72041,-6.060000000000002
2026-06-04 18:45:00+00:00,2026-06-04 20:45:00+02:00,2026-06-04,20,45,3,3,6,110.95,121.3,-12.860000000000014,,21828.41504,-10.349999999999994
2026-06-04 19:00:00+00:00,2026-06-04 21:00:00+02:00,2026-06-04,21,0,0,3,6,109.34,115.92,-23.99000000000001,,21855.29056,-6.579999999999998
2026-06-04 19:15:00+00:00,2026-06-04 21:15:00+02:00,2026-06-04,21,15,1,3,6,108.83,114.35,-19.870000000000005,,21981.65123,-5.519999999999996
2026-06-04 19:30:00+00:00,2026-06-04 21:30:00+02:00,2026-06-04,21,30,2,3,6,107.22,111.23,-16.38000000000001,,22101.171,-4.010000000000005
2026-06-04 19:45:00+00:00,2026-06-04 21:45:00+02:00,2026-06-04,21,45,3,3,6,102.89,101.88,-8.049999999999997,,22210.16609,1.0100000000000051
2026-06-04 20:00:00+00:00,2026-06-04 22:00:00+02:00,2026-06-04,22,0,0,3,6,108.08,116.0,-9.430000000000007,,21905.98479,-7.920000000000002
2026-06-04 20:15:00+00:00,2026-06-04 22:15:00+02:00,2026-06-04,22,15,1,3,6,104.93,108.9,2.239999999999995,,22096.15733,-3.969999999999999
2026-06-04 20:30:00+00:00,2026-06-04 22:30:00+02:00,2026-06-04,22,30,2,3,6,102.93,102.75,-1.8299999999999983,,22296.7758,0.18000000000000682
2026-06-04 20:45:00+00:00,2026-06-04 22:45:00+02:00,2026-06-04,22,45,3,3,6,100.06,97.56,-1.3500000000000085,,22504.43179,2.5
2026-06-04 21:00:00+00:00,2026-06-04 23:00:00+02:00,2026-06-04,23,0,0,3,6,99.3,95.0,-8.090000000000003,,22701.74759,4.299999999999997
2026-06-04 21:15:00+00:00,2026-06-04 23:15:00+02:00,2026-06-04,23,15,1,3,6,96.21,91.54,-3.8100000000000023,,22917.47208,4.6699999999999875
2026-06-04 21:30:00+00:00,2026-06-04 23:30:00+02:00,2026-06-04,23,30,2,3,6,88.41,99.31,-1.6099999999999994,,23129.84443,-10.900000000000006
2026-06-04 21:45:00+00:00,2026-06-04 23:45:00+02:00,2026-06-04,23,45,3,3,6,80.08,90.21,4.159999999999997,,23339.94021,-10.129999999999995
2026-06-05 10:00:00+00:00,2026-06-05 12:00:00+02:00,2026-06-05,12,0,0,4,6,86.76,39.1,-5.63,,11758.70088,47.660000000000004
2026-06-05 10:15:00+00:00,2026-06-05 12:15:00+02:00,2026-06-05,12,15,1,4,6,84.47,45.78,1.31,,11540.59612,38.69
2026-06-05 10:30:00+00:00,2026-06-05 12:30:00+02:00,2026-06-05,12,30,2,4,6,80.02,40.03,-2.96,,11320.13424,39.989999999999995
2026-06-05 10:45:00+00:00,2026-06-05 12:45:00+02:00,2026-06-05,12,45,3,4,6,72.96,26.5,4.4,,11103.55295,46.459999999999994
2026-06-05 11:00:00+00:00,2026-06-05 13:00:00+02:00,2026-06-05,13,0,0,4,6,75.99,27.0,-0.34,,10883.59001,48.989999999999995
2026-06-05 11:15:00+00:00,2026-06-05 13:15:00+02:00,2026-06-05,13,15,1,4,6,69.06,23.89,0.56,,10708.68811,45.17
2026-06-05 11:30:00+00:00,2026-06-05 13:30:00+02:00,2026-06-05,13,30,2,4,6,65.56,33.73,-0.51,,10542.77336,31.830000000000005
2026-06-05 11:45:00+00:00,2026-06-05 13:45:00+02:00,2026-06-05,13,45,3,4,6,58.43,24.59,0.08,,10408.94963,33.84
2026-06-05 12:00:00+00:00,2026-06-05 14:00:00+02:00,2026-06-05,14,0,0,4,6,55.75,25.47,4.32,,10311.27883,30.28
2026-06-05 12:15:00+00:00,2026-06-05 14:15:00+02:00,2026-06-05,14,15,1,4,6,53.08,24.71,-0.99,,10191.4279,28.369999999999997
2026-06-05 12:30:00+00:00,2026-06-05 14:30:00+02:00,2026-06-05,14,30,2,4,6,55.73,18.0,0.25,,10062.50999,37.73
2026-06-05 12:45:00+00:00,2026-06-05 14:45:00+02:00,2026-06-05,14,45,3,4,6,55.44,31.39,1.01,,9915.76476,24.049999999999997
2026-06-05 13:00:00+00:00,2026-06-05 15:00:00+02:00,2026-06-05,15,0,0,4,6,48.9,16.0,3.5,,9764.22109,32.9
2026-06-05 13:15:00+00:00,2026-06-05 15:15:00+02:00,2026-06-05,15,15,1,4,6,56.01,30.15,-2.1,,9601.85196,25.86
2026-06-05 13:30:00+00:00,2026-06-05 15:30:00+02:00,2026-06-05,15,30,2,4,6,67.56,44.96,-12.3,,9434.99653,22.6
2026-06-05 13:45:00+00:00,2026-06-05 15:45:00+02:00,2026-06-05,15,45,3,4,6,79.99,52.89,-3.46,,9272.78859,27.099999999999994
2026-06-05 14:00:00+00:00,2026-06-05 16:00:00+02:00,2026-06-05,16,0,0,4,6,67.21,45.97,-3.25,,9100.03916,21.239999999999995
2026-06-05 14:15:00+00:00,2026-06-05 16:15:00+02:00,2026-06-05,16,15,1,4,6,79.08,61.26,-6.27,,8833.83531,17.82
2026-06-05 14:30:00+00:00,2026-06-05 16:30:00+02:00,2026-06-05,16,30,2,4,6,95.22,65.1,-21.449999999999996,,8571.3855,30.120000000000005
2026-06-05 14:45:00+00:00,2026-06-05 16:45:00+02:00,2026-06-05,16,45,3,4,6,102.72,103.56,3.0100000000000016,,8321.49522,-0.8400000000000034
2026-06-05 15:00:00+00:00,2026-06-05 17:00:00+02:00,2026-06-05,17,0,0,4,6,91.44,72.27,-15.560000000000002,,8060.75542,19.17
2026-06-05 15:15:00+00:00,2026-06-05 17:15:00+02:00,2026-06-05,17,15,1,4,6,99.46,91.2,-34.019999999999996,,7689.10506,8.259999999999991
2026-06-05 15:30:00+00:00,2026-06-05 17:30:00+02:00,2026-06-05,17,30,2,4,6,113.18,114.7,-24.779999999999994,,7308.52886,-1.519999999999996
2026-06-05 15:45:00+00:00,2026-06-05 17:45:00+02:00,2026-06-05,17,45,3,4,6,130.58,132.59,-20.439999999999998,,6937.86912,-2.009999999999991
2026-06-05 16:00:00+00:00,2026-06-05 18:00:00+02:00,2026-06-05,18,0,0,4,6,109.67,109.99,-10.470000000000006,,6528.583,-0.3199999999999932
2026-06-05 16:15:00+00:00,2026-06-05 18:15:00+02:00,2026-06-05,18,15,1,4,6,122.39,125.0,-11.069999999999993,,6050.29482,-2.6099999999999994
2026-06-05 16:30:00+00:00,2026-06-05 18:30:00+02:00,2026-06-05,18,30,2,4,6,130.75,149.41,-9.659999999999997,,5575.59085,-18.659999999999997
2026-06-05 16:45:00+00:00,2026-06-05 18:45:00+02:00,2026-06-05,18,45,3,4,6,150.95,168.4,-15.680000000000007,,5100.87601,-17.450000000000017
2026-06-05 17:00:00+00:00,2026-06-05 19:00:00+02:00,2026-06-05,19,0,0,4,6,131.52,133.65,-15.420000000000002,,4632.19412,-2.1299999999999955
2026-06-05 17:15:00+00:00,2026-06-05 19:15:00+02:00,2026-06-05,19,15,1,4,6,147.98,144.3,-7.550000000000011,,4212.81992,3.6799999999999784
2026-06-05 17:30:00+00:00,2026-06-05 19:30:00+02:00,2026-06-05,19,30,2,4,6,162.51,158.07,-7.099999999999994,,3797.87975,4.439999999999998
2026-06-05 17:45:00+00:00,2026-06-05 19:45:00+02:00,2026-06-05,19,45,3,4,6,175.65,172.54,-8.620000000000005,,3389.05543,3.1100000000000136
2026-06-05 18:00:00+00:00,2026-06-05 20:00:00+02:00,2026-06-05,20,0,0,4,6,171.08,164.88,-8.319999999999993,,2985.20859,6.200000000000017
2026-06-05 18:15:00+00:00,2026-06-05 20:15:00+02:00,2026-06-05,20,15,1,4,6,173.9,197.6,-3.2099999999999937,,2731.06007,-23.69999999999999
2026-06-05 18:30:00+00:00,2026-06-05 20:30:00+02:00,2026-06-05,20,30,2,4,6,191.99,189.02,-6.060000000000002,,2462.84465,2.969999999999999
2026-06-05 18:45:00+00:00,2026-06-05 20:45:00+02:00,2026-06-05,20,45,3,4,6,196.0,190.01,-10.349999999999994,,2159.10137,5.990000000000009
2026-06-05 19:00:00+00:00,2026-06-05 21:00:00+02:00,2026-06-05,21,0,0,4,6,199.9,194.72,-6.579999999999998,,1897.96746,5.180000000000007
2026-06-05 19:15:00+00:00,2026-06-05 21:15:00+02:00,2026-06-05,21,15,1,4,6,194.05,192.47,-5.519999999999996,,1771.1029,1.5800000000000125
2026-06-05 19:30:00+00:00,2026-06-05 21:30:00+02:00,2026-06-05,21,30,2,4,6,187.01,214.98,-4.010000000000005,,1676.91635,-27.97
2026-06-05 19:45:00+00:00,2026-06-05 21:45:00+02:00,2026-06-05,21,45,3,4,6,180.01,180.34,1.0100000000000051,,1599.3101,-0.3300000000000125
2026-06-05 20:00:00+00:00,2026-06-05 22:00:00+02:00,2026-06-05,22,0,0,4,6,183.87,185.0,-7.920000000000002,,1526.74447,-1.1299999999999955
2026-06-05 20:15:00+00:00,2026-06-05 22:15:00+02:00,2026-06-05,22,15,1,4,6,172.0,170.99,-3.969999999999999,,1509.7364,1.009999999999991
2026-06-05 20:30:00+00:00,2026-06-05 22:30:00+02:00,2026-06-05,22,30,2,4,6,164.62,161.35,0.18000000000000682,,1493.79504,3.2700000000000102
2026-06-05 20:45:00+00:00,2026-06-05 22:45:00+02:00,2026-06-05,22,45,3,4,6,154.98,158.73,2.5,,1479.73895,-3.75
2026-06-05 21:00:00+00:00,2026-06-05 23:00:00+02:00,2026-06-05,23,0,0,4,6,163.96,157.39,4.299999999999997,,1469.71116,6.570000000000022
2026-06-05 21:15:00+00:00,2026-06-05 23:15:00+02:00,2026-06-05,23,15,1,4,6,158.29,153.92,4.6699999999999875,,1469.28352,4.3700000000000045
2026-06-05 21:30:00+00:00,2026-06-05 23:30:00+02:00,2026-06-05,23,30,2,4,6,153.57,148.58,-10.900000000000006,,1468.54177,4.989999999999981
2026-06-05 21:45:00+00:00,2026-06-05 23:45:00+02:00,2026-06-05,23,45,3,4,6,141.6,141.99,-10.129999999999995,,1466.50736,-0.3900000000000148
2026-06-06 10:00:00+00:00,2026-06-06 12:00:00+02:00,2026-06-06,12,0,0,5,6,-30.01,-17.87,47.660000000000004,,2667.22316,-12.14
2026-06-06 10:15:00+00:00,2026-06-06 12:15:00+02:00,2026-06-06,12,15,1,5,6,-32.0,-6.1,38.69,,2796.32519,-25.9
2026-06-06 10:30:00+00:00,2026-06-06 12:30:00+02:00,2026-06-06,12,30,2,5,6,-28.8,-21.15,39.989999999999995,,2942.05764,-7.650000000000002
2026-06-06 10:45:00+00:00,2026-06-06 12:45:00+02:00,2026-06-06,12,45,3,5,6,-30.83,-6.17,46.459999999999994,,3102.69579,-24.659999999999997
2026-06-06 11:00:00+00:00,2026-06-06 13:00:00+02:00,2026-06-06,13,0,0,5,6,-28.25,-0.01,48.989999999999995,,3258.9099,-28.24
2026-06-06 11:15:00+00:00,2026-06-06 13:15:00+02:00,2026-06-06,13,15,1,5,6,-26.47,-0.02,45.17,,3436.14976,-26.45
2026-06-06 11:30:00+00:00,2026-06-06 13:30:00+02:00,2026-06-06,13,30,2,5,6,-25.9,-0.04,31.830000000000005,,3604.68291,-25.86
2026-06-06 11:45:00+00:00,2026-06-06 13:45:00+02:00,2026-06-06,13,45,3,5,6,-25.22,-0.03,33.84,,3790.33273,-25.189999999999998
2026-06-06 12:00:00+00:00,2026-06-06 14:00:00+02:00,2026-06-06,14,0,0,5,6,-28.16,-14.7,30.28,,3959.87436,-13.46
2026-06-06 12:15:00+00:00,2026-06-06 14:15:00+02:00,2026-06-06,14,15,1,5,6,-26.16,0.0,28.369999999999997,,4125.20513,-26.16
2026-06-06 12:30:00+00:00,2026-06-06 14:30:00+02:00,2026-06-06,14,30,2,5,6,-20.29,0.03,37.73,,4293.44493,-20.32
2026-06-06 12:45:00+00:00,2026-06-06 14:45:00+02:00,2026-06-06,14,45,3,5,6,-17.58,0.09,24.049999999999997,,4492.97299,-17.669999999999998
2026-06-06 13:00:00+00:00,2026-06-06 15:00:00+02:00,2026-06-06,15,0,0,5,6,-19.6,-15.75,32.9,,4734.84589,-3.8500000000000014
2026-06-06 13:15:00+00:00,2026-06-06 15:15:00+02:00,2026-06-06,15,15,1,5,6,-13.72,-3.46,25.86,,4946.8821,-10.260000000000002
2026-06-06 13:30:00+00:00,2026-06-06 15:30:00+02:00,2026-06-06,15,30,2,5,6,-8.23,8.94,22.6,,5104.75822,-17.17
2026-06-06 13:45:00+00:00,2026-06-06 15:45:00+02:00,2026-06-06,15,45,3,5,6,-2.25,20.89,27.099999999999994,,5218.81012,-23.14
2026-06-06 14:00:00+00:00,2026-06-06 16:00:00+02:00,2026-06-06,16,0,0,5,6,-5.82,12.21,21.239999999999995,,5354.36802,-18.03
2026-06-06 14:15:00+00:00,2026-06-06 16:15:00+02:00,2026-06-06,16,15,1,5,6,6.1,38.16,17.82,,5419.07054,-32.059999999999995
2026-06-06 14:30:00+00:00,2026-06-06 16:30:00+02:00,2026-06-06,16,30,2,5,6,20.88,57.41,30.120000000000005,,5505.1532,-36.53
2026-06-06 14:45:00+00:00,2026-06-06 16:45:00+02:00,2026-06-06,16,45,3,5,6,44.24,71.39,-0.8400000000000034,,5588.78063,-27.15
2026-06-06 15:00:00+00:00,2026-06-06 17:00:00+02:00,2026-06-06,17,0,0,5,6,47.31,63.72,19.17,,5676.01575,-16.409999999999997
2026-06-06 15:15:00+00:00,2026-06-06 17:15:00+02:00,2026-06-06,17,15,1,5,6,67.82,82.05,8.259999999999991,,5657.65518,-14.230000000000004
2026-06-06 15:30:00+00:00,2026-06-06 17:30:00+02:00,2026-06-06,17,30,2,5,6,92.86,99.69,-1.519999999999996,,5626.36629,-6.829999999999998
2026-06-06 15:45:00+00:00,2026-06-06 17:45:00+02:00,2026-06-06,17,45,3,5,6,112.01,118.02,-2.009999999999991,,5582.56991,-6.009999999999991
2026-06-06 16:00:00+00:00,2026-06-06 18:00:00+02:00,2026-06-06,18,0,0,5,6,98.94,110.99,-0.3199999999999932,,5533.88034,-12.049999999999997
2026-06-06 16:15:00+00:00,2026-06-06 18:15:00+02:00,2026-06-06,18,15,1,5,6,107.02,116.0,-2.6099999999999994,,5467.965,-8.980000000000004
2026-06-06 16:30:00+00:00,2026-06-06 18:30:00+02:00,2026-06-06,18,30,2,5,6,115.96,129.43,-18.659999999999997,,5414.51513,-13.470000000000013
2026-06-06 16:45:00+00:00,2026-06-06 18:45:00+02:00,2026-06-06,18,45,3,5,6,118.01,127.03,-17.450000000000017,,5368.8104,-9.019999999999996
2026-06-06 17:00:00+00:00,2026-06-06 19:00:00+02:00,2026-06-06,19,0,0,5,6,111.8,122.95,-2.1299999999999955,,5322.24941,-11.150000000000006
2026-06-06 17:15:00+00:00,2026-06-06 19:15:00+02:00,2026-06-06,19,15,1,5,6,121.0,135.01,3.6799999999999784,,5463.2014,-14.009999999999991
2026-06-06 17:30:00+00:00,2026-06-06 19:30:00+02:00,2026-06-06,19,30,2,5,6,126.31,151.5,4.439999999999998,,5614.38514,-25.189999999999998
2026-06-06 17:45:00+00:00,2026-06-06 19:45:00+02:00,2026-06-06,19,45,3,5,6,131.08,147.53,3.1100000000000136,,5772.87989,-16.44999999999999
2026-06-06 18:00:00+00:00,2026-06-06 20:00:00+02:00,2026-06-06,20,0,0,5,6,128.46,153.97,6.200000000000017,,5953.69103,-25.50999999999999
2026-06-06 18:15:00+00:00,2026-06-06 20:15:00+02:00,2026-06-06,20,15,1,5,6,130.0,160.0,-23.69999999999999,,6143.69658,-30.0
2026-06-06 18:30:00+00:00,2026-06-06 20:30:00+02:00,2026-06-06,20,30,2,5,6,134.99,156.97,2.969999999999999,,6335.47963,-21.97999999999999
2026-06-06 18:45:00+00:00,2026-06-06 20:45:00+02:00,2026-06-06,20,45,3,5,6,135.15,170.33,5.990000000000009,,6497.60484,-35.18000000000001
2026-06-06 19:00:00+00:00,2026-06-06 21:00:00+02:00,2026-06-06,21,0,0,5,6,138.75,175.68,5.180000000000007,,6687.34631,-36.93000000000001
2026-06-06 19:15:00+00:00,2026-06-06 21:15:00+02:00,2026-06-06,21,15,1,5,6,133.65,160.39,1.5800000000000125,,7026.76998,-26.73999999999998
2026-06-06 19:30:00+00:00,2026-06-06 21:30:00+02:00,2026-06-06,21,30,2,5,6,127.96,145.11,-27.97,,7413.0142,-17.15000000000002
2026-06-06 19:45:00+00:00,2026-06-06 21:45:00+02:00,2026-06-06,21,45,3,5,6,124.11,151.0,-0.3300000000000125,,7820.53179,-26.89
2026-06-06 20:00:00+00:00,2026-06-06 22:00:00+02:00,2026-06-06,22,0,0,5,6,133.03,154.6,-1.1299999999999955,,8199.9575,-21.569999999999993
2026-06-06 20:15:00+00:00,2026-06-06 22:15:00+02:00,2026-06-06,22,15,1,5,6,125.02,145.68,1.009999999999991,,8737.81876,-20.66000000000001
2026-06-06 20:30:00+00:00,2026-06-06 22:30:00+02:00,2026-06-06,22,30,2,5,6,121.32,136.92,3.2700000000000102,,9274.43151,-15.599999999999994
2026-06-06 20:45:00+00:00,2026-06-06 22:45:00+02:00,2026-06-06,22,45,3,5,6,110.1,134.38,-3.75,,9794.47338,-24.28
2026-06-06 21:00:00+00:00,2026-06-06 23:00:00+02:00,2026-06-06,23,0,0,5,6,118.41,135.6,6.570000000000022,,10285.39879,-17.189999999999998
2026-06-06 21:15:00+00:00,2026-06-06 23:15:00+02:00,2026-06-06,23,15,1,5,6,116.0,127.64,4.3700000000000045,,10706.31015,-11.64
2026-06-06 21:30:00+00:00,2026-06-06 23:30:00+02:00,2026-06-06,23,30,2,5,6,110.98,120.07,4.989999999999981,,11135.43064,-9.08999999999999
2026-06-06 21:45:00+00:00,2026-06-06 23:45:00+02:00,2026-06-06,23,45,3,5,6,103.63,114.29,-0.3900000000000148,,11585.88933,-10.66000000000001
2026-06-07 10:00:00+00:00,2026-06-07 12:00:00+02:00,2026-06-07,12,0,0,6,6,-3.39,-14.99,-12.14,,15207.31822,11.6
2026-06-07 10:15:00+00:00,2026-06-07 12:15:00+02:00,2026-06-07,12,15,1,6,6,-4.99,-19.0,-25.9,,14874.25944,14.01
2026-06-07 10:30:00+00:00,2026-06-07 12:30:00+02:00,2026-06-07,12,30,2,6,6,-5.03,-15.0,-7.650000000000002,,14638.96492,9.969999999999999
2026-06-07 10:45:00+00:00,2026-06-07 12:45:00+02:00,2026-06-07,12,45,3,6,6,-6.99,-1.74,-24.659999999999997,,14457.48184,-5.25
2026-06-07 11:00:00+00:00,2026-06-07 13:00:00+02:00,2026-06-07,13,0,0,6,6,-7.72,-23.36,-28.24,,14206.00871,15.64
2026-06-07 11:15:00+00:00,2026-06-07 13:15:00+02:00,2026-06-07,13,15,1,6,6,-10.91,-10.01,-26.45,,13926.05489,-0.9000000000000004
2026-06-07 11:30:00+00:00,2026-06-07 13:30:00+02:00,2026-06-07,13,30,2,6,6,-15.68,-40.11,-25.86,,13736.70422,24.43
2026-06-07 11:45:00+00:00,2026-06-07 13:45:00+02:00,2026-06-07,13,45,3,6,6,-19.79,-50.25,-25.189999999999998,,13613.41379,30.46
2026-06-07 12:00:00+00:00,2026-06-07 14:00:00+02:00,2026-06-07,14,0,0,6,6,-19.08,-24.78,-13.46,,13510.51256,5.700000000000003
2026-06-07 12:15:00+00:00,2026-06-07 14:15:00+02:00,2026-06-07,14,15,1,6,6,-18.67,-45.43,-26.16,,13418.5429,26.759999999999998
2026-06-07 12:30:00+00:00,2026-06-07 14:30:00+02:00,2026-06-07,14,30,2,6,6,-16.29,-44.45,-20.32,,13386.54193,28.160000000000004
2026-06-07 12:45:00+00:00,2026-06-07 14:45:00+02:00,2026-06-07,14,45,3,6,6,-15.53,-45.04,-17.669999999999998,,13363.0798,29.509999999999998
2026-06-07 13:00:00+00:00,2026-06-07 15:00:00+02:00,2026-06-07,15,0,0,6,6,-19.63,-50.07,-3.8500000000000014,,13497.73521,30.44
2026-06-07 13:15:00+00:00,2026-06-07 15:15:00+02:00,2026-06-07,15,15,1,6,6,-17.05,-24.59,-10.260000000000002,,13685.47721,7.539999999999999
2026-06-07 13:30:00+00:00,2026-06-07 15:30:00+02:00,2026-06-07,15,30,2,6,6,-11.0,-31.78,-17.17,,13979.80718,20.78
2026-06-07 13:45:00+00:00,2026-06-07 15:45:00+02:00,2026-06-07,15,45,3,6,6,-9.2,-23.87,-23.14,,14352.16238,14.670000000000002
2026-06-07 14:00:00+00:00,2026-06-07 16:00:00+02:00,2026-06-07,16,0,0,6,6,-9.56,-28.06,-18.03,,14827.27661,18.5
2026-06-07 14:15:00+00:00,2026-06-07 16:15:00+02:00,2026-06-07,16,15,1,6,6,-9.0,-8.4,-32.059999999999995,,15352.73093,-0.5999999999999996
2026-06-07 14:30:00+00:00,2026-06-07 16:30:00+02:00,2026-06-07,16,30,2,6,6,-2.1,-12.79,-36.53,,15796.65756,10.69
2026-06-07 14:45:00+00:00,2026-06-07 16:45:00+02:00,2026-06-07,16,45,3,6,6,-1.51,16.1,-27.15,,16321.66739,-17.610000000000003
2026-06-07 15:00:00+00:00,2026-06-07 17:00:00+02:00,2026-06-07,17,0,0,6,6,-2.07,-14.7,-16.409999999999997,,16647.96182,12.629999999999999
2026-06-07 15:15:00+00:00,2026-06-07 17:15:00+02:00,2026-06-07,17,15,1,6,6,-3.5,-1.0,-14.230000000000004,,16833.30475,-2.5
2026-06-07 15:30:00+00:00,2026-06-07 17:30:00+02:00,2026-06-07,17,30,2,6,6,3.61,18.89,-6.829999999999998,,16995.22244,-15.280000000000001
2026-06-07 15:45:00+00:00,2026-06-07 17:45:00+02:00,2026-06-07,17,45,3,6,6,13.0,16.55,-6.009999999999991,,17033.98246,-3.5500000000000007
2026-06-07 16:00:00+00:00,2026-06-07 18:00:00+02:00,2026-06-07,18,0,0,6,6,17.0,0.05,-12.049999999999997,,16964.33875,16.95
2026-06-07 16:15:00+00:00,2026-06-07 18:15:00+02:00,2026-06-07,18,15,1,6,6,42.94,21.29,-8.980000000000004,,16733.07863,21.65
2026-06-07 16:30:00+00:00,2026-06-07 18:30:00+02:00,2026-06-07,18,30,2,6,6,92.53,87.9,-13.470000000000013,,16207.55237,4.6299999999999955
2026-06-07 16:45:00+00:00,2026-06-07 18:45:00+02:00,2026-06-07,18,45,3,6,6,107.94,115.97,-9.019999999999996,,15487.52359,-8.030000000000001
2026-06-07 17:00:00+00:00,2026-06-07 19:00:00+02:00,2026-06-07,19,0,0,6,6,95.31,78.62,-11.150000000000006,,14735.78623,16.689999999999998
2026-06-07 17:15:00+00:00,2026-06-07 19:15:00+02:00,2026-06-07,19,15,1,6,6,114.8,107.43,-14.009999999999991,,13961.37736,7.36999999999999
2026-06-07 17:30:00+00:00,2026-06-07 19:30:00+02:00,2026-06-07,19,30,2,6,6,125.59,120.23,-25.189999999999998,,13184.94427,5.359999999999999
2026-06-07 17:45:00+00:00,2026-06-07 19:45:00+02:00,2026-06-07,19,45,3,6,6,129.4,148.12,-16.44999999999999,,12404.90684,-18.72
2026-06-07 18:00:00+00:00,2026-06-07 20:00:00+02:00,2026-06-07,20,0,0,6,6,127.81,99.75,-25.50999999999999,,11629.12967,28.060000000000002
2026-06-07 18:15:00+00:00,2026-06-07 20:15:00+02:00,2026-06-07,20,15,1,6,6,131.0,125.62,-30.0,,10974.92422,5.3799999999999955
2026-06-07 18:30:00+00:00,2026-06-07 20:30:00+02:00,2026-06-07,20,30,2,6,6,138.69,129.28,-21.97999999999999,,10259.1118,9.409999999999997
2026-06-07 18:45:00+00:00,2026-06-07 20:45:00+02:00,2026-06-07,20,45,3,6,6,142.99,135.06,-35.18000000000001,,9485.41215,7.930000000000007
2026-06-07 19:00:00+00:00,2026-06-07 21:00:00+02:00,2026-06-07,21,0,0,6,6,141.0,133.35,-36.93000000000001,,8709.45136,7.650000000000006
2026-06-07 19:15:00+00:00,2026-06-07 21:15:00+02:00,2026-06-07,21,15,1,6,6,141.65,135.01,-26.73999999999998,,8111.5027,6.640000000000015
2026-06-07 19:30:00+00:00,2026-06-07 21:30:00+02:00,2026-06-07,21,30,2,6,6,145.0,141.3,-17.15000000000002,,7605.82474,3.6999999999999886
2026-06-07 19:45:00+00:00,2026-06-07 21:45:00+02:00,2026-06-07,21,45,3,6,6,144.56,135.0,-26.89,,7149.46442,9.560000000000002
2026-06-07 20:00:00+00:00,2026-06-07 22:00:00+02:00,2026-06-07,22,0,0,6,6,149.92,145.7,-21.569999999999993,,6635.43859,4.219999999999999
2026-06-07 20:15:00+00:00,2026-06-07 22:15:00+02:00,2026-06-07,22,15,1,6,6,145.62,143.25,-20.66000000000001,,6358.84031,2.3700000000000045
2026-06-07 20:30:00+00:00,2026-06-07 22:30:00+02:00,2026-06-07,22,30,2,6,6,145.68,138.78,-15.599999999999994,,6092.46757,6.900000000000006
2026-06-07 20:45:00+00:00,2026-06-07 22:45:00+02:00,2026-06-07,22,45,3,6,6,142.5,136.6,-24.28,,5830.34503,5.900000000000006
2026-06-07 21:00:00+00:00,2026-06-07 23:00:00+02:00,2026-06-07,23,0,0,6,6,146.83,148.73,-17.189999999999998,,5563.44146,-1.8999999999999773
2026-06-07 21:15:00+00:00,2026-06-07 23:15:00+02:00,2026-06-07,23,15,1,6,6,142.81,137.92,-11.64,,5357.95713,4.890000000000015
2026-06-07 21:30:00+00:00,2026-06-07 23:30:00+02:00,2026-06-07,23,30,2,6,6,140.9,125.69,-9.08999999999999,,5152.25717,15.210000000000008
2026-06-07 21:45:00+00:00,2026-06-07 23:45:00+02:00,2026-06-07,23,45,3,6,6,137.0,139.25,-10.66000000000001,,4950.19575,-2.25
